occurrenceID,gbifID,especie,scientificName,family,genus,taxonRank,basisOfRecord,eventDate,year,decimalLongitude,decimalLatitude,coordinateUncertaintyInMeters,datasetKey,institutionCode,collectionCode,provincia_codigo,municipio_codigo,municipio,id_municipio,hex_id
006b77db-a84d-4ea6-b043-77030b95c67a,1927773417,Eugenia crenulata,Eugenia crenulata (Sw.) Willd.,Myrtaceae,Eugenia,SPECIES,PRESERVED_SPECIMEN,1989-08-18,1989,-71.22,19.38,NA,d415c253-4d61-4459-9d25-4015b9084fb0,NY,NY,26,03,MONCIÓN,042603,874c89734ffffff
0586a375-7931-43e0-8647-8678dfef5946,2270673692,Eugenia crenulata,Eugenia crenulata (Sw.) Willd.,Myrtaceae,Eugenia,SPECIES,PRESERVED_SPECIMEN,1989-08-18,1989,-71.2167,19.3833,NA,e05fd4c2-4d77-4c50-880e-1b22096af300,ASU,Plants,26,03,MONCIÓN,042603,874c8909bffffff
07c3ca9f-4c47-4443-9b59-795ad067be55,1927876651,Citharexylum spinosum,Citharexylum spinosum L.,Verbenaceae,Citharexylum,SPECIES,PRESERVED_SPECIMEN,1931-05-30,1931,-71.153907,19.41521,1631.57,d415c253-4d61-4459-9d25-4015b9084fb0,NY,NY,26,03,MONCIÓN,042603,874c8908cffffff
0a961671-2dd9-495f-bf91-0dad2461f939,1927917286,Bursera simaruba,Bursera simaruba (L.) Sarg.,Burseraceae,Bursera,SPECIES,PRESERVED_SPECIMEN,1929-11-05,1929,-71.15447,19.415248,1691.57,d415c253-4d61-4459-9d25-4015b9084fb0,NY,NY,26,03,MONCIÓN,042603,874c8908cffffff
0c7eede0-f663-43aa-811f-9e3395ad40ae,1927944666,Rhynchosia reticulata,Rhynchosia reticulata (Sw.) DC.,Fabaceae,Rhynchosia,SPECIES,PRESERVED_SPECIMEN,1982-03-03,1982,-71.23,19.375,NA,d415c253-4d61-4459-9d25-4015b9084fb0,NY,NY,26,03,MONCIÓN,042603,874c89734ffffff
0cb9b799-a36b-4c5e-93e3-48f2ebf8f7b4,1927947266,Doryopteris concolor,Doryopteris concolor (Langsd. & Fisch.) Kuhn,Pteridaceae,Doryopteris,SPECIES,PRESERVED_SPECIMEN,1987-06-10,1987,-71.22,19.375,NA,d415c253-4d61-4459-9d25-4015b9084fb0,NY,NY,26,03,MONCIÓN,042603,874c89734ffffff
0e311dab-32bc-4584-b08b-6f01f55a9323,1927968049,Tillandsia deppeana,Tillandsia paniculata Schltdl. & Cham.,Bromeliaceae,Tillandsia,SPECIES,PRESERVED_SPECIMEN,1982-03-03,1982,-71.17,19.4,NA,d415c253-4d61-4459-9d25-4015b9084fb0,NY,NY,26,03,MONCIÓN,042603,874c8908affffff
11638274-6263-4bde-8ac7-9a538b70094d,4598144308,Scleria lithosperma,Scleria lithosperma (L.) Sw.,Cyperaceae,Scleria,SPECIES,PRESERVED_SPECIMEN,2021-05-31,2021,-71.147,19.46492,NA,b89d52a2-861d-4388-adad-c0da3d55fc78,UF,,26,03,MONCIÓN,042603,874c890a1ffffff
1169b877-4e1c-46ff-8f76-c32688e5199c,4598146307,Hieronyma montana,Hieronyma montana Alain,Phyllanthaceae,Hieronyma,SPECIES,PRESERVED_SPECIMEN,2021-05-30,2021,-71.147,19.46492,NA,b89d52a2-861d-4388-adad-c0da3d55fc78,UF,,26,03,MONCIÓN,042603,874c890a1ffffff
11e7a93c-727d-4f30-94aa-01aa0de62637,1928021037,Wallenia laurifolia,Wallenia laurifolia (Jacq.) Sw.,Primulaceae,Wallenia,SPECIES,PRESERVED_SPECIMEN,1975-03-08/1975-03-09,1975,-71.15447,19.415248,1691.57,d415c253-4d61-4459-9d25-4015b9084fb0,NY,NY,26,03,MONCIÓN,042603,874c8908cffffff
13b10544-71d3-4763-a2af-7f057fe88de8,1928045340,Solanum americanum,Solanum americanum Mill.,Solanaceae,Solanum,SPECIES,PRESERVED_SPECIMEN,1930-05-25,1930,-71.15447,19.415248,1691.57,d415c253-4d61-4459-9d25-4015b9084fb0,NY,NY,26,03,MONCIÓN,042603,874c8908cffffff
14250ca3-3a9d-4f54-8328-5b516c99b8ad,4598146308,Melinis repens,Melinis repens (Willd.) Zizka,Poaceae,Melinis,SPECIES,PRESERVED_SPECIMEN,2022-04-22,2022,-71.16256,19.411572,NA,b89d52a2-861d-4388-adad-c0da3d55fc78,UF,,26,03,MONCIÓN,042603,874c8908effffff
14cda8d5-21d4-45f6-a48f-1fe8497a12cb,1928061204,Moeroris amara,Phyllanthus amarus Schumach. & Thonn.,Phyllanthaceae,Moeroris,SPECIES,PRESERVED_SPECIMEN,1933-07-20,1933,-71.15447,19.415248,1691.57,d415c253-4d61-4459-9d25-4015b9084fb0,NY,NY,26,03,MONCIÓN,042603,874c8908cffffff
157d4e75-2ee2-4209-99e4-9b1b8ade199d,1928071129,Abildgaardia ovata,Abildgaardia ovata (Burm.f.) Kral,Cyperaceae,Abildgaardia,SPECIES,PRESERVED_SPECIMEN,1929-06-28,1929,-71.15447,19.415248,1691.57,d415c253-4d61-4459-9d25-4015b9084fb0,NY,NY,26,03,MONCIÓN,042603,874c8908cffffff
16b4ebfa-8fc4-4ceb-a1ad-719a8aa570c7,1928087895,Monteverdia domingensis,Maytenus domingensis Krug & Urb.,Celastraceae,Monteverdia,SPECIES,PRESERVED_SPECIMEN,1982-02-19,1982,-71.17,19.4,NA,d415c253-4d61-4459-9d25-4015b9084fb0,NY,NY,26,03,MONCIÓN,042603,874c8908affffff
1736f9ad-1453-4935-8b8a-15cf3fc2f887,1928095100,Acalypha chamaedrifolia,Acalypha chamaedrifolia (Lam.) Müll.Arg.,Euphorbiaceae,Acalypha,SPECIES,PRESERVED_SPECIMEN,1929-05-20,1929,-71.15447,19.415248,1691.57,d415c253-4d61-4459-9d25-4015b9084fb0,NY,NY,26,03,MONCIÓN,042603,874c8908cffffff
17db980c-63c4-403d-881f-ac97fb336946,1928103761,Senna occidentalis,Senna occidentalis (L.) Link,Fabaceae,Senna,SPECIES,PRESERVED_SPECIMEN,1929-10-10,1929,-71.15447,19.415248,1691.57,d415c253-4d61-4459-9d25-4015b9084fb0,NY,NY,26,03,MONCIÓN,042603,874c8908cffffff
18420f57-28d1-4f74-92df-48574695f076,1928111417,Hibiscus rosa-sinensis,Hibiscus rosa-sinensis L.,Malvaceae,Hibiscus,SPECIES,PRESERVED_SPECIMEN,1929-11-10,1929,-71.153907,19.41521,1631.57,d415c253-4d61-4459-9d25-4015b9084fb0,NY,NY,26,03,MONCIÓN,042603,874c8908cffffff
19043a26-87ef-493b-83ed-30ec0f1e7146,1928120243,Tillandsia deppeana,Tillandsia paniculata Schltdl. & Cham.,Bromeliaceae,Tillandsia,SPECIES,PRESERVED_SPECIMEN,1982-03-03,1982,-71.17,19.4,NA,d415c253-4d61-4459-9d25-4015b9084fb0,NY,NY,26,03,MONCIÓN,042603,874c8908affffff
1abd7a36-2921-47b3-918d-0677b2385a34,1928146645,Solanum wendlandii,Solanum wendlandii Hook.fil.,Solanaceae,Solanum,SPECIES,PRESERVED_SPECIMEN,1933-04-22,1933,-71.15447,19.415248,1691.57,d415c253-4d61-4459-9d25-4015b9084fb0,NY,NY,26,03,MONCIÓN,042603,874c8908cffffff
1d7c97fe-2828-432d-811a-2172824fb47b,1928186915,Varronia haitiensis,Varronia haitiensis (Urb.) Borhidi,Cordiaceae,Varronia,SPECIES,PRESERVED_SPECIMEN,1975-03-08/1975-03-09,1975,-71.15447,19.415248,1691.57,d415c253-4d61-4459-9d25-4015b9084fb0,NY,NY,26,03,MONCIÓN,042603,874c8908cffffff
1d800eb2-d4fb-4d3b-8902-f23e09cd8120,1300843760,Cajanus cajan,Cajanus cajan (L.) Huth,Fabaceae,Cajanus,SPECIES,OCCURRENCE,1985-01-03,1985,-71.169998,19.42,NA,07044577-bd82-4089-9f3a-f4a9d2170b2e,Bioversity-SINGER,,26,03,MONCIÓN,042603,874c8908effffff
1dd4bac4-565f-42d9-bfae-c64053e483b0,1928192685,Indigofera tinctoria,Indigofera tinctoria L.,Fabaceae,Indigofera,SPECIES,PRESERVED_SPECIMEN,1984-10-04,1984,-71.17,19.4,NA,d415c253-4d61-4459-9d25-4015b9084fb0,NY,NY,26,03,MONCIÓN,042603,874c8908affffff
1edb8e75-9d0a-4ca4-aa41-8679457ed26c,1928206131,Psilotum nudum,Psilotum nudum (L.) P.Beauv.,Psilotaceae,Psilotum,SPECIES,PRESERVED_SPECIMEN,1985-07-15,1985,-71.23,19.37,NA,d415c253-4d61-4459-9d25-4015b9084fb0,NY,NY,26,03,MONCIÓN,042603,874c89730ffffff
200508ae-90ae-4a16-89f2-736a3603e786,2270468810,Eugenia axillaris,Eugenia axillaris (Sw.) Willd.,Myrtaceae,Eugenia,SPECIES,PRESERVED_SPECIMEN,1999-08-16,1999,-71.2,19.4167,NA,e05fd4c2-4d77-4c50-880e-1b22096af300,ASU,Plants,26,03,MONCIÓN,042603,874c8909cffffff
201B359A-808A-40A8-9EB7-D0E16D19E28B,122976508,Myrcianthes fragrans,Myrcianthes fragrans (Sw.) McVaugh,Myrtaceae,Myrcianthes,SPECIES,PRESERVED_SPECIMEN,1975-03-16,1975,-71.1667,19.4667,3036,832cb04e-f762-11e1-a439-00145eb45e9a,FTG,Herbarium,26,03,MONCIÓN,042603,874c890a3ffffff
22ae8f9d-f750-49be-8998-6041a292c152,1928259899,Pleopeltis polypodioides,Pleopeltis polypodioides (L.) E.G.Andrews & Windham,Polypodiaceae,Pleopeltis,SPECIES,PRESERVED_SPECIMEN,1983-05-23,1983,-71.17,19.4,NA,d415c253-4d61-4459-9d25-4015b9084fb0,NY,NY,26,03,MONCIÓN,042603,874c8908affffff
23bb5d87-96bd-4ad0-9354-a38fe6853383,1928275409,Zephyranthes plumieri,Zephyranthes plumieri H.H.Hume ex Moldenke,Amaryllidaceae,Zephyranthes,SPECIES,PRESERVED_SPECIMEN,1930-02-24,1930,-71.15377,19.415156,1611.57,d415c253-4d61-4459-9d25-4015b9084fb0,NY,NY,26,03,MONCIÓN,042603,874c8908cffffff
240e4682-d3a6-41d8-ae7e-dcbe323a40ec,1928279831,Phyla nodiflora,Phyla nodiflora (L.) Greene,Verbenaceae,Phyla,SPECIES,PRESERVED_SPECIMEN,1930-06-15,1930,-71.15377,19.415156,1611.57,d415c253-4d61-4459-9d25-4015b9084fb0,NY,NY,26,03,MONCIÓN,042603,874c8908cffffff
25065c42-d7f7-4280-94ba-ff19719050be,2270469169,Eugenia foetida,Eugenia foetida Pers.,Myrtaceae,Eugenia,SPECIES,PRESERVED_SPECIMEN,1999-08-16,1999,-71.2,19.4167,NA,e05fd4c2-4d77-4c50-880e-1b22096af300,ASU,Plants,26,03,MONCIÓN,042603,874c8909cffffff
269d3d0e-4227-4804-99f6-da26b8fc0484,2270676005,Eugenia monticola,Eugenia monticola (Sw.) DC.,Myrtaceae,Eugenia,SPECIES,PRESERVED_SPECIMEN,1987-06-10,1987,-71.2167,19.375,NA,e05fd4c2-4d77-4c50-880e-1b22096af300,ASU,Plants,26,03,MONCIÓN,042603,874c89734ffffff
2784310,2998583524,Tillandsia paniculata,Tillandsia paniculata (L.) L.,Bromeliaceae,Tillandsia,SPECIES,PRESERVED_SPECIMEN,1929-07-01,1929,-71.17,19.42,NA,ebed4456-76d2-408c-8467-fd66be066521,K,K,26,03,MONCIÓN,042603,874c8908effffff
27e69159-d5c5-42d0-bcd8-39f958f42272,1928333366,Pseudelephantopus spicatus,Pseudelephantopus spicatus (Juss. ex Aubl.) Rohr,Asteraceae,Pseudelephantopus,SPECIES,PRESERVED_SPECIMEN,1982-03-03,1982,-71.23,19.375,NA,d415c253-4d61-4459-9d25-4015b9084fb0,NY,NY,26,03,MONCIÓN,042603,874c89734ffffff
27f78b12-9d3d-4065-9a8c-d23f9f166bcf,1928334513,Pinochia corymbosa,Pinochia corymbosa (Jacq.) M.E.Endress & B.F.Hansen,Apocynaceae,Pinochia,SPECIES,PRESERVED_SPECIMEN,1982-03-03,1982,-71.17,19.4,NA,d415c253-4d61-4459-9d25-4015b9084fb0,NY,NY,26,03,MONCIÓN,042603,874c8908affffff
28b7eb99-9c6e-4fda-a42d-6752f8bf7891,1928345244,Eugenia isabeliana,Eugenia isabeliana Kiaersk.,Myrtaceae,Eugenia,SPECIES,PRESERVED_SPECIMEN,1929-06-28,1929,-71.15447,19.415248,1691.57,d415c253-4d61-4459-9d25-4015b9084fb0,NY,NY,26,03,MONCIÓN,042603,874c8908cffffff
28bb64ad-3f0b-423a-970e-dbafc4dadd01,1928344757,Scleria ciliata,Scleria ciliata Michx.,Cyperaceae,Scleria,SPECIES,PRESERVED_SPECIMEN,1929-05-30,1929,-71.15447,19.415248,1691.57,d415c253-4d61-4459-9d25-4015b9084fb0,NY,NY,26,03,MONCIÓN,042603,874c8908cffffff
29a438f5-a0eb-4e69-acaa-3e75d57ef9e1,2435326018,Fimbristylis dichotoma,Fimbristylis dichotoma (L.) Vahl,Cyperaceae,Fimbristylis,SPECIES,PRESERVED_SPECIMEN,,NA,-71.216667,19.383333,NA,4ce8e3f9-2546-4af1-b28d-e2eadf05dfd4,MEL,MEL,26,03,MONCIÓN,042603,874c8909bffffff
2c08ddef-b584-4af8-849e-6ef5f0798587,1928392392,Senna pendula,Senna pendula var. advena (Willd. ex Vogel) H.S.Irwin & Barneby,Fabaceae,Senna,VARIETY,PRESERVED_SPECIMEN,1930-12-09,1930,-71.166917,19.416291,NA,d415c253-4d61-4459-9d25-4015b9084fb0,NY,NY,26,03,MONCIÓN,042603,874c8908effffff
2c3ba6bc-3d82-46e2-a5e8-cf2d8ae5e590,1847924669,Stachytarpheta urticifolia,Stachytarpheta urticifolia (Salisb.) Sims,Verbenaceae,Stachytarpheta,SPECIES,PRESERVED_SPECIMEN,1929-10-13,1929,-71.152574,19.410835,3036,90c853e6-56bd-480b-8e8f-6285c3f8d42b,F,Botany,26,03,MONCIÓN,042603,874c89088ffffff
2e53fea2-0f47-4407-adda-3e217054b671,1928425429,Tillandsia recurvata,Tillandsia recurvata (L.) L.,Bromeliaceae,Tillandsia,SPECIES,PRESERVED_SPECIMEN,1982-03-03,1982,-71.23,19.375,NA,d415c253-4d61-4459-9d25-4015b9084fb0,NY,NY,26,03,MONCIÓN,042603,874c89734ffffff
2e6bac92-17d4-4fc9-87d4-b3f56696edf3,1928425198,Crotalaria incana,Crotalaria incana L.,Fabaceae,Crotalaria,SPECIES,PRESERVED_SPECIMEN,1930-06-03,1930,-71.153907,19.41521,1631.57,d415c253-4d61-4459-9d25-4015b9084fb0,NY,NY,26,03,MONCIÓN,042603,874c8908cffffff
2f1f893b-33a4-4d72-9aab-4b7476fcacea,1928435581,Melpomene melanosticta,Melpomene melanosticta (Kunze) A.R.Sm. & R.C.Moran,Polypodiaceae,Melpomene,SPECIES,PRESERVED_SPECIMEN,1929-06-04,1929,-71.15447,19.415248,1691.57,d415c253-4d61-4459-9d25-4015b9084fb0,NY,NY,26,03,MONCIÓN,042603,874c8908cffffff
2f1fa2ca-f388-4135-8865-ce6305f0a986,4598144321,Randia erythrocarpa,Randia erythrocarpa Krug & Urb.,Rubiaceae,Randia,SPECIES,PRESERVED_SPECIMEN,2021-05-30,2021,-71.147,19.46492,NA,b89d52a2-861d-4388-adad-c0da3d55fc78,UF,,26,03,MONCIÓN,042603,874c890a1ffffff
2fad18ce-7617-4f1d-8d06-4bdb353fe612,1928444080,Myrcia depressa,Calyptranthes depressa Urb.,Myrtaceae,Myrcia,SPECIES,PRESERVED_SPECIMEN,1929-06-01,1929,-71.15447,19.415248,1691.57,d415c253-4d61-4459-9d25-4015b9084fb0,NY,NY,26,03,MONCIÓN,042603,874c8908cffffff
32BBAECC-7761-4458-8F25-58C982A8342B,122966838,Lantana horrida,Lantana subcordata Urb.,Verbenaceae,Lantana,SPECIES,PRESERVED_SPECIMEN,1983-02-19,1983,-71.1667,19.3833,NA,832cb04e-f762-11e1-a439-00145eb45e9a,FTG,Herbarium,26,03,MONCIÓN,042603,874c89724ffffff
3500a88e-2ca0-4478-9360-5d916b654650,4079748175,Pimenta racemosa,Pimenta racemosa var. ozua (Urb. & Ekman) Landrum,Myrtaceae,Pimenta,VARIETY,PRESERVED_SPECIMEN,1977-06-11,1977,-71.155139,19.415181,1513,3b040a48-deae-485c-95b1-2ac80b7fdc54,IIBZ,USD,26,03,MONCIÓN,042603,874c8908cffffff
368444f4-c5d0-43f6-a822-b9f0be38394f,5106970328,Eugenia monticola,Eugenia monticola (Sw.) DC.,Myrtaceae,Eugenia,SPECIES,PRESERVED_SPECIMEN,2021-06-01,2021,-71.20952,19.3968,NA,b89d52a2-861d-4388-adad-c0da3d55fc78,UF,,26,03,MONCIÓN,042603,874c89098ffffff
36bf8b3b-0213-4118-afe4-83fa5dcbc7cd,1928542553,Croton eluteria,Croton cascarilla (L.) L.,Euphorbiaceae,Croton,SPECIES,PRESERVED_SPECIMEN,1930-03-06,1930,-71.153907,19.41521,1631.57,d415c253-4d61-4459-9d25-4015b9084fb0,NY,NY,26,03,MONCIÓN,042603,874c8908cffffff
36d6ee16-f75a-4f73-8f42-68abb3d3b171,1928545072,Tillandsia balbisiana,Tillandsia balbisiana Schult. & Schult.f.,Bromeliaceae,Tillandsia,SPECIES,PRESERVED_SPECIMEN,1982-03-03,1982,-71.23,19.375,NA,d415c253-4d61-4459-9d25-4015b9084fb0,NY,NY,26,03,MONCIÓN,042603,874c89734ffffff
393f15e3-c2f8-416b-a629-1dae9b40f075,1928577906,Anemia underwoodiana,Anemia underwoodiana Maxon,Anemiaceae,Anemia,SPECIES,PRESERVED_SPECIMEN,1982-03-03,1982,-71.23,19.375,NA,d415c253-4d61-4459-9d25-4015b9084fb0,NY,NY,26,03,MONCIÓN,042603,874c89734ffffff
3964aa33b5b2619f67aed9aea0e5e987,2629654545,Exostema parviflorum,Exostema parviflorum A.Rich. ex Humb. & Bonpl.,Rubiaceae,Exostema,SPECIES,PRESERVED_SPECIMEN,1992-05-30,1992,-71.2,19.393611,NA,98c51784-da02-4f0e-81a4-f3635cb3cba7,INECOL,XAL,26,03,MONCIÓN,042603,874c89098ffffff
398534e0-0011-45a9-b222-62af6d80ace3,4598144322,Boerhavia erecta,Boerhavia erecta L.,Nyctaginaceae,Boerhavia,SPECIES,PRESERVED_SPECIMEN,2022-04-22,2022,-71.16256,19.411572,NA,b89d52a2-861d-4388-adad-c0da3d55fc78,UF,,26,03,MONCIÓN,042603,874c8908effffff
3b40debc-0246-4987-931b-6c0f40ced68b,1928606356,Doryopteris pedata,Doryopteris pedata (L.) Fée,Pteridaceae,Doryopteris,SPECIES,PRESERVED_SPECIMEN,1983-05-23,1983,-71.17,19.4,NA,d415c253-4d61-4459-9d25-4015b9084fb0,NY,NY,26,03,MONCIÓN,042603,874c8908affffff
408F9C5F-4E74-4D3D-AB06-004A557E54F1,1503210739,Pinochia corymbosa,Forsteronia corymbosa (Jacq.) G.Mey.,Apocynaceae,Pinochia,SPECIES,PRESERVED_SPECIMEN,1982-03-03,1982,-71.1667,19.4,NA,af1b4db0-c8ce-4a95-b700-8a6a02bed9d6,USF,Herb,26,03,MONCIÓN,042603,874c8908affffff
4208b6aa-b2d5-4839-94d4-fbadbaad59e3,1928701770,Corchorus hirsutus,Corchorus hirsutus L.,Malvaceae,Corchorus,SPECIES,PRESERVED_SPECIMEN,1982-03-03,1982,-71.23,19.375,NA,d415c253-4d61-4459-9d25-4015b9084fb0,NY,NY,26,03,MONCIÓN,042603,874c89734ffffff
426a921a-1319-41f0-8add-de53d36e480e,1057374425,Lellingeria apiculata,Ctenopteris apiculata (Kunze ex Klotzsch) Copel.,Polypodiaceae,Lellingeria,SPECIES,PRESERVED_SPECIMEN,1929-06-11,1929,-71.160672,19.406944,NA,7e380070-f762-11e1-a439-00145eb45e9a,NHMUK,BOT,26,03,MONCIÓN,042603,874c8908effffff
43ef1bc7-ff27-4774-bbbd-4972b6f4c718,4598144332,Cordia L.,Cordia L.,Cordiaceae,Cordia,GENUS,PRESERVED_SPECIMEN,2021-06-01,2021,-71.20952,19.3968,NA,b89d52a2-861d-4388-adad-c0da3d55fc78,UF,,26,03,MONCIÓN,042603,874c89098ffffff
44ca8001-497a-442c-9227-fc855feca90a,4598146328,Argythamnia candicans,Argythamnia candicans Sw.,Euphorbiaceae,Argythamnia,SPECIES,PRESERVED_SPECIMEN,2021-05-30,2021,-71.147,19.46492,NA,b89d52a2-861d-4388-adad-c0da3d55fc78,UF,,26,03,MONCIÓN,042603,874c890a1ffffff
45c15b3c-53a7-44a1-9edd-db478c6668b9,1928754794,Pictetia sulcata,Pictetia sulcata (P.Beauv.) Beyra & Lavin,Fabaceae,Pictetia,SPECIES,PRESERVED_SPECIMEN,1929-06-28,1929,-71.15447,19.415248,1691.57,d415c253-4d61-4459-9d25-4015b9084fb0,NY,NY,26,03,MONCIÓN,042603,874c8908cffffff
472AE861-5F82-4C94-9481-055D12393C96,122976504,Myrcia splendens,Myrcia splendens (Sw.) DC.,Myrtaceae,Myrcia,SPECIES,PRESERVED_SPECIMEN,1975-03-16,1975,-71.1526,19.4108,3036,832cb04e-f762-11e1-a439-00145eb45e9a,FTG,Herbarium,26,03,MONCIÓN,042603,874c89088ffffff
47dd98db-f3de-4233-a03b-a2fe85bef875,1928785353,Synedrella nodiflora,Synedrella nodiflora (L.) Gaertn.,Asteraceae,Synedrella,SPECIES,PRESERVED_SPECIMEN,1933-07-07,1933,-71.15447,19.415248,1691.57,d415c253-4d61-4459-9d25-4015b9084fb0,NY,NY,26,03,MONCIÓN,042603,874c8908cffffff
49e01e35-727e-41c4-a2cd-9cd21aa69144,1928812661,Cereus jamacaru,Cereus jamacaru DC.,Cactaceae,Cereus,SPECIES,PRESERVED_SPECIMEN,1929-03-28,1929,-71.15447,19.415248,1691.57,d415c253-4d61-4459-9d25-4015b9084fb0,NY,NY,26,03,MONCIÓN,042603,874c8908cffffff
4b176289-186a-41da-b4f0-695efc1ecd4c,1928829702,Clusia L.,Clusia L.,Clusiaceae,Clusia,GENUS,PRESERVED_SPECIMEN,1983-05-23,1983,-71.17,19.4,NA,d415c253-4d61-4459-9d25-4015b9084fb0,NY,NY,26,03,MONCIÓN,042603,874c8908affffff
4b85f6c9-ee96-40d5-b776-4df1f6a30e15,1928836398,Hibiscus rosa-sinensis,Hibiscus rosa-sinensis L.,Malvaceae,Hibiscus,SPECIES,PRESERVED_SPECIMEN,1930-10-10,1930,-71.15447,19.415248,1691.57,d415c253-4d61-4459-9d25-4015b9084fb0,NY,NY,26,03,MONCIÓN,042603,874c8908cffffff
4bd61b14-7dd4-4dd0-93ae-06df7ecd7c56,4994660344,Eleutheranthera ruderalis,Eleutheranthera ruderalis (Sw.) Sch.Bip.,Asteraceae,Eleutheranthera,SPECIES,PRESERVED_SPECIMEN,2022-04-22,2022,-71.16256,19.411572,NA,b89d52a2-861d-4388-adad-c0da3d55fc78,UF,,26,03,MONCIÓN,042603,874c8908effffff
4bda725f-37ae-42a1-bb62-59cbc251932f,1928840750,Pimenta racemosa,Pimenta racemosa var. ozua (Urb. & Ekman) Landrum,Myrtaceae,Pimenta,VARIETY,PRESERVED_SPECIMEN,1987-03-31,1987,-71.22,19.4,NA,d415c253-4d61-4459-9d25-4015b9084fb0,NY,NY,26,03,MONCIÓN,042603,874c8909affffff
4eda604f-a0b0-47fe-a1a1-38b69c3d7eff,1928883051,Lantana leonardorum,Lantana leonardorum Moldenke,Verbenaceae,Lantana,SPECIES,PRESERVED_SPECIMEN,1983-05-23,1983,-71.17,19.4,NA,d415c253-4d61-4459-9d25-4015b9084fb0,NY,NY,26,03,MONCIÓN,042603,874c8908affffff
4ffdca78-2dfd-4ba5-bd46-b557fd243bf6,1928898850,Uniola virgata,Uniola virgata (Poir.) Griseb.,Poaceae,Uniola,SPECIES,PRESERVED_SPECIMEN,1930-03,1930,-71.153907,19.41521,1631.57,d415c253-4d61-4459-9d25-4015b9084fb0,NY,NY,26,03,MONCIÓN,042603,874c8908cffffff
50e45950-8396-41ec-9757-c06de98b4151,1928912368,Glandularia aristigera,Glandularia aristigera (S.Moore) Tronc.,Verbenaceae,Glandularia,SPECIES,PRESERVED_SPECIMEN,1930-06-16,1930,-71.15377,19.415156,1611.57,d415c253-4d61-4459-9d25-4015b9084fb0,NY,NY,26,03,MONCIÓN,042603,874c8908cffffff
51d1b248-760d-424f-9d6f-d0ff4a7ddc97,1928924775,Varronia haitiensis,Varronia haitiensis (Urb.) Borhidi,Cordiaceae,Varronia,SPECIES,PRESERVED_SPECIMEN,1982-03-03,1982,-71.25,19.37,NA,d415c253-4d61-4459-9d25-4015b9084fb0,NY,NY,26,03,MONCIÓN,042603,874c89736ffffff
535B4788-27F9-4B22-98A8-500FAA9F0242,153274253,Myrcia depressa,Calyptranthes depressa Urb.,Myrtaceae,Myrcia,SPECIES,PRESERVED_SPECIMEN,1975-03-16,1975,-71.1526,19.4108,3036,832cb04e-f762-11e1-a439-00145eb45e9a,FTG,Herbarium,26,03,MONCIÓN,042603,874c89088ffffff
597542d2-8af9-48a5-9b20-d1de98e44c05,5829830401,Hyparrhenia hirta,Hyparrhenia hirta (L.) Stapf,Poaceae,Hyparrhenia,SPECIES,PRESERVED_SPECIMEN,2021-06-01,2021,-71.20351,19.39845,NA,b89d52a2-861d-4388-adad-c0da3d55fc78,UF,,26,03,MONCIÓN,042603,874c89098ffffff
5977d5c0-857f-4b43-b084-1fd67b2ff909,1300843736,Cajanus cajan,Cajanus cajan (L.) Huth,Fabaceae,Cajanus,SPECIES,OCCURRENCE,1985-01-05,1985,-71.169998,19.42,NA,07044577-bd82-4089-9f3a-f4a9d2170b2e,Bioversity-SINGER,,26,03,MONCIÓN,042603,874c8908effffff
5a33acd1-c390-44d6-9854-542a884b4ac5,1929043761,Doryopteris pedata,Doryopteris pedata (L.) Fée,Pteridaceae,Doryopteris,SPECIES,PRESERVED_SPECIMEN,1985-07-15,1985,-71.23,19.37,NA,d415c253-4d61-4459-9d25-4015b9084fb0,NY,NY,26,03,MONCIÓN,042603,874c89730ffffff
5a9c32c0-4316-4b7b-b603-c18a13e4097d,4598145337,Exostema nitens,Exostema nitens Urb.,Rubiaceae,Exostema,SPECIES,PRESERVED_SPECIMEN,2021-06-01,2021,-71.20952,19.3968,NA,b89d52a2-861d-4388-adad-c0da3d55fc78,UF,,26,03,MONCIÓN,042603,874c89098ffffff
5b68f35c-84a0-4841-9b58-12501f056e3d,1929060250,Jacquemontia tamnifolia,Jacquemontia tamnifolia (L.) Griseb.,Convolvulaceae,Jacquemontia,SPECIES,PRESERVED_SPECIMEN,1929-05-30,1929,-71.15447,19.415248,1691.57,d415c253-4d61-4459-9d25-4015b9084fb0,NY,NY,26,03,MONCIÓN,042603,874c8908cffffff
631E0B69-378F-4B16-8DDA-416CA7C3B4CC,1503276606,Doryopteris pedata,Doryopteris pedata (L.) Fée,Pteridaceae,Doryopteris,SPECIES,PRESERVED_SPECIMEN,1987-06-10,1987,-71.2167,19.375,NA,af1b4db0-c8ce-4a95-b700-8a6a02bed9d6,USF,Herb,26,03,MONCIÓN,042603,874c89734ffffff
63ea1061-49e4-4290-8a84-e011601cd7f4,1929180343,Byrsonima crassifolia,Byrsonima crassifolia (L.) Kunth,Malpighiaceae,Byrsonima,SPECIES,PRESERVED_SPECIMEN,1929-05-24,1929,-71.15447,19.415248,1691.57,d415c253-4d61-4459-9d25-4015b9084fb0,NY,NY,26,03,MONCIÓN,042603,874c8908cffffff
644BB27F-D02E-451A-AA23-F89A92078E0C,122966841,Lantana montevidensis,Lantana montevidensis (Spreng.) Briq.,Verbenaceae,Lantana,SPECIES,PRESERVED_SPECIMEN,1983-02-19,1983,-71.1667,19.3833,NA,832cb04e-f762-11e1-a439-00145eb45e9a,FTG,Herbarium,26,03,MONCIÓN,042603,874c89724ffffff
6540a3a5-392e-4e07-a8cb-1c5a0c818687,1929199116,Miconia acuminoides,Mecranium acuminatum (DC.) Skean,Melastomataceae,Miconia,SPECIES,PRESERVED_SPECIMEN,2006-06-13,2006,-71.21514,19.39081,NA,d415c253-4d61-4459-9d25-4015b9084fb0,NY,NY,26,03,MONCIÓN,042603,874c8909bffffff
69b531b9-8abb-45d0-8674-7ca0bb5d1cff,1929261783,Sida cordifolia,Sida cordifolia L.,Malvaceae,Sida,SPECIES,PRESERVED_SPECIMEN,1929-10-14,1929,-71.153907,19.41521,1631.57,d415c253-4d61-4459-9d25-4015b9084fb0,NY,NY,26,03,MONCIÓN,042603,874c8908cffffff
69d51f8b-f18b-4c5b-b56b-992e5ff3d59e,1929264156,Tillandsia schiedeana,Tillandsia schiedeana Steud.,Bromeliaceae,Tillandsia,SPECIES,PRESERVED_SPECIMEN,1985-07-15,1985,-71.23,19.37,NA,d415c253-4d61-4459-9d25-4015b9084fb0,NY,NY,26,03,MONCIÓN,042603,874c89730ffffff
6a53b4f0-1c62-433f-93bd-5ba0544d616c,1929270748,Pimenta racemosa,Pimenta racemosa var. ozua (Urb. & Ekman) Landrum,Myrtaceae,Pimenta,VARIETY,PRESERVED_SPECIMEN,1977-09,1977,-71.15447,19.415248,1691.57,d415c253-4d61-4459-9d25-4015b9084fb0,NY,NY,26,03,MONCIÓN,042603,874c8908cffffff
6ab5c751-eb1c-47d3-aaca-d65a24a9780b,4598145344,Randia erythrocarpa,Randia erythrocarpa Krug & Urb.,Rubiaceae,Randia,SPECIES,PRESERVED_SPECIMEN,2021-05-30,2021,-71.147,19.46492,NA,b89d52a2-861d-4388-adad-c0da3d55fc78,UF,,26,03,MONCIÓN,042603,874c890a1ffffff
6b47af30-9fbc-4a32-a96c-115430b032a4,4079747882,Zornia microphylla,Zornia microphylla Desv.,Fabaceae,Zornia,SPECIES,PRESERVED_SPECIMEN,1954-08-20,1954,-71.155139,19.415181,1513,3b040a48-deae-485c-95b1-2ac80b7fdc54,IIBZ,USD,26,03,MONCIÓN,042603,874c8908cffffff
6c8039df-f28a-4d32-a4b1-fdd6a3702e27,1929301152,Thuidium tomentosum,Thuidium tomentosum Schimp. ex Besch.,Thuidiaceae,Thuidium,SPECIES,PRESERVED_SPECIMEN,1992-05-30,1992,-71.25,19.33,NA,d415c253-4d61-4459-9d25-4015b9084fb0,NY,NY,26,03,MONCIÓN,042603,874c89714ffffff
6d25e7d7-2747-4d73-ac0f-658d6b96e869,1929310768,Pimenta racemosa,Pimenta racemosa var. ozua (Urb. & Ekman) Landrum,Myrtaceae,Pimenta,VARIETY,PRESERVED_SPECIMEN,1929-05-26,1929,-71.15447,19.415248,1691.57,d415c253-4d61-4459-9d25-4015b9084fb0,NY,NY,26,03,MONCIÓN,042603,874c8908cffffff
6e44a24f-2432-435d-ad4a-e4641a937079,1929325721,Dendrophthora flagelliformis,Dendrophthora flagelliformis (Desc.) Krug & Urb.,Viscaceae,Dendrophthora,SPECIES,PRESERVED_SPECIMEN,1969-10-16,1969,-71.15377,19.415156,1611.57,d415c253-4d61-4459-9d25-4015b9084fb0,NY,NY,26,03,MONCIÓN,042603,874c8908cffffff
6ebdfeeb-2a7e-4ddc-b687-733f04849af9,1929333613,Anemia hirsuta,Anemia hirsuta (L.) Sw.,Anemiaceae,Anemia,SPECIES,PRESERVED_SPECIMEN,1982-03-03,1982,-71.23,19.375,NA,d415c253-4d61-4459-9d25-4015b9084fb0,NY,NY,26,03,MONCIÓN,042603,874c89734ffffff
6ebf1589-67f7-4168-9e65-9e63a97deff5,1929332802,Psychilis cogniauxii,Psychilis cogniauxii (L.O.Williams) Sauleda,Orchidaceae,Psychilis,SPECIES,PRESERVED_SPECIMEN,1930-08-11,1930,-71.15447,19.415248,1691.57,d415c253-4d61-4459-9d25-4015b9084fb0,NY,NY,26,03,MONCIÓN,042603,874c8908cffffff
6f8d8245-9486-4020-9d83-70d00fad01c1,4598144349,Canella winterana,Canella winterana (L.) Gaertn.,Canellaceae,Canella,SPECIES,PRESERVED_SPECIMEN,2021-05-31,2021,-71.147,19.46492,NA,b89d52a2-861d-4388-adad-c0da3d55fc78,UF,,26,03,MONCIÓN,042603,874c890a1ffffff
7259d4a5-6043-4ce2-9604-05984259ba7a,4598143347,Simarouba glauca,Simarouba glauca DC.,Simaroubaceae,Simarouba,SPECIES,PRESERVED_SPECIMEN,2022-04-23,2022,-71.250274,19.364692,NA,b89d52a2-861d-4388-adad-c0da3d55fc78,UF,,26,03,MONCIÓN,042603,874c89732ffffff
7320226b-a201-4a78-b585-c0432f98f376,1300843744,Cajanus cajan,Cajanus cajan (L.) Huth,Fabaceae,Cajanus,SPECIES,OCCURRENCE,1985-01-03,1985,-71.169998,19.42,NA,07044577-bd82-4089-9f3a-f4a9d2170b2e,Bioversity-SINGER,,26,03,MONCIÓN,042603,874c8908effffff
7336a6dd-32ec-4871-9502-8e3445994070,4142989689,Exostema parviflorum,Exostema elegans Krug & Urb.,Rubiaceae,Exostema,SPECIES,PRESERVED_SPECIMEN,1985-07-15,1985,-71.233333,19.375,NA,b89d52a2-861d-4388-adad-c0da3d55fc78,UF,,26,03,MONCIÓN,042603,874c89734ffffff
7399939e-e6ad-4019-b5d1-55afcf68a55b,5106970363,Croton origanifolius,Croton origanifolius Lam.,Euphorbiaceae,Croton,SPECIES,PRESERVED_SPECIMEN,2021-05-31,2021,-71.147,19.46492,NA,b89d52a2-861d-4388-adad-c0da3d55fc78,UF,,26,03,MONCIÓN,042603,874c890a1ffffff
73ae769a-2f87-450c-a7a9-182b326558d8,1929402138,Pictetia sulcata,Pictetia sulcata (P.Beauv.) Beyra & Lavin,Fabaceae,Pictetia,SPECIES,PRESERVED_SPECIMEN,1984-10-04,1984,-71.17,19.4,NA,d415c253-4d61-4459-9d25-4015b9084fb0,NY,NY,26,03,MONCIÓN,042603,874c8908affffff
753d14b4-3d94-482b-9ce9-004133e8b6d4,4598145350,Scleria lithosperma,Scleria lithosperma (L.) Sw.,Cyperaceae,Scleria,SPECIES,PRESERVED_SPECIMEN,2021-05-31,2021,-71.147,19.46492,NA,b89d52a2-861d-4388-adad-c0da3d55fc78,UF,,26,03,MONCIÓN,042603,874c890a1ffffff
773310fc-cd01-45a0-8516-4e8b2c95b5b8,1055477046,Badiera penaea,Polygala penaea L.,Polygalaceae,Badiera,SPECIES,PRESERVED_SPECIMEN,1931-09-20,1931,-71.160672,19.406944,NA,7e380070-f762-11e1-a439-00145eb45e9a,NHMUK,BOT,26,03,MONCIÓN,042603,874c8908effffff
77ba421f-7e78-45ab-a567-4ab3eb2fe865,1929459394,Suberanthus hincheanus,Suberanthus hincheanus (Urb. & Ekman) Borhidi,Rubiaceae,Suberanthus,SPECIES,PRESERVED_SPECIMEN,1933-07-07,1933,-71.15447,19.415248,1691.57,d415c253-4d61-4459-9d25-4015b9084fb0,NY,NY,26,03,MONCIÓN,042603,874c8908cffffff
786ddc68-a30a-42cd-a5c4-e350c999bb9d,2270466868,Eugenia P.Micheli ex L.,Eugenia P.Micheli ex L.,Myrtaceae,Eugenia,GENUS,PRESERVED_SPECIMEN,1983-05-23,1983,-71.1667,19.4,NA,e05fd4c2-4d77-4c50-880e-1b22096af300,ASU,Plants,26,03,MONCIÓN,042603,874c8908affffff
7ee48a0e-6432-4198-89de-b13108ef8738,1929560252,Anacardium occidentale,Anacardium occidentale L.,Anacardiaceae,Anacardium,SPECIES,PRESERVED_SPECIMEN,1930-02-25,1930,-71.153907,19.41521,1631.57,d415c253-4d61-4459-9d25-4015b9084fb0,NY,NY,26,03,MONCIÓN,042603,874c8908cffffff
7f8c480c-9e2c-4afc-a0e8-49dad3f8eb3f,1929569085,Psychilis atropurpurea,Psychilis atropurpurea (Willd.) Sauleda,Orchidaceae,Psychilis,SPECIES,PRESERVED_SPECIMEN,1929-10-23,1929,-71.15447,19.415248,1691.57,d415c253-4d61-4459-9d25-4015b9084fb0,NY,NY,26,03,MONCIÓN,042603,874c8908cffffff
82267acc-0f05-4d8a-a5c3-57f9b202d38a,1929606450,Cantinoa americana,Hyptis americana (Aubl.) Urb.,Lamiaceae,Cantinoa,SPECIES,PRESERVED_SPECIMEN,1983-05-23,1983,-71.17,19.4,NA,d415c253-4d61-4459-9d25-4015b9084fb0,NY,NY,26,03,MONCIÓN,042603,874c8908affffff
822dfb7d-8258-4d8a-a974-b65442aa4e54,1929606988,Calotropis procera,Calotropis procera (Aiton) W.T.Aiton,Apocynaceae,Calotropis,SPECIES,PRESERVED_SPECIMEN,1929,1929,-71.153907,19.41521,1631.57,d415c253-4d61-4459-9d25-4015b9084fb0,NY,NY,26,03,MONCIÓN,042603,874c8908cffffff
82674688-d249-43fd-a254-62c22fcae294,1300843748,Cajanus cajan,Cajanus cajan (L.) Huth,Fabaceae,Cajanus,SPECIES,OCCURRENCE,1985-01-05,1985,-71.169998,19.42,NA,07044577-bd82-4089-9f3a-f4a9d2170b2e,Bioversity-SINGER,,26,03,MONCIÓN,042603,874c8908effffff
862f88c1-80e6-4f00-942c-57e18b863be1,1929662845,Euphorbia berteroana,Euphorbia berteroana Balb. ex Spreng.,Euphorbiaceae,Euphorbia,SPECIES,PRESERVED_SPECIMEN,1977-10-21,1977,-71.15377,19.415156,1611.57,d415c253-4d61-4459-9d25-4015b9084fb0,NY,NY,26,03,MONCIÓN,042603,874c8908cffffff
88cead85-a980-4928-a4b9-8e7ed6998b80,1929701282,Heteropogon contortus,Heteropogon contortus (L.) P.Beauv. ex Roem. & Schult.,Poaceae,Heteropogon,SPECIES,PRESERVED_SPECIMEN,1929-05-30,1929,-71.15447,19.415248,1691.57,d415c253-4d61-4459-9d25-4015b9084fb0,NY,NY,26,03,MONCIÓN,042603,874c8908cffffff
8da4893e-c1b7-4b93-90bc-c593ca942458,1929768072,Lonchocarpus longipes,Lonchocarpus longipes Urb. & Ekman,Fabaceae,Lonchocarpus,SPECIES,PRESERVED_SPECIMEN,1985-07-15,1985,-71.23,19.375,NA,d415c253-4d61-4459-9d25-4015b9084fb0,NY,NY,26,03,MONCIÓN,042603,874c89734ffffff
8eec1e45-3caf-479f-86d0-f7a97c4574b9,1300843774,Cajanus cajan,Cajanus cajan (L.) Huth,Fabaceae,Cajanus,SPECIES,OCCURRENCE,1985-01-05,1985,-71.169998,19.42,NA,07044577-bd82-4089-9f3a-f4a9d2170b2e,Bioversity-SINGER,,26,03,MONCIÓN,042603,874c8908effffff
8f586a54-4c51-44ab-9bae-20573fd80b72,1929791933,Euphorbia adenoptera,Euphorbia adenoptera subsp. adenoptera,Euphorbiaceae,Euphorbia,SUBSPECIES,PRESERVED_SPECIMEN,1930-06-09,1930,-71.15377,19.415156,1611.57,d415c253-4d61-4459-9d25-4015b9084fb0,NY,NY,26,03,MONCIÓN,042603,874c8908cffffff
8f7a1939-1217-45d0-ad2d-84087a61ff66,1929794010,Miconia longicollis,Miconia longicollis (Urb. & Cogn.) Judd & Becquer,Melastomataceae,Miconia,SPECIES,PRESERVED_SPECIMEN,1929-05-25,1929,-71.15447,19.415248,1691.57,d415c253-4d61-4459-9d25-4015b9084fb0,NY,NY,26,03,MONCIÓN,042603,874c8908cffffff
8feb1be2-6c48-4803-a798-86924a2edc8f,1929799938,Mesechites repens,Mesechites repens (Jacq.) Miers,Apocynaceae,Mesechites,SPECIES,PRESERVED_SPECIMEN,1930-06-09,1930,-71.153907,19.41521,1631.57,d415c253-4d61-4459-9d25-4015b9084fb0,NY,NY,26,03,MONCIÓN,042603,874c8908cffffff
904c8daf-e41a-4554-a60e-ea0765e2bb9f,1929805988,Miconia laevigata,Miconia laevigata (L.) DC.,Melastomataceae,Miconia,SPECIES,PRESERVED_SPECIMEN,2006-06-13,2006,-71.21511,19.39081,NA,d415c253-4d61-4459-9d25-4015b9084fb0,NY,NY,26,03,MONCIÓN,042603,874c8909bffffff
9275d4a7-15a4-4607-bc0c-5feff49f4573,1929836512,Lantana reticulata,Lantana reticulata Pers.,Verbenaceae,Lantana,SPECIES,PRESERVED_SPECIMEN,1929-10-12,1929,-71.153637,19.41514,1590,d415c253-4d61-4459-9d25-4015b9084fb0,NY,NY,26,03,MONCIÓN,042603,874c8908cffffff
930fae0f-bd2a-48ee-97eb-4c5275d53a86,1929845024,Psidium guajava,Psidium guajava L.,Myrtaceae,Psidium,SPECIES,PRESERVED_SPECIMEN,1929-06-28,1929,-71.15447,19.415248,1691.57,d415c253-4d61-4459-9d25-4015b9084fb0,NY,NY,26,03,MONCIÓN,042603,874c8908cffffff
93838758659be354bb86fe9933cb4794,2629661331,Exostema ellipticum,Exostema ellipticum Griseb.,Rubiaceae,Exostema,SPECIES,PRESERVED_SPECIMEN,1992-05-30,1992,-71.251111,19.334722,NA,98c51784-da02-4f0e-81a4-f3635cb3cba7,INECOL,XAL,26,03,MONCIÓN,042603,874c89714ffffff
996f9133-59f4-419c-b9c5-6bd5da3b3ee6,1929934201,Sachsia polycephala,Sachsia polycephala Griseb.,Asteraceae,Sachsia,SPECIES,PRESERVED_SPECIMEN,1975-03-08/1975-03-09,1975,-71.15377,19.415156,1611.57,d415c253-4d61-4459-9d25-4015b9084fb0,NY,NY,26,03,MONCIÓN,042603,874c8908cffffff
9ac669e9-b5b0-49a2-924c-cc6f6b8988ad,1929952843,Euploca humifusa,Euploca humifusa (Kunth) Diane & Hilger,Heliotropiaceae,Euploca,SPECIES,PRESERVED_SPECIMEN,1930-06-09,1930,-71.15377,19.415156,1611.57,d415c253-4d61-4459-9d25-4015b9084fb0,NY,NY,26,03,MONCIÓN,042603,874c8908cffffff
9b1e1f44-ccc5-441d-ab9f-87e5c94af065,1929958072,Tillandsia fasciculata,Tillandsia fasciculata Sw.,Bromeliaceae,Tillandsia,SPECIES,PRESERVED_SPECIMEN,1982-03-03,1982,-71.23,19.375,NA,d415c253-4d61-4459-9d25-4015b9084fb0,NY,NY,26,03,MONCIÓN,042603,874c89734ffffff
9dac20a0-d5aa-453d-a927-5a28583918bb,4598143367,Krugiodendron ferreum,Krugiodendron ferreum (Vahl) Urb.,Rhamnaceae,Krugiodendron,SPECIES,PRESERVED_SPECIMEN,2021-05-31,2021,-71.147,19.46492,NA,b89d52a2-861d-4388-adad-c0da3d55fc78,UF,,26,03,MONCIÓN,042603,874c890a1ffffff
9e4ffa8a-6ee4-465e-b433-062a1f5186f1,1930002776,Euphorbia prostrata,Euphorbia prostrata Aiton,Euphorbiaceae,Euphorbia,SPECIES,PRESERVED_SPECIMEN,1977-10-21,1977,-71.154046,19.415346,1641.57,d415c253-4d61-4459-9d25-4015b9084fb0,NY,NY,26,03,MONCIÓN,042603,874c8908cffffff
9e52ff11-202e-4030-a95c-d293baa2a2c8,1930002470,Solanum wendlandii,Solanum wendlandii Hook.fil.,Solanaceae,Solanum,SPECIES,PRESERVED_SPECIMEN,1931-06-18,1931,-71.15447,19.415248,1691.57,d415c253-4d61-4459-9d25-4015b9084fb0,NY,NY,26,03,MONCIÓN,042603,874c8908cffffff
9fdd6c5f-cbee-452b-bbb5-f018e68c72f8,5829830443,Eugenia monticola,Eugenia monticola (Sw.) DC.,Myrtaceae,Eugenia,SPECIES,PRESERVED_SPECIMEN,2021-06-01,2021,-71.20952,19.3968,NA,b89d52a2-861d-4388-adad-c0da3d55fc78,UF,,26,03,MONCIÓN,042603,874c89098ffffff
A6F8F938-2FE3-4798-BD4B-53DBDCAD5087,5082354380,Fabaceae Lindl.,Fabaceae Lindl.,Fabaceae,,FAMILY,PRESERVED_SPECIMEN,1992-07-12,1992,-71.183333,19.383333,NA,f3f03cbf-1a01-4739-ae15-c1355b8c2dbf,CM,Botany,26,03,MONCIÓN,042603,874c89099ffffff
A9E4ADC0-1C19-49AD-B813-0E5CBCB86F0E,122964882,Lantana L.,Lantana L.,Verbenaceae,Lantana,GENUS,PRESERVED_SPECIMEN,1984-10-04,1984,-71.1667,19.4,NA,832cb04e-f762-11e1-a439-00145eb45e9a,FTG,Herbarium,26,03,MONCIÓN,042603,874c8908affffff
BD3C4F3F-DD81-43C2-AEFD-FBF9F2C7DAE2,153274258,Myrcia depressa,Calyptranthes depressa Urb.,Myrtaceae,Myrcia,SPECIES,PRESERVED_SPECIMEN,1975-03-16,1975,-71.1526,19.4108,3036,832cb04e-f762-11e1-a439-00145eb45e9a,FTG,Herbarium,26,03,MONCIÓN,042603,874c89088ffffff
C40D1303-CE1F-49F3-8B85-0D2B23DEC2E4,122966840,Lantana montevidensis,Lantana montevidensis (Spreng.) Briq.,Verbenaceae,Lantana,SPECIES,PRESERVED_SPECIMEN,1983-02-19,1983,-71.1667,19.3833,NA,832cb04e-f762-11e1-a439-00145eb45e9a,FTG,Herbarium,26,03,MONCIÓN,042603,874c89724ffffff
CCE850C8-8D05-4FB8-BECF-5D6E5FBA8DEC,122938108,Drypetes alba,Drypetes alba Poit.,Putranjivaceae,Drypetes,SPECIES,PRESERVED_SPECIMEN,1976-01-06,1976,-71.1526,19.4108,3036,832cb04e-f762-11e1-a439-00145eb45e9a,FTG,Herbarium,26,03,MONCIÓN,042603,874c89088ffffff
D30B00FB-2F9D-4078-B777-98A88F5595BC,122985845,Phyllanthus epiphyllanthus,Phyllanthus epiphyllanthus subsp. domingensis G.L.Webster,Phyllanthaceae,Phyllanthus,SUBSPECIES,PRESERVED_SPECIMEN,1975-03-16,1975,-71.1526,19.4108,3036,832cb04e-f762-11e1-a439-00145eb45e9a,FTG,Herbarium,26,03,MONCIÓN,042603,874c89088ffffff
D67F160E-C2AA-4A55-BF48-ACEE51308485,1503207975,Tillandsia schiedeana,Tillandsia schiedeana Steud.,Bromeliaceae,Tillandsia,SPECIES,PRESERVED_SPECIMEN,1982-03-03,1982,-71.2333,19.375,NA,af1b4db0-c8ce-4a95-b700-8a6a02bed9d6,USF,Herb,26,03,MONCIÓN,042603,874c89734ffffff
D683A1A9-7B9E-4376-85FC-9C9F2E8C53D9,1503207910,Tillandsia balbisiana,Tillandsia balbisiana Schult. & Schult.f.,Bromeliaceae,Tillandsia,SPECIES,PRESERVED_SPECIMEN,1982-03-03,1982,-71.2333,19.375,NA,af1b4db0-c8ce-4a95-b700-8a6a02bed9d6,USF,Herb,26,03,MONCIÓN,042603,874c89734ffffff
DF814737-8365-420D-BC9F-2D4D2019CCC3,122964879,Lantana L.,Lantana L.,Verbenaceae,Lantana,GENUS,PRESERVED_SPECIMEN,1984-10-04,1984,-71.1667,19.4,NA,832cb04e-f762-11e1-a439-00145eb45e9a,FTG,Herbarium,26,03,MONCIÓN,042603,874c8908affffff
EEE47EB7-E3ED-44F2-BB17-7D50FAA5F70B,122947531,Exostema ellipticum,Exostema ellipticum Griseb.,Rubiaceae,Exostema,SPECIES,PRESERVED_SPECIMEN,1992-05-30,1992,-71.25,19.3333,NA,832cb04e-f762-11e1-a439-00145eb45e9a,FTG,Herbarium,26,03,MONCIÓN,042603,874c89714ffffff
F0CAD31D-1439-4A69-BCB5-961CEF884D4C,153275222,Eugenia axillaris,Eugenia axillaris (Sw.) Willd.,Myrtaceae,Eugenia,SPECIES,PRESERVED_SPECIMEN,1975-03-08,1975,-71.1667,19.4667,3036,832cb04e-f762-11e1-a439-00145eb45e9a,FTG,Herbarium,26,03,MONCIÓN,042603,874c890a3ffffff
F74ABEBE-0470-48FE-A960-02A383D9AC27,122966839,Lantana horrida,Lantana subcordata Urb.,Verbenaceae,Lantana,SPECIES,PRESERVED_SPECIMEN,1983-02-19,1983,-71.1667,19.3833,NA,832cb04e-f762-11e1-a439-00145eb45e9a,FTG,Herbarium,26,03,MONCIÓN,042603,874c89724ffffff
S:VascularPlants:S11-38475,1096774107,Badiera penaea,Badiera penaea (L.) DC.,Polygalaceae,Badiera,SPECIES,PRESERVED_SPECIMEN,2006-06-13,2006,-71.215139,19.390556,NA,0943f690-fde5-11dd-83f4-b8a03c50a862,S,VascularPlants,26,03,MONCIÓN,042603,874c8909bffffff
S:VascularPlants:S12-9557,1096803758,Miconia acuminoides,Mecranium acuminatum (DC.) Skean,Melastomataceae,Miconia,SPECIES,PRESERVED_SPECIMEN,2006-06-13,2006,-71.215,19.390833,NA,0943f690-fde5-11dd-83f4-b8a03c50a862,S,VascularPlants,26,03,MONCIÓN,042603,874c8909bffffff
S:VascularPlants:S14-24345,1096845912,Monteverdia domingensis,Maytenus domingensis Krug & Urb.,Celastraceae,Monteverdia,SPECIES,PRESERVED_SPECIMEN,1983-02-19,1983,-71.166667,19.4,NA,0943f690-fde5-11dd-83f4-b8a03c50a862,S,VascularPlants,26,03,MONCIÓN,042603,874c8908affffff
UCJEPS:UC:UC2039829,4856726432,Chara zeylanica,Chara zeylanica Willdenow,Characeae,Chara,SPECIES,PRESERVED_SPECIMEN,,NA,-71.152574,19.410835,3036,e3dca178-5cef-456e-b3b0-6dc4b02bbd16,,UC,26,03,MONCIÓN,042603,874c89088ffffff
a162afdb-629c-40c8-bd7c-76df69aabacf,4015890385,Badiera penaea,Badiera penaea (L.) DC.,Polygalaceae,Badiera,SPECIES,PRESERVED_SPECIMEN,2006-06-13,2006,-71.215139,19.390806,NA,648e3756-5dff-462b-9323-41e3214d9c3c,GA,,26,03,MONCIÓN,042603,874c8909bffffff
a1c87ed1-18e3-4fe4-b3f5-5126b83b505f,5829830423,Neea buxifolia,Neea buxifolia (Hook.fil.) Heimerl,Nyctaginaceae,Neea,SPECIES,PRESERVED_SPECIMEN,2021-06-01,2021,-71.20351,19.39845,NA,b89d52a2-861d-4388-adad-c0da3d55fc78,UF,,26,03,MONCIÓN,042603,874c89098ffffff
a3451826-fe6c-4c41-b58f-c01868adc49b,1930075895,Sabdariffa cannabina,Hibiscus cannabinus L.,Malvaceae,Sabdariffa,SPECIES,PRESERVED_SPECIMEN,1931-09-28,1931,-71.15447,19.415248,1691.57,d415c253-4d61-4459-9d25-4015b9084fb0,NY,NY,26,03,MONCIÓN,042603,874c8908cffffff
a3661eb9-326a-4018-8e97-de7c5d5cde18,1930078164,Bryopteris (Nees) Lindenb.,Bryopteris (Nees) Lindenb.,Lejeuneaceae,Bryopteris,GENUS,PRESERVED_SPECIMEN,1992-05-30,1992,-71.25,19.333333,NA,d415c253-4d61-4459-9d25-4015b9084fb0,NY,NY,26,03,MONCIÓN,042603,874c89714ffffff
a6c5e228-3075-4d5a-97e1-1d19a97780ae,5106969403,Brya buxifolia,Brya buxifolia (Murray) Urb.,Fabaceae,Brya,SPECIES,PRESERVED_SPECIMEN,2021-06-01,2021,-71.20351,19.39845,NA,b89d52a2-861d-4388-adad-c0da3d55fc78,UF,,26,03,MONCIÓN,042603,874c89098ffffff
a7f87f13-5eb0-405e-b468-94467dce6193,1930141155,Maytenus Molina,Maytenus Molina,Celastraceae,Maytenus,GENUS,PRESERVED_SPECIMEN,1990-03-04,1990,-71.22,19.4,NA,d415c253-4d61-4459-9d25-4015b9084fb0,NY,NY,26,03,MONCIÓN,042603,874c8909affffff
a866d708-831f-412c-9df4-e27231e39057,1930149548,Glandularia aristigera,Glandularia aristigera (S.Moore) Tronc.,Verbenaceae,Glandularia,SPECIES,PRESERVED_SPECIMEN,1929-05-26,1929,-71.15447,19.415248,1691.57,d415c253-4d61-4459-9d25-4015b9084fb0,NY,NY,26,03,MONCIÓN,042603,874c8908cffffff
a89b6f01-df60-4399-946a-7b4c10b93e0a,2270485514,Psidium guajava,Psidium guajava L.,Myrtaceae,Psidium,SPECIES,PRESERVED_SPECIMEN,1989-08-18,1989,-71.1922,19.40472,4601,e05fd4c2-4d77-4c50-880e-1b22096af300,ASU,Plants,26,03,MONCIÓN,042603,874c8909dffffff
a8f0078e-3731-44c2-a850-d6001536e23c,1930155655,Tetramicra parviflora,Tetramicra schoenina (Rchb.f.) Rolfe,Orchidaceae,Tetramicra,SPECIES,PRESERVED_SPECIMEN,1930-03-20,1930,-71.153907,19.41521,1631.57,d415c253-4d61-4459-9d25-4015b9084fb0,NY,NY,26,03,MONCIÓN,042603,874c8908cffffff
a9234f75-aca8-4bc7-bbcc-bc9cf3db9ef9,1930159662,Dendrophthora buxifolia,Dendrophthora buxifolia (Lam.) Eichler,Viscaceae,Dendrophthora,SPECIES,PRESERVED_SPECIMEN,1975-03-16,1975,-71.15377,19.415156,1611.57,d415c253-4d61-4459-9d25-4015b9084fb0,NY,NY,26,03,MONCIÓN,042603,874c8908cffffff
aafffa8e-fa2f-11e2-a92b-005056000560,2028309397,Herpetineuron toccoae,Herpetineuron toccoae (Sull. & Lesq.) Cardot,Herpetineuraceae,Herpetineuron,SPECIES,PRESERVED_SPECIMEN,1992-05-30,1992,-71.25,19.333333,NA,815b2469-2686-4abd-8406-27ebe778a684,DUKE,,26,03,MONCIÓN,042603,874c89714ffffff
ae1346dd-9b75-4e69-84e8-f079b0594dec,1930228726,Byrsonima crassifolia,Byrsonima crassifolia (L.) Kunth,Malpighiaceae,Byrsonima,SPECIES,PRESERVED_SPECIMEN,1983-05-24,1983,-71.17,19.4,NA,d415c253-4d61-4459-9d25-4015b9084fb0,NY,NY,26,03,MONCIÓN,042603,874c8908affffff
af23e1a0-6780-4555-9d3d-8c50a7cb9ba7,4994660599,Chloris barbata,Chloris barbata Sw.,Poaceae,Chloris,SPECIES,PRESERVED_SPECIMEN,2022-04-22,2022,-71.16256,19.411572,NA,b89d52a2-861d-4388-adad-c0da3d55fc78,UF,,26,03,MONCIÓN,042603,874c8908effffff
b092d80b-1bfb-464b-b6df-23d3978dbac9,1930263384,Dysphania ambrosioides,Chenopodium ambrosioides L.,Amaranthaceae,Dysphania,SPECIES,PRESERVED_SPECIMEN,1930-03-22,1930,-71.15377,19.415156,1611.57,d415c253-4d61-4459-9d25-4015b9084fb0,NY,NY,26,03,MONCIÓN,042603,874c8908cffffff
b11f1941-4906-4740-8ca3-e113b238f809,1930274319,Byrsonima crassifolia,Byrsonima crassifolia (L.) Kunth,Malpighiaceae,Byrsonima,SPECIES,PRESERVED_SPECIMEN,1929-11-16,1929,-71.15377,19.415156,1611.57,d415c253-4d61-4459-9d25-4015b9084fb0,NY,NY,26,03,MONCIÓN,042603,874c8908cffffff
b192fd18-ad23-4198-9dbf-41d01dc9ef7f,2270678467,Pimenta racemosa,Pimenta racemosa var. ozua (Urb. & Ekman) Landrum,Myrtaceae,Pimenta,VARIETY,PRESERVED_SPECIMEN,1983-05-16,1983,-71.1667,19.4,NA,e05fd4c2-4d77-4c50-880e-1b22096af300,ASU,Plants,26,03,MONCIÓN,042603,874c8908affffff
b411db0e-9c78-452f-878b-4e5b76c321dd,1930314829,Tillandsia schiedeana,Tillandsia schiedeana Steud.,Bromeliaceae,Tillandsia,SPECIES,PRESERVED_SPECIMEN,1982-03-03,1982,-71.23,19.375,NA,d415c253-4d61-4459-9d25-4015b9084fb0,NY,NY,26,03,MONCIÓN,042603,874c89734ffffff
b4886024-823c-47f3-a3db-3589ffe83405,1930319350,Anemia underwoodiana,Anemia underwoodiana Maxon,Anemiaceae,Anemia,SPECIES,PRESERVED_SPECIMEN,1985-07-15,1985,-71.23,19.37,NA,d415c253-4d61-4459-9d25-4015b9084fb0,NY,NY,26,03,MONCIÓN,042603,874c89730ffffff
b7c4b22d-0773-4df3-a8c1-047ada03ab76,1930365341,Croton discolor,Croton discolor Willd.,Euphorbiaceae,Croton,SPECIES,PRESERVED_SPECIMEN,1930-02-25,1930,-71.153907,19.41521,1631.57,d415c253-4d61-4459-9d25-4015b9084fb0,NY,NY,26,03,MONCIÓN,042603,874c8908cffffff
b8199fd7-14ca-43d6-a946-3cef56a7c3e2,1930370166,Tolumnia variegata,Tolumnia variegata (Sw.) Braem,Orchidaceae,Tolumnia,SPECIES,PRESERVED_SPECIMEN,1930-03-22,1930,-71.15447,19.415248,1691.57,d415c253-4d61-4459-9d25-4015b9084fb0,NY,NY,26,03,MONCIÓN,042603,874c8908cffffff
b84460b3-39d6-400a-b430-9226fda5405a,1930372357,Pleopeltis polypodioides,Pleopeltis polypodioides (L.) E.G.Andrews & Windham,Polypodiaceae,Pleopeltis,SPECIES,PRESERVED_SPECIMEN,1929-10-27,1929,-71.15447,19.415248,1691.57,d415c253-4d61-4459-9d25-4015b9084fb0,NY,NY,26,03,MONCIÓN,042603,874c8908cffffff
b9434135-5089-4c5e-b98a-e77a783beee7,1930386223,Jatropha curcas,Jatropha curcas L.,Euphorbiaceae,Jatropha,SPECIES,PRESERVED_SPECIMEN,1930-05-12,1930,-71.15377,19.415156,1611.57,d415c253-4d61-4459-9d25-4015b9084fb0,NY,NY,26,03,MONCIÓN,042603,874c8908cffffff
b945976c-f124-49e5-ac63-6956f1648c85,1930386265,Croton ciliatoglandulifer,Croton ciliatoglandulifer Ortega,Euphorbiaceae,Croton,SPECIES,PRESERVED_SPECIMEN,1975-03-08/1975-03-09,1975,-71.15447,19.415248,1691.57,d415c253-4d61-4459-9d25-4015b9084fb0,NY,NY,26,03,MONCIÓN,042603,874c8908cffffff
bafdf664-601a-4827-af41-57c127d90c6a,1930411088,Cuphea parsonsia,Cuphea parsonsia (L.) R.Br. ex Steud.,Lythraceae,Cuphea,SPECIES,PRESERVED_SPECIMEN,1929-05-29,1929,-71.154,19.415413,1611.53,d415c253-4d61-4459-9d25-4015b9084fb0,NY,NY,26,03,MONCIÓN,042603,874c8908cffffff
bb6b23b1-82a0-4abb-8ffa-ab06fd99e0be,1055948179,Anemia tomentosa,Anemia tomentosa var. mexicana (C.Presl) Mickel,Anemiaceae,Anemia,VARIETY,PRESERVED_SPECIMEN,1929-06-30,1929,-71.160672,19.406944,NA,7e380070-f762-11e1-a439-00145eb45e9a,NHMUK,BOT,26,03,MONCIÓN,042603,874c8908effffff
bc74933f-9628-4757-ac17-c09be75dd840,1930432098,Myrcianthes fragrans,Myrcianthes fragrans (Sw.) McVaugh,Myrtaceae,Myrcianthes,SPECIES,PRESERVED_SPECIMEN,1975-03-16,1975,-71.15377,19.415156,1611.57,d415c253-4d61-4459-9d25-4015b9084fb0,NY,NY,26,03,MONCIÓN,042603,874c8908cffffff
bcd9c7eb-9ddc-4975-b4bb-7ad6df60ff70,1930437555,Critonia aromatisans,Critonia aromatisans (DC.) R.M.King & H.Rob.,Asteraceae,Critonia,SPECIES,PRESERVED_SPECIMEN,1975-03-08/1975-03-09,1975,-71.15447,19.415248,1691.57,d415c253-4d61-4459-9d25-4015b9084fb0,NY,NY,26,03,MONCIÓN,042603,874c8908cffffff
c045013c-838e-4d1b-b210-b837f415b5ea,1930485979,Wallenia urbaniana,Wallenia urbaniana Mez,Primulaceae,Wallenia,SPECIES,PRESERVED_SPECIMEN,1982-03-03,1982,-71.23,19.375,NA,d415c253-4d61-4459-9d25-4015b9084fb0,NY,NY,26,03,MONCIÓN,042603,874c89734ffffff
c1926c5a-e7ab-4463-94af-a6b46a07bbd4,1930503995,Eugenia isabeliana,Eugenia isabeliana Kiaersk.,Myrtaceae,Eugenia,SPECIES,PRESERVED_SPECIMEN,1983-05-24,1983,-71.17,19.4,NA,d415c253-4d61-4459-9d25-4015b9084fb0,NY,NY,26,03,MONCIÓN,042603,874c8908affffff
c239bfbc-10ee-4ce7-97f9-d6712e49f1df,1930513343,"Chara Linnaeus, 1753","Chara Linnaeus, 1753",Characeae,Chara,GENUS,PRESERVED_SPECIMEN,1930,1930,-71.166917,19.416291,NA,d415c253-4d61-4459-9d25-4015b9084fb0,NY,NY,26,03,MONCIÓN,042603,874c8908effffff
c286b586-3b09-41fc-aab9-563fc953b99b,1930518061,Malachra fasciata,Malachra fasciata Jacq.,Malvaceae,Malachra,SPECIES,PRESERVED_SPECIMEN,1929-10-16,1929,-71.153907,19.41521,1631.57,d415c253-4d61-4459-9d25-4015b9084fb0,NY,NY,26,03,MONCIÓN,042603,874c8908cffffff
c407420f-4ff1-40c2-9bfb-4b1230bdae86,1930539293,Pimenta racemosa,Pimenta racemosa var. ozua (Urb. & Ekman) Landrum,Myrtaceae,Pimenta,VARIETY,PRESERVED_SPECIMEN,1990-03-04,1990,-71.22,19.4,NA,d415c253-4d61-4459-9d25-4015b9084fb0,NY,NY,26,03,MONCIÓN,042603,874c8909affffff
c5012471-b86d-4d23-999f-2704f1e08ccb,1930552687,Aristida refracta,Aristida refracta Griseb.,Poaceae,Aristida,SPECIES,PRESERVED_SPECIMEN,1929-05-26,1929,-71.15447,19.415248,1691.57,d415c253-4d61-4459-9d25-4015b9084fb0,NY,NY,26,03,MONCIÓN,042603,874c8908cffffff
c50a7472-baa6-47e1-91f3-366e3a30a169,1930553098,Sporobolus pyramidalis,Sporobolus jacquemontii Kunth,Poaceae,Sporobolus,SPECIES,PRESERVED_SPECIMEN,1931-05-27,1931,-71.15447,19.415248,1691.57,d415c253-4d61-4459-9d25-4015b9084fb0,NY,NY,26,03,MONCIÓN,042603,874c8908cffffff
c5e6ffea-41c8-48b9-9abe-8e53667ebc7c,2270675526,Eugenia monticola,Eugenia monticola (Sw.) DC.,Myrtaceae,Eugenia,SPECIES,PRESERVED_SPECIMEN,1989-08-18,1989,-71.1922,19.40472,4601,e05fd4c2-4d77-4c50-880e-1b22096af300,ASU,Plants,26,03,MONCIÓN,042603,874c8909dffffff
c682d9d0-009b-4e27-9adb-c7cd8bffe35f,1930574212,"Chara Linnaeus, 1753","Chara Linnaeus, 1753",Characeae,Chara,GENUS,PRESERVED_SPECIMEN,1931-06-22,1931,-71.152574,19.410835,3036,d415c253-4d61-4459-9d25-4015b9084fb0,NY,NY,26,03,MONCIÓN,042603,874c89088ffffff
c781c810-24ca-49d7-b9df-1f41e54c03d9,1930587780,Trichostomum brachydontium,Trichostomum brachydontium Bruch,Pottiaceae,Trichostomum,SPECIES,PRESERVED_SPECIMEN,1983-05-23,1983,-71.17,19.4,NA,d415c253-4d61-4459-9d25-4015b9084fb0,NY,NY,26,03,MONCIÓN,042603,874c8908affffff
c793a0b9-5bc8-4d44-b76f-6ec00b4e337b,1930589247,Jirivanaea galipensis,Sematophyllum galipense (Müll. Hal.) Mitt.,Sematophyllaceae,Jirivanaea,SPECIES,PRESERVED_SPECIMEN,1983-05-23,1983,-71.17,19.4,NA,d415c253-4d61-4459-9d25-4015b9084fb0,NY,NY,26,03,MONCIÓN,042603,874c8908affffff
c7b7df20-d8d3-4ef5-834a-30a6bc241fb5,1930591093,Croton discolor,Croton discolor Willd.,Euphorbiaceae,Croton,SPECIES,PRESERVED_SPECIMEN,1975-03-08/1975-03-09,1975,-71.154205,19.415333,1651.57,d415c253-4d61-4459-9d25-4015b9084fb0,NY,NY,26,03,MONCIÓN,042603,874c8908cffffff
c885b508-ae6a-4e01-b223-ad14d5eb4604,1930602031,Wallenia laurifolia,Wallenia laurifolia (Jacq.) Sw.,Primulaceae,Wallenia,SPECIES,PRESERVED_SPECIMEN,1990-03-04,1990,-71.22,19.4,NA,d415c253-4d61-4459-9d25-4015b9084fb0,NY,NY,26,03,MONCIÓN,042603,874c8909affffff
c924f4d9-e344-43db-916b-256dc769fb9d,2270523280,Securidaca virgata,Securidaca virgata Sw.,Polygalaceae,Securidaca,SPECIES,PRESERVED_SPECIMEN,1989-08-15,1989,-71.1922,19.40472,4601,e05fd4c2-4d77-4c50-880e-1b22096af300,ASU,Plants,26,03,MONCIÓN,042603,874c8909dffffff
cd983c76-b1fd-4a10-b5c1-9ff15276d080,1930673542,Herpetineuron toccoae,Herpetineuron toccoae (Sull. & Lesq.) Cardot,Herpetineuraceae,Herpetineuron,SPECIES,PRESERVED_SPECIMEN,1992-05-30,1992,-71.25,19.33,NA,d415c253-4d61-4459-9d25-4015b9084fb0,NY,NY,26,03,MONCIÓN,042603,874c89714ffffff
cf625254-fb6b-43f7-9c97-7692d97d2c98,4598146387,Croton azuensis,Croton azuensis Urb.,Euphorbiaceae,Croton,SPECIES,PRESERVED_SPECIMEN,2021-06-01,2021,-71.20952,19.3968,NA,b89d52a2-861d-4388-adad-c0da3d55fc78,UF,,26,03,MONCIÓN,042603,874c89098ffffff
d27f6d70-a674-462f-8d06-25b655345e0d,1300843785,Cajanus cajan,Cajanus cajan (L.) Huth,Fabaceae,Cajanus,SPECIES,OCCURRENCE,1985-01-05,1985,-71.169998,19.42,NA,07044577-bd82-4089-9f3a-f4a9d2170b2e,Bioversity-SINGER,,26,03,MONCIÓN,042603,874c8908effffff
d281f864-6dd5-42bb-950e-7b8f0c6bad1a,5829830421,Croton origanifolius,Croton origanifolius Lam.,Euphorbiaceae,Croton,SPECIES,PRESERVED_SPECIMEN,2021-05-31,2021,-71.147,19.46492,NA,b89d52a2-861d-4388-adad-c0da3d55fc78,UF,,26,03,MONCIÓN,042603,874c890a1ffffff
d2faad62-56e3-42ab-b51f-d21654210aeb,1930752323,Croton sidifolius,Croton sidifolius Lam.,Euphorbiaceae,Croton,SPECIES,PRESERVED_SPECIMEN,1930-06-15,1930,-71.15377,19.415156,1611.57,d415c253-4d61-4459-9d25-4015b9084fb0,NY,NY,26,03,MONCIÓN,042603,874c8908cffffff
d37e835e-2710-4ac8-9d3f-5f63aa588a16,1930756918,Anemia underwoodiana,Anemia underwoodiana Maxon,Anemiaceae,Anemia,SPECIES,PRESERVED_SPECIMEN,1983-05-23,1983,-71.17,19.4,NA,d415c253-4d61-4459-9d25-4015b9084fb0,NY,NY,26,03,MONCIÓN,042603,874c8908affffff
d4b6627c-1d50-4114-925c-62c28a54ee19,1930773726,Euploca humifusa,Euploca humifusa (Kunth) Diane & Hilger,Heliotropiaceae,Euploca,SPECIES,PRESERVED_SPECIMEN,1929-05-26,1929,-71.15447,19.415248,1691.57,d415c253-4d61-4459-9d25-4015b9084fb0,NY,NY,26,03,MONCIÓN,042603,874c8908cffffff
d5ece73c-c46a-4304-8a01-e1f64a8987e8,1930791630,Sachsia polycephala,Sachsia polycephala Griseb.,Asteraceae,Sachsia,SPECIES,PRESERVED_SPECIMEN,1929-05-26,1929,-71.15447,19.415248,1691.57,d415c253-4d61-4459-9d25-4015b9084fb0,NY,NY,26,03,MONCIÓN,042603,874c8908cffffff
d72f05e6-8315-4d2a-83ee-05313254a83d,3329399239,Miconia acuminoides,"Miconia acuminoides Skean, Judd & Majure",Melastomataceae,Miconia,SPECIES,PRESERVED_SPECIMEN,2006-06-13,2006,-71.215139,19.390806,NA,b89d52a2-861d-4388-adad-c0da3d55fc78,UF,,26,03,MONCIÓN,042603,874c8909bffffff
dc5e8c5f-3572-40b8-8388-32441727a698,1930885957,Agave L.,Agave L.,Asparagaceae,Agave,GENUS,PRESERVED_SPECIMEN,1930-05-11,1930,-71.15377,19.415156,1611.57,d415c253-4d61-4459-9d25-4015b9084fb0,NY,NY,26,03,MONCIÓN,042603,874c8908cffffff
de9485be-0bc2-41f8-8bfc-e291b82232b9,4598143392,Faramea occidentalis,Faramea occidentalis (L.) A.Rich.,Rubiaceae,Faramea,SPECIES,PRESERVED_SPECIMEN,2021-06-01,2021,-71.20952,19.3968,NA,b89d52a2-861d-4388-adad-c0da3d55fc78,UF,,26,03,MONCIÓN,042603,874c89098ffffff
dea01ef2-f589-4943-82cf-5d0c3ed61def,1930914884,Jacaranda poitaei,Jacaranda poitaei Urb.,Bignoniaceae,Jacaranda,SPECIES,PRESERVED_SPECIMEN,1982-03-02,1982,-71.23,19.38,NA,d415c253-4d61-4459-9d25-4015b9084fb0,NY,NY,26,03,MONCIÓN,042603,874c89734ffffff
df88c60e-94a5-4b8e-befa-72309fd45a40,4095585481,Chara zeylanica,Chara zeylanica Willdenow,Characeae,Chara,SPECIES,PRESERVED_SPECIMEN,1931-06-22,1931,-71.152574,19.410835,3036,fa2ae7b6-2ede-4ba4-b12c-82a351452662,BUT,,26,03,MONCIÓN,042603,874c89088ffffff
e32bdf1c-6d24-48f9-ae7d-92a022c1ec4b,1930979612,Digitaria insularis,Digitaria insularis (L.) Mez ex Ekman,Poaceae,Digitaria,SPECIES,PRESERVED_SPECIMEN,1984-10-04,1984,-71.17,19.4,NA,d415c253-4d61-4459-9d25-4015b9084fb0,NY,NY,26,03,MONCIÓN,042603,874c8908affffff
e755008e-ba5d-4262-abf4-59a2d6e21974,1931038082,Breynia disticha,Breynia disticha J.R.Forst. & G.Forst.,Phyllanthaceae,Breynia,SPECIES,PRESERVED_SPECIMEN,1931-06-13,1931,-71.15447,19.415248,1691.57,d415c253-4d61-4459-9d25-4015b9084fb0,NY,NY,26,03,MONCIÓN,042603,874c8908cffffff
e75950fb-092c-48d8-987d-f22d4ff98c4d,1931038197,Boerhavia diffusa,Boerhavia diffusa L.,Nyctaginaceae,Boerhavia,SPECIES,PRESERVED_SPECIMEN,1930-06-01,1930,-71.15377,19.415156,1611.57,d415c253-4d61-4459-9d25-4015b9084fb0,NY,NY,26,03,MONCIÓN,042603,874c8908cffffff
e7633fcf-2702-4222-b4a1-c0a709aa004e,1931039303,Critonia aromatisans,Critonia aromatisans (DC.) R.M.King & H.Rob.,Asteraceae,Critonia,SPECIES,PRESERVED_SPECIMEN,1930-03-08,1930,-71.15377,19.415156,1611.57,d415c253-4d61-4459-9d25-4015b9084fb0,NY,NY,26,03,MONCIÓN,042603,874c8908cffffff
e9abc0365e6567b9ba8b8e13e751622a,5101872100,Exostema ellipticum,Exostema ellipticum Griseb.,Rubiaceae,Exostema,SPECIES,PRESERVED_SPECIMEN,1992-05-30,1992,-71.251111,19.334722,NA,356b321d-7d47-4380-89e2-87bae6d8c250,INECOL,XAL,26,03,MONCIÓN,042603,874c89714ffffff
ea362640-2f59-4964-a4ba-a405d5559cee,4079748186,Pimenta racemosa,Pimenta racemosa var. ozua (Urb. & Ekman) Landrum,Myrtaceae,Pimenta,VARIETY,PRESERVED_SPECIMEN,1956-07-05,1956,-71.155139,19.415181,1513,3b040a48-deae-485c-95b1-2ac80b7fdc54,IIBZ,USD,26,03,MONCIÓN,042603,874c8908cffffff
eb012475-4042-49a6-bb2f-eb902638d14c,1931090195,Lonchocarpus longipes,Lonchocarpus longipes Urb. & Ekman,Fabaceae,Lonchocarpus,SPECIES,PRESERVED_SPECIMEN,1929-06-30,1929,-71.15447,19.415248,1691.57,d415c253-4d61-4459-9d25-4015b9084fb0,NY,NY,26,03,MONCIÓN,042603,874c8908cffffff
ebccc2d9-d201-4443-a4ec-e4eaef8fe763,1931100789,Alternanthera caracasana,Alternanthera caracasana Kunth,Amaranthaceae,Alternanthera,SPECIES,PRESERVED_SPECIMEN,1930-05-26,1930,-71.15377,19.415156,1611.57,d415c253-4d61-4459-9d25-4015b9084fb0,NY,NY,26,03,MONCIÓN,042603,874c8908cffffff
ec65aa9b-146b-4458-b076-11e9d54fc886,1931109178,Piriqueta cistoides,Piriqueta cistoides subsp. cistoides,Passifloraceae,Piriqueta,SUBSPECIES,PRESERVED_SPECIMEN,1929-05-30,1929,-71.15447,19.415248,1691.57,d415c253-4d61-4459-9d25-4015b9084fb0,NY,NY,26,03,MONCIÓN,042603,874c8908cffffff
ed6f4eb5-57f0-4872-88df-a0c5e3daf30b,3329398706,Miconia crenata,Miconia crenata (Vahl) Michelang.,Melastomataceae,Miconia,SPECIES,PRESERVED_SPECIMEN,2006-06-13,2006,-71.215139,19.390806,NA,b89d52a2-861d-4388-adad-c0da3d55fc78,UF,,26,03,MONCIÓN,042603,874c8909bffffff
effc363b-193f-4f2c-8970-192a49f7c565,1931158744,Sida acuta,Sida acuta Burm.fil.,Malvaceae,Sida,SPECIES,PRESERVED_SPECIMEN,1929-10-21,1929,-71.153907,19.41521,1631.57,d415c253-4d61-4459-9d25-4015b9084fb0,NY,NY,26,03,MONCIÓN,042603,874c8908cffffff
f04b12a1-e564-4808-948c-b61ec4ca270d,1931164196,Delonix regia,Delonix regia (Bojer ex Hook.) Raf.,Fabaceae,Delonix,SPECIES,PRESERVED_SPECIMEN,1929-08-11,1929,-71.153907,19.41521,1631.57,d415c253-4d61-4459-9d25-4015b9084fb0,NY,NY,26,03,MONCIÓN,042603,874c8908cffffff
f1f8f223-bbcd-4d04-9f29-a2fab6fe9598,1931187149,Miconia acuminoides,Mecranium acuminatum (DC.) Skean,Melastomataceae,Miconia,SPECIES,PRESERVED_SPECIMEN,1930-05-11,1930,-71.166917,19.416291,NA,d415c253-4d61-4459-9d25-4015b9084fb0,NY,NY,26,03,MONCIÓN,042603,874c8908effffff
f2145fd0-80e6-46df-98c9-1b7c9496aabc,2270505686,Lonchocarpus longipes,Lonchocarpus longipes Urb. & Ekman,Fabaceae,Lonchocarpus,SPECIES,PRESERVED_SPECIMEN,1989-08-18,1989,-71.1922,19.40472,4601,e05fd4c2-4d77-4c50-880e-1b22096af300,ASU,Plants,26,03,MONCIÓN,042603,874c8909dffffff
f2906648-7191-4186-8845-8f2a470c0639,1931195999,Tillandsia juncea,Tillandsia juncea (Ruiz & Pav.) Poir.,Bromeliaceae,Tillandsia,SPECIES,PRESERVED_SPECIMEN,1930-01-18,1930,-71.15377,19.415156,1611.57,d415c253-4d61-4459-9d25-4015b9084fb0,NY,NY,26,03,MONCIÓN,042603,874c8908cffffff
f5f63b9a-fb6e-4e1a-ad65-dc7f46798e88,1931244362,Adiantum pyramidale,Adiantum pyramidale (L.) Willd.,Pteridaceae,Adiantum,SPECIES,PRESERVED_SPECIMEN,1985-07-15,1985,-71.23,19.37,NA,d415c253-4d61-4459-9d25-4015b9084fb0,NY,NY,26,03,MONCIÓN,042603,874c89730ffffff
f6089911-74b3-4613-bb8b-ef7a37e1b834,1931245411,Cassia fistula,Cassia fistula L.,Fabaceae,Cassia,SPECIES,PRESERVED_SPECIMEN,1930-05-11,1930,-71.166917,19.416291,NA,d415c253-4d61-4459-9d25-4015b9084fb0,NY,NY,26,03,MONCIÓN,042603,874c8908effffff
f666b4fc19f72a89c2c17f5d94011364,5101887108,Exostema parviflorum,Exostema parviflorum A.Rich. ex Humb. & Bonpl.,Rubiaceae,Exostema,SPECIES,PRESERVED_SPECIMEN,1992-05-30,1992,-71.2,19.393611,NA,356b321d-7d47-4380-89e2-87bae6d8c250,INECOL,XAL,26,03,MONCIÓN,042603,874c89098ffffff
f6fdf8a1-5104-42b8-97e3-364618f0bd49,1847944586,Lippia micromera,Lippia micromera var. helleri (Britton) Moldenke,Verbenaceae,Lippia,VARIETY,PRESERVED_SPECIMEN,1929-10-10,1929,-71.152574,19.410835,3036,90c853e6-56bd-480b-8e8f-6285c3f8d42b,F,Botany,26,03,MONCIÓN,042603,874c89088ffffff
f79d5c18-982a-40ca-9ed7-0041b7aa27e1,1300843792,Cajanus cajan,Cajanus cajan (L.) Huth,Fabaceae,Cajanus,SPECIES,OCCURRENCE,1985-01-03,1985,-71.169998,19.42,NA,07044577-bd82-4089-9f3a-f4a9d2170b2e,Bioversity-SINGER,,26,03,MONCIÓN,042603,874c8908effffff
fa38f95c-b493-4e77-bc8f-c8ec35cd6340,1931305712,"Chara Linnaeus, 1753","Chara Linnaeus, 1753",Characeae,Chara,GENUS,PRESERVED_SPECIMEN,1931-06-22,1931,-71.166917,19.416291,NA,d415c253-4d61-4459-9d25-4015b9084fb0,NY,NY,26,03,MONCIÓN,042603,874c8908effffff
faf75891-a7bb-4c68-aea3-ba78e80cc523,4598146411,Miconia serrulata,Miconia serrulata (DC.) Naudin,Melastomataceae,Miconia,SPECIES,PRESERVED_SPECIMEN,2021-05-30,2021,-71.147,19.46492,NA,b89d52a2-861d-4388-adad-c0da3d55fc78,UF,,26,03,MONCIÓN,042603,874c890a1ffffff
ff431be6-d674-4b5c-8861-719d29fe08c5,1931374478,Adiantopsis pedata,Adiantopsis pedata (Hook.) T.Moore,Pteridaceae,Adiantopsis,SPECIES,PRESERVED_SPECIMEN,1985-07-15,1985,-71.23,19.37,NA,d415c253-4d61-4459-9d25-4015b9084fb0,NY,NY,26,03,MONCIÓN,042603,874c89730ffffff
http://coldb.mnhn.fr/catalognumber/mnhn/p/p04956059,667377371,Rondeletia ochracea,Rondeletia ochracea Urb.,Rubiaceae,Rondeletia,SPECIES,PRESERVED_SPECIMEN,1968-10-22/1968-10-23,1968,-71.15501,19.41142,NA,b5cdf794-8fa4-4a85-8b26-755d087bf531,MNHN,P,26,03,MONCIÓN,042603,874c89088ffffff
http://coldb.mnhn.fr/catalognumber/mnhn/p/p05307835,694711275,Bursera simaruba,Bursera simaruba (L.) Sarg.,Burseraceae,Bursera,SPECIES,PRESERVED_SPECIMEN,1969-10-16,1969,-71.16666,19.41667,NA,b5cdf794-8fa4-4a85-8b26-755d087bf531,MNHN,P,26,03,MONCIÓN,042603,874c8908effffff
http://n2t.net/ark:/65665/308f8461a-4864-4786-b496-be268e48d9c0,1317405300,Faramea occidentalis,Faramea occidentalis (L.) A.Rich.,Rubiaceae,Faramea,SPECIES,PRESERVED_SPECIMEN,1987-06-10,1987,-71.22,19.375,NA,821cc27a-e3bb-4bc5-ac34-89ada245069d,US,US,26,03,MONCIÓN,042603,874c89734ffffff
http://n2t.net/ark:/65665/31e5fa694-e1a7-4558-b121-78dbe2d6b2cf,1317889227,Miconia laevigata,Miconia laevigata (L.) DC.,Melastomataceae,Miconia,SPECIES,PRESERVED_SPECIMEN,2006-06-13,2006,-71.2151,19.3908,NA,821cc27a-e3bb-4bc5-ac34-89ada245069d,US,US,26,03,MONCIÓN,042603,874c8909bffffff
http://n2t.net/ark:/65665/33e953d5d-1025-4729-85ad-a6e57e892b66,1318617427,Miconia acuminoides,Mecranium acuminatum (DC.) Skean,Melastomataceae,Miconia,SPECIES,PRESERVED_SPECIMEN,2006-06-11,2006,-71.2151,19.3908,NA,821cc27a-e3bb-4bc5-ac34-89ada245069d,US,US,26,03,MONCIÓN,042603,874c8909bffffff
http://n2t.net/ark:/65665/34332255c-cfdd-4740-ad5d-dd2629b4b022,1318721852,Tillandsia paniculata,Tillandsia paniculata (L.) L.,Bromeliaceae,Tillandsia,SPECIES,PRESERVED_SPECIMEN,1952-08-10,1952,-71.17,19.43,NA,821cc27a-e3bb-4bc5-ac34-89ada245069d,US,US,26,03,MONCIÓN,042603,874c89081ffffff
http://n2t.net/ark:/65665/351cef502-55cb-4ed6-a371-68fad8682873,1319052201,Monteverdia domingensis,Maytenus domingensis Krug & Urb.,Celastraceae,Monteverdia,SPECIES,PRESERVED_SPECIMEN,1983-02-19,1983,-71.17,19.4,NA,821cc27a-e3bb-4bc5-ac34-89ada245069d,US,US,26,03,MONCIÓN,042603,874c8908affffff
http://n2t.net/ark:/65665/3620937da-0e90-47b8-a09e-9886068416d5,1319418629,Doryopteris pedata,Doryopteris pedata (L.) Fée,Pteridaceae,Doryopteris,SPECIES,PRESERVED_SPECIMEN,1982-03-03,1982,-71.23,19.375,NA,821cc27a-e3bb-4bc5-ac34-89ada245069d,US,US,26,03,MONCIÓN,042603,874c89734ffffff
http://n2t.net/ark:/65665/38054d574-eeec-4ee9-aa38-43ab795441fb,1320104211,Tillandsia schiedeana,Tillandsia schiedeana Steud.,Bromeliaceae,Tillandsia,SPECIES,PRESERVED_SPECIMEN,1985-07-15,1985,-71.23,19.37,NA,821cc27a-e3bb-4bc5-ac34-89ada245069d,US,US,26,03,MONCIÓN,042603,874c89730ffffff
http://n2t.net/ark:/65665/388214d2b-759e-4b14-998b-f8712b527169,1320280116,Tillandsia paniculata,Tillandsia paniculata (L.) L.,Bromeliaceae,Tillandsia,SPECIES,PRESERVED_SPECIMEN,1952-08-10,1952,-71.17,19.43,NA,821cc27a-e3bb-4bc5-ac34-89ada245069d,US,US,26,03,MONCIÓN,042603,874c89081ffffff
http://n2t.net/ark:/65665/38a385bab-b1df-49a7-9fd3-d805c05242b5,1320326959,Exostema ellipticum,Exostema ellipticum Griseb.,Rubiaceae,Exostema,SPECIES,PRESERVED_SPECIMEN,1992-05-30,1992,-71.25,19.33,NA,821cc27a-e3bb-4bc5-ac34-89ada245069d,US,US,26,03,MONCIÓN,042603,874c89714ffffff
http://n2t.net/ark:/65665/38b2bcb0b-78a7-470a-aee4-2e3f884fa4e8,1675924415,Doryopteris pedata,Doryopteris pedata (L.) Fée,Pteridaceae,Doryopteris,SPECIES,PRESERVED_SPECIMEN,1983-05-23,1983,-71.1667,19.4,NA,821cc27a-e3bb-4bc5-ac34-89ada245069d,US,US,26,03,MONCIÓN,042603,874c8908affffff
http://n2t.net/ark:/65665/394369f80-69c7-4d9c-b07b-8d452b66bcd8,1320552804,Calyptronoma rivalis,Calyptronoma rivalis (O.F.Cook) L.H.Bailey,Arecaceae,Calyptronoma,SPECIES,PRESERVED_SPECIMEN,1985-07-15,1985,-71.2333,19.3667,NA,821cc27a-e3bb-4bc5-ac34-89ada245069d,US,US,26,03,MONCIÓN,042603,874c89730ffffff
http://n2t.net/ark:/65665/39e1e23c9-667e-4eb3-b7e7-1fea8b034748,1320777030,Coccoloba diversifolia,Coccoloba diversifolia Jacq.,Polygonaceae,Coccoloba,SPECIES,PRESERVED_SPECIMEN,1983-05-23,1983,-71.17,19.4,NA,821cc27a-e3bb-4bc5-ac34-89ada245069d,US,US,26,03,MONCIÓN,042603,874c8908affffff
http://n2t.net/ark:/65665/3aef4305d-5b1b-4d28-b0fb-a042fb753024,1321158675,Rhytidophyllum auriculatum,Rhytidophyllum auriculatum var. angustatum Urb.,Gesneriaceae,Rhytidophyllum,VARIETY,PRESERVED_SPECIMEN,1949-03-15,1949,-71.17,19.42,NA,821cc27a-e3bb-4bc5-ac34-89ada245069d,US,US,26,03,MONCIÓN,042603,874c8908effffff
http://n2t.net/ark:/65665/3b6f61c3b-40ed-435a-b177-79aa8b915d7e,1321339078,Symplocos cubensis,Symplocos berteroi (A.DC.) Miers,Symplocaceae,Symplocos,SPECIES,PRESERVED_SPECIMEN,1987-06-10,1987,-71.22,19.375,NA,821cc27a-e3bb-4bc5-ac34-89ada245069d,US,US,26,03,MONCIÓN,042603,874c89734ffffff
http://n2t.net/ark:/65665/3b7b83aaa-f1b1-403d-8494-5b6e7b8d7bd0,1321356243,Simarouba glauca,Simarouba glauca DC.,Simaroubaceae,Simarouba,SPECIES,PRESERVED_SPECIMEN,1987-06-10,1987,-71.22,19.375,NA,821cc27a-e3bb-4bc5-ac34-89ada245069d,US,US,26,03,MONCIÓN,042603,874c89734ffffff
http://n2t.net/ark:/65665/3c4d96adc-b621-4afa-8695-05716fa89cae,1321654018,Clusia minor,Clusia minor L.,Clusiaceae,Clusia,SPECIES,PRESERVED_SPECIMEN,1983-05-23,1983,-71.17,19.4,NA,821cc27a-e3bb-4bc5-ac34-89ada245069d,US,US,26,03,MONCIÓN,042603,874c8908affffff
http://n2t.net/ark:/65665/3c5376f56-2a28-4ae5-8251-95ac9ede0f4f,1321662185,Calyptronoma rivalis,Calyptronoma rivalis (O.F.Cook) L.H.Bailey,Arecaceae,Calyptronoma,SPECIES,PRESERVED_SPECIMEN,1985-07-15,1985,-71.2333,19.3667,NA,821cc27a-e3bb-4bc5-ac34-89ada245069d,US,US,26,03,MONCIÓN,042603,874c89730ffffff
http://n2t.net/ark:/65665/3ce508344-b785-41b2-92ea-1a7cb3db280d,1321866635,Calyptronoma rivalis,Calyptronoma rivalis (O.F.Cook) L.H.Bailey,Arecaceae,Calyptronoma,SPECIES,PRESERVED_SPECIMEN,1985-07-15,1985,-71.2333,19.3667,NA,821cc27a-e3bb-4bc5-ac34-89ada245069d,US,US,26,03,MONCIÓN,042603,874c89730ffffff
http://specimens.kew.org/herbarium/K000341324,1020040074,Pinus occidentalis,Pinus occidentalis Sw.,Pinaceae,Pinus,SPECIES,PRESERVED_SPECIMEN,1929-10-31T00:00,1929,-71.166667,19.416667,NA,cd6e21c8-9e8a-493a-8a76-fbf7862069e5,K,Herbarium,26,03,MONCIÓN,042603,874c8908effffff
http://specimens.kew.org/herbarium/K000458278,912384533,Anatherum virginicum,Andropogon virginicus L.,Poaceae,Anatherum,SPECIES,PRESERVED_SPECIMEN,1929-06-08T00:00,1929,-71.166667,19.466667,2000,cd6e21c8-9e8a-493a-8a76-fbf7862069e5,K,Herbarium,26,03,MONCIÓN,042603,874c890a3ffffff
http://specimens.kew.org/herbarium/K000458279,912384497,Anatherum virginicum,Andropogon virginicus L.,Poaceae,Anatherum,SPECIES,PRESERVED_SPECIMEN,1929-06-08T00:00,1929,-71.166667,19.466667,2000,cd6e21c8-9e8a-493a-8a76-fbf7862069e5,K,Herbarium,26,03,MONCIÓN,042603,874c890a3ffffff
http://specimens.kew.org/herbarium/K000458280,912384522,Anatherum virginicum,Andropogon virginicus L.,Poaceae,Anatherum,SPECIES,PRESERVED_SPECIMEN,1929-06-08T00:00,1929,-71.166667,19.466667,2000,cd6e21c8-9e8a-493a-8a76-fbf7862069e5,K,Herbarium,26,03,MONCIÓN,042603,874c890a3ffffff
http://specimens.kew.org/herbarium/K000481023,912401308,Tillandsia paniculata,Tillandsia paniculata (L.) L.,Bromeliaceae,Tillandsia,SPECIES,PRESERVED_SPECIMEN,1929-07-01T00:00,1929,-71.166667,19.416667,2000,cd6e21c8-9e8a-493a-8a76-fbf7862069e5,K,Herbarium,26,03,MONCIÓN,042603,874c8908effffff
http://specimens.kew.org/herbarium/K000703574,5060682396,Bourreria succulenta,Bourreria succulenta Jacq.,Ehretiaceae,Bourreria,SPECIES,PRESERVED_SPECIMEN,1933-07-13T00:00,1933,-71.152574,19.410835,NA,cd6e21c8-9e8a-493a-8a76-fbf7862069e5,K,Herbarium,26,03,MONCIÓN,042603,874c89088ffffff
http://specimens.kew.org/herbarium/K000703680,5060678421,Hippobroma longiflora,Hippobroma longiflora (L.) G.Don,Campanulaceae,Hippobroma,SPECIES,PRESERVED_SPECIMEN,1931-06-20T00:00,1931,-71.152574,19.410835,NA,cd6e21c8-9e8a-493a-8a76-fbf7862069e5,K,Herbarium,26,03,MONCIÓN,042603,874c89088ffffff
http://specimens.kew.org/herbarium/K000703681,5060684421,Hippobroma longiflora,Hippobroma longiflora (L.) G.Don,Campanulaceae,Hippobroma,SPECIES,PRESERVED_SPECIMEN,1931-06-20T00:00,1931,-71.152574,19.410835,NA,cd6e21c8-9e8a-493a-8a76-fbf7862069e5,K,Herbarium,26,03,MONCIÓN,042603,874c89088ffffff
http://specimens.kew.org/herbarium/K000774660,5060686499,Uniola virgata,Uniola virgata (Poir.) Griseb.,Poaceae,Uniola,SPECIES,PRESERVED_SPECIMEN,1931-06-15T00:00,1931,-71.152574,19.410835,NA,cd6e21c8-9e8a-493a-8a76-fbf7862069e5,K,Herbarium,26,03,MONCIÓN,042603,874c89088ffffff
http://specimens.kew.org/herbarium/K000774673,5060678510,Uniola virgata,Uniola virgata (Poir.) Griseb.,Poaceae,Uniola,SPECIES,PRESERVED_SPECIMEN,1931-06-15T00:00,1931,-71.152574,19.410835,NA,cd6e21c8-9e8a-493a-8a76-fbf7862069e5,K,Herbarium,26,03,MONCIÓN,042603,874c89088ffffff
http://specimens.kew.org/herbarium/K000774717,5060681489,Badiera penaea,Badiera penaea (L.) DC.,Polygalaceae,Badiera,SPECIES,PRESERVED_SPECIMEN,1931-09-20T00:00,1931,-71.152574,19.410835,NA,cd6e21c8-9e8a-493a-8a76-fbf7862069e5,K,Herbarium,26,03,MONCIÓN,042603,874c89088ffffff
http://specimens.kew.org/herbarium/K000774721,5060679495,Badiera penaea,Badiera penaea (L.) DC.,Polygalaceae,Badiera,SPECIES,PRESERVED_SPECIMEN,1931-09-20T00:00,1931,-71.152574,19.410835,NA,cd6e21c8-9e8a-493a-8a76-fbf7862069e5,K,Herbarium,26,03,MONCIÓN,042603,874c89088ffffff
http://specimens.kew.org/herbarium/K000775503,5060685590,Rauvolfia nitida,Rauvolfia nitida Jacq.,Apocynaceae,Rauvolfia,SPECIES,PRESERVED_SPECIMEN,1931-06-24T00:00,1931,-71.152574,19.410835,NA,cd6e21c8-9e8a-493a-8a76-fbf7862069e5,K,Herbarium,26,03,MONCIÓN,042603,874c89088ffffff
http://specimens.kew.org/herbarium/K000775504,5060679559,Rauvolfia nitida,Rauvolfia nitida Jacq.,Apocynaceae,Rauvolfia,SPECIES,PRESERVED_SPECIMEN,1931-06-24T00:00,1931,-71.152574,19.410835,NA,cd6e21c8-9e8a-493a-8a76-fbf7862069e5,K,Herbarium,26,03,MONCIÓN,042603,874c89088ffffff
http://specimens.kew.org/herbarium/K000775699,5060681555,Sideroxylon foetidissimum,Sideroxylon foetidissimum subsp. foetidissimum,Sapotaceae,Sideroxylon,SUBSPECIES,PRESERVED_SPECIMEN,1933-07-12T00:00,1933,-71.152574,19.410835,NA,cd6e21c8-9e8a-493a-8a76-fbf7862069e5,K,Herbarium,26,03,MONCIÓN,042603,874c89088ffffff
http://specimens.kew.org/herbarium/K000775942,5060678595,Acalypha chamaedrifolia,Acalypha chamaedrifolia (Lam.) Müll.Arg.,Euphorbiaceae,Acalypha,SPECIES,PRESERVED_SPECIMEN,1929-05-20T00:00,1929,-71.152574,19.410835,NA,cd6e21c8-9e8a-493a-8a76-fbf7862069e5,K,Herbarium,26,03,MONCIÓN,042603,874c89088ffffff
http://specimens.kew.org/herbarium/K000788545,912598534,Solanum wendlandii,Solanum wendlandii Hook.fil.,Solanaceae,Solanum,SPECIES,PRESERVED_SPECIMEN,1931-06-18T00:00,1931,-71.156944,19.411111,NA,cd6e21c8-9e8a-493a-8a76-fbf7862069e5,K,Herbarium,26,03,MONCIÓN,042603,874c8908effffff
http://specimens.kew.org/herbarium/K000812336,4519391935,Myrcia barkeri,Calyptranthes barkeri Ekman & Urb.,Myrtaceae,Myrcia,SPECIES,PRESERVED_SPECIMEN,2013-05-23T00:00,2013,-71.25,19.35,NA,cd6e21c8-9e8a-493a-8a76-fbf7862069e5,K,Herbarium,26,03,MONCIÓN,042603,874c89732ffffff
http://specimens.kew.org/herbarium/K000819163,5060679707,Canella winterana,Canella winterana (L.) Gaertn.,Canellaceae,Canella,SPECIES,PRESERVED_SPECIMEN,1931-07-25T00:00,1931,-71.152574,19.410835,NA,cd6e21c8-9e8a-493a-8a76-fbf7862069e5,K,Herbarium,26,03,MONCIÓN,042603,874c89088ffffff
http://specimens.kew.org/herbarium/K000819381,5060686741,Euploca humifusa,Heliotropium humifusum Kunth,Heliotropiaceae,Euploca,SPECIES,PRESERVED_SPECIMEN,1930-06-09T00:00,1930,-71.152574,19.410835,NA,cd6e21c8-9e8a-493a-8a76-fbf7862069e5,K,Herbarium,26,03,MONCIÓN,042603,874c89088ffffff
http://specimens.kew.org/herbarium/K000819382,5060680738,Euploca humifusa,Heliotropium humifusum Kunth,Heliotropiaceae,Euploca,SPECIES,PRESERVED_SPECIMEN,1929-05-26T00:00,1929,-71.152574,19.410835,NA,cd6e21c8-9e8a-493a-8a76-fbf7862069e5,K,Herbarium,26,03,MONCIÓN,042603,874c89088ffffff
http://specimens.kew.org/herbarium/K001837354,5276385629,Calyptronoma rivalis,Calyptronoma rivalis (O.F.Cook) L.H.Bailey,Arecaceae,Calyptronoma,SPECIES,PRESERVED_SPECIMEN,1985-07-15T00:00,1985,-71.233333,19.366667,NA,cd6e21c8-9e8a-493a-8a76-fbf7862069e5,K,Herbarium,26,03,MONCIÓN,042603,874c89730ffffff
http://specimens.kew.org/herbarium/K004681406,5103985560,Exostema ellipticum,Exostema ellipticum Griseb.,Rubiaceae,Exostema,SPECIES,PRESERVED_SPECIMEN,1992-05-30T00:00,1992,-71.25,19.333333,NA,cd6e21c8-9e8a-493a-8a76-fbf7862069e5,K,Herbarium,26,03,MONCIÓN,042603,874c89714ffffff
https://data.biodiversitydata.nl/naturalis/specimen/L.4166058,2515269038,Badiera penaea,Badiera penaea (L.) DC.,Polygalaceae,Badiera,SPECIES,PRESERVED_SPECIMEN,2006-06-13,2006,-71.20908,19.38782,NA,15f819bd-6612-4447-854b-14d12ee1022d,,Botany,26,03,MONCIÓN,042603,874c8909bffffff
https://data.biodiversitydata.nl/naturalis/specimen/U.1019843,2517283863,Psilotum nudum,Psilotum nudum (L.) P.Beauv.,Psilotaceae,Psilotum,SPECIES,PRESERVED_SPECIMEN,1985-07-15,1985,-71.23333,19.36667,NA,15f819bd-6612-4447-854b-14d12ee1022d,,Botany,26,03,MONCIÓN,042603,874c89730ffffff
https://data.biodiversitydata.nl/naturalis/specimen/U.1037712,2516901404,Anemia underwoodiana,Anemia underwoodiana Maxon,Anemiaceae,Anemia,SPECIES,PRESERVED_SPECIMEN,1983-05-23,1983,-71.16667,19.4,NA,15f819bd-6612-4447-854b-14d12ee1022d,,Botany,26,03,MONCIÓN,042603,874c8908affffff
https://data.biodiversitydata.nl/naturalis/specimen/U.1174395,2517085133,Tillandsia schiedeana,Tillandsia schiedeana Steud.,Bromeliaceae,Tillandsia,SPECIES,PRESERVED_SPECIMEN,1985-07-15,1985,-71.23333,19.36667,NA,15f819bd-6612-4447-854b-14d12ee1022d,,Botany,26,03,MONCIÓN,042603,874c89730ffffff
https://data.biodiversitydata.nl/naturalis/specimen/U.1174396,2516925421,Tillandsia schiedeana,Tillandsia schiedeana Steud.,Bromeliaceae,Tillandsia,SPECIES,PRESERVED_SPECIMEN,1985-07-15,1985,-71.23333,19.36667,NA,15f819bd-6612-4447-854b-14d12ee1022d,,Botany,26,03,MONCIÓN,042603,874c89730ffffff
https://data.biodiversitydata.nl/naturalis/specimen/U.1246631,2517162195,Indigofera tinctoria,Indigofera tinctoria L.,Fabaceae,Indigofera,SPECIES,PRESERVED_SPECIMEN,1984-10-04,1984,-71.16667,19.4,NA,15f819bd-6612-4447-854b-14d12ee1022d,,Botany,26,03,MONCIÓN,042603,874c8908affffff
https://data.biodiversitydata.nl/naturalis/specimen/U.1474370,2515644968,Phyllanthus juglandifolius,Phyllanthus juglandifolius Willd.,Phyllanthaceae,Phyllanthus,SPECIES,PRESERVED_SPECIMEN,1985-07-15,1985,-71.23333,19.36667,NA,15f819bd-6612-4447-854b-14d12ee1022d,,Botany,26,03,MONCIÓN,042603,874c89730ffffff
https://data.biodiversitydata.nl/naturalis/specimen/U.1596345,2517515084,Chrysophyllum oliviforme,Chrysophyllum oliviforme var. picardae (Urb.) Cronquist,Sapotaceae,Chrysophyllum,VARIETY,PRESERVED_SPECIMEN,1985-07-16,1985,-71.18333,19.38333,NA,15f819bd-6612-4447-854b-14d12ee1022d,,Botany,26,03,MONCIÓN,042603,874c89099ffffff
https://www.inaturalist.org/observations/250824029,4982125965,Coleus scutellarioides,Coleus scutellarioides (L.) Benth.,Lamiaceae,Coleus,SPECIES,HUMAN_OBSERVATION,2024-11-07T15:51:46,2024,-71.263031,19.344125,4,50c9509d-22c7-4a22-a47d-8c48425ef4a7,iNaturalist,Observations,26,03,MONCIÓN,042603,874c89449ffffff
https://www.inaturalist.org/observations/250829713,4980250339,Sphagneticola trilobata,Sphagneticola trilobata (L.) Pruski,Asteraceae,Sphagneticola,SPECIES,HUMAN_OBSERVATION,2024-11-07T16:36:22,2024,-71.262574,19.344295,9,50c9509d-22c7-4a22-a47d-8c48425ef4a7,iNaturalist,Observations,26,03,MONCIÓN,042603,874c89449ffffff
https://www.inaturalist.org/observations/250830488,4980460521,Pimenta racemosa,Pimenta racemosa (Mill.) J.W.Moore,Myrtaceae,Pimenta,SPECIES,HUMAN_OBSERVATION,2024-11-07T16:38:52,2024,-71.26284,19.346598,865,50c9509d-22c7-4a22-a47d-8c48425ef4a7,iNaturalist,Observations,26,03,MONCIÓN,042603,874c89449ffffff
https://www.inaturalist.org/observations/250902719,4980496504,Tillandsia pruinosa,Tillandsia pruinosa Sw.,Bromeliaceae,Tillandsia,SPECIES,HUMAN_OBSERVATION,2024-11-08T09:12:28,2024,-71.262507,19.345013,8,50c9509d-22c7-4a22-a47d-8c48425ef4a7,iNaturalist,Observations,26,03,MONCIÓN,042603,874c89449ffffff
https://www.inaturalist.org/observations/250903044,4980705229,Centrosema virginianum,Centrosema virginianum (L.) Benth.,Fabaceae,Centrosema,SPECIES,HUMAN_OBSERVATION,2024-11-08T09:15:41,2024,-71.262642,19.344496,35,50c9509d-22c7-4a22-a47d-8c48425ef4a7,iNaturalist,Observations,26,03,MONCIÓN,042603,874c89449ffffff
https://www.inaturalist.org/observations/250903315,6179556936,Chaetocarpus globosus,Chaetocarpus globosus (Sw.) Fawc. & Rendle,Peraceae,Chaetocarpus,SPECIES,HUMAN_OBSERVATION,2024-11-08T09:14:30,2024,-71.262642,19.344497,35,50c9509d-22c7-4a22-a47d-8c48425ef4a7,iNaturalist,Observations,26,03,MONCIÓN,042603,874c89449ffffff
https://www.inaturalist.org/observations/250903528,4980431130,Casuarina equisetifolia,Casuarina equisetifolia L.,Casuarinaceae,Casuarina,SPECIES,HUMAN_OBSERVATION,2024-11-08T09:21:12,2024,-71.26195,19.34666,20,50c9509d-22c7-4a22-a47d-8c48425ef4a7,iNaturalist,Observations,26,03,MONCIÓN,042603,874c89449ffffff
https://www.inaturalist.org/observations/250903636,4981920036,Tridax procumbens,Tridax procumbens L.,Asteraceae,Tridax,SPECIES,HUMAN_OBSERVATION,2024-11-08T09:16:56,2024,-71.262435,19.345493,NA,50c9509d-22c7-4a22-a47d-8c48425ef4a7,iNaturalist,Observations,26,03,MONCIÓN,042603,874c89449ffffff
https://www.inaturalist.org/observations/250903663,4980429064,Lantana camara,Lantana camara L.,Verbenaceae,Lantana,SPECIES,HUMAN_OBSERVATION,2024-11-08T09:15:59,2024,-71.262406,19.345472,NA,50c9509d-22c7-4a22-a47d-8c48425ef4a7,iNaturalist,Observations,26,03,MONCIÓN,042603,874c89449ffffff
https://www.inaturalist.org/observations/250903880,4980539763,Sphagneticola trilobata,Sphagneticola trilobata (L.) Pruski,Asteraceae,Sphagneticola,SPECIES,HUMAN_OBSERVATION,2024-11-08T09:24:23,2024,-71.262086,19.346649,117,50c9509d-22c7-4a22-a47d-8c48425ef4a7,iNaturalist,Observations,26,03,MONCIÓN,042603,874c89449ffffff
https://www.inaturalist.org/observations/250903963,5006741034,Euphorbia leucocephala,Euphorbia leucocephala Lotsy,Euphorbiaceae,Euphorbia,SPECIES,HUMAN_OBSERVATION,2024-11-08T09:26:20,2024,-71.262355,19.346913,1412,50c9509d-22c7-4a22-a47d-8c48425ef4a7,iNaturalist,Observations,26,03,MONCIÓN,042603,874c89449ffffff
https://www.inaturalist.org/observations/250905864,4982113372,Zinnia elegans,Zinnia elegans Jacq.,Asteraceae,Zinnia,SPECIES,HUMAN_OBSERVATION,2024-11-08T09:49:40,2024,-71.262541,19.347469,7,50c9509d-22c7-4a22-a47d-8c48425ef4a7,iNaturalist,Observations,26,03,MONCIÓN,042603,874c89449ffffff
https://www.inaturalist.org/observations/250906833,4980748249,Urena lobata,Urena lobata L.,Malvaceae,Urena,SPECIES,HUMAN_OBSERVATION,2024-11-08T09:12:53,2024,-71.262887,19.344148,6,50c9509d-22c7-4a22-a47d-8c48425ef4a7,iNaturalist,Observations,26,03,MONCIÓN,042603,874c89449ffffff
https://www.inaturalist.org/observations/250907284,4980626465,Centrosema virginianum,Centrosema virginianum (L.) Benth.,Fabaceae,Centrosema,SPECIES,HUMAN_OBSERVATION,2024-11-08T09:29:42,2024,-71.262933,19.344177,5,50c9509d-22c7-4a22-a47d-8c48425ef4a7,iNaturalist,Observations,26,03,MONCIÓN,042603,874c89449ffffff
https://www.inaturalist.org/observations/250907609,4981988588,Zinnia elegans,Zinnia elegans Jacq.,Asteraceae,Zinnia,SPECIES,HUMAN_OBSERVATION,2024-11-08T09:33:02,2024,-71.262929,19.344178,5,50c9509d-22c7-4a22-a47d-8c48425ef4a7,iNaturalist,Observations,26,03,MONCIÓN,042603,874c89449ffffff
https://www.inaturalist.org/observations/250907716,5036921621,Stachytarpheta mutabilis,Stachytarpheta mutabilis (Jacq.) Vahl,Verbenaceae,Stachytarpheta,SPECIES,HUMAN_OBSERVATION,2024-11-08T09:38:40,2024,-71.262929,19.344173,5,50c9509d-22c7-4a22-a47d-8c48425ef4a7,iNaturalist,Observations,26,03,MONCIÓN,042603,874c89449ffffff
https://www.inaturalist.org/observations/250908683,4980726872,Acalypha hispida,Acalypha hispida Burm.fil.,Euphorbiaceae,Acalypha,SPECIES,HUMAN_OBSERVATION,2024-11-08T09:18:05,2024,-71.262715,19.344374,210,50c9509d-22c7-4a22-a47d-8c48425ef4a7,iNaturalist,Observations,26,03,MONCIÓN,042603,874c89449ffffff
https://www.inaturalist.org/observations/250908693,6422915840,Borreria remota,Spermacoce remota Lam.,Rubiaceae,Borreria,SPECIES,HUMAN_OBSERVATION,2024-11-08T09:18:48,2024,-71.262201,19.347521,130,50c9509d-22c7-4a22-a47d-8c48425ef4a7,iNaturalist,Observations,26,03,MONCIÓN,042603,874c89449ffffff
https://www.inaturalist.org/observations/250909609,4980348964,Paullinia pinnata,Paullinia pinnata L.,Sapindaceae,Paullinia,SPECIES,HUMAN_OBSERVATION,2024-11-08T09:24:13,2024,-71.262715,19.344374,210,50c9509d-22c7-4a22-a47d-8c48425ef4a7,iNaturalist,Observations,26,03,MONCIÓN,042603,874c89449ffffff
https://www.inaturalist.org/observations/250909830,4980646567,Petrea volubilis,Petrea volubilis L.,Verbenaceae,Petrea,SPECIES,HUMAN_OBSERVATION,2024-11-08T10:13:26,2024,-71.263949,19.342491,149,50c9509d-22c7-4a22-a47d-8c48425ef4a7,iNaturalist,Observations,26,03,MONCIÓN,042603,874c89449ffffff
https://www.inaturalist.org/observations/250910518,4980410102,Centratherum punctatum,Centratherum punctatum Cass.,Asteraceae,Centratherum,SPECIES,HUMAN_OBSERVATION,2024-11-08T09:29:49,2024,-71.262715,19.344374,210,50c9509d-22c7-4a22-a47d-8c48425ef4a7,iNaturalist,Observations,26,03,MONCIÓN,042603,874c89449ffffff
https://www.inaturalist.org/observations/250910644,6163222580,Varronia lima,Varronia lima Desv.,Cordiaceae,Varronia,SPECIES,HUMAN_OBSERVATION,2024-11-08T09:32:18,2024,-71.262715,19.344374,210,50c9509d-22c7-4a22-a47d-8c48425ef4a7,iNaturalist,Observations,26,03,MONCIÓN,042603,874c89449ffffff
https://www.inaturalist.org/observations/250911064,4980250020,Urena lobata,Urena lobata L.,Malvaceae,Urena,SPECIES,HUMAN_OBSERVATION,2024-11-08T09:39:57,2024,-71.262715,19.344374,210,50c9509d-22c7-4a22-a47d-8c48425ef4a7,iNaturalist,Observations,26,03,MONCIÓN,042603,874c89449ffffff
https://www.inaturalist.org/observations/250911309,4980605621,Chromolaena odorata,Chromolaena odorata (L.) R.M.King & H.Rob.,Asteraceae,Chromolaena,SPECIES,HUMAN_OBSERVATION,2024-11-08T09:41:03,2024,-71.262715,19.344374,210,50c9509d-22c7-4a22-a47d-8c48425ef4a7,iNaturalist,Observations,26,03,MONCIÓN,042603,874c89449ffffff
https://www.inaturalist.org/observations/250912012,4980533242,Solanum torvum,Solanum torvum Sw.,Solanaceae,Solanum,SPECIES,HUMAN_OBSERVATION,2024-11-08T09:50:43,2024,-71.262566,19.347534,NA,50c9509d-22c7-4a22-a47d-8c48425ef4a7,iNaturalist,Observations,26,03,MONCIÓN,042603,874c89449ffffff
https://www.inaturalist.org/observations/250912326,4980488343,Lantana camara,Lantana camara L.,Verbenaceae,Lantana,SPECIES,HUMAN_OBSERVATION,2024-11-08T09:26:41,2024,-71.262474,19.345152,NA,50c9509d-22c7-4a22-a47d-8c48425ef4a7,iNaturalist,Observations,26,03,MONCIÓN,042603,874c89449ffffff
https://www.inaturalist.org/observations/250913472,4980618261,Urena lobata,Urena lobata L.,Malvaceae,Urena,SPECIES,HUMAN_OBSERVATION,2024-11-08T09:26:30,2024,-71.262989,19.344353,156,50c9509d-22c7-4a22-a47d-8c48425ef4a7,iNaturalist,Observations,26,03,MONCIÓN,042603,874c89449ffffff
https://www.inaturalist.org/observations/250916493,4980504371,Crescentia cujete,Crescentia cujete L.,Bignoniaceae,Crescentia,SPECIES,HUMAN_OBSERVATION,2024-11-08T11:38:45,2024,-71.263016,19.343859,NA,50c9509d-22c7-4a22-a47d-8c48425ef4a7,iNaturalist,Observations,26,03,MONCIÓN,042603,874c89449ffffff
https://www.inaturalist.org/observations/253632862,6185863639,Calliandra haematomma,Calliandra haematomma var. rivularis (Urb. & Ekman) Barneby,Fabaceae,Calliandra,VARIETY,HUMAN_OBSERVATION,2024-11-30T08:22:28,2024,-71.126372,19.403447,4,50c9509d-22c7-4a22-a47d-8c48425ef4a7,iNaturalist,Observations,26,03,MONCIÓN,042603,874c8908dffffff
https://www.inaturalist.org/observations/253633380,4994574753,Centrosema virginianum,Centrosema virginianum (L.) Benth.,Fabaceae,Centrosema,SPECIES,HUMAN_OBSERVATION,2024-11-30T08:22:02,2024,-71.126328,19.403495,12,50c9509d-22c7-4a22-a47d-8c48425ef4a7,iNaturalist,Observations,26,03,MONCIÓN,042603,874c8908dffffff
https://www.inaturalist.org/observations/254638763,4993773153,Dillenia indica,Dillenia indica L.,Dilleniaceae,Dillenia,SPECIES,HUMAN_OBSERVATION,2024-12-06T09:29:37,2024,-71.254069,19.340528,531,50c9509d-22c7-4a22-a47d-8c48425ef4a7,iNaturalist,Observations,26,03,MONCIÓN,042603,874c89714ffffff
https://www.inaturalist.org/observations/257959074,5036899832,Paullinia pinnata,Paullinia pinnata L.,Sapindaceae,Paullinia,SPECIES,HUMAN_OBSERVATION,2025-01-09T11:13:03,2025,-71.251551,19.364423,7,50c9509d-22c7-4a22-a47d-8c48425ef4a7,iNaturalist,Observations,26,03,MONCIÓN,042603,874c89732ffffff
https://www.inaturalist.org/observations/257959118,5036930085,Blechnum occidentale,Blechnum occidentale L.,Blechnaceae,Blechnum,SPECIES,HUMAN_OBSERVATION,2025-01-09T11:13:51,2025,-71.25155,19.364352,6,50c9509d-22c7-4a22-a47d-8c48425ef4a7,iNaturalist,Observations,26,03,MONCIÓN,042603,874c89732ffffff
https://www.inaturalist.org/observations/257959297,5036886006,Inga laurina,Inga laurina (Sw.) Willd.,Fabaceae,Inga,SPECIES,HUMAN_OBSERVATION,2025-01-09T11:15:46,2025,-71.251581,19.364385,7,50c9509d-22c7-4a22-a47d-8c48425ef4a7,iNaturalist,Observations,26,03,MONCIÓN,042603,874c89732ffffff
https://www.inaturalist.org/observations/257959567,5037191766,Cecropia schreberiana,Cecropia schreberiana Miq.,Urticaceae,Cecropia,SPECIES,HUMAN_OBSERVATION,2025-01-09T11:22:01,2025,-71.25151,19.364686,4,50c9509d-22c7-4a22-a47d-8c48425ef4a7,iNaturalist,Observations,26,03,MONCIÓN,042603,874c89732ffffff
https://www.inaturalist.org/observations/257959633,5036852675,Miconia crenata,Miconia crenata (Vahl) Michelang.,Melastomataceae,Miconia,SPECIES,HUMAN_OBSERVATION,2025-01-09T11:23:59,2025,-71.251315,19.364663,4,50c9509d-22c7-4a22-a47d-8c48425ef4a7,iNaturalist,Observations,26,03,MONCIÓN,042603,874c89732ffffff
https://www.inaturalist.org/observations/257959707,5036888489,Anemia hirsuta,Anemia hirsuta (L.) Sw.,Anemiaceae,Anemia,SPECIES,HUMAN_OBSERVATION,2025-01-09T11:25:22,2025,-71.251307,19.364758,5,50c9509d-22c7-4a22-a47d-8c48425ef4a7,iNaturalist,Observations,26,03,MONCIÓN,042603,874c89732ffffff
https://www.inaturalist.org/observations/257959916,5036916446,Anemia underwoodiana,Anemia underwoodiana Maxon,Anemiaceae,Anemia,SPECIES,HUMAN_OBSERVATION,2025-01-09T11:26:07,2025,-71.25127,19.364723,6,50c9509d-22c7-4a22-a47d-8c48425ef4a7,iNaturalist,Observations,26,03,MONCIÓN,042603,874c89732ffffff
https://www.inaturalist.org/observations/260062781,5063608108,Cyperus odoratus,Cyperus odoratus L.,Cyperaceae,Cyperus,SPECIES,HUMAN_OBSERVATION,2024-12-08T07:01:53,2024,-71.261588,19.346313,59,50c9509d-22c7-4a22-a47d-8c48425ef4a7,iNaturalist,Observations,26,03,MONCIÓN,042603,874c89449ffffff
https://www.inaturalist.org/observations/266535765,6185204539,Tridax procumbens,Tridax procumbens L.,Asteraceae,Tridax,SPECIES,HUMAN_OBSERVATION,2025-03-22T17:43:08,2025,-71.119907,19.406638,8,50c9509d-22c7-4a22-a47d-8c48425ef4a7,iNaturalist,Observations,26,03,MONCIÓN,042603,874c8908dffffff
https://www.inaturalist.org/observations/266535779,5108098931,Jatropha gossypiifolia,Jatropha gossypiifolia L.,Euphorbiaceae,Jatropha,SPECIES,HUMAN_OBSERVATION,2025-03-22T17:44:19,2025,-71.120167,19.406773,6,50c9509d-22c7-4a22-a47d-8c48425ef4a7,iNaturalist,Observations,26,03,MONCIÓN,042603,874c8908dffffff
https://www.inaturalist.org/observations/292987635,5216098299,Spathoglottis plicata,Spathoglottis plicata Blume,Orchidaceae,Spathoglottis,SPECIES,HUMAN_OBSERVATION,2025-06-26T18:00:38,2025,-71.22044,19.37998,334,50c9509d-22c7-4a22-a47d-8c48425ef4a7,iNaturalist,Observations,26,03,MONCIÓN,042603,874c89734ffffff
https://www.inaturalist.org/observations/295761500,5903926749,Moringa oleifera,Moringa oleifera Lam.,Moringaceae,Moringa,SPECIES,HUMAN_OBSERVATION,2025-07-06T11:59:02,2025,-71.091763,19.428748,5,50c9509d-22c7-4a22-a47d-8c48425ef4a7,iNaturalist,Observations,26,03,MONCIÓN,042603,874c8901affffff
https://www.inaturalist.org/observations/311703959,5936100926,Catharanthus roseus,Catharanthus roseus (L.) G.Don,Apocynaceae,Catharanthus,SPECIES,HUMAN_OBSERVATION,2025-09-04T06:50:49,2025,-71.214245,19.391079,3,50c9509d-22c7-4a22-a47d-8c48425ef4a7,iNaturalist,Observations,26,03,MONCIÓN,042603,874c8909bffffff
https://www.inaturalist.org/observations/311703973,5936259445,Catharanthus roseus,Catharanthus roseus (L.) G.Don,Apocynaceae,Catharanthus,SPECIES,HUMAN_OBSERVATION,2025-09-04T06:51:06,2025,-71.2142,19.390826,39,50c9509d-22c7-4a22-a47d-8c48425ef4a7,iNaturalist,Observations,26,03,MONCIÓN,042603,874c8909bffffff
https://www.inaturalist.org/observations/311704029,5827609866,Abrus precatorius,Abrus precatorius L.,Fabaceae,Abrus,SPECIES,HUMAN_OBSERVATION,2025-09-04T06:52:06,2025,-71.214254,19.391013,3,50c9509d-22c7-4a22-a47d-8c48425ef4a7,iNaturalist,Observations,26,03,MONCIÓN,042603,874c8909bffffff
https://www.inaturalist.org/observations/315933328,5830389642,Eugenia domingensis,Eugenia domingensis O.Berg,Myrtaceae,Eugenia,SPECIES,HUMAN_OBSERVATION,2025-09-22T14:01:14,2025,-71.23775,19.366205,5,50c9509d-22c7-4a22-a47d-8c48425ef4a7,iNaturalist,Observations,26,03,MONCIÓN,042603,874c89730ffffff
https://www.inaturalist.org/observations/349795662,6234763573,Carissa macrocarpa,Carissa macrocarpa (Eckl.) A.DC.,Apocynaceae,Carissa,SPECIES,HUMAN_OBSERVATION,2026-04-14T11:48:45,2026,-71.262994,19.344092,8,50c9509d-22c7-4a22-a47d-8c48425ef4a7,iNaturalist,Observations,26,03,MONCIÓN,042603,874c89449ffffff
https://www.inaturalist.org/observations/370000268,6399092754,Faramea occidentalis,Faramea occidentalis (L.) A.Rich.,Rubiaceae,Faramea,SPECIES,HUMAN_OBSERVATION,2026-06-04T11:16:48,2026,-71.170788,19.416311,2252,50c9509d-22c7-4a22-a47d-8c48425ef4a7,iNaturalist,Observations,26,03,MONCIÓN,042603,874c8908effffff
https://www.inaturalist.org/observations/375566519,6423195448,Petiveria alliacea,Petiveria alliacea L.,Petiveriaceae,Petiveria,SPECIES,HUMAN_OBSERVATION,2026-06-18T13:11:05,2026,-71.14996,19.412728,3,50c9509d-22c7-4a22-a47d-8c48425ef4a7,iNaturalist,Observations,26,03,MONCIÓN,042603,874c8908cffffff
q-10276581708,3952364021,Euphorbia leucocephala,Euphorbia leucocephala Lotsy,Euphorbiaceae,Euphorbia,SPECIES,HUMAN_OBSERVATION,2020-11-04T12:56:10.714Z,2020,-71.171554,19.398925,NA,14d5676a-2c54-4f94-9023-1e8dcd822aa0,,,26,03,MONCIÓN,042603,874c8908affffff
q-10276582507,3959068510,Euphorbia leucocephala,Euphorbia leucocephala Lotsy,Euphorbiaceae,Euphorbia,SPECIES,HUMAN_OBSERVATION,2020-11-04T12:58:26.473Z,2020,-71.171554,19.398925,NA,14d5676a-2c54-4f94-9023-1e8dcd822aa0,,,26,03,MONCIÓN,042603,874c8908affffff
q-10276601490,3952546497,Euphorbia leucocephala,Euphorbia leucocephala Lotsy,Euphorbiaceae,Euphorbia,SPECIES,HUMAN_OBSERVATION,2020-11-04T13:50:01.933Z,2020,-71.171554,19.398925,NA,14d5676a-2c54-4f94-9023-1e8dcd822aa0,,,26,03,MONCIÓN,042603,874c8908affffff
q-10294500766,3955823938,Coccoloba uvifera,Coccoloba uvifera (L.) L.,Polygonaceae,Coccoloba,SPECIES,HUMAN_OBSERVATION,2021-01-19T12:36:00.438Z,2021,-71.16027,19.411982,NA,14d5676a-2c54-4f94-9023-1e8dcd822aa0,,,26,03,MONCIÓN,042603,874c8908effffff
q-10296303035,3953852546,Euphorbia milii,Euphorbia milii Des Moul.,Euphorbiaceae,Euphorbia,SPECIES,HUMAN_OBSERVATION,2021-01-28T01:15:52.416Z,2021,-71.160051,19.41202,12,14d5676a-2c54-4f94-9023-1e8dcd822aa0,,,26,03,MONCIÓN,042603,874c8908effffff
q-10337956635,3959201267,Mangifera indica,Mangifera indica L.,Anacardiaceae,Mangifera,SPECIES,HUMAN_OBSERVATION,2021-04-29T21:55:53.436Z,2021,-71.163744,19.407213,11,14d5676a-2c54-4f94-9023-1e8dcd822aa0,,,26,03,MONCIÓN,042603,874c8908effffff
q-10529966047,3957734530,Coccoloba uvifera,Coccoloba uvifera (L.) L.,Polygonaceae,Coccoloba,SPECIES,HUMAN_OBSERVATION,2022-02-21T17:35:50.150Z,2022,-71.160157,19.412046,13,14d5676a-2c54-4f94-9023-1e8dcd822aa0,,,26,03,MONCIÓN,042603,874c8908effffff
q-10529966362,3958414834,Psidium guajava,Psidium guajava L.,Myrtaceae,Psidium,SPECIES,HUMAN_OBSERVATION,2022-02-21T17:36:57.368Z,2022,-71.160319,19.412019,21,14d5676a-2c54-4f94-9023-1e8dcd822aa0,,,26,03,MONCIÓN,042603,874c8908effffff
q-10536705138,3954237620,Calotropis procera,Calotropis procera (Aiton) W.T.Aiton,Apocynaceae,Calotropis,SPECIES,HUMAN_OBSERVATION,2022-03-13T19:05:00.270Z,2022,-71.081086,19.467463,5,14d5676a-2c54-4f94-9023-1e8dcd822aa0,,,26,03,MONCIÓN,042603,874c89011ffffff
q-10637397619,3955128543,Russelia equisetiformis,Russelia equisetiformis Schltdl. & Cham.,Plantaginaceae,Russelia,SPECIES,HUMAN_OBSERVATION,2022-06-30T15:33:28.793Z,2022,-71.122766,19.429599,NA,14d5676a-2c54-4f94-9023-1e8dcd822aa0,,,26,03,MONCIÓN,042603,874c890abffffff
urn:catalog:AK:AK:AK113736,1897837204,Microgramma piloselloides,Microgramma piloselloides (L.) Copel.,Polypodiaceae,Microgramma,SPECIES,PRESERVED_SPECIMEN,,NA,-71.216667,19.383333,NA,83ae84cf-88e4-4b5c-80b2-271a15a3e0fc,AK,AK,26,03,MONCIÓN,042603,874c8909bffffff
urn:catalog:MO:Tropicos:100210575,1257563301,Passiflora rubra,Passiflora rubra L.,Passifloraceae,Passiflora,SPECIES,PRESERVED_SPECIMEN,1961-03-26,1961,-71.166667,19.416667,NA,e053ff53-c156-4e2e-b9b5-4462e9625424,G,Tropicos,26,03,MONCIÓN,042603,874c8908effffff
urn:catalog:MO:Tropicos:100295627,1257645436,Passiflora murucuja,Passiflora murucuja L.,Passifloraceae,Passiflora,SPECIES,PRESERVED_SPECIMEN,1961-03-26,1961,-71.166667,19.416667,NA,e053ff53-c156-4e2e-b9b5-4462e9625424,US,Tropicos,26,03,MONCIÓN,042603,874c8908effffff
urn:catalog:MO:Tropicos:100353354,1257702345,Cardiospermum halicacabum,Cardiospermum halicacabum L.,Sapindaceae,Cardiospermum,SPECIES,PRESERVED_SPECIMEN,1977-10-21,1977,-71.15257,19.41084,NA,7bd65a7a-f762-11e1-a439-00145eb45e9a,MO,Tropicos,26,03,MONCIÓN,042603,874c89088ffffff
urn:catalog:MO:Tropicos:100353356,1257702364,Monteverdia domingensis,Monteverdia domingensis (Krug & Urb.) Biral,Celastraceae,Monteverdia,SPECIES,PRESERVED_SPECIMEN,1977-10-21,1977,-71.15257,19.41084,NA,7bd65a7a-f762-11e1-a439-00145eb45e9a,MO,Tropicos,26,03,MONCIÓN,042603,874c89088ffffff
urn:catalog:MO:Tropicos:100353921,1257702892,Sidastrum multiflorum,Sida acuminata DC.,Malvaceae,Sidastrum,SPECIES,PRESERVED_SPECIMEN,1977-10-21,1977,-71.15257,19.41084,NA,7bd65a7a-f762-11e1-a439-00145eb45e9a,MO,Tropicos,26,03,MONCIÓN,042603,874c89088ffffff
urn:catalog:MO:Tropicos:100353923,1257702923,Sida ciliaris,Sida ciliaris L.,Malvaceae,Sida,SPECIES,PRESERVED_SPECIMEN,1977-10-21,1977,-71.15257,19.41084,NA,7bd65a7a-f762-11e1-a439-00145eb45e9a,MO,Tropicos,26,03,MONCIÓN,042603,874c89088ffffff
urn:catalog:MO:Tropicos:100353925,1257702905,Sida cordifolia,Sida cordifolia L.,Malvaceae,Sida,SPECIES,PRESERVED_SPECIMEN,1977-10-21,1977,-71.15257,19.41084,NA,7bd65a7a-f762-11e1-a439-00145eb45e9a,MO,Tropicos,26,03,MONCIÓN,042603,874c89088ffffff
urn:catalog:MO:Tropicos:100353934,1257702898,Sida jamaicensis,Sida jamaicensis L.,Malvaceae,Sida,SPECIES,PRESERVED_SPECIMEN,1977-10-21,1977,-71.1667,19.4167,NA,7bd65a7a-f762-11e1-a439-00145eb45e9a,MO,Tropicos,26,03,MONCIÓN,042603,874c8908effffff
urn:catalog:MO:Tropicos:100353939,1257702925,Sida cordifolia,Sida maculata Cav.,Malvaceae,Sida,SPECIES,PRESERVED_SPECIMEN,1977-10-21,1977,-71.15257,19.41084,NA,7bd65a7a-f762-11e1-a439-00145eb45e9a,MO,Tropicos,26,03,MONCIÓN,042603,874c89088ffffff
urn:catalog:MO:Tropicos:100353982,1257702954,Wissadula amplissima,Wissadula amplissima (L.) R.E.Fr.,Malvaceae,Wissadula,SPECIES,PRESERVED_SPECIMEN,1977-10-21,1977,-71.1667,19.4167,NA,7bd65a7a-f762-11e1-a439-00145eb45e9a,MO,Tropicos,26,03,MONCIÓN,042603,874c8908effffff
urn:catalog:MO:Tropicos:100354020,1257702989,Triumfetta lappula,Triumfetta lappula L.,Malvaceae,Triumfetta,SPECIES,PRESERVED_SPECIMEN,1977-10-21,1977,-71.1667,19.4167,NA,7bd65a7a-f762-11e1-a439-00145eb45e9a,MO,Tropicos,26,03,MONCIÓN,042603,874c8908effffff
urn:catalog:MO:Tropicos:100354465,1257703429,Myrcia neolaevigata,Calyptranthes laevigata Urb. & Ekman,Myrtaceae,Myrcia,SPECIES,PRESERVED_SPECIMEN,1977-10-21,1977,-71.1667,19.4167,NA,7bd65a7a-f762-11e1-a439-00145eb45e9a,MO,Tropicos,26,03,MONCIÓN,042603,874c8908effffff
urn:catalog:MO:Tropicos:100354470,1257703406,Myrcianthes fragrans,Myrcianthes fragrans (Sw.) McVaugh,Myrtaceae,Myrcianthes,SPECIES,PRESERVED_SPECIMEN,1977-10-21,1977,-71.1667,19.4167,NA,7bd65a7a-f762-11e1-a439-00145eb45e9a,MO,Tropicos,26,03,MONCIÓN,042603,874c8908effffff
urn:catalog:MO:Tropicos:100354536,1257703500,Varronia lima,Varronia lima Desv.,Cordiaceae,Varronia,SPECIES,PRESERVED_SPECIMEN,1977-10-21,1977,-71.1667,19.4167,NA,7bd65a7a-f762-11e1-a439-00145eb45e9a,MO,Tropicos,26,03,MONCIÓN,042603,874c8908effffff
urn:catalog:MO:Tropicos:100354541,1257703504,Varronia bullata,Cordia globosa (Jacq.) Kunth,Cordiaceae,Varronia,SPECIES,PRESERVED_SPECIMEN,1977-10-21,1977,-71.1667,19.4167,NA,7bd65a7a-f762-11e1-a439-00145eb45e9a,MO,Tropicos,26,03,MONCIÓN,042603,874c8908effffff
urn:catalog:MO:Tropicos:100354622,1257703561,Metastelma astephanoides,Metastelma astephanoides Schltr.,Apocynaceae,Metastelma,SPECIES,PRESERVED_SPECIMEN,1977-10-21,1977,-71.1667,19.4167,NA,7bd65a7a-f762-11e1-a439-00145eb45e9a,MO,Tropicos,26,03,MONCIÓN,042603,874c8908effffff
urn:catalog:MO:Tropicos:100354647,1257703588,Jacquemontia verticillata,Jacquemontia verticillata (L.) Urb.,Convolvulaceae,Jacquemontia,SPECIES,PRESERVED_SPECIMEN,1977-10-21,1977,-71.1667,19.4167,NA,7bd65a7a-f762-11e1-a439-00145eb45e9a,MO,Tropicos,26,03,MONCIÓN,042603,874c8908effffff
urn:catalog:MO:Tropicos:101195914,2806568590,Diospyros crassinervis,Diospyros crassinervis subsp. urbaniana (Leonard) Alain,Ebenaceae,Diospyros,SUBSPECIES,PRESERVED_SPECIMEN,1929-05-26,1929,-71.166667,19.416667,NA,e053ff53-c156-4e2e-b9b5-4462e9625424,A,Tropicos,26,03,MONCIÓN,042603,874c8908effffff
urn:catalog:MO:Tropicos:102426271,4060924320,Passiflora bicrura,Passiflora bicrura Urb.,Passifloraceae,Passiflora,SPECIES,PRESERVED_SPECIMEN,1969-10-15,1969,-71.166667,19.416667,NA,e053ff53-c156-4e2e-b9b5-4462e9625424,NY,Tropicos,26,03,MONCIÓN,042603,874c8908effffff
urn:catalog:MO:Tropicos:102569196,4060999538,Passiflora rubra,Passiflora rubra L.,Passifloraceae,Passiflora,SPECIES,PRESERVED_SPECIMEN,1961-03-26,1961,-71.166667,19.416667,NA,e053ff53-c156-4e2e-b9b5-4462e9625424,US,Tropicos,26,03,MONCIÓN,042603,874c8908effffff
urn:catalog:MO:Tropicos:103145178,4061857369,Diospyros crassinervis,Diospyros crassinervis subsp. urbaniana (Leonard) Alain,Ebenaceae,Diospyros,SUBSPECIES,PRESERVED_SPECIMEN,1929-05-26,1929,-71.166667,19.416667,NA,e053ff53-c156-4e2e-b9b5-4462e9625424,S,Tropicos,26,03,MONCIÓN,042603,874c8908effffff
urn:catalog:MO:Tropicos:103145179,4061334907,Diospyros crassinervis,Diospyros crassinervis subsp. urbaniana (Leonard) Alain,Ebenaceae,Diospyros,SUBSPECIES,PRESERVED_SPECIMEN,1929-05-26,1929,-71.166667,19.416667,NA,e053ff53-c156-4e2e-b9b5-4462e9625424,LL,Tropicos,26,03,MONCIÓN,042603,874c8908effffff
urn:catalog:MO:Tropicos:103145180,4061857236,Diospyros crassinervis,Diospyros crassinervis subsp. urbaniana (Leonard) Alain,Ebenaceae,Diospyros,SUBSPECIES,PRESERVED_SPECIMEN,1929-05-26,1929,-71.166667,19.416667,NA,e053ff53-c156-4e2e-b9b5-4462e9625424,US,Tropicos,26,03,MONCIÓN,042603,874c8908effffff
urn:catalog:MO:Tropicos:2310079,1259611236,Bouteloua juncea,Bouteloua juncea (Desv. ex P.Beauv.) Hitchc.,Poaceae,Bouteloua,SPECIES,PRESERVED_SPECIMEN,1929,1929,-71.1667,19.4167,NA,7bd65a7a-f762-11e1-a439-00145eb45e9a,MO,Tropicos,26,03,MONCIÓN,042603,874c8908effffff
urn:catalog:MO:Tropicos:2310190,1259611355,Bouteloua juncea,Bouteloua juncea (Desv. ex P.Beauv.) Hitchc.,Poaceae,Bouteloua,SPECIES,PRESERVED_SPECIMEN,1929-06-30,1929,-71.1667,19.4167,NA,7bd65a7a-f762-11e1-a439-00145eb45e9a,MO,Tropicos,26,03,MONCIÓN,042603,874c8908effffff
urn:catalog:MO:Tropicos:2315188,1259617111,Psychilis cogniauxii,Psychilis cogniauxii (L.O.Williams) Sauleda,Orchidaceae,Psychilis,SPECIES,PRESERVED_SPECIMEN,1930-08-11,1930,-71.166,19.416,NA,7bd65a7a-f762-11e1-a439-00145eb45e9a,MO,Tropicos,26,03,MONCIÓN,042603,874c8908effffff
urn:catalog:MO:Tropicos:2317173,1259619196,Tolumnia guianensis,Tolumnia intermedia (Bertero ex Spreng.) H.Dietr.,Orchidaceae,Tolumnia,SPECIES,PRESERVED_SPECIMEN,1929-11-06,1929,-71.166,19.416,NA,7bd65a7a-f762-11e1-a439-00145eb45e9a,MO,Tropicos,26,03,MONCIÓN,042603,874c8908effffff
urn:catalog:MO:Tropicos:2323179,1259625224,Paspalum breve,Paspalum breve Chase,Poaceae,Paspalum,SPECIES,PRESERVED_SPECIMEN,1977-10-21,1977,-71.1667,19.4167,NA,7bd65a7a-f762-11e1-a439-00145eb45e9a,MO,Tropicos,26,03,MONCIÓN,042603,874c8908effffff
urn:catalog:MO:Tropicos:2327085,1259630037,Sporobolus pyramidalis,Sporobolus jacquemontii Kunth,Poaceae,Sporobolus,SPECIES,PRESERVED_SPECIMEN,1931-05-27,1931,-71.166,19.416,NA,7bd65a7a-f762-11e1-a439-00145eb45e9a,MO,Tropicos,26,03,MONCIÓN,042603,874c8908effffff
urn:catalog:MO:Tropicos:2357120,1259662590,Alysicarpus Desv.,Alysicarpus Desv.,Fabaceae,Alysicarpus,GENUS,PRESERVED_SPECIMEN,1977-10-21,1977,-71.1667,19.4167,NA,7bd65a7a-f762-11e1-a439-00145eb45e9a,MO,Tropicos,26,03,MONCIÓN,042603,874c8908effffff
urn:catalog:MO:Tropicos:2357557,1259663749,Ateleia microcarpa,Ateleia microcarpa (Pers.) D.Dietr.,Fabaceae,Ateleia,SPECIES,PRESERVED_SPECIMEN,1977-10-21,1977,-71.1667,19.4167,NA,7bd65a7a-f762-11e1-a439-00145eb45e9a,MO,Tropicos,26,03,MONCIÓN,042603,874c8908effffff
urn:catalog:MO:Tropicos:2359533,1259665436,Portulaca oleracea,Portulaca oleracea L.,Portulacaceae,Portulaca,SPECIES,PRESERVED_SPECIMEN,1977-10-21,1977,-71.1667,19.4167,NA,7bd65a7a-f762-11e1-a439-00145eb45e9a,MO,Tropicos,26,03,MONCIÓN,042603,874c8908effffff
urn:catalog:MO:Tropicos:2360317,1259666545,Anredera vesicaria,Anredera vesicaria (Lam.) C.F.Gaertn.,Basellaceae,Anredera,SPECIES,PRESERVED_SPECIMEN,1929-10-21,1929,-71.1667,19.4167,NA,7bd65a7a-f762-11e1-a439-00145eb45e9a,MO,Tropicos,26,03,MONCIÓN,042603,874c8908effffff
urn:catalog:MO:Tropicos:2365477,1259671468,Desmodium procumbens,Desmodium procumbens (Mill.) C.L.Hitchc.,Fabaceae,Desmodium,SPECIES,PRESERVED_SPECIMEN,1977-10-21,1977,-71.1667,19.4167,NA,7bd65a7a-f762-11e1-a439-00145eb45e9a,MO,Tropicos,26,03,MONCIÓN,042603,874c8908effffff
urn:catalog:MO:Tropicos:2366121,1259672490,Pictetia sulcata,Pictetia sulcata (P.Beauv.) Beyra & Lavin,Fabaceae,Pictetia,SPECIES,PRESERVED_SPECIMEN,1984-10-04,1984,-71.16666,19.4,NA,7bd65a7a-f762-11e1-a439-00145eb45e9a,MO,Tropicos,26,03,MONCIÓN,042603,874c8908affffff
urn:catalog:MO:Tropicos:2367838,1259674298,Gliricidia sepium,Gliricidia sepium (Jacq.) Kunth,Fabaceae,Gliricidia,SPECIES,PRESERVED_SPECIMEN,1930-01-06,1930,-71.166,19.416,NA,7bd65a7a-f762-11e1-a439-00145eb45e9a,MO,Tropicos,26,03,MONCIÓN,042603,874c8908effffff
urn:catalog:MO:Tropicos:2387712,1259696719,Chamaecrista pedicellaris,Chamaecrista pedicellaris (DC.) Britton,Fabaceae,Chamaecrista,SPECIES,PRESERVED_SPECIMEN,1977-10-21,1977,-71.1667,19.4167,NA,7bd65a7a-f762-11e1-a439-00145eb45e9a,MO,Tropicos,26,03,MONCIÓN,042603,874c8908effffff
urn:catalog:MO:Tropicos:2467713,1259784787,Guazuma ulmifolia,Guazuma ulmifolia Lam.,Malvaceae,Guazuma,SPECIES,PRESERVED_SPECIMEN,1929-10-18,1929,-71.1667,19.4167,NA,7bd65a7a-f762-11e1-a439-00145eb45e9a,MO,Tropicos,26,03,MONCIÓN,042603,874c8908effffff
urn:catalog:MO:Tropicos:2565349,1259892536,Condea americana,Condea americana (Poir.) Harley & J.F.B.Pastore,Lamiaceae,Condea,SPECIES,PRESERVED_SPECIMEN,1983-05-23,1983,-71.166667,19.4,NA,7bd65a7a-f762-11e1-a439-00145eb45e9a,MO,Tropicos,26,03,MONCIÓN,042603,874c8908affffff
urn:catalog:MO:Tropicos:2581670,1259910610,Hexasepalum apiculatum,Hexasepalum apiculatum (Willd.) Delprete & J.H.Kirkbr.,Rubiaceae,Hexasepalum,SPECIES,PRESERVED_SPECIMEN,1929-10-22,1929,-71.1667,19.4167,NA,7bd65a7a-f762-11e1-a439-00145eb45e9a,MO,Tropicos,26,03,MONCIÓN,042603,874c8908effffff
urn:catalog:MO:Tropicos:2581758,1259910665,Exostema longiflorum,Solenandra longiflora (Lamb.) Paudyal & Delprete,Rubiaceae,Exostema,SPECIES,PRESERVED_SPECIMEN,1992-05-30,1992,-71.25,19.333333,NA,7bd65a7a-f762-11e1-a439-00145eb45e9a,MO,Tropicos,26,03,MONCIÓN,042603,874c89714ffffff
urn:catalog:MO:Tropicos:2582688,1259911738,Exostema ellipticum,Solenandra elliptica (Griseb.) Paudyal & Delprete,Rubiaceae,Exostema,SPECIES,PRESERVED_SPECIMEN,1992-05-30,1992,-71.25,19.333333,NA,7bd65a7a-f762-11e1-a439-00145eb45e9a,MO,Tropicos,26,03,MONCIÓN,042603,874c89714ffffff
urn:catalog:MO:Tropicos:2720483,1260063487,Stachytarpheta mutabilis,Stachytarpheta mutabilis (Jacq.) Vahl,Verbenaceae,Stachytarpheta,SPECIES,PRESERVED_SPECIMEN,1992-05-30,1992,-71.25,19.33333,NA,7bd65a7a-f762-11e1-a439-00145eb45e9a,MO,Tropicos,26,03,MONCIÓN,042603,874c89714ffffff
urn:catalog:MO:Tropicos:3150898,1260538380,Jatropha gossypiifolia,Jatropha gossypiifolia var. jamaicensis Dehgan & Almira,Euphorbiaceae,Jatropha,VARIETY,PRESERVED_SPECIMEN,1929-10-19,1929,-71.1667,19.4167,NA,7bd65a7a-f762-11e1-a439-00145eb45e9a,MO,Tropicos,26,03,MONCIÓN,042603,874c8908effffff
urn:catalog:MO:Tropicos:3152084,1260539678,Eugenia monticola,Eugenia maleolens Pers.,Myrtaceae,Eugenia,SPECIES,PRESERVED_SPECIMEN,1999,1999,-71.2,19.41666,NA,7bd65a7a-f762-11e1-a439-00145eb45e9a,MO,Tropicos,26,03,MONCIÓN,042603,874c8909cffffff
urn:catalog:MO:Tropicos:3477067,1260898409,Passiflora bicrura,Passiflora bicrura Urb.,Passifloraceae,Passiflora,SPECIES,PRESERVED_SPECIMEN,1969-10-15,1969,-71.166667,19.416667,NA,e053ff53-c156-4e2e-b9b5-4462e9625424,GH,Tropicos,26,03,MONCIÓN,042603,874c8908effffff
