occurrenceID,gbifID,especie,scientificName,family,genus,taxonRank,basisOfRecord,eventDate,year,decimalLongitude,decimalLatitude,coordinateUncertaintyInMeters,datasetKey,institutionCode,collectionCode,provincia_codigo,municipio_codigo,municipio,id_municipio,hex_id
00b801fb-2597-4e97-a517-62730c297bab,1457743976,Asplenium serra,Asplenium serra Langsd. & Fisch.,Aspleniaceae,Asplenium,SPECIES,PRESERVED_SPECIMEN,2004-04-23,2004,-71.533889,18.206389,NA,b89d52a2-861d-4388-adad-c0da3d55fc78,UF,,10,02,DUVERGÉ,061002,876725a4effffff
00e58748-5348-4529-9f19-30db17623473,1927780474,Acroporium pungens,Acroporium pungens (Hedw.) Broth.,Sematophyllaceae,Acroporium,SPECIES,PRESERVED_SPECIMEN,1981-03-21,1981,-71.7,18.32,NA,d415c253-4d61-4459-9d25-4015b9084fb0,NY,NY,10,02,DUVERGÉ,061002,876725a02ffffff
010d6338-6a56-420f-a4fc-d86ee7f07548,1457744086,Miconia luteola,Miconia luteola Cogn.,Melastomataceae,Miconia,SPECIES,PRESERVED_SPECIMEN,1988-04-10,1988,-71.533333,18.216667,NA,b89d52a2-861d-4388-adad-c0da3d55fc78,UF,,10,02,DUVERGÉ,061002,876725a41ffffff
0172b954-3252-4918-b114-c3d592de52c4,1927788424,Cyclodictyon albicans,Cyclodictyon albicans (Hedw.) Kuntze,Callicostaceae,Cyclodictyon,SPECIES,PRESERVED_SPECIMEN,1981-03-21,1981,-71.7,18.28,NA,d415c253-4d61-4459-9d25-4015b9084fb0,NY,NY,10,02,DUVERGÉ,061002,876725a18ffffff
021cd77d-e831-4696-9dd0-a736150fe142,1927800356,Barbellopsis trichophora,Barbellopsis trichophora (Mont.) W.R. Buck,Meteoriaceae,Barbellopsis,SPECIES,PRESERVED_SPECIMEN,1987-01-24,1987,-71.55,18.27,NA,d415c253-4d61-4459-9d25-4015b9084fb0,NY,NY,10,02,DUVERGÉ,061002,876725a62ffffff
02295964-005a-454c-b8ab-dc480cb21626,1927797837,Chrysophyllum oliviforme,Chrysophyllum oliviforme L.,Sapotaceae,Chrysophyllum,SPECIES,PRESERVED_SPECIMEN,1985-03-16,1985,-71.57,18.32,NA,d415c253-4d61-4459-9d25-4015b9084fb0,NY,NY,10,02,DUVERGÉ,061002,876725b58ffffff
02b365ee-c1e5-4f20-82a4-050d5be819e7,1304605896,Solanum crotonoides,Solanum crotonoides Lam.,Solanaceae,Solanum,SPECIES,OCCURRENCE,1983-08-18,1983,-71.716667,18.3,NA,07044577-bd82-4089-9f3a-f4a9d2170b2e,Bioversity,,10,02,DUVERGÉ,061002,876725a1effffff
02df4524-d349-4ba5-95ff-6b7027278642,2238706448,Miconia longicollis,Miconia longicollis (Urb. & Cogn.) Judd & Becquer,Melastomataceae,Miconia,SPECIES,PRESERVED_SPECIMEN,2016-02-04,2016,-71.70435,18.31383,NA,b89d52a2-861d-4388-adad-c0da3d55fc78,UF,,10,02,DUVERGÉ,061002,876725a02ffffff
02e01bce-2e94-4210-8dc8-60eab0260256,1846482332,Chamissoa altissima,Chamissoa altissima (Jacq.) Kunth,Amaranthaceae,Chamissoa,SPECIES,PRESERVED_SPECIMEN,2016-02-04,2016,-71.694167,18.322917,NA,3c59bd42-7bfd-421b-8da4-275780390e4c,DES,,10,02,DUVERGÉ,061002,876725a02ffffff
02ee40a4-71ca-471f-ac44-837e759f75dc,1927812017,Myriopus selleanus,Tournefortia selleana Urb. & Ekman,Heliotropiaceae,Myriopus,SPECIES,PRESERVED_SPECIMEN,1985-03-17,1985,-71.5,18.23,NA,d415c253-4d61-4459-9d25-4015b9084fb0,NY,NY,10,02,DUVERGÉ,061002,876725a68ffffff
0339564e-d0ac-4983-8516-9918c75ca00e,1927813428,Polystichum underwoodii,Polystichum underwoodii Maxon,Dryopteridaceae,Polystichum,SPECIES,PRESERVED_SPECIMEN,2000-07-02,2000,-71.71128,18.30906,NA,d415c253-4d61-4459-9d25-4015b9084fb0,NY,NY,10,02,DUVERGÉ,061002,876725a11ffffff
0347e16c-afb1-481d-8158-01cbc3116bb1,1927814090,Meteoridium remotifolium,Meteoridium remotifolium (Müll. Hal.) Manuel,Brachytheciaceae,Meteoridium,SPECIES,PRESERVED_SPECIMEN,1981-03-21,1981,-71.7,18.28,NA,d415c253-4d61-4459-9d25-4015b9084fb0,NY,NY,10,02,DUVERGÉ,061002,876725a18ffffff
038c5cf6-774e-499f-8ae2-c99d278dfc42,1927817833,Lyonia microcarpa,Lyonia microcarpa Urb. & Ekman,Ericaceae,Lyonia,SPECIES,PRESERVED_SPECIMEN,1983-08-17,1983,-71.7,18.3,NA,d415c253-4d61-4459-9d25-4015b9084fb0,NY,NY,10,02,DUVERGÉ,061002,876725a1cffffff
03a262d552eb1c0b5601af95d7351bc8,5101592157,Badiera subrhombifolia,Badiera subrhombifolia J.R.Abbott,Polygalaceae,Badiera,SPECIES,PRESERVED_SPECIMEN,2006-06-03,2006,-71.534167,18.206111,NA,356b321d-7d47-4380-89e2-87bae6d8c250,INECOL,XAL,10,02,DUVERGÉ,061002,876725a4effffff
03d2effd-b377-44dc-885e-342119d38e47,1846559798,Melocactus lemairei,Melocactus lemairei (Monv. ex Lem.) Miq.,Cactaceae,Melocactus,SPECIES,PRESERVED_SPECIMEN,2016-02-05,2016,-71.65288,18.41222,NA,3c59bd42-7bfd-421b-8da4-275780390e4c,DES,,10,02,DUVERGÉ,061002,876725b0effffff
043ba8a8-572b-458b-8fdb-373f486ded53,1927827477,Miconia jimenezii,Miconia jimenezii Judd & R.S.Beaman,Melastomataceae,Miconia,SPECIES,PRESERVED_SPECIMEN,2016-02-04,2016,-71.69344,18.30459,NA,d415c253-4d61-4459-9d25-4015b9084fb0,NY,NY,10,02,DUVERGÉ,061002,876725a1cffffff
05c39afd-8043-46ba-bc04-b0209be1c39f,1927850106,Palamocladium leskeoides,Palamocladium leskeoides (Hook.) E. Britton,Brachytheciaceae,Palamocladium,SPECIES,PRESERVED_SPECIMEN,1981-03-21,1981,-71.7,18.28,NA,d415c253-4d61-4459-9d25-4015b9084fb0,NY,NY,10,02,DUVERGÉ,061002,876725a18ffffff
05cba2dd-6a28-463f-a101-f57a14720ad1,1927850149,Squamidium leucotrichum,Squamidium leucotrichum (Taylor) Broth.,Brachytheciaceae,Squamidium,SPECIES,PRESERVED_SPECIMEN,1987-01-25,1987,-71.52,18.27,NA,d415c253-4d61-4459-9d25-4015b9084fb0,NY,NY,10,02,DUVERGÉ,061002,876725a61ffffff
06d22068-7a09-4edd-893f-8fd0c81fa108,1927863977,Pilosocereus polygonus,Pilosocereus royenii (L.) Byles & G.D.Rowley,Cactaceae,Pilosocereus,SPECIES,PRESERVED_SPECIMEN,1985-05-09,1985,-71.57,18.28,NA,d415c253-4d61-4459-9d25-4015b9084fb0,NY,NY,10,02,DUVERGÉ,061002,876725a75ffffff
07097547-fc6c-4719-9bea-345e441e4a3b,2828373462,Dicranum Hedw.,Dicranum Hedw.,Dicranaceae,Dicranum,GENUS,PRESERVED_SPECIMEN,1987-01-26,1987,-71.6167,18.25,1000,15738fee-78b1-4751-bcc1-cbf7139c68de,CANB,CANB,10,02,DUVERGÉ,061002,876725a54ffffff
0734966f-b7c4-4bd1-8ec2-0ed3a7b3a925,5132796319,Pilea frutescens,Pilea frutescens Urb.,Urticaceae,Pilea,SPECIES,PRESERVED_SPECIMEN,2014-08-14,2014,-71.70967,18.31069,NA,d415c253-4d61-4459-9d25-4015b9084fb0,NY,NY,10,02,DUVERGÉ,061002,876725a11ffffff
07492f408ed24ae3d0eae1dcba82ab00,2629574159,Badiera subrhombifolia,Badiera subrhombifolia J.R.Abbott,Polygalaceae,Badiera,SPECIES,PRESERVED_SPECIMEN,2006-06-03,2006,-71.534167,18.206111,NA,98c51784-da02-4f0e-81a4-f3635cb3cba7,INECOL,XAL,10,02,DUVERGÉ,061002,876725a4effffff
077dc382-bbb7-44ca-a172-8996f5470747,1927873824,Weissia jamaicensis,Weissia jamaicensis (Mitt.) Grout,Pottiaceae,Weissia,SPECIES,PRESERVED_SPECIMEN,1981-03-21,1981,-71.7,18.28,NA,d415c253-4d61-4459-9d25-4015b9084fb0,NY,NY,10,02,DUVERGÉ,061002,876725a18ffffff
07a1169e-0c5c-47b7-908a-44549c3d8343,4853577355,Pleurochaete squarrosa,Pleurochaete squarrosa (Brid.) Lindb.,Pottiaceae,Pleurochaete,SPECIES,PRESERVED_SPECIMEN,2023-12-30,2023,-71.688276,18.322359,NA,18a1c6ab-183c-4989-88f5-f81505d04f11,CGCC,,10,02,DUVERGÉ,061002,876725a00ffffff
07dd3c2f-8f63-4397-bc9e-ba3c87caf33c,5836321529,Guettarda saxicola,Guettarda saxicola Urb.,Rubiaceae,Guettarda,SPECIES,PRESERVED_SPECIMEN,2021-05-25,2021,-71.57073,18.28896,NA,b89d52a2-861d-4388-adad-c0da3d55fc78,UF,,10,02,DUVERGÉ,061002,876725a75ffffff
08a2b478-cfe1-4ce4-bac7-1d0e36ef7cc8,1927890627,Prionodon densus,Prionodon densus (Sw. ex Hedw.) Müll. Hal.,Prionodontaceae,Prionodon,SPECIES,PRESERVED_SPECIMEN,1983-08-18,1983,-71.708333,18.3,NA,d415c253-4d61-4459-9d25-4015b9084fb0,NY,NY,10,02,DUVERGÉ,061002,876725a1cffffff
08ebf259-eda4-459b-b894-f779af33966c,1927894604,Brachythecium ruderale,Brachythecium ruderale (Brid.) W.R. Buck,Brachytheciaceae,Brachythecium,SPECIES,PRESERVED_SPECIMEN,1981-03-21,1981,-71.63,18.35,NA,d415c253-4d61-4459-9d25-4015b9084fb0,NY,NY,10,02,DUVERGÉ,061002,876725a21ffffff
090571f1-3f4a-478b-85f3-a3b249afb703,1927895520,Miconia macrocarpa,Miconia macrocarpa subsp. macrocarpa,Melastomataceae,Miconia,SUBSPECIES,PRESERVED_SPECIMEN,2016-02-04,2016,-71.69695,18.30256,NA,d415c253-4d61-4459-9d25-4015b9084fb0,NY,NY,10,02,DUVERGÉ,061002,876725a1cffffff
099f40a2-19d4-45b3-b68b-3651b2786398,1927904712,Chimaphila umbellata,Chimaphila umbellata subsp. domingensis (S.F.Blake) Dorr,Ericaceae,Chimaphila,SUBSPECIES,PRESERVED_SPECIMEN,1983-08-17,1983,-71.7,18.3,NA,d415c253-4d61-4459-9d25-4015b9084fb0,NY,NY,10,02,DUVERGÉ,061002,876725a1cffffff
0a0a62ba-d839-4111-8105-492960685caa,2235395390,Elaphoglossum squamicostatum,Elaphoglossum squamicostatum A.Rojas,Dryopteridaceae,Elaphoglossum,SPECIES,PRESERVED_SPECIMEN,1983-08-18,1983,-71.7083,18.3,NA,d415c253-4d61-4459-9d25-4015b9084fb0,NY,NY,10,02,DUVERGÉ,061002,876725a1cffffff
0a0c8701-4599-4604-8b72-c3257f990915,1927909721,Polystichum echinatum,Polystichum echinatum (J.F.Gmel.) C.Chr.,Dryopteridaceae,Polystichum,SPECIES,PRESERVED_SPECIMEN,1987-01-26,1987,-71.47,18.23,NA,d415c253-4d61-4459-9d25-4015b9084fb0,NY,NY,10,02,DUVERGÉ,061002,874cd669affffff
0a3e56f0-29e7-4c0d-b6b4-a994553ab638,1927912525,Lomaridium fragile,Blechnum fragile (Liebm.) C.V.Morton & Lellinger,Blechnaceae,Lomaridium,SPECIES,PRESERVED_SPECIMEN,1983-08-18,1983,-71.7083,18.3,NA,d415c253-4d61-4459-9d25-4015b9084fb0,NY,NY,10,02,DUVERGÉ,061002,876725a1cffffff
0a5767ac-fe2b-4d70-bcc9-1339dd12f670,3329398785,Euphorbia peplus,Euphorbia peplus L.,Euphorbiaceae,Euphorbia,SPECIES,PRESERVED_SPECIMEN,2006-07-08,2006,-71.533889,18.206389,NA,b89d52a2-861d-4388-adad-c0da3d55fc78,UF,,10,02,DUVERGÉ,061002,876725a4effffff
0a61d63b-c0dd-4fee-85c8-f838b704e7be,1927914454,Asplenium theciferum,Loxoscaphe theciferum (Kunth) T.Moore,Aspleniaceae,Asplenium,SPECIES,PRESERVED_SPECIMEN,1985-03-19,1985,-71.53,18.2,NA,d415c253-4d61-4459-9d25-4015b9084fb0,NY,NY,10,02,DUVERGÉ,061002,876725a48ffffff
0aaa4c16-e440-41cb-89b4-149b315a4f7e,1927918374,Solanum crotonoides,Solanum crotonoides Lam.,Solanaceae,Solanum,SPECIES,PRESERVED_SPECIMEN,2006-07-08,2006,-71.5339,18.2064,NA,d415c253-4d61-4459-9d25-4015b9084fb0,NY,NY,10,02,DUVERGÉ,061002,876725a4effffff
0c71aa16-47f1-48e4-98f4-873e3cbdaad4,4598146305,Melochia tomentosa,Melochia tomentosa L.,Malvaceae,Melochia,SPECIES,PRESERVED_SPECIMEN,2021-05-25,2021,-71.56438,18.32747,NA,b89d52a2-861d-4388-adad-c0da3d55fc78,UF,,10,02,DUVERGÉ,061002,876725b58ffffff
0cbb5afb-1ef3-440e-bdb4-8709416b95e3,1927947328,Pseudomacromitrium cirrosum,Macromitrium cirrosum (Hedw.) Brid.,Orthotrichaceae,Pseudomacromitrium,SPECIES,PRESERVED_SPECIMEN,1981-03-21,1981,-71.7,18.32,NA,d415c253-4d61-4459-9d25-4015b9084fb0,NY,NY,10,02,DUVERGÉ,061002,876725a02ffffff
0d53fd0e-7318-4c6d-99f0-f711241812a3,1927955855,Rhynchostegium robustum,Rhynchostegium robustum W.R. Buck,Brachytheciaceae,Rhynchostegium,SPECIES,PRESERVED_SPECIMEN,1987-01-24,1987,-71.55,18.27,NA,d415c253-4d61-4459-9d25-4015b9084fb0,NY,NY,10,02,DUVERGÉ,061002,876725a62ffffff
0d63c5e3-be5c-40a5-98ec-03e6292e9027,1927956911,Prunus myrtifolia,Prunus myrtifolia (L.) Urb.,Rosaceae,Prunus,SPECIES,PRESERVED_SPECIMEN,1985-05-09,1985,-71.57,18.28,NA,d415c253-4d61-4459-9d25-4015b9084fb0,NY,NY,10,02,DUVERGÉ,061002,876725a75ffffff
0d913788-cd73-4aba-a507-51f57b192094,1927959564,Sophora albopetiolulata,Sophora albopetiolulata Leonard,Fabaceae,Sophora,SPECIES,PRESERVED_SPECIMEN,1985-05-09,1985,-71.5,18.23,NA,d415c253-4d61-4459-9d25-4015b9084fb0,NY,NY,10,02,DUVERGÉ,061002,876725a68ffffff
0e1dc60b-5547-4f0d-9bdd-95456a9646ff,1846483000,Miconia luteola,Miconia luteola Cogn.,Melastomataceae,Miconia,SPECIES,PRESERVED_SPECIMEN,2016-02-04,2016,-71.69344,18.30459,NA,3c59bd42-7bfd-421b-8da4-275780390e4c,DES,,10,02,DUVERGÉ,061002,876725a1cffffff
0e443f12-0c61-4d53-8b90-8e82379ea243,1927969232,Rhynchostegium serrulatum,Rhynchostegium serrulatum (Hedw.) A.Jaeger,Brachytheciaceae,Rhynchostegium,SPECIES,PRESERVED_SPECIMEN,1981-03-21,1981,-71.63,18.35,NA,d415c253-4d61-4459-9d25-4015b9084fb0,NY,NY,10,02,DUVERGÉ,061002,876725a21ffffff
0e6e2992-dd7e-442b-bed8-9edbdc6bfb8d,2236940228,Peperomia infravillosa,Peperomia montazosana Trel.,Piperaceae,Peperomia,SPECIES,PRESERVED_SPECIMEN,1985-05-08,1985,-71.466667,18.233333,NA,861e6afe-f762-11e1-a439-00145eb45e9a,GH,GH,10,02,DUVERGÉ,061002,874cd669affffff
0ed235a7-7e76-4b94-a792-41f5f54ce03e,1927976755,Fissidens bryoides,Fissidens bryoides Hedw.,Fissidentaceae,Fissidens,SPECIES,PRESERVED_SPECIMEN,1987-01-25,1987,-71.6,18.25,NA,d415c253-4d61-4459-9d25-4015b9084fb0,NY,NY,10,02,DUVERGÉ,061002,876725a55ffffff
0f03cd14-5796-46a1-8464-41c3bbb53d80,1927979357,Condea chyliantha,Hyptis chyliantha Urb. & Ekman,Lamiaceae,Condea,SPECIES,PRESERVED_SPECIMEN,1983-08-17,1983,-71.7,18.32,NA,d415c253-4d61-4459-9d25-4015b9084fb0,NY,NY,10,02,DUVERGÉ,061002,876725a02ffffff
0fc48ce5-cc5d-4b79-a05e-e942e7ce19e8,1927990173,Atrichum polycarpum,Atrichum polycarpum (Müll. Hal.) Schimp. ex Spruce,Polytrichaceae,Atrichum,SPECIES,PRESERVED_SPECIMEN,1981-03-21,1981,-71.7,18.28,NA,d415c253-4d61-4459-9d25-4015b9084fb0,NY,NY,10,02,DUVERGÉ,061002,876725a18ffffff
0fcf84b9-6bc6-4b9b-a1c2-c6e25de66549,1927990893,Ptychomitrium indicum,Barbula indica (Willd. ex Schrad.) Spreng.,Ptychomitriaceae,Ptychomitrium,SPECIES,PRESERVED_SPECIMEN,1981-03-21,1981,-71.55,18.35,NA,d415c253-4d61-4459-9d25-4015b9084fb0,NY,NY,10,02,DUVERGÉ,061002,876725b43ffffff
1090b2fc-8381-45f1-9d71-0c4ac64d258a,1928001263,Fissidens serratus,Fissidens serratus Müll. Hal.,Fissidentaceae,Fissidens,SPECIES,PRESERVED_SPECIMEN,1981-03-21,1981,-71.7,18.32,NA,d415c253-4d61-4459-9d25-4015b9084fb0,NY,NY,10,02,DUVERGÉ,061002,876725a02ffffff
11148831-cabd-4e56-8ee0-3fdcbf604bf9,1928008778,Phlegmariurus taxifolius,Lycopodium taxifolium Sw.,Lycopodiaceae,Phlegmariurus,SPECIES,PRESERVED_SPECIMEN,1985-03-17,1985,-71.5,18.23,NA,d415c253-4d61-4459-9d25-4015b9084fb0,NY,NY,10,02,DUVERGÉ,061002,876725a68ffffff
113609f2-97e9-47f0-b96f-29f15a5f0d43,1928010939,Bryum orthodontioides,Bryum leptocladon Sull.,Bryaceae,Bryum,SPECIES,PRESERVED_SPECIMEN,1981-03-21,1981,-71.55,18.35,NA,d415c253-4d61-4459-9d25-4015b9084fb0,NY,NY,10,02,DUVERGÉ,061002,876725b43ffffff
11a33149-f95c-4844-84e7-c4933647ab47,1928016621,Hydrogonium arcuatum,Barbula arcuata Griff.,Pottiaceae,Hydrogonium,SPECIES,PRESERVED_SPECIMEN,1981-03-21,1981,-71.55,18.35,NA,d415c253-4d61-4459-9d25-4015b9084fb0,NY,NY,10,02,DUVERGÉ,061002,876725b43ffffff
123786e2-3c91-4a1d-b6ac-225fe8242217,1928024759,Guettarda L.,Guettarda L.,Rubiaceae,Guettarda,GENUS,PRESERVED_SPECIMEN,1985-03-16,1985,-71.57,18.32,NA,d415c253-4d61-4459-9d25-4015b9084fb0,NY,NY,10,02,DUVERGÉ,061002,876725b58ffffff
12806deb-e80a-47a0-91de-3f835a596e13,2238706459,Miconia rhomboidea,Miconia rhomboidea (Urb. & Ekman) Skean & Judd,Melastomataceae,Miconia,SPECIES,PRESERVED_SPECIMEN,2016-02-04,2016,-71.69344,18.30459,NA,b89d52a2-861d-4388-adad-c0da3d55fc78,UF,,10,02,DUVERGÉ,061002,876725a1cffffff
129b4e7d-541f-4ac8-9625-9615cb3718d1,1928030209,Stereophyllum radiculosum,Stereophyllum radiculosum (Hook.) Mitt.,Stereophyllaceae,Stereophyllum,SPECIES,PRESERVED_SPECIMEN,1981-03-21,1981,-71.63,18.35,NA,d415c253-4d61-4459-9d25-4015b9084fb0,NY,NY,10,02,DUVERGÉ,061002,876725a21ffffff
12abf0bf-683a-45fd-aeb9-5d5c15ca9853,1928031107,Hydrogonium arcuatum,Barbula arcuata Griff.,Pottiaceae,Hydrogonium,SPECIES,PRESERVED_SPECIMEN,1981-03-21,1981,-71.55,18.35,NA,d415c253-4d61-4459-9d25-4015b9084fb0,NY,NY,10,02,DUVERGÉ,061002,876725b43ffffff
12b9e3e7-6d4f-47e1-8da1-d4a2423a7e6b,1928031575,Weissia jamaicensis,Weissia jamaicensis (Mitt.) Grout,Pottiaceae,Weissia,SPECIES,PRESERVED_SPECIMEN,1981-03-21,1981,-71.7,18.32,NA,d415c253-4d61-4459-9d25-4015b9084fb0,NY,NY,10,02,DUVERGÉ,061002,876725a02ffffff
12f5f2d2-a3f9-4992-a65e-7e3d0914d60a,1928035957,Pityrogramma ebenea,Pityrogramma tartarea (Cav.) Maxon,Pteridaceae,Pityrogramma,SPECIES,PRESERVED_SPECIMEN,1985-03-17,1985,-71.5,18.23,NA,d415c253-4d61-4459-9d25-4015b9084fb0,NY,NY,10,02,DUVERGÉ,061002,876725a68ffffff
13029246-5275-4a82-94a4-83be0f13abf0,1928036068,Hymenophyllum asplenioides,Hymenophyllum asplenioides (Sw.) Sw.,Hymenophyllaceae,Hymenophyllum,SPECIES,PRESERVED_SPECIMEN,1985-05-09,1985,-71.5,18.23,NA,d415c253-4d61-4459-9d25-4015b9084fb0,NY,NY,10,02,DUVERGÉ,061002,876725a68ffffff
135479e4-0348-482c-8430-455a51b6f0c7,1928041527,Solanum tetramerum,Solanum tetramerum Dunal & A.DC.,Solanaceae,Solanum,SPECIES,PRESERVED_SPECIMEN,1980-07-03,1980,-71.57,18.4,NA,d415c253-4d61-4459-9d25-4015b9084fb0,NY,NY,10,02,DUVERGÉ,061002,876725b70ffffff
1362b1f2-9b81-4ea2-ac3f-02e39d6aaedc,1928041954,Pseudomacromitrium cirrosum,Macromitrium cirrosum (Hedw.) Brid.,Orthotrichaceae,Pseudomacromitrium,SPECIES,PRESERVED_SPECIMEN,1987-01-25,1987,-71.52,18.27,NA,d415c253-4d61-4459-9d25-4015b9084fb0,NY,NY,10,02,DUVERGÉ,061002,876725a61ffffff
13a01a78-60ee-4403-bd23-f97a8df7a485,1928044389,Leucoloma serrulatum,Leucoloma serrulatum Brid.,Dicranaceae,Leucoloma,SPECIES,PRESERVED_SPECIMEN,1981-03-21,1981,-71.7,18.32,NA,d415c253-4d61-4459-9d25-4015b9084fb0,NY,NY,10,02,DUVERGÉ,061002,876725a02ffffff
13b46881-afe5-40f3-a915-c36f844c5902,1928046661,Senegalia angustifolia,Senegalia angustifolia (Lam.) Britton & Rose,Fabaceae,Senegalia,SPECIES,PRESERVED_SPECIMEN,1985-05-10,1985,-71.57,18.3,NA,d415c253-4d61-4459-9d25-4015b9084fb0,NY,NY,10,02,DUVERGÉ,061002,876725b5bffffff
13e75acf-5c99-461c-8903-7988a3fa2c98,1928048244,Adelothecium bogotense,Adelothecium bogotense (Hampe) Mitt.,Daltoniaceae,Adelothecium,SPECIES,PRESERVED_SPECIMEN,1987-01-25,1987,-71.52,18.27,NA,d415c253-4d61-4459-9d25-4015b9084fb0,NY,NY,10,02,DUVERGÉ,061002,876725a61ffffff
13e85ab4-23d3-457e-8bd6-05a3f06f11f1,1928048289,Trichostomum sublamprothecium,Trichostomum sublamprothecium Paris,Pottiaceae,Trichostomum,SPECIES,PRESERVED_SPECIMEN,1981-03-21,1981,-71.7,18.3,NA,d415c253-4d61-4459-9d25-4015b9084fb0,NY,NY,10,02,DUVERGÉ,061002,876725a1cffffff
13f3d2c5-8f67-494d-af1b-c498d7cb1ffa,1928049184,Botrypus virginianus,Botrychium virginianum (L.) Sw.,Ophioglossaceae,Botrypus,SPECIES,PRESERVED_SPECIMEN,1985-05-09,1985,-71.5,18.23,NA,d415c253-4d61-4459-9d25-4015b9084fb0,NY,NY,10,02,DUVERGÉ,061002,876725a68ffffff
1432783f-c9f9-4530-9889-4506197faf31,1928052944,Fissidens taxifolius,Fissidens taxifolius Hedw.,Fissidentaceae,Fissidens,SPECIES,PRESERVED_SPECIMEN,1987-01-25,1987,-71.52,18.27,NA,d415c253-4d61-4459-9d25-4015b9084fb0,NY,NY,10,02,DUVERGÉ,061002,876725a61ffffff
147f8f26-108d-4e29-a910-c48e565be3a1,1928057202,Toloxis imponderosa,Toloxis imponderosa (Taylor) W.R. Buck,Meteoriaceae,Toloxis,SPECIES,PRESERVED_SPECIMEN,1981-03-21,1981,-71.7,18.32,NA,d415c253-4d61-4459-9d25-4015b9084fb0,NY,NY,10,02,DUVERGÉ,061002,876725a02ffffff
153718d9-424e-463b-9a41-0cce759ff043,1928067104,Neckeropsis undulata,Neckeropsis undulata (Hedw.) Reichardt,Neckeraceae,Neckeropsis,SPECIES,PRESERVED_SPECIMEN,1981-03-21,1981,-71.63,18.35,NA,d415c253-4d61-4459-9d25-4015b9084fb0,NY,NY,10,02,DUVERGÉ,061002,876725a21ffffff
1591c830-6fa3-4fca-826e-6b20c61fda12,1928072334,Polystichum muricatum,Polystichum muricatum (L.) Fée,Dryopteridaceae,Polystichum,SPECIES,PRESERVED_SPECIMEN,1983-08-18,1983,-71.7083,18.3,NA,d415c253-4d61-4459-9d25-4015b9084fb0,NY,NY,10,02,DUVERGÉ,061002,876725a1cffffff
1611fe5d-7c64-48f3-8189-02983ed616d5,1928079512,Asplenium cristatum,Asplenium cristatum Lam.,Aspleniaceae,Asplenium,SPECIES,PRESERVED_SPECIMEN,1985-03-18,1985,-71.52,18.2,NA,d415c253-4d61-4459-9d25-4015b9084fb0,NY,NY,10,02,DUVERGÉ,061002,876725a48ffffff
16fd58c2-efc0-4a1f-aaee-69b5c14e0479,1928091938,Thouinia tomentosa,Thouinia tomentosa var. rigidissima (Radlk. & Ekman) Votava & Alain,Sapindaceae,Thouinia,VARIETY,PRESERVED_SPECIMEN,1985-03-16,1985,-71.57,18.32,NA,d415c253-4d61-4459-9d25-4015b9084fb0,NY,NY,10,02,DUVERGÉ,061002,876725b58ffffff
17c4478e-2b53-4384-9d44-782e82715071,1928104333,Calyptothecium duplicatum,Calyptothecium duplicatum (Schwägr.) Broth.,Pterobryaceae,Calyptothecium,SPECIES,PRESERVED_SPECIMEN,1987-01-24,1987,-71.55,18.27,NA,d415c253-4d61-4459-9d25-4015b9084fb0,NY,NY,10,02,DUVERGÉ,061002,876725a62ffffff
183d9eb0-2ea0-4b60-8c27-544e8b70c17c,1928109545,Sematophyllum adnatum,Sematophyllum adnatum (Michx.) E. Britton,Sematophyllaceae,Sematophyllum,SPECIES,PRESERVED_SPECIMEN,1987-01-24,1987,-71.52,18.3,NA,d415c253-4d61-4459-9d25-4015b9084fb0,NY,NY,10,02,DUVERGÉ,061002,876725b4bffffff
18551fb7-a9d9-4f33-9b8b-4d4ec9e19f2d,1304606361,Solanum tetramerum,Solanum aquartia Dunal,Solanaceae,Solanum,SPECIES,OCCURRENCE,1980-07-03,1980,-71.566667,18.4,NA,07044577-bd82-4089-9f3a-f4a9d2170b2e,Bioversity,,10,02,DUVERGÉ,061002,876725b71ffffff
18b4de49-7046-4920-b15d-22d95df737ad,5029135314,Arthrostylidium sarmentosum,Arthrostylidium sarmentosum Pilg.,Poaceae,Arthrostylidium,SPECIES,PRESERVED_SPECIMEN,2023-01-24,2023,-71.55607,18.2084,NA,b89d52a2-861d-4388-adad-c0da3d55fc78,UF,,10,02,DUVERGÉ,061002,876725a5dffffff
18c3f272-f04c-41c9-a209-02822cf7a93c,1928116484,Fissidens serratus,Fissidens puiggarii (Geh. & Hampe) Paris,Fissidentaceae,Fissidens,SPECIES,PRESERVED_SPECIMEN,1981-03-21,1981,-71.7,18.32,NA,d415c253-4d61-4459-9d25-4015b9084fb0,NY,NY,10,02,DUVERGÉ,061002,876725a02ffffff
1935d465-ee23-4823-88bd-6149baf05c57,1928124383,Phyllogonium fulgens,Phyllogonium fulgens (Hedw.) Brid.,Phyllogoniaceae,Phyllogonium,SPECIES,PRESERVED_SPECIMEN,1981-03-21,1981,-71.7,18.32,NA,d415c253-4d61-4459-9d25-4015b9084fb0,NY,NY,10,02,DUVERGÉ,061002,876725a02ffffff
196d540b-a2a6-44af-b65f-0e0af46eeddb,1928125990,Narvalina domingensis,Narvalina domingensis (Cass.) Less.,Asteraceae,Narvalina,SPECIES,PRESERVED_SPECIMEN,1987-08-28,1987,-71.57,18.32,NA,d415c253-4d61-4459-9d25-4015b9084fb0,NY,NY,10,02,DUVERGÉ,061002,876725b58ffffff
19aca829-e81d-4b5c-9abe-8d5be010d00a,4111431310,Myriopteris microphylla,Myriopteris microphylla (Sw.) Grusz & Windham,Pteridaceae,Myriopteris,SPECIES,PRESERVED_SPECIMEN,2019-05-14,2019,-71.5404,18.3373,NA,b89d52a2-861d-4388-adad-c0da3d55fc78,UF,,10,02,DUVERGÉ,061002,876725b43ffffff
1EFCF9AF-0C4C-43FD-B127-DEBDEA51ABFF,122993778,Psychotria baltenweckii,Psychotria baltenweckii Urb.,Rubiaceae,Psychotria,SPECIES,PRESERVED_SPECIMEN,1985-03-17,1985,-71.5,18.2333,NA,832cb04e-f762-11e1-a439-00145eb45e9a,FTG,Herbarium,10,02,DUVERGÉ,061002,876725a68ffffff
1a077506-a1f0-4c2c-af67-c4d5d49d34d9,1928134276,Bursera glauca,Bursera glauca Griseb.,Burseraceae,Bursera,SPECIES,PRESERVED_SPECIMEN,2008-09-13,2008,-71.5347,18.3531,NA,d415c253-4d61-4459-9d25-4015b9084fb0,NY,NY,10,02,DUVERGÉ,061002,876725b41ffffff
1a2f315d-f29c-4e85-b41a-920a3ce7a190,1928138340,Tillandsia compacta,Tillandsia compacta Griseb.,Bromeliaceae,Tillandsia,SPECIES,PRESERVED_SPECIMEN,1983-08-18,1983,-71.7,18.3,NA,d415c253-4d61-4459-9d25-4015b9084fb0,NY,NY,10,02,DUVERGÉ,061002,876725a1cffffff
1b355d37-8091-4e81-8453-dfd90fb51439,1928151186,Leucoloma serrulatum,Leucoloma serrulatum Brid.,Dicranaceae,Leucoloma,SPECIES,PRESERVED_SPECIMEN,1981-03-21,1981,-71.7,18.32,NA,d415c253-4d61-4459-9d25-4015b9084fb0,NY,NY,10,02,DUVERGÉ,061002,876725a02ffffff
1b882946-3728-4816-a26f-59f02bd9b691,1457753144,Phlegmariurus taxifolius,Phlegmariurus taxifolius (Sw.) Á.Löve & D.Löve,Lycopodiaceae,Phlegmariurus,SPECIES,PRESERVED_SPECIMEN,2004-04-23,2004,-71.533889,18.206389,NA,b89d52a2-861d-4388-adad-c0da3d55fc78,UF,,10,02,DUVERGÉ,061002,876725a4effffff
1b895b92-ced7-42b5-8a12-8cd757489a0f,1928155173,Podocarpus aristulatus,Podocarpus aristulatus Parl.,Podocarpaceae,Podocarpus,SPECIES,PRESERVED_SPECIMEN,1985-03-19,1985,-71.53,18.2,NA,d415c253-4d61-4459-9d25-4015b9084fb0,NY,NY,10,02,DUVERGÉ,061002,876725a48ffffff
1b981771-7322-408f-b6ff-b5cb24ac8811,5106972315,Juniperus gracilior,Juniperus gracilior Pilg.,Cupressaceae,Juniperus,SPECIES,PRESERVED_SPECIMEN,2021-05-25,2021,-71.56647,18.28371,NA,b89d52a2-861d-4388-adad-c0da3d55fc78,UF,,10,02,DUVERGÉ,061002,876725a75ffffff
1bcbeb58-2a91-461c-8487-49a17c8e4013,1928159238,Juniperus gracilior,Juniperus gracilior var. ekmanii (Florin) R.P.Adams,Cupressaceae,Juniperus,VARIETY,PRESERVED_SPECIMEN,1985-03-16,1985,-71.57,18.32,NA,d415c253-4d61-4459-9d25-4015b9084fb0,NY,NY,10,02,DUVERGÉ,061002,876725b58ffffff
1c89f4e5-ca63-485e-b1fc-3530a2d4981d,1928169978,Bryum orthodontioides,Bryum leptocladon Sull.,Bryaceae,Bryum,SPECIES,PRESERVED_SPECIMEN,1981-03-21,1981,-71.55,18.35,NA,d415c253-4d61-4459-9d25-4015b9084fb0,NY,NY,10,02,DUVERGÉ,061002,876725b43ffffff
1d2766bc-1555-40de-bf19-bd7d4cc109de,1846482442,Meriania involucrata,Meriania involucrata (Desr.) Naudin,Melastomataceae,Meriania,SPECIES,PRESERVED_SPECIMEN,2016-02-04,2016,-71.69344,18.30459,NA,3c59bd42-7bfd-421b-8da4-275780390e4c,DES,,10,02,DUVERGÉ,061002,876725a1cffffff
1db991d7-61ac-4265-9919-b9e3af1b3b6a,1928189764,Tidestromia lanuginosa,Tidestromia lanuginosa subsp. lanuginosa,Amaranthaceae,Tidestromia,SUBSPECIES,PRESERVED_SPECIMEN,1990-05-22,1990,-71.63,18.42,NA,d415c253-4d61-4459-9d25-4015b9084fb0,NY,NY,10,02,DUVERGÉ,061002,876725b0cffffff
1dc2a91c-436d-415b-bcb1-61df885effcb,1928190182,Prionodon densus,Prionodon densus (Sw. ex Hedw.) Müll. Hal.,Prionodontaceae,Prionodon,SPECIES,PRESERVED_SPECIMEN,1981-03-21,1981,-71.7,18.32,NA,d415c253-4d61-4459-9d25-4015b9084fb0,NY,NY,10,02,DUVERGÉ,061002,876725a02ffffff
1dcbda7d-3433-4fef-ae7e-a21f88a40364,4946997547,Peperomia galioides,Peperomia galioides Kunth,Piperaceae,Peperomia,SPECIES,PRESERVED_SPECIMEN,2023-01-24,2023,-71.53416,18.20755,NA,b89d52a2-861d-4388-adad-c0da3d55fc78,UF,,10,02,DUVERGÉ,061002,876725a4effffff
1dcde928-585d-4955-921c-130949235211,1928192250,Cryptopapillaria penicillata,Cryptopapillaria penicillata (Dozy & Molk.) M. Menzel,Meteoriaceae,Cryptopapillaria,SPECIES,PRESERVED_SPECIMEN,1981-03-21,1981,-71.7,18.28,NA,d415c253-4d61-4459-9d25-4015b9084fb0,NY,NY,10,02,DUVERGÉ,061002,876725a18ffffff
1e1bc411-a417-4f73-90ec-0e57389b87c4,1928195699,Fissidens taxifolius,Fissidens taxifolius Hedw.,Fissidentaceae,Fissidens,SPECIES,PRESERVED_SPECIMEN,1981-03-21,1981,-71.7,18.28,NA,d415c253-4d61-4459-9d25-4015b9084fb0,NY,NY,10,02,DUVERGÉ,061002,876725a18ffffff
1e1c7099-f711-438d-bb31-9a2df3dba72e,1928195724,Schoenobryum concavifolium,Schoenobryum concavifolium (Griff.) Gangulee,Cryphaeaceae,Schoenobryum,SPECIES,PRESERVED_SPECIMEN,1987-01-24,1987,-71.55,18.27,NA,d415c253-4d61-4459-9d25-4015b9084fb0,NY,NY,10,02,DUVERGÉ,061002,876725a62ffffff
1eea3398-991a-4ae8-a25c-38e8f17372e0,1928206595,Calyptothecium duplicatum,Calyptothecium duplicatum (Schwägr.) Broth.,Pterobryaceae,Calyptothecium,SPECIES,PRESERVED_SPECIMEN,1981-03-21,1981,-71.7,18.32,NA,d415c253-4d61-4459-9d25-4015b9084fb0,NY,NY,10,02,DUVERGÉ,061002,876725a02ffffff
1f3de9c7-e6b9-4d00-b3e9-cf2732a6f396,1928211375,Stelis antillensis,Stelis antillensis Pridgeon & M.W.Chase,Orchidaceae,Stelis,SPECIES,PRESERVED_SPECIMEN,1985-05-09,1985,-71.5,18.23,NA,d415c253-4d61-4459-9d25-4015b9084fb0,NY,NY,10,02,DUVERGÉ,061002,876725a68ffffff
1f4417de-6f68-4404-92c8-6e7b7a4fa87e,1928211933,Asplenium L.,Asplenium L.,Aspleniaceae,Asplenium,GENUS,PRESERVED_SPECIMEN,1988-04-10,1988,-71.53,18.22,NA,d415c253-4d61-4459-9d25-4015b9084fb0,NY,NY,10,02,DUVERGÉ,061002,876725a41ffffff
1f816b66-2320-44bd-b550-6868af10588c,1928215401,Squamidium leucotrichum,Squamidium leucotrichum (Taylor) Broth.,Brachytheciaceae,Squamidium,SPECIES,PRESERVED_SPECIMEN,1981-03-21,1981,-71.7,18.28,NA,d415c253-4d61-4459-9d25-4015b9084fb0,NY,NY,10,02,DUVERGÉ,061002,876725a18ffffff
1f9cd73a-05d9-4f7f-8fbe-87094d9b98ba,2270567728,Psidium acranthum,Psidium acranthum Urb.,Myrtaceae,Psidium,SPECIES,PRESERVED_SPECIMEN,1993-03-24,1993,-71.5,18.25833,NA,e05fd4c2-4d77-4c50-880e-1b22096af300,ASU,Plants,10,02,DUVERGÉ,061002,876725a6cffffff
1ffb7f96-8ef4-4ea7-98ce-44b24c20791c,1928222066,Amauropelta pteroidea,Thelypteris pteroidea (Klotzsch) R.M.Tryon,Thelypteridaceae,Amauropelta,SPECIES,PRESERVED_SPECIMEN,1983-08-18,1983,-71.7083,18.3,NA,d415c253-4d61-4459-9d25-4015b9084fb0,NY,NY,10,02,DUVERGÉ,061002,876725a1cffffff
201FCC9D-4DC0-41A8-B64A-09BD631ABF24,122939919,Duranta arida,Duranta arida Britton & P.Wilson,Verbenaceae,Duranta,SPECIES,PRESERVED_SPECIMEN,1983-03-17,1983,-71.5167,18.2167,NA,832cb04e-f762-11e1-a439-00145eb45e9a,FTG,Herbarium,10,02,DUVERGÉ,061002,876725a4cffffff
203061a9-c02a-430a-97a7-e09507a49e7a,1928224700,Palamocladium leskeoides,Palamocladium leskeoides (Hook.) E. Britton,Brachytheciaceae,Palamocladium,SPECIES,PRESERVED_SPECIMEN,1981-03-21,1981,-71.7,18.32,NA,d415c253-4d61-4459-9d25-4015b9084fb0,NY,NY,10,02,DUVERGÉ,061002,876725a02ffffff
206c8fd9-2022-40f9-a104-5a1b09c1feb9,1928228150,Sticherus hispaniolensis,Sticherus hispaniolensis J.Gonzales,Gleicheniaceae,Sticherus,SPECIES,PRESERVED_SPECIMEN,1983-08-18,1983,-71.7083,18.3,NA,d415c253-4d61-4459-9d25-4015b9084fb0,NY,NY,10,02,DUVERGÉ,061002,876725a1cffffff
206e73ae-6e88-4e56-9f2d-d260f86348ed,1928228251,Tillandsia compacta,Tillandsia compacta Griseb.,Bromeliaceae,Tillandsia,SPECIES,PRESERVED_SPECIMEN,1985-03-17,1985,-71.5,18.23,NA,d415c253-4d61-4459-9d25-4015b9084fb0,NY,NY,10,02,DUVERGÉ,061002,876725a68ffffff
20a37cc9-aef0-4028-98a0-fb99e08324ad,4440179304,Alvaradoa haitiensis,Alvaradoa haitiensis Urb.,Picramniaceae,Alvaradoa,SPECIES,PRESERVED_SPECIMEN,1993-12-03,1993,-71.508333,18.283333,NA,b89d52a2-861d-4388-adad-c0da3d55fc78,UF,,10,02,DUVERGÉ,061002,876725a65ffffff
20b813e9-180b-400a-b97c-51f132410da2,1891268543,Miconia rhomboidea,Calycogonium rhomboideum Urb. & Ekman,Melastomataceae,Miconia,SPECIES,PRESERVED_SPECIMEN,2016-02-04,2016,-71.69344,18.30459,NA,3c59bd42-7bfd-421b-8da4-275780390e4c,DES,,10,02,DUVERGÉ,061002,876725a1cffffff
20dcdad4-d667-40d9-91b1-3f6958dd393e,1928234298,Pavonia punctata,Pavonia punctata Urb.,Malvaceae,Pavonia,SPECIES,PRESERVED_SPECIMEN,1987-08-28,1987,-71.57,18.27,NA,d415c253-4d61-4459-9d25-4015b9084fb0,NY,NY,10,02,DUVERGÉ,061002,876725a71ffffff
213e50ad-c138-4ce3-bf82-c17508faac11,1928239735,Fissidens weirii,Fissidens weirii var. hemicraspedophyllus (Cardot) Pursell,Fissidentaceae,Fissidens,VARIETY,PRESERVED_SPECIMEN,1981-03-21,1981,-71.7,18.28,NA,d415c253-4d61-4459-9d25-4015b9084fb0,NY,NY,10,02,DUVERGÉ,061002,876725a18ffffff
215bf6fd-d211-4ee5-b2b7-3d489141a6f8,1928241829,Ptychomitrium indicum,Barbula indica (Willd. ex Schrad.) Spreng.,Ptychomitriaceae,Ptychomitrium,SPECIES,PRESERVED_SPECIMEN,1981-03-21,1981,-71.7,18.32,NA,d415c253-4d61-4459-9d25-4015b9084fb0,NY,NY,10,02,DUVERGÉ,061002,876725a02ffffff
2177406e-3cf2-445e-a98e-a7c5a649c4b8,1846482476,Miconia longicollis,Tetrazygia longicollis Urb. & Cogn.,Melastomataceae,Miconia,SPECIES,PRESERVED_SPECIMEN,2016-02-04,2016,-71.70435,18.31383,NA,3c59bd42-7bfd-421b-8da4-275780390e4c,DES,,10,02,DUVERGÉ,061002,876725a02ffffff
21c1639d-901b-4e62-a9ae-06976c661ed4,1846482978,Miconia jimenezii,Miconia jimenezii Judd & R.S.Beaman,Melastomataceae,Miconia,SPECIES,PRESERVED_SPECIMEN,2016-02-04,2016,-71.69344,18.30459,NA,3c59bd42-7bfd-421b-8da4-275780390e4c,DES,,10,02,DUVERGÉ,061002,876725a1cffffff
21f493d3-64ee-40df-bc32-9165163cef24,1928249785,Squamidium nigricans,Squamidium nigricans (Hook.) Broth.,Brachytheciaceae,Squamidium,SPECIES,PRESERVED_SPECIMEN,1983-08-18,1983,-71.7083,18.3,NA,d415c253-4d61-4459-9d25-4015b9084fb0,NY,NY,10,02,DUVERGÉ,061002,876725a1cffffff
22c4888a-8ad2-4a6d-889f-ec696b49f718,1928260785,Physcomitrium cupuliferum,Physcomitrium cupuliferum Mitt.,Funariaceae,Physcomitrium,SPECIES,PRESERVED_SPECIMEN,1987-01-25,1987,-71.6,18.25,NA,d415c253-4d61-4459-9d25-4015b9084fb0,NY,NY,10,02,DUVERGÉ,061002,876725a55ffffff
22ededcada2cdeee6610532f84a57ae6,3308669125,Cestrum violaceum,Cestrum violaceum Urb.,Solanaceae,Cestrum,SPECIES,PRESERVED_SPECIMEN,2003-04-17,2003,-71.697,18.306,NA,8016518a-f762-11e1-a439-00145eb45e9a,IBUNAM,MEXU,10,02,DUVERGÉ,061002,876725a1cffffff
232958c0-1968-4e99-a102-6d23f43f2971,1928266550,Fissidens weirii,Fissidens weirii var. hemicraspedophyllus (Cardot) Pursell,Fissidentaceae,Fissidens,VARIETY,PRESERVED_SPECIMEN,1981-03-21,1981,-71.7,18.28,NA,d415c253-4d61-4459-9d25-4015b9084fb0,NY,NY,10,02,DUVERGÉ,061002,876725a18ffffff
232c58c3-e921-4a55-8059-98183e09c4b2,1928266588,Hookeria acutifolia,Hookeria acutifolia Hook. & Grev.,Hookeriaceae,Hookeria,SPECIES,PRESERVED_SPECIMEN,1981-03-21,1981,-71.7,18.28,NA,d415c253-4d61-4459-9d25-4015b9084fb0,NY,NY,10,02,DUVERGÉ,061002,876725a18ffffff
2460f277-5a28-43e0-a742-24c4c25d40af,4455460311,Eugenia foetida,Eugenia foetida Pers.,Myrtaceae,Eugenia,SPECIES,PRESERVED_SPECIMEN,1993-12-03,1993,-71.508333,18.283333,NA,b89d52a2-861d-4388-adad-c0da3d55fc78,UF,,10,02,DUVERGÉ,061002,876725a65ffffff
24ab0371993ecde3da2ec7c7aa09495e,1893875042,Palamocladium leskeoides,Palamocladium leskeoides (Hook.) E. Britton,Brachytheciaceae,Palamocladium,SPECIES,PRESERVED_SPECIMEN,1981-03-21,1981,-71.708333,18.291667,NA,27ba04cd-45b9-4f5c-b032-d1bcc584fbdd,IBUNAM,MEXU,10,02,DUVERGÉ,061002,876725a1effffff
24c2f07d-ac1c-405d-b929-c1e2763503a9,1928289784,Solanum crotonoides,Solanum crotonoides Lam.,Solanaceae,Solanum,SPECIES,PRESERVED_SPECIMEN,2003-04-17,2003,-71.697222,18.306389,NA,d415c253-4d61-4459-9d25-4015b9084fb0,NY,NY,10,02,DUVERGÉ,061002,876725a1cffffff
2572e0aa-1b27-4271-9b6b-663c9d988f41,1928298372,Senna atomaria,Senna atomaria (L.) H.S.Irwin & Barneby,Fabaceae,Senna,SPECIES,PRESERVED_SPECIMEN,2000-06-30,2000,-71.64956,18.35128,NA,d415c253-4d61-4459-9d25-4015b9084fb0,NY,NY,10,02,DUVERGÉ,061002,876725a23ffffff
258defd2-69cb-45b4-94d1-3117cc212206,1928300518,Wijkia flagellifera,Wijkia flagellifera (Broth.) H.A. Crum,Pylaisiadelphaceae,Wijkia,SPECIES,PRESERVED_SPECIMEN,1987-01-24,1987,-71.55,18.27,NA,d415c253-4d61-4459-9d25-4015b9084fb0,NY,NY,10,02,DUVERGÉ,061002,876725a62ffffff
25b05d41-78ea-42f9-9b76-fd6f0d90e9df,1928301964,Tillandsia recurvata,Tillandsia recurvata (L.) L.,Bromeliaceae,Tillandsia,SPECIES,PRESERVED_SPECIMEN,1983-09-08,1983,-71.7,18.33,NA,d415c253-4d61-4459-9d25-4015b9084fb0,NY,NY,10,02,DUVERGÉ,061002,876725a06ffffff
25c754f4-5427-49c4-9f72-893623ba81d3,1928303455,Polystichum plaschnickianum,Polystichum plaschnickianum (Kunze) T.Moore,Dryopteridaceae,Polystichum,SPECIES,PRESERVED_SPECIMEN,1983-08-18,1983,-71.7083,18.3,NA,d415c253-4d61-4459-9d25-4015b9084fb0,NY,NY,10,02,DUVERGÉ,061002,876725a1cffffff
26449ae7-50ba-4d56-ac49-94efac831f53,1304593278,Solanum crotonoides,Solanum crotonoides Lam.,Solanaceae,Solanum,SPECIES,OCCURRENCE,2006-07-08,2006,-71.533889,18.206389,NA,07044577-bd82-4089-9f3a-f4a9d2170b2e,Bioversity,,10,02,DUVERGÉ,061002,876725a4effffff
264d4c7e-7ce5-49a0-b8be-ffc121b2db94,1928311453,Vittaria lineata,Vittaria lineata (L.) Sm.,Pteridaceae,Vittaria,SPECIES,PRESERVED_SPECIMEN,1985-03-19,1985,-71.53,18.2,NA,d415c253-4d61-4459-9d25-4015b9084fb0,NY,NY,10,02,DUVERGÉ,061002,876725a48ffffff
26b41d79-1856-48e1-81e8-0ab2a9872d12,1304602805,Solanum microphyllum,Solanum microphyllum (Lam.) Dunal,Solanaceae,Solanum,SPECIES,OCCURRENCE,2003-04-17,2003,-71.535,18.348056,NA,07044577-bd82-4089-9f3a-f4a9d2170b2e,Bioversity,,10,02,DUVERGÉ,061002,876725b41ffffff
27034b73-d397-43e3-91f4-864a53c99ba1,1928320856,Galactia P.Browne,Galactia P.Browne,Fabaceae,Galactia,GENUS,PRESERVED_SPECIMEN,1985-05-09,1985,-71.57,18.3,NA,d415c253-4d61-4459-9d25-4015b9084fb0,NY,NY,10,02,DUVERGÉ,061002,876725b5bffffff
27c10900-71d5-419d-8be5-a60dbfd0d06c,1928331261,Fissidens curvatus,Fissidens curvatus Hornsch.,Fissidentaceae,Fissidens,SPECIES,PRESERVED_SPECIMEN,1987-01-24,1987,-71.55,18.27,NA,d415c253-4d61-4459-9d25-4015b9084fb0,NY,NY,10,02,DUVERGÉ,061002,876725a62ffffff
28ba8bd1-9c92-4707-b663-619881f77565,1928345756,Campyloneurum cubense,Campyloneurum vexatum (D.C.Eaton) Ching,Polypodiaceae,Campyloneurum,SPECIES,PRESERVED_SPECIMEN,1983-08-18,1983,-71.7083,18.3,NA,d415c253-4d61-4459-9d25-4015b9084fb0,NY,NY,10,02,DUVERGÉ,061002,876725a1cffffff
28c4a3d4-10e0-409e-9dbe-1f40e24b6e56,4598146319,Polystichum echinatum,Polystichum echinatum (J.F.Gmel.) C.Chr.,Dryopteridaceae,Polystichum,SPECIES,PRESERVED_SPECIMEN,2018-12-08,2018,-71.70826,18.31668,NA,b89d52a2-861d-4388-adad-c0da3d55fc78,UF,,10,02,DUVERGÉ,061002,876725a02ffffff
290ad9b9-fcb4-4cac-8b2b-526e2069cc9e,1304581788,Solanum tetramerum,Solanum aquartia Dunal,Solanaceae,Solanum,SPECIES,OCCURRENCE,1987-05-26,1987,-71.55,18.383333,NA,07044577-bd82-4089-9f3a-f4a9d2170b2e,Bioversity,,10,02,DUVERGÉ,061002,876725b44ffffff
291a5c8f8ef9977a499345500857abb7,3308598869,Cestrum coelophlebium,Cestrum coelophlebium O.E.Schulz,Solanaceae,Cestrum,SPECIES,PRESERVED_SPECIMEN,2003-04-17,2003,-71.697,18.306,NA,8016518a-f762-11e1-a439-00145eb45e9a,IBUNAM,MEXU,10,02,DUVERGÉ,061002,876725a1cffffff
2948f8c2-79d3-468b-86a3-27fe9a9b8e70,1928352986,Diplazium unilobum,Diplazium unilobum (Poir.) Hieron.,Athyriaceae,Diplazium,SPECIES,PRESERVED_SPECIMEN,1983-08-18,1983,-71.7083,18.3,NA,d415c253-4d61-4459-9d25-4015b9084fb0,NY,NY,10,02,DUVERGÉ,061002,876725a1cffffff
297DA86EFCCD5F239674B907F6D0CB64.mc.16513692335B93CB2B9D25C7F1F1D34F,4988781305,Salvia martineziana,Salvia martineziana Fragoso & Martínez-Ambr.,Lamiaceae,Salvia,SPECIES,MATERIAL_CITATION,2016-11-24,2016,-71.56844,18.28625,NA,f1472a5d-dc3b-455a-ae0e-170605c57f63,"S, I, G, A, T",,10,02,DUVERGÉ,061002,876725a75ffffff
2995616C-9B51-409A-9053-B841D68BABB1,122984031,Peperomia tetraphylla,Peperomia reflexa (L.fil.) A.Dietr.,Piperaceae,Peperomia,SPECIES,PRESERVED_SPECIMEN,1985-03-17,1985,-71.5,18.2333,NA,832cb04e-f762-11e1-a439-00145eb45e9a,FTG,Herbarium,10,02,DUVERGÉ,061002,876725a68ffffff
29b11745-4664-41b1-a722-abbce109b703,4598145319,Croton azuensis,Croton azuensis Urb.,Euphorbiaceae,Croton,SPECIES,PRESERVED_SPECIMEN,2021-05-25,2021,-71.5667,18.28371,NA,b89d52a2-861d-4388-adad-c0da3d55fc78,UF,,10,02,DUVERGÉ,061002,876725a75ffffff
29e52541-40cc-4e77-8f9a-3bb67cbd2898,1928361833,Dodonaea viscosa,Dodonaea viscosa (L.) Jacq.,Sapindaceae,Dodonaea,SPECIES,PRESERVED_SPECIMEN,1985-05-09,1985,-71.57,18.28,NA,d415c253-4d61-4459-9d25-4015b9084fb0,NY,NY,10,02,DUVERGÉ,061002,876725a75ffffff
2a12e8db-3e3f-4f17-82b3-8196db49e80b,1928364330,Herbertus juniperoideus,Herbertus juniperoideus subsp. pensilis (Taylor) K. Feldberg & Heinrichs,Herbertaceae,Herbertus,SUBSPECIES,PRESERVED_SPECIMEN,1987-01-25,1987,-71.52,18.27,NA,d415c253-4d61-4459-9d25-4015b9084fb0,NY,NY,10,02,DUVERGÉ,061002,876725a61ffffff
2a3c4680-67d6-4df4-b3b6-64b3d612495d,1928367621,Juniperus barbadensis,Juniperus barbadensis L.,Cupressaceae,Juniperus,SPECIES,PRESERVED_SPECIMEN,1988-04-09,1988,-71.57,18.32,NA,d415c253-4d61-4459-9d25-4015b9084fb0,NY,NY,10,02,DUVERGÉ,061002,876725b58ffffff
2a440c76-e579-44e2-8013-a5847f1f4f0f,1457758164,Styrax obtusifolius,Styrax obtusifolius Griseb.,Styracaceae,Styrax,SPECIES,PRESERVED_SPECIMEN,2004-04-23,2004,-71.533889,18.206389,NA,b89d52a2-861d-4388-adad-c0da3d55fc78,UF,,10,02,DUVERGÉ,061002,876725a4effffff
2a4766fd-6429-4142-9086-0ad3c3c53067,1928367044,Thouinia tomentosa,Thouinia tomentosa var. rigidissima (Radlk. & Ekman) Votava & Alain,Sapindaceae,Thouinia,VARIETY,PRESERVED_SPECIMEN,1985-05-09,1985,-71.57,18.28,NA,d415c253-4d61-4459-9d25-4015b9084fb0,NY,NY,10,02,DUVERGÉ,061002,876725a75ffffff
2a8f6a0c-f140-4084-aeb9-b819ed670937,1928370864,Pleurochaete squarrosa,Pleurochaete squarrosa (Brid.) Lindb.,Pottiaceae,Pleurochaete,SPECIES,PRESERVED_SPECIMEN,1987-01-26,1987,-71.62,18.25,NA,d415c253-4d61-4459-9d25-4015b9084fb0,NY,NY,10,02,DUVERGÉ,061002,876725a56ffffff
2aa7e9d7-aaf7-46ee-a96b-e24ffbc24913,1928372577,Atrichum rhystophyllum,Atrichum angustatum var. rhystophyllum (Müll. Hal.) P.W. Richards & E.C. Wallace,Polytrichaceae,Atrichum,VARIETY,PRESERVED_SPECIMEN,1987-01-26,1987,-71.62,18.25,NA,d415c253-4d61-4459-9d25-4015b9084fb0,NY,NY,10,02,DUVERGÉ,061002,876725a56ffffff
2afdf1d6-4ac0-434a-96a9-ea81caa7b500,1928377157,Buxus glomerata,Buxus glomerata (Griseb.) Müll.Arg.,Buxaceae,Buxus,SPECIES,PRESERVED_SPECIMEN,1992-12-15,1992,-71.57,18.3,NA,d415c253-4d61-4459-9d25-4015b9084fb0,NY,NY,10,02,DUVERGÉ,061002,876725b5bffffff
2b2b7b4b-77cc-42f3-a47b-94e646973071,1928380088,Coccoloba subcordata,Coccoloba subcordata Lindau,Polygonaceae,Coccoloba,SPECIES,PRESERVED_SPECIMEN,1985-05-10,1985,-71.57,18.3,NA,d415c253-4d61-4459-9d25-4015b9084fb0,NY,NY,10,02,DUVERGÉ,061002,876725b5bffffff
2b4f1ae7-85b0-419a-95a1-dbb63a4dbf54,1928382256,Cestrum violaceum,Cestrum violaceum Urb.,Solanaceae,Cestrum,SPECIES,PRESERVED_SPECIMEN,1983-08-18,1983,-71.7083,18.3,NA,d415c253-4d61-4459-9d25-4015b9084fb0,NY,NY,10,02,DUVERGÉ,061002,876725a1cffffff
2b66d053-9c63-44be-b83a-fb0c51564ca9,1928383740,Juniperus gracilior,Juniperus gracilior var. ekmanii (Florin) R.P.Adams,Cupressaceae,Juniperus,VARIETY,PRESERVED_SPECIMEN,1985-03-16,1985,-71.57,18.32,NA,d415c253-4d61-4459-9d25-4015b9084fb0,NY,NY,10,02,DUVERGÉ,061002,876725b58ffffff
2b9e8bbc-573e-429b-9c8a-144d3f0176b6,1928386461,Croton azuensis,Croton azuensis Urb.,Euphorbiaceae,Croton,SPECIES,PRESERVED_SPECIMEN,1985-05-09,1985,-71.57,18.28,NA,d415c253-4d61-4459-9d25-4015b9084fb0,NY,NY,10,02,DUVERGÉ,061002,876725a75ffffff
2be4a4e6-4548-4c38-8d9e-c1d1380f296f,1928390149,Cassytha filiformis,Cassytha filiformis L.,Lauraceae,Cassytha,SPECIES,PRESERVED_SPECIMEN,1987-05-26,1987,-71.55,18.38,NA,d415c253-4d61-4459-9d25-4015b9084fb0,NY,NY,10,02,DUVERGÉ,061002,876725b44ffffff
2dabdcf8-8519-448e-87b2-91635c383b44,1928415633,Juniperus L.,Juniperus L.,Cupressaceae,Juniperus,GENUS,PRESERVED_SPECIMEN,1987-08-28,1987,-71.57,18.32,NA,d415c253-4d61-4459-9d25-4015b9084fb0,NY,NY,10,02,DUVERGÉ,061002,876725b58ffffff
2e5e0ae4-804b-4949-a376-a316a89f23eb,4111425328,Phlegmariurus hippurideus,Phlegmariurus hippurideus (Christ) B.Øllg.,Lycopodiaceae,Phlegmariurus,SPECIES,PRESERVED_SPECIMEN,2018-12-08,2018,-71.708,18.317,NA,b89d52a2-861d-4388-adad-c0da3d55fc78,UF,,10,02,DUVERGÉ,061002,876725a02ffffff
2eec207a-8f8d-4056-9c3c-e38e05509733,1928432589,Juniperus gracilior,Juniperus ekmanii Florin,Cupressaceae,Juniperus,SPECIES,PRESERVED_SPECIMEN,1988-04-09,1988,-71.57,18.32,NA,d415c253-4d61-4459-9d25-4015b9084fb0,NY,NY,10,02,DUVERGÉ,061002,876725b58ffffff
2fb888a2-68b1-40ff-b148-5802af53eae6,1928443817,Peperomia dendrophila,Peperomia dendrophila Schltdl. & Cham.,Piperaceae,Peperomia,SPECIES,PRESERVED_SPECIMEN,1985-03-17,1985,-71.5,18.23,NA,d415c253-4d61-4459-9d25-4015b9084fb0,NY,NY,10,02,DUVERGÉ,061002,876725a68ffffff
2feef838-ddb9-4ec8-a079-b1fe4c7ca884,1928447295,Senna angustisiliqua,Senna angustisiliqua var. angustisiliqua,Fabaceae,Senna,VARIETY,PRESERVED_SPECIMEN,1985-05-09,1985,-71.57,18.3,NA,d415c253-4d61-4459-9d25-4015b9084fb0,NY,NY,10,02,DUVERGÉ,061002,876725b5bffffff
302283ce-03aa-47cb-ae51-6af22495a2b7,1928449923,Bursera glauca,Bursera glauca Griseb.,Burseraceae,Bursera,SPECIES,PRESERVED_SPECIMEN,2008-09-13,2008,-71.5347,18.3531,NA,d415c253-4d61-4459-9d25-4015b9084fb0,NY,NY,10,02,DUVERGÉ,061002,876725b41ffffff
3024e27e-8c93-4efc-97f1-e61ccbf2cad7,1928450107,Sebastiania picardae,Sebastiania picardae Urb.,Euphorbiaceae,Sebastiania,SPECIES,PRESERVED_SPECIMEN,1985-03-17,1985,-71.5,18.23,NA,d415c253-4d61-4459-9d25-4015b9084fb0,NY,NY,10,02,DUVERGÉ,061002,876725a68ffffff
304e4590-751a-4293-ba52-bca82e5062b5,1928452282,Rajania L.,Rajania L.,Dioscoreaceae,Dioscorea,GENUS,PRESERVED_SPECIMEN,1985-03-19,1985,-71.53,18.2,NA,d415c253-4d61-4459-9d25-4015b9084fb0,NY,NY,10,02,DUVERGÉ,061002,876725a48ffffff
3082179e-d97d-4d22-ade7-1bb48d155c42,1928455259,Isopterygium tenerum,Isopterygium tenerum (Sw.) Mitt.,Pylaisiadelphaceae,Isopterygium,SPECIES,PRESERVED_SPECIMEN,1981-03-21,1981,-71.7,18.28,NA,d415c253-4d61-4459-9d25-4015b9084fb0,NY,NY,10,02,DUVERGÉ,061002,876725a18ffffff
30adb1da-d784-4009-84d5-4f7c1a8251df,4098941305,Wedelia serrata,Wedelia serrata Rich.,Asteraceae,Wedelia,SPECIES,PRESERVED_SPECIMEN,1994-05-26,1994,-71.533333,18.291667,NA,b89d52a2-861d-4388-adad-c0da3d55fc78,UF,,10,02,DUVERGÉ,061002,876725a64ffffff
30e16475-4d48-4e7c-ae13-17477b775515,1457760411,Polystichum muricatum,Polystichum muricatum (L.) Fée,Dryopteridaceae,Polystichum,SPECIES,PRESERVED_SPECIMEN,2004-04-23,2004,-71.533889,18.206389,NA,b89d52a2-861d-4388-adad-c0da3d55fc78,UF,,10,02,DUVERGÉ,061002,876725a4effffff
3173752f-a99f-423b-af21-1b5035ab54cc,1928469426,Weissia jamaicensis,Weissia jamaicensis (Mitt.) Grout,Pottiaceae,Weissia,SPECIES,PRESERVED_SPECIMEN,1981-03-21,1981,-71.55,18.35,NA,d415c253-4d61-4459-9d25-4015b9084fb0,NY,NY,10,02,DUVERGÉ,061002,876725b43ffffff
31b6dd66-fe8d-4be9-ad04-daf93e534168,1928471788,Gomphrena lanuparonychioides,Guilleminea lanuginosa (Poir.) Benth. & Hook.fil.,Amaranthaceae,Gomphrena,SPECIES,PRESERVED_SPECIMEN,1987-05-26,1987,-71.55,18.38,NA,d415c253-4d61-4459-9d25-4015b9084fb0,NY,NY,10,02,DUVERGÉ,061002,876725b44ffffff
31ba14ae-9215-4596-a5be-ebd9e3b5fa4c,1928471894,Calliandra haematomma,Calliandra haematomma var. haematomma,Fabaceae,Calliandra,VARIETY,PRESERVED_SPECIMEN,1985-05-09,1985,-71.57,18.3,NA,d415c253-4d61-4459-9d25-4015b9084fb0,NY,NY,10,02,DUVERGÉ,061002,876725b5bffffff
31dd1094-471f-4d1a-828b-0fcaf04e1710,1928474603,Juniperus L.,Juniperus L.,Cupressaceae,Juniperus,GENUS,PRESERVED_SPECIMEN,1988-04-09,1988,-71.57,18.32,NA,d415c253-4d61-4459-9d25-4015b9084fb0,NY,NY,10,02,DUVERGÉ,061002,876725b58ffffff
32281268-557a-4ab7-9b5e-72aadd813f1a,1928478139,Salvia selleana,Salvia selleana Urb.,Lamiaceae,Salvia,SPECIES,PRESERVED_SPECIMEN,1987-01-24,1987,-71.52,18.22,NA,d415c253-4d61-4459-9d25-4015b9084fb0,NY,NY,10,02,DUVERGÉ,061002,876725a4cffffff
3335F7D0-5252-4ED0-B7E8-C05EEDFD0467,122953156,Guaiacum sanctum,Guaiacum sanctum L.,Zygophyllaceae,Guaiacum,SPECIES,PRESERVED_SPECIMEN,1983-08-17,1983,-71.5333,18.3417,NA,832cb04e-f762-11e1-a439-00145eb45e9a,FTG,Herbarium,10,02,DUVERGÉ,061002,876725b4effffff
33a3ad4b-34ac-4f76-950b-13ba02780f5b,1928498583,Meteorium deppei,Meteorium deppei (Hornsch. ex Müll. Hal.) Mitt.,Meteoriaceae,Meteorium,SPECIES,PRESERVED_SPECIMEN,1987-01-25,1987,-71.52,18.27,NA,d415c253-4d61-4459-9d25-4015b9084fb0,NY,NY,10,02,DUVERGÉ,061002,876725a61ffffff
33bd49b4-39fb-493a-9107-9ca45454c185,1928499918,Fissidens polypodioides,Fissidens polypodioides Hedw.,Fissidentaceae,Fissidens,SPECIES,PRESERVED_SPECIMEN,1983-08-18,1983,-71.7083,18.3,NA,d415c253-4d61-4459-9d25-4015b9084fb0,NY,NY,10,02,DUVERGÉ,061002,876725a1cffffff
33ccac0a-b3d3-459d-bb46-c0be15021102,1928501003,Macromitrium scoparium,Macromitrium scoparium Mitt.,Orthotrichaceae,Macromitrium,SPECIES,PRESERVED_SPECIMEN,1981-03-21,1981,-71.7,18.32,NA,d415c253-4d61-4459-9d25-4015b9084fb0,NY,NY,10,02,DUVERGÉ,061002,876725a02ffffff
33ce325c-c7ae-4dc6-93c4-8d1d768c43de,1928502220,Syrrhopodon gaudichaudii,Syrrhopodon gaudichaudii Mont.,Calymperaceae,Syrrhopodon,SPECIES,PRESERVED_SPECIMEN,1981-03-21,1981,-71.7,18.32,NA,d415c253-4d61-4459-9d25-4015b9084fb0,NY,NY,10,02,DUVERGÉ,061002,876725a02ffffff
347bf2cf-0ce6-4c07-af73-cc3ba8b72a03,1928512509,Calyptothecium duplicatum,Calyptothecium duplicatum (Schwägr.) Broth.,Pterobryaceae,Calyptothecium,SPECIES,PRESERVED_SPECIMEN,2006-06-03,2006,-71.53431,18.20617,NA,d415c253-4d61-4459-9d25-4015b9084fb0,NY,NY,10,02,DUVERGÉ,061002,876725a4effffff
34c2d24b-408c-4406-b983-70712be8249c,2828624412,Pilotrichella (Müll. Hal.) Lorentz,Pilotrichella (Müll. Hal.) Lorentz,Lembophyllaceae,Pilotrichella,GENUS,PRESERVED_SPECIMEN,1987-01-25,1987,-71.55,18.2333,1000,15738fee-78b1-4751-bcc1-cbf7139c68de,CANB,CANB,10,02,DUVERGÉ,061002,876725a40ffffff
35cbbce1-b54e-4c76-8b3f-466a47bf5d09,1457762085,Miconia lima,Miconia lima (Desr.) M.Gómez,Melastomataceae,Miconia,SPECIES,PRESERVED_SPECIMEN,1983-08-18,1983,-71.708333,18.3,NA,b89d52a2-861d-4388-adad-c0da3d55fc78,UF,,10,02,DUVERGÉ,061002,876725a1cffffff
3742e9d6-4096-457d-9065-f010320a1f7d,1928549758,Coccoloba picardae,Coccoloba picardae Urb.,Polygonaceae,Coccoloba,SPECIES,PRESERVED_SPECIMEN,1987-01-26,1987,-71.47,18.23,NA,d415c253-4d61-4459-9d25-4015b9084fb0,NY,NY,10,02,DUVERGÉ,061002,874cd669affffff
374bbba8-0c52-48a0-a673-03aec79a6ea8,1928551214,Cheilolejeunea holostipa,Cyrtolejeunea holostipa (Spruce) A. Evans,Lejeuneaceae,Cheilolejeunea,SPECIES,PRESERVED_SPECIMEN,1987-01-26,1987,-71.62,18.25,NA,d415c253-4d61-4459-9d25-4015b9084fb0,NY,NY,10,02,DUVERGÉ,061002,876725a56ffffff
377c1246-d63b-4984-aeb8-404b192cd5ea,1928552894,Sporobolus virginicus,Sporobolus virginicus (L.) Kunth,Poaceae,Sporobolus,SPECIES,PRESERVED_SPECIMEN,1982-09-27,1982,-71.53,18.3,NA,d415c253-4d61-4459-9d25-4015b9084fb0,NY,NY,10,02,DUVERGÉ,061002,876725a64ffffff
377d42ad-c5c5-411b-a4bc-274b1b516429,1928553203,Clusia L.,Clusia L.,Clusiaceae,Clusia,GENUS,PRESERVED_SPECIMEN,1985-05-09,1985,-71.5,18.23,NA,d415c253-4d61-4459-9d25-4015b9084fb0,NY,NY,10,02,DUVERGÉ,061002,876725a68ffffff
378fa790-ab45-49e0-959b-57fb6bf095f7,1928554212,Pleurochaete squarrosa,Pleurochaete squarrosa (Brid.) Lindb.,Pottiaceae,Pleurochaete,SPECIES,PRESERVED_SPECIMEN,1987-01-26,1987,-71.47,18.23,NA,d415c253-4d61-4459-9d25-4015b9084fb0,NY,NY,10,02,DUVERGÉ,061002,874cd669affffff
37ac3558-2c62-463c-8de1-6142ade3c561,1928555804,Allionia incarnata,Allionia incarnata L.,Nyctaginaceae,Allionia,SPECIES,PRESERVED_SPECIMEN,1987-05-26,1987,-71.55,18.38,NA,d415c253-4d61-4459-9d25-4015b9084fb0,NY,NY,10,02,DUVERGÉ,061002,876725b44ffffff
37e2f84f-4244-4773-89ff-0963a5f328e4,1928558549,Miconia scalpta,"Miconia scalpta (Vent.) Ionta, Judd & Skean",Melastomataceae,Miconia,SPECIES,PRESERVED_SPECIMEN,2016-02-04,2016,-71.69344,18.30459,NA,d415c253-4d61-4459-9d25-4015b9084fb0,NY,NY,10,02,DUVERGÉ,061002,876725a1cffffff
37efc251-b23e-4195-b429-66628a101e91,1457762868,Vallesia montana,Vallesia montana Urb.,Apocynaceae,Vallesia,SPECIES,PRESERVED_SPECIMEN,2004-04-23,2004,-71.533889,18.206389,NA,b89d52a2-861d-4388-adad-c0da3d55fc78,UF,,10,02,DUVERGÉ,061002,876725a4effffff
37f842fd-49b0-45b9-b284-d52a79ad822c,4161665314,Bursera brunea,Bursera brunea (Urb.) Urb. & Ekman,Burseraceae,Bursera,SPECIES,PRESERVED_SPECIMEN,2001-08-22,2001,-71.536583,18.3416,NA,b89d52a2-861d-4388-adad-c0da3d55fc78,UF,,10,02,DUVERGÉ,061002,876725b43ffffff
37fb3d91-7088-4e72-8658-bf991d93d9ee,4946997354,Morella picardae,Myrica picardae Krug & Urb.,Myricaceae,Morella,SPECIES,PRESERVED_SPECIMEN,2023-01-24,2023,-71.55607,18.2084,NA,b89d52a2-861d-4388-adad-c0da3d55fc78,UF,,10,02,DUVERGÉ,061002,876725a5dffffff
386CE1EF-44C8-45A2-A129-F3D29FA3EE4C,122949291,Fuchsia pringsheimii,Fuchsia pringsheimii Urb.,Onagraceae,Fuchsia,SPECIES,PRESERVED_SPECIMEN,1983-08-18,1983,-71.7167,18.2917,NA,832cb04e-f762-11e1-a439-00145eb45e9a,FTG,Herbarium,10,02,DUVERGÉ,061002,876725a1effffff
38867313-dda7-4ec2-88b7-3942628db04e,5029135332,Smilax ilicifolia,Smilax ilicifolia Desv.,Smilacaceae,Smilax,SPECIES,PRESERVED_SPECIMEN,2023-01-24,2023,-71.51826,18.20572,NA,b89d52a2-861d-4388-adad-c0da3d55fc78,UF,,10,02,DUVERGÉ,061002,876725a4cffffff
388FB146-BD7C-4FEE-A330-9E6E8CC7D517,122985985,Physalis peruviana,Physalis peruviana L.,Solanaceae,Physalis,SPECIES,PRESERVED_SPECIMEN,1983-08-18,1983,-71.7083,18.3,NA,832cb04e-f762-11e1-a439-00145eb45e9a,FTG,Herbarium,10,02,DUVERGÉ,061002,876725a1cffffff
3892468,2996774490,Bursera brunea,Bursera brunea (Urb.) Urb. & Ekman,Burseraceae,Bursera,SPECIES,PRESERVED_SPECIMEN,2001-08-22,2001,-71.536667,18.341667,NA,5c9a924c-8d45-4452-8604-415a118578aa,MBM,MBM,10,02,DUVERGÉ,061002,876725b43ffffff
3892469,2996771493,Bursera Jacq. ex L.,Bursera Jacq. ex L.,Burseraceae,Bursera,GENUS,PRESERVED_SPECIMEN,2001-08-22,2001,-71.536667,18.341667,NA,5c9a924c-8d45-4452-8604-415a118578aa,MBM,MBM,10,02,DUVERGÉ,061002,876725b43ffffff
38937255-cd81-474e-b7ee-68053e777f16,1928568345,Polystichum underwoodii,Polystichum underwoodii Maxon,Dryopteridaceae,Polystichum,SPECIES,PRESERVED_SPECIMEN,1983-08-18,1983,-71.7083,18.3,NA,d415c253-4d61-4459-9d25-4015b9084fb0,NY,NY,10,02,DUVERGÉ,061002,876725a1cffffff
38b09b95-608f-4137-bf0c-003ba6259e1e,1928569394,Elaphoglossum erinaceum,Elaphoglossum erinaceum (Fée) T.Moore,Dryopteridaceae,Elaphoglossum,SPECIES,PRESERVED_SPECIMEN,1983-08-18,1983,-71.7,18.3,NA,d415c253-4d61-4459-9d25-4015b9084fb0,NY,NY,10,02,DUVERGÉ,061002,876725a1cffffff
39120bbd-a505-4f39-b4ec-111f7cf02928,4074300310,Miconia rhomboidea,Miconia rhomboidea (Urb. & Ekman) Skean & Judd,Melastomataceae,Miconia,SPECIES,PRESERVED_SPECIMEN,2014-09-23,2014,-71.709611,18.310667,NA,b89d52a2-861d-4388-adad-c0da3d55fc78,UF,,10,02,DUVERGÉ,061002,876725a11ffffff
39278610-0062-4e4b-92ad-4c014c370320,1928576288,Fissidens weirii,Fissidens weirii var. hemicraspedophyllus (Cardot) Pursell,Fissidentaceae,Fissidens,VARIETY,PRESERVED_SPECIMEN,1981-03-21,1981,-71.7,18.28,NA,d415c253-4d61-4459-9d25-4015b9084fb0,NY,NY,10,02,DUVERGÉ,061002,876725a18ffffff
39db0391-93ea-4cb1-bc47-37bf17a865ca,1928586444,Cryphaea jamesonii,Cryphaea jamesonii Taylor,Cryphaeaceae,Cryphaea,SPECIES,PRESERVED_SPECIMEN,1987-01-25,1987,-71.55,18.23,NA,d415c253-4d61-4459-9d25-4015b9084fb0,NY,NY,10,02,DUVERGÉ,061002,876725a40ffffff
3FB6A0F6-6E47-4EDF-901F-F6301FBBB66E,122985611,Picramnia pentandra,Picramnia pentandra Sw.,Picramniaceae,Picramnia,SPECIES,PRESERVED_SPECIMEN,1983-08-17,1983,-71.7,18.3167,NA,832cb04e-f762-11e1-a439-00145eb45e9a,FTG,Herbarium,10,02,DUVERGÉ,061002,876725a02ffffff
3b44b810-db61-42a9-bfbc-01562bbf89b0,1928606112,Hymenophyllum Sm.,Hymenophyllum Sm.,Hymenophyllaceae,Hymenophyllum,GENUS,PRESERVED_SPECIMEN,1985-03-18,1985,-71.52,18.2,NA,d415c253-4d61-4459-9d25-4015b9084fb0,NY,NY,10,02,DUVERGÉ,061002,876725a48ffffff
3b683205-f2fb-4496-9ead-31fbd77463e0,4421592301,Erythroxylum rotundifolium,Erythroxylum suave O.E.Schulz,Erythroxylaceae,Erythroxylum,SPECIES,PRESERVED_SPECIMEN,2009-04-25,2009,-71.535067,18.353617,NA,89c53edb-0fac-4118-bdc0-d70ca50953dc,DBG,KHD,10,02,DUVERGÉ,061002,876725b41ffffff
3b7d5e08-ad47-480a-b873-69c2d79cada4,1928609466,Coccoloba costata,Coccoloba costata C.Wright,Polygonaceae,Coccoloba,SPECIES,PRESERVED_SPECIMEN,1983-08-17,1983,-71.68,18.32,NA,d415c253-4d61-4459-9d25-4015b9084fb0,NY,NY,10,02,DUVERGÉ,061002,876725a00ffffff
3ca44c30-9b5d-41b6-9342-a37982bba469,1928625858,Miconia longicollis,Miconia longicollis (Urb. & Cogn.) Judd & Becquer,Melastomataceae,Miconia,SPECIES,PRESERVED_SPECIMEN,2016-02-04,2016,-71.70435,18.31383,NA,d415c253-4d61-4459-9d25-4015b9084fb0,NY,NY,10,02,DUVERGÉ,061002,876725a02ffffff
3ccebac1-94f4-4a5a-98c4-0d1c21acbfdd,1928627843,Diphasiastrum fawcettii,Lycopodium fawcettii F.E.Lloyd & Underw.,Lycopodiaceae,Diphasiastrum,SPECIES,PRESERVED_SPECIMEN,1991-09-30,1991,-71.7,18.28,NA,d415c253-4d61-4459-9d25-4015b9084fb0,NY,NY,10,02,DUVERGÉ,061002,876725a18ffffff
3d3363ec-8d27-493c-ba29-63b282ac04ae,5065060338,Carex scabrella,Carex scabrella Wahlenb.,Cyperaceae,Carex,SPECIES,PRESERVED_SPECIMEN,2023-01-24,2023,-71.51826,18.20572,NA,b89d52a2-861d-4388-adad-c0da3d55fc78,UF,,10,02,DUVERGÉ,061002,876725a4cffffff
3d4a0a7d-b580-4074-b7a8-24a5cd5531df,1457764649,Miconia luteola,Miconia luteola Cogn.,Melastomataceae,Miconia,SPECIES,PRESERVED_SPECIMEN,1991-09-30,1991,-71.7,18.283333,NA,b89d52a2-861d-4388-adad-c0da3d55fc78,UF,,10,02,DUVERGÉ,061002,876725a18ffffff
3da718f5-94a3-49a8-8431-b7a0d1e5665e,4598144327,Croton L.,Croton L.,Euphorbiaceae,Croton,GENUS,PRESERVED_SPECIMEN,2021-05-25,2021,-71.56438,18.32747,NA,b89d52a2-861d-4388-adad-c0da3d55fc78,UF,,10,02,DUVERGÉ,061002,876725b58ffffff
3de45622-e256-45ea-a249-c4a3dd400c57,1928643685,Coccoloba diversifolia,Coccoloba diversifolia Jacq.,Polygonaceae,Coccoloba,SPECIES,PRESERVED_SPECIMEN,1986-03-20,1986,-71.57,18.3,NA,d415c253-4d61-4459-9d25-4015b9084fb0,NY,NY,10,02,DUVERGÉ,061002,876725b5bffffff
3dfe74fc-5572-46b9-ba83-642963d7bc1e,1928644387,Piper amalago,Piper amalago L.,Piperaceae,Piper,SPECIES,PRESERVED_SPECIMEN,1983-08-17,1983,-71.7,18.325,NA,d415c253-4d61-4459-9d25-4015b9084fb0,NY,NY,10,02,DUVERGÉ,061002,876725a02ffffff
3e3d6d7e-6c76-4fe6-a0ad-09824f3a3c13,1928648092,Peperomia crassicaulis,Peperomia crassicaulis Fawc. & Rendle,Piperaceae,Peperomia,SPECIES,PRESERVED_SPECIMEN,1985-03-18,1985,-71.52,18.2,NA,d415c253-4d61-4459-9d25-4015b9084fb0,NY,NY,10,02,DUVERGÉ,061002,876725a48ffffff
3e4b6fa3-4d40-4055-b630-26fd9c50d1b8,2238706499,Miconia luteola,Miconia luteola Cogn.,Melastomataceae,Miconia,SPECIES,PRESERVED_SPECIMEN,2016-02-04,2016,-71.69344,18.30459,NA,b89d52a2-861d-4388-adad-c0da3d55fc78,UF,,10,02,DUVERGÉ,061002,876725a1cffffff
3e59ecd6-5ed7-4911-9ee5-0057cf48bac6,4946997792,Miconia luteola,Miconia luteola Cogn.,Melastomataceae,Miconia,SPECIES,PRESERVED_SPECIMEN,2023-01-24,2023,-71.55607,18.2084,NA,b89d52a2-861d-4388-adad-c0da3d55fc78,UF,,10,02,DUVERGÉ,061002,876725a5dffffff
3e5ff73d-a77e-4d3d-a4ae-2e2b2ef80dd3,1928651152,Weinmannia pinnata,Weinmannia pinnata L.,Cunoniaceae,Weinmannia,SPECIES,PRESERVED_SPECIMEN,1983-08-17,1983,-71.7,18.3,NA,d415c253-4d61-4459-9d25-4015b9084fb0,NY,NY,10,02,DUVERGÉ,061002,876725a1cffffff
3e745f41-8311-4bf5-a1c2-0ff7ee66bee4,4946997358,Symplocos domingensis,Symplocos domingensis Urb.,Symplocaceae,Symplocos,SPECIES,PRESERVED_SPECIMEN,2023-01-24,2023,-71.53416,18.20755,NA,b89d52a2-861d-4388-adad-c0da3d55fc78,UF,,10,02,DUVERGÉ,061002,876725a4effffff
3ebda05b-ae33-4c0d-9512-594f978b83f3,1928655270,Juniperus L.,Juniperus L.,Cupressaceae,Juniperus,GENUS,PRESERVED_SPECIMEN,1988-04-09,1988,-71.57,18.32,NA,d415c253-4d61-4459-9d25-4015b9084fb0,NY,NY,10,02,DUVERGÉ,061002,876725b58ffffff
3edb72d712fc680f37374ac3bf570fb0,3308096740,Diospyros crassinervis,Diospyros crassinervis subsp. urbaniana (Leonard) Alain,Ebenaceae,Diospyros,SUBSPECIES,PRESERVED_SPECIMEN,2001-06-14,2001,-71.568,18.286,NA,8016518a-f762-11e1-a439-00145eb45e9a,IBUNAM,MEXU,10,02,DUVERGÉ,061002,876725a75ffffff
407e631d-9e49-445c-ab1e-8ea159e30256,1928679920,Podocarpus buchii,Podocarpus buchii Urb.,Podocarpaceae,Podocarpus,SPECIES,PRESERVED_SPECIMEN,1985-03-17,1985,-71.5,18.23,NA,d415c253-4d61-4459-9d25-4015b9084fb0,NY,NY,10,02,DUVERGÉ,061002,876725a68ffffff
4094c74b-8710-43ef-975b-24e20907af86,4078900305,Elaphoglossum eggersii,Elaphoglossum eggersii (Baker) Christ,Dryopteridaceae,Elaphoglossum,SPECIES,PRESERVED_SPECIMEN,2018-06-28,2018,-71.514833,18.206556,NA,b89d52a2-861d-4388-adad-c0da3d55fc78,UF,,10,02,DUVERGÉ,061002,876725a4cffffff
41205438-121d-4c2f-ae9c-a9e932a4893e,1928688876,Chionoloma angustatum,Chionoloma angustatum (Mitt.) M. Menzel,Pottiaceae,Chionoloma,SPECIES,PRESERVED_SPECIMEN,1987-01-25,1987,-71.52,18.27,NA,d415c253-4d61-4459-9d25-4015b9084fb0,NY,NY,10,02,DUVERGÉ,061002,876725a61ffffff
419799d4-6223-4210-8043-0836752e14fc,1928695400,Solanum nudum,Solanum nudum Humb. & Bonpl. ex Dunal,Solanaceae,Solanum,SPECIES,PRESERVED_SPECIMEN,1983-08-18,1983,-71.708333,18.3,NA,d415c253-4d61-4459-9d25-4015b9084fb0,NY,NY,10,02,DUVERGÉ,061002,876725a1cffffff
41a61e76-5ebe-491d-bb25-42591ef391ea,1928696484,Garrya fadyenii,Garrya fadyenii Hook.,Garryaceae,Garrya,SPECIES,PRESERVED_SPECIMEN,1985-05-09,1985,-71.5,18.23,NA,d415c253-4d61-4459-9d25-4015b9084fb0,NY,NY,10,02,DUVERGÉ,061002,876725a68ffffff
41b3fb3b-b0e0-442f-aabd-4c1089c51587,1928697537,Psychotria baltenweckii,Psychotria baltenweckii Urb.,Rubiaceae,Psychotria,SPECIES,PRESERVED_SPECIMEN,1985-07-25,1985,-71.52,18.2,NA,d415c253-4d61-4459-9d25-4015b9084fb0,NY,NY,10,02,DUVERGÉ,061002,876725a48ffffff
41f00b84-a87d-4bd4-b67a-ed0d91fbd630,5106968337,Croton spiralis,Croton spiralis Müll.Arg.,Euphorbiaceae,Croton,SPECIES,PRESERVED_SPECIMEN,2021-05-25,2021,-71.56438,18.32746,NA,b89d52a2-861d-4388-adad-c0da3d55fc78,UF,,10,02,DUVERGÉ,061002,876725b58ffffff
42007520-b168-491c-8e55-9093a6080191,1928701295,Amyris elemifera,Amyris elemifera L.,Rutaceae,Amyris,SPECIES,PRESERVED_SPECIMEN,1992-12-15,1992,-71.57,18.3,NA,d415c253-4d61-4459-9d25-4015b9084fb0,NY,NY,10,02,DUVERGÉ,061002,876725b5bffffff
4229d283-b8b7-4eda-a3ff-f9fe3cda8fc8,5836321835,Anastraphia picardae,Gochnatia picardae (Urb.) Jiménez,Asteraceae,Anastraphia,SPECIES,PRESERVED_SPECIMEN,2021-05-25,2021,-71.57141,18.30034,NA,b89d52a2-861d-4388-adad-c0da3d55fc78,UF,,10,02,DUVERGÉ,061002,876725b5bffffff
4231f194-04cb-4016-89c3-fe7da2bf15ee,4506812304,Erythroxylum rotundifolium,Erythroxylum suave O.E.Schulz,Erythroxylaceae,Erythroxylum,SPECIES,PRESERVED_SPECIMEN,,NA,-71.535067,18.353617,NA,89c53edb-0fac-4118-bdc0-d70ca50953dc,DBG,KHD,10,02,DUVERGÉ,061002,876725b41ffffff
426840d6-9a89-4002-a1a0-e2622378b63c,1928707611,Meriania involucrata,Meriania involucrata (Desr.) Naudin,Melastomataceae,Meriania,SPECIES,PRESERVED_SPECIMEN,2016-02-04,2016,-71.69344,18.30459,NA,d415c253-4d61-4459-9d25-4015b9084fb0,NY,NY,10,02,DUVERGÉ,061002,876725a1cffffff
42edd019-fdf5-49c2-be26-9f7568a6a806,1928714148,Cynophalla flexuosa,Cynophalla flexuosa (L.) J.Presl,Capparaceae,Cynophalla,SPECIES,PRESERVED_SPECIMEN,1980-07-03,1980,-71.62,18.4083,NA,d415c253-4d61-4459-9d25-4015b9084fb0,NY,NY,10,02,DUVERGÉ,061002,876725b0dffffff
438aac5a-8465-4d09-9dbf-82c4df8d1dac,1928723117,Pilotrichella cuspidans,Pilotrichella cuspidans Renauld & Cardot,Lembophyllaceae,Pilotrichella,SPECIES,PRESERVED_SPECIMEN,1987-01-25,1987,-71.55,18.23,NA,d415c253-4d61-4459-9d25-4015b9084fb0,NY,NY,10,02,DUVERGÉ,061002,876725a40ffffff
43bf1419-3990-4d2c-825f-63ad4a3d39a3,1928726664,Brunellia comocladifolia,Brunellia comocladifolia subsp. cubensis Cuatrec.,Brunelliaceae,Brunellia,SUBSPECIES,PRESERVED_SPECIMEN,1983-08-18,1983,-71.7083,18.3,NA,d415c253-4d61-4459-9d25-4015b9084fb0,NY,NY,10,02,DUVERGÉ,061002,876725a1cffffff
4401edcc-b5cb-413e-a25f-cdccdd947960,1928730505,Myrsine L.,Myrsine L.,Primulaceae,Myrsine,GENUS,PRESERVED_SPECIMEN,1985-03-16,1985,-71.57,18.32,NA,d415c253-4d61-4459-9d25-4015b9084fb0,NY,NY,10,02,DUVERGÉ,061002,876725b58ffffff
449c6018-d79c-4534-8818-6ea76bc67025,1928738144,Campyloneurum amphostenon,Campyloneurum amphostenon (Kunze ex Klotzsch) Fée,Polypodiaceae,Campyloneurum,SPECIES,PRESERVED_SPECIMEN,1985-03-18,1985,-71.52,18.2,NA,d415c253-4d61-4459-9d25-4015b9084fb0,NY,NY,10,02,DUVERGÉ,061002,876725a48ffffff
44b35d39-ce6a-4016-b4a3-cdc92ce560c2,1928739639,Asplenium monanthes,Asplenium monanthes L.,Aspleniaceae,Asplenium,SPECIES,PRESERVED_SPECIMEN,1985-03-17,1985,-71.5,18.23,NA,d415c253-4d61-4459-9d25-4015b9084fb0,NY,NY,10,02,DUVERGÉ,061002,876725a68ffffff
44b44818-0f26-4b55-be71-642c042ca0e5,1928739298,Cryptopapillaria penicillata,Cryptopapillaria penicillata (Dozy & Molk.) M. Menzel,Meteoriaceae,Cryptopapillaria,SPECIES,PRESERVED_SPECIMEN,1987-01-25,1987,-71.55,18.23,NA,d415c253-4d61-4459-9d25-4015b9084fb0,NY,NY,10,02,DUVERGÉ,061002,876725a40ffffff
451F6265-02F2-497C-BB95-1E18A5D4950F,122966993,Lantana reticulata,Lantana reticulata Pers.,Verbenaceae,Lantana,SPECIES,PRESERVED_SPECIMEN,1985-03-20,1985,-71.55,18.2667,NA,832cb04e-f762-11e1-a439-00145eb45e9a,FTG,Herbarium,10,02,DUVERGÉ,061002,876725a62ffffff
45b3d6fa-5dc8-4f14-b62d-fb2c491ba43a,1928754025,Pellaea ovata,Pellaea ovata (Desv.) Weath.,Pteridaceae,Pellaea,SPECIES,PRESERVED_SPECIMEN,1987-01-25,1987,-71.52,18.2,NA,d415c253-4d61-4459-9d25-4015b9084fb0,NY,NY,10,02,DUVERGÉ,061002,876725a48ffffff
45ee130a-6f58-4d77-991d-00a118a1dce7,1457767682,Miconia tetrastoma,Miconia tetrastoma Naudin,Melastomataceae,Miconia,SPECIES,PRESERVED_SPECIMEN,1983-08-18,1983,-71.708333,18.3,NA,b89d52a2-861d-4388-adad-c0da3d55fc78,UF,,10,02,DUVERGÉ,061002,876725a1cffffff
46eb6cd0-7d21-4c5a-987d-d8334d9c66ec,1928770998,Quisqueya holdridgei,Quisqueya holdridgei Dod,Orchidaceae,Quisqueya,SPECIES,PRESERVED_SPECIMEN,1985-03-17,1985,-71.5,18.23,NA,d415c253-4d61-4459-9d25-4015b9084fb0,NY,NY,10,02,DUVERGÉ,061002,876725a68ffffff
470139dc-2e84-4cb9-9276-c7c95c6b2651,1928771819,Fissidens dubius,Fissidens dubius P. Beauv.,Fissidentaceae,Fissidens,SPECIES,PRESERVED_SPECIMEN,1981-03-21,1981,-71.7,18.32,NA,d415c253-4d61-4459-9d25-4015b9084fb0,NY,NY,10,02,DUVERGÉ,061002,876725a02ffffff
47c69d31-6148-4cae-a727-2bbe9e9913b4,1928782881,Ptychomitrium indicum,Barbula indica (Willd. ex Schrad.) Spreng.,Ptychomitriaceae,Ptychomitrium,SPECIES,PRESERVED_SPECIMEN,1981-03-21,1981,-71.7,18.28,NA,d415c253-4d61-4459-9d25-4015b9084fb0,NY,NY,10,02,DUVERGÉ,061002,876725a18ffffff
47e3a557-83af-4b64-bf05-e18560fa9d88,1928784863,Rhodopis rudolphioides,Galactia rudolphioides (Griseb.) Benth. & Hook.f. ex C.Wright,Fabaceae,Rhodopis,SPECIES,PRESERVED_SPECIMEN,1985-05-09,1985,-71.57,18.28,NA,d415c253-4d61-4459-9d25-4015b9084fb0,NY,NY,10,02,DUVERGÉ,061002,876725a75ffffff
47f11ab7-1b83-4374-99f2-fde212542585,1928785415,Miconia tetrastoma,Miconia tetrastoma Naudin,Melastomataceae,Miconia,SPECIES,PRESERVED_SPECIMEN,1983-08-18,1983,-71.7083,18.3,NA,d415c253-4d61-4459-9d25-4015b9084fb0,NY,NY,10,02,DUVERGÉ,061002,876725a1cffffff
48837afb-6597-4749-aba5-32b88b4248bf,1928793190,Chryso-hypnum diminutivum,Chryso-hypnum diminutivum (Hampe) W.R. Buck,Hypnaceae,Chryso-hypnum,SPECIES,PRESERVED_SPECIMEN,1981-03-21,1981,-71.63,18.35,NA,d415c253-4d61-4459-9d25-4015b9084fb0,NY,NY,10,02,DUVERGÉ,061002,876725a21ffffff
48fffe34-dade-4fb3-915a-5022f13521be,1928800268,Calliandra haematomma,Calliandra haematomma var. haematomma,Fabaceae,Calliandra,VARIETY,PRESERVED_SPECIMEN,1992-12-15,1992,-71.57,18.3,NA,d415c253-4d61-4459-9d25-4015b9084fb0,NY,NY,10,02,DUVERGÉ,061002,876725b5bffffff
493ea9bd-7f43-47ad-acd8-424840e6ee7f,1928804350,Hyophila involuta,Hyophila involuta (Hook.) A. Jaeger,Pottiaceae,Hyophila,SPECIES,PRESERVED_SPECIMEN,1981-03-21,1981,-71.55,18.35,NA,d415c253-4d61-4459-9d25-4015b9084fb0,NY,NY,10,02,DUVERGÉ,061002,876725b43ffffff
499a86f2-1f1f-40d0-8620-6e73685b069e,1928808964,Pseudomacromitrium cirrosum,Macromitrium cirrosum (Hedw.) Brid.,Orthotrichaceae,Pseudomacromitrium,SPECIES,PRESERVED_SPECIMEN,1981-03-21,1981,-71.7,18.32,NA,d415c253-4d61-4459-9d25-4015b9084fb0,NY,NY,10,02,DUVERGÉ,061002,876725a02ffffff
4aa6ec56-59eb-4025-99ff-f0db7e34d03d,4506812397,Erythroxylum domingense,Erythroxylum domingense Oviedo,Erythroxylaceae,Erythroxylum,SPECIES,PRESERVED_SPECIMEN,2009-04-25,2009,-71.566267,18.283433,NA,89c53edb-0fac-4118-bdc0-d70ca50953dc,DBG,KHD,10,02,DUVERGÉ,061002,876725a75ffffff
4abf91f5-0019-4d49-bd89-9631fc154624,1928825480,Coccothrinax scoparia,Coccothrinax scoparia Becc.,Arecaceae,Coccothrinax,SPECIES,PRESERVED_SPECIMEN,1985-03-16,1985,-71.57,18.32,NA,d415c253-4d61-4459-9d25-4015b9084fb0,NY,NY,10,02,DUVERGÉ,061002,876725b58ffffff
4b5f6b28-b414-4d29-bba5-ddd0206e88dc,1928834523,Zanthoxylum nashii,Zanthoxylum nashii P.Wilson,Rutaceae,Zanthoxylum,SPECIES,PRESERVED_SPECIMEN,1985-05-09,1985,-71.57,18.28,NA,d415c253-4d61-4459-9d25-4015b9084fb0,NY,NY,10,02,DUVERGÉ,061002,876725a75ffffff
4b6d2cf9-2b2a-4d1f-963e-cc99824c479c,4079747724,Elekmania buchii,Elekmania buchii (Urb.) B.Nord.,Asteraceae,Elekmania,SPECIES,PRESERVED_SPECIMEN,1958-08-22,1958,-71.71555,18.28989,348,3b040a48-deae-485c-95b1-2ac80b7fdc54,IIBZ,USD,10,02,DUVERGÉ,061002,876725a1effffff
4b80eeca-61ec-47fe-8ce4-20dffdc35fd7,1928835587,Dalea carthagenensis,Dalea carthagenensis var. carthagenensis,Fabaceae,Dalea,VARIETY,PRESERVED_SPECIMEN,1987-01-24,1987,-71.55,18.27,NA,d415c253-4d61-4459-9d25-4015b9084fb0,NY,NY,10,02,DUVERGÉ,061002,876725a62ffffff
4bd2a533-b62a-42a2-b42e-9a7e3e7637d6,4598143329,Croton L.,Croton L.,Euphorbiaceae,Croton,GENUS,PRESERVED_SPECIMEN,2021-05-25,2021,-71.56438,18.32747,NA,b89d52a2-861d-4388-adad-c0da3d55fc78,UF,,10,02,DUVERGÉ,061002,876725b58ffffff
4c0cc6bf-fac7-4df5-bf4f-6c8080211c4f,1928842894,Stereophyllum radiculosum,Stereophyllum radiculosum (Hook.) Mitt.,Stereophyllaceae,Stereophyllum,SPECIES,PRESERVED_SPECIMEN,1987-01-24,1987,-71.52,18.3,NA,d415c253-4d61-4459-9d25-4015b9084fb0,NY,NY,10,02,DUVERGÉ,061002,876725b4bffffff
4c43d1f1-7b36-48f3-8992-db6fa67d0b0f,1928847354,Cryptopapillaria penicillata,Cryptopapillaria penicillata (Dozy & Molk.) M. Menzel,Meteoriaceae,Cryptopapillaria,SPECIES,PRESERVED_SPECIMEN,1987-01-24,1987,-71.55,18.27,NA,d415c253-4d61-4459-9d25-4015b9084fb0,NY,NY,10,02,DUVERGÉ,061002,876725a62ffffff
4c54f0be-fe7e-4b41-a884-7ee781b885a2,1928847091,Cheilolejeunea holostipa,Cyrtolejeunea holostipa (Spruce) A. Evans,Lejeuneaceae,Cheilolejeunea,SPECIES,PRESERVED_SPECIMEN,1987-01-26,1987,-71.62,18.25,NA,d415c253-4d61-4459-9d25-4015b9084fb0,NY,NY,10,02,DUVERGÉ,061002,876725a56ffffff
4c81d5c1-5f7e-40fc-9db8-e51de58e77ba,1928849689,Calyptothecium duplicatum,Calyptothecium duplicatum (Schwägr.) Broth.,Pterobryaceae,Calyptothecium,SPECIES,PRESERVED_SPECIMEN,2006-06-03,2006,-71.53431,18.20617,NA,d415c253-4d61-4459-9d25-4015b9084fb0,NY,NY,10,02,DUVERGÉ,061002,876725a4effffff
4d0d6ecd-5eac-4644-ad82-c96fbc29aa8e,1928857361,Meteoridium remotifolium,Meteoridium remotifolium (Müll. Hal.) Manuel,Brachytheciaceae,Meteoridium,SPECIES,PRESERVED_SPECIMEN,1981-03-21,1981,-71.7,18.28,NA,d415c253-4d61-4459-9d25-4015b9084fb0,NY,NY,10,02,DUVERGÉ,061002,876725a18ffffff
4dc9c3c6-368a-4c82-9ce9-7aeb4e725115,1457770417,Polystichum platyphyllum,Polystichum hottense C.Chr.,Dryopteridaceae,Polystichum,SPECIES,PRESERVED_SPECIMEN,2004-04-23,2004,-71.533889,18.206389,NA,b89d52a2-861d-4388-adad-c0da3d55fc78,UF,,10,02,DUVERGÉ,061002,876725a4effffff
4deaed16-7342-42d9-b82c-3ea2360abac4,1457770436,Cynoglossum amabile,Cynoglossum amabile Stapf & J.R.Drumm.,Boraginaceae,Cynoglossum,SPECIES,PRESERVED_SPECIMEN,1987-01-25,1987,-71.516667,18.216667,NA,b89d52a2-861d-4388-adad-c0da3d55fc78,UF,,10,02,DUVERGÉ,061002,876725a4cffffff
4deb1fa8-83ea-4541-af51-829c22bede32,1928870035,Arceuthobium bicarinatum,Arceuthobium bicarinatum Urb.,Viscaceae,Arceuthobium,SPECIES,PRESERVED_SPECIMEN,1986-03-20,1986,-71.55,18.27,NA,d415c253-4d61-4459-9d25-4015b9084fb0,NY,NY,10,02,DUVERGÉ,061002,876725a62ffffff
4e3d1dec-95dc-4e55-8ec7-c6c5c219a210,3949948843,Physalis peruviana,Physalis peruviana L.,Solanaceae,Physalis,SPECIES,PRESERVED_SPECIMEN,2012-01-08,2012,-71.671667,18.260278,NA,0f6a3163-4efb-47ab-a4f1-2f548098665f,CINC,CINC,10,02,DUVERGÉ,061002,876725ae4ffffff
4e428916-217f-4847-ba54-90e372e65c71,1928874148,Campyloneurum vulpinum,Campyloneurum vulpinum (Lindm.) Ching,Polypodiaceae,Campyloneurum,SPECIES,PRESERVED_SPECIMEN,1983-08-18,1983,-71.7083,18.3,NA,d415c253-4d61-4459-9d25-4015b9084fb0,NY,NY,10,02,DUVERGÉ,061002,876725a1cffffff
4e8f0c7e-8fd0-493d-ab69-fbc837b25351,4598144337,Polystichum ekmanii,Polystichum ekmanii Maxon,Dryopteridaceae,Polystichum,SPECIES,PRESERVED_SPECIMEN,2018-12-08,2018,-71.70826,18.31668,NA,b89d52a2-861d-4388-adad-c0da3d55fc78,UF,,10,02,DUVERGÉ,061002,876725a02ffffff
4e903bc0-601a-439e-8cb2-3634572aab01,1928878896,Arachniodes denticulata,Arachniodes denticulata (Sw.) Ching,Dryopteridaceae,Arachniodes,SPECIES,PRESERVED_SPECIMEN,1983-08-18,1983,-71.7083,18.3,NA,d415c253-4d61-4459-9d25-4015b9084fb0,NY,NY,10,02,DUVERGÉ,061002,876725a1cffffff
4eba21e3-d2a0-4a55-911e-f63b1516f924,1928881331,Varronia dependens,Varronia dependens (Urb. & Ekman) Borhidi,Cordiaceae,Varronia,SPECIES,PRESERVED_SPECIMEN,1985-03-19,1985,-71.53,18.2,NA,d415c253-4d61-4459-9d25-4015b9084fb0,NY,NY,10,02,DUVERGÉ,061002,876725a48ffffff
4ec51bc3-b2c7-4c62-bff1-ddca26bda546,1928881760,Hymenophyllum asplenioides,Hymenophyllum asplenioides (Sw.) Sw.,Hymenophyllaceae,Hymenophyllum,SPECIES,PRESERVED_SPECIMEN,1983-08-18,1983,-71.7083,18.3,NA,d415c253-4d61-4459-9d25-4015b9084fb0,NY,NY,10,02,DUVERGÉ,061002,876725a1cffffff
4fcb8004-d188-4dfc-b140-66bc7ce181c2,1928896613,Stereophyllum radiculosum,Stereophyllum radiculosum (Hook.) Mitt.,Stereophyllaceae,Stereophyllum,SPECIES,PRESERVED_SPECIMEN,1981-03-21,1981,-71.63,18.35,NA,d415c253-4d61-4459-9d25-4015b9084fb0,NY,NY,10,02,DUVERGÉ,061002,876725a21ffffff
4fce733b-3491-4d92-9ab0-e6e206aa413d,4598144339,Melochia tomentosa,Melochia tomentosa L.,Malvaceae,Melochia,SPECIES,PRESERVED_SPECIMEN,2021-05-25,2021,-71.56438,18.32747,NA,b89d52a2-861d-4388-adad-c0da3d55fc78,UF,,10,02,DUVERGÉ,061002,876725b58ffffff
4fd66f33-b654-4151-a9d0-a41776dae47d,1928897156,Ptychostomum imbricatulum,Bryum caespiticium Hedw.,Bryaceae,Ptychostomum,SPECIES,PRESERVED_SPECIMEN,1987-01-24,1987,-71.52,18.3,NA,d415c253-4d61-4459-9d25-4015b9084fb0,NY,NY,10,02,DUVERGÉ,061002,876725b4bffffff
4feb2214-318d-4b19-a294-d3655b23eaf7,2238706504,Dichanthelium acuminatum,Dichanthelium acuminatum (Sw.) Gould & C.A.Clark,Poaceae,Dichanthelium,SPECIES,PRESERVED_SPECIMEN,2016-02-04,2016,-71.69695,18.30256,NA,b89d52a2-861d-4388-adad-c0da3d55fc78,UF,,10,02,DUVERGÉ,061002,876725a1cffffff
500f0ca0-078e-4f0e-ba0c-3fdf7cdb77c3,1928900247,Lepidozia cupressina,Lepidozia cupressina (Sw.) Lindenb.,Lepidoziaceae,Lepidozia,SPECIES,PRESERVED_SPECIMEN,1981-03-21,1981,-71.7,18.28,NA,d415c253-4d61-4459-9d25-4015b9084fb0,NY,NY,10,02,DUVERGÉ,061002,876725a18ffffff
503bdc76-c9ba-40c4-83c7-d3f3e6336197,1928902374,Miconia lima,Leandra lima (Desr.) Judd & Skean,Melastomataceae,Miconia,SPECIES,PRESERVED_SPECIMEN,1985-03-19,1985,-71.53,18.2,NA,d415c253-4d61-4459-9d25-4015b9084fb0,NY,NY,10,02,DUVERGÉ,061002,876725a48ffffff
50a4a7d7-b0d1-463a-8cab-341fb48b9b49,1928909316,Luisierella barbula,Luisierella barbula (Schwägr.) Steere,Timmiellaceae,Luisierella,SPECIES,PRESERVED_SPECIMEN,1981-03-21,1981,-71.63,18.35,NA,d415c253-4d61-4459-9d25-4015b9084fb0,NY,NY,10,02,DUVERGÉ,061002,876725a21ffffff
50d4133c-a463-48bb-a354-067375e06249,5029135780,Xylosma domingensis,Xylosma domingensis (Urb.) M.H.Alford,Salicaceae,Xylosma,SPECIES,PRESERVED_SPECIMEN,2023-01-24,2023,-71.53416,18.20755,NA,b89d52a2-861d-4388-adad-c0da3d55fc78,UF,,10,02,DUVERGÉ,061002,876725a4effffff
50fbf072-a89f-4b48-b732-080cb10d956f,1928913347,Polytrichum juniperinum,Polytrichum juniperinum Hedw.,Polytrichaceae,Polytrichum,SPECIES,PRESERVED_SPECIMEN,1991-09-28,1991,-71.7,18.3,NA,d415c253-4d61-4459-9d25-4015b9084fb0,NY,NY,10,02,DUVERGÉ,061002,876725a1cffffff
51290419-540f-439a-9f75-67e63e2fb44f,1457771526,Salvia selleana,Salvia selleana Urb.,Lamiaceae,Salvia,SPECIES,PRESERVED_SPECIMEN,1987-01-24,1987,-71.516667,18.216667,NA,b89d52a2-861d-4388-adad-c0da3d55fc78,UF,,10,02,DUVERGÉ,061002,876725a4cffffff
517973a1-c37d-4a7c-9b57-195f54239551,1928919755,Exostema parviflorum,Solenandra parviflora (A.Rich. ex Humb. & Bonpl.) Borhidi,Rubiaceae,Exostema,SPECIES,PRESERVED_SPECIMEN,1983-08-17,1983,-71.7,18.32,NA,d415c253-4d61-4459-9d25-4015b9084fb0,NY,NY,10,02,DUVERGÉ,061002,876725a02ffffff
51926d1b-0dc6-474d-b973-5faf54a8277c,1928922094,Lejeunea boryana,Crossotolejeunea boryana (Mont.) Schiffn.,Lejeuneaceae,Lejeunea,SPECIES,PRESERVED_SPECIMEN,1987-01-24,1987,-71.55,18.27,NA,d415c253-4d61-4459-9d25-4015b9084fb0,NY,NY,10,02,DUVERGÉ,061002,876725a62ffffff
51ef0593-3f7d-42c9-bc99-700b76cadb8b,1928926420,Hyophila involuta,Hyophila involuta (Hook.) A. Jaeger,Pottiaceae,Hyophila,SPECIES,PRESERVED_SPECIMEN,1981-03-21,1981,-71.55,18.35,NA,d415c253-4d61-4459-9d25-4015b9084fb0,NY,NY,10,02,DUVERGÉ,061002,876725b43ffffff
521a8b5c-33b6-44ee-ac47-d9f25b4d87aa,1928928596,Ptychomitrium indicum,Barbula indica (Willd. ex Schrad.) Spreng.,Ptychomitriaceae,Ptychomitrium,SPECIES,PRESERVED_SPECIMEN,1981-03-21,1981,-71.7,18.32,NA,d415c253-4d61-4459-9d25-4015b9084fb0,NY,NY,10,02,DUVERGÉ,061002,876725a02ffffff
528a9b66-9f05-454d-aa64-f86cea3a46fc,1304605654,Solanum crotonoides,Solanum crotonoides Lam.,Solanaceae,Solanum,SPECIES,OCCURRENCE,1985-03-17,1985,-71.5,18.233333,NA,07044577-bd82-4089-9f3a-f4a9d2170b2e,Bioversity,,10,02,DUVERGÉ,061002,876725a68ffffff
5298a2e5-2852-4bca-bcdb-7e2bbe600ac7,1928935860,Zanthoxylum flavum,Zanthoxylum flavum Vahl,Rutaceae,Zanthoxylum,SPECIES,PRESERVED_SPECIMEN,1985-05-10,1985,-71.57,18.3,NA,d415c253-4d61-4459-9d25-4015b9084fb0,NY,NY,10,02,DUVERGÉ,061002,876725b5bffffff
52ac703e-5620-4acc-9d15-36b12f6fa6cd,1928936874,Polytrichum juniperinum,Polytrichum juniperinum Hedw.,Polytrichaceae,Polytrichum,SPECIES,PRESERVED_SPECIMEN,1987-01-25,1987,-71.52,18.27,NA,d415c253-4d61-4459-9d25-4015b9084fb0,NY,NY,10,02,DUVERGÉ,061002,876725a61ffffff
52f4b259-8116-4369-ba63-7d0aa9effe2d,1928940879,Salvia selleana,Salvia selleana Urb.,Lamiaceae,Salvia,SPECIES,PRESERVED_SPECIMEN,1985-03-17,1985,-71.5,18.23,NA,d415c253-4d61-4459-9d25-4015b9084fb0,NY,NY,10,02,DUVERGÉ,061002,876725a68ffffff
5398be1a-68ef-45d2-9677-1879c81cfc66,1928949978,Tecoma stans,Tecoma stans (L.) Juss. ex Kunth,Bignoniaceae,Tecoma,SPECIES,PRESERVED_SPECIMEN,1985-03-18,1985,-71.52,18.2,NA,d415c253-4d61-4459-9d25-4015b9084fb0,NY,NY,10,02,DUVERGÉ,061002,876725a48ffffff
53da90be-4379-4ef0-aee1-0851f9cc5895,1928953438,Pleopeltis squamata,Polypodium squamatum L.,Polypodiaceae,Pleopeltis,SPECIES,PRESERVED_SPECIMEN,1983-08-18,1983,-71.7083,18.3,NA,d415c253-4d61-4459-9d25-4015b9084fb0,NY,NY,10,02,DUVERGÉ,061002,876725a1cffffff
547466c8-b111-41fb-9049-c2fad75a9e1a,1928962154,Alsophila woodwardioides,Cyathea woodwardioides Kaulf.,Cyatheaceae,Alsophila,SPECIES,PRESERVED_SPECIMEN,1983-08-18,1983,-71.7083,18.3,NA,d415c253-4d61-4459-9d25-4015b9084fb0,NY,NY,10,02,DUVERGÉ,061002,876725a1cffffff
55715d8e-5bda-4ed0-9800-a88dd25c785e,1928975795,Brachythecium ruderale,Brachythecium ruderale (Brid.) W.R. Buck,Brachytheciaceae,Brachythecium,SPECIES,PRESERVED_SPECIMEN,1981-03-21,1981,-71.63,18.35,NA,d415c253-4d61-4459-9d25-4015b9084fb0,NY,NY,10,02,DUVERGÉ,061002,876725a21ffffff
5604e682-ea5b-4725-9a3f-51504248c430,1928983647,Myriocoleopsis minutissima,Cololejeunea minutissima (Sm.) Schiffn.,Lejeuneaceae,Myriocoleopsis,SPECIES,PRESERVED_SPECIMEN,1987-01-24,1987,-71.57,18.25,NA,d415c253-4d61-4459-9d25-4015b9084fb0,NY,NY,10,02,DUVERGÉ,061002,876725a46ffffff
569f9d7c-2c18-4a16-b525-4e9c1164d325,5106971357,Pilea spathulifolia,Pilea spathulifolia Groult,Urticaceae,Pilea,SPECIES,PRESERVED_SPECIMEN,2021-05-25,2021,-71.57003,18.29049,NA,b89d52a2-861d-4388-adad-c0da3d55fc78,UF,,10,02,DUVERGÉ,061002,876725a75ffffff
56FAF2ED-5A28-4BC4-97C6-129B45781988,122939284,Duranta erecta,Duranta erecta L.,Verbenaceae,Duranta,SPECIES,PRESERVED_SPECIMEN,1992-06-25,1992,-71.5,18.2583,NA,832cb04e-f762-11e1-a439-00145eb45e9a,FTG,Herbarium,10,02,DUVERGÉ,061002,876725a6cffffff
56a1ac64-528c-4b1f-bc7f-004b7ced71a9,1928992792,Vittaria graminifolia,Vittaria graminifolia Kaulf.,Pteridaceae,Vittaria,SPECIES,PRESERVED_SPECIMEN,1983-08-18,1983,-71.7083,18.3,NA,d415c253-4d61-4459-9d25-4015b9084fb0,NY,NY,10,02,DUVERGÉ,061002,876725a1cffffff
56f45b40-3019-4e6a-829d-11a45f547f97,1928997272,Evolvulus arbuscula,Evolvulus arbuscula Poir.,Convolvulaceae,Evolvulus,SPECIES,PRESERVED_SPECIMEN,1987-05-26,1987,-71.55,18.38,NA,d415c253-4d61-4459-9d25-4015b9084fb0,NY,NY,10,02,DUVERGÉ,061002,876725b44ffffff
5713f807-5e69-4df9-a0f3-da0436d15dc1,1929000019,Salvia bahorucona,Salvia bahorucona Urb. & Ekman,Lamiaceae,Salvia,SPECIES,PRESERVED_SPECIMEN,1985-03-17,1985,-71.5,18.23,NA,d415c253-4d61-4459-9d25-4015b9084fb0,NY,NY,10,02,DUVERGÉ,061002,876725a68ffffff
57691234-5fdf-4d99-ac6f-446d368929d0,1929003918,Anomobryum julaceum,Anomobryum filiforme (Dicks.) Husn.,Bryaceae,Anomobryum,SPECIES,PRESERVED_SPECIMEN,1981-03-21,1981,-71.7,18.28,NA,d415c253-4d61-4459-9d25-4015b9084fb0,NY,NY,10,02,DUVERGÉ,061002,876725a18ffffff
58dcb665-194d-4a5e-8853-68ba8c8b69f0,1929024395,Hydrocotyle umbellata,Hydrocotyle umbellata L.,Araliaceae,Hydrocotyle,SPECIES,PRESERVED_SPECIMEN,1987-05-26,1987,-71.55,18.37,NA,d415c253-4d61-4459-9d25-4015b9084fb0,NY,NY,10,02,DUVERGÉ,061002,876725b40ffffff
59e3681d-68ba-4445-bc89-44ec921ff259,4598146338,Buxus glomerata,Buxus glomerata (Griseb.) Müll.Arg.,Buxaceae,Buxus,SPECIES,PRESERVED_SPECIMEN,2021-05-25,2021,-71.57073,18.28896,NA,b89d52a2-861d-4388-adad-c0da3d55fc78,UF,,10,02,DUVERGÉ,061002,876725a75ffffff
59e9b84a-5d77-4d52-ab03-5cec9a14d388,4079747714,Elekmania buchii,Elekmania buchii (Urb.) B.Nord.,Asteraceae,Elekmania,SPECIES,PRESERVED_SPECIMEN,1958-08-22,1958,-71.71555,18.28989,348,3b040a48-deae-485c-95b1-2ac80b7fdc54,IIBZ,USD,10,02,DUVERGÉ,061002,876725a1effffff
5a0e62a6-5b0b-4c23-97b9-04e1b9c6de3c,1929041220,Acroporium pungens,Acroporium pungens (Hedw.) Broth.,Sematophyllaceae,Acroporium,SPECIES,PRESERVED_SPECIMEN,1981-03-21,1981,-71.7,18.32,NA,d415c253-4d61-4459-9d25-4015b9084fb0,NY,NY,10,02,DUVERGÉ,061002,876725a02ffffff
5aa6eaf1-4062-4f89-aace-0091f8fd3c78,1929049396,Fissidens pellucidus,Fissidens pellucidus Hornsch.,Fissidentaceae,Fissidens,SPECIES,PRESERVED_SPECIMEN,1981-03-21,1981,-71.7,18.28,NA,d415c253-4d61-4459-9d25-4015b9084fb0,NY,NY,10,02,DUVERGÉ,061002,876725a18ffffff
5aa8bd6c-d7cc-4a90-b4b3-043a708f6f37,1929050514,Diplazium unilobum,Diplazium unilobum (Poir.) Hieron.,Athyriaceae,Diplazium,SPECIES,PRESERVED_SPECIMEN,1985-05-08,1985,-71.47,18.23,NA,d415c253-4d61-4459-9d25-4015b9084fb0,NY,NY,10,02,DUVERGÉ,061002,874cd669affffff
5ab30cae-f275-40a2-9ead-923b56996dae,1929049994,Allophylus L.,Allophylus L.,Sapindaceae,Allophylus,GENUS,PRESERVED_SPECIMEN,1985-03-18,1985,-71.52,18.2,NA,d415c253-4d61-4459-9d25-4015b9084fb0,NY,NY,10,02,DUVERGÉ,061002,876725a48ffffff
5ac678ff-178e-4c88-b1c2-8dbeb1700098,2573052083,Polystichum triangulum,Polystichum triangulum (L.) Fée,Dryopteridaceae,Polystichum,SPECIES,PRESERVED_SPECIMEN,2018-12-08,2018,-71.70826,18.31668,NA,e42c4be9-dc6d-466b-8df2-60ac8c47fadd,VT,,10,02,DUVERGÉ,061002,876725a02ffffff
5b034778-9c4b-4a35-949e-7c0ffd7df6d2,1929054654,Adelothecium bogotense,Adelothecium bogotense (Hampe) Mitt.,Daltoniaceae,Adelothecium,SPECIES,PRESERVED_SPECIMEN,1981-03-21,1981,-71.7,18.28,NA,d415c253-4d61-4459-9d25-4015b9084fb0,NY,NY,10,02,DUVERGÉ,061002,876725a18ffffff
5b8bd088-e835-4486-93b4-4d628a666c2d,1929062170,Hymenostylium recurvirostrum,Hymenostylium recurvirostrum (Hedw.) Dixon,Pottiaceae,Hymenostylium,SPECIES,PRESERVED_SPECIMEN,1981-03-21,1981,-71.7,18.32,NA,d415c253-4d61-4459-9d25-4015b9084fb0,NY,NY,10,02,DUVERGÉ,061002,876725a02ffffff
5b96b88e-b641-4306-81db-ca2f94fdf89e,1929062691,Lepyrodontopsis trichophylla,Lepyrodontopsis trichophylla (Sw. ex Hedw.) Broth.,Meteoriaceae,Lepyrodontopsis,SPECIES,PRESERVED_SPECIMEN,1981-03-21,1981,-71.7,18.32,NA,d415c253-4d61-4459-9d25-4015b9084fb0,NY,NY,10,02,DUVERGÉ,061002,876725a02ffffff
5bfb3e7b-cb7f-4684-883d-94ec0d3cee6d,1846483002,Henriettea barkeri,Henriettea barkeri (Urb. & Ekman) Alain,Melastomataceae,Henriettea,SPECIES,PRESERVED_SPECIMEN,2016-02-04,2016,-71.69695,18.30256,NA,3c59bd42-7bfd-421b-8da4-275780390e4c,DES,,10,02,DUVERGÉ,061002,876725a1cffffff
5c6de10b-1ccc-4a94-b6ed-df8221eb08b7,1304605913,Solanum nudum,Solanum nudum Humb. & Bonpl. ex Dunal,Solanaceae,Solanum,SPECIES,OCCURRENCE,1983-08-18,1983,-71.716667,18.3,NA,07044577-bd82-4089-9f3a-f4a9d2170b2e,Bioversity,,10,02,DUVERGÉ,061002,876725a1effffff
5c74c2c3-4e43-4e62-8358-50dc4e3519a2,1929075845,Andropogon L.,Andropogon L.,Poaceae,Andropogon,GENUS,PRESERVED_SPECIMEN,1987-01-26,1987,-71.47,18.23,NA,d415c253-4d61-4459-9d25-4015b9084fb0,NY,NY,10,02,DUVERGÉ,061002,874cd669affffff
5c7da697-dccc-4ae0-a7a3-dd79385429b0,1929075407,Tillandsia tenuifolia,Tillandsia tenuifolia L.,Bromeliaceae,Tillandsia,SPECIES,PRESERVED_SPECIMEN,1987-01-24,1987,-71.55,18.27,NA,d415c253-4d61-4459-9d25-4015b9084fb0,NY,NY,10,02,DUVERGÉ,061002,876725a62ffffff
5cb30932-7636-40cb-b42c-2484fd2e0634,5829830347,Ximenia americana,Ximenia americana L.,Ximeniaceae,Ximenia,SPECIES,PRESERVED_SPECIMEN,2021-05-25,2021,-71.56438,18.327466,NA,b89d52a2-861d-4388-adad-c0da3d55fc78,UF,,10,02,DUVERGÉ,061002,876725b58ffffff
5cbfd042-b20a-46c0-b401-5747cba552fc,4166230755,Erythroxylum rotundifolium,Erythroxylum rotundifolium Lunan,Erythroxylaceae,Erythroxylum,SPECIES,PRESERVED_SPECIMEN,2009-04-25,2009,-71.535067,18.353617,NA,89c53edb-0fac-4118-bdc0-d70ca50953dc,DBG,KHD,10,02,DUVERGÉ,061002,876725b41ffffff
5d1caab4-ca43-482f-903e-669cd692a826,5106971360,Coccoloba subcordata,Coccoloba subcordata Lindau,Polygonaceae,Coccoloba,SPECIES,PRESERVED_SPECIMEN,2021-05-25,2021,-71.56524,18.31735,NA,b89d52a2-861d-4388-adad-c0da3d55fc78,UF,,10,02,DUVERGÉ,061002,876725b58ffffff
5d968c6b-6b82-4196-a736-d0dcaa61689a,4946997606,Zanthoxylum tetraphyllum,Zanthoxylum tetraphyllum (Urb. & Ekman) J.Jiménez Alm.,Rutaceae,Zanthoxylum,SPECIES,PRESERVED_SPECIMEN,2023-01-24,2023,-71.53416,18.20755,NA,b89d52a2-861d-4388-adad-c0da3d55fc78,UF,,10,02,DUVERGÉ,061002,876725a4effffff
5da2f287-efa1-47ed-b9f5-a937e869837c,1929091616,Exostema spinosum,Exostema spinosum (Vavass.) Krug & Urb.,Rubiaceae,Exostema,SPECIES,PRESERVED_SPECIMEN,1992-12-15,1992,-71.57,18.3,NA,d415c253-4d61-4459-9d25-4015b9084fb0,NY,NY,10,02,DUVERGÉ,061002,876725b5bffffff
5dc03033-46a3-4524-b4af-28247927cc58,1929094311,Bernardia carpinifolia,Bernardia carpinifolia Griseb.,Euphorbiaceae,Bernardia,SPECIES,PRESERVED_SPECIMEN,1985-05-09,1985,-71.57,18.28,NA,d415c253-4d61-4459-9d25-4015b9084fb0,NY,NY,10,02,DUVERGÉ,061002,876725a75ffffff
5df854a3-4d53-4806-9cad-ca1b11422be3,1929096480,Thelypteris Schmidel,Thelypteris Schmidel,Thelypteridaceae,Thelypteris,GENUS,PRESERVED_SPECIMEN,1985-03-19,1985,-71.53,18.2,NA,d415c253-4d61-4459-9d25-4015b9084fb0,NY,NY,10,02,DUVERGÉ,061002,876725a48ffffff
5e3acf6b-438b-4965-b562-d0454c7566e8,1929100516,Rondeletia barahonensis,Rondeletia barahonensis Urb.,Rubiaceae,Rondeletia,SPECIES,PRESERVED_SPECIMEN,1985-05-08,1985,-71.47,18.23,NA,d415c253-4d61-4459-9d25-4015b9084fb0,NY,NY,10,02,DUVERGÉ,061002,874cd669affffff
5eeee191-f796-4a2b-80ce-8ce56aad8cca,1929110313,Ternstroemia peduncularis,Ternstroemia peduncularis DC.,Pentaphylacaceae,Ternstroemia,SPECIES,PRESERVED_SPECIMEN,1983-08-17,1983,-71.68,18.32,NA,d415c253-4d61-4459-9d25-4015b9084fb0,NY,NY,10,02,DUVERGÉ,061002,876725a00ffffff
5f6f0eac-8c2f-49e5-b8e7-b7ae4e7d38d0,1929117045,Radula laxiramea,Radula laxiramea Steph.,Radulaceae,Radula,SPECIES,PRESERVED_SPECIMEN,1987-01-25,1987,-71.55,18.23,NA,d415c253-4d61-4459-9d25-4015b9084fb0,NY,NY,10,02,DUVERGÉ,061002,876725a40ffffff
5f8e5a95-8227-4049-b104-88e3eae261e3,1929119124,Ptychomitrium indicum,Barbula indica (Willd. ex Schrad.) Spreng.,Ptychomitriaceae,Ptychomitrium,SPECIES,PRESERVED_SPECIMEN,1983-08-18,1983,-71.7083,18.3,NA,d415c253-4d61-4459-9d25-4015b9084fb0,NY,NY,10,02,DUVERGÉ,061002,876725a1cffffff
5fa2a934-b79d-47f6-a6cd-0ca24315517d,1929120549,Amyris elemifera,Amyris elemifera L.,Rutaceae,Amyris,SPECIES,PRESERVED_SPECIMEN,1985-05-09,1985,-71.57,18.3,NA,d415c253-4d61-4459-9d25-4015b9084fb0,NY,NY,10,02,DUVERGÉ,061002,876725b5bffffff
60044877-fad0-49fd-8ace-7646372f9e52,1929125484,Dendrophthora cupressoides,Dendrophthora cupressoides (Griseb.) Eichler,Viscaceae,Dendrophthora,SPECIES,PRESERVED_SPECIMEN,1985-03-17,1985,-71.5,18.23,NA,d415c253-4d61-4459-9d25-4015b9084fb0,NY,NY,10,02,DUVERGÉ,061002,876725a68ffffff
607789fd-4bb9-40bc-9c21-ca1bee73f364,1929131902,Fissidens taxifolius,Fissidens taxifolius Hedw.,Fissidentaceae,Fissidens,SPECIES,PRESERVED_SPECIMEN,1981-03-21,1981,-71.7,18.28,NA,d415c253-4d61-4459-9d25-4015b9084fb0,NY,NY,10,02,DUVERGÉ,061002,876725a18ffffff
60aa1c35-fab6-4c49-95ea-69992952e28d,1929135245,Paspalum arundinaceum,Paspalum arundinaceum Poir.,Poaceae,Paspalum,SPECIES,PRESERVED_SPECIMEN,1980-07-03,1980,-71.57,18.4,NA,d415c253-4d61-4459-9d25-4015b9084fb0,NY,NY,10,02,DUVERGÉ,061002,876725b70ffffff
60e09e86-5629-4516-8fd7-850dedce2bfc,1929137809,Frullania kunzei,Frullania kunzei (Lehm. & Lindenb.) Mont.,Frullaniaceae,Frullania,SPECIES,PRESERVED_SPECIMEN,1987-01-24,1987,-71.52,18.3,NA,d415c253-4d61-4459-9d25-4015b9084fb0,NY,NY,10,02,DUVERGÉ,061002,876725b4bffffff
60e64f9d-e69e-4fb9-9e0d-c45279b7bd01,1929138120,Isidorea pungens,Isidorea pungens (Lam.) B.L.Rob.,Rubiaceae,Isidorea,SPECIES,PRESERVED_SPECIMEN,1985-05-09,1985,-71.57,18.3,NA,d415c253-4d61-4459-9d25-4015b9084fb0,NY,NY,10,02,DUVERGÉ,061002,876725b5bffffff
61088670-2d92-4958-a519-0337956a5377,1929139597,Palamocladium leskeoides,Palamocladium leskeoides (Hook.) E. Britton,Brachytheciaceae,Palamocladium,SPECIES,PRESERVED_SPECIMEN,1981-03-21,1981,-71.7,18.28,NA,d415c253-4d61-4459-9d25-4015b9084fb0,NY,NY,10,02,DUVERGÉ,061002,876725a18ffffff
61cbc3c0-bd01-483d-90db-024d80f7320d,1929151215,Porotrichum variabile,Porotrichum mutabile Hampe,Neckeraceae,Porotrichum,SPECIES,PRESERVED_SPECIMEN,1987-01-24,1987,-71.55,18.27,NA,d415c253-4d61-4459-9d25-4015b9084fb0,NY,NY,10,02,DUVERGÉ,061002,876725a62ffffff
62192dfd-c64d-46c2-86e5-d97b7811ac3e,1929154650,Hymenodon reggaeus,Hymenodon reggaeus Kartt. & S. Bäck,Orthodontiaceae,Hymenodon,SPECIES,PRESERVED_SPECIMEN,1987-01-25,1987,-71.52,18.27,NA,d415c253-4d61-4459-9d25-4015b9084fb0,NY,NY,10,02,DUVERGÉ,061002,876725a61ffffff
62259d7f-ccdb-404f-b239-a2dd6a58d70b,1929155584,Chionoloma angustatum,Chionoloma angustatum (Mitt.) M. Menzel,Pottiaceae,Chionoloma,SPECIES,PRESERVED_SPECIMEN,1981-03-21,1981,-71.7,18.32,NA,d415c253-4d61-4459-9d25-4015b9084fb0,NY,NY,10,02,DUVERGÉ,061002,876725a02ffffff
627e0db9-f07e-4530-a689-a41265f4f2e7,1929160300,Cestrum domingense,Cestrum fuertesii O.E.Schulz,Solanaceae,Cestrum,SPECIES,PRESERVED_SPECIMEN,1985-03-18,1985,-71.52,18.2,NA,d415c253-4d61-4459-9d25-4015b9084fb0,NY,NY,10,02,DUVERGÉ,061002,876725a48ffffff
632a044a-f142-49a5-8ce2-60b8bc8017c6,1929169618,Orthostichella hexasticha,Orthostichella hexasticha (Schwägr.) W.R. Buck,Orthostichellaceae,Orthostichella,SPECIES,PRESERVED_SPECIMEN,1981-03-21,1981,-71.7,18.28,NA,d415c253-4d61-4459-9d25-4015b9084fb0,NY,NY,10,02,DUVERGÉ,061002,876725a18ffffff
63E33A47-8DDE-447E-B5E7-0F4D8C2AF21A,122964883,Lantana L.,Lantana L.,Verbenaceae,Lantana,GENUS,PRESERVED_SPECIMEN,1983-08-17,1983,-71.5333,18.3667,NA,832cb04e-f762-11e1-a439-00145eb45e9a,FTG,Herbarium,10,02,DUVERGÉ,061002,876725b45ffffff
63af4edc-0e9a-4d3f-aacf-fcc4a60d8268,1929177138,Tortella linearis,Tuerckheimia linearis (Sw.) E. Britton,Pottiaceae,Tortella,SPECIES,PRESERVED_SPECIMEN,1981-03-21,1981,-71.63,18.35,NA,d415c253-4d61-4459-9d25-4015b9084fb0,NY,NY,10,02,DUVERGÉ,061002,876725a21ffffff
63b3e0c2-592a-44cc-a3a1-0ba7b03665d3,3920737329,Diphasiastrum thyoides,Diphasiastrum thyoides (Humb. & Bonpl. ex Willd.) Holub,Lycopodiaceae,Diphasiastrum,SPECIES,PRESERVED_SPECIMEN,2018-06-27,2018,-71.698278,18.285889,NA,b89d52a2-861d-4388-adad-c0da3d55fc78,UF,,10,02,DUVERGÉ,061002,876725a18ffffff
63ceead4-5be1-4adf-8567-5da27d071be2,1929178855,Polytaenium lineatum,Polytaenium lineatum (Sw.) J.Sm.,Pteridaceae,Polytaenium,SPECIES,PRESERVED_SPECIMEN,1987-01-25,1987,-71.53,18.2,NA,d415c253-4d61-4459-9d25-4015b9084fb0,NY,NY,10,02,DUVERGÉ,061002,876725a48ffffff
65f78070-538a-45f3-b3d6-c32428200182,1929208709,Smilax aquifolium,Smilax aquifolium Ferrufino & Greuter,Smilacaceae,Smilax,SPECIES,PRESERVED_SPECIMEN,1985-05-07,1985,-71.52,18.2,NA,d415c253-4d61-4459-9d25-4015b9084fb0,NY,NY,10,02,DUVERGÉ,061002,876725a48ffffff
6613761c-cd3c-41ff-81ad-f17c84a7f8a3,1929210419,Pilotrichella cuspidans,Pilotrichella cuspidans Renauld & Cardot,Lembophyllaceae,Pilotrichella,SPECIES,PRESERVED_SPECIMEN,1981-03-21,1981,-71.7,18.32,NA,d415c253-4d61-4459-9d25-4015b9084fb0,NY,NY,10,02,DUVERGÉ,061002,876725a02ffffff
66e316b7-8840-4065-9043-3fea570e2dee,4131567314,Myriopteris microphylla,Myriopteris microphylla (Sw.) Grusz & Windham,Pteridaceae,Myriopteris,SPECIES,PRESERVED_SPECIMEN,2019-05-14,2019,-71.5404,18.3373,NA,defb9a47-c1a7-4fb2-9a0b-2da7c5260cad,BRIT,BRIT,10,02,DUVERGÉ,061002,876725b43ffffff
672b661c-6713-498c-a158-c97040ea3a2c,1929226476,Brachythecium ruderale,Brachythecium ruderale (Brid.) W.R. Buck,Brachytheciaceae,Brachythecium,SPECIES,PRESERVED_SPECIMEN,1987-01-25,1987,-71.55,18.23,NA,d415c253-4d61-4459-9d25-4015b9084fb0,NY,NY,10,02,DUVERGÉ,061002,876725a40ffffff
673e2d60-9275-450c-b64c-0c8b07cd27fe,1929227362,Hymenodon reggaeus,Hymenodon reggaeus Kartt. & S. Bäck,Orthodontiaceae,Hymenodon,SPECIES,PRESERVED_SPECIMEN,1981-03-21,1981,-71.7,18.28,NA,d415c253-4d61-4459-9d25-4015b9084fb0,NY,NY,10,02,DUVERGÉ,061002,876725a18ffffff
67fcd8cb-76ad-4148-a6e1-7721f2738048,1929237699,Elaphoglossum erinaceum,Elaphoglossum erinaceum (Fée) T.Moore,Dryopteridaceae,Elaphoglossum,SPECIES,PRESERVED_SPECIMEN,1983-09-09,1983,-71.7167,18.3,NA,d415c253-4d61-4459-9d25-4015b9084fb0,NY,NY,10,02,DUVERGÉ,061002,876725a1effffff
683b78e1-fb55-442f-82fb-515bba98467b,4443701319,Erythroxylum domingense,Erythroxylum domingense Oviedo,Erythroxylaceae,Erythroxylum,SPECIES,PRESERVED_SPECIMEN,2009-04-25,2009,-71.566267,18.283433,NA,89c53edb-0fac-4118-bdc0-d70ca50953dc,DBG,KHD,10,02,DUVERGÉ,061002,876725a75ffffff
683f7caf-e1b7-4ebb-8de2-bad12196b31a,1929241614,Argythamnia candicans,Argythamnia candicans Sw.,Euphorbiaceae,Argythamnia,SPECIES,PRESERVED_SPECIMEN,1987-05-26,1987,-71.55,18.37,NA,d415c253-4d61-4459-9d25-4015b9084fb0,NY,NY,10,02,DUVERGÉ,061002,876725b40ffffff
6910f58a-3cbc-4e5a-aa6c-dee8f1658946,1929252942,Thelypteris Schmidel,Thelypteris Schmidel,Thelypteridaceae,Thelypteris,GENUS,PRESERVED_SPECIMEN,1985-05-09,1985,-71.5,18.23,NA,d415c253-4d61-4459-9d25-4015b9084fb0,NY,NY,10,02,DUVERGÉ,061002,876725a68ffffff
697a3f85-a352-4923-ae10-d88627d71834,2236945812,Peperomia dendrophila,Peperomia dendrophila Schltdl. & Cham.,Piperaceae,Peperomia,SPECIES,PRESERVED_SPECIMEN,1985-03-17,1985,-71.5,18.233333,NA,861e6afe-f762-11e1-a439-00145eb45e9a,GH,GH,10,02,DUVERGÉ,061002,876725a68ffffff
69e9b24c-fc38-4866-8fb3-88a0386d419f,4111426358,Polystichum triangulum,Polystichum triangulum (L.) Fée,Dryopteridaceae,Polystichum,SPECIES,PRESERVED_SPECIMEN,2018-12-08,2018,-71.708,18.317,NA,b89d52a2-861d-4388-adad-c0da3d55fc78,UF,,10,02,DUVERGÉ,061002,876725a02ffffff
6E1F97DA-F68C-4B9D-A507-0AC92E90A214,122984052,Peperomia crassicaulis,Peperomia unguiculata Trel.,Piperaceae,Peperomia,SPECIES,PRESERVED_SPECIMEN,1985-03-19,1985,-71.5333,18.2,NA,832cb04e-f762-11e1-a439-00145eb45e9a,FTG,Herbarium,10,02,DUVERGÉ,061002,876725a4effffff
6a091103-e576-477d-94ab-eb9afd49a835,1929266977,Megalastrum martinicense,"Megalastrum martinicense (Spreng.) R.C.Moran, J.Prado & Labiak",Dryopteridaceae,Megalastrum,SPECIES,PRESERVED_SPECIMEN,1983-08-18,1983,-71.7083,18.3,NA,d415c253-4d61-4459-9d25-4015b9084fb0,NY,NY,10,02,DUVERGÉ,061002,876725a1cffffff
6a0dcc27-44ec-4b29-932b-6d3eb753519b,1929266825,Weissia jamaicensis,Weissia jamaicensis (Mitt.) Grout,Pottiaceae,Weissia,SPECIES,PRESERVED_SPECIMEN,1981-03-21,1981,-71.7,18.32,NA,d415c253-4d61-4459-9d25-4015b9084fb0,NY,NY,10,02,DUVERGÉ,061002,876725a02ffffff
6a2e99af-73a7-4059-9d30-2970470d2ef4,5106969366,Coccoloba subcordata,Coccoloba subcordata Lindau,Polygonaceae,Coccoloba,SPECIES,PRESERVED_SPECIMEN,2021-05-25,2021,-71.56524,18.31735,NA,b89d52a2-861d-4388-adad-c0da3d55fc78,UF,,10,02,DUVERGÉ,061002,876725b58ffffff
6a836f3b-a58a-457e-b01f-39916e0cb285,1929273429,Tillandsia hotteana,Tillandsia hotteana Urb.,Bromeliaceae,Tillandsia,SPECIES,PRESERVED_SPECIMEN,1985-03-17,1985,-71.5,18.23,NA,d415c253-4d61-4459-9d25-4015b9084fb0,NY,NY,10,02,DUVERGÉ,061002,876725a68ffffff
6b64b68e-8204-46a5-8f17-34b4759c628e,1929285591,Mitreola petiolata,Mitreola petiolata (J.F.Gmel.) Torr. & A.Gray,Loganiaceae,Mitreola,SPECIES,PRESERVED_SPECIMEN,1992-12-15,1992,-71.57,18.32,NA,d415c253-4d61-4459-9d25-4015b9084fb0,NY,NY,10,02,DUVERGÉ,061002,876725b58ffffff
6bd9355a-09ba-495e-a86c-a5bb0f2d3251,4598144348,Polystichum triangulum,Polystichum triangulum (L.) Fée,Dryopteridaceae,Polystichum,SPECIES,PRESERVED_SPECIMEN,2018-12-08,2018,-71.69312,18.30457,NA,b89d52a2-861d-4388-adad-c0da3d55fc78,UF,,10,02,DUVERGÉ,061002,876725a1cffffff
6cbdbe0d-88af-4132-9971-239955363968,1929304556,Abutilon viscosum,Bastardia viscosa (L.) Kunth,Malvaceae,Abutilon,SPECIES,PRESERVED_SPECIMEN,1987-05-26,1987,-71.55,18.38,NA,d415c253-4d61-4459-9d25-4015b9084fb0,NY,NY,10,02,DUVERGÉ,061002,876725b44ffffff
6d477be6-0577-4d28-9c34-2a96050e67dd,1929311899,Diplazium unilobum,Diplazium unilobum (Poir.) Hieron.,Athyriaceae,Diplazium,SPECIES,PRESERVED_SPECIMEN,1985-03-19,1985,-71.53,18.2,NA,d415c253-4d61-4459-9d25-4015b9084fb0,NY,NY,10,02,DUVERGÉ,061002,876725a48ffffff
6d8925ac-ea6d-4f2e-8e14-f649d99278fd,1929315811,Lejeunea pterigonia,Taxilejeunea pterigonia (Lehm. & Lindenb.) J.B. Jack & Steph.,Lejeuneaceae,Lejeunea,SPECIES,PRESERVED_SPECIMEN,1987-01-25,1987,-71.52,18.27,NA,d415c253-4d61-4459-9d25-4015b9084fb0,NY,NY,10,02,DUVERGÉ,061002,876725a61ffffff
6db77cb4-1df4-4551-8ed4-d7975f599f0b,1891268611,Miconia turbinata,Calycogonium turbinatum Urb. & Ekman,Melastomataceae,Miconia,SPECIES,PRESERVED_SPECIMEN,2016-02-04,2016,-71.694167,18.322917,NA,3c59bd42-7bfd-421b-8da4-275780390e4c,DES,,10,02,DUVERGÉ,061002,876725a02ffffff
6e70b43c-bf28-4092-8224-8f386052c06f,1929326998,Polytaenium lineatum,Polytaenium lineatum (Sw.) J.Sm.,Pteridaceae,Polytaenium,SPECIES,PRESERVED_SPECIMEN,1985-03-18,1985,-71.52,18.2,NA,d415c253-4d61-4459-9d25-4015b9084fb0,NY,NY,10,02,DUVERGÉ,061002,876725a48ffffff
6ea9e0c2-669c-49b9-bfcf-6d4bcd2cd118,4511529320,Miconia ferruginea,Miconia ferruginea (Desr.) DC.,Melastomataceae,Miconia,SPECIES,PRESERVED_SPECIMEN,2018-06-27,2018,-71.707972,18.308694,NA,b89d52a2-861d-4388-adad-c0da3d55fc78,UF,,10,02,DUVERGÉ,061002,876725a11ffffff
6f7c6593-8dd2-406c-bf78-ec1437ae4a74,4874950320,Picrodendron baccatum,Picrodendron baccatum (L.) Krug & Urb. ex Urb.,Picrodendraceae,Picrodendron,SPECIES,PRESERVED_SPECIMEN,1987-08-28,1987,-71.54,18.35,NA,b89d52a2-861d-4388-adad-c0da3d55fc78,UF,,10,02,DUVERGÉ,061002,876725b43ffffff
6fef4b4c-6491-497b-bcc2-c59db3d8de1a,1929349837,Rhytidophyllum grandiflorum,Rhytidophyllum grandiflorum Z.R.Xu & L.E.Skog ex Zanoni & Jiménez Rodr.,Gesneriaceae,Rhytidophyllum,SPECIES,PRESERVED_SPECIMEN,1985-03-17,1985,-71.5,18.23,NA,d415c253-4d61-4459-9d25-4015b9084fb0,NY,NY,10,02,DUVERGÉ,061002,876725a68ffffff
713dc417-bc3b-47cb-a1e8-75e29942d91b,1929368015,Plumeria subsessilis,Plumeria subsessilis A.DC.,Apocynaceae,Plumeria,SPECIES,PRESERVED_SPECIMEN,1985-05-09,1985,-71.57,18.28,NA,d415c253-4d61-4459-9d25-4015b9084fb0,NY,NY,10,02,DUVERGÉ,061002,876725a75ffffff
722913b7-835e-4780-931c-db8e0e1a7239,1929380590,Thuidium pseudoprotensum,Thuidium pseudoprotensum (Müll. Hal.) Mitt.,Thuidiaceae,Thuidium,SPECIES,PRESERVED_SPECIMEN,1981-03-21,1981,-71.7,18.32,NA,d415c253-4d61-4459-9d25-4015b9084fb0,NY,NY,10,02,DUVERGÉ,061002,876725a02ffffff
722b17fd-bff8-4cce-9496-9acb0b5d489f,2238706523,Miconia macrocarpa,Miconia macrocarpa subsp. tuerckheimii (Cogn.) Judd & Ionta,Melastomataceae,Miconia,SUBSPECIES,PRESERVED_SPECIMEN,2016-02-04,2016,-71.69695,18.30256,NA,b89d52a2-861d-4388-adad-c0da3d55fc78,UF,,10,02,DUVERGÉ,061002,876725a1cffffff
7290b708-a9d3-4d37-a537-4e41663c09f7,1929387001,Croton coronatus,Croton coronatus Urb.,Euphorbiaceae,Croton,SPECIES,PRESERVED_SPECIMEN,1985-05-09,1985,-71.57,18.3,NA,d415c253-4d61-4459-9d25-4015b9084fb0,NY,NY,10,02,DUVERGÉ,061002,876725b5bffffff
73d1742a-eb0d-4fb1-9576-76ff686c2cb2,1929404439,Harpalejeunea (Spruce) Schiffn.,Harpalejeunea (Spruce) Schiffn.,Lejeuneaceae,Harpalejeunea,GENUS,PRESERVED_SPECIMEN,1983-08-18,1983,-71.708333,18.3,NA,d415c253-4d61-4459-9d25-4015b9084fb0,NY,NY,10,02,DUVERGÉ,061002,876725a1cffffff
73dab1e1-dfd1-4ccc-8744-5b372e782f40,1457783435,Miconia lanceolata,Miconia lanceolata (Desr.) DC.,Melastomataceae,Miconia,SPECIES,PRESERVED_SPECIMEN,1985-03-17,1985,-71.5,18.233333,NA,b89d52a2-861d-4388-adad-c0da3d55fc78,UF,,10,02,DUVERGÉ,061002,876725a68ffffff
73e75e60-871f-4da1-b250-a8d74a3108a7,1929404973,Tortella humilis,Tortella humilis (Hedw.) Jenn.,Pottiaceae,Tortella,SPECIES,PRESERVED_SPECIMEN,1987-01-24,1987,-71.52,18.3,NA,d415c253-4d61-4459-9d25-4015b9084fb0,NY,NY,10,02,DUVERGÉ,061002,876725b4bffffff
746f0abc-07da-45f9-9532-fdef346c23fe,4598146353,Helicteres jamaicensis,Helicteres jamaicensis Jacq.,Malvaceae,Helicteres,SPECIES,PRESERVED_SPECIMEN,2021-05-25,2021,-71.56438,18.32747,NA,b89d52a2-861d-4388-adad-c0da3d55fc78,UF,,10,02,DUVERGÉ,061002,876725b58ffffff
746f9018-2b43-48ab-95a6-94eff875f86d,1929413242,Polystichum triangulum,Polystichum mucronatum (Sw.) C.Presl,Dryopteridaceae,Polystichum,SPECIES,PRESERVED_SPECIMEN,1987-01-26,1987,-71.47,18.23,NA,d415c253-4d61-4459-9d25-4015b9084fb0,NY,NY,10,02,DUVERGÉ,061002,874cd669affffff
74eaa0ca-ea1e-4f78-9e33-ae93290b3689,1929419539,Peperomia blanda,Peperomia blanda (Jacq.) Kunth,Piperaceae,Peperomia,SPECIES,PRESERVED_SPECIMEN,2006-07-08,2006,-71.5339,18.2064,NA,d415c253-4d61-4459-9d25-4015b9084fb0,NY,NY,10,02,DUVERGÉ,061002,876725a4effffff
74eceac1-4c9d-4bf1-b188-f23b8bbdbaa9,1929419820,Squamidium nigricans,Squamidium nigricans (Hook.) Broth.,Brachytheciaceae,Squamidium,SPECIES,PRESERVED_SPECIMEN,1981-03-21,1981,-71.7,18.32,NA,d415c253-4d61-4459-9d25-4015b9084fb0,NY,NY,10,02,DUVERGÉ,061002,876725a02ffffff
74efdfb6-4a36-468a-a1cc-08fb39ed4fb3,1929419870,Pteris stridens,Pteris stridens J.Agardh,Pteridaceae,Pteris,SPECIES,PRESERVED_SPECIMEN,1985-03-17,1985,-71.5,18.23,NA,d415c253-4d61-4459-9d25-4015b9084fb0,NY,NY,10,02,DUVERGÉ,061002,876725a68ffffff
75653968-7ED8-411D-92E3-302072B4155E,123015395,Thouinia tomentosa,Thouinia tomentosa var. rigidissima (Radlk. & Ekman) Votava & Alain,Sapindaceae,Thouinia,VARIETY,PRESERVED_SPECIMEN,1993-03-24,1993,-71.5,18.2639,NA,832cb04e-f762-11e1-a439-00145eb45e9a,FTG,Herbarium,10,02,DUVERGÉ,061002,876725a6cffffff
757ce414-3dda-4085-84bb-9c88a1660249,1929427670,Peperomia tetraphylla,Peperomia tetraphylla (G.Forst.) Hook. & Arn.,Piperaceae,Peperomia,SPECIES,PRESERVED_SPECIMEN,1985-03-17,1985,-71.5,18.23,NA,d415c253-4d61-4459-9d25-4015b9084fb0,NY,NY,10,02,DUVERGÉ,061002,876725a68ffffff
75c38a8c-1f30-43ac-bca3-f8476ae3b6f2,1929431543,Pogonatum tortile,Pogonatum tortile (Sw.) Brid.,Polytrichaceae,Pogonatum,SPECIES,PRESERVED_SPECIMEN,1981-03-21,1981,-71.7,18.28,NA,d415c253-4d61-4459-9d25-4015b9084fb0,NY,NY,10,02,DUVERGÉ,061002,876725a18ffffff
76056947-d5b2-4609-a3a1-a8d54cab8c9c,5065061386,Rhodopis rudolphioides,Rhodopis rudolphioides (Griseb.) L.P.Queiroz,Fabaceae,Rhodopis,SPECIES,PRESERVED_SPECIMEN,1985-03-16,1985,-71.55,18.266667,NA,b89d52a2-861d-4388-adad-c0da3d55fc78,UF,,10,02,DUVERGÉ,061002,876725a62ffffff
760e75e8-06ef-4bcb-82e2-9aea9d959cc3,1929435861,Psychotria baltenweckii,Psychotria baltenweckii Urb.,Rubiaceae,Psychotria,SPECIES,PRESERVED_SPECIMEN,1985-03-17,1985,-71.5,18.23,NA,d415c253-4d61-4459-9d25-4015b9084fb0,NY,NY,10,02,DUVERGÉ,061002,876725a68ffffff
765493b4-c2f2-4753-ac99-45efd6a5e2ff,1929439901,Campyloneurum amphostenon,Campyloneurum amphostenon (Kunze ex Klotzsch) Fée,Polypodiaceae,Campyloneurum,SPECIES,PRESERVED_SPECIMEN,1985-03-17,1985,-71.5,18.23,NA,d415c253-4d61-4459-9d25-4015b9084fb0,NY,NY,10,02,DUVERGÉ,061002,876725a68ffffff
76af1c0c-6562-4d9a-abc1-c69fd451cb5d,1929444358,Myrsine L.,Myrsine L.,Primulaceae,Myrsine,GENUS,PRESERVED_SPECIMEN,1985-05-09,1985,-71.57,18.3,NA,d415c253-4d61-4459-9d25-4015b9084fb0,NY,NY,10,02,DUVERGÉ,061002,876725b5bffffff
76ec5af0-2471-41cf-aa39-ac34875693d3,1929447695,Cynoglossum amabile,Cynoglossum amabile Stapf & J.R.Drumm.,Boraginaceae,Cynoglossum,SPECIES,PRESERVED_SPECIMEN,1987-01-25,1987,-71.52,18.2,NA,d415c253-4d61-4459-9d25-4015b9084fb0,NY,NY,10,02,DUVERGÉ,061002,876725a48ffffff
770b1bc8-00b5-4601-a7ae-75117b453dcf,1929449637,Myrsine coriacea,Myrsine coriacea (Sw.) R.Br. ex Roem. & Schult.,Primulaceae,Myrsine,SPECIES,PRESERVED_SPECIMEN,1985-03-17,1985,-71.5,18.23,NA,d415c253-4d61-4459-9d25-4015b9084fb0,NY,NY,10,02,DUVERGÉ,061002,876725a68ffffff
7734bd70-d02a-499b-ba2c-8a64e6f56846,2270673404,Eugenia foetida,Eugenia foetida Pers.,Myrtaceae,Eugenia,SPECIES,PRESERVED_SPECIMEN,1987-01-24,1987,-71.5667,18.3167,NA,e05fd4c2-4d77-4c50-880e-1b22096af300,ASU,Plants,10,02,DUVERGÉ,061002,876725b58ffffff
77861861-d9e7-427d-bc92-15d621eeb724,1929456187,Anatherum glomeratum,"Andropogon glomeratus (Walter) Britton, Sterns & Poggenb.",Poaceae,Anatherum,SPECIES,PRESERVED_SPECIMEN,1980-07-03,1980,-71.57,18.4,NA,d415c253-4d61-4459-9d25-4015b9084fb0,NY,NY,10,02,DUVERGÉ,061002,876725b70ffffff
7786b354-b3ef-45b2-a8aa-df8e0535d189,1929456484,Abutilon viscosum,Bastardia viscosa (L.) Kunth,Malvaceae,Abutilon,SPECIES,PRESERVED_SPECIMEN,1980-07-03,1980,-71.62,18.4083,NA,d415c253-4d61-4459-9d25-4015b9084fb0,NY,NY,10,02,DUVERGÉ,061002,876725b0dffffff
77fa07ed-220d-4d8e-a2c5-d7305a948edf,1929462465,Capsella bursa-pastoris,Capsella bursa-pastoris (L.) Medik.,Brassicaceae,Capsella,SPECIES,PRESERVED_SPECIMEN,1985-05-07,1985,-71.52,18.2,NA,d415c253-4d61-4459-9d25-4015b9084fb0,NY,NY,10,02,DUVERGÉ,061002,876725a48ffffff
786c4833-5a49-4d81-a7e9-8d8e5b82e9dc,1929469023,Passiflora suberosa,Passiflora suberosa L.,Passifloraceae,Passiflora,SPECIES,PRESERVED_SPECIMEN,1980-07-03,1980,-71.57,18.4,NA,d415c253-4d61-4459-9d25-4015b9084fb0,NY,NY,10,02,DUVERGÉ,061002,876725b70ffffff
789f4a0b-46b4-4ec7-85be-71d1a50a8334,1929471480,Abutilon buchii,Abutilon buchii Urb.,Malvaceae,Abutilon,SPECIES,PRESERVED_SPECIMEN,1980-07-03,1980,-71.57,18.4,NA,d415c253-4d61-4459-9d25-4015b9084fb0,NY,NY,10,02,DUVERGÉ,061002,876725b70ffffff
78f58649-56f8-42bc-872c-9788cdc1fb47,5995023301,Sebastiania picardae,Sebastiania picardae Urb.,Euphorbiaceae,Sebastiania,SPECIES,PRESERVED_SPECIMEN,1985-03-17,1985,-71.5,18.233333,NA,b89d52a2-861d-4388-adad-c0da3d55fc78,UF,,10,02,DUVERGÉ,061002,876725a68ffffff
78f7313a-c9f5-4ba1-9eb2-19d1feec3a39,1929476690,Pleurochaete squarrosa,Pleurochaete squarrosa (Brid.) Lindb.,Pottiaceae,Pleurochaete,SPECIES,PRESERVED_SPECIMEN,1981-03-21,1981,-71.7,18.32,NA,d415c253-4d61-4459-9d25-4015b9084fb0,NY,NY,10,02,DUVERGÉ,061002,876725a02ffffff
79ae6ed0-06fc-4879-9ea1-7c3696dbf3ea,1929486958,Cryptopapillaria penicillata,Cryptopapillaria penicillata (Dozy & Molk.) M. Menzel,Meteoriaceae,Cryptopapillaria,SPECIES,PRESERVED_SPECIMEN,1981-03-21,1981,-71.7,18.28,NA,d415c253-4d61-4459-9d25-4015b9084fb0,NY,NY,10,02,DUVERGÉ,061002,876725a18ffffff
7a2cac47-8e0e-4cda-811b-1548d6d08150,1929494305,Palicourea eriantha,Palicourea eriantha DC.,Rubiaceae,Palicourea,SPECIES,PRESERVED_SPECIMEN,1983-08-18,1983,-71.7083,18.3,NA,d415c253-4d61-4459-9d25-4015b9084fb0,NY,NY,10,02,DUVERGÉ,061002,876725a1cffffff
7a6f74ba-04c2-41c8-9d12-52344306f2ce,1929497748,Calliandra haematomma,Calliandra haematomma var. haematomma,Fabaceae,Calliandra,VARIETY,PRESERVED_SPECIMEN,1985-05-09,1985,-71.57,18.28,NA,d415c253-4d61-4459-9d25-4015b9084fb0,NY,NY,10,02,DUVERGÉ,061002,876725a75ffffff
7ae95941-141b-4b8b-94c9-9075b7f871bd,1929504804,Euphorbia peplus,Euphorbia peplus L.,Euphorbiaceae,Euphorbia,SPECIES,PRESERVED_SPECIMEN,1983-09-08,1983,-71.7,18.33,NA,d415c253-4d61-4459-9d25-4015b9084fb0,NY,NY,10,02,DUVERGÉ,061002,876725a06ffffff
7aee08a6-95e5-466b-8329-24949dfa6878,5029135374,Polystichum platyphyllum,Polystichum hottense C.Chr.,Dryopteridaceae,Polystichum,SPECIES,PRESERVED_SPECIMEN,2023-01-24,2023,-71.53416,18.20755,NA,b89d52a2-861d-4388-adad-c0da3d55fc78,UF,,10,02,DUVERGÉ,061002,876725a4effffff
7b7a9098-2100-49b6-b7d0-3dc84c09da91,4079747573,Mikania cyanosma,Mikania cyanosma Urb. & Ekman,Asteraceae,Mikania,SPECIES,PRESERVED_SPECIMEN,1963-04-11,1963,-71.71555,18.28989,348,3b040a48-deae-485c-95b1-2ac80b7fdc54,IIBZ,USD,10,02,DUVERGÉ,061002,876725a1effffff
7bb579d4-2fd6-4e54-a202-aa66a35450e6,1929515548,Sphagnum meridense,Sphagnum meridense (Hampe) Müll. Hal.,Sphagnaceae,Sphagnum,SPECIES,PRESERVED_SPECIMEN,1987-01-25,1987,-71.52,18.27,NA,d415c253-4d61-4459-9d25-4015b9084fb0,NY,NY,10,02,DUVERGÉ,061002,876725a61ffffff
7c52ec8a-bd11-43e0-9ccf-cfeeafe4aad3,1929524633,Frodinia tremula,Schefflera tremula (Krug & Urb.) Alain,Araliaceae,Frodinia,SPECIES,PRESERVED_SPECIMEN,1985-03-17,1985,-71.5,18.23,NA,d415c253-4d61-4459-9d25-4015b9084fb0,NY,NY,10,02,DUVERGÉ,061002,876725a68ffffff
7d5c14b8-2c35-4988-8c06-57fda7afa783,3920736335,Diphasiastrum thyoides,Diphasiastrum thyoides (Humb. & Bonpl. ex Willd.) Holub,Lycopodiaceae,Diphasiastrum,SPECIES,PRESERVED_SPECIMEN,2018-06-27,2018,-71.698278,18.285889,NA,b89d52a2-861d-4388-adad-c0da3d55fc78,UF,,10,02,DUVERGÉ,061002,876725a18ffffff
7db526cb-7e83-4ce5-8b31-02f9117df627,1929543733,Columnea domingensis,Columnea domingensis (Urb.) B.D.Morley,Gesneriaceae,Columnea,SPECIES,PRESERVED_SPECIMEN,1983-08-18,1983,-71.7083,18.3,NA,d415c253-4d61-4459-9d25-4015b9084fb0,NY,NY,10,02,DUVERGÉ,061002,876725a1cffffff
7e094b8e-cde1-49ff-ad44-654f035dfaf3,1457786830,Passiflora orbiculata,Passiflora orbiculata Cav.,Passifloraceae,Passiflora,SPECIES,PRESERVED_SPECIMEN,2004-04-23,2004,-71.533889,18.206389,NA,b89d52a2-861d-4388-adad-c0da3d55fc78,UF,,10,02,DUVERGÉ,061002,876725a4effffff
7e0d8664-ab50-43dc-bad9-b108e9cbf069,1929548715,Brachythecium ruderale,Brachythecium ruderale (Brid.) W.R. Buck,Brachytheciaceae,Brachythecium,SPECIES,PRESERVED_SPECIMEN,1983-08-18,1983,-71.708333,18.3,NA,d415c253-4d61-4459-9d25-4015b9084fb0,NY,NY,10,02,DUVERGÉ,061002,876725a1cffffff
7e0f406a-3c57-4108-a882-cf783be09a5c,1929548379,Fissidens polypodioides,Fissidens polypodioides Hedw.,Fissidentaceae,Fissidens,SPECIES,PRESERVED_SPECIMEN,1981-03-21,1981,-71.7,18.28,NA,d415c253-4d61-4459-9d25-4015b9084fb0,NY,NY,10,02,DUVERGÉ,061002,876725a18ffffff
7e55a30f-4538-4f73-bb88-ad65afa6b24e,1929551905,Amyris elemifera,Amyris elemifera L.,Rutaceae,Amyris,SPECIES,PRESERVED_SPECIMEN,1987-08-28,1987,-71.57,18.27,NA,d415c253-4d61-4459-9d25-4015b9084fb0,NY,NY,10,02,DUVERGÉ,061002,876725a71ffffff
7e65bcd9-0e88-4e7a-8f11-76136074a9a9,1929553619,Plethadenia granulata,Plethadenia granulata Urb.,Rutaceae,Plethadenia,SPECIES,PRESERVED_SPECIMEN,1992-12-15,1992,-71.57,18.32,NA,d415c253-4d61-4459-9d25-4015b9084fb0,NY,NY,10,02,DUVERGÉ,061002,876725b58ffffff
7e67f405-afa9-4b08-8778-90e237e9dd08,1929553664,Chamaecrista glandulosa,Chamaecrista glandulosa var. picardae (Urb.) H.S.Irwin & Barneby,Fabaceae,Chamaecrista,VARIETY,PRESERVED_SPECIMEN,1985-05-09,1985,-71.57,18.28,NA,d415c253-4d61-4459-9d25-4015b9084fb0,NY,NY,10,02,DUVERGÉ,061002,876725a75ffffff
7e72d667-689e-472d-9be9-ff891d87c565,1929554075,Chrysophyllum oliviforme,Chrysophyllum oliviforme subsp. angustifolium (Lam.) T.D.Penn.,Sapotaceae,Chrysophyllum,SUBSPECIES,PRESERVED_SPECIMEN,1987-01-24,1987,-71.57,18.32,NA,d415c253-4d61-4459-9d25-4015b9084fb0,NY,NY,10,02,DUVERGÉ,061002,876725b58ffffff
7e73d1a1-77b5-4e61-b183-f4b326335098,1929554618,Tripsacum floridanum,Tripsacum floridanum Porter ex Vasey,Poaceae,Tripsacum,SPECIES,PRESERVED_SPECIMEN,1985-05-09,1985,-71.57,18.28,NA,d415c253-4d61-4459-9d25-4015b9084fb0,NY,NY,10,02,DUVERGÉ,061002,876725a75ffffff
7e8552f2-d687-4cbb-85c3-3aa6c7ac3a8f,1929554996,Vachellia macracantha,Vachellia macracantha (Humb. & Bonpl. ex Willd.) Seigler & Ebinger,Fabaceae,Vachellia,SPECIES,PRESERVED_SPECIMEN,1985-05-09,1985,-71.57,18.3,NA,d415c253-4d61-4459-9d25-4015b9084fb0,NY,NY,10,02,DUVERGÉ,061002,876725b5bffffff
7ed05f1f-78a8-4cc7-9f9b-1639ce733bb5,1929558970,Picramnia pentandra,Picramnia pentandra Sw.,Picramniaceae,Picramnia,SPECIES,PRESERVED_SPECIMEN,1983-08-17,1983,-71.7,18.32,NA,d415c253-4d61-4459-9d25-4015b9084fb0,NY,NY,10,02,DUVERGÉ,061002,876725a02ffffff
7efb3982-e6cb-444c-99fd-7398ef7dd79c,1929561555,Brachythecium ruderale,Brachythecium ruderale (Brid.) W.R. Buck,Brachytheciaceae,Brachythecium,SPECIES,PRESERVED_SPECIMEN,1987-01-24,1987,-71.52,18.3,NA,d415c253-4d61-4459-9d25-4015b9084fb0,NY,NY,10,02,DUVERGÉ,061002,876725b4bffffff
7f5a07d1-3c8e-4fbc-a5a3-04172cfdc8f6,1929566551,Odontosoria aculeata,Odontosoria aculeata (L.) J.Sm.,Lindsaeaceae,Odontosoria,SPECIES,PRESERVED_SPECIMEN,1983-08-18,1983,-71.7083,18.3,NA,d415c253-4d61-4459-9d25-4015b9084fb0,NY,NY,10,02,DUVERGÉ,061002,876725a1cffffff
7f5dc7f3-d1b8-4daf-83e3-bb9141d87b12,1929566487,Chrysophyllum oliviforme,Chrysophyllum oliviforme subsp. angustifolium (Lam.) T.D.Penn.,Sapotaceae,Chrysophyllum,SUBSPECIES,PRESERVED_SPECIMEN,1985-03-16,1985,-71.57,18.32,NA,d415c253-4d61-4459-9d25-4015b9084fb0,NY,NY,10,02,DUVERGÉ,061002,876725b58ffffff
7fbc5d7c-6832-40bb-a221-21a67fa750cc,1929572389,Solanum tetramerum,Solanum tetramerum Dunal & A.DC.,Solanaceae,Solanum,SPECIES,PRESERVED_SPECIMEN,1987-05-26,1987,-71.55,18.38,NA,d415c253-4d61-4459-9d25-4015b9084fb0,NY,NY,10,02,DUVERGÉ,061002,876725b44ffffff
80405081-939b-4758-8c27-3e97b442325c,1929579329,Ternstroemia selleana,Ternstroemia selleana Ekman & O.C.Schmidt,Pentaphylacaceae,Ternstroemia,SPECIES,PRESERVED_SPECIMEN,1985-05-09,1985,-71.5,18.23,NA,d415c253-4d61-4459-9d25-4015b9084fb0,NY,NY,10,02,DUVERGÉ,061002,876725a68ffffff
813D133D-7929-41FE-886D-B0AD8C50C840,123018084,Trema micranthum,Trema micranthum (L.) Blume,Cannabaceae,Trema,SPECIES,PRESERVED_SPECIMEN,1983-08-18,1983,-71.7083,18.3,NA,832cb04e-f762-11e1-a439-00145eb45e9a,FTG,Herbarium,10,02,DUVERGÉ,061002,876725a1cffffff
81b6152e-213a-4396-bb25-4fd36847d717,1929599970,Pelazoneuron patens,Thelypteris patens (Sw.) Small,Thelypteridaceae,Pelazoneuron,SPECIES,PRESERVED_SPECIMEN,1983-08-18,1983,-71.7083,18.3,NA,d415c253-4d61-4459-9d25-4015b9084fb0,NY,NY,10,02,DUVERGÉ,061002,876725a1cffffff
81f04ad0-6c64-4140-ae02-54acf942ae98,1929603163,Schaefferia frutescens,Schaefferia frutescens Jacq.,Celastraceae,Schaefferia,SPECIES,PRESERVED_SPECIMEN,1985-05-09,1985,-71.57,18.28,NA,d415c253-4d61-4459-9d25-4015b9084fb0,NY,NY,10,02,DUVERGÉ,061002,876725a75ffffff
81f7944c-662e-4731-8437-0741a5b49491,1929603627,Rhynchospora colorata,Rhynchospora colorata (L.) H.Pfeiff.,Cyperaceae,Rhynchospora,SPECIES,PRESERVED_SPECIMEN,1987-05-26,1987,-71.55,18.38,NA,d415c253-4d61-4459-9d25-4015b9084fb0,NY,NY,10,02,DUVERGÉ,061002,876725b44ffffff
82564988-8538-43fc-a35c-f455cc4a43e3,1929608668,Pseudomacromitrium cirrosum,Macromitrium cirrosum (Hedw.) Brid.,Orthotrichaceae,Pseudomacromitrium,SPECIES,PRESERVED_SPECIMEN,1981-03-21,1981,-71.7,18.32,NA,d415c253-4d61-4459-9d25-4015b9084fb0,NY,NY,10,02,DUVERGÉ,061002,876725a02ffffff
82565cdc-98d2-4a40-819b-6f1623aab9c4,1929609223,Thuidium urceolatum,Thuidium urceolatum Lorentz,Thuidiaceae,Thuidium,SPECIES,PRESERVED_SPECIMEN,2006-06-03,2006,-71.53431,18.20617,NA,d415c253-4d61-4459-9d25-4015b9084fb0,NY,NY,10,02,DUVERGÉ,061002,876725a4effffff
82d6587a-eb04-4aff-bb98-e884b41defab,3060576747,Stigmaphyllon emarginatum,Stigmaphyllon emarginatum (Cav.) A.Juss.,Malpighiaceae,Stigmaphyllon,SPECIES,PRESERVED_SPECIMEN,2000-06-29,2000,-71.64955,18.351267,NA,c8d12f8a-7e39-4e2c-92d7-825d590ad15b,MICH,Angiosperms,10,02,DUVERGÉ,061002,876725a23ffffff
838693c7-ff84-4ff0-955e-f0f8fc72b94f,1929626068,Pecluma M.G.Price,Pecluma M.G.Price,Polypodiaceae,Pecluma,GENUS,PRESERVED_SPECIMEN,1987-01-24,1987,-71.57,18.32,NA,d415c253-4d61-4459-9d25-4015b9084fb0,NY,NY,10,02,DUVERGÉ,061002,876725b58ffffff
83966637-d9e6-474d-9905-a6b6713274f0,1929626369,Leiomela bartramioides,Leiomela bartramioides (Hook.) Paris,Bartramiaceae,Leiomela,SPECIES,PRESERVED_SPECIMEN,1981-03-21,1981,-71.7,18.28,NA,d415c253-4d61-4459-9d25-4015b9084fb0,NY,NY,10,02,DUVERGÉ,061002,876725a18ffffff
84525336-e1de-46ae-85de-e162a6628609,1929636665,Danaea urbani,Danaea urbani Maxon,Marattiaceae,Danaea,SPECIES,PRESERVED_SPECIMEN,1983-08-18,1983,-71.7083,18.3,NA,d415c253-4d61-4459-9d25-4015b9084fb0,NY,NY,10,02,DUVERGÉ,061002,876725a1cffffff
848c8fac-901d-4a0b-9429-a62cd7ddac7d,1929639713,Fissidens weirii,Fissidens weirii var. hemicraspedophyllus (Cardot) Pursell,Fissidentaceae,Fissidens,VARIETY,PRESERVED_SPECIMEN,1981-03-21,1981,-71.7,18.28,NA,d415c253-4d61-4459-9d25-4015b9084fb0,NY,NY,10,02,DUVERGÉ,061002,876725a18ffffff
84b89245-38ee-4556-91da-c3896c5e3682,3329399673,Ocotea acarina,Ocotea acarina C.K.Allen,Lauraceae,Ocotea,SPECIES,PRESERVED_SPECIMEN,2006-07-08,2006,-71.533889,18.206389,NA,b89d52a2-861d-4388-adad-c0da3d55fc78,UF,,10,02,DUVERGÉ,061002,876725a4effffff
850b8984-6158-4991-8562-b693858bed04,1929646674,Juniperus gracilior,Juniperus gracilior var. ekmanii (Florin) R.P.Adams,Cupressaceae,Juniperus,VARIETY,PRESERVED_SPECIMEN,1985-03-16,1985,-71.57,18.32,NA,d415c253-4d61-4459-9d25-4015b9084fb0,NY,NY,10,02,DUVERGÉ,061002,876725b58ffffff
858abcbd-a359-42c4-a1c0-9ee2fe2be73b,1929654361,Radula recubans,Radula recubans Taylor,Radulaceae,Radula,SPECIES,PRESERVED_SPECIMEN,1987-01-25,1987,-71.52,18.27,NA,d415c253-4d61-4459-9d25-4015b9084fb0,NY,NY,10,02,DUVERGÉ,061002,876725a61ffffff
858e680a-e741-4458-8407-b42d9f7bde3e,1929654529,Miconia macrocarpa,Miconia macrocarpa subsp. tuerckheimii (Cogn.) Judd & Ionta,Melastomataceae,Miconia,SUBSPECIES,PRESERVED_SPECIMEN,2016-02-04,2016,-71.69695,18.30256,NA,d415c253-4d61-4459-9d25-4015b9084fb0,NY,NY,10,02,DUVERGÉ,061002,876725a1cffffff
85D0F1C7-46F0-4D1D-9EA4-065C31892864,123007978,Solanum L.,Solanum L.,Solanaceae,Solanum,GENUS,PRESERVED_SPECIMEN,1980-07-03,1980,-71.5667,18.4,NA,832cb04e-f762-11e1-a439-00145eb45e9a,FTG,Herbarium,10,02,DUVERGÉ,061002,876725b71ffffff
85a02513-ca0c-43d2-8579-1f948bd30b3b,5065060395,Ophioglossum reticulatum,Ophioglossum reticulatum L.,Ophioglossaceae,Ophioglossum,SPECIES,PRESERVED_SPECIMEN,2023-01-24,2023,-71.53416,18.20755,NA,b89d52a2-861d-4388-adad-c0da3d55fc78,UF,,10,02,DUVERGÉ,061002,876725a4effffff
85d1615f-bc8e-4b9e-9191-a1b858d8553c,1929658094,Prunella vulgaris,Prunella vulgaris L.,Lamiaceae,Prunella,SPECIES,PRESERVED_SPECIMEN,1983-08-18,1983,-71.7083,18.3,NA,d415c253-4d61-4459-9d25-4015b9084fb0,NY,NY,10,02,DUVERGÉ,061002,876725a1cffffff
85de0bb7-c4fa-4a7d-9761-2715f374be0b,5029135533,Peperomia acuminata,Peperomia acuminata Ruiz & Pav.,Piperaceae,Peperomia,SPECIES,PRESERVED_SPECIMEN,2023-01-24,2023,-71.55607,18.2084,NA,b89d52a2-861d-4388-adad-c0da3d55fc78,UF,,10,02,DUVERGÉ,061002,876725a5dffffff
872d8f8d-30c8-4ac6-b044-c03f4353896a,1929676985,Myriopteris microphylla,Myriopteris microphylla (Sw.) Grusz & Windham,Pteridaceae,Myriopteris,SPECIES,PRESERVED_SPECIMEN,1987-01-24,1987,-71.57,18.32,NA,d415c253-4d61-4459-9d25-4015b9084fb0,NY,NY,10,02,DUVERGÉ,061002,876725b58ffffff
87bc7566-fc7c-4f73-a4d7-8ad968f17553,1929684588,Palicourea liogieri,Psychotria liogieri Steyerm.,Rubiaceae,Palicourea,SPECIES,PRESERVED_SPECIMEN,1983-08-18,1983,-71.7083,18.3,NA,d415c253-4d61-4459-9d25-4015b9084fb0,NY,NY,10,02,DUVERGÉ,061002,876725a1cffffff
87d27d5c-409f-44fa-8f3c-5165dfb5a0b3,1929685972,Hymenophyllum Sm.,Hymenophyllum Sm.,Hymenophyllaceae,Hymenophyllum,GENUS,PRESERVED_SPECIMEN,1983-08-18,1983,-71.7083,18.3,NA,d415c253-4d61-4459-9d25-4015b9084fb0,NY,NY,10,02,DUVERGÉ,061002,876725a1cffffff
87e9ee8f-ccce-4a23-b55b-50cc4c0d3fc6,1929687344,Diplazium unilobum,Diplazium unilobum (Poir.) Hieron.,Athyriaceae,Diplazium,SPECIES,PRESERVED_SPECIMEN,1985-05-08,1985,-71.47,18.23,NA,d415c253-4d61-4459-9d25-4015b9084fb0,NY,NY,10,02,DUVERGÉ,061002,874cd669affffff
8810AB9E-4764-446D-9134-77D3B318844C,123014009,Ternstroemia peduncularis,Ternstroemia peduncularis DC.,Pentaphylacaceae,Ternstroemia,SPECIES,PRESERVED_SPECIMEN,1983-10-17,1983,-71.6833,18.325,NA,832cb04e-f762-11e1-a439-00145eb45e9a,FTG,Herbarium,10,02,DUVERGÉ,061002,876725a00ffffff
882e5989-5f08-4bd0-a8b8-c68200286f5d,1929691107,Fuchsia pringsheimii,Fuchsia pringsheimii Urb.,Onagraceae,Fuchsia,SPECIES,PRESERVED_SPECIMEN,1983-05-05,1983,-71.7,18.28,NA,d415c253-4d61-4459-9d25-4015b9084fb0,NY,NY,10,02,DUVERGÉ,061002,876725a18ffffff
88366950-eaca-4ca1-876a-20479bc67ad8,1929691397,Ilex berteroi,Ilex berteroi Loes. ex Urb.,Aquifoliaceae,Ilex,SPECIES,PRESERVED_SPECIMEN,1985-03-18,1985,-71.52,18.2,NA,d415c253-4d61-4459-9d25-4015b9084fb0,NY,NY,10,02,DUVERGÉ,061002,876725a48ffffff
8844d6bd-6361-4ba6-8a6a-b3f24d283390,5829830374,Zanthoxylum punctatum,Zanthoxylum obtriangulare (Urb.) Jiménez,Rutaceae,Zanthoxylum,SPECIES,PRESERVED_SPECIMEN,2021-05-25,2021,-71.56903,18.29775,NA,b89d52a2-861d-4388-adad-c0da3d55fc78,UF,,10,02,DUVERGÉ,061002,876725b5bffffff
889122fe-4593-41ba-b00c-1f57ad723a9d,1457790358,Asplenium serra,Asplenium serra Langsd. & Fisch.,Aspleniaceae,Asplenium,SPECIES,PRESERVED_SPECIMEN,2004-04-23,2004,-71.533889,18.206389,NA,b89d52a2-861d-4388-adad-c0da3d55fc78,UF,,10,02,DUVERGÉ,061002,876725a4effffff
88ed9991-c77d-475f-bbd7-e7a5db927b45,1998909688,Cleyera Thunb.,Cleyera Thunb.,Pentaphylacaceae,Cleyera,GENUS,PRESERVED_SPECIMEN,1985-05-09,1985,-71.5,18.233333,NA,861e6afe-f762-11e1-a439-00145eb45e9a,GH,GH,10,02,DUVERGÉ,061002,876725a68ffffff
8912ECEA-049B-4360-AF55-72862989E4EA,122899321,Alvaradoa haitiensis,Alvaradoa haitiensis Urb.,Picramniaceae,Alvaradoa,SPECIES,PRESERVED_SPECIMEN,1993-03-24,1993,-71.5,18.2639,NA,832cb04e-f762-11e1-a439-00145eb45e9a,FTG,Herbarium,10,02,DUVERGÉ,061002,876725a6cffffff
8917bfd8-b718-4890-8d42-a50a04a6e628,5829830458,Zanthoxylum pimpinelloides,Zanthoxylum pimpinelloides (Lam.) DC.,Rutaceae,Zanthoxylum,SPECIES,PRESERVED_SPECIMEN,2021-05-25,2021,-71.56647,18.28371,NA,b89d52a2-861d-4388-adad-c0da3d55fc78,UF,,10,02,DUVERGÉ,061002,876725a75ffffff
894e46a7-dd21-4f2c-b086-5be7ca1e8794,2270683218,Calyptranthes Sw.,Calyptranthes Sw.,Myrtaceae,Myrcia,GENUS,PRESERVED_SPECIMEN,1994-05-26,1994,-71.5333,18.2917,NA,e05fd4c2-4d77-4c50-880e-1b22096af300,ASU,Plants,10,02,DUVERGÉ,061002,876725a64ffffff
899130c0-cfb4-4102-92a9-49efb15c88ab,1929710706,Palamocladium leskeoides,Palamocladium leskeoides (Hook.) E. Britton,Brachytheciaceae,Palamocladium,SPECIES,PRESERVED_SPECIMEN,1981-03-21,1981,-71.7,18.28,NA,d415c253-4d61-4459-9d25-4015b9084fb0,NY,NY,10,02,DUVERGÉ,061002,876725a18ffffff
89e14fa8-6988-459f-8cc4-74c1a11e1dfc,1929715190,Cestrum coelophlebium,Cestrum coelophlebium O.E.Schulz,Solanaceae,Cestrum,SPECIES,PRESERVED_SPECIMEN,1985-03-17,1985,-71.5,18.23,NA,d415c253-4d61-4459-9d25-4015b9084fb0,NY,NY,10,02,DUVERGÉ,061002,876725a68ffffff
8F6AFDDA-BF4B-4179-950F-6EB7B3E7388A,122967117,Lantana involucrata,Lantana involucrata L.,Verbenaceae,Lantana,SPECIES,PRESERVED_SPECIMEN,1985-05-09,1985,-71.5667,18.3,NA,832cb04e-f762-11e1-a439-00145eb45e9a,FTG,Herbarium,10,02,DUVERGÉ,061002,876725b5bffffff
8a5ce5d7-4236-4757-a81c-c78b0e95ad24,1929723369,Polyphlebium angustatum,Trichomanes angustatum Carmich.,Hymenophyllaceae,Polyphlebium,SPECIES,PRESERVED_SPECIMEN,1985-03-19,1985,-71.53,18.2,NA,d415c253-4d61-4459-9d25-4015b9084fb0,NY,NY,10,02,DUVERGÉ,061002,876725a48ffffff
8ab5265e-4250-492b-aa2a-394f7dd4ecc0,1929726702,Fissidens polypodioides,Fissidens polypodioides Hedw.,Fissidentaceae,Fissidens,SPECIES,PRESERVED_SPECIMEN,1981-03-21,1981,-71.7,18.28,NA,d415c253-4d61-4459-9d25-4015b9084fb0,NY,NY,10,02,DUVERGÉ,061002,876725a18ffffff
8acddcc7-35a6-45a6-9702-affc2c93463e,1929729905,Ptychomitrium indicum,Barbula indica (Willd. ex Schrad.) Spreng.,Ptychomitriaceae,Ptychomitrium,SPECIES,PRESERVED_SPECIMEN,1981-03-21,1981,-71.55,18.35,NA,d415c253-4d61-4459-9d25-4015b9084fb0,NY,NY,10,02,DUVERGÉ,061002,876725b43ffffff
8bd3ecd9-cd18-4a5b-af4f-1d019b9baa9d,1929743657,Asplenium L.,Asplenium L.,Aspleniaceae,Asplenium,GENUS,PRESERVED_SPECIMEN,1985-03-17,1985,-71.5,18.23,NA,d415c253-4d61-4459-9d25-4015b9084fb0,NY,NY,10,02,DUVERGÉ,061002,876725a68ffffff
8c55b9e8-8be2-47dc-864e-845fd900cd67,5029135387,Badiera fuertesii,Badiera fuertesii Urb.,Polygalaceae,Badiera,SPECIES,PRESERVED_SPECIMEN,2023-01-24,2023,-71.53416,18.20755,NA,b89d52a2-861d-4388-adad-c0da3d55fc78,UF,,10,02,DUVERGÉ,061002,876725a4effffff
8c733836-9d0f-48e5-ab76-6cb1c0309f1b,1929751186,Meteoridium remotifolium,Meteoriopsis remotifolia (Müll. Hal.) Broth.,Brachytheciaceae,Meteoridium,SPECIES,PRESERVED_SPECIMEN,1981-03-21,1981,-71.7,18.28,NA,d415c253-4d61-4459-9d25-4015b9084fb0,NY,NY,10,02,DUVERGÉ,061002,876725a18ffffff
8ccaba19-68a0-464f-b1c6-619c3178844a,1457791788,Miconia lanceolata,Miconia lanceolata (Desr.) DC.,Melastomataceae,Miconia,SPECIES,PRESERVED_SPECIMEN,1985-03-17,1985,-71.5,18.233333,NA,b89d52a2-861d-4388-adad-c0da3d55fc78,UF,,10,02,DUVERGÉ,061002,876725a68ffffff
8cf88582-0ce7-455c-9bcc-1eeb55750096,1929758351,Hookeria acutifolia,Hookeria acutifolia Hook. & Grev.,Hookeriaceae,Hookeria,SPECIES,PRESERVED_SPECIMEN,1981-03-21,1981,-71.7,18.32,NA,d415c253-4d61-4459-9d25-4015b9084fb0,NY,NY,10,02,DUVERGÉ,061002,876725a02ffffff
8d1be917-110a-422d-ba89-5c88bc723033,1929760210,Cestrum brevifolium,Cestrum brevifolium Urb.,Solanaceae,Cestrum,SPECIES,PRESERVED_SPECIMEN,1985-05-09,1985,-71.57,18.28,NA,d415c253-4d61-4459-9d25-4015b9084fb0,NY,NY,10,02,DUVERGÉ,061002,876725a75ffffff
8d4f4a04-7abe-4721-acd0-1fbf01f9edad,4161658335,Scleria lithosperma,Scleria lithosperma (L.) Sw.,Cyperaceae,Scleria,SPECIES,PRESERVED_SPECIMEN,2019-05-14,2019,-71.57122,18.29596,NA,b89d52a2-861d-4388-adad-c0da3d55fc78,UF,,10,02,DUVERGÉ,061002,876725a75ffffff
8d6126eb-eefd-43ae-98a3-e861021f43a9,1457791996,Badiera subrhombifolia,Badiera subrhombifolia J.R.Abbott,Polygalaceae,Badiera,SPECIES,PRESERVED_SPECIMEN,2006-07-28,2006,-71.533889,18.206389,NA,b89d52a2-861d-4388-adad-c0da3d55fc78,UF,,10,02,DUVERGÉ,061002,876725a4effffff
8e33ada2-a7ca-439b-896b-245563b76508,1929775704,Asplenium theciferum,Loxoscaphe theciferum (Kunth) T.Moore,Aspleniaceae,Asplenium,SPECIES,PRESERVED_SPECIMEN,1985-03-17,1985,-71.5,18.23,NA,d415c253-4d61-4459-9d25-4015b9084fb0,NY,NY,10,02,DUVERGÉ,061002,876725a68ffffff
8ea144b0-d030-4b45-8bc5-085c8db5f229,1929781688,Hydrocotyle umbellata,Hydrocotyle umbellata L.,Araliaceae,Hydrocotyle,SPECIES,PRESERVED_SPECIMEN,1980-07-03,1980,-71.57,18.4,NA,d415c253-4d61-4459-9d25-4015b9084fb0,NY,NY,10,02,DUVERGÉ,061002,876725b70ffffff
8ee1ba47-d29c-4f3a-aea5-82b24af48249,4512926418,Miconia elaeagnoides,Tetrazygia elaeagnoides (Sw.) DC.,Melastomataceae,Miconia,SPECIES,PRESERVED_SPECIMEN,1993-12-03,1993,-71.508333,18.283333,NA,b89d52a2-861d-4388-adad-c0da3d55fc78,UF,,10,02,DUVERGÉ,061002,876725a65ffffff
8ef8d416-ba3e-4409-880c-e8f77df64379,3949948715,Cestrum violaceum,Cestrum violaceum Urb.,Solanaceae,Cestrum,SPECIES,PRESERVED_SPECIMEN,2012-01-08,2012,-71.671667,18.260278,NA,0f6a3163-4efb-47ab-a4f1-2f548098665f,CINC,CINC,10,02,DUVERGÉ,061002,876725ae4ffffff
8f1a8e69-7cdc-4c52-88d1-a7784413ab6b,1929788463,Porella swartziana,Porella swartziana (F. Weber) Trevis.,Porellaceae,Porella,SPECIES,PRESERVED_SPECIMEN,1987-01-25,1987,-71.6,18.25,NA,d415c253-4d61-4459-9d25-4015b9084fb0,NY,NY,10,02,DUVERGÉ,061002,876725a55ffffff
8f6925b5-4d8b-4a3e-a000-172867dd9870,2238706545,Miconia jimenezii,Miconia jimenezii Judd & R.S.Beaman,Melastomataceae,Miconia,SPECIES,PRESERVED_SPECIMEN,2016-02-04,2016,-71.69344,18.30459,NA,b89d52a2-861d-4388-adad-c0da3d55fc78,UF,,10,02,DUVERGÉ,061002,876725a1cffffff
8f7a962c-3255-451a-915c-cabe9bb0b554,1929793841,Psychotria dolichocalyx,Psychotria dolichocalyx Urb. & Ekman,Rubiaceae,Psychotria,SPECIES,PRESERVED_SPECIMEN,1985-05-09,1985,-71.57,18.28,NA,d415c253-4d61-4459-9d25-4015b9084fb0,NY,NY,10,02,DUVERGÉ,061002,876725a75ffffff
8f7fe863-86b6-4948-9f5f-e5a245194035,1929795049,Artemisia L.,Artemisia L.,Asteraceae,Artemisia,GENUS,PRESERVED_SPECIMEN,1987-01-26,1987,-71.47,18.23,NA,d415c253-4d61-4459-9d25-4015b9084fb0,NY,NY,10,02,DUVERGÉ,061002,874cd669affffff
8f918af4-62f3-4136-be3d-2649c0e843d7,1929795995,Duranta arida,Duranta arida Britton & P.Wilson,Verbenaceae,Duranta,SPECIES,PRESERVED_SPECIMEN,1985-03-17,1985,-71.52,18.22,NA,d415c253-4d61-4459-9d25-4015b9084fb0,NY,NY,10,02,DUVERGÉ,061002,876725a4cffffff
8fe98ac2-3bbe-4419-85c0-4fb2da2ef7ae,1929800799,Morella picardae,Myrica picardae Krug & Urb.,Myricaceae,Morella,SPECIES,PRESERVED_SPECIMEN,1985-03-17,1985,-71.5,18.23,NA,d415c253-4d61-4459-9d25-4015b9084fb0,NY,NY,10,02,DUVERGÉ,061002,876725a68ffffff
900478d7-16ad-4e00-b907-f0f00250bf5c,1929801341,Phlegmariurus acerosus,Lycopodium acerosum Sw.,Lycopodiaceae,Phlegmariurus,SPECIES,PRESERVED_SPECIMEN,1985-05-08,1985,-71.47,18.23,NA,d415c253-4d61-4459-9d25-4015b9084fb0,NY,NY,10,02,DUVERGÉ,061002,874cd669affffff
905bf111-71ec-4e45-9b91-07ff0b0ee38b,1929806351,Weissia jamaicensis,Weissia jamaicensis (Mitt.) Grout,Pottiaceae,Weissia,SPECIES,PRESERVED_SPECIMEN,1981-03-21,1981,-71.55,18.35,NA,d415c253-4d61-4459-9d25-4015b9084fb0,NY,NY,10,02,DUVERGÉ,061002,876725b43ffffff
905c64b3-3576-404c-bb19-535704910304,2238706551,Miconia domingensis,Miconia domingensis Cogn.,Melastomataceae,Miconia,SPECIES,PRESERVED_SPECIMEN,2016-02-04,2016,-71.69344,18.30459,NA,b89d52a2-861d-4388-adad-c0da3d55fc78,UF,,10,02,DUVERGÉ,061002,876725a1cffffff
90b884ed-6884-4b74-814c-0d4dbfa0c76f,1929811331,Sematophyllum adnatum,Sematophyllum adnatum (Michx.) E. Britton,Sematophyllaceae,Sematophyllum,SPECIES,PRESERVED_SPECIMEN,1981-03-21,1981,-71.63,18.35,NA,d415c253-4d61-4459-9d25-4015b9084fb0,NY,NY,10,02,DUVERGÉ,061002,876725a21ffffff
910f696b-c3cb-4e44-a361-c46fed72c11c,1929816322,Acrostichum danaeifolium,Acrostichum danaeifolium Langsd. & Fisch.,Pteridaceae,Acrostichum,SPECIES,PRESERVED_SPECIMEN,1980-07-03,1980,-71.57,18.4,NA,d415c253-4d61-4459-9d25-4015b9084fb0,NY,NY,10,02,DUVERGÉ,061002,876725b70ffffff
91164138-b484-45f2-92db-1afdb3c4aba8,1929816959,Hymenostylium recurvirostrum,Hymenostylium recurvirostrum (Hedw.) Dixon,Pottiaceae,Hymenostylium,SPECIES,PRESERVED_SPECIMEN,1981-03-21,1981,-71.7,18.32,NA,d415c253-4d61-4459-9d25-4015b9084fb0,NY,NY,10,02,DUVERGÉ,061002,876725a02ffffff
913b171f-7682-4c38-a4f4-d32e6d9c6c08,1929818721,Asplenium flabellulatum,Asplenium flabellulatum Kunze,Aspleniaceae,Asplenium,SPECIES,PRESERVED_SPECIMEN,1983-08-18,1983,-71.7083,18.3,NA,d415c253-4d61-4459-9d25-4015b9084fb0,NY,NY,10,02,DUVERGÉ,061002,876725a1cffffff
917168c2-8eac-477d-aefd-0deba1c19722,1929821498,Hymenophyllum Sm.,Hymenophyllum Sm.,Hymenophyllaceae,Hymenophyllum,GENUS,PRESERVED_SPECIMEN,1985-03-18,1985,-71.52,18.2,NA,d415c253-4d61-4459-9d25-4015b9084fb0,NY,NY,10,02,DUVERGÉ,061002,876725a48ffffff
91cbd989-a16d-480e-94a3-90ba5fb25d97,1929825978,Palamocladium leskeoides,Palamocladium leskeoides (Hook.) E. Britton,Brachytheciaceae,Palamocladium,SPECIES,PRESERVED_SPECIMEN,1981-03-21,1981,-71.7,18.28,NA,d415c253-4d61-4459-9d25-4015b9084fb0,NY,NY,10,02,DUVERGÉ,061002,876725a18ffffff
91f40ead-9c3e-4581-8e39-46f64dbc928b,1929828836,Miconia lanceolata,Miconia lanceolata (Desr.) DC.,Melastomataceae,Miconia,SPECIES,PRESERVED_SPECIMEN,2016-02-04,2016,-71.69695,18.30256,NA,d415c253-4d61-4459-9d25-4015b9084fb0,NY,NY,10,02,DUVERGÉ,061002,876725a1cffffff
91f429e5-e8b1-4ef3-8d55-9a6e258f2089,1929828653,Acroporium pungens,Acroporium pungens (Hedw.) Broth.,Sematophyllaceae,Acroporium,SPECIES,PRESERVED_SPECIMEN,1981-03-21,1981,-71.7,18.28,NA,d415c253-4d61-4459-9d25-4015b9084fb0,NY,NY,10,02,DUVERGÉ,061002,876725a18ffffff
92048730-6bfe-4ed8-b156-aaf69a040624,1929829817,Macrocoma tenuis,Macrocoma tenuis subsp. sullivantii (Müll. Hal.) Vitt,Orthotrichaceae,Macrocoma,SUBSPECIES,PRESERVED_SPECIMEN,1987-01-24,1987,-71.52,18.3,NA,d415c253-4d61-4459-9d25-4015b9084fb0,NY,NY,10,02,DUVERGÉ,061002,876725b4bffffff
921d1832-0017-4f47-a4c8-04af09d6ad89,3978710201,Juniperus gracilior,Juniperus gracilior var. urbaniana (Pilg. & Ekman) R.P.Adams,Cupressaceae,Juniperus,VARIETY,PRESERVED_SPECIMEN,2009-07-08,2009,-71.631389,18.249167,NA,abba37fc-a9c3-4de2-bba2-7f929abc937d,BAYLU,BAYLU,10,02,DUVERGÉ,061002,876725a56ffffff
9221c533-75ce-414a-bd35-69c297aa6c6c,1929831951,Leiomela bartramioides,Leiomela bartramioides (Hook.) Paris,Bartramiaceae,Leiomela,SPECIES,PRESERVED_SPECIMEN,1981-03-21,1981,-71.7,18.28,NA,d415c253-4d61-4459-9d25-4015b9084fb0,NY,NY,10,02,DUVERGÉ,061002,876725a18ffffff
932007f7-d364-42e7-bf35-93b6acb53a8c,2270694896,Eugenia P.Micheli ex L.,Eugenia P.Micheli ex L.,Myrtaceae,Eugenia,GENUS,PRESERVED_SPECIMEN,1993-03-24,1993,-71.5,18.2514,NA,e05fd4c2-4d77-4c50-880e-1b22096af300,ASU,Plants,10,02,DUVERGÉ,061002,876725a6cffffff
932971af-0eb2-41d8-8969-681ab6e698cb,4111426377,Pityrogramma ebenea,Pityrogramma ebenea (L.) Proctor,Pteridaceae,Pityrogramma,SPECIES,PRESERVED_SPECIMEN,2018-12-08,2018,-71.708,18.317,NA,b89d52a2-861d-4388-adad-c0da3d55fc78,UF,,10,02,DUVERGÉ,061002,876725a02ffffff
934e6820-2685-43ec-b119-75ba6a79d9f3,1929847988,Dendropemon pycnophyllus,Dendropemon pycnophyllus Krug & Urb.,Loranthaceae,Dendropemon,SPECIES,PRESERVED_SPECIMEN,1983-08-18,1983,-71.72,18.2917,NA,d415c253-4d61-4459-9d25-4015b9084fb0,NY,NY,10,02,DUVERGÉ,061002,876725a1effffff
9396ba6f-5469-4b6b-9c3c-e01e2571e4e8,1929851764,Fuscocephaloziopsis crassifolia,Fuscocephaloziopsis crassifolia (Lindenb. & Gottsche) Váňa & L. Söderstr.,Cephaloziaceae,Fuscocephaloziopsis,SPECIES,PRESERVED_SPECIMEN,1987-01-25,1987,-71.52,18.27,NA,d415c253-4d61-4459-9d25-4015b9084fb0,NY,NY,10,02,DUVERGÉ,061002,876725a61ffffff
941092c7ec7b376189972b343868813d,1893857592,Trichostomum sublamprothecium,Trichostomum sublamprothecium Paris,Pottiaceae,Trichostomum,SPECIES,PRESERVED_SPECIMEN,1981-03-21,1981,-71.708333,18.308333,NA,27ba04cd-45b9-4f5c-b032-d1bcc584fbdd,IBUNAM,MEXU,10,02,DUVERGÉ,061002,876725a11ffffff
9412ed2e-3dab-432b-b99b-cd03b5066cbb,1929858539,Henriettea barkeri,Henriettea barkeri (Urb. & Ekman) Alain,Melastomataceae,Henriettea,SPECIES,PRESERVED_SPECIMEN,2016-02-04,2016,-71.69695,18.30256,NA,d415c253-4d61-4459-9d25-4015b9084fb0,NY,NY,10,02,DUVERGÉ,061002,876725a1cffffff
944a3e95-5754-49db-91db-b49e1205dadf,1929861780,Leiomela bartramioides,Leiomela bartramioides (Hook.) Paris,Bartramiaceae,Leiomela,SPECIES,PRESERVED_SPECIMEN,1981-03-21,1981,-71.7,18.28,NA,d415c253-4d61-4459-9d25-4015b9084fb0,NY,NY,10,02,DUVERGÉ,061002,876725a18ffffff
94772c12-6016-4cdf-b95a-8f31e8aa32ae,1929863783,Hypopterygium tamarisci,Hypopterygium tamarisci (Sw.) Brid. ex Müll. Hal.,Hypopterygiaceae,Hypopterygium,SPECIES,PRESERVED_SPECIMEN,1981-03-21,1981,-71.7,18.32,NA,d415c253-4d61-4459-9d25-4015b9084fb0,NY,NY,10,02,DUVERGÉ,061002,876725a02ffffff
94f74d7a-208b-44af-94cf-985190301cee,1929871091,Adelothecium bogotense,Adelothecium bogotense (Hampe) Mitt.,Daltoniaceae,Adelothecium,SPECIES,PRESERVED_SPECIMEN,1981-03-21,1981,-71.7,18.32,NA,d415c253-4d61-4459-9d25-4015b9084fb0,NY,NY,10,02,DUVERGÉ,061002,876725a02ffffff
95440d5c-7c5d-4496-a8d0-48fe89cbbba0,1929875452,Campylium chrysophyllum,Campyliadelphus chrysophyllus (Brid.) Kanda,Amblystegiaceae,Campylium,SPECIES,PRESERVED_SPECIMEN,1981-03-21,1981,-71.7,18.28,NA,d415c253-4d61-4459-9d25-4015b9084fb0,NY,NY,10,02,DUVERGÉ,061002,876725a18ffffff
956a7586-5b2e-4ad1-8047-3edf3596ee81,1929877598,Nowellia dominicensis,Nowellia dominicensis Steph.,Cephaloziaceae,Nowellia,SPECIES,PRESERVED_SPECIMEN,1987-01-25,1987,-71.52,18.27,NA,d415c253-4d61-4459-9d25-4015b9084fb0,NY,NY,10,02,DUVERGÉ,061002,876725a61ffffff
95aba029-f715-41f5-ab41-249c72b3f72e,1929881201,Chionoloma angustatum,Chionoloma angustatum (Mitt.) M. Menzel,Pottiaceae,Chionoloma,SPECIES,PRESERVED_SPECIMEN,1981-03-21,1981,-71.7,18.28,NA,d415c253-4d61-4459-9d25-4015b9084fb0,NY,NY,10,02,DUVERGÉ,061002,876725a18ffffff
95c4f5e0-cb18-4c77-aced-7e3ad4250618,1929883078,Erythroxylum domingense,Erythroxylum domingense Oviedo,Erythroxylaceae,Erythroxylum,SPECIES,PRESERVED_SPECIMEN,1987-01-24,1987,-71.57,18.32,NA,d415c253-4d61-4459-9d25-4015b9084fb0,NY,NY,10,02,DUVERGÉ,061002,876725b58ffffff
96271a2f-52ad-4211-85a3-65c01980a2cd,1929888394,Miconia lima,Leandra lima (Desr.) Judd & Skean,Melastomataceae,Miconia,SPECIES,PRESERVED_SPECIMEN,1983-08-18,1983,-71.7083,18.3,NA,d415c253-4d61-4459-9d25-4015b9084fb0,NY,NY,10,02,DUVERGÉ,061002,876725a1cffffff
96587f2f-af1d-43ac-827d-c6228a1226ea,1929891317,Zanthoxylum flavum,Zanthoxylum flavum Vahl,Rutaceae,Zanthoxylum,SPECIES,PRESERVED_SPECIMEN,1987-08-28,1987,-71.57,18.27,NA,d415c253-4d61-4459-9d25-4015b9084fb0,NY,NY,10,02,DUVERGÉ,061002,876725a71ffffff
968e4c34-c615-4d54-b00c-9dfe6b9bbe10,1929893896,Thelypteris Schmidel,Thelypteris Schmidel,Thelypteridaceae,Thelypteris,GENUS,PRESERVED_SPECIMEN,1985-05-09,1985,-71.5,18.23,NA,d415c253-4d61-4459-9d25-4015b9084fb0,NY,NY,10,02,DUVERGÉ,061002,876725a68ffffff
9692d8d5-6c4d-4fca-9794-4749bf2cdbf0,1929893927,Leiomitra elliottii,Leiomitra elliottii (Steph.) R.M. Schust.,Trichocoleaceae,Leiomitra,SPECIES,PRESERVED_SPECIMEN,1981-03-21,1981,-71.7,18.28,NA,d415c253-4d61-4459-9d25-4015b9084fb0,NY,NY,10,02,DUVERGÉ,061002,876725a18ffffff
97fa53c7-4d16-4c0c-98a6-ec8d5ffd7a5d,1929913080,Prionodon densus,Prionodon densus (Sw. ex Hedw.) Müll. Hal.,Prionodontaceae,Prionodon,SPECIES,PRESERVED_SPECIMEN,1983-08-18,1983,-71.708333,18.3,NA,d415c253-4d61-4459-9d25-4015b9084fb0,NY,NY,10,02,DUVERGÉ,061002,876725a1cffffff
982a4e0a-d090-4665-90ff-b75aa4d4868e,1929916170,Microcampylopus leucogaster,Microcampylopus curvisetus (Hampe) Giese & J.-P. Frahm,Dicranellaceae,Microcampylopus,SPECIES,PRESERVED_SPECIMEN,1981-03-21,1981,-71.7,18.3,NA,d415c253-4d61-4459-9d25-4015b9084fb0,NY,NY,10,02,DUVERGÉ,061002,876725a1cffffff
9851add9-f4c8-44df-87b8-159fc06fc93b,2238706570,Miconia macrocarpa,Miconia macrocarpa subsp. macrocarpa,Melastomataceae,Miconia,SUBSPECIES,PRESERVED_SPECIMEN,2016-02-04,2016,-71.69695,18.30256,NA,b89d52a2-861d-4388-adad-c0da3d55fc78,UF,,10,02,DUVERGÉ,061002,876725a1cffffff
98d53aa7-300f-41cf-8729-f72dc706e59d,2447328722,Elaphoglossum Schott ex J.Sm.,Elaphoglossum Schott ex J.Sm.,Dryopteridaceae,Elaphoglossum,GENUS,PRESERVED_SPECIMEN,1985-03-18,1985,-71.52,18.2,NA,d415c253-4d61-4459-9d25-4015b9084fb0,NY,NY,10,02,DUVERGÉ,061002,876725a48ffffff
990a1622-abdb-4bab-9ee5-58eea7cc4e61,1929928885,Solanum crotonoides,Solanum crotonoides Lam.,Solanaceae,Solanum,SPECIES,PRESERVED_SPECIMEN,1983-08-18,1983,-71.708333,18.3,NA,d415c253-4d61-4459-9d25-4015b9084fb0,NY,NY,10,02,DUVERGÉ,061002,876725a1cffffff
998282AF-AA86-4DD8-BEF8-26B43F58E80A,123018061,Trichostigma octandrum,Trichostigma octandrum (L.) H.Walter,Petiveriaceae,Trichostigma,SPECIES,PRESERVED_SPECIMEN,1982-02-02,1982,-71.633,18.4,301,832cb04e-f762-11e1-a439-00145eb45e9a,FTG,Herbarium,10,02,DUVERGÉ,061002,876725b08ffffff
99981638-2de7-4ec5-942f-9575f78ec14f,6186459856,Goniopteris cordata,Goniopteris cordata (Fée) Salino & T.E.Almeida,Thelypteridaceae,Goniopteris,SPECIES,PRESERVED_SPECIMEN,2018-12-08,2018,-71.69312,18.30457,NA,b89d52a2-861d-4388-adad-c0da3d55fc78,UF,,10,02,DUVERGÉ,061002,876725a1cffffff
999c5648-ed1d-4f1a-9c08-51d7fcdf9dd4,1457796182,Psychotria baltenweckii,Psychotria baltenweckii Urb.,Rubiaceae,Psychotria,SPECIES,PRESERVED_SPECIMEN,2004-04-23,2004,-71.533889,18.206389,NA,b89d52a2-861d-4388-adad-c0da3d55fc78,UF,,10,02,DUVERGÉ,061002,876725a4effffff
99c2339b-ce1d-4f11-97ff-cafacbd61239,1929938300,Phenax hirtus,Phenax hirtus (Sw.) Wedd.,Urticaceae,Phenax,SPECIES,PRESERVED_SPECIMEN,1983-08-18,1983,-71.7083,18.3,NA,d415c253-4d61-4459-9d25-4015b9084fb0,NY,NY,10,02,DUVERGÉ,061002,876725a1cffffff
99cac9a6-9abe-4539-9e8b-ed90e7b613a6,1929939524,Radula pallens,Radula subsimplex Steph.,Radulaceae,Radula,SPECIES,PRESERVED_SPECIMEN,1987-01-25,1987,-71.52,18.27,NA,d415c253-4d61-4459-9d25-4015b9084fb0,NY,NY,10,02,DUVERGÉ,061002,876725a61ffffff
99e2808e-4550-418b-9f30-71261bff501d,1929941165,Tortella humilis,Tortella humilis (Hedw.) Jenn.,Pottiaceae,Tortella,SPECIES,PRESERVED_SPECIMEN,1987-01-25,1987,-71.52,18.27,NA,d415c253-4d61-4459-9d25-4015b9084fb0,NY,NY,10,02,DUVERGÉ,061002,876725a61ffffff
9a28cd04-ebbe-4801-bf2e-08df0c0347a7,5029135541,Peperomia san-joseana,Peperomia san-joseana C.DC.,Piperaceae,Peperomia,SPECIES,PRESERVED_SPECIMEN,2023-01-24,2023,-71.53416,18.20755,NA,b89d52a2-861d-4388-adad-c0da3d55fc78,UF,,10,02,DUVERGÉ,061002,876725a4effffff
9a6c1f79-a8ca-427f-a06b-8da50321617c,5859860377,Ardisia picardae,Ardisia picardae Urb. ex Mez,Primulaceae,Ardisia,SPECIES,PRESERVED_SPECIMEN,1983-09-09,1983,-71.716667,18.3,NA,b89d52a2-861d-4388-adad-c0da3d55fc78,UF,,10,02,DUVERGÉ,061002,876725a1effffff
9b030945-cb30-483f-b77a-00b0b203bd00,1929956465,Persea krugii,Persea krugii Mez,Lauraceae,Persea,SPECIES,PRESERVED_SPECIMEN,1985-05-09,1985,-71.5,18.23,NA,d415c253-4d61-4459-9d25-4015b9084fb0,NY,NY,10,02,DUVERGÉ,061002,876725a68ffffff
9b0f9c79-1cc4-45ea-8bd7-1ae2964334bc,2270561027,Myrtaceae Juss.,Myrtaceae Juss.,Myrtaceae,,FAMILY,PRESERVED_SPECIMEN,1992-12-15,1992,-71.566667,18.3,NA,e05fd4c2-4d77-4c50-880e-1b22096af300,ASU,Plants,10,02,DUVERGÉ,061002,876725b5bffffff
9b174cca-e177-42f4-8c6d-3586167ab215,1929957903,Leuenbergeria portulacifolia,Pereskia portulacifolia (L.) DC.,Cactaceae,Leuenbergeria,SPECIES,PRESERVED_SPECIMEN,1980-07-03,1980,-71.62,18.4083,NA,d415c253-4d61-4459-9d25-4015b9084fb0,NY,NY,10,02,DUVERGÉ,061002,876725b0dffffff
9b6eeb70-30d0-4d74-875c-955ffeb53b79,1929962429,Prionodon densus,Prionodon densus (Sw. ex Hedw.) Müll. Hal.,Prionodontaceae,Prionodon,SPECIES,PRESERVED_SPECIMEN,1987-01-24,1987,-71.55,18.27,NA,d415c253-4d61-4459-9d25-4015b9084fb0,NY,NY,10,02,DUVERGÉ,061002,876725a62ffffff
9b78dd1e-e22e-400a-8b1b-174e5a991323,4079747947,Chamaecrista glandulosa,Chamaecrista glandulosa var. pinetorum (Britton) ined.,Fabaceae,Chamaecrista,VARIETY,PRESERVED_SPECIMEN,1958-08-22,1958,-71.71555,18.28989,348,3b040a48-deae-485c-95b1-2ac80b7fdc54,IIBZ,USD,10,02,DUVERGÉ,061002,876725a1effffff
9b99680a-160c-4641-b856-9f1ce17c2f8d,2573051215,Myriopteris microphylla,Myriopteris microphylla (Sw.) Grusz & Windham,Pteridaceae,Myriopteris,SPECIES,PRESERVED_SPECIMEN,2018-12-08,2018,-71.708,18.317,NA,e42c4be9-dc6d-466b-8df2-60ac8c47fadd,VT,,10,02,DUVERGÉ,061002,876725a02ffffff
9bd3c7c5-23c7-43a2-b27b-744715a061ec,1929967763,Racopilum tomentosum,Racopilum tomentosum (Hedw.) Brid.,Racopilaceae,Racopilum,SPECIES,PRESERVED_SPECIMEN,1981-03-21,1981,-71.63,18.35,NA,d415c253-4d61-4459-9d25-4015b9084fb0,NY,NY,10,02,DUVERGÉ,061002,876725a21ffffff
9c9911f4-7364-43c2-b565-b65d8dd2601a,5029135395,Peperomia tetraphylla,Peperomia tetraphylla (G.Forst.) Hook. & Arn.,Piperaceae,Peperomia,SPECIES,PRESERVED_SPECIMEN,2023-01-24,2023,-71.53416,18.20755,NA,b89d52a2-861d-4388-adad-c0da3d55fc78,UF,,10,02,DUVERGÉ,061002,876725a4effffff
9d95a43d-288a-41e7-8a2e-aa674e95ca06,1929992803,Melinis repens,Melinis repens (Willd.) Zizka,Poaceae,Melinis,SPECIES,PRESERVED_SPECIMEN,1985-05-09,1985,-71.57,18.28,NA,d415c253-4d61-4459-9d25-4015b9084fb0,NY,NY,10,02,DUVERGÉ,061002,876725a75ffffff
9db38d60-d4c5-4c35-a5c8-d3dfff8032a2,4111423377,Myriopteris microphylla,Myriopteris microphylla (Sw.) Grusz & Windham,Pteridaceae,Myriopteris,SPECIES,PRESERVED_SPECIMEN,2018-12-08,2018,-71.708,18.317,NA,b89d52a2-861d-4388-adad-c0da3d55fc78,UF,,10,02,DUVERGÉ,061002,876725a02ffffff
9dd671bf-55d1-4279-ab68-455302f94b52,1929996220,Chamaecrista glandulosa,Chamaecrista glandulosa var. picardae (Urb.) H.S.Irwin & Barneby,Fabaceae,Chamaecrista,VARIETY,PRESERVED_SPECIMEN,1985-05-09,1985,-71.5,18.23,NA,d415c253-4d61-4459-9d25-4015b9084fb0,NY,NY,10,02,DUVERGÉ,061002,876725a68ffffff
9e1db046-8bb4-45f4-a0a6-0f674abf3f06,1930000002,Mimosa diplacantha,Mimosa diplacantha Benth.,Fabaceae,Mimosa,SPECIES,PRESERVED_SPECIMEN,1992-12-15,1992,-71.57,18.3,NA,d415c253-4d61-4459-9d25-4015b9084fb0,NY,NY,10,02,DUVERGÉ,061002,876725b5bffffff
9e6897ee-b6d8-4a66-848a-d195e271f442,1930004120,Erythroxylum domingense,Erythroxylum domingense Oviedo,Erythroxylaceae,Erythroxylum,SPECIES,PRESERVED_SPECIMEN,1983-08-17,1983,-71.68,18.32,NA,d415c253-4d61-4459-9d25-4015b9084fb0,NY,NY,10,02,DUVERGÉ,061002,876725a00ffffff
9f1613af-a195-4892-821c-b3cae6e8bbc2,1930013465,Sematophyllum adnatum,Sematophyllum adnatum (Michx.) E. Britton,Sematophyllaceae,Sematophyllum,SPECIES,PRESERVED_SPECIMEN,1987-01-24,1987,-71.57,18.25,NA,d415c253-4d61-4459-9d25-4015b9084fb0,NY,NY,10,02,DUVERGÉ,061002,876725a46ffffff
9f782d71-6df3-495e-89a1-e9df39431c3a,1930019316,Giliastrum incisum,Gilia incisa Benth.,Polemoniaceae,Giliastrum,SPECIES,PRESERVED_SPECIMEN,1985-05-09,1985,-71.57,18.28,NA,d415c253-4d61-4459-9d25-4015b9084fb0,NY,NY,10,02,DUVERGÉ,061002,876725a75ffffff
9fe99396-9a19-419f-95f7-df08e7e6c484,1930025417,Ageratina illita,Ageratina illita (Urb.) R.M.King & H.Rob.,Asteraceae,Ageratina,SPECIES,PRESERVED_SPECIMEN,1985-05-09,1985,-71.5,18.23,NA,d415c253-4d61-4459-9d25-4015b9084fb0,NY,NY,10,02,DUVERGÉ,061002,876725a68ffffff
9fea2abe-e7a2-4e9d-a926-60559549a23c,1930025633,Anomobryum apiculatum,Bryum apiculatum Schwägr.,Bryaceae,Anomobryum,SPECIES,PRESERVED_SPECIMEN,1981-03-21,1981,-71.7,18.28,NA,d415c253-4d61-4459-9d25-4015b9084fb0,NY,NY,10,02,DUVERGÉ,061002,876725a18ffffff
A401804F-E3B9-4181-A1A2-586037397518,122964917,Lantana L.,Lantana L.,Verbenaceae,Lantana,GENUS,PRESERVED_SPECIMEN,1985-05-09,1985,-71.5667,18.3,NA,832cb04e-f762-11e1-a439-00145eb45e9a,FTG,Herbarium,10,02,DUVERGÉ,061002,876725b5bffffff
B30166F4-6CB6-4788-8377-53CE9465FE0B,153280028,Plethadenia granulata,Plethadenia granulata Urb.,Rutaceae,Plethadenia,SPECIES,PRESERVED_SPECIMEN,1983-08-17,1983,-71.5333,18.3472,NA,832cb04e-f762-11e1-a439-00145eb45e9a,FTG,Herbarium,10,02,DUVERGÉ,061002,876725b41ffffff
BBCA565B-34D3-4673-A437-3024A86B6F57,122962928,Jacquinia berteroi,Jacquinia berteroi Spreng.,Primulaceae,Jacquinia,SPECIES,PRESERVED_SPECIMEN,1980-07-03,1980,-71.5667,18.4,NA,832cb04e-f762-11e1-a439-00145eb45e9a,FTG,Herbarium,10,02,DUVERGÉ,061002,876725b71ffffff
BDAC2325-EC93-4B9B-BCD3-A19A2F8AF18A,122966875,Lantana reticulata,Lantana reticulata Pers.,Verbenaceae,Lantana,SPECIES,PRESERVED_SPECIMEN,1984-10-01,1984,-71.5,18.27,NA,832cb04e-f762-11e1-a439-00145eb45e9a,FTG,Herbarium,10,02,DUVERGÉ,061002,874cd6692ffffff
BFD4CBC9-60EE-487D-87E2-559D55D3AB68,122924262,Chrysophyllum oliviforme,Chrysophyllum oliviforme L.,Sapotaceae,Chrysophyllum,SPECIES,PRESERVED_SPECIMEN,1985-03-16,1985,-71.5667,18.3167,NA,832cb04e-f762-11e1-a439-00145eb45e9a,FTG,Herbarium,10,02,DUVERGÉ,061002,876725b58ffffff
C145D366-FD83-4333-A01A-8290A499297E,122993746,Palicourea liogieri,Psychotria liogieri Steyerm.,Rubiaceae,Palicourea,SPECIES,PRESERVED_SPECIMEN,1983-09-09,1983,-71.7167,18.3,NA,832cb04e-f762-11e1-a439-00145eb45e9a,FTG,Herbarium,10,02,DUVERGÉ,061002,876725a1effffff
CC02A579-39A0-4F87-AFCC-16DF2B4FF05D,1503211609,Rhynchospora colorata,Rhynchospora colorata (L.) H.Pfeiff.,Cyperaceae,Rhynchospora,SPECIES,PRESERVED_SPECIMEN,1980-07-03,1980,-71.5667,18.4,NA,af1b4db0-c8ce-4a95-b700-8a6a02bed9d6,USF,Herb,10,02,DUVERGÉ,061002,876725b71ffffff
D07FB85D-9C45-4962-A86C-D22CFD99DA6B,122926909,Coccoloba picardae,Coccoloba picardae Urb.,Polygonaceae,Coccoloba,SPECIES,PRESERVED_SPECIMEN,1987-01-26,1987,-71.4667,18.2333,NA,832cb04e-f762-11e1-a439-00145eb45e9a,FTG,Herbarium,10,02,DUVERGÉ,061002,874cd669affffff
D28CAA38-AC88-4F88-A202-9628678348E8,123010013,Solanum nudum,Solanum nudum Humb. & Bonpl. ex Dunal,Solanaceae,Solanum,SPECIES,PRESERVED_SPECIMEN,1983-08-18,1983,-71.7083,18.3,NA,832cb04e-f762-11e1-a439-00145eb45e9a,FTG,Herbarium,10,02,DUVERGÉ,061002,876725a1cffffff
DE989895-C375-482F-B02D-E516B20D1D83,122966997,Lantana L.,Lantana L.,Verbenaceae,Lantana,GENUS,PRESERVED_SPECIMEN,1985-05-09,1985,-71.5667,18.3,NA,832cb04e-f762-11e1-a439-00145eb45e9a,FTG,Herbarium,10,02,DUVERGÉ,061002,876725b5bffffff
FF7E4B3D-C547-4F4C-BD0E-6EC6B5AB2807,122899685,Alvaradoa haitiensis,Alvaradoa haitiensis Urb.,Picramniaceae,Alvaradoa,SPECIES,PRESERVED_SPECIMEN,1993-12-03,1993,-71.5083,18.2833,NA,832cb04e-f762-11e1-a439-00145eb45e9a,FTG,Herbarium,10,02,DUVERGÉ,061002,876725a65ffffff
LD:General:1565902,788799440,Tillandsia L.,Tillandsia L.,Bromeliaceae,Tillandsia,GENUS,PRESERVED_SPECIMEN,1911-05,1911,-71.523333,18.378889,NA,aab0cf80-0c64-11dd-84d1-b8a03c50a862,LD,General,10,02,DUVERGÉ,061002,876725b45ffffff
MW755363,6217477368,Dendropemon pycnophyllus,Dendropemon pycnophyllus Krug & Urb.,Loranthaceae,Dendropemon,SPECIES,PRESERVED_SPECIMEN,2010-04-15,2010,-71.5,18.2,NA,393b8c26-e4e0-4dd0-a218-93fc074ebf4e,,,10,02,DUVERGÉ,061002,876725a4dffffff
MW820325,6196129339,Dendropemon parvifolius,Dendropemon parvifolius (Sw.) Steud.,Loranthaceae,Dendropemon,SPECIES,PRESERVED_SPECIMEN,2010-04-13,2010,-71.5,18.2,NA,393b8c26-e4e0-4dd0-a218-93fc074ebf4e,,,10,02,DUVERGÉ,061002,876725a4dffffff
MW820329,6189469135,Dendropemon alatus,Dendropemon alatus Tiegh.,Loranthaceae,Dendropemon,SPECIES,PRESERVED_SPECIMEN,2010-04-13,2010,-71.5,18.2,NA,393b8c26-e4e0-4dd0-a218-93fc074ebf4e,,,10,02,DUVERGÉ,061002,876725a4dffffff
MW820380,6189538261,Dendropemon purpureus,Dendropemon purpureus (L.) Krug & Urb.,Loranthaceae,Dendropemon,SPECIES,PRESERVED_SPECIMEN,2014-10-21,2014,-71.6,18.3,NA,393b8c26-e4e0-4dd0-a218-93fc074ebf4e,,,10,02,DUVERGÉ,061002,876725a76ffffff
MW820482,6217694412,Dendropemon pycnophyllus,Dendropemon pycnophyllus Krug & Urb.,Loranthaceae,Dendropemon,SPECIES,PRESERVED_SPECIMEN,2014-10-20,2014,-71.5,18.2,NA,393b8c26-e4e0-4dd0-a218-93fc074ebf4e,,,10,02,DUVERGÉ,061002,876725a4dffffff
MW820483,6196122808,Dendropemon parvifolius,Dendropemon parvifolius (Sw.) Steud.,Loranthaceae,Dendropemon,SPECIES,PRESERVED_SPECIMEN,2014-10-20,2014,-71.5,18.2,NA,393b8c26-e4e0-4dd0-a218-93fc074ebf4e,,,10,02,DUVERGÉ,061002,876725a4dffffff
MW820484,6189260967,Dendropemon purpureus,Dendropemon purpureus (L.) Krug & Urb.,Loranthaceae,Dendropemon,SPECIES,PRESERVED_SPECIMEN,2014-10-21,2014,-71.7,18.3,NA,393b8c26-e4e0-4dd0-a218-93fc074ebf4e,,,10,02,DUVERGÉ,061002,876725a1cffffff
MW820485,6353842322,Dendropemon oliganthus,Dendropemon bistriatus (Urb.) Urb.,Loranthaceae,Dendropemon,SPECIES,PRESERVED_SPECIMEN,2014-10-21,2014,-71.7,18.3,NA,393b8c26-e4e0-4dd0-a218-93fc074ebf4e,,,10,02,DUVERGÉ,061002,876725a1cffffff
S:VascularPlants:S-R-10929,1096350232,Psidium bahorucanum,Psidium bahorucanum Alain & R.G.García,Myrtaceae,Psidium,SPECIES,PRESERVED_SPECIMEN,1993-03-24,1993,-71.5,18.258333,NA,0943f690-fde5-11dd-83f4-b8a03c50a862,S,VascularPlants,10,02,DUVERGÉ,061002,876725a6cffffff
S:VascularPlants:S11-19792,1096756800,Badiera subrhombifolia,Badiera subrhombifolia J.R.Abbott,Polygalaceae,Badiera,SPECIES,PRESERVED_SPECIMEN,2006-06-03,2006,-71.534306,18.206167,NA,0943f690-fde5-11dd-83f4-b8a03c50a862,S,VascularPlants,10,02,DUVERGÉ,061002,876725a4effffff
S:VascularPlants:S11-29115,1096764984,Bursera brunea,Bursera brunea (Urb.) Urb. & Ekman,Burseraceae,Bursera,SPECIES,PRESERVED_SPECIMEN,1983-08-17,1983,-71.533333,18.341667,NA,0943f690-fde5-11dd-83f4-b8a03c50a862,S,VascularPlants,10,02,DUVERGÉ,061002,876725b4effffff
S:VascularPlants:S11-31956,1096767549,Salvia foveolata,Salvia foveolata Urb. & Ekman,Lamiaceae,Salvia,SPECIES,PRESERVED_SPECIMEN,1985-03-26,1985,-71.7,18.3,NA,0943f690-fde5-11dd-83f4-b8a03c50a862,S,VascularPlants,10,02,DUVERGÉ,061002,876725a1cffffff
S:VascularPlants:S11-32039,1096767651,Dendrophthora cupulata,Dendrophthora cupulata (DC.) Eichler,Viscaceae,Dendrophthora,SPECIES,PRESERVED_SPECIMEN,1985-03-19,1985,-71.533333,18.2,NA,0943f690-fde5-11dd-83f4-b8a03c50a862,S,VascularPlants,10,02,DUVERGÉ,061002,876725a4effffff
S:VascularPlants:S11-32043,1096767640,Ambrosia artemisiifolia,Ambrosia artemisiifolia L.,Asteraceae,Ambrosia,SPECIES,PRESERVED_SPECIMEN,1992-12-15,1992,-71.566667,18.3,NA,0943f690-fde5-11dd-83f4-b8a03c50a862,S,VascularPlants,10,02,DUVERGÉ,061002,876725b5bffffff
S:VascularPlants:S11-32112,1096767723,Lepidaploa acuminata,Lepidaploa acuminata (Less.) H.Rob.,Asteraceae,Lepidaploa,SPECIES,PRESERVED_SPECIMEN,1987-01-24,1987,-71.55,18.266667,NA,0943f690-fde5-11dd-83f4-b8a03c50a862,S,VascularPlants,10,02,DUVERGÉ,061002,876725a62ffffff
S:VascularPlants:S11-35592,1096771228,Alsophila woodwardioides,Alsophila woodwardioides (Kaulf.) D.S.Conant,Cyatheaceae,Alsophila,SPECIES,PRESERVED_SPECIMEN,1985-03-19,1985,-71.533333,18.2,NA,0943f690-fde5-11dd-83f4-b8a03c50a862,S,VascularPlants,10,02,DUVERGÉ,061002,876725a4effffff
S:VascularPlants:S11-35597,1096771226,Lepidaploa fruticosa,Lepidaploa fruticosa (L.) H.Rob.,Asteraceae,Lepidaploa,SPECIES,PRESERVED_SPECIMEN,1992-12-15,1992,-71.566667,18.3,NA,0943f690-fde5-11dd-83f4-b8a03c50a862,S,VascularPlants,10,02,DUVERGÉ,061002,876725b5bffffff
S:VascularPlants:S11-35646,1096771290,Coccoloba costata,Coccoloba costata C.Wright,Polygonaceae,Coccoloba,SPECIES,PRESERVED_SPECIMEN,1983-08-17,1983,-71.683333,18.316667,NA,0943f690-fde5-11dd-83f4-b8a03c50a862,S,VascularPlants,10,02,DUVERGÉ,061002,876725a00ffffff
S:VascularPlants:S11-35663,1096771309,Coccoloba picardae,Coccoloba picardae Urb.,Polygonaceae,Coccoloba,SPECIES,PRESERVED_SPECIMEN,1987-01-26,1987,-71.466667,18.233333,NA,0943f690-fde5-11dd-83f4-b8a03c50a862,S,VascularPlants,10,02,DUVERGÉ,061002,874cd669affffff
S:VascularPlants:S11-36415,1096771929,Mucura globulifera,Dennstaedtia globulifera (Poir.) Hieron.,Dennstaedtiaceae,Mucura,SPECIES,PRESERVED_SPECIMEN,1985-03-19,1985,-71.533333,18.2,NA,0943f690-fde5-11dd-83f4-b8a03c50a862,S,VascularPlants,10,02,DUVERGÉ,061002,876725a4effffff
S:VascularPlants:S11-39508,1096775184,Cestrum humile,Cestrum humile Urb. & Ekman,Solanaceae,Cestrum,SPECIES,PRESERVED_SPECIMEN,2000-04-07,2000,-71.718611,18.290833,NA,0943f690-fde5-11dd-83f4-b8a03c50a862,S,VascularPlants,10,02,DUVERGÉ,061002,876725a1effffff
S:VascularPlants:S15-2632,1096899221,Rondeletia barahonensis,Rondeletia barahonensis Urb.,Rubiaceae,Rondeletia,SPECIES,PRESERVED_SPECIMEN,1985-05-08,1985,-71.466667,18.233333,NA,0943f690-fde5-11dd-83f4-b8a03c50a862,S,VascularPlants,10,02,DUVERGÉ,061002,874cd669affffff
S:VascularPlants:S15-31417,1096904639,Pseudognaphalium selleanum,Pseudognaphalium selleanum (Urb. & Ekman) Anderb.,Asteraceae,Pseudognaphalium,SPECIES,PRESERVED_SPECIMEN,1983-08-18,1983,-71.7,18.3,NA,0943f690-fde5-11dd-83f4-b8a03c50a862,S,VascularPlants,10,02,DUVERGÉ,061002,876725a1cffffff
S:VascularPlants:S15-5150,1096910335,Rondeletia fuertesii,Rondeletia fuertesii Urb.,Rubiaceae,Rondeletia,SPECIES,PRESERVED_SPECIMEN,1992-07-15,1992,-71.533333,18.366667,NA,0943f690-fde5-11dd-83f4-b8a03c50a862,S,VascularPlants,10,02,DUVERGÉ,061002,876725b45ffffff
S:VascularPlants:S15-62938,2618556975,Solanum tetramerum,Solanum tetramerum Dunal & A.DC.,Solanaceae,Solanum,SPECIES,PRESERVED_SPECIMEN,1987-05-26,1987,-71.55,18.383333,NA,0943f690-fde5-11dd-83f4-b8a03c50a862,S,VascularPlants,10,02,DUVERGÉ,061002,876725b44ffffff
S:VascularPlants:S17-16973,2618585996,Chromolaena sinuata,Chromolaena sinuata (Lam.) R.M.King & H.Rob.,Asteraceae,Chromolaena,SPECIES,PRESERVED_SPECIMEN,1987-08-27,1987,-71.516667,18.2,NA,0943f690-fde5-11dd-83f4-b8a03c50a862,S,VascularPlants,10,02,DUVERGÉ,061002,876725a48ffffff
S:VascularPlants:S17-22236,2618415216,Cestrum violaceum,Cestrum violaceum Urb.,Solanaceae,Cestrum,SPECIES,PRESERVED_SPECIMEN,1983-08-18,1983,-71.708333,18.3,NA,0943f690-fde5-11dd-83f4-b8a03c50a862,S,VascularPlants,10,02,DUVERGÉ,061002,876725a1cffffff
S:VascularPlants:S17-55639,2618429654,Ekmaniopappus mikanioides,Ekmaniopappus mikanioides (Urb. & Ekman) Borhidi,Asteraceae,Ekmaniopappus,SPECIES,PRESERVED_SPECIMEN,1985-03-19,1985,-71.533333,18.2,NA,0943f690-fde5-11dd-83f4-b8a03c50a862,S,VascularPlants,10,02,DUVERGÉ,061002,876725a4effffff
S:VascularPlants:S17-8112,2618364312,Sigesbeckia orientalis,Sigesbeckia orientalis L.,Asteraceae,Sigesbeckia,SPECIES,PRESERVED_SPECIMEN,1985-03-19,1985,-71.533333,18.2,NA,0943f690-fde5-11dd-83f4-b8a03c50a862,S,VascularPlants,10,02,DUVERGÉ,061002,876725a4effffff
S:VascularPlants:S17-8114,2618365313,Sigesbeckia orientalis,Sigesbeckia orientalis L.,Asteraceae,Sigesbeckia,SPECIES,PRESERVED_SPECIMEN,1985-03-19,1985,-71.533333,18.2,NA,0943f690-fde5-11dd-83f4-b8a03c50a862,S,VascularPlants,10,02,DUVERGÉ,061002,876725a4effffff
UCJEPS:UC:UC1954385,4857041761,Dendropemon alatus,Dendropemon alatus Tiegh.,Loranthaceae,Dendropemon,SPECIES,PRESERVED_SPECIMEN,1985-05-08/1985-05-09,1985,-71.566667,18.283333,NA,83a49751-4282-481e-a847-1c5c224a0551,,UC,10,02,DUVERGÉ,061002,876725a75ffffff
UCJEPS:UC:UC1954416,4857238550,Dendropemon oliganthus,Dendropemon coloratus Urb.,Loranthaceae,Dendropemon,SPECIES,PRESERVED_SPECIMEN,1985-03-17,1985,-71.5,18.233333,NA,83a49751-4282-481e-a847-1c5c224a0551,,UC,10,02,DUVERGÉ,061002,876725a68ffffff
UCJEPS:UC:UC1954494,4856855234,Dendropemon picardae,Dendropemon picardae Krug & Urb.,Loranthaceae,Dendropemon,SPECIES,PRESERVED_SPECIMEN,1985-03-19,1985,-71.533333,18.2,NA,83a49751-4282-481e-a847-1c5c224a0551,,UC,10,02,DUVERGÉ,061002,876725a4effffff
UCJEPS:UC:UC1954511,4857240833,Dendropemon picardae,Dendropemon picardae Krug & Urb.,Loranthaceae,Dendropemon,SPECIES,PRESERVED_SPECIMEN,1983-09-08,1983,-71.7,18.333333,NA,83a49751-4282-481e-a847-1c5c224a0551,,UC,10,02,DUVERGÉ,061002,876725a06ffffff
UCJEPS:UC:UC1959723,4856864164,Arceuthobium bicarinatum,Arceuthobium bicarinatum Urb.,Viscaceae,Arceuthobium,SPECIES,PRESERVED_SPECIMEN,1985-03-19/1985-03-20,1985,-71.55,18.266667,NA,83a49751-4282-481e-a847-1c5c224a0551,,UC,10,02,DUVERGÉ,061002,876725a62ffffff
UCJEPS:UC:UC1960005,4856543245,Dendrophthora cupressoides,Dendrophthora cupressoides (Griseb.) Eichler,Viscaceae,Dendrophthora,SPECIES,PRESERVED_SPECIMEN,1985-03-17,1985,-71.5,18.233333,NA,83a49751-4282-481e-a847-1c5c224a0551,,UC,10,02,DUVERGÉ,061002,876725a68ffffff
UCJEPS:UC:UC1963041,4856876304,Phoradendron mucronatum,Phoradendron mucronatum (DC.) Krug & Urb.,Viscaceae,Phoradendron,SPECIES,PRESERVED_SPECIMEN,1983-08-17,1983,-71.533333,18.341667,NA,83a49751-4282-481e-a847-1c5c224a0551,,UC,10,02,DUVERGÉ,061002,876725b4effffff
a054bde5-ab92-4c12-8689-ee389e0242c2,1930032101,Cestrum mononeurum,Cestrum mononeurum Urb. & Ekman,Solanaceae,Cestrum,SPECIES,PRESERVED_SPECIMEN,1987-01-25,1987,-71.53,18.2,NA,d415c253-4d61-4459-9d25-4015b9084fb0,NY,NY,10,02,DUVERGÉ,061002,876725a48ffffff
a163f3b2-2a08-439e-9223-d437dddf883b,1930046539,Rhynchostegium serrulatum,Rhynchostegium serrulatum (Hedw.) A.Jaeger,Brachytheciaceae,Rhynchostegium,SPECIES,PRESERVED_SPECIMEN,1981-03-21,1981,-71.63,18.35,NA,d415c253-4d61-4459-9d25-4015b9084fb0,NY,NY,10,02,DUVERGÉ,061002,876725a21ffffff
a19ce78d-47a0-4abf-83eb-36237ec08d7c,4089039333,Polystichum ekmanii,Polystichum ekmanii Maxon,Dryopteridaceae,Polystichum,SPECIES,PRESERVED_SPECIMEN,2018-06-27,2018,-71.698278,18.285889,NA,b89d52a2-861d-4388-adad-c0da3d55fc78,UF,,10,02,DUVERGÉ,061002,876725a18ffffff
a19d78c7-db5a-433d-82ee-3f1399f3233f,1930049380,Botrypus virginianus,Botrychium virginianum (L.) Sw.,Ophioglossaceae,Botrypus,SPECIES,PRESERVED_SPECIMEN,1985-05-08,1985,-71.47,18.23,NA,d415c253-4d61-4459-9d25-4015b9084fb0,NY,NY,10,02,DUVERGÉ,061002,874cd669affffff
a1db653a-cde5-4c86-bff7-e2d61b1c9790,1846483027,Miconia scalpta,"Miconia scalpta (Vent.) Ionta, Judd & Skean",Melastomataceae,Miconia,SPECIES,PRESERVED_SPECIMEN,2016-02-04,2016,-71.69344,18.30459,NA,3c59bd42-7bfd-421b-8da4-275780390e4c,DES,,10,02,DUVERGÉ,061002,876725a1cffffff
a1e2685a-dd1c-4e6f-a108-2d1b088fc513,1930053278,Hymenophyllum Sm.,Hymenophyllum Sm.,Hymenophyllaceae,Hymenophyllum,GENUS,PRESERVED_SPECIMEN,1985-03-19,1985,-71.53,18.2,NA,d415c253-4d61-4459-9d25-4015b9084fb0,NY,NY,10,02,DUVERGÉ,061002,876725a48ffffff
a26f27e9-ece9-4f18-a667-1ef95db14735,1989206820,Mascagnia paniculata,Mascagnia paniculata (Mill.) W.R.Anderson & C.Davis,Malpighiaceae,Mascagnia,SPECIES,PRESERVED_SPECIMEN,2000-06-30,2000,-71.64955,18.351267,NA,c8d12f8a-7e39-4e2c-92d7-825d590ad15b,MICH,Angiosperms,10,02,DUVERGÉ,061002,876725a23ffffff
a2920898-64d9-48f6-a768-31973dacc145,1930066827,Ageratina illita,Ageratina illita (Urb.) R.M.King & H.Rob.,Asteraceae,Ageratina,SPECIES,PRESERVED_SPECIMEN,1983-08-18,1983,-71.72,18.2917,NA,d415c253-4d61-4459-9d25-4015b9084fb0,NY,NY,10,02,DUVERGÉ,061002,876725a1effffff
a2cc021e-8801-4eb5-bc17-1894dd697b9c,5132793715,Pilea frutescens,Pilea frutescens Urb.,Urticaceae,Pilea,SPECIES,PRESERVED_SPECIMEN,2014-08-14,2014,-71.70586,18.30853,NA,d415c253-4d61-4459-9d25-4015b9084fb0,NY,NY,10,02,DUVERGÉ,061002,876725a11ffffff
a3034bd1-07f9-472e-b7e4-747eaf47ee82,4598146371,Isidorea pungens,Isidorea pungens (Lam.) B.L.Rob.,Rubiaceae,Isidorea,SPECIES,PRESERVED_SPECIMEN,2021-05-25,2021,-71.56903,18.29776,NA,b89d52a2-861d-4388-adad-c0da3d55fc78,UF,,10,02,DUVERGÉ,061002,876725b5bffffff
a31ab7bc-aa86-41ce-86b3-713b17a71994,1930073390,Campyloneurum amphostenon,Campyloneurum amphostenon (Kunze ex Klotzsch) Fée,Polypodiaceae,Campyloneurum,SPECIES,PRESERVED_SPECIMEN,1983-08-18,1983,-71.7083,18.3,NA,d415c253-4d61-4459-9d25-4015b9084fb0,NY,NY,10,02,DUVERGÉ,061002,876725a1cffffff
a347c672-0f4a-4e1b-863b-0d5fd0608d95,2573051335,Pityrogramma ebenea,Pityrogramma ebenea (L.) Proctor,Pteridaceae,Pityrogramma,SPECIES,PRESERVED_SPECIMEN,2018-12-08,2018,-71.708,18.317,NA,e42c4be9-dc6d-466b-8df2-60ac8c47fadd,VT,,10,02,DUVERGÉ,061002,876725a02ffffff
a367bb1a-2446-4cf6-90b9-a26a2fd18b1b,1457799545,Polystichum muricatum,Polystichum muricatum (L.) Fée,Dryopteridaceae,Polystichum,SPECIES,PRESERVED_SPECIMEN,2004-04-23,2004,-71.533889,18.206389,NA,b89d52a2-861d-4388-adad-c0da3d55fc78,UF,,10,02,DUVERGÉ,061002,876725a4effffff
a3f4c0e1-a075-4f53-9c8c-d5a919eef410,1930087087,Meteorium deppei,Meteorium deppei (Hornsch. ex Müll. Hal.) Mitt.,Meteoriaceae,Meteorium,SPECIES,PRESERVED_SPECIMEN,1987-01-24,1987,-71.55,18.27,NA,d415c253-4d61-4459-9d25-4015b9084fb0,NY,NY,10,02,DUVERGÉ,061002,876725a62ffffff
a4226bc4-9fe8-4f8f-85d4-39c80149e294,1930089604,Philonotis uncinata,Philonotis uncinata (Schwägr.) Brid.,Bartramiaceae,Philonotis,SPECIES,PRESERVED_SPECIMEN,1981-03-21,1981,-71.63,18.35,NA,d415c253-4d61-4459-9d25-4015b9084fb0,NY,NY,10,02,DUVERGÉ,061002,876725a21ffffff
a459bbf0-d700-4f1f-b9ae-ec08cf575068,1930091067,Hymenophyllum Sm.,Hymenophyllum Sm.,Hymenophyllaceae,Hymenophyllum,GENUS,PRESERVED_SPECIMEN,1985-03-17,1985,-71.5,18.23,NA,d415c253-4d61-4459-9d25-4015b9084fb0,NY,NY,10,02,DUVERGÉ,061002,876725a68ffffff
a4e8475d-cdbe-4420-924a-1e93e4c87f7f,1930098861,Palamocladium leskeoides,Palamocladium leskeoides (Hook.) E. Britton,Brachytheciaceae,Palamocladium,SPECIES,PRESERVED_SPECIMEN,1981-03-21,1981,-71.7,18.32,NA,d415c253-4d61-4459-9d25-4015b9084fb0,NY,NY,10,02,DUVERGÉ,061002,876725a02ffffff
a4eafdff-c587-43ab-8b45-082ff26807ea,1930099255,Polytaenium lineatum,Polytaenium lineatum (Sw.) J.Sm.,Pteridaceae,Polytaenium,SPECIES,PRESERVED_SPECIMEN,1983-08-18,1983,-71.708333,18.3,NA,d415c253-4d61-4459-9d25-4015b9084fb0,NY,NY,10,02,DUVERGÉ,061002,876725a1cffffff
a5f0d3ab-1bfc-4573-821e-f9edd347a56b,5135261318,Miconia scalpta,"Miconia scalpta (Vent.) Ionta, Judd & Skean",Melastomataceae,Miconia,SPECIES,PRESERVED_SPECIMEN,2016-02-04,2016,-71.69344,18.30459,NA,b89d52a2-861d-4388-adad-c0da3d55fc78,UF,,10,02,DUVERGÉ,061002,876725a1cffffff
a651a801-fd24-4b07-a893-ea8beb6767c3,1930118710,Trichostomum involutum,Weissia veviridis R.H. Zander,Pottiaceae,Trichostomum,SPECIES,PRESERVED_SPECIMEN,1981-03-21,1981,-71.7,18.28,NA,d415c253-4d61-4459-9d25-4015b9084fb0,NY,NY,10,02,DUVERGÉ,061002,876725a18ffffff
a669c790-46db-488f-8511-410c756a1380,5106968393,Crossopetalum rhacoma,Crossopetalum rhacoma Crantz,Celastraceae,Crossopetalum,SPECIES,PRESERVED_SPECIMEN,2021-05-25,2021,-71.57003,18.29049,NA,b89d52a2-861d-4388-adad-c0da3d55fc78,UF,,10,02,DUVERGÉ,061002,876725a75ffffff
a677446d-2468-4ed6-ad6c-400711996fbd,1930123155,Pleopeltis thyssanolepis,Polypodium thyssanolepis A.Br. ex Klotzsch,Polypodiaceae,Pleopeltis,SPECIES,PRESERVED_SPECIMEN,1985-05-09,1985,-71.57,18.28,NA,d415c253-4d61-4459-9d25-4015b9084fb0,NY,NY,10,02,DUVERGÉ,061002,876725a75ffffff
a6b2cc6a-400e-46f6-8d1b-88dd52f35b33,1930123926,Psidium bahorucanum,Psidium bahorucanum Alain & R.G.García,Myrtaceae,Psidium,SPECIES,PRESERVED_SPECIMEN,1993-03-24,1993,-71.5,18.2514,NA,d415c253-4d61-4459-9d25-4015b9084fb0,NY,NY,10,02,DUVERGÉ,061002,876725a6cffffff
a6cf3614-dffb-497f-bb4a-3bab0b5392bf,1930127640,Cryptopapillaria penicillata,Cryptopapillaria penicillata (Dozy & Molk.) M. Menzel,Meteoriaceae,Cryptopapillaria,SPECIES,PRESERVED_SPECIMEN,1981-03-21,1981,-71.7,18.28,NA,d415c253-4d61-4459-9d25-4015b9084fb0,NY,NY,10,02,DUVERGÉ,061002,876725a18ffffff
a714984e-c813-4586-a653-afa67a68c106,1930129346,Campylium chrysophyllum,Campyliadelphus chrysophyllus (Brid.) Kanda,Amblystegiaceae,Campylium,SPECIES,PRESERVED_SPECIMEN,1981-03-21,1981,-71.7,18.28,NA,d415c253-4d61-4459-9d25-4015b9084fb0,NY,NY,10,02,DUVERGÉ,061002,876725a18ffffff
a776fbe1-25fb-4256-8c43-703d57acaf99,1930138724,Asplenium squamosum,Asplenium squamosum L.,Aspleniaceae,Asplenium,SPECIES,PRESERVED_SPECIMEN,1985-03-17,1985,-71.5,18.23,NA,d415c253-4d61-4459-9d25-4015b9084fb0,NY,NY,10,02,DUVERGÉ,061002,876725a68ffffff
a784f88a-a17e-4a11-899b-cbb90a56d3ac,1930135949,Sideroxylon L.,Sideroxylon L.,Sapotaceae,Sideroxylon,GENUS,PRESERVED_SPECIMEN,1987-01-24,1987,-71.55,18.27,NA,d415c253-4d61-4459-9d25-4015b9084fb0,NY,NY,10,02,DUVERGÉ,061002,876725a62ffffff
a7863cca-99f7-4baf-80b6-194bbd791850,1930135461,Myrsine nubicola,Myrsine nubicola Alain,Primulaceae,Myrsine,SPECIES,PRESERVED_SPECIMEN,1985-03-16,1985,-71.57,18.32,NA,d415c253-4d61-4459-9d25-4015b9084fb0,NY,NY,10,02,DUVERGÉ,061002,876725b58ffffff
a7bc9b0a-2dbf-40d4-80ba-21d31e9919f4,1930142836,Trema micranthum,Trema micranthum (L.) Blume,Cannabaceae,Trema,SPECIES,PRESERVED_SPECIMEN,1983-08-18,1983,-71.7083,18.3,NA,d415c253-4d61-4459-9d25-4015b9084fb0,NY,NY,10,02,DUVERGÉ,061002,876725a1cffffff
a7e0532b-b0a4-42cf-9d88-f72438dd26d7,1930140039,Comocladia dentata,Comocladia dentata Jacq.,Anacardiaceae,Comocladia,SPECIES,PRESERVED_SPECIMEN,1983-08-17,1983,-71.67,18.325,NA,d415c253-4d61-4459-9d25-4015b9084fb0,NY,NY,10,02,DUVERGÉ,061002,876725a00ffffff
a8f9b853-eb5b-45a3-9557-c5ae67d89e5e,1930155959,Macromitrium microstomum,Macromitrium microstomum (Hook. & Grev.) Schwägr.,Orthotrichaceae,Macromitrium,SPECIES,PRESERVED_SPECIMEN,1991-09-30,1991,-71.7,18.28,NA,d415c253-4d61-4459-9d25-4015b9084fb0,NY,NY,10,02,DUVERGÉ,061002,876725a18ffffff
a9730449-9c0e-4c99-a40a-bd0846bf7ef4,1930163155,Hippeastrum puniceum,Hippeastrum puniceum (Lam.) Kuntze,Amaryllidaceae,Hippeastrum,SPECIES,PRESERVED_SPECIMEN,1985-03-26,1985,-71.7,18.33,NA,d415c253-4d61-4459-9d25-4015b9084fb0,NY,NY,10,02,DUVERGÉ,061002,876725a06ffffff
a97d0e4b-973b-48db-922d-5f788b6f9b93,1930163680,Poitea paucifolia,Poitea paucifolia (DC.) Lavin,Fabaceae,Poitea,SPECIES,PRESERVED_SPECIMEN,1985-05-10,1985,-71.57,18.3,NA,d415c253-4d61-4459-9d25-4015b9084fb0,NY,NY,10,02,DUVERGÉ,061002,876725b5bffffff
a980f378-92f1-4844-a596-9770351312d8,3855498285,Phlegmariurus pithyoides,Phlegmariurus pithyoides (Schltdl. & Cham.) B.Øllg.,Lycopodiaceae,Phlegmariurus,SPECIES,PRESERVED_SPECIMEN,1983-09-09,1983,-71.7167,18.3,NA,b89d52a2-861d-4388-adad-c0da3d55fc78,UF,,10,02,DUVERGÉ,061002,876725a1effffff
a9b71573-c47d-4778-8f55-a4825f588a4e,1930167102,Chryso-hypnum diminutivum,Chryso-hypnum diminutivum (Hampe) W.R. Buck,Hypnaceae,Chryso-hypnum,SPECIES,PRESERVED_SPECIMEN,1981-03-21,1981,-71.63,18.35,NA,d415c253-4d61-4459-9d25-4015b9084fb0,NY,NY,10,02,DUVERGÉ,061002,876725a21ffffff
aa902261-69b7-47b1-9a5e-090388e3d6cf,5135259328,Guettarda saxicola,Guettarda saxicola Urb.,Rubiaceae,Guettarda,SPECIES,PRESERVED_SPECIMEN,2016-11-23,2016,-71.5685,18.28625,NA,b89d52a2-861d-4388-adad-c0da3d55fc78,UF,,10,02,DUVERGÉ,061002,876725a75ffffff
aa9c5847-c08c-49ac-97f8-cffaebeb86c5,1930179578,Thelia hirtella,Thelia hirtella (Hedw.) Sull.,Theliaceae,Thelia,SPECIES,PRESERVED_SPECIMEN,1987-01-24,1987,-71.52,18.3,NA,d415c253-4d61-4459-9d25-4015b9084fb0,NY,NY,10,02,DUVERGÉ,061002,876725b4bffffff
ab39db2d-4b8e-4177-a3b8-075583301add,1930188113,Tortella humilis,Tortella humilis (Hedw.) Jenn.,Pottiaceae,Tortella,SPECIES,PRESERVED_SPECIMEN,1981-03-21,1981,-71.63,18.35,NA,d415c253-4d61-4459-9d25-4015b9084fb0,NY,NY,10,02,DUVERGÉ,061002,876725a21ffffff
ab58239f-fd72-4e99-90e7-dff5e9279d0c,1930189553,Funaria calvescens,Funaria calvescens Schwägr.,Funariaceae,Funaria,SPECIES,PRESERVED_SPECIMEN,1987-01-25,1987,-71.55,18.23,NA,d415c253-4d61-4459-9d25-4015b9084fb0,NY,NY,10,02,DUVERGÉ,061002,876725a40ffffff
abcc31e3-083a-4192-b944-c98d1cead7dc,1930196155,Asplenium resiliens,Asplenium resiliens Kunze,Aspleniaceae,Asplenium,SPECIES,PRESERVED_SPECIMEN,1983-08-18,1983,-71.7,18.3,NA,d415c253-4d61-4459-9d25-4015b9084fb0,NY,NY,10,02,DUVERGÉ,061002,876725a1cffffff
abf98471-e8ea-41f1-bf8c-6bbdea2a024d,1930198699,Frangula sphaerosperma,Rhamnus sphaerosperma Sw.,Rhamnaceae,Frangula,SPECIES,PRESERVED_SPECIMEN,1985-05-09,1985,-71.5,18.23,NA,d415c253-4d61-4459-9d25-4015b9084fb0,NY,NY,10,02,DUVERGÉ,061002,876725a68ffffff
aca0be7b-49be-4717-bea5-5fd9f3398a35,1930208210,Elaphoglossum tambillense,Elaphoglossum tambillense (Hook.) T.Moore,Dryopteridaceae,Elaphoglossum,SPECIES,PRESERVED_SPECIMEN,1983-02-23,1983,-71.7167,18.3,NA,d415c253-4d61-4459-9d25-4015b9084fb0,NY,NY,10,02,DUVERGÉ,061002,876725a1effffff
aca29226-b0e3-42e9-a779-4ca5ed1204be,1930208421,Rhynchostegium serrulatum,Rhynchostegium serrulatum (Hedw.) A.Jaeger,Brachytheciaceae,Rhynchostegium,SPECIES,PRESERVED_SPECIMEN,1981-03-21,1981,-71.63,18.35,NA,d415c253-4d61-4459-9d25-4015b9084fb0,NY,NY,10,02,DUVERGÉ,061002,876725a21ffffff
acc55ab8-c602-4ec1-bbaa-e577062fc7cc,4079747717,Elekmania buchii,Elekmania buchii (Urb.) B.Nord.,Asteraceae,Elekmania,SPECIES,PRESERVED_SPECIMEN,1958-08-22,1958,-71.71555,18.28989,348,3b040a48-deae-485c-95b1-2ac80b7fdc54,IIBZ,USD,10,02,DUVERGÉ,061002,876725a1effffff
acde7dfc-6eab-4588-97f5-f56a05854672,1930211666,Hydrogonium arcuatum,Barbula arcuata Griff.,Pottiaceae,Hydrogonium,SPECIES,PRESERVED_SPECIMEN,1981-03-21,1981,-71.55,18.35,NA,d415c253-4d61-4459-9d25-4015b9084fb0,NY,NY,10,02,DUVERGÉ,061002,876725b43ffffff
ad0e30b7-7d97-4d53-bb0e-22e55333e1b9,1930214603,Pohlia apolensis,Pohlia richardsii A.J. Shaw,Mniaceae,Pohlia,SPECIES,PRESERVED_SPECIMEN,1981-03-21,1981,-71.7,18.32,NA,d415c253-4d61-4459-9d25-4015b9084fb0,NY,NY,10,02,DUVERGÉ,061002,876725a02ffffff
ae54c160-9953-4b80-a552-849570ab640b,1930232503,Croton discolor,Croton discolor Willd.,Euphorbiaceae,Croton,SPECIES,PRESERVED_SPECIMEN,1980-07-03,1980,-71.57,18.4,NA,d415c253-4d61-4459-9d25-4015b9084fb0,NY,NY,10,02,DUVERGÉ,061002,876725b70ffffff
ae732664-f9a6-4ff0-8ee5-32d399cef2a9,1930233923,Reynosia uncinata,Reynosia uncinata Urb.,Rhamnaceae,Reynosia,SPECIES,PRESERVED_SPECIMEN,1985-05-09,1985,-71.57,18.28,NA,d415c253-4d61-4459-9d25-4015b9084fb0,NY,NY,10,02,DUVERGÉ,061002,876725a75ffffff
ae759956-49b5-48c0-8f70-e1483d6598d2,4166230760,Erythroxylum rotundifolium,Erythroxylum rotundifolium Lunan,Erythroxylaceae,Erythroxylum,SPECIES,PRESERVED_SPECIMEN,2009-04-25,2009,-71.535067,18.353617,NA,89c53edb-0fac-4118-bdc0-d70ca50953dc,DBG,KHD,10,02,DUVERGÉ,061002,876725b41ffffff
af091f24-c0f0-44bb-b169-137101fbb5b6,1930242005,Ptychomitrium indicum,Barbula indica (Willd. ex Schrad.) Spreng.,Ptychomitriaceae,Ptychomitrium,SPECIES,PRESERVED_SPECIMEN,1981-03-21,1981,-71.7,18.32,NA,d415c253-4d61-4459-9d25-4015b9084fb0,NY,NY,10,02,DUVERGÉ,061002,876725a02ffffff
afa11893-1733-4796-8cf4-9582ce9f5cd5,1930252672,Tolumnia variegata,Tolumnia variegata (Sw.) Braem,Orchidaceae,Tolumnia,SPECIES,PRESERVED_SPECIMEN,1985-05-09,1985,-71.5,18.23,NA,d415c253-4d61-4459-9d25-4015b9084fb0,NY,NY,10,02,DUVERGÉ,061002,876725a68ffffff
afe587a0-c39a-4f28-bade-a3f0a9c05abf,1930253811,Cryptopapillaria penicillata,Cryptopapillaria penicillata (Dozy & Molk.) M. Menzel,Meteoriaceae,Cryptopapillaria,SPECIES,PRESERVED_SPECIMEN,1987-01-24,1987,-71.55,18.27,NA,d415c253-4d61-4459-9d25-4015b9084fb0,NY,NY,10,02,DUVERGÉ,061002,876725a62ffffff
b09abf30-58ad-48d3-b576-44caa4291da5,1930267367,Didymodon rigidulus,Didymodon rigidulus Hedw.,Pottiaceae,Didymodon,SPECIES,PRESERVED_SPECIMEN,1987-01-25,1987,-71.6,18.25,NA,d415c253-4d61-4459-9d25-4015b9084fb0,NY,NY,10,02,DUVERGÉ,061002,876725a55ffffff
b1f2798f-f74a-4966-9004-b7a24f6ca0e5,2444909388,Croton pachysepalus,Croton pachysepalus Griseb.,Euphorbiaceae,Croton,SPECIES,PRESERVED_SPECIMEN,2010-12-28,2010,-71.566472,18.28275,NA,c8d12f8a-7e39-4e2c-92d7-825d590ad15b,MICH,Angiosperms,10,02,DUVERGÉ,061002,876725a75ffffff
b20034e2-ea4a-4179-b07e-7c299e9c405b,1930284070,Barbellopsis trichophora,Barbellopsis trichophora (Mont.) W.R. Buck,Meteoriaceae,Barbellopsis,SPECIES,PRESERVED_SPECIMEN,1987-01-24,1987,-71.55,18.27,NA,d415c253-4d61-4459-9d25-4015b9084fb0,NY,NY,10,02,DUVERGÉ,061002,876725a62ffffff
b219c599-c226-4d27-9559-499c5ea44111,1930285659,Daphnopsis crassifolia,Daphnopsis crassifolia (Poir.) Meisn.,Thymelaeaceae,Daphnopsis,SPECIES,PRESERVED_SPECIMEN,1985-03-17,1985,-71.5,18.23,NA,d415c253-4d61-4459-9d25-4015b9084fb0,NY,NY,10,02,DUVERGÉ,061002,876725a68ffffff
b2247772-472c-4bd7-b8bc-e7bdd4b84220,5099231352,Carex cubensis,Carex cubensis Kük.,Cyperaceae,Carex,SPECIES,PRESERVED_SPECIMEN,2023-01-24,2023,-71.55607,18.2084,NA,b89d52a2-861d-4388-adad-c0da3d55fc78,UF,,10,02,DUVERGÉ,061002,876725a5dffffff
b25141e7-51bf-4057-9b5d-6e122e9f005e,1930288816,Neckeropsis undulata,Neckeropsis undulata (Hedw.) Reichardt,Neckeraceae,Neckeropsis,SPECIES,PRESERVED_SPECIMEN,1981-03-21,1981,-71.63,18.35,NA,d415c253-4d61-4459-9d25-4015b9084fb0,NY,NY,10,02,DUVERGÉ,061002,876725a21ffffff
b28c574d-1c09-4c52-9ebb-ada0cf9a8ae2,1930292381,Garrya fadyenii,Garrya fadyenii Hook.,Garryaceae,Garrya,SPECIES,PRESERVED_SPECIMEN,1985-05-09,1985,-71.57,18.28,NA,d415c253-4d61-4459-9d25-4015b9084fb0,NY,NY,10,02,DUVERGÉ,061002,876725a75ffffff
b2babb4b-fa2f-11e2-a92b-005056000560,2028314035,Pilotrichella cuspidans,Pilotrichella cuspidans Renauld & Cardot,Lembophyllaceae,Pilotrichella,SPECIES,PRESERVED_SPECIMEN,1983-12-06,1983,-71.701389,18.3,NA,815b2469-2686-4abd-8406-27ebe778a684,DUKE,,10,02,DUVERGÉ,061002,876725a1cffffff
b2de6265-4aec-4100-9f7c-e83a3b477bf9,4443701313,Erythroxylum rotundifolium,Erythroxylum rotundifolium Lunan,Erythroxylaceae,Erythroxylum,SPECIES,PRESERVED_SPECIMEN,2009-04-25,2009,-71.5539,18.3044,NA,89c53edb-0fac-4118-bdc0-d70ca50953dc,DBG,KHD,10,02,DUVERGÉ,061002,876725b59ffffff
b2df682c-1b4b-4e33-8322-65bb1d07611a,1930296520,Plagiomnium rostratum,Plagiomnium rostratum (Schrad.) T.J. Kop.,Mniaceae,Plagiomnium,SPECIES,PRESERVED_SPECIMEN,1981-03-21,1981,-71.7,18.28,NA,d415c253-4d61-4459-9d25-4015b9084fb0,NY,NY,10,02,DUVERGÉ,061002,876725a18ffffff
b3782f6a-4274-4274-8e04-7c61ae863ea5,1930305755,Fuscocephaloziopsis crassifolia,Fuscocephaloziopsis crassifolia (Lindenb. & Gottsche) Váňa & L. Söderstr.,Cephaloziaceae,Fuscocephaloziopsis,SPECIES,PRESERVED_SPECIMEN,1987-01-25,1987,-71.52,18.27,NA,d415c253-4d61-4459-9d25-4015b9084fb0,NY,NY,10,02,DUVERGÉ,061002,876725a61ffffff
b37bcafe-f37b-487e-994b-9283be96e3cf,1930304845,Ekmaniopappus mikanioides,Ekmaniopappus mikanioides (Urb. & Ekman) Borhidi,Asteraceae,Ekmaniopappus,SPECIES,PRESERVED_SPECIMEN,1985-03-19,1985,-71.53,18.2,NA,d415c253-4d61-4459-9d25-4015b9084fb0,NY,NY,10,02,DUVERGÉ,061002,876725a48ffffff
b38d10fd-37d3-4adb-bc76-3647e31cbe44,1930307443,Asplenium harpeodes,Asplenium harpeodes Kunze,Aspleniaceae,Asplenium,SPECIES,PRESERVED_SPECIMEN,1983-08-18,1983,-71.7083,18.3,NA,d415c253-4d61-4459-9d25-4015b9084fb0,NY,NY,10,02,DUVERGÉ,061002,876725a1cffffff
b3c3732f-19ab-484e-8dde-74d0dfc6a76a,2238706579,Henriettea barkeri,Henriettea barkeri (Urb. & Ekman) Alain,Melastomataceae,Henriettea,SPECIES,PRESERVED_SPECIMEN,2016-02-04,2016,-71.69695,18.30256,NA,b89d52a2-861d-4388-adad-c0da3d55fc78,UF,,10,02,DUVERGÉ,061002,876725a1cffffff
b3ee036b-4428-4c43-9c5e-609b14a49452,1989272112,Niedenzuella sericea,Tetrapterys laurifolia (A.Juss.) Griseb.,Malpighiaceae,Niedenzuella,SPECIES,PRESERVED_SPECIMEN,1993-03-27,1993,-71.5,18.258333,NA,c8d12f8a-7e39-4e2c-92d7-825d590ad15b,MICH,Angiosperms,10,02,DUVERGÉ,061002,876725a6cffffff
b3f64859-6d9b-439c-a0b0-f4a69e8c1937,1930311295,Dichaea trichocarpa,Dichaea trichocarpa (Sw.) Lindl.,Orchidaceae,Dichaea,SPECIES,PRESERVED_SPECIMEN,1983-08-18,1983,-71.7083,18.3,NA,d415c253-4d61-4459-9d25-4015b9084fb0,NY,NY,10,02,DUVERGÉ,061002,876725a1cffffff
b417c636-7ed1-4f1a-a8ef-deb7a540f4dd,1930313187,Frullania Raddi,Frullania Raddi,Frullaniaceae,Frullania,GENUS,PRESERVED_SPECIMEN,1987-01-24,1987,-71.57,18.32,NA,d415c253-4d61-4459-9d25-4015b9084fb0,NY,NY,10,02,DUVERGÉ,061002,876725b58ffffff
b42626e9-2c4a-4234-8f99-b17f205e1880,1930314407,Miconia luteola,Miconia luteola Cogn.,Melastomataceae,Miconia,SPECIES,PRESERVED_SPECIMEN,2016-02-04,2016,-71.69344,18.30459,NA,d415c253-4d61-4459-9d25-4015b9084fb0,NY,NY,10,02,DUVERGÉ,061002,876725a1cffffff
b502bafc-f213-43e1-a9d7-e103c825181a,1930328269,Plumeria subsessilis,Plumeria subsessilis A.DC.,Apocynaceae,Plumeria,SPECIES,PRESERVED_SPECIMEN,1985-05-09,1985,-71.57,18.28,NA,d415c253-4d61-4459-9d25-4015b9084fb0,NY,NY,10,02,DUVERGÉ,061002,876725a75ffffff
b5523b6b-2a27-49bc-951e-ec04f5554dd9,1930330956,Chaptalia angustata,Chaptalia angustata Urb.,Asteraceae,Chaptalia,SPECIES,PRESERVED_SPECIMEN,1985-03-17,1985,-71.5,18.23,NA,d415c253-4d61-4459-9d25-4015b9084fb0,NY,NY,10,02,DUVERGÉ,061002,876725a68ffffff
b60f7cc6-259c-4daf-a1e1-99b204cbacc1,4512927447,Miconia lima,Miconia lima (Desr.) M.Gómez,Melastomataceae,Miconia,SPECIES,PRESERVED_SPECIMEN,2018-06-27,2018,-71.707972,18.308694,NA,b89d52a2-861d-4388-adad-c0da3d55fc78,UF,,10,02,DUVERGÉ,061002,876725a11ffffff
b67090cf-5041-495f-965c-a33c2c44c2d5,1930346283,Miconia turbinata,Calycogonium turbinatum Urb. & Ekman,Melastomataceae,Miconia,SPECIES,PRESERVED_SPECIMEN,2016-02-04,2016,-71.69417,18.32292,NA,d415c253-4d61-4459-9d25-4015b9084fb0,NY,NY,10,02,DUVERGÉ,061002,876725a02ffffff
b74b1ea9-3c21-410f-890e-16019f5a6afb,1930359160,Phlegmariurus linifolius,Lycopodium linifolium L.,Lycopodiaceae,Phlegmariurus,SPECIES,PRESERVED_SPECIMEN,1985-03-17,1985,-71.5,18.23,NA,d415c253-4d61-4459-9d25-4015b9084fb0,NY,NY,10,02,DUVERGÉ,061002,876725a68ffffff
b76a968e-a182-4de5-8de4-2d34be32992a,1930360669,Sophora albopetiolulata,Sophora albopetiolulata Leonard,Fabaceae,Sophora,SPECIES,PRESERVED_SPECIMEN,1985-03-16,1985,-71.55,18.27,NA,d415c253-4d61-4459-9d25-4015b9084fb0,NY,NY,10,02,DUVERGÉ,061002,876725a62ffffff
b7b01ffc-693c-40c4-819b-a2626cbd5118,1930365249,Campylium chrysophyllum,Campyliadelphus chrysophyllus (Brid.) Kanda,Amblystegiaceae,Campylium,SPECIES,PRESERVED_SPECIMEN,1981-03-21,1981,-71.7,18.28,NA,d415c253-4d61-4459-9d25-4015b9084fb0,NY,NY,10,02,DUVERGÉ,061002,876725a18ffffff
b7c0871b-9884-4f16-9cfd-d846b8444197,1930365042,Smilax oblongata,Smilax oblongata Sw.,Smilacaceae,Smilax,SPECIES,PRESERVED_SPECIMEN,1985-05-09,1985,-71.57,18.3,NA,d415c253-4d61-4459-9d25-4015b9084fb0,NY,NY,10,02,DUVERGÉ,061002,876725b5bffffff
b7e8d504-1fa8-4c34-9530-5287726d591e,1930368713,Dichondra sericea,Dichondra sericea Sw.,Convolvulaceae,Dichondra,SPECIES,PRESERVED_SPECIMEN,1987-01-26,1987,-71.47,18.23,NA,d415c253-4d61-4459-9d25-4015b9084fb0,NY,NY,10,02,DUVERGÉ,061002,874cd669affffff
b8846716-0d23-4454-9802-2b677b84b87d,5106970401,Croton pallidus,Croton pallidus Müll.Arg.,Euphorbiaceae,Croton,SPECIES,PRESERVED_SPECIMEN,2021-05-25,2021,-71.56524,18.31735,NA,b89d52a2-861d-4388-adad-c0da3d55fc78,UF,,10,02,DUVERGÉ,061002,876725b58ffffff
b88c46be-c116-43f2-80b5-2749526011ee,1930376453,Solanum crotonoides,Solanum crotonoides Lam.,Solanaceae,Solanum,SPECIES,PRESERVED_SPECIMEN,1985-03-17,1985,-71.5,18.23,NA,d415c253-4d61-4459-9d25-4015b9084fb0,NY,NY,10,02,DUVERGÉ,061002,876725a68ffffff
b8bb5d02-8741-425c-abf4-8d647bb25b88,1930379320,Prionodon densus,Prionodon densus (Sw. ex Hedw.) Müll. Hal.,Prionodontaceae,Prionodon,SPECIES,PRESERVED_SPECIMEN,1981-03-21,1981,-71.7,18.28,NA,d415c253-4d61-4459-9d25-4015b9084fb0,NY,NY,10,02,DUVERGÉ,061002,876725a18ffffff
b8d6213a-6f93-492f-a4e8-0a9ac51d2d2e,1930380499,Jacquinia berteroi,Jacquinia berteroi Spreng.,Primulaceae,Jacquinia,SPECIES,PRESERVED_SPECIMEN,1980-07-03,1980,-71.57,18.4,NA,d415c253-4d61-4459-9d25-4015b9084fb0,NY,NY,10,02,DUVERGÉ,061002,876725b70ffffff
b96ea83e-44fa-495c-8a03-5dd11fac3f6d,1930389175,Pogonatum tortile,Pogonatum tortile (Sw.) Brid.,Polytrichaceae,Pogonatum,SPECIES,PRESERVED_SPECIMEN,1981-03-21,1981,-71.7,18.28,NA,d415c253-4d61-4459-9d25-4015b9084fb0,NY,NY,10,02,DUVERGÉ,061002,876725a18ffffff
ba2cdfb5-da20-48e5-9a5c-d38cfa8f61fe,1930399697,Elaphoglossum erinaceum,Elaphoglossum erinaceum (Fée) T.Moore,Dryopteridaceae,Elaphoglossum,SPECIES,PRESERVED_SPECIMEN,1983-02-22,1983,-71.7167,18.3,NA,d415c253-4d61-4459-9d25-4015b9084fb0,NY,NY,10,02,DUVERGÉ,061002,876725a1effffff
ba493eaa-686f-4b49-af1e-7650d1f6f663,1930401496,Lejeunea flava,Lejeunea cordiflora Spruce,Lejeuneaceae,Lejeunea,SPECIES,PRESERVED_SPECIMEN,1987-01-24,1987,-71.55,18.27,NA,d415c253-4d61-4459-9d25-4015b9084fb0,NY,NY,10,02,DUVERGÉ,061002,876725a62ffffff
ba5a1b7a-7669-4076-b0f9-c40b294537ff,1457807362,Pecluma pectinata,Pecluma pectinata (L.) M.G.Price,Polypodiaceae,Pecluma,SPECIES,PRESERVED_SPECIMEN,2004-04-23,2004,-71.533889,18.206389,NA,b89d52a2-861d-4388-adad-c0da3d55fc78,UF,,10,02,DUVERGÉ,061002,876725a4effffff
badcd49b-e674-479f-b9d7-fa962cb147fc,2573053755,Polystichum ekmanii,Polystichum ekmanii Maxon,Dryopteridaceae,Polystichum,SPECIES,PRESERVED_SPECIMEN,2018-12-08,2018,-71.70826,18.31668,NA,e42c4be9-dc6d-466b-8df2-60ac8c47fadd,VT,,10,02,DUVERGÉ,061002,876725a02ffffff
bae34655-264c-4cc3-bfcd-6b594a661dda,1930409933,Myrsine nubicola,Myrsine nubicola Alain,Primulaceae,Myrsine,SPECIES,PRESERVED_SPECIMEN,1985-03-18,1985,-71.52,18.2,NA,d415c253-4d61-4459-9d25-4015b9084fb0,NY,NY,10,02,DUVERGÉ,061002,876725a48ffffff
bae5ca7e-9277-4256-81d3-d4860ebe7577,1930410635,Orthostichella hexasticha,Orthostichella hexasticha (Schwägr.) W.R. Buck,Orthostichellaceae,Orthostichella,SPECIES,PRESERVED_SPECIMEN,2006-06-03,2006,-71.53431,18.20617,NA,d415c253-4d61-4459-9d25-4015b9084fb0,NY,NY,10,02,DUVERGÉ,061002,876725a4effffff
baf1434a-2f6f-4102-9cf6-a9883e0f4bdd,1930410538,Isochilus linearis,Isochilus linearis (Jacq.) R.Br.,Orchidaceae,Isochilus,SPECIES,PRESERVED_SPECIMEN,1985-05-09,1985,-71.57,18.28,NA,d415c253-4d61-4459-9d25-4015b9084fb0,NY,NY,10,02,DUVERGÉ,061002,876725a75ffffff
bafd297a-dab8-4ad6-9c71-82f53e4e1cf5,1930411306,Pilotrichella flexilis,Pilotrichella flexilis (Hedw.) Ångstr.,Lembophyllaceae,Pilotrichella,SPECIES,PRESERVED_SPECIMEN,1981-03-21,1981,-71.7,18.32,NA,d415c253-4d61-4459-9d25-4015b9084fb0,NY,NY,10,02,DUVERGÉ,061002,876725a02ffffff
bb2272b7-9f10-4702-b82d-b86c81223a22,1930413778,Bursera glauca,Bursera glauca Griseb.,Burseraceae,Bursera,SPECIES,PRESERVED_SPECIMEN,2001-08-22,2001,-71.53658,18.34161,NA,d415c253-4d61-4459-9d25-4015b9084fb0,NY,NY,10,02,DUVERGÉ,061002,876725b43ffffff
bb39d9fb-a777-43db-ada7-e15bacc0c757,1930414823,Thelypteris Schmidel,Thelypteris Schmidel,Thelypteridaceae,Thelypteris,GENUS,PRESERVED_SPECIMEN,1985-03-17,1985,-71.5,18.23,NA,d415c253-4d61-4459-9d25-4015b9084fb0,NY,NY,10,02,DUVERGÉ,061002,876725a68ffffff
bb781c8d-bf72-4ed3-8cf7-93f52d5e24c4,1846559758,Leptocereus paniculatus,Leptocereus paniculatus (Lam.) D.R.Hunt,Cactaceae,Leptocereus,SPECIES,PRESERVED_SPECIMEN,2016-02-05,2016,-71.65288,18.41222,NA,3c59bd42-7bfd-421b-8da4-275780390e4c,DES,,10,02,DUVERGÉ,061002,876725b0effffff
bbb3096d-f7fd-4db7-a11f-14fb048da69f,1930421597,Elekmania haitiensis,Elekmania haitiensis (Krug & Urb.) B.Nord.,Asteraceae,Elekmania,SPECIES,PRESERVED_SPECIMEN,1987-01-24,1987,-71.57,18.32,NA,d415c253-4d61-4459-9d25-4015b9084fb0,NY,NY,10,02,DUVERGÉ,061002,876725b58ffffff
bbcf2d52-3e04-4549-8211-d234ea7704c4,5029135829,Polystichum platyphyllum,Polystichum hottense C.Chr.,Dryopteridaceae,Polystichum,SPECIES,PRESERVED_SPECIMEN,2023-01-24,2023,-71.53416,18.20755,NA,b89d52a2-861d-4388-adad-c0da3d55fc78,UF,,10,02,DUVERGÉ,061002,876725a4effffff
bbfa27f0-c2a6-4508-ba89-cf416423c747,1930425058,Tillandsia selleana,Tillandsia selleana Harms,Bromeliaceae,Tillandsia,SPECIES,PRESERVED_SPECIMEN,1985-03-18,1985,-71.52,18.2,NA,d415c253-4d61-4459-9d25-4015b9084fb0,NY,NY,10,02,DUVERGÉ,061002,876725a48ffffff
bcaa5455-f938-4683-8807-71e4cdfcae50,1930435205,Brachythecium ruderale,Brachythecium ruderale (Brid.) W.R. Buck,Brachytheciaceae,Brachythecium,SPECIES,PRESERVED_SPECIMEN,1981-03-21,1981,-71.63,18.35,NA,d415c253-4d61-4459-9d25-4015b9084fb0,NY,NY,10,02,DUVERGÉ,061002,876725a21ffffff
bcca901b-1089-4d83-ab31-c1eb91afa44a,1930437028,Oxalis latifolia,Oxalis latifolia subsp. latifolia,Oxalidaceae,Oxalis,SUBSPECIES,PRESERVED_SPECIMEN,1985-05-09,1985,-71.57,18.28,NA,d415c253-4d61-4459-9d25-4015b9084fb0,NY,NY,10,02,DUVERGÉ,061002,876725a75ffffff
bdab9b3f-0a9b-4f11-a6d6-13b84451c0ca,1930449267,Prionodon densus,Prionodon densus (Sw. ex Hedw.) Müll. Hal.,Prionodontaceae,Prionodon,SPECIES,PRESERVED_SPECIMEN,1981-03-21,1981,-71.7,18.32,NA,d415c253-4d61-4459-9d25-4015b9084fb0,NY,NY,10,02,DUVERGÉ,061002,876725a02ffffff
be37475a-da74-4596-8ca3-9543f205379b,1930456740,Rhynchostegium serrulatum,Rhynchostegium serrulatum (Hedw.) A.Jaeger,Brachytheciaceae,Rhynchostegium,SPECIES,PRESERVED_SPECIMEN,1981-03-21,1981,-71.7,18.32,NA,d415c253-4d61-4459-9d25-4015b9084fb0,NY,NY,10,02,DUVERGÉ,061002,876725a02ffffff
bf46ebd4-3715-48e1-afd7-b276cff562e3,1930471706,Mucura globulifera,Dennstaedtia globulifera (Poir.) Hieron.,Dennstaedtiaceae,Mucura,SPECIES,PRESERVED_SPECIMEN,1985-03-19,1985,-71.53,18.2,NA,d415c253-4d61-4459-9d25-4015b9084fb0,NY,NY,10,02,DUVERGÉ,061002,876725a48ffffff
bf4e2893-2606-4196-906b-5cbba1dd3944,1930472019,Parapolystichum confine,Lastreopsis confinis (C.Chr.) Greuter & R.Rankin,Dryopteridaceae,Parapolystichum,SPECIES,PRESERVED_SPECIMEN,1983-08-18,1983,-71.7083,18.3,NA,d415c253-4d61-4459-9d25-4015b9084fb0,NY,NY,10,02,DUVERGÉ,061002,876725a1cffffff
bf6f11f7-3274-40a6-8b46-71ee183ea8b0,1930473913,Calliandra haematomma,Calliandra haematomma var. haematomma,Fabaceae,Calliandra,VARIETY,PRESERVED_SPECIMEN,1985-05-09,1985,-71.57,18.28,NA,d415c253-4d61-4459-9d25-4015b9084fb0,NY,NY,10,02,DUVERGÉ,061002,876725a75ffffff
bf810e6a-85af-41e6-a775-827efa265f98,1304593316,Solanum crotonoides,Solanum crotonoides Lam.,Solanaceae,Solanum,SPECIES,OCCURRENCE,2003-04-17,2003,-71.697222,18.306389,NA,07044577-bd82-4089-9f3a-f4a9d2170b2e,Bioversity,,10,02,DUVERGÉ,061002,876725a1cffffff
bfc27a05-d286-4a62-9344-764ff5f993d6,1930479319,Hymenostylium recurvirostrum,Hymenostylium recurvirostrum (Hedw.) Dixon,Pottiaceae,Hymenostylium,SPECIES,PRESERVED_SPECIMEN,1981-03-21,1981,-71.7,18.32,NA,d415c253-4d61-4459-9d25-4015b9084fb0,NY,NY,10,02,DUVERGÉ,061002,876725a02ffffff
bff56943-a77a-4312-a871-e3e65c95b6bb,1930482007,Ilex macfadyenii,Ilex macfadyenii subsp. macfadyenii,Aquifoliaceae,Ilex,SUBSPECIES,PRESERVED_SPECIMEN,1985-05-09,1985,-71.5,18.23,NA,d415c253-4d61-4459-9d25-4015b9084fb0,NY,NY,10,02,DUVERGÉ,061002,876725a68ffffff
c0033b92-3517-44eb-bbed-a0ec886138ec,1930482130,Chromolaena sinuata,Chromolaena sinuata (Lam.) R.M.King & H.Rob.,Asteraceae,Chromolaena,SPECIES,PRESERVED_SPECIMEN,1987-08-27,1987,-71.52,18.2,NA,d415c253-4d61-4459-9d25-4015b9084fb0,NY,NY,10,02,DUVERGÉ,061002,876725a48ffffff
c031f2ad-b992-43aa-b003-0ac95a9ef145,1930484825,Chionoloma angustatum,Chionoloma angustatum (Mitt.) M. Menzel,Pottiaceae,Chionoloma,SPECIES,PRESERVED_SPECIMEN,1981-03-21,1981,-71.7,18.32,NA,d415c253-4d61-4459-9d25-4015b9084fb0,NY,NY,10,02,DUVERGÉ,061002,876725a02ffffff
c0522f86-4e15-406f-be52-771a7d111d37,1930486638,Elaphoglossum tambillense,Elaphoglossum tambillense (Hook.) T.Moore,Dryopteridaceae,Elaphoglossum,SPECIES,PRESERVED_SPECIMEN,1983-02-22,1983,-71.7167,18.3,NA,d415c253-4d61-4459-9d25-4015b9084fb0,NY,NY,10,02,DUVERGÉ,061002,876725a1effffff
c05bddd8-06f4-4a9f-b596-d7edad6c3469,1930487369,Miconia lanceolata,Miconia lanceolata (Desr.) DC.,Melastomataceae,Miconia,SPECIES,PRESERVED_SPECIMEN,1983-08-18,1983,-71.7083,18.3,NA,d415c253-4d61-4459-9d25-4015b9084fb0,NY,NY,10,02,DUVERGÉ,061002,876725a1cffffff
c133209a-3d30-42c5-b40f-75b69c32d8f8,1930499334,Rubus L.,Rubus L.,Rosaceae,Rubus,GENUS,PRESERVED_SPECIMEN,1987-01-26,1987,-71.47,18.23,NA,d415c253-4d61-4459-9d25-4015b9084fb0,NY,NY,10,02,DUVERGÉ,061002,874cd669affffff
c170a239-d584-4bc9-95e8-979251a61ba8,1930503291,Zanthoxylum pimpinelloides,Zanthoxylum pimpinelloides (Lam.) DC.,Rutaceae,Zanthoxylum,SPECIES,PRESERVED_SPECIMEN,1985-05-09,1985,-71.57,18.3,NA,d415c253-4d61-4459-9d25-4015b9084fb0,NY,NY,10,02,DUVERGÉ,061002,876725b5bffffff
c204b505-a6e4-4ee8-9517-39853b2458e6,1846482999,Miconia lanceolata,Miconia lanceolata (Desr.) DC.,Melastomataceae,Miconia,SPECIES,PRESERVED_SPECIMEN,2016-02-04,2016,-71.69695,18.30256,NA,3c59bd42-7bfd-421b-8da4-275780390e4c,DES,,10,02,DUVERGÉ,061002,876725a1cffffff
c210bbf6-b3a4-4ac6-9cd7-aa86dc9ef4e5,1457810046,Zanthoxylum tragodes,Zanthoxylum spinifex (Jacq.) DC.,Rutaceae,Zanthoxylum,SPECIES,PRESERVED_SPECIMEN,2006-06-03,2006,-71.534306,18.206167,NA,b89d52a2-861d-4388-adad-c0da3d55fc78,UF,,10,02,DUVERGÉ,061002,876725a4effffff
c2672718-5066-4a0a-811a-45f4162ed1c8,1930516246,Pilotrichella cuspidans,Pilotrichella cuspidans Renauld & Cardot,Lembophyllaceae,Pilotrichella,SPECIES,PRESERVED_SPECIMEN,1981-03-21,1981,-71.7,18.32,NA,d415c253-4d61-4459-9d25-4015b9084fb0,NY,NY,10,02,DUVERGÉ,061002,876725a02ffffff
c2eeb3e1-cb80-4fb2-976b-c07e27d3113f,1930524366,Plagiochila undata,Plagiochila undata Sull.,Plagiochilaceae,Plagiochila,SPECIES,PRESERVED_SPECIMEN,1987-01-24,1987,-71.52,18.3,NA,d415c253-4d61-4459-9d25-4015b9084fb0,NY,NY,10,02,DUVERGÉ,061002,876725b4bffffff
c37c6025-d7d0-4341-8bfd-a59d263da6ae,1930531648,Solanum microphyllum,Solanum microphyllum (Lam.) Dunal,Solanaceae,Solanum,SPECIES,PRESERVED_SPECIMEN,2003-04-17,2003,-71.535,18.348056,NA,d415c253-4d61-4459-9d25-4015b9084fb0,NY,NY,10,02,DUVERGÉ,061002,876725b41ffffff
c3f8d775-f89a-4b0e-bb89-5dda71a341a1,1930538839,Cyclodictyon albicans,Cyclodictyon albicans (Hedw.) Kuntze,Callicostaceae,Cyclodictyon,SPECIES,PRESERVED_SPECIMEN,1981-03-21,1981,-71.7,18.28,NA,d415c253-4d61-4459-9d25-4015b9084fb0,NY,NY,10,02,DUVERGÉ,061002,876725a18ffffff
c4589c2f-9145-43b4-b566-597209dc51e1,1930543740,Lejeunea Lib.,Lejeunea Lib.,Lejeuneaceae,Lejeunea,GENUS,PRESERVED_SPECIMEN,1983-08-18,1983,-71.708333,18.3,NA,d415c253-4d61-4459-9d25-4015b9084fb0,NY,NY,10,02,DUVERGÉ,061002,876725a1cffffff
c49b3135-b8d1-4bb9-8cdf-d20727770c9b,2238706601,Miconia inaequipetiolata,Miconia inaequipetiolata Majure & Judd,Melastomataceae,Miconia,SPECIES,PRESERVED_SPECIMEN,2016-02-04,2016,-71.69556,18.32801,NA,b89d52a2-861d-4388-adad-c0da3d55fc78,UF,,10,02,DUVERGÉ,061002,876725a06ffffff
c4f9c7b0-955e-4ac4-9c84-aae730a0a4f8,2270674224,Eugenia bahorucana,Eugenia bahorucana Alain,Myrtaceae,Eugenia,SPECIES,PRESERVED_SPECIMEN,1993-03-27,1993,-71.5,18.2583,NA,e05fd4c2-4d77-4c50-880e-1b22096af300,ASU,Plants,10,02,DUVERGÉ,061002,876725a6cffffff
c5288483-e711-4728-8b15-dfbc6c6fc24d,1930555072,Bursera glauca,Bursera glauca Griseb.,Burseraceae,Bursera,SPECIES,PRESERVED_SPECIMEN,2008-09-13,2008,-71.5347,18.3531,NA,d415c253-4d61-4459-9d25-4015b9084fb0,NY,NY,10,02,DUVERGÉ,061002,876725b41ffffff
c5561600-10d5-4514-b42b-a1b006ad7fb6,4598143380,Erythroxylum domingense,Erythroxylum domingense Oviedo,Erythroxylaceae,Erythroxylum,SPECIES,PRESERVED_SPECIMEN,2021-05-25,2021,-71.56647,18.28371,NA,b89d52a2-861d-4388-adad-c0da3d55fc78,UF,,10,02,DUVERGÉ,061002,876725a75ffffff
c568a939-1cd4-4e1d-9c7e-1a196377daa8,6158968129,Diospyros crassinervis,Diospyros crassinervis subsp. urbaniana (Leonard) Alain,Ebenaceae,Diospyros,SUBSPECIES,PRESERVED_SPECIMEN,2001-06-14,2001,-71.568467,18.285567,NA,cd096ec0-a8a0-4c65-92cc-48b00fb934ce,TEX,TEX,10,02,DUVERGÉ,061002,876725a75ffffff
c5cfca18-6a9c-4270-bcd9-080250cb1fe2,1930564469,Pleuridium strictum,Ditrichum difficile (Duby) M. Fleisch.,Ditrichaceae,Pleuridium,SPECIES,PRESERVED_SPECIMEN,1981-03-21,1981,-71.7,18.28,NA,d415c253-4d61-4459-9d25-4015b9084fb0,NY,NY,10,02,DUVERGÉ,061002,876725a18ffffff
c5dc0166-7f6f-4930-a777-f12116027f0a,1930564666,Jupunba oppositifolia,Abarema oppositifolia (Urb.) Barneby & J.W.Grimes,Fabaceae,Jupunba,SPECIES,PRESERVED_SPECIMEN,1985-03-18,1985,-71.52,18.2,NA,d415c253-4d61-4459-9d25-4015b9084fb0,NY,NY,10,02,DUVERGÉ,061002,876725a48ffffff
c5ebfc68-0c73-4522-9b47-d59f14daa77e,1930566123,Fissidens weirii,Fissidens weirii var. hemicraspedophyllus (Cardot) Pursell,Fissidentaceae,Fissidens,VARIETY,PRESERVED_SPECIMEN,1981-03-21,1981,-71.7,18.28,NA,d415c253-4d61-4459-9d25-4015b9084fb0,NY,NY,10,02,DUVERGÉ,061002,876725a18ffffff
c6627a95-03c0-4e14-b152-d1c934559709,1930572977,Pilotrichella cuspidans,Pilotrichella cuspidans Renauld & Cardot,Lembophyllaceae,Pilotrichella,SPECIES,PRESERVED_SPECIMEN,1981-03-21,1981,-71.7,18.32,NA,d415c253-4d61-4459-9d25-4015b9084fb0,NY,NY,10,02,DUVERGÉ,061002,876725a02ffffff
c66afb2e-b1ab-41c9-9520-7595fce6b92a,1930573023,Cardamine hirsuta,Cardamine hirsuta L.,Brassicaceae,Cardamine,SPECIES,PRESERVED_SPECIMEN,1985-03-17,1985,-71.5,18.23,NA,d415c253-4d61-4459-9d25-4015b9084fb0,NY,NY,10,02,DUVERGÉ,061002,876725a68ffffff
c69c07bd-735e-4028-8dfc-a93eef088ddb,1930575770,Phlegmariurus taxifolius,Lycopodium taxifolium Sw.,Lycopodiaceae,Phlegmariurus,SPECIES,PRESERVED_SPECIMEN,1983-08-18,1983,-71.7083,18.3,NA,d415c253-4d61-4459-9d25-4015b9084fb0,NY,NY,10,02,DUVERGÉ,061002,876725a1cffffff
c6a2362b-129e-4ce0-b717-ed18aaf35eb2,1989342191,Euphorbia peplus,Euphorbia peplus L.,Euphorbiaceae,Euphorbia,SPECIES,PRESERVED_SPECIMEN,2012-03-02,2012,-71.623722,18.252667,NA,c8d12f8a-7e39-4e2c-92d7-825d590ad15b,MICH,Angiosperms,10,02,DUVERGÉ,061002,876725a56ffffff
c6bd44ce-f9f4-4915-b8c3-6c8d64c14792,1930576980,Catalpa longissima,Catalpa longissima (Jacq.) Dum.Cours.,Bignoniaceae,Catalpa,SPECIES,PRESERVED_SPECIMEN,1987-05-26,1987,-71.55,18.38,NA,d415c253-4d61-4459-9d25-4015b9084fb0,NY,NY,10,02,DUVERGÉ,061002,876725b44ffffff
c6cd64fc-cff5-4eba-bffe-70ab24775188,1930578447,Verbena scabra,Verbena scabra Vahl,Verbenaceae,Verbena,SPECIES,PRESERVED_SPECIMEN,1987-05-26,1987,-71.55,18.37,NA,d415c253-4d61-4459-9d25-4015b9084fb0,NY,NY,10,02,DUVERGÉ,061002,876725b40ffffff
c77f48c9-4593-400c-b092-71ed8bb764b4,1930587888,Fabronia macroblepharis,Fabronia macroblepharis Schwägr.,Fabroniaceae,Fabronia,SPECIES,PRESERVED_SPECIMEN,1987-01-24,1987,-71.57,18.25,NA,d415c253-4d61-4459-9d25-4015b9084fb0,NY,NY,10,02,DUVERGÉ,061002,876725a46ffffff
c79ecbfe-e342-4f84-a95e-b97ff0767e4a,1930589914,Duranta erecta,Duranta erecta L.,Verbenaceae,Duranta,SPECIES,PRESERVED_SPECIMEN,1985-05-09,1985,-71.57,18.28,NA,d415c253-4d61-4459-9d25-4015b9084fb0,NY,NY,10,02,DUVERGÉ,061002,876725a75ffffff
c7ddbebc-29d7-44e5-a605-7a43644052d2,1930593482,Didymodon rigidulus,Didymodon rigidulus Hedw.,Pottiaceae,Didymodon,SPECIES,PRESERVED_SPECIMEN,1981-03-21,1981,-71.7,18.28,NA,d415c253-4d61-4459-9d25-4015b9084fb0,NY,NY,10,02,DUVERGÉ,061002,876725a18ffffff
c92d0928-06a6-4d44-a450-16e982aaeb11,1891268536,Miconia turbinata,Calycogonium turbinatum Urb. & Ekman,Melastomataceae,Miconia,SPECIES,PRESERVED_SPECIMEN,2016-02-04,2016,-71.694167,18.322917,NA,3c59bd42-7bfd-421b-8da4-275780390e4c,DES,,10,02,DUVERGÉ,061002,876725a02ffffff
c9413948-060a-4775-b247-4af266f0663f,1930613209,Dichaea glauca,Dichaea glauca (Sw.) Lindl.,Orchidaceae,Dichaea,SPECIES,PRESERVED_SPECIMEN,2000,2000,-71.711283,18.30905,NA,d415c253-4d61-4459-9d25-4015b9084fb0,NY,NY,10,02,DUVERGÉ,061002,876725a11ffffff
ca1e5492-adfb-4da2-9737-3d5a305f42cc,1930625072,Hymenophyllum polyanthos,Hymenophyllum polyanthos (Sw.) Sw.,Hymenophyllaceae,Hymenophyllum,SPECIES,PRESERVED_SPECIMEN,1983-08-18,1983,-71.7083,18.3,NA,d415c253-4d61-4459-9d25-4015b9084fb0,NY,NY,10,02,DUVERGÉ,061002,876725a1cffffff
ca3607d1-cdbb-49df-94ab-00515844983b,1930625689,Nesampelos lucens,Nesampelos lucens (Poir.) B.Nord.,Asteraceae,Nesampelos,SPECIES,PRESERVED_SPECIMEN,1983-08-18,1983,-71.7083,18.3,NA,d415c253-4d61-4459-9d25-4015b9084fb0,NY,NY,10,02,DUVERGÉ,061002,876725a1cffffff
ca7075fa-3fcf-4ec4-895c-bd220d39ea66,1930629870,Fissidens elegans,Fissidens elegans Brid.,Fissidentaceae,Fissidens,SPECIES,PRESERVED_SPECIMEN,1981-03-21,1981,-71.7,18.32,NA,d415c253-4d61-4459-9d25-4015b9084fb0,NY,NY,10,02,DUVERGÉ,061002,876725a02ffffff
ca74875e-6fc5-495f-90a8-d16d849d5a59,1930629945,Euphorbia L.,Euphorbia L.,Euphorbiaceae,Euphorbia,GENUS,PRESERVED_SPECIMEN,2000-06-30,2000,-71.64956,18.35128,NA,d415c253-4d61-4459-9d25-4015b9084fb0,NY,NY,10,02,DUVERGÉ,061002,876725a23ffffff
cb63967b-58e3-4ee6-8e80-acb58ed55947,1930642814,Pseudomacromitrium cirrosum,Macromitrium cirrosum (Hedw.) Brid.,Orthotrichaceae,Pseudomacromitrium,SPECIES,PRESERVED_SPECIMEN,1981-03-21,1981,-71.7,18.28,NA,d415c253-4d61-4459-9d25-4015b9084fb0,NY,NY,10,02,DUVERGÉ,061002,876725a18ffffff
cbec421f-6ff3-4488-b54b-43f321d01a9c,1930650523,Hymenophyllum Sm.,Hymenophyllum Sm.,Hymenophyllaceae,Hymenophyllum,GENUS,PRESERVED_SPECIMEN,2000-07-02,2000,-71.71128,18.30906,NA,d415c253-4d61-4459-9d25-4015b9084fb0,NY,NY,10,02,DUVERGÉ,061002,876725a11ffffff
cbedd348-2752-42be-a71a-dc3af18c9163,1930650471,Orthostichella hexasticha,Orthostichella hexasticha (Schwägr.) W.R. Buck,Orthostichellaceae,Orthostichella,SPECIES,PRESERVED_SPECIMEN,2006-06-03,2006,-71.53431,18.20617,NA,d415c253-4d61-4459-9d25-4015b9084fb0,NY,NY,10,02,DUVERGÉ,061002,876725a4effffff
cbf26ac1-12d9-43b8-bd04-414449279a87,1930652002,Vallesia montana,Vallesia montana Urb.,Apocynaceae,Vallesia,SPECIES,PRESERVED_SPECIMEN,1985-05-07,1985,-71.55,18.27,NA,d415c253-4d61-4459-9d25-4015b9084fb0,NY,NY,10,02,DUVERGÉ,061002,876725a62ffffff
cc14eedd-5d9b-48b6-a69a-2764383f0dde,1930652413,Chryso-hypnum diminutivum,Chryso-hypnum diminutivum (Hampe) W.R. Buck,Hypnaceae,Chryso-hypnum,SPECIES,PRESERVED_SPECIMEN,1987-01-24,1987,-71.52,18.3,NA,d415c253-4d61-4459-9d25-4015b9084fb0,NY,NY,10,02,DUVERGÉ,061002,876725b4bffffff
cc1e7a72-d588-4b04-b61a-8c626eb7cbef,1930653368,Homaliodendron flabellatum,Homaliodendron flabellatum (Sm.) M. Fleisch.,Neckeraceae,Homaliodendron,SPECIES,PRESERVED_SPECIMEN,1981-03-21,1981,-71.7,18.32,NA,d415c253-4d61-4459-9d25-4015b9084fb0,NY,NY,10,02,DUVERGÉ,061002,876725a02ffffff
cc3dbc11-5877-4fe8-b248-c7c511560544,1930654970,Rhynchospora domingensis,Rhynchospora domingensis Urb.,Cyperaceae,Rhynchospora,SPECIES,PRESERVED_SPECIMEN,1985-03-18,1985,-71.52,18.2,NA,d415c253-4d61-4459-9d25-4015b9084fb0,NY,NY,10,02,DUVERGÉ,061002,876725a48ffffff
cc5d3e21-95eb-40f5-97d8-51e68d893f7c,1930656684,Chaptalia dentata,Chaptalia dentata (L.) Cass.,Asteraceae,Chaptalia,SPECIES,PRESERVED_SPECIMEN,1985-05-09,1985,-71.57,18.28,NA,d415c253-4d61-4459-9d25-4015b9084fb0,NY,NY,10,02,DUVERGÉ,061002,876725a75ffffff
cca80a9c5d3610dd1b029236b82bce4e,3308025428,Pictetia sulcata,Pictetia sulcata (P.Beauv.) Beyra & Lavin,Fabaceae,Pictetia,SPECIES,PRESERVED_SPECIMEN,2003-04-17,2003,-71.533,18.348,NA,8016518a-f762-11e1-a439-00145eb45e9a,IBUNAM,MEXU,10,02,DUVERGÉ,061002,876725b41ffffff
ccc4040b-9cfd-4783-a699-927a4bab349c,1930662845,Bryum argenteum,Bryum argenteum Hedw.,Bryaceae,Bryum,SPECIES,PRESERVED_SPECIMEN,1991-09-28,1991,-71.7,18.3,NA,d415c253-4d61-4459-9d25-4015b9084fb0,NY,NY,10,02,DUVERGÉ,061002,876725a1cffffff
cd09c957-9f89-48b7-a5c3-d75056da3468,1930666074,Frullania riojaneirensis,Frullania riojaneirensis (Raddi) Spruce,Frullaniaceae,Frullania,SPECIES,PRESERVED_SPECIMEN,1987-01-24,1987,-71.52,18.3,NA,d415c253-4d61-4459-9d25-4015b9084fb0,NY,NY,10,02,DUVERGÉ,061002,876725b4bffffff
cd5a7211-f334-4265-8783-2981df8ee3d0,1930671221,Luisierella barbula,Luisierella barbula (Schwägr.) Steere,Timmiellaceae,Luisierella,SPECIES,PRESERVED_SPECIMEN,1987-01-24,1987,-71.52,18.3,NA,d415c253-4d61-4459-9d25-4015b9084fb0,NY,NY,10,02,DUVERGÉ,061002,876725b4bffffff
cd63ed66-2cd5-476c-adfb-8ffb140859e6,1930671212,Weissia jamaicensis,Weissia jamaicensis (Mitt.) Grout,Pottiaceae,Weissia,SPECIES,PRESERVED_SPECIMEN,1981-03-21,1981,-71.7,18.32,NA,d415c253-4d61-4459-9d25-4015b9084fb0,NY,NY,10,02,DUVERGÉ,061002,876725a02ffffff
cdb61d6c-c88e-45a9-b899-f7f09051b03a,2238706609,Miconia lanceolata,Miconia lanceolata (Desr.) DC.,Melastomataceae,Miconia,SPECIES,PRESERVED_SPECIMEN,2016-02-04,2016,-71.69695,18.30256,NA,b89d52a2-861d-4388-adad-c0da3d55fc78,UF,,10,02,DUVERGÉ,061002,876725a1cffffff
ce381bc6-414c-452a-8b40-410a0901a9cd,1930682440,Phlegmariurus taxifolius,Lycopodium taxifolium Sw.,Lycopodiaceae,Phlegmariurus,SPECIES,PRESERVED_SPECIMEN,1987-01-26,1987,-71.47,18.23,NA,d415c253-4d61-4459-9d25-4015b9084fb0,NY,NY,10,02,DUVERGÉ,061002,874cd669affffff
cef51bc8-03e5-4692-b864-b50f94be87e8,1930693307,Prionodon densus,Prionodon densus (Sw. ex Hedw.) Müll. Hal.,Prionodontaceae,Prionodon,SPECIES,PRESERVED_SPECIMEN,1983-08-18,1983,-71.708333,18.3,NA,d415c253-4d61-4459-9d25-4015b9084fb0,NY,NY,10,02,DUVERGÉ,061002,876725a1cffffff
cf5bc6b9-74bd-4e6a-a2e8-54da7a5bb121,4998104504,Coccoloba picardae,Coccoloba picardae Urb.,Polygonaceae,Coccoloba,SPECIES,PRESERVED_SPECIMEN,1987-01-26,1987,-71.466667,18.233333,NA,b89d52a2-861d-4388-adad-c0da3d55fc78,UF,,10,02,DUVERGÉ,061002,874cd669affffff
d05f8caf-4c1e-465d-add0-f1c9e259e557,1930713007,Plagiomnium rostratum,Plagiomnium rostratum (Schrad.) T.J. Kop.,Mniaceae,Plagiomnium,SPECIES,PRESERVED_SPECIMEN,1981-03-21,1981,-71.7,18.32,NA,d415c253-4d61-4459-9d25-4015b9084fb0,NY,NY,10,02,DUVERGÉ,061002,876725a02ffffff
d069503d-a8de-434d-a181-bb31ca3c9cb3,1930713854,Sideroxylon repens,Sideroxylon repens (Urb. & Ekman) T.D.Penn.,Sapotaceae,Sideroxylon,SPECIES,PRESERVED_SPECIMEN,1987-08-27,1987,-71.52,18.2,NA,d415c253-4d61-4459-9d25-4015b9084fb0,NY,NY,10,02,DUVERGÉ,061002,876725a48ffffff
d0972782-7ff3-4efd-b265-f7de475f9b20,1930715577,Pseudomacromitrium punctatum,Macromitrium punctatum (Hook. & Grev.) Brid.,Orthotrichaceae,Pseudomacromitrium,SPECIES,PRESERVED_SPECIMEN,1987-01-25,1987,-71.52,18.27,NA,d415c253-4d61-4459-9d25-4015b9084fb0,NY,NY,10,02,DUVERGÉ,061002,876725a61ffffff
d0c3c978-b572-42bb-91df-f8f283d7f85d,2270673741,Myrcia nummularia,Calyptranthes nummularia O.Berg,Myrtaceae,Myrcia,SPECIES,PRESERVED_SPECIMEN,1985-03-17,1985,-71.5,18.2333,NA,e05fd4c2-4d77-4c50-880e-1b22096af300,ASU,Plants,10,02,DUVERGÉ,061002,876725a68ffffff
d10debc4-baf2-41d9-8213-f54efe464e8a,2573050365,Asplenium bipartitum,Asplenium auritum Wall.,Aspleniaceae,Asplenium,SPECIES,PRESERVED_SPECIMEN,2018-12-08,2018,-71.47881,18.23336,1000,e42c4be9-dc6d-466b-8df2-60ac8c47fadd,VT,,10,02,DUVERGÉ,061002,876725a69ffffff
d1404f4a-2bfa-42dc-b103-165a466ce080,1930725626,Fissidens crispus,Fissidens crispus Mont.,Fissidentaceae,Fissidens,SPECIES,PRESERVED_SPECIMEN,1981-03-21,1981,-71.7,18.28,NA,d415c253-4d61-4459-9d25-4015b9084fb0,NY,NY,10,02,DUVERGÉ,061002,876725a18ffffff
d180f031-a326-4eae-983e-ad2ad8bd135a,1930730134,Rosulabryum truncorum,Bryum truncorum (Brid.) Brid.,Bryaceae,Rosulabryum,SPECIES,PRESERVED_SPECIMEN,1981-03-21,1981,-71.7,18.32,NA,d415c253-4d61-4459-9d25-4015b9084fb0,NY,NY,10,02,DUVERGÉ,061002,876725a02ffffff
d185f664-18ca-430d-bb01-e0bdfa407290,2828062537,Ptychostomum imbricatulum,Ptychostomum imbricatulum (Müll. Hal.) Holyoak & N. Pedersen,Bryaceae,Ptychostomum,SPECIES,PRESERVED_SPECIMEN,1987-01-24,1987,-71.5167,18.3,1000,15738fee-78b1-4751-bcc1-cbf7139c68de,CANB,CANB,10,02,DUVERGÉ,061002,876725b4bffffff
d2222237-c927-4008-a0bc-d78aa9cb8038,1930737595,Miconia rhomboidea,Calycogonium rhomboideum Urb. & Ekman,Melastomataceae,Miconia,SPECIES,PRESERVED_SPECIMEN,2016-02-04,2016,-71.69344,18.30459,NA,d415c253-4d61-4459-9d25-4015b9084fb0,NY,NY,10,02,DUVERGÉ,061002,876725a1cffffff
d2a920c7-0758-4c7f-b478-d30a11c1f348,5106968421,Sideroxylon anomalum,Sideroxylon anomalum (Urb.) T.D.Penn.,Sapotaceae,Sideroxylon,SPECIES,PRESERVED_SPECIMEN,2021-05-25,2021,-71.56647,18.28371,NA,b89d52a2-861d-4388-adad-c0da3d55fc78,UF,,10,02,DUVERGÉ,061002,876725a75ffffff
d2dadfe6-a77d-44ea-bc29-c93a7985c200,1930747483,Hydrogonium arcuatum,Barbula arcuata Griff.,Pottiaceae,Hydrogonium,SPECIES,PRESERVED_SPECIMEN,1981-03-21,1981,-71.55,18.35,NA,d415c253-4d61-4459-9d25-4015b9084fb0,NY,NY,10,02,DUVERGÉ,061002,876725b43ffffff
d3151306-8928-4ebb-8fc2-7c4c8b8f2b7b,1930750595,Fuscocephaloziopsis crassifolia,Fuscocephaloziopsis crassifolia (Lindenb. & Gottsche) Váňa & L. Söderstr.,Cephaloziaceae,Fuscocephaloziopsis,SPECIES,PRESERVED_SPECIMEN,1987-01-26,1987,-71.62,18.25,NA,d415c253-4d61-4459-9d25-4015b9084fb0,NY,NY,10,02,DUVERGÉ,061002,876725a56ffffff
d3379536-1031-443b-8879-3450cdbb883b,1930752788,Rhodopis rudolphioides,Galactia rudolphioides (Griseb.) Benth. & Hook.f. ex C.Wright,Fabaceae,Rhodopis,SPECIES,PRESERVED_SPECIMEN,1985-03-16,1985,-71.55,18.27,NA,d415c253-4d61-4459-9d25-4015b9084fb0,NY,NY,10,02,DUVERGÉ,061002,876725a62ffffff
d35b9192-3f33-431e-ad07-f4e06ee35fcb,1930757448,Persea krugii,Persea krugii Mez,Lauraceae,Persea,SPECIES,PRESERVED_SPECIMEN,1987-01-26,1987,-71.47,18.23,NA,d415c253-4d61-4459-9d25-4015b9084fb0,NY,NY,10,02,DUVERGÉ,061002,874cd669affffff
d3be006e-3a3e-4640-92b5-63c20cc1f1a1,1930760237,Phlegmariurus myrsinites,Lycopodium myrsinites Lam.,Lycopodiaceae,Phlegmariurus,SPECIES,PRESERVED_SPECIMEN,1985-03-17,1985,-71.5,18.23,NA,d415c253-4d61-4459-9d25-4015b9084fb0,NY,NY,10,02,DUVERGÉ,061002,876725a68ffffff
d41b257d-5609-4e8f-9b74-c7b220338333,4517017435,Erythroxylum domingense,Erythroxylum domingense Oviedo,Erythroxylaceae,Erythroxylum,SPECIES,PRESERVED_SPECIMEN,2009-04-25,2009,-71.566267,18.283433,NA,89c53edb-0fac-4118-bdc0-d70ca50953dc,DBG,KHD,10,02,DUVERGÉ,061002,876725a75ffffff
d42cc62b-52db-4e95-908a-84358068e32f,4598143387,Varronia nashii,Cordia nashii Urb. & Britton,Cordiaceae,Varronia,SPECIES,PRESERVED_SPECIMEN,2021-05-25,2021,-71.56844,18.28566,NA,b89d52a2-861d-4388-adad-c0da3d55fc78,UF,,10,02,DUVERGÉ,061002,876725a75ffffff
d44aaccf-0150-4816-a9c1-60ba48e820f0,1930768055,Rhynchostegium serrulatum,Rhynchostegium serrulatum (Hedw.) A.Jaeger,Brachytheciaceae,Rhynchostegium,SPECIES,PRESERVED_SPECIMEN,1987-01-25,1987,-71.55,18.23,NA,d415c253-4d61-4459-9d25-4015b9084fb0,NY,NY,10,02,DUVERGÉ,061002,876725a40ffffff
d4b6a78b-f92a-4636-9794-5efce64e7cff,1930773752,Senna angustisiliqua,Senna angustisiliqua (Lam.) H.S.Irwin & Barneby,Fabaceae,Senna,SPECIES,PRESERVED_SPECIMEN,1991-04-07,1991,-71.58,18.35,NA,d415c253-4d61-4459-9d25-4015b9084fb0,NY,NY,10,02,DUVERGÉ,061002,876725b51ffffff
d4c75983-aa41-4090-af90-e0535223b823,2573050919,Polystichum triangulum,Polystichum triangulum (L.) Fée,Dryopteridaceae,Polystichum,SPECIES,PRESERVED_SPECIMEN,2018-12-08,2018,-71.708,18.317,NA,e42c4be9-dc6d-466b-8df2-60ac8c47fadd,VT,,10,02,DUVERGÉ,061002,876725a02ffffff
d4fc7ab0-4df2-461f-afcb-e53452248351,2270676610,Myrcia splendens,Myrcia splendens (Sw.) DC.,Myrtaceae,Myrcia,SPECIES,PRESERVED_SPECIMEN,1983-09-09,1983,-71.7167,18.3,NA,e05fd4c2-4d77-4c50-880e-1b22096af300,ASU,Plants,10,02,DUVERGÉ,061002,876725a1effffff
d515d5ba-30f0-4944-ae18-8e6106a0efe3,1930779606,Pelekium minutulum,Cyrto-hypnum minutulum (Hedw.) W.R. Buck & H.A. Crum,Thuidiaceae,Pelekium,SPECIES,PRESERVED_SPECIMEN,1987-01-24,1987,-71.55,18.27,NA,d415c253-4d61-4459-9d25-4015b9084fb0,NY,NY,10,02,DUVERGÉ,061002,876725a62ffffff
d52b752d-ecba-4fef-b20e-7ce5b2f7251a,1930780774,Polytaenium lineatum,Polytaenium lineatum (Sw.) J.Sm.,Pteridaceae,Polytaenium,SPECIES,PRESERVED_SPECIMEN,1985-03-18,1985,-71.52,18.2,NA,d415c253-4d61-4459-9d25-4015b9084fb0,NY,NY,10,02,DUVERGÉ,061002,876725a48ffffff
d61d63a0-b158-4b65-a34e-b0ffb12403e2,5029135845,Miconia macrocarpa,Miconia macrocarpa subsp. tuerckheimii (Cogn.) Judd & Ionta,Melastomataceae,Miconia,SUBSPECIES,PRESERVED_SPECIMEN,2023-01-24,2023,-71.561717,18.208167,NA,b89d52a2-861d-4388-adad-c0da3d55fc78,UF,,10,02,DUVERGÉ,061002,876725a5dffffff
d63a3687-b65a-451c-a522-a61896a5c0b5,1930796021,Donnellia commutata,Donnellia commutata (Müll. Hal.) W.R. Buck,Sematophyllaceae,Donnellia,SPECIES,PRESERVED_SPECIMEN,1987-01-26,1987,-71.62,18.25,NA,d415c253-4d61-4459-9d25-4015b9084fb0,NY,NY,10,02,DUVERGÉ,061002,876725a56ffffff
d6b793b0-1ce8-43d0-b00f-2a23f76a437f,1930802689,Cryptopapillaria penicillata,Cryptopapillaria penicillata (Dozy & Molk.) M. Menzel,Meteoriaceae,Cryptopapillaria,SPECIES,PRESERVED_SPECIMEN,1987-01-25,1987,-71.55,18.23,NA,d415c253-4d61-4459-9d25-4015b9084fb0,NY,NY,10,02,DUVERGÉ,061002,876725a40ffffff
d6f8a60d-96d4-4e4b-9f11-5fd507cac450,1930806406,Fissidens dubius,Fissidens dubius P. Beauv.,Fissidentaceae,Fissidens,SPECIES,PRESERVED_SPECIMEN,1981-03-21,1981,-71.7,18.28,NA,d415c253-4d61-4459-9d25-4015b9084fb0,NY,NY,10,02,DUVERGÉ,061002,876725a18ffffff
d74c217b-f143-45de-9e28-c58cffc7c30b,1930811055,Peperomia humilis,Peperomia humilis (Vahl) A.Dietr.,Piperaceae,Peperomia,SPECIES,PRESERVED_SPECIMEN,1985-05-08,1985,-71.47,18.23,NA,d415c253-4d61-4459-9d25-4015b9084fb0,NY,NY,10,02,DUVERGÉ,061002,874cd669affffff
d7d74eac-ac89-4eb8-aacf-34c74cc4aef7,1930818594,Pteridium caudatum,Pteridium caudatum (L.) Maxon,Dennstaedtiaceae,Pteridium,SPECIES,PRESERVED_SPECIMEN,1983-08-18,1983,-71.7,18.3,NA,d415c253-4d61-4459-9d25-4015b9084fb0,NY,NY,10,02,DUVERGÉ,061002,876725a1cffffff
d835e230-3408-43b3-bb41-f88889d542cc,1930824215,Catalpa longissima,Catalpa longissima (Jacq.) Dum.Cours.,Bignoniaceae,Catalpa,SPECIES,PRESERVED_SPECIMEN,1980-07-03,1980,-71.57,18.4,NA,d415c253-4d61-4459-9d25-4015b9084fb0,NY,NY,10,02,DUVERGÉ,061002,876725b70ffffff
d83a78f0-fecc-4f06-bcf3-74e70cd58340,1457817651,Oreopanax capitatus,Oreopanax capitatus (Jacq.) Decne. & Planch.,Araliaceae,Oreopanax,SPECIES,PRESERVED_SPECIMEN,2006-06-03,2006,-71.534306,18.206167,NA,b89d52a2-861d-4388-adad-c0da3d55fc78,UF,,10,02,DUVERGÉ,061002,876725a4effffff
d83a8647-110a-46d5-b51e-8adc4e16c0f3,4598145397,Cissus trifoliata,Cissus trifoliata (L.) L.,Vitaceae,Cissus,SPECIES,PRESERVED_SPECIMEN,2021-05-25,2021,-71.57073,18.28896,NA,b89d52a2-861d-4388-adad-c0da3d55fc78,UF,,10,02,DUVERGÉ,061002,876725a75ffffff
d83bff0b-98d3-4b72-85f1-ad2cf8199c58,1930824089,Caribaeohypnum polypterum,Hypnum polypterum (Mitt.) Broth.,Taxiphyllaceae,Caribaeohypnum,SPECIES,PRESERVED_SPECIMEN,1981-03-21,1981,-71.7,18.28,NA,d415c253-4d61-4459-9d25-4015b9084fb0,NY,NY,10,02,DUVERGÉ,061002,876725a18ffffff
d8a29d94-d4b1-4790-b429-3428887eb00a,1930829872,Rhodobryum dominghense,Rhodobryum dominghense (Brid.) Besch.,Bryaceae,Rhodobryum,SPECIES,PRESERVED_SPECIMEN,1981-03-21,1981,-71.7,18.32,NA,d415c253-4d61-4459-9d25-4015b9084fb0,NY,NY,10,02,DUVERGÉ,061002,876725a02ffffff
d907b1a0-cb4b-49a3-8b0b-3b125eea1309,1930835503,Asplenium cuspidatum,Asplenium cuspidatum Lam.,Aspleniaceae,Asplenium,SPECIES,PRESERVED_SPECIMEN,1985-05-08,1985,-71.58,18.25,NA,d415c253-4d61-4459-9d25-4015b9084fb0,NY,NY,10,02,DUVERGÉ,061002,876725a46ffffff
d967da15-98af-4054-bfea-bf10b6443bac,1930840850,Rhynchostegium robustum,Rhynchostegium robustum W.R. Buck,Brachytheciaceae,Rhynchostegium,SPECIES,PRESERVED_SPECIMEN,1987-01-25,1987,-71.55,18.23,NA,d415c253-4d61-4459-9d25-4015b9084fb0,NY,NY,10,02,DUVERGÉ,061002,876725a40ffffff
d9b311af-5872-4d2b-b745-b71cd6186c1f,1930846212,Hymenophyllum Sm.,Hymenophyllum Sm.,Hymenophyllaceae,Hymenophyllum,GENUS,PRESERVED_SPECIMEN,1985-05-08,1985,-71.47,18.23,NA,d415c253-4d61-4459-9d25-4015b9084fb0,NY,NY,10,02,DUVERGÉ,061002,874cd669affffff
d9e81943-6de8-4f7b-b671-32190afb29d9,5829830519,Xylosma domingensis,Xylosma domingensis (Urb.) M.H.Alford,Salicaceae,Xylosma,SPECIES,PRESERVED_SPECIMEN,2021-05-25,2021,-71.56438,18.32746,NA,b89d52a2-861d-4388-adad-c0da3d55fc78,UF,,10,02,DUVERGÉ,061002,876725b58ffffff
da59541a-62f9-4439-b4e0-2d0097e33235,1930855471,Asplenium L.,Asplenium L.,Aspleniaceae,Asplenium,GENUS,PRESERVED_SPECIMEN,1985-03-17,1985,-71.5,18.23,NA,d415c253-4d61-4459-9d25-4015b9084fb0,NY,NY,10,02,DUVERGÉ,061002,876725a68ffffff
da7a710f-e4e5-43b0-94b6-b00f61efa16a,1457818390,Miconia lanceolata,Miconia lanceolata (Desr.) DC.,Melastomataceae,Miconia,SPECIES,PRESERVED_SPECIMEN,1983-08-18,1983,-71.708333,18.3,NA,b89d52a2-861d-4388-adad-c0da3d55fc78,UF,,10,02,DUVERGÉ,061002,876725a1cffffff
da9e10e3-d09a-425c-accb-2af3fbf35cba,1930858238,Weissia jamaicensis,Weissia jamaicensis (Mitt.) Grout,Pottiaceae,Weissia,SPECIES,PRESERVED_SPECIMEN,1981-03-21,1981,-71.63,18.35,NA,d415c253-4d61-4459-9d25-4015b9084fb0,NY,NY,10,02,DUVERGÉ,061002,876725a21ffffff
daf1a1d7-6b1d-4f8f-b266-68df5c3f8c09,1930862483,Peperomia dendrophila,Peperomia dendrophila Schltdl. & Cham.,Piperaceae,Peperomia,SPECIES,PRESERVED_SPECIMEN,1985-05-09,1985,-71.5,18.23,NA,d415c253-4d61-4459-9d25-4015b9084fb0,NY,NY,10,02,DUVERGÉ,061002,876725a68ffffff
db88dd89-dd0e-4dd6-82f7-919bd6911237,1846483025,Dichanthelium acuminatum,Dichanthelium acuminatum (Sw.) Gould & C.A.Clark,Poaceae,Dichanthelium,SPECIES,PRESERVED_SPECIMEN,2016-02-04,2016,-71.69695,18.30256,NA,3c59bd42-7bfd-421b-8da4-275780390e4c,DES,,10,02,DUVERGÉ,061002,876725a1cffffff
dbbbeb8f-e03d-49d2-8a22-b841800fe3a1,1930875830,Lyonia microcarpa,Lyonia microcarpa Urb. & Ekman,Ericaceae,Lyonia,SPECIES,PRESERVED_SPECIMEN,2006-06-03,2006,-71.53431,18.20617,NA,d415c253-4d61-4459-9d25-4015b9084fb0,NY,NY,10,02,DUVERGÉ,061002,876725a4effffff
dc8125c6-05e2-4b89-a92f-c1442531251f,1930883769,Sigesbeckia jorullensis,Sigesbeckia jorullensis Kunth,Asteraceae,Sigesbeckia,SPECIES,PRESERVED_SPECIMEN,1985-03-19,1985,-71.53,18.2,NA,d415c253-4d61-4459-9d25-4015b9084fb0,NY,NY,10,02,DUVERGÉ,061002,876725a48ffffff
dcaa9bdd-e1a4-48d1-80d9-02a05c9660bc,1930889781,Valeriana scandens,Valeriana scandens Loefl. ex L.,Caprifoliaceae,Valeriana,SPECIES,PRESERVED_SPECIMEN,1985-03-18,1985,-71.52,18.2,NA,d415c253-4d61-4459-9d25-4015b9084fb0,NY,NY,10,02,DUVERGÉ,061002,876725a48ffffff
dcabd44e-be69-41fb-8512-6f835d5f3f4d,1846482994,Miconia domingensis,Miconia domingensis Cogn.,Melastomataceae,Miconia,SPECIES,PRESERVED_SPECIMEN,2016-02-04,2016,-71.69344,18.30459,NA,3c59bd42-7bfd-421b-8da4-275780390e4c,DES,,10,02,DUVERGÉ,061002,876725a1cffffff
dcc9d340-70a2-4243-96c3-7af77fcb3d26,1930887967,Cestrum mononeurum,Cestrum mononeurum Urb. & Ekman,Solanaceae,Cestrum,SPECIES,PRESERVED_SPECIMEN,1985-03-17,1985,-71.5,18.23,NA,d415c253-4d61-4459-9d25-4015b9084fb0,NY,NY,10,02,DUVERGÉ,061002,876725a68ffffff
dcd6e7d7-d3b0-4f08-ba55-e07cbfe7d3bb,1930888920,Lejeunea pterigonia,Taxilejeunea pterigonia (Lehm. & Lindenb.) J.B. Jack & Steph.,Lejeuneaceae,Lejeunea,SPECIES,PRESERVED_SPECIMEN,1987-01-25,1987,-71.52,18.27,NA,d415c253-4d61-4459-9d25-4015b9084fb0,NY,NY,10,02,DUVERGÉ,061002,876725a61ffffff
dd0b9f34-7165-4f62-bf92-2856f5954140,4598144393,Chamaecrista (L.) Moench,Chamaecrista (L.) Moench,Fabaceae,Chamaecrista,GENUS,PRESERVED_SPECIMEN,2021-05-25,2021,-71.56844,18.28566,NA,b89d52a2-861d-4388-adad-c0da3d55fc78,UF,,10,02,DUVERGÉ,061002,876725a75ffffff
dd3e4819-213a-4bef-b7e9-fab5ec324d06,1930895285,Miconia domingensis,Miconia domingensis Cogn.,Melastomataceae,Miconia,SPECIES,PRESERVED_SPECIMEN,2016-02-04,2016,-71.69344,18.30459,NA,d415c253-4d61-4459-9d25-4015b9084fb0,NY,NY,10,02,DUVERGÉ,061002,876725a1cffffff
dd5860ca-e490-4641-9fd5-b046a82ff157,1930896920,Alleniella scabridens,Neckera scabridens Müll. Hal.,Neckeraceae,Alleniella,SPECIES,PRESERVED_SPECIMEN,1987-01-25,1987,-71.55,18.23,NA,d415c253-4d61-4459-9d25-4015b9084fb0,NY,NY,10,02,DUVERGÉ,061002,876725a40ffffff
dd8d5720-9b09-4bbb-9630-ee7ef3fce280,1930899712,Heliotropium curassavicum,Heliotropium curassavicum L.,Heliotropiaceae,Heliotropium,SPECIES,PRESERVED_SPECIMEN,1990-05-22,1990,-71.63,18.42,NA,d415c253-4d61-4459-9d25-4015b9084fb0,NY,NY,10,02,DUVERGÉ,061002,876725b0cffffff
dd8ee127-a015-4a51-86ed-931c07533b34,1930899739,Eurhynchiastrum pulchellum,Eurhynchium pulchellum (Hedw.) Jenn.,Brachytheciaceae,Eurhynchiastrum,SPECIES,PRESERVED_SPECIMEN,1987-01-26,1987,-71.62,18.25,NA,d415c253-4d61-4459-9d25-4015b9084fb0,NY,NY,10,02,DUVERGÉ,061002,876725a56ffffff
ddb2e729-213d-4d7d-be5e-ba62b1084605,1930901915,Peperomia magnoliifolia,Peperomia magnoliifolia var. magnoliifolia,Piperaceae,Peperomia,VARIETY,PRESERVED_SPECIMEN,1985-03-19,1985,-71.53,18.2,NA,d415c253-4d61-4459-9d25-4015b9084fb0,NY,NY,10,02,DUVERGÉ,061002,876725a48ffffff
ddcbdcc0-e144-43dc-907f-fe6dd60d0289,1930903231,Goniopteris reptans,Thelypteris reptans (J.F.Gmel.) C.V.Morton,Thelypteridaceae,Goniopteris,SPECIES,PRESERVED_SPECIMEN,2000-07-02,2000,-71.71128,18.30906,NA,d415c253-4d61-4459-9d25-4015b9084fb0,NY,NY,10,02,DUVERGÉ,061002,876725a11ffffff
ddcf199e-e928-40a1-9fce-917452d3b4b6,1930903194,Guettarda pungens,Guettarda pungens Urb.,Rubiaceae,Guettarda,SPECIES,PRESERVED_SPECIMEN,1988-04-09,1988,-71.57,18.32,NA,d415c253-4d61-4459-9d25-4015b9084fb0,NY,NY,10,02,DUVERGÉ,061002,876725b58ffffff
ddefa4b5-c485-4537-88b9-730d1b2c8eea,1930905042,Persea krugii,Persea krugii Mez,Lauraceae,Persea,SPECIES,PRESERVED_SPECIMEN,1985-03-17,1985,-71.5,18.23,NA,d415c253-4d61-4459-9d25-4015b9084fb0,NY,NY,10,02,DUVERGÉ,061002,876725a68ffffff
de0280d6-07fa-4c33-9ec6-ac85dbd31ef6,1930906084,Thuidium urceolatum,Thuidium urceolatum Lorentz,Thuidiaceae,Thuidium,SPECIES,PRESERVED_SPECIMEN,1981-03-21,1981,-71.7,18.32,NA,d415c253-4d61-4459-9d25-4015b9084fb0,NY,NY,10,02,DUVERGÉ,061002,876725a02ffffff
de097de3-fc3b-4531-a7e3-ecaf1c3e8bc0,1930907140,Porotrichum variabile,Porotrichum mutabile Hampe,Neckeraceae,Porotrichum,SPECIES,PRESERVED_SPECIMEN,1981-03-21,1981,-71.7,18.32,NA,d415c253-4d61-4459-9d25-4015b9084fb0,NY,NY,10,02,DUVERGÉ,061002,876725a02ffffff
de0a61aa-c396-4bc2-9166-6710f118cc29,1457819613,Ekmaniopappus mikanioides,Ekmaniopappus mikanioides (Urb. & Ekman) Borhidi,Asteraceae,Ekmaniopappus,SPECIES,PRESERVED_SPECIMEN,2004-04-23,2004,-71.533889,18.206389,NA,b89d52a2-861d-4388-adad-c0da3d55fc78,UF,,10,02,DUVERGÉ,061002,876725a4effffff
de5819a8-1928-4e9b-8826-7c55efee4ee4,1930911222,Pecluma M.G.Price,Pecluma M.G.Price,Polypodiaceae,Pecluma,GENUS,PRESERVED_SPECIMEN,1985-03-17,1985,-71.5,18.23,NA,d415c253-4d61-4459-9d25-4015b9084fb0,NY,NY,10,02,DUVERGÉ,061002,876725a68ffffff
de98f271-2926-4750-8d5c-f1326597032e,1930914670,Dichondra repens,Dichondra repens J.R.Forst. & G.Forst.,Convolvulaceae,Dichondra,SPECIES,PRESERVED_SPECIMEN,1985-03-17,1985,-71.5,18.23,NA,d415c253-4d61-4459-9d25-4015b9084fb0,NY,NY,10,02,DUVERGÉ,061002,876725a68ffffff
deaadc8e-73a9-4ef7-a1f8-cc207e1c9dc2,1930915634,Polyphlebium angustatum,Trichomanes angustatum Carmich.,Hymenophyllaceae,Polyphlebium,SPECIES,PRESERVED_SPECIMEN,1985-03-19,1985,-71.53,18.2,NA,d415c253-4d61-4459-9d25-4015b9084fb0,NY,NY,10,02,DUVERGÉ,061002,876725a48ffffff
dec78e86-5abd-40b8-8469-60a82cea9bc5,1930917304,Schlotheimia torquata,Schlotheimia torquata (Sw. ex Hedw.) Brid.,Orthotrichaceae,Schlotheimia,SPECIES,PRESERVED_SPECIMEN,1981-03-21,1981,-71.7,18.28,NA,d415c253-4d61-4459-9d25-4015b9084fb0,NY,NY,10,02,DUVERGÉ,061002,876725a18ffffff
df3dbabb-ca60-43b9-a8df-d3f196781959,1930923634,Splachnobryum obtusum,Splachnobryum obtusum (Brid.) Müll. Hal.,Pottiaceae,Splachnobryum,SPECIES,PRESERVED_SPECIMEN,1981-03-21,1981,-71.55,18.35,NA,d415c253-4d61-4459-9d25-4015b9084fb0,NY,NY,10,02,DUVERGÉ,061002,876725b43ffffff
df625b5b-1108-4882-8283-629458d603b0,3329399513,Lantanopsis hispidula,Lantanopsis hispidula C.Wright ex Griseb.,Asteraceae,Lantanopsis,SPECIES,PRESERVED_SPECIMEN,2006-07-08,2006,-71.533889,18.206389,NA,b89d52a2-861d-4388-adad-c0da3d55fc78,UF,,10,02,DUVERGÉ,061002,876725a4effffff
e04426b5-771e-4905-b47a-f1bc063ad2d3,1930938511,Zeugites americanus,Zeugites americanus Willd.,Poaceae,Zeugites,SPECIES,PRESERVED_SPECIMEN,1983-08-18,1983,-71.7083,18.3,NA,d415c253-4d61-4459-9d25-4015b9084fb0,NY,NY,10,02,DUVERGÉ,061002,876725a1cffffff
e0959dbf-6c74-47ef-8590-2a3e422aa4d8,1930942709,Miconia luteola,Miconia luteola Cogn.,Melastomataceae,Miconia,SPECIES,PRESERVED_SPECIMEN,1988-04-10,1988,-71.53,18.22,NA,d415c253-4d61-4459-9d25-4015b9084fb0,NY,NY,10,02,DUVERGÉ,061002,876725a41ffffff
e0bf7f9d-2c62-4f45-923a-3efb5c8ae108,1930944892,Asplenium auriculatum,Asplenium auriculatum Sw.,Aspleniaceae,Asplenium,SPECIES,PRESERVED_SPECIMEN,1983-08-18,1983,-71.7083,18.3,NA,d415c253-4d61-4459-9d25-4015b9084fb0,NY,NY,10,02,DUVERGÉ,061002,876725a1cffffff
e2016379-b3a2-4db0-9c8c-a9d401cd0341,1930962770,Duranta arida,Duranta arida Britton & P.Wilson,Verbenaceae,Duranta,SPECIES,PRESERVED_SPECIMEN,2006-06-03,2006,-71.57308,18.21617,NA,d415c253-4d61-4459-9d25-4015b9084fb0,NY,NY,10,02,DUVERGÉ,061002,876725a5cffffff
e237fcfa-39b8-4c36-994c-719f8540155d,1846482684,Miconia inaequipetiolata,Miconia inaequipetiolata Majure & Judd,Melastomataceae,Miconia,SPECIES,PRESERVED_SPECIMEN,2016-02-04,2016,-71.69556,18.32801,NA,3c59bd42-7bfd-421b-8da4-275780390e4c,DES,,10,02,DUVERGÉ,061002,876725a06ffffff
e26db566-add3-46b3-b968-0f4d88f40380,1930968546,Leptodontium excelsum,Leptodontium ulocalyx (Müll. Hal.) Mitt.,Pottiaceae,Leptodontium,SPECIES,PRESERVED_SPECIMEN,1991-09-30,1991,-71.7,18.28,NA,d415c253-4d61-4459-9d25-4015b9084fb0,NY,NY,10,02,DUVERGÉ,061002,876725a18ffffff
e2a47115-60ba-4466-bb29-0c1530414b00,4598146399,Scleria lithosperma,Scleria lithosperma (L.) Sw.,Cyperaceae,Scleria,SPECIES,PRESERVED_SPECIMEN,2021-05-25,2021,-71.56903,18.29775,NA,b89d52a2-861d-4388-adad-c0da3d55fc78,UF,,10,02,DUVERGÉ,061002,876725b5bffffff
e2c515df-6f20-48f0-9492-51447bbf7c52,1930973469,Alsophila R.Br.,Alsophila R.Br.,Cyatheaceae,Alsophila,GENUS,PRESERVED_SPECIMEN,1985-03-19,1985,-71.53,18.2,NA,d415c253-4d61-4459-9d25-4015b9084fb0,NY,NY,10,02,DUVERGÉ,061002,876725a48ffffff
e2cce05c-6a44-42df-b573-5682e1b6807c,1930973965,Ptychomitrium indicum,Barbula indica (Willd. ex Schrad.) Spreng.,Ptychomitriaceae,Ptychomitrium,SPECIES,PRESERVED_SPECIMEN,1981-03-21,1981,-71.7,18.28,NA,d415c253-4d61-4459-9d25-4015b9084fb0,NY,NY,10,02,DUVERGÉ,061002,876725a18ffffff
e318ddaf-e01f-4500-8dac-38d0db39ab1d,4079748161,Medicago lupulina,Medicago lupulina L.,Fabaceae,Medicago,SPECIES,PRESERVED_SPECIMEN,1958-08-22,1958,-71.71555,18.28989,348,3b040a48-deae-485c-95b1-2ac80b7fdc54,IIBZ,USD,10,02,DUVERGÉ,061002,876725a1effffff
e31f8a5a-cf18-4981-9c62-10892982cc94,1991444491,Astrolepis integerrima,Astrolepis integerrima (Hook.) D.M.Benham & Windham,Pteridaceae,Astrolepis,SPECIES,PRESERVED_SPECIMEN,1983-08-17,1983,-71.7,18.32,NA,d415c253-4d61-4459-9d25-4015b9084fb0,NY,NY,10,02,DUVERGÉ,061002,876725a02ffffff
e3283ad0-184f-4b09-adc4-6a8800f78534,2830634573,Eurhynchiastrum pulchellum,Eurhynchium pulchellum (Hedw.) Jenn.,Brachytheciaceae,Eurhynchiastrum,SPECIES,PRESERVED_SPECIMEN,1987-01-26,1987,-71.6167,18.25,1000,15738fee-78b1-4751-bcc1-cbf7139c68de,CANB,CANB,10,02,DUVERGÉ,061002,876725a54ffffff
e33b660d-e902-4710-b250-10a325e9f84f,5029135589,Carex ekmanii,Carex ekmanii Kük.,Cyperaceae,Carex,SPECIES,PRESERVED_SPECIMEN,2023-01-24,2023,-71.55607,18.2084,NA,b89d52a2-861d-4388-adad-c0da3d55fc78,UF,,10,02,DUVERGÉ,061002,876725a5dffffff
e358cbf7-5c93-4bf8-b57e-063884eb5c5e,1930981771,Schoenus nigricans,Schoenus nigricans L.,Cyperaceae,Schoenus,SPECIES,PRESERVED_SPECIMEN,1985-03-17,1985,-71.5,18.23,NA,d415c253-4d61-4459-9d25-4015b9084fb0,NY,NY,10,02,DUVERGÉ,061002,876725a68ffffff
e3910b2d-011e-4425-9c45-ee80eea0c6ed,1930985199,Elekmania buchii,Elekmania buchii (Urb.) B.Nord.,Asteraceae,Elekmania,SPECIES,PRESERVED_SPECIMEN,1983-08-18,1983,-71.72,18.2917,NA,d415c253-4d61-4459-9d25-4015b9084fb0,NY,NY,10,02,DUVERGÉ,061002,876725a1effffff
e3a09d76-da6b-4c9f-aa42-7ef738ae628b,1930986023,Elaphoglossum tambillense,Elaphoglossum tambillense (Hook.) T.Moore,Dryopteridaceae,Elaphoglossum,SPECIES,PRESERVED_SPECIMEN,1983-02-23,1983,-71.7167,18.3,NA,d415c253-4d61-4459-9d25-4015b9084fb0,NY,NY,10,02,DUVERGÉ,061002,876725a1effffff
e3afa283-115a-49fa-87d5-4df3ac89ddef,1930986589,Rhynchostegium robustum,Rhynchostegium robustum W.R. Buck,Brachytheciaceae,Rhynchostegium,SPECIES,PRESERVED_SPECIMEN,1981-03-21,1981,-71.7,18.28,NA,d415c253-4d61-4459-9d25-4015b9084fb0,NY,NY,10,02,DUVERGÉ,061002,876725a18ffffff
e3b4c5d6-4ef4-41bb-9ec3-e1c98b3d692f,1930987210,Cryptopapillaria penicillata,Cryptopapillaria penicillata (Dozy & Molk.) M. Menzel,Meteoriaceae,Cryptopapillaria,SPECIES,PRESERVED_SPECIMEN,1987-01-24,1987,-71.55,18.27,NA,d415c253-4d61-4459-9d25-4015b9084fb0,NY,NY,10,02,DUVERGÉ,061002,876725a62ffffff
e3f71d84-d284-4c77-9547-47246e736603,1930990732,Plagiochila (Dumort.) Dumort.,Plagiochila (Dumort.) Dumort.,Plagiochilaceae,Plagiochila,GENUS,PRESERVED_SPECIMEN,1983-08-18,1983,-71.7083,18.3,NA,d415c253-4d61-4459-9d25-4015b9084fb0,NY,NY,10,02,DUVERGÉ,061002,876725a1cffffff
e40c17d4-5155-4674-8b6c-917969e85022,4598144395,Pentalinon lindenianum,Angadenia lindeniana (Müll.Arg.) Miers,Apocynaceae,Pentalinon,SPECIES,PRESERVED_SPECIMEN,2021-05-25,2021,-71.57073,18.28896,NA,b89d52a2-861d-4388-adad-c0da3d55fc78,UF,,10,02,DUVERGÉ,061002,876725a75ffffff
e42b006c-1801-450d-8896-a3d2d3731792,1930993519,Atrichum polycarpum,Atrichum polycarpum (Müll. Hal.) Schimp. ex Spruce,Polytrichaceae,Atrichum,SPECIES,PRESERVED_SPECIMEN,1981-03-21,1981,-71.7,18.28,NA,d415c253-4d61-4459-9d25-4015b9084fb0,NY,NY,10,02,DUVERGÉ,061002,876725a18ffffff
e4cd302a-af7e-405b-a99f-a4c3424e972f,1931002084,Ageratina illita,Ageratina illita (Urb.) R.M.King & H.Rob.,Asteraceae,Ageratina,SPECIES,PRESERVED_SPECIMEN,1985-03-17,1985,-71.5,18.23,NA,d415c253-4d61-4459-9d25-4015b9084fb0,NY,NY,10,02,DUVERGÉ,061002,876725a68ffffff
e4f562c9-b7ed-46ea-8073-d349bac96f4b,1931004647,Lantana involucrata,Lantana involucrata L.,Verbenaceae,Lantana,SPECIES,PRESERVED_SPECIMEN,1985-05-09,1985,-71.57,18.3,NA,d415c253-4d61-4459-9d25-4015b9084fb0,NY,NY,10,02,DUVERGÉ,061002,876725b5bffffff
e5bd27d0-6eff-45c0-a46f-9ad6e9ee4ca2,1931015480,Diploneuron diatomophilum,Callicostella diatomophila (Müll. Hal.) M. Fleisch.,Callicostaceae,Diploneuron,SPECIES,PRESERVED_SPECIMEN,1981-03-21,1981,-71.63,18.35,NA,d415c253-4d61-4459-9d25-4015b9084fb0,NY,NY,10,02,DUVERGÉ,061002,876725a21ffffff
e5c6e1a4-ae58-4f19-bfad-899ad510abf1,1931016229,Buxus glomerata,Buxus glomerata (Griseb.) Müll.Arg.,Buxaceae,Buxus,SPECIES,PRESERVED_SPECIMEN,1985-05-09,1985,-71.57,18.28,NA,d415c253-4d61-4459-9d25-4015b9084fb0,NY,NY,10,02,DUVERGÉ,061002,876725a75ffffff
e617c899-6a7d-4ee2-add8-dc1812eb2db8,1931020512,Sideroxylon salicifolium,Sideroxylon salicifolium (L.) Lam.,Sapotaceae,Sideroxylon,SPECIES,PRESERVED_SPECIMEN,1985-05-09,1985,-71.57,18.28,NA,d415c253-4d61-4459-9d25-4015b9084fb0,NY,NY,10,02,DUVERGÉ,061002,876725a75ffffff
e66e2eb5-5d41-40f9-b095-40777e0ff501,1931025429,Macromitrium microstomum,Macromitrium microstomum (Hook. & Grev.) Schwägr.,Orthotrichaceae,Macromitrium,SPECIES,PRESERVED_SPECIMEN,1981-03-21,1981,-71.7,18.32,NA,d415c253-4d61-4459-9d25-4015b9084fb0,NY,NY,10,02,DUVERGÉ,061002,876725a02ffffff
e67e36b5-3904-4d2f-ba7b-a9f823fda1d9,4598144396,Polystichum triangulum,Polystichum triangulum (L.) Fée,Dryopteridaceae,Polystichum,SPECIES,PRESERVED_SPECIMEN,2018-12-08,2018,-71.70826,18.31668,NA,b89d52a2-861d-4388-adad-c0da3d55fc78,UF,,10,02,DUVERGÉ,061002,876725a02ffffff
e696a0df-2b76-4251-8654-a82a94ec67e3,1931027577,Amyris diatrypa,Amyris diatrypa Spreng.,Rutaceae,Amyris,SPECIES,PRESERVED_SPECIMEN,1992-12-15,1992,-71.57,18.3,NA,d415c253-4d61-4459-9d25-4015b9084fb0,NY,NY,10,02,DUVERGÉ,061002,876725b5bffffff
e69c5794fe3195e59f1e278643b3fb5f,2629508752,Prionodon densus,Prionodon densus (Sw. ex Hedw.) Müll. Hal.,Prionodontaceae,Prionodon,SPECIES,PRESERVED_SPECIMEN,1981-04-21,1981,-71.708333,18.291667,NA,98c51784-da02-4f0e-81a4-f3635cb3cba7,INECOL,XAL,10,02,DUVERGÉ,061002,876725a1effffff
e6b256e7-32ac-4212-bcdb-6930e51322b4,1931028967,Sematophyllum swartzii,Sematophyllum swartzii (Schwägr.) W.H. Welch & H.A. Crum,Sematophyllaceae,Sematophyllum,SPECIES,PRESERVED_SPECIMEN,1981-03-21,1981,-71.7,18.28,NA,d415c253-4d61-4459-9d25-4015b9084fb0,NY,NY,10,02,DUVERGÉ,061002,876725a18ffffff
e6e1b0a9-6cb1-4862-afb7-571c4f2d17d3,1931031631,Hypopterygium tamarisci,Hypopterygium tamarisci (Sw.) Brid. ex Müll. Hal.,Hypopterygiaceae,Hypopterygium,SPECIES,PRESERVED_SPECIMEN,1987-01-24,1987,-71.55,18.27,NA,d415c253-4d61-4459-9d25-4015b9084fb0,NY,NY,10,02,DUVERGÉ,061002,876725a62ffffff
e73082bf-1749-4900-90a1-8f9290d7d6b9,1931036036,Pitcairnia elizabethae,Pitcairnia elizabethae L.B.Sm.,Bromeliaceae,Pitcairnia,SPECIES,PRESERVED_SPECIMEN,1983-08-17,1983,-71.7,18.32,NA,d415c253-4d61-4459-9d25-4015b9084fb0,NY,NY,10,02,DUVERGÉ,061002,876725a02ffffff
e754e4ae-3566-4983-a5d1-e248125e2a17,1931038135,Lomaridium fragile,Blechnum fragile (Liebm.) C.V.Morton & Lellinger,Blechnaceae,Lomaridium,SPECIES,PRESERVED_SPECIMEN,1985-05-19,1985,-71.53,18.2,NA,d415c253-4d61-4459-9d25-4015b9084fb0,NY,NY,10,02,DUVERGÉ,061002,876725a48ffffff
e789ad1e-82f5-41b1-9024-a3155933ab49,1931040893,Lepyrodontopsis trichophylla,Lepyrodontopsis trichophylla (Sw. ex Hedw.) Broth.,Meteoriaceae,Lepyrodontopsis,SPECIES,PRESERVED_SPECIMEN,1987-01-25,1987,-71.52,18.27,NA,d415c253-4d61-4459-9d25-4015b9084fb0,NY,NY,10,02,DUVERGÉ,061002,876725a61ffffff
e793c0d1-dfd0-4766-a857-cafb374bdf83,1931041552,Miconia inaequipetiolata,Miconia inaequipetiolata Majure & Judd,Melastomataceae,Miconia,SPECIES,PRESERVED_SPECIMEN,2016-02-04,2016,-71.69556,18.32801,NA,d415c253-4d61-4459-9d25-4015b9084fb0,NY,NY,10,02,DUVERGÉ,061002,876725a06ffffff
e7b14f58-23e7-40d4-b750-be9104509ae7,1931043069,Peperomia galioides,Peperomia galioides Kunth,Piperaceae,Peperomia,SPECIES,PRESERVED_SPECIMEN,1985-03-17,1985,-71.5,18.23,NA,d415c253-4d61-4459-9d25-4015b9084fb0,NY,NY,10,02,DUVERGÉ,061002,876725a68ffffff
e87e8468-d38c-41ad-8174-9065879ca342,1931054257,Paspalum fimbriatum,Paspalum fimbriatum Kunth,Poaceae,Paspalum,SPECIES,PRESERVED_SPECIMEN,1985-05-09,1985,-71.57,18.28,NA,d415c253-4d61-4459-9d25-4015b9084fb0,NY,NY,10,02,DUVERGÉ,061002,876725a75ffffff
e9b2f636-8be3-4bcf-8390-4609719df2fe,1931070994,Ptychomitrium indicum,Barbula indica (Willd. ex Schrad.) Spreng.,Ptychomitriaceae,Ptychomitrium,SPECIES,PRESERVED_SPECIMEN,1981-03-21,1981,-71.7,18.32,NA,d415c253-4d61-4459-9d25-4015b9084fb0,NY,NY,10,02,DUVERGÉ,061002,876725a02ffffff
e9d3bbf3-aab7-4cb2-a7fc-7301e69aabdd,4111433433,Sticherus C.Presl,Sticherus C.Presl,Gleicheniaceae,Sticherus,GENUS,PRESERVED_SPECIMEN,2018-12-08,2018,-71.708,18.317,NA,b89d52a2-861d-4388-adad-c0da3d55fc78,UF,,10,02,DUVERGÉ,061002,876725a02ffffff
ea1cd783-1c19-4f2c-82d0-6f1796b54237,1931077122,Diphasiastrum fawcettii,Lycopodium fawcettii F.E.Lloyd & Underw.,Lycopodiaceae,Diphasiastrum,SPECIES,PRESERVED_SPECIMEN,1985-03-17,1985,-71.5,18.23,NA,d415c253-4d61-4459-9d25-4015b9084fb0,NY,NY,10,02,DUVERGÉ,061002,876725a68ffffff
ea5a6b26-ae4a-499d-bcb8-81d999094ec6,1931079825,Rosulabryum truncorum,Bryum truncorum (Brid.) Brid.,Bryaceae,Rosulabryum,SPECIES,PRESERVED_SPECIMEN,1981-03-21,1981,-71.7,18.28,NA,d415c253-4d61-4459-9d25-4015b9084fb0,NY,NY,10,02,DUVERGÉ,061002,876725a18ffffff
eaaee6af-039b-4d78-b453-c630f4b1fc73,1931084865,Pellaea ovata,Pellaea ovata (Desv.) Weath.,Pteridaceae,Pellaea,SPECIES,PRESERVED_SPECIMEN,1983-08-17,1983,-71.7,18.32,NA,d415c253-4d61-4459-9d25-4015b9084fb0,NY,NY,10,02,DUVERGÉ,061002,876725a02ffffff
eac3d5f2-8f49-42ad-83c0-f5d6cc521056,1931085964,Annona glabra,Annona glabra L.,Annonaceae,Annona,SPECIES,PRESERVED_SPECIMEN,1987-05-26,1987,-71.55,18.38,NA,d415c253-4d61-4459-9d25-4015b9084fb0,NY,NY,10,02,DUVERGÉ,061002,876725b44ffffff
eb787bef-9ace-4f23-bc22-fc14182692e3,1931095540,Fissidens taxifolius,Fissidens taxifolius Hedw.,Fissidentaceae,Fissidens,SPECIES,PRESERVED_SPECIMEN,1981-03-21,1981,-71.7,18.32,NA,d415c253-4d61-4459-9d25-4015b9084fb0,NY,NY,10,02,DUVERGÉ,061002,876725a02ffffff
ecb143ca-e9f0-4824-a9c5-a18f43a8fe86,1931113102,Turpinia picardae,Turpinia picardae Urb.,Staphyleaceae,Turpinia,SPECIES,PRESERVED_SPECIMEN,1985-03-17,1985,-71.5,18.23,NA,d415c253-4d61-4459-9d25-4015b9084fb0,NY,NY,10,02,DUVERGÉ,061002,876725a68ffffff
ecdb6cad-4d0d-4b29-9885-78b1af731745,1931116921,Goniopteris retroflexa,Thelypteris retroflexa (L.) Proctor & Lourteig,Thelypteridaceae,Goniopteris,SPECIES,PRESERVED_SPECIMEN,1983-08-18,1983,-71.7083,18.3,NA,d415c253-4d61-4459-9d25-4015b9084fb0,NY,NY,10,02,DUVERGÉ,061002,876725a1cffffff
ed32aaae-1aea-4f76-8d74-3a375fc2f6c2,1931119715,Alleniella urnigera,Neckera urnigera Müll. Hal.,Neckeraceae,Alleniella,SPECIES,PRESERVED_SPECIMEN,1987-01-24,1987,-71.55,18.27,NA,d415c253-4d61-4459-9d25-4015b9084fb0,NY,NY,10,02,DUVERGÉ,061002,876725a62ffffff
ed5bf264-46b5-4c43-b158-4ad10f0aa60f,1999353162,Stelis antillensis,Pleurothallis domingensis Cogn.,Orchidaceae,Stelis,SPECIES,PRESERVED_SPECIMEN,1985-05-09,1985,-71.5,18.2,NA,861e6afe-f762-11e1-a439-00145eb45e9a,GH,GH,10,02,DUVERGÉ,061002,876725a4dffffff
ed9e0dd4-123d-473d-bf86-791886e19f9c,1931125822,Asplenium abscissum,Asplenium abscissum Willd.,Aspleniaceae,Asplenium,SPECIES,PRESERVED_SPECIMEN,1985-03-18,1985,-71.52,18.2,NA,d415c253-4d61-4459-9d25-4015b9084fb0,NY,NY,10,02,DUVERGÉ,061002,876725a48ffffff
edaa77f7-133f-40b1-a954-cb03d82c2e32,5065062450,Carex ekmanii,Carex ekmanii Kük.,Cyperaceae,Carex,SPECIES,PRESERVED_SPECIMEN,2023-01-24,2023,-71.51826,18.20572,NA,b89d52a2-861d-4388-adad-c0da3d55fc78,UF,,10,02,DUVERGÉ,061002,876725a4cffffff
edf4fc47-1003-4330-b50d-b7b567a7e30a,1931129884,Senegalia angustifolia,Senegalia angustifolia (Lam.) Britton & Rose,Fabaceae,Senegalia,SPECIES,PRESERVED_SPECIMEN,1986-03-20,1986,-71.57,18.3,NA,d415c253-4d61-4459-9d25-4015b9084fb0,NY,NY,10,02,DUVERGÉ,061002,876725b5bffffff
ee258cf6-740a-40f9-8306-765e9cba0ce7,4598144400,Rondeletia L.,Rondeletia L.,Rubiaceae,Rondeletia,GENUS,PRESERVED_SPECIMEN,2021-05-25,2021,-71.57073,18.28896,NA,b89d52a2-861d-4388-adad-c0da3d55fc78,UF,,10,02,DUVERGÉ,061002,876725a75ffffff
ee8b5bee-eac1-41df-b8e4-ec0d6a27aedc,4443701417,Erythroxylum williamsii,Erythroxylum williamsii Standl. ex Plowman,Erythroxylaceae,Erythroxylum,SPECIES,PRESERVED_SPECIMEN,2009-04-24,2009,-71.585983,18.402433,NA,89c53edb-0fac-4118-bdc0-d70ca50953dc,DBG,KHD,10,02,DUVERGÉ,061002,876725b70ffffff
eeb1081d-c363-4dd3-bed9-ca7749321642,1931141115,Meriania involucrata,Meriania involucrata (Desr.) Naudin,Melastomataceae,Meriania,SPECIES,PRESERVED_SPECIMEN,1983-08-18,1983,-71.7083,18.3,NA,d415c253-4d61-4459-9d25-4015b9084fb0,NY,NY,10,02,DUVERGÉ,061002,876725a1cffffff
ef65af35-3ef5-4376-b979-975f0903c75c,1931150519,Frangula sphaerosperma,Rhamnus sphaerosperma Sw.,Rhamnaceae,Frangula,SPECIES,PRESERVED_SPECIMEN,1983-08-18,1983,-71.7083,18.3,NA,d415c253-4d61-4459-9d25-4015b9084fb0,NY,NY,10,02,DUVERGÉ,061002,876725a1cffffff
ef707ce5-5278-4091-9617-7b130449191c,1846482947,Miconia affinis,Miconia microcarpa DC.,Melastomataceae,Miconia,SPECIES,PRESERVED_SPECIMEN,2016-02-04,2016,-71.69695,18.30256,NA,3c59bd42-7bfd-421b-8da4-275780390e4c,DES,,10,02,DUVERGÉ,061002,876725a1cffffff
efadb5cf-a7dc-44b4-bede-8a154de85328,1931154555,Zygodon reinwardtii,Zygodon reinwardtii (Hornsch.) A. Braun,Orthotrichaceae,Zygodon,SPECIES,PRESERVED_SPECIMEN,1991-09-30,1991,-71.7,18.28,NA,d415c253-4d61-4459-9d25-4015b9084fb0,NY,NY,10,02,DUVERGÉ,061002,876725a18ffffff
f0525527-d249-4800-b4f6-3537de7baea2,4598145410,Carex scabrella,Carex scabrella Wahlenb.,Cyperaceae,Carex,SPECIES,PRESERVED_SPECIMEN,2021-05-25,2021,-71.56647,18.28371,NA,b89d52a2-861d-4388-adad-c0da3d55fc78,UF,,10,02,DUVERGÉ,061002,876725a75ffffff
f06cc630-874a-4fe6-8b1f-00316beeb67d,1931165925,Lobelia rotundifolia,Lobelia rotundifolia Juss. ex A.DC.,Campanulaceae,Lobelia,SPECIES,PRESERVED_SPECIMEN,1985-03-17,1985,-71.5,18.23,NA,d415c253-4d61-4459-9d25-4015b9084fb0,NY,NY,10,02,DUVERGÉ,061002,876725a68ffffff
f09003c5-43f3-40f3-b897-fa1015c66242,1931167804,Asplenium resiliens,Asplenium resiliens Kunze,Aspleniaceae,Asplenium,SPECIES,PRESERVED_SPECIMEN,1991-09-29,1991,-71.7,18.3,NA,d415c253-4d61-4459-9d25-4015b9084fb0,NY,NY,10,02,DUVERGÉ,061002,876725a1cffffff
f11b339a-0df0-4ce5-8496-8098ad046f31,1931175261,Lyonia microcarpa,Lyonia microcarpa Urb. & Ekman,Ericaceae,Lyonia,SPECIES,PRESERVED_SPECIMEN,1988-04-10,1988,-71.53,18.22,NA,d415c253-4d61-4459-9d25-4015b9084fb0,NY,NY,10,02,DUVERGÉ,061002,876725a41ffffff
f139bd40-3d39-458b-aa61-232a995dac1e,2238706635,Miconia lanceolata,Miconia lanceolata (Desr.) DC.,Melastomataceae,Miconia,SPECIES,PRESERVED_SPECIMEN,2016-02-04,2016,-71.69344,18.30459,NA,b89d52a2-861d-4388-adad-c0da3d55fc78,UF,,10,02,DUVERGÉ,061002,876725a1cffffff
f159ce5c-b5d3-4736-8337-45e4fbf336cf,1931178423,Meteorium deppei,Meteorium deppei (Hornsch. ex Müll. Hal.) Mitt.,Meteoriaceae,Meteorium,SPECIES,PRESERVED_SPECIMEN,1981-03-21,1981,-71.7,18.32,NA,d415c253-4d61-4459-9d25-4015b9084fb0,NY,NY,10,02,DUVERGÉ,061002,876725a02ffffff
f26da4cd-8723-4605-b976-4c049e879034,1931194402,Miconia selleana,Miconia selleana Urb. & Ekman,Melastomataceae,Miconia,SPECIES,PRESERVED_SPECIMEN,2016-02-04,2016,-71.69344,18.30459,NA,d415c253-4d61-4459-9d25-4015b9084fb0,NY,NY,10,02,DUVERGÉ,061002,876725a1cffffff
f26dbce1-f1db-40b1-9cdd-68ec4f862c66,1931194097,Fissidens asplenioides,Fissidens asplenioides Hedw.,Fissidentaceae,Fissidens,SPECIES,PRESERVED_SPECIMEN,1981-03-21,1981,-71.7,18.28,NA,d415c253-4d61-4459-9d25-4015b9084fb0,NY,NY,10,02,DUVERGÉ,061002,876725a18ffffff
f28ef00a-ff61-4807-a3fd-3a583f195a60,1931195971,Acalypha chamaedrifolia,Acalypha chamaedrifolia (Lam.) Müll.Arg.,Euphorbiaceae,Acalypha,SPECIES,PRESERVED_SPECIMEN,1985-05-09,1985,-71.57,18.28,NA,d415c253-4d61-4459-9d25-4015b9084fb0,NY,NY,10,02,DUVERGÉ,061002,876725a75ffffff
f29633a18c973ecc4ca1f2865c003214,3308139280,Solanum infundibuliforme,Solanum microphyllum Hawkes,Solanaceae,Solanum,SPECIES,PRESERVED_SPECIMEN,2003-04-17,2003,-71.5336,18.348,NA,8016518a-f762-11e1-a439-00145eb45e9a,IBUNAM,MEXU,10,02,DUVERGÉ,061002,876725b41ffffff
f2b40750-fc84-4cee-a43e-f983da8bcb37,1931198309,Polystichum muricatum,Polystichum muricatum (L.) Fée,Dryopteridaceae,Polystichum,SPECIES,PRESERVED_SPECIMEN,1985-03-19,1985,-71.53,18.2,NA,d415c253-4d61-4459-9d25-4015b9084fb0,NY,NY,10,02,DUVERGÉ,061002,876725a48ffffff
f30e0635-2943-4452-b506-29b5cbd2c46f,1931203177,Fissidens taxifolius,Fissidens taxifolius Hedw.,Fissidentaceae,Fissidens,SPECIES,PRESERVED_SPECIMEN,1987-01-24,1987,-71.55,18.27,NA,d415c253-4d61-4459-9d25-4015b9084fb0,NY,NY,10,02,DUVERGÉ,061002,876725a62ffffff
f3796040-fd59-4532-bb39-3e50999ea465,1931209345,Pilea lanceolata,Pilea lanceolata (Savigny) Wedd.,Urticaceae,Pilea,SPECIES,PRESERVED_SPECIMEN,1985-03-17,1985,-71.5,18.23,NA,d415c253-4d61-4459-9d25-4015b9084fb0,NY,NY,10,02,DUVERGÉ,061002,876725a68ffffff
f3c64ffe-09f3-4e70-9112-79e18e5684a8,5106971458,Croton azuensis,Croton azuensis Urb.,Euphorbiaceae,Croton,SPECIES,PRESERVED_SPECIMEN,2021-05-25,2021,-71.57073,18.28896,NA,b89d52a2-861d-4388-adad-c0da3d55fc78,UF,,10,02,DUVERGÉ,061002,876725a75ffffff
f44dc0c1-f4ed-4fd5-a6b1-a123081a8302,4946997512,Botrypus virginianus,Botrychium virginianum (L.) Sw.,Ophioglossaceae,Botrypus,SPECIES,PRESERVED_SPECIMEN,2023-01-24,2023,-71.561717,18.208167,NA,b89d52a2-861d-4388-adad-c0da3d55fc78,UF,,10,02,DUVERGÉ,061002,876725a5dffffff
f4a62a64-77fd-49c9-9e8f-9d434d13c31c,1931224653,Ageratina havanensis,Ageratina havanensis (Kunth) R.M.King & H.Rob.,Asteraceae,Ageratina,SPECIES,PRESERVED_SPECIMEN,1985-05-09,1985,-71.57,18.28,NA,d415c253-4d61-4459-9d25-4015b9084fb0,NY,NY,10,02,DUVERGÉ,061002,876725a75ffffff
f4ca2e74-4e9c-48f8-a7ac-a9efa8d5020c,1931228678,Molendoa sendtneriana,Molendoa obtusifolia Broth. & Paris ex Cardot,Pottiaceae,Molendoa,SPECIES,PRESERVED_SPECIMEN,1983-12-07,1983,-71.7,18.2917,NA,d415c253-4d61-4459-9d25-4015b9084fb0,NY,NY,10,02,DUVERGÉ,061002,876725a1cffffff
f4e6c50f-9342-4959-8e11-718fd625242c,1931229784,Cestrum humile,Cestrum humile Urb. & Ekman,Solanaceae,Cestrum,SPECIES,PRESERVED_SPECIMEN,1983-08-17,1983,-71.7,18.3,NA,d415c253-4d61-4459-9d25-4015b9084fb0,NY,NY,10,02,DUVERGÉ,061002,876725a1cffffff
f4fe32ef-92e4-4304-be48-9bec0c093434,4536646248,Goniopteris reptans,Thelypteris reptans (J.F.Gmel.) C.V.Morton,Thelypteridaceae,Goniopteris,SPECIES,PRESERVED_SPECIMEN,2000-07-02,2000,-71.711283,18.30905,NA,785da3a1-3b86-4ac2-8f68-0903cb1cd085,DUKE,,10,02,DUVERGÉ,061002,876725a11ffffff
f50bbf5a-5c10-4b07-ae02-35fa4933340b,1931231529,Physalis peruviana,Physalis peruviana L.,Solanaceae,Physalis,SPECIES,PRESERVED_SPECIMEN,1983-08-18,1983,-71.7083,18.3,NA,d415c253-4d61-4459-9d25-4015b9084fb0,NY,NY,10,02,DUVERGÉ,061002,876725a1cffffff
f51ab47a-1e80-450a-a2bb-ba7380290416,1931232348,Eustoma exaltatum,Eustoma exaltatum (L.) Salisb.,Gentianaceae,Eustoma,SPECIES,PRESERVED_SPECIMEN,1980-07-03,1980,-71.57,18.4,NA,d415c253-4d61-4459-9d25-4015b9084fb0,NY,NY,10,02,DUVERGÉ,061002,876725b70ffffff
f52e6091-fd23-489c-a138-d22f4524f713,1931232848,Miconia inaequipetiolata,Miconia inaequipetiolata Majure & Judd,Melastomataceae,Miconia,SPECIES,PRESERVED_SPECIMEN,2016-02-04,2016,-71.69556,18.32801,NA,d415c253-4d61-4459-9d25-4015b9084fb0,NY,NY,10,02,DUVERGÉ,061002,876725a06ffffff
f53e2d72-2bba-4bf5-9540-224c927e03c6,1931233592,Senna mexicana,Senna mexicana var. mexicana,Fabaceae,Senna,VARIETY,PRESERVED_SPECIMEN,1985-05-09,1985,-71.57,18.28,NA,d415c253-4d61-4459-9d25-4015b9084fb0,NY,NY,10,02,DUVERGÉ,061002,876725a75ffffff
f565a521-8b23-4862-a8d6-5ae3235d5c02,1931236137,Fissidens curvatus,Fissidens curvatus Hornsch.,Fissidentaceae,Fissidens,SPECIES,PRESERVED_SPECIMEN,1987-01-25,1987,-71.6,18.25,NA,d415c253-4d61-4459-9d25-4015b9084fb0,NY,NY,10,02,DUVERGÉ,061002,876725a55ffffff
f5805df4-583b-4946-8d3b-81764861563b,1931237359,Asplenium L.,Asplenium L.,Aspleniaceae,Asplenium,GENUS,PRESERVED_SPECIMEN,1985-03-18,1985,-71.52,18.2,NA,d415c253-4d61-4459-9d25-4015b9084fb0,NY,NY,10,02,DUVERGÉ,061002,876725a48ffffff
f5e1da4e-35f3-4edb-80c3-25fe25eb9787,4598143405,Polystichum ekmanii,Polystichum ekmanii Maxon,Dryopteridaceae,Polystichum,SPECIES,PRESERVED_SPECIMEN,2018-12-08,2018,-71.70826,18.31668,NA,b89d52a2-861d-4388-adad-c0da3d55fc78,UF,,10,02,DUVERGÉ,061002,876725a02ffffff
f5e96fce-b5c6-4f98-98b6-207d3a89c55c,1931244183,Chrysophyllum oliviforme,Chrysophyllum oliviforme subsp. angustifolium (Lam.) T.D.Penn.,Sapotaceae,Chrysophyllum,SUBSPECIES,PRESERVED_SPECIMEN,1985-05-09,1985,-71.57,18.28,NA,d415c253-4d61-4459-9d25-4015b9084fb0,NY,NY,10,02,DUVERGÉ,061002,876725a75ffffff
f617a572-8866-4235-9dde-b03fc65a8134,1931245592,Chionoloma angustatum,Pseudosymblepharis schimperiana (Paris) H.A. Crum,Pottiaceae,Chionoloma,SPECIES,PRESERVED_SPECIMEN,1981-03-21,1981,-71.7,18.32,NA,d415c253-4d61-4459-9d25-4015b9084fb0,NY,NY,10,02,DUVERGÉ,061002,876725a02ffffff
f61cd043-92b2-4676-b710-3a7dcad3a002,1457827838,Miconia lanceolata,Miconia lanceolata (Desr.) DC.,Melastomataceae,Miconia,SPECIES,PRESERVED_SPECIMEN,2004-04-23,2004,-71.533889,18.206389,NA,b89d52a2-861d-4388-adad-c0da3d55fc78,UF,,10,02,DUVERGÉ,061002,876725a4effffff
f64b201e-b09e-4388-9fc7-ced24fe5e00c,1931248810,Elaeodendron xylocarpum,Elaeodendron xylocarpum (Vent.) DC.,Celastraceae,Elaeodendron,SPECIES,PRESERVED_SPECIMEN,1987-01-24,1987,-71.57,18.32,NA,d415c253-4d61-4459-9d25-4015b9084fb0,NY,NY,10,02,DUVERGÉ,061002,876725b58ffffff
f6546fe2-a1ab-40dd-aed9-3ef271800c89,1931248658,Rhynchostegium serrulatum,Rhynchostegium serrulatum (Hedw.) A.Jaeger,Brachytheciaceae,Rhynchostegium,SPECIES,PRESERVED_SPECIMEN,,NA,-71.63,18.35,NA,d415c253-4d61-4459-9d25-4015b9084fb0,NY,NY,10,02,DUVERGÉ,061002,876725a21ffffff
f66ce28b-292d-40eb-9f1a-d3dd3e43ca3c,1931251143,Philonotis sphaericarpa,Philonotis sphaericarpa (Hedw.) Brid.,Bartramiaceae,Philonotis,SPECIES,PRESERVED_SPECIMEN,1981-03-21,1981,-71.7,18.28,NA,d415c253-4d61-4459-9d25-4015b9084fb0,NY,NY,10,02,DUVERGÉ,061002,876725a18ffffff
f6a7870d-293d-4e8d-8b7a-1766315888b7,1931253339,Plagiochila (Dumort.) Dumort.,Plagiochila (Dumort.) Dumort.,Plagiochilaceae,Plagiochila,GENUS,PRESERVED_SPECIMEN,1983-08-18,1983,-71.7083,18.3,NA,d415c253-4d61-4459-9d25-4015b9084fb0,NY,NY,10,02,DUVERGÉ,061002,876725a1cffffff
f6fb920c-6163-468e-871a-0bf18376d6ce,2270676420,Eugenia confusa,Eugenia confusa DC.,Myrtaceae,Eugenia,SPECIES,PRESERVED_SPECIMEN,1994-05-26,1994,-71.5333,18.2917,NA,e05fd4c2-4d77-4c50-880e-1b22096af300,ASU,Plants,10,02,DUVERGÉ,061002,876725a64ffffff
f77b0032-11dd-4c89-a219-dc6cd3f09a08,2447324983,Elaphoglossum Schott ex J.Sm.,Elaphoglossum Schott ex J.Sm.,Dryopteridaceae,Elaphoglossum,GENUS,PRESERVED_SPECIMEN,1985-05-08,1985,-71.47,18.23,NA,d415c253-4d61-4459-9d25-4015b9084fb0,NY,NY,10,02,DUVERGÉ,061002,874cd669affffff
f77f192cf19d8db5b2ac18ce09b7ba79,3308727403,Solanum torvum,Solanum crotonoides Michx. ex Dunal,Solanaceae,Solanum,SPECIES,PRESERVED_SPECIMEN,2003-04-17,2003,-71.697,18.307,NA,8016518a-f762-11e1-a439-00145eb45e9a,IBUNAM,MEXU,10,02,DUVERGÉ,061002,876725a1cffffff
f783f488-f751-4380-bffd-f174177379d4,1931265666,Haplocladium microphyllum,Haplocladium microphyllum (Hedw.) Broth.,Leskeaceae,Haplocladium,SPECIES,PRESERVED_SPECIMEN,1981-03-21,1981,-71.63,18.35,NA,d415c253-4d61-4459-9d25-4015b9084fb0,NY,NY,10,02,DUVERGÉ,061002,876725a21ffffff
f7b9551e-63b8-4bbd-9087-a6ca8d6fdcc8,1931268385,Eurhynchiastrum pulchellum,Eurhynchium pulchellum (Hedw.) Jenn.,Brachytheciaceae,Eurhynchiastrum,SPECIES,PRESERVED_SPECIMEN,1987-01-26,1987,-71.62,18.25,NA,d415c253-4d61-4459-9d25-4015b9084fb0,NY,NY,10,02,DUVERGÉ,061002,876725a56ffffff
f7c71275-4b90-4f42-89f2-593fc1adcc46,1931269099,Hymenophyllum Sm.,Hymenophyllum Sm.,Hymenophyllaceae,Hymenophyllum,GENUS,PRESERVED_SPECIMEN,1983-08-18,1983,-71.7083,18.3,NA,d415c253-4d61-4459-9d25-4015b9084fb0,NY,NY,10,02,DUVERGÉ,061002,876725a1cffffff
f7cc1bb5-80b6-4bec-8432-a59f839a267d,1931269298,Chionoloma angustatum,Chionoloma angustatum (Mitt.) M. Menzel,Pottiaceae,Chionoloma,SPECIES,PRESERVED_SPECIMEN,1981-03-21,1981,-71.7,18.32,NA,d415c253-4d61-4459-9d25-4015b9084fb0,NY,NY,10,02,DUVERGÉ,061002,876725a02ffffff
f82e63ca-e3fd-48ad-971d-0a215bcba359,1057596017,Gymnanthes lucida,Gymnanthes lucida Sw.,Euphorbiaceae,Gymnanthes,SPECIES,PRESERVED_SPECIMEN,1950-07-22,1950,-71.57556,18.371417,NA,7e380070-f762-11e1-a439-00145eb45e9a,NHMUK,BOT,10,02,DUVERGÉ,061002,876725b55ffffff
f83a51e6-eb11-419a-be59-703a0c342ee1,4598143406,Polystichum triangulum,Polystichum triangulum (L.) Fée,Dryopteridaceae,Polystichum,SPECIES,PRESERVED_SPECIMEN,2018-12-08,2018,-71.69312,18.30457,NA,b89d52a2-861d-4388-adad-c0da3d55fc78,UF,,10,02,DUVERGÉ,061002,876725a1cffffff
f84bf70e-efe4-4099-bdbf-f205e08e7844,1931276261,Dichaea trichocarpa,Dichaea trichocarpa (Sw.) Lindl.,Orchidaceae,Dichaea,SPECIES,PRESERVED_SPECIMEN,1985-05-09,1985,-71.5,18.23,NA,d415c253-4d61-4459-9d25-4015b9084fb0,NY,NY,10,02,DUVERGÉ,061002,876725a68ffffff
f8776c45-9d20-4d9e-b04c-16f7899526b6,1931278900,Megalastrum martinicense,"Megalastrum martinicense (Spreng.) R.C.Moran, J.Prado & Labiak",Dryopteridaceae,Megalastrum,SPECIES,PRESERVED_SPECIMEN,1983-08-18,1983,-71.7083,18.3,NA,d415c253-4d61-4459-9d25-4015b9084fb0,NY,NY,10,02,DUVERGÉ,061002,876725a1cffffff
f8be5dd3-a9ed-4455-b375-8147dcc6dc00,1931283114,Allophylus racemosus,Allophylus racemosus (L.) Radlk.,Sapindaceae,Allophylus,SPECIES,PRESERVED_SPECIMEN,1983-08-17,1983,-71.67,18.325,NA,d415c253-4d61-4459-9d25-4015b9084fb0,NY,NY,10,02,DUVERGÉ,061002,876725a00ffffff
f925d415-50d7-4871-b640-559e2ea98c68,4079747601,Baccharis myrsinites,Baccharis myrsinites Pers.,Asteraceae,Baccharis,SPECIES,PRESERVED_SPECIMEN,1958-08-22,1958,-71.71555,18.28989,348,3b040a48-deae-485c-95b1-2ac80b7fdc54,IIBZ,USD,10,02,DUVERGÉ,061002,876725a1effffff
f9f3a218-39be-4995-b61f-f487587ae7f1,1931300035,Thuidium urceolatum,Thuidium urceolatum Lorentz,Thuidiaceae,Thuidium,SPECIES,PRESERVED_SPECIMEN,2006-06-03,2006,-71.53431,18.20617,NA,d415c253-4d61-4459-9d25-4015b9084fb0,NY,NY,10,02,DUVERGÉ,061002,876725a4effffff
fa16cfe0-5c13-493e-9580-bd364eb9e0a0,1931301974,Syrrhopodon prolifer,Syrrhopodon prolifer Schwägr.,Calymperaceae,Syrrhopodon,SPECIES,PRESERVED_SPECIMEN,1981-03-21,1981,-71.7,18.28,NA,d415c253-4d61-4459-9d25-4015b9084fb0,NY,NY,10,02,DUVERGÉ,061002,876725a18ffffff
fa1d4c28e4418f74677628c642669a4d,5101883294,Prionodon densus,Prionodon densus (Sw. ex Hedw.) Müll. Hal.,Prionodontaceae,Prionodon,SPECIES,PRESERVED_SPECIMEN,1981-04-21,1981,-71.708333,18.291667,NA,356b321d-7d47-4380-89e2-87bae6d8c250,INECOL,XAL,10,02,DUVERGÉ,061002,876725a1effffff
fa32d304-238d-4f39-a320-eb95c2273ea5,1931303348,Polyphlebium angustatum,Trichomanes angustatum Carmich.,Hymenophyllaceae,Polyphlebium,SPECIES,PRESERVED_SPECIMEN,1987-01-25,1987,-71.53,18.2,NA,d415c253-4d61-4459-9d25-4015b9084fb0,NY,NY,10,02,DUVERGÉ,061002,876725a48ffffff
fa941826-e1f4-4f5e-b940-f8fe45e1c5d5,1931308616,Piscidia ekmanii,Piscidia ekmanii Rudd,Fabaceae,Piscidia,SPECIES,PRESERVED_SPECIMEN,1985-07-25,1985,-71.55,18.33,NA,d415c253-4d61-4459-9d25-4015b9084fb0,NY,NY,10,02,DUVERGÉ,061002,876725b5dffffff
fae958a1-7abc-42fa-845c-db1da764f38e,1931313610,Sideroxylon repens,Sideroxylon repens (Urb. & Ekman) T.D.Penn.,Sapotaceae,Sideroxylon,SPECIES,PRESERVED_SPECIMEN,1988-04-10,1988,-71.53,18.22,NA,d415c253-4d61-4459-9d25-4015b9084fb0,NY,NY,10,02,DUVERGÉ,061002,876725a41ffffff
fb466de4-9e91-474c-8da3-c2aaa2c0f29e,1931318759,Isopterygium subbrevisetum,Isopterygium subbrevisetum (Hampe) Broth.,Pylaisiadelphaceae,Isopterygium,SPECIES,PRESERVED_SPECIMEN,1987-01-25,1987,-71.55,18.23,NA,d415c253-4d61-4459-9d25-4015b9084fb0,NY,NY,10,02,DUVERGÉ,061002,876725a40ffffff
fb51fb10-9c13-4b0c-a987-f06e718e8442,4853229506,Lepidaploa sprengeliana,Vernonia sprengeliana Sch.Bip.,Asteraceae,Lepidaploa,SPECIES,PRESERVED_SPECIMEN,1993-12-03,1993,-71.508333,18.283333,NA,b89d52a2-861d-4388-adad-c0da3d55fc78,UF,,10,02,DUVERGÉ,061002,876725a65ffffff
fbe75907-2a9a-4a2b-a170-4d21afc558d3,1457829940,Cestrum humile,Cestrum humile Urb. & Ekman,Solanaceae,Cestrum,SPECIES,PRESERVED_SPECIMEN,2000-04-07,2000,-71.718611,18.290833,NA,b89d52a2-861d-4388-adad-c0da3d55fc78,UF,,10,02,DUVERGÉ,061002,876725a1effffff
fc4a30c5-ba9a-4796-9d3d-1ea6f62bba41,4539229356,Solanum tetramerum,Solanum tetramerum Dunal & A.DC.,Solanaceae,Solanum,SPECIES,PRESERVED_SPECIMEN,1987-05-26,1987,-71.55,18.383333,NA,b89d52a2-861d-4388-adad-c0da3d55fc78,UF,,10,02,DUVERGÉ,061002,876725b44ffffff
fc4d73e3-8967-4244-8d98-e94b92340ee6,1931332915,Evolvulus arbuscula,Evolvulus arbuscula Poir.,Convolvulaceae,Evolvulus,SPECIES,PRESERVED_SPECIMEN,1985-05-09,1985,-71.57,18.3,NA,d415c253-4d61-4459-9d25-4015b9084fb0,NY,NY,10,02,DUVERGÉ,061002,876725b5bffffff
fc928ee0-90cc-4921-9e2d-79c557bf053a,1931336828,Plumeria obtusa,Plumeria obtusa L.,Apocynaceae,Plumeria,SPECIES,PRESERVED_SPECIMEN,1987-08-28,1987,-71.57,18.27,NA,d415c253-4d61-4459-9d25-4015b9084fb0,NY,NY,10,02,DUVERGÉ,061002,876725a71ffffff
fca1248e-0d8b-42d5-8313-b59cce31db78,1931340808,Pleopeltis macrocarpa,Pleopeltis macrocarpa (Bory ex Willd.) Kaulf.,Polypodiaceae,Pleopeltis,SPECIES,PRESERVED_SPECIMEN,1991-09-30,1991,-71.7,18.28,NA,d415c253-4d61-4459-9d25-4015b9084fb0,NY,NY,10,02,DUVERGÉ,061002,876725a18ffffff
fd4221dc-6623-4fd0-9a29-566f50fe0d97,4946997519,Dichanthelium laxiflorum,Dichanthelium laxiflorum (Lam.) Gould,Poaceae,Dichanthelium,SPECIES,PRESERVED_SPECIMEN,2023-01-24,2023,-71.53416,18.20755,NA,b89d52a2-861d-4388-adad-c0da3d55fc78,UF,,10,02,DUVERGÉ,061002,876725a4effffff
fd65c10c-343e-4171-9414-0e67a25b0380,1931348342,Amauropelta pilosula,Thelypteris pilosula (Klotzsch & H.Karst. ex Mett.) R.M.Tryon,Thelypteridaceae,Amauropelta,SPECIES,PRESERVED_SPECIMEN,1983-08-18,1983,-71.7083,18.3,NA,d415c253-4d61-4459-9d25-4015b9084fb0,NY,NY,10,02,DUVERGÉ,061002,876725a1cffffff
fd8a0cf5-7c57-412a-88b6-f947247e9dc5,1931347893,Porotrichum korthalsianum,Porotrichum korthalsianum (Dozy & Molk.) Mitt.,Neckeraceae,Porotrichum,SPECIES,PRESERVED_SPECIMEN,1987-01-25,1987,-71.52,18.27,NA,d415c253-4d61-4459-9d25-4015b9084fb0,NY,NY,10,02,DUVERGÉ,061002,876725a61ffffff
fd9c75c1-933d-495b-ad03-08235ad6245a,1931351887,Abutilon viscosum,Bastardia viscosa (L.) Kunth,Malvaceae,Abutilon,SPECIES,PRESERVED_SPECIMEN,1980-07-03,1980,-71.62,18.4083,NA,d415c253-4d61-4459-9d25-4015b9084fb0,NY,NY,10,02,DUVERGÉ,061002,876725b0dffffff
fe0addf7-04a9-4f15-896b-341939d53490,1931359651,Funaria calvescens,Funaria calvescens Schwägr.,Funariaceae,Funaria,SPECIES,PRESERVED_SPECIMEN,1981-03-21,1981,-71.7,18.28,NA,d415c253-4d61-4459-9d25-4015b9084fb0,NY,NY,10,02,DUVERGÉ,061002,876725a18ffffff
fe198959-da29-42a6-8b98-9a5ec37fcf8e,1931360371,Emilia fosbergii,Emilia fosbergii Nicolson,Asteraceae,Emilia,SPECIES,PRESERVED_SPECIMEN,1985-05-09,1985,-71.57,18.28,NA,d415c253-4d61-4459-9d25-4015b9084fb0,NY,NY,10,02,DUVERGÉ,061002,876725a75ffffff
fe75734f-0b6d-40fe-84de-f0e766666929,1931365763,Prosthechea fuertesii,Prosthechea fuertesii (Cogn.) Christenson,Orchidaceae,Prosthechea,SPECIES,PRESERVED_SPECIMEN,1985-05-09,1985,-71.5,18.23,NA,d415c253-4d61-4459-9d25-4015b9084fb0,NY,NY,10,02,DUVERGÉ,061002,876725a68ffffff
fe7fe233-9cd8-4d0a-9f38-2ca54d82976c,2447359214,Elaphoglossum eggersii,Elaphoglossum eggersii (Baker) Christ,Dryopteridaceae,Elaphoglossum,SPECIES,PRESERVED_SPECIMEN,1985-03-17,1985,-71.5,18.23,NA,d415c253-4d61-4459-9d25-4015b9084fb0,NY,NY,10,02,DUVERGÉ,061002,876725a68ffffff
ff0f4bed-ff5c-4cce-9bb2-286a81c9ac22,4946997967,Sideroxylon horridum,Sideroxylon horridum (Griseb.) T.D.Penn.,Sapotaceae,Sideroxylon,SPECIES,PRESERVED_SPECIMEN,2023-01-24,2023,-71.53416,18.20755,NA,b89d52a2-861d-4388-adad-c0da3d55fc78,UF,,10,02,DUVERGÉ,061002,876725a4effffff
ff573263-c899-4171-91d8-309d0e6fc6fc,1931375471,Toloxis imponderosa,Toloxis imponderosa (Taylor) W.R. Buck,Meteoriaceae,Toloxis,SPECIES,PRESERVED_SPECIMEN,1981-03-21,1981,-71.7,18.28,NA,d415c253-4d61-4459-9d25-4015b9084fb0,NY,NY,10,02,DUVERGÉ,061002,876725a18ffffff
ff6a0301-fc70-4868-bfa8-930946609ef4,1931376574,Chryso-hypnum diminutivum,Chryso-hypnum diminutivum (Hampe) W.R. Buck,Hypnaceae,Chryso-hypnum,SPECIES,PRESERVED_SPECIMEN,1981-03-21,1981,-71.63,18.35,NA,d415c253-4d61-4459-9d25-4015b9084fb0,NY,NY,10,02,DUVERGÉ,061002,876725a21ffffff
http://id.luomus.fi/MY.10605891,3440867537,Hymenodon reggaeus,Hymenodon reggaeus Kartt. & S. Bäck,Orthodontiaceae,Hymenodon,SPECIES,PRESERVED_SPECIMEN,1987-01-25T00:00Z,1987,-71.516666,18.266666,NA,e16466e8-abb2-47dc-a546-9464d03bec2b,H,HR.188,10,02,DUVERGÉ,061002,876725a61ffffff
http://n2t.net/ark:/65665/301605cf8-1e02-4baf-8537-4b42b6f2dc89,1317233676,Calliandra haematomma,Calliandra haematostoma (Bertero ex Spreng.) Urb.,Fabaceae,Calliandra,SPECIES,PRESERVED_SPECIMEN,1992-12-15,1992,-71.57,18.3,NA,821cc27a-e3bb-4bc5-ac34-89ada245069d,US,US,10,02,DUVERGÉ,061002,876725b5bffffff
http://n2t.net/ark:/65665/3021f2518-4430-41b0-bdbf-4b37760ee0c9,2571353503,Phoradendron racemosum,Phoradendron racemosum (Aubl.) Krug & Urb.,Viscaceae,Phoradendron,SPECIES,PRESERVED_SPECIMEN,2019-11-27,2019,-71.6774,18.3244,NA,821cc27a-e3bb-4bc5-ac34-89ada245069d,US,US,10,02,DUVERGÉ,061002,876725a00ffffff
http://n2t.net/ark:/65665/302832a92-ef30-4e2a-a653-7ee6cabb8fa3,2571353640,Phoradendron mucronatum,Phoradendron mucronatum (DC.) Krug & Urb.,Viscaceae,Phoradendron,SPECIES,PRESERVED_SPECIMEN,2019-11-24,2019,-71.5821,18.311,NA,821cc27a-e3bb-4bc5-ac34-89ada245069d,US,US,10,02,DUVERGÉ,061002,876725b5affffff
http://n2t.net/ark:/65665/304a2fefa-8feb-4120-9c24-62e869d24e52,2571354436,Eugenia glabrata,Eugenia glabrata (Sw.) DC.,Myrtaceae,Eugenia,SPECIES,PRESERVED_SPECIMEN,2019-11-24,2019,-71.5778,18.3164,NA,821cc27a-e3bb-4bc5-ac34-89ada245069d,US,US,10,02,DUVERGÉ,061002,876725b5affffff
http://n2t.net/ark:/65665/30642f8a7-9ce0-4e4d-b585-164a2da3bb66,1317344034,Rhytidophyllum vernicosum,Rhytidophyllum vernicosum Urb. & Ekman,Gesneriaceae,Rhytidophyllum,SPECIES,PRESERVED_SPECIMEN,1985-05-08,1985,-71.47,18.23,NA,821cc27a-e3bb-4bc5-ac34-89ada245069d,US,US,10,02,DUVERGÉ,061002,874cd669affffff
http://n2t.net/ark:/65665/3074cdbb8-e4e5-41a1-b67e-28d0035b3994,2571355475,Thinouia Triana & Planch.,Thinouia Triana & Planch.,Sapindaceae,Thinouia,GENUS,PRESERVED_SPECIMEN,2019-11-26,2019,-71.6741,18.3264,NA,821cc27a-e3bb-4bc5-ac34-89ada245069d,US,US,10,02,DUVERGÉ,061002,876725a00ffffff
http://n2t.net/ark:/65665/307beefe9-ad78-4b05-9584-28206e41d505,2571355713,Pitcairnia L'Hér.,Pitcairnia L'Hér.,Bromeliaceae,Pitcairnia,GENUS,PRESERVED_SPECIMEN,2019-11-27,2019,-71.679,18.3254,NA,821cc27a-e3bb-4bc5-ac34-89ada245069d,US,US,10,02,DUVERGÉ,061002,876725a00ffffff
http://n2t.net/ark:/65665/307cd3b26-429f-4ca2-b9f6-7c79b6b21d9a,3413707305,Phoradendron mucronatum,Phoradendron mucronatum (DC.) Krug & Urb.,Viscaceae,Phoradendron,SPECIES,MATERIAL_SAMPLE,2019-11-27,2019,-71.5763,18.3388,NA,26098c25-8f7f-4c71-97ac-1d3db181c65e,US,US,10,02,DUVERGÉ,061002,876725b5effffff
http://n2t.net/ark:/65665/309e5e8be-e209-482e-8246-815110a124bf,1317426073,Erythroxylum areolatum,Erythroxylum areolatum L.,Erythroxylaceae,Erythroxylum,SPECIES,PRESERVED_SPECIMEN,1994-05-26,1994,-71.53,18.2917,NA,821cc27a-e3bb-4bc5-ac34-89ada245069d,US,US,10,02,DUVERGÉ,061002,876725a64ffffff
http://n2t.net/ark:/65665/30ae70206-b559-4f78-9d7b-85e474055084,3413699307,Dendrophthora tetrastachya,Dendrophthora tetrastachya (C.Wright ex Griseb.) Urb.,Viscaceae,Dendrophthora,SPECIES,MATERIAL_SAMPLE,2019-11-26,2019,-71.6746,18.3244,NA,26098c25-8f7f-4c71-97ac-1d3db181c65e,US,US,10,02,DUVERGÉ,061002,876725a00ffffff
http://n2t.net/ark:/65665/30b3b1ae8-b6cb-43fe-b2d4-eeb7426c39f2,3413698303,Phoradendron racemosum,Phoradendron racemosum (Aubl.) Krug & Urb.,Viscaceae,Phoradendron,SPECIES,MATERIAL_SAMPLE,2019-11-27,2019,-71.6774,18.3244,NA,26098c25-8f7f-4c71-97ac-1d3db181c65e,US,US,10,02,DUVERGÉ,061002,876725a00ffffff
http://n2t.net/ark:/65665/30c398bbd-c79a-4130-a0bf-697a755e0691,2571357450,Amyris P.Browne,Amyris P.Browne,Rutaceae,Amyris,GENUS,PRESERVED_SPECIMEN,2019-11-26,2019,-71.6737,18.326,NA,821cc27a-e3bb-4bc5-ac34-89ada245069d,US,US,10,02,DUVERGÉ,061002,876725a00ffffff
http://n2t.net/ark:/65665/30c3a64c1-02f7-4c46-89bf-2c5611efc2af,1317478484,Elaeodendron xylocarpum,Elaeodendron xylocarpum f. oxycarpa Urb.,Celastraceae,Elaeodendron,FORM,PRESERVED_SPECIMEN,1985-04-12,1985,-71.53,18.28,NA,821cc27a-e3bb-4bc5-ac34-89ada245069d,US,US,10,02,DUVERGÉ,061002,876725a60ffffff
http://n2t.net/ark:/65665/30d423662-9f9b-4a6b-b76f-47be1e085085,1317501807,Pteris stridens,Pteris stridens J.Agardh,Pteridaceae,Pteris,SPECIES,PRESERVED_SPECIMEN,1985-03-17,1985,-71.5,18.23,NA,821cc27a-e3bb-4bc5-ac34-89ada245069d,US,US,10,02,DUVERGÉ,061002,876725a68ffffff
http://n2t.net/ark:/65665/30d7fc4d3-4650-4e8e-851d-7fbf079c349e,1317507207,Acrostichum danaeifolium,Acrostichum danaeifolium Langsd. & Fisch.,Pteridaceae,Acrostichum,SPECIES,PRESERVED_SPECIMEN,1980-07-03,1980,-71.57,18.4,NA,821cc27a-e3bb-4bc5-ac34-89ada245069d,US,US,10,02,DUVERGÉ,061002,876725b70ffffff
http://n2t.net/ark:/65665/30da47096-416e-4595-a42f-b755a23efaea,1317510448,Isidorea leonardii,Isidorea leonardii Urb.,Rubiaceae,Isidorea,SPECIES,PRESERVED_SPECIMEN,1985-05-09,1985,-71.57,18.28,NA,821cc27a-e3bb-4bc5-ac34-89ada245069d,US,US,10,02,DUVERGÉ,061002,876725a75ffffff
http://n2t.net/ark:/65665/30e45dca7-dab8-4094-9124-194c28fe8679,4041143311,Croton moustiquensis,Croton moustiquensis Urb.,Euphorbiaceae,Croton,SPECIES,PRESERVED_SPECIMEN,2019-11-27,2019,-71.5763,18.3388,NA,821cc27a-e3bb-4bc5-ac34-89ada245069d,US,US,10,02,DUVERGÉ,061002,876725b5effffff
http://n2t.net/ark:/65665/311a51cd3-5f1c-49f5-8153-4a7b169d235f,2571359462,Pisonia ochracea,Pisonia ochracea Heimerl,Nyctaginaceae,Pisonia,SPECIES,PRESERVED_SPECIMEN,2019-11-27,2019,-71.5721,18.3427,NA,821cc27a-e3bb-4bc5-ac34-89ada245069d,US,US,10,02,DUVERGÉ,061002,876725b5cffffff
http://n2t.net/ark:/65665/3126503f4-ae61-4df0-91b2-908d3c51c0fc,1317618355,Ageratina illita,Ageratina illita (Urb.) R.M.King & H.Rob.,Asteraceae,Ageratina,SPECIES,PRESERVED_SPECIMEN,1991-09-29,1991,-71.7,18.3,NA,821cc27a-e3bb-4bc5-ac34-89ada245069d,US,US,10,02,DUVERGÉ,061002,876725a1cffffff
http://n2t.net/ark:/65665/312c0d2d4-5309-4b28-80fa-c5948c4d72a1,1317626432,Wedelia serrata,Wedelia serrata Rich.,Asteraceae,Wedelia,SPECIES,PRESERVED_SPECIMEN,1994-05-26,1994,-71.53,18.2847,NA,821cc27a-e3bb-4bc5-ac34-89ada245069d,US,US,10,02,DUVERGÉ,061002,876725a60ffffff
http://n2t.net/ark:/65665/31349a200-b991-4a34-a8bb-87515e24ed35,2571360064,Forchhammeria brevipes,Forchhammeria brevipes Urb.,Stixaceae,Forchhammeria,SPECIES,PRESERVED_SPECIMEN,2019-11-27,2019,-71.6749,18.3324,NA,821cc27a-e3bb-4bc5-ac34-89ada245069d,US,US,10,02,DUVERGÉ,061002,876725a04ffffff
http://n2t.net/ark:/65665/313989414-e224-4849-8bdf-794b0da2b04b,2571361176,Phoradendron mucronatum,Phoradendron mucronatum (DC.) Krug & Urb.,Viscaceae,Phoradendron,SPECIES,PRESERVED_SPECIMEN,2019-11-27,2019,-71.5763,18.3388,NA,821cc27a-e3bb-4bc5-ac34-89ada245069d,US,US,10,02,DUVERGÉ,061002,876725b5effffff
http://n2t.net/ark:/65665/315374254-0b1a-48b0-af05-a6bd5c1c4e92,1317682380,Zanthoxylum nashii,Zanthoxylum nashii P.Wilson,Rutaceae,Zanthoxylum,SPECIES,PRESERVED_SPECIMEN,1985-03-09,1985,-71.57,18.28,NA,821cc27a-e3bb-4bc5-ac34-89ada245069d,US,US,10,02,DUVERGÉ,061002,876725a75ffffff
http://n2t.net/ark:/65665/31549785e-27e4-4f54-889f-4f1113f19737,1317683886,Clusia minor,Clusia minor L.,Clusiaceae,Clusia,SPECIES,PRESERVED_SPECIMEN,1983-08-17,1983,-71.67,18.33,NA,821cc27a-e3bb-4bc5-ac34-89ada245069d,US,US,10,02,DUVERGÉ,061002,876725a05ffffff
http://n2t.net/ark:/65665/316e02e3b-af86-4b01-806b-3b15ae2e2c27,3028055089,Phyllanthus L.,Phyllanthus L.,Phyllanthaceae,Phyllanthus,GENUS,MATERIAL_SAMPLE,2019-11-24,2019,-71.5778,18.3164,NA,26098c25-8f7f-4c71-97ac-1d3db181c65e,US,US,10,02,DUVERGÉ,061002,876725b5affffff
http://n2t.net/ark:/65665/317a43b9f-43be-455e-af76-ce228d78e99b,2571362752,Pimenta Lindl.,Pimenta Lindl.,Myrtaceae,Pimenta,GENUS,PRESERVED_SPECIMEN,2019-11-26,2019,-71.5854,18.3422,NA,821cc27a-e3bb-4bc5-ac34-89ada245069d,US,US,10,02,DUVERGÉ,061002,876725b5effffff
http://n2t.net/ark:/65665/31a870f5f-2ba8-49b9-8895-50bb31068a9e,2571363877,Trichilia pallida,Trichilia pallida Sw.,Meliaceae,Trichilia,SPECIES,PRESERVED_SPECIMEN,2019-11-26,2019,-71.6737,18.326,NA,821cc27a-e3bb-4bc5-ac34-89ada245069d,US,US,10,02,DUVERGÉ,061002,876725a00ffffff
http://n2t.net/ark:/65665/31bd3b4e1-5bca-414c-9789-61fb60c5d5ed,2571364309,Cupania americana,Cupania americana L.,Sapindaceae,Cupania,SPECIES,PRESERVED_SPECIMEN,2019-11-26,2019,-71.6736,18.3338,NA,821cc27a-e3bb-4bc5-ac34-89ada245069d,US,US,10,02,DUVERGÉ,061002,876725a04ffffff
http://n2t.net/ark:/65665/31c4eec19-a194-494e-b6ac-138489d01949,3027977318,Rhynchosia Lour.,Rhynchosia Lour.,Fabaceae,Rhynchosia,GENUS,MATERIAL_SAMPLE,2019-11-26,2019,-71.6667,18.3333,NA,26098c25-8f7f-4c71-97ac-1d3db181c65e,US,US,10,02,DUVERGÉ,061002,876725a05ffffff
http://n2t.net/ark:/65665/31d763155-b227-497f-a0b9-3626efa7b9c1,2571364940,Phoradendron haitense,Phoradendron haitense Urb.,Viscaceae,Phoradendron,SPECIES,PRESERVED_SPECIMEN,2019-11-26,2019,-71.6702,18.3326,NA,821cc27a-e3bb-4bc5-ac34-89ada245069d,US,US,10,02,DUVERGÉ,061002,876725a05ffffff
http://n2t.net/ark:/65665/31d7f26cc-5752-4f93-8b07-e4c958a5c125,2571364937,Ottoschulzia domingensis,Ottoschulzia domingensis Urb.,Metteniusaceae,Ottoschulzia,SPECIES,PRESERVED_SPECIMEN,2019-11-26,2019,-71.6737,18.326,NA,821cc27a-e3bb-4bc5-ac34-89ada245069d,US,US,10,02,DUVERGÉ,061002,876725a00ffffff
http://n2t.net/ark:/65665/320005c0a-fb1e-4641-847c-cf0b612e005c,1317926268,Allophylus racemosus,Allophylus racemosus (L.) Radlk.,Sapindaceae,Allophylus,SPECIES,PRESERVED_SPECIMEN,1983-08-17,1983,-71.67,18.32,NA,821cc27a-e3bb-4bc5-ac34-89ada245069d,US,US,10,02,DUVERGÉ,061002,876725a00ffffff
http://n2t.net/ark:/65665/32374da3f-09a2-4fe8-a4b5-d1f68b5955c5,3028069550,Asteraceae Dumort.,Asteraceae Dumort.,Asteraceae,,FAMILY,MATERIAL_SAMPLE,2019-11-27,2019,-71.6186,18.3572,NA,26098c25-8f7f-4c71-97ac-1d3db181c65e,US,US,10,02,DUVERGÉ,061002,876725b52ffffff
http://n2t.net/ark:/65665/3249116f7-7504-48da-8f51-9322e90da8b1,2571367561,Exostema (Pers.) Rich. ex Humb. & Bonpl.,Exostema (Pers.) Rich. ex Humb. & Bonpl.,Rubiaceae,Exostema,GENUS,PRESERVED_SPECIMEN,2019-11-27,2019,-71.629,18.3672,NA,821cc27a-e3bb-4bc5-ac34-89ada245069d,US,US,10,02,DUVERGÉ,061002,876725a25ffffff
http://n2t.net/ark:/65665/3249da1b5-57b8-4fef-ac9b-74b29f035803,1318030583,Elaphoglossum erinaceum,Elaphoglossum erinaceum (Fée) T.Moore,Dryopteridaceae,Elaphoglossum,SPECIES,PRESERVED_SPECIMEN,1983-08-18,1983,-71.7014,18.3,NA,821cc27a-e3bb-4bc5-ac34-89ada245069d,US,US,10,02,DUVERGÉ,061002,876725a1cffffff
http://n2t.net/ark:/65665/3253e9192-45cf-414b-befc-e197b1cf4184,3027975618,Ipomoea L.,Ipomoea L.,Convolvulaceae,Ipomoea,GENUS,MATERIAL_SAMPLE,2019-11-26,2019,-71.6527,18.3479,NA,26098c25-8f7f-4c71-97ac-1d3db181c65e,US,US,10,02,DUVERGÉ,061002,876725a23ffffff
http://n2t.net/ark:/65665/325ab2b81-fbbd-48dc-a78c-5f501f4f7152,2571367951,Biancaea decapetala,Biancaea sepiaria (Roxb.) Tod.,Fabaceae,Biancaea,SPECIES,PRESERVED_SPECIMEN,2019-11-26,2019,-71.6755,18.3319,NA,821cc27a-e3bb-4bc5-ac34-89ada245069d,US,US,10,02,DUVERGÉ,061002,876725a04ffffff
http://n2t.net/ark:/65665/326539f82-2457-432f-9063-f218e3f6da90,1318069337,Sophora albopetiolulata,Sophora albopetiolulata Leonard,Fabaceae,Sophora,SPECIES,PRESERVED_SPECIMEN,1985-03-16,1985,-71.55,18.27,NA,821cc27a-e3bb-4bc5-ac34-89ada245069d,US,US,10,02,DUVERGÉ,061002,876725a62ffffff
http://n2t.net/ark:/65665/326a3213e-65fe-4876-8c75-695606e60b67,2571368304,Rondeletia L.,Rondeletia L.,Rubiaceae,Rondeletia,GENUS,PRESERVED_SPECIMEN,2019-11-27,2019,-71.6889,18.3258,NA,821cc27a-e3bb-4bc5-ac34-89ada245069d,US,US,10,02,DUVERGÉ,061002,876725a00ffffff
http://n2t.net/ark:/65665/327a45c91-a85e-4f12-a1fb-7781b2b67f26,2571368803,Isidroa spinifera,Nashia spinifera (Urb.) Moldenke,Verbenaceae,Isidroa,SPECIES,PRESERVED_SPECIMEN,2019-11-27,2019,-71.6289,18.3671,NA,821cc27a-e3bb-4bc5-ac34-89ada245069d,US,US,10,02,DUVERGÉ,061002,876725a25ffffff
http://n2t.net/ark:/65665/327a4e390-36c7-4f4b-af33-c52aeac9ea1b,1318099181,Polyphlebium diaphanum,Polyphlebium hymenophylloides (Bosch) Ebihara & Dubuisson,Hymenophyllaceae,Polyphlebium,SPECIES,PRESERVED_SPECIMEN,1983-08-18,1983,-71.7014,18.3,NA,821cc27a-e3bb-4bc5-ac34-89ada245069d,US,US,10,02,DUVERGÉ,061002,876725a1cffffff
http://n2t.net/ark:/65665/327b07cb7-2098-458c-9f1f-cd237ad88a60,3413708310,Dendropemon alatus,Dendropemon alatus Tiegh.,Loranthaceae,Dendropemon,SPECIES,MATERIAL_SAMPLE,2019-11-25,2019,-71.5811,18.3146,NA,26098c25-8f7f-4c71-97ac-1d3db181c65e,US,US,10,02,DUVERGÉ,061002,876725b5affffff
http://n2t.net/ark:/65665/3281f3a76-13b9-475f-a99d-4fae6c1c0439,3027971735,Tabernaemontana citrifolia,Tabernaemontana citrifolia L.,Apocynaceae,Tabernaemontana,SPECIES,MATERIAL_SAMPLE,2019-11-24,2019,-71.5778,18.3164,NA,26098c25-8f7f-4c71-97ac-1d3db181c65e,US,US,10,02,DUVERGÉ,061002,876725b5affffff
http://n2t.net/ark:/65665/32b659d37-c88a-4fb3-a2ce-e664e3589760,1318183887,Nesampelos lucens,Senecio lucens (Poir.) Urb.,Asteraceae,Nesampelos,SPECIES,PRESERVED_SPECIMEN,2000-06-29,2000,-71.7111,18.3091,NA,821cc27a-e3bb-4bc5-ac34-89ada245069d,US,US,10,02,DUVERGÉ,061002,876725a11ffffff
http://n2t.net/ark:/65665/32bfa90d5-6e0f-481e-b717-7fc06b0bf023,1318196940,Polystichum trapezoides,Polystichum trapezoides (Sw.) C.Presl,Dryopteridaceae,Polystichum,SPECIES,PRESERVED_SPECIMEN,1985-03-17,1985,-71.5,18.23,NA,821cc27a-e3bb-4bc5-ac34-89ada245069d,US,US,10,02,DUVERGÉ,061002,876725a68ffffff
http://n2t.net/ark:/65665/32c316303-39a0-49ac-8fb2-e36681402fa8,2571370557,Ipomoea L.,Ipomoea L.,Convolvulaceae,Ipomoea,GENUS,PRESERVED_SPECIMEN,2019-11-26,2019,-71.6527,18.3479,NA,821cc27a-e3bb-4bc5-ac34-89ada245069d,US,US,10,02,DUVERGÉ,061002,876725a23ffffff
http://n2t.net/ark:/65665/32cbbd7ba-4395-44d9-ab9f-f7d3f6e403be,3413709322,Pisonia ochracea,Pisonia ochracea Heimerl,Nyctaginaceae,Pisonia,SPECIES,MATERIAL_SAMPLE,2019-11-27,2019,-71.5721,18.3427,NA,26098c25-8f7f-4c71-97ac-1d3db181c65e,US,US,10,02,DUVERGÉ,061002,876725b5cffffff
http://n2t.net/ark:/65665/32cc8e2b4-57ed-4c3d-a803-2c5f802b5306,1318215163,Diplazium unilobum,Diplazium unilobum (Poir.) Hieron.,Athyriaceae,Diplazium,SPECIES,PRESERVED_SPECIMEN,1985-03-19,1985,-71.53,18.2,NA,821cc27a-e3bb-4bc5-ac34-89ada245069d,US,US,10,02,DUVERGÉ,061002,876725a48ffffff
http://n2t.net/ark:/65665/32cd8bb43-ff55-4a8c-8f2d-468651c3c12f,3027974847,Prunus occidentalis,Prunus occidentalis Sw.,Rosaceae,Prunus,SPECIES,MATERIAL_SAMPLE,2019-11-27,2019,-71.6749,18.3324,NA,26098c25-8f7f-4c71-97ac-1d3db181c65e,US,US,10,02,DUVERGÉ,061002,876725a04ffffff
http://n2t.net/ark:/65665/32dcc3764-9a0a-4515-a6a1-53542ea9958e,2571371132,Ficus L.,Ficus L.,Moraceae,Ficus,GENUS,PRESERVED_SPECIMEN,2019-11-26,2019,-71.6736,18.3338,NA,821cc27a-e3bb-4bc5-ac34-89ada245069d,US,US,10,02,DUVERGÉ,061002,876725a04ffffff
http://n2t.net/ark:/65665/32f2f6b2d-2d24-43a8-adcf-f30950cfc9e7,1318269351,Rhytidophyllum vernicosum,Rhytidophyllum vernicosum Urb. & Ekman,Gesneriaceae,Rhytidophyllum,SPECIES,PRESERVED_SPECIMEN,1985-03-17,1985,-71.5,18.23,NA,821cc27a-e3bb-4bc5-ac34-89ada245069d,US,US,10,02,DUVERGÉ,061002,876725a68ffffff
http://n2t.net/ark:/65665/330ae1e64-7c92-4e4f-9f12-86c2b9429b3e,3027974049,Nectandra Rol. ex Rottb.,Nectandra Rol. ex Rottb.,Lauraceae,Nectandra,GENUS,MATERIAL_SAMPLE,2019-11-26,2019,-71.6741,18.3264,NA,26098c25-8f7f-4c71-97ac-1d3db181c65e,US,US,10,02,DUVERGÉ,061002,876725a00ffffff
http://n2t.net/ark:/65665/330c6f161-e984-4529-8b2d-a0385707d223,1318305270,Asplenium harpeodes,Asplenium harpeodes Kunze,Aspleniaceae,Asplenium,SPECIES,PRESERVED_SPECIMEN,1983-08-18,1983,-71.7014,18.3,NA,821cc27a-e3bb-4bc5-ac34-89ada245069d,US,US,10,02,DUVERGÉ,061002,876725a1cffffff
http://n2t.net/ark:/65665/331378ce8-2df5-4e6d-8274-9b47647a8445,1318315305,Asplenium squamosum,Asplenium squamosum L.,Aspleniaceae,Asplenium,SPECIES,PRESERVED_SPECIMEN,1985-03-17,1985,-71.5,18.23,NA,821cc27a-e3bb-4bc5-ac34-89ada245069d,US,US,10,02,DUVERGÉ,061002,876725a68ffffff
http://n2t.net/ark:/65665/3317eb535-91ce-4613-b7e5-3ce05ab3a1d8,3027978037,Forchhammeria brevipes,Forchhammeria brevipes Urb.,Stixaceae,Forchhammeria,SPECIES,MATERIAL_SAMPLE,2019-11-26,2019,-71.6739,18.326,NA,26098c25-8f7f-4c71-97ac-1d3db181c65e,US,US,10,02,DUVERGÉ,061002,876725a00ffffff
http://n2t.net/ark:/65665/33307b711-7222-4ec4-a6fb-b02b65247322,2571373109,Pouteria Aubl.,Pouteria Aubl.,Sapotaceae,Pouteria,GENUS,PRESERVED_SPECIMEN,2019-11-26,2019,-71.668,18.3327,NA,821cc27a-e3bb-4bc5-ac34-89ada245069d,US,US,10,02,DUVERGÉ,061002,876725a05ffffff
http://n2t.net/ark:/65665/33507fd28-9012-4935-87c6-6732c7f7cc22,1318401366,Phenax Wedd.,Phenax Wedd.,Urticaceae,Phenax,GENUS,PRESERVED_SPECIMEN,1983-08-18,1983,-71.7083,18.3,NA,821cc27a-e3bb-4bc5-ac34-89ada245069d,US,US,10,02,DUVERGÉ,061002,876725a1cffffff
http://n2t.net/ark:/65665/33746b509-cc74-4d63-b39b-bdf52510d5df,1318452250,Rondeletia alainii,Stevensia minutifolia Alain,Rubiaceae,Rondeletia,SPECIES,PRESERVED_SPECIMEN,1993-03-27,1993,-71.5,18.2583,NA,821cc27a-e3bb-4bc5-ac34-89ada245069d,US,US,10,02,DUVERGÉ,061002,876725a6cffffff
http://n2t.net/ark:/65665/338739620-3475-43fd-8423-452aff6fdfc7,3028067246,Hyperbaena Miers,Hyperbaena Miers,Menispermaceae,Hyperbaena,GENUS,MATERIAL_SAMPLE,2019-11-26,2019,-71.6737,18.326,NA,26098c25-8f7f-4c71-97ac-1d3db181c65e,US,US,10,02,DUVERGÉ,061002,876725a00ffffff
http://n2t.net/ark:/65665/339b0d5fd-0469-48ae-be47-316196be6d5a,1318506785,Chrysophyllum oliviforme,Chrysophyllum oliviforme subsp. angustifolium (Lam.) T.D.Penn.,Sapotaceae,Chrysophyllum,SUBSPECIES,PRESERVED_SPECIMEN,1994-05-26,1994,-71.53,18.2917,NA,821cc27a-e3bb-4bc5-ac34-89ada245069d,US,US,10,02,DUVERGÉ,061002,876725a64ffffff
http://n2t.net/ark:/65665/33b681d1c-acd2-446e-9c24-3ac675aecf0c,3028078407,Eugenia glabrata,Eugenia glabrata (Sw.) DC.,Myrtaceae,Eugenia,SPECIES,MATERIAL_SAMPLE,2019-11-24,2019,-71.5778,18.3164,NA,26098c25-8f7f-4c71-97ac-1d3db181c65e,US,US,10,02,DUVERGÉ,061002,876725b5affffff
http://n2t.net/ark:/65665/33cc00f06-f85a-4f00-89da-bb57da1d1370,1318575895,Ilex berteroi,Ilex berteroi Loes. ex Urb.,Aquifoliaceae,Ilex,SPECIES,PRESERVED_SPECIMEN,1994-05-26,1994,-71.53,18.2917,NA,821cc27a-e3bb-4bc5-ac34-89ada245069d,US,US,10,02,DUVERGÉ,061002,876725a64ffffff
http://n2t.net/ark:/65665/33d202c4a-529c-4c83-bcd2-31e2ae5de1c3,3028075419,Rauvolfia nitida,Rauvolfia nitida Jacq.,Apocynaceae,Rauvolfia,SPECIES,MATERIAL_SAMPLE,2019-11-26,2019,-71.6741,18.3266,NA,26098c25-8f7f-4c71-97ac-1d3db181c65e,US,US,10,02,DUVERGÉ,061002,876725a00ffffff
http://n2t.net/ark:/65665/33deee449-c506-4196-aafe-a7a3e29d62dd,1318602528,Asplenium cuspidatum,Asplenium cuspidatum var. cuspidatum,Aspleniaceae,Asplenium,VARIETY,PRESERVED_SPECIMEN,1985-05-08,1985,-71.5944,18.25,NA,821cc27a-e3bb-4bc5-ac34-89ada245069d,US,US,10,02,DUVERGÉ,061002,876725a55ffffff
http://n2t.net/ark:/65665/34056c7df-9c85-4c4b-b705-6714368b6f6f,2571378293,Dendropemon alatus,Dendropemon alatus Tiegh.,Loranthaceae,Dendropemon,SPECIES,PRESERVED_SPECIMEN,2019-11-26,2019,-71.6746,18.3244,NA,821cc27a-e3bb-4bc5-ac34-89ada245069d,US,US,10,02,DUVERGÉ,061002,876725a00ffffff
http://n2t.net/ark:/65665/34078df96-8a51-444c-9af1-2fffd8f3b242,3027986584,Asketanthera Woodson,Asketanthera Woodson,Apocynaceae,Asketanthera,GENUS,MATERIAL_SAMPLE,2019-11-26,2019,-71.6527,18.3479,NA,26098c25-8f7f-4c71-97ac-1d3db181c65e,US,US,10,02,DUVERGÉ,061002,876725a23ffffff
http://n2t.net/ark:/65665/3435ea2be-5efe-4b3d-b5c4-87d66a594fe6,3027984667,Pimenta Lindl.,Pimenta Lindl.,Myrtaceae,Pimenta,GENUS,MATERIAL_SAMPLE,2019-11-26,2019,-71.5854,18.3422,NA,26098c25-8f7f-4c71-97ac-1d3db181c65e,US,US,10,02,DUVERGÉ,061002,876725b5effffff
http://n2t.net/ark:/65665/344fc790a-5496-432d-8207-a1cbe07c19a3,1318762886,Calliandra haematomma,Calliandra haematostoma (Bertero ex Spreng.) Urb.,Fabaceae,Calliandra,SPECIES,PRESERVED_SPECIMEN,1985-05-09,1985,-71.57,18.3,NA,821cc27a-e3bb-4bc5-ac34-89ada245069d,US,US,10,02,DUVERGÉ,061002,876725b5bffffff
http://n2t.net/ark:/65665/3454d769d-6be7-4061-8acd-2832f0402f30,1318769840,Zanthoxylum flavum,Zanthoxylum flavum subsp. flavum,Rutaceae,Zanthoxylum,SUBSPECIES,PRESERVED_SPECIMEN,1987-08-28,1987,-71.57,18.27,NA,821cc27a-e3bb-4bc5-ac34-89ada245069d,US,US,10,02,DUVERGÉ,061002,876725a71ffffff
http://n2t.net/ark:/65665/34580ff62-f169-438c-af19-b9e47bf3a05c,3027981773,Ottoschulzia domingensis,Ottoschulzia domingensis Urb.,Metteniusaceae,Ottoschulzia,SPECIES,MATERIAL_SAMPLE,2019-11-26,2019,-71.6737,18.326,NA,26098c25-8f7f-4c71-97ac-1d3db181c65e,US,US,10,02,DUVERGÉ,061002,876725a00ffffff
http://n2t.net/ark:/65665/3478c66db-1d3b-4b74-accc-9227339ef5a4,1318820690,Elaphoglossum eggersii,Elaphoglossum eggersii (Baker) Christ,Dryopteridaceae,Elaphoglossum,SPECIES,PRESERVED_SPECIMEN,1985-03-17,1985,-71.5,18.23,NA,821cc27a-e3bb-4bc5-ac34-89ada245069d,US,US,10,02,DUVERGÉ,061002,876725a68ffffff
http://n2t.net/ark:/65665/347da3a46-4bea-45dd-a405-1105a930469b,3027983761,Guettarda L.,Guettarda L.,Rubiaceae,Guettarda,GENUS,MATERIAL_SAMPLE,2019-11-26,2019,-71.6737,18.326,NA,26098c25-8f7f-4c71-97ac-1d3db181c65e,US,US,10,02,DUVERGÉ,061002,876725a00ffffff
http://n2t.net/ark:/65665/3491f3988-4279-4ae0-9465-8393f3aaf9c9,2571381721,Plethadenia granulata,Plethadenia granulata Urb.,Rutaceae,Plethadenia,SPECIES,PRESERVED_SPECIMEN,2019-11-27,2019,-71.6301,18.3638,NA,821cc27a-e3bb-4bc5-ac34-89ada245069d,US,US,10,02,DUVERGÉ,061002,876725a25ffffff
http://n2t.net/ark:/65665/34a7a6ce0-6f17-4fd1-ba59-acb79446c2ac,2571382211,Homalium racemosum,Homalium racemosum Jacq.,Salicaceae,Homalium,SPECIES,PRESERVED_SPECIMEN,2019-11-27,2019,-71.6889,18.3258,NA,821cc27a-e3bb-4bc5-ac34-89ada245069d,US,US,10,02,DUVERGÉ,061002,876725a00ffffff
http://n2t.net/ark:/65665/34a816e93-c58c-4abb-930d-1e5a0682979e,2571382239,Dendropemon alatus,Dendropemon alatus Tiegh.,Loranthaceae,Dendropemon,SPECIES,PRESERVED_SPECIMEN,2019-11-25,2019,-71.5811,18.3146,NA,821cc27a-e3bb-4bc5-ac34-89ada245069d,US,US,10,02,DUVERGÉ,061002,876725b5affffff
http://n2t.net/ark:/65665/34a97059b-c7ed-4770-95aa-9a62176a6a0a,4041140363,Dendropemon alatus,Dendropemon alatus Tiegh.,Loranthaceae,Dendropemon,SPECIES,PRESERVED_SPECIMEN,2019-11-26,2019,-71.6746,18.3244,NA,821cc27a-e3bb-4bc5-ac34-89ada245069d,US,US,10,02,DUVERGÉ,061002,876725a00ffffff
http://n2t.net/ark:/65665/34b16ee0f-f666-4e26-a6f9-84fb6cfcd3c2,3027986936,Thinouia Triana & Planch.,Thinouia Triana & Planch.,Sapindaceae,Thinouia,GENUS,MATERIAL_SAMPLE,2019-11-26,2019,-71.6741,18.3264,NA,26098c25-8f7f-4c71-97ac-1d3db181c65e,US,US,10,02,DUVERGÉ,061002,876725a00ffffff
http://n2t.net/ark:/65665/34bba8b2e-d724-4932-899b-a15d7ac473bb,2571382718,Anastraphia D.Don,Anastraphia D.Don,Asteraceae,Anastraphia,GENUS,PRESERVED_SPECIMEN,2019-11-27,2019,-71.6299,18.3647,NA,821cc27a-e3bb-4bc5-ac34-89ada245069d,US,US,10,02,DUVERGÉ,061002,876725a25ffffff
http://n2t.net/ark:/65665/34e8128af-ddba-4ddf-8041-530850c152dd,2571383747,Stigmaphyllon angulosum,Stigmaphyllon angulosum (L.) A.Juss.,Malpighiaceae,Stigmaphyllon,SPECIES,PRESERVED_SPECIMEN,2019-11-26,2019,-71.6768,18.3313,NA,821cc27a-e3bb-4bc5-ac34-89ada245069d,US,US,10,02,DUVERGÉ,061002,876725a00ffffff
http://n2t.net/ark:/65665/352889664-9d4a-476a-9dfa-727789e98676,3027979172,Rhytidophyllum Mart.,Rhytidophyllum Mart.,Gesneriaceae,Rhytidophyllum,GENUS,MATERIAL_SAMPLE,2019-11-27,2019,-71.6889,18.3258,NA,26098c25-8f7f-4c71-97ac-1d3db181c65e,US,US,10,02,DUVERGÉ,061002,876725a00ffffff
http://n2t.net/ark:/65665/353dbd6cb-7462-4683-9228-425687475674,2571385913,Prunus occidentalis,Prunus occidentalis Sw.,Rosaceae,Prunus,SPECIES,PRESERVED_SPECIMEN,2019-11-27,2019,-71.6749,18.3324,NA,821cc27a-e3bb-4bc5-ac34-89ada245069d,US,US,10,02,DUVERGÉ,061002,876725a04ffffff
http://n2t.net/ark:/65665/355d04c20-7c6a-44ae-b95c-0f2e75ff3b2e,2571386595,Caesalpinia Plum. ex L.,Caesalpinia Plum. ex L.,Fabaceae,Caesalpinia,GENUS,PRESERVED_SPECIMEN,2019-11-26,2019,-71.6741,18.3266,NA,821cc27a-e3bb-4bc5-ac34-89ada245069d,US,US,10,02,DUVERGÉ,061002,876725a00ffffff
http://n2t.net/ark:/65665/357481306-eb77-466f-8694-a8abca5aab77,1319175298,Dodonaea viscosa,Dodonaea angustifolia L.fil.,Sapindaceae,Dodonaea,SPECIES,PRESERVED_SPECIMEN,1985-05-09,1985,-71.57,18.28,NA,821cc27a-e3bb-4bc5-ac34-89ada245069d,US,US,10,02,DUVERGÉ,061002,876725a75ffffff
http://n2t.net/ark:/65665/3578c648d-2263-4e36-81bc-fe33d058cb32,3413700336,Phoradendron mucronatum,Phoradendron mucronatum (DC.) Krug & Urb.,Viscaceae,Phoradendron,SPECIES,MATERIAL_SAMPLE,2019-11-24,2019,-71.5821,18.311,NA,26098c25-8f7f-4c71-97ac-1d3db181c65e,US,US,10,02,DUVERGÉ,061002,876725b5affffff
http://n2t.net/ark:/65665/35a44d805-f2d3-4606-b9da-99ec428c9da1,2571388308,Tabernaemontana citrifolia,Tabernaemontana citrifolia L.,Apocynaceae,Tabernaemontana,SPECIES,PRESERVED_SPECIMEN,2019-11-24,2019,-71.5778,18.3164,NA,821cc27a-e3bb-4bc5-ac34-89ada245069d,US,US,10,02,DUVERGÉ,061002,876725b5affffff
http://n2t.net/ark:/65665/35a69060d-c8ed-4014-9a6b-4d32f1a983f7,1319246004,Parasenegalia skleroxyla,Parasenegalia skleroxyla (Tussac) Seigler & Ebinger,Fabaceae,Parasenegalia,SPECIES,PRESERVED_SPECIMEN,1985-05-10,1985,-71.57,18.3,NA,821cc27a-e3bb-4bc5-ac34-89ada245069d,US,US,10,02,DUVERGÉ,061002,876725b5bffffff
http://n2t.net/ark:/65665/35bc1fcb1-c8d4-4667-aaac-b1739e0a56ba,2571388857,Asketanthera Woodson,Asketanthera Woodson,Apocynaceae,Asketanthera,GENUS,PRESERVED_SPECIMEN,2019-11-26,2019,-71.6527,18.3479,NA,821cc27a-e3bb-4bc5-ac34-89ada245069d,US,US,10,02,DUVERGÉ,061002,876725a23ffffff
http://n2t.net/ark:/65665/35c0ee9ab-de40-4c0a-8ef5-b73373829a82,1319283361,Anastraphia oligantha,Anastraphia oligantha Urb.,Asteraceae,Anastraphia,SPECIES,PRESERVED_SPECIMEN,2010-11-28,2010,-71.6603,18.391,NA,821cc27a-e3bb-4bc5-ac34-89ada245069d,US,US,10,02,DUVERGÉ,061002,876725a24ffffff
http://n2t.net/ark:/65665/363a629d5-da6c-4ad5-8782-2df87d468d8c,3027992705,Chamissoa altissima,Chamissoa altissima (Jacq.) Kunth,Amaranthaceae,Chamissoa,SPECIES,MATERIAL_SAMPLE,2019-11-26,2019,-71.6746,18.3325,NA,26098c25-8f7f-4c71-97ac-1d3db181c65e,US,US,10,02,DUVERGÉ,061002,876725a04ffffff
http://n2t.net/ark:/65665/365a184b8-3235-4872-b980-1c9aea883448,2571392630,Dendrophthora tetrastachya,Dendrophthora tetrastachya (C.Wright ex Griseb.) Urb.,Viscaceae,Dendrophthora,SPECIES,PRESERVED_SPECIMEN,2019-11-26,2019,-71.6746,18.3244,NA,821cc27a-e3bb-4bc5-ac34-89ada245069d,US,US,10,02,DUVERGÉ,061002,876725a00ffffff
http://n2t.net/ark:/65665/3672b5fd5-6a0c-484a-9db2-31153ef3a063,2571393212,Senna angustisiliqua,Senna angustisiliqua (Lam.) H.S.Irwin & Barneby,Fabaceae,Senna,SPECIES,PRESERVED_SPECIMEN,2019-11-24,2019,-71.5778,18.3164,NA,821cc27a-e3bb-4bc5-ac34-89ada245069d,US,US,10,02,DUVERGÉ,061002,876725b5affffff
http://n2t.net/ark:/65665/3675078c4-aa24-42ec-8c18-870bc8476658,1319538368,Asplenium auritum,Asplenium auritum Sw.,Aspleniaceae,Asplenium,SPECIES,PRESERVED_SPECIMEN,1985-03-17,1985,-71.5,18.23,NA,821cc27a-e3bb-4bc5-ac34-89ada245069d,US,US,10,02,DUVERGÉ,061002,876725a68ffffff
http://n2t.net/ark:/65665/367dc29da-7d3d-451b-9863-be49bb317cfd,1319550540,Sideroxylon salicifolium,Bumelia salicifolia (L.) Sw.,Sapotaceae,Sideroxylon,SPECIES,PRESERVED_SPECIMEN,1985-05-09,1985,-71.57,18.28,NA,821cc27a-e3bb-4bc5-ac34-89ada245069d,US,US,10,02,DUVERGÉ,061002,876725a75ffffff
http://n2t.net/ark:/65665/3693c183d-421f-4b09-affb-ce1506391cde,4403908404,Pisonia ochracea,Pisonia ochracea Heimerl,Nyctaginaceae,Pisonia,SPECIES,PRESERVED_SPECIMEN,2019-11-27,2019,-71.5721,18.3427,NA,821cc27a-e3bb-4bc5-ac34-89ada245069d,US,US,10,02,DUVERGÉ,061002,876725b5cffffff
http://n2t.net/ark:/65665/36cf45603-7673-4a9d-9d2d-71e40240bd1d,1319665448,Myrsine nubicola,Myrsine nubicola Alain,Primulaceae,Myrsine,SPECIES,PRESERVED_SPECIMEN,1985-03-16,1985,-71.57,18.32,NA,821cc27a-e3bb-4bc5-ac34-89ada245069d,US,US,10,02,DUVERGÉ,061002,876725b58ffffff
http://n2t.net/ark:/65665/36d148b36-a8b6-45e9-aec4-3dec430eac8a,1319668332,Dalea carthagenensis,Dalea carthagenensis var. carthagenensis,Fabaceae,Dalea,VARIETY,PRESERVED_SPECIMEN,1987-01-24,1987,-71.55,18.27,NA,821cc27a-e3bb-4bc5-ac34-89ada245069d,US,US,10,02,DUVERGÉ,061002,876725a62ffffff
http://n2t.net/ark:/65665/36d1e6ac4-1724-448e-b07f-b56ddbeda2a2,2571395551,Amyris P.Browne,Amyris P.Browne,Rutaceae,Amyris,GENUS,PRESERVED_SPECIMEN,2019-11-26,2019,-71.5854,18.3422,NA,821cc27a-e3bb-4bc5-ac34-89ada245069d,US,US,10,02,DUVERGÉ,061002,876725b5effffff
http://n2t.net/ark:/65665/36e58d1eb-44bd-4ebb-999f-a6da4e4dfc52,3028091134,Colubrina Rich. ex Brongn.,Colubrina Rich. ex Brongn.,Rhamnaceae,Colubrina,GENUS,MATERIAL_SAMPLE,2019-11-27,2019,-71.679,18.3254,NA,26098c25-8f7f-4c71-97ac-1d3db181c65e,US,US,10,02,DUVERGÉ,061002,876725a00ffffff
http://n2t.net/ark:/65665/36ff9f291-ebba-4ad8-84fd-ddbb928df604,1319734066,Miconia luteola,Miconia luteola Cogn.,Melastomataceae,Miconia,SPECIES,PRESERVED_SPECIMEN,1988-04-10,1988,-71.53,18.22,NA,821cc27a-e3bb-4bc5-ac34-89ada245069d,US,US,10,02,DUVERGÉ,061002,876725a41ffffff
http://n2t.net/ark:/65665/371d97a80-6e9f-4b17-aa51-2af01067f7b7,1319776077,Mucura globulifera,Dennstaedtia globulifera (Poir.) Hieron.,Dennstaedtiaceae,Mucura,SPECIES,PRESERVED_SPECIMEN,1985-03-19,1985,-71.53,18.2,NA,821cc27a-e3bb-4bc5-ac34-89ada245069d,US,US,10,02,DUVERGÉ,061002,876725a48ffffff
http://n2t.net/ark:/65665/3722ef2be-eb15-4cfe-b516-d3fad921b0c0,3028091261,Amyris P.Browne,Amyris P.Browne,Rutaceae,Amyris,GENUS,MATERIAL_SAMPLE,2019-11-26,2019,-71.5854,18.3422,NA,26098c25-8f7f-4c71-97ac-1d3db181c65e,US,US,10,02,DUVERGÉ,061002,876725b5effffff
http://n2t.net/ark:/65665/372554c60-750e-4677-be31-091c1d492d2a,1319787009,Bidens pilosa,Bidens pilosa L.,Asteraceae,Bidens,SPECIES,PRESERVED_SPECIMEN,1991-09-30,1991,-71.7,18.3,NA,821cc27a-e3bb-4bc5-ac34-89ada245069d,US,US,10,02,DUVERGÉ,061002,876725a1cffffff
http://n2t.net/ark:/65665/3737f7d67-8560-493c-b289-e36ac0334958,3028093307,Theophrasta americana,Theophrasta americana L.,Primulaceae,Theophrasta,SPECIES,MATERIAL_SAMPLE,2019-11-24,2019,-71.5778,18.3164,NA,26098c25-8f7f-4c71-97ac-1d3db181c65e,US,US,10,02,DUVERGÉ,061002,876725b5affffff
http://n2t.net/ark:/65665/3741f403f-7ba4-45d9-8b9e-e9d12697fb91,3028006332,Plethadenia granulata,Plethadenia granulata Urb.,Rutaceae,Plethadenia,SPECIES,MATERIAL_SAMPLE,2019-11-27,2019,-71.6301,18.3638,NA,26098c25-8f7f-4c71-97ac-1d3db181c65e,US,US,10,02,DUVERGÉ,061002,876725a25ffffff
http://n2t.net/ark:/65665/37477c77f-c79b-4cc6-99f0-79f62bde32e4,1319835571,Campyloneurum vulpinum,Campyloneurum vulpinum (Lindm.) Ching,Polypodiaceae,Campyloneurum,SPECIES,PRESERVED_SPECIMEN,1983-08-18,1983,-71.7014,18.3,NA,821cc27a-e3bb-4bc5-ac34-89ada245069d,US,US,10,02,DUVERGÉ,061002,876725a1cffffff
http://n2t.net/ark:/65665/374b55b88-3625-4468-9b5e-a2c61728b88b,3028099515,Zanthoxylum tragodes,Zanthoxylum tragodes (L.) DC.,Rutaceae,Zanthoxylum,SPECIES,MATERIAL_SAMPLE,2019-11-26,2019,-71.5854,18.3422,NA,26098c25-8f7f-4c71-97ac-1d3db181c65e,US,US,10,02,DUVERGÉ,061002,876725b5effffff
http://n2t.net/ark:/65665/3750933d2-2a37-44c0-8afe-b4f5c923b0be,1319848420,Phlegmariurus taxifolius,Phlegmariurus taxifolius (Sw.) Á.Löve & D.Löve,Lycopodiaceae,Phlegmariurus,SPECIES,PRESERVED_SPECIMEN,1985-03-17,1985,-71.5,18.23,NA,821cc27a-e3bb-4bc5-ac34-89ada245069d,US,US,10,02,DUVERGÉ,061002,876725a68ffffff
http://n2t.net/ark:/65665/3756bc416-02ff-4b09-a3f6-cca5ed19c177,2571398817,Theophrasta americana,Theophrasta americana L.,Primulaceae,Theophrasta,SPECIES,PRESERVED_SPECIMEN,2019-11-26,2019,-71.6562,18.34,NA,821cc27a-e3bb-4bc5-ac34-89ada245069d,US,US,10,02,DUVERGÉ,061002,876725a23ffffff
http://n2t.net/ark:/65665/376df460e-f6ba-4f88-b4a0-7fd7e957989f,1319889391,Berylsimpsonia vanillosma,Berylsimpsonia vanillosma (C.Wright) B.L.Turner,Asteraceae,Berylsimpsonia,SPECIES,PRESERVED_SPECIMEN,2010-12-28,2010,-71.5665,18.2828,NA,821cc27a-e3bb-4bc5-ac34-89ada245069d,US,US,10,02,DUVERGÉ,061002,876725a75ffffff
http://n2t.net/ark:/65665/376e761a2-d32f-4d6a-86ae-cd003c36a120,1319890219,Tabebuia densifolia,Tabebuia densifolia Urb.,Bignoniaceae,Tabebuia,SPECIES,PRESERVED_SPECIMEN,1985-04-12,1985,-71.53,18.3,NA,821cc27a-e3bb-4bc5-ac34-89ada245069d,US,US,10,02,DUVERGÉ,061002,876725a64ffffff
http://n2t.net/ark:/65665/37737a1aa-ab0c-4433-b0d2-3b64ec868c1e,2571399523,Hyperbaena Miers,Hyperbaena Miers,Menispermaceae,Hyperbaena,GENUS,PRESERVED_SPECIMEN,2019-11-26,2019,-71.6737,18.326,NA,821cc27a-e3bb-4bc5-ac34-89ada245069d,US,US,10,02,DUVERGÉ,061002,876725a00ffffff
http://n2t.net/ark:/65665/37a7569d7-38fa-4c76-a1f3-2648a741d0b7,2571405773,Colubrina Rich. ex Brongn.,Colubrina Rich. ex Brongn.,Rhamnaceae,Colubrina,GENUS,PRESERVED_SPECIMEN,2019-11-27,2019,-71.679,18.3254,NA,821cc27a-e3bb-4bc5-ac34-89ada245069d,US,US,10,02,DUVERGÉ,061002,876725a00ffffff
http://n2t.net/ark:/65665/37b76a42a-f594-4543-9c5a-3781dc982d8f,4403911409,Phoradendron mucronatum,Phoradendron mucronatum (DC.) Krug & Urb.,Viscaceae,Phoradendron,SPECIES,PRESERVED_SPECIMEN,2019-11-24,2019,-71.5821,18.311,NA,821cc27a-e3bb-4bc5-ac34-89ada245069d,US,US,10,02,DUVERGÉ,061002,876725b5affffff
http://n2t.net/ark:/65665/37c303bd4-aab2-48dc-bdb6-ecc0a270851a,2571428806,Buxus sinica,Buxus sinica var. insularis (Nakai) M.Cheng,Buxaceae,Buxus,VARIETY,PRESERVED_SPECIMEN,2019-11-27,2019,-71.6295,18.365,NA,821cc27a-e3bb-4bc5-ac34-89ada245069d,US,US,10,02,DUVERGÉ,061002,876725a25ffffff
http://n2t.net/ark:/65665/37c85c3d0-9700-465e-b1db-f470cd8c1159,1320017614,Koanophyllon microchaetum,Koanophyllon microchaetum (Urb. & Ekman) R.M.King & H.Rob.,Asteraceae,Koanophyllon,SPECIES,PRESERVED_SPECIMEN,2010-12-27,2010,-71.6963,18.3249,NA,821cc27a-e3bb-4bc5-ac34-89ada245069d,US,US,10,02,DUVERGÉ,061002,876725a02ffffff
http://n2t.net/ark:/65665/37c9ee9e8-8b56-4774-8a92-b1cf6350be8c,2571402711,Osmiopsis plumeri,Osmiopsis plumeri (Urb. & Ekman) R.M.King & H.Rob.,Asteraceae,Osmiopsis,SPECIES,PRESERVED_SPECIMEN,2019-11-27,2019,-71.679,18.3254,NA,821cc27a-e3bb-4bc5-ac34-89ada245069d,US,US,10,02,DUVERGÉ,061002,876725a00ffffff
http://n2t.net/ark:/65665/37ceddb91-3243-4c98-a2b1-649e2146a79e,1320026839,Chrysophyllum oliviforme,Chrysophyllum oliviforme subsp. angustifolium (Lam.) T.D.Penn.,Sapotaceae,Chrysophyllum,SUBSPECIES,PRESERVED_SPECIMEN,1987-01-24,1987,-71.57,18.32,NA,821cc27a-e3bb-4bc5-ac34-89ada245069d,US,US,10,02,DUVERGÉ,061002,876725b58ffffff
http://n2t.net/ark:/65665/37dbc2293-b7f2-43a6-b039-1ffcce5ecfbb,1320045125,Anatherum glomeratum,"Andropogon glomeratus (Walter) Britton, Sterns & Poggenb.",Poaceae,Anatherum,SPECIES,PRESERVED_SPECIMEN,1980-07-03,1980,-71.57,18.4,NA,821cc27a-e3bb-4bc5-ac34-89ada245069d,US,US,10,02,DUVERGÉ,061002,876725b70ffffff
http://n2t.net/ark:/65665/381add51b-b2dc-42b2-9870-d0c343383062,2571472930,Rhytidophyllum Mart.,Rhytidophyllum Mart.,Gesneriaceae,Rhytidophyllum,GENUS,PRESERVED_SPECIMEN,2019-11-27,2019,-71.6889,18.3258,NA,821cc27a-e3bb-4bc5-ac34-89ada245069d,US,US,10,02,DUVERGÉ,061002,876725a00ffffff
http://n2t.net/ark:/65665/3827fffcd-3714-41d1-8321-360f1be4dfde,1320152940,Quadrella ferruginea,Quadrella ferruginea subsp. ferruginea,Capparaceae,Quadrella,SUBSPECIES,PRESERVED_SPECIMEN,1980-07-03,1980,-71.57,18.4,NA,821cc27a-e3bb-4bc5-ac34-89ada245069d,US,US,10,02,DUVERGÉ,061002,876725b70ffffff
http://n2t.net/ark:/65665/382a0f741-3539-4d33-b796-8a1633171bcf,1320156120,Notholaena trichomanoides,Notholaena trichomanoides (L.) Desv.,Pteridaceae,Notholaena,SPECIES,PRESERVED_SPECIMEN,2006-06-08,2006,-71.5875,18.2918,NA,821cc27a-e3bb-4bc5-ac34-89ada245069d,US,US,10,02,DUVERGÉ,061002,876725a74ffffff
http://n2t.net/ark:/65665/382f3dfdc-43af-4303-995a-f9f2317c7943,2571407840,Forchhammeria brevipes,Forchhammeria brevipes Urb.,Stixaceae,Forchhammeria,SPECIES,PRESERVED_SPECIMEN,2019-11-26,2019,-71.6739,18.326,NA,821cc27a-e3bb-4bc5-ac34-89ada245069d,US,US,10,02,DUVERGÉ,061002,876725a00ffffff
http://n2t.net/ark:/65665/383684960-5b5e-4dc2-a61d-b9646c2edb43,1320173478,Psychotria dolichocalyx,Psychotria dolichocalyx Urb. & Ekman,Rubiaceae,Psychotria,SPECIES,PRESERVED_SPECIMEN,1985-05-09,1985,-71.57,18.28,NA,821cc27a-e3bb-4bc5-ac34-89ada245069d,US,US,10,02,DUVERGÉ,061002,876725a75ffffff
http://n2t.net/ark:/65665/385879531-0a64-4779-9e40-b69b186e83b6,1320221572,Meliosma impressa,Meliosma impressa Krug & Urb.,Sabiaceae,Meliosma,SPECIES,PRESERVED_SPECIMEN,1987-01-26,1987,-71.47,18.23,NA,821cc27a-e3bb-4bc5-ac34-89ada245069d,US,US,10,02,DUVERGÉ,061002,874cd669affffff
http://n2t.net/ark:/65665/3861604cc-2c16-47ad-8bc4-1e06bf7bd3d7,3028001925,Clusia L.,Clusia L.,Clusiaceae,Clusia,GENUS,MATERIAL_SAMPLE,2019-11-26,2019,-71.6647,18.3335,NA,26098c25-8f7f-4c71-97ac-1d3db181c65e,US,US,10,02,DUVERGÉ,061002,876725a05ffffff
http://n2t.net/ark:/65665/387ed8005-b89e-40f0-921d-37565bf6cb32,1320275530,Piscidia ekmanii,Piscidia ekmanii Rudd,Fabaceae,Piscidia,SPECIES,PRESERVED_SPECIMEN,1985-07-25,1985,-71.55,18.33,NA,821cc27a-e3bb-4bc5-ac34-89ada245069d,US,US,10,02,DUVERGÉ,061002,876725b5dffffff
http://n2t.net/ark:/65665/3884ad1de-92ec-494c-94c4-6443d2885a5f,4041130418,Phoradendron mucronatum,Phoradendron mucronatum (DC.) Krug & Urb.,Viscaceae,Phoradendron,SPECIES,PRESERVED_SPECIMEN,2019-11-26,2019,-71.6756,18.3319,NA,821cc27a-e3bb-4bc5-ac34-89ada245069d,US,US,10,02,DUVERGÉ,061002,876725a04ffffff
http://n2t.net/ark:/65665/38a6bc2c8-7aba-484d-9c00-88bbabaf5fd9,2571412865,Asteraceae Dumort.,Asteraceae Dumort.,Asteraceae,,FAMILY,PRESERVED_SPECIMEN,2019-11-27,2019,-71.6186,18.3572,NA,821cc27a-e3bb-4bc5-ac34-89ada245069d,US,US,10,02,DUVERGÉ,061002,876725b52ffffff
http://n2t.net/ark:/65665/38baf2b8b-4254-4ef3-824b-f7a28a66061c,3028001115,Trichilia pallida,Trichilia pallida Sw.,Meliaceae,Trichilia,SPECIES,MATERIAL_SAMPLE,2019-11-26,2019,-71.6737,18.326,NA,26098c25-8f7f-4c71-97ac-1d3db181c65e,US,US,10,02,DUVERGÉ,061002,876725a00ffffff
http://n2t.net/ark:/65665/392cc9d7a-5551-4f81-ac75-6bd99046c507,1320521282,Eugenia ligustrina,Eugenia ligustrina (Sw.) Willd.,Myrtaceae,Eugenia,SPECIES,PRESERVED_SPECIMEN,2006-06-08,2006,-71.5964,18.2968,NA,821cc27a-e3bb-4bc5-ac34-89ada245069d,US,US,10,02,DUVERGÉ,061002,876725a74ffffff
http://n2t.net/ark:/65665/393305b07-a0ae-457a-b7a0-76f38060b5c2,1320530110,Cestrum brevifolium,Cestrum brevifolium Urb.,Solanaceae,Cestrum,SPECIES,PRESERVED_SPECIMEN,1994-05-26,1994,-71.53,18.2917,NA,821cc27a-e3bb-4bc5-ac34-89ada245069d,US,US,10,02,DUVERGÉ,061002,876725a64ffffff
http://n2t.net/ark:/65665/393790499-d012-4437-8a8b-b1d3054f99c4,2571413901,Phyllanthus L.,Phyllanthus L.,Phyllanthaceae,Phyllanthus,GENUS,PRESERVED_SPECIMEN,2019-11-24,2019,-71.5778,18.3164,NA,821cc27a-e3bb-4bc5-ac34-89ada245069d,US,US,10,02,DUVERGÉ,061002,876725b5affffff
http://n2t.net/ark:/65665/3937fbc2e-a578-4494-8a8b-02433c91db2a,2571499010,Pisonia aculeata,Pisonia aculeata L.,Nyctaginaceae,Pisonia,SPECIES,PRESERVED_SPECIMEN,2019-11-24,2019,-71.5811,18.314,NA,821cc27a-e3bb-4bc5-ac34-89ada245069d,US,US,10,02,DUVERGÉ,061002,876725b5affffff
http://n2t.net/ark:/65665/393c2a149-9c45-4940-999e-0c076eefb1c1,3028009422,Biancaea decapetala,Biancaea sepiaria (Roxb.) Tod.,Fabaceae,Biancaea,SPECIES,MATERIAL_SAMPLE,2019-11-26,2019,-71.6755,18.3319,NA,26098c25-8f7f-4c71-97ac-1d3db181c65e,US,US,10,02,DUVERGÉ,061002,876725a04ffffff
http://n2t.net/ark:/65665/39406bda7-a7cf-4c0c-9bf2-df8e76703ae0,1320548770,Rhytidophyllum auriculatum,Rhytidophyllum auriculatum var. angustatum Urb.,Gesneriaceae,Rhytidophyllum,VARIETY,PRESERVED_SPECIMEN,1983-08-17,1983,-71.7,18.32,NA,821cc27a-e3bb-4bc5-ac34-89ada245069d,US,US,10,02,DUVERGÉ,061002,876725a02ffffff
http://n2t.net/ark:/65665/39826886f-ab45-433b-bc3e-f5a8d1825d38,3413698371,Dendropemon alatus,Dendropemon alatus Tiegh.,Loranthaceae,Dendropemon,SPECIES,MATERIAL_SAMPLE,2019-11-26,2019,-71.6746,18.3244,NA,26098c25-8f7f-4c71-97ac-1d3db181c65e,US,US,10,02,DUVERGÉ,061002,876725a00ffffff
http://n2t.net/ark:/65665/399ed8e2d-c800-4933-9a29-1f5a34d686d2,3028102540,Senna angustisiliqua,Senna angustisiliqua (Lam.) H.S.Irwin & Barneby,Fabaceae,Senna,SPECIES,MATERIAL_SAMPLE,2019-11-24,2019,-71.5778,18.3164,NA,26098c25-8f7f-4c71-97ac-1d3db181c65e,US,US,10,02,DUVERGÉ,061002,876725b5affffff
http://n2t.net/ark:/65665/39a75e42b-b0f6-45d8-aa5c-d3ffd3663d39,3028009682,Pouteria Aubl.,Pouteria Aubl.,Sapotaceae,Pouteria,GENUS,MATERIAL_SAMPLE,2019-11-26,2019,-71.668,18.3327,NA,26098c25-8f7f-4c71-97ac-1d3db181c65e,US,US,10,02,DUVERGÉ,061002,876725a05ffffff
http://n2t.net/ark:/65665/39abf82cb-518c-4a8d-b3f7-fe7b414837cf,2571490037,Nectandra Rol. ex Rottb.,Nectandra Rol. ex Rottb.,Lauraceae,Nectandra,GENUS,PRESERVED_SPECIMEN,2019-11-26,2019,-71.6741,18.3264,NA,821cc27a-e3bb-4bc5-ac34-89ada245069d,US,US,10,02,DUVERGÉ,061002,876725a00ffffff
http://n2t.net/ark:/65665/39ac77b80-6965-4cfd-a2df-3a6e911f6a0e,3028012642,Pitcairnia L'Hér.,Pitcairnia L'Hér.,Bromeliaceae,Pitcairnia,GENUS,MATERIAL_SAMPLE,2019-11-27,2019,-71.679,18.3254,NA,26098c25-8f7f-4c71-97ac-1d3db181c65e,US,US,10,02,DUVERGÉ,061002,876725a00ffffff
http://n2t.net/ark:/65665/39b89e5bd-1f9c-4f0e-8647-0d55a1a13828,1320718619,Critonia inaequidens,Critonia inaequidens (Urb.) R.M.King & H.Rob.,Asteraceae,Critonia,SPECIES,PRESERVED_SPECIMEN,2010-12-27,2010,-71.6963,18.3249,NA,821cc27a-e3bb-4bc5-ac34-89ada245069d,US,US,10,02,DUVERGÉ,061002,876725a02ffffff
http://n2t.net/ark:/65665/39bf8fb74-5b5f-4fc0-921a-5a123f8d919e,3028106827,Banara Aubl.,Banara Aubl.,Salicaceae,Banara,GENUS,MATERIAL_SAMPLE,2019-11-26,2019,-71.6737,18.326,NA,26098c25-8f7f-4c71-97ac-1d3db181c65e,US,US,10,02,DUVERGÉ,061002,876725a00ffffff
http://n2t.net/ark:/65665/39c1ad452-9c55-41c7-9823-247f983f1120,2571418946,Triopterys L.,Triopterys L.,Malpighiaceae,Mascagnia,GENUS,PRESERVED_SPECIMEN,2019-11-27,2019,-71.679,18.3254,NA,821cc27a-e3bb-4bc5-ac34-89ada245069d,US,US,10,02,DUVERGÉ,061002,876725a00ffffff
http://n2t.net/ark:/65665/39c6a57b2-d7ec-431d-aeac-d556625a0986,3028110716,Buxus sinica,Buxus sinica var. insularis (Nakai) M.Cheng,Buxaceae,Buxus,VARIETY,MATERIAL_SAMPLE,2019-11-27,2019,-71.6295,18.365,NA,26098c25-8f7f-4c71-97ac-1d3db181c65e,US,US,10,02,DUVERGÉ,061002,876725a25ffffff
http://n2t.net/ark:/65665/39da7ae19-6981-4a88-a247-83605420b53e,1320766595,Salvia selleana,Salvia selleana Urb.,Lamiaceae,Salvia,SPECIES,PRESERVED_SPECIMEN,1987-01-24,1987,-71.52,18.22,NA,821cc27a-e3bb-4bc5-ac34-89ada245069d,US,US,10,02,DUVERGÉ,061002,876725a4cffffff
http://n2t.net/ark:/65665/39dad3cc6-c411-47e9-87b5-5ab4af65c26c,3028009786,Forchhammeria brevipes,Forchhammeria brevipes Urb.,Stixaceae,Forchhammeria,SPECIES,MATERIAL_SAMPLE,2019-11-26,2019,-71.6739,18.326,NA,26098c25-8f7f-4c71-97ac-1d3db181c65e,US,US,10,02,DUVERGÉ,061002,876725a00ffffff
http://n2t.net/ark:/65665/39f41e494-b56a-4257-addb-b0398783659d,1320802672,Diplazium unilobum,Diplazium unilobum (Poir.) Hieron.,Athyriaceae,Diplazium,SPECIES,PRESERVED_SPECIMEN,1983-08-18,1983,-71.7014,18.3,NA,821cc27a-e3bb-4bc5-ac34-89ada245069d,US,US,10,02,DUVERGÉ,061002,876725a1cffffff
http://n2t.net/ark:/65665/39f6cae5a-4971-4031-b91b-270887f49e35,3028010949,Allophylus racemosus,Allophylus racemosus (L.) Radlk.,Sapindaceae,Allophylus,SPECIES,MATERIAL_SAMPLE,2019-11-26,2019,-71.6746,18.3325,NA,26098c25-8f7f-4c71-97ac-1d3db181c65e,US,US,10,02,DUVERGÉ,061002,876725a04ffffff
http://n2t.net/ark:/65665/39faecd4f-99a2-45fd-ac6d-7428427b1ae8,3028012806,Sideroxylon L.,Sideroxylon L.,Sapotaceae,Sideroxylon,GENUS,MATERIAL_SAMPLE,2019-11-26,2019,-71.6746,18.3325,NA,26098c25-8f7f-4c71-97ac-1d3db181c65e,US,US,10,02,DUVERGÉ,061002,876725a04ffffff
http://n2t.net/ark:/65665/3a0472fcd-7ca6-4d72-a32b-d6e4d6246d7a,1320825816,Exostema lineatum,Exostema lineatum (Vahl) Roem. & Schult.,Rubiaceae,Exostema,SPECIES,PRESERVED_SPECIMEN,1992-06-03,1992,-71.58,18.3,NA,821cc27a-e3bb-4bc5-ac34-89ada245069d,US,US,10,02,DUVERGÉ,061002,876725a74ffffff
http://n2t.net/ark:/65665/3a66806db-2c64-4eb8-8de8-d16969d9ac53,3028014016,Caesalpinia Plum. ex L.,Caesalpinia Plum. ex L.,Fabaceae,Caesalpinia,GENUS,MATERIAL_SAMPLE,2019-11-26,2019,-71.6741,18.3266,NA,26098c25-8f7f-4c71-97ac-1d3db181c65e,US,US,10,02,DUVERGÉ,061002,876725a00ffffff
http://n2t.net/ark:/65665/3a7081f5d-b695-441c-8cd6-b7e4100dcfae,3028011186,Exostema (Pers.) Rich. ex Humb. & Bonpl.,Exostema (Pers.) Rich. ex Humb. & Bonpl.,Rubiaceae,Exostema,GENUS,MATERIAL_SAMPLE,2019-11-27,2019,-71.629,18.3672,NA,26098c25-8f7f-4c71-97ac-1d3db181c65e,US,US,10,02,DUVERGÉ,061002,876725a25ffffff
http://n2t.net/ark:/65665/3a70a5590-5737-43be-b4c9-08f42a83aee9,1320979213,Calliandra haematomma,Calliandra haematostoma (Bertero ex Spreng.) Urb.,Fabaceae,Calliandra,SPECIES,PRESERVED_SPECIMEN,1993-03-24,1993,-71.5,18.2583,NA,821cc27a-e3bb-4bc5-ac34-89ada245069d,US,US,10,02,DUVERGÉ,061002,876725a6cffffff
http://n2t.net/ark:/65665/3a710a0ae-a51c-45f3-b926-600273d5dd3e,2571406984,Theophrasta americana,Theophrasta americana L.,Primulaceae,Theophrasta,SPECIES,PRESERVED_SPECIMEN,2019-11-24,2019,-71.5778,18.3164,NA,821cc27a-e3bb-4bc5-ac34-89ada245069d,US,US,10,02,DUVERGÉ,061002,876725b5affffff
http://n2t.net/ark:/65665/3a86f1a22-0a08-4d83-aefb-04467a476bb9,1321010568,Baccharis myrsinites,Baccharis myrsinites Pers.,Asteraceae,Baccharis,SPECIES,PRESERVED_SPECIMEN,1991-09-28,1991,-71.7,18.3,NA,821cc27a-e3bb-4bc5-ac34-89ada245069d,US,US,10,02,DUVERGÉ,061002,876725a1cffffff
http://n2t.net/ark:/65665/3aa244d27-70ca-4d6f-b57d-f1700edfaa3f,3028102178,Cupania americana,Cupania americana L.,Sapindaceae,Cupania,SPECIES,MATERIAL_SAMPLE,2019-11-26,2019,-71.6736,18.3338,NA,26098c25-8f7f-4c71-97ac-1d3db181c65e,US,US,10,02,DUVERGÉ,061002,876725a04ffffff
http://n2t.net/ark:/65665/3abba3e3b-d49d-4666-9fb5-34f926097feb,1321085225,Oxalis latifolia,Oxalis eggersii Urb.,Oxalidaceae,Oxalis,SPECIES,PRESERVED_SPECIMEN,1985-05-09,1985,-71.57,18.28,NA,821cc27a-e3bb-4bc5-ac34-89ada245069d,US,US,10,02,DUVERGÉ,061002,876725a75ffffff
http://n2t.net/ark:/65665/3abce9231-bcbe-4044-8d52-71ae355502da,1321087075,Arachniodes denticulata,Arachniodes denticulata (Sw.) Ching,Dryopteridaceae,Arachniodes,SPECIES,PRESERVED_SPECIMEN,1983-08-18,1983,-71.7014,18.3,NA,821cc27a-e3bb-4bc5-ac34-89ada245069d,US,US,10,02,DUVERGÉ,061002,876725a1cffffff
http://n2t.net/ark:/65665/3aeb3defd-57aa-4cff-bdee-842872eea2b8,1321152923,Phlegmariurus hippurideus,Phlegmariurus hippurideus (Christ) B.Øllg.,Lycopodiaceae,Phlegmariurus,SPECIES,PRESERVED_SPECIMEN,1985-05-08,1985,-71.5944,18.25,NA,821cc27a-e3bb-4bc5-ac34-89ada245069d,US,US,10,02,DUVERGÉ,061002,876725a55ffffff
http://n2t.net/ark:/65665/3afddda4a-106d-45e1-8ccc-3201ebf2ca5a,2571459037,Guettarda L.,Guettarda L.,Rubiaceae,Guettarda,GENUS,PRESERVED_SPECIMEN,2019-11-26,2019,-71.6737,18.326,NA,821cc27a-e3bb-4bc5-ac34-89ada245069d,US,US,10,02,DUVERGÉ,061002,876725a00ffffff
http://n2t.net/ark:/65665/3b013b469-9af2-43fa-b36b-d12398e216bc,4403936433,Phoradendron haitense,Phoradendron haitense Urb.,Viscaceae,Phoradendron,SPECIES,PRESERVED_SPECIMEN,2019-11-26,2019,-71.6702,18.3326,NA,821cc27a-e3bb-4bc5-ac34-89ada245069d,US,US,10,02,DUVERGÉ,061002,876725a05ffffff
http://n2t.net/ark:/65665/3b1160139-c11e-4f79-8ecb-789d7baba897,3028023578,Anastraphia D.Don,Anastraphia D.Don,Asteraceae,Anastraphia,GENUS,MATERIAL_SAMPLE,2019-11-27,2019,-71.6299,18.3647,NA,26098c25-8f7f-4c71-97ac-1d3db181c65e,US,US,10,02,DUVERGÉ,061002,876725a25ffffff
http://n2t.net/ark:/65665/3b749b761-1ba3-4908-aae0-586421b380ea,4403936442,Pisonia aculeata,Pisonia aculeata L.,Nyctaginaceae,Pisonia,SPECIES,PRESERVED_SPECIMEN,2019-11-24,2019,-71.5811,18.314,NA,821cc27a-e3bb-4bc5-ac34-89ada245069d,US,US,10,02,DUVERGÉ,061002,876725b5affffff
http://n2t.net/ark:/65665/3b8946c5c-83aa-4e50-9360-b02f9f60adeb,2571493127,Allophylus racemosus,Allophylus racemosus (L.) Radlk.,Sapindaceae,Allophylus,SPECIES,PRESERVED_SPECIMEN,2019-11-26,2019,-71.6746,18.3325,NA,821cc27a-e3bb-4bc5-ac34-89ada245069d,US,US,10,02,DUVERGÉ,061002,876725a04ffffff
http://n2t.net/ark:/65665/3b8ec4c52-df3a-4319-a813-60b1ae6d5dca,1321383598,Cardiospermum corindum,Cardiospermum corindum L.,Sapindaceae,Cardiospermum,SPECIES,PRESERVED_SPECIMEN,1992-12-15,1992,-71.57,18.3,NA,821cc27a-e3bb-4bc5-ac34-89ada245069d,US,US,10,02,DUVERGÉ,061002,876725b5bffffff
http://n2t.net/ark:/65665/3b9c3ea4e-26af-41b6-a414-663ee1c57c25,1321402867,Theophrasta americana,Theophrasta americana L.,Primulaceae,Theophrasta,SPECIES,PRESERVED_SPECIMEN,2006-06-08,2006,-71.5964,18.2968,NA,821cc27a-e3bb-4bc5-ac34-89ada245069d,US,US,10,02,DUVERGÉ,061002,876725a74ffffff
http://n2t.net/ark:/65665/3bba1be06-e07b-40a2-8ff8-4faba0f86a41,1321445483,Pellaea ovata,Pellaea ovata (Desv.) Weath.,Pteridaceae,Pellaea,SPECIES,PRESERVED_SPECIMEN,1983-08-17,1983,-71.7,18.32,NA,821cc27a-e3bb-4bc5-ac34-89ada245069d,US,US,10,02,DUVERGÉ,061002,876725a02ffffff
http://n2t.net/ark:/65665/3bbabd89b-fcbc-4f52-bc04-95a86365eac2,1321446345,Croton discolor,Croton discolor Willd.,Euphorbiaceae,Croton,SPECIES,PRESERVED_SPECIMEN,1980-07-03,1980,-71.57,18.4,NA,821cc27a-e3bb-4bc5-ac34-89ada245069d,US,US,10,02,DUVERGÉ,061002,876725b70ffffff
http://n2t.net/ark:/65665/3bccec046-cb3d-4181-9afd-b6c6d46386a6,2426908705,Morella picardae,Morella picardae (Krug & Urb.) Wilbur,Myricaceae,Morella,SPECIES,PRESERVED_SPECIMEN,1985-04-17,1985,-71.5,18.23,NA,821cc27a-e3bb-4bc5-ac34-89ada245069d,US,US,10,02,DUVERGÉ,061002,876725a68ffffff
http://n2t.net/ark:/65665/3bd7648d6-7a32-4453-82bf-2c0bcaf95955,2571418063,Sideroxylon L.,Sideroxylon L.,Sapotaceae,Sideroxylon,GENUS,PRESERVED_SPECIMEN,2019-11-26,2019,-71.6746,18.3325,NA,821cc27a-e3bb-4bc5-ac34-89ada245069d,US,US,10,02,DUVERGÉ,061002,876725a04ffffff
http://n2t.net/ark:/65665/3bda6f429-9cd9-49a9-8585-d4da78dee82d,2571487133,Rhynchosia Lour.,Rhynchosia Lour.,Fabaceae,Rhynchosia,GENUS,PRESERVED_SPECIMEN,2019-11-26,2019,-71.6667,18.3333,NA,821cc27a-e3bb-4bc5-ac34-89ada245069d,US,US,10,02,DUVERGÉ,061002,876725a05ffffff
http://n2t.net/ark:/65665/3bf17076d-cd47-4e20-9ca1-1dc186eab592,1321523770,Begonia domingensis,Begonia domingensis A.DC.,Begoniaceae,Begonia,SPECIES,PRESERVED_SPECIMEN,1985-03-19,1985,-71.5333,18.2,NA,821cc27a-e3bb-4bc5-ac34-89ada245069d,US,US,10,02,DUVERGÉ,061002,876725a4effffff
http://n2t.net/ark:/65665/3bf332dc0-fa48-4e90-8f97-bf4679ba8336,3028022886,Osmiopsis plumeri,Osmiopsis plumeri (Urb. & Ekman) R.M.King & H.Rob.,Asteraceae,Osmiopsis,SPECIES,MATERIAL_SAMPLE,2019-11-27,2019,-71.679,18.3254,NA,26098c25-8f7f-4c71-97ac-1d3db181c65e,US,US,10,02,DUVERGÉ,061002,876725a00ffffff
http://n2t.net/ark:/65665/3bfa73987-dc6a-4c95-b440-7c83b9e67432,3028020018,Ficus L.,Ficus L.,Moraceae,Ficus,GENUS,MATERIAL_SAMPLE,2019-11-26,2019,-71.6736,18.3338,NA,26098c25-8f7f-4c71-97ac-1d3db181c65e,US,US,10,02,DUVERGÉ,061002,876725a04ffffff
http://n2t.net/ark:/65665/3c040fa51-6778-4059-9689-ed29dd112a24,1321550063,Plumeria subsessilis,Plumeria subsessilis A.DC.,Apocynaceae,Plumeria,SPECIES,PRESERVED_SPECIMEN,1985-05-09,1985,-71.57,18.28,NA,821cc27a-e3bb-4bc5-ac34-89ada245069d,US,US,10,02,DUVERGÉ,061002,876725a75ffffff
http://n2t.net/ark:/65665/3c08db69e-25e5-4f0c-ae8e-400b761bb6ed,3028115951,Homalium racemosum,Homalium racemosum Jacq.,Salicaceae,Homalium,SPECIES,MATERIAL_SAMPLE,2019-11-27,2019,-71.6889,18.3258,NA,26098c25-8f7f-4c71-97ac-1d3db181c65e,US,US,10,02,DUVERGÉ,061002,876725a00ffffff
http://n2t.net/ark:/65665/3c16bdb43-3cba-426e-be91-8a67f46c1dc1,1321576322,Polystichum Roth,Polystichum Roth,Dryopteridaceae,Polystichum,GENUS,PRESERVED_SPECIMEN,1983-08-18,1983,-71.7014,18.3,NA,821cc27a-e3bb-4bc5-ac34-89ada245069d,US,US,10,02,DUVERGÉ,061002,876725a1cffffff
http://n2t.net/ark:/65665/3c265e0b3-aa5a-4a07-b12a-5e09f7e4a56f,1321598350,Chromolaena sinuata,Chromolaena sinuata (Lam.) R.M.King & H.Rob.,Asteraceae,Chromolaena,SPECIES,PRESERVED_SPECIMEN,1987-08-27,1987,-71.52,18.2,NA,821cc27a-e3bb-4bc5-ac34-89ada245069d,US,US,10,02,DUVERGÉ,061002,876725a48ffffff
http://n2t.net/ark:/65665/3c76ad4a3-9903-4ee5-8314-a64a56a77cdd,1321711413,Elekmania haitiensis,Senecio haitiensis Krug & Urb.,Asteraceae,Elekmania,SPECIES,PRESERVED_SPECIMEN,2010-12-28,2010,-71.5665,18.2828,NA,821cc27a-e3bb-4bc5-ac34-89ada245069d,US,US,10,02,DUVERGÉ,061002,876725a75ffffff
http://n2t.net/ark:/65665/3c7bef03c-1fa1-44ab-b9ad-dd2ec2302119,1321718785,Psychotria baltenweckii,Psychotria baltenweckii Urb.,Rubiaceae,Psychotria,SPECIES,PRESERVED_SPECIMEN,1985-03-17,1985,-71.5,18.23,NA,821cc27a-e3bb-4bc5-ac34-89ada245069d,US,US,10,02,DUVERGÉ,061002,876725a68ffffff
http://n2t.net/ark:/65665/3c83b3ba9-134b-4ff4-bef0-4b0519932e39,3413691381,Pisonia aculeata,Pisonia aculeata L.,Nyctaginaceae,Pisonia,SPECIES,MATERIAL_SAMPLE,2019-11-24,2019,-71.5811,18.314,NA,26098c25-8f7f-4c71-97ac-1d3db181c65e,US,US,10,02,DUVERGÉ,061002,876725b5affffff
http://n2t.net/ark:/65665/3cdb0ba5e-a048-425f-8d8c-2c74247e38ee,1321852381,Tillandsia tenuifolia,Tillandsia tenuifolia L.,Bromeliaceae,Tillandsia,SPECIES,PRESERVED_SPECIMEN,1987-01-24,1987,-71.57,18.32,NA,821cc27a-e3bb-4bc5-ac34-89ada245069d,US,US,10,02,DUVERGÉ,061002,876725b58ffffff
http://n2t.net/ark:/65665/3ce92be9e-082b-4fbc-b005-b554d9eaa046,4403923451,Dendrophthora tetrastachya,Dendrophthora tetrastachya (C.Wright ex Griseb.) Urb.,Viscaceae,Dendrophthora,SPECIES,PRESERVED_SPECIMEN,2019-11-26,2019,-71.6746,18.3244,NA,821cc27a-e3bb-4bc5-ac34-89ada245069d,US,US,10,02,DUVERGÉ,061002,876725a00ffffff
http://n2t.net/ark:/65665/3ceaa1bee-2bc0-4087-a84e-0dbaddd92531,1321874654,Ternstroemia peduncularis,Ternstroemia peduncularis DC.,Pentaphylacaceae,Ternstroemia,SPECIES,PRESERVED_SPECIMEN,1994-05-26,1994,-71.53,18.2917,NA,821cc27a-e3bb-4bc5-ac34-89ada245069d,US,US,10,02,DUVERGÉ,061002,876725a64ffffff
http://n2t.net/ark:/65665/3cff017e4-7f10-4e23-9c87-24c5ff8b52b5,3413704391,Phoradendron mucronatum,Phoradendron mucronatum (DC.) Krug & Urb.,Viscaceae,Phoradendron,SPECIES,MATERIAL_SAMPLE,2019-11-26,2019,-71.6756,18.3319,NA,26098c25-8f7f-4c71-97ac-1d3db181c65e,US,US,10,02,DUVERGÉ,061002,876725a04ffffff
http://n2t.net/ark:/65665/3d0372e37-bd74-4b3f-bb6c-5edb89ecd19a,1321909482,Peperomia dendrophila,Peperomia dendrophila Schltdl. & Cham.,Piperaceae,Peperomia,SPECIES,PRESERVED_SPECIMEN,1985-05-09,1985,-71.5,18.23,NA,821cc27a-e3bb-4bc5-ac34-89ada245069d,US,US,10,02,DUVERGÉ,061002,876725a68ffffff
http://n2t.net/ark:/65665/3d15a492a-d049-4062-8320-b772c1f878f2,1321935090,Helicteres jamaicensis,Helicteres jamaicensis Jacq.,Malvaceae,Helicteres,SPECIES,PRESERVED_SPECIMEN,1983-09-09,1983,-71.55,18.32,NA,821cc27a-e3bb-4bc5-ac34-89ada245069d,US,US,10,02,DUVERGÉ,061002,876725b59ffffff
http://n2t.net/ark:/65665/3d25c4807-fa0a-4af8-a7de-63beb8479689,3028034775,Isidroa spinifera,Nashia spinifera (Urb.) Moldenke,Verbenaceae,Isidroa,SPECIES,MATERIAL_SAMPLE,2019-11-27,2019,-71.6289,18.3671,NA,26098c25-8f7f-4c71-97ac-1d3db181c65e,US,US,10,02,DUVERGÉ,061002,876725a25ffffff
http://n2t.net/ark:/65665/3d48d9ea8-7be8-4238-945b-f4f6af8f4ffb,3028029723,Rondeletia L.,Rondeletia L.,Rubiaceae,Rondeletia,GENUS,MATERIAL_SAMPLE,2019-11-27,2019,-71.6889,18.3258,NA,26098c25-8f7f-4c71-97ac-1d3db181c65e,US,US,10,02,DUVERGÉ,061002,876725a00ffffff
http://n2t.net/ark:/65665/3d551bcf0-23d9-49c1-afca-faa6ac68151c,1322023984,Mikania cyanosma,Mikania cyanosma Urb. & Ekman,Asteraceae,Mikania,SPECIES,PRESERVED_SPECIMEN,2010-12-27,2010,-71.6963,18.3249,NA,821cc27a-e3bb-4bc5-ac34-89ada245069d,US,US,10,02,DUVERGÉ,061002,876725a02ffffff
http://n2t.net/ark:/65665/3d58abac3-9400-49ab-af67-a3fc06b2e000,2571493249,Banara Aubl.,Banara Aubl.,Salicaceae,Banara,GENUS,PRESERVED_SPECIMEN,2019-11-26,2019,-71.6737,18.326,NA,821cc27a-e3bb-4bc5-ac34-89ada245069d,US,US,10,02,DUVERGÉ,061002,876725a00ffffff
http://n2t.net/ark:/65665/3d71e8c63-19e8-4070-af29-e03a0be72395,3028123708,Amyris P.Browne,Amyris P.Browne,Rutaceae,Amyris,GENUS,MATERIAL_SAMPLE,2019-11-26,2019,-71.6737,18.326,NA,26098c25-8f7f-4c71-97ac-1d3db181c65e,US,US,10,02,DUVERGÉ,061002,876725a00ffffff
http://n2t.net/ark:/65665/3d802dfeb-5fd2-40ad-8e64-dc5de60287ec,1322085024,Ternstroemia buxifolia,Ternstroemia buxifolia Ekman & O.C.Schmidt,Pentaphylacaceae,Ternstroemia,SPECIES,PRESERVED_SPECIMEN,1985-03-19,1985,-71.53,18.2,NA,821cc27a-e3bb-4bc5-ac34-89ada245069d,US,US,10,02,DUVERGÉ,061002,876725a48ffffff
http://n2t.net/ark:/65665/3d8541779-2d39-4090-b24e-3eb39b40790c,2571413159,Forchhammeria brevipes,Forchhammeria brevipes Urb.,Stixaceae,Forchhammeria,SPECIES,PRESERVED_SPECIMEN,2019-11-26,2019,-71.6739,18.326,NA,821cc27a-e3bb-4bc5-ac34-89ada245069d,US,US,10,02,DUVERGÉ,061002,876725a00ffffff
http://n2t.net/ark:/65665/3d91929ea-4876-43ac-b517-d942d94a58b5,1322109894,Diospyros crassinervis,Diospyros crassinervis subsp. urbaniana (Leonard) Alain,Ebenaceae,Diospyros,SUBSPECIES,PRESERVED_SPECIMEN,2001-06-14,2001,-71.5685,18.2856,NA,821cc27a-e3bb-4bc5-ac34-89ada245069d,US,US,10,02,DUVERGÉ,061002,876725a75ffffff
http://n2t.net/ark:/65665/3dc870912-7427-4693-92a0-7ca60d33d739,2571483302,Phoradendron mucronatum,Phoradendron mucronatum (DC.) Krug & Urb.,Viscaceae,Phoradendron,SPECIES,PRESERVED_SPECIMEN,2019-11-26,2019,-71.6756,18.3319,NA,821cc27a-e3bb-4bc5-ac34-89ada245069d,US,US,10,02,DUVERGÉ,061002,876725a04ffffff
http://n2t.net/ark:/65665/3dcb121ff-1e87-4079-917f-609d2848c611,2571434188,Zanthoxylum tragodes,Zanthoxylum tragodes (L.) DC.,Rutaceae,Zanthoxylum,SPECIES,PRESERVED_SPECIMEN,2019-11-26,2019,-71.5854,18.3422,NA,821cc27a-e3bb-4bc5-ac34-89ada245069d,US,US,10,02,DUVERGÉ,061002,876725b5effffff
http://n2t.net/ark:/65665/3dd81368b-6cdc-46fa-97ec-87f8f68c67be,2571440169,Clusia L.,Clusia L.,Clusiaceae,Clusia,GENUS,PRESERVED_SPECIMEN,2019-11-26,2019,-71.6647,18.3335,NA,821cc27a-e3bb-4bc5-ac34-89ada245069d,US,US,10,02,DUVERGÉ,061002,876725a05ffffff
http://n2t.net/ark:/65665/3df6147ff-c9c1-4906-8793-db6026bfa1b9,3413705398,Phoradendron haitense,Phoradendron haitense Urb.,Viscaceae,Phoradendron,SPECIES,MATERIAL_SAMPLE,2019-11-26,2019,-71.6702,18.3326,NA,26098c25-8f7f-4c71-97ac-1d3db181c65e,US,US,10,02,DUVERGÉ,061002,876725a05ffffff
http://n2t.net/ark:/65665/3e28963b6-ecd3-41db-a78c-793eda3ea950,2571405113,Chamissoa altissima,Chamissoa altissima (Jacq.) Kunth,Amaranthaceae,Chamissoa,SPECIES,PRESERVED_SPECIMEN,2019-11-26,2019,-71.6746,18.3325,NA,821cc27a-e3bb-4bc5-ac34-89ada245069d,US,US,10,02,DUVERGÉ,061002,876725a04ffffff
http://n2t.net/ark:/65665/3e6222edf-d929-4bae-b540-c1d5811dbab0,1322404761,Elaeodendron xylocarpum,Elaeodendron xylocarpum (Vent.) DC.,Celastraceae,Elaeodendron,SPECIES,PRESERVED_SPECIMEN,1987-01-24,1987,-71.57,18.32,NA,821cc27a-e3bb-4bc5-ac34-89ada245069d,US,US,10,02,DUVERGÉ,061002,876725b58ffffff
http://n2t.net/ark:/65665/3e7107555-0624-48a3-8af7-d0c4904a4600,1322425369,Poitea paucifolia,Poitea paucifolia (DC.) Lavin,Fabaceae,Poitea,SPECIES,PRESERVED_SPECIMEN,1985-05-10,1985,-71.57,18.3,NA,821cc27a-e3bb-4bc5-ac34-89ada245069d,US,US,10,02,DUVERGÉ,061002,876725b5bffffff
http://n2t.net/ark:/65665/3e934255e-f933-41e9-8edd-65bda956b6c6,1322474339,Thouinia tomentosa,Thouinia tomentosa var. rigidissima (Radlk. & Ekman) Votava & Alain,Sapindaceae,Thouinia,VARIETY,PRESERVED_SPECIMEN,1985-05-09,1985,-71.57,18.28,NA,821cc27a-e3bb-4bc5-ac34-89ada245069d,US,US,10,02,DUVERGÉ,061002,876725a75ffffff
http://n2t.net/ark:/65665/3e995446a-5363-4c37-a28c-08fe010e033d,4403907486,Ficus americana,Ficus americana subsp. americana,Moraceae,Ficus,SUBSPECIES,PRESERVED_SPECIMEN,2019-11-27,2019,-71.6774,18.3244,NA,821cc27a-e3bb-4bc5-ac34-89ada245069d,US,US,10,02,DUVERGÉ,061002,876725a00ffffff
http://n2t.net/ark:/65665/3ea6d78c0-b865-49d4-91b1-39f24a45c05f,1322502042,Polystichum muricatum,Polystichum muricatum (L.) Fée,Dryopteridaceae,Polystichum,SPECIES,PRESERVED_SPECIMEN,1983-08-18,1983,-71.7014,18.3,NA,821cc27a-e3bb-4bc5-ac34-89ada245069d,US,US,10,02,DUVERGÉ,061002,876725a1cffffff
http://n2t.net/ark:/65665/3eb278ce7-529a-4488-b5a4-0782583f3332,4403904508,Dendropemon alatus,Dendropemon alatus Tiegh.,Loranthaceae,Dendropemon,SPECIES,PRESERVED_SPECIMEN,2019-11-25,2019,-71.5811,18.3146,NA,821cc27a-e3bb-4bc5-ac34-89ada245069d,US,US,10,02,DUVERGÉ,061002,876725b5affffff
http://n2t.net/ark:/65665/3f53264f4-a0e1-49c7-a649-3b8507d6f83b,1322744918,Bursera simaruba,Bursera simaruba (L.) Sarg.,Burseraceae,Bursera,SPECIES,PRESERVED_SPECIMEN,2001-08-22,2001,-71.5366,18.3416,NA,821cc27a-e3bb-4bc5-ac34-89ada245069d,US,US,10,02,DUVERGÉ,061002,876725b43ffffff
http://n2t.net/ark:/65665/3f7e97fc9-65a6-4d3c-984f-d57c66d2b5e3,2571464364,Rauvolfia nitida,Rauvolfia nitida Jacq.,Apocynaceae,Rauvolfia,SPECIES,PRESERVED_SPECIMEN,2019-11-26,2019,-71.6741,18.3266,NA,821cc27a-e3bb-4bc5-ac34-89ada245069d,US,US,10,02,DUVERGÉ,061002,876725a00ffffff
http://n2t.net/ark:/65665/3fb567b05-e80a-4bdc-9d90-7acbf6a22606,1322883247,Cestrum coelophlebium,Cestrum coelophlebium O.E.Schulz,Solanaceae,Cestrum,SPECIES,PRESERVED_SPECIMEN,2003-04-17,2003,-71.6969,18.3064,NA,821cc27a-e3bb-4bc5-ac34-89ada245069d,US,US,10,02,DUVERGÉ,061002,876725a1cffffff
http://n2t.net/ark:/65665/3fd4f132b-7a3c-4c8d-862b-873e885310f2,1322927794,Isidorea pungens,Isidorea pungens (Lam.) B.L.Rob.,Rubiaceae,Isidorea,SPECIES,PRESERVED_SPECIMEN,1985-05-09,1985,-71.57,18.3,NA,821cc27a-e3bb-4bc5-ac34-89ada245069d,US,US,10,02,DUVERGÉ,061002,876725b5bffffff
http://n2t.net/ark:/65665/3fdbd6fc5-3b4e-4706-8944-108bdc6dec17,1322937465,Polytaenium lineatum,Polytaenium lineatum (Sw.) J.Sm.,Pteridaceae,Polytaenium,SPECIES,PRESERVED_SPECIMEN,1983-08-18,1983,-71.7,18.3,NA,821cc27a-e3bb-4bc5-ac34-89ada245069d,US,US,10,02,DUVERGÉ,061002,876725a1cffffff
http://n2t.net/ark:/65665/3fdd54bf3-8acd-4e93-9de2-5283dcac1bb7,1322939568,Buxus glomerata,Buxus glomerata (Griseb.) Müll.Arg.,Buxaceae,Buxus,SPECIES,PRESERVED_SPECIMEN,1985-05-09,1985,-71.57,18.28,NA,821cc27a-e3bb-4bc5-ac34-89ada245069d,US,US,10,02,DUVERGÉ,061002,876725a75ffffff
http://n2t.net/ark:/65665/3ffb09c61-3cf9-40ae-b122-8dcfbebc1249,1322981534,Elaphoglossum brachyneuron,Elaphoglossum brachyneuron (Fée) J.Sm.,Dryopteridaceae,Elaphoglossum,SPECIES,PRESERVED_SPECIMEN,1983-08-18,1983,-71.7014,18.3,NA,821cc27a-e3bb-4bc5-ac34-89ada245069d,US,US,10,02,DUVERGÉ,061002,876725a1cffffff
http://specimens.kew.org/herbarium/K000771905,4519388840,Calyptranthes Sw.,Calyptranthes Sw.,Myrtaceae,Myrcia,GENUS,PRESERVED_SPECIMEN,2014-08-15T00:00,2014,-71.709611,18.310666,NA,cd6e21c8-9e8a-493a-8a76-fbf7862069e5,K,Herbarium,10,02,DUVERGÉ,061002,876725a11ffffff
http://specimens.kew.org/herbarium/K000812329,4519390964,Myrcia barkeri,Calyptranthes barkeri Ekman & Urb.,Myrtaceae,Myrcia,SPECIES,PRESERVED_SPECIMEN,2013-06-25T00:00,2013,-71.566667,18.316667,NA,cd6e21c8-9e8a-493a-8a76-fbf7862069e5,K,Herbarium,10,02,DUVERGÉ,061002,876725b58ffffff
http://specimens.kew.org/herbarium/K000812398,912615922,Psidium brevifolium,Psidium brevifolium Alain,Myrtaceae,Psidium,SPECIES,PRESERVED_SPECIMEN,2013-04-17T00:00,2013,-71.552778,18.283333,NA,cd6e21c8-9e8a-493a-8a76-fbf7862069e5,K,Herbarium,10,02,DUVERGÉ,061002,876725a62ffffff
http://specimens.kew.org/herbarium/K000993499,4519401370,Myrcia pitoniana,Calyptranthes pitoniana Urb. & Ekman,Myrtaceae,Myrcia,SPECIES,PRESERVED_SPECIMEN,2014-08-15T00:00,2014,-71.709611,18.310666,NA,cd6e21c8-9e8a-493a-8a76-fbf7862069e5,K,Herbarium,10,02,DUVERGÉ,061002,876725a11ffffff
http://specimens.kew.org/herbarium/K001403703,5843819550,Pilea microphylla,Pilea microphylla (L.) Liebm.,Urticaceae,Pilea,SPECIES,PRESERVED_SPECIMEN,2014-08-14T00:00,2014,-71.676194,18.322417,NA,cd6e21c8-9e8a-493a-8a76-fbf7862069e5,K,Herbarium,10,02,DUVERGÉ,061002,876725a00ffffff
http://specimens.kew.org/herbarium/K001403778,5843817110,Pilea consanguinea,Pilea consanguinea Wedd.,Urticaceae,Pilea,SPECIES,PRESERVED_SPECIMEN,2014-08-14T00:00,2014,-71.676194,18.322417,NA,cd6e21c8-9e8a-493a-8a76-fbf7862069e5,K,Herbarium,10,02,DUVERGÉ,061002,876725a00ffffff
http://specimens.kew.org/herbarium/K001403878,5843866481,Pilea inaequalis,Pilea inaequalis (Juss. ex Poir.) Wedd.,Urticaceae,Pilea,SPECIES,PRESERVED_SPECIMEN,2014-08-14T00:00,2014,-71.708278,18.317083,NA,cd6e21c8-9e8a-493a-8a76-fbf7862069e5,K,Herbarium,10,02,DUVERGÉ,061002,876725a02ffffff
http://specimens.kew.org/herbarium/K001410007,5159776316,Pilea Lindl.,Pilea Lindl.,Urticaceae,Pilea,GENUS,PRESERVED_SPECIMEN,2014-08-14T00:00,2014,-71.707361,18.31525,NA,cd6e21c8-9e8a-493a-8a76-fbf7862069e5,K,Herbarium,10,02,DUVERGÉ,061002,876725a02ffffff
http://specimens.kew.org/herbarium/K001410038,5159787329,Pilea frutescens,Pilea frutescens Urb.,Urticaceae,Pilea,SPECIES,PRESERVED_SPECIMEN,2014-08-14T00:00,2014,-71.705861,18.308528,NA,cd6e21c8-9e8a-493a-8a76-fbf7862069e5,K,Herbarium,10,02,DUVERGÉ,061002,876725a11ffffff
http://specimens.kew.org/herbarium/K001410039,5159822327,Pilea frutescens,Pilea frutescens Urb.,Urticaceae,Pilea,SPECIES,PRESERVED_SPECIMEN,2014-08-14T00:00,2014,-71.689833,18.325555,NA,cd6e21c8-9e8a-493a-8a76-fbf7862069e5,K,Herbarium,10,02,DUVERGÉ,061002,876725a00ffffff
http://specimens.kew.org/herbarium/K001410040,5159760331,Pilea frutescens,Pilea frutescens Urb.,Urticaceae,Pilea,SPECIES,PRESERVED_SPECIMEN,2014-08-14T00:00,2014,-71.709667,18.310694,NA,cd6e21c8-9e8a-493a-8a76-fbf7862069e5,K,Herbarium,10,02,DUVERGÉ,061002,876725a11ffffff
http://specimens.kew.org/herbarium/K001410058,5843842744,Pilea minguetii,Pilea minguetii Urb.,Urticaceae,Pilea,SPECIES,PRESERVED_SPECIMEN,2014-08-14T00:00,2014,-71.708278,18.317083,NA,cd6e21c8-9e8a-493a-8a76-fbf7862069e5,K,Herbarium,10,02,DUVERGÉ,061002,876725a02ffffff
http://specimens.kew.org/herbarium/K001410075,5843817870,Pilea rivoriae,Pilea rivoriae Wedd.,Urticaceae,Pilea,SPECIES,PRESERVED_SPECIMEN,2014-08-14T00:00,2014,-71.708278,18.317083,NA,cd6e21c8-9e8a-493a-8a76-fbf7862069e5,K,Herbarium,10,02,DUVERGÉ,061002,876725a02ffffff
http://specimens.kew.org/herbarium/K003630817,4954043967,Gyrotaenia microcarpa,Gyrotaenia microcarpa (Wedd.) Fawc. & Rendle,Urticaceae,Gyrotaenia,SPECIES,PRESERVED_SPECIMEN,2014-08-14T00:00,2014,-71.689833,18.325555,NA,cd6e21c8-9e8a-493a-8a76-fbf7862069e5,K,Herbarium,10,02,DUVERGÉ,061002,876725a00ffffff
http://specimens.kew.org/herbarium/K003630819,4953986638,Gyrotaenia microcarpa,Gyrotaenia microcarpa (Wedd.) Fawc. & Rendle,Urticaceae,Gyrotaenia,SPECIES,PRESERVED_SPECIMEN,2014-08-14T00:00,2014,-71.689833,18.325555,NA,cd6e21c8-9e8a-493a-8a76-fbf7862069e5,K,Herbarium,10,02,DUVERGÉ,061002,876725a00ffffff
http://specimens.kew.org/herbarium/K003801264,4952000277,Boehmeria ramiflora,Boehmeria ramiflora Jacq.,Urticaceae,Boehmeria,SPECIES,PRESERVED_SPECIMEN,2014-08-14T00:00,2014,-71.708278,18.317083,NA,cd6e21c8-9e8a-493a-8a76-fbf7862069e5,K,Herbarium,10,02,DUVERGÉ,061002,876725a02ffffff
http://specimens.kew.org/herbarium/K003801302,4952015645,Boehmeria repens,Boehmeria repens (Griseb.) Wedd.,Urticaceae,Boehmeria,SPECIES,PRESERVED_SPECIMEN,2014-08-14T00:00,2014,-71.708278,18.317083,NA,cd6e21c8-9e8a-493a-8a76-fbf7862069e5,K,Herbarium,10,02,DUVERGÉ,061002,876725a02ffffff
http://specimens.kew.org/herbarium/K004935903,5004239659,Salvia selleana,Salvia selleana Urb.,Lamiaceae,Salvia,SPECIES,PRESERVED_SPECIMEN,2010-12-27T00:00,2010,-71.677722,18.322639,NA,cd6e21c8-9e8a-493a-8a76-fbf7862069e5,K,Herbarium,10,02,DUVERGÉ,061002,876725a00ffffff
http://specimens.kew.org/herbarium/K004935906,5004280315,Salvia selleana,Salvia selleana Urb.,Lamiaceae,Salvia,SPECIES,PRESERVED_SPECIMEN,2010-12-27T00:00,2010,-71.677722,18.322639,NA,cd6e21c8-9e8a-493a-8a76-fbf7862069e5,K,Herbarium,10,02,DUVERGÉ,061002,876725a00ffffff
http://specimens.kew.org/herbarium/K005642862,5051837027,Condea chyliantha,Condea chyliantha (Urb. & Ekman) Harley & J.F.B.Pastore,Lamiaceae,Condea,SPECIES,PRESERVED_SPECIMEN,1983-08-17T00:00,1983,-71.7,18.316667,NA,cd6e21c8-9e8a-493a-8a76-fbf7862069e5,K,Herbarium,10,02,DUVERGÉ,061002,876725a02ffffff
http://specimens.kew.org/herbarium/K005642863,5051821378,Condea chyliantha,Condea chyliantha (Urb. & Ekman) Harley & J.F.B.Pastore,Lamiaceae,Condea,SPECIES,PRESERVED_SPECIMEN,1983-08-17T00:00,1983,-71.7,18.316667,NA,cd6e21c8-9e8a-493a-8a76-fbf7862069e5,K,Herbarium,10,02,DUVERGÉ,061002,876725a02ffffff
http://specimens.kew.org/herbarium/K005785924,5000169048,Cynoglossum amabile,Cynoglossum amabile Stapf & J.R.Drumm.,Boraginaceae,Cynoglossum,SPECIES,PRESERVED_SPECIMEN,1987-01-25T00:00,1987,-71.516667,18.216667,NA,cd6e21c8-9e8a-493a-8a76-fbf7862069e5,K,Herbarium,10,02,DUVERGÉ,061002,876725a4cffffff
http://specimens.kew.org/herbarium/K005929426,5175220875,Diospyros caribaea,Diospyros caribaea (A.DC.) Standl.,Ebenaceae,Diospyros,SPECIES,PRESERVED_SPECIMEN,2001-06-14T00:00,2001,-71.568467,18.285567,NA,cd6e21c8-9e8a-493a-8a76-fbf7862069e5,K,Herbarium,10,02,DUVERGÉ,061002,876725a75ffffff
http://specimens.kew.org/herbarium/K006380625,5843830036,Pellaea ovata,Pellaea ovata (Desv.) Weath.,Pteridaceae,Pellaea,SPECIES,PRESERVED_SPECIMEN,1987-01-25T00:00,1987,-71.516667,18.216667,NA,cd6e21c8-9e8a-493a-8a76-fbf7862069e5,K,Herbarium,10,02,DUVERGÉ,061002,876725a4cffffff
https://data.biodiversitydata.nl/naturalis/specimen/L.4166060,2517178110,Badiera subrhombifolia,Badiera subrhombifolia J.R.Abbott,Polygalaceae,Badiera,SPECIES,PRESERVED_SPECIMEN,2006-06-03,2006,-71.53917,18.2037,NA,15f819bd-6612-4447-854b-14d12ee1022d,,Botany,10,02,DUVERGÉ,061002,876725a4effffff
https://data.biodiversitydata.nl/naturalis/specimen/U%20%200033616,2517283433,Brachythecium ruderale,Brachythecium stereopoma (Spruce ex Mitt.) A. Jaeger,Brachytheciaceae,Brachythecium,SPECIES,PRESERVED_SPECIMEN,1983-08-18,1983,-71.7,18.3,NA,15f819bd-6612-4447-854b-14d12ee1022d,,Botany,10,02,DUVERGÉ,061002,876725a1cffffff
https://data.biodiversitydata.nl/naturalis/specimen/U%20%200283241,2515766449,Chionoloma angustatum,Pseudosymblepharis schimperiana (Paris) H.A. Crum,Pottiaceae,Chionoloma,SPECIES,PRESERVED_SPECIMEN,1981-03-21,1981,-71.7,18.31667,NA,15f819bd-6612-4447-854b-14d12ee1022d,,Botany,10,02,DUVERGÉ,061002,876725a02ffffff
https://data.biodiversitydata.nl/naturalis/specimen/U.1000101,2517027596,Asplenium squamosum,Asplenium squamosum L.,Aspleniaceae,Asplenium,SPECIES,PRESERVED_SPECIMEN,1985-03-17,1985,-71.5,18.23333,NA,15f819bd-6612-4447-854b-14d12ee1022d,,Botany,10,02,DUVERGÉ,061002,876725a68ffffff
https://data.biodiversitydata.nl/naturalis/specimen/U.1001024,2515383637,Asplenium cristatum,Asplenium cristatum Lam.,Aspleniaceae,Asplenium,SPECIES,PRESERVED_SPECIMEN,1985-03-18,1985,-71.51667,18.2,NA,15f819bd-6612-4447-854b-14d12ee1022d,,Botany,10,02,DUVERGÉ,061002,876725a48ffffff
https://data.biodiversitydata.nl/naturalis/specimen/U.1003623,2515374337,Lomaridium fragile,Blechnum fragile (Liebm.) C.V.Morton & Lellinger,Blechnaceae,Lomaridium,SPECIES,PRESERVED_SPECIMEN,1985-03-19,1985,-71.53333,18.2,NA,15f819bd-6612-4447-854b-14d12ee1022d,,Botany,10,02,DUVERGÉ,061002,876725a4effffff
https://data.biodiversitydata.nl/naturalis/specimen/U.1009184,2517064787,Diplazium unilobum,Diplazium unilobum (Poir.) Hieron.,Athyriaceae,Diplazium,SPECIES,PRESERVED_SPECIMEN,1983-08-18,1983,-71.70139,18.3,NA,15f819bd-6612-4447-854b-14d12ee1022d,,Botany,10,02,DUVERGÉ,061002,876725a1cffffff
https://data.biodiversitydata.nl/naturalis/specimen/U.1014905,2515153157,Odontosoria aculeata,Odontosoria aculeata (L.) J.Sm.,Lindsaeaceae,Odontosoria,SPECIES,PRESERVED_SPECIMEN,1983-08-18,1983,-71.7,18.3,NA,15f819bd-6612-4447-854b-14d12ee1022d,,Botany,10,02,DUVERGÉ,061002,876725a1cffffff
https://data.biodiversitydata.nl/naturalis/specimen/U.1016727,2516900149,Phlegmariurus hippurideus,Lycopodium hippurideum Christ,Lycopodiaceae,Phlegmariurus,SPECIES,PRESERVED_SPECIMEN,1985-05-08,1985,-71.625,18.25,NA,15f819bd-6612-4447-854b-14d12ee1022d,,Botany,10,02,DUVERGÉ,061002,876725a56ffffff
https://data.biodiversitydata.nl/naturalis/specimen/U.1016748,2515341731,Phlegmariurus taxifolius,Lycopodium schwendeneri Herter,Lycopodiaceae,Phlegmariurus,SPECIES,PRESERVED_SPECIMEN,1985-03-17,1985,-71.5,18.23333,NA,15f819bd-6612-4447-854b-14d12ee1022d,,Botany,10,02,DUVERGÉ,061002,876725a68ffffff
https://data.biodiversitydata.nl/naturalis/specimen/U.1016757,2517078765,Phlegmariurus taxifolius,Lycopodium taxifolium Sw.,Lycopodiaceae,Phlegmariurus,SPECIES,PRESERVED_SPECIMEN,1983-08-18,1983,-71.71389,18.3,NA,15f819bd-6612-4447-854b-14d12ee1022d,,Botany,10,02,DUVERGÉ,061002,876725a1effffff
https://data.biodiversitydata.nl/naturalis/specimen/U.1016760,2515259236,Phlegmariurus taxifolius,Lycopodium taxifolium Sw.,Lycopodiaceae,Phlegmariurus,SPECIES,PRESERVED_SPECIMEN,1985-03-17,1985,-71.5,18.23333,NA,15f819bd-6612-4447-854b-14d12ee1022d,,Botany,10,02,DUVERGÉ,061002,876725a68ffffff
https://data.biodiversitydata.nl/naturalis/specimen/U.1018363,2515391472,Diphasiastrum fawcettii,Lycopodium fawcettii F.E.Lloyd & Underw.,Lycopodiaceae,Diphasiastrum,SPECIES,PRESERVED_SPECIMEN,1985-03-17,1985,-71.5,18.23333,NA,15f819bd-6612-4447-854b-14d12ee1022d,,Botany,10,02,DUVERGÉ,061002,876725a68ffffff
https://data.biodiversitydata.nl/naturalis/specimen/U.1021595,2515327302,Elaphoglossum brachyneuron,Elaphoglossum brachyneuron (Fée) J.Sm.,Dryopteridaceae,Elaphoglossum,SPECIES,PRESERVED_SPECIMEN,1983-08-18,1983,-71.70833,18.3,NA,15f819bd-6612-4447-854b-14d12ee1022d,,Botany,10,02,DUVERGÉ,061002,876725a1cffffff
https://data.biodiversitydata.nl/naturalis/specimen/U.1037493,2515289650,Pteris stridens,Pteris stridens J.Agardh,Pteridaceae,Pteris,SPECIES,PRESERVED_SPECIMEN,1985-03-17,1985,-71.5,18.23333,NA,15f819bd-6612-4447-854b-14d12ee1022d,,Botany,10,02,DUVERGÉ,061002,876725a68ffffff
https://data.biodiversitydata.nl/naturalis/specimen/U.1037494,2517274065,Pteris stridens,Pteris stridens J.Agardh,Pteridaceae,Pteris,SPECIES,PRESERVED_SPECIMEN,1985-03-17,1985,-71.5,18.23333,NA,15f819bd-6612-4447-854b-14d12ee1022d,,Botany,10,02,DUVERGÉ,061002,876725a68ffffff
https://data.biodiversitydata.nl/naturalis/specimen/U.1038279,2517274078,Juniperus gracilior,Juniperus ekmanii Florin,Cupressaceae,Juniperus,SPECIES,PRESERVED_SPECIMEN,1985-03-16,1985,-71.56667,18.31667,NA,15f819bd-6612-4447-854b-14d12ee1022d,,Botany,10,02,DUVERGÉ,061002,876725b58ffffff
https://data.biodiversitydata.nl/naturalis/specimen/U.1039706,2515428392,Polytaenium feei,Antrophyum lanceolatum (L.) Kaulf.,Pteridaceae,Polytaenium,SPECIES,PRESERVED_SPECIMEN,1983-08-18,1983,-71.71389,18.3,NA,15f819bd-6612-4447-854b-14d12ee1022d,,Botany,10,02,DUVERGÉ,061002,876725a1effffff
https://data.biodiversitydata.nl/naturalis/specimen/U.1040803,2515184134,Pellaea ovata,Pellaea ovata (Desv.) Weath.,Pteridaceae,Pellaea,SPECIES,PRESERVED_SPECIMEN,1983-08-17,1983,-71.7,18.31667,NA,15f819bd-6612-4447-854b-14d12ee1022d,,Botany,10,02,DUVERGÉ,061002,876725a02ffffff
https://data.biodiversitydata.nl/naturalis/specimen/U.1065302,2517303459,Hippeastrum puniceum,Hippeastrum puniceum (Lam.) Kuntze,Amaryllidaceae,Hippeastrum,SPECIES,PRESERVED_SPECIMEN,1985-03-26,1985,-71.7,18.33333,NA,15f819bd-6612-4447-854b-14d12ee1022d,,Botany,10,02,DUVERGÉ,061002,876725a06ffffff
https://data.biodiversitydata.nl/naturalis/specimen/U.1092820,2517321864,Ilex macfadyenii,Ilex tuerckheimii Loes.,Aquifoliaceae,Ilex,SPECIES,PRESERVED_SPECIMEN,1985-05-09,1985,-71.5,18.23333,NA,15f819bd-6612-4447-854b-14d12ee1022d,,Botany,10,02,DUVERGÉ,061002,876725a68ffffff
https://data.biodiversitydata.nl/naturalis/specimen/U.1094187,2517344958,Frodinia tremula,Didymopanax tremulus Krug & Urb.,Araliaceae,Frodinia,SPECIES,PRESERVED_SPECIMEN,1985-03-17,1985,-71.5,18.21667,NA,15f819bd-6612-4447-854b-14d12ee1022d,,Botany,10,02,DUVERGÉ,061002,876725a6bffffff
https://data.biodiversitydata.nl/naturalis/specimen/U.1120092,2515410009,Cynoglossum amabile,Cynoglossum amabile Stapf & J.R.Drumm.,Boraginaceae,Cynoglossum,SPECIES,PRESERVED_SPECIMEN,1987-01-25,1987,-71.51667,18.21667,NA,15f819bd-6612-4447-854b-14d12ee1022d,,Botany,10,02,DUVERGÉ,061002,876725a4cffffff
https://data.biodiversitydata.nl/naturalis/specimen/U.1126678,2515414323,Chromolaena sinuata,Eupatorium sinuatum var. viscigerum Urb. & Ekman,Asteraceae,Chromolaena,VARIETY,PRESERVED_SPECIMEN,1987-08-27,1987,-71.51667,18.2,NA,15f819bd-6612-4447-854b-14d12ee1022d,,Botany,10,02,DUVERGÉ,061002,876725a48ffffff
https://data.biodiversitydata.nl/naturalis/specimen/U.1153973,2515398708,Varronia dependens,Cordia dependens Urb. & Ekman,Cordiaceae,Varronia,SPECIES,PRESERVED_SPECIMEN,1985-03-19,1985,-71.53333,18.2,NA,15f819bd-6612-4447-854b-14d12ee1022d,,Botany,10,02,DUVERGÉ,061002,876725a4effffff
https://data.biodiversitydata.nl/naturalis/specimen/U.1196570,2515483925,Elaeodendron xylocarpum,Elaeodendron xylocarpum (Vent.) DC.,Celastraceae,Elaeodendron,SPECIES,PRESERVED_SPECIMEN,1985-03-16,1985,-71.56667,18.31667,NA,15f819bd-6612-4447-854b-14d12ee1022d,,Botany,10,02,DUVERGÉ,061002,876725b58ffffff
https://data.biodiversitydata.nl/naturalis/specimen/U.1200533,2517330488,Elaeodendron xylocarpum,Elaeodendron xylocarpum (Vent.) DC.,Celastraceae,Elaeodendron,SPECIES,PRESERVED_SPECIMEN,1987-01-24,1987,-71.56667,18.31667,NA,15f819bd-6612-4447-854b-14d12ee1022d,,Botany,10,02,DUVERGÉ,061002,876725b58ffffff
https://data.biodiversitydata.nl/naturalis/specimen/U.1242098,2517116144,Chamaecrista glandulosa,Chamaecrista glandulosa var. picardae (Urb.) H.S.Irwin & Barneby,Fabaceae,Chamaecrista,VARIETY,PRESERVED_SPECIMEN,1985-05-09,1985,-71.56667,18.28333,NA,15f819bd-6612-4447-854b-14d12ee1022d,,Botany,10,02,DUVERGÉ,061002,876725a75ffffff
https://data.biodiversitydata.nl/naturalis/specimen/U.1258896,2515396029,Vachellia macracantha,Acacia macracantha Humb. & Bonpl. ex Willd.,Fabaceae,Vachellia,SPECIES,PRESERVED_SPECIMEN,1985-03-20,1985,-71.56667,18.3,NA,15f819bd-6612-4447-854b-14d12ee1022d,,Botany,10,02,DUVERGÉ,061002,876725b5bffffff
https://data.biodiversitydata.nl/naturalis/specimen/U.1258898,2516983634,Parasenegalia skleroxyla,Acacia scleroxyla Tussac,Fabaceae,Parasenegalia,SPECIES,PRESERVED_SPECIMEN,1985-05-10,1985,-71.56667,18.3,NA,15f819bd-6612-4447-854b-14d12ee1022d,,Botany,10,02,DUVERGÉ,061002,876725b5bffffff
https://data.biodiversitydata.nl/naturalis/specimen/U.1260874,2517115389,Sebastiania picardae,Sebastiania picardae Urb.,Euphorbiaceae,Sebastiania,SPECIES,PRESERVED_SPECIMEN,1985-03-17,1985,-71.5,18.23333,NA,15f819bd-6612-4447-854b-14d12ee1022d,,Botany,10,02,DUVERGÉ,061002,876725a68ffffff
https://data.biodiversitydata.nl/naturalis/specimen/U.1262075,2517162393,Calliandra pedicellata,Calliandra pedicellata Benth.,Fabaceae,Calliandra,SPECIES,PRESERVED_SPECIMEN,1992-07-15,1992,-71.53333,18.36667,NA,15f819bd-6612-4447-854b-14d12ee1022d,,Botany,10,02,DUVERGÉ,061002,876725b45ffffff
https://data.biodiversitydata.nl/naturalis/specimen/U.1331879,2515314387,Sophora albopetiolulata,Sophora oligosperma Urb. & Ekman,Fabaceae,Sophora,SPECIES,PRESERVED_SPECIMEN,1985-03-16,1985,-71.55,18.26667,NA,15f819bd-6612-4447-854b-14d12ee1022d,,Botany,10,02,DUVERGÉ,061002,876725a62ffffff
https://data.biodiversitydata.nl/naturalis/specimen/U.1402496,2515357116,Clinopodium domingense,Satureja domingensis Urb. & Ekman,Lamiaceae,Clinopodium,SPECIES,PRESERVED_SPECIMEN,1985-03-17,1985,-71.5,18.23333,NA,15f819bd-6612-4447-854b-14d12ee1022d,,Botany,10,02,DUVERGÉ,061002,876725a68ffffff
https://data.biodiversitydata.nl/naturalis/specimen/U.1413601,2517186435,Salvia selleana,Salvia selleana Urb.,Lamiaceae,Salvia,SPECIES,PRESERVED_SPECIMEN,1987-01-24,1987,-71.51667,18.21667,NA,15f819bd-6612-4447-854b-14d12ee1022d,,Botany,10,02,DUVERGÉ,061002,876725a4cffffff
https://data.biodiversitydata.nl/naturalis/specimen/U.1426729,2515444460,Morella picardae,Myrica picardae Krug & Urb.,Myricaceae,Morella,SPECIES,PRESERVED_SPECIMEN,1985-03-17,1985,-71.5,18.23333,NA,15f819bd-6612-4447-854b-14d12ee1022d,,Botany,10,02,DUVERGÉ,061002,876725a68ffffff
https://data.biodiversitydata.nl/naturalis/specimen/U.1480644,2517070688,Peperomia tetraphylla,Peperomia reflexa (L.fil.) A.Dietr.,Piperaceae,Peperomia,SPECIES,PRESERVED_SPECIMEN,1985-03-17,1985,-71.5,18.23333,NA,15f819bd-6612-4447-854b-14d12ee1022d,,Botany,10,02,DUVERGÉ,061002,876725a68ffffff
https://data.biodiversitydata.nl/naturalis/specimen/U.1480691,2517068714,Peperomia crassicaulis,Peperomia unguiculata Trel.,Piperaceae,Peperomia,SPECIES,PRESERVED_SPECIMEN,1985-03-19,1985,-71.53333,18.2,NA,15f819bd-6612-4447-854b-14d12ee1022d,,Botany,10,02,DUVERGÉ,061002,876725a4effffff
https://data.biodiversitydata.nl/naturalis/specimen/U.1481968,2517070712,Peperomia galioides,Peperomia galioides Kunth,Piperaceae,Peperomia,SPECIES,PRESERVED_SPECIMEN,1985-03-17,1985,-71.5,18.23333,NA,15f819bd-6612-4447-854b-14d12ee1022d,,Botany,10,02,DUVERGÉ,061002,876725a68ffffff
https://data.biodiversitydata.nl/naturalis/specimen/U.1535310,2515503772,Coccoloba diversifolia,Coccoloba diversifolia Jacq.,Polygonaceae,Coccoloba,SPECIES,PRESERVED_SPECIMEN,1985-03-20,1985,-71.56667,18.3,NA,15f819bd-6612-4447-854b-14d12ee1022d,,Botany,10,02,DUVERGÉ,061002,876725b5bffffff
https://data.biodiversitydata.nl/naturalis/specimen/U.1564744,2515662949,Psychotria baltenweckii,Psychotria baltenweckii Urb.,Rubiaceae,Psychotria,SPECIES,PRESERVED_SPECIMEN,1985-03-17,1985,-71.5,18.23333,NA,15f819bd-6612-4447-854b-14d12ee1022d,,Botany,10,02,DUVERGÉ,061002,876725a68ffffff
https://data.biodiversitydata.nl/naturalis/specimen/U.1567080,2515616683,Isidorea pungens,Isidorea pungens (Lam.) B.L.Rob.,Rubiaceae,Isidorea,SPECIES,PRESERVED_SPECIMEN,1985-05-09,1985,-71.56667,18.3,NA,15f819bd-6612-4447-854b-14d12ee1022d,,Botany,10,02,DUVERGÉ,061002,876725b5bffffff
https://data.biodiversitydata.nl/naturalis/specimen/U.1577918,2515678488,Plethadenia granulata,Plethadenia granulata Urb.,Rutaceae,Plethadenia,SPECIES,PRESERVED_SPECIMEN,1983-08-17,1983,-71.53333,18.34722,NA,15f819bd-6612-4447-854b-14d12ee1022d,,Botany,10,02,DUVERGÉ,061002,876725b41ffffff
https://data.biodiversitydata.nl/naturalis/specimen/U.1577919,2515528648,Plethadenia granulata,Plethadenia granulata Urb.,Rutaceae,Plethadenia,SPECIES,PRESERVED_SPECIMEN,1983-08-17,1983,-71.53333,18.34722,NA,15f819bd-6612-4447-854b-14d12ee1022d,,Botany,10,02,DUVERGÉ,061002,876725b41ffffff
https://data.biodiversitydata.nl/naturalis/specimen/U.1578629,2515681529,Zanthoxylum nashii,Zanthoxylum nannophyllum (Urb.) Alain,Rutaceae,Zanthoxylum,SPECIES,PRESERVED_SPECIMEN,1985-05-09,1985,-71.56667,18.28333,NA,15f819bd-6612-4447-854b-14d12ee1022d,,Botany,10,02,DUVERGÉ,061002,876725a75ffffff
https://data.biodiversitydata.nl/naturalis/specimen/U.1581771,2517559890,Rondeletia fuertesii,Rondeletia fuertesii Urb.,Rubiaceae,Rondeletia,SPECIES,PRESERVED_SPECIMEN,1992-07-15,1992,-71.53333,18.36667,NA,15f819bd-6612-4447-854b-14d12ee1022d,,Botany,10,02,DUVERGÉ,061002,876725b45ffffff
https://data.biodiversitydata.nl/naturalis/specimen/U.1592931,2517590084,Sideroxylon salicifolium,Bumelia salicifolia (L.) Sw.,Sapotaceae,Sideroxylon,SPECIES,PRESERVED_SPECIMEN,1985-05-09,1985,-71.56667,18.28333,NA,15f819bd-6612-4447-854b-14d12ee1022d,,Botany,10,02,DUVERGÉ,061002,876725a75ffffff
https://data.biodiversitydata.nl/naturalis/specimen/U.1596325,2517575146,Chrysophyllum oliviforme,Chrysophyllum angustifolium Lam.,Sapotaceae,Chrysophyllum,SPECIES,PRESERVED_SPECIMEN,1985-03-16,1985,-71.56667,18.31667,NA,15f819bd-6612-4447-854b-14d12ee1022d,,Botany,10,02,DUVERGÉ,061002,876725b58ffffff
https://data.biodiversitydata.nl/naturalis/specimen/U.1596328,2515716600,Chrysophyllum oliviforme,Chrysophyllum oliviforme L.,Sapotaceae,Chrysophyllum,SPECIES,PRESERVED_SPECIMEN,1985-03-16,1985,-71.56667,18.31667,NA,15f819bd-6612-4447-854b-14d12ee1022d,,Botany,10,02,DUVERGÉ,061002,876725b58ffffff
https://data.biodiversitydata.nl/naturalis/specimen/U.1597091,2517551091,Thouinia tomentosa,Thouinia tomentosa var. rigidissima (Radlk. & Ekman) Votava & Alain,Sapindaceae,Thouinia,VARIETY,PRESERVED_SPECIMEN,1985-05-09,1985,-71.56667,18.28333,NA,15f819bd-6612-4447-854b-14d12ee1022d,,Botany,10,02,DUVERGÉ,061002,876725a75ffffff
https://data.biodiversitydata.nl/naturalis/specimen/U.1607414,2517252244,Parapolystichum confine,Lastreopsis effusa subsp. confinis (C.Chr.) Tindale,Dryopteridaceae,Parapolystichum,SUBSPECIES,PRESERVED_SPECIMEN,1983-08-18,1983,-71.7,18.3,NA,15f819bd-6612-4447-854b-14d12ee1022d,,Botany,10,02,DUVERGÉ,061002,876725a1cffffff
https://data.biodiversitydata.nl/naturalis/specimen/U.1730164,2515527312,Dodonaea viscosa,Dodonaea angustifolia L.fil.,Sapindaceae,Dodonaea,SPECIES,PRESERVED_SPECIMEN,1985-05-09,1985,-71.56667,18.28333,NA,15f819bd-6612-4447-854b-14d12ee1022d,,Botany,10,02,DUVERGÉ,061002,876725a75ffffff
https://data.biodiversitydata.nl/naturalis/specimen/U.1736191,2515455668,Cestrum coelophlebium,Cestrum coelophlebium O.E.Schulz,Solanaceae,Cestrum,SPECIES,PRESERVED_SPECIMEN,1985-03-17,1985,-71.5,18.23333,NA,15f819bd-6612-4447-854b-14d12ee1022d,,Botany,10,02,DUVERGÉ,061002,876725a68ffffff
https://data.biodiversitydata.nl/naturalis/specimen/U.1741540,2515707815,Solanum crotonoides,Solanum crotonoides Lam.,Solanaceae,Solanum,SPECIES,PRESERVED_SPECIMEN,1985-03-17,1985,-71.5,18.23333,NA,15f819bd-6612-4447-854b-14d12ee1022d,,Botany,10,02,DUVERGÉ,061002,876725a68ffffff
https://data.biodiversitydata.nl/naturalis/specimen/U.1760421,2517307003,Pilea lanceolata,Pilea lanceolata (Savigny) Wedd.,Urticaceae,Pilea,SPECIES,PRESERVED_SPECIMEN,1985-03-17,1985,-71.5,18.23333,NA,15f819bd-6612-4447-854b-14d12ee1022d,,Botany,10,02,DUVERGÉ,061002,876725a68ffffff
https://data.rbge.org.uk/herb/E00822644,3312492988,Podocarpus buchii,Podocarpus buchii Urb.,Podocarpaceae,Podocarpus,SPECIES,PRESERVED_SPECIMEN,2017-03-02,2017,-71.555833,18.208333,NA,bf2a4bf0-5f31-11de-b67e-b8a03c50a862,RBGE,E,10,02,DUVERGÉ,061002,876725a5dffffff
https://herbarium.bgbm.org/object/B100326837,237343155,Fuchsia triphylla,Fuchsia triphylla L.,Onagraceae,Fuchsia,SPECIES,PRESERVED_SPECIMEN,2006-06-03,2006,-71.53445,18.20611,NA,85714c48-f762-11e1-a439-00145eb45e9a,B,Herbarium Berolinense,10,02,DUVERGÉ,061002,876725a4effffff
https://herbarium.bgbm.org/object/B100326839,237342462,Daphnopsis crassifolia,Daphnopsis crassifolia (Poir.) Meisn.,Thymelaeaceae,Daphnopsis,SPECIES,PRESERVED_SPECIMEN,2006-06-03,2006,-71.53445,18.20611,NA,85714c48-f762-11e1-a439-00145eb45e9a,B,Herbarium Berolinense,10,02,DUVERGÉ,061002,876725a4effffff
https://herbarium.bgbm.org/object/B100412813,5195017301,Pinochia corymbosa,Pinochia corymbosa (Jacq.) M.E.Endress & B.F.Hansen,Apocynaceae,Pinochia,SPECIES,PRESERVED_SPECIMEN,2006-06-08,2006,-71.59306,18.29139,NA,85714c48-f762-11e1-a439-00145eb45e9a,B,Herbarium Berolinense,10,02,DUVERGÉ,061002,876725a74ffffff
https://herbarium.bgbm.org/object/B101201005,3344539354,Zanthoxylum nashii,Zanthoxylum nashii P.Wilson,Rutaceae,Zanthoxylum,SPECIES,PRESERVED_SPECIMEN,1993-03-24,1993,-71.5,18.25,NA,85714c48-f762-11e1-a439-00145eb45e9a,B,Herbarium Berolinense,10,02,DUVERGÉ,061002,876725a6cffffff
https://herbarium.bgbm.org/object/B101244994,5029332455,Phyllanthus L.,Phyllanthus L.,Phyllanthaceae,Phyllanthus,GENUS,PRESERVED_SPECIMEN,2013-04-16,2013,-71.70028,18.30639,NA,85714c48-f762-11e1-a439-00145eb45e9a,B,Herbarium Berolinense,10,02,DUVERGÉ,061002,876725a1cffffff
https://herbarium.bgbm.org/object/B101244996,5029325397,Acidoton Sw.,Acidoton Sw.,Euphorbiaceae,Acidoton,GENUS,PRESERVED_SPECIMEN,2013-04-17,2013,-71.57333,18.33139,NA,85714c48-f762-11e1-a439-00145eb45e9a,B,Herbarium Berolinense,10,02,DUVERGÉ,061002,876725b5effffff
https://herbarium.bgbm.org/object/B101244997,5029336865,Acalypha L.,Acalypha L.,Euphorbiaceae,Acalypha,GENUS,PRESERVED_SPECIMEN,2013-04-17,2013,-71.57333,18.33139,NA,85714c48-f762-11e1-a439-00145eb45e9a,B,Herbarium Berolinense,10,02,DUVERGÉ,061002,876725b5effffff
https://herbarium.bgbm.org/object/B101278021,5152921323,Coccoloba flavescens,Coccoloba flavescens Jacq.,Polygonaceae,Coccoloba,SPECIES,PRESERVED_SPECIMEN,2013-04-17,2013,-71.57333,18.33139,NA,85714c48-f762-11e1-a439-00145eb45e9a,B,Herbarium Berolinense,10,02,DUVERGÉ,061002,876725b5effffff
https://herbarium.bgbm.org/object/B101278037,5152914316,Banara splendens,Banara splendens Urb.,Salicaceae,Banara,SPECIES,PRESERVED_SPECIMEN,2013-04-16,2013,-71.70033,18.30649,NA,85714c48-f762-11e1-a439-00145eb45e9a,B,Herbarium Berolinense,10,02,DUVERGÉ,061002,876725a1cffffff
https://herbarium.bgbm.org/object/B101278060,5152911319,Psychotria dolichocalyx,Psychotria dolichocalyx Urb. & Ekman,Rubiaceae,Psychotria,SPECIES,PRESERVED_SPECIMEN,2013-04-17,2013,-71.57333,18.33139,NA,85714c48-f762-11e1-a439-00145eb45e9a,B,Herbarium Berolinense,10,02,DUVERGÉ,061002,876725b5effffff
https://herbarium.bgbm.org/object/B101278061,5152901323,Guettarda lamprophylla,Guettarda lamprophylla Urb.,Rubiaceae,Guettarda,SPECIES,PRESERVED_SPECIMEN,2013-04-17,2013,-71.57333,18.33139,NA,85714c48-f762-11e1-a439-00145eb45e9a,B,Herbarium Berolinense,10,02,DUVERGÉ,061002,876725b5effffff
https://herbarium.bgbm.org/object/B101278062,5152917319,Exostema spinosum,Exostema spinosum (Vavass.) Krug & Urb.,Rubiaceae,Exostema,SPECIES,PRESERVED_SPECIMEN,2013-04-17,2013,-71.57333,18.33139,NA,85714c48-f762-11e1-a439-00145eb45e9a,B,Herbarium Berolinense,10,02,DUVERGÉ,061002,876725b5effffff
https://herbarium.bgbm.org/object/B101278063,5152916319,Rondeletia L.,Rondeletia L.,Rubiaceae,Rondeletia,GENUS,PRESERVED_SPECIMEN,2013-04-17,2013,-71.57333,18.33139,NA,85714c48-f762-11e1-a439-00145eb45e9a,B,Herbarium Berolinense,10,02,DUVERGÉ,061002,876725b5effffff
https://herbarium.bgbm.org/object/B101278064,5152918321,Garciadelia mejiae,Garciadelia mejiae Jestrow & Jiménez Rodr.,Euphorbiaceae,Garciadelia,SPECIES,PRESERVED_SPECIMEN,2013-04-17,2013,-71.57333,18.33139,NA,85714c48-f762-11e1-a439-00145eb45e9a,B,Herbarium Berolinense,10,02,DUVERGÉ,061002,876725b5effffff
https://herbarium.bgbm.org/object/B101278065,5152910322,Guettarda prenleloupii,Guettarda prenleloupii Urb.,Rubiaceae,Guettarda,SPECIES,PRESERVED_SPECIMEN,2013-04-17,2013,-71.57333,18.33139,NA,85714c48-f762-11e1-a439-00145eb45e9a,B,Herbarium Berolinense,10,02,DUVERGÉ,061002,876725b5effffff
https://herbarium.bgbm.org/object/B101278068,5152915324,Coccoloba pauciflora,Coccoloba pauciflora Urb.,Polygonaceae,Coccoloba,SPECIES,PRESERVED_SPECIMEN,2013-04-16,2013,-71.70033,18.30649,NA,85714c48-f762-11e1-a439-00145eb45e9a,B,Herbarium Berolinense,10,02,DUVERGÉ,061002,876725a1cffffff
https://herbarium.bgbm.org/object/B101278075,5152919324,Croton sidifolius,Croton sidifolius Lam.,Euphorbiaceae,Croton,SPECIES,PRESERVED_SPECIMEN,2013-04-17,2013,-71.57333,18.33139,NA,85714c48-f762-11e1-a439-00145eb45e9a,B,Herbarium Berolinense,10,02,DUVERGÉ,061002,876725b5effffff
https://herbarium.bgbm.org/object/B101278076,5152922331,Coccoloba pubescens,Coccoloba pubescens L.,Polygonaceae,Coccoloba,SPECIES,PRESERVED_SPECIMEN,2013-04-17,2013,-71.57333,18.33139,NA,85714c48-f762-11e1-a439-00145eb45e9a,B,Herbarium Berolinense,10,02,DUVERGÉ,061002,876725b5effffff
https://herbarium.bgbm.org/object/B101278089,5152908321,Coccoloba flavescens,Coccoloba flavescens Jacq.,Polygonaceae,Coccoloba,SPECIES,PRESERVED_SPECIMEN,2013-04-17,2013,-71.57333,18.33139,NA,85714c48-f762-11e1-a439-00145eb45e9a,B,Herbarium Berolinense,10,02,DUVERGÉ,061002,876725b5effffff
https://herbarium.bgbm.org/object/B101278106,5152922332,Scolosanthus densiflorus,Scolosanthus densiflorus Urb.,Rubiaceae,Scolosanthus,SPECIES,PRESERVED_SPECIMEN,2013-04-17,2013,-71.57333,18.33139,NA,85714c48-f762-11e1-a439-00145eb45e9a,B,Herbarium Berolinense,10,02,DUVERGÉ,061002,876725b5effffff
https://herbarium.bgbm.org/object/B101278107,5152899325,Guettarda prenleloupii,Guettarda prenleloupii Urb.,Rubiaceae,Guettarda,SPECIES,PRESERVED_SPECIMEN,2013-04-17,2013,-71.57333,18.33139,NA,85714c48-f762-11e1-a439-00145eb45e9a,B,Herbarium Berolinense,10,02,DUVERGÉ,061002,876725b5effffff
https://herbarium.bgbm.org/object/B101278109,5152909324,Smilax havanensis,Smilax havanensis Jacq.,Smilacaceae,Smilax,SPECIES,PRESERVED_SPECIMEN,2013-04-17,2013,-71.57333,18.33139,NA,85714c48-f762-11e1-a439-00145eb45e9a,B,Herbarium Berolinense,10,02,DUVERGÉ,061002,876725b5effffff
https://herbarium.bgbm.org/object/B101278110,5152899326,Malpighia macracantha,Malpighia macracantha Urb. & Nied.,Malpighiaceae,Malpighia,SPECIES,PRESERVED_SPECIMEN,2013-04-17,2013,-71.57333,18.33139,NA,85714c48-f762-11e1-a439-00145eb45e9a,B,Herbarium Berolinense,10,02,DUVERGÉ,061002,876725b5effffff
https://herbarium.bgbm.org/object/B101278111,5152920326,Croton polytomus,Croton polytomus Urb.,Euphorbiaceae,Croton,SPECIES,PRESERVED_SPECIMEN,2013-04-17,2013,-71.57333,18.33139,NA,85714c48-f762-11e1-a439-00145eb45e9a,B,Herbarium Berolinense,10,02,DUVERGÉ,061002,876725b5effffff
https://herbarium.bgbm.org/object/B101278112,5152909325,Sideroxylon anomalum,Sideroxylon anomalum (Urb.) T.D.Penn.,Sapotaceae,Sideroxylon,SPECIES,PRESERVED_SPECIMEN,2013-04-17,2013,-71.57333,18.33139,NA,85714c48-f762-11e1-a439-00145eb45e9a,B,Herbarium Berolinense,10,02,DUVERGÉ,061002,876725b5effffff
https://herbarium.bgbm.org/object/B101278113,5152902326,Croton pachysepalus,Croton pachysepalus Griseb.,Euphorbiaceae,Croton,SPECIES,PRESERVED_SPECIMEN,2013-04-17,2013,-71.57333,18.33139,NA,85714c48-f762-11e1-a439-00145eb45e9a,B,Herbarium Berolinense,10,02,DUVERGÉ,061002,876725b5effffff
https://herbarium.bgbm.org/object/B101278127,5152918322,Monteverdia domingensis,Maytenus domingensis Krug & Urb.,Celastraceae,Monteverdia,SPECIES,PRESERVED_SPECIMEN,2013-04-17,2013,-71.57333,18.33139,NA,85714c48-f762-11e1-a439-00145eb45e9a,B,Herbarium Berolinense,10,02,DUVERGÉ,061002,876725b5effffff
https://herbarium.bgbm.org/object/B101278128,5152910324,Buxus glomerata,Buxus glomerata (Griseb.) Müll.Arg.,Buxaceae,Buxus,SPECIES,PRESERVED_SPECIMEN,2013-04-17,2013,-71.57333,18.33139,NA,85714c48-f762-11e1-a439-00145eb45e9a,B,Herbarium Berolinense,10,02,DUVERGÉ,061002,876725b5effffff
https://herbarium.bgbm.org/object/B101278129,5152912325,Croton vaillantii,Croton vaillantii Geiseler,Euphorbiaceae,Croton,SPECIES,PRESERVED_SPECIMEN,2013-04-17,2013,-71.57333,18.33139,NA,85714c48-f762-11e1-a439-00145eb45e9a,B,Herbarium Berolinense,10,02,DUVERGÉ,061002,876725b5effffff
https://herbarium.bgbm.org/object/B101278130,5152918323,Bernardia dichotoma,Bernardia dichotoma (Willd.) Müll.Arg.,Euphorbiaceae,Bernardia,SPECIES,PRESERVED_SPECIMEN,2013-04-17,2013,-71.57333,18.33139,NA,85714c48-f762-11e1-a439-00145eb45e9a,B,Herbarium Berolinense,10,02,DUVERGÉ,061002,876725b5effffff
https://herbarium.bgbm.org/object/B101278131,5152910325,Rondeletia fuertesii,Rondeletia fuertesii Urb.,Rubiaceae,Rondeletia,SPECIES,PRESERVED_SPECIMEN,2013-04-17,2013,-71.57333,18.33139,NA,85714c48-f762-11e1-a439-00145eb45e9a,B,Herbarium Berolinense,10,02,DUVERGÉ,061002,876725b5effffff
https://herbarium.bgbm.org/object/B101278132,5152912326,Savia sessiliflora,Savia sessiliflora (Sw.) Willd.,Phyllanthaceae,Savia,SPECIES,PRESERVED_SPECIMEN,2013-04-17,2013,-71.57333,18.33139,NA,85714c48-f762-11e1-a439-00145eb45e9a,B,Herbarium Berolinense,10,02,DUVERGÉ,061002,876725b5effffff
https://herbarium.bgbm.org/object/B101278134,5152915327,Coccoloba costata,Coccoloba costata C.Wright,Polygonaceae,Coccoloba,SPECIES,PRESERVED_SPECIMEN,2013-04-17,2013,-71.57333,18.33139,NA,85714c48-f762-11e1-a439-00145eb45e9a,B,Herbarium Berolinense,10,02,DUVERGÉ,061002,876725b5effffff
https://herbarium.bgbm.org/object/B101278135,5152905325,Coccoloba buchii,Coccoloba buchii O.C.Schmidt,Polygonaceae,Coccoloba,SPECIES,PRESERVED_SPECIMEN,2013-04-17,2013,-71.57333,18.33139,NA,85714c48-f762-11e1-a439-00145eb45e9a,B,Herbarium Berolinense,10,02,DUVERGÉ,061002,876725b5effffff
https://herbarium.bgbm.org/object/B101278136,5152914319,Coccoloba diversifolia,Coccoloba diversifolia Jacq.,Polygonaceae,Coccoloba,SPECIES,PRESERVED_SPECIMEN,2013-04-17,2013,-71.57333,18.33139,NA,85714c48-f762-11e1-a439-00145eb45e9a,B,Herbarium Berolinense,10,02,DUVERGÉ,061002,876725b5effffff
https://herbarium.bgbm.org/object/B101278137,5152904325,Coccoloba incrassata,Coccoloba incrassata Urb.,Polygonaceae,Coccoloba,SPECIES,PRESERVED_SPECIMEN,2013-04-17,2013,-71.57333,18.33139,NA,85714c48-f762-11e1-a439-00145eb45e9a,B,Herbarium Berolinense,10,02,DUVERGÉ,061002,876725b5effffff
https://herbarium.bgbm.org/object/B101278164,5152910326,Elekmania buchii,Elekmania buchii (Urb.) B.Nord.,Asteraceae,Elekmania,SPECIES,PRESERVED_SPECIMEN,2013-04-16,2013,-71.70033,18.30649,NA,85714c48-f762-11e1-a439-00145eb45e9a,B,Herbarium Berolinense,10,02,DUVERGÉ,061002,876725a1cffffff
https://herbarium.bgbm.org/object/B101278165,5152912327,Morella picardae,Myrica picardae Krug & Urb.,Myricaceae,Morella,SPECIES,PRESERVED_SPECIMEN,2013-04-16,2013,-71.70033,18.30649,NA,85714c48-f762-11e1-a439-00145eb45e9a,B,Herbarium Berolinense,10,02,DUVERGÉ,061002,876725a1cffffff
https://herbarium.bgbm.org/object/B101278166,5152913333,Ilex berteroi,Ilex berteroi Loes. ex Urb.,Aquifoliaceae,Ilex,SPECIES,PRESERVED_SPECIMEN,2013-04-16,2013,-71.70033,18.30649,NA,85714c48-f762-11e1-a439-00145eb45e9a,B,Herbarium Berolinense,10,02,DUVERGÉ,061002,876725a1cffffff
https://herbarium.bgbm.org/object/B101278167,5152915328,Palicourea liogieri,Palicourea liogieri (Steyerm.) Borhidi,Rubiaceae,Palicourea,SPECIES,PRESERVED_SPECIMEN,2013-04-16,2013,-71.70033,18.30649,NA,85714c48-f762-11e1-a439-00145eb45e9a,B,Herbarium Berolinense,10,02,DUVERGÉ,061002,876725a1cffffff
https://herbarium.bgbm.org/object/B101278168,5152905326,Bunchosia Rich. ex A.Juss.,Bunchosia Rich. ex A.Juss.,Malpighiaceae,Bunchosia,GENUS,PRESERVED_SPECIMEN,2013-04-16,2013,-71.70033,18.30649,NA,85714c48-f762-11e1-a439-00145eb45e9a,B,Herbarium Berolinense,10,02,DUVERGÉ,061002,876725a1cffffff
https://herbarium.bgbm.org/object/B101278169,5152914320,Colleteria seminervis,Colleteria seminervis (Urb. & Ekman) David W.Taylor,Rubiaceae,Colleteria,SPECIES,PRESERVED_SPECIMEN,2013-04-16,2013,-71.70033,18.30649,NA,85714c48-f762-11e1-a439-00145eb45e9a,B,Herbarium Berolinense,10,02,DUVERGÉ,061002,876725a1cffffff
https://herbarium.bgbm.org/object/B101278171,5152905327,Psychotria baltenweckii,Psychotria baltenweckii Urb.,Rubiaceae,Psychotria,SPECIES,PRESERVED_SPECIMEN,2013-04-16,2013,-71.70033,18.30649,NA,85714c48-f762-11e1-a439-00145eb45e9a,B,Herbarium Berolinense,10,02,DUVERGÉ,061002,876725a1cffffff
https://herbarium.bgbm.org/object/B101278172,5152914321,Meliosma impressa,Meliosma impressa Krug & Urb.,Sabiaceae,Meliosma,SPECIES,PRESERVED_SPECIMEN,2013-04-16,2013,-71.70033,18.30649,NA,85714c48-f762-11e1-a439-00145eb45e9a,B,Herbarium Berolinense,10,02,DUVERGÉ,061002,876725a1cffffff
https://herbarium.bgbm.org/object/B101278173,5152904327,Salvia foveolata,Salvia foveolata Urb. & Ekman,Lamiaceae,Salvia,SPECIES,PRESERVED_SPECIMEN,2013-04-16,2013,-71.70033,18.30649,NA,85714c48-f762-11e1-a439-00145eb45e9a,B,Herbarium Berolinense,10,02,DUVERGÉ,061002,876725a1cffffff
https://herbarium.bgbm.org/object/B101278187,5152903324,Euphorbia tuerckheimii,Euphorbia tuerckheimii Urb.,Euphorbiaceae,Euphorbia,SPECIES,PRESERVED_SPECIMEN,2013-04-16,2013,-71.70033,18.30649,NA,85714c48-f762-11e1-a439-00145eb45e9a,B,Herbarium Berolinense,10,02,DUVERGÉ,061002,876725a1cffffff
https://herbarium.bgbm.org/object/B101278189,5152911323,Rondeletia carnea,Rondeletia carnea Urb. & Ekman,Rubiaceae,Rondeletia,SPECIES,PRESERVED_SPECIMEN,2013-04-16,2013,-71.70033,18.30649,NA,85714c48-f762-11e1-a439-00145eb45e9a,B,Herbarium Berolinense,10,02,DUVERGÉ,061002,876725a1cffffff
https://herbarium.bgbm.org/object/B101278190,5152903325,Cestrum humile,Cestrum humile Urb. & Ekman,Solanaceae,Cestrum,SPECIES,PRESERVED_SPECIMEN,2013-04-16,2013,-71.70033,18.30649,NA,85714c48-f762-11e1-a439-00145eb45e9a,B,Herbarium Berolinense,10,02,DUVERGÉ,061002,876725a1cffffff
https://herbarium.bgbm.org/object/B101278191,5152908327,Miconia ferruginea,Miconia ferruginea (Desr.) DC.,Melastomataceae,Miconia,SPECIES,PRESERVED_SPECIMEN,2013-04-16,2013,-71.70033,18.30649,NA,85714c48-f762-11e1-a439-00145eb45e9a,B,Herbarium Berolinense,10,02,DUVERGÉ,061002,876725a1cffffff
https://herbarium.bgbm.org/object/B101278192,5152911324,Iochroma arborescens,Iochroma arborescens (L.) J.M.H.Shaw,Solanaceae,Iochroma,SPECIES,PRESERVED_SPECIMEN,2013-04-16,2013,-71.70033,18.30649,NA,85714c48-f762-11e1-a439-00145eb45e9a,B,Herbarium Berolinense,10,02,DUVERGÉ,061002,876725a1cffffff
https://herbarium.bgbm.org/object/B101278193,5152901328,Fuchsia pringsheimii,Fuchsia pringsheimii Urb.,Onagraceae,Fuchsia,SPECIES,PRESERVED_SPECIMEN,2013-04-16,2013,-71.70033,18.30649,NA,85714c48-f762-11e1-a439-00145eb45e9a,B,Herbarium Berolinense,10,02,DUVERGÉ,061002,876725a1cffffff
https://herbarium.bgbm.org/object/B101278194,5152917324,Daphnopsis crassifolia,Daphnopsis crassifolia (Poir.) Meisn.,Thymelaeaceae,Daphnopsis,SPECIES,PRESERVED_SPECIMEN,2013-04-16,2013,-71.70033,18.30649,NA,85714c48-f762-11e1-a439-00145eb45e9a,B,Herbarium Berolinense,10,02,DUVERGÉ,061002,876725a1cffffff
https://herbarium.bgbm.org/object/B101278197,5152910327,Pilea lanceolata,Pilea lanceolata (Savigny) Wedd.,Urticaceae,Pilea,SPECIES,PRESERVED_SPECIMEN,2013-04-16,2013,-71.70033,18.30649,NA,85714c48-f762-11e1-a439-00145eb45e9a,B,Herbarium Berolinense,10,02,DUVERGÉ,061002,876725a1cffffff
https://herbarium.bgbm.org/object/B101278198,5152912328,Cestrum violaceum,Cestrum violaceum Urb.,Solanaceae,Cestrum,SPECIES,PRESERVED_SPECIMEN,2013-04-16,2013,-71.70033,18.30649,NA,85714c48-f762-11e1-a439-00145eb45e9a,B,Herbarium Berolinense,10,02,DUVERGÉ,061002,876725a1cffffff
https://herbarium.bgbm.org/object/B101278211,5152909330,Exostema caribaeum,Exostema caribaeum (Jacq.) Roem. & Schult.,Rubiaceae,Exostema,SPECIES,PRESERVED_SPECIMEN,2013-04-17,2013,-71.57333,18.33139,NA,85714c48-f762-11e1-a439-00145eb45e9a,B,Herbarium Berolinense,10,02,DUVERGÉ,061002,876725b5effffff
https://herbarium.bgbm.org/object/B101278227,5152910328,Isidorea A.Rich. ex DC.,Isidorea A.Rich. ex DC.,Rubiaceae,Isidorea,GENUS,PRESERVED_SPECIMEN,2013-04-17,2013,-71.57333,18.33139,NA,85714c48-f762-11e1-a439-00145eb45e9a,B,Herbarium Berolinense,10,02,DUVERGÉ,061002,876725b5effffff
https://herbarium.bgbm.org/object/B101278240,5152919331,Baccharis myrsinites,Baccharis myrsinites Pers.,Asteraceae,Baccharis,SPECIES,PRESERVED_SPECIMEN,2013-04-16,2013,-71.70033,18.30649,NA,85714c48-f762-11e1-a439-00145eb45e9a,B,Herbarium Berolinense,10,02,DUVERGÉ,061002,876725a1cffffff
https://herbarium.bgbm.org/object/B101278257,5152917326,Croton discolor,Croton discolor Willd.,Euphorbiaceae,Croton,SPECIES,PRESERVED_SPECIMEN,2013-04-17,2013,-71.57333,18.33139,NA,85714c48-f762-11e1-a439-00145eb45e9a,B,Herbarium Berolinense,10,02,DUVERGÉ,061002,876725b5effffff
https://herbarium.bgbm.org/object/B101278258,5152916326,Croton discolor,Croton discolor Willd.,Euphorbiaceae,Croton,SPECIES,PRESERVED_SPECIMEN,2013-04-17,2013,-71.57333,18.33139,NA,85714c48-f762-11e1-a439-00145eb45e9a,B,Herbarium Berolinense,10,02,DUVERGÉ,061002,876725b5effffff
https://herbarium.bgbm.org/object/B200137193,5029331842,Notholaena trichomanoides,Notholaena trichomanoides (L.) Desv.,Pteridaceae,Notholaena,SPECIES,PRESERVED_SPECIMEN,2006-06-08,2006,-71.59306,18.29139,NA,85714c48-f762-11e1-a439-00145eb45e9a,B,Herbarium Berolinense,10,02,DUVERGÉ,061002,876725a74ffffff
https://herbarium.bgbm.org/object/BGT0041536,6182314804,Garciadelia mejiae,Garciadelia mejiae Jestrow & Jiménez Rodr.,Euphorbiaceae,Garciadelia,SPECIES,MATERIAL_SAMPLE,2013-04-17,2013,-71.57333,18.33139,NA,85714c48-f762-11e1-a439-00145eb45e9a,B,Herbarium Berolinense,10,02,DUVERGÉ,061002,876725b5effffff
https://observation.org/observation/167020841,4995607155,Crassulaceae J.St.-Hil.,Crassulaceae J.St.-Hil.,Crassulaceae,,FAMILY,HUMAN_OBSERVATION,2019-01-18,2019,-71.578568,18.316107,25,8a863029-f435-446a-821e-275f4f641165,,,10,02,DUVERGÉ,061002,876725b5affffff
https://observation.org/observation/167255569,4056807675,Euphorbia lactea,Euphorbia lactea Haw.,Euphorbiaceae,Euphorbia,SPECIES,HUMAN_OBSERVATION,2019-01-18,2019,-71.576874,18.31587,25,8a863029-f435-446a-821e-275f4f641165,,,10,02,DUVERGÉ,061002,876725b5affffff
https://observation.org/observation/167255572,4055905690,Melochia tomentosa,Melochia tomentosa L.,Malvaceae,Melochia,SPECIES,HUMAN_OBSERVATION,2019-01-18,2019,-71.537025,18.340076,25,8a863029-f435-446a-821e-275f4f641165,,,10,02,DUVERGÉ,061002,876725b4effffff
https://w.jacq.org/W20110003575,1701505232,Badiera subrhombifolia,Badiera subrhombifolia J.R.Abbott,Polygalaceae,Badiera,SPECIES,PRESERVED_SPECIMEN,2006-06-03,2006,-71.53417,18.20611,NA,7f5260c2-f762-11e1-a439-00145eb45e9a,W,Herbarium W,10,02,DUVERGÉ,061002,876725a4effffff
https://wu.jacq.org/WU0059779,1830970249,Badiera DC.,Badiera DC.,Polygalaceae,Badiera,GENUS,PRESERVED_SPECIMEN,2006-06-03,2006,-71.53431,18.20617,NA,0afba960-be3b-4202-a7de-736ae05aec9e,WU,Herbarium WU,10,02,DUVERGÉ,061002,876725a4effffff
https://www.inaturalist.org/observations/102160303,3455434491,Begonia pycnantha,Begonia pycnantha Urb. & Ekman,Begoniaceae,Begonia,SPECIES,HUMAN_OBSERVATION,2021-11-27T08:18:10,2021,-71.703745,18.307775,10,50c9509d-22c7-4a22-a47d-8c48425ef4a7,iNaturalist,Observations,10,02,DUVERGÉ,061002,876725a1cffffff
https://www.inaturalist.org/observations/102241660,4022318472,Kalanchoe houghtonii,Kalanchoe × houghtonii D.B.Ward,Crassulaceae,Kalanchoe,SPECIES,HUMAN_OBSERVATION,2021-11-26T17:48:20,2021,-71.580936,18.315168,10,50c9509d-22c7-4a22-a47d-8c48425ef4a7,iNaturalist,Observations,10,02,DUVERGÉ,061002,876725b5affffff
https://www.inaturalist.org/observations/102241745,3881563355,Prunella vulgaris,Prunella vulgaris L.,Lamiaceae,Prunella,SPECIES,HUMAN_OBSERVATION,2021-11-27T09:00:19,2021,-71.709077,18.3087,31,50c9509d-22c7-4a22-a47d-8c48425ef4a7,iNaturalist,Observations,10,02,DUVERGÉ,061002,876725a11ffffff
https://www.inaturalist.org/observations/102336298,3457056146,Tithonia diversifolia,Tithonia diversifolia (Hemsl.) A.Gray,Asteraceae,Tithonia,SPECIES,HUMAN_OBSERVATION,2021-11-30T11:06:57,2021,-71.703117,18.307603,5,50c9509d-22c7-4a22-a47d-8c48425ef4a7,iNaturalist,Observations,10,02,DUVERGÉ,061002,876725a1cffffff
https://www.inaturalist.org/observations/102433946,3456947361,Peperomia tetraphylla,Peperomia tetraphylla (G.Forst.) Hook. & Arn.,Piperaceae,Peperomia,SPECIES,HUMAN_OBSERVATION,2021-11-26T13:04:31,2021,-71.532763,18.203495,8,50c9509d-22c7-4a22-a47d-8c48425ef4a7,iNaturalist,Observations,10,02,DUVERGÉ,061002,876725a4effffff
https://www.inaturalist.org/observations/102433989,5086893171,Solanum polyacanthos,Solanum polyacanthos Lam.,Solanaceae,Solanum,SPECIES,HUMAN_OBSERVATION,2021-11-26T13:13:16,2021,-71.532863,18.203314,8,50c9509d-22c7-4a22-a47d-8c48425ef4a7,iNaturalist,Observations,10,02,DUVERGÉ,061002,876725a4effffff
https://www.inaturalist.org/observations/102435232,3455438225,Solandra longiflora,Solandra longiflora (Britton & P.Wilson) Tussac,Solanaceae,Solandra,SPECIES,HUMAN_OBSERVATION,2021-11-26T15:18,2021,-71.534224,18.204651,12,50c9509d-22c7-4a22-a47d-8c48425ef4a7,iNaturalist,Observations,10,02,DUVERGÉ,061002,876725a4effffff
https://www.inaturalist.org/observations/102459035,3456388877,Chromolaena odorata,Chromolaena odorata (L.) R.M.King & H.Rob.,Asteraceae,Chromolaena,SPECIES,HUMAN_OBSERVATION,2021-11-26T15:39:40,2021,-71.533679,18.205655,8,50c9509d-22c7-4a22-a47d-8c48425ef4a7,iNaturalist,Observations,10,02,DUVERGÉ,061002,876725a4effffff
https://www.inaturalist.org/observations/104291533,3456441482,Argemone mexicana,Argemone mexicana L.,Papaveraceae,Argemone,SPECIES,HUMAN_OBSERVATION,2022-01-02T11:53:53Z,2022,-71.657783,18.334707,7,50c9509d-22c7-4a22-a47d-8c48425ef4a7,iNaturalist,Observations,10,02,DUVERGÉ,061002,876725a05ffffff
https://www.inaturalist.org/observations/104291580,4606548684,Kalanchoe delagoensis,Kalanchoe delagoensis Eckl. & Zeyh.,Crassulaceae,Kalanchoe,SPECIES,HUMAN_OBSERVATION,2022-01-02T13:57:01Z,2022,-71.573154,18.318908,4,50c9509d-22c7-4a22-a47d-8c48425ef4a7,iNaturalist,Observations,10,02,DUVERGÉ,061002,876725b58ffffff
https://www.inaturalist.org/observations/105717817,3466178856,Consolea testudinis-crus,Consolea testudinis-crus (F.A.C.Weber) Mottram & Hoxey,Cactaceae,Consolea,SPECIES,HUMAN_OBSERVATION,2018-09-27T03:59Z,2018,-71.523432,18.378811,1047,50c9509d-22c7-4a22-a47d-8c48425ef4a7,iNaturalist,Observations,10,02,DUVERGÉ,061002,876725b45ffffff
https://www.inaturalist.org/observations/105717824,3466279990,Cylindropuntia caribaea,Cylindropuntia caribaea (Britton & Rose) F.M.Knuth,Cactaceae,Cylindropuntia,SPECIES,HUMAN_OBSERVATION,2018-09-27T04:32Z,2018,-71.523432,18.378811,1047,50c9509d-22c7-4a22-a47d-8c48425ef4a7,iNaturalist,Observations,10,02,DUVERGÉ,061002,876725b45ffffff
https://www.inaturalist.org/observations/106062183,5086876173,Zanthoxylum fagara,Zanthoxylum fagara (L.) Sarg.,Rutaceae,Zanthoxylum,SPECIES,HUMAN_OBSERVATION,2022-01-30T09:52:25,2022,-71.655705,18.357916,8,50c9509d-22c7-4a22-a47d-8c48425ef4a7,iNaturalist,Observations,10,02,DUVERGÉ,061002,876725a20ffffff
https://www.inaturalist.org/observations/106473149,3469047290,Echites umbellatus,Echites umbellatus Jacq.,Apocynaceae,Echites,SPECIES,HUMAN_OBSERVATION,2022-01-02T14:17:27Z,2022,-71.549796,18.317193,40,50c9509d-22c7-4a22-a47d-8c48425ef4a7,iNaturalist,Observations,10,02,DUVERGÉ,061002,876725b59ffffff
https://www.inaturalist.org/observations/106473222,3947620496,Prunella vulgaris,Prunella vulgaris L.,Lamiaceae,Prunella,SPECIES,HUMAN_OBSERVATION,2022-01-03T03:46:57Z,2022,-71.706164,18.308558,5,50c9509d-22c7-4a22-a47d-8c48425ef4a7,iNaturalist,Observations,10,02,DUVERGÉ,061002,876725a11ffffff
https://www.inaturalist.org/observations/106473239,3923677462,Bidens alba,Bidens alba (L.) DC.,Asteraceae,Bidens,SPECIES,HUMAN_OBSERVATION,2022-01-03T04:00:07Z,2022,-71.704362,18.307957,4,50c9509d-22c7-4a22-a47d-8c48425ef4a7,iNaturalist,Observations,10,02,DUVERGÉ,061002,876725a1cffffff
https://www.inaturalist.org/observations/106473432,4075645594,Argemone mexicana,Argemone mexicana L.,Papaveraceae,Argemone,SPECIES,HUMAN_OBSERVATION,2022-01-03T13:30:56Z,2022,-71.587273,18.318965,7,50c9509d-22c7-4a22-a47d-8c48425ef4a7,iNaturalist,Observations,10,02,DUVERGÉ,061002,876725b5affffff
https://www.inaturalist.org/observations/107311483,6195697931,Abutilon viscosum,Abutilon viscosum (L.) Dorr,Malvaceae,Abutilon,SPECIES,HUMAN_OBSERVATION,2022-01-30T11:11:27,2022,-71.665644,18.362312,8,50c9509d-22c7-4a22-a47d-8c48425ef4a7,iNaturalist,Observations,10,02,DUVERGÉ,061002,876725a20ffffff
https://www.inaturalist.org/observations/107823116,4516163687,Bryophyllum Salisb.,Bryophyllum Salisb.,Crassulaceae,Kalanchoe,GENUS,HUMAN_OBSERVATION,2022-03-03T10:23:25,2022,-71.568871,18.321136,2700,50c9509d-22c7-4a22-a47d-8c48425ef4a7,iNaturalist,Observations,10,02,DUVERGÉ,061002,876725b58ffffff
https://www.inaturalist.org/observations/110912443,4075579560,Kalanchoe pinnata,Kalanchoe pinnata (Lam.) Pers.,Crassulaceae,Kalanchoe,SPECIES,HUMAN_OBSERVATION,2022-02-03T16:28,2022,-71.678709,18.32274,207,50c9509d-22c7-4a22-a47d-8c48425ef4a7,iNaturalist,Observations,10,02,DUVERGÉ,061002,876725a00ffffff
https://www.inaturalist.org/observations/112366723,5838127001,Morella picardae,Morella picardae (Krug & Urb.) Wilbur,Myricaceae,Morella,SPECIES,HUMAN_OBSERVATION,2022-04-09T16:36:01,2022,-71.562763,18.205069,4,50c9509d-22c7-4a22-a47d-8c48425ef4a7,iNaturalist,Observations,10,02,DUVERGÉ,061002,876725a5dffffff
https://www.inaturalist.org/observations/112377998,5062566623,Bidens alba,Bidens alba (L.) DC.,Asteraceae,Bidens,SPECIES,HUMAN_OBSERVATION,2022-04-09T16:41:12,2022,-71.562667,18.205051,8,50c9509d-22c7-4a22-a47d-8c48425ef4a7,iNaturalist,Observations,10,02,DUVERGÉ,061002,876725a5dffffff
https://www.inaturalist.org/observations/118093194,4028683569,Dolichandra unguis-cati,Dolichandra unguis-cati (L.) L.G.Lohmann,Bignoniaceae,Dolichandra,SPECIES,HUMAN_OBSERVATION,2022-03-19,2022,-71.580108,18.31626,122,50c9509d-22c7-4a22-a47d-8c48425ef4a7,iNaturalist,Observations,10,02,DUVERGÉ,061002,876725b5affffff
https://www.inaturalist.org/observations/118093200,4465626624,Kalanchoe houghtonii,Kalanchoe × houghtonii D.B.Ward,Crassulaceae,Kalanchoe,SPECIES,HUMAN_OBSERVATION,2022-03-19,2022,-71.580108,18.31626,NA,50c9509d-22c7-4a22-a47d-8c48425ef4a7,iNaturalist,Observations,10,02,DUVERGÉ,061002,876725b5affffff
https://www.inaturalist.org/observations/118093202,4018161548,Kalanchoe houghtonii,Kalanchoe × houghtonii D.B.Ward,Crassulaceae,Kalanchoe,SPECIES,HUMAN_OBSERVATION,2022-03-19,2022,-71.580322,18.316659,122,50c9509d-22c7-4a22-a47d-8c48425ef4a7,iNaturalist,Observations,10,02,DUVERGÉ,061002,876725b5affffff
https://www.inaturalist.org/observations/118357657,5008214331,Fuchsia triphylla,Fuchsia triphylla L.,Onagraceae,Fuchsia,SPECIES,HUMAN_OBSERVATION,2022-05-20T14:34:56,2022,-71.534054,18.205305,16,50c9509d-22c7-4a22-a47d-8c48425ef4a7,iNaturalist,Observations,10,02,DUVERGÉ,061002,876725a4effffff
https://www.inaturalist.org/observations/124637947,4028610814,Anemia adiantifolia,Anemia adiantifolia (L.) Sw.,Anemiaceae,Anemia,SPECIES,HUMAN_OBSERVATION,2022-07-02T12:51:57,2022,-71.535251,18.353615,39,50c9509d-22c7-4a22-a47d-8c48425ef4a7,iNaturalist,Observations,10,02,DUVERGÉ,061002,876725b41ffffff
https://www.inaturalist.org/observations/124638030,4028743559,Pteris vittata,Pteris vittata L.,Pteridaceae,Pteris,SPECIES,HUMAN_OBSERVATION,2022-07-02T12:52:09,2022,-71.535169,18.353684,35,50c9509d-22c7-4a22-a47d-8c48425ef4a7,iNaturalist,Observations,10,02,DUVERGÉ,061002,876725b41ffffff
https://www.inaturalist.org/observations/124638136,4022325546,Pteris vittata,Pteris vittata L.,Pteridaceae,Pteris,SPECIES,HUMAN_OBSERVATION,2022-07-02T12:52:33,2022,-71.535196,18.353681,138,50c9509d-22c7-4a22-a47d-8c48425ef4a7,iNaturalist,Observations,10,02,DUVERGÉ,061002,876725b41ffffff
https://www.inaturalist.org/observations/124638483,3873435880,Pilea microphylla,Pilea microphylla (L.) Liebm.,Urticaceae,Pilea,SPECIES,HUMAN_OBSERVATION,2022-07-02T12:54:39,2022,-71.535025,18.353668,100,50c9509d-22c7-4a22-a47d-8c48425ef4a7,iNaturalist,Observations,10,02,DUVERGÉ,061002,876725b41ffffff
https://www.inaturalist.org/observations/124638857,3860555075,Kalanchoe houghtonii,Kalanchoe × houghtonii D.B.Ward,Crassulaceae,Kalanchoe,SPECIES,HUMAN_OBSERVATION,2022-07-02T16:12:11,2022,-71.579656,18.316229,303,50c9509d-22c7-4a22-a47d-8c48425ef4a7,iNaturalist,Observations,10,02,DUVERGÉ,061002,876725b5affffff
https://www.inaturalist.org/observations/124640137,3858790059,Pithecellobium circinale,Pithecellobium circinale (L.) Benth.,Fabaceae,Pithecellobium,SPECIES,HUMAN_OBSERVATION,2022-07-02T16:21:48,2022,-71.580655,18.315408,32,50c9509d-22c7-4a22-a47d-8c48425ef4a7,iNaturalist,Observations,10,02,DUVERGÉ,061002,876725b5affffff
https://www.inaturalist.org/observations/124640199,3881506478,Passiflora suberosa,Passiflora suberosa subsp. suberosa,Passifloraceae,Passiflora,SUBSPECIES,HUMAN_OBSERVATION,2022-07-02T16:26:58,2022,-71.58098,18.314367,64,50c9509d-22c7-4a22-a47d-8c48425ef4a7,iNaturalist,Observations,10,02,DUVERGÉ,061002,876725b5affffff
https://www.inaturalist.org/observations/124640758,4936663767,Pisonia aculeata,Pisonia aculeata L.,Nyctaginaceae,Pisonia,SPECIES,HUMAN_OBSERVATION,2022-07-02T16:35:54,2022,-71.581676,18.312314,846,50c9509d-22c7-4a22-a47d-8c48425ef4a7,iNaturalist,Observations,10,02,DUVERGÉ,061002,876725b5affffff
https://www.inaturalist.org/observations/124647194,4011521485,Hippobroma longiflora,Hippobroma longiflora (L.) G.Don,Campanulaceae,Hippobroma,SPECIES,HUMAN_OBSERVATION,2022-07-02T17:50:35,2022,-71.581283,18.313977,35,50c9509d-22c7-4a22-a47d-8c48425ef4a7,iNaturalist,Observations,10,02,DUVERGÉ,061002,876725b5affffff
https://www.inaturalist.org/observations/124647505,4067212584,Lantana camara,Lantana camara L.,Verbenaceae,Lantana,SPECIES,HUMAN_OBSERVATION,2022-07-02T17:54:03,2022,-71.581352,18.313989,2131,50c9509d-22c7-4a22-a47d-8c48425ef4a7,iNaturalist,Observations,10,02,DUVERGÉ,061002,876725b5affffff
https://www.inaturalist.org/observations/124647698,3860794081,Euphorbia lasiocarpa,Euphorbia lasiocarpa Klotzsch,Euphorbiaceae,Euphorbia,SPECIES,HUMAN_OBSERVATION,2022-07-02T17:59:39,2022,-71.580994,18.314855,16,50c9509d-22c7-4a22-a47d-8c48425ef4a7,iNaturalist,Observations,10,02,DUVERGÉ,061002,876725b5affffff
https://www.inaturalist.org/observations/124648104,3858892150,Echites umbellatus,Echites umbellatus Jacq.,Apocynaceae,Echites,SPECIES,HUMAN_OBSERVATION,2022-07-02T18:10:40,2022,-71.578929,18.316197,16,50c9509d-22c7-4a22-a47d-8c48425ef4a7,iNaturalist,Observations,10,02,DUVERGÉ,061002,876725b5affffff
https://www.inaturalist.org/observations/124648434,6234358585,Nesampelos lucens,Nesampelos lucens (Poir.) B.Nord.,Asteraceae,Nesampelos,SPECIES,HUMAN_OBSERVATION,2022-07-03T07:09:04,2022,-71.706785,18.308548,305,50c9509d-22c7-4a22-a47d-8c48425ef4a7,iNaturalist,Observations,10,02,DUVERGÉ,061002,876725a11ffffff
https://www.inaturalist.org/observations/124648600,3859925072,Begonia domingensis,Begonia domingensis A.DC.,Begoniaceae,Begonia,SPECIES,HUMAN_OBSERVATION,2022-07-03T07:17:33,2022,-71.706173,18.308477,48,50c9509d-22c7-4a22-a47d-8c48425ef4a7,iNaturalist,Observations,10,02,DUVERGÉ,061002,876725a11ffffff
https://www.inaturalist.org/observations/124649361,5007916521,Fuchsia triphylla,Fuchsia triphylla L.,Onagraceae,Fuchsia,SPECIES,HUMAN_OBSERVATION,2022-07-03T07:21:30,2022,-71.707199,18.308808,24,50c9509d-22c7-4a22-a47d-8c48425ef4a7,iNaturalist,Observations,10,02,DUVERGÉ,061002,876725a11ffffff
https://www.inaturalist.org/observations/124649540,3961397488,Oreopanax capitatus,Oreopanax capitatus (Jacq.) Decne. & Planch.,Araliaceae,Oreopanax,SPECIES,HUMAN_OBSERVATION,2022-07-03T07:23:17,2022,-71.707818,18.308894,64,50c9509d-22c7-4a22-a47d-8c48425ef4a7,iNaturalist,Observations,10,02,DUVERGÉ,061002,876725a11ffffff
https://www.inaturalist.org/observations/124649644,3858793091,Carex hamata,Carex hamata Sw.,Cyperaceae,Carex,SPECIES,HUMAN_OBSERVATION,2022-07-03T07:25:32,2022,-71.707802,18.308874,96,50c9509d-22c7-4a22-a47d-8c48425ef4a7,iNaturalist,Observations,10,02,DUVERGÉ,061002,876725a11ffffff
https://www.inaturalist.org/observations/124825692,3902109042,Amphilophium lactiflorum,Amphilophium lactiflorum (Vahl) L.G.Lohmann,Bignoniaceae,Amphilophium,SPECIES,HUMAN_OBSERVATION,2022-07-04T07:23:14,2022,-71.57209,18.31643,1414,50c9509d-22c7-4a22-a47d-8c48425ef4a7,iNaturalist,Observations,10,02,DUVERGÉ,061002,876725b58ffffff
https://www.inaturalist.org/observations/124825831,3860628248,Stigmaphyllon emarginatum,Stigmaphyllon emarginatum (Cav.) A.Juss.,Malpighiaceae,Stigmaphyllon,SPECIES,HUMAN_OBSERVATION,2022-07-04T07:30:49,2022,-71.572898,18.307488,97,50c9509d-22c7-4a22-a47d-8c48425ef4a7,iNaturalist,Observations,10,02,DUVERGÉ,061002,876725b5bffffff
https://www.inaturalist.org/observations/124825987,5062584918,Mesechites repens,Mesechites repens (Jacq.) Miers,Apocynaceae,Mesechites,SPECIES,HUMAN_OBSERVATION,2022-07-04T07:35:06,2022,-71.572826,18.306703,48,50c9509d-22c7-4a22-a47d-8c48425ef4a7,iNaturalist,Observations,10,02,DUVERGÉ,061002,876725b5bffffff
https://www.inaturalist.org/observations/124826095,3859615233,Mammillaria prolifera,Mammillaria prolifera (Mill.) Haw.,Cactaceae,Mammillaria,SPECIES,HUMAN_OBSERVATION,2022-07-04T07:55:50,2022,-71.570387,18.306545,24,50c9509d-22c7-4a22-a47d-8c48425ef4a7,iNaturalist,Observations,10,02,DUVERGÉ,061002,876725b5bffffff
https://www.inaturalist.org/observations/124826218,6185673606,Coccoloba subcordata,Coccoloba subcordata Lindau,Polygonaceae,Coccoloba,SPECIES,HUMAN_OBSERVATION,2022-07-04T08:16:20,2022,-71.57302,18.306874,32,50c9509d-22c7-4a22-a47d-8c48425ef4a7,iNaturalist,Observations,10,02,DUVERGÉ,061002,876725b5bffffff
https://www.inaturalist.org/observations/124826314,3859721219,Jatropha gossypiifolia,Jatropha gossypiifolia L.,Euphorbiaceae,Jatropha,SPECIES,HUMAN_OBSERVATION,2022-07-04T09:05:14,2022,-71.653871,18.346381,24,50c9509d-22c7-4a22-a47d-8c48425ef4a7,iNaturalist,Observations,10,02,DUVERGÉ,061002,876725a23ffffff
https://www.inaturalist.org/observations/124826338,3859772281,Hylocereus triangularis,Selenicereus triangularis (L.) D.R.Hunt,Cactaceae,Hylocereus,SPECIES,HUMAN_OBSERVATION,2022-07-04T09:05:54,2022,-71.653919,18.346344,8,50c9509d-22c7-4a22-a47d-8c48425ef4a7,iNaturalist,Observations,10,02,DUVERGÉ,061002,876725a23ffffff
https://www.inaturalist.org/observations/124828297,3859097294,Jatropha multifida,Jatropha multifida L.,Euphorbiaceae,Jatropha,SPECIES,HUMAN_OBSERVATION,2022-07-04T09:58:23,2022,-71.649075,18.351748,48,50c9509d-22c7-4a22-a47d-8c48425ef4a7,iNaturalist,Observations,10,02,DUVERGÉ,061002,876725a21ffffff
https://www.inaturalist.org/observations/124828357,3859603242,Ruellia tuberosa,Ruellia tuberosa L.,Acanthaceae,Ruellia,SPECIES,HUMAN_OBSERVATION,2022-07-04T10:02:51,2022,-71.649264,18.352093,64,50c9509d-22c7-4a22-a47d-8c48425ef4a7,iNaturalist,Observations,10,02,DUVERGÉ,061002,876725a21ffffff
https://www.inaturalist.org/observations/124828398,3860657274,Consolea picardae,Consolea picardae (Urb.) Areces,Cactaceae,Consolea,SPECIES,HUMAN_OBSERVATION,2022-07-04T10:41:55,2022,-71.658172,18.358206,8,50c9509d-22c7-4a22-a47d-8c48425ef4a7,iNaturalist,Observations,10,02,DUVERGÉ,061002,876725a20ffffff
https://www.inaturalist.org/observations/125977269,3902352689,Bocconia frutescens,Bocconia frutescens L.,Papaveraceae,Bocconia,SPECIES,HUMAN_OBSERVATION,2022-05-19T16:13:08,2022,-71.707213,18.308655,6,50c9509d-22c7-4a22-a47d-8c48425ef4a7,iNaturalist,Observations,10,02,DUVERGÉ,061002,876725a11ffffff
https://www.inaturalist.org/observations/130704979,3892643975,Consolea testudinis-crus,Consolea testudinis-crus (F.A.C.Weber) Mottram & Hoxey,Cactaceae,Consolea,SPECIES,HUMAN_OBSERVATION,2010-11-12T10:52,2010,-71.657139,18.422938,977,50c9509d-22c7-4a22-a47d-8c48425ef4a7,iNaturalist,Observations,10,02,DUVERGÉ,061002,876725b0effffff
https://www.inaturalist.org/observations/131092531,3892440279,Stenocereus heptagonus,Stenocereus heptagonus (L.) Mottram,Cactaceae,Stenocereus,SPECIES,HUMAN_OBSERVATION,2010-11-13T10:52,2010,-71.633409,18.413683,488,50c9509d-22c7-4a22-a47d-8c48425ef4a7,iNaturalist,Observations,10,02,DUVERGÉ,061002,876725b08ffffff
https://www.inaturalist.org/observations/135542216,3923512626,Pilosocereus polygonus,Pilosocereus polygonus (Lam.) Byles & G.D.Rowley,Cactaceae,Pilosocereus,SPECIES,HUMAN_OBSERVATION,2022-09-11T10:06:55,2022,-71.542143,18.264214,3,50c9509d-22c7-4a22-a47d-8c48425ef4a7,iNaturalist,Observations,10,02,DUVERGÉ,061002,876725a63ffffff
https://www.inaturalist.org/observations/139340097,3947717079,Jatropha gossypiifolia,Jatropha gossypiifolia L.,Euphorbiaceae,Jatropha,SPECIES,HUMAN_OBSERVATION,2022-09-29T16:34,2022,-71.568893,18.324841,NA,50c9509d-22c7-4a22-a47d-8c48425ef4a7,iNaturalist,Observations,10,02,DUVERGÉ,061002,876725b58ffffff
https://www.inaturalist.org/observations/145547434,4014851761,Consolea moniliformis,Consolea moniliformis (L.) A.Berger,Cactaceae,Consolea,SPECIES,HUMAN_OBSERVATION,2022-12-22T15:16:25,2022,-71.628447,18.415145,3,50c9509d-22c7-4a22-a47d-8c48425ef4a7,iNaturalist,Observations,10,02,DUVERGÉ,061002,876725b0cffffff
https://www.inaturalist.org/observations/146923722,4067204694,Bocconia frutescens,Bocconia frutescens L.,Papaveraceae,Bocconia,SPECIES,HUMAN_OBSERVATION,2023-01-18T17:40:36,2023,-71.556747,18.208963,4,50c9509d-22c7-4a22-a47d-8c48425ef4a7,iNaturalist,Observations,10,02,DUVERGÉ,061002,876725a5dffffff
https://www.inaturalist.org/observations/146923785,4022026136,Phytolacca icosandra,Phytolacca icosandra L.,Phytolaccaceae,Phytolacca,SPECIES,HUMAN_OBSERVATION,2023-01-18T11:37:10,2023,-71.510887,18.207005,32,50c9509d-22c7-4a22-a47d-8c48425ef4a7,iNaturalist,Observations,10,02,DUVERGÉ,061002,876725a4dffffff
https://www.inaturalist.org/observations/146924058,5007290360,Fuchsia triphylla,Fuchsia triphylla L.,Onagraceae,Fuchsia,SPECIES,HUMAN_OBSERVATION,2023-01-16T17:25:56,2023,-71.515472,18.206688,4,50c9509d-22c7-4a22-a47d-8c48425ef4a7,iNaturalist,Observations,10,02,DUVERGÉ,061002,876725a4cffffff
https://www.inaturalist.org/observations/146924943,4054863528,Bocconia frutescens,Bocconia frutescens L.,Papaveraceae,Bocconia,SPECIES,HUMAN_OBSERVATION,2023-01-16T09:00:48,2023,-71.516603,18.224012,4734,50c9509d-22c7-4a22-a47d-8c48425ef4a7,iNaturalist,Observations,10,02,DUVERGÉ,061002,876725a6affffff
https://www.inaturalist.org/observations/146934025,5062566292,Peperomia tetraphylla,Peperomia tetraphylla (G.Forst.) Hook. & Arn.,Piperaceae,Peperomia,SPECIES,HUMAN_OBSERVATION,2023-01-18T10:41:50,2023,-71.510531,18.208026,31,50c9509d-22c7-4a22-a47d-8c48425ef4a7,iNaturalist,Observations,10,02,DUVERGÉ,061002,876725a4dffffff
https://www.inaturalist.org/observations/146934034,4091829508,Oreopanax capitatus,Oreopanax capitatus (Jacq.) Decne. & Planch.,Araliaceae,Oreopanax,SPECIES,HUMAN_OBSERVATION,2023-01-18T10:47:29,2023,-71.509875,18.207972,36,50c9509d-22c7-4a22-a47d-8c48425ef4a7,iNaturalist,Observations,10,02,DUVERGÉ,061002,876725a4dffffff
https://www.inaturalist.org/observations/146934038,4091527505,Elaphoglossum peltatum,Elaphoglossum peltatum (Sw.) Urb.,Dryopteridaceae,Elaphoglossum,SPECIES,HUMAN_OBSERVATION,2023-01-18T10:57:44,2023,-71.510055,18.208739,40,50c9509d-22c7-4a22-a47d-8c48425ef4a7,iNaturalist,Observations,10,02,DUVERGÉ,061002,876725a4dffffff
https://www.inaturalist.org/observations/146934106,4597235922,Physalis peruviana,Physalis peruviana L.,Solanaceae,Physalis,SPECIES,HUMAN_OBSERVATION,2023-01-18T11:29:27,2023,-71.510952,18.206924,9,50c9509d-22c7-4a22-a47d-8c48425ef4a7,iNaturalist,Observations,10,02,DUVERGÉ,061002,876725a4dffffff
https://www.inaturalist.org/observations/146934142,4987595024,Lysimachia loeflingii,Lysimachia loeflingii F.J.Jiménez & M.Talavera,Primulaceae,Lysimachia,SPECIES,HUMAN_OBSERVATION,2023-01-18T12:04:34,2023,-71.534349,18.207832,41,50c9509d-22c7-4a22-a47d-8c48425ef4a7,iNaturalist,Observations,10,02,DUVERGÉ,061002,876725a4effffff
https://www.inaturalist.org/observations/147043901,4102694477,Fuchsia triphylla,Fuchsia triphylla L.,Onagraceae,Fuchsia,SPECIES,HUMAN_OBSERVATION,2023-01-19T07:47:42,2023,-71.531075,18.207158,4,50c9509d-22c7-4a22-a47d-8c48425ef4a7,iNaturalist,Observations,10,02,DUVERGÉ,061002,876725a4effffff
https://www.inaturalist.org/observations/147044154,5133304116,Lycopodium clavatum,Lycopodium clavatum L.,Lycopodiaceae,Lycopodium,SPECIES,HUMAN_OBSERVATION,2023-01-19T07:42:29,2023,-71.53218,18.207087,4,50c9509d-22c7-4a22-a47d-8c48425ef4a7,iNaturalist,Observations,10,02,DUVERGÉ,061002,876725a4effffff
https://www.inaturalist.org/observations/147232149,4028692073,Consolea picardae,Consolea picardae (Urb.) Areces,Cactaceae,Consolea,SPECIES,HUMAN_OBSERVATION,2023-01-23T16:59:47,2023,-71.661238,18.333525,17,50c9509d-22c7-4a22-a47d-8c48425ef4a7,iNaturalist,Observations,10,02,DUVERGÉ,061002,876725a05ffffff
https://www.inaturalist.org/observations/147232174,4029159391,Stenocereus heptagonus,Stenocereus heptagonus (L.) Mottram,Cactaceae,Stenocereus,SPECIES,HUMAN_OBSERVATION,2023-01-23T14:07:38,2023,-71.62863,18.406845,2,50c9509d-22c7-4a22-a47d-8c48425ef4a7,iNaturalist,Observations,10,02,DUVERGÉ,061002,876725b08ffffff
https://www.inaturalist.org/observations/147319591,4028595762,Stenocereus heptagonus,Stenocereus heptagonus (L.) Mottram,Cactaceae,Stenocereus,SPECIES,HUMAN_OBSERVATION,2023-01-23T13:59:18,2023,-71.630487,18.40772,4,50c9509d-22c7-4a22-a47d-8c48425ef4a7,iNaturalist,Observations,10,02,DUVERGÉ,061002,876725b08ffffff
https://www.inaturalist.org/observations/148944201,4075573871,Kalanchoe pinnata,Kalanchoe pinnata (Lam.) Pers.,Crassulaceae,Kalanchoe,SPECIES,HUMAN_OBSERVATION,2023-02-16T18:44:40,2023,-71.655967,18.340372,4,50c9509d-22c7-4a22-a47d-8c48425ef4a7,iNaturalist,Observations,10,02,DUVERGÉ,061002,876725a23ffffff
https://www.inaturalist.org/observations/149812390,4075712880,Schizachyrium gracile,Schizachyrium gracile (Spreng.) Nash,Poaceae,Schizachyrium,SPECIES,HUMAN_OBSERVATION,2023-02-25T13:05:16,2023,-71.626811,18.243321,9,50c9509d-22c7-4a22-a47d-8c48425ef4a7,iNaturalist,Observations,10,02,DUVERGÉ,061002,876725a56ffffff
https://www.inaturalist.org/observations/149812599,4063104549,Racinaea tetrantha,Racinaea tetrantha var. caribaea (L.B.Sm.) M.A.Spencer & L.B.Sm.,Bromeliaceae,Racinaea,VARIETY,HUMAN_OBSERVATION,2023-02-25T14:31:58,2023,-71.625215,18.252498,8,50c9509d-22c7-4a22-a47d-8c48425ef4a7,iNaturalist,Observations,10,02,DUVERGÉ,061002,876725a56ffffff
https://www.inaturalist.org/observations/15043768,4522462326,Myriopteris microphylla,Myriopteris microphylla (Sw.) Grusz & Windham,Pteridaceae,Myriopteris,SPECIES,HUMAN_OBSERVATION,2018-07-18T12:34:45,2018,-71.579103,18.315913,991,50c9509d-22c7-4a22-a47d-8c48425ef4a7,iNaturalist,Observations,10,02,DUVERGÉ,061002,876725b5affffff
https://www.inaturalist.org/observations/15055050,4006563309,Kalanchoe houghtonii,Kalanchoe × houghtonii D.B.Ward,Crassulaceae,Kalanchoe,SPECIES,HUMAN_OBSERVATION,2018-07-18T12:27:06,2018,-71.578072,18.315331,982,50c9509d-22c7-4a22-a47d-8c48425ef4a7,iNaturalist,Observations,10,02,DUVERGÉ,061002,876725b5affffff
https://www.inaturalist.org/observations/15060339,1890677096,Hylocereus triangularis,Selenicereus triangularis (L.) D.R.Hunt,Cactaceae,Hylocereus,SPECIES,HUMAN_OBSERVATION,2018-07-18T11:22:40,2018,-71.57946,18.317244,892,50c9509d-22c7-4a22-a47d-8c48425ef4a7,iNaturalist,Observations,10,02,DUVERGÉ,061002,876725b5affffff
https://www.inaturalist.org/observations/152945738,4076388329,Euphorbia lactea,Euphorbia lactea Haw.,Euphorbiaceae,Euphorbia,SPECIES,HUMAN_OBSERVATION,2023-03-17T18:57,2023,-71.591942,18.318459,1604,50c9509d-22c7-4a22-a47d-8c48425ef4a7,iNaturalist,Observations,10,02,DUVERGÉ,061002,876725b5affffff
https://www.inaturalist.org/observations/153734644,4500661017,Kalanchoe houghtonii,Kalanchoe × houghtonii D.B.Ward,Crassulaceae,Kalanchoe,SPECIES,HUMAN_OBSERVATION,2021-03-25T15:18:08,2021,-71.568833,18.324875,6,50c9509d-22c7-4a22-a47d-8c48425ef4a7,iNaturalist,Observations,10,02,DUVERGÉ,061002,876725b58ffffff
https://www.inaturalist.org/observations/155032300,4091648219,Consolea testudinis-crus,Consolea testudinis-crus (F.A.C.Weber) Mottram & Hoxey,Cactaceae,Consolea,SPECIES,HUMAN_OBSERVATION,2023-04-15T15:15:35,2023,-71.631767,18.408955,4,50c9509d-22c7-4a22-a47d-8c48425ef4a7,iNaturalist,Observations,10,02,DUVERGÉ,061002,876725b08ffffff
https://www.inaturalist.org/observations/158430331,4103272056,Jatropha gossypiifolia,Jatropha gossypiifolia L.,Euphorbiaceae,Jatropha,SPECIES,HUMAN_OBSERVATION,2023-04-16T17:51:56,2023,-71.63115,18.351508,4,50c9509d-22c7-4a22-a47d-8c48425ef4a7,iNaturalist,Observations,10,02,DUVERGÉ,061002,876725a21ffffff
https://www.inaturalist.org/observations/158430730,4103233059,Stenocereus heptagonus,Stenocereus heptagonus (L.) Mottram,Cactaceae,Stenocereus,SPECIES,HUMAN_OBSERVATION,2023-04-18T11:29:56,2023,-71.63188,18.40905,6,50c9509d-22c7-4a22-a47d-8c48425ef4a7,iNaturalist,Observations,10,02,DUVERGÉ,061002,876725b08ffffff
https://www.inaturalist.org/observations/158431757,4111574638,Stenocereus heptagonus,Stenocereus heptagonus (L.) Mottram,Cactaceae,Stenocereus,SPECIES,HUMAN_OBSERVATION,2023-04-18T11:30:02,2023,-71.631928,18.409042,3,50c9509d-22c7-4a22-a47d-8c48425ef4a7,iNaturalist,Observations,10,02,DUVERGÉ,061002,876725b08ffffff
https://www.inaturalist.org/observations/158432055,4103281113,Consolea testudinis-crus,Consolea testudinis-crus (F.A.C.Weber) Mottram & Hoxey,Cactaceae,Consolea,SPECIES,HUMAN_OBSERVATION,2023-04-18T11:31:05,2023,-71.631788,18.40902,4,50c9509d-22c7-4a22-a47d-8c48425ef4a7,iNaturalist,Observations,10,02,DUVERGÉ,061002,876725b08ffffff
https://www.inaturalist.org/observations/158432485,4424423652,Eustoma exaltatum,Eustoma exaltatum (L.) Salisb.,Gentianaceae,Eustoma,SPECIES,HUMAN_OBSERVATION,2023-04-18T12:51:37,2023,-71.60872,18.408062,3,50c9509d-22c7-4a22-a47d-8c48425ef4a7,iNaturalist,Observations,10,02,DUVERGÉ,061002,876725b0dffffff
https://www.inaturalist.org/observations/158463692,4507609822,Aloe vera,Aloe vera (L.) Burm.f.,Asphodelaceae,Aloe,SPECIES,HUMAN_OBSERVATION,2023-04-18T12:07,2023,-71.631703,18.40836,31,50c9509d-22c7-4a22-a47d-8c48425ef4a7,iNaturalist,Observations,10,02,DUVERGÉ,061002,876725b08ffffff
https://www.inaturalist.org/observations/161163240,4847107924,Croton coronatus,Croton coronatus Urb.,Euphorbiaceae,Croton,SPECIES,HUMAN_OBSERVATION,2023-05-11T17:58:08,2023,-71.595801,18.308704,3,50c9509d-22c7-4a22-a47d-8c48425ef4a7,iNaturalist,Observations,10,02,DUVERGÉ,061002,876725a29ffffff
https://www.inaturalist.org/observations/161164583,4116503366,Guaiacum sanctum,Guaiacum sanctum L.,Zygophyllaceae,Guaiacum,SPECIES,HUMAN_OBSERVATION,2023-05-11T18:36:24,2023,-71.580308,18.31632,7,50c9509d-22c7-4a22-a47d-8c48425ef4a7,iNaturalist,Observations,10,02,DUVERGÉ,061002,876725b5affffff
https://www.inaturalist.org/observations/161293032,4116274634,Senna atomaria,Senna atomaria (L.) H.S.Irwin & Barneby,Fabaceae,Senna,SPECIES,HUMAN_OBSERVATION,2023-05-12T12:06,2023,-71.66127,18.333387,4,50c9509d-22c7-4a22-a47d-8c48425ef4a7,iNaturalist,Observations,10,02,DUVERGÉ,061002,876725a05ffffff
https://www.inaturalist.org/observations/161293507,4129890468,Passiflora murucuja,Passiflora murucuja L.,Passifloraceae,Passiflora,SPECIES,HUMAN_OBSERVATION,2023-05-12T10:49:06,2023,-71.697363,18.327795,4,50c9509d-22c7-4a22-a47d-8c48425ef4a7,iNaturalist,Observations,10,02,DUVERGÉ,061002,876725a06ffffff
https://www.inaturalist.org/observations/161404427,4116600834,Datura innoxia,Datura innoxia Mill.,Solanaceae,Datura,SPECIES,HUMAN_OBSERVATION,2023-05-13T06:51:57,2023,-71.535263,18.381712,4,50c9509d-22c7-4a22-a47d-8c48425ef4a7,iNaturalist,Observations,10,02,DUVERGÉ,061002,876725b44ffffff
https://www.inaturalist.org/observations/161406564,4116107227,Guaiacum sanctum,Guaiacum sanctum L.,Zygophyllaceae,Guaiacum,SPECIES,HUMAN_OBSERVATION,2023-05-13T08:05:51,2023,-71.586052,18.312624,4,50c9509d-22c7-4a22-a47d-8c48425ef4a7,iNaturalist,Observations,10,02,DUVERGÉ,061002,876725b5affffff
https://www.inaturalist.org/observations/161407059,4116107229,Tillandsia usneoides,Tillandsia usneoides (L.) L.,Bromeliaceae,Tillandsia,SPECIES,HUMAN_OBSERVATION,2023-05-13T08:20:44,2023,-71.58947,18.312497,4,50c9509d-22c7-4a22-a47d-8c48425ef4a7,iNaturalist,Observations,10,02,DUVERGÉ,061002,876725b5affffff
https://www.inaturalist.org/observations/161409916,4116319856,Vachellia macracantha,Vachellia macracantha (Humb. & Bonpl. ex Willd.) Seigler & Ebinger,Fabaceae,Vachellia,SPECIES,HUMAN_OBSERVATION,2023-05-13T08:14:12,2023,-71.587653,18.312387,4,50c9509d-22c7-4a22-a47d-8c48425ef4a7,iNaturalist,Observations,10,02,DUVERGÉ,061002,876725b5affffff
https://www.inaturalist.org/observations/161410122,4116524697,Tillandsia usneoides,Tillandsia usneoides (L.) L.,Bromeliaceae,Tillandsia,SPECIES,HUMAN_OBSERVATION,2023-05-13T08:20:57,2023,-71.589477,18.312488,3,50c9509d-22c7-4a22-a47d-8c48425ef4a7,iNaturalist,Observations,10,02,DUVERGÉ,061002,876725b5affffff
https://www.inaturalist.org/observations/161410234,4116165698,Bursera simaruba,Bursera simaruba (L.) Sarg.,Burseraceae,Bursera,SPECIES,HUMAN_OBSERVATION,2023-05-13T08:33:06,2023,-71.596248,18.309211,3,50c9509d-22c7-4a22-a47d-8c48425ef4a7,iNaturalist,Observations,10,02,DUVERGÉ,061002,876725a29ffffff
https://www.inaturalist.org/observations/161491202,4116641524,Bacopa monnieri,Bacopa monnieri (L.) Pennell,Plantaginaceae,Bacopa,SPECIES,HUMAN_OBSERVATION,2023-05-13T12:01:54,2023,-71.608957,18.408236,3,50c9509d-22c7-4a22-a47d-8c48425ef4a7,iNaturalist,Observations,10,02,DUVERGÉ,061002,876725b0dffffff
https://www.inaturalist.org/observations/161491237,4116435407,Jatropha gossypiifolia,Jatropha gossypiifolia L.,Euphorbiaceae,Jatropha,SPECIES,HUMAN_OBSERVATION,2023-05-13T12:03:37,2023,-71.608781,18.407781,4,50c9509d-22c7-4a22-a47d-8c48425ef4a7,iNaturalist,Observations,10,02,DUVERGÉ,061002,876725b0dffffff
https://www.inaturalist.org/observations/161506915,4116315155,Cryptostegia grandiflora,Cryptostegia grandiflora (Roxb.) R.Br.,Apocynaceae,Cryptostegia,SPECIES,HUMAN_OBSERVATION,2023-05-13T12:03:10,2023,-71.608847,18.40798,4,50c9509d-22c7-4a22-a47d-8c48425ef4a7,iNaturalist,Observations,10,02,DUVERGÉ,061002,876725b0dffffff
https://www.inaturalist.org/observations/161507265,4424486408,Eustoma exaltatum,Eustoma exaltatum (L.) Salisb.,Gentianaceae,Eustoma,SPECIES,HUMAN_OBSERVATION,2023-05-13T11:59:29,2023,-71.60897,18.408263,4,50c9509d-22c7-4a22-a47d-8c48425ef4a7,iNaturalist,Observations,10,02,DUVERGÉ,061002,876725b0dffffff
https://www.inaturalist.org/observations/161507625,4424498539,Bacopa monnieri,Bacopa monnieri (L.) Pennell,Plantaginaceae,Bacopa,SPECIES,HUMAN_OBSERVATION,2023-05-13T11:57:59,2023,-71.608938,18.408295,4,50c9509d-22c7-4a22-a47d-8c48425ef4a7,iNaturalist,Observations,10,02,DUVERGÉ,061002,876725b0dffffff
https://www.inaturalist.org/observations/161524069,4116352797,Clusia rosea,Clusia rosea Jacq.,Clusiaceae,Clusia,SPECIES,HUMAN_OBSERVATION,2023-05-13T06:04,2023,-71.591034,18.311161,407,50c9509d-22c7-4a22-a47d-8c48425ef4a7,iNaturalist,Observations,10,02,DUVERGÉ,061002,876725b5affffff
https://www.inaturalist.org/observations/161693621,4116338355,Borreria remota,Spermacoce remota Lam.,Rubiaceae,Borreria,SPECIES,HUMAN_OBSERVATION,2023-05-13T06:49:42,2023,-71.535737,18.381133,4,50c9509d-22c7-4a22-a47d-8c48425ef4a7,iNaturalist,Observations,10,02,DUVERGÉ,061002,876725b44ffffff
https://www.inaturalist.org/observations/161693722,4121046784,Tridax procumbens,Tridax procumbens L.,Asteraceae,Tridax,SPECIES,HUMAN_OBSERVATION,2023-05-13T06:39:33,2023,-71.535583,18.381105,4,50c9509d-22c7-4a22-a47d-8c48425ef4a7,iNaturalist,Observations,10,02,DUVERGÉ,061002,876725b44ffffff
https://www.inaturalist.org/observations/161693850,4116615278,Leucaena leucocephala,Leucaena leucocephala (Lam.) de Wit,Fabaceae,Leucaena,SPECIES,HUMAN_OBSERVATION,2023-05-13T06:38:59,2023,-71.53557,18.381108,4,50c9509d-22c7-4a22-a47d-8c48425ef4a7,iNaturalist,Observations,10,02,DUVERGÉ,061002,876725b44ffffff
https://www.inaturalist.org/observations/161693961,4116200110,Jatropha gossypiifolia,Jatropha gossypiifolia L.,Euphorbiaceae,Jatropha,SPECIES,HUMAN_OBSERVATION,2023-05-13T06:38:41,2023,-71.535562,18.381108,4,50c9509d-22c7-4a22-a47d-8c48425ef4a7,iNaturalist,Observations,10,02,DUVERGÉ,061002,876725b44ffffff
https://www.inaturalist.org/observations/161696485,4116604966,Croton discolor,Croton discolor Willd.,Euphorbiaceae,Croton,SPECIES,HUMAN_OBSERVATION,2023-05-12T18:30:18,2023,-71.548745,18.339372,4,50c9509d-22c7-4a22-a47d-8c48425ef4a7,iNaturalist,Observations,10,02,DUVERGÉ,061002,876725b43ffffff
https://www.inaturalist.org/observations/161701790,4952229789,Calliandra pedicellata,Calliandra pedicellata Benth.,Fabaceae,Calliandra,SPECIES,HUMAN_OBSERVATION,2023-05-12T18:27:02,2023,-71.548797,18.339355,4,50c9509d-22c7-4a22-a47d-8c48425ef4a7,iNaturalist,Observations,10,02,DUVERGÉ,061002,876725b43ffffff
https://www.inaturalist.org/observations/161862938,4133654549,Plantago lanceolata,Plantago lanceolata L.,Plantaginaceae,Plantago,SPECIES,HUMAN_OBSERVATION,2023-05-12T08:13:55,2023,-71.70877,18.308828,4,50c9509d-22c7-4a22-a47d-8c48425ef4a7,iNaturalist,Observations,10,02,DUVERGÉ,061002,876725a11ffffff
https://www.inaturalist.org/observations/161862999,4133921594,Prunus persica,Prunus persica (L.) Stokes,Rosaceae,Prunus,SPECIES,HUMAN_OBSERVATION,2023-05-12T08:13:19,2023,-71.708687,18.308845,4,50c9509d-22c7-4a22-a47d-8c48425ef4a7,iNaturalist,Observations,10,02,DUVERGÉ,061002,876725a11ffffff
https://www.inaturalist.org/observations/161864439,4424081644,Lantana camara,Lantana camara L.,Verbenaceae,Lantana,SPECIES,HUMAN_OBSERVATION,2023-05-11T17:56:12,2023,-71.595733,18.308767,4,50c9509d-22c7-4a22-a47d-8c48425ef4a7,iNaturalist,Observations,10,02,DUVERGÉ,061002,876725a29ffffff
https://www.inaturalist.org/observations/161864491,4171231473,Kalanchoe houghtonii,Kalanchoe × houghtonii D.B.Ward,Crassulaceae,Kalanchoe,SPECIES,HUMAN_OBSERVATION,2023-05-11T17:53:03,2023,-71.595672,18.309195,6,50c9509d-22c7-4a22-a47d-8c48425ef4a7,iNaturalist,Observations,10,02,DUVERGÉ,061002,876725a29ffffff
https://www.inaturalist.org/observations/161864552,4121079632,Argemone mexicana,Argemone mexicana L.,Papaveraceae,Argemone,SPECIES,HUMAN_OBSERVATION,2023-05-11T17:24:55,2023,-71.587708,18.327367,4,50c9509d-22c7-4a22-a47d-8c48425ef4a7,iNaturalist,Observations,10,02,DUVERGÉ,061002,876725b5effffff
https://www.inaturalist.org/observations/167960850,4500715229,Trifolium repens,Trifolium repens L.,Fabaceae,Trifolium,SPECIES,HUMAN_OBSERVATION,2023-04-14T07:15,2023,-71.7041,18.307969,NA,50c9509d-22c7-4a22-a47d-8c48425ef4a7,iNaturalist,Observations,10,02,DUVERGÉ,061002,876725a1cffffff
https://www.inaturalist.org/observations/167975322,5133292600,Opuntia cochenillifera,Opuntia cochenillifera (L.) Mill.,Cactaceae,Opuntia,SPECIES,HUMAN_OBSERVATION,2023-04-13T08:54,2023,-71.655893,18.336079,61,50c9509d-22c7-4a22-a47d-8c48425ef4a7,iNaturalist,Observations,10,02,DUVERGÉ,061002,876725a05ffffff
https://www.inaturalist.org/observations/168027143,4138153468,Tillandsia kuzmae,Tillandsia kuzmae Ehlers,Bromeliaceae,Tillandsia,SPECIES,HUMAN_OBSERVATION,2023-04-13T11:45,2023,-71.57977,18.316182,8,50c9509d-22c7-4a22-a47d-8c48425ef4a7,iNaturalist,Observations,10,02,DUVERGÉ,061002,876725b5affffff
https://www.inaturalist.org/observations/168027171,4137940677,Cecropia schreberiana,Cecropia schreberiana Miq.,Urticaceae,Cecropia,SPECIES,HUMAN_OBSERVATION,2023-04-13T14:55,2023,-71.582341,18.311127,8,50c9509d-22c7-4a22-a47d-8c48425ef4a7,iNaturalist,Observations,10,02,DUVERGÉ,061002,876725b5affffff
https://www.inaturalist.org/observations/168028499,6400036116,Hylocereus triangularis,Selenicereus triangularis (L.) D.R.Hunt,Cactaceae,Hylocereus,SPECIES,HUMAN_OBSERVATION,2023-04-13T07:45,2023,-71.653983,18.346425,NA,50c9509d-22c7-4a22-a47d-8c48425ef4a7,iNaturalist,Observations,10,02,DUVERGÉ,061002,876725a23ffffff
https://www.inaturalist.org/observations/168028660,4138297551,Kalanchoe pinnata,Kalanchoe pinnata (Lam.) Pers.,Crassulaceae,Kalanchoe,SPECIES,HUMAN_OBSERVATION,2023-04-13T09:26,2023,-71.650853,18.352039,NA,50c9509d-22c7-4a22-a47d-8c48425ef4a7,iNaturalist,Observations,10,02,DUVERGÉ,061002,876725a23ffffff
https://www.inaturalist.org/observations/168028661,4978278217,Leptocereus weingartianus,Leptocereus weingartianus (E.Hartmann ex Dams) Britton & Rose,Cactaceae,Leptocereus,SPECIES,HUMAN_OBSERVATION,2023-04-13T09:49,2023,-71.651953,18.351767,NA,50c9509d-22c7-4a22-a47d-8c48425ef4a7,iNaturalist,Observations,10,02,DUVERGÉ,061002,876725a23ffffff
https://www.inaturalist.org/observations/168028662,4138010898,Jatropha multifida,Jatropha multifida L.,Euphorbiaceae,Jatropha,SPECIES,HUMAN_OBSERVATION,2023-04-13T09:54,2023,-71.650361,18.351942,NA,50c9509d-22c7-4a22-a47d-8c48425ef4a7,iNaturalist,Observations,10,02,DUVERGÉ,061002,876725a23ffffff
https://www.inaturalist.org/observations/168028888,4908052870,Sarcomphalus domingensis,Sarcomphalus domingensis (Spreng.) Krug & Urb.,Rhamnaceae,Sarcomphalus,SPECIES,HUMAN_OBSERVATION,2023-04-13T11:45,2023,-71.580108,18.316342,NA,50c9509d-22c7-4a22-a47d-8c48425ef4a7,iNaturalist,Observations,10,02,DUVERGÉ,061002,876725b5affffff
https://www.inaturalist.org/observations/168105900,4137923204,Kalanchoe houghtonii,Kalanchoe × houghtonii D.B.Ward,Crassulaceae,Kalanchoe,SPECIES,HUMAN_OBSERVATION,2023-04-13T11:45,2023,-71.580108,18.316342,NA,50c9509d-22c7-4a22-a47d-8c48425ef4a7,iNaturalist,Observations,10,02,DUVERGÉ,061002,876725b5affffff
https://www.inaturalist.org/observations/168105901,4137811076,Picramnia pentandra,Picramnia pentandra Sw.,Picramniaceae,Picramnia,SPECIES,HUMAN_OBSERVATION,2023-04-13T11:52,2023,-71.581061,18.314092,NA,50c9509d-22c7-4a22-a47d-8c48425ef4a7,iNaturalist,Observations,10,02,DUVERGÉ,061002,876725b5affffff
https://www.inaturalist.org/observations/168127963,4512211789,Guaiacum sanctum,Guaiacum sanctum L.,Zygophyllaceae,Guaiacum,SPECIES,HUMAN_OBSERVATION,2023-04-13T12:11,2023,-71.582414,18.310886,NA,50c9509d-22c7-4a22-a47d-8c48425ef4a7,iNaturalist,Observations,10,02,DUVERGÉ,061002,876725b5affffff
https://www.inaturalist.org/observations/168127964,4512044916,Guaiacum sanctum,Guaiacum sanctum L.,Zygophyllaceae,Guaiacum,SPECIES,HUMAN_OBSERVATION,2023-04-13T12:57,2023,-71.588483,18.304592,NA,50c9509d-22c7-4a22-a47d-8c48425ef4a7,iNaturalist,Observations,10,02,DUVERGÉ,061002,876725a74ffffff
https://www.inaturalist.org/observations/168127965,4524932136,Opuntia taylorii,Opuntia repens subsp. taylorii (Britton & Rose) Guiggi,Cactaceae,Opuntia,SUBSPECIES,HUMAN_OBSERVATION,2023-04-13T12:59,2023,-71.588547,18.304183,NA,50c9509d-22c7-4a22-a47d-8c48425ef4a7,iNaturalist,Observations,10,02,DUVERGÉ,061002,876725a74ffffff
https://www.inaturalist.org/observations/168127970,4525018987,Corchorus hirsutus,Corchorus hirsutus L.,Malvaceae,Corchorus,SPECIES,HUMAN_OBSERVATION,2023-04-13T13:44,2023,-71.596992,18.299497,NA,50c9509d-22c7-4a22-a47d-8c48425ef4a7,iNaturalist,Observations,10,02,DUVERGÉ,061002,876725a74ffffff
https://www.inaturalist.org/observations/168127971,4921908073,Calliandra haematomma,Calliandra haematomma (Bertero ex DC.) Benth.,Fabaceae,Calliandra,SPECIES,HUMAN_OBSERVATION,2023-04-13T13:48,2023,-71.596483,18.297956,NA,50c9509d-22c7-4a22-a47d-8c48425ef4a7,iNaturalist,Observations,10,02,DUVERGÉ,061002,876725a74ffffff
https://www.inaturalist.org/observations/168127974,4138681898,Tecoma stans,Tecoma stans (L.) Juss. ex Kunth,Bignoniaceae,Tecoma,SPECIES,HUMAN_OBSERVATION,2023-04-13T13:50,2023,-71.596306,18.298297,NA,50c9509d-22c7-4a22-a47d-8c48425ef4a7,iNaturalist,Observations,10,02,DUVERGÉ,061002,876725a74ffffff
https://www.inaturalist.org/observations/168127975,4522468992,Myriopteris microphylla,Myriopteris microphylla (Sw.) Grusz & Windham,Pteridaceae,Myriopteris,SPECIES,HUMAN_OBSERVATION,2023-04-13T13:57,2023,-71.59805,18.301697,NA,50c9509d-22c7-4a22-a47d-8c48425ef4a7,iNaturalist,Observations,10,02,DUVERGÉ,061002,876725a74ffffff
https://www.inaturalist.org/observations/168127985,4138059842,Croton ciliatoglandulifer,Croton ciliatoglandulifer Ortega,Euphorbiaceae,Croton,SPECIES,HUMAN_OBSERVATION,2023-04-13T14:34,2023,-71.588058,18.310817,NA,50c9509d-22c7-4a22-a47d-8c48425ef4a7,iNaturalist,Observations,10,02,DUVERGÉ,061002,876725b5affffff
https://www.inaturalist.org/observations/168214919,4138406073,Picramnia pentandra,Picramnia pentandra Sw.,Picramniaceae,Picramnia,SPECIES,HUMAN_OBSERVATION,2023-04-12T17:43,2023,-71.581808,18.312892,NA,50c9509d-22c7-4a22-a47d-8c48425ef4a7,iNaturalist,Observations,10,02,DUVERGÉ,061002,876725b5affffff
https://www.inaturalist.org/observations/168214922,4138150363,Clusia rosea,Clusia rosea Jacq.,Clusiaceae,Clusia,SPECIES,HUMAN_OBSERVATION,2023-04-12T17:45,2023,-71.581133,18.312392,NA,50c9509d-22c7-4a22-a47d-8c48425ef4a7,iNaturalist,Observations,10,02,DUVERGÉ,061002,876725b5affffff
https://www.inaturalist.org/observations/168214925,4137960850,Pilosocereus polygonus,Pilosocereus polygonus (Lam.) Byles & G.D.Rowley,Cactaceae,Pilosocereus,SPECIES,HUMAN_OBSERVATION,2023-04-12T18:29,2023,-71.584761,18.311433,NA,50c9509d-22c7-4a22-a47d-8c48425ef4a7,iNaturalist,Observations,10,02,DUVERGÉ,061002,876725b5affffff
https://www.inaturalist.org/observations/168214926,4978348259,Leptocereus weingartianus,Leptocereus weingartianus (E.Hartmann ex Dams) Britton & Rose,Cactaceae,Leptocereus,SPECIES,HUMAN_OBSERVATION,2023-04-12T18:33,2023,-71.586228,18.3117,NA,50c9509d-22c7-4a22-a47d-8c48425ef4a7,iNaturalist,Observations,10,02,DUVERGÉ,061002,876725b5affffff
https://www.inaturalist.org/observations/170629728,4145573797,Sphagneticola trilobata,Sphagneticola trilobata (L.) Pruski,Asteraceae,Sphagneticola,SPECIES,HUMAN_OBSERVATION,2023-07-02T08:47:27,2023,-71.571468,18.321751,2500,50c9509d-22c7-4a22-a47d-8c48425ef4a7,iNaturalist,Observations,10,02,DUVERGÉ,061002,876725b58ffffff
https://www.inaturalist.org/observations/170632547,4145828371,Borreria remota,Spermacoce remota Lam.,Rubiaceae,Borreria,SPECIES,HUMAN_OBSERVATION,2023-07-02T09:06:35,2023,-71.571839,18.322857,1899,50c9509d-22c7-4a22-a47d-8c48425ef4a7,iNaturalist,Observations,10,02,DUVERGÉ,061002,876725b58ffffff
https://www.inaturalist.org/observations/170633575,4465634958,Kalanchoe houghtonii,Kalanchoe × houghtonii D.B.Ward,Crassulaceae,Kalanchoe,SPECIES,HUMAN_OBSERVATION,2023-07-02T09:14:09,2023,-71.571839,18.322857,1899,50c9509d-22c7-4a22-a47d-8c48425ef4a7,iNaturalist,Observations,10,02,DUVERGÉ,061002,876725b58ffffff
https://www.inaturalist.org/observations/170634257,5086956226,Consolea picardae,Consolea picardae (Urb.) Areces,Cactaceae,Consolea,SPECIES,HUMAN_OBSERVATION,2023-07-02T09:18:23,2023,-71.567759,18.321026,2599,50c9509d-22c7-4a22-a47d-8c48425ef4a7,iNaturalist,Observations,10,02,DUVERGÉ,061002,876725b58ffffff
https://www.inaturalist.org/observations/171721675,4153881876,Asclepias nivea,Asclepias nivea L.,Apocynaceae,Asclepias,SPECIES,HUMAN_OBSERVATION,2023-07-01T22:55,2023,-71.653656,18.348497,788,50c9509d-22c7-4a22-a47d-8c48425ef4a7,iNaturalist,Observations,10,02,DUVERGÉ,061002,876725a23ffffff
https://www.inaturalist.org/observations/177118143,5007816324,Fuchsia triphylla,Fuchsia triphylla L.,Onagraceae,Fuchsia,SPECIES,HUMAN_OBSERVATION,2023-08-03T09:52:11,2023,-71.533942,18.20884,6,50c9509d-22c7-4a22-a47d-8c48425ef4a7,iNaturalist,Observations,10,02,DUVERGÉ,061002,876725a4effffff
https://www.inaturalist.org/observations/177120210,4400004857,Arthrostylidium sarmentosum,Arthrostylidium sarmentosum Pilg.,Poaceae,Arthrostylidium,SPECIES,HUMAN_OBSERVATION,2023-08-04T10:46:01,2023,-71.555052,18.206964,9,50c9509d-22c7-4a22-a47d-8c48425ef4a7,iNaturalist,Observations,10,02,DUVERGÉ,061002,876725a5dffffff
https://www.inaturalist.org/observations/180150528,4413587895,Eulophia maculata,Eulophia maculata (Lindl.) Rchb.f.,Orchidaceae,Eulophia,SPECIES,HUMAN_OBSERVATION,2023-08-25T13:15:57,2023,-71.576667,18.315783,7,50c9509d-22c7-4a22-a47d-8c48425ef4a7,iNaturalist,Observations,10,02,DUVERGÉ,061002,876725b5affffff
https://www.inaturalist.org/observations/18681257,5076724342,Aristolochia adiastola,Aristolochia adiastola G.A.Romero & Elad.Fernández,Aristolochiaceae,Aristolochia,SPECIES,HUMAN_OBSERVATION,2018-02-24T13:13:35,2018,-71.560617,18.328363,6,50c9509d-22c7-4a22-a47d-8c48425ef4a7,iNaturalist,Observations,10,02,DUVERGÉ,061002,876725b58ffffff
https://www.inaturalist.org/observations/189753299,4438956770,Cascabela thevetia,Cascabela thevetia (L.) Lippold,Apocynaceae,Cascabela,SPECIES,HUMAN_OBSERVATION,2023-10-20T15:19:43,2023,-71.679982999999993,18.326157,8,50c9509d-22c7-4a22-a47d-8c48425ef4a7,iNaturalist,Observations,10,02,DUVERGÉ,061002,876725a00ffffff
https://www.inaturalist.org/observations/189753360,4438690159,Bocconia frutescens,Bocconia frutescens L.,Papaveraceae,Bocconia,SPECIES,HUMAN_OBSERVATION,2023-10-21T11:11:44,2023,-71.563362,18.20634,11,50c9509d-22c7-4a22-a47d-8c48425ef4a7,iNaturalist,Observations,10,02,DUVERGÉ,061002,876725a5dffffff
https://www.inaturalist.org/observations/189753423,4500569551,Salvia selleana,Salvia selleana Urb.,Lamiaceae,Salvia,SPECIES,HUMAN_OBSERVATION,2023-10-21T11:17:08,2023,-71.563449,18.206438,9,50c9509d-22c7-4a22-a47d-8c48425ef4a7,iNaturalist,Observations,10,02,DUVERGÉ,061002,876725a5dffffff
https://www.inaturalist.org/observations/19139999,1986517433,Acalypha hispida,Acalypha hispida Burm.fil.,Euphorbiaceae,Acalypha,SPECIES,HUMAN_OBSERVATION,2012-12-08T20:00,2012,-71.57663,18.31577,10,50c9509d-22c7-4a22-a47d-8c48425ef4a7,iNaturalist,Observations,10,02,DUVERGÉ,061002,876725b5affffff
https://www.inaturalist.org/observations/193734456,4465480136,Verbascum thapsus,Verbascum thapsus L.,Scrophulariaceae,Verbascum,SPECIES,HUMAN_OBSERVATION,2021-06-16T16:12:34,2021,-71.533611,18.207222,NA,50c9509d-22c7-4a22-a47d-8c48425ef4a7,iNaturalist,Observations,10,02,DUVERGÉ,061002,876725a4effffff
https://www.inaturalist.org/observations/19503288,4018257323,Kalanchoe houghtonii,Kalanchoe × houghtonii D.B.Ward,Crassulaceae,Kalanchoe,SPECIES,HUMAN_OBSERVATION,2018-12-29T18:34,2018,-71.58066,18.31603,10,50c9509d-22c7-4a22-a47d-8c48425ef4a7,iNaturalist,Observations,10,02,DUVERGÉ,061002,876725b5affffff
https://www.inaturalist.org/observations/195218278,4528184214,Melochia tomentosa,Melochia tomentosa L.,Malvaceae,Melochia,SPECIES,HUMAN_OBSERVATION,2023-11-29T17:19,2023,-71.630185,18.351467,NA,50c9509d-22c7-4a22-a47d-8c48425ef4a7,iNaturalist,Observations,10,02,DUVERGÉ,061002,876725a21ffffff
https://www.inaturalist.org/observations/195218283,4507948380,Senna atomaria,Senna atomaria (L.) H.S.Irwin & Barneby,Fabaceae,Senna,SPECIES,HUMAN_OBSERVATION,2023-11-29T17:36,2023,-71.63194,18.351499,11,50c9509d-22c7-4a22-a47d-8c48425ef4a7,iNaturalist,Observations,10,02,DUVERGÉ,061002,876725a21ffffff
https://www.inaturalist.org/observations/195218284,4507938349,Jatropha gossypiifolia,Jatropha gossypiifolia L.,Euphorbiaceae,Jatropha,SPECIES,HUMAN_OBSERVATION,2023-11-29T17:32,2023,-71.631521,18.351523,3,50c9509d-22c7-4a22-a47d-8c48425ef4a7,iNaturalist,Observations,10,02,DUVERGÉ,061002,876725a21ffffff
https://www.inaturalist.org/observations/195218289,4909073462,Casearia dodecandra,Casearia dodecandra (Jacq.) T.Samar. & M.H.Alford,Salicaceae,Casearia,SPECIES,HUMAN_OBSERVATION,2023-11-29T17:44,2023,-71.632139,18.351504,NA,50c9509d-22c7-4a22-a47d-8c48425ef4a7,iNaturalist,Observations,10,02,DUVERGÉ,061002,876725a21ffffff
https://www.inaturalist.org/observations/195218290,4507718396,Tillandsia recurvata,Tillandsia recurvata (L.) L.,Bromeliaceae,Tillandsia,SPECIES,HUMAN_OBSERVATION,2023-11-29T17:47,2023,-71.632188,18.351502,NA,50c9509d-22c7-4a22-a47d-8c48425ef4a7,iNaturalist,Observations,10,02,DUVERGÉ,061002,876725a21ffffff
https://www.inaturalist.org/observations/195218291,4507695351,Tillandsia usneoides,Tillandsia usneoides (L.) L.,Bromeliaceae,Tillandsia,SPECIES,HUMAN_OBSERVATION,2023-11-29T17:52,2023,-71.632745,18.351493,NA,50c9509d-22c7-4a22-a47d-8c48425ef4a7,iNaturalist,Observations,10,02,DUVERGÉ,061002,876725a21ffffff
https://www.inaturalist.org/observations/195218293,5062702406,Tillandsia kuzmae,Tillandsia kuzmae Ehlers,Bromeliaceae,Tillandsia,SPECIES,HUMAN_OBSERVATION,2023-11-29T17:52,2023,-71.632769,18.351492,NA,50c9509d-22c7-4a22-a47d-8c48425ef4a7,iNaturalist,Observations,10,02,DUVERGÉ,061002,876725a21ffffff
https://www.inaturalist.org/observations/19524568,2236202267,Bocconia frutescens,Bocconia frutescens L.,Papaveraceae,Bocconia,SPECIES,HUMAN_OBSERVATION,2018-12-30T11:03,2018,-71.70748,18.30886,10,50c9509d-22c7-4a22-a47d-8c48425ef4a7,iNaturalist,Observations,10,02,DUVERGÉ,061002,876725a11ffffff
https://www.inaturalist.org/observations/195304666,4512176456,Bidens alba,Bidens alba (L.) DC.,Asteraceae,Bidens,SPECIES,HUMAN_OBSERVATION,2023-11-30T07:47,2023,-71.704269,18.308039,NA,50c9509d-22c7-4a22-a47d-8c48425ef4a7,iNaturalist,Observations,10,02,DUVERGÉ,061002,876725a1cffffff
https://www.inaturalist.org/observations/195309979,4982266458,Tillandsia didistichoides,Tillandsia didistichoides Mez,Bromeliaceae,Tillandsia,SPECIES,HUMAN_OBSERVATION,2023-11-30T09:29,2023,-71.696972,18.306752,NA,50c9509d-22c7-4a22-a47d-8c48425ef4a7,iNaturalist,Observations,10,02,DUVERGÉ,061002,876725a1cffffff
https://www.inaturalist.org/observations/195309984,5152987446,Prunella vulgaris,Prunella vulgaris L.,Lamiaceae,Prunella,SPECIES,HUMAN_OBSERVATION,2023-11-30T09:51,2023,-71.696477,18.305749,NA,50c9509d-22c7-4a22-a47d-8c48425ef4a7,iNaturalist,Observations,10,02,DUVERGÉ,061002,876725a1cffffff
https://www.inaturalist.org/observations/195309985,4524983363,Plantago lanceolata,Plantago lanceolata L.,Plantaginaceae,Plantago,SPECIES,HUMAN_OBSERVATION,2023-11-30T09:51,2023,-71.696485,18.305752,NA,50c9509d-22c7-4a22-a47d-8c48425ef4a7,iNaturalist,Observations,10,02,DUVERGÉ,061002,876725a1cffffff
https://www.inaturalist.org/observations/195334448,4512030162,Fragaria ananassa,Fragaria × ananassa (Weston) Rozier,Rosaceae,Fragaria,SPECIES,HUMAN_OBSERVATION,2023-11-30T10:50,2023,-71.703344,18.307412,NA,50c9509d-22c7-4a22-a47d-8c48425ef4a7,iNaturalist,Observations,10,02,DUVERGÉ,061002,876725a1cffffff
https://www.inaturalist.org/observations/195334450,4596829626,Bocconia frutescens,Bocconia frutescens L.,Papaveraceae,Bocconia,SPECIES,HUMAN_OBSERVATION,2023-11-30T10:51,2023,-71.703402,18.30748,NA,50c9509d-22c7-4a22-a47d-8c48425ef4a7,iNaturalist,Observations,10,02,DUVERGÉ,061002,876725a1cffffff
https://www.inaturalist.org/observations/195335812,4507739796,Tillandsia fasciculata,Tillandsia fasciculata Sw.,Bromeliaceae,Tillandsia,SPECIES,HUMAN_OBSERVATION,2023-11-30T18:01,2023,-71.580464,18.316306,NA,50c9509d-22c7-4a22-a47d-8c48425ef4a7,iNaturalist,Observations,10,02,DUVERGÉ,061002,876725b5affffff
https://www.inaturalist.org/observations/195335819,4524990099,Distimake quinquefolius,Distimake quinquefolius (L.) A.R.Simões & Staples,Convolvulaceae,Distimake,SPECIES,HUMAN_OBSERVATION,2023-11-30T18:19,2023,-71.581681,18.312966,NA,50c9509d-22c7-4a22-a47d-8c48425ef4a7,iNaturalist,Observations,10,02,DUVERGÉ,061002,876725b5affffff
https://www.inaturalist.org/observations/195346620,4507712795,Tillandsia schiedeana,Tillandsia schiedeana Steud.,Bromeliaceae,Tillandsia,SPECIES,HUMAN_OBSERVATION,2023-12-01T08:04,2023,-71.632862,18.351526,NA,50c9509d-22c7-4a22-a47d-8c48425ef4a7,iNaturalist,Observations,10,02,DUVERGÉ,061002,876725a21ffffff
https://www.inaturalist.org/observations/195346621,4507972719,Tillandsia recurvata,Tillandsia recurvata (L.) L.,Bromeliaceae,Tillandsia,SPECIES,HUMAN_OBSERVATION,2023-12-01T08:05,2023,-71.632851,18.351521,NA,50c9509d-22c7-4a22-a47d-8c48425ef4a7,iNaturalist,Observations,10,02,DUVERGÉ,061002,876725a21ffffff
https://www.inaturalist.org/observations/195346624,4507688789,Tillandsia balbisiana,Tillandsia balbisiana Schult. & Schult.f.,Bromeliaceae,Tillandsia,SPECIES,HUMAN_OBSERVATION,2023-12-01T08:16,2023,-71.63467,18.351942,NA,50c9509d-22c7-4a22-a47d-8c48425ef4a7,iNaturalist,Observations,10,02,DUVERGÉ,061002,876725a21ffffff
https://www.inaturalist.org/observations/195346628,4507698796,Tillandsia recurvata,Tillandsia recurvata (L.) L.,Bromeliaceae,Tillandsia,SPECIES,HUMAN_OBSERVATION,2023-12-01T08:21,2023,-71.635633,18.352634,NA,50c9509d-22c7-4a22-a47d-8c48425ef4a7,iNaturalist,Observations,10,02,DUVERGÉ,061002,876725a21ffffff
https://www.inaturalist.org/observations/195346638,4507989677,Tillandsia schiedeana,Tillandsia schiedeana Steud.,Bromeliaceae,Tillandsia,SPECIES,HUMAN_OBSERVATION,2023-12-01T08:44,2023,-71.636609000000007,18.353298,NA,50c9509d-22c7-4a22-a47d-8c48425ef4a7,iNaturalist,Observations,10,02,DUVERGÉ,061002,876725a21ffffff
https://www.inaturalist.org/observations/195346641,4507689791,Tillandsia recurvata,Tillandsia recurvata (L.) L.,Bromeliaceae,Tillandsia,SPECIES,HUMAN_OBSERVATION,2023-12-01T08:51,2023,-71.63691,18.35336,NA,50c9509d-22c7-4a22-a47d-8c48425ef4a7,iNaturalist,Observations,10,02,DUVERGÉ,061002,876725a21ffffff
https://www.inaturalist.org/observations/195348149,4507942760,Cylindropuntia caribaea,Cylindropuntia caribaea (Britton & Rose) F.M.Knuth,Cactaceae,Cylindropuntia,SPECIES,HUMAN_OBSERVATION,2023-12-01T10:18,2023,-71.631834,18.408946,NA,50c9509d-22c7-4a22-a47d-8c48425ef4a7,iNaturalist,Observations,10,02,DUVERGÉ,061002,876725b08ffffff
https://www.inaturalist.org/observations/195348152,4507696731,Stenocereus heptagonus,Stenocereus heptagonus (L.) Mottram,Cactaceae,Stenocereus,SPECIES,HUMAN_OBSERVATION,2023-12-01T10:26,2023,-71.62902,18.414914,NA,50c9509d-22c7-4a22-a47d-8c48425ef4a7,iNaturalist,Observations,10,02,DUVERGÉ,061002,876725b08ffffff
https://www.inaturalist.org/observations/195348165,4507684726,Melochia tomentosa,Melochia tomentosa L.,Malvaceae,Melochia,SPECIES,HUMAN_OBSERVATION,2023-12-01T10:51,2023,-71.628106,18.415479,NA,50c9509d-22c7-4a22-a47d-8c48425ef4a7,iNaturalist,Observations,10,02,DUVERGÉ,061002,876725b0cffffff
https://www.inaturalist.org/observations/195348166,4512220416,Turnera diffusa,Turnera diffusa Willd. ex Schult.,Passifloraceae,Turnera,SPECIES,HUMAN_OBSERVATION,2023-12-01T10:52,2023,-71.628241,18.415276,NA,50c9509d-22c7-4a22-a47d-8c48425ef4a7,iNaturalist,Observations,10,02,DUVERGÉ,061002,876725b0cffffff
https://www.inaturalist.org/observations/195348167,4512050162,Evolvulus arbuscula,Evolvulus arbuscula Poir.,Convolvulaceae,Evolvulus,SPECIES,HUMAN_OBSERVATION,2023-12-01T10:53,2023,-71.628754,18.414981,NA,50c9509d-22c7-4a22-a47d-8c48425ef4a7,iNaturalist,Observations,10,02,DUVERGÉ,061002,876725b08ffffff
https://www.inaturalist.org/observations/19540356,5166780317,Ceiba pentandra,Ceiba pentandra (L.) Gaertn.,Malvaceae,Ceiba,SPECIES,HUMAN_OBSERVATION,2018-12-30T16:03,2018,-71.57804,18.31619,10,50c9509d-22c7-4a22-a47d-8c48425ef4a7,iNaturalist,Observations,10,02,DUVERGÉ,061002,876725b5affffff
https://www.inaturalist.org/observations/197008662,5230333450,Dracaena trifasciata,Sansevieria trifasciata Prain,Asparagaceae,Dracaena,SPECIES,HUMAN_OBSERVATION,2024-01-18T15:41:06,2024,-71.576478,18.315617,5,50c9509d-22c7-4a22-a47d-8c48425ef4a7,iNaturalist,Observations,10,02,DUVERGÉ,061002,876725b5affffff
https://www.inaturalist.org/observations/197009885,4516461393,Dracaena trifasciata,Sansevieria trifasciata Prain,Asparagaceae,Dracaena,SPECIES,HUMAN_OBSERVATION,2024-01-18T15:41:06,2024,-71.576478,18.315617,5,50c9509d-22c7-4a22-a47d-8c48425ef4a7,iNaturalist,Observations,10,02,DUVERGÉ,061002,876725b5affffff
https://www.inaturalist.org/observations/197913730,4516684270,Cecropia schreberiana,Cecropia schreberiana Miq.,Urticaceae,Cecropia,SPECIES,HUMAN_OBSERVATION,2024-01-23T09:42:12,2024,-71.581428,18.311295,30,50c9509d-22c7-4a22-a47d-8c48425ef4a7,iNaturalist,Observations,10,02,DUVERGÉ,061002,876725b5affffff
https://www.inaturalist.org/observations/197913972,4516883409,Asclepias nivea,Asclepias nivea L.,Apocynaceae,Asclepias,SPECIES,HUMAN_OBSERVATION,2024-01-23T09:43:38,2024,-71.58178,18.310995,73,50c9509d-22c7-4a22-a47d-8c48425ef4a7,iNaturalist,Observations,10,02,DUVERGÉ,061002,876725b5affffff
https://www.inaturalist.org/observations/197914505,4516748986,Kalanchoe houghtonii,Kalanchoe × houghtonii D.B.Ward,Crassulaceae,Kalanchoe,SPECIES,HUMAN_OBSERVATION,2024-01-23T11:48:02,2024,-71.580703,18.315378,10,50c9509d-22c7-4a22-a47d-8c48425ef4a7,iNaturalist,Observations,10,02,DUVERGÉ,061002,876725b5affffff
https://www.inaturalist.org/observations/197914557,4516672047,Kalanchoe pinnata,Kalanchoe pinnata (Lam.) Pers.,Crassulaceae,Kalanchoe,SPECIES,HUMAN_OBSERVATION,2024-01-23T16:02:44,2024,-71.652047,18.351928,50,50c9509d-22c7-4a22-a47d-8c48425ef4a7,iNaturalist,Observations,10,02,DUVERGÉ,061002,876725a23ffffff
https://www.inaturalist.org/observations/197915993,4516494905,Momordica charantia,Momordica charantia subsp. charantia,Cucurbitaceae,Momordica,SUBSPECIES,HUMAN_OBSERVATION,2024-01-23T16:32:27,2024,-71.655212,18.355325,8,50c9509d-22c7-4a22-a47d-8c48425ef4a7,iNaturalist,Observations,10,02,DUVERGÉ,061002,876725a23ffffff
https://www.inaturalist.org/observations/197920629,4516867884,Begonia domingensis,Begonia domingensis A.DC.,Begoniaceae,Begonia,SPECIES,HUMAN_OBSERVATION,2024-01-24T08:00:51,2024,-71.576605,18.316037,30,50c9509d-22c7-4a22-a47d-8c48425ef4a7,iNaturalist,Observations,10,02,DUVERGÉ,061002,876725b5affffff
https://www.inaturalist.org/observations/197933376,5062662454,Ficus crocata,Ficus crocata (Miq.) Mart. ex Miq.,Moraceae,Ficus,SPECIES,HUMAN_OBSERVATION,2024-01-24T16:10:38,2024,-71.573188,18.321287,1414,50c9509d-22c7-4a22-a47d-8c48425ef4a7,iNaturalist,Observations,10,02,DUVERGÉ,061002,876725b58ffffff
https://www.inaturalist.org/observations/197933390,6185673678,Ruellia domingensis,Ruellia domingensis Spreng. ex Nees,Acanthaceae,Ruellia,SPECIES,HUMAN_OBSERVATION,2024-01-25T07:29:47,2024,-71.573967,18.320488,4546,50c9509d-22c7-4a22-a47d-8c48425ef4a7,iNaturalist,Observations,10,02,DUVERGÉ,061002,876725b58ffffff
https://www.inaturalist.org/observations/197933565,4516887199,Clusia rosea,Clusia rosea Jacq.,Clusiaceae,Clusia,SPECIES,HUMAN_OBSERVATION,2024-01-24T16:17:47,2024,-71.579405,18.316262,17,50c9509d-22c7-4a22-a47d-8c48425ef4a7,iNaturalist,Observations,10,02,DUVERGÉ,061002,876725b5affffff
https://www.inaturalist.org/observations/197933683,4516520107,Guazuma ulmifolia,Guazuma ulmifolia Lam.,Malvaceae,Guazuma,SPECIES,HUMAN_OBSERVATION,2024-01-25T09:22:57,2024,-71.57325,18.321663,3923,50c9509d-22c7-4a22-a47d-8c48425ef4a7,iNaturalist,Observations,10,02,DUVERGÉ,061002,876725b58ffffff
https://www.inaturalist.org/observations/197967445,4516905486,Stenocereus heptagonus,Stenocereus heptagonus (L.) Mottram,Cactaceae,Stenocereus,SPECIES,HUMAN_OBSERVATION,2024-01-25T13:29:38,2024,-71.627905,18.415262,278,50c9509d-22c7-4a22-a47d-8c48425ef4a7,iNaturalist,Observations,10,02,DUVERGÉ,061002,876725b0cffffff
https://www.inaturalist.org/observations/198150920,4519125661,Kalanchoe houghtonii,Kalanchoe × houghtonii D.B.Ward,Crassulaceae,Kalanchoe,SPECIES,HUMAN_OBSERVATION,2024-01-21T15:28,2024,-71.579166,18.316098,15,50c9509d-22c7-4a22-a47d-8c48425ef4a7,iNaturalist,Observations,10,02,DUVERGÉ,061002,876725b5affffff
https://www.inaturalist.org/observations/198150922,4519116858,Kalanchoe houghtonii,Kalanchoe × houghtonii D.B.Ward,Crassulaceae,Kalanchoe,SPECIES,HUMAN_OBSERVATION,2024-01-21T15:35,2024,-71.580876,18.315126,NA,50c9509d-22c7-4a22-a47d-8c48425ef4a7,iNaturalist,Observations,10,02,DUVERGÉ,061002,876725b5affffff
https://www.inaturalist.org/observations/198150924,4519154158,Argemone mexicana,Argemone mexicana L.,Papaveraceae,Argemone,SPECIES,HUMAN_OBSERVATION,2024-01-21T18:17,2024,-71.571468,18.323177,NA,50c9509d-22c7-4a22-a47d-8c48425ef4a7,iNaturalist,Observations,10,02,DUVERGÉ,061002,876725b58ffffff
https://www.inaturalist.org/observations/198157663,4519107792,Kalanchoe houghtonii,Kalanchoe × houghtonii D.B.Ward,Crassulaceae,Kalanchoe,SPECIES,HUMAN_OBSERVATION,2024-01-23T11:43:07,2024,-71.580947,18.314653,10,50c9509d-22c7-4a22-a47d-8c48425ef4a7,iNaturalist,Observations,10,02,DUVERGÉ,061002,876725b5affffff
https://www.inaturalist.org/observations/198238913,4519154619,Callisia fragrans,Callisia fragrans (Lindl.) Woodson,Commelinaceae,Callisia,SPECIES,HUMAN_OBSERVATION,2024-02-02T16:28:01,2024,-71.575967,18.316092,4,50c9509d-22c7-4a22-a47d-8c48425ef4a7,iNaturalist,Observations,10,02,DUVERGÉ,061002,876725b5affffff
https://www.inaturalist.org/observations/198241058,4606969609,Callisia fragrans,Callisia fragrans (Lindl.) Woodson,Commelinaceae,Callisia,SPECIES,HUMAN_OBSERVATION,2024-02-02T16:27:17,2024,-71.576012,18.315988,36,50c9509d-22c7-4a22-a47d-8c48425ef4a7,iNaturalist,Observations,10,02,DUVERGÉ,061002,876725b5affffff
https://www.inaturalist.org/observations/198381866,4525116945,Dichaea glauca,Dichaea glauca (Sw.) Lindl.,Orchidaceae,Dichaea,SPECIES,HUMAN_OBSERVATION,2024-01-24T09:09,2024,-71.695529,18.305192,1018,50c9509d-22c7-4a22-a47d-8c48425ef4a7,iNaturalist,Observations,10,02,DUVERGÉ,061002,876725a1cffffff
https://www.inaturalist.org/observations/198381887,4522549641,Sabal domingensis,Sabal domingensis Becc.,Arecaceae,Sabal,SPECIES,HUMAN_OBSERVATION,2024-01-23T07:41,2024,-71.581522,18.313405,651,50c9509d-22c7-4a22-a47d-8c48425ef4a7,iNaturalist,Observations,10,02,DUVERGÉ,061002,876725b5affffff
https://www.inaturalist.org/observations/198845464,4522677293,Begonia pycnantha,Begonia pycnantha Urb. & Ekman,Begoniaceae,Begonia,SPECIES,HUMAN_OBSERVATION,2024-02-02T18:04,2024,-71.697673,18.308449,61,50c9509d-22c7-4a22-a47d-8c48425ef4a7,iNaturalist,Observations,10,02,DUVERGÉ,061002,876725a02ffffff
https://www.inaturalist.org/observations/199119513,4525022012,Kalanchoe pinnata,Kalanchoe pinnata (Lam.) Pers.,Crassulaceae,Kalanchoe,SPECIES,HUMAN_OBSERVATION,2024-02-12T12:16:37,2024,-71.647139,18.355299,737,50c9509d-22c7-4a22-a47d-8c48425ef4a7,iNaturalist,Observations,10,02,DUVERGÉ,061002,876725a21ffffff
https://www.inaturalist.org/observations/199423157,4525119844,Kalanchoe houghtonii,Kalanchoe × houghtonii D.B.Ward,Crassulaceae,Kalanchoe,SPECIES,HUMAN_OBSERVATION,2024-02-12T09:06:27,2024,-71.580417,18.316603,167,50c9509d-22c7-4a22-a47d-8c48425ef4a7,iNaturalist,Observations,10,02,DUVERGÉ,061002,876725b5affffff
https://www.inaturalist.org/observations/199423596,4525134982,Opuntia taylorii,Opuntia repens subsp. taylorii (Britton & Rose) Guiggi,Cactaceae,Opuntia,SUBSPECIES,HUMAN_OBSERVATION,2024-02-12T12:22:18,2024,-71.628182,18.415133,35,50c9509d-22c7-4a22-a47d-8c48425ef4a7,iNaturalist,Observations,10,02,DUVERGÉ,061002,876725b0cffffff
https://www.inaturalist.org/observations/199908227,4937153315,Kalanchoe pinnata,Kalanchoe pinnata (Lam.) Pers.,Crassulaceae,Kalanchoe,SPECIES,HUMAN_OBSERVATION,2024-02-19T12:14:16,2024,-71.655966,18.343176,4,50c9509d-22c7-4a22-a47d-8c48425ef4a7,iNaturalist,Observations,10,02,DUVERGÉ,061002,876725a23ffffff
https://www.inaturalist.org/observations/199918235,4936588309,Heliotropium curassavicum,Heliotropium curassavicum L.,Heliotropiaceae,Heliotropium,SPECIES,HUMAN_OBSERVATION,2024-02-20T13:24:36,2024,-71.60208,18.406415,7,50c9509d-22c7-4a22-a47d-8c48425ef4a7,iNaturalist,Observations,10,02,DUVERGÉ,061002,876725b72ffffff
https://www.inaturalist.org/observations/200430639,4528311844,Vriesea incurva,Tillandsia incurva Griseb.,Bromeliaceae,Vriesea,SPECIES,HUMAN_OBSERVATION,2024-01-22T09:35,2024,-71.691199,18.301765,31,50c9509d-22c7-4a22-a47d-8c48425ef4a7,iNaturalist,Observations,10,02,DUVERGÉ,061002,876725a1cffffff
https://www.inaturalist.org/observations/200430643,4528300766,Lobelia rotundifolia,Lobelia rotundifolia Juss. ex A.DC.,Campanulaceae,Lobelia,SPECIES,HUMAN_OBSERVATION,2024-01-22T10:12,2024,-71.690111,18.300635,8,50c9509d-22c7-4a22-a47d-8c48425ef4a7,iNaturalist,Observations,10,02,DUVERGÉ,061002,876725a1cffffff
https://www.inaturalist.org/observations/200430648,4528302864,Solandra maxima,Solandra maxima (Moc. & Sessé) P.S.Green,Solanaceae,Solandra,SPECIES,HUMAN_OBSERVATION,2024-01-22T12:16,2024,-71.696798,18.306326,31,50c9509d-22c7-4a22-a47d-8c48425ef4a7,iNaturalist,Observations,10,02,DUVERGÉ,061002,876725a1cffffff
https://www.inaturalist.org/observations/200430653,4528051839,Bocconia frutescens,Bocconia frutescens L.,Papaveraceae,Bocconia,SPECIES,HUMAN_OBSERVATION,2024-01-22T08:14,2024,-71.7091,18.308747,NA,50c9509d-22c7-4a22-a47d-8c48425ef4a7,iNaturalist,Observations,10,02,DUVERGÉ,061002,876725a11ffffff
https://www.inaturalist.org/observations/200430657,4528041861,Bidens alba,Bidens alba (L.) DC.,Asteraceae,Bidens,SPECIES,HUMAN_OBSERVATION,2024-01-22T09:25,2024,-71.701951,18.307999,NA,50c9509d-22c7-4a22-a47d-8c48425ef4a7,iNaturalist,Observations,10,02,DUVERGÉ,061002,876725a1cffffff
https://www.inaturalist.org/observations/200430660,4606661956,Fragaria vesca,Fragaria vesca L.,Rosaceae,Fragaria,SPECIES,HUMAN_OBSERVATION,2024-01-22T11:03,2024,-71.688465,18.2994,NA,50c9509d-22c7-4a22-a47d-8c48425ef4a7,iNaturalist,Observations,10,02,DUVERGÉ,061002,876725a03ffffff
https://www.inaturalist.org/observations/200430663,4528346859,Geranium robertianum,Geranium robertianum L.,Geraniaceae,Geranium,SPECIES,HUMAN_OBSERVATION,2024-01-22T11:26,2024,-71.692206,18.302762,31,50c9509d-22c7-4a22-a47d-8c48425ef4a7,iNaturalist,Observations,10,02,DUVERGÉ,061002,876725a1cffffff
https://www.inaturalist.org/observations/200430667,4528332809,Sticherus ferrugineus,Sticherus ferrugineus (Desv.) J.Gonzales,Gleicheniaceae,Sticherus,SPECIES,HUMAN_OBSERVATION,2024-01-22T12:19,2024,-71.707652,18.308757,NA,50c9509d-22c7-4a22-a47d-8c48425ef4a7,iNaturalist,Observations,10,02,DUVERGÉ,061002,876725a11ffffff
https://www.inaturalist.org/observations/200542710,4528050095,Kalanchoe pinnata,Kalanchoe pinnata (Lam.) Pers.,Crassulaceae,Kalanchoe,SPECIES,HUMAN_OBSERVATION,2024-01-26T08:33,2024,-71.652782,18.353343,NA,50c9509d-22c7-4a22-a47d-8c48425ef4a7,iNaturalist,Observations,10,02,DUVERGÉ,061002,876725a23ffffff
https://www.inaturalist.org/observations/200910797,4936597546,Cylindropuntia caribaea,Cylindropuntia caribaea (Britton & Rose) F.M.Knuth,Cactaceae,Cylindropuntia,SPECIES,HUMAN_OBSERVATION,2024-02-20T11:59,2024,-71.633,18.411,100,50c9509d-22c7-4a22-a47d-8c48425ef4a7,iNaturalist,Observations,10,02,DUVERGÉ,061002,876725b08ffffff
https://www.inaturalist.org/observations/200910883,4937065954,Consolea moniliformis,Consolea moniliformis (L.) A.Berger,Cactaceae,Consolea,SPECIES,HUMAN_OBSERVATION,2024-02-20T12:01,2024,-71.633,18.411,100,50c9509d-22c7-4a22-a47d-8c48425ef4a7,iNaturalist,Observations,10,02,DUVERGÉ,061002,876725b08ffffff
https://www.inaturalist.org/observations/200926841,4936263292,Kalanchoe houghtonii,Kalanchoe × houghtonii D.B.Ward,Crassulaceae,Kalanchoe,SPECIES,HUMAN_OBSERVATION,2024-02-21T09:22,2024,-71.59,18.323,500,50c9509d-22c7-4a22-a47d-8c48425ef4a7,iNaturalist,Observations,10,02,DUVERGÉ,061002,876725b5affffff
https://www.inaturalist.org/observations/201127446,6352762718,Plantago lanceolata,Plantago lanceolata L.,Plantaginaceae,Plantago,SPECIES,HUMAN_OBSERVATION,2022-05-22T09:36,2022,-71.628124,18.239646,307,50c9509d-22c7-4a22-a47d-8c48425ef4a7,iNaturalist,Observations,10,02,DUVERGÉ,061002,876725a52ffffff
https://www.inaturalist.org/observations/201127636,4597287815,Phytolacca icosandra,Phytolacca icosandra L.,Phytolaccaceae,Phytolacca,SPECIES,HUMAN_OBSERVATION,2022-05-22T09:41,2022,-71.679153,18.311896,513,50c9509d-22c7-4a22-a47d-8c48425ef4a7,iNaturalist,Observations,10,02,DUVERGÉ,061002,876725a03ffffff
https://www.inaturalist.org/observations/202156845,4597339092,Salvia brachyloba,Salvia brachyloba Urb.,Lamiaceae,Salvia,SPECIES,HUMAN_OBSERVATION,2024-03-10T10:26:06,2024,-71.698803,18.320872,7,50c9509d-22c7-4a22-a47d-8c48425ef4a7,iNaturalist,Observations,10,02,DUVERGÉ,061002,876725a02ffffff
https://www.inaturalist.org/observations/202156937,4596962104,Salvia brachyloba,Salvia brachyloba Urb.,Lamiaceae,Salvia,SPECIES,HUMAN_OBSERVATION,2024-03-10T11:47:33,2024,-71.702383,18.319338,4,50c9509d-22c7-4a22-a47d-8c48425ef4a7,iNaturalist,Observations,10,02,DUVERGÉ,061002,876725a02ffffff
https://www.inaturalist.org/observations/202158330,4596981214,Salvia brachyloba,Salvia brachyloba Urb.,Lamiaceae,Salvia,SPECIES,HUMAN_OBSERVATION,2024-03-10T13:26:47,2024,-71.70312,18.319138,7,50c9509d-22c7-4a22-a47d-8c48425ef4a7,iNaturalist,Observations,10,02,DUVERGÉ,061002,876725a02ffffff
https://www.inaturalist.org/observations/202158494,4597403105,Salvia brachyloba,Salvia brachyloba Urb.,Lamiaceae,Salvia,SPECIES,HUMAN_OBSERVATION,2024-03-10T13:32:16,2024,-71.70314,18.319163,5,50c9509d-22c7-4a22-a47d-8c48425ef4a7,iNaturalist,Observations,10,02,DUVERGÉ,061002,876725a02ffffff
https://www.inaturalist.org/observations/202159325,5133397340,Pteris podophylla,Pteris podophylla Sw.,Pteridaceae,Pteris,SPECIES,HUMAN_OBSERVATION,2024-03-10T16:42:46,2024,-71.702977,18.307598,5,50c9509d-22c7-4a22-a47d-8c48425ef4a7,iNaturalist,Observations,10,02,DUVERGÉ,061002,876725a1cffffff
https://www.inaturalist.org/observations/202159868,4596996146,Lobelia robusta,Lobelia robusta Graham,Campanulaceae,Lobelia,SPECIES,HUMAN_OBSERVATION,2024-03-10T17:03:35,2024,-71.696478,18.305763,4,50c9509d-22c7-4a22-a47d-8c48425ef4a7,iNaturalist,Observations,10,02,DUVERGÉ,061002,876725a1cffffff
https://www.inaturalist.org/observations/202159910,4596972043,Lobelia rotundifolia,Lobelia rotundifolia Juss. ex A.DC.,Campanulaceae,Lobelia,SPECIES,HUMAN_OBSERVATION,2024-03-10T17:06:12,2024,-71.695735,18.30518,6,50c9509d-22c7-4a22-a47d-8c48425ef4a7,iNaturalist,Observations,10,02,DUVERGÉ,061002,876725a1cffffff
https://www.inaturalist.org/observations/202159953,4597354032,Geranium robertianum,Geranium robertianum L.,Geraniaceae,Geranium,SPECIES,HUMAN_OBSERVATION,2024-03-10T17:07:24,2024,-71.695377,18.30502,6,50c9509d-22c7-4a22-a47d-8c48425ef4a7,iNaturalist,Observations,10,02,DUVERGÉ,061002,876725a1cffffff
https://www.inaturalist.org/observations/202160341,4596968068,Geranium robertianum,Geranium robertianum L.,Geraniaceae,Geranium,SPECIES,HUMAN_OBSERVATION,2024-03-10T17:15:54,2024,-71.693308,18.304105,5,50c9509d-22c7-4a22-a47d-8c48425ef4a7,iNaturalist,Observations,10,02,DUVERGÉ,061002,876725a1cffffff
https://www.inaturalist.org/observations/202160597,4596976283,Pastinaca sativa,Pastinaca sativa L.,Apiaceae,Pastinaca,SPECIES,HUMAN_OBSERVATION,2024-03-10T17:53:49,2024,-71.704445,18.308102,8,50c9509d-22c7-4a22-a47d-8c48425ef4a7,iNaturalist,Observations,10,02,DUVERGÉ,061002,876725a1cffffff
https://www.inaturalist.org/observations/202236589,6320931439,Dalea carthagenensis,Dalea carthagenensis (Jacq.) J.F.Macbr.,Fabaceae,Dalea,SPECIES,HUMAN_OBSERVATION,2024-03-11T12:57,2024,-71.655014,18.345972,NA,50c9509d-22c7-4a22-a47d-8c48425ef4a7,iNaturalist,Observations,10,02,DUVERGÉ,061002,876725a23ffffff
https://www.inaturalist.org/observations/202236892,4597467330,Biancaea decapetala,Biancaea decapetala (Roth) O.Deg.,Fabaceae,Biancaea,SPECIES,HUMAN_OBSERVATION,2024-03-11T11:55,2024,-71.673927,18.326405,NA,50c9509d-22c7-4a22-a47d-8c48425ef4a7,iNaturalist,Observations,10,02,DUVERGÉ,061002,876725a00ffffff
https://www.inaturalist.org/observations/202237242,5062659566,Tillandsia kuzmae,Tillandsia kuzmae Ehlers,Bromeliaceae,Tillandsia,SPECIES,HUMAN_OBSERVATION,2024-03-11T11:08,2024,-71.682793,18.32781,NA,50c9509d-22c7-4a22-a47d-8c48425ef4a7,iNaturalist,Observations,10,02,DUVERGÉ,061002,876725a00ffffff
https://www.inaturalist.org/observations/202237243,4597004349,Picramnia pentandra,Picramnia pentandra Sw.,Picramniaceae,Picramnia,SPECIES,HUMAN_OBSERVATION,2024-03-11T11:01,2024,-71.685364,18.328562,NA,50c9509d-22c7-4a22-a47d-8c48425ef4a7,iNaturalist,Observations,10,02,DUVERGÉ,061002,876725a00ffffff
https://www.inaturalist.org/observations/202237244,4597465329,Rhynchosia reticulata,Rhynchosia reticulata (Sw.) DC.,Fabaceae,Rhynchosia,SPECIES,HUMAN_OBSERVATION,2024-03-11T10:50,2024,-71.686859,18.327951,NA,50c9509d-22c7-4a22-a47d-8c48425ef4a7,iNaturalist,Observations,10,02,DUVERGÉ,061002,876725a00ffffff
https://www.inaturalist.org/observations/202237247,4597051328,Chrysophyllum oliviforme,Chrysophyllum oliviforme L.,Sapotaceae,Chrysophyllum,SPECIES,HUMAN_OBSERVATION,2024-03-11T10:41,2024,-71.68895,18.325783,NA,50c9509d-22c7-4a22-a47d-8c48425ef4a7,iNaturalist,Observations,10,02,DUVERGÉ,061002,876725a00ffffff
https://www.inaturalist.org/observations/202237346,4597500350,Vitis tiliifolia,Vitis tiliifolia Humb. & Bonpl. ex Roem. & Schult.,Vitaceae,Vitis,SPECIES,HUMAN_OBSERVATION,2024-03-11T10:56,2024,-71.686859,18.327951,NA,50c9509d-22c7-4a22-a47d-8c48425ef4a7,iNaturalist,Observations,10,02,DUVERGÉ,061002,876725a00ffffff
https://www.inaturalist.org/observations/202237433,4597465331,Miconia hispidula,"Miconia hispidula (Cogn.) Judd, Bécquer & Majure",Melastomataceae,Miconia,SPECIES,HUMAN_OBSERVATION,2024-03-11T10:48,2024,-71.689819,18.326557,NA,50c9509d-22c7-4a22-a47d-8c48425ef4a7,iNaturalist,Observations,10,02,DUVERGÉ,061002,876725a00ffffff
https://www.inaturalist.org/observations/202240007,4597036397,Bocconia frutescens,Bocconia frutescens L.,Papaveraceae,Bocconia,SPECIES,HUMAN_OBSERVATION,2024-03-11T08:29,2024,-71.705231,18.315241,NA,50c9509d-22c7-4a22-a47d-8c48425ef4a7,iNaturalist,Observations,10,02,DUVERGÉ,061002,876725a02ffffff
https://www.inaturalist.org/observations/202243750,5108041904,Miconia lima,Miconia lima (Desr.) M.Gómez,Melastomataceae,Miconia,SPECIES,HUMAN_OBSERVATION,2024-03-10T16:11,2024,-71.708267,18.308781,NA,50c9509d-22c7-4a22-a47d-8c48425ef4a7,iNaturalist,Observations,10,02,DUVERGÉ,061002,876725a11ffffff
https://www.inaturalist.org/observations/202244061,4597491352,Daucus carota,Daucus carota L.,Apiaceae,Daucus,SPECIES,HUMAN_OBSERVATION,2024-03-10T15:29,2024,-71.703629,18.315132,NA,50c9509d-22c7-4a22-a47d-8c48425ef4a7,iNaturalist,Observations,10,02,DUVERGÉ,061002,876725a02ffffff
https://www.inaturalist.org/observations/202244253,4597027335,Lobelia rotundifolia,Lobelia rotundifolia Juss. ex A.DC.,Campanulaceae,Lobelia,SPECIES,HUMAN_OBSERVATION,2024-03-10T15:21,2024,-71.705139,18.315268,NA,50c9509d-22c7-4a22-a47d-8c48425ef4a7,iNaturalist,Observations,10,02,DUVERGÉ,061002,876725a02ffffff
https://www.inaturalist.org/observations/202245518,5217142434,Garrya fadyenii,Garrya fadyenii Hook.,Garryaceae,Garrya,SPECIES,HUMAN_OBSERVATION,2024-03-10T08:20,2024,-71.685432,18.328173,NA,50c9509d-22c7-4a22-a47d-8c48425ef4a7,iNaturalist,Observations,10,02,DUVERGÉ,061002,876725a00ffffff
https://www.inaturalist.org/observations/203041635,4597141633,Cynoglossum amabile,Cynoglossum amabile Stapf & J.R.Drumm.,Boraginaceae,Cynoglossum,SPECIES,HUMAN_OBSERVATION,2024-03-18T10:25:05,2024,-71.70432,18.30813,NA,50c9509d-22c7-4a22-a47d-8c48425ef4a7,iNaturalist,Observations,10,02,DUVERGÉ,061002,876725a1cffffff
https://www.inaturalist.org/observations/205547106,4863374174,Aloysia virgata,Aloysia virgata (Ruiz & Pav.) Juss.,Verbenaceae,Aloysia,SPECIES,HUMAN_OBSERVATION,2024-04-05T13:33:31,2024,-71.576605,18.315928,5,50c9509d-22c7-4a22-a47d-8c48425ef4a7,iNaturalist,Observations,10,02,DUVERGÉ,061002,876725b5affffff
https://www.inaturalist.org/observations/207969142,4851727195,Fuchsia L.,Fuchsia L.,Onagraceae,Fuchsia,GENUS,HUMAN_OBSERVATION,2024-03-23T09:08,2024,-71.703933,18.307847,5,50c9509d-22c7-4a22-a47d-8c48425ef4a7,iNaturalist,Observations,10,02,DUVERGÉ,061002,876725a1cffffff
https://www.inaturalist.org/observations/208877196,4921713211,Calliandra haematomma,Calliandra haematomma var. haematomma,Fabaceae,Calliandra,VARIETY,HUMAN_OBSERVATION,2024-04-22T18:34:16,2024,-71.563866,18.327417,NA,50c9509d-22c7-4a22-a47d-8c48425ef4a7,iNaturalist,Observations,10,02,DUVERGÉ,061002,876725b58ffffff
https://www.inaturalist.org/observations/208877313,5104264290,Helicteres semitriloba,Helicteres semitriloba Bertero ex DC.,Malvaceae,Helicteres,SPECIES,HUMAN_OBSERVATION,2024-04-22T18:27:13,2024,-71.561623,18.327801,NA,50c9509d-22c7-4a22-a47d-8c48425ef4a7,iNaturalist,Observations,10,02,DUVERGÉ,061002,876725b58ffffff
https://www.inaturalist.org/observations/208877329,6130560557,Helicteres jamaicensis,Helicteres jamaicensis Jacq.,Malvaceae,Helicteres,SPECIES,HUMAN_OBSERVATION,2024-04-22T18:26:42,2024,-71.561661,18.327827,NA,50c9509d-22c7-4a22-a47d-8c48425ef4a7,iNaturalist,Observations,10,02,DUVERGÉ,061002,876725b58ffffff
https://www.inaturalist.org/observations/208877392,4980334304,Solanum tetramerum,Solanum tetramerum Dunal & A.DC.,Solanaceae,Solanum,SPECIES,HUMAN_OBSERVATION,2024-04-22T18:14:42,2024,-71.556854,18.331722,NA,50c9509d-22c7-4a22-a47d-8c48425ef4a7,iNaturalist,Observations,10,02,DUVERGÉ,061002,876725b5dffffff
https://www.inaturalist.org/observations/208877482,6131322068,Croton coronatus,Croton coronatus Urb.,Euphorbiaceae,Croton,SPECIES,HUMAN_OBSERVATION,2024-04-22T17:57:31,2024,-71.554214,18.339243,NA,50c9509d-22c7-4a22-a47d-8c48425ef4a7,iNaturalist,Observations,10,02,DUVERGÉ,061002,876725b5cffffff
https://www.inaturalist.org/observations/208877542,6236133578,Rondeletia fuertesii,Rondeletia fuertesii Urb.,Rubiaceae,Rondeletia,SPECIES,HUMAN_OBSERVATION,2024-04-22T17:46:02,2024,-71.54895,18.339392,NA,50c9509d-22c7-4a22-a47d-8c48425ef4a7,iNaturalist,Observations,10,02,DUVERGÉ,061002,876725b43ffffff
https://www.inaturalist.org/observations/208877579,4908449035,Mascagnia buchii,Mascagnia buchii Urb. & Nied.,Malpighiaceae,Mascagnia,SPECIES,HUMAN_OBSERVATION,2024-04-22T17:41:13,2024,-71.546516,18.338547,NA,50c9509d-22c7-4a22-a47d-8c48425ef4a7,iNaturalist,Observations,10,02,DUVERGÉ,061002,876725b43ffffff
https://www.inaturalist.org/observations/208877888,4911009341,Thouinia domingensis,Thouinia domingensis Urb. & Radlk.,Sapindaceae,Thouinia,SPECIES,HUMAN_OBSERVATION,2024-04-22T16:39:06,2024,-71.534149,18.351231,NA,50c9509d-22c7-4a22-a47d-8c48425ef4a7,iNaturalist,Observations,10,02,DUVERGÉ,061002,876725b41ffffff
https://www.inaturalist.org/observations/208878113,4852993062,Tillandsia recurvata,Tillandsia recurvata (L.) L.,Bromeliaceae,Tillandsia,SPECIES,HUMAN_OBSERVATION,2024-04-22T16:20:30,2024,-71.533012,18.356112,NA,50c9509d-22c7-4a22-a47d-8c48425ef4a7,iNaturalist,Observations,10,02,DUVERGÉ,061002,876725b41ffffff
https://www.inaturalist.org/observations/208879061,4855272162,Lonchocarpus pycnophyllus,Lonchocarpus pycnophyllus Urb.,Fabaceae,Lonchocarpus,SPECIES,HUMAN_OBSERVATION,2024-04-22T15:06:22,2024,-71.5355,18.364483,NA,50c9509d-22c7-4a22-a47d-8c48425ef4a7,iNaturalist,Observations,10,02,DUVERGÉ,061002,876725b40ffffff
https://www.inaturalist.org/observations/208879195,4852929828,Turnera diffusa,Turnera diffusa Willd. ex Schult.,Passifloraceae,Turnera,SPECIES,HUMAN_OBSERVATION,2024-04-22T14:42:42,2024,-71.535683,18.365473,NA,50c9509d-22c7-4a22-a47d-8c48425ef4a7,iNaturalist,Observations,10,02,DUVERGÉ,061002,876725b40ffffff
https://www.inaturalist.org/observations/208879549,6352777811,Dieffenbachia seguine,Dieffenbachia seguine (Jacq.) Schott,Araceae,Dieffenbachia,SPECIES,HUMAN_OBSERVATION,2024-04-22T14:04:36,2024,-71.535995,18.364077,NA,50c9509d-22c7-4a22-a47d-8c48425ef4a7,iNaturalist,Observations,10,02,DUVERGÉ,061002,876725b40ffffff
https://www.inaturalist.org/observations/208879576,4852076194,Cecropia schreberiana,Cecropia schreberiana Miq.,Urticaceae,Cecropia,SPECIES,HUMAN_OBSERVATION,2024-04-22T14:01:08,2024,-71.536346,18.364489,NA,50c9509d-22c7-4a22-a47d-8c48425ef4a7,iNaturalist,Observations,10,02,DUVERGÉ,061002,876725b40ffffff
https://www.inaturalist.org/observations/208880159,4851982535,Sarcomphalus domingensis,Sarcomphalus domingensis (Spreng.) Krug & Urb.,Rhamnaceae,Sarcomphalus,SPECIES,HUMAN_OBSERVATION,2024-04-22T13:43:31,2024,-71.535484,18.365683,NA,50c9509d-22c7-4a22-a47d-8c48425ef4a7,iNaturalist,Observations,10,02,DUVERGÉ,061002,876725b40ffffff
https://www.inaturalist.org/observations/208880544,4852903855,Calophyllum antillanum,Calophyllum brasiliense var. antillanum (Britton) Standl.,Calophyllaceae,Calophyllum,VARIETY,HUMAN_OBSERVATION,2024-04-22T13:32:34,2024,-71.535416,18.366091,NA,50c9509d-22c7-4a22-a47d-8c48425ef4a7,iNaturalist,Observations,10,02,DUVERGÉ,061002,876725b40ffffff
https://www.inaturalist.org/observations/208882571,6188275612,Ruellia domingensis,Ruellia domingensis Spreng. ex Nees,Acanthaceae,Ruellia,SPECIES,HUMAN_OBSERVATION,2024-04-22T13:12:57,2024,-71.533432,18.365633,NA,50c9509d-22c7-4a22-a47d-8c48425ef4a7,iNaturalist,Observations,10,02,DUVERGÉ,061002,876725b45ffffff
https://www.inaturalist.org/observations/208882764,4852922007,Comocladia dodonaea,Comocladia dodonaea (L.) Britton,Anacardiaceae,Comocladia,SPECIES,HUMAN_OBSERVATION,2024-04-22T13:06:47,2024,-71.533455,18.365999,NA,50c9509d-22c7-4a22-a47d-8c48425ef4a7,iNaturalist,Observations,10,02,DUVERGÉ,061002,876725b45ffffff
https://www.inaturalist.org/observations/208918289,4852939392,Croton ciliatoglandulifer,Croton ciliatoglandulifer Ortega,Euphorbiaceae,Croton,SPECIES,HUMAN_OBSERVATION,2024-04-23T09:50,2024,-71.578707,18.31599,5,50c9509d-22c7-4a22-a47d-8c48425ef4a7,iNaturalist,Observations,10,02,DUVERGÉ,061002,876725b5affffff
https://www.inaturalist.org/observations/208918511,4855023108,Priva domingensis,Priva domingensis Urb.,Verbenaceae,Priva,SPECIES,HUMAN_OBSERVATION,2024-04-23T10:00:09,2024,-71.580047,18.316028,4,50c9509d-22c7-4a22-a47d-8c48425ef4a7,iNaturalist,Observations,10,02,DUVERGÉ,061002,876725b5affffff
https://www.inaturalist.org/observations/208918555,6188450646,Ruellia domingensis,Ruellia domingensis Spreng. ex Nees,Acanthaceae,Ruellia,SPECIES,HUMAN_OBSERVATION,2024-04-23T10:01:51,2024,-71.579988,18.31616,6,50c9509d-22c7-4a22-a47d-8c48425ef4a7,iNaturalist,Observations,10,02,DUVERGÉ,061002,876725b5affffff
https://www.inaturalist.org/observations/208919046,5087073787,Pithecellobium circinale,Pithecellobium circinale (L.) Benth.,Fabaceae,Pithecellobium,SPECIES,HUMAN_OBSERVATION,2024-04-23T10:40:37,2024,-71.580963,18.314865,NA,50c9509d-22c7-4a22-a47d-8c48425ef4a7,iNaturalist,Observations,10,02,DUVERGÉ,061002,876725b5affffff
https://www.inaturalist.org/observations/208919181,4852903942,Garcinia verticillata,Garcinia verticillata (Urb.) Alain,Clusiaceae,Garcinia,SPECIES,HUMAN_OBSERVATION,2024-04-23T10:51:40,2024,-71.581623,18.313188,8,50c9509d-22c7-4a22-a47d-8c48425ef4a7,iNaturalist,Observations,10,02,DUVERGÉ,061002,876725b5affffff
https://www.inaturalist.org/observations/208919370,4921930610,Trichilia pallida,Trichilia pallida Sw.,Meliaceae,Trichilia,SPECIES,HUMAN_OBSERVATION,2024-04-23T11:01:31,2024,-71.581475,18.311145,5,50c9509d-22c7-4a22-a47d-8c48425ef4a7,iNaturalist,Observations,10,02,DUVERGÉ,061002,876725b5affffff
https://www.inaturalist.org/observations/208920912,4853057970,Rauvolfia nitida,Rauvolfia nitida Jacq.,Apocynaceae,Rauvolfia,SPECIES,HUMAN_OBSERVATION,2024-04-23T11:07:57,2024,-71.581662,18.310898,4,50c9509d-22c7-4a22-a47d-8c48425ef4a7,iNaturalist,Observations,10,02,DUVERGÉ,061002,876725b5affffff
https://www.inaturalist.org/observations/208920940,4852046638,Coccoloba diversifolia,Coccoloba diversifolia Jacq.,Polygonaceae,Coccoloba,SPECIES,HUMAN_OBSERVATION,2024-04-23T11:09:04,2024,-71.581655,18.3109,4,50c9509d-22c7-4a22-a47d-8c48425ef4a7,iNaturalist,Observations,10,02,DUVERGÉ,061002,876725b5affffff
https://www.inaturalist.org/observations/208920964,4853013057,Asclepias nivea,Asclepias nivea L.,Apocynaceae,Asclepias,SPECIES,HUMAN_OBSERVATION,2024-04-23T11:10:15,2024,-71.581675,18.310905,6,50c9509d-22c7-4a22-a47d-8c48425ef4a7,iNaturalist,Observations,10,02,DUVERGÉ,061002,876725b5affffff
https://www.inaturalist.org/observations/208921004,4852864084,Stigmaphyllon angulosum,Stigmaphyllon angulosum (L.) A.Juss.,Malpighiaceae,Stigmaphyllon,SPECIES,HUMAN_OBSERVATION,2024-04-23T11:10:36,2024,-71.58167,18.310972,5,50c9509d-22c7-4a22-a47d-8c48425ef4a7,iNaturalist,Observations,10,02,DUVERGÉ,061002,876725b5affffff
https://www.inaturalist.org/observations/208921038,4853044566,Vitis tiliifolia,Vitis tiliifolia Humb. & Bonpl. ex Roem. & Schult.,Vitaceae,Vitis,SPECIES,HUMAN_OBSERVATION,2024-04-23T11:10:59,2024,-71.581718,18.310983,5,50c9509d-22c7-4a22-a47d-8c48425ef4a7,iNaturalist,Observations,10,02,DUVERGÉ,061002,876725b5affffff
https://www.inaturalist.org/observations/208921197,4852903948,Barleriola solanifolia,Barleriola solanifolia (L.) Oerst. ex Lindau,Acanthaceae,Barleriola,SPECIES,HUMAN_OBSERVATION,2024-04-23T11:18:55,2024,-71.583988,18.311365,5,50c9509d-22c7-4a22-a47d-8c48425ef4a7,iNaturalist,Observations,10,02,DUVERGÉ,061002,876725b5affffff
https://www.inaturalist.org/observations/208921273,4852979402,Eugenia ligustrina,Eugenia ligustrina (Sw.) Willd.,Myrtaceae,Eugenia,SPECIES,HUMAN_OBSERVATION,2024-04-23T11:21:55,2024,-71.584435,18.311487,4,50c9509d-22c7-4a22-a47d-8c48425ef4a7,iNaturalist,Observations,10,02,DUVERGÉ,061002,876725b5affffff
https://www.inaturalist.org/observations/208921408,4923988746,Coccoloba subcordata,Coccoloba subcordata Lindau,Polygonaceae,Coccoloba,SPECIES,HUMAN_OBSERVATION,2024-04-23T11:28:03,2024,-71.586108,18.312752,3,50c9509d-22c7-4a22-a47d-8c48425ef4a7,iNaturalist,Observations,10,02,DUVERGÉ,061002,876725b5affffff
https://www.inaturalist.org/observations/208921741,4994425694,Leptocereus velozianus,"Leptocereus velozianus Clase, Y.Encarn., Peguero & Majure",Cactaceae,Leptocereus,SPECIES,HUMAN_OBSERVATION,2024-04-23T11:37:42,2024,-71.587505,18.312367,4,50c9509d-22c7-4a22-a47d-8c48425ef4a7,iNaturalist,Observations,10,02,DUVERGÉ,061002,876725b5affffff
https://www.inaturalist.org/observations/208922216,4852189037,Garcinia verticillata,Garcinia verticillata (Urb.) Alain,Clusiaceae,Garcinia,SPECIES,HUMAN_OBSERVATION,2024-04-23T12:05:46,2024,-71.58146,18.313202,6,50c9509d-22c7-4a22-a47d-8c48425ef4a7,iNaturalist,Observations,10,02,DUVERGÉ,061002,876725b5affffff
https://www.inaturalist.org/observations/208922236,4853101394,Garcinia verticillata,Garcinia verticillata (Urb.) Alain,Clusiaceae,Garcinia,SPECIES,HUMAN_OBSERVATION,2024-04-23T12:04:32,2024,-71.581375,18.313185,NA,50c9509d-22c7-4a22-a47d-8c48425ef4a7,iNaturalist,Observations,10,02,DUVERGÉ,061002,876725b5affffff
https://www.inaturalist.org/observations/209072413,4852030028,Jatropha gossypiifolia,Jatropha gossypiifolia L.,Euphorbiaceae,Jatropha,SPECIES,HUMAN_OBSERVATION,2024-04-24T09:13:37,2024,-71.571157,18.316962,5,50c9509d-22c7-4a22-a47d-8c48425ef4a7,iNaturalist,Observations,10,02,DUVERGÉ,061002,876725b58ffffff
https://www.inaturalist.org/observations/209161462,4853020665,Garcinia verticillata,Garcinia verticillata (Urb.) Alain,Clusiaceae,Garcinia,SPECIES,HUMAN_OBSERVATION,2024-04-24T17:07:37,2024,-71.567759,18.319243,2500,50c9509d-22c7-4a22-a47d-8c48425ef4a7,iNaturalist,Observations,10,02,DUVERGÉ,061002,876725b58ffffff
https://www.inaturalist.org/observations/209161649,4853116363,Sarcomphalus domingensis,Sarcomphalus domingensis (Spreng.) Krug & Urb.,Rhamnaceae,Sarcomphalus,SPECIES,HUMAN_OBSERVATION,2024-04-24T17:33:09,2024,-71.584892,18.311502,5,50c9509d-22c7-4a22-a47d-8c48425ef4a7,iNaturalist,Observations,10,02,DUVERGÉ,061002,876725b5affffff
https://www.inaturalist.org/observations/209161689,4852913514,Barleriola solanifolia,Barleriola solanifolia (L.) Oerst. ex Lindau,Acanthaceae,Barleriola,SPECIES,HUMAN_OBSERVATION,2024-04-24T17:39:41,2024,-71.58735,18.311218,5,50c9509d-22c7-4a22-a47d-8c48425ef4a7,iNaturalist,Observations,10,02,DUVERGÉ,061002,876725b5affffff
https://www.inaturalist.org/observations/209161877,4852427115,Dolichandra unguis-cati,Dolichandra unguis-cati (L.) L.G.Lohmann,Bignoniaceae,Dolichandra,SPECIES,HUMAN_OBSERVATION,2024-04-24T18:10:33,2024,-71.588502,18.311033,4,50c9509d-22c7-4a22-a47d-8c48425ef4a7,iNaturalist,Observations,10,02,DUVERGÉ,061002,876725b5affffff
https://www.inaturalist.org/observations/209161917,5062725820,Tillandsia kuzmae,Tillandsia kuzmae Ehlers,Bromeliaceae,Tillandsia,SPECIES,HUMAN_OBSERVATION,2024-04-24T18:12:12,2024,-71.588478,18.31104,3,50c9509d-22c7-4a22-a47d-8c48425ef4a7,iNaturalist,Observations,10,02,DUVERGÉ,061002,876725b5affffff
https://www.inaturalist.org/observations/209161980,5139924022,Poitea galegoides,Poitea galegoides Vent.,Fabaceae,Poitea,SPECIES,HUMAN_OBSERVATION,2024-04-24T18:15:07,2024,-71.588313,18.311543,3,50c9509d-22c7-4a22-a47d-8c48425ef4a7,iNaturalist,Observations,10,02,DUVERGÉ,061002,876725b5affffff
https://www.inaturalist.org/observations/209162087,4853055410,Ayenia insulicola,Ayenia insulicola Cristóbal,Malvaceae,Ayenia,SPECIES,HUMAN_OBSERVATION,2024-04-24T18:20:49,2024,-71.588227,18.311988,5,50c9509d-22c7-4a22-a47d-8c48425ef4a7,iNaturalist,Observations,10,02,DUVERGÉ,061002,876725b5affffff
https://www.inaturalist.org/observations/209162138,4852913516,Opuntia taylorii,Opuntia repens subsp. taylorii (Britton & Rose) Guiggi,Cactaceae,Opuntia,SUBSPECIES,HUMAN_OBSERVATION,2024-04-24T18:32:38,2024,-71.584765,18.311535,6,50c9509d-22c7-4a22-a47d-8c48425ef4a7,iNaturalist,Observations,10,02,DUVERGÉ,061002,876725b5affffff
https://www.inaturalist.org/observations/209162199,4851990600,Pisonia aculeata,Pisonia aculeata L.,Nyctaginaceae,Pisonia,SPECIES,HUMAN_OBSERVATION,2024-04-24T18:34:34,2024,-71.584247,18.31127,5,50c9509d-22c7-4a22-a47d-8c48425ef4a7,iNaturalist,Observations,10,02,DUVERGÉ,061002,876725b5affffff
https://www.inaturalist.org/observations/212442222,4855327991,Cestrum humile,Cestrum humile Urb. & Ekman,Solanaceae,Cestrum,SPECIES,HUMAN_OBSERVATION,2024-04-27T08:06:53,2024,-71.563675,18.206278,NA,50c9509d-22c7-4a22-a47d-8c48425ef4a7,iNaturalist,Observations,10,02,DUVERGÉ,061002,876725a5dffffff
https://www.inaturalist.org/observations/212442704,4854819560,Weinmannia pinnata,Weinmannia pinnata L.,Cunoniaceae,Weinmannia,SPECIES,HUMAN_OBSERVATION,2024-04-27T09:07:32,2024,-71.571693,18.216127,NA,50c9509d-22c7-4a22-a47d-8c48425ef4a7,iNaturalist,Observations,10,02,DUVERGÉ,061002,876725a5cffffff
https://www.inaturalist.org/observations/212442825,4908952189,Medicago lupulina,Medicago lupulina L.,Fabaceae,Medicago,SPECIES,HUMAN_OBSERVATION,2024-04-27T09:13:56,2024,-71.574738,18.215899,NA,50c9509d-22c7-4a22-a47d-8c48425ef4a7,iNaturalist,Observations,10,02,DUVERGÉ,061002,876725a5cffffff
https://www.inaturalist.org/observations/212442936,4855237295,Salvia selleana,Salvia selleana Urb.,Lamiaceae,Salvia,SPECIES,HUMAN_OBSERVATION,2024-04-27T09:18:13,2024,-71.57357,18.214733,NA,50c9509d-22c7-4a22-a47d-8c48425ef4a7,iNaturalist,Observations,10,02,DUVERGÉ,061002,876725a5cffffff
https://www.inaturalist.org/observations/212443108,4854906697,Fragaria vesca,Fragaria vesca L.,Rosaceae,Fragaria,SPECIES,HUMAN_OBSERVATION,2024-04-27T09:26:04,2024,-71.572998,18.212103,NA,50c9509d-22c7-4a22-a47d-8c48425ef4a7,iNaturalist,Observations,10,02,DUVERGÉ,061002,876725a5cffffff
https://www.inaturalist.org/observations/212443183,4855498175,Salvia selleana,Salvia selleana Urb.,Lamiaceae,Salvia,SPECIES,HUMAN_OBSERVATION,2024-04-27T09:26:17,2024,-71.572899,18.212326,NA,50c9509d-22c7-4a22-a47d-8c48425ef4a7,iNaturalist,Observations,10,02,DUVERGÉ,061002,876725a5cffffff
https://www.inaturalist.org/observations/212443986,6400080734,Erigeron karvinskianus,Erigeron karvinskianus DC.,Asteraceae,Erigeron,SPECIES,HUMAN_OBSERVATION,2024-04-27T09:30:24,2024,-71.573624,18.211622,NA,50c9509d-22c7-4a22-a47d-8c48425ef4a7,iNaturalist,Observations,10,02,DUVERGÉ,061002,876725a5cffffff
https://www.inaturalist.org/observations/212444061,4854780514,Salvia selleana,Salvia selleana Urb.,Lamiaceae,Salvia,SPECIES,HUMAN_OBSERVATION,2024-04-27T09:31:48,2024,-71.572594,18.211498,NA,50c9509d-22c7-4a22-a47d-8c48425ef4a7,iNaturalist,Observations,10,02,DUVERGÉ,061002,876725a5cffffff
https://www.inaturalist.org/observations/212516973,6184948415,Coccoloba subcordata,Coccoloba subcordata Lindau,Polygonaceae,Coccoloba,SPECIES,HUMAN_OBSERVATION,2024-04-25T09:13:44,2024,-71.571197,18.316631,NA,50c9509d-22c7-4a22-a47d-8c48425ef4a7,iNaturalist,Observations,10,02,DUVERGÉ,061002,876725b58ffffff
https://www.inaturalist.org/observations/212517072,4921948844,Calliandra haematomma,Calliandra haematomma var. haematomma,Fabaceae,Calliandra,VARIETY,HUMAN_OBSERVATION,2024-04-25T09:14:48,2024,-71.571159,18.316586,NA,50c9509d-22c7-4a22-a47d-8c48425ef4a7,iNaturalist,Observations,10,02,DUVERGÉ,061002,876725b58ffffff
https://www.inaturalist.org/observations/212517103,4855446404,Cylindropuntia caribaea,Cylindropuntia caribaea (Britton & Rose) F.M.Knuth,Cactaceae,Cylindropuntia,SPECIES,HUMAN_OBSERVATION,2024-04-25T09:15:21,2024,-71.571159,18.316547,NA,50c9509d-22c7-4a22-a47d-8c48425ef4a7,iNaturalist,Observations,10,02,DUVERGÉ,061002,876725b58ffffff
https://www.inaturalist.org/observations/212517124,4855355723,Datura innoxia,Datura innoxia Mill.,Solanaceae,Datura,SPECIES,HUMAN_OBSERVATION,2024-04-25T09:17:19,2024,-71.571312,18.315798,NA,50c9509d-22c7-4a22-a47d-8c48425ef4a7,iNaturalist,Observations,10,02,DUVERGÉ,061002,876725b58ffffff
https://www.inaturalist.org/observations/212517183,4855319132,Malpighia setosa,Malpighia setosa Spreng.,Malpighiaceae,Malpighia,SPECIES,HUMAN_OBSERVATION,2024-04-25T09:18:22,2024,-71.571289,18.315708,NA,50c9509d-22c7-4a22-a47d-8c48425ef4a7,iNaturalist,Observations,10,02,DUVERGÉ,061002,876725b58ffffff
https://www.inaturalist.org/observations/212517277,4855337935,Amphilophium lactiflorum,Amphilophium lactiflorum (Vahl) L.G.Lohmann,Bignoniaceae,Amphilophium,SPECIES,HUMAN_OBSERVATION,2024-04-25T09:20:46,2024,-71.571228,18.31563,NA,50c9509d-22c7-4a22-a47d-8c48425ef4a7,iNaturalist,Observations,10,02,DUVERGÉ,061002,876725b58ffffff
https://www.inaturalist.org/observations/212517331,6185245184,Coccoloba subcordata,Coccoloba subcordata Lindau,Polygonaceae,Coccoloba,SPECIES,HUMAN_OBSERVATION,2024-04-25T09:25:04,2024,-71.570885,18.314053,NA,50c9509d-22c7-4a22-a47d-8c48425ef4a7,iNaturalist,Observations,10,02,DUVERGÉ,061002,876725b5bffffff
https://www.inaturalist.org/observations/212764323,4855397663,Amphilophium lactiflorum,Amphilophium lactiflorum (Vahl) L.G.Lohmann,Bignoniaceae,Amphilophium,SPECIES,HUMAN_OBSERVATION,2024-04-25T09:28:19,2024,-71.570847,18.313328,NA,50c9509d-22c7-4a22-a47d-8c48425ef4a7,iNaturalist,Observations,10,02,DUVERGÉ,061002,876725b5bffffff
https://www.inaturalist.org/observations/212764735,4854960484,Priva domingensis,Priva domingensis Urb.,Verbenaceae,Priva,SPECIES,HUMAN_OBSERVATION,2024-04-25T09:31:04,2024,-71.570824,18.31321,NA,50c9509d-22c7-4a22-a47d-8c48425ef4a7,iNaturalist,Observations,10,02,DUVERGÉ,061002,876725b5bffffff
https://www.inaturalist.org/observations/212764898,4855110781,Zanthoxylum fagara,Zanthoxylum fagara (L.) Sarg.,Rutaceae,Zanthoxylum,SPECIES,HUMAN_OBSERVATION,2024-04-25T09:34:19,2024,-71.570953,18.312407,NA,50c9509d-22c7-4a22-a47d-8c48425ef4a7,iNaturalist,Observations,10,02,DUVERGÉ,061002,876725b5bffffff
https://www.inaturalist.org/observations/212766020,6185339461,Coccoloba subcordata,Coccoloba subcordata Lindau,Polygonaceae,Coccoloba,SPECIES,HUMAN_OBSERVATION,2024-04-25T09:41:14,2024,-71.571075,18.310423,NA,50c9509d-22c7-4a22-a47d-8c48425ef4a7,iNaturalist,Observations,10,02,DUVERGÉ,061002,876725b5bffffff
https://www.inaturalist.org/observations/212766222,4854969384,Tillandsia balbisiana,Tillandsia balbisiana Schult. & Schult.f.,Bromeliaceae,Tillandsia,SPECIES,HUMAN_OBSERVATION,2024-04-25T09:43:40,2024,-71.571075,18.310408,NA,50c9509d-22c7-4a22-a47d-8c48425ef4a7,iNaturalist,Observations,10,02,DUVERGÉ,061002,876725b5bffffff
https://www.inaturalist.org/observations/213166961,4855078031,Begonia pycnantha,Begonia pycnantha Urb. & Ekman,Begoniaceae,Begonia,SPECIES,HUMAN_OBSERVATION,2024-04-12T09:51,2024,-71.700642,18.308476,NA,50c9509d-22c7-4a22-a47d-8c48425ef4a7,iNaturalist,Observations,10,02,DUVERGÉ,061002,876725a02ffffff
https://www.inaturalist.org/observations/213211859,6178325819,Caesalpinia brasiliensis,Caesalpinia brasiliensis L.,Fabaceae,Caesalpinia,SPECIES,HUMAN_OBSERVATION,2024-04-25T09:59:26,2024,-71.574585,18.306089,NA,50c9509d-22c7-4a22-a47d-8c48425ef4a7,iNaturalist,Observations,10,02,DUVERGÉ,061002,876725b5bffffff
https://www.inaturalist.org/observations/213219048,4854971815,Helicteres jamaicensis,Helicteres jamaicensis Jacq.,Malvaceae,Helicteres,SPECIES,HUMAN_OBSERVATION,2024-04-25T10:17:50,2024,-71.572182,18.305519,NA,50c9509d-22c7-4a22-a47d-8c48425ef4a7,iNaturalist,Observations,10,02,DUVERGÉ,061002,876725b5bffffff
https://www.inaturalist.org/observations/213219920,4855461802,Euphorbia cyathophora,Euphorbia cyathophora Murray,Euphorbiaceae,Euphorbia,SPECIES,HUMAN_OBSERVATION,2024-04-25T10:19:33,2024,-71.572182,18.305351,NA,50c9509d-22c7-4a22-a47d-8c48425ef4a7,iNaturalist,Observations,10,02,DUVERGÉ,061002,876725b5bffffff
https://www.inaturalist.org/observations/213220088,6399582537,Stylosanthes hamata,Stylosanthes hamata (L.) Taub.,Fabaceae,Stylosanthes,SPECIES,HUMAN_OBSERVATION,2024-04-25T10:19:40,2024,-71.572197,18.305334,NA,50c9509d-22c7-4a22-a47d-8c48425ef4a7,iNaturalist,Observations,10,02,DUVERGÉ,061002,876725b5bffffff
https://www.inaturalist.org/observations/213453720,6131276074,Pavonia coccinea,Pavonia coccinea Cav.,Malvaceae,Pavonia,SPECIES,HUMAN_OBSERVATION,2024-04-25T10:26:35,2024,-71.571533,18.305973,NA,50c9509d-22c7-4a22-a47d-8c48425ef4a7,iNaturalist,Observations,10,02,DUVERGÉ,061002,876725b5bffffff
https://www.inaturalist.org/observations/213456741,4855192690,Casearia dodecandra,Casearia dodecandra (Jacq.) T.Samar. & M.H.Alford,Salicaceae,Casearia,SPECIES,HUMAN_OBSERVATION,2024-04-25T10:59:08,2024,-71.571289,18.306147,NA,50c9509d-22c7-4a22-a47d-8c48425ef4a7,iNaturalist,Observations,10,02,DUVERGÉ,061002,876725b5bffffff
https://www.inaturalist.org/observations/213457063,5006842700,Solanum tetramerum,Solanum tetramerum Dunal & A.DC.,Solanaceae,Solanum,SPECIES,HUMAN_OBSERVATION,2024-04-25T11:02:03,2024,-71.571312,18.30629,NA,50c9509d-22c7-4a22-a47d-8c48425ef4a7,iNaturalist,Observations,10,02,DUVERGÉ,061002,876725b5bffffff
https://www.inaturalist.org/observations/213457141,6130458995,Pavonia coccinea,Pavonia coccinea Cav.,Malvaceae,Pavonia,SPECIES,HUMAN_OBSERVATION,2024-04-25T11:04:15,2024,-71.570785,18.306664,NA,50c9509d-22c7-4a22-a47d-8c48425ef4a7,iNaturalist,Observations,10,02,DUVERGÉ,061002,876725b5bffffff
https://www.inaturalist.org/observations/213688663,6184844138,Coccoloba subcordata,Coccoloba subcordata Lindau,Polygonaceae,Coccoloba,SPECIES,HUMAN_OBSERVATION,2024-04-25T11:23:29,2024,-71.571083,18.303995,NA,50c9509d-22c7-4a22-a47d-8c48425ef4a7,iNaturalist,Observations,10,02,DUVERGÉ,061002,876725b5bffffff
https://www.inaturalist.org/observations/213688872,4901384011,Acidocroton montanus,Acidocroton montanus Urb. & Ekman,Euphorbiaceae,Acidocroton,SPECIES,HUMAN_OBSERVATION,2024-04-25T11:35:51,2024,-71.572021,18.302631,NA,50c9509d-22c7-4a22-a47d-8c48425ef4a7,iNaturalist,Observations,10,02,DUVERGÉ,061002,876725b5bffffff
https://www.inaturalist.org/observations/213689847,4855204556,Passiflora pallida,Passiflora pallida L.,Passifloraceae,Passiflora,SPECIES,HUMAN_OBSERVATION,2024-04-25T12:07:45,2024,-71.569756,18.298742,NA,50c9509d-22c7-4a22-a47d-8c48425ef4a7,iNaturalist,Observations,10,02,DUVERGÉ,061002,876725b5bffffff
https://www.inaturalist.org/observations/213690557,4854885907,Pilosocereus polygonus,Pilosocereus polygonus (Lam.) Byles & G.D.Rowley,Cactaceae,Pilosocereus,SPECIES,HUMAN_OBSERVATION,2024-04-25T12:20:07,2024,-71.569092,18.297571,NA,50c9509d-22c7-4a22-a47d-8c48425ef4a7,iNaturalist,Observations,10,02,DUVERGÉ,061002,876725b5bffffff
https://www.inaturalist.org/observations/213690936,6179408661,Serjania acupunctata,Serjania acupunctata Radlk.,Sapindaceae,Serjania,SPECIES,HUMAN_OBSERVATION,2024-04-25T12:27:04,2024,-71.569321,18.296997,NA,50c9509d-22c7-4a22-a47d-8c48425ef4a7,iNaturalist,Observations,10,02,DUVERGÉ,061002,876725b5bffffff
https://www.inaturalist.org/observations/213692157,6273690406,Salvia martineziana,Salvia martineziana Fragoso & Martínez-Ambr.,Lamiaceae,Salvia,SPECIES,HUMAN_OBSERVATION,2024-04-25T12:58:25,2024,-71.572525,18.293224,NA,50c9509d-22c7-4a22-a47d-8c48425ef4a7,iNaturalist,Observations,10,02,DUVERGÉ,061002,876725a75ffffff
https://www.inaturalist.org/observations/213692545,4875160720,Badiera penaea,Badiera penaea (L.) DC.,Polygalaceae,Badiera,SPECIES,HUMAN_OBSERVATION,2024-04-25T13:13:50,2024,-71.571312,18.292418,NA,50c9509d-22c7-4a22-a47d-8c48425ef4a7,iNaturalist,Observations,10,02,DUVERGÉ,061002,876725a75ffffff
https://www.inaturalist.org/observations/213692730,6130824889,Croton coronatus,Croton coronatus Urb.,Euphorbiaceae,Croton,SPECIES,HUMAN_OBSERVATION,2024-04-25T13:19:01,2024,-71.57222,18.293041,NA,50c9509d-22c7-4a22-a47d-8c48425ef4a7,iNaturalist,Observations,10,02,DUVERGÉ,061002,876725a75ffffff
https://www.inaturalist.org/observations/213692910,4936215850,Zizkaea tuerckheimii,Zizkaea tuerckheimii (Mez) W.Till & Barfuss,Bromeliaceae,Zizkaea,SPECIES,HUMAN_OBSERVATION,2024-04-25T14:11:54,2024,-71.571091,18.290096,NA,50c9509d-22c7-4a22-a47d-8c48425ef4a7,iNaturalist,Observations,10,02,DUVERGÉ,061002,876725a75ffffff
https://www.inaturalist.org/observations/213692959,5007958180,Coccoloba incrassata,Coccoloba incrassata Urb.,Polygonaceae,Coccoloba,SPECIES,HUMAN_OBSERVATION,2024-04-25T14:06:33,2024,-71.569923,18.289825,NA,50c9509d-22c7-4a22-a47d-8c48425ef4a7,iNaturalist,Observations,10,02,DUVERGÉ,061002,876725a75ffffff
https://www.inaturalist.org/observations/213693213,6273159761,Salvia martineziana,Salvia martineziana Fragoso & Martínez-Ambr.,Lamiaceae,Salvia,SPECIES,HUMAN_OBSERVATION,2024-04-25T14:19:16,2024,-71.572128,18.289934,NA,50c9509d-22c7-4a22-a47d-8c48425ef4a7,iNaturalist,Observations,10,02,DUVERGÉ,061002,876725a75ffffff
https://www.inaturalist.org/observations/213693753,4936130262,Senega crucianelloides,Senega crucianelloides (DC.) J.F.B.Pastore & J.R.Abbott,Polygalaceae,Senega,SPECIES,HUMAN_OBSERVATION,2024-04-25T14:40:01,2024,-71.568596,18.286524,NA,50c9509d-22c7-4a22-a47d-8c48425ef4a7,iNaturalist,Observations,10,02,DUVERGÉ,061002,876725a75ffffff
https://www.inaturalist.org/observations/213693947,6413045628,Guettarda prenleloupii,Guettarda prenleloupii Urb.,Rubiaceae,Guettarda,SPECIES,HUMAN_OBSERVATION,2024-04-25T14:44:09,2024,-71.568329,18.285994,NA,50c9509d-22c7-4a22-a47d-8c48425ef4a7,iNaturalist,Observations,10,02,DUVERGÉ,061002,876725a75ffffff
https://www.inaturalist.org/observations/213694041,6400717562,Waltheria indica,Waltheria indica L.,Malvaceae,Waltheria,SPECIES,HUMAN_OBSERVATION,2024-04-25T14:44:33,2024,-71.568352,18.285976,NA,50c9509d-22c7-4a22-a47d-8c48425ef4a7,iNaturalist,Observations,10,02,DUVERGÉ,061002,876725a75ffffff
https://www.inaturalist.org/observations/213695341,4936570092,Senega crucianelloides,Senega crucianelloides (DC.) J.F.B.Pastore & J.R.Abbott,Polygalaceae,Senega,SPECIES,HUMAN_OBSERVATION,2024-04-25T14:55:58,2024,-71.567299,18.284485,NA,50c9509d-22c7-4a22-a47d-8c48425ef4a7,iNaturalist,Observations,10,02,DUVERGÉ,061002,876725a75ffffff
https://www.inaturalist.org/observations/213695477,4855256394,Guettarda pungens,Guettarda pungens Urb.,Rubiaceae,Guettarda,SPECIES,HUMAN_OBSERVATION,2024-04-25T15:01:26,2024,-71.566589,18.283863,NA,50c9509d-22c7-4a22-a47d-8c48425ef4a7,iNaturalist,Observations,10,02,DUVERGÉ,061002,876725a75ffffff
https://www.inaturalist.org/observations/213695567,4855107698,Anemia adiantifolia,Anemia adiantifolia (L.) Sw.,Anemiaceae,Anemia,SPECIES,HUMAN_OBSERVATION,2024-04-25T15:02:22,2024,-71.566544,18.283787,NA,50c9509d-22c7-4a22-a47d-8c48425ef4a7,iNaturalist,Observations,10,02,DUVERGÉ,061002,876725a75ffffff
https://www.inaturalist.org/observations/213695903,5838364702,Miconia angustilamina,Miconia angustilamina (Judd & Skean) Judd & Ionta,Melastomataceae,Miconia,SPECIES,HUMAN_OBSERVATION,2024-04-25T15:10:21,2024,-71.566071,18.283333,NA,50c9509d-22c7-4a22-a47d-8c48425ef4a7,iNaturalist,Observations,10,02,DUVERGÉ,061002,876725a75ffffff
https://www.inaturalist.org/observations/213695959,6171182007,Euploca uninervis,Euploca uninervis (Urb.) M.W.Frohl. & M.W.Chase,Heliotropiaceae,Euploca,SPECIES,HUMAN_OBSERVATION,2024-04-25T15:12:43,2024,-71.565643,18.28298,NA,50c9509d-22c7-4a22-a47d-8c48425ef4a7,iNaturalist,Observations,10,02,DUVERGÉ,061002,876725a75ffffff
https://www.inaturalist.org/observations/213696176,6159149305,Euploca uninervis,Euploca uninervis (Urb.) M.W.Frohl. & M.W.Chase,Heliotropiaceae,Euploca,SPECIES,HUMAN_OBSERVATION,2024-04-25T15:15:49,2024,-71.565491,18.28293,NA,50c9509d-22c7-4a22-a47d-8c48425ef4a7,iNaturalist,Observations,10,02,DUVERGÉ,061002,876725a75ffffff
https://www.inaturalist.org/observations/213696754,4855150241,Narvalina domingensis,Narvalina domingensis (Cass.) Less.,Asteraceae,Narvalina,SPECIES,HUMAN_OBSERVATION,2024-04-25T15:32:32,2024,-71.565468,18.280153,NA,50c9509d-22c7-4a22-a47d-8c48425ef4a7,iNaturalist,Observations,10,02,DUVERGÉ,061002,876725a75ffffff
https://www.inaturalist.org/observations/213697820,6320431597,Dalea carthagenensis,Dalea carthagenensis (Jacq.) J.F.Macbr.,Fabaceae,Dalea,SPECIES,HUMAN_OBSERVATION,2024-04-25T15:47:02,2024,-71.562111,18.277155,NA,50c9509d-22c7-4a22-a47d-8c48425ef4a7,iNaturalist,Observations,10,02,DUVERGÉ,061002,876725a62ffffff
https://www.inaturalist.org/observations/213698051,4855201701,Pinochia corymbosa,Pinochia corymbosa (Jacq.) M.E.Endress & B.F.Hansen,Apocynaceae,Pinochia,SPECIES,HUMAN_OBSERVATION,2024-04-25T15:50:32,2024,-71.561211,18.276848,NA,50c9509d-22c7-4a22-a47d-8c48425ef4a7,iNaturalist,Observations,10,02,DUVERGÉ,061002,876725a62ffffff
https://www.inaturalist.org/observations/213698915,5837772710,Miconia angustilamina,Miconia angustilamina (Judd & Skean) Judd & Ionta,Melastomataceae,Miconia,SPECIES,HUMAN_OBSERVATION,2024-04-25T16:07:32,2024,-71.556725,18.275372,NA,50c9509d-22c7-4a22-a47d-8c48425ef4a7,iNaturalist,Observations,10,02,DUVERGÉ,061002,876725a62ffffff
https://www.inaturalist.org/observations/213699292,4854817284,Bocconia frutescens,Bocconia frutescens L.,Papaveraceae,Bocconia,SPECIES,HUMAN_OBSERVATION,2024-04-25T16:09:41,2024,-71.555878,18.27516,NA,50c9509d-22c7-4a22-a47d-8c48425ef4a7,iNaturalist,Observations,10,02,DUVERGÉ,061002,876725a62ffffff
https://www.inaturalist.org/observations/213699374,4855537514,Euphorbia cyathophora,Euphorbia cyathophora Murray,Euphorbiaceae,Euphorbia,SPECIES,HUMAN_OBSERVATION,2024-04-25T16:11:21,2024,-71.555344,18.27491,NA,50c9509d-22c7-4a22-a47d-8c48425ef4a7,iNaturalist,Observations,10,02,DUVERGÉ,061002,876725a62ffffff
https://www.inaturalist.org/observations/213699421,4855495948,Cissampelos pareira,Cissampelos pareira L.,Menispermaceae,Cissampelos,SPECIES,HUMAN_OBSERVATION,2024-04-25T16:11:57,2024,-71.555244,18.274761,NA,50c9509d-22c7-4a22-a47d-8c48425ef4a7,iNaturalist,Observations,10,02,DUVERGÉ,061002,876725a62ffffff
https://www.inaturalist.org/observations/213699751,6399392851,Chrysophyllum oliviforme,Chrysophyllum oliviforme L.,Sapotaceae,Chrysophyllum,SPECIES,HUMAN_OBSERVATION,2024-04-25T16:21:09,2024,-71.551811,18.272925999999998,NA,50c9509d-22c7-4a22-a47d-8c48425ef4a7,iNaturalist,Observations,10,02,DUVERGÉ,061002,876725a62ffffff
https://www.inaturalist.org/observations/213701544,4855195125,Giliastrum incisum,Giliastrum incisum (Benth.) J.M.Porter,Polemoniaceae,Giliastrum,SPECIES,HUMAN_OBSERVATION,2024-04-25T16:29:21,2024,-71.549332,18.271624,NA,50c9509d-22c7-4a22-a47d-8c48425ef4a7,iNaturalist,Observations,10,02,DUVERGÉ,061002,876725a62ffffff
https://www.inaturalist.org/observations/213701638,4855200669,Turnera ulmifolia,Turnera ulmifolia L.,Passifloraceae,Turnera,SPECIES,HUMAN_OBSERVATION,2024-04-25T16:41:16,2024,-71.545181,18.268402,NA,50c9509d-22c7-4a22-a47d-8c48425ef4a7,iNaturalist,Observations,10,02,DUVERGÉ,061002,876725a62ffffff
https://www.inaturalist.org/observations/213701670,4855556517,Jatropha curcas,Jatropha curcas L.,Euphorbiaceae,Jatropha,SPECIES,HUMAN_OBSERVATION,2024-04-25T16:48:14,2024,-71.544754,18.267279,NA,50c9509d-22c7-4a22-a47d-8c48425ef4a7,iNaturalist,Observations,10,02,DUVERGÉ,061002,876725a63ffffff
https://www.inaturalist.org/observations/213702191,6352361586,Tillandsia compacta,Tillandsia compacta Griseb.,Bromeliaceae,Tillandsia,SPECIES,HUMAN_OBSERVATION,2024-04-26T17:07:16,2024,-71.567726,18.213068,NA,50c9509d-22c7-4a22-a47d-8c48425ef4a7,iNaturalist,Observations,10,02,DUVERGÉ,061002,876725a5cffffff
https://www.inaturalist.org/observations/213702218,6353348577,Tillandsia compacta,Tillandsia compacta Griseb.,Bromeliaceae,Tillandsia,SPECIES,HUMAN_OBSERVATION,2024-04-26T16:59:15,2024,-71.564781,18.210407,NA,50c9509d-22c7-4a22-a47d-8c48425ef4a7,iNaturalist,Observations,10,02,DUVERGÉ,061002,876725a5dffffff
https://www.inaturalist.org/observations/213702404,4867985399,Botrypus virginianus,Botrypus virginianus (L.) Michx.,Ophioglossaceae,Botrypus,SPECIES,HUMAN_OBSERVATION,2024-04-26T16:51:44,2024,-71.561882,18.208458,NA,50c9509d-22c7-4a22-a47d-8c48425ef4a7,iNaturalist,Observations,10,02,DUVERGÉ,061002,876725a5dffffff
https://www.inaturalist.org/observations/213704522,4855108615,Passiflora ekmanii,Passiflora ekmanii Killip & Urb.,Passifloraceae,Passiflora,SPECIES,HUMAN_OBSERVATION,2024-04-26T16:04:37,2024,-71.554955,18.206259,NA,50c9509d-22c7-4a22-a47d-8c48425ef4a7,iNaturalist,Observations,10,02,DUVERGÉ,061002,876725a5dffffff
https://www.inaturalist.org/observations/213704820,4902013380,Salvia bahorucona,Salvia bahorucona Urb. & Ekman,Lamiaceae,Salvia,SPECIES,HUMAN_OBSERVATION,2024-04-26T16:03:52,2024,-71.554955,18.206259,NA,50c9509d-22c7-4a22-a47d-8c48425ef4a7,iNaturalist,Observations,10,02,DUVERGÉ,061002,876725a5dffffff
https://www.inaturalist.org/observations/213704927,4854987094,Passiflora orbiculata,Passiflora orbiculata Cav.,Passifloraceae,Passiflora,SPECIES,HUMAN_OBSERVATION,2024-04-26T16:01:39,2024,-71.554955,18.206259,NA,50c9509d-22c7-4a22-a47d-8c48425ef4a7,iNaturalist,Observations,10,02,DUVERGÉ,061002,876725a5dffffff
https://www.inaturalist.org/observations/213705045,4901952748,Salvia bahorucona,Salvia bahorucona Urb. & Ekman,Lamiaceae,Salvia,SPECIES,HUMAN_OBSERVATION,2024-04-26T16:01:01,2024,-71.554955,18.206259,NA,50c9509d-22c7-4a22-a47d-8c48425ef4a7,iNaturalist,Observations,10,02,DUVERGÉ,061002,876725a5dffffff
https://www.inaturalist.org/observations/213705152,4855249040,Bocconia frutescens,Bocconia frutescens L.,Papaveraceae,Bocconia,SPECIES,HUMAN_OBSERVATION,2024-04-26T16:00:49,2024,-71.554955,18.206259,NA,50c9509d-22c7-4a22-a47d-8c48425ef4a7,iNaturalist,Observations,10,02,DUVERGÉ,061002,876725a5dffffff
https://www.inaturalist.org/observations/213705178,4855256416,Solanum crotonoides,Solanum crotonoides Lam.,Solanaceae,Solanum,SPECIES,HUMAN_OBSERVATION,2024-04-26T15:59:54,2024,-71.554955,18.206259,NA,50c9509d-22c7-4a22-a47d-8c48425ef4a7,iNaturalist,Observations,10,02,DUVERGÉ,061002,876725a5dffffff
https://www.inaturalist.org/observations/213705694,4855495960,Cestrum humile,Cestrum humile Urb. & Ekman,Solanaceae,Cestrum,SPECIES,HUMAN_OBSERVATION,2024-04-26T15:34:20,2024,-71.543289,18.20681,NA,50c9509d-22c7-4a22-a47d-8c48425ef4a7,iNaturalist,Observations,10,02,DUVERGÉ,061002,876725a4effffff
https://www.inaturalist.org/observations/213712242,4855107733,Salvia selleana,Salvia selleana Urb.,Lamiaceae,Salvia,SPECIES,HUMAN_OBSERVATION,2024-04-26T14:01:40,2024,-71.521812,18.202698,NA,50c9509d-22c7-4a22-a47d-8c48425ef4a7,iNaturalist,Observations,10,02,DUVERGÉ,061002,876725a48ffffff
https://www.inaturalist.org/observations/213712321,4855083922,Plantago lanceolata,Plantago lanceolata L.,Plantaginaceae,Plantago,SPECIES,HUMAN_OBSERVATION,2024-04-26T13:59:04,2024,-71.520447,18.202688,NA,50c9509d-22c7-4a22-a47d-8c48425ef4a7,iNaturalist,Observations,10,02,DUVERGÉ,061002,876725a48ffffff
https://www.inaturalist.org/observations/213712363,4855496942,Verbascum thapsus,Verbascum thapsus L.,Scrophulariaceae,Verbascum,SPECIES,HUMAN_OBSERVATION,2024-04-26T13:54:23,2024,-71.519096,18.204273,NA,50c9509d-22c7-4a22-a47d-8c48425ef4a7,iNaturalist,Observations,10,02,DUVERGÉ,061002,876725a48ffffff
https://www.inaturalist.org/observations/213713159,4855546022,Solanum crotonoides,Solanum crotonoides Lam.,Solanaceae,Solanum,SPECIES,HUMAN_OBSERVATION,2024-04-26T13:26:20,2024,-71.514671,18.206947,NA,50c9509d-22c7-4a22-a47d-8c48425ef4a7,iNaturalist,Observations,10,02,DUVERGÉ,061002,876725a4cffffff
https://www.inaturalist.org/observations/213713323,6253266974,Mikania dissecta,Mikania dissecta Urb. & Ekman,Asteraceae,Mikania,SPECIES,HUMAN_OBSERVATION,2024-04-26T13:22:09,2024,-71.51384,18.20706,NA,50c9509d-22c7-4a22-a47d-8c48425ef4a7,iNaturalist,Observations,10,02,DUVERGÉ,061002,876725a4cffffff
https://www.inaturalist.org/observations/213713455,4855200692,Solanum polyacanthos,Solanum polyacanthos Lam.,Solanaceae,Solanum,SPECIES,HUMAN_OBSERVATION,2024-04-26T13:17:57,2024,-71.513908,18.207903,NA,50c9509d-22c7-4a22-a47d-8c48425ef4a7,iNaturalist,Observations,10,02,DUVERGÉ,061002,876725a4cffffff
https://www.inaturalist.org/observations/213713556,4855157422,Tillandsia hotteana,Tillandsia hotteana Urb.,Bromeliaceae,Tillandsia,SPECIES,HUMAN_OBSERVATION,2024-04-26T13:16:41,2024,-71.51371,18.208338,NA,50c9509d-22c7-4a22-a47d-8c48425ef4a7,iNaturalist,Observations,10,02,DUVERGÉ,061002,876725a4cffffff
https://www.inaturalist.org/observations/213713607,5104269284,Lycopodium clavatum,Lycopodium clavatum L.,Lycopodiaceae,Lycopodium,SPECIES,HUMAN_OBSERVATION,2024-04-26T13:14:30,2024,-71.513023,18.208778,NA,50c9509d-22c7-4a22-a47d-8c48425ef4a7,iNaturalist,Observations,10,02,DUVERGÉ,061002,876725a4cffffff
https://www.inaturalist.org/observations/213713906,5230873475,Scrophularia minutiflora,Scrophularia minutiflora Pennell,Scrophulariaceae,Scrophularia,SPECIES,HUMAN_OBSERVATION,2024-04-26T13:08:25,2024,-71.512856,18.209297,NA,50c9509d-22c7-4a22-a47d-8c48425ef4a7,iNaturalist,Observations,10,02,DUVERGÉ,061002,876725a4cffffff
https://www.inaturalist.org/observations/213716195,4855209374,Passiflora orbiculata,Passiflora orbiculata Cav.,Passifloraceae,Passiflora,SPECIES,HUMAN_OBSERVATION,2024-04-26T13:09:13,2024,-71.512695,18.209526,NA,50c9509d-22c7-4a22-a47d-8c48425ef4a7,iNaturalist,Observations,10,02,DUVERGÉ,061002,876725a4cffffff
https://www.inaturalist.org/observations/213716233,4854953176,Solanum polyacanthos,Solanum polyacanthos Lam.,Solanaceae,Solanum,SPECIES,HUMAN_OBSERVATION,2024-04-26T13:05:30,2024,-71.512482,18.210226,NA,50c9509d-22c7-4a22-a47d-8c48425ef4a7,iNaturalist,Observations,10,02,DUVERGÉ,061002,876725a4cffffff
https://www.inaturalist.org/observations/213716450,4855508804,Passiflora orbiculata,Passiflora orbiculata Cav.,Passifloraceae,Passiflora,SPECIES,HUMAN_OBSERVATION,2024-04-26T12:52:34,2024,-71.511353,18.212748,NA,50c9509d-22c7-4a22-a47d-8c48425ef4a7,iNaturalist,Observations,10,02,DUVERGÉ,061002,876725a4cffffff
https://www.inaturalist.org/observations/213716760,5062678034,Fuchsia triphylla,Fuchsia triphylla L.,Onagraceae,Fuchsia,SPECIES,HUMAN_OBSERVATION,2024-04-26T12:32:36,2024,-71.510162,18.219431,NA,50c9509d-22c7-4a22-a47d-8c48425ef4a7,iNaturalist,Observations,10,02,DUVERGÉ,061002,876725a6bffffff
https://www.inaturalist.org/observations/213717011,5230051459,Hypericum hypericoides,Hypericum hypericoides (L.) Crantz,Hypericaceae,Hypericum,SPECIES,HUMAN_OBSERVATION,2024-04-26T12:14:53,2024,-71.509216,18.22245,NA,50c9509d-22c7-4a22-a47d-8c48425ef4a7,iNaturalist,Observations,10,02,DUVERGÉ,061002,876725a6bffffff
https://www.inaturalist.org/observations/213717155,4855159398,Euphorbia cyathophora,Euphorbia cyathophora Murray,Euphorbiaceae,Euphorbia,SPECIES,HUMAN_OBSERVATION,2024-04-26T12:08:57,2024,-71.50676,18.223707,NA,50c9509d-22c7-4a22-a47d-8c48425ef4a7,iNaturalist,Observations,10,02,DUVERGÉ,061002,876725a6bffffff
https://www.inaturalist.org/observations/213717217,4854915676,Brunellia comocladifolia,Brunellia comocladifolia subsp. domingensis Cuatrec.,Brunelliaceae,Brunellia,SUBSPECIES,HUMAN_OBSERVATION,2024-04-26T12:02:43,2024,-71.50386,18.222288,NA,50c9509d-22c7-4a22-a47d-8c48425ef4a7,iNaturalist,Observations,10,02,DUVERGÉ,061002,876725a6bffffff
https://www.inaturalist.org/observations/213717400,4854987132,Fragaria vesca,Fragaria vesca L.,Rosaceae,Fragaria,SPECIES,HUMAN_OBSERVATION,2024-04-26T11:50:56,2024,-71.498337,18.221275,NA,50c9509d-22c7-4a22-a47d-8c48425ef4a7,iNaturalist,Observations,10,02,DUVERGÉ,061002,876725a6bffffff
https://www.inaturalist.org/observations/213717527,4854881159,Lysimachia loeflingii,Lysimachia loeflingii F.J.Jiménez & M.Talavera,Primulaceae,Lysimachia,SPECIES,HUMAN_OBSERVATION,2024-04-26T11:48,2024,-71.497665,18.221443,NA,50c9509d-22c7-4a22-a47d-8c48425ef4a7,iNaturalist,Observations,10,02,DUVERGÉ,061002,876725a6bffffff
https://www.inaturalist.org/observations/213717647,4854953181,Miconia crotonifolia,Miconia crotonifolia (Desr.) Judd & Ionta,Melastomataceae,Miconia,SPECIES,HUMAN_OBSERVATION,2024-04-26T11:39:53,2024,-71.495018,18.220741,NA,50c9509d-22c7-4a22-a47d-8c48425ef4a7,iNaturalist,Observations,10,02,DUVERGÉ,061002,876725a6bffffff
https://www.inaturalist.org/observations/213723563,4855268180,Odontosoria aculeata,Odontosoria aculeata (L.) J.Sm.,Lindsaeaceae,Odontosoria,SPECIES,HUMAN_OBSERVATION,2024-04-26T11:39:26,2024,-71.49501,18.220778,NA,50c9509d-22c7-4a22-a47d-8c48425ef4a7,iNaturalist,Observations,10,02,DUVERGÉ,061002,876725a6bffffff
https://www.inaturalist.org/observations/213723631,4855551544,Lobelia rotundifolia,Lobelia rotundifolia Juss. ex A.DC.,Campanulaceae,Lobelia,SPECIES,HUMAN_OBSERVATION,2024-04-26T11:26:12,2024,-71.493172,18.222113,NA,50c9509d-22c7-4a22-a47d-8c48425ef4a7,iNaturalist,Observations,10,02,DUVERGÉ,061002,876725a6bffffff
https://www.inaturalist.org/observations/213723982,5008247606,Fuchsia triphylla,Fuchsia triphylla L.,Onagraceae,Fuchsia,SPECIES,HUMAN_OBSERVATION,2024-04-26T11:19:57,2024,-71.494926,18.223738,NA,50c9509d-22c7-4a22-a47d-8c48425ef4a7,iNaturalist,Observations,10,02,DUVERGÉ,061002,876725a6bffffff
https://www.inaturalist.org/observations/213724038,4855475442,Guettarda pungens,Guettarda pungens Urb.,Rubiaceae,Guettarda,SPECIES,HUMAN_OBSERVATION,2024-04-26T11:29:14,2024,-71.492996,18.221857,NA,50c9509d-22c7-4a22-a47d-8c48425ef4a7,iNaturalist,Observations,10,02,DUVERGÉ,061002,876725a6bffffff
https://www.inaturalist.org/observations/213724249,4855128798,Weinmannia pinnata,Weinmannia pinnata L.,Cunoniaceae,Weinmannia,SPECIES,HUMAN_OBSERVATION,2024-04-26T11:17:33,2024,-71.495033,18.224115,NA,50c9509d-22c7-4a22-a47d-8c48425ef4a7,iNaturalist,Observations,10,02,DUVERGÉ,061002,876725a6bffffff
https://www.inaturalist.org/observations/213724313,4855108658,Ampelocissus robinsonii,Ampelocissus robinsonii Planch.,Vitaceae,Ampelocissus,SPECIES,HUMAN_OBSERVATION,2024-04-26T11:14:17,2024,-71.495415,18.224894,NA,50c9509d-22c7-4a22-a47d-8c48425ef4a7,iNaturalist,Observations,10,02,DUVERGÉ,061002,876725a6bffffff
https://www.inaturalist.org/observations/213724445,4855197217,Lysimachia loeflingii,Lysimachia loeflingii F.J.Jiménez & M.Talavera,Primulaceae,Lysimachia,SPECIES,HUMAN_OBSERVATION,2024-04-26T11:04:14,2024,-71.497337,18.227783,NA,50c9509d-22c7-4a22-a47d-8c48425ef4a7,iNaturalist,Observations,10,02,DUVERGÉ,061002,876725a6bffffff
https://www.inaturalist.org/observations/213724503,5086994022,Liabum selleanum,Liabum selleanum Urb.,Asteraceae,Liabum,SPECIES,HUMAN_OBSERVATION,2024-04-26T11:09:19,2024,-71.496323,18.226103,NA,50c9509d-22c7-4a22-a47d-8c48425ef4a7,iNaturalist,Observations,10,02,DUVERGÉ,061002,876725a6bffffff
https://www.inaturalist.org/observations/213724782,4854868461,Stachytarpheta jamaicensis,Stachytarpheta jamaicensis (L.) Vahl,Verbenaceae,Stachytarpheta,SPECIES,HUMAN_OBSERVATION,2024-04-26T10:55:37,2024,-71.498772,18.228411,NA,50c9509d-22c7-4a22-a47d-8c48425ef4a7,iNaturalist,Observations,10,02,DUVERGÉ,061002,876725a6bffffff
https://www.inaturalist.org/observations/213724929,5133463898,Pteridium caudatum,Pteridium caudatum (L.) Maxon,Dennstaedtiaceae,Pteridium,SPECIES,HUMAN_OBSERVATION,2024-04-26T10:53:50,2024,-71.498863,18.22842,NA,50c9509d-22c7-4a22-a47d-8c48425ef4a7,iNaturalist,Observations,10,02,DUVERGÉ,061002,876725a6bffffff
https://www.inaturalist.org/observations/213725091,4855511013,Oreopanax capitatus,Oreopanax capitatus (Jacq.) Decne. & Planch.,Araliaceae,Oreopanax,SPECIES,HUMAN_OBSERVATION,2024-04-26T10:34:10,2024,-71.499184,18.232327,NA,50c9509d-22c7-4a22-a47d-8c48425ef4a7,iNaturalist,Observations,10,02,DUVERGÉ,061002,876725a68ffffff
https://www.inaturalist.org/observations/213725160,4854850145,Rhodopis rudolphioides,Rhodopis rudolphioides (Griseb.) L.P.Queiroz,Fabaceae,Rhodopis,SPECIES,HUMAN_OBSERVATION,2024-04-26T10:42:45,2024,-71.499542,18.22912,NA,50c9509d-22c7-4a22-a47d-8c48425ef4a7,iNaturalist,Observations,10,02,DUVERGÉ,061002,876725a6bffffff
https://www.inaturalist.org/observations/213725231,4923697248,Hypoxis decumbens,Hypoxis decumbens L.,Hypoxidaceae,Hypoxis,SPECIES,HUMAN_OBSERVATION,2024-04-26T10:27:03,2024,-71.498512,18.234989,NA,50c9509d-22c7-4a22-a47d-8c48425ef4a7,iNaturalist,Observations,10,02,DUVERGÉ,061002,876725a68ffffff
https://www.inaturalist.org/observations/213725507,6188200137,Frangula longipedicellata,Frangula longipedicellata A.Pool,Rhamnaceae,Frangula,SPECIES,HUMAN_OBSERVATION,2024-04-26T10:17:51,2024,-71.500275,18.237022,NA,50c9509d-22c7-4a22-a47d-8c48425ef4a7,iNaturalist,Observations,10,02,DUVERGÉ,061002,876725a68ffffff
https://www.inaturalist.org/observations/213725568,4855520039,Morella picardae,Morella picardae (Krug & Urb.) Wilbur,Myricaceae,Morella,SPECIES,HUMAN_OBSERVATION,2024-04-26T10:16:15,2024,-71.500275,18.237022,NA,50c9509d-22c7-4a22-a47d-8c48425ef4a7,iNaturalist,Observations,10,02,DUVERGÉ,061002,876725a68ffffff
https://www.inaturalist.org/observations/213726626,4855095826,Serjania polyphylla,Serjania polyphylla (L.) Poir. ex Steud.,Sapindaceae,Serjania,SPECIES,HUMAN_OBSERVATION,2024-04-26T09:58:40,2024,-71.506073,18.240665,NA,50c9509d-22c7-4a22-a47d-8c48425ef4a7,iNaturalist,Observations,10,02,DUVERGÉ,061002,876725a68ffffff
https://www.inaturalist.org/observations/213726731,4854824412,Sphenomeris clavata,Sphenomeris clavata (L.) Maxon,Lindsaeaceae,Sphenomeris,SPECIES,HUMAN_OBSERVATION,2024-04-26T09:44:56,2024,-71.510971,18.244383,NA,50c9509d-22c7-4a22-a47d-8c48425ef4a7,iNaturalist,Observations,10,02,DUVERGÉ,061002,876725a6effffff
https://www.inaturalist.org/observations/213726921,4945506385,Myrsine coriacea,Myrsine coriacea (Sw.) R.Br. ex Roem. & Schult.,Primulaceae,Myrsine,SPECIES,HUMAN_OBSERVATION,2024-04-26T09:36:33,2024,-71.512375,18.246904,NA,50c9509d-22c7-4a22-a47d-8c48425ef4a7,iNaturalist,Observations,10,02,DUVERGÉ,061002,876725a6effffff
https://www.inaturalist.org/observations/213727012,4854922261,Coccothrinax scoparia,Coccothrinax scoparia Becc.,Arecaceae,Coccothrinax,SPECIES,HUMAN_OBSERVATION,2024-04-26T09:28:01,2024,-71.515335,18.247988,NA,50c9509d-22c7-4a22-a47d-8c48425ef4a7,iNaturalist,Observations,10,02,DUVERGÉ,061002,876725a6effffff
https://www.inaturalist.org/observations/213727118,4855147494,Garrya fadyenii,Garrya fadyenii Hook.,Garryaceae,Garrya,SPECIES,HUMAN_OBSERVATION,2024-04-26T09:02:55,2024,-71.523148,18.254513,NA,50c9509d-22c7-4a22-a47d-8c48425ef4a7,iNaturalist,Observations,10,02,DUVERGÉ,061002,876725a6effffff
https://www.inaturalist.org/observations/213727234,4855146386,Lobelia salicina,Lobelia salicina Lam.,Campanulaceae,Lobelia,SPECIES,HUMAN_OBSERVATION,2024-04-26T09:20:06,2024,-71.517708,18.249201,NA,50c9509d-22c7-4a22-a47d-8c48425ef4a7,iNaturalist,Observations,10,02,DUVERGÉ,061002,876725a6effffff
https://www.inaturalist.org/observations/213727430,4976494928,Citharexylum schulzii,Citharexylum schulzii Urb. & Ekman,Verbenaceae,Citharexylum,SPECIES,HUMAN_OBSERVATION,2024-04-26T08:59:54,2024,-71.523399,18.254885,NA,50c9509d-22c7-4a22-a47d-8c48425ef4a7,iNaturalist,Observations,10,02,DUVERGÉ,061002,876725a6effffff
https://www.inaturalist.org/observations/213727542,5838319800,Miconia angustilamina,Miconia angustilamina (Judd & Skean) Judd & Ionta,Melastomataceae,Miconia,SPECIES,HUMAN_OBSERVATION,2024-04-26T08:54:38,2024,-71.52449,18.255657,NA,50c9509d-22c7-4a22-a47d-8c48425ef4a7,iNaturalist,Observations,10,02,DUVERGÉ,061002,876725a6effffff
https://www.inaturalist.org/observations/213727598,4854919741,Lobelia salicina,Lobelia salicina Lam.,Campanulaceae,Lobelia,SPECIES,HUMAN_OBSERVATION,2024-04-26T08:52:56,2024,-71.524979,18.255974,NA,50c9509d-22c7-4a22-a47d-8c48425ef4a7,iNaturalist,Observations,10,02,DUVERGÉ,061002,876725a6effffff
https://www.inaturalist.org/observations/213727759,5069711219,Poitea galegoides,Poitea galegoides Vent.,Fabaceae,Poitea,SPECIES,HUMAN_OBSERVATION,2024-04-26T08:34:53,2024,-71.531136,18.260096,NA,50c9509d-22c7-4a22-a47d-8c48425ef4a7,iNaturalist,Observations,10,02,DUVERGÉ,061002,876725a63ffffff
https://www.inaturalist.org/observations/213728021,4855194019,Pinochia corymbosa,Pinochia corymbosa (Jacq.) M.E.Endress & B.F.Hansen,Apocynaceae,Pinochia,SPECIES,HUMAN_OBSERVATION,2024-04-26T08:23:31,2024,-71.534515,18.261713,NA,50c9509d-22c7-4a22-a47d-8c48425ef4a7,iNaturalist,Observations,10,02,DUVERGÉ,061002,876725a63ffffff
https://www.inaturalist.org/observations/213728067,4855194020,Serjania seriana,Serjania seriana (L.) Druce,Sapindaceae,Serjania,SPECIES,HUMAN_OBSERVATION,2024-04-26T08:14:36,2024,-71.536774,18.262461,NA,50c9509d-22c7-4a22-a47d-8c48425ef4a7,iNaturalist,Observations,10,02,DUVERGÉ,061002,876725a63ffffff
https://www.inaturalist.org/observations/213728090,4923731184,Prunus myrtifolia,Prunus myrtifolia (L.) Urb.,Rosaceae,Prunus,SPECIES,HUMAN_OBSERVATION,2024-04-26T08:14:44,2024,-71.536705,18.262451,NA,50c9509d-22c7-4a22-a47d-8c48425ef4a7,iNaturalist,Observations,10,02,DUVERGÉ,061002,876725a63ffffff
https://www.inaturalist.org/observations/213728261,4854789984,Giliastrum incisum,Giliastrum incisum (Benth.) J.M.Porter,Polemoniaceae,Giliastrum,SPECIES,HUMAN_OBSERVATION,2024-04-26T08:03:14,2024,-71.541466,18.26388,NA,50c9509d-22c7-4a22-a47d-8c48425ef4a7,iNaturalist,Observations,10,02,DUVERGÉ,061002,876725a63ffffff
https://www.inaturalist.org/observations/213728533,6195673744,Ageratina havanensis,Ageratina havanensis (Kunth) R.M.King & H.Rob.,Asteraceae,Ageratina,SPECIES,HUMAN_OBSERVATION,2024-04-26T07:52:25,2024,-71.544487,18.266968,NA,50c9509d-22c7-4a22-a47d-8c48425ef4a7,iNaturalist,Observations,10,02,DUVERGÉ,061002,876725a63ffffff
https://www.inaturalist.org/observations/215545077,4863383316,Hamelia patens,Hamelia patens Jacq.,Rubiaceae,Hamelia,SPECIES,HUMAN_OBSERVATION,2024-05-13T13:46:16,2024,-71.576575,18.31582,16,50c9509d-22c7-4a22-a47d-8c48425ef4a7,iNaturalist,Observations,10,02,DUVERGÉ,061002,876725b5affffff
https://www.inaturalist.org/observations/217258793,4867749095,Cynoglossum amabile,Cynoglossum amabile Stapf & J.R.Drumm.,Boraginaceae,Cynoglossum,SPECIES,HUMAN_OBSERVATION,2024-05-06T11:33,2024,-71.71579,18.289526,105,50c9509d-22c7-4a22-a47d-8c48425ef4a7,iNaturalist,Observations,10,02,DUVERGÉ,061002,876725a1effffff
https://www.inaturalist.org/observations/218021205,4872102012,Consolea testudinis-crus,Consolea testudinis-crus (F.A.C.Weber) Mottram & Hoxey,Cactaceae,Consolea,SPECIES,HUMAN_OBSERVATION,2024-04-04T10:14:21,2024,-71.631783,18.408987,13,50c9509d-22c7-4a22-a47d-8c48425ef4a7,iNaturalist,Observations,10,02,DUVERGÉ,061002,876725b08ffffff
https://www.inaturalist.org/observations/219298970,4875071505,Centrosema virginianum,Centrosema virginianum (L.) Benth.,Fabaceae,Centrosema,SPECIES,HUMAN_OBSERVATION,2024-05-26T08:11:44,2024,-71.586553,18.311678,NA,50c9509d-22c7-4a22-a47d-8c48425ef4a7,iNaturalist,Observations,10,02,DUVERGÉ,061002,876725b5affffff
https://www.inaturalist.org/observations/220001450,5216781452,Cestrum violaceum,Cestrum violaceum Urb.,Solanaceae,Cestrum,SPECIES,HUMAN_OBSERVATION,2024-04-12T10:08,2024,-71.703106,18.307715,NA,50c9509d-22c7-4a22-a47d-8c48425ef4a7,iNaturalist,Observations,10,02,DUVERGÉ,061002,876725a1cffffff
https://www.inaturalist.org/observations/224649167,4901778868,Pilosocereus polygonus,Pilosocereus polygonus (Lam.) Byles & G.D.Rowley,Cactaceae,Pilosocereus,SPECIES,HUMAN_OBSERVATION,2024-06-20T11:40:50,2024,-71.56661,18.283796,3,50c9509d-22c7-4a22-a47d-8c48425ef4a7,iNaturalist,Observations,10,02,DUVERGÉ,061002,876725a75ffffff
https://www.inaturalist.org/observations/225171851,4901857167,Cynoglossum amabile,Cynoglossum amabile Stapf & J.R.Drumm.,Boraginaceae,Cynoglossum,SPECIES,HUMAN_OBSERVATION,2024-06-20T07:54:39,2024,-71.562555,18.205003,227,50c9509d-22c7-4a22-a47d-8c48425ef4a7,iNaturalist,Observations,10,02,DUVERGÉ,061002,876725a5dffffff
https://www.inaturalist.org/observations/225172492,4901160383,Tillandsia compacta,Tillandsia compacta Griseb.,Bromeliaceae,Tillandsia,SPECIES,HUMAN_OBSERVATION,2024-06-20T08:26:22,2024,-71.563272,18.206344,60,50c9509d-22c7-4a22-a47d-8c48425ef4a7,iNaturalist,Observations,10,02,DUVERGÉ,061002,876725a5dffffff
https://www.inaturalist.org/observations/225173303,4901964978,Verbascum thapsus,Verbascum thapsus L.,Scrophulariaceae,Verbascum,SPECIES,HUMAN_OBSERVATION,2024-06-20T08:28:57,2024,-71.563238,18.206328,71,50c9509d-22c7-4a22-a47d-8c48425ef4a7,iNaturalist,Observations,10,02,DUVERGÉ,061002,876725a5dffffff
https://www.inaturalist.org/observations/225176428,4901737433,Bidens alba,Bidens alba (L.) DC.,Asteraceae,Bidens,SPECIES,HUMAN_OBSERVATION,2024-06-20T09:09:10,2024,-71.5337,18.20871,34,50c9509d-22c7-4a22-a47d-8c48425ef4a7,iNaturalist,Observations,10,02,DUVERGÉ,061002,876725a4effffff
https://www.inaturalist.org/observations/225179374,6400330339,Stachytarpheta jamaicensis,Stachytarpheta jamaicensis (L.) Vahl,Verbenaceae,Stachytarpheta,SPECIES,HUMAN_OBSERVATION,2024-06-20T10:06:25,2024,-71.544811,18.267219,39,50c9509d-22c7-4a22-a47d-8c48425ef4a7,iNaturalist,Observations,10,02,DUVERGÉ,061002,876725a63ffffff
https://www.inaturalist.org/observations/225179950,4901891953,Turnera ulmifolia,Turnera ulmifolia L.,Passifloraceae,Turnera,SPECIES,HUMAN_OBSERVATION,2024-06-20T10:07:33,2024,-71.544896,18.267346,90,50c9509d-22c7-4a22-a47d-8c48425ef4a7,iNaturalist,Observations,10,02,DUVERGÉ,061002,876725a62ffffff
https://www.inaturalist.org/observations/231552370,4919713672,Consolea moniliformis,Consolea moniliformis (L.) A.Berger,Cactaceae,Consolea,SPECIES,HUMAN_OBSERVATION,2024-07-23T11:10:28,2024,-71.631867,18.408683,3,50c9509d-22c7-4a22-a47d-8c48425ef4a7,iNaturalist,Observations,10,02,DUVERGÉ,061002,876725b08ffffff
https://www.inaturalist.org/observations/231552707,4919194135,Cylindropuntia caribaea,Cylindropuntia caribaea (Britton & Rose) F.M.Knuth,Cactaceae,Cylindropuntia,SPECIES,HUMAN_OBSERVATION,2024-07-23T11:34:40,2024,-71.631692,18.409283,4,50c9509d-22c7-4a22-a47d-8c48425ef4a7,iNaturalist,Observations,10,02,DUVERGÉ,061002,876725b08ffffff
https://www.inaturalist.org/observations/231718652,4921664923,Corchorus hirsutus,Corchorus hirsutus L.,Malvaceae,Corchorus,SPECIES,HUMAN_OBSERVATION,2024-07-23T11:39:54,2024,-71.631867,18.409708,3,50c9509d-22c7-4a22-a47d-8c48425ef4a7,iNaturalist,Observations,10,02,DUVERGÉ,061002,876725b08ffffff
https://www.inaturalist.org/observations/231719390,4919716480,Turnera diffusa,Turnera diffusa Willd. ex Schult.,Passifloraceae,Turnera,SPECIES,HUMAN_OBSERVATION,2024-07-23T11:42:09,2024,-71.632028,18.409872,3,50c9509d-22c7-4a22-a47d-8c48425ef4a7,iNaturalist,Observations,10,02,DUVERGÉ,061002,876725b08ffffff
https://www.inaturalist.org/observations/231719538,4919350321,Pilosocereus polygonus,Pilosocereus polygonus (Lam.) Byles & G.D.Rowley,Cactaceae,Pilosocereus,SPECIES,HUMAN_OBSERVATION,2024-07-23T11:48:56,2024,-71.631692,18.40947,4,50c9509d-22c7-4a22-a47d-8c48425ef4a7,iNaturalist,Observations,10,02,DUVERGÉ,061002,876725b08ffffff
https://www.inaturalist.org/observations/231720047,4919474452,Jatropha gossypiifolia,Jatropha gossypiifolia L.,Euphorbiaceae,Jatropha,SPECIES,HUMAN_OBSERVATION,2024-07-23T12:20:43,2024,-71.587112,18.403463,3,50c9509d-22c7-4a22-a47d-8c48425ef4a7,iNaturalist,Observations,10,02,DUVERGÉ,061002,876725b70ffffff
https://www.inaturalist.org/observations/231720353,4919589745,Jatropha gossypiifolia,Jatropha gossypiifolia L.,Euphorbiaceae,Jatropha,SPECIES,HUMAN_OBSERVATION,2024-07-23T12:32:17,2024,-71.587037,18.403897,3,50c9509d-22c7-4a22-a47d-8c48425ef4a7,iNaturalist,Observations,10,02,DUVERGÉ,061002,876725b70ffffff
https://www.inaturalist.org/observations/231720946,4919575795,Plumbago auriculata,Plumbago auriculata Lam.,Plumbaginaceae,Plumbago,SPECIES,HUMAN_OBSERVATION,2024-07-23T13:27:31,2024,-71.576133,18.316312,4,50c9509d-22c7-4a22-a47d-8c48425ef4a7,iNaturalist,Observations,10,02,DUVERGÉ,061002,876725b5affffff
https://www.inaturalist.org/observations/231721167,4919647460,Ruellia simplex,Ruellia simplex C.Wright,Acanthaceae,Ruellia,SPECIES,HUMAN_OBSERVATION,2024-07-23T13:45:07,2024,-71.576637,18.315872,4,50c9509d-22c7-4a22-a47d-8c48425ef4a7,iNaturalist,Observations,10,02,DUVERGÉ,061002,876725b5affffff
https://www.inaturalist.org/observations/231721963,5215740484,Quadrella ferruginea,Morisonia ferruginea (L.) Christenh. & Byng,Capparaceae,Quadrella,SPECIES,HUMAN_OBSERVATION,2024-07-23T16:03:10,2024,-71.576538,18.31592,4,50c9509d-22c7-4a22-a47d-8c48425ef4a7,iNaturalist,Observations,10,02,DUVERGÉ,061002,876725b5affffff
https://www.inaturalist.org/observations/231722791,4919714061,Vachellia macracantha,Vachellia macracantha (Humb. & Bonpl. ex Willd.) Seigler & Ebinger,Fabaceae,Vachellia,SPECIES,HUMAN_OBSERVATION,2024-07-23T16:16:27,2024,-71.576225,18.316287,NA,50c9509d-22c7-4a22-a47d-8c48425ef4a7,iNaturalist,Observations,10,02,DUVERGÉ,061002,876725b5affffff
https://www.inaturalist.org/observations/231724411,4919648472,Antigonon leptopus,Antigonon leptopus Hook. & Arn.,Polygonaceae,Antigonon,SPECIES,HUMAN_OBSERVATION,2024-07-23T16:50,2024,-71.57402,18.318388,4,50c9509d-22c7-4a22-a47d-8c48425ef4a7,iNaturalist,Observations,10,02,DUVERGÉ,061002,876725b58ffffff
https://www.inaturalist.org/observations/231725373,4919444862,Argemone mexicana,Argemone mexicana L.,Papaveraceae,Argemone,SPECIES,HUMAN_OBSERVATION,2024-07-23T17:53:13,2024,-71.571092,18.317367,17,50c9509d-22c7-4a22-a47d-8c48425ef4a7,iNaturalist,Observations,10,02,DUVERGÉ,061002,876725b58ffffff
https://www.inaturalist.org/observations/231725492,4919543374,Manihot esculenta,Manihot esculenta Crantz,Euphorbiaceae,Manihot,SPECIES,HUMAN_OBSERVATION,2024-07-23T17:53:27,2024,-71.571145,18.317233,4,50c9509d-22c7-4a22-a47d-8c48425ef4a7,iNaturalist,Observations,10,02,DUVERGÉ,061002,876725b58ffffff
https://www.inaturalist.org/observations/231725831,4919410441,Agave antillarum,Agave antillarum Descourt.,Asparagaceae,Agave,SPECIES,HUMAN_OBSERVATION,2024-07-23T19:38:44,2024,-71.572525,18.30775,3,50c9509d-22c7-4a22-a47d-8c48425ef4a7,iNaturalist,Observations,10,02,DUVERGÉ,061002,876725b5bffffff
https://www.inaturalist.org/observations/231739951,4919427963,Kalanchoe houghtonii,Kalanchoe × houghtonii D.B.Ward,Crassulaceae,Kalanchoe,SPECIES,HUMAN_OBSERVATION,2024-07-24T16:51:30,2024,-71.580605,18.3161,4,50c9509d-22c7-4a22-a47d-8c48425ef4a7,iNaturalist,Observations,10,02,DUVERGÉ,061002,876725b5affffff
https://www.inaturalist.org/observations/231740160,6399549834,Ambrosia hispida,Ambrosia hispida Pursh,Asteraceae,Ambrosia,SPECIES,HUMAN_OBSERVATION,2024-07-24T16:51:50,2024,-71.580588,18.316103,4,50c9509d-22c7-4a22-a47d-8c48425ef4a7,iNaturalist,Observations,10,02,DUVERGÉ,061002,876725b5affffff
https://www.inaturalist.org/observations/231776569,6170874694,Theophrasta L.,Theophrasta L.,Primulaceae,Theophrasta,GENUS,HUMAN_OBSERVATION,2024-07-24T17:15:15,2024,-71.581612,18.312875,13,50c9509d-22c7-4a22-a47d-8c48425ef4a7,iNaturalist,Observations,10,02,DUVERGÉ,061002,876725b5affffff
https://www.inaturalist.org/observations/231776935,4919155006,Psiguria pedata,Psiguria pedata (L.) R.A.Howard,Cucurbitaceae,Psiguria,SPECIES,HUMAN_OBSERVATION,2024-07-24T17:27:31,2024,-71.581337,18.31132,3,50c9509d-22c7-4a22-a47d-8c48425ef4a7,iNaturalist,Observations,10,02,DUVERGÉ,061002,876725b5affffff
https://www.inaturalist.org/observations/231777041,4919474591,Asclepias curassavica,Asclepias curassavica L.,Apocynaceae,Asclepias,SPECIES,HUMAN_OBSERVATION,2024-07-24T17:28:06,2024,-71.581345,18.311262,3,50c9509d-22c7-4a22-a47d-8c48425ef4a7,iNaturalist,Observations,10,02,DUVERGÉ,061002,876725b5affffff
https://www.inaturalist.org/observations/231777152,4919721952,Theophrasta L.,Theophrasta L.,Primulaceae,Theophrasta,GENUS,HUMAN_OBSERVATION,2024-07-24T17:30,2024,-71.58162,18.31102,4,50c9509d-22c7-4a22-a47d-8c48425ef4a7,iNaturalist,Observations,10,02,DUVERGÉ,061002,876725b5affffff
https://www.inaturalist.org/observations/231777289,4919533499,Cryptostegia grandiflora,Cryptostegia grandiflora (Roxb.) R.Br.,Apocynaceae,Cryptostegia,SPECIES,HUMAN_OBSERVATION,2024-07-24T18:04:05,2024,-71.578537,18.316175,3,50c9509d-22c7-4a22-a47d-8c48425ef4a7,iNaturalist,Observations,10,02,DUVERGÉ,061002,876725b5affffff
https://www.inaturalist.org/observations/231777441,4919245195,Megaskepasma erythrochlamys,Megaskepasma erythrochlamys Lindau,Acanthaceae,Megaskepasma,SPECIES,HUMAN_OBSERVATION,2024-07-24T18:55:17,2024,-71.57612,18.316288,8,50c9509d-22c7-4a22-a47d-8c48425ef4a7,iNaturalist,Observations,10,02,DUVERGÉ,061002,876725b5affffff
https://www.inaturalist.org/observations/231777550,4919396314,Echites umbellatus,Echites umbellatus Jacq.,Apocynaceae,Echites,SPECIES,HUMAN_OBSERVATION,2024-07-24T19:25:07,2024,-71.57197,18.307772,13,50c9509d-22c7-4a22-a47d-8c48425ef4a7,iNaturalist,Observations,10,02,DUVERGÉ,061002,876725b5bffffff
https://www.inaturalist.org/observations/231777626,4919188416,Calliandra haematomma,Calliandra haematomma (Bertero ex DC.) Benth.,Fabaceae,Calliandra,SPECIES,HUMAN_OBSERVATION,2024-07-24T19:33:59,2024,-71.572145,18.307812,4,50c9509d-22c7-4a22-a47d-8c48425ef4a7,iNaturalist,Observations,10,02,DUVERGÉ,061002,876725b5bffffff
https://www.inaturalist.org/observations/231777703,4919343639,Euphorbia tirucalli,Euphorbia tirucalli L.,Euphorbiaceae,Euphorbia,SPECIES,HUMAN_OBSERVATION,2024-07-25T07:22:20,2024,-71.57612,18.315967,4,50c9509d-22c7-4a22-a47d-8c48425ef4a7,iNaturalist,Observations,10,02,DUVERGÉ,061002,876725b5affffff
https://www.inaturalist.org/observations/231823206,4919701608,Rhizophora mangle,Rhizophora mangle L.,Rhizophoraceae,Rhizophora,SPECIES,HUMAN_OBSERVATION,2024-07-23T17:46:38,2024,-71.570883,18.31802,4,50c9509d-22c7-4a22-a47d-8c48425ef4a7,iNaturalist,Observations,10,02,DUVERGÉ,061002,876725b58ffffff
https://www.inaturalist.org/observations/231823343,4919261964,Consolea testudinis-crus,Consolea testudinis-crus (F.A.C.Weber) Mottram & Hoxey,Cactaceae,Consolea,SPECIES,HUMAN_OBSERVATION,2024-07-23T11:17:12,2024,-71.632758,18.409205,3,50c9509d-22c7-4a22-a47d-8c48425ef4a7,iNaturalist,Observations,10,02,DUVERGÉ,061002,876725b08ffffff
https://www.inaturalist.org/observations/231823455,4919350552,Pilosocereus polygonus,Pilosocereus polygonus (Lam.) Byles & G.D.Rowley,Cactaceae,Pilosocereus,SPECIES,HUMAN_OBSERVATION,2024-07-23T11:35:46,2024,-71.631705,18.409483,4,50c9509d-22c7-4a22-a47d-8c48425ef4a7,iNaturalist,Observations,10,02,DUVERGÉ,061002,876725b08ffffff
https://www.inaturalist.org/observations/232828393,4921760311,Ibatia maritima,Ibatia maritima (Jacq.) Decne.,Apocynaceae,Ibatia,SPECIES,HUMAN_OBSERVATION,2024-07-25T10:57,2024,-71.631143,18.351458,NA,50c9509d-22c7-4a22-a47d-8c48425ef4a7,iNaturalist,Observations,10,02,DUVERGÉ,061002,876725a21ffffff
https://www.inaturalist.org/observations/239825342,4945638351,Consolea testudinis-crus,Consolea testudinis-crus (F.A.C.Weber) Mottram & Hoxey,Cactaceae,Consolea,SPECIES,HUMAN_OBSERVATION,2024-09-03T09:11:40,2024,-71.629005,18.414905,3,50c9509d-22c7-4a22-a47d-8c48425ef4a7,iNaturalist,Observations,10,02,DUVERGÉ,061002,876725b08ffffff
https://www.inaturalist.org/observations/239825677,4946679356,Opuntia stricta,Opuntia stricta (Haw.) Haw.,Cactaceae,Opuntia,SPECIES,HUMAN_OBSERVATION,2024-09-03T09:39:02,2024,-71.632391,18.407779,6,50c9509d-22c7-4a22-a47d-8c48425ef4a7,iNaturalist,Observations,10,02,DUVERGÉ,061002,876725b08ffffff
https://www.inaturalist.org/observations/239825927,4946096402,Consolea testudinis-crus,Consolea testudinis-crus (F.A.C.Weber) Mottram & Hoxey,Cactaceae,Consolea,SPECIES,HUMAN_OBSERVATION,2024-09-03T09:42:19,2024,-71.632507,18.407895,4,50c9509d-22c7-4a22-a47d-8c48425ef4a7,iNaturalist,Observations,10,02,DUVERGÉ,061002,876725b08ffffff
https://www.inaturalist.org/observations/239888775,4946435585,Roystonea borinquena,Roystonea borinquena O.F.Cook,Arecaceae,Roystonea,SPECIES,HUMAN_OBSERVATION,2024-09-03T11:10:35,2024,-71.576346,18.398759,7,50c9509d-22c7-4a22-a47d-8c48425ef4a7,iNaturalist,Observations,10,02,DUVERGÉ,061002,876725b70ffffff
https://www.inaturalist.org/observations/239888923,4946454418,Roystonea borinquena,Roystonea borinquena O.F.Cook,Arecaceae,Roystonea,SPECIES,HUMAN_OBSERVATION,2024-09-03T11:11:39,2024,-71.575976,18.398622,8,50c9509d-22c7-4a22-a47d-8c48425ef4a7,iNaturalist,Observations,10,02,DUVERGÉ,061002,876725b70ffffff
https://www.inaturalist.org/observations/239888994,4945715998,Roystonea borinquena,Roystonea borinquena O.F.Cook,Arecaceae,Roystonea,SPECIES,HUMAN_OBSERVATION,2024-09-03T11:13:10,2024,-71.575027,18.398354,7,50c9509d-22c7-4a22-a47d-8c48425ef4a7,iNaturalist,Observations,10,02,DUVERGÉ,061002,876725b70ffffff
https://www.inaturalist.org/observations/239889013,4946027871,Roystonea borinquena,Roystonea borinquena O.F.Cook,Arecaceae,Roystonea,SPECIES,HUMAN_OBSERVATION,2024-09-03T11:24:03,2024,-71.536951,18.383489,9,50c9509d-22c7-4a22-a47d-8c48425ef4a7,iNaturalist,Observations,10,02,DUVERGÉ,061002,876725b44ffffff
https://www.inaturalist.org/observations/239940115,4945527719,Roystonea borinquena,Roystonea borinquena O.F.Cook,Arecaceae,Roystonea,SPECIES,HUMAN_OBSERVATION,2024-09-03T14:44:56,2024,-71.514562,18.375936,8,50c9509d-22c7-4a22-a47d-8c48425ef4a7,iNaturalist,Observations,10,02,DUVERGÉ,061002,876725b6effffff
https://www.inaturalist.org/observations/243340241,4950149051,Prunella vulgaris,Prunella vulgaris L.,Lamiaceae,Prunella,SPECIES,HUMAN_OBSERVATION,2024-09-20T15:13:41,2024,-71.703308,18.307535,6,50c9509d-22c7-4a22-a47d-8c48425ef4a7,iNaturalist,Observations,10,02,DUVERGÉ,061002,876725a1cffffff
https://www.inaturalist.org/observations/243340253,4950253152,Begonia pycnantha,Begonia pycnantha Urb. & Ekman,Begoniaceae,Begonia,SPECIES,HUMAN_OBSERVATION,2024-09-20T15:13:59,2024,-71.703305,18.307546,9,50c9509d-22c7-4a22-a47d-8c48425ef4a7,iNaturalist,Observations,10,02,DUVERGÉ,061002,876725a1cffffff
https://www.inaturalist.org/observations/243340288,4950101938,Fuchsia triphylla,Fuchsia triphylla L.,Onagraceae,Fuchsia,SPECIES,HUMAN_OBSERVATION,2024-09-20T15:16:43,2024,-71.703144,18.307644,8,50c9509d-22c7-4a22-a47d-8c48425ef4a7,iNaturalist,Observations,10,02,DUVERGÉ,061002,876725a1cffffff
https://www.inaturalist.org/observations/244845430,4952455192,Clusia rosea,Clusia rosea Jacq.,Clusiaceae,Clusia,SPECIES,HUMAN_OBSERVATION,2024-07-23T04:31,2024,-71.57682,18.31567,4,50c9509d-22c7-4a22-a47d-8c48425ef4a7,iNaturalist,Observations,10,02,DUVERGÉ,061002,876725b5affffff
https://www.inaturalist.org/observations/250607821,4978383417,Holmskioldia sanguinea,Holmskioldia sanguinea Retz.,Lamiaceae,Holmskioldia,SPECIES,HUMAN_OBSERVATION,2024-11-05T16:09:40,2024,-71.576606,18.315852,NA,50c9509d-22c7-4a22-a47d-8c48425ef4a7,iNaturalist,Observations,10,02,DUVERGÉ,061002,876725b5affffff
https://www.inaturalist.org/observations/250620242,4980287322,Tillandsia setacea,Tillandsia setacea Sw.,Bromeliaceae,Tillandsia,SPECIES,HUMAN_OBSERVATION,2024-11-05T16:59:51,2024,-71.576682,18.315891,NA,50c9509d-22c7-4a22-a47d-8c48425ef4a7,iNaturalist,Observations,10,02,DUVERGÉ,061002,876725b5affffff
https://www.inaturalist.org/observations/252559446,5007208405,Hylocereus triangularis,Selenicereus triangularis (L.) D.R.Hunt,Cactaceae,Hylocereus,SPECIES,HUMAN_OBSERVATION,2024-11-05T16:18,2024,-71.5766,18.315894,NA,50c9509d-22c7-4a22-a47d-8c48425ef4a7,iNaturalist,Observations,10,02,DUVERGÉ,061002,876725b5affffff
https://www.inaturalist.org/observations/252559447,5006760994,Petiveria alliacea,Petiveria alliacea L.,Petiveriaceae,Petiveria,SPECIES,HUMAN_OBSERVATION,2024-11-05T16:19,2024,-71.576564,18.315922,NA,50c9509d-22c7-4a22-a47d-8c48425ef4a7,iNaturalist,Observations,10,02,DUVERGÉ,061002,876725b5affffff
https://www.inaturalist.org/observations/252559448,4987738573,Asclepias curassavica,Asclepias curassavica L.,Apocynaceae,Asclepias,SPECIES,HUMAN_OBSERVATION,2024-11-05T16:22,2024,-71.576594,18.316067,NA,50c9509d-22c7-4a22-a47d-8c48425ef4a7,iNaturalist,Observations,10,02,DUVERGÉ,061002,876725b5affffff
https://www.inaturalist.org/observations/252634208,4987500821,Asystasia gangetica,Asystasia gangetica (L.) T.Anderson,Acanthaceae,Asystasia,SPECIES,HUMAN_OBSERVATION,2024-11-06T06:15,2024,-71.576086,18.316047,NA,50c9509d-22c7-4a22-a47d-8c48425ef4a7,iNaturalist,Observations,10,02,DUVERGÉ,061002,876725b5affffff
https://www.inaturalist.org/observations/252634209,4987816959,Zapoteca portoricensis,Zapoteca portoricensis (Jacq.) H.M.Hern.,Fabaceae,Zapoteca,SPECIES,HUMAN_OBSERVATION,2024-11-06T07:29,2024,-71.576477,18.315529,NA,50c9509d-22c7-4a22-a47d-8c48425ef4a7,iNaturalist,Observations,10,02,DUVERGÉ,061002,876725b5affffff
https://www.inaturalist.org/observations/252634211,5037151949,Kalanchoe houghtonii,Kalanchoe × houghtonii D.B.Ward,Crassulaceae,Kalanchoe,SPECIES,HUMAN_OBSERVATION,2024-11-06T09:06,2024,-71.578457,18.316164,NA,50c9509d-22c7-4a22-a47d-8c48425ef4a7,iNaturalist,Observations,10,02,DUVERGÉ,061002,876725b5affffff
https://www.inaturalist.org/observations/252634212,4987426399,Oplonia spinosa,Oplonia spinosa (Jacq.) Raf.,Acanthaceae,Oplonia,SPECIES,HUMAN_OBSERVATION,2024-11-06T09:07,2024,-71.578547,18.316158,NA,50c9509d-22c7-4a22-a47d-8c48425ef4a7,iNaturalist,Observations,10,02,DUVERGÉ,061002,876725b5affffff
https://www.inaturalist.org/observations/252634213,4987546331,Croton ciliatoglandulifer,Croton ciliatoglandulifer Ortega,Euphorbiaceae,Croton,SPECIES,HUMAN_OBSERVATION,2024-11-06T09:13,2024,-71.578925,18.316183,NA,50c9509d-22c7-4a22-a47d-8c48425ef4a7,iNaturalist,Observations,10,02,DUVERGÉ,061002,876725b5affffff
https://www.inaturalist.org/observations/252634214,5890047119,Myriopteris microphylla,Myriopteris microphylla (Sw.) Grusz & Windham,Pteridaceae,Myriopteris,SPECIES,HUMAN_OBSERVATION,2024-11-06T09:17,2024,-71.579258,18.316163,NA,50c9509d-22c7-4a22-a47d-8c48425ef4a7,iNaturalist,Observations,10,02,DUVERGÉ,061002,876725b5affffff
https://www.inaturalist.org/observations/252634216,4987764605,Varronia serrata,Varronia serrata (L.) Borhidi,Cordiaceae,Varronia,SPECIES,HUMAN_OBSERVATION,2024-11-06T09:20,2024,-71.579325,18.316163,NA,50c9509d-22c7-4a22-a47d-8c48425ef4a7,iNaturalist,Observations,10,02,DUVERGÉ,061002,876725b5affffff
https://www.inaturalist.org/observations/252634218,4987736997,Centrosema virginianum,Centrosema virginianum (L.) Benth.,Fabaceae,Centrosema,SPECIES,HUMAN_OBSERVATION,2024-11-06T09:26,2024,-71.579623,18.316111,NA,50c9509d-22c7-4a22-a47d-8c48425ef4a7,iNaturalist,Observations,10,02,DUVERGÉ,061002,876725b5affffff
https://www.inaturalist.org/observations/252660940,4987517984,Melochia tomentosa,Melochia tomentosa L.,Malvaceae,Melochia,SPECIES,HUMAN_OBSERVATION,2024-11-06T09:34,2024,-71.579968,18.316198,NA,50c9509d-22c7-4a22-a47d-8c48425ef4a7,iNaturalist,Observations,10,02,DUVERGÉ,061002,876725b5affffff
https://www.inaturalist.org/observations/252660944,6178481870,Pithecellobium circinale,Pithecellobium circinale (L.) Benth.,Fabaceae,Pithecellobium,SPECIES,HUMAN_OBSERVATION,2024-11-06T09:48,2024,-71.580663,18.315839,NA,50c9509d-22c7-4a22-a47d-8c48425ef4a7,iNaturalist,Observations,10,02,DUVERGÉ,061002,876725b5affffff
https://www.inaturalist.org/observations/252660945,4987426456,Picramnia pentandra,Picramnia pentandra Sw.,Picramniaceae,Picramnia,SPECIES,HUMAN_OBSERVATION,2024-11-06T10:06,2024,-71.581059,18.31398,NA,50c9509d-22c7-4a22-a47d-8c48425ef4a7,iNaturalist,Observations,10,02,DUVERGÉ,061002,876725b5affffff
https://www.inaturalist.org/observations/252668152,4987476639,Lantana camara,Lantana camara L.,Verbenaceae,Lantana,SPECIES,HUMAN_OBSERVATION,2024-11-06T10:24,2024,-71.580997,18.314999,NA,50c9509d-22c7-4a22-a47d-8c48425ef4a7,iNaturalist,Observations,10,02,DUVERGÉ,061002,876725b5affffff
https://www.inaturalist.org/observations/252668168,4987534328,Dolichandra unguis-cati,Dolichandra unguis-cati (L.) L.G.Lohmann,Bignoniaceae,Dolichandra,SPECIES,HUMAN_OBSERVATION,2024-11-06T15:04,2024,-71.576492,18.315986,NA,50c9509d-22c7-4a22-a47d-8c48425ef4a7,iNaturalist,Observations,10,02,DUVERGÉ,061002,876725b5affffff
https://www.inaturalist.org/observations/252668176,4987719696,Oxalis corniculata,Oxalis corniculata L.,Oxalidaceae,Oxalis,SPECIES,HUMAN_OBSERVATION,2024-11-06T15:19,2024,-71.57618,18.316447,NA,50c9509d-22c7-4a22-a47d-8c48425ef4a7,iNaturalist,Observations,10,02,DUVERGÉ,061002,876725b5affffff
https://www.inaturalist.org/observations/252671393,4993964709,Cryptostegia grandiflora,Cryptostegia grandiflora (Roxb.) R.Br.,Apocynaceae,Cryptostegia,SPECIES,HUMAN_OBSERVATION,2024-11-06T15:44,2024,-71.575862,18.316721,NA,50c9509d-22c7-4a22-a47d-8c48425ef4a7,iNaturalist,Observations,10,02,DUVERGÉ,061002,876725b5affffff
https://www.inaturalist.org/observations/252671394,4987569677,Parthenium hysterophorus,Parthenium hysterophorus L.,Asteraceae,Parthenium,SPECIES,HUMAN_OBSERVATION,2024-11-06T15:46,2024,-71.57573,18.316817,NA,50c9509d-22c7-4a22-a47d-8c48425ef4a7,iNaturalist,Observations,10,02,DUVERGÉ,061002,876725b5affffff
https://www.inaturalist.org/observations/252675081,4987593006,Tillandsia utriculata,Tillandsia utriculata L.,Bromeliaceae,Tillandsia,SPECIES,HUMAN_OBSERVATION,2024-11-06T10:46,2024,-71.581792,18.316004,31,50c9509d-22c7-4a22-a47d-8c48425ef4a7,iNaturalist,Observations,10,02,DUVERGÉ,061002,876725b5affffff
https://www.inaturalist.org/observations/252926163,4987590601,Ceiba pentandra,Ceiba pentandra (L.) Gaertn.,Malvaceae,Ceiba,SPECIES,HUMAN_OBSERVATION,2024-11-06T09:01,2024,-71.577904,18.316098,NA,50c9509d-22c7-4a22-a47d-8c48425ef4a7,iNaturalist,Observations,10,02,DUVERGÉ,061002,876725b5affffff
https://www.inaturalist.org/observations/252954948,6234285102,Piper umbellatum,Piper umbellatum L.,Piperaceae,Piper,SPECIES,HUMAN_OBSERVATION,2024-11-08T06:42,2024,-71.707116,18.308728,NA,50c9509d-22c7-4a22-a47d-8c48425ef4a7,iNaturalist,Observations,10,02,DUVERGÉ,061002,876725a11ffffff
https://www.inaturalist.org/observations/252954949,4987686803,Asclepias nivea,Asclepias nivea L.,Apocynaceae,Asclepias,SPECIES,HUMAN_OBSERVATION,2024-11-08T06:45,2024,-71.706433,18.308639,NA,50c9509d-22c7-4a22-a47d-8c48425ef4a7,iNaturalist,Observations,10,02,DUVERGÉ,061002,876725a11ffffff
https://www.inaturalist.org/observations/252954979,4987497819,Persea americana,Persea americana Mill.,Lauraceae,Persea,SPECIES,HUMAN_OBSERVATION,2024-11-08T10:27,2024,-71.706991,18.312152,15,50c9509d-22c7-4a22-a47d-8c48425ef4a7,iNaturalist,Observations,10,02,DUVERGÉ,061002,876725a02ffffff
https://www.inaturalist.org/observations/252954981,4987384867,Ageratum conyzoides,Ageratum conyzoides L.,Asteraceae,Ageratum,SPECIES,HUMAN_OBSERVATION,2024-11-08T10:41,2024,-71.696638,18.328699,NA,50c9509d-22c7-4a22-a47d-8c48425ef4a7,iNaturalist,Observations,10,02,DUVERGÉ,061002,876725a06ffffff
https://www.inaturalist.org/observations/252954982,4987395851,Tithonia diversifolia,Tithonia diversifolia (Hemsl.) A.Gray,Asteraceae,Tithonia,SPECIES,HUMAN_OBSERVATION,2024-11-08T10:13,2024,-71.696558,18.322394,NA,50c9509d-22c7-4a22-a47d-8c48425ef4a7,iNaturalist,Observations,10,02,DUVERGÉ,061002,876725a02ffffff
https://www.inaturalist.org/observations/252954987,4987747197,Lantana camara,Lantana camara L.,Verbenaceae,Lantana,SPECIES,HUMAN_OBSERVATION,2024-11-08T10:39,2024,-71.696662,18.328691,NA,50c9509d-22c7-4a22-a47d-8c48425ef4a7,iNaturalist,Observations,10,02,DUVERGÉ,061002,876725a06ffffff
https://www.inaturalist.org/observations/252954991,4987574567,Psidium guajava,Psidium guajava L.,Myrtaceae,Psidium,SPECIES,HUMAN_OBSERVATION,2024-11-08T10:43,2024,-71.696638,18.328647,NA,50c9509d-22c7-4a22-a47d-8c48425ef4a7,iNaturalist,Observations,10,02,DUVERGÉ,061002,876725a06ffffff
https://www.inaturalist.org/observations/252958025,5007120654,Picramnia pentandra,Picramnia pentandra Sw.,Picramniaceae,Picramnia,SPECIES,HUMAN_OBSERVATION,2024-11-08T14:32,2024,-71.576173,18.315942,NA,50c9509d-22c7-4a22-a47d-8c48425ef4a7,iNaturalist,Observations,10,02,DUVERGÉ,061002,876725b5affffff
https://www.inaturalist.org/observations/253079387,4987616332,Cecropia schreberiana,Cecropia schreberiana Miq.,Urticaceae,Cecropia,SPECIES,HUMAN_OBSERVATION,2024-11-09T08:46,2024,-71.581919,18.315759,NA,50c9509d-22c7-4a22-a47d-8c48425ef4a7,iNaturalist,Observations,10,02,DUVERGÉ,061002,876725b5affffff
https://www.inaturalist.org/observations/253079405,4987849599,Rivina humilis,Rivina humilis L.,Petiveriaceae,Rivina,SPECIES,HUMAN_OBSERVATION,2024-11-09T13:23,2024,-71.576544,18.315903,NA,50c9509d-22c7-4a22-a47d-8c48425ef4a7,iNaturalist,Observations,10,02,DUVERGÉ,061002,876725b5affffff
https://www.inaturalist.org/observations/253079407,4987405796,Ruellia simplex,Ruellia simplex C.Wright,Acanthaceae,Ruellia,SPECIES,HUMAN_OBSERVATION,2024-11-09T13:33,2024,-71.576672,18.315872,NA,50c9509d-22c7-4a22-a47d-8c48425ef4a7,iNaturalist,Observations,10,02,DUVERGÉ,061002,876725b5affffff
https://www.inaturalist.org/observations/253079412,4987450242,Lantana montevidensis,Lantana montevidensis (Spreng.) Briq.,Verbenaceae,Lantana,SPECIES,HUMAN_OBSERVATION,2024-11-09T16:26,2024,-71.653578,18.346786,NA,50c9509d-22c7-4a22-a47d-8c48425ef4a7,iNaturalist,Observations,10,02,DUVERGÉ,061002,876725a23ffffff
https://www.inaturalist.org/observations/253093114,4987574827,Tillandsia usneoides,Tillandsia usneoides (L.) L.,Bromeliaceae,Tillandsia,SPECIES,HUMAN_OBSERVATION,2024-11-10T08:31,2024,-71.589525,18.312544,NA,50c9509d-22c7-4a22-a47d-8c48425ef4a7,iNaturalist,Observations,10,02,DUVERGÉ,061002,876725b5affffff
https://www.inaturalist.org/observations/253093117,5036678894,Stenocereus (A.Berger) Riccob.,Stenocereus (A.Berger) Riccob.,Cactaceae,Stenocereus,GENUS,HUMAN_OBSERVATION,2024-11-10T08:42,2024,-71.589631,18.312431,NA,50c9509d-22c7-4a22-a47d-8c48425ef4a7,iNaturalist,Observations,10,02,DUVERGÉ,061002,876725b5affffff
https://www.inaturalist.org/observations/253682860,5087129472,Crossopetalum rhacoma,Crossopetalum rhacoma Crantz,Celastraceae,Crossopetalum,SPECIES,HUMAN_OBSERVATION,2024-11-30T13:50:23,2024,-71.535322,18.342955,4,50c9509d-22c7-4a22-a47d-8c48425ef4a7,iNaturalist,Observations,10,02,DUVERGÉ,061002,876725b43ffffff
https://www.inaturalist.org/observations/253683172,4993991677,Plumeria stenopetala,Plumeria × stenopetala Urb.,Apocynaceae,Plumeria,SPECIES,HUMAN_OBSERVATION,2024-11-30T14:25:44,2024,-71.56712,18.324998,3,50c9509d-22c7-4a22-a47d-8c48425ef4a7,iNaturalist,Observations,10,02,DUVERGÉ,061002,876725b58ffffff
https://www.inaturalist.org/observations/253683204,4994061444,Coccoloba nodosa,Coccoloba nodosa Lindau,Polygonaceae,Coccoloba,SPECIES,HUMAN_OBSERVATION,2024-11-30T14:28:14,2024,-71.566905,18.324082,4,50c9509d-22c7-4a22-a47d-8c48425ef4a7,iNaturalist,Observations,10,02,DUVERGÉ,061002,876725b58ffffff
https://www.inaturalist.org/observations/253683297,4994078611,Isidorea leonardii,Isidorea leonardii Urb.,Rubiaceae,Isidorea,SPECIES,HUMAN_OBSERVATION,2024-11-30T14:31:51,2024,-71.566722,18.323827,4,50c9509d-22c7-4a22-a47d-8c48425ef4a7,iNaturalist,Observations,10,02,DUVERGÉ,061002,876725b58ffffff
https://www.inaturalist.org/observations/253683697,4994317490,Isidorea leonardii,Isidorea leonardii Urb.,Rubiaceae,Isidorea,SPECIES,HUMAN_OBSERVATION,2024-11-30T14:36:44,2024,-71.567147,18.32289,3,50c9509d-22c7-4a22-a47d-8c48425ef4a7,iNaturalist,Observations,10,02,DUVERGÉ,061002,876725b58ffffff
https://www.inaturalist.org/observations/253684057,5903758970,Helicteres semitriloba,Helicteres semitriloba Bertero ex DC.,Malvaceae,Helicteres,SPECIES,HUMAN_OBSERVATION,2024-11-30T14:40:59,2024,-71.56746,18.322538,4,50c9509d-22c7-4a22-a47d-8c48425ef4a7,iNaturalist,Observations,10,02,DUVERGÉ,061002,876725b58ffffff
https://www.inaturalist.org/observations/253684270,4993878433,Leptocereus velozianus,"Leptocereus velozianus Clase, Y.Encarn., Peguero & Majure",Cactaceae,Leptocereus,SPECIES,HUMAN_OBSERVATION,2024-11-30T16:06:51,2024,-71.587605,18.312247,5,50c9509d-22c7-4a22-a47d-8c48425ef4a7,iNaturalist,Observations,10,02,DUVERGÉ,061002,876725b5affffff
https://www.inaturalist.org/observations/253685867,6185374436,Pitcairnia elizabethae,Pitcairnia elizabethae L.B.Sm.,Bromeliaceae,Pitcairnia,SPECIES,HUMAN_OBSERVATION,2024-11-30T16:50:29,2024,-71.598372,18.30102,7,50c9509d-22c7-4a22-a47d-8c48425ef4a7,iNaturalist,Observations,10,02,DUVERGÉ,061002,876725a74ffffff
https://www.inaturalist.org/observations/253689279,4994589785,Acidocroton montanus,Acidocroton montanus Urb. & Ekman,Euphorbiaceae,Acidocroton,SPECIES,HUMAN_OBSERVATION,2024-11-30T15:14:38,2024,-71.568616,18.321117,5,50c9509d-22c7-4a22-a47d-8c48425ef4a7,iNaturalist,Observations,10,02,DUVERGÉ,061002,876725b58ffffff
https://www.inaturalist.org/observations/253689479,4994326862,Guaiacum sanctum,Guaiacum sanctum L.,Zygophyllaceae,Guaiacum,SPECIES,HUMAN_OBSERVATION,2024-11-30T15:26:42,2024,-71.566524,18.322657,8,50c9509d-22c7-4a22-a47d-8c48425ef4a7,iNaturalist,Observations,10,02,DUVERGÉ,061002,876725b58ffffff
https://www.inaturalist.org/observations/254522869,4994340377,Amyris elemifera,Amyris elemifera L.,Rutaceae,Amyris,SPECIES,HUMAN_OBSERVATION,2024-11-28T11:19:59,2024,-71.567388,18.32491,NA,50c9509d-22c7-4a22-a47d-8c48425ef4a7,iNaturalist,Observations,10,02,DUVERGÉ,061002,876725b58ffffff
https://www.inaturalist.org/observations/257506920,6400904307,Ibatia maritima,Ibatia maritima (Jacq.) Decne.,Apocynaceae,Ibatia,SPECIES,HUMAN_OBSERVATION,2025-01-05T15:24:20,2025,-71.576686,18.315972,12,50c9509d-22c7-4a22-a47d-8c48425ef4a7,iNaturalist,Observations,10,02,DUVERGÉ,061002,876725b5affffff
https://www.inaturalist.org/observations/259989393,5063586504,Argemone mexicana,Argemone mexicana L.,Papaveraceae,Argemone,SPECIES,HUMAN_OBSERVATION,2025-01-07T15:58,2025,-71.570927,18.317986,61,50c9509d-22c7-4a22-a47d-8c48425ef4a7,iNaturalist,Observations,10,02,DUVERGÉ,061002,876725b58ffffff
https://www.inaturalist.org/observations/260090866,5063605934,Weinmannia pinnata,Weinmannia pinnata L.,Cunoniaceae,Weinmannia,SPECIES,HUMAN_OBSERVATION,2025-01-08T10:43,2025,-71.7007,18.3088,488,50c9509d-22c7-4a22-a47d-8c48425ef4a7,iNaturalist,Observations,10,02,DUVERGÉ,061002,876725a02ffffff
https://www.inaturalist.org/observations/260091704,5063649402,Columnea domingensis,Columnea domingensis (Urb.) B.D.Morley,Gesneriaceae,Columnea,SPECIES,HUMAN_OBSERVATION,2025-01-08T11:07,2025,-71.698984,18.308148,488,50c9509d-22c7-4a22-a47d-8c48425ef4a7,iNaturalist,Observations,10,02,DUVERGÉ,061002,876725a02ffffff
https://www.inaturalist.org/observations/260108371,5063594149,Odontosoria aculeata,Odontosoria aculeata (L.) J.Sm.,Lindsaeaceae,Odontosoria,SPECIES,HUMAN_OBSERVATION,2025-01-08T11:14,2025,-71.7007,18.308216,977,50c9509d-22c7-4a22-a47d-8c48425ef4a7,iNaturalist,Observations,10,02,DUVERGÉ,061002,876725a02ffffff
https://www.inaturalist.org/observations/260155313,5063687574,Asclepias nivea,Asclepias nivea L.,Apocynaceae,Asclepias,SPECIES,HUMAN_OBSERVATION,2025-01-08T12:34,2025,-71.70276,18.307564,977,50c9509d-22c7-4a22-a47d-8c48425ef4a7,iNaturalist,Observations,10,02,DUVERGÉ,061002,876725a1cffffff
https://www.inaturalist.org/observations/260264610,5063616925,Mammillaria prolifera,Mammillaria prolifera subsp. prolifera,Cactaceae,Mammillaria,SUBSPECIES,HUMAN_OBSERVATION,2025-01-09T12:28,2025,-71.583627,18.33194,488,50c9509d-22c7-4a22-a47d-8c48425ef4a7,iNaturalist,Observations,10,02,DUVERGÉ,061002,876725b5effffff
https://www.inaturalist.org/observations/260695569,5063880611,Tillandsia recurvata,Tillandsia recurvata (L.) L.,Bromeliaceae,Tillandsia,SPECIES,HUMAN_OBSERVATION,2025-02-04T13:53:17,2025,-71.576622,18.315905,24,50c9509d-22c7-4a22-a47d-8c48425ef4a7,iNaturalist,Observations,10,02,DUVERGÉ,061002,876725b5affffff
https://www.inaturalist.org/observations/260713840,5104299135,Tillandsia recurvata,Tillandsia recurvata (L.) L.,Bromeliaceae,Tillandsia,SPECIES,HUMAN_OBSERVATION,2025-02-04T14:10:01,2025,-71.576455,18.315818,40,50c9509d-22c7-4a22-a47d-8c48425ef4a7,iNaturalist,Observations,10,02,DUVERGÉ,061002,876725b5affffff
https://www.inaturalist.org/observations/260798188,5063916173,Begonia pycnantha,Begonia pycnantha Urb. & Ekman,Begoniaceae,Begonia,SPECIES,HUMAN_OBSERVATION,2025-01-08T09:09,2025,-71.703104,18.3088,488,50c9509d-22c7-4a22-a47d-8c48425ef4a7,iNaturalist,Observations,10,02,DUVERGÉ,061002,876725a02ffffff
https://www.inaturalist.org/observations/260798923,5831009812,Miconia ferruginea,Miconia ferruginea (Desr.) DC.,Melastomataceae,Miconia,SPECIES,HUMAN_OBSERVATION,2025-01-08T10:43,2025,-71.701889,18.308169,14,50c9509d-22c7-4a22-a47d-8c48425ef4a7,iNaturalist,Observations,10,02,DUVERGÉ,061002,876725a1cffffff
https://www.inaturalist.org/observations/260799921,5063853049,Passiflora sexflora,Passiflora sexflora Juss.,Passifloraceae,Passiflora,SPECIES,HUMAN_OBSERVATION,2025-01-08T11:09,2025,-71.697578,18.307697,5,50c9509d-22c7-4a22-a47d-8c48425ef4a7,iNaturalist,Observations,10,02,DUVERGÉ,061002,876725a02ffffff
https://www.inaturalist.org/observations/260814358,6159265702,Cynoglossum amabile,Cynoglossum amabile Stapf & J.R.Drumm.,Boraginaceae,Cynoglossum,SPECIES,HUMAN_OBSERVATION,2025-01-08T12:53,2025,-71.697869,18.308203,15,50c9509d-22c7-4a22-a47d-8c48425ef4a7,iNaturalist,Observations,10,02,DUVERGÉ,061002,876725a02ffffff
https://www.inaturalist.org/observations/262384419,5133601467,Stenocereus heptagonus,Stenocereus heptagonus (L.) Mottram,Cactaceae,Stenocereus,SPECIES,HUMAN_OBSERVATION,2025-02-13T13:26,2025,-71.629111,18.415264,2,50c9509d-22c7-4a22-a47d-8c48425ef4a7,iNaturalist,Observations,10,02,DUVERGÉ,061002,876725b0cffffff
https://www.inaturalist.org/observations/262384420,5133800420,Stenocereus heptagonus,Stenocereus heptagonus (L.) Mottram,Cactaceae,Stenocereus,SPECIES,HUMAN_OBSERVATION,2025-02-13T13:27,2025,-71.629111,18.415372,4,50c9509d-22c7-4a22-a47d-8c48425ef4a7,iNaturalist,Observations,10,02,DUVERGÉ,061002,876725b0cffffff
https://www.inaturalist.org/observations/262384426,5076928432,Consolea moniliformis,Consolea moniliformis (L.) A.Berger,Cactaceae,Consolea,SPECIES,HUMAN_OBSERVATION,2025-02-13T13:32,2025,-71.629272,18.414675,4,50c9509d-22c7-4a22-a47d-8c48425ef4a7,iNaturalist,Observations,10,02,DUVERGÉ,061002,876725b08ffffff
https://www.inaturalist.org/observations/262801104,5077045065,Consolea moniliformis,Consolea moniliformis (L.) A.Berger,Cactaceae,Consolea,SPECIES,HUMAN_OBSERVATION,2025-02-22T10:01:41,2025,-71.632447,18.408905,25,50c9509d-22c7-4a22-a47d-8c48425ef4a7,iNaturalist,Observations,10,02,DUVERGÉ,061002,876725b08ffffff
https://www.inaturalist.org/observations/263826709,5087576992,Columnea domingensis,Columnea domingensis (Urb.) B.D.Morley,Gesneriaceae,Columnea,SPECIES,HUMAN_OBSERVATION,2025-03-03T08:53:45,2025,-71.708184,18.308781,NA,50c9509d-22c7-4a22-a47d-8c48425ef4a7,iNaturalist,Observations,10,02,DUVERGÉ,061002,876725a11ffffff
https://www.inaturalist.org/observations/263827252,5087384989,Solanum americanum,Solanum americanum Mill.,Solanaceae,Solanum,SPECIES,HUMAN_OBSERVATION,2025-03-03T09:24:37,2025,-71.706224,18.30859,NA,50c9509d-22c7-4a22-a47d-8c48425ef4a7,iNaturalist,Observations,10,02,DUVERGÉ,061002,876725a11ffffff
https://www.inaturalist.org/observations/263827321,5133727544,Prunella vulgaris,Prunella vulgaris L.,Lamiaceae,Prunella,SPECIES,HUMAN_OBSERVATION,2025-03-03T09:34:41,2025,-71.707366,18.308698,NA,50c9509d-22c7-4a22-a47d-8c48425ef4a7,iNaturalist,Observations,10,02,DUVERGÉ,061002,876725a11ffffff
https://www.inaturalist.org/observations/263827558,5087515032,Argemone mexicana,Argemone mexicana L.,Papaveraceae,Argemone,SPECIES,HUMAN_OBSERVATION,2025-03-03T12:13:12,2025,-71.66112,18.3333,200,50c9509d-22c7-4a22-a47d-8c48425ef4a7,iNaturalist,Observations,10,02,DUVERGÉ,061002,876725a05ffffff
https://www.inaturalist.org/observations/263916359,5087518651,Holmskioldia sanguinea,Holmskioldia sanguinea Retz.,Lamiaceae,Holmskioldia,SPECIES,HUMAN_OBSERVATION,2025-03-04T08:16:37,2025,-71.576572,18.315827,NA,50c9509d-22c7-4a22-a47d-8c48425ef4a7,iNaturalist,Observations,10,02,DUVERGÉ,061002,876725b5affffff
https://www.inaturalist.org/observations/263916411,5087506599,Chamissoa altissima,Chamissoa altissima (Jacq.) Kunth,Amaranthaceae,Chamissoa,SPECIES,HUMAN_OBSERVATION,2025-03-04T08:20:05,2025,-71.576291,18.316147,NA,50c9509d-22c7-4a22-a47d-8c48425ef4a7,iNaturalist,Observations,10,02,DUVERGÉ,061002,876725b5affffff
https://www.inaturalist.org/observations/264681813,5087737889,Kalanchoe houghtonii,Kalanchoe × houghtonii D.B.Ward,Crassulaceae,Kalanchoe,SPECIES,HUMAN_OBSERVATION,2025-03-03T15:33,2025,-71.566493,18.323088,20,50c9509d-22c7-4a22-a47d-8c48425ef4a7,iNaturalist,Observations,10,02,DUVERGÉ,061002,876725b58ffffff
https://www.inaturalist.org/observations/264681818,5087726986,Sabal domingensis,Sabal domingensis Becc.,Arecaceae,Sabal,SPECIES,HUMAN_OBSERVATION,2025-03-03T16:27,2025,-71.584411,18.313909,500,50c9509d-22c7-4a22-a47d-8c48425ef4a7,iNaturalist,Observations,10,02,DUVERGÉ,061002,876725b5affffff
https://www.inaturalist.org/observations/265337760,6170973641,Theophrasta L.,Theophrasta L.,Primulaceae,Theophrasta,GENUS,HUMAN_OBSERVATION,2025-03-14T18:25:19,2025,-71.582861,18.311377,64,50c9509d-22c7-4a22-a47d-8c48425ef4a7,iNaturalist,Observations,10,02,DUVERGÉ,061002,876725b5affffff
https://www.inaturalist.org/observations/265392124,5936188464,Kalanchoe houghtonii,Kalanchoe × houghtonii D.B.Ward,Crassulaceae,Kalanchoe,SPECIES,HUMAN_OBSERVATION,2025-03-15T06:51:29,2025,-71.570726,18.319182,1149,50c9509d-22c7-4a22-a47d-8c48425ef4a7,iNaturalist,Observations,10,02,DUVERGÉ,061002,876725b58ffffff
https://www.inaturalist.org/observations/265392321,5935431997,Cecropia schreberiana,Cecropia schreberiana Miq.,Urticaceae,Cecropia,SPECIES,HUMAN_OBSERVATION,2025-03-15T07:53:12,2025,-71.571839,18.323214,1934,50c9509d-22c7-4a22-a47d-8c48425ef4a7,iNaturalist,Observations,10,02,DUVERGÉ,061002,876725b58ffffff
https://www.inaturalist.org/observations/265393810,5935492639,Clusia rosea,Clusia rosea Jacq.,Clusiaceae,Clusia,SPECIES,HUMAN_OBSERVATION,2025-03-15T07:21:33,2025,-71.569984,18.318752,1006,50c9509d-22c7-4a22-a47d-8c48425ef4a7,iNaturalist,Observations,10,02,DUVERGÉ,061002,876725b58ffffff
https://www.inaturalist.org/observations/265395476,5936193551,Opuntia repens,Opuntia repens Bello,Cactaceae,Opuntia,SPECIES,HUMAN_OBSERVATION,2025-03-15T08:23:42,2025,-71.584781,18.311506,1,50c9509d-22c7-4a22-a47d-8c48425ef4a7,iNaturalist,Observations,10,02,DUVERGÉ,061002,876725b5affffff
https://www.inaturalist.org/observations/265395573,5936184243,Pilosocereus polygonus,Pilosocereus polygonus (Lam.) Byles & G.D.Rowley,Cactaceae,Pilosocereus,SPECIES,HUMAN_OBSERVATION,2025-03-15T08:39:05,2025,-71.569984,18.318752,1026,50c9509d-22c7-4a22-a47d-8c48425ef4a7,iNaturalist,Observations,10,02,DUVERGÉ,061002,876725b58ffffff
https://www.inaturalist.org/observations/265401301,5935345118,Kalanchoe houghtonii,Kalanchoe × houghtonii D.B.Ward,Crassulaceae,Kalanchoe,SPECIES,HUMAN_OBSERVATION,2025-03-15T09:17:07,2025,-71.570726,18.319182,1120,50c9509d-22c7-4a22-a47d-8c48425ef4a7,iNaturalist,Observations,10,02,DUVERGÉ,061002,876725b58ffffff
https://www.inaturalist.org/observations/265472368,5935222505,Cylindropuntia caribaea,Cylindropuntia caribaea (Britton & Rose) F.M.Knuth,Cactaceae,Cylindropuntia,SPECIES,HUMAN_OBSERVATION,2025-03-15T14:18:36,2025,-71.618122,18.402072,NA,50c9509d-22c7-4a22-a47d-8c48425ef4a7,iNaturalist,Observations,10,02,DUVERGÉ,061002,876725b09ffffff
https://www.inaturalist.org/observations/265578046,5935728604,Prunella vulgaris,Prunella vulgaris L.,Lamiaceae,Prunella,SPECIES,HUMAN_OBSERVATION,2025-03-16T08:26:12,2025,-71.69605,18.305253,NA,50c9509d-22c7-4a22-a47d-8c48425ef4a7,iNaturalist,Observations,10,02,DUVERGÉ,061002,876725a1cffffff
https://www.inaturalist.org/observations/265648933,5936153421,Trifolium repens,Trifolium repens L.,Fabaceae,Trifolium,SPECIES,HUMAN_OBSERVATION,2025-03-16T09:20:35,2025,-71.704094,18.3081,NA,50c9509d-22c7-4a22-a47d-8c48425ef4a7,iNaturalist,Observations,10,02,DUVERGÉ,061002,876725a1cffffff
https://www.inaturalist.org/observations/265649040,5935494952,Fragaria vesca,Fragaria vesca L.,Rosaceae,Fragaria,SPECIES,HUMAN_OBSERVATION,2025-03-16T09:35:47,2025,-71.708544,18.308831,NA,50c9509d-22c7-4a22-a47d-8c48425ef4a7,iNaturalist,Observations,10,02,DUVERGÉ,061002,876725a11ffffff
https://www.inaturalist.org/observations/265649105,5935558868,Youngia japonica,Youngia japonica (L.) DC.,Asteraceae,Youngia,SPECIES,HUMAN_OBSERVATION,2025-03-16T10:02:52,2025,-71.708772,18.308853,NA,50c9509d-22c7-4a22-a47d-8c48425ef4a7,iNaturalist,Observations,10,02,DUVERGÉ,061002,876725a11ffffff
https://www.inaturalist.org/observations/265857151,6334353057,Theophrasta L.,Theophrasta L.,Primulaceae,Theophrasta,GENUS,HUMAN_OBSERVATION,2025-03-15T10:05:45,2025,-71.583439,18.310992,NA,50c9509d-22c7-4a22-a47d-8c48425ef4a7,iNaturalist,Observations,10,02,DUVERGÉ,061002,876725b5affffff
https://www.inaturalist.org/observations/265858295,6334382483,Cylindropuntia caribaea,Cylindropuntia caribaea (Britton & Rose) F.M.Knuth,Cactaceae,Cylindropuntia,SPECIES,HUMAN_OBSERVATION,2025-03-15T14:14:12,2025,-71.617944,18.402036,NA,50c9509d-22c7-4a22-a47d-8c48425ef4a7,iNaturalist,Observations,10,02,DUVERGÉ,061002,876725b09ffffff
https://www.inaturalist.org/observations/265859029,6334087446,Consolea moniliformis,Consolea moniliformis (L.) A.Berger,Cactaceae,Consolea,SPECIES,HUMAN_OBSERVATION,2025-03-15T14:37:48,2025,-71.628664,18.403319,NA,50c9509d-22c7-4a22-a47d-8c48425ef4a7,iNaturalist,Observations,10,02,DUVERGÉ,061002,876725b08ffffff
https://www.inaturalist.org/observations/265859329,6334651783,Cylindropuntia caribaea,Cylindropuntia caribaea (Britton & Rose) F.M.Knuth,Cactaceae,Cylindropuntia,SPECIES,HUMAN_OBSERVATION,2025-03-15T14:29:52,2025,-71.618064,18.401753,NA,50c9509d-22c7-4a22-a47d-8c48425ef4a7,iNaturalist,Observations,10,02,DUVERGÉ,061002,876725b09ffffff
https://www.inaturalist.org/observations/265860116,6334180856,Consolea moniliformis,Consolea moniliformis (L.) A.Berger,Cactaceae,Consolea,SPECIES,HUMAN_OBSERVATION,2025-03-15T14:52:15,2025,-71.632003,18.409172,NA,50c9509d-22c7-4a22-a47d-8c48425ef4a7,iNaturalist,Observations,10,02,DUVERGÉ,061002,876725b08ffffff
https://www.inaturalist.org/observations/265860273,6334300761,Stenocereus heptagonus,Stenocereus heptagonus (L.) Mottram,Cactaceae,Stenocereus,SPECIES,HUMAN_OBSERVATION,2025-03-15T15:17:32,2025,-71.628747,18.415747,NA,50c9509d-22c7-4a22-a47d-8c48425ef4a7,iNaturalist,Observations,10,02,DUVERGÉ,061002,876725b0cffffff
https://www.inaturalist.org/observations/265862593,6334034324,Cylindropuntia caribaea,Cylindropuntia caribaea (Britton & Rose) F.M.Knuth,Cactaceae,Cylindropuntia,SPECIES,HUMAN_OBSERVATION,2025-03-15T15:27:22,2025,-71.629214,18.415339,NA,50c9509d-22c7-4a22-a47d-8c48425ef4a7,iNaturalist,Observations,10,02,DUVERGÉ,061002,876725b0cffffff
https://www.inaturalist.org/observations/266184067,6334889989,Bocconia frutescens,Bocconia frutescens L.,Papaveraceae,Bocconia,SPECIES,HUMAN_OBSERVATION,2025-03-16T07:36:43,2025,-71.705683,18.308442,NA,50c9509d-22c7-4a22-a47d-8c48425ef4a7,iNaturalist,Observations,10,02,DUVERGÉ,061002,876725a1cffffff
https://www.inaturalist.org/observations/266184163,6333888642,Lobelia rotundifolia,Lobelia rotundifolia Juss. ex A.DC.,Campanulaceae,Lobelia,SPECIES,HUMAN_OBSERVATION,2025-03-16T08:27:25,2025,-71.696492,18.305675,NA,50c9509d-22c7-4a22-a47d-8c48425ef4a7,iNaturalist,Observations,10,02,DUVERGÉ,061002,876725a1cffffff
https://www.inaturalist.org/observations/266184907,6334780551,Prunella vulgaris,Prunella vulgaris L.,Lamiaceae,Prunella,SPECIES,HUMAN_OBSERVATION,2025-03-16T08:58:44,2025,-71.700486,18.30825,NA,50c9509d-22c7-4a22-a47d-8c48425ef4a7,iNaturalist,Observations,10,02,DUVERGÉ,061002,876725a02ffffff
https://www.inaturalist.org/observations/266186871,6335025326,Geranium purpureum,Geranium purpureum Vill.,Geraniaceae,Geranium,SPECIES,HUMAN_OBSERVATION,2025-03-16T09:09:41,2025,-71.703008,18.3075,NA,50c9509d-22c7-4a22-a47d-8c48425ef4a7,iNaturalist,Observations,10,02,DUVERGÉ,061002,876725a1cffffff
https://www.inaturalist.org/observations/266187326,6334743918,Solanum americanum,Solanum americanum Mill.,Solanaceae,Solanum,SPECIES,HUMAN_OBSERVATION,2025-03-16T09:28:35,2025,-71.706969,18.308683,NA,50c9509d-22c7-4a22-a47d-8c48425ef4a7,iNaturalist,Observations,10,02,DUVERGÉ,061002,876725a11ffffff
https://www.inaturalist.org/observations/267070160,6184945821,Pitcairnia elizabethae,Pitcairnia elizabethae L.B.Sm.,Bromeliaceae,Pitcairnia,SPECIES,HUMAN_OBSERVATION,2025-03-25T15:53:24,2025,-71.598202,18.301012,5,50c9509d-22c7-4a22-a47d-8c48425ef4a7,iNaturalist,Observations,10,02,DUVERGÉ,061002,876725a74ffffff
https://www.inaturalist.org/observations/267071307,6184993243,Pitcairnia elizabethae,Pitcairnia elizabethae L.B.Sm.,Bromeliaceae,Pitcairnia,SPECIES,HUMAN_OBSERVATION,2025-03-25T17:55:20,2025,-71.590403,18.29364,6,50c9509d-22c7-4a22-a47d-8c48425ef4a7,iNaturalist,Observations,10,02,DUVERGÉ,061002,876725a74ffffff
https://www.inaturalist.org/observations/267071464,5140025642,Poitea galegoides,Poitea galegoides Vent.,Fabaceae,Poitea,SPECIES,HUMAN_OBSERVATION,2025-03-26T08:52:46,2025,-71.589655,18.292593,8,50c9509d-22c7-4a22-a47d-8c48425ef4a7,iNaturalist,Observations,10,02,DUVERGÉ,061002,876725a74ffffff
https://www.inaturalist.org/observations/267071492,5830489558,Miconia angustilamina,Miconia angustilamina (Judd & Skean) Judd & Ionta,Melastomataceae,Miconia,SPECIES,HUMAN_OBSERVATION,2025-03-26T08:55:38,2025,-71.58968,18.292502,6,50c9509d-22c7-4a22-a47d-8c48425ef4a7,iNaturalist,Observations,10,02,DUVERGÉ,061002,876725a74ffffff
https://www.inaturalist.org/observations/267072086,5108210613,Hibiscus phoeniceus,Hibiscus phoeniceus Jacq.,Malvaceae,Hibiscus,SPECIES,HUMAN_OBSERVATION,2025-03-26T10:08:49,2025,-71.590177,18.291613,8,50c9509d-22c7-4a22-a47d-8c48425ef4a7,iNaturalist,Observations,10,02,DUVERGÉ,061002,876725a74ffffff
https://www.inaturalist.org/observations/267073603,5167052496,Opuntia repens,Opuntia repens Bello,Cactaceae,Opuntia,SPECIES,HUMAN_OBSERVATION,2025-03-26T12:07:07,2025,-71.584757,18.31163,5,50c9509d-22c7-4a22-a47d-8c48425ef4a7,iNaturalist,Observations,10,02,DUVERGÉ,061002,876725b5affffff
https://www.inaturalist.org/observations/267113212,5108132737,Plumeria stenopetala,Plumeria × stenopetala Urb.,Apocynaceae,Plumeria,SPECIES,HUMAN_OBSERVATION,2025-03-26T13:55:42,2025,-71.567242,18.324892,8,50c9509d-22c7-4a22-a47d-8c48425ef4a7,iNaturalist,Observations,10,02,DUVERGÉ,061002,876725b58ffffff
https://www.inaturalist.org/observations/267113358,5108228732,Tabebuia densifolia,Tabebuia densifolia Urb.,Bignoniaceae,Tabebuia,SPECIES,HUMAN_OBSERVATION,2025-03-26T13:56:29,2025,-71.567302,18.32492,6,50c9509d-22c7-4a22-a47d-8c48425ef4a7,iNaturalist,Observations,10,02,DUVERGÉ,061002,876725b58ffffff
https://www.inaturalist.org/observations/269596414,5134684758,Corchorus hirsutus,Corchorus hirsutus L.,Malvaceae,Corchorus,SPECIES,HUMAN_OBSERVATION,2025-04-10T08:00:31,2025,-71.631783,18.40965,5,50c9509d-22c7-4a22-a47d-8c48425ef4a7,iNaturalist,Observations,10,02,DUVERGÉ,061002,876725b08ffffff
https://www.inaturalist.org/observations/269604537,5134738049,Bacopa monnieri,Bacopa monnieri (L.) Pennell,Plantaginaceae,Bacopa,SPECIES,HUMAN_OBSERVATION,2025-04-10T09:16:36,2025,-71.60975,18.408872,3,50c9509d-22c7-4a22-a47d-8c48425ef4a7,iNaturalist,Observations,10,02,DUVERGÉ,061002,876725b0dffffff
https://www.inaturalist.org/observations/269605933,5134647064,Azadirachta indica,Azadirachta indica A.Juss.,Meliaceae,Azadirachta,SPECIES,HUMAN_OBSERVATION,2025-04-10T09:23:47,2025,-71.60865,18.407758,45,50c9509d-22c7-4a22-a47d-8c48425ef4a7,iNaturalist,Observations,10,02,DUVERGÉ,061002,876725b0dffffff
https://www.inaturalist.org/observations/269606566,6188008084,Eustoma exaltatum,Eustoma exaltatum (L.) Salisb.,Gentianaceae,Eustoma,SPECIES,HUMAN_OBSERVATION,2025-04-10T09:21:33,2025,-71.608855,18.408025,4,50c9509d-22c7-4a22-a47d-8c48425ef4a7,iNaturalist,Observations,10,02,DUVERGÉ,061002,876725b0dffffff
https://www.inaturalist.org/observations/269607354,5134872915,Consolea moniliformis,Consolea moniliformis (L.) A.Berger,Cactaceae,Consolea,SPECIES,HUMAN_OBSERVATION,2025-04-10T08:15:07,2025,-71.631875,18.411983,14,50c9509d-22c7-4a22-a47d-8c48425ef4a7,iNaturalist,Observations,10,02,DUVERGÉ,061002,876725b08ffffff
https://www.inaturalist.org/observations/269625749,5134640841,Cylindropuntia caribaea,Cylindropuntia caribaea (Britton & Rose) F.M.Knuth,Cactaceae,Cylindropuntia,SPECIES,HUMAN_OBSERVATION,2025-04-10T07:59:03,2025,-71.631775,18.40957,3,50c9509d-22c7-4a22-a47d-8c48425ef4a7,iNaturalist,Observations,10,02,DUVERGÉ,061002,876725b08ffffff
https://www.inaturalist.org/observations/269626046,5134888127,Pilosocereus polygonus,Pilosocereus polygonus (Lam.) Byles & G.D.Rowley,Cactaceae,Pilosocereus,SPECIES,HUMAN_OBSERVATION,2025-04-10T07:56:58,2025,-71.631692,18.409078,4,50c9509d-22c7-4a22-a47d-8c48425ef4a7,iNaturalist,Observations,10,02,DUVERGÉ,061002,876725b08ffffff
https://www.inaturalist.org/observations/269626092,5134873064,Consolea moniliformis,Consolea moniliformis (L.) A.Berger,Cactaceae,Consolea,SPECIES,HUMAN_OBSERVATION,2025-04-10T07:56:46,2025,-71.631692,18.408987,5,50c9509d-22c7-4a22-a47d-8c48425ef4a7,iNaturalist,Observations,10,02,DUVERGÉ,061002,876725b08ffffff
https://www.inaturalist.org/observations/269643054,5139993737,Prunella vulgaris,Prunella vulgaris L.,Lamiaceae,Prunella,SPECIES,HUMAN_OBSERVATION,2025-04-09T08:31,2025,-71.706947,18.308695,3,50c9509d-22c7-4a22-a47d-8c48425ef4a7,iNaturalist,Observations,10,02,DUVERGÉ,061002,876725a11ffffff
https://www.inaturalist.org/observations/270250198,5176423597,Kalanchoe houghtonii,Kalanchoe × houghtonii D.B.Ward,Crassulaceae,Kalanchoe,SPECIES,HUMAN_OBSERVATION,2025-04-09T11:44:26,2025,-71.677375,18.32405,7,50c9509d-22c7-4a22-a47d-8c48425ef4a7,iNaturalist,Observations,10,02,DUVERGÉ,061002,876725a00ffffff
https://www.inaturalist.org/observations/270250491,5133419026,Cylindropuntia caribaea,Cylindropuntia caribaea (Britton & Rose) F.M.Knuth,Cactaceae,Cylindropuntia,SPECIES,HUMAN_OBSERVATION,2025-04-10T08:05:48,2025,-71.632422,18.410363,2,50c9509d-22c7-4a22-a47d-8c48425ef4a7,iNaturalist,Observations,10,02,DUVERGÉ,061002,876725b08ffffff
https://www.inaturalist.org/observations/271025843,5153038074,Cestrum violaceum,Cestrum violaceum Urb.,Solanaceae,Cestrum,SPECIES,HUMAN_OBSERVATION,2025-04-09T08:24,2025,-71.705772,18.308389,4,50c9509d-22c7-4a22-a47d-8c48425ef4a7,iNaturalist,Observations,10,02,DUVERGÉ,061002,876725a11ffffff
https://www.inaturalist.org/observations/271044492,5134114355,Kalanchoe houghtonii,Kalanchoe × houghtonii D.B.Ward,Crassulaceae,Kalanchoe,SPECIES,HUMAN_OBSERVATION,2025-04-09T11:44,2025,-71.677278,18.324014,4,50c9509d-22c7-4a22-a47d-8c48425ef4a7,iNaturalist,Observations,10,02,DUVERGÉ,061002,876725a00ffffff
https://www.inaturalist.org/observations/27320701,2269322565,Ceiba pentandra,Ceiba pentandra (L.) Gaertn.,Malvaceae,Ceiba,SPECIES,HUMAN_OBSERVATION,2019-06-20T06:55:46,2019,-71.578005,18.316098,6,50c9509d-22c7-4a22-a47d-8c48425ef4a7,iNaturalist,Observations,10,02,DUVERGÉ,061002,876725b5affffff
https://www.inaturalist.org/observations/27335626,5062468483,Lantana L.,Lantana L.,Verbenaceae,Lantana,GENUS,HUMAN_OBSERVATION,2019-06-20T07:02:40,2019,-71.579564,18.316145,7,50c9509d-22c7-4a22-a47d-8c48425ef4a7,iNaturalist,Observations,10,02,DUVERGÉ,061002,876725b5affffff
https://www.inaturalist.org/observations/27336072,3455961469,Kalanchoe houghtonii,Kalanchoe × houghtonii D.B.Ward,Crassulaceae,Kalanchoe,SPECIES,HUMAN_OBSERVATION,2019-06-20T07:10:51,2019,-71.580653,18.315947,8,50c9509d-22c7-4a22-a47d-8c48425ef4a7,iNaturalist,Observations,10,02,DUVERGÉ,061002,876725b5affffff
https://www.inaturalist.org/observations/27336081,2269327057,Spondias mombin,Spondias mombin Jacq.,Anacardiaceae,Spondias,SPECIES,HUMAN_OBSERVATION,2019-06-20T07:15:37,2019,-71.581129,18.315254,8,50c9509d-22c7-4a22-a47d-8c48425ef4a7,iNaturalist,Observations,10,02,DUVERGÉ,061002,876725b5affffff
https://www.inaturalist.org/observations/27336110,3923398318,Sphagneticola trilobata,Sphagneticola trilobata (L.) Pruski,Asteraceae,Sphagneticola,SPECIES,HUMAN_OBSERVATION,2019-06-20T07:57:29,2019,-71.581666,18.312942,10,50c9509d-22c7-4a22-a47d-8c48425ef4a7,iNaturalist,Observations,10,02,DUVERGÉ,061002,876725b5affffff
https://www.inaturalist.org/observations/27337098,3859085399,Sapindus saponaria,Sapindus saponaria L.,Sapindaceae,Sapindus,SPECIES,HUMAN_OBSERVATION,2019-06-20T08:35:30,2019,-71.577203,18.315906,5,50c9509d-22c7-4a22-a47d-8c48425ef4a7,iNaturalist,Observations,10,02,DUVERGÉ,061002,876725b5affffff
https://www.inaturalist.org/observations/305773531,5760288109,Cestrum violaceum,Cestrum violaceum Urb.,Solanaceae,Cestrum,SPECIES,HUMAN_OBSERVATION,2025-03-16T09:09,2025,-71.703266,18.30757,NA,50c9509d-22c7-4a22-a47d-8c48425ef4a7,iNaturalist,Observations,10,02,DUVERGÉ,061002,876725a1cffffff
https://www.inaturalist.org/observations/308511146,5759562504,Mammillaria prolifera,Mammillaria prolifera subsp. prolifera,Cactaceae,Mammillaria,SUBSPECIES,HUMAN_OBSERVATION,2023-10-15T09:30,2023,-71.585106,18.342292,5,50c9509d-22c7-4a22-a47d-8c48425ef4a7,iNaturalist,Observations,10,02,DUVERGÉ,061002,876725b5effffff
https://www.inaturalist.org/observations/308511149,5759973436,Ludwigia repens,Ludwigia repens J.R.Forst.,Onagraceae,Ludwigia,SPECIES,HUMAN_OBSERVATION,2023-10-14T16:52,2023,-71.579453,18.325503,5,50c9509d-22c7-4a22-a47d-8c48425ef4a7,iNaturalist,Observations,10,02,DUVERGÉ,061002,876725b5effffff
https://www.inaturalist.org/observations/308511276,5760123040,Antigonon leptopus,Antigonon leptopus Hook. & Arn.,Polygonaceae,Antigonon,SPECIES,HUMAN_OBSERVATION,2022-10-30T12:16,2022,-71.521156,18.379769,5,50c9509d-22c7-4a22-a47d-8c48425ef4a7,iNaturalist,Observations,10,02,DUVERGÉ,061002,876725b63ffffff
https://www.inaturalist.org/observations/308511290,6353159463,Dieffenbachia seguine,Dieffenbachia seguine (Jacq.) Schott,Araceae,Dieffenbachia,SPECIES,HUMAN_OBSERVATION,2022-10-30T10:55,2022,-71.578644,18.325414,5,50c9509d-22c7-4a22-a47d-8c48425ef4a7,iNaturalist,Observations,10,02,DUVERGÉ,061002,876725b5effffff
https://www.inaturalist.org/observations/31006557,2557644663,Tillandsia recurvata,Tillandsia recurvata (L.) L.,Bromeliaceae,Tillandsia,SPECIES,HUMAN_OBSERVATION,2019-08-17T08:21:23,2019,-71.637286,18.406166,7,50c9509d-22c7-4a22-a47d-8c48425ef4a7,iNaturalist,Observations,10,02,DUVERGÉ,061002,876725b08ffffff
https://www.inaturalist.org/observations/31006606,2366070218,Cylindropuntia caribaea,Cylindropuntia caribaea (Britton & Rose) F.M.Knuth,Cactaceae,Cylindropuntia,SPECIES,HUMAN_OBSERVATION,2019-08-17T08:49:44,2019,-71.640115,18.408077,9,50c9509d-22c7-4a22-a47d-8c48425ef4a7,iNaturalist,Observations,10,02,DUVERGÉ,061002,876725b08ffffff
https://www.inaturalist.org/observations/31006655,2366069034,Stenocereus heptagonus,Stenocereus heptagonus (L.) Mottram,Cactaceae,Stenocereus,SPECIES,HUMAN_OBSERVATION,2019-08-17T09:00:27,2019,-71.640182,18.40771,8,50c9509d-22c7-4a22-a47d-8c48425ef4a7,iNaturalist,Observations,10,02,DUVERGÉ,061002,876725b08ffffff
https://www.inaturalist.org/observations/31006676,2517953606,Neltuma juliflora,Neltuma juliflora (Sw.) Raf.,Fabaceae,Neltuma,SPECIES,HUMAN_OBSERVATION,2019-08-17T09:02:02,2019,-71.640211,18.407515,20,50c9509d-22c7-4a22-a47d-8c48425ef4a7,iNaturalist,Observations,10,02,DUVERGÉ,061002,876725b08ffffff
https://www.inaturalist.org/observations/31007111,2366070693,Mammillaria prolifera,Mammillaria prolifera subsp. prolifera,Cactaceae,Mammillaria,SUBSPECIES,HUMAN_OBSERVATION,2019-08-17T09:53:34,2019,-71.639118,18.406723,NA,50c9509d-22c7-4a22-a47d-8c48425ef4a7,iNaturalist,Observations,10,02,DUVERGÉ,061002,876725b08ffffff
https://www.inaturalist.org/observations/31017698,5086854465,Uniola virgata,Uniola virgata (Poir.) Griseb.,Poaceae,Uniola,SPECIES,HUMAN_OBSERVATION,2019-08-17T09:56:07,2019,-71.640017,18.407151,19,50c9509d-22c7-4a22-a47d-8c48425ef4a7,iNaturalist,Observations,10,02,DUVERGÉ,061002,876725b08ffffff
https://www.inaturalist.org/observations/31049325,4405264318,Stenocereus heptagonus,Stenocereus heptagonus (L.) Mottram,Cactaceae,Stenocereus,SPECIES,HUMAN_OBSERVATION,2019-08-17T10:09:44,2019,-71.639813,18.407017,13,50c9509d-22c7-4a22-a47d-8c48425ef4a7,iNaturalist,Observations,10,02,DUVERGÉ,061002,876725b08ffffff
https://www.inaturalist.org/observations/31077300,2447836187,Hibiscus phoeniceus,Hibiscus phoeniceus Jacq.,Malvaceae,Hibiscus,SPECIES,HUMAN_OBSERVATION,2019-08-17T10:13:37,2019,-71.639118,18.406723,NA,50c9509d-22c7-4a22-a47d-8c48425ef4a7,iNaturalist,Observations,10,02,DUVERGÉ,061002,876725b08ffffff
https://www.inaturalist.org/observations/31077422,3456177660,Croton flavens,Croton flavens L.,Euphorbiaceae,Croton,SPECIES,HUMAN_OBSERVATION,2019-08-17T10:24:34,2019,-71.640373,18.406626,7,50c9509d-22c7-4a22-a47d-8c48425ef4a7,iNaturalist,Observations,10,02,DUVERGÉ,061002,876725b08ffffff
https://www.inaturalist.org/observations/31077555,2445123472,Turnera diffusa,Turnera diffusa Willd. ex Schult.,Passifloraceae,Turnera,SPECIES,HUMAN_OBSERVATION,2019-08-17T11:20:12,2019,-71.634513,18.406267,9,50c9509d-22c7-4a22-a47d-8c48425ef4a7,iNaturalist,Observations,10,02,DUVERGÉ,061002,876725b08ffffff
https://www.inaturalist.org/observations/31077602,2429231170,Melochia tomentosa,Melochia tomentosa L.,Malvaceae,Melochia,SPECIES,HUMAN_OBSERVATION,2019-08-17T11:21:32,2019,-71.634588,18.406303,9,50c9509d-22c7-4a22-a47d-8c48425ef4a7,iNaturalist,Observations,10,02,DUVERGÉ,061002,876725b08ffffff
https://www.inaturalist.org/observations/31078654,3456146501,Stigmaphyllon emarginatum,Stigmaphyllon emarginatum (Cav.) A.Juss.,Malpighiaceae,Stigmaphyllon,SPECIES,HUMAN_OBSERVATION,2019-08-17T11:26:49,2019,-71.634702,18.406184,8,50c9509d-22c7-4a22-a47d-8c48425ef4a7,iNaturalist,Observations,10,02,DUVERGÉ,061002,876725b08ffffff
https://www.inaturalist.org/observations/31079858,2429231223,Melochia tomentosa,Melochia tomentosa L.,Malvaceae,Melochia,SPECIES,HUMAN_OBSERVATION,2019-08-17T11:27:46,2019,-71.634847,18.406098,7,50c9509d-22c7-4a22-a47d-8c48425ef4a7,iNaturalist,Observations,10,02,DUVERGÉ,061002,876725b08ffffff
https://www.inaturalist.org/observations/31079955,2517953696,Catalpa longissima,Catalpa longissima (Jacq.) Dum.Cours.,Bignoniaceae,Catalpa,SPECIES,HUMAN_OBSERVATION,2019-08-17T14:43:22,2019,-71.569784,18.398062,7,50c9509d-22c7-4a22-a47d-8c48425ef4a7,iNaturalist,Observations,10,02,DUVERGÉ,061002,876725b71ffffff
https://www.inaturalist.org/observations/31080131,2366091474,Pilosocereus polygonus,Pilosocereus polygonus (Lam.) Byles & G.D.Rowley,Cactaceae,Pilosocereus,SPECIES,HUMAN_OBSERVATION,2019-08-18T08:47:31,2019,-71.631742,18.408229,9,50c9509d-22c7-4a22-a47d-8c48425ef4a7,iNaturalist,Observations,10,02,DUVERGÉ,061002,876725b08ffffff
https://www.inaturalist.org/observations/31080306,4908604079,Sarcomphalus domingensis,Sarcomphalus domingensis (Spreng.) Krug & Urb.,Rhamnaceae,Sarcomphalus,SPECIES,HUMAN_OBSERVATION,2019-08-18T09:50:20,2019,-71.627831,18.408585,6,50c9509d-22c7-4a22-a47d-8c48425ef4a7,iNaturalist,Observations,10,02,DUVERGÉ,061002,876725b08ffffff
https://www.inaturalist.org/observations/31080426,2366090188,Pilosocereus polygonus,Pilosocereus polygonus (Lam.) Byles & G.D.Rowley,Cactaceae,Pilosocereus,SPECIES,HUMAN_OBSERVATION,2019-08-18T09:59:09,2019,-71.627874,18.407981,17,50c9509d-22c7-4a22-a47d-8c48425ef4a7,iNaturalist,Observations,10,02,DUVERGÉ,061002,876725b08ffffff
https://www.inaturalist.org/observations/31080483,5827625896,Casearia comocladifolia,Casearia comocladifolia Vent.,Salicaceae,Casearia,SPECIES,HUMAN_OBSERVATION,2019-08-18T10:02:21,2019,-71.627827,18.4079,20,50c9509d-22c7-4a22-a47d-8c48425ef4a7,iNaturalist,Observations,10,02,DUVERGÉ,061002,876725b08ffffff
https://www.inaturalist.org/observations/31100002,5230604316,Quadrella ferruginea,Morisonia ferruginea (L.) Christenh. & Byng,Capparaceae,Quadrella,SPECIES,HUMAN_OBSERVATION,2019-08-17,2019,-71.5753,18.317389,206,50c9509d-22c7-4a22-a47d-8c48425ef4a7,iNaturalist,Observations,10,02,DUVERGÉ,061002,876725b5affffff
https://www.inaturalist.org/observations/31128980,2366104272,Jatropha gossypiifolia,Jatropha gossypiifolia L.,Euphorbiaceae,Jatropha,SPECIES,HUMAN_OBSERVATION,2019-08-17,2019,-71.521743,18.412716,NA,50c9509d-22c7-4a22-a47d-8c48425ef4a7,iNaturalist,Observations,10,02,DUVERGÉ,061002,876725b60ffffff
https://www.inaturalist.org/observations/31557365,3039161433,Bursera simaruba,Bursera simaruba (L.) Sarg.,Burseraceae,Bursera,SPECIES,HUMAN_OBSERVATION,2019-08-04T08:09,2019,-71.624351,18.361207,NA,50c9509d-22c7-4a22-a47d-8c48425ef4a7,iNaturalist,Observations,10,02,DUVERGÉ,061002,876725b52ffffff
https://www.inaturalist.org/observations/31564624,4987435455,Brunellia comocladifolia,Brunellia comocladifolia Humb. & Bonpl.,Brunelliaceae,Brunellia,SPECIES,HUMAN_OBSERVATION,2019-08-05T07:05,2019,-71.705512,18.3082,NA,50c9509d-22c7-4a22-a47d-8c48425ef4a7,iNaturalist,Observations,10,02,DUVERGÉ,061002,876725a1cffffff
https://www.inaturalist.org/observations/31564632,4852593261,Fragaria vesca,Fragaria vesca L.,Rosaceae,Fragaria,SPECIES,HUMAN_OBSERVATION,2019-08-05T08:13,2019,-71.69814,18.308184,NA,50c9509d-22c7-4a22-a47d-8c48425ef4a7,iNaturalist,Observations,10,02,DUVERGÉ,061002,876725a02ffffff
https://www.inaturalist.org/observations/31565603,4162106324,Rubus niveus,Rubus niveus Thunb.,Rosaceae,Rubus,SPECIES,HUMAN_OBSERVATION,2019-08-05T08:56,2019,-71.703838,18.308491,100,50c9509d-22c7-4a22-a47d-8c48425ef4a7,iNaturalist,Observations,10,02,DUVERGÉ,061002,876725a1cffffff
https://www.inaturalist.org/observations/31565605,6184916608,Rubus niveus,Rubus niveus Thunb.,Rosaceae,Rubus,SPECIES,HUMAN_OBSERVATION,2019-08-05T08:58,2019,-71.703816,18.308634,100,50c9509d-22c7-4a22-a47d-8c48425ef4a7,iNaturalist,Observations,10,02,DUVERGÉ,061002,876725a02ffffff
https://www.inaturalist.org/observations/31565611,2563459283,Calanthe calanthoides,Calanthe calanthoides (A.Rich. & Galeotti) Hamer & Garay,Orchidaceae,Calanthe,SPECIES,HUMAN_OBSERVATION,2019-08-05T08:47,2019,-71.703924,18.308603,100,50c9509d-22c7-4a22-a47d-8c48425ef4a7,iNaturalist,Observations,10,02,DUVERGÉ,061002,876725a02ffffff
https://www.inaturalist.org/observations/31567544,6185071613,Rubus niveus,Rubus niveus Thunb.,Rosaceae,Rubus,SPECIES,HUMAN_OBSERVATION,2019-08-05T08:52,2019,-71.706164,18.308934,NA,50c9509d-22c7-4a22-a47d-8c48425ef4a7,iNaturalist,Observations,10,02,DUVERGÉ,061002,876725a11ffffff
https://www.inaturalist.org/observations/31567547,2397575531,Asclepias nivea,Asclepias nivea L.,Apocynaceae,Asclepias,SPECIES,HUMAN_OBSERVATION,2019-08-05T08:45,2019,-71.703337,18.307532,10,50c9509d-22c7-4a22-a47d-8c48425ef4a7,iNaturalist,Observations,10,02,DUVERGÉ,061002,876725a1cffffff
https://www.inaturalist.org/observations/319459543,5844207100,Consolea moniliformis,Consolea moniliformis (L.) A.Berger,Cactaceae,Consolea,SPECIES,HUMAN_OBSERVATION,2025-10-07T10:12:24,2025,-71.631905,18.4087,5,50c9509d-22c7-4a22-a47d-8c48425ef4a7,iNaturalist,Observations,10,02,DUVERGÉ,061002,876725b08ffffff
https://www.inaturalist.org/observations/319460016,5844085152,Consolea moniliformis,Consolea moniliformis (L.) A.Berger,Cactaceae,Consolea,SPECIES,HUMAN_OBSERVATION,2025-10-07T10:27:25,2025,-71.629128,18.414738,3,50c9509d-22c7-4a22-a47d-8c48425ef4a7,iNaturalist,Observations,10,02,DUVERGÉ,061002,876725b08ffffff
https://www.inaturalist.org/observations/319687866,5844057502,Consolea moniliformis,Consolea moniliformis (L.) A.Berger,Cactaceae,Consolea,SPECIES,HUMAN_OBSERVATION,2025-10-08T18:05:47,2025,-71.632142,18.40883,3,50c9509d-22c7-4a22-a47d-8c48425ef4a7,iNaturalist,Observations,10,02,DUVERGÉ,061002,876725b08ffffff
https://www.inaturalist.org/observations/319691194,5938561705,Cylindropuntia caribaea,Cylindropuntia caribaea (Britton & Rose) F.M.Knuth,Cactaceae,Cylindropuntia,SPECIES,HUMAN_OBSERVATION,2025-10-08T18:10:24,2025,-71.63263,18.407912,6,50c9509d-22c7-4a22-a47d-8c48425ef4a7,iNaturalist,Observations,10,02,DUVERGÉ,061002,876725b08ffffff
https://www.inaturalist.org/observations/31999259,2540737296,Myriopteris microphylla,Myriopteris microphylla (Sw.) Grusz & Windham,Pteridaceae,Myriopteris,SPECIES,HUMAN_OBSERVATION,2019-08-31T07:31:39,2019,-71.572055,18.305134,8,50c9509d-22c7-4a22-a47d-8c48425ef4a7,iNaturalist,Observations,10,02,DUVERGÉ,061002,876725b5bffffff
https://www.inaturalist.org/observations/31999374,2397678397,Mammillaria prolifera,Mammillaria prolifera subsp. prolifera,Cactaceae,Mammillaria,SUBSPECIES,HUMAN_OBSERVATION,2019-08-31T09:24:01,2019,-71.569994,18.306854,13,50c9509d-22c7-4a22-a47d-8c48425ef4a7,iNaturalist,Observations,10,02,DUVERGÉ,061002,876725b5bffffff
https://www.inaturalist.org/observations/31999384,3031826515,Amyris elemifera,Amyris elemifera L.,Rutaceae,Amyris,SPECIES,HUMAN_OBSERVATION,2019-08-31T10:04:40,2019,-71.569613,18.322279,2299,50c9509d-22c7-4a22-a47d-8c48425ef4a7,iNaturalist,Observations,10,02,DUVERGÉ,061002,876725b58ffffff
https://www.inaturalist.org/observations/320651808,5844226378,Asclepias nivea,Asclepias nivea L.,Apocynaceae,Asclepias,SPECIES,HUMAN_OBSERVATION,2025-10-08T10:54:40,2025,-71.545103,18.21872,NA,50c9509d-22c7-4a22-a47d-8c48425ef4a7,iNaturalist,Observations,10,02,DUVERGÉ,061002,876725a41ffffff
https://www.inaturalist.org/observations/322412015,5890454048,Fuchsia triphylla,Fuchsia triphylla L.,Onagraceae,Fuchsia,SPECIES,HUMAN_OBSERVATION,2025-10-07T15:57:49,2025,-71.516919,18.20712,NA,50c9509d-22c7-4a22-a47d-8c48425ef4a7,iNaturalist,Observations,10,02,DUVERGÉ,061002,876725a4cffffff
https://www.inaturalist.org/observations/323753431,5904087989,Kalanchoe houghtonii,Kalanchoe × houghtonii D.B.Ward,Crassulaceae,Kalanchoe,SPECIES,HUMAN_OBSERVATION,2025-10-20T16:26:42,2025,-71.577882,18.31605,71,50c9509d-22c7-4a22-a47d-8c48425ef4a7,iNaturalist,Observations,10,02,DUVERGÉ,061002,876725b5affffff
https://www.inaturalist.org/observations/323753533,5904053455,Kalanchoe houghtonii,Kalanchoe × houghtonii D.B.Ward,Crassulaceae,Kalanchoe,SPECIES,HUMAN_OBSERVATION,2025-10-20T16:26:48,2025,-71.580641,18.315984,NA,50c9509d-22c7-4a22-a47d-8c48425ef4a7,iNaturalist,Observations,10,02,DUVERGÉ,061002,876725b5affffff
https://www.inaturalist.org/observations/323753749,6320763462,Opuntia repens,Opuntia repens Bello,Cactaceae,Opuntia,SPECIES,HUMAN_OBSERVATION,2025-10-20T16:27:26,2025,-71.580637,18.315746,NA,50c9509d-22c7-4a22-a47d-8c48425ef4a7,iNaturalist,Observations,10,02,DUVERGÉ,061002,876725b5affffff
https://www.inaturalist.org/observations/323754219,5889292541,Myriopteris microphylla,Myriopteris microphylla (Sw.) Grusz & Windham,Pteridaceae,Myriopteris,SPECIES,HUMAN_OBSERVATION,2025-10-20T16:30:08,2025,-71.580792,18.31531,NA,50c9509d-22c7-4a22-a47d-8c48425ef4a7,iNaturalist,Observations,10,02,DUVERGÉ,061002,876725b5affffff
https://www.inaturalist.org/observations/323754306,6185883185,Pithecellobium circinale,Pithecellobium circinale (L.) Benth.,Fabaceae,Pithecellobium,SPECIES,HUMAN_OBSERVATION,2025-10-20T16:30:50,2025,-71.580821,18.315243,NA,50c9509d-22c7-4a22-a47d-8c48425ef4a7,iNaturalist,Observations,10,02,DUVERGÉ,061002,876725b5affffff
https://www.inaturalist.org/observations/323755307,5889354022,Begonia domingensis,Begonia domingensis A.DC.,Begoniaceae,Begonia,SPECIES,HUMAN_OBSERVATION,2025-10-21T07:28:59,2025,-71.706131,18.308647,NA,50c9509d-22c7-4a22-a47d-8c48425ef4a7,iNaturalist,Observations,10,02,DUVERGÉ,061002,876725a11ffffff
https://www.inaturalist.org/observations/323755647,5889558289,Bidens alba,Bidens alba (L.) DC.,Asteraceae,Bidens,SPECIES,HUMAN_OBSERVATION,2025-10-21T07:58:32,2025,-71.704641,18.308804,667,50c9509d-22c7-4a22-a47d-8c48425ef4a7,iNaturalist,Observations,10,02,DUVERGÉ,061002,876725a02ffffff
https://www.inaturalist.org/observations/323760391,5889233598,Jatropha gossypiifolia,Jatropha gossypiifolia L.,Euphorbiaceae,Jatropha,SPECIES,HUMAN_OBSERVATION,2025-10-21T12:17:13,2025,-71.65366,18.34677,NA,50c9509d-22c7-4a22-a47d-8c48425ef4a7,iNaturalist,Observations,10,02,DUVERGÉ,061002,876725a23ffffff
https://www.inaturalist.org/observations/323760458,5889793308,Echites umbellatus,Echites umbellatus Jacq.,Apocynaceae,Echites,SPECIES,HUMAN_OBSERVATION,2025-10-21T11:43:16,2025,-71.649967,18.351781,287,50c9509d-22c7-4a22-a47d-8c48425ef4a7,iNaturalist,Observations,10,02,DUVERGÉ,061002,876725a23ffffff
https://www.inaturalist.org/observations/323761328,5889395558,Cylindropuntia caribaea,Cylindropuntia caribaea (Britton & Rose) F.M.Knuth,Cactaceae,Cylindropuntia,SPECIES,HUMAN_OBSERVATION,2025-10-21T14:59:04,2025,-71.631722,18.408676,NA,50c9509d-22c7-4a22-a47d-8c48425ef4a7,iNaturalist,Observations,10,02,DUVERGÉ,061002,876725b08ffffff
https://www.inaturalist.org/observations/323761449,5889533945,Stenocereus heptagonus,Stenocereus heptagonus (L.) Mottram,Cactaceae,Stenocereus,SPECIES,HUMAN_OBSERVATION,2025-10-21T14:59:20,2025,-71.631723,18.408667,NA,50c9509d-22c7-4a22-a47d-8c48425ef4a7,iNaturalist,Observations,10,02,DUVERGÉ,061002,876725b08ffffff
https://www.inaturalist.org/observations/323761944,5890209870,Consolea moniliformis,Consolea moniliformis (L.) A.Berger,Cactaceae,Consolea,SPECIES,HUMAN_OBSERVATION,2025-10-21T15:02:50,2025,-71.632105,18.408767,NA,50c9509d-22c7-4a22-a47d-8c48425ef4a7,iNaturalist,Observations,10,02,DUVERGÉ,061002,876725b08ffffff
https://www.inaturalist.org/observations/323762176,6422176562,Aloe vera,Aloe vera (L.) Burm.f.,Asphodelaceae,Aloe,SPECIES,HUMAN_OBSERVATION,2025-10-21T15:14:29,2025,-71.629202,18.415218,NA,50c9509d-22c7-4a22-a47d-8c48425ef4a7,iNaturalist,Observations,10,02,DUVERGÉ,061002,876725b0cffffff
https://www.inaturalist.org/observations/323762250,5932647921,Opuntia stricta,Opuntia stricta (Haw.) Haw.,Cactaceae,Opuntia,SPECIES,HUMAN_OBSERVATION,2025-10-21T15:16:51,2025,-71.629236,18.41539,NA,50c9509d-22c7-4a22-a47d-8c48425ef4a7,iNaturalist,Observations,10,02,DUVERGÉ,061002,876725b0cffffff
https://www.inaturalist.org/observations/323762603,6398608275,Uniola virgata,Uniola virgata (Poir.) Griseb.,Poaceae,Uniola,SPECIES,HUMAN_OBSERVATION,2025-10-21T15:24:22,2025,-71.629078,18.414843,NA,50c9509d-22c7-4a22-a47d-8c48425ef4a7,iNaturalist,Observations,10,02,DUVERGÉ,061002,876725b08ffffff
https://www.inaturalist.org/observations/323762691,5889800739,Corchorus hirsutus,Corchorus hirsutus L.,Malvaceae,Corchorus,SPECIES,HUMAN_OBSERVATION,2025-10-21T15:26:33,2025,-71.629533,18.414537,NA,50c9509d-22c7-4a22-a47d-8c48425ef4a7,iNaturalist,Observations,10,02,DUVERGÉ,061002,876725b08ffffff
https://www.inaturalist.org/observations/323763142,5889358524,Argemone mexicana,Argemone mexicana L.,Papaveraceae,Argemone,SPECIES,HUMAN_OBSERVATION,2025-10-21T17:18:29,2025,-71.586922,18.32435,NA,50c9509d-22c7-4a22-a47d-8c48425ef4a7,iNaturalist,Observations,10,02,DUVERGÉ,061002,876725b5affffff
https://www.inaturalist.org/observations/323763173,5890155595,Amphilophium lactiflorum,Amphilophium lactiflorum (Vahl) L.G.Lohmann,Bignoniaceae,Amphilophium,SPECIES,HUMAN_OBSERVATION,2025-10-21T17:22:29,2025,-71.586608,18.323546,NA,50c9509d-22c7-4a22-a47d-8c48425ef4a7,iNaturalist,Observations,10,02,DUVERGÉ,061002,876725b5affffff
https://www.inaturalist.org/observations/323763766,5890240235,Tabernaemontana citrifolia,Tabernaemontana citrifolia L.,Apocynaceae,Tabernaemontana,SPECIES,HUMAN_OBSERVATION,2025-10-22T09:21:29,2025,-71.582344,18.310871,NA,50c9509d-22c7-4a22-a47d-8c48425ef4a7,iNaturalist,Observations,10,02,DUVERGÉ,061002,876725b5affffff
https://www.inaturalist.org/observations/323763875,6171177416,Theophrasta L.,Theophrasta L.,Primulaceae,Theophrasta,GENUS,HUMAN_OBSERVATION,2025-10-22T09:22:06,2025,-71.582353,18.310879,NA,50c9509d-22c7-4a22-a47d-8c48425ef4a7,iNaturalist,Observations,10,02,DUVERGÉ,061002,876725b5affffff
https://www.inaturalist.org/observations/325968553,5897497431,Consolea moniliformis,Consolea moniliformis (L.) A.Berger,Cactaceae,Consolea,SPECIES,HUMAN_OBSERVATION,2025-10-21T15:20,2025,-71.630334,18.413886,31,50c9509d-22c7-4a22-a47d-8c48425ef4a7,iNaturalist,Observations,10,02,DUVERGÉ,061002,876725b08ffffff
https://www.inaturalist.org/observations/326125149,5897210032,Momordica charantia,Momordica charantia L.,Cucurbitaceae,Momordica,SPECIES,HUMAN_OBSERVATION,2025-10-21T17:00,2025,-71.587953,18.327316,95,50c9509d-22c7-4a22-a47d-8c48425ef4a7,iNaturalist,Observations,10,02,DUVERGÉ,061002,876725b5effffff
https://www.inaturalist.org/observations/330110848,5932368392,Jatropha gossypiifolia,Jatropha gossypiifolia L.,Euphorbiaceae,Jatropha,SPECIES,HUMAN_OBSERVATION,2025-12-07T17:32:23,2025,-71.608558,18.40758,5,50c9509d-22c7-4a22-a47d-8c48425ef4a7,iNaturalist,Observations,10,02,DUVERGÉ,061002,876725b0dffffff
https://www.inaturalist.org/observations/330114734,5932240171,Consolea moniliformis,Consolea moniliformis (L.) A.Berger,Cactaceae,Consolea,SPECIES,HUMAN_OBSERVATION,2025-12-07T16:43:47,2025,-71.631645,18.409405,6,50c9509d-22c7-4a22-a47d-8c48425ef4a7,iNaturalist,Observations,10,02,DUVERGÉ,061002,876725b08ffffff
https://www.inaturalist.org/observations/330115398,5932267537,Pilosocereus polygonus,Pilosocereus polygonus (Lam.) Byles & G.D.Rowley,Cactaceae,Pilosocereus,SPECIES,HUMAN_OBSERVATION,2025-12-07T16:45:27,2025,-71.63167,18.409537,32,50c9509d-22c7-4a22-a47d-8c48425ef4a7,iNaturalist,Observations,10,02,DUVERGÉ,061002,876725b08ffffff
https://www.inaturalist.org/observations/330115599,5932347383,Stenocereus heptagonus,Stenocereus heptagonus (L.) Mottram,Cactaceae,Stenocereus,SPECIES,HUMAN_OBSERVATION,2025-12-07T16:43:06,2025,-71.631837,18.40933,6,50c9509d-22c7-4a22-a47d-8c48425ef4a7,iNaturalist,Observations,10,02,DUVERGÉ,061002,876725b08ffffff
https://www.inaturalist.org/observations/330115791,5932643198,Cylindropuntia caribaea,Cylindropuntia caribaea (Britton & Rose) F.M.Knuth,Cactaceae,Cylindropuntia,SPECIES,HUMAN_OBSERVATION,2025-12-07T16:38:46,2025,-71.631845,18.409042,4,50c9509d-22c7-4a22-a47d-8c48425ef4a7,iNaturalist,Observations,10,02,DUVERGÉ,061002,876725b08ffffff
https://www.inaturalist.org/observations/330117274,5932777246,Meriania involucrata,Meriania involucrata (Desr.) Naudin,Melastomataceae,Meriania,SPECIES,HUMAN_OBSERVATION,2025-12-07T09:42:11,2025,-71.708953,18.3088,5,50c9509d-22c7-4a22-a47d-8c48425ef4a7,iNaturalist,Observations,10,02,DUVERGÉ,061002,876725a11ffffff
https://www.inaturalist.org/observations/331424155,5935770022,Kalanchoe houghtonii,Kalanchoe × houghtonii D.B.Ward,Crassulaceae,Kalanchoe,SPECIES,HUMAN_OBSERVATION,2025-12-16T15:28:32,2025,-71.677292,18.324128,3,50c9509d-22c7-4a22-a47d-8c48425ef4a7,iNaturalist,Observations,10,02,DUVERGÉ,061002,876725a00ffffff
https://www.inaturalist.org/observations/332484111,5935847006,Clusia rosea,Clusia rosea Jacq.,Clusiaceae,Clusia,SPECIES,HUMAN_OBSERVATION,2014-07-13T06:46,2014,-71.574836,18.317661,122,50c9509d-22c7-4a22-a47d-8c48425ef4a7,iNaturalist,Observations,10,02,DUVERGÉ,061002,876725b58ffffff
https://www.inaturalist.org/observations/332557561,5936058768,Begonia domingensis,Begonia domingensis A.DC.,Begoniaceae,Begonia,SPECIES,HUMAN_OBSERVATION,2014-07-06T11:27,2014,-71.558223,18.327237,2137,50c9509d-22c7-4a22-a47d-8c48425ef4a7,iNaturalist,Observations,10,02,DUVERGÉ,061002,876725b58ffffff
https://www.inaturalist.org/observations/332557567,5935831928,Fuchsia triphylla,Fuchsia triphylla L.,Onagraceae,Fuchsia,SPECIES,HUMAN_OBSERVATION,2014-07-06T11:24,2014,-71.556874,18.325463,3081,50c9509d-22c7-4a22-a47d-8c48425ef4a7,iNaturalist,Observations,10,02,DUVERGÉ,061002,876725b5dffffff
https://www.inaturalist.org/observations/334258608,6130630459,Ambrosia hispida,Ambrosia hispida Pursh,Asteraceae,Ambrosia,SPECIES,HUMAN_OBSERVATION,2026-01-10T16:52:57,2026,-71.575384,18.324324,NA,50c9509d-22c7-4a22-a47d-8c48425ef4a7,iNaturalist,Observations,10,02,DUVERGÉ,061002,876725b58ffffff
https://www.inaturalist.org/observations/334267296,6131165896,Clusia rosea,Clusia rosea Jacq.,Clusiaceae,Clusia,SPECIES,HUMAN_OBSERVATION,2026-01-10T18:04:04,2026,-71.586912,18.306306,NA,50c9509d-22c7-4a22-a47d-8c48425ef4a7,iNaturalist,Observations,10,02,DUVERGÉ,061002,876725a74ffffff
https://www.inaturalist.org/observations/334393157,6131098937,Fuchsia L.,Fuchsia L.,Onagraceae,Fuchsia,GENUS,HUMAN_OBSERVATION,2026-01-11T09:40:17,2026,-71.700304,18.308373,24,50c9509d-22c7-4a22-a47d-8c48425ef4a7,iNaturalist,Observations,10,02,DUVERGÉ,061002,876725a02ffffff
https://www.inaturalist.org/observations/334393169,6131337220,Fuchsia triphylla,Fuchsia triphylla L.,Onagraceae,Fuchsia,SPECIES,HUMAN_OBSERVATION,2026-01-11T10:12:50,2026,-71.697863,18.308118,7,50c9509d-22c7-4a22-a47d-8c48425ef4a7,iNaturalist,Observations,10,02,DUVERGÉ,061002,876725a02ffffff
https://www.inaturalist.org/observations/334393215,6195314111,Weinmannia pinnata,Weinmannia pinnata L.,Cunoniaceae,Weinmannia,SPECIES,HUMAN_OBSERVATION,2026-01-11T10:13:15,2026,-71.697927,18.30799,7,50c9509d-22c7-4a22-a47d-8c48425ef4a7,iNaturalist,Observations,10,02,DUVERGÉ,061002,876725a02ffffff
https://www.inaturalist.org/observations/334400688,6130879104,Argemone mexicana,Argemone mexicana L.,Papaveraceae,Argemone,SPECIES,HUMAN_OBSERVATION,2026-01-11T16:43:45,2026,-71.57581,18.316664,10,50c9509d-22c7-4a22-a47d-8c48425ef4a7,iNaturalist,Observations,10,02,DUVERGÉ,061002,876725b5affffff
https://www.inaturalist.org/observations/334507291,6130291903,Borreria remota,Spermacoce remota Lam.,Rubiaceae,Borreria,SPECIES,HUMAN_OBSERVATION,2026-01-12T10:55:53,2026,-71.64906,18.352394,5,50c9509d-22c7-4a22-a47d-8c48425ef4a7,iNaturalist,Observations,10,02,DUVERGÉ,061002,876725a21ffffff
https://www.inaturalist.org/observations/334507305,6130623928,Dalea carthagenensis,Dalea carthagenensis (Jacq.) J.F.Macbr.,Fabaceae,Dalea,SPECIES,HUMAN_OBSERVATION,2026-01-12T10:58:48,2026,-71.649085,18.352466,10,50c9509d-22c7-4a22-a47d-8c48425ef4a7,iNaturalist,Observations,10,02,DUVERGÉ,061002,876725a21ffffff
https://www.inaturalist.org/observations/334507334,6130094565,Oxalis corniculata,Oxalis corniculata L.,Oxalidaceae,Oxalis,SPECIES,HUMAN_OBSERVATION,2026-01-12T11:03,2026,-71.648971,18.35243,9,50c9509d-22c7-4a22-a47d-8c48425ef4a7,iNaturalist,Observations,10,02,DUVERGÉ,061002,876725a21ffffff
https://www.inaturalist.org/observations/334507345,6131287187,Clusia rosea,Clusia rosea Jacq.,Clusiaceae,Clusia,SPECIES,HUMAN_OBSERVATION,2026-01-12T11:11:21,2026,-71.649415,18.352214,10,50c9509d-22c7-4a22-a47d-8c48425ef4a7,iNaturalist,Observations,10,02,DUVERGÉ,061002,876725a21ffffff
https://www.inaturalist.org/observations/334507431,6185926530,Calliandra haematomma,Calliandra haematomma var. haematomma,Fabaceae,Calliandra,VARIETY,HUMAN_OBSERVATION,2026-01-12T12:14:27,2026,-71.589033,18.345605,9,50c9509d-22c7-4a22-a47d-8c48425ef4a7,iNaturalist,Observations,10,02,DUVERGÉ,061002,876725b51ffffff
https://www.inaturalist.org/observations/334546847,6129850513,Momordica charantia,Momordica charantia L.,Cucurbitaceae,Momordica,SPECIES,HUMAN_OBSERVATION,2026-01-12T16:57:15,2026,-71.587433,18.329058,9,50c9509d-22c7-4a22-a47d-8c48425ef4a7,iNaturalist,Observations,10,02,DUVERGÉ,061002,876725b5effffff
https://www.inaturalist.org/observations/334546930,6131582957,Croton ciliatoglandulifer,Croton ciliatoglandulifer Ortega,Euphorbiaceae,Croton,SPECIES,HUMAN_OBSERVATION,2026-01-12T17:58:19,2026,-71.567017,18.3181,982,50c9509d-22c7-4a22-a47d-8c48425ef4a7,iNaturalist,Observations,10,02,DUVERGÉ,061002,876725b58ffffff
https://www.inaturalist.org/observations/336182616,6131501773,Consolea moniliformis,Consolea moniliformis (L.) A.Berger,Cactaceae,Consolea,SPECIES,HUMAN_OBSERVATION,2026-01-24T17:09:42,2026,-71.625947,18.405434,536,50c9509d-22c7-4a22-a47d-8c48425ef4a7,iNaturalist,Observations,10,02,DUVERGÉ,061002,876725b08ffffff
https://www.inaturalist.org/observations/336182675,6131700395,Stenocereus heptagonus,Stenocereus heptagonus (L.) Mottram,Cactaceae,Stenocereus,SPECIES,HUMAN_OBSERVATION,2026-01-24T17:11:21,2026,-71.62573,18.406992,371,50c9509d-22c7-4a22-a47d-8c48425ef4a7,iNaturalist,Observations,10,02,DUVERGÉ,061002,876725b08ffffff
https://www.inaturalist.org/observations/336182829,6129933849,Cylindropuntia caribaea,Cylindropuntia caribaea (Britton & Rose) F.M.Knuth,Cactaceae,Cylindropuntia,SPECIES,HUMAN_OBSERVATION,2026-01-24T17:11:34,2026,-71.626801,18.406889,394,50c9509d-22c7-4a22-a47d-8c48425ef4a7,iNaturalist,Observations,10,02,DUVERGÉ,061002,876725b08ffffff
https://www.inaturalist.org/observations/337824424,6352896816,Leptocereus velozianus,"Leptocereus velozianus Clase, Y.Encarn., Peguero & Majure",Cactaceae,Leptocereus,SPECIES,HUMAN_OBSERVATION,2026-02-03T17:15:55,2026,-71.587596,18.312321,3,50c9509d-22c7-4a22-a47d-8c48425ef4a7,iNaturalist,Observations,10,02,DUVERGÉ,061002,876725b5affffff
https://www.inaturalist.org/observations/337824435,6171066849,Theophrasta L.,Theophrasta L.,Primulaceae,Theophrasta,GENUS,HUMAN_OBSERVATION,2026-02-04T08:40:17,2026,-71.582629,18.311114,6,50c9509d-22c7-4a22-a47d-8c48425ef4a7,iNaturalist,Observations,10,02,DUVERGÉ,061002,876725b5affffff
https://www.inaturalist.org/observations/339141048,6163267984,Kalanchoe houghtonii,Kalanchoe × houghtonii D.B.Ward,Crassulaceae,Kalanchoe,SPECIES,HUMAN_OBSERVATION,2026-02-14T16:34:57,2026,-71.573441,18.318958,3,50c9509d-22c7-4a22-a47d-8c48425ef4a7,iNaturalist,Observations,10,02,DUVERGÉ,061002,876725b58ffffff
https://www.inaturalist.org/observations/339141105,6184726926,Sambucus canadensis,Sambucus canadensis L.,Viburnaceae,Sambucus,SPECIES,HUMAN_OBSERVATION,2026-02-14T17:12:15,2026,-71.573268,18.319556,9,50c9509d-22c7-4a22-a47d-8c48425ef4a7,iNaturalist,Observations,10,02,DUVERGÉ,061002,876725b58ffffff
https://www.inaturalist.org/observations/339141149,6252763244,Bocconia frutescens,Bocconia frutescens L.,Papaveraceae,Bocconia,SPECIES,HUMAN_OBSERVATION,2026-02-15T07:11:31,2026,-71.709077,18.30876,21,50c9509d-22c7-4a22-a47d-8c48425ef4a7,iNaturalist,Observations,10,02,DUVERGÉ,061002,876725a11ffffff
https://www.inaturalist.org/observations/339141359,6185506521,Rubus niveus,Rubus niveus Thunb.,Rosaceae,Rubus,SPECIES,HUMAN_OBSERVATION,2026-02-15T09:40:52,2026,-71.706201,18.308604,3,50c9509d-22c7-4a22-a47d-8c48425ef4a7,iNaturalist,Observations,10,02,DUVERGÉ,061002,876725a11ffffff
https://www.inaturalist.org/observations/339141476,6170969457,Lobelia robusta,Lobelia robusta Graham,Campanulaceae,Lobelia,SPECIES,HUMAN_OBSERVATION,2026-02-15T10:34:20,2026,-71.703317,18.307914,60,50c9509d-22c7-4a22-a47d-8c48425ef4a7,iNaturalist,Observations,10,02,DUVERGÉ,061002,876725a1cffffff
https://www.inaturalist.org/observations/339141560,6163258772,Cestrum violaceum,Cestrum violaceum Urb.,Solanaceae,Cestrum,SPECIES,HUMAN_OBSERVATION,2026-02-15T10:42:27,2026,-71.703266,18.30748,29,50c9509d-22c7-4a22-a47d-8c48425ef4a7,iNaturalist,Observations,10,02,DUVERGÉ,061002,876725a1cffffff
https://www.inaturalist.org/observations/339141571,6178756412,Salvia foveolata,Salvia foveolata Urb. & Ekman,Lamiaceae,Salvia,SPECIES,HUMAN_OBSERVATION,2026-02-15T10:51:21,2026,-71.701689,18.307789,196,50c9509d-22c7-4a22-a47d-8c48425ef4a7,iNaturalist,Observations,10,02,DUVERGÉ,061002,876725a1cffffff
https://www.inaturalist.org/observations/339141623,6162868874,Pastinaca sativa,Pastinaca sativa L.,Apiaceae,Pastinaca,SPECIES,HUMAN_OBSERVATION,2026-02-15T11:03:12,2026,-71.699427,18.308324,3,50c9509d-22c7-4a22-a47d-8c48425ef4a7,iNaturalist,Observations,10,02,DUVERGÉ,061002,876725a02ffffff
https://www.inaturalist.org/observations/339141683,6163361469,Lobelia rotundifolia,Lobelia rotundifolia Juss. ex A.DC.,Campanulaceae,Lobelia,SPECIES,HUMAN_OBSERVATION,2026-02-15T11:16:06,2026,-71.697849,18.307991,4,50c9509d-22c7-4a22-a47d-8c48425ef4a7,iNaturalist,Observations,10,02,DUVERGÉ,061002,876725a02ffffff
https://www.inaturalist.org/observations/339141798,6163220932,Daucus carota,Daucus carota L.,Apiaceae,Daucus,SPECIES,HUMAN_OBSERVATION,2026-02-15T14:10:28,2026,-71.706793,18.312963,70,50c9509d-22c7-4a22-a47d-8c48425ef4a7,iNaturalist,Observations,10,02,DUVERGÉ,061002,876725a02ffffff
https://www.inaturalist.org/observations/339141802,6163376108,Chamaecrista glandulosa,Chamaecrista glandulosa (L.) Greene,Fabaceae,Chamaecrista,SPECIES,HUMAN_OBSERVATION,2026-02-15T14:11:12,2026,-71.706789,18.312971,79,50c9509d-22c7-4a22-a47d-8c48425ef4a7,iNaturalist,Observations,10,02,DUVERGÉ,061002,876725a02ffffff
https://www.inaturalist.org/observations/339141818,6185394559,Biancaea decapetala,Biancaea decapetala (Roth) O.Deg.,Fabaceae,Biancaea,SPECIES,HUMAN_OBSERVATION,2026-02-15T16:19:10,2026,-71.674172,18.32509,3,50c9509d-22c7-4a22-a47d-8c48425ef4a7,iNaturalist,Observations,10,02,DUVERGÉ,061002,876725a00ffffff
https://www.inaturalist.org/observations/339141822,6163333016,Kalanchoe pinnata,Kalanchoe pinnata (Lam.) Pers.,Crassulaceae,Kalanchoe,SPECIES,HUMAN_OBSERVATION,2026-02-16T11:30:46,2026,-71.634333,18.351738,51,50c9509d-22c7-4a22-a47d-8c48425ef4a7,iNaturalist,Observations,10,02,DUVERGÉ,061002,876725a21ffffff
https://www.inaturalist.org/observations/339551658,6163286349,Argemone mexicana,Argemone mexicana L.,Papaveraceae,Argemone,SPECIES,HUMAN_OBSERVATION,2026-02-20T10:14:09,2026,-71.66078,18.333608,5,50c9509d-22c7-4a22-a47d-8c48425ef4a7,iNaturalist,Observations,10,02,DUVERGÉ,061002,876725a05ffffff
https://www.inaturalist.org/observations/340138433,6171231515,Begonia decandra,Begonia decandra Pav. ex A.DC.,Begoniaceae,Begonia,SPECIES,HUMAN_OBSERVATION,2026-02-15T10:06:24,2026,-71.704187,18.307963,10,50c9509d-22c7-4a22-a47d-8c48425ef4a7,iNaturalist,Observations,10,02,DUVERGÉ,061002,876725a1cffffff
https://www.inaturalist.org/observations/341778686,6235760583,Borreria remota,Spermacoce remota Lam.,Rubiaceae,Borreria,SPECIES,HUMAN_OBSERVATION,2026-03-07T16:41,2026,-71.662918,18.332935,NA,50c9509d-22c7-4a22-a47d-8c48425ef4a7,iNaturalist,Observations,10,02,DUVERGÉ,061002,876725a05ffffff
https://www.inaturalist.org/observations/341932993,6178667789,Borreria remota,Spermacoce remota Lam.,Rubiaceae,Borreria,SPECIES,HUMAN_OBSERVATION,2026-03-08T11:55:57,2026,-71.69699,18.322061,4,50c9509d-22c7-4a22-a47d-8c48425ef4a7,iNaturalist,Observations,10,02,DUVERGÉ,061002,876725a02ffffff
https://www.inaturalist.org/observations/341998409,6179488045,Kalanchoe pinnata,Kalanchoe pinnata (Lam.) Pers.,Crassulaceae,Kalanchoe,SPECIES,HUMAN_OBSERVATION,2026-03-07T17:02:30,2026,-71.662735,18.3319,74,50c9509d-22c7-4a22-a47d-8c48425ef4a7,iNaturalist,Observations,10,02,DUVERGÉ,061002,876725a05ffffff
https://www.inaturalist.org/observations/341998430,6179432928,Tillandsia usneoides,Tillandsia usneoides (L.) L.,Bromeliaceae,Tillandsia,SPECIES,HUMAN_OBSERVATION,2026-03-07T17:19:37,2026,-71.648538,18.352866,6,50c9509d-22c7-4a22-a47d-8c48425ef4a7,iNaturalist,Observations,10,02,DUVERGÉ,061002,876725a21ffffff
https://www.inaturalist.org/observations/341998477,6185342650,Rubus niveus,Rubus niveus Thunb.,Rosaceae,Rubus,SPECIES,HUMAN_OBSERVATION,2026-03-08T07:32:12,2026,-71.708457,18.308859000000002,5,50c9509d-22c7-4a22-a47d-8c48425ef4a7,iNaturalist,Observations,10,02,DUVERGÉ,061002,876725a11ffffff
https://www.inaturalist.org/observations/341998533,6178915006,Argemone mexicana,Argemone mexicana L.,Papaveraceae,Argemone,SPECIES,HUMAN_OBSERVATION,2026-03-08T16:34:01,2026,-71.588357,18.326848,5,50c9509d-22c7-4a22-a47d-8c48425ef4a7,iNaturalist,Observations,10,02,DUVERGÉ,061002,876725b5effffff
https://www.inaturalist.org/observations/342014956,6178768996,Tithonia diversifolia,Tithonia diversifolia (Hemsl.) A.Gray,Asteraceae,Tithonia,SPECIES,HUMAN_OBSERVATION,2026-03-08T11:57,2026,-71.696998,18.322137,NA,50c9509d-22c7-4a22-a47d-8c48425ef4a7,iNaturalist,Observations,10,02,DUVERGÉ,061002,876725a02ffffff
https://www.inaturalist.org/observations/342108510,6178527703,Argemone mexicana,Argemone mexicana L.,Papaveraceae,Argemone,SPECIES,HUMAN_OBSERVATION,2026-03-09T09:49:49,2026,-71.533952,18.368259,4,50c9509d-22c7-4a22-a47d-8c48425ef4a7,iNaturalist,Observations,10,02,DUVERGÉ,061002,876725b45ffffff
https://www.inaturalist.org/observations/343538537,6184772574,Tillandsia usneoides,Tillandsia usneoides (L.) L.,Bromeliaceae,Tillandsia,SPECIES,HUMAN_OBSERVATION,2026-03-08T12:11,2026,-71.693467,18.323902,NA,50c9509d-22c7-4a22-a47d-8c48425ef4a7,iNaturalist,Observations,10,02,DUVERGÉ,061002,876725a02ffffff
https://www.inaturalist.org/observations/345024689,6185767352,Argemone mexicana,Argemone mexicana L.,Papaveraceae,Argemone,SPECIES,HUMAN_OBSERVATION,2025-01-04T10:58,2025,-71.648889,18.352511,2,50c9509d-22c7-4a22-a47d-8c48425ef4a7,iNaturalist,Observations,10,02,DUVERGÉ,061002,876725a21ffffff
https://www.inaturalist.org/observations/345025124,6188104220,Calliandra haematomma,Calliandra haematomma (Bertero ex DC.) Benth.,Fabaceae,Calliandra,SPECIES,HUMAN_OBSERVATION,2025-01-04T11:36,2025,-71.58895,18.345642,2,50c9509d-22c7-4a22-a47d-8c48425ef4a7,iNaturalist,Observations,10,02,DUVERGÉ,061002,876725b51ffffff
https://www.inaturalist.org/observations/345048162,6185502917,Ceiba pentandra,Ceiba pentandra (L.) Gaertn.,Malvaceae,Ceiba,SPECIES,HUMAN_OBSERVATION,2025-01-04T17:57,2025,-71.578169,18.316119,5,50c9509d-22c7-4a22-a47d-8c48425ef4a7,iNaturalist,Observations,10,02,DUVERGÉ,061002,876725b5affffff
https://www.inaturalist.org/observations/351823283,6235899381,Bidens pilosa,Bidens pilosa L.,Asteraceae,Bidens,SPECIES,HUMAN_OBSERVATION,2026-04-18T08:36:12,2026,-71.703009,18.31899,1192,50c9509d-22c7-4a22-a47d-8c48425ef4a7,iNaturalist,Observations,10,02,DUVERGÉ,061002,876725a02ffffff
https://www.inaturalist.org/observations/351823957,6234789482,Prunella vulgaris,Prunella vulgaris L.,Lamiaceae,Prunella,SPECIES,HUMAN_OBSERVATION,2026-04-18T09:01:49,2026,-71.69549,18.326612,2209,50c9509d-22c7-4a22-a47d-8c48425ef4a7,iNaturalist,Observations,10,02,DUVERGÉ,061002,876725a06ffffff
https://www.inaturalist.org/observations/351824459,6413313026,Lantana camara,Lantana camara L.,Verbenaceae,Lantana,SPECIES,HUMAN_OBSERVATION,2026-04-18T10:06:07,2026,-71.697873,18.321716,155,50c9509d-22c7-4a22-a47d-8c48425ef4a7,iNaturalist,Observations,10,02,DUVERGÉ,061002,876725a02ffffff
https://www.inaturalist.org/observations/351825982,6234943724,Consolea moniliformis,Consolea moniliformis (L.) A.Berger,Cactaceae,Consolea,SPECIES,HUMAN_OBSERVATION,2026-04-19T09:20:03,2026,-71.632459,18.409211,1348,50c9509d-22c7-4a22-a47d-8c48425ef4a7,iNaturalist,Observations,10,02,DUVERGÉ,061002,876725b08ffffff
https://www.inaturalist.org/observations/351826291,6236365872,Stenocereus heptagonus,Stenocereus heptagonus (L.) Mottram,Cactaceae,Stenocereus,SPECIES,HUMAN_OBSERVATION,2026-04-19T09:21:50,2026,-71.63194,18.408694,3,50c9509d-22c7-4a22-a47d-8c48425ef4a7,iNaturalist,Observations,10,02,DUVERGÉ,061002,876725b08ffffff
https://www.inaturalist.org/observations/351826760,6234429461,Consolea moniliformis,Consolea moniliformis (L.) A.Berger,Cactaceae,Consolea,SPECIES,HUMAN_OBSERVATION,2026-04-19T09:22:37,2026,-71.631905,18.408832,5,50c9509d-22c7-4a22-a47d-8c48425ef4a7,iNaturalist,Observations,10,02,DUVERGÉ,061002,876725b08ffffff
https://www.inaturalist.org/observations/352234405,6235443410,Bletia patula,Bletia patula Hook.,Orchidaceae,Bletia,SPECIES,HUMAN_OBSERVATION,2026-04-18T09:14:48,2026,-71.704497,18.313273,7,50c9509d-22c7-4a22-a47d-8c48425ef4a7,iNaturalist,Observations,10,02,DUVERGÉ,061002,876725a02ffffff
https://www.inaturalist.org/observations/352234434,6234452730,Daucus carota,Daucus carota L.,Apiaceae,Daucus,SPECIES,HUMAN_OBSERVATION,2026-04-18T10:05:45,2026,-71.697859,18.321756,3,50c9509d-22c7-4a22-a47d-8c48425ef4a7,iNaturalist,Observations,10,02,DUVERGÉ,061002,876725a02ffffff
https://www.inaturalist.org/observations/359112813,6274133768,Kalanchoe houghtonii,Kalanchoe × houghtonii D.B.Ward,Crassulaceae,Kalanchoe,SPECIES,HUMAN_OBSERVATION,2026-05-04T16:55:59,2026,-71.578513,18.316122,7,50c9509d-22c7-4a22-a47d-8c48425ef4a7,iNaturalist,Observations,10,02,DUVERGÉ,061002,876725b5affffff
https://www.inaturalist.org/observations/359113048,6273157608,Kalanchoe houghtonii,Kalanchoe × houghtonii D.B.Ward,Crassulaceae,Kalanchoe,SPECIES,HUMAN_OBSERVATION,2026-05-04T17:32:05,2026,-71.580567,18.316153,9,50c9509d-22c7-4a22-a47d-8c48425ef4a7,iNaturalist,Observations,10,02,DUVERGÉ,061002,876725b5affffff
https://www.inaturalist.org/observations/359344690,6334725492,Jacquiniella teretifolia,Jacquiniella teretifolia (Sw.) Britton & P.Wilson,Orchidaceae,Jacquiniella,SPECIES,HUMAN_OBSERVATION,2026-05-05T07:29:45,2026,-71.70838,18.308822,4,50c9509d-22c7-4a22-a47d-8c48425ef4a7,iNaturalist,Observations,10,02,DUVERGÉ,061002,876725a11ffffff
https://www.inaturalist.org/observations/359351508,6273349999,Tillandsia usneoides,Tillandsia usneoides (L.) L.,Bromeliaceae,Tillandsia,SPECIES,HUMAN_OBSERVATION,2026-05-05T12:20:16,2026,-71.688583,18.325647,13,50c9509d-22c7-4a22-a47d-8c48425ef4a7,iNaturalist,Observations,10,02,DUVERGÉ,061002,876725a00ffffff
https://www.inaturalist.org/observations/359352139,6273340340,Centrosema virginianum,Centrosema virginianum (L.) Benth.,Fabaceae,Centrosema,SPECIES,HUMAN_OBSERVATION,2026-05-05T13:16:10,2026,-71.675613,18.323122,4,50c9509d-22c7-4a22-a47d-8c48425ef4a7,iNaturalist,Observations,10,02,DUVERGÉ,061002,876725a00ffffff
https://www.inaturalist.org/observations/359352291,6273187355,Biancaea decapetala,Biancaea decapetala (Roth) O.Deg.,Fabaceae,Biancaea,SPECIES,HUMAN_OBSERVATION,2026-05-05T13:19:36,2026,-71.675622,18.323147,3,50c9509d-22c7-4a22-a47d-8c48425ef4a7,iNaturalist,Observations,10,02,DUVERGÉ,061002,876725a00ffffff
https://www.inaturalist.org/observations/359352361,6273267961,Asclepias nivea,Asclepias nivea L.,Apocynaceae,Asclepias,SPECIES,HUMAN_OBSERVATION,2026-05-05T13:28:05,2026,-71.675347,18.323425,3,50c9509d-22c7-4a22-a47d-8c48425ef4a7,iNaturalist,Observations,10,02,DUVERGÉ,061002,876725a00ffffff
https://www.inaturalist.org/observations/359352615,6273860590,Roystonea borinquena,Roystonea borinquena O.F.Cook,Arecaceae,Roystonea,SPECIES,HUMAN_OBSERVATION,2026-05-05T17:47:39,2026,-71.570838,18.3182,5,50c9509d-22c7-4a22-a47d-8c48425ef4a7,iNaturalist,Observations,10,02,DUVERGÉ,061002,876725b58ffffff
https://www.inaturalist.org/observations/359352862,6273638851,Jatropha gossypiifolia,Jatropha gossypiifolia L.,Euphorbiaceae,Jatropha,SPECIES,HUMAN_OBSERVATION,2026-05-06T08:56:58,2026,-71.585037,18.31455,5,50c9509d-22c7-4a22-a47d-8c48425ef4a7,iNaturalist,Observations,10,02,DUVERGÉ,061002,876725b5affffff
https://www.inaturalist.org/observations/359353200,6273889900,Calotropis procera,Calotropis procera (Aiton) W.T.Aiton,Apocynaceae,Calotropis,SPECIES,HUMAN_OBSERVATION,2026-05-06T08:57:59,2026,-71.584733,18.314822,3,50c9509d-22c7-4a22-a47d-8c48425ef4a7,iNaturalist,Observations,10,02,DUVERGÉ,061002,876725b5affffff
https://www.inaturalist.org/observations/359353352,6273762625,Ruellia simplex,Ruellia simplex C.Wright,Acanthaceae,Ruellia,SPECIES,HUMAN_OBSERVATION,2026-05-06T10:58:04,2026,-71.585878,18.312575,7,50c9509d-22c7-4a22-a47d-8c48425ef4a7,iNaturalist,Observations,10,02,DUVERGÉ,061002,876725b5affffff
https://www.inaturalist.org/observations/359353510,6273285114,Stenocereus heptagonus,Stenocereus heptagonus (L.) Mottram,Cactaceae,Stenocereus,SPECIES,HUMAN_OBSERVATION,2026-05-06T11:11:09,2026,-71.585878,18.312537,10,50c9509d-22c7-4a22-a47d-8c48425ef4a7,iNaturalist,Observations,10,02,DUVERGÉ,061002,876725b5affffff
https://www.inaturalist.org/observations/359353779,6274151887,Pilosocereus polygonus,Pilosocereus polygonus (Lam.) Byles & G.D.Rowley,Cactaceae,Pilosocereus,SPECIES,HUMAN_OBSERVATION,2026-05-06T11:35:20,2026,-71.585395,18.311567,7,50c9509d-22c7-4a22-a47d-8c48425ef4a7,iNaturalist,Observations,10,02,DUVERGÉ,061002,876725b5affffff
https://www.inaturalist.org/observations/359353914,6273938410,Lantana horrida,Lantana horrida Kunth,Verbenaceae,Lantana,SPECIES,HUMAN_OBSERVATION,2026-05-06T14:14:06,2026,-71.534063,18.352095,5,50c9509d-22c7-4a22-a47d-8c48425ef4a7,iNaturalist,Observations,10,02,DUVERGÉ,061002,876725b41ffffff
https://www.inaturalist.org/observations/359353996,6273287476,Consolea moniliformis,Consolea moniliformis (L.) A.Berger,Cactaceae,Consolea,SPECIES,HUMAN_OBSERVATION,2026-05-06T14:45:47,2026,-71.631675,18.408987,4,50c9509d-22c7-4a22-a47d-8c48425ef4a7,iNaturalist,Observations,10,02,DUVERGÉ,061002,876725b08ffffff
https://www.inaturalist.org/observations/359354239,6273922556,Stenocereus heptagonus,Stenocereus heptagonus (L.) Mottram,Cactaceae,Stenocereus,SPECIES,HUMAN_OBSERVATION,2026-05-06T14:50:19,2026,-71.632042,18.409058,13,50c9509d-22c7-4a22-a47d-8c48425ef4a7,iNaturalist,Observations,10,02,DUVERGÉ,061002,876725b08ffffff
https://www.inaturalist.org/observations/359354283,6274011592,Consolea moniliformis,Consolea moniliformis (L.) A.Berger,Cactaceae,Consolea,SPECIES,HUMAN_OBSERVATION,2026-05-06T14:50:45,2026,-71.632088,18.408992,10,50c9509d-22c7-4a22-a47d-8c48425ef4a7,iNaturalist,Observations,10,02,DUVERGÉ,061002,876725b08ffffff
https://www.inaturalist.org/observations/359354639,6273889033,Stenocereus heptagonus,Stenocereus heptagonus (L.) Mottram,Cactaceae,Stenocereus,SPECIES,HUMAN_OBSERVATION,2026-05-06T14:51:16,2026,-71.631997,18.408983,9,50c9509d-22c7-4a22-a47d-8c48425ef4a7,iNaturalist,Observations,10,02,DUVERGÉ,061002,876725b08ffffff
https://www.inaturalist.org/observations/359354920,6274156071,Consolea moniliformis,Consolea moniliformis (L.) A.Berger,Cactaceae,Consolea,SPECIES,HUMAN_OBSERVATION,2026-05-06T14:55:53,2026,-71.63167,18.409567,8,50c9509d-22c7-4a22-a47d-8c48425ef4a7,iNaturalist,Observations,10,02,DUVERGÉ,061002,876725b08ffffff
https://www.inaturalist.org/observations/359355067,6273848966,Consolea testudinis-crus,Consolea testudinis-crus (F.A.C.Weber) Mottram & Hoxey,Cactaceae,Consolea,SPECIES,HUMAN_OBSERVATION,2026-05-06T15:02:16,2026,-71.632553,18.410508,7,50c9509d-22c7-4a22-a47d-8c48425ef4a7,iNaturalist,Observations,10,02,DUVERGÉ,061002,876725b08ffffff
https://www.inaturalist.org/observations/359355129,6273958875,Consolea testudinis-crus,Consolea testudinis-crus (F.A.C.Weber) Mottram & Hoxey,Cactaceae,Consolea,SPECIES,HUMAN_OBSERVATION,2026-05-06T15:16:10,2026,-71.62922,18.4152,3,50c9509d-22c7-4a22-a47d-8c48425ef4a7,iNaturalist,Observations,10,02,DUVERGÉ,061002,876725b0cffffff
https://www.inaturalist.org/observations/359355507,6273243727,Opuntia stricta,Opuntia stricta (Haw.) Haw.,Cactaceae,Opuntia,SPECIES,HUMAN_OBSERVATION,2026-05-06T15:17:43,2026,-71.629355,18.415255,10,50c9509d-22c7-4a22-a47d-8c48425ef4a7,iNaturalist,Observations,10,02,DUVERGÉ,061002,876725b0cffffff
https://www.inaturalist.org/observations/359355600,6273386728,Corchorus hirsutus,Corchorus hirsutus L.,Malvaceae,Corchorus,SPECIES,HUMAN_OBSERVATION,2026-05-06T15:27:12,2026,-71.628312,18.415222,3,50c9509d-22c7-4a22-a47d-8c48425ef4a7,iNaturalist,Observations,10,02,DUVERGÉ,061002,876725b0cffffff
https://www.inaturalist.org/observations/359355657,6274175446,Stenocereus heptagonus,Stenocereus heptagonus (L.) Mottram,Cactaceae,Stenocereus,SPECIES,HUMAN_OBSERVATION,2026-05-06T15:38:04,2026,-71.628563,18.408,4,50c9509d-22c7-4a22-a47d-8c48425ef4a7,iNaturalist,Observations,10,02,DUVERGÉ,061002,876725b08ffffff
https://www.inaturalist.org/observations/360980404,6320505550,Neltuma juliflora,Neltuma juliflora (Sw.) Raf.,Fabaceae,Neltuma,SPECIES,HUMAN_OBSERVATION,2026-05-11T08:47:03,2026,-71.646112,18.354825,13,50c9509d-22c7-4a22-a47d-8c48425ef4a7,iNaturalist,Observations,10,02,DUVERGÉ,061002,876725a21ffffff
https://www.inaturalist.org/observations/360980657,6320523327,Bacopa monnieri,Bacopa monnieri (L.) Pennell,Plantaginaceae,Bacopa,SPECIES,HUMAN_OBSERVATION,2026-05-11T10:17:58,2026,-71.609712,18.408883,4,50c9509d-22c7-4a22-a47d-8c48425ef4a7,iNaturalist,Observations,10,02,DUVERGÉ,061002,876725b0dffffff
https://www.inaturalist.org/observations/360980932,6352590748,Cryptostegia grandiflora,Cryptostegia grandiflora (Roxb.) R.Br.,Apocynaceae,Cryptostegia,SPECIES,HUMAN_OBSERVATION,2026-05-11T10:20:12,2026,-71.609162,18.408167,5,50c9509d-22c7-4a22-a47d-8c48425ef4a7,iNaturalist,Observations,10,02,DUVERGÉ,061002,876725b0dffffff
https://www.inaturalist.org/observations/360981360,6320735594,Eustoma exaltatum,Eustoma exaltatum (L.) Salisb.,Gentianaceae,Eustoma,SPECIES,HUMAN_OBSERVATION,2026-05-11T10:21:53,2026,-71.608817,18.408005,6,50c9509d-22c7-4a22-a47d-8c48425ef4a7,iNaturalist,Observations,10,02,DUVERGÉ,061002,876725b0dffffff
https://www.inaturalist.org/observations/360982028,6321146528,Consolea moniliformis,Consolea moniliformis (L.) A.Berger,Cactaceae,Consolea,SPECIES,HUMAN_OBSERVATION,2026-05-11T10:52:47,2026,-71.629028,18.414903,4,50c9509d-22c7-4a22-a47d-8c48425ef4a7,iNaturalist,Observations,10,02,DUVERGÉ,061002,876725b08ffffff
https://www.inaturalist.org/observations/360982334,6320452486,Cylindropuntia caribaea,Cylindropuntia caribaea (Britton & Rose) F.M.Knuth,Cactaceae,Cylindropuntia,SPECIES,HUMAN_OBSERVATION,2026-05-11T10:58:15,2026,-71.629028,18.416338,24,50c9509d-22c7-4a22-a47d-8c48425ef4a7,iNaturalist,Observations,10,02,DUVERGÉ,061002,876725b0cffffff
https://www.inaturalist.org/observations/37324133,2550066625,Heliotropium curassavicum,Heliotropium curassavicum L.,Heliotropiaceae,Heliotropium,SPECIES,HUMAN_OBSERVATION,2020-01-03T08:46:55,2020,-71.583629,18.404796,4208,50c9509d-22c7-4a22-a47d-8c48425ef4a7,iNaturalist,Observations,10,02,DUVERGÉ,061002,876725b70ffffff
https://www.inaturalist.org/observations/37508130,2557765827,Bocconia frutescens,Bocconia frutescens L.,Papaveraceae,Bocconia,SPECIES,HUMAN_OBSERVATION,2020-01-04T08:54:14,2020,-71.700399,18.308317,10,50c9509d-22c7-4a22-a47d-8c48425ef4a7,iNaturalist,Observations,10,02,DUVERGÉ,061002,876725a02ffffff
https://www.inaturalist.org/observations/37508202,3337668362,Fragaria vesca,Fragaria vesca L.,Rosaceae,Fragaria,SPECIES,HUMAN_OBSERVATION,2020-01-04T09:26:23,2020,-71.698104,18.308047,12,50c9509d-22c7-4a22-a47d-8c48425ef4a7,iNaturalist,Observations,10,02,DUVERGÉ,061002,876725a02ffffff
https://www.inaturalist.org/observations/37508247,2850993477,Prunella vulgaris,Prunella vulgaris L.,Lamiaceae,Prunella,SPECIES,HUMAN_OBSERVATION,2020-01-04T09:32:55,2020,-71.699523,18.308283,9,50c9509d-22c7-4a22-a47d-8c48425ef4a7,iNaturalist,Observations,10,02,DUVERGÉ,061002,876725a02ffffff
https://www.inaturalist.org/observations/37508902,2850951467,Prunella vulgaris,Prunella vulgaris L.,Lamiaceae,Prunella,SPECIES,HUMAN_OBSERVATION,2020-01-04T10:24:32,2020,-71.708774,18.309335,27,50c9509d-22c7-4a22-a47d-8c48425ef4a7,iNaturalist,Observations,10,02,DUVERGÉ,061002,876725a11ffffff
https://www.inaturalist.org/observations/40251284,3764500320,Berylsimpsonia vanillosma,Berylsimpsonia vanillosma (C.Wright) B.L.Turner,Asteraceae,Berylsimpsonia,SPECIES,HUMAN_OBSERVATION,2013-11-27T15:06,2013,-71.572889,18.294603,1000,50c9509d-22c7-4a22-a47d-8c48425ef4a7,iNaturalist,Observations,10,02,DUVERGÉ,061002,876725a75ffffff
https://www.inaturalist.org/observations/43736179,2611373620,Tillandsia usneoides,Tillandsia usneoides (L.) L.,Bromeliaceae,Tillandsia,SPECIES,HUMAN_OBSERVATION,2004-09-26T14:38,2004,-71.62388,18.353588,31,50c9509d-22c7-4a22-a47d-8c48425ef4a7,iNaturalist,Observations,10,02,DUVERGÉ,061002,876725b52ffffff
https://www.inaturalist.org/observations/48913205,2963782389,Murraya paniculata,Murraya paniculata (L.) Jacq.,Rutaceae,Murraya,SPECIES,HUMAN_OBSERVATION,2020-06-08T10:52:01Z,2020,-71.576652,18.315722,5,50c9509d-22c7-4a22-a47d-8c48425ef4a7,iNaturalist,Observations,10,02,DUVERGÉ,061002,876725b5affffff
https://www.inaturalist.org/observations/48914489,2988546512,Holmskioldia sanguinea,Holmskioldia sanguinea Retz.,Lamiaceae,Holmskioldia,SPECIES,HUMAN_OBSERVATION,2020-06-08T11:02:14Z,2020,-71.576616,18.315862,5,50c9509d-22c7-4a22-a47d-8c48425ef4a7,iNaturalist,Observations,10,02,DUVERGÉ,061002,876725b5affffff
https://www.inaturalist.org/observations/51046740,4516633394,Kalanchoe houghtonii,Kalanchoe × houghtonii D.B.Ward,Crassulaceae,Kalanchoe,SPECIES,HUMAN_OBSERVATION,2018-02-08,2018,-71.578618,18.316153,2,50c9509d-22c7-4a22-a47d-8c48425ef4a7,iNaturalist,Observations,10,02,DUVERGÉ,061002,876725b5affffff
https://www.inaturalist.org/observations/51534804,6171191053,Theophrasta L.,Theophrasta L.,Primulaceae,Theophrasta,GENUS,HUMAN_OBSERVATION,2019-12-10T17:01,2019,-71.583025,18.311017,NA,50c9509d-22c7-4a22-a47d-8c48425ef4a7,iNaturalist,Observations,10,02,DUVERGÉ,061002,876725b5affffff
https://www.inaturalist.org/observations/5490592,3455397323,Bocconia frutescens,Bocconia frutescens L.,Papaveraceae,Bocconia,SPECIES,HUMAN_OBSERVATION,2017-03-27T07:00:29,2017,-71.70819,18.308709,10,50c9509d-22c7-4a22-a47d-8c48425ef4a7,iNaturalist,Observations,10,02,DUVERGÉ,061002,876725a11ffffff
https://www.inaturalist.org/observations/5492646,4018260303,Kalanchoe houghtonii,Kalanchoe × houghtonii D.B.Ward,Crassulaceae,Kalanchoe,SPECIES,HUMAN_OBSERVATION,2017-03-28T07:47:20,2017,-71.581005,18.314997,10,50c9509d-22c7-4a22-a47d-8c48425ef4a7,iNaturalist,Observations,10,02,DUVERGÉ,061002,876725b5affffff
https://www.inaturalist.org/observations/5493849,4453683306,Cecropia schreberiana,Cecropia schreberiana Miq.,Urticaceae,Cecropia,SPECIES,HUMAN_OBSERVATION,2017-03-26T17:42:03,2017,-71.581588,18.311196,10,50c9509d-22c7-4a22-a47d-8c48425ef4a7,iNaturalist,Observations,10,02,DUVERGÉ,061002,876725b5affffff
https://www.inaturalist.org/observations/5493893,3892360303,Begonia domingensis,Begonia domingensis A.DC.,Begoniaceae,Begonia,SPECIES,HUMAN_OBSERVATION,2017-03-27T07:01:05,2017,-71.70808,18.308706,5,50c9509d-22c7-4a22-a47d-8c48425ef4a7,iNaturalist,Observations,10,02,DUVERGÉ,061002,876725a11ffffff
https://www.inaturalist.org/observations/58669367,4607304565,Kalanchoe houghtonii,Kalanchoe × houghtonii D.B.Ward,Crassulaceae,Kalanchoe,SPECIES,HUMAN_OBSERVATION,2009-03-21,2009,-71.652171,18.333238,1953,50c9509d-22c7-4a22-a47d-8c48425ef4a7,iNaturalist,Observations,10,02,DUVERGÉ,061002,876725a05ffffff
https://www.inaturalist.org/observations/58669368,6159578212,Cynoglossum amabile,Cynoglossum amabile Stapf & J.R.Drumm.,Boraginaceae,Cynoglossum,SPECIES,HUMAN_OBSERVATION,2009-03-09,2009,-71.697489,18.314987,1953,50c9509d-22c7-4a22-a47d-8c48425ef4a7,iNaturalist,Observations,10,02,DUVERGÉ,061002,876725a02ffffff
https://www.inaturalist.org/observations/65445346,3872955405,Ponthieva ventricosa,Ponthieva ventricosa (Griseb.) Fawc. & Rendle,Orchidaceae,Ponthieva,SPECIES,HUMAN_OBSERVATION,2018-12-08T15:46,2018,-71.7,18.3,NA,50c9509d-22c7-4a22-a47d-8c48425ef4a7,iNaturalist,Observations,10,02,DUVERGÉ,061002,876725a1cffffff
https://www.inaturalist.org/observations/69023395,3070683346,Calliandra pedicellata,Calliandra pedicellata Benth.,Fabaceae,Calliandra,SPECIES,HUMAN_OBSERVATION,2021-02-03T17:51:23,2021,-71.547803,18.338968,NA,50c9509d-22c7-4a22-a47d-8c48425ef4a7,iNaturalist,Observations,10,02,DUVERGÉ,061002,876725b43ffffff
https://www.inaturalist.org/observations/69024203,3070652428,Lepidaploa fruticosa,Lepidaploa fruticosa (L.) H.Rob.,Asteraceae,Lepidaploa,SPECIES,HUMAN_OBSERVATION,2021-02-03T17:59:14,2021,-71.55417,18.339298,NA,50c9509d-22c7-4a22-a47d-8c48425ef4a7,iNaturalist,Observations,10,02,DUVERGÉ,061002,876725b5cffffff
https://www.inaturalist.org/observations/69025374,3070440438,Consolea testudinis-crus,Consolea testudinis-crus (F.A.C.Weber) Mottram & Hoxey,Cactaceae,Consolea,SPECIES,HUMAN_OBSERVATION,2021-02-03T14:24:23,2021,-71.629833,18.404057,NA,50c9509d-22c7-4a22-a47d-8c48425ef4a7,iNaturalist,Observations,10,02,DUVERGÉ,061002,876725b08ffffff
https://www.inaturalist.org/observations/69025532,3079483110,Exostema caribaeum,Exostema caribaeum (Jacq.) Roem. & Schult.,Rubiaceae,Exostema,SPECIES,HUMAN_OBSERVATION,2021-02-03T17:16:20,2021,-71.53291,18.355883,NA,50c9509d-22c7-4a22-a47d-8c48425ef4a7,iNaturalist,Observations,10,02,DUVERGÉ,061002,876725b41ffffff
https://www.inaturalist.org/observations/69048548,3070594274,Hylocereus triangularis,Selenicereus triangularis (L.) D.R.Hunt,Cactaceae,Hylocereus,SPECIES,HUMAN_OBSERVATION,2021-02-04T09:08:52,2021,-71.569644,18.306968,5,50c9509d-22c7-4a22-a47d-8c48425ef4a7,iNaturalist,Observations,10,02,DUVERGÉ,061002,876725b5bffffff
https://www.inaturalist.org/observations/69048584,3070348253,Agave antillarum,Agave antillarum Descourt.,Asparagaceae,Agave,SPECIES,HUMAN_OBSERVATION,2021-02-04T08:57:16,2021,-71.570355,18.322352,NA,50c9509d-22c7-4a22-a47d-8c48425ef4a7,iNaturalist,Observations,10,02,DUVERGÉ,061002,876725b58ffffff
https://www.inaturalist.org/observations/69048921,3079524075,Stigmaphyllon emarginatum,Stigmaphyllon emarginatum (Cav.) A.Juss.,Malpighiaceae,Stigmaphyllon,SPECIES,HUMAN_OBSERVATION,2021-02-04T09:24:55,2021,-71.57107,18.303392,NA,50c9509d-22c7-4a22-a47d-8c48425ef4a7,iNaturalist,Observations,10,02,DUVERGÉ,061002,876725b5bffffff
https://www.inaturalist.org/observations/69049041,3079719099,Pavonia coccinea,Pavonia coccinea Cav.,Malvaceae,Pavonia,SPECIES,HUMAN_OBSERVATION,2021-02-04T09:26:15,2021,-71.571043,18.303382,NA,50c9509d-22c7-4a22-a47d-8c48425ef4a7,iNaturalist,Observations,10,02,DUVERGÉ,061002,876725b5bffffff
https://www.inaturalist.org/observations/69049821,3070462349,Anastraphia picardae,Anastraphia picardae Urb.,Asteraceae,Anastraphia,SPECIES,HUMAN_OBSERVATION,2021-02-03T09:53:14,2021,-71.5713,18.3003,5,50c9509d-22c7-4a22-a47d-8c48425ef4a7,iNaturalist,Observations,10,02,DUVERGÉ,061002,876725b5bffffff
https://www.inaturalist.org/observations/69050548,3070683348,Passiflora suberosa,Passiflora suberosa L.,Passifloraceae,Passiflora,SPECIES,HUMAN_OBSERVATION,2021-02-04T10:20:15,2021,-71.572105,18.292801,5,50c9509d-22c7-4a22-a47d-8c48425ef4a7,iNaturalist,Observations,10,02,DUVERGÉ,061002,876725a75ffffff
https://www.inaturalist.org/observations/69055449,3070335254,Berylsimpsonia vanillosma,Berylsimpsonia vanillosma (C.Wright) B.L.Turner,Asteraceae,Berylsimpsonia,SPECIES,HUMAN_OBSERVATION,2021-02-04T12:31:01,2021,-71.57195,18.302214,7,50c9509d-22c7-4a22-a47d-8c48425ef4a7,iNaturalist,Observations,10,02,DUVERGÉ,061002,876725b5bffffff
https://www.inaturalist.org/observations/69055591,3079556164,Rhynchosia reticulata,Rhynchosia reticulata (Sw.) DC.,Fabaceae,Rhynchosia,SPECIES,HUMAN_OBSERVATION,2021-02-04T12:32:47,2021,-71.571973,18.302237,5,50c9509d-22c7-4a22-a47d-8c48425ef4a7,iNaturalist,Observations,10,02,DUVERGÉ,061002,876725b5bffffff
https://www.inaturalist.org/observations/69055737,3070771303,Passiflora suberosa,Passiflora suberosa L.,Passifloraceae,Passiflora,SPECIES,HUMAN_OBSERVATION,2021-02-04T12:32:47,2021,-71.572002,18.302335,7,50c9509d-22c7-4a22-a47d-8c48425ef4a7,iNaturalist,Observations,10,02,DUVERGÉ,061002,876725b5bffffff
https://www.inaturalist.org/observations/69056940,3070462351,Solanum tetramerum,Solanum tetramerum Dunal & A.DC.,Solanaceae,Solanum,SPECIES,HUMAN_OBSERVATION,2021-02-04T13:03:29,2021,-71.570368,18.306823,8,50c9509d-22c7-4a22-a47d-8c48425ef4a7,iNaturalist,Observations,10,02,DUVERGÉ,061002,876725b5bffffff
https://www.inaturalist.org/observations/69094864,3070339295,Asclepias nivea,Asclepias nivea L.,Apocynaceae,Asclepias,SPECIES,HUMAN_OBSERVATION,2021-02-04T14:24:28,2021,-71.668271,18.332523,10,50c9509d-22c7-4a22-a47d-8c48425ef4a7,iNaturalist,Observations,10,02,DUVERGÉ,061002,876725a05ffffff
https://www.inaturalist.org/observations/69104539,3070683352,Cestrum humile,Cestrum humile Urb. & Ekman,Solanaceae,Cestrum,SPECIES,HUMAN_OBSERVATION,2021-02-04T18:42:03,2021,-71.718445,18.292835,NA,50c9509d-22c7-4a22-a47d-8c48425ef4a7,iNaturalist,Observations,10,02,DUVERGÉ,061002,876725a1effffff
https://www.inaturalist.org/observations/69106549,3070646344,Lobelia rotundifolia,Lobelia rotundifolia Juss. ex A.DC.,Campanulaceae,Lobelia,SPECIES,HUMAN_OBSERVATION,2021-02-04T16:36:54,2021,-71.705168,18.31541,NA,50c9509d-22c7-4a22-a47d-8c48425ef4a7,iNaturalist,Observations,10,02,DUVERGÉ,061002,876725a02ffffff
https://www.inaturalist.org/observations/69108272,3070756467,Crassocephalum crepidioides,Crassocephalum crepidioides (Benth.) S.Moore,Asteraceae,Crassocephalum,SPECIES,HUMAN_OBSERVATION,2021-02-04T17:04:28,2021,-71.707907,18.308848,NA,50c9509d-22c7-4a22-a47d-8c48425ef4a7,iNaturalist,Observations,10,02,DUVERGÉ,061002,876725a11ffffff
https://www.inaturalist.org/observations/69112038,3070704484,Odontosoria aculeata,Odontosoria aculeata (L.) J.Sm.,Lindsaeaceae,Odontosoria,SPECIES,HUMAN_OBSERVATION,2021-02-04T17:37:14,2021,-71.68954,18.30029,NA,50c9509d-22c7-4a22-a47d-8c48425ef4a7,iNaturalist,Observations,10,02,DUVERGÉ,061002,876725a03ffffff
https://www.inaturalist.org/observations/69112116,3070558470,Garrya fadyenii,Garrya fadyenii Hook.,Garryaceae,Garrya,SPECIES,HUMAN_OBSERVATION,2021-02-04T17:43:28,2021,-71.689488,18.300287,NA,50c9509d-22c7-4a22-a47d-8c48425ef4a7,iNaturalist,Observations,10,02,DUVERGÉ,061002,876725a03ffffff
https://www.inaturalist.org/observations/69112535,3070699486,Tithonia diversifolia,Tithonia diversifolia (Hemsl.) A.Gray,Asteraceae,Tithonia,SPECIES,HUMAN_OBSERVATION,2021-02-04T15:51:42,2021,-71.694785,18.32392,NA,50c9509d-22c7-4a22-a47d-8c48425ef4a7,iNaturalist,Observations,10,02,DUVERGÉ,061002,876725a02ffffff
https://www.inaturalist.org/observations/69113648,3070404394,Biancaea decapetala,Biancaea decapetala (Roth) O.Deg.,Fabaceae,Biancaea,SPECIES,HUMAN_OBSERVATION,2021-02-04T14:18:19,2021,-71.65614,18.335605,NA,50c9509d-22c7-4a22-a47d-8c48425ef4a7,iNaturalist,Observations,10,02,DUVERGÉ,061002,876725a05ffffff
https://www.inaturalist.org/observations/69113709,3070563431,Cascabela thevetia,Cascabela thevetia (L.) Lippold,Apocynaceae,Cascabela,SPECIES,HUMAN_OBSERVATION,2021-02-04T14:57:29,2021,-71.677782,18.324607,NA,50c9509d-22c7-4a22-a47d-8c48425ef4a7,iNaturalist,Observations,10,02,DUVERGÉ,061002,876725a00ffffff
https://www.inaturalist.org/observations/69113788,3070263256,Schistocarpha eupatorioides,Schistocarpha eupatorioides (Fenzl) Kuntze,Asteraceae,Schistocarpha,SPECIES,HUMAN_OBSERVATION,2021-02-04T16:03:34,2021,-71.69965,18.320332,NA,50c9509d-22c7-4a22-a47d-8c48425ef4a7,iNaturalist,Observations,10,02,DUVERGÉ,061002,876725a02ffffff
https://www.inaturalist.org/observations/69113835,4413378372,Salvia brachyloba,Salvia brachyloba Urb.,Lamiaceae,Salvia,SPECIES,HUMAN_OBSERVATION,2021-02-04T15:58:40,2021,-71.698838,18.320878,NA,50c9509d-22c7-4a22-a47d-8c48425ef4a7,iNaturalist,Observations,10,02,DUVERGÉ,061002,876725a02ffffff
https://www.inaturalist.org/observations/69113892,6159620534,Cynoglossum amabile,Cynoglossum amabile Stapf & J.R.Drumm.,Boraginaceae,Cynoglossum,SPECIES,HUMAN_OBSERVATION,2021-02-04T16:15:10,2021,-71.702832,18.319198,NA,50c9509d-22c7-4a22-a47d-8c48425ef4a7,iNaturalist,Observations,10,02,DUVERGÉ,061002,876725a02ffffff
https://www.inaturalist.org/observations/69113937,3113292424,Pilea consanguinea,Pilea consanguinea Wedd.,Urticaceae,Pilea,SPECIES,HUMAN_OBSERVATION,2021-02-04T16:19:19,2021,-71.702832,18.319198,NA,50c9509d-22c7-4a22-a47d-8c48425ef4a7,iNaturalist,Observations,10,02,DUVERGÉ,061002,876725a02ffffff
https://www.inaturalist.org/observations/69114006,3070558471,Weinmannia pinnata,Weinmannia pinnata L.,Cunoniaceae,Weinmannia,SPECIES,HUMAN_OBSERVATION,2021-02-04T18:23:23,2021,-71.699215,18.291895,NA,50c9509d-22c7-4a22-a47d-8c48425ef4a7,iNaturalist,Observations,10,02,DUVERGÉ,061002,876725a1cffffff
https://www.inaturalist.org/observations/69114055,6163178311,Baccharis mornicola,Baccharis mornicola (Urb.) G.Heiden,Asteraceae,Baccharis,SPECIES,HUMAN_OBSERVATION,2021-02-04T18:36:47,2021,-71.71627,18.292838,NA,50c9509d-22c7-4a22-a47d-8c48425ef4a7,iNaturalist,Observations,10,02,DUVERGÉ,061002,876725a1effffff
https://www.inaturalist.org/observations/69114178,3070683353,Elekmania buchii,Elekmania buchii (Urb.) B.Nord.,Asteraceae,Elekmania,SPECIES,HUMAN_OBSERVATION,2021-02-04T18:40:52,2021,-71.718427,18.292835,NA,50c9509d-22c7-4a22-a47d-8c48425ef4a7,iNaturalist,Observations,10,02,DUVERGÉ,061002,876725a1effffff
https://www.inaturalist.org/observations/69294059,3070594287,Baccharis myrsinites,Baccharis myrsinites Pers.,Asteraceae,Baccharis,SPECIES,HUMAN_OBSERVATION,2021-02-04T18:16:25,2021,-71.69819,18.291887,NA,50c9509d-22c7-4a22-a47d-8c48425ef4a7,iNaturalist,Observations,10,02,DUVERGÉ,061002,876725a1cffffff
https://www.inaturalist.org/observations/69466080,3070455356,Narvalina domingensis,Narvalina domingensis (Cass.) Less.,Asteraceae,Narvalina,SPECIES,HUMAN_OBSERVATION,2021-02-04T11:40:04,2021,-71.571877,18.289817,NA,50c9509d-22c7-4a22-a47d-8c48425ef4a7,iNaturalist,Observations,10,02,DUVERGÉ,061002,876725a75ffffff
https://www.inaturalist.org/observations/69466812,3070771322,Coccoloba diversifolia,Coccoloba diversifolia Jacq.,Polygonaceae,Coccoloba,SPECIES,HUMAN_OBSERVATION,2021-02-04T10:20:15,2021,-71.572258,18.292935,NA,50c9509d-22c7-4a22-a47d-8c48425ef4a7,iNaturalist,Observations,10,02,DUVERGÉ,061002,876725a75ffffff
https://www.inaturalist.org/observations/69467280,3070335275,Ximenia horrida,Ximenia horrida Urb. & Ekman,Ximeniaceae,Ximenia,SPECIES,HUMAN_OBSERVATION,2021-02-03T15:43:03,2021,-71.635313,18.415028,NA,50c9509d-22c7-4a22-a47d-8c48425ef4a7,iNaturalist,Observations,10,02,DUVERGÉ,061002,876725b08ffffff
https://www.inaturalist.org/observations/69473286,3070547274,Isidorea pungens,Isidorea pungens (Lam.) B.L.Rob.,Rubiaceae,Isidorea,SPECIES,HUMAN_OBSERVATION,2021-02-04T11:20:25,2021,-71.570027,18.290903,NA,50c9509d-22c7-4a22-a47d-8c48425ef4a7,iNaturalist,Observations,10,02,DUVERGÉ,061002,876725a75ffffff
https://www.inaturalist.org/observations/69473433,3070462371,Comocladia dodonaea,Comocladia dodonaea (L.) Britton,Anacardiaceae,Comocladia,SPECIES,HUMAN_OBSERVATION,2021-02-04T09:34:31,2021,-71.569983,18.322315,NA,50c9509d-22c7-4a22-a47d-8c48425ef4a7,iNaturalist,Observations,10,02,DUVERGÉ,061002,876725b58ffffff
https://www.inaturalist.org/observations/69481950,4892251274,Crossopetalum decussatum,Crossopetalum decussatum (Baill.) Lourteig,Celastraceae,Crossopetalum,SPECIES,HUMAN_OBSERVATION,2021-02-03T17:15:10,2021,-71.532885,18.355915,NA,50c9509d-22c7-4a22-a47d-8c48425ef4a7,iNaturalist,Observations,10,02,DUVERGÉ,061002,876725b41ffffff
https://www.inaturalist.org/observations/69644900,5007375670,Comocladia domingensis,Comocladia domingensis Britton,Anacardiaceae,Comocladia,SPECIES,HUMAN_OBSERVATION,2021-02-03T15:59:14,2021,-71.55417,18.339298,NA,50c9509d-22c7-4a22-a47d-8c48425ef4a7,iNaturalist,Observations,10,02,DUVERGÉ,061002,876725b5cffffff
https://www.inaturalist.org/observations/69644916,3070317288,Helicteres jamaicensis,Helicteres jamaicensis Jacq.,Malvaceae,Helicteres,SPECIES,HUMAN_OBSERVATION,2021-02-03T15:59:14,2021,-71.55417,18.339298,NA,50c9509d-22c7-4a22-a47d-8c48425ef4a7,iNaturalist,Observations,10,02,DUVERGÉ,061002,876725b5cffffff
https://www.inaturalist.org/observations/69741256,4014916388,Croton flavens,Croton flavens L.,Euphorbiaceae,Croton,SPECIES,HUMAN_OBSERVATION,2021-02-03T15:11:13,2021,-71.53298,18.356208,NA,50c9509d-22c7-4a22-a47d-8c48425ef4a7,iNaturalist,Observations,10,02,DUVERGÉ,061002,876725b41ffffff
https://www.inaturalist.org/observations/69754260,3070690368,Eulophia maculata,Eulophia maculata (Lindl.) Rchb.f.,Orchidaceae,Eulophia,SPECIES,HUMAN_OBSERVATION,2021-02-04T08:50:58,2021,-71.571202,18.292318,NA,50c9509d-22c7-4a22-a47d-8c48425ef4a7,iNaturalist,Observations,10,02,DUVERGÉ,061002,876725a75ffffff
https://www.inaturalist.org/observations/69804714,3070635374,Thouinia tomentosa,Thouinia tomentosa var. rigidissima (Radlk. & Ekman) Votava & Alain,Sapindaceae,Thouinia,VARIETY,HUMAN_OBSERVATION,2021-02-04T09:59:40,2021,-71.570263,18.28994,NA,50c9509d-22c7-4a22-a47d-8c48425ef4a7,iNaturalist,Observations,10,02,DUVERGÉ,061002,876725a75ffffff
https://www.inaturalist.org/observations/70251409,6186057746,Calliandra haematomma,Calliandra haematomma (Bertero ex DC.) Benth.,Fabaceae,Calliandra,SPECIES,HUMAN_OBSERVATION,2009-05-09T12:48,2009,-71.587257,18.311227,15,50c9509d-22c7-4a22-a47d-8c48425ef4a7,iNaturalist,Observations,10,02,DUVERGÉ,061002,876725b5affffff
https://www.inaturalist.org/observations/72887030,3456059853,Trifolium repens,Trifolium repens L.,Fabaceae,Trifolium,SPECIES,HUMAN_OBSERVATION,2021-04-03T14:15:10,2021,-71.716088,18.289916,12,50c9509d-22c7-4a22-a47d-8c48425ef4a7,iNaturalist,Observations,10,02,DUVERGÉ,061002,876725a1effffff
https://www.inaturalist.org/observations/83491273,4908192892,Peperomia san-joseana,Peperomia san-joseana C.DC.,Piperaceae,Peperomia,SPECIES,HUMAN_OBSERVATION,2021-06-16T15:26:37,2021,-71.534512,18.203568,8,50c9509d-22c7-4a22-a47d-8c48425ef4a7,iNaturalist,Observations,10,02,DUVERGÉ,061002,876725a4effffff
https://www.inaturalist.org/observations/83491432,4516657676,Fuchsia triphylla,Fuchsia triphylla L.,Onagraceae,Fuchsia,SPECIES,HUMAN_OBSERVATION,2021-06-16T15:45:12,2021,-71.534064,18.205143,6,50c9509d-22c7-4a22-a47d-8c48425ef4a7,iNaturalist,Observations,10,02,DUVERGÉ,061002,876725a4effffff
https://www.inaturalist.org/observations/83491537,3985737469,Solanum crotonoides,Solanum crotonoides Lam.,Solanaceae,Solanum,SPECIES,HUMAN_OBSERVATION,2021-06-16T15:59:38,2021,-71.53372,18.206477,6,50c9509d-22c7-4a22-a47d-8c48425ef4a7,iNaturalist,Observations,10,02,DUVERGÉ,061002,876725a4effffff
https://www.inaturalist.org/observations/8447106,1802637998,Hamelia patens,Hamelia patens Jacq.,Rubiaceae,Hamelia,SPECIES,HUMAN_OBSERVATION,2017-10-17T20:30:59,2017,-71.576508,18.315803,10,50c9509d-22c7-4a22-a47d-8c48425ef4a7,iNaturalist,Observations,10,02,DUVERGÉ,061002,876725b5affffff
https://www.inaturalist.org/observations/89296086,3335065811,Passiflora orbiculata,Passiflora orbiculata Cav.,Passifloraceae,Passiflora,SPECIES,HUMAN_OBSERVATION,2021-07-30T12:12:39,2021,-71.531902,18.205793,8,50c9509d-22c7-4a22-a47d-8c48425ef4a7,iNaturalist,Observations,10,02,DUVERGÉ,061002,876725a4effffff
https://www.inaturalist.org/observations/89296131,5133171207,Tolumnia compressicaulis,Tolumnia compressicaulis (Withner) Braem,Orchidaceae,Tolumnia,SPECIES,HUMAN_OBSERVATION,2021-07-30T12:17:41,2021,-71.531868,18.205729,12,50c9509d-22c7-4a22-a47d-8c48425ef4a7,iNaturalist,Observations,10,02,DUVERGÉ,061002,876725a4effffff
https://www.inaturalist.org/observations/89296203,3415454688,Passiflora ekmanii,Passiflora ekmanii Killip & Urb.,Passifloraceae,Passiflora,SPECIES,HUMAN_OBSERVATION,2021-07-30T12:42:07,2021,-71.530966,18.205326,8,50c9509d-22c7-4a22-a47d-8c48425ef4a7,iNaturalist,Observations,10,02,DUVERGÉ,061002,876725a4effffff
https://www.inaturalist.org/observations/89296232,3966544373,Solanum polyacanthos,Solanum polyacanthos Lam.,Solanaceae,Solanum,SPECIES,HUMAN_OBSERVATION,2021-07-30T12:44:30,2021,-71.530964,18.205315,8,50c9509d-22c7-4a22-a47d-8c48425ef4a7,iNaturalist,Observations,10,02,DUVERGÉ,061002,876725a4effffff
https://www.inaturalist.org/observations/89296328,3456647121,Oreopanax capitatus,Oreopanax capitatus (Jacq.) Decne. & Planch.,Araliaceae,Oreopanax,SPECIES,HUMAN_OBSERVATION,2021-07-30T12:51:59,2021,-71.53094,18.20513,8,50c9509d-22c7-4a22-a47d-8c48425ef4a7,iNaturalist,Observations,10,02,DUVERGÉ,061002,876725a4effffff
https://www.inaturalist.org/observations/89296489,5069706536,Jupunba oppositifolia,Jupunba oppositifolia (Urb.) Britton & Rose,Fabaceae,Jupunba,SPECIES,HUMAN_OBSERVATION,2021-07-30T13:16:45,2021,-71.530971,18.204699,8,50c9509d-22c7-4a22-a47d-8c48425ef4a7,iNaturalist,Observations,10,02,DUVERGÉ,061002,876725a4effffff
https://www.inaturalist.org/observations/89296673,3902660847,Physalis peruviana,Physalis peruviana L.,Solanaceae,Physalis,SPECIES,HUMAN_OBSERVATION,2021-07-30T14:06:25,2021,-71.531291,18.203975,4,50c9509d-22c7-4a22-a47d-8c48425ef4a7,iNaturalist,Observations,10,02,DUVERGÉ,061002,876725a4effffff
https://www.inaturalist.org/observations/89296691,4994375567,Meliosma impressa,Meliosma impressa Krug & Urb.,Sabiaceae,Meliosma,SPECIES,HUMAN_OBSERVATION,2021-07-30T14:42:17,2021,-71.531675,18.203548,6,50c9509d-22c7-4a22-a47d-8c48425ef4a7,iNaturalist,Observations,10,02,DUVERGÉ,061002,876725a4effffff
https://www.inaturalist.org/observations/89296950,3335439787,Bocconia frutescens,Bocconia frutescens L.,Papaveraceae,Bocconia,SPECIES,HUMAN_OBSERVATION,2021-07-30T16:18:23,2021,-71.532498,18.202539,8,50c9509d-22c7-4a22-a47d-8c48425ef4a7,iNaturalist,Observations,10,02,DUVERGÉ,061002,876725a4effffff
https://www.inaturalist.org/observations/89296968,3337401657,Tillandsia hotteana,Tillandsia hotteana Urb.,Bromeliaceae,Tillandsia,SPECIES,HUMAN_OBSERVATION,2021-07-30T16:24:51,2021,-71.532445,18.20257,12,50c9509d-22c7-4a22-a47d-8c48425ef4a7,iNaturalist,Observations,10,02,DUVERGÉ,061002,876725a4effffff
https://www.inaturalist.org/observations/89296976,3337491651,Byrsonima lucida,Byrsonima lucida (Mill.) DC.,Malpighiaceae,Byrsonima,SPECIES,HUMAN_OBSERVATION,2021-07-30T16:37:26,2021,-71.532845,18.202584,8,50c9509d-22c7-4a22-a47d-8c48425ef4a7,iNaturalist,Observations,10,02,DUVERGÉ,061002,876725a4effffff
https://www.inaturalist.org/observations/89297012,3337866811,Tecoma stans,Tecoma stans (L.) Juss. ex Kunth,Bignoniaceae,Tecoma,SPECIES,HUMAN_OBSERVATION,2021-07-30T17:15:56,2021,-71.53382,18.205409,8,50c9509d-22c7-4a22-a47d-8c48425ef4a7,iNaturalist,Observations,10,02,DUVERGÉ,061002,876725a4effffff
https://www.inaturalist.org/observations/89297051,6159528470,Phytolacca icosandra,Phytolacca icosandra L.,Phytolaccaceae,Phytolacca,SPECIES,HUMAN_OBSERVATION,2021-07-30T17:22:58,2021,-71.533817,18.205763,32,50c9509d-22c7-4a22-a47d-8c48425ef4a7,iNaturalist,Observations,10,02,DUVERGÉ,061002,876725a4effffff
https://www.inaturalist.org/observations/89297088,3337735786,Damburneya coriacea,Damburneya coriacea (Sw.) Trofimov & Rohwer,Lauraceae,Damburneya,SPECIES,HUMAN_OBSERVATION,2021-07-30T17:27:54,2021,-71.533724,18.205858,12,50c9509d-22c7-4a22-a47d-8c48425ef4a7,iNaturalist,Observations,10,02,DUVERGÉ,061002,876725a4effffff
https://www.inaturalist.org/observations/93944087,5086872100,Neltuma juliflora,Neltuma juliflora (Sw.) Raf.,Fabaceae,Neltuma,SPECIES,HUMAN_OBSERVATION,2021-09-06T12:17:13Z,2021,-71.669267,18.332333,50,50c9509d-22c7-4a22-a47d-8c48425ef4a7,iNaturalist,Observations,10,02,DUVERGÉ,061002,876725a05ffffff
https://www.inaturalist.org/observations/94072498,6352748981,Verbascum thapsus,Verbascum thapsus L.,Scrophulariaceae,Verbascum,SPECIES,HUMAN_OBSERVATION,2021-09-07T16:12,2021,-71.533611,18.207222,NA,50c9509d-22c7-4a22-a47d-8c48425ef4a7,iNaturalist,Observations,10,02,DUVERGÉ,061002,876725a4effffff
https://www.inaturalist.org/observations/98699679,5062561477,Coccoloba diversifolia,Coccoloba diversifolia Jacq.,Polygonaceae,Coccoloba,SPECIES,HUMAN_OBSERVATION,2021-10-07T17:48:22,2021,-71.581141,18.314892,6,50c9509d-22c7-4a22-a47d-8c48425ef4a7,iNaturalist,Observations,10,02,DUVERGÉ,061002,876725b5affffff
https://www.inaturalist.org/observations/98700046,5062575394,Eugenia ligustrina,Eugenia ligustrina (Sw.) Willd.,Myrtaceae,Eugenia,SPECIES,HUMAN_OBSERVATION,2021-10-08T08:58:08,2021,-71.652513,18.352372,6,50c9509d-22c7-4a22-a47d-8c48425ef4a7,iNaturalist,Observations,10,02,DUVERGÉ,061002,876725a23ffffff
https://www.inaturalist.org/observations/98703891,5086876102,Consolea picardae,Consolea picardae (Urb.) Areces,Cactaceae,Consolea,SPECIES,HUMAN_OBSERVATION,2021-10-08T10:12:09,2021,-71.654039,18.356535,8,50c9509d-22c7-4a22-a47d-8c48425ef4a7,iNaturalist,Observations,10,02,DUVERGÉ,061002,876725a20ffffff
https://www.inaturalist.org/observations/98704118,4599948586,Zanthoxylum fagara,Zanthoxylum fagara (L.) Sarg.,Rutaceae,Zanthoxylum,SPECIES,HUMAN_OBSERVATION,2021-10-08T10:41:34,2021,-71.657884,18.357705,8,50c9509d-22c7-4a22-a47d-8c48425ef4a7,iNaturalist,Observations,10,02,DUVERGÉ,061002,876725a20ffffff
https://www.inaturalist.org/observations/98704359,3399453459,Spondias mombin,Spondias mombin Jacq.,Anacardiaceae,Spondias,SPECIES,HUMAN_OBSERVATION,2021-10-09T07:47:21,2021,-71.651737,18.351872,6,50c9509d-22c7-4a22-a47d-8c48425ef4a7,iNaturalist,Observations,10,02,DUVERGÉ,061002,876725a23ffffff
https://www.inaturalist.org/observations/98704533,3399075422,Lantana camara,Lantana camara L.,Verbenaceae,Lantana,SPECIES,HUMAN_OBSERVATION,2021-10-09T08:29:23,2021,-71.653483,18.354254,8,50c9509d-22c7-4a22-a47d-8c48425ef4a7,iNaturalist,Observations,10,02,DUVERGÉ,061002,876725a23ffffff
https://www.inaturalist.org/observations/98704830,5062560378,Picramnia pentandra,Picramnia pentandra Sw.,Picramniaceae,Picramnia,SPECIES,HUMAN_OBSERVATION,2021-10-09T10:18:02,2021,-71.655787,18.358204,8,50c9509d-22c7-4a22-a47d-8c48425ef4a7,iNaturalist,Observations,10,02,DUVERGÉ,061002,876725a20ffffff
https://www.inaturalist.org/observations/98705021,3961108400,Zanthoxylum fagara,Zanthoxylum fagara (L.) Sarg.,Rutaceae,Zanthoxylum,SPECIES,HUMAN_OBSERVATION,2021-10-09T10:30:52,2021,-71.654351,18.356945,8,50c9509d-22c7-4a22-a47d-8c48425ef4a7,iNaturalist,Observations,10,02,DUVERGÉ,061002,876725a20ffffff
https://www.inaturalist.org/observations/98705174,3925020449,Jatropha gossypiifolia,Jatropha gossypiifolia L.,Euphorbiaceae,Jatropha,SPECIES,HUMAN_OBSERVATION,2021-10-09T10:45:50,2021,-71.652339,18.35545,8,50c9509d-22c7-4a22-a47d-8c48425ef4a7,iNaturalist,Observations,10,02,DUVERGÉ,061002,876725a20ffffff
q-10146236947,2974745901,Calotropis procera,Calotropis procera (Aiton) W.T.Aiton,Apocynaceae,Calotropis,SPECIES,HUMAN_OBSERVATION,2020-04-16T11:33:59.327Z,2020,-71.521762,18.375971,NA,14d5676a-2c54-4f94-9023-1e8dcd822aa0,,,10,02,DUVERGÉ,061002,876725b45ffffff
urn:catalog:CAS:BOT-BC:1534910,6366669622,Pseudophoenix H.Wendl. ex Sarg.,Pseudophoenix H.Wendl. ex Sarg.,Arecaceae,Pseudophoenix,GENUS,PRESERVED_SPECIMEN,1985-04-12,1985,-71.533333,18.366667,NA,f934f8e2-32ca-46a7-b2f8-b032a4740454,CAS,BOT-BC,10,02,DUVERGÉ,061002,876725b45ffffff
urn:catalog:CAS:BOT-BC:1837474,6429733711,Ilex L.L.,Ilex L.L.,Aquifoliaceae,Ilex,GENUS,PRESERVED_SPECIMEN,2006-06-03,2006,-71.534306,18.206167,NA,f934f8e2-32ca-46a7-b2f8-b032a4740454,CAS,BOT-BC,10,02,DUVERGÉ,061002,876725a4effffff
urn:catalog:MO:Tropicos:100670824,1258011739,Calyptothecium duplicatum,Calyptothecium duplicatum (Schwägr.) Broth.,Pterobryaceae,Calyptothecium,SPECIES,PRESERVED_SPECIMEN,1983-10-17,1983,-71.563591,18.206324,NA,7bd65a7a-f762-11e1-a439-00145eb45e9a,MO,Tropicos,10,02,DUVERGÉ,061002,876725a5dffffff
urn:catalog:MO:Tropicos:100670840,1258011792,Calyptothecium duplicatum,Calyptothecium turgescens Broth. & Thér.,Pterobryaceae,Calyptothecium,SPECIES,PRESERVED_SPECIMEN,1983-10-17,1983,-71.563591,18.206324,NA,7bd65a7a-f762-11e1-a439-00145eb45e9a,MO,Tropicos,10,02,DUVERGÉ,061002,876725a5dffffff
urn:catalog:MO:Tropicos:101307571,3357692324,Pityrogramma ebenea,Pityrogramma ebenea (L.) Proctor,Pteridaceae,Pityrogramma,SPECIES,PRESERVED_SPECIMEN,2018-12-08,2018,-71.708,18.317,NA,7bd65a7a-f762-11e1-a439-00145eb45e9a,MO,Tropicos,10,02,DUVERGÉ,061002,876725a02ffffff
urn:catalog:MO:Tropicos:101354168,3946793186,Sticherus C.Presl,Sticherus C.Presl,Gleicheniaceae,Sticherus,GENUS,PRESERVED_SPECIMEN,2018-12-08,2018,-71.708,18.317,NA,7bd65a7a-f762-11e1-a439-00145eb45e9a,MO,Tropicos,10,02,DUVERGÉ,061002,876725a02ffffff
urn:catalog:MO:Tropicos:101354829,3946775530,Polystichum triangulum,Polystichum triangulum (L.) Fée,Dryopteridaceae,Polystichum,SPECIES,PRESERVED_SPECIMEN,2018-12-08,2018,-71.708,18.317,NA,7bd65a7a-f762-11e1-a439-00145eb45e9a,MO,Tropicos,10,02,DUVERGÉ,061002,876725a02ffffff
urn:catalog:MO:Tropicos:101359236,3946816525,Fissidens polypodioides,Fissidens polypodioides Hedw.,Fissidentaceae,Fissidens,SPECIES,PRESERVED_SPECIMEN,1981-03-21,1981,-71.7,18.283333,NA,7bd65a7a-f762-11e1-a439-00145eb45e9a,MO,Tropicos,10,02,DUVERGÉ,061002,876725a18ffffff
urn:catalog:MO:Tropicos:103202753,4061377510,Pityrogramma ebenea,Pityrogramma ebenea (L.) Proctor,Pteridaceae,Pityrogramma,SPECIES,PRESERVED_SPECIMEN,2018-12-08,2018,-71.708,18.317,NA,e053ff53-c156-4e2e-b9b5-4462e9625424,FLAS,Tropicos,10,02,DUVERGÉ,061002,876725a02ffffff
urn:catalog:MO:Tropicos:103221085,4062123103,Sticherus C.Presl,Sticherus C.Presl,Gleicheniaceae,Sticherus,GENUS,PRESERVED_SPECIMEN,2018-12-08,2018,-71.708,18.317,NA,e053ff53-c156-4e2e-b9b5-4462e9625424,FLAS,Tropicos,10,02,DUVERGÉ,061002,876725a02ffffff
urn:catalog:MO:Tropicos:103221668,4061915719,Polystichum triangulum,Polystichum triangulum (L.) Fée,Dryopteridaceae,Polystichum,SPECIES,PRESERVED_SPECIMEN,2018-12-08,2018,-71.708,18.317,NA,e053ff53-c156-4e2e-b9b5-4462e9625424,FLAS,Tropicos,10,02,DUVERGÉ,061002,876725a02ffffff
urn:catalog:MO:Tropicos:103772651,4953228405,Lepidaploa sprengeliana,Lepidaploa sprengeliana (Sch.Bip.) H.Rob.,Asteraceae,Lepidaploa,SPECIES,PRESERVED_SPECIMEN,1993-12-03,1993,-71.516667,18.283333,NA,7bd65a7a-f762-11e1-a439-00145eb45e9a,MO,Tropicos,10,02,DUVERGÉ,061002,876725a65ffffff
urn:catalog:MO:Tropicos:105131862,6194622244,Lunania ekmanii,Lunania ekmanii Urb.,Salicaceae,Lunania,SPECIES,PRESERVED_SPECIMEN,1983-08-18,1983,-71.706667,18.3,NA,7bd65a7a-f762-11e1-a439-00145eb45e9a,MO,Tropicos,10,02,DUVERGÉ,061002,876725a1cffffff
urn:catalog:MO:Tropicos:1461242,1258689937,Melocactus lemairei,Melocactus lemairei (Monv. ex Lem.) Miq.,Cactaceae,Melocactus,SPECIES,PRESERVED_SPECIMEN,1982-12-14,1982,-71.63333,18.4,NA,7bd65a7a-f762-11e1-a439-00145eb45e9a,MO,Tropicos,10,02,DUVERGÉ,061002,876725b08ffffff
urn:catalog:MO:Tropicos:2321729,1259624492,Paspalum arundinaceum,Paspalum arundinaceum Poir.,Poaceae,Paspalum,SPECIES,PRESERVED_SPECIMEN,1980-07-03,1980,-71.56666,18.4,NA,7bd65a7a-f762-11e1-a439-00145eb45e9a,MO,Tropicos,10,02,DUVERGÉ,061002,876725b71ffffff
urn:catalog:MO:Tropicos:2411303,1259722443,Zanthoxylum flavum,Zanthoxylum flavum subsp. flavum,Rutaceae,Zanthoxylum,SUBSPECIES,PRESERVED_SPECIMEN,1987-08-28,1987,-71.56666,18.26666,NA,7bd65a7a-f762-11e1-a439-00145eb45e9a,MO,Tropicos,10,02,DUVERGÉ,061002,876725a71ffffff
urn:catalog:MO:Tropicos:2434754,1259748323,Heterosavia erythroxyloides,Heterosavia erythroxyloides (Griseb.) Petra Hoffm.,Phyllanthaceae,Heterosavia,SPECIES,PRESERVED_SPECIMEN,1993-03-24,1993,-71.5,18.251389,NA,7bd65a7a-f762-11e1-a439-00145eb45e9a,MO,Tropicos,10,02,DUVERGÉ,061002,876725a6cffffff
urn:catalog:MO:Tropicos:2437332,1259751205,Elaeodendron xylocarpum,Elaeodendron xylocarpum (Vent.) DC.,Celastraceae,Elaeodendron,SPECIES,PRESERVED_SPECIMEN,1987,1987,-71.566667,18.316667,NA,7bd65a7a-f762-11e1-a439-00145eb45e9a,MO,Tropicos,10,02,DUVERGÉ,061002,876725b58ffffff
urn:catalog:MO:Tropicos:2498052,1259818178,Myrcia splendens,Myrcia splendens (Sw.) DC.,Myrtaceae,Myrcia,SPECIES,PRESERVED_SPECIMEN,1983-09-09,1983,-71.71666,18.3,NA,7bd65a7a-f762-11e1-a439-00145eb45e9a,MO,Tropicos,10,02,DUVERGÉ,061002,876725a1effffff
urn:catalog:MO:Tropicos:2511885,1259833483,Myrsine coriacea,Myrsine coriacea subsp. coriacea,Primulaceae,Myrsine,SUBSPECIES,PRESERVED_SPECIMEN,1985-03-17,1985,-71.5,18.23333,NA,7bd65a7a-f762-11e1-a439-00145eb45e9a,MO,Tropicos,10,02,DUVERGÉ,061002,876725a68ffffff
urn:catalog:MO:Tropicos:2563003,1259889944,Varronia dependens,Varronia dependens (Urb. & Ekman) Borhidi,Cordiaceae,Varronia,SPECIES,PRESERVED_SPECIMEN,1985-03-19,1985,-71.533333,18.2,NA,7bd65a7a-f762-11e1-a439-00145eb45e9a,MO,Tropicos,10,02,DUVERGÉ,061002,876725a4effffff
urn:catalog:MO:Tropicos:2565295,1259892484,Cynoglossum amabile,Cynoglossum amabile Stapf & J.R.Drumm.,Boraginaceae,Cynoglossum,SPECIES,PRESERVED_SPECIMEN,1987-01-25,1987,-71.51666,18.21666,NA,7bd65a7a-f762-11e1-a439-00145eb45e9a,MO,Tropicos,10,02,DUVERGÉ,061002,876725a4cffffff
urn:catalog:MO:Tropicos:3409997,1260825330,Zanthoxylum nashii,Zanthoxylum nashii P.Wilson,Rutaceae,Zanthoxylum,SPECIES,PRESERVED_SPECIMEN,1985-05-09,1985,-71.56666,18.28333,NA,7bd65a7a-f762-11e1-a439-00145eb45e9a,MO,Tropicos,10,02,DUVERGÉ,061002,876725a75ffffff
urn:catalog:MO:Tropicos:3411205,1260825741,Zanthoxylum pimpinelloides,Zanthoxylum pimpinelloides (Lam.) DC.,Rutaceae,Zanthoxylum,SPECIES,PRESERVED_SPECIMEN,1985-05-09,1985,-71.56666,18.3,NA,7bd65a7a-f762-11e1-a439-00145eb45e9a,MO,Tropicos,10,02,DUVERGÉ,061002,876725b5bffffff
urn:catalog:MO:Tropicos:3411770,1260826158,Amyris elemifera,Amyris elemifera L.,Rutaceae,Amyris,SPECIES,PRESERVED_SPECIMEN,1992-12-15,1992,-71.56666,18.3,NA,7bd65a7a-f762-11e1-a439-00145eb45e9a,MO,Tropicos,10,02,DUVERGÉ,061002,876725b5bffffff
urn:catalog:MO:Tropicos:90240026,1261811681,Weissia breutelii,Chionoloma breutelii (Müll. Hal.) R.H. Zander,Pottiaceae,Weissia,SPECIES,PRESERVED_SPECIMEN,1981-03-21,1981,-71.7,18.28333,NA,7bd65a7a-f762-11e1-a439-00145eb45e9a,MO,Tropicos,10,02,DUVERGÉ,061002,876725a18ffffff
urn:catalog:UConn:CONN:00036477,4955556879,Poaceae Barnhart,Poaceae Barnhart,Poaceae,,FAMILY,PRESERVED_SPECIMEN,1967-07-28,1967,-71.52472,18.37833,5000,5288946d-5fcf-4b53-8fd3-74f4cc6b53fc,,,10,02,DUVERGÉ,061002,876725b45ffffff
urn:catalog:UConn:CONN:00127568,4955589849,Ximenia L.,Ximenia L.,Ximeniaceae,Ximenia,GENUS,PRESERVED_SPECIMEN,1967-07-28,1967,-71.52472,18.37833,5000,5288946d-5fcf-4b53-8fd3-74f4cc6b53fc,,,10,02,DUVERGÉ,061002,876725b45ffffff
urn:catalog:UConn:CONN:00168827,4955669997,Datura innoxia,Datura innoxia Mill.,Solanaceae,Datura,SPECIES,PRESERVED_SPECIMEN,1967-07-28,1967,-71.52472,18.37833,5000,5288946d-5fcf-4b53-8fd3-74f4cc6b53fc,,,10,02,DUVERGÉ,061002,876725b45ffffff
urn:catalog:UConn:CONN:00170026,4955670298,Triumfetta L.,Triumfetta L.,Malvaceae,Triumfetta,GENUS,PRESERVED_SPECIMEN,1967-07-28,1967,-71.52472,18.37833,5000,5288946d-5fcf-4b53-8fd3-74f4cc6b53fc,,,10,02,DUVERGÉ,061002,876725b45ffffff
