occurrenceID,gbifID,especie,scientificName,family,genus,taxonRank,basisOfRecord,eventDate,year,decimalLongitude,decimalLatitude,coordinateUncertaintyInMeters,datasetKey,institutionCode,collectionCode,provincia_codigo,municipio_codigo,municipio,id_municipio,hex_id
01ab190a-d121-480c-aa7e-43850995e00e,2270674013,Eugenia P.Micheli ex L.,Eugenia P.Micheli ex L.,Myrtaceae,Eugenia,GENUS,PRESERVED_SPECIMEN,1986-07-30,1986,-70.4833,19.4833,NA,e05fd4c2-4d77-4c50-880e-1b22096af300,ASU,Plants,09,01,MOCA,010901,874c89b4dffffff
057bdf08-6c87-4827-b0f9-899b1f927512,1927845025,Niphidium crassifolium,Niphidium crassifolium (L.) Lellinger,Polypodiaceae,Niphidium,SPECIES,PRESERVED_SPECIMEN,1986-08-12,1986,-70.48,19.4917,NA,d415c253-4d61-4459-9d25-4015b9084fb0,NY,NY,09,01,MOCA,010901,874c89b4dffffff
05e41b3d-cb34-4d37-9b59-56087969cf96,1927850618,Vittaria lineata,Vittaria lineata (L.) Sm.,Pteridaceae,Vittaria,SPECIES,PRESERVED_SPECIMEN,1987-02-17,1987,-70.5,19.5,NA,d415c253-4d61-4459-9d25-4015b9084fb0,NY,NY,09,01,MOCA,010901,874c89b4cffffff
09cbc21a-3a52-4e2b-8e72-e7f1464b75e4,1457747033,Miconia lima,Miconia lima (Desr.) M.Gómez,Melastomataceae,Miconia,SPECIES,PRESERVED_SPECIMEN,1987-02-17,1987,-70.5,19.5,NA,b89d52a2-861d-4388-adad-c0da3d55fc78,UF,,09,01,MOCA,010901,874c89b4cffffff
0b0367f8-0b10-400b-8f70-3a0d4489d549,1927923649,Asplenium cuneatum,Asplenium cuneatum Lam.,Aspleniaceae,Asplenium,SPECIES,PRESERVED_SPECIMEN,1987-02-17,1987,-70.5,19.52,NA,d415c253-4d61-4459-9d25-4015b9084fb0,NY,NY,09,01,MOCA,010901,874c89b45ffffff
0b93d4b6-4104-495a-8a64-67f2cc583772,1927931531,Miconia limoides,Leandra limoides (Urb.) Judd & Skean,Melastomataceae,Miconia,SPECIES,PRESERVED_SPECIMEN,1986-07-30,1986,-70.48,19.48,NA,d415c253-4d61-4459-9d25-4015b9084fb0,NY,NY,09,01,MOCA,010901,874c89b4dffffff
0c9ca25c-2232-41d2-a717-9996744728cd,1927945703,Hymenophyllum Sm.,Hymenophyllum Sm.,Hymenophyllaceae,Hymenophyllum,GENUS,PRESERVED_SPECIMEN,1987-02-17,1987,-70.5,19.52,NA,d415c253-4d61-4459-9d25-4015b9084fb0,NY,NY,09,01,MOCA,010901,874c89b45ffffff
0e4b3d37-2808-4b8f-ab69-ae2ccac7a5fc,1927969697,Mora ekmanii,Mora ekmanii (Urb.) Britton & Rose,Fabaceae,Mora,SPECIES,PRESERVED_SPECIMEN,1987-02-17,1987,-70.5,19.52,NA,d415c253-4d61-4459-9d25-4015b9084fb0,NY,NY,09,01,MOCA,010901,874c89b45ffffff
0f7fe837-75b4-4fe4-ad8e-d56a4fea8a26,1927986390,Anemia adiantifolia,Anemia adiantifolia (L.) Sw.,Anemiaceae,Anemia,SPECIES,PRESERVED_SPECIMEN,1987-06-27,1987,-70.52,19.48,NA,d415c253-4d61-4459-9d25-4015b9084fb0,NY,NY,09,01,MOCA,010901,874c89b4affffff
10199c78-40b6-42e0-adea-ab72cd15ec38,1927995056,Rhytidophyllum auriculatum,Rhytidophyllum auriculatum Hook.,Gesneriaceae,Rhytidophyllum,SPECIES,PRESERVED_SPECIMEN,1986-08-13,1986,-70.48,19.4917,NA,d415c253-4d61-4459-9d25-4015b9084fb0,NY,NY,09,01,MOCA,010901,874c89b4dffffff
116de1af-64f6-409e-bd7c-c2d85e5baccb,1928013436,Phlegmariurus taxifolius,Lycopodium taxifolium Sw.,Lycopodiaceae,Phlegmariurus,SPECIES,PRESERVED_SPECIMEN,1986-08-12,1986,-70.48,19.4917,NA,d415c253-4d61-4459-9d25-4015b9084fb0,NY,NY,09,01,MOCA,010901,874c89b4dffffff
13636f83-a58e-4f66-8a85-a03f9effdea7,1928041970,Piper hispidum,Piper hispidum Sw.,Piperaceae,Piper,SPECIES,PRESERVED_SPECIMEN,1986-07-30,1986,-70.48,19.48,NA,d415c253-4d61-4459-9d25-4015b9084fb0,NY,NY,09,01,MOCA,010901,874c89b4dffffff
15622799,4042905550,Asplenium serra,Asplenium serra Langsd. & Fisch.,Aspleniaceae,Asplenium,SPECIES,PRESERVED_SPECIMEN,1984,1984,-70.58,19.4,NA,780977d6-1cdb-4804-904f-9303cce8b4a1,KUN,,09,01,MOCA,010901,874c89a55ffffff
17042bec-9696-4547-8309-926a410c66c0,1928092402,Philodendron lingulatum,Philodendron lingulatum (L.) K.Koch,Araceae,Philodendron,SPECIES,PRESERVED_SPECIMEN,1987-02-16,1987,-70.52,19.5,NA,d415c253-4d61-4459-9d25-4015b9084fb0,NY,NY,09,01,MOCA,010901,874c89b43ffffff
1781b863-a3d8-4fde-9e0f-f3445c67296a,1928099167,Senna occidentalis,Senna occidentalis (L.) Link,Fabaceae,Senna,SPECIES,PRESERVED_SPECIMEN,1990-06-30,1990,-70.42,19.58,NA,d415c253-4d61-4459-9d25-4015b9084fb0,NY,NY,09,01,MOCA,010901,874cf27b3ffffff
192768cf-5e52-4400-b566-9fede41de71b,1928122282,Centratherum punctatum,Centratherum punctatum Cass.,Asteraceae,Centratherum,SPECIES,PRESERVED_SPECIMEN,1987-02-16,1987,-70.52,19.48,NA,d415c253-4d61-4459-9d25-4015b9084fb0,NY,NY,09,01,MOCA,010901,874c89b4affffff
19B76B64-5191-46FF-9FB9-8E039000ECC9,122966880,Lantana reticulata,Lantana reticulata Pers.,Verbenaceae,Lantana,SPECIES,PRESERVED_SPECIMEN,1984-10-05,1984,-70.5,19.35,NA,832cb04e-f762-11e1-a439-00145eb45e9a,FTG,Herbarium,09,01,MOCA,010901,874c89a48ffffff
1a04566f-edee-4778-934d-2980e744b969,3920743305,Hymenophyllum polyanthos,Hymenophyllum polyanthos (Sw.) Sw.,Hymenophyllaceae,Hymenophyllum,SPECIES,PRESERVED_SPECIMEN,1989-09-30,1989,-70.54,19.39,NA,b89d52a2-861d-4388-adad-c0da3d55fc78,UF,,09,01,MOCA,010901,874c89a40ffffff
1a26f7ad-4a38-4ce6-a07c-59ca2bbc4a1b,1928136199,Ovieda spinosa,Ovieda spinosa L.,Lamiaceae,Ovieda,SPECIES,PRESERVED_SPECIMEN,1986-07-30,1986,-70.48,19.48,NA,d415c253-4d61-4459-9d25-4015b9084fb0,NY,NY,09,01,MOCA,010901,874c89b4dffffff
1b1acdd8-d97c-4a40-90a8-2b144b0e5705,1928149481,Psilotum nudum,Psilotum nudum (L.) P.Beauv.,Psilotaceae,Psilotum,SPECIES,PRESERVED_SPECIMEN,1987-02-17,1987,-70.5,19.52,NA,d415c253-4d61-4459-9d25-4015b9084fb0,NY,NY,09,01,MOCA,010901,874c89b45ffffff
1bf1abe1-eae8-457d-96a8-a66f1a23464e,3925742305,Notholaena trichomanoides,Cheilanthes trichomanoides (L.) Mett.,Pteridaceae,Notholaena,SPECIES,PRESERVED_SPECIMEN,2004-07-15,2004,-70.4911,19.4457,NA,b89d52a2-861d-4388-adad-c0da3d55fc78,UF,,09,01,MOCA,010901,874c89a65ffffff
1cacb337-2b01-4be1-93c5-d161b0322bd4,1928171909,Marcgravia rectiflora,Marcgravia rectiflora Triana & Planch.,Marcgraviaceae,Marcgravia,SPECIES,PRESERVED_SPECIMEN,1987-02-17,1987,-70.5,19.52,NA,d415c253-4d61-4459-9d25-4015b9084fb0,NY,NY,09,01,MOCA,010901,874c89b45ffffff
1d1811ce-7cd8-4a14-b6ff-c381eee6cd73,1928181173,Miconia lima,Leandra lima (Desr.) Judd & Skean,Melastomataceae,Miconia,SPECIES,PRESERVED_SPECIMEN,1987-02-17,1987,-70.5,19.5,NA,d415c253-4d61-4459-9d25-4015b9084fb0,NY,NY,09,01,MOCA,010901,874c89b4cffffff
1e3090ca-4e9e-40d9-a4b8-fe1c1c8b1fa3,1928196699,Pisonia aculeata,Pisonia aculeata L.,Nyctaginaceae,Pisonia,SPECIES,PRESERVED_SPECIMEN,1987-02-17,1987,-70.5,19.52,NA,d415c253-4d61-4459-9d25-4015b9084fb0,NY,NY,09,01,MOCA,010901,874c89b45ffffff
1ff22684-7688-41b8-8973-a604d8feb19d,1928221518,Blechnum occidentale,Blechnum occidentale L.,Blechnaceae,Blechnum,SPECIES,PRESERVED_SPECIMEN,1986-08-12,1986,-70.48,19.4917,NA,d415c253-4d61-4459-9d25-4015b9084fb0,NY,NY,09,01,MOCA,010901,874c89b4dffffff
221f681b-6ceb-44a8-927c-e43d8ce0cf2f,1928252603,Senega paniculata,Polygala paniculata L.,Polygalaceae,Senega,SPECIES,PRESERVED_SPECIMEN,1986-07-30,1986,-70.48,19.48,NA,d415c253-4d61-4459-9d25-4015b9084fb0,NY,NY,09,01,MOCA,010901,874c89b4dffffff
2407bd25-c213-40ca-8beb-70a80ad126a5,1928279094,Tectaria heracleifolia,Tectaria heracleifolia (Willd.) Underw.,Tectariaceae,Tectaria,SPECIES,PRESERVED_SPECIMEN,1980-07-17,1980,-70.42,19.6,NA,d415c253-4d61-4459-9d25-4015b9084fb0,NY,NY,09,01,MOCA,010901,874cf27b0ffffff
244e7da9-f085-43d4-8110-a9300dbf6759,1928283423,Diplazium cristatum,Diplazium cristatum (Desr.) Alston,Athyriaceae,Diplazium,SPECIES,PRESERVED_SPECIMEN,1987-02-17,1987,-70.5089,19.52,NA,d415c253-4d61-4459-9d25-4015b9084fb0,NY,NY,09,01,MOCA,010901,874c89b45ffffff
24dec1c9-ea59-4a3b-9038-653c6e61403e,1928290267,Diplazium unilobum,Diplazium unilobum (Poir.) Hieron.,Athyriaceae,Diplazium,SPECIES,PRESERVED_SPECIMEN,1987-02-17,1987,-70.5,19.52,NA,d415c253-4d61-4459-9d25-4015b9084fb0,NY,NY,09,01,MOCA,010901,874c89b45ffffff
26416a48-5848-430d-9a91-a7a5fc6d90f0,1928309837,Lepidagathis alopecuroidea,Lepidagathis alopecuroidea (Vahl) R.Br. ex Griseb.,Acanthaceae,Lepidagathis,SPECIES,PRESERVED_SPECIMEN,1987-02-17,1987,-70.5,19.52,NA,d415c253-4d61-4459-9d25-4015b9084fb0,NY,NY,09,01,MOCA,010901,874c89b45ffffff
2856b43c-9ae1-45c4-9b8a-bf4a52c48fcb,1928340260,Asplenium serra,Asplenium serra Langsd. & Fisch.,Aspleniaceae,Asplenium,SPECIES,PRESERVED_SPECIMEN,1987-02-17,1987,-70.5,19.52,NA,d415c253-4d61-4459-9d25-4015b9084fb0,NY,NY,09,01,MOCA,010901,874c89b45ffffff
28b09385-9722-4db7-a1ff-f7d0b85eb0b1,1928344325,Croton sidifolius,Croton sidifolius Lam.,Euphorbiaceae,Croton,SPECIES,PRESERVED_SPECIMEN,,NA,-70.523074,19.393761,3161.57,d415c253-4d61-4459-9d25-4015b9084fb0,NY,NY,09,01,MOCA,010901,874c89a45ffffff
2a6be029-8f47-462a-aba5-a42b72acf6d3,1928370180,Campyloneurum phyllitidis,Campyloneurum phyllitidis (L.) C.Presl,Polypodiaceae,Campyloneurum,SPECIES,PRESERVED_SPECIMEN,1980-07-17,1980,-70.42,19.6,NA,d415c253-4d61-4459-9d25-4015b9084fb0,NY,NY,09,01,MOCA,010901,874cf27b0ffffff
2b5ea804-87dd-4924-8fb1-ecc762bf8102,1302311522,Ipomoea batatas,Ipomoea batatas (L.) Lam.,Convolvulaceae,Ipomoea,SPECIES,OCCURRENCE,,NA,-70.53,19.56,NA,07044577-bd82-4089-9f3a-f4a9d2170b2e,Bioversity,,09,01,MOCA,010901,874c89b62ffffff
2f100059-bb3f-47fd-9482-9e109858c166,1302303868,Gossypium hirsutum,Gossypium hirsutum L.,Malvaceae,Gossypium,SPECIES,OCCURRENCE,,NA,-70.56,19.39,NA,07044577-bd82-4089-9f3a-f4a9d2170b2e,Bioversity,,09,01,MOCA,010901,874c89a42ffffff
30141d46-8538-40e8-a6b6-e827b684ad0a,1928448958,Pleopeltis astrolepis,Pleopeltis astrolepis (Liebm.) E.Fourn.,Polypodiaceae,Pleopeltis,SPECIES,PRESERVED_SPECIMEN,1986-08-12,1986,-70.48,19.4917,NA,d415c253-4d61-4459-9d25-4015b9084fb0,NY,NY,09,01,MOCA,010901,874c89b4dffffff
30d94f0d-321a-4c91-a305-6bb55e62495c,1928460822,Asplenium cuspidatum,Asplenium cuspidatum Lam.,Aspleniaceae,Asplenium,SPECIES,PRESERVED_SPECIMEN,1987-02-17,1987,-70.5,19.52,NA,d415c253-4d61-4459-9d25-4015b9084fb0,NY,NY,09,01,MOCA,010901,874c89b45ffffff
31c997f2-94fc-467b-b10c-9fcba352099d,1928472786,Muntingia calabura,Muntingia calabura L.,Muntingiaceae,Muntingia,SPECIES,PRESERVED_SPECIMEN,1987-02-17,1987,-70.52,19.4917,NA,d415c253-4d61-4459-9d25-4015b9084fb0,NY,NY,09,01,MOCA,010901,874c89b4effffff
31f930dd-c071-47f8-b0ae-de0edd9c76b6,1928475971,Huertea cubensis,Huertea cubensis Griseb.,Tapisciaceae,Huertea,SPECIES,PRESERVED_SPECIMEN,1987-02-17,1987,-70.5,19.52,NA,d415c253-4d61-4459-9d25-4015b9084fb0,NY,NY,09,01,MOCA,010901,874c89b45ffffff
33d5e1ab-ac59-4783-8bb2-574c6b59f51e,1928501318,Diplazium striatum,Diplazium striatum (L.) C.Presl,Athyriaceae,Diplazium,SPECIES,PRESERVED_SPECIMEN,1986-08-13,1986,-70.48,19.4917,NA,d415c253-4d61-4459-9d25-4015b9084fb0,NY,NY,09,01,MOCA,010901,874c89b4dffffff
35120d2e-884d-4d39-b0f1-39e3bb0ea8ac,1928518211,Ardisia obovata,Ardisia obovata Desv.,Primulaceae,Ardisia,SPECIES,PRESERVED_SPECIMEN,1987-02-17,1987,-70.5,19.5,NA,d415c253-4d61-4459-9d25-4015b9084fb0,NY,NY,09,01,MOCA,010901,874c89b4cffffff
36be565f-c652-46e5-abd8-e66629186d57,1928542722,Acianthera angustifolia,Acianthera angustifolia (Lindl.) Luer,Orchidaceae,Acianthera,SPECIES,PRESERVED_SPECIMEN,1986-08-13,1986,-70.48,19.4917,NA,d415c253-4d61-4459-9d25-4015b9084fb0,NY,NY,09,01,MOCA,010901,874c89b4dffffff
36d2d757-498d-4c6f-a77b-fb3502f1260d,1457762544,Eugenia dictyophylla,Eugenia dictyophylla Urb.,Myrtaceae,Eugenia,SPECIES,PRESERVED_SPECIMEN,1986-07-30,1986,-70.483333,19.483333,NA,b89d52a2-861d-4388-adad-c0da3d55fc78,UF,,09,01,MOCA,010901,874c89b4dffffff
36dc5ec2-5e38-451f-884b-7525a68da7a4,1928545404,Piper glabrescens,Piper glabrescens (Miq.) C.DC.,Piperaceae,Piper,SPECIES,PRESERVED_SPECIMEN,1987-02-16,1987,-70.52,19.5,NA,d415c253-4d61-4459-9d25-4015b9084fb0,NY,NY,09,01,MOCA,010901,874c89b43ffffff
384fb0f3-d700-4581-86f4-2b4d99314667,1928564523,Guettarda lindeniana,Guettarda lindeniana A.Rich.,Rubiaceae,Guettarda,SPECIES,PRESERVED_SPECIMEN,1986-07-30,1986,-70.48,19.48,NA,d415c253-4d61-4459-9d25-4015b9084fb0,NY,NY,09,01,MOCA,010901,874c89b4dffffff
385bc119-fcca-4f9f-9f5a-0cd82d68a58b,1928566492,Asplenium pteropus,Asplenium pteropus Kaulf.,Aspleniaceae,Asplenium,SPECIES,PRESERVED_SPECIMEN,1986-08-13,1986,-70.48,19.4917,NA,d415c253-4d61-4459-9d25-4015b9084fb0,NY,NY,09,01,MOCA,010901,874c89b4dffffff
389f48bd-1284-45f2-9b36-cd44a24f1f62,1928568675,Ocotea leucoxylon,Ocotea leucoxylon (Sw.) Mez,Lauraceae,Ocotea,SPECIES,PRESERVED_SPECIMEN,1987-02-17,1987,-70.5,19.5,NA,d415c253-4d61-4459-9d25-4015b9084fb0,NY,NY,09,01,MOCA,010901,874c89b4cffffff
392b213c-87a2-4c30-8d88-aaff3a614573,1928576111,Thelypteris Schmidel,Thelypteris Schmidel,Thelypteridaceae,Thelypteris,GENUS,PRESERVED_SPECIMEN,1987-02-17,1987,-70.5,19.52,NA,d415c253-4d61-4459-9d25-4015b9084fb0,NY,NY,09,01,MOCA,010901,874c89b45ffffff
39981814-5658-4244-bed6-2893a23ee8f6,1928582421,Baccharis myrsinites,Baccharis myrsinites Pers.,Asteraceae,Baccharis,SPECIES,PRESERVED_SPECIMEN,1987-02-17,1987,-70.5,19.52,NA,d415c253-4d61-4459-9d25-4015b9084fb0,NY,NY,09,01,MOCA,010901,874c89b45ffffff
3b23bae5-e33a-4cf3-860c-edd6fd209098,1928604515,Tillandsia juncea,Tillandsia juncea (Ruiz & Pav.) Poir.,Bromeliaceae,Tillandsia,SPECIES,PRESERVED_SPECIMEN,1987-02-17,1987,-70.5,19.52,NA,d415c253-4d61-4459-9d25-4015b9084fb0,NY,NY,09,01,MOCA,010901,874c89b45ffffff
3b792f7b-9441-4add-91e0-1a91d011ebce,1928608869,Epidendrum boricuarum,Epidendrum boricuarum Hágsater & L.Sánchez,Orchidaceae,Epidendrum,SPECIES,PRESERVED_SPECIMEN,1983-03-05,1983,-70.45,19.48,NA,d415c253-4d61-4459-9d25-4015b9084fb0,NY,NY,09,01,MOCA,010901,874cf26b0ffffff
3c656232-2fc3-466f-b6be-1c62ec5436b6,1928623084,Stenotaphrum secundatum,Stenotaphrum secundatum (Walter) Kuntze,Poaceae,Stenotaphrum,SPECIES,PRESERVED_SPECIMEN,1986-07-30,1986,-70.48,19.48,NA,d415c253-4d61-4459-9d25-4015b9084fb0,NY,NY,09,01,MOCA,010901,874c89b4dffffff
3c79ae76-1647-47f4-a14e-7402592e17af,1928623314,Elaphoglossum crinitum,Elaphoglossum crinitum (L.) Christ,Dryopteridaceae,Elaphoglossum,SPECIES,PRESERVED_SPECIMEN,1986-07-30,1986,-70.4833,19.4833,NA,d415c253-4d61-4459-9d25-4015b9084fb0,NY,NY,09,01,MOCA,010901,874c89b4dffffff
3de0ea7e-70a2-4ff1-a5c9-64815cd58b63,2270684450,Myrcia splendens,Myrcia splendens (Sw.) DC.,Myrtaceae,Myrcia,SPECIES,PRESERVED_SPECIMEN,1986-08-12,1986,-70.4833,19.4917,NA,e05fd4c2-4d77-4c50-880e-1b22096af300,ASU,Plants,09,01,MOCA,010901,874c89b4cffffff
410e329e-a658-4cbc-89cd-75f63c717042,1928688120,Cynoglossum amabile,Cynoglossum amabile Stapf & J.R.Drumm.,Boraginaceae,Cynoglossum,SPECIES,PRESERVED_SPECIMEN,1987-02-17,1987,-70.5,19.5,NA,d415c253-4d61-4459-9d25-4015b9084fb0,NY,NY,09,01,MOCA,010901,874c89b4cffffff
42124a84-e078-42ae-89aa-5f42a45b1681,1928702380,Cestrum macrophyllum,Cestrum macrophyllum Vent.,Solanaceae,Cestrum,SPECIES,PRESERVED_SPECIMEN,1987-02-17,1987,-70.5,19.52,NA,d415c253-4d61-4459-9d25-4015b9084fb0,NY,NY,09,01,MOCA,010901,874c89b45ffffff
42db9908-cb53-4c37-b1bd-57ef0fed0158,1928713241,Sideroxylon cubense,Sideroxylon cubense (Griseb.) T.D.Penn.,Sapotaceae,Sideroxylon,SPECIES,PRESERVED_SPECIMEN,1987-02-17,1987,-70.5,19.5,NA,d415c253-4d61-4459-9d25-4015b9084fb0,NY,NY,09,01,MOCA,010901,874c89b4cffffff
48e96538-11e0-4479-8598-c005fbc2ef85,1928799272,Clusia rosea,Clusia rosea Jacq.,Clusiaceae,Clusia,SPECIES,PRESERVED_SPECIMEN,1987-02-17,1987,-70.5,19.52,NA,d415c253-4d61-4459-9d25-4015b9084fb0,NY,NY,09,01,MOCA,010901,874c89b45ffffff
491a9abb-a8d1-49eb-8db3-cbad3a5b18d8,1928802051,Hymenophyllum hirsutum,Hymenophyllum hirsutum (L.) Sw.,Hymenophyllaceae,Hymenophyllum,SPECIES,PRESERVED_SPECIMEN,1986-08-13,1986,-70.48,19.4917,NA,d415c253-4d61-4459-9d25-4015b9084fb0,NY,NY,09,01,MOCA,010901,874c89b4dffffff
495a46bf-9635-4f66-a3af-b580f2f359b9,1928805433,Miconia ocampensis,Mecranium septentrionale Skean,Melastomataceae,Miconia,SPECIES,PRESERVED_SPECIMEN,1986-07-30,1986,-70.48,19.48,NA,d415c253-4d61-4459-9d25-4015b9084fb0,NY,NY,09,01,MOCA,010901,874c89b4dffffff
49c43864-52ac-433c-a692-a9578486c320,1928811215,Nephrolepis hirsutula,Nephrolepis hirsutula (G.Forst.) C.Presl,Nephrolepidaceae,Nephrolepis,SPECIES,PRESERVED_SPECIMEN,1986-08-14,1986,-70.48,19.4917,NA,d415c253-4d61-4459-9d25-4015b9084fb0,NY,NY,09,01,MOCA,010901,874c89b4dffffff
49e3eca0-5df2-414e-8da8-cf67fd352f06,1457769043,Miconia angustilamina,Miconia angustilamina (Judd & Skean) Judd & Ionta,Melastomataceae,Miconia,SPECIES,PRESERVED_SPECIMEN,1986-08-12,1986,-70.483333,19.491667,NA,b89d52a2-861d-4388-adad-c0da3d55fc78,UF,,09,01,MOCA,010901,874c89b4cffffff
4ab6512b-ec6a-404f-9acb-75a55f74e76e,1928824466,Mucura bipinnata,Dennstaedtia bipinnata (Cav.) Maxon,Dennstaedtiaceae,Mucura,SPECIES,PRESERVED_SPECIMEN,1987-02-17,1987,-70.5,19.52,NA,d415c253-4d61-4459-9d25-4015b9084fb0,NY,NY,09,01,MOCA,010901,874c89b45ffffff
4c11b68e-798f-4678-a508-c7013cfe8d76,1304889406,Cajanus cajan,Cajanus cajan (L.) Huth,Fabaceae,Cajanus,SPECIES,OCCURRENCE,,NA,-70.55,19.433333,NA,07044577-bd82-4089-9f3a-f4a9d2170b2e,USDA_NPGS,,09,01,MOCA,010901,874c89a71ffffff
4e291ee6-ed1a-4f1b-8761-db735c8a87e4,1928873357,Prunus occidentalis,Prunus occidentalis Sw.,Rosaceae,Prunus,SPECIES,PRESERVED_SPECIMEN,1987-02-17,1987,-70.5,19.52,NA,d415c253-4d61-4459-9d25-4015b9084fb0,NY,NY,09,01,MOCA,010901,874c89b45ffffff
4fbdd79b-ba02-4110-a085-3cf5c02d954a,1928895866,Tectaria heracleifolia,Tectaria heracleifolia (Willd.) Underw.,Tectariaceae,Tectaria,SPECIES,PRESERVED_SPECIMEN,1987-02-17,1987,-70.5,19.52,NA,d415c253-4d61-4459-9d25-4015b9084fb0,NY,NY,09,01,MOCA,010901,874c89b45ffffff
518d1a66-b9be-4a01-a9c1-ac51f9fa9824,1928922002,Coccoloba wrightii,Coccoloba wrightii Lindau,Polygonaceae,Coccoloba,SPECIES,PRESERVED_SPECIMEN,1987-02-17,1987,-70.5,19.5,NA,d415c253-4d61-4459-9d25-4015b9084fb0,NY,NY,09,01,MOCA,010901,874c89b4cffffff
51eca2ea-e975-4e64-83d0-cf3c8e0b5503,4976959393,Cestrum macrophyllum,Cestrum macrophyllum Vent.,Solanaceae,Cestrum,SPECIES,PRESERVED_SPECIMEN,1987-02-17,1987,-70.5,19.516667,NA,b89d52a2-861d-4388-adad-c0da3d55fc78,UF,,09,01,MOCA,010901,874c89b6affffff
52881026-9f62-4014-8573-d9c9eaead6e4,1928934983,Adiantum tenerum,Adiantum tenerum Sw.,Pteridaceae,Adiantum,SPECIES,PRESERVED_SPECIMEN,1987-02-17,1987,-70.5,19.52,NA,d415c253-4d61-4459-9d25-4015b9084fb0,NY,NY,09,01,MOCA,010901,874c89b45ffffff
553c50da-dc5f-416e-a73f-c57908f0b28d,1928972826,Mucura bipinnata,Dennstaedtia bipinnata (Cav.) Maxon,Dennstaedtiaceae,Mucura,SPECIES,PRESERVED_SPECIMEN,1987-02-17,1987,-70.5,19.52,NA,d415c253-4d61-4459-9d25-4015b9084fb0,NY,NY,09,01,MOCA,010901,874c89b45ffffff
57685e5d-c5fd-4de1-8c4a-6716c9f0bce8,3925740306,Notholaena trichomanoides,Cheilanthes trichomanoides (L.) Mett.,Pteridaceae,Notholaena,SPECIES,PRESERVED_SPECIMEN,1999-05-22,1999,-70.48,19.52,NA,b89d52a2-861d-4388-adad-c0da3d55fc78,UF,,09,01,MOCA,010901,874c89b68ffffff
578c84e2-4ebe-4dc4-b940-39b9d14785cb,1929005645,Phlebodium aureum,Phlebodium aureum (L.) J.Sm.,Polypodiaceae,Phlebodium,SPECIES,PRESERVED_SPECIMEN,1986-08-12,1986,-70.48,19.4917,NA,d415c253-4d61-4459-9d25-4015b9084fb0,NY,NY,09,01,MOCA,010901,874c89b4dffffff
59039e2d-d182-457f-86d7-fb59b7915d34,1929027351,Piper hispidum,Piper hispidum Sw.,Piperaceae,Piper,SPECIES,PRESERVED_SPECIMEN,1987-02-17,1987,-70.5,19.52,NA,d415c253-4d61-4459-9d25-4015b9084fb0,NY,NY,09,01,MOCA,010901,874c89b45ffffff
5a138eb3-4f0d-4b11-b8ac-679340a1da99,1929041291,Diplazium striatum,Diplazium striatum (L.) C.Presl,Athyriaceae,Diplazium,SPECIES,PRESERVED_SPECIMEN,1987-02-17,1987,-70.5,19.52,NA,d415c253-4d61-4459-9d25-4015b9084fb0,NY,NY,09,01,MOCA,010901,874c89b45ffffff
5b9c819b-01d7-4c9a-9a0a-f17d7c8a0712,1929063208,Vittaria graminifolia,Vittaria graminifolia Kaulf.,Pteridaceae,Vittaria,SPECIES,PRESERVED_SPECIMEN,1987-02-17,1987,-70.5,19.52,NA,d415c253-4d61-4459-9d25-4015b9084fb0,NY,NY,09,01,MOCA,010901,874c89b45ffffff
5c66da67-8ceb-4377-8c66-2203f61757a0,1929074209,Guarea guidonia,Guarea guidonia (L.) Sleumer,Meliaceae,Guarea,SPECIES,PRESERVED_SPECIMEN,1987-02-17,1987,-70.5,19.52,NA,d415c253-4d61-4459-9d25-4015b9084fb0,NY,NY,09,01,MOCA,010901,874c89b45ffffff
5d97987f-e751-4489-9820-a793b837c241,1302657862,Gossypium hirsutum,Gossypium hirsutum L.,Malvaceae,Gossypium,SPECIES,OCCURRENCE,1601-01-01,1601,-70.513,19.377,NA,07044577-bd82-4089-9f3a-f4a9d2170b2e,Coppens,,09,01,MOCA,010901,874c89a4cffffff
5ed852a5-1512-44ba-bbdb-b864a232bd81,1929108884,Oreopanax capitatus,Oreopanax capitatus (Jacq.) Decne. & Planch.,Araliaceae,Oreopanax,SPECIES,PRESERVED_SPECIMEN,1987-02-17,1987,-70.5,19.52,NA,d415c253-4d61-4459-9d25-4015b9084fb0,NY,NY,09,01,MOCA,010901,874c89b45ffffff
5efc8392-e647-41cb-88e3-350ae4378128,1929110882,Miconia lima,Leandra lima (Desr.) Judd & Skean,Melastomataceae,Miconia,SPECIES,PRESERVED_SPECIMEN,1986-08-12,1986,-70.48,19.4917,NA,d415c253-4d61-4459-9d25-4015b9084fb0,NY,NY,09,01,MOCA,010901,874c89b4dffffff
608cd88f-d453-44c7-a005-837cc84b2bd4,1929132790,Phlegmariurus linifolius,Lycopodium linifolium L.,Lycopodiaceae,Phlegmariurus,SPECIES,PRESERVED_SPECIMEN,1987-02-17,1987,-70.5,19.52,NA,d415c253-4d61-4459-9d25-4015b9084fb0,NY,NY,09,01,MOCA,010901,874c89b45ffffff
61dcf447-8228-423f-aa3d-4493b30f865d,1929152341,Sloanea ilicifolia,Sloanea ilicifolia Urb.,Elaeocarpaceae,Sloanea,SPECIES,PRESERVED_SPECIMEN,1987-02-17,1987,-70.52,19.52,NA,d415c253-4d61-4459-9d25-4015b9084fb0,NY,NY,09,01,MOCA,010901,874c89b40ffffff
6348a828-6851-45f5-8f09-ad1ca8c3a454,1929171458,Oxandra laurifolia,Oxandra laurifolia (Sw.) A.Rich.,Annonaceae,Oxandra,SPECIES,PRESERVED_SPECIMEN,1987-02-17,1987,-70.5,19.52,NA,d415c253-4d61-4459-9d25-4015b9084fb0,NY,NY,09,01,MOCA,010901,874c89b45ffffff
64d68933-3a3a-48d5-9770-8aaa14fcbb4a,1929193454,Tectaria heracleifolia,Tectaria heracleifolia (Willd.) Underw.,Tectariaceae,Tectaria,SPECIES,PRESERVED_SPECIMEN,1987-02-16,1987,-70.52,19.5,NA,d415c253-4d61-4459-9d25-4015b9084fb0,NY,NY,09,01,MOCA,010901,874c89b43ffffff
656948f4-45a9-4831-ba2f-05dc3b396e3e,1457778385,Miconia hispidula,"Miconia hispidula (Cogn.) Judd, Bécquer & Majure",Melastomataceae,Miconia,SPECIES,PRESERVED_SPECIMEN,1986-07-30,1986,-70.483333,19.483333,NA,b89d52a2-861d-4388-adad-c0da3d55fc78,UF,,09,01,MOCA,010901,874c89b4dffffff
6746ff4c-be5e-49a3-b000-55da85a068a9,1929227734,Ocotea athroanthes,Ocotea athroanthes C.K.Allen,Lauraceae,Ocotea,SPECIES,PRESERVED_SPECIMEN,1986-07-30,1986,-70.48,19.48,NA,d415c253-4d61-4459-9d25-4015b9084fb0,NY,NY,09,01,MOCA,010901,874c89b4dffffff
6808778f-f21c-40b0-a73c-925d8109ec99,1929238453,Thelypteris Schmidel,Thelypteris Schmidel,Thelypteridaceae,Thelypteris,GENUS,PRESERVED_SPECIMEN,1986-07-30,1986,-70.48,19.48,NA,d415c253-4d61-4459-9d25-4015b9084fb0,NY,NY,09,01,MOCA,010901,874c89b4dffffff
68fb2bd5-ff09-4c9c-b43e-bed386e98165,1929251874,Paullinia pinnata,Paullinia pinnata L.,Sapindaceae,Paullinia,SPECIES,PRESERVED_SPECIMEN,1987-02-17,1987,-70.5,19.52,NA,d415c253-4d61-4459-9d25-4015b9084fb0,NY,NY,09,01,MOCA,010901,874c89b45ffffff
69b20daf-eb16-4f92-bc55-f88123db4889,1929261549,Pluchea carolinensis,Pluchea carolinensis (Jacq.) G.Don,Asteraceae,Pluchea,SPECIES,PRESERVED_SPECIMEN,1987-02-16,1987,-70.52,19.5,NA,d415c253-4d61-4459-9d25-4015b9084fb0,NY,NY,09,01,MOCA,010901,874c89b43ffffff
6FFDBA63-F7C8-4042-B0CA-6C31AD480960,122965471,Lantana camara,Lantana camara L.,Verbenaceae,Lantana,SPECIES,PRESERVED_SPECIMEN,1983-02-20,1983,-70.44,19.45,NA,832cb04e-f762-11e1-a439-00145eb45e9a,FTG,Herbarium,09,01,MOCA,010901,874cf2695ffffff
6a49b0d4-9db7-4bf7-9c7a-1dc92d398681,1929269838,Pleopeltis astrolepis,Pleopeltis astrolepis (Liebm.) E.Fourn.,Polypodiaceae,Pleopeltis,SPECIES,PRESERVED_SPECIMEN,1987-02-17,1987,-70.5,19.52,NA,d415c253-4d61-4459-9d25-4015b9084fb0,NY,NY,09,01,MOCA,010901,874c89b45ffffff
6c051649-7775-4d4d-af06-8a3f93149e59,1929293789,Ficus americana,Ficus americana Aubl.,Moraceae,Ficus,SPECIES,PRESERVED_SPECIMEN,1987-02-17,1987,-70.5,19.5,NA,d415c253-4d61-4459-9d25-4015b9084fb0,NY,NY,09,01,MOCA,010901,874c89b4cffffff
6c7fd9b7-f70b-4c60-b882-cf81fac4d3b3,1929302411,Cyperus alternifolius,Cyperus alternifolius L.,Cyperaceae,Cyperus,SPECIES,PRESERVED_SPECIMEN,1987-02-18,1987,-70.52,19.4917,NA,d415c253-4d61-4459-9d25-4015b9084fb0,NY,NY,09,01,MOCA,010901,874c89b4effffff
6cfa519b-ce41-486c-a845-08016d00e590,1929308633,Mora abbottii,Mora abbottii Rose & Leonard,Fabaceae,Mora,SPECIES,PRESERVED_SPECIMEN,,NA,-70.523074,19.393761,3161.57,d415c253-4d61-4459-9d25-4015b9084fb0,NY,NY,09,01,MOCA,010901,874c89a45ffffff
6de312b8-3ce9-4f62-b9a3-6e8c81c81c0a,1929320766,Clusia L.,Clusia L.,Clusiaceae,Clusia,GENUS,PRESERVED_SPECIMEN,1987-02-17,1987,-70.5,19.5,NA,d415c253-4d61-4459-9d25-4015b9084fb0,NY,NY,09,01,MOCA,010901,874c89b4cffffff
6de4ad1e-8a51-4d8d-b7d7-16652a261683,1929320664,Miconia hispidula,Calycogonium hispidulum Cogn.,Melastomataceae,Miconia,SPECIES,PRESERVED_SPECIMEN,1986-07-30,1986,-70.48,19.48,NA,d415c253-4d61-4459-9d25-4015b9084fb0,NY,NY,09,01,MOCA,010901,874c89b4dffffff
6efe8709-199a-45f4-af51-af65de8ccc32,1929335896,Pecluma dulcis,Polypodium dulce Poir.,Polypodiaceae,Pecluma,SPECIES,PRESERVED_SPECIMEN,1987-02-17,1987,-70.5,19.5,NA,d415c253-4d61-4459-9d25-4015b9084fb0,NY,NY,09,01,MOCA,010901,874c89b4cffffff
70756116-c3a0-4216-8faa-00cdd8474da0,1457782204,Miconia hispidula,"Miconia hispidula (Cogn.) Judd, Bécquer & Majure",Melastomataceae,Miconia,SPECIES,PRESERVED_SPECIMEN,1987-02-17,1987,-70.5,19.5,NA,b89d52a2-861d-4388-adad-c0da3d55fc78,UF,,09,01,MOCA,010901,874c89b4cffffff
70acf569-bd50-4f1e-9330-12c8a5acdbcb,2270676326,Myrcia splendens,Myrcia splendens (Sw.) DC.,Myrtaceae,Myrcia,SPECIES,PRESERVED_SPECIMEN,1986-08-12,1986,-70.4833,19.4917,NA,e05fd4c2-4d77-4c50-880e-1b22096af300,ASU,Plants,09,01,MOCA,010901,874c89b4cffffff
7118df7a-a4d6-4f90-b1a7-e1bb8e8263e6,1304889405,Cajanus cajan,Cajanus cajan (L.) Huth,Fabaceae,Cajanus,SPECIES,OCCURRENCE,,NA,-70.55,19.433333,NA,07044577-bd82-4089-9f3a-f4a9d2170b2e,USDA_NPGS,,09,01,MOCA,010901,874c89a71ffffff
711c271d-78ef-4cc0-9778-337d88cb2440,1929365666,Coccoloba wrightii,Coccoloba wrightii Lindau,Polygonaceae,Coccoloba,SPECIES,PRESERVED_SPECIMEN,1987-02-17,1987,-70.5,19.5,NA,d415c253-4d61-4459-9d25-4015b9084fb0,NY,NY,09,01,MOCA,010901,874c89b4cffffff
71c19196-48c7-4e11-a554-5ceb47f793ed,4089044325,Oxandra laurifolia,Oxandra laurifolia (Sw.) A.Rich.,Annonaceae,Oxandra,SPECIES,PRESERVED_SPECIMEN,1987-02-17,1987,-70.5,19.516667,NA,b89d52a2-861d-4388-adad-c0da3d55fc78,UF,,09,01,MOCA,010901,874c89b6affffff
739c9373-0211-4d9e-bbb3-d6890a8a3b04,1929401042,Gesneria cuneifolia,Gesneria cuneifolia (DC.) Fritsch,Gesneriaceae,Gesneria,SPECIES,PRESERVED_SPECIMEN,1986-08-13,1986,-70.48,19.4917,NA,d415c253-4d61-4459-9d25-4015b9084fb0,NY,NY,09,01,MOCA,010901,874c89b4dffffff
7459fe18-ea8b-4790-8930-c86c9cdbb79f,1929411486,Palicourea domingensis,Palicourea domingensis (Jacq.) DC.,Rubiaceae,Palicourea,SPECIES,PRESERVED_SPECIMEN,1987-02-16,1987,-70.52,19.5,NA,d415c253-4d61-4459-9d25-4015b9084fb0,NY,NY,09,01,MOCA,010901,874c89b43ffffff
763a8ca8-2a06-4dd9-8940-d8882b052edc,1929438273,Vittaria Sm.,Vittaria Sm.,Pteridaceae,Vittaria,GENUS,PRESERVED_SPECIMEN,1987-02-17,1987,-70.5,19.5,NA,d415c253-4d61-4459-9d25-4015b9084fb0,NY,NY,09,01,MOCA,010901,874c89b4cffffff
7667e203-e87a-46ef-81ab-a345ab1b8031,1929440500,Lonchocarpus heptaphyllus,Lonchocarpus heptaphyllus (Poir.) DC.,Fabaceae,Lonchocarpus,SPECIES,PRESERVED_SPECIMEN,1980-07-17,1980,-70.42,19.6,NA,d415c253-4d61-4459-9d25-4015b9084fb0,NY,NY,09,01,MOCA,010901,874cf27b0ffffff
767105bb-6990-4053-b4bd-713da7421462,1929441046,Catopsis floribunda,Catopsis floribunda L.B.Sm.,Bromeliaceae,Catopsis,SPECIES,PRESERVED_SPECIMEN,1987-02-17,1987,-70.5,19.52,NA,d415c253-4d61-4459-9d25-4015b9084fb0,NY,NY,09,01,MOCA,010901,874c89b45ffffff
78139939-2454-44b8-ac75-408986a441d9,1929464269,Baccharis myrsinites,Baccharis myrsinites Pers.,Asteraceae,Baccharis,SPECIES,PRESERVED_SPECIMEN,1986-08-13,1986,-70.48,19.4917,NA,d415c253-4d61-4459-9d25-4015b9084fb0,NY,NY,09,01,MOCA,010901,874c89b4dffffff
794d0e6f-f0a4-4276-9ac2-0ec78ec141ac,2270672306,Eugenia P.Micheli ex L.,Eugenia P.Micheli ex L.,Myrtaceae,Eugenia,GENUS,PRESERVED_SPECIMEN,1986-08-12,1986,-70.4833,19.4917,NA,e05fd4c2-4d77-4c50-880e-1b22096af300,ASU,Plants,09,01,MOCA,010901,874c89b4cffffff
7B480DE2-12E0-443A-93C4-5DCDD66D14F1,122979915,Palicourea crocea,Palicourea crocea (Sw.) Schult.,Rubiaceae,Palicourea,SPECIES,PRESERVED_SPECIMEN,1970-04-25,1970,-70.416,19.583,301,832cb04e-f762-11e1-a439-00145eb45e9a,FTG,Herbarium,09,01,MOCA,010901,874cf27b1ffffff
7adac8f0-f156-4993-8f58-0182614d3a5c,1929504051,Cojoba arborea,Cojoba arborea var. arborea,Fabaceae,Cojoba,VARIETY,PRESERVED_SPECIMEN,1986-07-30,1986,-70.48,19.48,NA,d415c253-4d61-4459-9d25-4015b9084fb0,NY,NY,09,01,MOCA,010901,874c89b4dffffff
7c756435-5e37-43ed-833a-11670d6bb7ed,1929526081,Pleopeltis polypodioides,Pleopeltis polypodioides (L.) E.G.Andrews & Windham,Polypodiaceae,Pleopeltis,SPECIES,PRESERVED_SPECIMEN,1987-02-17,1987,-70.5,19.52,NA,d415c253-4d61-4459-9d25-4015b9084fb0,NY,NY,09,01,MOCA,010901,874c89b45ffffff
7ee1c01b-0bbb-43f1-ab97-7721ee13ec34,1929560226,Pecluma dulcis,Polypodium dulce Poir.,Polypodiaceae,Pecluma,SPECIES,PRESERVED_SPECIMEN,1986-08-13,1986,-70.48,19.4917,NA,d415c253-4d61-4459-9d25-4015b9084fb0,NY,NY,09,01,MOCA,010901,874c89b4dffffff
7f041977-b88b-41f9-90af-c37d9812f519,1929561761,Clusia rosea,Clusia rosea Jacq.,Clusiaceae,Clusia,SPECIES,PRESERVED_SPECIMEN,1987-02-17,1987,-70.5,19.52,NA,d415c253-4d61-4459-9d25-4015b9084fb0,NY,NY,09,01,MOCA,010901,874c89b45ffffff
82ea3daf-ed60-4003-bfd6-5f74127b9589,1304889407,Cajanus cajan,Cajanus cajan (L.) Huth,Fabaceae,Cajanus,SPECIES,OCCURRENCE,,NA,-70.51667,19.400001,NA,07044577-bd82-4089-9f3a-f4a9d2170b2e,USDA_NPGS,,09,01,MOCA,010901,874c89a45ffffff
8472a9ac-c2c5-4ced-8d3b-83e02bb8d8e8,1929638594,Citharexylum spinosum,Citharexylum spinosum L.,Verbenaceae,Citharexylum,SPECIES,PRESERVED_SPECIMEN,1986-08-13,1986,-70.48,19.4847,NA,d415c253-4d61-4459-9d25-4015b9084fb0,NY,NY,09,01,MOCA,010901,874c89b4dffffff
87632024-8b8f-4024-ba89-d10e7b01a7cc,1929679781,Peperomia cupularis,Peperomia cupularis Urb.,Piperaceae,Peperomia,SPECIES,PRESERVED_SPECIMEN,1987-02-16,1987,-70.52,19.5,NA,d415c253-4d61-4459-9d25-4015b9084fb0,NY,NY,09,01,MOCA,010901,874c89b43ffffff
8810cc53-ec67-44d0-8308-7e8e843b75a2,1929689392,Niphidium crassifolium,Niphidium crassifolium (L.) Lellinger,Polypodiaceae,Niphidium,SPECIES,PRESERVED_SPECIMEN,1986-08-12,1986,-70.48,19.4917,NA,d415c253-4d61-4459-9d25-4015b9084fb0,NY,NY,09,01,MOCA,010901,874c89b4dffffff
886628a7-dd69-4b26-a131-ebad3d08ed3f,1929694636,Malpighia megacantha,Malpighia megacantha (A.Juss.) Urb.,Malpighiaceae,Malpighia,SPECIES,PRESERVED_SPECIMEN,1986-07-30,1986,-70.48,19.48,NA,d415c253-4d61-4459-9d25-4015b9084fb0,NY,NY,09,01,MOCA,010901,874c89b4dffffff
88b67607-2a2e-4352-93a7-d283d6ab06ff,1929698643,Thelypteris Schmidel,Thelypteris Schmidel,Thelypteridaceae,Thelypteris,GENUS,PRESERVED_SPECIMEN,1987-02-17,1987,-70.5,19.52,NA,d415c253-4d61-4459-9d25-4015b9084fb0,NY,NY,09,01,MOCA,010901,874c89b45ffffff
8a2fc40d-b8ed-45fc-ad0d-f6db8ecb2044,1929719293,Anatherum glomeratum,"Andropogon glomeratus (Walter) Britton, Sterns & Poggenb.",Poaceae,Anatherum,SPECIES,PRESERVED_SPECIMEN,1987-06-27,1987,-70.52,19.48,NA,d415c253-4d61-4459-9d25-4015b9084fb0,NY,NY,09,01,MOCA,010901,874c89b4affffff
8b1342cc-a9f4-47ef-83c9-7002db0ff705,1929732393,Allophylus cominia,Allophylus cominia (L.) Sw.,Sapindaceae,Allophylus,SPECIES,PRESERVED_SPECIMEN,1987-02-17,1987,-70.5,19.52,NA,d415c253-4d61-4459-9d25-4015b9084fb0,NY,NY,09,01,MOCA,010901,874c89b45ffffff
8c679ded-38e5-4ca4-bb0b-b199c0f51d9c,1929751216,Tillandsia fasciculata,Tillandsia fasciculata Sw.,Bromeliaceae,Tillandsia,SPECIES,PRESERVED_SPECIMEN,1983-03-05,1983,-70.45,19.48,NA,d415c253-4d61-4459-9d25-4015b9084fb0,NY,NY,09,01,MOCA,010901,874cf26b0ffffff
8d2c4bfa-7e56-45b3-96f0-6b081f2181da,1929761737,Annona urbaniana,Annona urbaniana R.E.Fr.,Annonaceae,Annona,SPECIES,PRESERVED_SPECIMEN,,NA,-70.523074,19.393761,3161.57,d415c253-4d61-4459-9d25-4015b9084fb0,NY,NY,09,01,MOCA,010901,874c89a45ffffff
8e87de2c-3138-40b2-a5e2-e0c99845bf62,1929780505,Alsophila brooksii,Alsophila brooksii (Maxon) R.M.Tryon,Cyatheaceae,Alsophila,SPECIES,PRESERVED_SPECIMEN,1986-08-12,1986,-70.48,19.4917,NA,d415c253-4d61-4459-9d25-4015b9084fb0,NY,NY,09,01,MOCA,010901,874c89b4dffffff
90764b4d-c333-48b1-9ecf-c47cc890f712,4536731343,Solanum nudum,Solanum nudum Humb. & Bonpl. ex Dunal,Solanaceae,Solanum,SPECIES,PRESERVED_SPECIMEN,1987-02-17,1987,-70.5,19.516667,NA,b89d52a2-861d-4388-adad-c0da3d55fc78,UF,,09,01,MOCA,010901,874c89b6affffff
907d1269-5360-4e82-ab2f-ad14b467112b,2270676767,Myrcia splendens,Myrcia splendens (Sw.) DC.,Myrtaceae,Myrcia,SPECIES,PRESERVED_SPECIMEN,1986-07-30,1986,-70.4833,19.4833,NA,e05fd4c2-4d77-4c50-880e-1b22096af300,ASU,Plants,09,01,MOCA,010901,874c89b4dffffff
9099da99-554c-4bed-940e-572a3d418ffc,1929809751,Mora ekmanii,Mora ekmanii (Urb.) Britton & Rose,Fabaceae,Mora,SPECIES,PRESERVED_SPECIMEN,1987-02-17,1987,-70.5,19.52,NA,d415c253-4d61-4459-9d25-4015b9084fb0,NY,NY,09,01,MOCA,010901,874c89b45ffffff
90f8752d-4463-484f-85ae-480fb0f50a57,1929815052,Hirtella triandra,Hirtella triandra Sw.,Chrysobalanaceae,Hirtella,SPECIES,PRESERVED_SPECIMEN,1987-02-17,1987,-70.5,19.52,NA,d415c253-4d61-4459-9d25-4015b9084fb0,NY,NY,09,01,MOCA,010901,874c89b45ffffff
91851605-b999-484b-969d-ecaa0ace4690,1929822774,Cojoba arborea,Cojoba arborea var. cubensis (Bisse) Barneby & J.W.Grimes,Fabaceae,Cojoba,VARIETY,PRESERVED_SPECIMEN,1987-02-17,1987,-70.5,19.5,NA,d415c253-4d61-4459-9d25-4015b9084fb0,NY,NY,09,01,MOCA,010901,874c89b4cffffff
9360f498-9826-42f5-b413-a78df156166b,3920740344,Selaginella plumosa,Selaginella plumosa (L.) C.Presl,Selaginellaceae,Selaginella,SPECIES,PRESERVED_SPECIMEN,1983-11-30,1983,-70.43,19.46,NA,b89d52a2-861d-4388-adad-c0da3d55fc78,UF,,09,01,MOCA,010901,874cf26b3ffffff
93a6a87a-e826-4e87-a4c8-9ed23b32ee89,1929852959,Diplazium cristatum,Diplazium cristatum (Desr.) Alston,Athyriaceae,Diplazium,SPECIES,PRESERVED_SPECIMEN,1987-02-17,1987,-70.5,19.52,NA,d415c253-4d61-4459-9d25-4015b9084fb0,NY,NY,09,01,MOCA,010901,874c89b45ffffff
98384ac6-b80d-4c7a-aec8-284048f963ae,1302311581,Ipomoea batatas,Ipomoea batatas (L.) Lam.,Convolvulaceae,Ipomoea,SPECIES,OCCURRENCE,,NA,-70.53,19.56,NA,07044577-bd82-4089-9f3a-f4a9d2170b2e,Bioversity,,09,01,MOCA,010901,874c89b62ffffff
9901c11a-5e7e-4a4a-bfee-9cc53aa166cf,4079747805,Clitoria fairchildiana,Clitoria fairchildiana R.A.Howard,Fabaceae,Clitoria,SPECIES,PRESERVED_SPECIMEN,1970-07-28,1970,-70.539478,19.415707,2145,3b040a48-deae-485c-95b1-2ac80b7fdc54,IIBZ,USD,09,01,MOCA,010901,874c89a44ffffff
997fab5d-f9d4-494f-bb6d-4c8a5c1abae3,1929934761,Gesneria reticulata,Gesneria reticulata (Griseb.) Urb.,Gesneriaceae,Gesneria,SPECIES,PRESERVED_SPECIMEN,1987-02-16,1987,-70.52,19.5,NA,d415c253-4d61-4459-9d25-4015b9084fb0,NY,NY,09,01,MOCA,010901,874c89b43ffffff
9c6296c9-0647-4342-aeca-a2071a97b539,1929976036,Columnea domingensis,Columnea domingensis (Urb.) B.D.Morley,Gesneriaceae,Columnea,SPECIES,PRESERVED_SPECIMEN,1986-08-13,1986,-70.48,19.4917,NA,d415c253-4d61-4459-9d25-4015b9084fb0,NY,NY,09,01,MOCA,010901,874c89b4dffffff
9cf0d9ea-2c3f-4219-8ac0-636d0444f6f7,1929983741,Lepidaploa sprengeliana,Lepidaploa sprengeliana (Sch.Bip.) H.Rob.,Asteraceae,Lepidaploa,SPECIES,PRESERVED_SPECIMEN,1987-02-17,1987,-70.52,19.4917,NA,d415c253-4d61-4459-9d25-4015b9084fb0,NY,NY,09,01,MOCA,010901,874c89b4effffff
9d9cb5bd-47aa-4710-84ce-9fbe00a90cf4,1929993247,Chrysophyllum argenteum,Chrysophyllum argenteum Jacq.,Sapotaceae,Chrysophyllum,SPECIES,PRESERVED_SPECIMEN,1980-07-17,1980,-70.42,19.6,NA,d415c253-4d61-4459-9d25-4015b9084fb0,NY,NY,09,01,MOCA,010901,874cf27b0ffffff
9fbf9c07-368f-4fbe-b12a-93f708325221,1930023306,Cojoba arborea,Cojoba arborea var. cubensis (Bisse) Barneby & J.W.Grimes,Fabaceae,Cojoba,VARIETY,PRESERVED_SPECIMEN,1986-08-13,1986,-70.48,19.4917,NA,d415c253-4d61-4459-9d25-4015b9084fb0,NY,NY,09,01,MOCA,010901,874c89b4dffffff
B8B5C409-97D9-49F5-9354-98EA7163B5A4,122921032,Cestrum macrophyllum,Cestrum macrophyllum Vent.,Solanaceae,Cestrum,SPECIES,PRESERVED_SPECIMEN,1986-08-13,1986,-70.4833,19.4917,NA,832cb04e-f762-11e1-a439-00145eb45e9a,FTG,Herbarium,09,01,MOCA,010901,874c89b4cffffff
E34C8594-D8F3-4243-810B-B87793C153BB,122965321,Lantana horrida,Lantana subcordata Urb.,Verbenaceae,Lantana,SPECIES,PRESERVED_SPECIMEN,1983-02-18,1983,-70.46,19.5419,NA,832cb04e-f762-11e1-a439-00145eb45e9a,FTG,Herbarium,09,01,MOCA,010901,874cf2793ffffff
E353125E-F118-4C3A-A76E-8CB79A2BE79E,123022012,Vitex heptaphylla,Vitex heptaphylla A.Juss.,Lamiaceae,Vitex,SPECIES,PRESERVED_SPECIMEN,1983-02-20,1983,-70.44,19.48,NA,832cb04e-f762-11e1-a439-00145eb45e9a,FTG,Herbarium,09,01,MOCA,010901,874cf26b0ffffff
S:VascularPlants:S11-32082,1096767692,Guettarda lindeniana,Guettarda lindeniana A.Rich.,Rubiaceae,Guettarda,SPECIES,PRESERVED_SPECIMEN,1986-07-30,1986,-70.483333,19.483333,NA,0943f690-fde5-11dd-83f4-b8a03c50a862,S,VascularPlants,09,01,MOCA,010901,874c89b4dffffff
S:VascularPlants:S11-32114,1096767714,Malpighia macracantha,Malpighia macracantha Urb. & Nied.,Malpighiaceae,Malpighia,SPECIES,PRESERVED_SPECIMEN,1987-02-17,1987,-70.5,19.516667,NA,0943f690-fde5-11dd-83f4-b8a03c50a862,S,VascularPlants,09,01,MOCA,010901,874c89b6affffff
S:VascularPlants:S11-35829,1096771361,Coccoloba wrightii,Coccoloba wrightii Lindau,Polygonaceae,Coccoloba,SPECIES,PRESERVED_SPECIMEN,1986-07-30,1986,-70.483333,19.483333,NA,0943f690-fde5-11dd-83f4-b8a03c50a862,S,VascularPlants,09,01,MOCA,010901,874c89b4dffffff
S:VascularPlants:S11-36068,1096771602,Piper glabrescens,Piper glabrescens (Miq.) C.DC.,Piperaceae,Piper,SPECIES,PRESERVED_SPECIMEN,1987-02-16,1987,-70.516667,19.5,NA,0943f690-fde5-11dd-83f4-b8a03c50a862,S,VascularPlants,09,01,MOCA,010901,874c89b41ffffff
S:VascularPlants:S11-36456,1096771980,Eugenia dictyophylla,Eugenia dictyophylla Urb.,Myrtaceae,Eugenia,SPECIES,PRESERVED_SPECIMEN,1986-07-30,1986,-70.483333,19.483333,NA,0943f690-fde5-11dd-83f4-b8a03c50a862,S,VascularPlants,09,01,MOCA,010901,874c89b4dffffff
S:VascularPlants:S11-39114,1096774771,Palicourea eriantha,Palicourea eriantha DC.,Rubiaceae,Palicourea,SPECIES,PRESERVED_SPECIMEN,1986-08-13,1986,-70.483333,19.483333,NA,0943f690-fde5-11dd-83f4-b8a03c50a862,S,VascularPlants,09,01,MOCA,010901,874c89b4dffffff
S:VascularPlants:S11-39219,1096774865,Anatherum glomeratum,"Andropogon glomeratus (Walter) Britton, Sterns & Poggenb.",Poaceae,Anatherum,SPECIES,PRESERVED_SPECIMEN,1986-08-14,1986,-70.483333,19.483333,NA,0943f690-fde5-11dd-83f4-b8a03c50a862,S,VascularPlants,09,01,MOCA,010901,874c89b4dffffff
S:VascularPlants:S12-26472,1096794828,Miconia lima,Leandra lima (Desr.) Judd & Skean,Melastomataceae,Miconia,SPECIES,PRESERVED_SPECIMEN,1986-08-12,1986,-70.483333,19.491667,NA,0943f690-fde5-11dd-83f4-b8a03c50a862,S,VascularPlants,09,01,MOCA,010901,874c89b4cffffff
S:VascularPlants:S12-26492,1096794866,Miconia lima,Leandra lima (Desr.) Judd & Skean,Melastomataceae,Miconia,SPECIES,PRESERVED_SPECIMEN,1987-02-17,1987,-70.5,19.5,NA,0943f690-fde5-11dd-83f4-b8a03c50a862,S,VascularPlants,09,01,MOCA,010901,874c89b4cffffff
S:VascularPlants:S12-26617,1096794995,Miconia limoides,Leandra limoides (Urb.) Judd & Skean,Melastomataceae,Miconia,SPECIES,PRESERVED_SPECIMEN,1986-07-30,1986,-70.483333,19.483333,NA,0943f690-fde5-11dd-83f4-b8a03c50a862,S,VascularPlants,09,01,MOCA,010901,874c89b4dffffff
S:VascularPlants:S16-43518,2618401803,Lepidaploa sprengeliana,Lepidaploa sprengeliana (Sch.Bip.) H.Rob.,Asteraceae,Lepidaploa,SPECIES,PRESERVED_SPECIMEN,1987-02-17,1987,-70.516667,19.483333,NA,0943f690-fde5-11dd-83f4-b8a03c50a862,S,VascularPlants,09,01,MOCA,010901,874c89b4effffff
S:VascularPlants:S16-49015,2618575067,Baccharis myrsinites,Baccharis myrsinites Pers.,Asteraceae,Baccharis,SPECIES,PRESERVED_SPECIMEN,1986-08-13,1986,-70.483333,19.483333,NA,0943f690-fde5-11dd-83f4-b8a03c50a862,S,VascularPlants,09,01,MOCA,010901,874c89b4dffffff
S:VascularPlants:S16-5193,2618358751,Miconia ocampensis,Mecranium septentrionale Skean,Melastomataceae,Miconia,SPECIES,PRESERVED_SPECIMEN,1986-07-30,1986,-70.483333,19.483333,NA,0943f690-fde5-11dd-83f4-b8a03c50a862,S,VascularPlants,09,01,MOCA,010901,874c89b4dffffff
UCJEPS:UC:UC1964339,4856574790,Phoradendron hexastichum,Phoradendron hexastichum (DC.) Griseb.,Viscaceae,Phoradendron,SPECIES,PRESERVED_SPECIMEN,1986-08-14,1986,-70.483333,19.491667,NA,83a49751-4282-481e-a847-1c5c224a0551,,UC,09,01,MOCA,010901,874c89b4cffffff
a0304f52-a2cb-41f9-b4b2-c02e0df178ec,1930029269,Miconia hispidula,Calycogonium hispidulum Cogn.,Melastomataceae,Miconia,SPECIES,PRESERVED_SPECIMEN,1987-02-17,1987,-70.5,19.5,NA,d415c253-4d61-4459-9d25-4015b9084fb0,NY,NY,09,01,MOCA,010901,874c89b4cffffff
a157d25a-639d-4cb3-a556-b34e591924ce,2270676177,Eugenia monticola,Eugenia monticola (Sw.) DC.,Myrtaceae,Eugenia,SPECIES,PRESERVED_SPECIMEN,1986-08-12,1986,-70.4833,19.4917,NA,e05fd4c2-4d77-4c50-880e-1b22096af300,ASU,Plants,09,01,MOCA,010901,874c89b4cffffff
a34ee07c-6850-45b7-b561-d7dda934cfea,1304606891,Solanum nudum,Solanum nudum Humb. & Bonpl. ex Dunal,Solanaceae,Solanum,SPECIES,OCCURRENCE,1987-02-17,1987,-70.5,19.516667,NA,07044577-bd82-4089-9f3a-f4a9d2170b2e,Bioversity,,09,01,MOCA,010901,874c89b6affffff
a40ec635-9455-4a35-92b0-8232bfcaf120,1930088575,Peperomia obtusifolia,Peperomia obtusifolia var. obtusifolia,Piperaceae,Peperomia,VARIETY,PRESERVED_SPECIMEN,1987-02-16,1987,-70.52,19.5,NA,d415c253-4d61-4459-9d25-4015b9084fb0,NY,NY,09,01,MOCA,010901,874c89b43ffffff
a443380a-39a6-4986-a2f4-c0780b7f5047,1457799791,Miconia hispidula,"Miconia hispidula (Cogn.) Judd, Bécquer & Majure",Melastomataceae,Miconia,SPECIES,PRESERVED_SPECIMEN,1986-08-13,1986,-70.483333,19.491667,NA,b89d52a2-861d-4388-adad-c0da3d55fc78,UF,,09,01,MOCA,010901,874c89b4cffffff
a5c4446c-e0d2-41dc-bf0d-5133ed36b1e9,1304889469,Cajanus cajan,Cajanus cajan (L.) Huth,Fabaceae,Cajanus,SPECIES,OCCURRENCE,,NA,-70.55,19.433333,NA,07044577-bd82-4089-9f3a-f4a9d2170b2e,USDA_NPGS,,09,01,MOCA,010901,874c89a71ffffff
ab3dbe5f-7011-4add-8923-4adfc858fe98,1930188176,Juglans jamaicensis,Juglans jamaicensis C.DC.,Juglandaceae,Juglans,SPECIES,PRESERVED_SPECIMEN,1987-02-17,1987,-70.5,19.52,NA,d415c253-4d61-4459-9d25-4015b9084fb0,NY,NY,09,01,MOCA,010901,874c89b45ffffff
ac91d4c1-66b9-4495-89cc-3960a5e5603b,1930207298,Ruellia coccinea,Ruellia coccinea (L.) Vahl,Acanthaceae,Ruellia,SPECIES,PRESERVED_SPECIMEN,1987-02-17,1987,-70.5,19.52,NA,d415c253-4d61-4459-9d25-4015b9084fb0,NY,NY,09,01,MOCA,010901,874c89b45ffffff
acc5f3b9-abba-4327-8c75-4b0802b2c33f,1457802653,Miconia angustilamina,Miconia angustilamina (Judd & Skean) Judd & Ionta,Melastomataceae,Miconia,SPECIES,PRESERVED_SPECIMEN,1986-07-30,1986,-70.483333,19.483333,NA,b89d52a2-861d-4388-adad-c0da3d55fc78,UF,,09,01,MOCA,010901,874c89b4dffffff
add03def-6a28-4387-a87e-f6244a3b4021,1930224773,Asplenium juglandifolium,Asplenium juglandifolium Lam.,Aspleniaceae,Asplenium,SPECIES,PRESERVED_SPECIMEN,1986-08-14,1986,-70.48,19.4917,NA,d415c253-4d61-4459-9d25-4015b9084fb0,NY,NY,09,01,MOCA,010901,874c89b4dffffff
ae8c2640-50c8-48d1-b365-4009dde162f0,1930235159,Lomariopsis kunzeana,Lomariopsis kunzeana (C.Presl ex Underw.) Holttum,Lomariopsidaceae,Lomariopsis,SPECIES,PRESERVED_SPECIMEN,1987-02-17,1987,-70.517,19.517,NA,d415c253-4d61-4459-9d25-4015b9084fb0,NY,NY,09,01,MOCA,010901,874c89b40ffffff
af586c04-dcff-45fc-aef3-4ef07656d7c4,1930246164,Miconia angustilamina,Clidemia angustilamina Judd & Skean,Melastomataceae,Miconia,SPECIES,PRESERVED_SPECIMEN,1986-07-30,1986,-70.48,19.48,NA,d415c253-4d61-4459-9d25-4015b9084fb0,NY,NY,09,01,MOCA,010901,874c89b4dffffff
b4f9e9e8-03a5-46bf-bf3f-3466aafcf3c0,1930325869,Polytaenium lineatum,Polytaenium lanceolatum (Sw.) Desv.,Pteridaceae,Polytaenium,SPECIES,PRESERVED_SPECIMEN,1987-02-16,1987,-70.52,19.5,NA,d415c253-4d61-4459-9d25-4015b9084fb0,NY,NY,09,01,MOCA,010901,874c89b43ffffff
b600c495-0731-4455-aac9-e479599a025d,1457805859,Miconia lima,Miconia lima (Desr.) M.Gómez,Melastomataceae,Miconia,SPECIES,PRESERVED_SPECIMEN,1986-08-12,1986,-70.483333,19.491667,NA,b89d52a2-861d-4388-adad-c0da3d55fc78,UF,,09,01,MOCA,010901,874c89b4cffffff
b69a68f7-742f-4a87-9bba-9b9f565e6ab3,1930348505,Anemia adiantifolia,Anemia adiantifolia (L.) Sw.,Anemiaceae,Anemia,SPECIES,PRESERVED_SPECIMEN,1987-02-17,1987,-70.5,19.52,NA,d415c253-4d61-4459-9d25-4015b9084fb0,NY,NY,09,01,MOCA,010901,874c89b45ffffff
b6ab3ad4-b3e6-4884-85db-a5cb19bc7496,1457806076,Miconia ocampensis,"Miconia ocampensis Skean, Judd & Majure",Melastomataceae,Miconia,SPECIES,PRESERVED_SPECIMEN,1986-07-30,1986,-70.483333,19.483333,NA,b89d52a2-861d-4388-adad-c0da3d55fc78,UF,,09,01,MOCA,010901,874c89b4dffffff
b76697d1-4c3a-4731-b9ee-e026b50a6a32,1930360616,Hymenophyllum Sm.,Hymenophyllum Sm.,Hymenophyllaceae,Hymenophyllum,GENUS,PRESERVED_SPECIMEN,1986-07-30,1986,-70.48,19.48,NA,d415c253-4d61-4459-9d25-4015b9084fb0,NY,NY,09,01,MOCA,010901,874c89b4dffffff
b7969dbf-613c-48c0-8e93-7f6ee7d4bb3d,1930363396,Parapolystichum confine,Lastreopsis confinis (C.Chr.) Greuter & R.Rankin,Dryopteridaceae,Parapolystichum,SPECIES,PRESERVED_SPECIMEN,1987-02-17,1987,-70.5,19.5,NA,d415c253-4d61-4459-9d25-4015b9084fb0,NY,NY,09,01,MOCA,010901,874c89b4cffffff
b888903e-c8c1-4185-a7de-d9eea6b8ecc0,1930375987,Baccharis myrsinites,Baccharis myrsinites Pers.,Asteraceae,Baccharis,SPECIES,PRESERVED_SPECIMEN,1987-02-17,1987,-70.5,19.5,NA,d415c253-4d61-4459-9d25-4015b9084fb0,NY,NY,09,01,MOCA,010901,874c89b4cffffff
bbb91f86-9fe0-4ef4-84c1-bd74c19c439f,1930421673,Diplazium unilobum,Diplazium unilobum (Poir.) Hieron.,Athyriaceae,Diplazium,SPECIES,PRESERVED_SPECIMEN,1987-02-16,1987,-70.52,19.5,NA,d415c253-4d61-4459-9d25-4015b9084fb0,NY,NY,09,01,MOCA,010901,874c89b43ffffff
bc198af7-4a7f-4a9e-8e9b-2f9e8449271c,1457807991,Miconia lima,Miconia lima (Desr.) M.Gómez,Melastomataceae,Miconia,SPECIES,PRESERVED_SPECIMEN,1986-07-30,1986,-70.483333,19.483333,NA,b89d52a2-861d-4388-adad-c0da3d55fc78,UF,,09,01,MOCA,010901,874c89b4dffffff
bc571153-e4e9-4136-b6d4-201aeff191af,1930430041,Thelypteris Schmidel,Thelypteris Schmidel,Thelypteridaceae,Thelypteris,GENUS,PRESERVED_SPECIMEN,1986-07-30,1986,-70.48,19.48,NA,d415c253-4d61-4459-9d25-4015b9084fb0,NY,NY,09,01,MOCA,010901,874c89b4dffffff
bc5bbbc9-210a-4bf3-9a28-6b0da11f3546,1930431536,Piper amalago,Piper amalago L.,Piperaceae,Piper,SPECIES,PRESERVED_SPECIMEN,1986-07-30,1986,-70.48,19.48,NA,d415c253-4d61-4459-9d25-4015b9084fb0,NY,NY,09,01,MOCA,010901,874c89b4dffffff
be7a7245-c600-4b8e-ba0d-edbcfee2ba8c,1930460803,Polystichopsis chaerophylloides,Polystichopsis chaerophylloides (Poir.) C.V.Morton,Dryopteridaceae,Polystichopsis,SPECIES,PRESERVED_SPECIMEN,1987-02-17,1987,-70.5,19.52,NA,d415c253-4d61-4459-9d25-4015b9084fb0,NY,NY,09,01,MOCA,010901,874c89b45ffffff
bf318395-f1d9-41f5-a960-80b404d90517,1930470692,Gesneria reticulata,Gesneria reticulata (Griseb.) Urb.,Gesneriaceae,Gesneria,SPECIES,PRESERVED_SPECIMEN,1987-02-17,1987,-70.5,19.52,NA,d415c253-4d61-4459-9d25-4015b9084fb0,NY,NY,09,01,MOCA,010901,874c89b45ffffff
bfa3c4f7-fd94-4e82-aa38-5522aa7fe90e,1930476696,Ichnanthus pallens,Ichnanthus pallens (Sw.) Munro ex Benth.,Poaceae,Ichnanthus,SPECIES,PRESERVED_SPECIMEN,1987-02-17,1987,-70.5,19.52,NA,d415c253-4d61-4459-9d25-4015b9084fb0,NY,NY,09,01,MOCA,010901,874c89b45ffffff
bfbbf1df-cddb-4fcc-8ebe-d80328ff5c58,1930478892,Coccoloba wrightii,Coccoloba wrightii Lindau,Polygonaceae,Coccoloba,SPECIES,PRESERVED_SPECIMEN,1987-02-17,1987,-70.5,19.52,NA,d415c253-4d61-4459-9d25-4015b9084fb0,NY,NY,09,01,MOCA,010901,874c89b45ffffff
c08ec061-aa40-465c-a4d0-3c043a57073a,1930490038,Diplazium unilobum,Diplazium unilobum (Poir.) Hieron.,Athyriaceae,Diplazium,SPECIES,PRESERVED_SPECIMEN,1987-02-16,1987,-70.52,19.5,NA,d415c253-4d61-4459-9d25-4015b9084fb0,NY,NY,09,01,MOCA,010901,874c89b43ffffff
c355f214-f5d9-4af6-a72c-d68793ea6c5c,1930529499,Asplenium serra,Asplenium serra Langsd. & Fisch.,Aspleniaceae,Asplenium,SPECIES,PRESERVED_SPECIMEN,1986-08-13,1986,-70.48,19.4917,NA,d415c253-4d61-4459-9d25-4015b9084fb0,NY,NY,09,01,MOCA,010901,874c89b4dffffff
c38da627-d3ac-49ca-98bf-7d44243db0f5,1930533210,Allophylus crassinervis,Allophylus crassinervis Radlk.,Sapindaceae,Allophylus,SPECIES,PRESERVED_SPECIMEN,1987-02-17,1987,-70.5,19.5,NA,d415c253-4d61-4459-9d25-4015b9084fb0,NY,NY,09,01,MOCA,010901,874c89b4cffffff
c5ca94ce-9666-4212-a968-d9bc842c7cd3,1930564186,Pecluma dulcis,Polypodium dulce Poir.,Polypodiaceae,Pecluma,SPECIES,PRESERVED_SPECIMEN,1987-02-16,1987,-70.52,19.5,NA,d415c253-4d61-4459-9d25-4015b9084fb0,NY,NY,09,01,MOCA,010901,874c89b43ffffff
c7efed70-d5db-43f8-aea1-a16770885457,1930594404,Sideroxylon cubense,Sideroxylon cubense (Griseb.) T.D.Penn.,Sapotaceae,Sideroxylon,SPECIES,PRESERVED_SPECIMEN,1987-02-17,1987,-70.5,19.5,NA,d415c253-4d61-4459-9d25-4015b9084fb0,NY,NY,09,01,MOCA,010901,874c89b4cffffff
c7f279ae-4503-4c8b-9546-e759b6f24611,1930594415,Microchilus pimentelii,Microchilus pimentelii Ormerod,Orchidaceae,Microchilus,SPECIES,PRESERVED_SPECIMEN,1987-02-16,1987,-70.52,19.5,NA,d415c253-4d61-4459-9d25-4015b9084fb0,NY,NY,09,01,MOCA,010901,874c89b43ffffff
c8cef289-efd9-4d29-be57-14069d2cfabc,1930606145,Lucuma domingensis,Pouteria dominigensis subsp. cuprea (Urb. & Ekman) T.D.Penn.,Sapotaceae,Lucuma,SUBSPECIES,PRESERVED_SPECIMEN,1987-02-17,1987,-70.5,19.5,NA,d415c253-4d61-4459-9d25-4015b9084fb0,NY,NY,09,01,MOCA,010901,874c89b4cffffff
cab449e1-afc3-4e34-8211-aa25e30016c3,1930633191,Terminalia domingensis,Terminalia domingensis Urb.,Combretaceae,Terminalia,SPECIES,PRESERVED_SPECIMEN,1987-02-17,1987,-70.5,19.5,NA,d415c253-4d61-4459-9d25-4015b9084fb0,NY,NY,09,01,MOCA,010901,874c89b4cffffff
cb0f81b4-340b-42ca-a0f5-ec0a7f024001,1930638302,Ovieda spinosa,Ovieda spinosa L.,Lamiaceae,Ovieda,SPECIES,PRESERVED_SPECIMEN,1987-02-17,1987,-70.5,19.52,NA,d415c253-4d61-4459-9d25-4015b9084fb0,NY,NY,09,01,MOCA,010901,874c89b45ffffff
cb23b955-8039-4a89-9c00-1810e0f37511,1930639661,Ficus crassinervia,Ficus crassinervia Desf. ex Willd.,Moraceae,Ficus,SPECIES,PRESERVED_SPECIMEN,1987-02-17,1987,-70.5,19.52,NA,d415c253-4d61-4459-9d25-4015b9084fb0,NY,NY,09,01,MOCA,010901,874c89b45ffffff
cb9caddd-38e2-4a62-93d6-f881b7a989ae,1930646437,Notopleura guadalupensis,Notopleura guadalupensis (DC.) C.M.Taylor,Rubiaceae,Notopleura,SPECIES,PRESERVED_SPECIMEN,1986-07-30,1986,-70.48,19.48,NA,d415c253-4d61-4459-9d25-4015b9084fb0,NY,NY,09,01,MOCA,010901,874c89b4dffffff
ccb4d8c5-93a5-4192-b4fe-84031e8328c6,1930661738,Erythrina berteroana,Erythrina berteroana Urb.,Fabaceae,Erythrina,SPECIES,PRESERVED_SPECIMEN,1987-02-17,1987,-70.5,19.52,NA,d415c253-4d61-4459-9d25-4015b9084fb0,NY,NY,09,01,MOCA,010901,874c89b45ffffff
cf5f7f71-2058-4e06-a1fc-1eb263bc8fc4,1930700385,Ficus crassinervia,Ficus crassinervia Desf. ex Willd.,Moraceae,Ficus,SPECIES,PRESERVED_SPECIMEN,1987-02-17,1987,-70.5,19.52,NA,d415c253-4d61-4459-9d25-4015b9084fb0,NY,NY,09,01,MOCA,010901,874c89b45ffffff
d4886271-f5e9-4e04-a8e2-d32f202cbd78,1930771456,Campyloneurum angustifolium,Campyloneurum angustifolium (Sw.) Fée,Polypodiaceae,Campyloneurum,SPECIES,PRESERVED_SPECIMEN,1986-08-12,1986,-70.48,19.4917,NA,d415c253-4d61-4459-9d25-4015b9084fb0,NY,NY,09,01,MOCA,010901,874c89b4dffffff
d4a8bd8a-d061-4fdf-804e-2d656480bbc5,1930773213,Miconia hispidula,Calycogonium hispidulum Cogn.,Melastomataceae,Miconia,SPECIES,PRESERVED_SPECIMEN,1986-08-13,1986,-70.48,19.4917,NA,d415c253-4d61-4459-9d25-4015b9084fb0,NY,NY,09,01,MOCA,010901,874c89b4dffffff
d5162719-5dc5-438d-80e4-b3c162550efd,1930779484,Guarea guidonia,Guarea guidonia (L.) Sleumer,Meliaceae,Guarea,SPECIES,PRESERVED_SPECIMEN,1987-02-17,1987,-70.5,19.52,NA,d415c253-4d61-4459-9d25-4015b9084fb0,NY,NY,09,01,MOCA,010901,874c89b45ffffff
d58ac5ac-865a-4e05-9318-5ca284bf3c35,2270675893,Eugenia monticola,Eugenia monticola (Sw.) DC.,Myrtaceae,Eugenia,SPECIES,PRESERVED_SPECIMEN,1987-02-17,1987,-70.5,19.5,NA,e05fd4c2-4d77-4c50-880e-1b22096af300,ASU,Plants,09,01,MOCA,010901,874c89b4cffffff
d5b0e30e-91a4-43b0-9d8b-c75b5c6ad980,1930788386,Peperomia pullispica,Peperomia pullispica Trel.,Piperaceae,Peperomia,SPECIES,PRESERVED_SPECIMEN,1987-02-17,1987,-70.5,19.52,NA,d415c253-4d61-4459-9d25-4015b9084fb0,NY,NY,09,01,MOCA,010901,874c89b45ffffff
d6797fe3-d5c3-4527-93de-ef1b9f70479b,1930799269,Campyloneurum angustifolium,Campyloneurum angustifolium (Sw.) Fée,Polypodiaceae,Campyloneurum,SPECIES,PRESERVED_SPECIMEN,1987-02-17,1987,-70.5,19.52,NA,d415c253-4d61-4459-9d25-4015b9084fb0,NY,NY,09,01,MOCA,010901,874c89b45ffffff
d7ae5c00-7154-4ab3-9688-ad4e50a3ceb9,1930816341,Hymenophyllum Sm.,Hymenophyllum Sm.,Hymenophyllaceae,Hymenophyllum,GENUS,PRESERVED_SPECIMEN,1987-02-17,1987,-70.5,19.52,NA,d415c253-4d61-4459-9d25-4015b9084fb0,NY,NY,09,01,MOCA,010901,874c89b45ffffff
d7da6d34-7a3f-4eb4-ba44-119b54b0ee33,1930818844,Coccoloba wrightii,Coccoloba wrightii Lindau,Polygonaceae,Coccoloba,SPECIES,PRESERVED_SPECIMEN,1986-07-30,1986,-70.48,19.48,NA,d415c253-4d61-4459-9d25-4015b9084fb0,NY,NY,09,01,MOCA,010901,874c89b4dffffff
d8c3776c-6073-459f-b23f-e860b90dd019,1930831741,Asplenium L.,Asplenium L.,Aspleniaceae,Asplenium,GENUS,PRESERVED_SPECIMEN,1986-07-30,1986,-70.48,19.48,NA,d415c253-4d61-4459-9d25-4015b9084fb0,NY,NY,09,01,MOCA,010901,874c89b4dffffff
d9a74ae2-d044-4062-9f61-68b25564cc7a,1930845336,Polytaenium lineatum,Polytaenium lanceolatum (Sw.) Desv.,Pteridaceae,Polytaenium,SPECIES,PRESERVED_SPECIMEN,1986-08-13,1986,-70.48,19.4917,NA,d415c253-4d61-4459-9d25-4015b9084fb0,NY,NY,09,01,MOCA,010901,874c89b4dffffff
dc622666-0146-46b1-b369-8a7aeafbf05f,1457819115,Miconia ocampensis,"Miconia ocampensis Skean, Judd & Majure",Melastomataceae,Miconia,SPECIES,PRESERVED_SPECIMEN,1986-08-12,1986,-70.483333,19.491667,NA,b89d52a2-861d-4388-adad-c0da3d55fc78,UF,,09,01,MOCA,010901,874c89b4cffffff
de70406a-fce6-4c98-ac8c-3e3fefa23e84,1930912441,Miconia angustilamina,Clidemia angustilamina Judd & Skean,Melastomataceae,Miconia,SPECIES,PRESERVED_SPECIMEN,1986-08-12,1986,-70.48,19.4917,NA,d415c253-4d61-4459-9d25-4015b9084fb0,NY,NY,09,01,MOCA,010901,874c89b4dffffff
de951318-591e-4f7b-9c68-cafb0b21af07,1930914510,Rhipsalis baccifera,Rhipsalis baccifera (J.S.Muell.) Stearn,Cactaceae,Rhipsalis,SPECIES,PRESERVED_SPECIMEN,1987-02-17,1987,-70.5,19.52,NA,d415c253-4d61-4459-9d25-4015b9084fb0,NY,NY,09,01,MOCA,010901,874c89b45ffffff
df9080c1-0c83-4014-813f-6d2d4abbd2d5,1930928376,Goniopteris leptocladia,Thelypteris leptocladia (Fée) Proctor,Thelypteridaceae,Goniopteris,SPECIES,PRESERVED_SPECIMEN,1980-07-17,1980,-70.42,19.6,NA,d415c253-4d61-4459-9d25-4015b9084fb0,NY,NY,09,01,MOCA,010901,874cf27b0ffffff
dfb8715f-f40e-4584-b822-9744f27bec1d,1930931008,Alchornea latifolia,Alchornea latifolia Sw.,Euphorbiaceae,Alchornea,SPECIES,PRESERVED_SPECIMEN,1987-02-17,1987,-70.5,19.52,NA,d415c253-4d61-4459-9d25-4015b9084fb0,NY,NY,09,01,MOCA,010901,874c89b45ffffff
e08c073a-0976-4ff1-aa9f-0cd0aa4a26a9,1930943311,Faramea occidentalis,Faramea occidentalis (L.) A.Rich.,Rubiaceae,Faramea,SPECIES,PRESERVED_SPECIMEN,1987-02-17,1987,-70.5,19.52,NA,d415c253-4d61-4459-9d25-4015b9084fb0,NY,NY,09,01,MOCA,010901,874c89b45ffffff
e1b1a56e-82e6-4ea0-8a61-4f5a4925bb78,1930958392,Vittaria graminifolia,Vittaria graminifolia Kaulf.,Pteridaceae,Vittaria,SPECIES,PRESERVED_SPECIMEN,1986-08-13,1986,-70.48,19.4917,NA,d415c253-4d61-4459-9d25-4015b9084fb0,NY,NY,09,01,MOCA,010901,874c89b4dffffff
e367700c-1368-4553-92e3-4ff029e2a411,1302303886,Gossypium hirsutum,Gossypium hirsutum L.,Malvaceae,Gossypium,SPECIES,OCCURRENCE,,NA,-70.56,19.39,NA,07044577-bd82-4089-9f3a-f4a9d2170b2e,Bioversity,,09,01,MOCA,010901,874c89a42ffffff
e650b9e0-1780-4d15-a95f-400f34a061be,1931024576,Dumortiera hirsuta,Dumortiera hirsuta (Sw.) Nees,Dumortieraceae,Dumortiera,SPECIES,PRESERVED_SPECIMEN,1986-07-30,1986,-70.48,19.48,NA,d415c253-4d61-4459-9d25-4015b9084fb0,NY,NY,09,01,MOCA,010901,874c89b4dffffff
e896ee02-5241-4e79-a34c-e27ba14a8972,1931055565,Peperomia brachypoda,Peperomia brachypoda Urb.,Piperaceae,Peperomia,SPECIES,PRESERVED_SPECIMEN,1986-08-14,1986,-70.48,19.4917,NA,d415c253-4d61-4459-9d25-4015b9084fb0,NY,NY,09,01,MOCA,010901,874c89b4dffffff
e8dc03c8-72dc-4d8a-b2e7-ff77320ef75f,1931059910,Adiantum pyramidale,Adiantum pyramidale (L.) Willd.,Pteridaceae,Adiantum,SPECIES,PRESERVED_SPECIMEN,1987-02-17,1987,-70.5,19.52,NA,d415c253-4d61-4459-9d25-4015b9084fb0,NY,NY,09,01,MOCA,010901,874c89b45ffffff
ebbe43a3-84e1-4e50-84d6-913664d128a2,1302311552,Ipomoea batatas,Ipomoea batatas (L.) Lam.,Convolvulaceae,Ipomoea,SPECIES,OCCURRENCE,,NA,-70.53,19.56,NA,07044577-bd82-4089-9f3a-f4a9d2170b2e,Bioversity,,09,01,MOCA,010901,874c89b62ffffff
ed821b88-7f8e-41f1-8b91-474a1793c59f,1931126342,Dioscorea haitiensis,Rajania ovata Sw.,Dioscoreaceae,Dioscorea,SPECIES,PRESERVED_SPECIMEN,1986-07-30,1986,-70.48,19.48,NA,d415c253-4d61-4459-9d25-4015b9084fb0,NY,NY,09,01,MOCA,010901,874c89b4dffffff
ef705797-2563-433f-b1f2-5de4c6d190dd,1931154341,Peperomia glabella,Peperomia glabella (Sw.) A.Dietr.,Piperaceae,Peperomia,SPECIES,PRESERVED_SPECIMEN,1986-08-13,1986,-70.48,19.4917,NA,d415c253-4d61-4459-9d25-4015b9084fb0,NY,NY,09,01,MOCA,010901,874c89b4dffffff
ef9d634c-f121-4645-98ba-0d79c216333a,1931156571,Diplazium unilobum,Diplazium unilobum (Poir.) Hieron.,Athyriaceae,Diplazium,SPECIES,PRESERVED_SPECIMEN,1986-08-13,1986,-70.48,19.4917,NA,d415c253-4d61-4459-9d25-4015b9084fb0,NY,NY,09,01,MOCA,010901,874c89b4dffffff
f0033e16-8f5a-4abe-b1ec-03bf30cefca3,2270544243,Euphorbiaceae A.Juss.,Euphorbiaceae A.Juss.,Euphorbiaceae,,FAMILY,PRESERVED_SPECIMEN,1987-02-17,1987,-70.5,19.51667,NA,e05fd4c2-4d77-4c50-880e-1b22096af300,ASU,Plants,09,01,MOCA,010901,874c89b6affffff
f003fe0d-b059-4b9d-89af-8e80add2d51b,1931162663,Catopsis floribunda,Catopsis floribunda L.B.Sm.,Bromeliaceae,Catopsis,SPECIES,PRESERVED_SPECIMEN,1987-02-17,1987,-70.5,19.52,NA,d415c253-4d61-4459-9d25-4015b9084fb0,NY,NY,09,01,MOCA,010901,874c89b45ffffff
f1b399f0-f8a7-4038-ac56-cd0c9c71d604,3925747317,Lygodium venustum,Lygodium venustum Sw.,Lygodiaceae,Lygodium,SPECIES,PRESERVED_SPECIMEN,2000-05-24,2000,-70.475,19.513,NA,b89d52a2-861d-4388-adad-c0da3d55fc78,UF,,09,01,MOCA,010901,874c89b68ffffff
f1f73499-259a-4e6b-87ff-312c3cf49826,1931187123,Adiantum pyramidale,Adiantum pyramidale (L.) Willd.,Pteridaceae,Adiantum,SPECIES,PRESERVED_SPECIMEN,1986-08-12,1986,-70.48,19.4917,NA,d415c253-4d61-4459-9d25-4015b9084fb0,NY,NY,09,01,MOCA,010901,874c89b4dffffff
f24aacc1-3e6d-47e8-91ee-5cb3794f31e5,1931193095,Gesneria viridiflora,Gesneria viridiflora (Decne.) Kuntze,Gesneriaceae,Gesneria,SPECIES,PRESERVED_SPECIMEN,1987-02-17,1987,-70.5,19.5,NA,d415c253-4d61-4459-9d25-4015b9084fb0,NY,NY,09,01,MOCA,010901,874c89b4cffffff
f328e7fb-53fc-4e83-a318-ae50ceea7fe0,1931204905,Asplenium serratum,Asplenium serratum L.,Aspleniaceae,Asplenium,SPECIES,PRESERVED_SPECIMEN,1987-02-17,1987,-70.5,19.52,NA,d415c253-4d61-4459-9d25-4015b9084fb0,NY,NY,09,01,MOCA,010901,874c89b45ffffff
f38f985a-cb1b-4664-9c7e-c2723d88f174,1304889384,Cajanus cajan,Cajanus cajan (L.) Huth,Fabaceae,Cajanus,SPECIES,OCCURRENCE,,NA,-70.55,19.433333,NA,07044577-bd82-4089-9f3a-f4a9d2170b2e,USDA_NPGS,,09,01,MOCA,010901,874c89a71ffffff
f457bcb8-d7e1-42d2-89ae-79f760f143eb,1931220610,Peperomia magnoliifolia,Peperomia magnoliifolia var. magnoliifolia,Piperaceae,Peperomia,VARIETY,PRESERVED_SPECIMEN,1987-02-17,1987,-70.5,19.5,NA,d415c253-4d61-4459-9d25-4015b9084fb0,NY,NY,09,01,MOCA,010901,874c89b4cffffff
f579105e-4c0c-44b4-8c8d-3e07e7800bb4,1931236967,Piper L.,Piper L.,Piperaceae,Piper,GENUS,PRESERVED_SPECIMEN,1987-02-16,1987,-70.52,19.5,NA,d415c253-4d61-4459-9d25-4015b9084fb0,NY,NY,09,01,MOCA,010901,874c89b43ffffff
f5aac76e-0b5b-4f3b-b7d5-345b97b4b81e,1931239735,Blechnum occidentale,Blechnum occidentale L.,Blechnaceae,Blechnum,SPECIES,PRESERVED_SPECIMEN,1987-02-17,1987,-70.5,19.52,NA,d415c253-4d61-4459-9d25-4015b9084fb0,NY,NY,09,01,MOCA,010901,874c89b45ffffff
f5affb3a-be7c-4b35-ac77-1833a77443c1,3920738375,Hymenophyllaceae Mart.,Hymenophyllaceae Mart.,Hymenophyllaceae,,FAMILY,PRESERVED_SPECIMEN,1989-09-30,1989,-70.54,19.39,NA,b89d52a2-861d-4388-adad-c0da3d55fc78,UF,,09,01,MOCA,010901,874c89a40ffffff
f5f15c9c-1158-411d-a94f-4296a718d95f,1457827798,Cojoba arborea,Cojoba arborea (L.) Britton & Rose,Fabaceae,Cojoba,SPECIES,PRESERVED_SPECIMEN,1986-07-30,1986,-70.483333,19.483333,NA,b89d52a2-861d-4388-adad-c0da3d55fc78,UF,,09,01,MOCA,010901,874c89b4dffffff
f5fdfd92-caaa-45e1-80a8-19128b04133d,1931244640,Elaphoglossum apodum,Elaphoglossum apodum (Kaulf.) Schott,Dryopteridaceae,Elaphoglossum,SPECIES,PRESERVED_SPECIMEN,1986-07-30,1986,-70.4833,19.4833,NA,d415c253-4d61-4459-9d25-4015b9084fb0,NY,NY,09,01,MOCA,010901,874c89b4dffffff
f63424c4-e51d-4802-afe3-a858f2f54387,1304889418,Cajanus cajan,Cajanus cajan (L.) Huth,Fabaceae,Cajanus,SPECIES,OCCURRENCE,,NA,-70.55,19.433333,NA,07044577-bd82-4089-9f3a-f4a9d2170b2e,USDA_NPGS,,09,01,MOCA,010901,874c89a71ffffff
f74dab3c-4799-4b31-b4e0-14e5fabef4ec,1931262902,Amphitecna latifolia,Amphitecna latifolia (Mill.) A.H.Gentry,Bignoniaceae,Amphitecna,SPECIES,PRESERVED_SPECIMEN,1980-07-17,1980,-70.42,19.6,NA,d415c253-4d61-4459-9d25-4015b9084fb0,NY,NY,09,01,MOCA,010901,874cf27b0ffffff
f77b67aa-9317-4859-a975-21883aa162e4,3920742374,Hymenophyllum polyanthos,Hymenophyllum polyanthos (Sw.) Sw.,Hymenophyllaceae,Hymenophyllum,SPECIES,PRESERVED_SPECIMEN,1989-09-30,1989,-70.54,19.39,NA,b89d52a2-861d-4388-adad-c0da3d55fc78,UF,,09,01,MOCA,010901,874c89a40ffffff
f78d8873-3645-4014-a773-c57f04c7b66a,1931266257,Salmea scandens,Salmea scandens (L.) DC.,Asteraceae,Salmea,SPECIES,PRESERVED_SPECIMEN,1987-02-17,1987,-70.5,19.52,NA,d415c253-4d61-4459-9d25-4015b9084fb0,NY,NY,09,01,MOCA,010901,874c89b45ffffff
f9d1401f-b3dd-4634-8bc6-8f69348d3cdc,1931297919,Asplenium cuspidatum,Asplenium cuspidatum Lam.,Aspleniaceae,Asplenium,SPECIES,PRESERVED_SPECIMEN,1987-02-17,1987,-70.5,19.52,NA,d415c253-4d61-4459-9d25-4015b9084fb0,NY,NY,09,01,MOCA,010901,874c89b45ffffff
fc8b0a2b-3e51-435f-b9e3-1f820f46e95e,1931339720,Dennstaedtia dissecta,Dennstaedtia dissecta (Sw.) T.Moore,Dennstaedtiaceae,Dennstaedtia,SPECIES,PRESERVED_SPECIMEN,1986-08-13,1986,-70.48,19.4917,NA,d415c253-4d61-4459-9d25-4015b9084fb0,NY,NY,09,01,MOCA,010901,874c89b4dffffff
fe340a5d-2d6e-4b1c-aa8b-ec942ad74de1,1305057159,Gossypium hirsutum,Gossypium hirsutum L.,Malvaceae,Gossypium,SPECIES,OCCURRENCE,,NA,-70.55,19.433333,NA,07044577-bd82-4089-9f3a-f4a9d2170b2e,USDA_NPGS_GRIN,,09,01,MOCA,010901,874c89a71ffffff
fe95bb9e-60b0-489d-9b50-171b95d2e1a7,1931364318,Polytaenium lineatum,Polytaenium lanceolatum (Sw.) Desv.,Pteridaceae,Polytaenium,SPECIES,PRESERVED_SPECIMEN,1987-02-17,1987,-70.5,19.52,NA,d415c253-4d61-4459-9d25-4015b9084fb0,NY,NY,09,01,MOCA,010901,874c89b45ffffff
fff1bd32-95c7-49d1-a429-654b4e1ee668,1931383637,Notopleura guadalupensis,Notopleura guadalupensis (DC.) C.M.Taylor,Rubiaceae,Notopleura,SPECIES,PRESERVED_SPECIMEN,1987-02-17,1987,-70.5,19.52,NA,d415c253-4d61-4459-9d25-4015b9084fb0,NY,NY,09,01,MOCA,010901,874c89b45ffffff
http://id.snsb.info/snsb/collection/650916/801225/356720,5203748296,Zea mays,Zea mays L.,Poaceae,Zea,SPECIES,PRESERVED_SPECIMEN,1930,1930,-70.521378,19.389261,NA,79fb1e59-15e7-440b-ae93-6644efb429ce,M,BSMsmutfungicoll,09,01,MOCA,010901,874c89a41ffffff
http://n2t.net/ark:/65665/3033223db-dc14-498b-aeb2-7f626daba695,1317274495,Gesneria quisqueyana,Gesneria quisqueyana Alain,Gesneriaceae,Gesneria,SPECIES,PRESERVED_SPECIMEN,1987-02-17,1987,-70.5,19.5,NA,821cc27a-e3bb-4bc5-ac34-89ada245069d,US,US,09,01,MOCA,010901,874c89b4cffffff
http://n2t.net/ark:/65665/305b0d502-2da2-4bb9-9bd6-6088d37535fb,1317331267,Catopsis floribunda,Catopsis floribunda L.B.Sm.,Bromeliaceae,Catopsis,SPECIES,PRESERVED_SPECIMEN,1987-02-17,1987,-70.5,19.52,NA,821cc27a-e3bb-4bc5-ac34-89ada245069d,US,US,09,01,MOCA,010901,874c89b45ffffff
http://n2t.net/ark:/65665/305c017f9-7dab-40c3-8e8d-644f86b50e53,1317332657,Peperomia cupularis,Peperomia cupularis Urb.,Piperaceae,Peperomia,SPECIES,PRESERVED_SPECIMEN,1987-02-16,1987,-70.52,19.5,NA,821cc27a-e3bb-4bc5-ac34-89ada245069d,US,US,09,01,MOCA,010901,874c89b43ffffff
http://n2t.net/ark:/65665/3093192fb-e164-43f2-aecc-f3ac2c6949c3,1317410193,Psilotum nudum,Psilotum nudum (L.) P.Beauv.,Psilotaceae,Psilotum,SPECIES,PRESERVED_SPECIMEN,,NA,-70.5,19.52,NA,821cc27a-e3bb-4bc5-ac34-89ada245069d,US,US,09,01,MOCA,010901,874c89b45ffffff
http://n2t.net/ark:/65665/30ac24d7c-896a-4517-b000-e9cd11c5e711,1317445433,Anthurium scandens,Anthurium scandens (Aubl.) Engl.,Araceae,Anthurium,SPECIES,PRESERVED_SPECIMEN,1987-02-17,1987,-70.517,19.517,NA,821cc27a-e3bb-4bc5-ac34-89ada245069d,US,US,09,01,MOCA,010901,874c89b40ffffff
http://n2t.net/ark:/65665/30f2c951e-c001-489a-b6af-8d0e31a06f16,1317545006,Phlegmariurus taxifolius,Phlegmariurus taxifolius (Sw.) Á.Löve & D.Löve,Lycopodiaceae,Phlegmariurus,SPECIES,PRESERVED_SPECIMEN,1986-08-12,1986,-70.48,19.4917,NA,821cc27a-e3bb-4bc5-ac34-89ada245069d,US,US,09,01,MOCA,010901,874c89b4dffffff
http://n2t.net/ark:/65665/31a0398d0-5c02-4f15-8caf-70fc65144bf5,1317790938,Hillia tetrandra,Hillia tetrandra Sw.,Rubiaceae,Hillia,SPECIES,PRESERVED_SPECIMEN,1986-08-13,1986,-70.48,19.4917,NA,821cc27a-e3bb-4bc5-ac34-89ada245069d,US,US,09,01,MOCA,010901,874c89b4dffffff
http://n2t.net/ark:/65665/31b20d861-bf5c-44b3-930d-e54efc5b86aa,1317816019,Asplenium pteropus,Asplenium pteropus Kaulf.,Aspleniaceae,Asplenium,SPECIES,PRESERVED_SPECIMEN,1986-08-13,1986,-70.48,19.4847,NA,821cc27a-e3bb-4bc5-ac34-89ada245069d,US,US,09,01,MOCA,010901,874c89b4dffffff
http://n2t.net/ark:/65665/33711ae8b-e916-4977-a819-22531b88e55c,1318447504,Phlegmariurus linifolius,Phlegmariurus linifolius (L.) B.Øllg.,Lycopodiaceae,Phlegmariurus,SPECIES,PRESERVED_SPECIMEN,1987-02-17,1987,-70.5,19.52,NA,821cc27a-e3bb-4bc5-ac34-89ada245069d,US,US,09,01,MOCA,010901,874c89b45ffffff
http://n2t.net/ark:/65665/33b5ff385-c293-4bbc-a50a-b12f19b7aa79,1318544929,Hirtella triandra,Hirtella triandra Sw.,Chrysobalanaceae,Hirtella,SPECIES,PRESERVED_SPECIMEN,1987-02-17,1987,-70.5,19.52,NA,821cc27a-e3bb-4bc5-ac34-89ada245069d,US,US,09,01,MOCA,010901,874c89b45ffffff
http://n2t.net/ark:/65665/3476e86cc-267e-4460-a2a9-81aff6de4ada,1318817728,Amphitecna latifolia,Amphitecna latifolia (Mill.) A.H.Gentry,Bignoniaceae,Amphitecna,SPECIES,PRESERVED_SPECIMEN,1980-07-17,1980,-70.42,19.6,NA,821cc27a-e3bb-4bc5-ac34-89ada245069d,US,US,09,01,MOCA,010901,874cf27b0ffffff
http://n2t.net/ark:/65665/34efacd14-b67a-438f-9e44-797cca79018a,1318988121,Prunus occidentalis,Prunus occidentalis Sw.,Rosaceae,Prunus,SPECIES,PRESERVED_SPECIMEN,1987-02-17,1987,-70.517,19.517,NA,821cc27a-e3bb-4bc5-ac34-89ada245069d,US,US,09,01,MOCA,010901,874c89b40ffffff
http://n2t.net/ark:/65665/356021d7c-6da7-424e-9af7-036930ed2e7a,1319146939,Paullinia pinnata,Paullinia pinnata L.,Sapindaceae,Paullinia,SPECIES,PRESERVED_SPECIMEN,1987-02-17,1987,-70.5,19.52,NA,821cc27a-e3bb-4bc5-ac34-89ada245069d,US,US,09,01,MOCA,010901,874c89b45ffffff
http://n2t.net/ark:/65665/357190bf8-a32f-4764-890b-c4ff5c098a24,1319171379,Goniopteris leptocladia,Goniopteris leptocladia Fée,Thelypteridaceae,Goniopteris,SPECIES,PRESERVED_SPECIMEN,1980-07-17,1980,-70.42,19.6,NA,821cc27a-e3bb-4bc5-ac34-89ada245069d,US,US,09,01,MOCA,010901,874cf27b0ffffff
http://n2t.net/ark:/65665/36499d88d-5e37-4803-b2fb-85571c1c0d12,1319476656,Lepidaploa sprengeliana,Lepidaploa sprengeliana (Sch.Bip.) H.Rob.,Asteraceae,Lepidaploa,SPECIES,PRESERVED_SPECIMEN,1983-03-05,1983,-70.45,19.48,NA,821cc27a-e3bb-4bc5-ac34-89ada245069d,US,US,09,01,MOCA,010901,874cf26b0ffffff
http://n2t.net/ark:/65665/365d76f7c-9f50-44cb-81b9-9c4a03d6695d,1319504749,Oxandra laurifolia,Oxandra laurifolia (Sw.) A.Rich.,Annonaceae,Oxandra,SPECIES,PRESERVED_SPECIMEN,1987-02-17,1987,-70.5089,19.52,NA,821cc27a-e3bb-4bc5-ac34-89ada245069d,US,US,09,01,MOCA,010901,874c89b45ffffff
http://n2t.net/ark:/65665/3678a1667-8902-41dd-a961-9fbe0f462ea8,1319543463,Pisonia aculeata,Pisonia aculeata L.,Nyctaginaceae,Pisonia,SPECIES,PRESERVED_SPECIMEN,1987-02-17,1987,-70.517,19.517,NA,821cc27a-e3bb-4bc5-ac34-89ada245069d,US,US,09,01,MOCA,010901,874c89b40ffffff
http://n2t.net/ark:/65665/367b9a3b9-136c-4573-b70b-fa57e759a2c7,1319547544,Lepidagathis alopecuroidea,Teliostachya alopecuroidea (Vahl) Nees,Acanthaceae,Lepidagathis,SPECIES,PRESERVED_SPECIMEN,1986-08-13,1986,-70.48,19.4847,NA,821cc27a-e3bb-4bc5-ac34-89ada245069d,US,US,09,01,MOCA,010901,874c89b4dffffff
http://n2t.net/ark:/65665/374b8be83-10e9-43b7-9804-f69bbfb161b9,1319841332,Ocotea leucoxylon,Ocotea leucoxylon (Sw.) Mez,Lauraceae,Ocotea,SPECIES,PRESERVED_SPECIMEN,1987-02-17,1987,-70.5,19.5,NA,821cc27a-e3bb-4bc5-ac34-89ada245069d,US,US,09,01,MOCA,010901,874c89b4cffffff
http://n2t.net/ark:/65665/37c0ecfed-5eab-41ee-aa0b-4d7c1b5ab399,1320006921,Palicourea eriantha,Palicourea eriantha DC.,Rubiaceae,Palicourea,SPECIES,PRESERVED_SPECIMEN,1986-08-13,1986,-70.48,19.4917,NA,821cc27a-e3bb-4bc5-ac34-89ada245069d,US,US,09,01,MOCA,010901,874c89b4dffffff
http://n2t.net/ark:/65665/3870627b2-fa37-43ea-b30f-584f27a85164,1320255198,Piper L.,Piper L.,Piperaceae,Piper,GENUS,PRESERVED_SPECIMEN,1987-02-16,1987,-70.52,19.5,NA,821cc27a-e3bb-4bc5-ac34-89ada245069d,US,US,09,01,MOCA,010901,874c89b43ffffff
http://n2t.net/ark:/65665/3899fc856-6ba6-4837-b6f5-e6769cf21b31,1320313325,Stenotaphrum secundatum,Stenotaphrum secundatum (Walter) Kuntze,Poaceae,Stenotaphrum,SPECIES,PRESERVED_SPECIMEN,1986-12,1986,-70.48,19.48,NA,821cc27a-e3bb-4bc5-ac34-89ada245069d,US,US,09,01,MOCA,010901,874c89b4dffffff
http://n2t.net/ark:/65665/395ca4573-4a9f-48ef-9466-81d377d9d431,1320588583,Cynoglossum amabile,Cynoglossum amabile Stapf & J.R.Drumm.,Boraginaceae,Cynoglossum,SPECIES,PRESERVED_SPECIMEN,1987-02-17,1987,-70.5,19.5,NA,821cc27a-e3bb-4bc5-ac34-89ada245069d,US,US,09,01,MOCA,010901,874c89b4cffffff
http://n2t.net/ark:/65665/39e886a76-65e5-4c85-aa53-b1f74a64e81c,1320786609,Guarea guidonia,Guarea guidonia (L.) Sleumer,Meliaceae,Guarea,SPECIES,PRESERVED_SPECIMEN,1987-02-17,1987,-70.5,19.52,NA,821cc27a-e3bb-4bc5-ac34-89ada245069d,US,US,09,01,MOCA,010901,874c89b45ffffff
http://n2t.net/ark:/65665/3a1238d24-56eb-43fa-955a-f56a548a13fe,1320845406,Notopleura uliginosa,Psychotria uliginosa Sw.,Rubiaceae,Notopleura,SPECIES,PRESERVED_SPECIMEN,1986-08-13,1986,-70.48,19.4917,NA,821cc27a-e3bb-4bc5-ac34-89ada245069d,US,US,09,01,MOCA,010901,874c89b4dffffff
http://n2t.net/ark:/65665/3a3cef8e5-df0c-464b-b0e6-c4125b1ed26a,1320905740,Allophylus crassinervis,Allophylus crassinervis Radlk.,Sapindaceae,Allophylus,SPECIES,PRESERVED_SPECIMEN,1987-02-17,1987,-70.5,19.5,NA,821cc27a-e3bb-4bc5-ac34-89ada245069d,US,US,09,01,MOCA,010901,874c89b4cffffff
http://n2t.net/ark:/65665/3a8e647b1-0c7b-484b-ab8b-8be1fa6531ec,1321021305,Campyloneurum phyllitidis,Campyloneurum phyllitidis (L.) C.Presl,Polypodiaceae,Campyloneurum,SPECIES,PRESERVED_SPECIMEN,1980-07-17,1980,-70.42,19.6,NA,821cc27a-e3bb-4bc5-ac34-89ada245069d,US,US,09,01,MOCA,010901,874cf27b0ffffff
http://n2t.net/ark:/65665/3a9f23b66-c6cd-4615-9491-31ed22e5f4cf,1321044836,Gesneria reticulata,Gesneria reticulata (Griseb.) Urb.,Gesneriaceae,Gesneria,SPECIES,PRESERVED_SPECIMEN,1986-08-13,1986,-70.48,19.4917,NA,821cc27a-e3bb-4bc5-ac34-89ada245069d,US,US,09,01,MOCA,010901,874c89b4dffffff
http://n2t.net/ark:/65665/3aab0273d-99b5-47c5-95b5-ae68e78c7409,1321061878,Pleopeltis polypodioides,Pleopeltis polypodioides (L.) E.G.Andrews & Windham,Polypodiaceae,Pleopeltis,SPECIES,PRESERVED_SPECIMEN,1987-02-17,1987,-70.5,19.52,NA,821cc27a-e3bb-4bc5-ac34-89ada245069d,US,US,09,01,MOCA,010901,874c89b45ffffff
http://n2t.net/ark:/65665/3b9050a13-33e4-4f19-ac7b-c9ff8074721f,1321385791,Cojoba arborea,Cojoba arborea var. cubensis (Bisse) Barneby & J.W.Grimes,Fabaceae,Cojoba,VARIETY,PRESERVED_SPECIMEN,1986-08-13,1986,-70.48,19.4917,NA,821cc27a-e3bb-4bc5-ac34-89ada245069d,US,US,09,01,MOCA,010901,874c89b4dffffff
http://n2t.net/ark:/65665/3ba189344-e746-49b4-b427-a0c5c6bb6631,1321410394,Salmea scandens,Salmea scandens (L.) DC.,Asteraceae,Salmea,SPECIES,PRESERVED_SPECIMEN,1987-02-17,1987,-70.5,19.52,NA,821cc27a-e3bb-4bc5-ac34-89ada245069d,US,US,09,01,MOCA,010901,874c89b45ffffff
http://n2t.net/ark:/65665/3bd516a02-f4da-48bc-b828-5327b37d4abc,1321483593,Palicourea domingensis,Psychotria domingensis Jacq.,Rubiaceae,Palicourea,SPECIES,PRESERVED_SPECIMEN,1987-02-16,1987,-70.52,19.5,NA,821cc27a-e3bb-4bc5-ac34-89ada245069d,US,US,09,01,MOCA,010901,874c89b43ffffff
http://n2t.net/ark:/65665/3bdabc139-a48f-4a63-9015-e8d07c8366e9,1321491655,Cojoba arborea,Cojoba arborea (L.) Britton & Rose,Fabaceae,Cojoba,SPECIES,PRESERVED_SPECIMEN,1986-07-30,1986,-70.48,19.48,NA,821cc27a-e3bb-4bc5-ac34-89ada245069d,US,US,09,01,MOCA,010901,874c89b4dffffff
http://n2t.net/ark:/65665/3bf5b575e-e61d-4635-a74c-5f01995eeb00,1321529774,Anatherum glomeratum,"Andropogon glomeratus (Walter) Britton, Sterns & Poggenb.",Poaceae,Anatherum,SPECIES,PRESERVED_SPECIMEN,1987-06-27,1987,-70.52,19.48,NA,821cc27a-e3bb-4bc5-ac34-89ada245069d,US,US,09,01,MOCA,010901,874c89b4affffff
http://n2t.net/ark:/65665/3c9126db1-2a61-4995-b5e6-4503309d00d0,1321748756,Lepidagathis alopecuroidea,Teliostachya alopecuroidea (Vahl) Nees,Acanthaceae,Lepidagathis,SPECIES,PRESERVED_SPECIMEN,1987-02-17,1987,-70.5,19.52,NA,821cc27a-e3bb-4bc5-ac34-89ada245069d,US,US,09,01,MOCA,010901,874c89b45ffffff
http://n2t.net/ark:/65665/3cfa5d1c6-2359-4e00-988c-b9e6d69b8dac,1321896718,Lucuma domingensis,Pouteria domingensis subsp. cuprea (Urb. & Ekman) T.D.Penn.,Sapotaceae,Lucuma,SUBSPECIES,PRESERVED_SPECIMEN,1986-08-13,1986,-70.48,19.4917,NA,821cc27a-e3bb-4bc5-ac34-89ada245069d,US,US,09,01,MOCA,010901,874c89b4dffffff
http://n2t.net/ark:/65665/3d20d0bda-b291-4d4a-b7d0-e90e4783284f,3897787143,Racinaea lescaillei,Racinaea lescaillei (C.Wright) M.A.Spencer & L.B.Sm.,Bromeliaceae,Racinaea,SPECIES,PRESERVED_SPECIMEN,1986-08-14,1986,-70.48,19.4917,NA,821cc27a-e3bb-4bc5-ac34-89ada245069d,US,US,09,01,MOCA,010901,874c89b4dffffff
http://n2t.net/ark:/65665/3f060f58c-0c5a-466a-ad71-db54a26ef600,1322636263,Rhytidophyllum auriculatum,Rhytidophyllum auriculatum var. angustatum Urb.,Gesneriaceae,Rhytidophyllum,VARIETY,PRESERVED_SPECIMEN,1986-08-13,1986,-70.48,19.4917,NA,821cc27a-e3bb-4bc5-ac34-89ada245069d,US,US,09,01,MOCA,010901,874c89b4dffffff
http://specimens.kew.org/herbarium/K000196453,912178290,Solanum seaforthianum,Solanum seaforthianum Andrews,Solanaceae,Solanum,SPECIES,PRESERVED_SPECIMEN,1930-03-07T00:00,1930,-70.522778,19.396944,NA,cd6e21c8-9e8a-493a-8a76-fbf7862069e5,K,Herbarium,09,01,MOCA,010901,874c89a45ffffff
https://data.biodiversitydata.nl/naturalis/specimen/U.1090712,2517344908,Oxandra laurifolia,Oxandra laurifolia (Sw.) A.Rich.,Annonaceae,Oxandra,SPECIES,PRESERVED_SPECIMEN,1987-02-17,1987,-70.5,19.51667,NA,15f819bd-6612-4447-854b-14d12ee1022d,,Botany,09,01,MOCA,010901,874c89b6affffff
https://data.biodiversitydata.nl/naturalis/specimen/U.1093556,2517325864,Anthurium scandens,Anthurium scandens (Aubl.) Engl.,Araceae,Anthurium,SPECIES,PRESERVED_SPECIMEN,1987-02-17,1987,-70.50889,19.51667,NA,15f819bd-6612-4447-854b-14d12ee1022d,,Botany,09,01,MOCA,010901,874c89b45ffffff
https://data.biodiversitydata.nl/naturalis/specimen/U.1120091,2515457204,Cynoglossum amabile,Cynoglossum amabile Stapf & J.R.Drumm.,Boraginaceae,Cynoglossum,SPECIES,PRESERVED_SPECIMEN,1987-02-17,1987,-70.5,19.5,NA,15f819bd-6612-4447-854b-14d12ee1022d,,Botany,09,01,MOCA,010901,874c89b4cffffff
https://data.biodiversitydata.nl/naturalis/specimen/U.1141095,2517113667,Neurolaena lobata,Pluchea symphytifolia (Mill.) Gillis,Asteraceae,Neurolaena,SPECIES,PRESERVED_SPECIMEN,1987-02-16,1987,-70.51667,19.5,NA,15f819bd-6612-4447-854b-14d12ee1022d,,Botany,09,01,MOCA,010901,874c89b41ffffff
https://data.biodiversitydata.nl/naturalis/specimen/U.1145528,2516940066,Salmea scandens,Salmea scandens (L.) DC.,Asteraceae,Salmea,SPECIES,PRESERVED_SPECIMEN,1987-02-17,1987,-70.51667,19.51667,NA,15f819bd-6612-4447-854b-14d12ee1022d,,Botany,09,01,MOCA,010901,874c89b40ffffff
https://data.biodiversitydata.nl/naturalis/specimen/U.1178390,2517381139,Catopsis floribunda,Catopsis floribunda L.B.Sm.,Bromeliaceae,Catopsis,SPECIES,PRESERVED_SPECIMEN,1987-02-17,1987,-70.51667,19.51667,NA,15f819bd-6612-4447-854b-14d12ee1022d,,Botany,09,01,MOCA,010901,874c89b40ffffff
https://data.biodiversitydata.nl/naturalis/specimen/U.1180582,2517082144,Rhipsalis baccifera,Rhipsalis baccifera (J.S.Muell.) Stearn,Cactaceae,Rhipsalis,SPECIES,PRESERVED_SPECIMEN,1987-02-17,1987,-70.51667,19.51667,NA,15f819bd-6612-4447-854b-14d12ee1022d,,Botany,09,01,MOCA,010901,874c89b40ffffff
https://data.biodiversitydata.nl/naturalis/specimen/U.1206762,2517401623,Hirtella triandra,Hirtella triandra Sw.,Chrysobalanaceae,Hirtella,SPECIES,PRESERVED_SPECIMEN,1987-02-17,1987,-70.51667,19.51667,NA,15f819bd-6612-4447-854b-14d12ee1022d,,Botany,09,01,MOCA,010901,874c89b40ffffff
https://data.biodiversitydata.nl/naturalis/specimen/U.1387280,2515587870,Miconia lima,Ossaea lima (Desr.) Triana,Melastomataceae,Miconia,SPECIES,PRESERVED_SPECIMEN,1987-02-17,1987,-70.5,19.5,NA,15f819bd-6612-4447-854b-14d12ee1022d,,Botany,09,01,MOCA,010901,874c89b4cffffff
https://data.biodiversitydata.nl/naturalis/specimen/U.1446534,2517515923,Pisonia aculeata,Pisonia aculeata L.,Nyctaginaceae,Pisonia,SPECIES,PRESERVED_SPECIMEN,1987-02-17,1987,-70.51667,19.51667,NA,15f819bd-6612-4447-854b-14d12ee1022d,,Botany,09,01,MOCA,010901,874c89b40ffffff
https://data.biodiversitydata.nl/naturalis/specimen/U.1459416,2515451916,Isochilus linearis,Isochilus linearis (Jacq.) R.Br.,Orchidaceae,Isochilus,SPECIES,PRESERVED_SPECIMEN,1987-02-17,1987,-70.51667,19.51667,NA,15f819bd-6612-4447-854b-14d12ee1022d,,Botany,09,01,MOCA,010901,874c89b40ffffff
https://data.biodiversitydata.nl/naturalis/specimen/U.1460194,2517494104,Epidendrum ramosum,Epidendrum ramosum Jacq.,Orchidaceae,Epidendrum,SPECIES,PRESERVED_SPECIMEN,1987-02-17,1987,-70.51667,19.51667,NA,15f819bd-6612-4447-854b-14d12ee1022d,,Botany,09,01,MOCA,010901,874c89b40ffffff
https://data.biodiversitydata.nl/naturalis/specimen/U.1551633,2517109836,Prunus occidentalis,Prunus occidentalis Sw.,Rosaceae,Prunus,SPECIES,PRESERVED_SPECIMEN,1987-02-17,1987,-70.51667,19.51667,NA,15f819bd-6612-4447-854b-14d12ee1022d,,Botany,09,01,MOCA,010901,874c89b40ffffff
https://data.biodiversitydata.nl/naturalis/specimen/U.1564679,2517110017,Palicourea domingensis,Psychotria domingensis Jacq.,Rubiaceae,Palicourea,SPECIES,PRESERVED_SPECIMEN,1987-02-16,1987,-70.51667,19.5,NA,15f819bd-6612-4447-854b-14d12ee1022d,,Botany,09,01,MOCA,010901,874c89b41ffffff
https://www.inaturalist.org/observations/140901515,3963441704,Momordica charantia,Momordica charantia L.,Cucurbitaceae,Momordica,SPECIES,HUMAN_OBSERVATION,2022-10-26T18:06,2022,-70.512328,19.375503,NA,50c9509d-22c7-4a22-a47d-8c48425ef4a7,iNaturalist,Observations,09,01,MOCA,010901,874c89a4cffffff
https://www.inaturalist.org/observations/140901524,4519028479,Adonidia merrillii,Adonidia merrillii (Becc.) Becc.,Arecaceae,Adonidia,SPECIES,HUMAN_OBSERVATION,2022-10-26T18:10,2022,-70.512111,19.375369,NA,50c9509d-22c7-4a22-a47d-8c48425ef4a7,iNaturalist,Observations,09,01,MOCA,010901,874c89a4cffffff
https://www.inaturalist.org/observations/140901547,4518948528,Gliricidia sepium,Gliricidia sepium (Jacq.) Kunth,Fabaceae,Gliricidia,SPECIES,HUMAN_OBSERVATION,2022-10-26T18:15,2022,-70.511547,19.375056,NA,50c9509d-22c7-4a22-a47d-8c48425ef4a7,iNaturalist,Observations,09,01,MOCA,010901,874c89a4cffffff
https://www.inaturalist.org/observations/140901556,3966635633,Parthenium hysterophorus,Parthenium hysterophorus L.,Asteraceae,Parthenium,SPECIES,HUMAN_OBSERVATION,2022-10-26T18:17,2022,-70.511292,19.374928,NA,50c9509d-22c7-4a22-a47d-8c48425ef4a7,iNaturalist,Observations,09,01,MOCA,010901,874c89a4cffffff
https://www.inaturalist.org/observations/152772267,4076329163,Gliricidia sepium,Gliricidia sepium (Jacq.) Kunth,Fabaceae,Gliricidia,SPECIES,HUMAN_OBSERVATION,2023-03-25T18:40,2023,-70.545722,19.398775,NA,50c9509d-22c7-4a22-a47d-8c48425ef4a7,iNaturalist,Observations,09,01,MOCA,010901,874c89a40ffffff
https://www.inaturalist.org/observations/152772315,4075931016,Gliricidia sepium,Gliricidia sepium (Jacq.) Kunth,Fabaceae,Gliricidia,SPECIES,HUMAN_OBSERVATION,2023-03-27T15:32,2023,-70.490761,19.395636,NA,50c9509d-22c7-4a22-a47d-8c48425ef4a7,iNaturalist,Observations,09,01,MOCA,010901,874c89a68ffffff
https://www.inaturalist.org/observations/152772317,4075873107,Rivina humilis,Rivina humilis L.,Petiveriaceae,Rivina,SPECIES,HUMAN_OBSERVATION,2023-03-27T15:35,2023,-70.490011,19.395411,NA,50c9509d-22c7-4a22-a47d-8c48425ef4a7,iNaturalist,Observations,09,01,MOCA,010901,874c89a68ffffff
https://www.inaturalist.org/observations/152772330,4076365131,Ricinus communis,Ricinus communis L.,Euphorbiaceae,Ricinus,SPECIES,HUMAN_OBSERVATION,2023-03-27T15:50,2023,-70.489972,19.394292,NA,50c9509d-22c7-4a22-a47d-8c48425ef4a7,iNaturalist,Observations,09,01,MOCA,010901,874c89a68ffffff
https://www.inaturalist.org/observations/193138111,4465675511,Averrhoa carambola,Averrhoa carambola L.,Oxalidaceae,Averrhoa,SPECIES,HUMAN_OBSERVATION,2023-09-24T10:08:58,2023,-70.443219,19.510566,NA,50c9509d-22c7-4a22-a47d-8c48425ef4a7,iNaturalist,Observations,09,01,MOCA,010901,874cf279affffff
https://www.inaturalist.org/observations/193138141,4516496355,Rivina humilis,Rivina humilis L.,Petiveriaceae,Rivina,SPECIES,HUMAN_OBSERVATION,2023-09-24T10:27:38,2023,-70.443911,19.511428,NA,50c9509d-22c7-4a22-a47d-8c48425ef4a7,iNaturalist,Observations,09,01,MOCA,010901,874cf279affffff
https://www.inaturalist.org/observations/193138158,4512029887,"Paraleonurus M.L.Qian, C.L.Xiang & Bo Li","Paraleonurus M.L.Qian, C.L.Xiang & Bo Li",Lamiaceae,Paraleonurus,GENUS,HUMAN_OBSERVATION,2023-09-03T11:56:43,2023,-70.443108,19.510747,NA,50c9509d-22c7-4a22-a47d-8c48425ef4a7,iNaturalist,Observations,09,01,MOCA,010901,874cf279affffff
https://www.inaturalist.org/observations/194019288,4500603409,Syngonium podophyllum,Syngonium podophyllum Schott,Araceae,Syngonium,SPECIES,HUMAN_OBSERVATION,2023-12-08T11:00:01,2023,-70.475962,19.536988,15,50c9509d-22c7-4a22-a47d-8c48425ef4a7,iNaturalist,Observations,09,01,MOCA,010901,874c89b6cffffff
https://www.inaturalist.org/observations/197890667,4516902853,Artocarpus altilis,Artocarpus altilis (Parkinson) Fosberg,Moraceae,Artocarpus,SPECIES,HUMAN_OBSERVATION,2024-01-28T14:54:20,2024,-70.517,19.394286,NA,50c9509d-22c7-4a22-a47d-8c48425ef4a7,iNaturalist,Observations,09,01,MOCA,010901,874c89a45ffffff
https://www.inaturalist.org/observations/198304647,4519242559,Crescentia cujete,Crescentia cujete L.,Bignoniaceae,Crescentia,SPECIES,HUMAN_OBSERVATION,2024-01-28T14:01,2024,-70.517078,19.394156,NA,50c9509d-22c7-4a22-a47d-8c48425ef4a7,iNaturalist,Observations,09,01,MOCA,010901,874c89a45ffffff
https://www.inaturalist.org/observations/229733082,4908414480,Pentas lanceolata,Pentas lanceolata (Forssk.) Deflers,Rubiaceae,Pentas,SPECIES,HUMAN_OBSERVATION,2024-07-16T13:01:31,2024,-70.523056,19.387146,6,50c9509d-22c7-4a22-a47d-8c48425ef4a7,iNaturalist,Observations,09,01,MOCA,010901,874c89a41ffffff
https://www.inaturalist.org/observations/231478514,4921880470,Pleopeltis polypodioides,Pleopeltis polypodioides (L.) E.G.Andrews & Windham,Polypodiaceae,Pleopeltis,SPECIES,HUMAN_OBSERVATION,2024-07-21T08:30:12,2024,-70.443811,19.511154,NA,50c9509d-22c7-4a22-a47d-8c48425ef4a7,iNaturalist,Observations,09,01,MOCA,010901,874cf279affffff
https://www.inaturalist.org/observations/231478715,5087078699,Rhipsalis baccifera,Rhipsalis baccifera (J.S.Muell.) Stearn,Cactaceae,Rhipsalis,SPECIES,HUMAN_OBSERVATION,2024-07-21T08:27:49,2024,-70.443827,19.511189,NA,50c9509d-22c7-4a22-a47d-8c48425ef4a7,iNaturalist,Observations,09,01,MOCA,010901,874cf279affffff
https://www.inaturalist.org/observations/257049431,5007601285,Parthenium hysterophorus,Parthenium hysterophorus L.,Asteraceae,Parthenium,SPECIES,HUMAN_OBSERVATION,2025-01-01T17:58:01,2025,-70.60319,19.365721,NA,50c9509d-22c7-4a22-a47d-8c48425ef4a7,iNaturalist,Observations,09,01,MOCA,010901,874c89aedffffff
https://www.inaturalist.org/observations/25980363,3039141387,Duranta erecta,Duranta erecta L.,Verbenaceae,Duranta,SPECIES,HUMAN_OBSERVATION,2019-05-27T09:43:55Z,2019,-70.48002,19.431037,5,50c9509d-22c7-4a22-a47d-8c48425ef4a7,iNaturalist,Observations,09,01,MOCA,010901,874cf2692ffffff
https://www.inaturalist.org/observations/26094773,2465105504,Thunbergia fragrans,Thunbergia fragrans Roxb.,Acanthaceae,Thunbergia,SPECIES,HUMAN_OBSERVATION,2019-05-27T09:51:04Z,2019,-70.478837,19.432597,5,50c9509d-22c7-4a22-a47d-8c48425ef4a7,iNaturalist,Observations,09,01,MOCA,010901,874cf2692ffffff
https://www.inaturalist.org/observations/26095274,2397473978,Mangifera indica,Mangifera indica L.,Anacardiaceae,Mangifera,SPECIES,HUMAN_OBSERVATION,2019-05-27T09:48:01Z,2019,-70.479422,19.431362,30,50c9509d-22c7-4a22-a47d-8c48425ef4a7,iNaturalist,Observations,09,01,MOCA,010901,874cf2692ffffff
https://www.inaturalist.org/observations/267259312,5108296536,Spathodea campanulata,Spathodea campanulata Beauverd,Bignoniaceae,Spathodea,SPECIES,HUMAN_OBSERVATION,2025-03-27T17:53:29,2025,-70.546431,19.3994,NA,50c9509d-22c7-4a22-a47d-8c48425ef4a7,iNaturalist,Observations,09,01,MOCA,010901,874c89a40ffffff
https://www.inaturalist.org/observations/268334126,5133826477,Plantago major,Plantago major L.,Plantaginaceae,Plantago,SPECIES,HUMAN_OBSERVATION,2025-03-28T14:22,2025,-70.542039,19.393272,NA,50c9509d-22c7-4a22-a47d-8c48425ef4a7,iNaturalist,Observations,09,01,MOCA,010901,874c89a40ffffff
https://www.inaturalist.org/observations/268334127,5134028676,Ruellia simplex,Ruellia simplex C.Wright,Acanthaceae,Ruellia,SPECIES,HUMAN_OBSERVATION,2025-03-28T14:22,2025,-70.542039,19.393272,NA,50c9509d-22c7-4a22-a47d-8c48425ef4a7,iNaturalist,Observations,09,01,MOCA,010901,874c89a40ffffff
https://www.inaturalist.org/observations/268334128,5134110470,Bambusa vulgaris,Bambusa vulgaris Schrad. ex J.C.Wendl.,Poaceae,Bambusa,SPECIES,HUMAN_OBSERVATION,2025-03-28T18:43,2025,-70.538142,19.458322,NA,50c9509d-22c7-4a22-a47d-8c48425ef4a7,iNaturalist,Observations,09,01,MOCA,010901,874c89a66ffffff
https://www.inaturalist.org/observations/288448119,5217079809,Dracaena fragrans,Dracaena fragrans (L.) Ker Gawl.,Asparagaceae,Dracaena,SPECIES,HUMAN_OBSERVATION,2025-06-04T09:47:55,2025,-70.519068,19.391075,27,50c9509d-22c7-4a22-a47d-8c48425ef4a7,iNaturalist,Observations,09,01,MOCA,010901,874c89a41ffffff
https://www.inaturalist.org/observations/288461577,5188422251,Sterculia apetala,Sterculia apetala (Jacq.) H.Karst.,Malvaceae,Sterculia,SPECIES,HUMAN_OBSERVATION,2025-06-04T09:56:02,2025,-70.5192,19.390625,24,50c9509d-22c7-4a22-a47d-8c48425ef4a7,iNaturalist,Observations,09,01,MOCA,010901,874c89a41ffffff
https://www.inaturalist.org/observations/29015705,4424260309,Epidendrum radicans,Epidendrum radicans Pav. ex Lindl.,Orchidaceae,Epidendrum,SPECIES,HUMAN_OBSERVATION,2019-07-17T15:50:41Z,2019,-70.449819,19.411877,150,50c9509d-22c7-4a22-a47d-8c48425ef4a7,iNaturalist,Observations,09,01,MOCA,010901,874cf269effffff
https://www.inaturalist.org/observations/29016400,2980937334,Opuntia cochenillifera,Opuntia cochenillifera (L.) Mill.,Cactaceae,Opuntia,SPECIES,HUMAN_OBSERVATION,2019-07-17T16:05:26Z,2019,-70.449724,19.412711,374,50c9509d-22c7-4a22-a47d-8c48425ef4a7,iNaturalist,Observations,09,01,MOCA,010901,874cf269effffff
https://www.inaturalist.org/observations/29134123,2294580505,Hippobroma longiflora,Hippobroma longiflora (L.) G.Don,Campanulaceae,Hippobroma,SPECIES,HUMAN_OBSERVATION,2019-05-23T19:50:45Z,2019,-70.449742,19.412138,240,50c9509d-22c7-4a22-a47d-8c48425ef4a7,iNaturalist,Observations,09,01,MOCA,010901,874cf269effffff
https://www.inaturalist.org/observations/334417243,6131602577,Momordica charantia,Momordica charantia subsp. charantia,Cucurbitaceae,Momordica,SUBSPECIES,HUMAN_OBSERVATION,2026-01-11T12:39:57,2026,-70.508025,19.498855,20,50c9509d-22c7-4a22-a47d-8c48425ef4a7,iNaturalist,Observations,09,01,MOCA,010901,874c89b41ffffff
https://www.inaturalist.org/observations/335955265,6130388655,Cuphea hyssopifolia,Cuphea hyssopifolia Kunth,Lythraceae,Cuphea,SPECIES,HUMAN_OBSERVATION,2026-01-22T16:03:03,2026,-70.483667,19.527205,14,50c9509d-22c7-4a22-a47d-8c48425ef4a7,iNaturalist,Observations,09,01,MOCA,010901,874c89b6effffff
https://www.inaturalist.org/observations/34982217,2451651155,Catharanthus roseus,Catharanthus roseus (L.) G.Don,Apocynaceae,Catharanthus,SPECIES,HUMAN_OBSERVATION,2019-10-27T17:52:10Z,2019,-70.525227,19.394453,50,50c9509d-22c7-4a22-a47d-8c48425ef4a7,iNaturalist,Observations,09,01,MOCA,010901,874c89a45ffffff
https://www.inaturalist.org/observations/51977147,2813950163,Zinnia elegans,Zinnia elegans Jacq.,Asteraceae,Zinnia,SPECIES,HUMAN_OBSERVATION,2020-07-04T15:10:34Z,2020,-70.523828,19.478942,5,50c9509d-22c7-4a22-a47d-8c48425ef4a7,iNaturalist,Observations,09,01,MOCA,010901,874c89b5dffffff
o-1012379804,5109300488,Ficus elastica,Ficus elastica Roxb.,Moraceae,Ficus,SPECIES,HUMAN_OBSERVATION,2021-12-09T01:33:07.972Z,2021,-70.528162,19.405205,4,7a3679ef-5582-4aaa-81f0-8c2545cafc81,,,09,01,MOCA,010901,874c89a45ffffff
o-1018025372,5109624134,Solanum torvum,Solanum torvum Sw.,Solanaceae,Solanum,SPECIES,HUMAN_OBSERVATION,2023-05-28T17:03:04Z,2023,-70.542405,19.438997,42,7a3679ef-5582-4aaa-81f0-8c2545cafc81,,,09,01,MOCA,010901,874c89a62ffffff
o-1018251048,5109659624,Lagerstroemia speciosa,Lagerstroemia speciosa (L.) Pers.,Lythraceae,Lagerstroemia,SPECIES,HUMAN_OBSERVATION,2023-06-07T16:03:20.636Z,2023,-70.519622,19.39322,9,7a3679ef-5582-4aaa-81f0-8c2545cafc81,,,09,01,MOCA,010901,874c89a45ffffff
o-1019712499,5109842333,Momordica charantia,Momordica charantia L.,Cucurbitaceae,Momordica,SPECIES,HUMAN_OBSERVATION,2023-08-27T12:31:58.380Z,2023,-70.416375,19.56895,12,7a3679ef-5582-4aaa-81f0-8c2545cafc81,,,09,01,MOCA,010901,874cf2786ffffff
o-1019916147,5109853381,Ipomoea alba,Ipomoea alba L.,Convolvulaceae,Ipomoea,SPECIES,HUMAN_OBSERVATION,2023-09-13T12:42:48.995Z,2023,-70.447503,19.526758,9,7a3679ef-5582-4aaa-81f0-8c2545cafc81,,,09,01,MOCA,010901,874c89b6dffffff
o-1020358118,5109886182,Centrosema pubescens,Centrosema pubescens Benth.,Fabaceae,Centrosema,SPECIES,HUMAN_OBSERVATION,2023-10-27T23:26:08.341Z,2023,-70.417245,19.570495,15,7a3679ef-5582-4aaa-81f0-8c2545cafc81,,,09,01,MOCA,010901,874cf2786ffffff
o-1020458350,5109782578,Vigna vexillata,Vigna vexillata (L.) A.Rich.,Fabaceae,Vigna,SPECIES,HUMAN_OBSERVATION,2023-11-12T21:34:42.255Z,2023,-70.417512,19.57038,7,7a3679ef-5582-4aaa-81f0-8c2545cafc81,,,09,01,MOCA,010901,874cf2786ffffff
o-1020458684,5109782579,Ludwigia octovalvis,Ludwigia octovalvis (Jacq.) P.H.Raven,Onagraceae,Ludwigia,SPECIES,HUMAN_OBSERVATION,2023-11-12T23:17:22.453Z,2023,-70.417458,19.570258,16,7a3679ef-5582-4aaa-81f0-8c2545cafc81,,,09,01,MOCA,010901,874cf2786ffffff
o-1020643062,5109817027,Inga vera,Inga vera Willd.,Fabaceae,Inga,SPECIES,HUMAN_OBSERVATION,2023-12-17T15:02:45.078Z,2023,-70.417062,19.570438,15,7a3679ef-5582-4aaa-81f0-8c2545cafc81,,,09,01,MOCA,010901,874cf2786ffffff
o-1020643424,5109779041,Stemodia verticillata,Stemodia verticillata (Mill.) Hassl.,Plantaginaceae,Stemodia,SPECIES,HUMAN_OBSERVATION,2023-12-17T16:18:12.389Z,2023,-70.417105,19.570228,24,7a3679ef-5582-4aaa-81f0-8c2545cafc81,,,09,01,MOCA,010901,874cf2786ffffff
o-1020644663,5109956831,Bauhinia monandra,Bauhinia monandra Kurz,Fabaceae,Bauhinia,SPECIES,HUMAN_OBSERVATION,2023-12-17T22:48:11.892Z,2023,-70.416275,19.568687,64,7a3679ef-5582-4aaa-81f0-8c2545cafc81,,,09,01,MOCA,010901,874cf2786ffffff
o-1020654265,5109974123,Cupania americana,Cupania americana L.,Sapindaceae,Cupania,SPECIES,HUMAN_OBSERVATION,2023-12-20T16:34:53.447Z,2023,-70.41603,19.567862,8,7a3679ef-5582-4aaa-81f0-8c2545cafc81,,,09,01,MOCA,010901,874cf2786ffffff
o-1020660302,5109946088,Plumbago auriculata,Plumbago auriculata Lam.,Plumbaginaceae,Plumbago,SPECIES,HUMAN_OBSERVATION,2023-12-22T16:10:00.008Z,2023,-70.522963,19.394897,1414,7a3679ef-5582-4aaa-81f0-8c2545cafc81,,,09,01,MOCA,010901,874c89a45ffffff
o-1020664968,5109956951,Ludwigia octovalvis,Ludwigia octovalvis (Jacq.) P.H.Raven,Onagraceae,Ludwigia,SPECIES,HUMAN_OBSERVATION,2023-12-23T19:55:22.852Z,2023,-70.417145,19.57047,13,7a3679ef-5582-4aaa-81f0-8c2545cafc81,,,09,01,MOCA,010901,874cf2786ffffff
o-1020737597,5109984717,Bomarea edulis,Bomarea edulis (Tussac) Herb.,Alstroemeriaceae,Bomarea,SPECIES,HUMAN_OBSERVATION,2024-01-07T22:42:11.563Z,2024,-70.405617,19.570017,18,7a3679ef-5582-4aaa-81f0-8c2545cafc81,,,09,01,MOCA,010901,874cf2786ffffff
o-1020825006,5109826230,Lablab purpureus,Lablab purpureus (L.) Sweet,Fabaceae,Lablab,SPECIES,HUMAN_OBSERVATION,2024-01-27T20:12:47.220Z,2024,-70.507728,19.498012,36,7a3679ef-5582-4aaa-81f0-8c2545cafc81,,,09,01,MOCA,010901,874c89b41ffffff
o-1020908971,5109809709,Hamelia patens,Hamelia patens Jacq.,Rubiaceae,Hamelia,SPECIES,HUMAN_OBSERVATION,2024-02-10T19:25:43.649Z,2024,-70.417267,19.570517,15,7a3679ef-5582-4aaa-81f0-8c2545cafc81,,,09,01,MOCA,010901,874cf2786ffffff
o-1020914295,5109937970,Hura crepitans,Hura crepitans L.,Euphorbiaceae,Hura,SPECIES,HUMAN_OBSERVATION,2024-02-11T15:37:46.505Z,2024,-70.417222,19.569275,99,7a3679ef-5582-4aaa-81f0-8c2545cafc81,,,09,01,MOCA,010901,874cf2786ffffff
o-1020914340,5109834896,Crinum asiaticum,Crinum asiaticum L.,Amaryllidaceae,Crinum,SPECIES,HUMAN_OBSERVATION,2024-02-11T15:41:14.125Z,2024,-70.417778,19.568158,19,7a3679ef-5582-4aaa-81f0-8c2545cafc81,,,09,01,MOCA,010901,874cf2786ffffff
o-1020914924,5109980681,Crotalaria retusa,Crotalaria retusa L.,Fabaceae,Crotalaria,SPECIES,HUMAN_OBSERVATION,2024-02-11T16:55:36.793Z,2024,-70.418013,19.569313,113,7a3679ef-5582-4aaa-81f0-8c2545cafc81,,,09,01,MOCA,010901,874cf2786ffffff
o-1020915830,5109923902,Gouania lupuloides,Gouania lupuloides (L.) Urb.,Rhamnaceae,Gouania,SPECIES,HUMAN_OBSERVATION,2024-02-11T20:00:07.503Z,2024,-70.41732,19.56852,127,7a3679ef-5582-4aaa-81f0-8c2545cafc81,,,09,01,MOCA,010901,874cf2786ffffff
o-1020952561,5110007309,Hura crepitans,Hura crepitans L.,Euphorbiaceae,Hura,SPECIES,HUMAN_OBSERVATION,2024-02-17T22:56:21.348Z,2024,-70.417083,19.569147,22,7a3679ef-5582-4aaa-81f0-8c2545cafc81,,,09,01,MOCA,010901,874cf2786ffffff
o-1021008208,5109991554,Ficus aurea,Ficus aurea Nutt.,Moraceae,Ficus,SPECIES,HUMAN_OBSERVATION,2024-02-25T23:28:46.824Z,2024,-70.50232,19.498858,200,7a3679ef-5582-4aaa-81f0-8c2545cafc81,,,09,01,MOCA,010901,874c89b4cffffff
o-1021156743,5110004445,Amaranthus tricolor,Amaranthus tricolor L.,Amaranthaceae,Amaranthus,SPECIES,HUMAN_OBSERVATION,2024-03-15T16:28:54.556Z,2024,-70.521897,19.394922,16,7a3679ef-5582-4aaa-81f0-8c2545cafc81,,,09,01,MOCA,010901,874c89a45ffffff
o-1021159512,5109836371,Caladium bicolor,Caladium bicolor (Aiton) Vent.,Araceae,Caladium,SPECIES,HUMAN_OBSERVATION,2024-03-16T01:21:37.553Z,2024,-70.436287,19.534095,200,7a3679ef-5582-4aaa-81f0-8c2545cafc81,,,09,01,MOCA,010901,874cf279effffff
o-1021159518,5109969559,Euphorbia heterophylla,Euphorbia heterophylla L.,Euphorbiaceae,Euphorbia,SPECIES,HUMAN_OBSERVATION,2024-03-16T01:25:22.195Z,2024,-70.436097,19.534538,27,7a3679ef-5582-4aaa-81f0-8c2545cafc81,,,09,01,MOCA,010901,874cf279effffff
o-1021184014,5110015551,Erythrina poeppigiana,Erythrina poeppigiana (Walp.) O.F.Cook,Fabaceae,Erythrina,SPECIES,HUMAN_OBSERVATION,2024-03-17T15:25:23.614Z,2024,-70.443803,19.543987,55,7a3679ef-5582-4aaa-81f0-8c2545cafc81,,,09,01,MOCA,010901,874cf2793ffffff
o-1021424557,5110065933,Oldenlandia corymbosa,Oldenlandia corymbosa L.,Rubiaceae,Oldenlandia,SPECIES,HUMAN_OBSERVATION,2024-04-04T16:35:12Z,2024,-70.521417,19.394942,35,7a3679ef-5582-4aaa-81f0-8c2545cafc81,,,09,01,MOCA,010901,874c89a45ffffff
o-1021867196,5110131974,Cupania americana,Cupania americana L.,Sapindaceae,Cupania,SPECIES,HUMAN_OBSERVATION,2024-04-27T14:06:10Z,2024,-70.417167,19.570430000000002,7,7a3679ef-5582-4aaa-81f0-8c2545cafc81,,,09,01,MOCA,010901,874cf2786ffffff
o-1022754961,5110022888,Passiflora foetida,Passiflora foetida L.,Passifloraceae,Passiflora,SPECIES,HUMAN_OBSERVATION,2024-06-02T16:04:44Z,2024,-70.417092,19.557958,3294,7a3679ef-5582-4aaa-81f0-8c2545cafc81,,,09,01,MOCA,010901,874cf2782ffffff
o-1024614647,5110402340,Bambusa vulgaris,Bambusa vulgaris Schrad. ex J.C.Wendl.,Poaceae,Bambusa,SPECIES,HUMAN_OBSERVATION,2024-09-14T19:00:30Z,2024,-70.417038,19.570333,21,7a3679ef-5582-4aaa-81f0-8c2545cafc81,,,09,01,MOCA,010901,874cf2786ffffff
o-1025302166,5110497821,Passiflora suberosa,Passiflora suberosa L.,Passifloraceae,Passiflora,SPECIES,HUMAN_OBSERVATION,2024-11-25T13:37:20Z,2024,-70.417122,19.570412,10,7a3679ef-5582-4aaa-81f0-8c2545cafc81,,,09,01,MOCA,010901,874cf2786ffffff
o-1025446492,5110522988,Turbina corymbosa,Ipomoea corymbosa (L.) Roth,Convolvulaceae,Turbina,SPECIES,HUMAN_OBSERVATION,2024-12-26T14:08:36Z,2024,-70.419237,19.588987,15,7a3679ef-5582-4aaa-81f0-8c2545cafc81,,,09,01,MOCA,010901,874cf27b1ffffff
o-1025484359,5110515721,Pisonia aculeata,Pisonia aculeata L.,Nyctaginaceae,Pisonia,SPECIES,HUMAN_OBSERVATION,2025-01-02T19:28:45Z,2025,-70.417358,19.567325,13,7a3679ef-5582-4aaa-81f0-8c2545cafc81,,,09,01,MOCA,010901,874cf2786ffffff
o-1025484392,5110507635,Pentalinon luteum,Pentalinon luteum (L.) B.F.Hansen & Wunderlin,Apocynaceae,Pentalinon,SPECIES,HUMAN_OBSERVATION,2025-01-02T19:37:58Z,2025,-70.417153,19.566592,14,7a3679ef-5582-4aaa-81f0-8c2545cafc81,,,09,01,MOCA,010901,874cf2786ffffff
o-1025500180,5110288970,Heptapleurum actinophyllum,Schefflera actinophylla (Endl.) Harms,Araliaceae,Heptapleurum,SPECIES,HUMAN_OBSERVATION,2025-01-05T18:43:24Z,2025,-70.417092,19.570483,12,7a3679ef-5582-4aaa-81f0-8c2545cafc81,,,09,01,MOCA,010901,874cf2786ffffff
o-1025533640,5110470336,Pachira aquatica,Pachira aquatica Aubl.,Malvaceae,Pachira,SPECIES,HUMAN_OBSERVATION,2025-01-12T15:06:40Z,2025,-70.417137,19.57037,11,7a3679ef-5582-4aaa-81f0-8c2545cafc81,,,09,01,MOCA,010901,874cf2786ffffff
o-1025938090,5110544910,Ipomoea tiliacea,Ipomoea tiliacea (Willd.) Choisy,Convolvulaceae,Ipomoea,SPECIES,HUMAN_OBSERVATION,2025-03-15T22:27:43Z,2025,-70.41758,19.57028,4,7a3679ef-5582-4aaa-81f0-8c2545cafc81,,,09,01,MOCA,010901,874cf2786ffffff
o-1026118481,5110349591,Heptapleurum actinophyllum,Schefflera actinophylla (Endl.) Harms,Araliaceae,Heptapleurum,SPECIES,HUMAN_OBSERVATION,2025-03-30T21:51:47Z,2025,-70.417045,19.570428,5,7a3679ef-5582-4aaa-81f0-8c2545cafc81,,,09,01,MOCA,010901,874cf2786ffffff
q-10011289021,3951425952,Barringtonia asiatica,Barringtonia asiatica (L.) Kurz,Lecythidaceae,Barringtonia,SPECIES,HUMAN_OBSERVATION,2017-04-15T14:19:39.003Z,2017,-70.525379,19.384048,6,14d5676a-2c54-4f94-9023-1e8dcd822aa0,,,09,01,MOCA,010901,874c89a41ffffff
q-10075886094,2644986115,Pachystachys lutea,Pachystachys lutea (Ruiz & Pav. ex Schult.) Nees,Acanthaceae,Pachystachys,SPECIES,HUMAN_OBSERVATION,2019-05-15T11:21:52.316Z,2019,-70.493853,19.440941,1974,14d5676a-2c54-4f94-9023-1e8dcd822aa0,,,09,01,MOCA,010901,874c89a65ffffff
q-10076163795,3956834995,Breynia disticha,Breynia disticha J.R.Forst. & G.Forst.,Phyllanthaceae,Breynia,SPECIES,HUMAN_OBSERVATION,2019-05-16T11:09:02.190Z,2019,-70.526079,19.393245,19,14d5676a-2c54-4f94-9023-1e8dcd822aa0,,,09,01,MOCA,010901,874c89a41ffffff
q-10077686311,3953725040,Centratherum punctatum,Centratherum punctatum Cass.,Asteraceae,Centratherum,SPECIES,HUMAN_OBSERVATION,2019-05-20T17:16:30.426Z,2019,-70.586386,19.424409,11,14d5676a-2c54-4f94-9023-1e8dcd822aa0,,,09,01,MOCA,010901,874c89a72ffffff
q-10097758985,3958184256,Ruellia simplex,Ruellia simplex C.Wright,Acanthaceae,Ruellia,SPECIES,HUMAN_OBSERVATION,2019-07-25T21:17:52.616Z,2019,-70.535833,19.3775,NA,14d5676a-2c54-4f94-9023-1e8dcd822aa0,,,09,01,MOCA,010901,874c89a43ffffff
q-10132975778,3952559175,Eugenia uniflora,Eugenia uniflora L.,Myrtaceae,Eugenia,SPECIES,HUMAN_OBSERVATION,2020-02-27T20:22:54.506Z,2020,-70.586761,19.410206,NA,14d5676a-2c54-4f94-9023-1e8dcd822aa0,,,09,01,MOCA,010901,874c89a54ffffff
q-10170376422,3952978616,Manilkara zapota,Manilkara zapota (L.) P.Royen,Sapotaceae,Manilkara,SPECIES,HUMAN_OBSERVATION,2020-05-18T21:12:35.724Z,2020,-70.492738,19.430728,14,14d5676a-2c54-4f94-9023-1e8dcd822aa0,,,09,01,MOCA,010901,874c89a61ffffff
q-10234375029,2976165052,Russelia equisetiformis,Russelia equisetiformis Schltdl. & Cham.,Plantaginaceae,Russelia,SPECIES,HUMAN_OBSERVATION,2020-08-09T17:29:08.380Z,2020,-70.476275,19.473743,11,14d5676a-2c54-4f94-9023-1e8dcd822aa0,,,09,01,MOCA,010901,874c89b49ffffff
q-10251487175,3953316180,Jatropha integerrima,Jatropha integerrima Jacq.,Euphorbiaceae,Jatropha,SPECIES,HUMAN_OBSERVATION,2020-09-09T17:17:46.282Z,2020,-70.492552,19.430965,9,14d5676a-2c54-4f94-9023-1e8dcd822aa0,,,09,01,MOCA,010901,874c89a61ffffff
q-10259684567,2978308657,Beta vulgaris,Beta vulgaris L.,Amaranthaceae,Beta,SPECIES,HUMAN_OBSERVATION,2020-09-25T11:49:32.788Z,2020,-70.531944,19.381389,NA,14d5676a-2c54-4f94-9023-1e8dcd822aa0,,,09,01,MOCA,010901,874c89a43ffffff
q-10298225661,3954033543,Centratherum punctatum,Centratherum punctatum Cass.,Asteraceae,Centratherum,SPECIES,HUMAN_OBSERVATION,2021-02-05T17:15:00.893Z,2021,-70.534287,19.370873,NA,14d5676a-2c54-4f94-9023-1e8dcd822aa0,,,09,01,MOCA,010901,874c89a43ffffff
q-10298468156,3954033581,Priva lappulacea,Priva lappulacea (L.) Pers.,Verbenaceae,Priva,SPECIES,HUMAN_OBSERVATION,2021-02-06T16:26:47.616Z,2021,-70.529367,19.3712,13,14d5676a-2c54-4f94-9023-1e8dcd822aa0,,,09,01,MOCA,010901,874c89a4effffff
q-10313174391,3958752851,Codiaeum variegatum,Codiaeum variegatum (L.) Rumph. ex A.Juss.,Euphorbiaceae,Codiaeum,SPECIES,HUMAN_OBSERVATION,2021-03-24T21:58:20.199Z,2021,-70.498056,19.379444,NA,14d5676a-2c54-4f94-9023-1e8dcd822aa0,,,09,01,MOCA,010901,874c89a4cffffff
q-10328280328,3954686219,Citrullus lanatus,Citrullus lanatus (Thunb.) Matsum. & Nakai,Cucurbitaceae,Citrullus,SPECIES,HUMAN_OBSERVATION,2021-04-18T14:06:39.630Z,2021,-70.589455,19.377687,NA,14d5676a-2c54-4f94-9023-1e8dcd822aa0,,,09,01,MOCA,010901,874c89a53ffffff
q-10328281256,3952564498,Citrullus lanatus,Citrullus lanatus (Thunb.) Matsum. & Nakai,Cucurbitaceae,Citrullus,SPECIES,HUMAN_OBSERVATION,2021-04-18T14:07:20.264Z,2021,-70.589455,19.377687,NA,14d5676a-2c54-4f94-9023-1e8dcd822aa0,,,09,01,MOCA,010901,874c89a53ffffff
q-10519792218,3959989691,Cajanus cajan,Cajanus cajan (L.) Huth,Fabaceae,Cajanus,SPECIES,HUMAN_OBSERVATION,2022-01-10T18:13:33.058Z,2022,-70.508273,19.40526,13,14d5676a-2c54-4f94-9023-1e8dcd822aa0,,,09,01,MOCA,010901,874c89a6effffff
q-10541034869,3960349241,Spathodea campanulata,Spathodea campanulata Beauverd,Bignoniaceae,Spathodea,SPECIES,HUMAN_OBSERVATION,2022-03-23T16:01:18.230Z,2022,-70.526925,19.39538,9,14d5676a-2c54-4f94-9023-1e8dcd822aa0,,,09,01,MOCA,010901,874c89a45ffffff
q-10541035751,3959140444,Spathodea campanulata,Spathodea campanulata Beauverd,Bignoniaceae,Spathodea,SPECIES,HUMAN_OBSERVATION,2022-03-23T16:02:30.546Z,2022,-70.526925,19.395395,8,14d5676a-2c54-4f94-9023-1e8dcd822aa0,,,09,01,MOCA,010901,874c89a45ffffff
q-10548733829,3954065230,Holmskioldia sanguinea,Holmskioldia sanguinea Retz.,Lamiaceae,Holmskioldia,SPECIES,HUMAN_OBSERVATION,2022-04-06T22:57:56.799Z,2022,-70.54924,19.379301,19,14d5676a-2c54-4f94-9023-1e8dcd822aa0,,,09,01,MOCA,010901,874c89a43ffffff
q-10550656639,3959368016,Tradescantia spathacea,Tradescantia spathacea Sw.,Commelinaceae,Tradescantia,SPECIES,HUMAN_OBSERVATION,2022-04-10T12:25:53.956Z,2022,-70.531205,19.406298,9,14d5676a-2c54-4f94-9023-1e8dcd822aa0,,,09,01,MOCA,010901,874c89a44ffffff
q-10630108664,3959020571,Ocimum tenuiflorum,Ocimum tenuiflorum L.,Lamiaceae,Ocimum,SPECIES,HUMAN_OBSERVATION,2022-06-22T13:29:31.628Z,2022,-70.468816,19.424158,20,14d5676a-2c54-4f94-9023-1e8dcd822aa0,,,09,01,MOCA,010901,874cf2693ffffff
q-10630176124,3960328387,Carica papaya,Carica papaya L.,Caricaceae,Carica,SPECIES,HUMAN_OBSERVATION,2022-06-22T14:39:15.601Z,2022,-70.51547,19.429904,5,14d5676a-2c54-4f94-9023-1e8dcd822aa0,,,09,01,MOCA,010901,874c89a60ffffff
q-10661141045,3957530560,Muntingia calabura,Muntingia calabura L.,Muntingiaceae,Muntingia,SPECIES,HUMAN_OBSERVATION,2022-07-29T23:52:56.520Z,2022,-70.4078,19.579563,6,14d5676a-2c54-4f94-9023-1e8dcd822aa0,,,09,01,MOCA,010901,874cf27b1ffffff
q-10680809478,3998194627,Mangifera indica,Mangifera indica L.,Anacardiaceae,Mangifera,SPECIES,HUMAN_OBSERVATION,2022-08-26T22:43:35.463Z,2022,-70.537909,19.456773,32,14d5676a-2c54-4f94-9023-1e8dcd822aa0,,,09,01,MOCA,010901,874c89a66ffffff
q-10682809444,3998835206,Ruellia tuberosa,Ruellia tuberosa L.,Acanthaceae,Ruellia,SPECIES,HUMAN_OBSERVATION,2022-08-29T17:04:27.949Z,2022,-70.54232,19.42149,NA,14d5676a-2c54-4f94-9023-1e8dcd822aa0,,,09,01,MOCA,010901,874c89a44ffffff
urn:catalog:MO:Tropicos:101395958,3946799414,Anthurium scandens,Anthurium scandens subsp. scandens,Araceae,Anthurium,SUBSPECIES,PRESERVED_SPECIMEN,1987-02-17,1987,-70.5,19.516667,NA,7bd65a7a-f762-11e1-a439-00145eb45e9a,MO,Tropicos,09,01,MOCA,010901,874c89b6affffff
urn:catalog:MO:Tropicos:103457327,4508778452,Piper oviedoi,Piper oviedoi Urb.,Piperaceae,Piper,SPECIES,PRESERVED_SPECIMEN,1986-07-30,1986,-70.483333,19.483333,NA,7bd65a7a-f762-11e1-a439-00145eb45e9a,MO,Tropicos,09,01,MOCA,010901,874c89b4dffffff
urn:catalog:MO:Tropicos:2313717,1259614983,Peperomia obtusifolia,Peperomia obtusifolia (L.) A.Dietr.,Piperaceae,Peperomia,SPECIES,PRESERVED_SPECIMEN,1986-08-13,1986,-70.48333,19.5,NA,7bd65a7a-f762-11e1-a439-00145eb45e9a,MO,Tropicos,09,01,MOCA,010901,874c89b6bffffff
urn:catalog:MO:Tropicos:2316322,1259618377,Peperomia rhombea,Peperomia rhombea Ruiz & Pav.,Piperaceae,Peperomia,SPECIES,PRESERVED_SPECIMEN,1987-02-17,1987,-70.5,19.51666,NA,7bd65a7a-f762-11e1-a439-00145eb45e9a,MO,Tropicos,09,01,MOCA,010901,874c89b6affffff
urn:catalog:MO:Tropicos:2316533,1259618333,Lasiacis divaricata,Lasiacis divaricata (L.) Hitchc.,Poaceae,Lasiacis,SPECIES,PRESERVED_SPECIMEN,1986-08-14,1986,-70.48333,19.5,NA,7bd65a7a-f762-11e1-a439-00145eb45e9a,MO,Tropicos,09,01,MOCA,010901,874c89b6bffffff
urn:catalog:MO:Tropicos:2349533,1259654868,Alternanthera paronychioides,Alternanthera paronychioides A.St.-Hil.,Amaranthaceae,Alternanthera,SPECIES,PRESERVED_SPECIMEN,1977-10-09,1977,-70.5,19.5,NA,7bd65a7a-f762-11e1-a439-00145eb45e9a,MO,Tropicos,09,01,MOCA,010901,874c89b4cffffff
urn:catalog:MO:Tropicos:2350688,1259655898,Plantae,Plantae,,,KINGDOM,PRESERVED_SPECIMEN,1977-10-09,1977,-70.5,19.5,NA,7bd65a7a-f762-11e1-a439-00145eb45e9a,MO,Tropicos,09,01,MOCA,010901,874c89b4cffffff
urn:catalog:MO:Tropicos:2369361,1259675620,Plantae,Plantae,,,KINGDOM,PRESERVED_SPECIMEN,1977-10-09,1977,-70.5,19.5,NA,7bd65a7a-f762-11e1-a439-00145eb45e9a,MO,Tropicos,09,01,MOCA,010901,874c89b4cffffff
urn:catalog:MO:Tropicos:2372268,1259679152,Vigna vexillata,Vigna vexillata (L.) A.Rich.,Fabaceae,Vigna,SPECIES,PRESERVED_SPECIMEN,1977-10-09,1977,-70.5,19.5,NA,7bd65a7a-f762-11e1-a439-00145eb45e9a,MO,Tropicos,09,01,MOCA,010901,874c89b4cffffff
urn:catalog:MO:Tropicos:2395366,1259704536,Bourreria succulenta,Bourreria succulenta Jacq.,Ehretiaceae,Bourreria,SPECIES,PRESERVED_SPECIMEN,1947-08-31,1947,-70.58333,19.43333,NA,e053ff53-c156-4e2e-b9b5-4462e9625424,US,Tropicos,09,01,MOCA,010901,874c89a72ffffff
urn:catalog:MO:Tropicos:2449222,1259764300,Allophylus cominia,Allophylus cominia (L.) Sw.,Sapindaceae,Allophylus,SPECIES,PRESERVED_SPECIMEN,1987-02-17,1987,-70.5,19.51666,NA,7bd65a7a-f762-11e1-a439-00145eb45e9a,MO,Tropicos,09,01,MOCA,010901,874c89b6affffff
urn:catalog:MO:Tropicos:2450222,1259765412,Allophylus crassinervis,Allophylus crassinervis Radlk.,Sapindaceae,Allophylus,SPECIES,PRESERVED_SPECIMEN,1987-02-17,1987,-70.5,19.5,NA,7bd65a7a-f762-11e1-a439-00145eb45e9a,MO,Tropicos,09,01,MOCA,010901,874c89b4cffffff
urn:catalog:MO:Tropicos:3152467,1260539905,Miconia hispidula,"Miconia hispidula (Cogn.) Judd, Bécquer & Majure",Melastomataceae,Miconia,SPECIES,PRESERVED_SPECIMEN,1986-07-30,1986,-70.48333,19.48333,NA,7bd65a7a-f762-11e1-a439-00145eb45e9a,MO,Tropicos,09,01,MOCA,010901,874c89b4dffffff
urn:catalog:MO:Tropicos:3411165,1260825689,Guarea guidonia,Guarea guidonia (L.) Sleumer,Meliaceae,Guarea,SPECIES,PRESERVED_SPECIMEN,1987-02-17,1987,-70.5,19.51666,NA,7bd65a7a-f762-11e1-a439-00145eb45e9a,MO,Tropicos,09,01,MOCA,010901,874c89b6affffff
urn:uuid:1b2d0576-87bc-4222-ae4b-1f605f057f52,1563497905,Ipomoea batatas,Ipomoea batatas (L.) Lam.,Convolvulaceae,Ipomoea,SPECIES,LIVING_SPECIMEN,1986-07,1986,-70.533333,19.566667,NA,33795d9d-3f94-4b0e-a2f6-d3a03cfce7aa,ITAl001|PER0001,,09,01,MOCA,010901,874c89b75ffffff
urn:uuid:28d6f6fd-4c07-40ba-ab50-6a77f753aaf4,1563506392,Ipomoea batatas,Ipomoea batatas (L.) Lam.,Convolvulaceae,Ipomoea,SPECIES,LIVING_SPECIMEN,1986-07,1986,-70.533333,19.566667,NA,33795d9d-3f94-4b0e-a2f6-d3a03cfce7aa,ITAl001|PER0001,,09,01,MOCA,010901,874c89b75ffffff
urn:uuid:76e1ee2f-6106-40a0-a6c0-b5d68481a7a3,1563554552,Ipomoea batatas,Ipomoea batatas (L.) Lam.,Convolvulaceae,Ipomoea,SPECIES,LIVING_SPECIMEN,1986-07,1986,-70.533333,19.566667,NA,33795d9d-3f94-4b0e-a2f6-d3a03cfce7aa,ITAl001|PER0001,,09,01,MOCA,010901,874c89b75ffffff
