occurrenceID,gbifID,especie,scientificName,family,genus,taxonRank,basisOfRecord,eventDate,year,decimalLongitude,decimalLatitude,coordinateUncertaintyInMeters,datasetKey,institutionCode,collectionCode,provincia_codigo,municipio_codigo,municipio,id_municipio,hex_id
007fd37a-d341-401a-90ad-6abb82e99869,3920736301,Trichomanes scandens,Trichomanes scandens L.,Hymenophyllaceae,Trichomanes,SPECIES,PRESERVED_SPECIMEN,,NA,-71.30037,19.12562,NA,b89d52a2-861d-4388-adad-c0da3d55fc78,UF,,22,01,SAN JUAN,072201,874c8968cffffff
01422910-caac-4c79-91e7-f172d1c4e245,4598145302,Erythroxylum urbanii,Erythroxylum urbanii O.E.Schulz,Erythroxylaceae,Erythroxylum,SPECIES,PRESERVED_SPECIMEN,2022-04-17,2022,-71.21944,18.63667,NA,b89d52a2-861d-4388-adad-c0da3d55fc78,UF,,22,01,SAN JUAN,072201,874cd618bffffff
01f759e7-004d-4988-b54e-85fde229f131,3925740301,Pteris L.,Pteris L.,Pteridaceae,Pteris,GENUS,PRESERVED_SPECIMEN,2019-06-26,2019,-71.28113,19.13064,NA,b89d52a2-861d-4388-adad-c0da3d55fc78,UF,,22,01,SAN JUAN,072201,874c896abffffff
0371600f-894a-41d1-b6e2-4df3431ff6a6,1927816652,Cyperus aggregatus,Cyperus aggregatus var. aggregatus,Cyperaceae,Cyperus,VARIETY,PRESERVED_SPECIMEN,1988-07-08,1988,-71.22,19.03,NA,d415c253-4d61-4459-9d25-4015b9084fb0,NY,NY,22,01,SAN JUAN,072201,874c896ddffffff
0374bb04-7f9d-49bd-a6de-9ff08e5a6acb,1927816524,Tillandsia schiedeana,Tillandsia schiedeana Steud.,Bromeliaceae,Tillandsia,SPECIES,PRESERVED_SPECIMEN,1982-06-24,1982,-71.3,19,NA,d415c253-4d61-4459-9d25-4015b9084fb0,NY,NY,22,01,SAN JUAN,072201,874cd6d0dffffff
041f2f4c-f053-4f2e-a86c-d881a344f79a,1304895812,Gossypium hirsutum,Gossypium hirsutum L.,Malvaceae,Gossypium,SPECIES,OCCURRENCE,,NA,-71.066669,18.683332,NA,07044577-bd82-4089-9f3a-f4a9d2170b2e,USDA_NPGS,,22,01,SAN JUAN,072201,874cd6109ffffff
088f0221-eebb-4937-8a4f-c507fe5d21c1,1927888859,Asclepias curassavica,Asclepias curassavica L.,Apocynaceae,Asclepias,SPECIES,PRESERVED_SPECIMEN,1982-03-30,1982,-71.28,18.975,NA,d415c253-4d61-4459-9d25-4015b9084fb0,NY,NY,22,01,SAN JUAN,072201,874cd6d72ffffff
08c22042-8cc9-49eb-af25-539370b423f5,2270673251,Calyptranthes Sw.,Calyptranthes Sw.,Myrtaceae,Myrcia,GENUS,PRESERVED_SPECIMEN,1982-06-24,1982,-71.3,19,NA,e05fd4c2-4d77-4c50-880e-1b22096af300,ASU,Plants,22,01,SAN JUAN,072201,874cd6d0dffffff
0B06B4C8-F397-48E9-8449-493934039DB4,122975343,Nashia Millsp.,Nashia Millsp.,Verbenaceae,Nashia,GENUS,PRESERVED_SPECIMEN,2000-12-03,2000,-71.231,18.8096,NA,832cb04e-f762-11e1-a439-00145eb45e9a,FTG,Herbarium,22,01,SAN JUAN,072201,874cd6c41ffffff
0a06d01f-ce72-4e3a-a78f-b359aeafbf7e,1302657834,Gossypium hirsutum,Gossypium hirsutum L.,Malvaceae,Gossypium,SPECIES,OCCURRENCE,1601-01-01,1601,-71.061,18.689,NA,07044577-bd82-4089-9f3a-f4a9d2170b2e,Coppens,,22,01,SAN JUAN,072201,874cd6109ffffff
0cfdca55-7a3e-4e7b-94e5-c16e47af5944,3987770311,Vittaria Sm.,Vittaria Sm.,Pteridaceae,Vittaria,GENUS,PRESERVED_SPECIMEN,2019-05-02,2019,-71.30475,19.11407,NA,b89d52a2-861d-4388-adad-c0da3d55fc78,UF,,22,01,SAN JUAN,072201,874c89688ffffff
0d05669a-52b5-4149-b0c4-216d941b3208,1056583561,Elaphoglossum gayanum,Elaphoglossum gayanum (Fée) T.Moore,Dryopteridaceae,Elaphoglossum,SPECIES,PRESERVED_SPECIMEN,1946-09,1946,-71.1667,19.05,NA,7e380070-f762-11e1-a439-00145eb45e9a,NHMUK,BOT,22,01,SAN JUAN,072201,874c896ebffffff
0fe06e47-4860-4d10-bb3a-947c8721676d,1927991694,Cyperus picardae,Cyperus picardae Boeckeler,Cyperaceae,Cyperus,SPECIES,PRESERVED_SPECIMEN,1988-07-08,1988,-71.22,19.03,NA,d415c253-4d61-4459-9d25-4015b9084fb0,NY,NY,22,01,SAN JUAN,072201,874c896ddffffff
11008348-a532-4c70-846f-50e767a557f0,1928008437,Pleopeltis squamata,Polypodium squamatum L.,Polypodiaceae,Pleopeltis,SPECIES,PRESERVED_SPECIMEN,1986-05-01,1986,-71.05,18.88,NA,d415c253-4d61-4459-9d25-4015b9084fb0,NY,NY,22,01,SAN JUAN,072201,874cd68acffffff
11d94f38-6f2f-49c4-82b4-56def3e239c8,5843884492,Gesneria L.,Gesneria L.,Gesneriaceae,Gesneria,GENUS,PRESERVED_SPECIMEN,2024-11-16,2024,-71.14452,18.6508,NA,b89d52a2-861d-4388-adad-c0da3d55fc78,UF,,22,01,SAN JUAN,072201,874cd6031ffffff
126bfd97-3643-4f34-b21f-7743c1499e77,4465138301,Miconia ferruginea,Miconia ferruginea (Desr.) DC.,Melastomataceae,Miconia,SPECIES,PRESERVED_SPECIMEN,2008-06-03,2008,-71.129167,18.693167,NA,b89d52a2-861d-4388-adad-c0da3d55fc78,UF,,22,01,SAN JUAN,072201,874cd6119ffffff
131eeec2-4a63-4df4-860f-cec719a54c90,1928038807,Hypericum diosmoides,Hypericum diosmoides Griseb.,Hypericaceae,Hypericum,SPECIES,PRESERVED_SPECIMEN,1988-07-08,1988,-71.2,19.08,NA,d415c253-4d61-4459-9d25-4015b9084fb0,NY,NY,22,01,SAN JUAN,072201,874c896c5ffffff
132f38c0-f33b-46e1-8801-e5e44e561423,3987769309,Asplenium praemorsum,Asplenium praemorsum Sw.,Aspleniaceae,Asplenium,SPECIES,PRESERVED_SPECIMEN,2019-05-02,2019,-71.30475,19.11407,NA,b89d52a2-861d-4388-adad-c0da3d55fc78,UF,,22,01,SAN JUAN,072201,874c89688ffffff
13db1c7a-438a-4629-ba5f-c313de30eb54,1928047593,Senega paniculata,Polygala paniculata L.,Polygalaceae,Senega,SPECIES,PRESERVED_SPECIMEN,1988-07-08,1988,-71.22,19.03,NA,d415c253-4d61-4459-9d25-4015b9084fb0,NY,NY,22,01,SAN JUAN,072201,874c896ddffffff
17752127-3d5e-4f71-974d-0d5f4f9e98e6,2270468701,Eugenia P.Micheli ex L.,Eugenia P.Micheli ex L.,Myrtaceae,Eugenia,GENUS,PRESERVED_SPECIMEN,1986-05-01,1986,-71.05,18.8833,NA,e05fd4c2-4d77-4c50-880e-1b22096af300,ASU,Plants,22,01,SAN JUAN,072201,874cd68acffffff
17893a0d-ee32-46b0-af2d-2867ff957162,1928099564,Rhipsalis baccifera,Rhipsalis baccifera (J.S.Muell.) Stearn,Cactaceae,Rhipsalis,SPECIES,PRESERVED_SPECIMEN,1982-03-30,1982,-71.28,18.975,NA,d415c253-4d61-4459-9d25-4015b9084fb0,NY,NY,22,01,SAN JUAN,072201,874cd6d72ffffff
17b937f4-de67-4139-9d4d-e23d5f64537d,1928103835,Persea krugii,Persea krugii Mez,Lauraceae,Persea,SPECIES,PRESERVED_SPECIMEN,1988-07-08,1988,-71.22,19.03,NA,d415c253-4d61-4459-9d25-4015b9084fb0,NY,NY,22,01,SAN JUAN,072201,874c896ddffffff
18966227-5c16-468f-8767-8fe65ae57540,3987771309,Diplazium Sw.,Diplazium Sw.,Athyriaceae,Diplazium,GENUS,PRESERVED_SPECIMEN,2019-05-01,2019,-71.30037,19.12562,NA,b89d52a2-861d-4388-adad-c0da3d55fc78,UF,,22,01,SAN JUAN,072201,874c8968cffffff
1bc12f0b-dba6-4a6f-96e8-f0a22d51c7c6,1928158554,Galium domingense,Galium domingense Iltis,Rubiaceae,Galium,SPECIES,PRESERVED_SPECIMEN,1988-07-08,1988,-71.22,19.03,NA,d415c253-4d61-4459-9d25-4015b9084fb0,NY,NY,22,01,SAN JUAN,072201,874c896ddffffff
1ddb4387-4f93-4d4a-a8b0-a04b89344e25,1457753885,Miconia impressinervis,Miconia impressinervis Skean & Judd,Melastomataceae,Miconia,SPECIES,PRESERVED_SPECIMEN,1986-05-01,1986,-71.05,18.883333,NA,b89d52a2-861d-4388-adad-c0da3d55fc78,UF,,22,01,SAN JUAN,072201,874cd68acffffff
1e14b571-823c-4ea2-b583-dbf38cea0b1a,1928195447,Agalinis fasciculata,Agalinis fasciculata (Elliott) Raf.,Orobanchaceae,Agalinis,SPECIES,PRESERVED_SPECIMEN,1988-07-08,1988,-71.2,19.08,NA,d415c253-4d61-4459-9d25-4015b9084fb0,NY,NY,22,01,SAN JUAN,072201,874c896c5ffffff
1efdb343-f784-468b-828b-d4f3b7e25fc3,1928207775,Buchnera longifolia,Buchnera longifolia Kunth,Orobanchaceae,Buchnera,SPECIES,PRESERVED_SPECIMEN,1946-09-09,1946,-71.18333,19.03333,2641.57,d415c253-4d61-4459-9d25-4015b9084fb0,NY,NY,22,01,SAN JUAN,072201,874c896c8ffffff
1f3a2798-b446-4131-a6d7-6df0995455fd,4598144312,Picramnia pentandra,Picramnia pentandra Sw.,Picramniaceae,Picramnia,SPECIES,PRESERVED_SPECIMEN,2022-04-17,2022,-71.21944,18.63667,NA,b89d52a2-861d-4388-adad-c0da3d55fc78,UF,,22,01,SAN JUAN,072201,874cd618bffffff
21dcb001-6db0-4e99-97ab-7ad03facf7ba,1928248514,Varronia dependens,Varronia dependens (Urb. & Ekman) Borhidi,Cordiaceae,Varronia,SPECIES,PRESERVED_SPECIMEN,1988-07-08,1988,-71.22,19.03,NA,d415c253-4d61-4459-9d25-4015b9084fb0,NY,NY,22,01,SAN JUAN,072201,874c896ddffffff
227e9b6e-662c-47e0-bb3f-4093d4e1eefb,1928257481,Salvia thormannii,Salvia thormannii Urb.,Lamiaceae,Salvia,SPECIES,PRESERVED_SPECIMEN,1946-10-10,1946,-71.18333,19.03333,2641.57,d415c253-4d61-4459-9d25-4015b9084fb0,NY,NY,22,01,SAN JUAN,072201,874c896c8ffffff
23990596-e7aa-41af-a51e-ebad09e780e1,1928273538,Lantana reticulata,Lantana reticulata Pers.,Verbenaceae,Lantana,SPECIES,PRESERVED_SPECIMEN,1969-11-13,1969,-71.095212,18.726893,763.9,d415c253-4d61-4459-9d25-4015b9084fb0,NY,NY,22,01,SAN JUAN,072201,874cd6101ffffff
23ace0b5-3614-4fcd-95d0-0907bee75158,1928274022,Sarcomphalus reticulatus,Ziziphus reticulata (Vahl) DC.,Rhamnaceae,Sarcomphalus,SPECIES,PRESERVED_SPECIMEN,1991-03-12,1991,-71.2,19.05,NA,d415c253-4d61-4459-9d25-4015b9084fb0,NY,NY,22,01,SAN JUAN,072201,874c896ceffffff
23e8e504-866c-4bf6-8375-6a5a4bb899bf,1928277487,Solanum crotonoides,Solanum crotonoides Lam.,Solanaceae,Solanum,SPECIES,PRESERVED_SPECIMEN,1946-09-11,1946,-71.18333,19.03333,2641.57,d415c253-4d61-4459-9d25-4015b9084fb0,NY,NY,22,01,SAN JUAN,072201,874c896c8ffffff
23ecacff-d8f1-4b37-9877-001f08150655,1928277814,Viola cucullata,Viola cucullata Aiton,Violaceae,Viola,SPECIES,PRESERVED_SPECIMEN,1988-07-08,1988,-71.2,19.08,NA,d415c253-4d61-4459-9d25-4015b9084fb0,NY,NY,22,01,SAN JUAN,072201,874c896c5ffffff
241e8207-4126-48a3-8aa8-981f9acebbdf,1928279957,Tolumnia haitiensis,Tolumnia haitiensis (Leonard & Ames) Braem,Orchidaceae,Tolumnia,SPECIES,PRESERVED_SPECIMEN,1969-04-01,1969,-71.095205000000007,18.727029,784.57,d415c253-4d61-4459-9d25-4015b9084fb0,NY,NY,22,01,SAN JUAN,072201,874cd6101ffffff
251227aa-f584-4863-b3ef-0ce8dc8492b7,1057362630,Asplenium cristatum,Asplenium cristatum Lam.,Aspleniaceae,Asplenium,SPECIES,PRESERVED_SPECIMEN,1946-10-09,1946,-71.183331,19.033344,NA,7e380070-f762-11e1-a439-00145eb45e9a,NHMUK,BOT,22,01,SAN JUAN,072201,874c896c8ffffff
252679ba-6936-4df1-9587-d28dd9a0f180,5070575150,Elaphoglossum piloselloides,Elaphoglossum piloselloides (C.Presl) T.Moore,Dryopteridaceae,Elaphoglossum,SPECIES,PRESERVED_SPECIMEN,1946-09-18,1946,-71.167479,19.053907,5000,39c43f87-ad33-48f6-867c-29768e1f06d1,IND,,22,01,SAN JUAN,072201,874c896ebffffff
2578477f-aa39-4d8d-91c3-098d08358d7e,4598146316,Solanum tetramerum,Solanum tetramerum Dunal & A.DC.,Solanaceae,Solanum,SPECIES,PRESERVED_SPECIMEN,2022-04-17,2022,-71.21944,18.63667,NA,b89d52a2-861d-4388-adad-c0da3d55fc78,UF,,22,01,SAN JUAN,072201,874cd618bffffff
2774871,2998317059,Myrcia picachoana,Calyptranthes picachoana Urb. & Ekman,Myrtaceae,Myrcia,SPECIES,PRESERVED_SPECIMEN,1929-09-07,1929,-71.17,18.97,NA,ebed4456-76d2-408c-8467-fd66be066521,K,K,22,01,SAN JUAN,072201,874cd6d6cffffff
282c05e0-c6a6-4082-82d2-ad0d82233dba,1928337778,Miconia crotonifolia,Tetrazygia crotonifolia (Desv.) DC.,Melastomataceae,Miconia,SPECIES,PRESERVED_SPECIMEN,1986-05-01,1986,-71.05,18.88,NA,d415c253-4d61-4459-9d25-4015b9084fb0,NY,NY,22,01,SAN JUAN,072201,874cd68acffffff
283aba72-7109-442a-82f2-3c46000bc57e,3987768315,Diplazium Sw.,Diplazium Sw.,Athyriaceae,Diplazium,GENUS,PRESERVED_SPECIMEN,2019-05-01,2019,-71.30584,19.13066,NA,b89d52a2-861d-4388-adad-c0da3d55fc78,UF,,22,01,SAN JUAN,072201,874c8968cffffff
2918616c-d822-4c13-94d8-00990d328d49,1056237999,Tolumnia guianensis,Tolumnia guianensis (Aubl.) Braem,Orchidaceae,Tolumnia,SPECIES,PRESERVED_SPECIMEN,1946-09,1946,-71.275367,18.991844,NA,7e380070-f762-11e1-a439-00145eb45e9a,NHMUK,BOT,22,01,SAN JUAN,072201,874cd6d72ffffff
29dfe416-3ed6-42bc-891e-34312d58df1b,3987766320,Asplenium auritum,Asplenium auritum Sw.,Aspleniaceae,Asplenium,SPECIES,PRESERVED_SPECIMEN,2019-05-02,2019,-71.30475,19.11407,NA,b89d52a2-861d-4388-adad-c0da3d55fc78,UF,,22,01,SAN JUAN,072201,874c89688ffffff
29f44cbd-98ac-4bcc-8178-9f1110628600,1928362361,Phytolacca icosandra,Phytolacca icosandra L.,Phytolaccaceae,Phytolacca,SPECIES,PRESERVED_SPECIMEN,1946-10-09,1946,-71.18333,19.03333,2641.57,d415c253-4d61-4459-9d25-4015b9084fb0,NY,NY,22,01,SAN JUAN,072201,874c896c8ffffff
29f7b8c5-fb8a-49bf-84d4-ff028b9d7251,1928362908,Lyonia urbaniana,Lyonia urbaniana (Sleumer) Jiménez,Ericaceae,Lyonia,SPECIES,PRESERVED_SPECIMEN,1988-07-08,1988,-71.2,19.08,NA,d415c253-4d61-4459-9d25-4015b9084fb0,NY,NY,22,01,SAN JUAN,072201,874c896c5ffffff
2D59472C-47E5-4853-B200-D3EB94279CA9,122985472,Picrasma excelsa,Picrasma excelsa (Sw.) Planch.,Simaroubaceae,Picrasma,SPECIES,PRESERVED_SPECIMEN,1987-03-30,1987,-71.05,18.7167,NA,832cb04e-f762-11e1-a439-00145eb45e9a,FTG,Herbarium,22,01,SAN JUAN,072201,874cd6176ffffff
2bfea15f-402b-484d-8493-a534b896b62f,1928391584,Miconia stenobotrys,Miconia stenobotrys (Rich.) Naudin,Melastomataceae,Miconia,SPECIES,PRESERVED_SPECIMEN,1986-05-01,1986,-71.05,18.88,NA,d415c253-4d61-4459-9d25-4015b9084fb0,NY,NY,22,01,SAN JUAN,072201,874cd68acffffff
2d3350d2-1b08-44cc-92d3-73c9053f393d,3987773327,Radiovittaria (Benedict) E.H.Crane,Radiovittaria (Benedict) E.H.Crane,Pteridaceae,Radiovittaria,GENUS,PRESERVED_SPECIMEN,2019-05-01,2019,-71.30584,19.13066,NA,b89d52a2-861d-4388-adad-c0da3d55fc78,UF,,22,01,SAN JUAN,072201,874c8968cffffff
2ea6d137-0eb0-45c8-8d82-359b3846b9fd,1928428914,Ptychomitrium indicum,Barbula indica (Willd. ex Schrad.) Spreng.,Ptychomitriaceae,Ptychomitrium,SPECIES,PRESERVED_SPECIMEN,1982-03-30,1982,-71.28,18.97,NA,d415c253-4d61-4459-9d25-4015b9084fb0,NY,NY,22,01,SAN JUAN,072201,874cd6d54ffffff
2f17b2d7-3a8d-4e28-b781-e6746e84a2d9,1928435659,Persicaria hydropiperoides,Polygonum hydropiperoides Michx.,Polygonaceae,Persicaria,SPECIES,PRESERVED_SPECIMEN,1988-07-08,1988,-71.2,19.08,NA,d415c253-4d61-4459-9d25-4015b9084fb0,NY,NY,22,01,SAN JUAN,072201,874c896c5ffffff
320a5e99-7ba5-4443-accb-40fc66d31ceb,1928476181,Polytaenium lineatum,Polytaenium lineatum (Sw.) J.Sm.,Pteridaceae,Polytaenium,SPECIES,PRESERVED_SPECIMEN,1986-04-30,1986,-71.05,18.85,NA,d415c253-4d61-4459-9d25-4015b9084fb0,NY,NY,22,01,SAN JUAN,072201,874cd68abffffff
3382a500-8818-4a69-aec3-75b52949715b,3920742314,Hymenophyllum Sm.,Hymenophyllum Sm.,Hymenophyllaceae,Hymenophyllum,GENUS,PRESERVED_SPECIMEN,2019-05-02,2019,-71.30475,19.11407,NA,b89d52a2-861d-4388-adad-c0da3d55fc78,UF,,22,01,SAN JUAN,072201,874c89688ffffff
33f86e8e-e545-41ba-b693-30b2ba9b9609,1928503927,Diplazium striatum,Diplazium striatum (L.) C.Presl,Athyriaceae,Diplazium,SPECIES,PRESERVED_SPECIMEN,1986-04-30,1986,-71.05,18.85,NA,d415c253-4d61-4459-9d25-4015b9084fb0,NY,NY,22,01,SAN JUAN,072201,874cd68abffffff
344652aa-d028-4780-a845-0cb5d6e04b87,4079748312,Desmodium incanum,Desmodium incanum (Sw.) DC.,Fabaceae,Desmodium,SPECIES,PRESERVED_SPECIMEN,1946-09-15,1946,-71.183503,19.033859,318,3b040a48-deae-485c-95b1-2ac80b7fdc54,IIBZ,USD,22,01,SAN JUAN,072201,874c896c8ffffff
35dd28fe-f49b-4bf7-baaf-92a7700b7a2f,4079748141,Sigesbeckia jorullensis,Sigesbeckia jorullensis Kunth,Asteraceae,Sigesbeckia,SPECIES,PRESERVED_SPECIMEN,1946-10-11,1946,-71.195927,19.025534,751,3b040a48-deae-485c-95b1-2ac80b7fdc54,IIBZ,USD,22,01,SAN JUAN,072201,874c896caffffff
35e82068-3a60-490c-9833-c2bcaf8cb6b9,1928530648,Bellonia spinosa,Bellonia spinosa Sw.,Gesneriaceae,Bellonia,SPECIES,PRESERVED_SPECIMEN,1982-06-24,1982,-71.3,19,NA,d415c253-4d61-4459-9d25-4015b9084fb0,NY,NY,22,01,SAN JUAN,072201,874cd6d0dffffff
364822c5-8e2a-4af0-be99-aad0e1d50f3c,1928537192,Pleopeltis leucospora,Pleopeltis × leucospora (Klotzsch) T.Moore,Polypodiaceae,Pleopeltis,SPECIES,PRESERVED_SPECIMEN,1986-05-01,1986,-71.05,18.88,NA,d415c253-4d61-4459-9d25-4015b9084fb0,NY,NY,22,01,SAN JUAN,072201,874cd68acffffff
394a91b8-0590-4e76-a43a-ecc8ec3bcd14,1055384139,Tolumnia guianensis,Tolumnia guianensis (Aubl.) Braem,Orchidaceae,Tolumnia,SPECIES,PRESERVED_SPECIMEN,1946-09,1946,-71.209444,19.025556,NA,7e380070-f762-11e1-a439-00145eb45e9a,NHMUK,BOT,22,01,SAN JUAN,072201,874c896caffffff
3da4ec08-7192-4e26-8a50-81b310d02c76,1928640545,Tillandsia selleana,Tillandsia selleana Harms,Bromeliaceae,Tillandsia,SPECIES,PRESERVED_SPECIMEN,1986-05-01,1986,-71.05,18.88,NA,d415c253-4d61-4459-9d25-4015b9084fb0,NY,NY,22,01,SAN JUAN,072201,874cd68acffffff
3db21af9-bcbf-4b88-9174-61bc1818cdfe,1457764832,Anoda cristata,Anoda cristata (L.) Schltdl.,Malvaceae,Anoda,SPECIES,PRESERVED_SPECIMEN,1996-03-15,1996,-71.216667,19.033333,NA,b89d52a2-861d-4388-adad-c0da3d55fc78,UF,,22,01,SAN JUAN,072201,874c896ddffffff
3ee28f3f-a8a1-43bf-ac7c-19af3f48d41e,1055317978,Odontosoria aculeata,Odontosoria aculeata (L.) J.Sm.,Lindsaeaceae,Odontosoria,SPECIES,PRESERVED_SPECIMEN,1946-10-10,1946,-71.183331,19.033344,NA,7e380070-f762-11e1-a439-00145eb45e9a,NHMUK,BOT,22,01,SAN JUAN,072201,874c896c8ffffff
3f4f330c-90df-4622-9f8e-9583192ca12e,1928662998,Morella picardae,Myrica picardae Krug & Urb.,Myricaceae,Morella,SPECIES,PRESERVED_SPECIMEN,1986-05-01,1986,-71.05,18.88,NA,d415c253-4d61-4459-9d25-4015b9084fb0,NY,NY,22,01,SAN JUAN,072201,874cd68acffffff
3fc38006-d42f-451c-9fc4-2937b67e4705,1928669619,Spiranthes torta,Spiranthes torta (Thunb.) Garay & H.R.Sweet,Orchidaceae,Spiranthes,SPECIES,PRESERVED_SPECIMEN,1988-07-08,1988,-71.2,19.08,NA,d415c253-4d61-4459-9d25-4015b9084fb0,NY,NY,22,01,SAN JUAN,072201,874c896c5ffffff
424cc130-727b-4c5d-9fe9-210372210891,1928705400,Symphyotrichum dumosum,Symphyotrichum dumosum (L.) G.L.Nesom,Asteraceae,Symphyotrichum,SPECIES,PRESERVED_SPECIMEN,1988-07-08,1988,-71.22,19.03,NA,d415c253-4d61-4459-9d25-4015b9084fb0,NY,NY,22,01,SAN JUAN,072201,874c896ddffffff
441d4262-eceb-4bff-8801-e4995e4c707b,1928731552,Dendrophthora cubensis,Dendrophthora cubensis Eichler,Viscaceae,Dendrophthora,SPECIES,PRESERVED_SPECIMEN,1982-03-03,1982,-71.3,19.13,NA,d415c253-4d61-4459-9d25-4015b9084fb0,NY,NY,22,01,SAN JUAN,072201,874c8968cffffff
471413f3-deb8-484a-9a5f-3857cc3672d9,1928773177,Ficus crocata,Ficus crocata (Miq.) Mart. ex Miq.,Moraceae,Ficus,SPECIES,PRESERVED_SPECIMEN,1982-03-30,1982,-71.27,18.93,NA,d415c253-4d61-4459-9d25-4015b9084fb0,NY,NY,22,01,SAN JUAN,072201,874cd6d51ffffff
49547202-42da-4244-b4ea-9b1456bcc9cf,3987770345,Diplazium unilobum,Diplazium unilobum (Poir.) Hieron.,Athyriaceae,Diplazium,SPECIES,PRESERVED_SPECIMEN,2019-06-26,2019,-71.28113,19.13064,NA,b89d52a2-861d-4388-adad-c0da3d55fc78,UF,,22,01,SAN JUAN,072201,874c896abffffff
49b416fd-5143-43f3-89c7-c172e004de5e,1928810514,Adiantum pyramidale,Adiantum pyramidale (L.) Willd.,Pteridaceae,Adiantum,SPECIES,PRESERVED_SPECIMEN,1982-06-24,1982,-71.3,19,NA,d415c253-4d61-4459-9d25-4015b9084fb0,NY,NY,22,01,SAN JUAN,072201,874cd6d0dffffff
4a7cd73a-7ecf-419f-b532-6488ceae543e,1928821322,Juniperus gracilior,Juniperus gracilior Pilg.,Cupressaceae,Juniperus,SPECIES,PRESERVED_SPECIMEN,1986-05-01,1986,-71.05,18.88,NA,d415c253-4d61-4459-9d25-4015b9084fb0,NY,NY,22,01,SAN JUAN,072201,874cd68acffffff
4aa720b6-c043-4a78-a783-008b5ea5b1dc,1055692576,Prosthechea cochleata,Prosthechea cochleata (L.) W.E.Higgins,Orchidaceae,Prosthechea,SPECIES,PRESERVED_SPECIMEN,1946-09,1946,-71.209444,19.025556,NA,7e380070-f762-11e1-a439-00145eb45e9a,NHMUK,BOT,22,01,SAN JUAN,072201,874c896caffffff
4b5c6f4a-2f12-44f7-bc0d-ee109576b6ac,4598143328,Chiococca alba,Chiococca alba (L.) Hitchc.,Rubiaceae,Chiococca,SPECIES,PRESERVED_SPECIMEN,2022-04-17,2022,-71.24149,18.62443,NA,b89d52a2-861d-4388-adad-c0da3d55fc78,UF,,22,01,SAN JUAN,072201,874cd60a0ffffff
4c70b28f-1478-4331-b51f-b552f09067cc,3987772342,Diplazium cristatum,Diplazium cristatum (Desr.) Alston,Athyriaceae,Diplazium,SPECIES,PRESERVED_SPECIMEN,2019-05-01,2019,-71.30037,19.12562,NA,b89d52a2-861d-4388-adad-c0da3d55fc78,UF,,22,01,SAN JUAN,072201,874c8968cffffff
51ca0be7-7e90-4a2f-bed5-c7ad12fec641,4598146335,Elaeodendron ehrenbergii,Elaeodendron ehrenbergii Urb.,Celastraceae,Elaeodendron,SPECIES,PRESERVED_SPECIMEN,2022-04-17,2022,-71.21944,18.63667,NA,b89d52a2-861d-4388-adad-c0da3d55fc78,UF,,22,01,SAN JUAN,072201,874cd618bffffff
5238dcd8-ad07-4286-b3bd-7fdcdcadfac7,1928930371,Garrya fadyenii,Garrya fadyenii Hook.,Garryaceae,Garrya,SPECIES,PRESERVED_SPECIMEN,1986-05-01,1986,-71.05,18.88,NA,d415c253-4d61-4459-9d25-4015b9084fb0,NY,NY,22,01,SAN JUAN,072201,874cd68acffffff
54bb2e2c-cf32-4c0c-82fe-00676b486beb,2270673085,Calyptranthes Sw.,Calyptranthes Sw.,Myrtaceae,Myrcia,GENUS,PRESERVED_SPECIMEN,1982-06-24,1982,-71.3,19,NA,e05fd4c2-4d77-4c50-880e-1b22096af300,ASU,Plants,22,01,SAN JUAN,072201,874cd6d0dffffff
57a6d07a-a9ff-4d40-94a2-80dc6f0fd10f,1055667522,Microgramma heterophylla,Microgramma heterophylla (L.) Wherry,Polypodiaceae,Microgramma,SPECIES,PRESERVED_SPECIMEN,1946-09,1946,-71.275367,18.991844,NA,7e380070-f762-11e1-a439-00145eb45e9a,NHMUK,BOT,22,01,SAN JUAN,072201,874cd6d72ffffff
581defec-9cc2-4962-8400-2f47e6dac8c4,4079748188,Ateleia gummifera,Ateleia gummifera (Bertero ex DC.) D.Dietr.,Fabaceae,Ateleia,SPECIES,PRESERVED_SPECIMEN,1993-06-30,1993,-71.283334,18.983331,35,3b040a48-deae-485c-95b1-2ac80b7fdc54,IIBZ,USD,22,01,SAN JUAN,072201,874cd6d72ffffff
5E31F875-3157-4060-ABAE-409F68A2C231,122989841,Badiera penaea,Polygala penaea L.,Polygalaceae,Badiera,SPECIES,PRESERVED_SPECIMEN,1982-06-24,1982,-71.3,19,NA,832cb04e-f762-11e1-a439-00145eb45e9a,FTG,Herbarium,22,01,SAN JUAN,072201,874cd6d0dffffff
5a6084d5-61b6-4c72-a1fd-46f1123ba137,1929045482,Miconia laevigata,Miconia laevigata (L.) DC.,Melastomataceae,Miconia,SPECIES,PRESERVED_SPECIMEN,1982-03-03,1982,-71.3,19.13,NA,d415c253-4d61-4459-9d25-4015b9084fb0,NY,NY,22,01,SAN JUAN,072201,874c8968cffffff
5c32bea3-991c-4547-87a4-f2f7bab3b82b,4079747973,Chamaecrista pedicellaris,Chamaecrista pedicellaris (DC.) Britton,Fabaceae,Chamaecrista,SPECIES,PRESERVED_SPECIMEN,1946-09-09,1946,-71.283334,18.983331,35,3b040a48-deae-485c-95b1-2ac80b7fdc54,IIBZ,USD,22,01,SAN JUAN,072201,874cd6d72ffffff
61fa45a2-e10a-4963-89a4-e03c6e7f5dd1,3987769344,Asplenium radicans,Asplenium radicans var. radicans,Aspleniaceae,Asplenium,VARIETY,PRESERVED_SPECIMEN,2019-06-27,2019,-71.28174,19.12316,NA,b89d52a2-861d-4388-adad-c0da3d55fc78,UF,,22,01,SAN JUAN,072201,874c8968dffffff
62106051-2C6A-4AF2-8382-E3F4B711301F,153281988,Stachytarpheta mutabilis,Stachytarpheta mutabilis (Jacq.) Vahl,Verbenaceae,Stachytarpheta,SPECIES,PRESERVED_SPECIMEN,1982-06-24,1982,-71.3,19,NA,832cb04e-f762-11e1-a439-00145eb45e9a,FTG,Herbarium,22,01,SAN JUAN,072201,874cd6d0dffffff
62c9fac5-784f-4a6f-aac9-63bae8a93d76,1929164313,Turpinia occidentalis,Turpinia occidentalis (Sw.) G.Don,Staphyleaceae,Turpinia,SPECIES,PRESERVED_SPECIMEN,1988-07-08,1988,-71.22,19.03,NA,d415c253-4d61-4459-9d25-4015b9084fb0,NY,NY,22,01,SAN JUAN,072201,874c896ddffffff
62cff74b-f79e-4e11-ad54-a594039ff31e,4598143339,Poitea paucifolia,Poitea paucifolia (DC.) Lavin,Fabaceae,Poitea,SPECIES,PRESERVED_SPECIMEN,2022-04-17,2022,-71.21944,18.63667,NA,b89d52a2-861d-4388-adad-c0da3d55fc78,UF,,22,01,SAN JUAN,072201,874cd618bffffff
63DDF647-67B2-41F1-9611-0DABDD5F1FDB,122966976,Lantana trifolia,Lantana trifolia L.,Verbenaceae,Lantana,SPECIES,PRESERVED_SPECIMEN,1982-06-24,1982,-71.3,19,NA,832cb04e-f762-11e1-a439-00145eb45e9a,FTG,Herbarium,22,01,SAN JUAN,072201,874cd6d0dffffff
6490b964-6a01-43d8-94de-7228776c7346,1929188848,Siphocampylus domingensis,Siphocampylus domingensis A.DC.,Campanulaceae,Siphocampylus,SPECIES,PRESERVED_SPECIMEN,1988-07-08,1988,-71.22,19.03,NA,d415c253-4d61-4459-9d25-4015b9084fb0,NY,NY,22,01,SAN JUAN,072201,874c896ddffffff
658490c9-82f2-4abc-89a5-1fc5b6aba1b9,1057087479,Plagiogyria pectinata,Plagiogyria semicordata (C.Presl) Christ,Plagiogyriaceae,Plagiogyria,SPECIES,PRESERVED_SPECIMEN,1946-09-18,1946,-71.1667,19.05,NA,7e380070-f762-11e1-a439-00145eb45e9a,NHMUK,BOT,22,01,SAN JUAN,072201,874c896ebffffff
66294d71-979e-41bd-a9ef-0bb9c1341715,1929213866,Tillandsia fendleri,Tillandsia fendleri Griseb.,Bromeliaceae,Tillandsia,SPECIES,PRESERVED_SPECIMEN,1986-05-01,1986,-71.05,18.88,NA,d415c253-4d61-4459-9d25-4015b9084fb0,NY,NY,22,01,SAN JUAN,072201,874cd68acffffff
669c3635-bc44-4a2d-9d17-11bbbd9543b8,1457778803,Miconia prasina,Miconia prasina (Sw.) DC.,Melastomataceae,Miconia,SPECIES,PRESERVED_SPECIMEN,1982-03-03,1982,-71.3,19.133333,NA,b89d52a2-861d-4388-adad-c0da3d55fc78,UF,,22,01,SAN JUAN,072201,874c8968cffffff
679f54e6-234a-4594-aa14-e468dfce3d07,1929232656,Dysphania ambrosioides,Chenopodium ambrosioides L.,Amaranthaceae,Dysphania,SPECIES,PRESERVED_SPECIMEN,1946-10-10,1946,-71.18333,19.03333,2641.57,d415c253-4d61-4459-9d25-4015b9084fb0,NY,NY,22,01,SAN JUAN,072201,874c896c8ffffff
67f4c07f-6e62-4d1e-8bc7-874911b806b2,1302303798,Gossypium hirsutum,Gossypium hirsutum L.,Malvaceae,Gossypium,SPECIES,OCCURRENCE,,NA,-71.06,18.7,NA,07044577-bd82-4089-9f3a-f4a9d2170b2e,Bioversity,,22,01,SAN JUAN,072201,874cd610dffffff
6992c787-821f-4487-86be-02c329c34789,4079748315,Desmodium ciliare,Desmodium ciliare (Muhl. ex Willd.) DC.,Fabaceae,Desmodium,SPECIES,PRESERVED_SPECIMEN,1946-09-15,1946,-71.183503,19.033859,318,3b040a48-deae-485c-95b1-2ac80b7fdc54,IIBZ,USD,22,01,SAN JUAN,072201,874c896c8ffffff
69afa50c-490e-476f-b783-4a84263b888a,1457779901,Pelazoneuron serra,Thelypteris serra (Sw.) R.P.St.John,Thelypteridaceae,Pelazoneuron,SPECIES,PRESERVED_SPECIMEN,,NA,-71.168333,18.961944,NA,b89d52a2-861d-4388-adad-c0da3d55fc78,UF,,22,01,SAN JUAN,072201,874cd6d6cffffff
6a05f309-f8f0-40c7-8d6e-2ee27d57474c,1457780055,Miconia prasina,Miconia prasina (Sw.) DC.,Melastomataceae,Miconia,SPECIES,PRESERVED_SPECIMEN,1986-04-30,1986,-71.05,18.85,NA,b89d52a2-861d-4388-adad-c0da3d55fc78,UF,,22,01,SAN JUAN,072201,874cd68abffffff
6aaefa5d-a767-47ec-b77e-388ac9eacb1e,1929275377,Galium L.,Galium L.,Rubiaceae,Galium,GENUS,PRESERVED_SPECIMEN,1988-07-08,1988,-71.2,19.08,NA,d415c253-4d61-4459-9d25-4015b9084fb0,NY,NY,22,01,SAN JUAN,072201,874c896c5ffffff
6acf0ebd-888e-434f-970f-6e869292d209,1929277180,Wallenia laurifolia,Wallenia laurifolia (Jacq.) Sw.,Primulaceae,Wallenia,SPECIES,PRESERVED_SPECIMEN,1991-03-12,1991,-71.2,19.05,NA,d415c253-4d61-4459-9d25-4015b9084fb0,NY,NY,22,01,SAN JUAN,072201,874c896ceffffff
6c12c712-0705-4f5d-b428-194a18e7705d,2270678514,Pimenta racemosa,Pimenta racemosa var. racemosa,Myrtaceae,Pimenta,VARIETY,PRESERVED_SPECIMEN,1986-05-01,1986,-71.05,18.8833,NA,e05fd4c2-4d77-4c50-880e-1b22096af300,ASU,Plants,22,01,SAN JUAN,072201,874cd68acffffff
6e25efb1-ce93-4e3e-a14c-a06b29af304c,1929324155,Dichanthelium aciculare,Dichanthelium aciculare subsp. aciculare,Poaceae,Dichanthelium,SUBSPECIES,PRESERVED_SPECIMEN,1988-07-08,1988,-71.22,19.03,NA,d415c253-4d61-4459-9d25-4015b9084fb0,NY,NY,22,01,SAN JUAN,072201,874c896ddffffff
6e6b4049-a845-4304-955b-9b19439bee0d,1457781543,Martynia annua,Martynia annua L.,Martyniaceae,Martynia,SPECIES,PRESERVED_SPECIMEN,2002-07-08,2002,-71.29708,19.00182,NA,b89d52a2-861d-4388-adad-c0da3d55fc78,UF,,22,01,SAN JUAN,072201,874cd6d0dffffff
6ea46b61-5c36-45d4-8f0b-c4dec61d11da,1929329773,Tillandsia fasciculata,Tillandsia fasciculata Sw.,Bromeliaceae,Tillandsia,SPECIES,PRESERVED_SPECIMEN,1982-06-24,1982,-71.3,19,NA,d415c253-4d61-4459-9d25-4015b9084fb0,NY,NY,22,01,SAN JUAN,072201,874cd6d0dffffff
6ec08845-6842-4f08-a24e-8c730c456669,1929333623,Acianthera compressicaulis,Acianthera compressicaulis (Dod) Pridgeon & M.W.Chase,Orchidaceae,Acianthera,SPECIES,PRESERVED_SPECIMEN,1986-05-01,1986,-71.05,18.88,NA,d415c253-4d61-4459-9d25-4015b9084fb0,NY,NY,22,01,SAN JUAN,072201,874cd68acffffff
71543637-e690-4550-aba3-87c672e0f9c6,3987771361,Asplenium auritum,Asplenium auritum Sw.,Aspleniaceae,Asplenium,SPECIES,PRESERVED_SPECIMEN,2019-05-01,2019,-71.30584,19.13066,NA,b89d52a2-861d-4388-adad-c0da3d55fc78,UF,,22,01,SAN JUAN,072201,874c8968cffffff
71b9e930-d745-4e0f-a92a-106d257333b6,1929374888,Pleopeltis thyssanolepis,Polypodium thyssanolepis A.Br. ex Klotzsch,Polypodiaceae,Pleopeltis,SPECIES,PRESERVED_SPECIMEN,1982-06-24,1982,-71.3,19,NA,d415c253-4d61-4459-9d25-4015b9084fb0,NY,NY,22,01,SAN JUAN,072201,874cd6d0dffffff
768872e8-7489-4bbb-95c2-af7ba9bec6d3,1929442656,Poitea dubia,Poitea dubia (Poir.) Lavin,Fabaceae,Poitea,SPECIES,PRESERVED_SPECIMEN,1982-03-30,1982,-71.28,18.975,NA,d415c253-4d61-4459-9d25-4015b9084fb0,NY,NY,22,01,SAN JUAN,072201,874cd6d72ffffff
770226f4-aaa6-46cd-a5f9-1d20fc53505a,4598145351,Adelia ricinella,Adelia ricinella L.,Euphorbiaceae,Adelia,SPECIES,PRESERVED_SPECIMEN,2022-04-17,2022,-71.21944,18.63667,NA,b89d52a2-861d-4388-adad-c0da3d55fc78,UF,,22,01,SAN JUAN,072201,874cd618bffffff
7C771F99-37E8-4261-BA39-7F19E6DC6D35,122967032,Lantana horrida,Lantana subcordata Urb.,Verbenaceae,Lantana,SPECIES,PRESERVED_SPECIMEN,1985-07-16,1985,-71.2,19.0058,NA,832cb04e-f762-11e1-a439-00145eb45e9a,FTG,Herbarium,22,01,SAN JUAN,072201,874cd6d64ffffff
7a28bb53-df64-4d39-8819-9af92c579087,4976959561,Cestrum coelophlebium,Cestrum coelophlebium O.E.Schulz,Solanaceae,Cestrum,SPECIES,PRESERVED_SPECIMEN,1996-03-15,1996,-71.216667,19.033333,NA,b89d52a2-861d-4388-adad-c0da3d55fc78,UF,,22,01,SAN JUAN,072201,874c896ddffffff
7b2278fe-5739-49e8-a016-2eff0a1e9ccb,3987768362,Diplazium unilobum,Diplazium unilobum (Poir.) Hieron.,Athyriaceae,Diplazium,SPECIES,PRESERVED_SPECIMEN,2019-06-27,2019,-71.28174,19.12316,NA,b89d52a2-861d-4388-adad-c0da3d55fc78,UF,,22,01,SAN JUAN,072201,874c8968dffffff
7bf8c489-e6ac-4742-846f-3680989f4c22,1929519345,Epidendrum anceps,Epidendrum anceps Jacq.,Orchidaceae,Epidendrum,SPECIES,PRESERVED_SPECIMEN,1986-05-01,1986,-71.05,18.88,NA,d415c253-4d61-4459-9d25-4015b9084fb0,NY,NY,22,01,SAN JUAN,072201,874cd68acffffff
7c3924e8-2a2f-4379-a2c5-e5eb57bbaa6e,4079747772,Piqueria trinervia,Piqueria trinervia Cav.,Asteraceae,Piqueria,SPECIES,PRESERVED_SPECIMEN,1946-09-17,1946,-71.283334,18.983331,35,3b040a48-deae-485c-95b1-2ac80b7fdc54,IIBZ,USD,22,01,SAN JUAN,072201,874cd6d72ffffff
7cc1a09d-907c-4968-8d31-b2b439d00625,4525834325,Miconia scalpta,"Miconia scalpta (Vent.) Ionta, Judd & Skean",Melastomataceae,Miconia,SPECIES,PRESERVED_SPECIMEN,1986-04-30,1986,-71.05,18.85,NA,b89d52a2-861d-4388-adad-c0da3d55fc78,UF,,22,01,SAN JUAN,072201,874cd68abffffff
7cf8973a-d080-4468-bf49-b3d30ca0d184,1457786469,Brya buxifolia,Brya buxifolia (Murray) Urb.,Fabaceae,Brya,SPECIES,PRESERVED_SPECIMEN,2002-07-07,2002,-71.086028,18.759139,NA,b89d52a2-861d-4388-adad-c0da3d55fc78,UF,,22,01,SAN JUAN,072201,874cd612effffff
7fbe2673-4393-4890-b62d-93b533b39ef2,1929572636,Pinillosia berteroi,Pinillosia berteroi (Spreng.) Urb.,Asteraceae,Pinillosia,SPECIES,PRESERVED_SPECIMEN,1986-05-24,1986,-71.18,18.97,NA,d415c253-4d61-4459-9d25-4015b9084fb0,NY,NY,22,01,SAN JUAN,072201,874cd6d6cffffff
7fd08af9-dcc0-4644-89b8-04c7d537a6b8,1929573622,Phoradendron racemosum,Phoradendron racemosum (Aubl.) Krug & Urb.,Viscaceae,Phoradendron,SPECIES,PRESERVED_SPECIMEN,1982-03-03,1982,-71.3,19.13,NA,d415c253-4d61-4459-9d25-4015b9084fb0,NY,NY,22,01,SAN JUAN,072201,874c8968cffffff
80181e04-037e-4844-bb97-6a877047c272,1929577187,Adiantum pyramidale,Adiantum pyramidale (L.) Willd.,Pteridaceae,Adiantum,SPECIES,PRESERVED_SPECIMEN,1986-04-30,1986,-71.05,18.85,NA,d415c253-4d61-4459-9d25-4015b9084fb0,NY,NY,22,01,SAN JUAN,072201,874cd68abffffff
8166cf27-fa42-47d1-86a9-0474a5646267,3987766370,Asplenium L.,Asplenium L.,Aspleniaceae,Asplenium,GENUS,PRESERVED_SPECIMEN,2019-05-01,2019,-71.30366,19.12376,NA,b89d52a2-861d-4388-adad-c0da3d55fc78,UF,,22,01,SAN JUAN,072201,874c8968cffffff
82bc8c96-a603-4f84-952f-800c8749a041,3920738337,Trichomanes scandens,Trichomanes scandens L.,Hymenophyllaceae,Trichomanes,SPECIES,PRESERVED_SPECIMEN,2019-05-01,2019,-71.30037,19.12562,NA,b89d52a2-861d-4388-adad-c0da3d55fc78,UF,,22,01,SAN JUAN,072201,874c8968cffffff
83770352-97e1-456c-b5a8-7f9fb792ce54,1929625270,Lyonia truncata,Lyonia truncata subsp. montecristina (Urb. & Ekman) Borhidi,Ericaceae,Lyonia,SUBSPECIES,PRESERVED_SPECIMEN,1986-04-30,1986,-71.05,18.85,NA,d415c253-4d61-4459-9d25-4015b9084fb0,NY,NY,22,01,SAN JUAN,072201,874cd68abffffff
849eeb9e-6b72-4978-97eb-e775ed5885dd,1929641038,Chamaecrista nictitans,Chamaecrista nictitans var. diffusa (DC.) H.S.Irwin & Barneby,Fabaceae,Chamaecrista,VARIETY,PRESERVED_SPECIMEN,1988-07-08,1988,-71.22,19.03,NA,d415c253-4d61-4459-9d25-4015b9084fb0,NY,NY,22,01,SAN JUAN,072201,874c896ddffffff
85fdf332-88ee-4f37-b52c-3a8651a1b2ab,4598145359,Ayenia violacea,Ayenia violacea Urb.,Malvaceae,Ayenia,SPECIES,PRESERVED_SPECIMEN,2022-04-17,2022,-71.2362,18.62654,NA,b89d52a2-861d-4388-adad-c0da3d55fc78,UF,,22,01,SAN JUAN,072201,874cd60a4ffffff
86017b09-54f9-464d-a284-7ed6e70b2838,4455462328,Licaria triandra,Licaria triandra (Sw.) Kosterm.,Lauraceae,Licaria,SPECIES,PRESERVED_SPECIMEN,1993-05-22,1993,-71.133333,18.683333,NA,b89d52a2-861d-4388-adad-c0da3d55fc78,UF,,22,01,SAN JUAN,072201,874cd611bffffff
87e319ca-bdc9-410e-be9e-0650a24a487d,1929687026,Ophioglossum reticulatum,Ophioglossum reticulatum L.,Ophioglossaceae,Ophioglossum,SPECIES,PRESERVED_SPECIMEN,1986-04-30,1986,-71.05,18.85,NA,d415c253-4d61-4459-9d25-4015b9084fb0,NY,NY,22,01,SAN JUAN,072201,874cd68abffffff
893c32f2-449c-440b-ba24-281fd22eb602,4079747545,Lantanopsis hoffmannii,Lantanopsis hoffmannii Urb.,Asteraceae,Lantanopsis,SPECIES,PRESERVED_SPECIMEN,1946-10-10,1946,-71.195927,19.025534,751,3b040a48-deae-485c-95b1-2ac80b7fdc54,IIBZ,USD,22,01,SAN JUAN,072201,874c896caffffff
8966db5e-ce63-4e13-98ab-cb8e62377b43,1929708186,Ilex microwrightioides,Ilex microwrightioides Loes.,Aquifoliaceae,Ilex,SPECIES,PRESERVED_SPECIMEN,1986-05-01,1986,-71.05,18.88,NA,d415c253-4d61-4459-9d25-4015b9084fb0,NY,NY,22,01,SAN JUAN,072201,874cd68acffffff
897c71c3-9932-4213-a2db-beb0458e673c,1457790704,Miconia racemosa,Miconia racemosa (Aubl.) DC.,Melastomataceae,Miconia,SPECIES,PRESERVED_SPECIMEN,1982-03-03,1982,-71.3,19.133333,NA,b89d52a2-861d-4388-adad-c0da3d55fc78,UF,,22,01,SAN JUAN,072201,874c8968cffffff
8cb0f2fb-7817-402a-b42c-6cc2ea0d54fd,1929755050,Vernonanthura buxifolia,Vernonanthura buxifolia (Less.) H.Rob.,Asteraceae,Vernonanthura,SPECIES,PRESERVED_SPECIMEN,1982-03-03,1982,-71.3,19.13,NA,d415c253-4d61-4459-9d25-4015b9084fb0,NY,NY,22,01,SAN JUAN,072201,874c8968cffffff
8ce88bc3-a853-48bd-8a4a-473e5bb4cd7c,3987767388,Asplenium juglandifolium,Asplenium juglandifolium Lam.,Aspleniaceae,Asplenium,SPECIES,PRESERVED_SPECIMEN,2019-05-01,2019,-71.30037,19.12562,NA,b89d52a2-861d-4388-adad-c0da3d55fc78,UF,,22,01,SAN JUAN,072201,874c8968cffffff
8e346105-0c1b-4bc3-b711-ecac529e0925,4523216354,Salvia uncinata,Salvia uncinata Urb.,Lamiaceae,Salvia,SPECIES,PRESERVED_SPECIMEN,1996-03-14,1996,-71.183333,19.033333,NA,b89d52a2-861d-4388-adad-c0da3d55fc78,UF,,22,01,SAN JUAN,072201,874c896c8ffffff
8e4899d8-61aa-48fa-8737-b83b40d52fab,1929776633,Sida rhombifolia,Sida rhombifolia L.,Malvaceae,Sida,SPECIES,PRESERVED_SPECIMEN,1946-09-12,1946,-71.18333,19.03333,2641.57,d415c253-4d61-4459-9d25-4015b9084fb0,NY,NY,22,01,SAN JUAN,072201,874c896c8ffffff
8f693498-42fd-44ac-afb4-d2ca823edd38,1929792619,Dalea carthagenensis,Dalea carthagenensis var. carthagenensis,Fabaceae,Dalea,VARIETY,PRESERVED_SPECIMEN,1982-06-24,1982,-71.3,19,NA,d415c253-4d61-4459-9d25-4015b9084fb0,NY,NY,22,01,SAN JUAN,072201,874cd6d0dffffff
8ff31202-bdbe-487a-bf41-17565f791b48,1457792877,Miconia stenobotrys,Miconia stenobotrys (Rich.) Naudin,Melastomataceae,Miconia,SPECIES,PRESERVED_SPECIMEN,1986-05-01,1986,-71.05,18.883333,NA,b89d52a2-861d-4388-adad-c0da3d55fc78,UF,,22,01,SAN JUAN,072201,874cd68acffffff
906AD052-8A2C-401E-9DFC-E1E7EB5B2EBB,122985988,Picramnia pentandra,Picramnia pentandra Sw.,Picramniaceae,Picramnia,SPECIES,PRESERVED_SPECIMEN,1982-06-24,1982,-71.3,19,NA,832cb04e-f762-11e1-a439-00145eb45e9a,FTG,Herbarium,22,01,SAN JUAN,072201,874cd6d0dffffff
90ee240e-63ba-4b79-a317-d9618f4c951d,4079747475,Bauhinia monandra,Bauhinia monandra Kurz,Fabaceae,Bauhinia,SPECIES,PRESERVED_SPECIMEN,1946-09-09,1946,-71.283334,18.983331,35,3b040a48-deae-485c-95b1-2ac80b7fdc54,IIBZ,USD,22,01,SAN JUAN,072201,874cd6d72ffffff
92f9a144-2c5a-4efa-a271-c014de37ede4,4512926421,Lyonia tinensis,Lyonia tinensis Urb.,Ericaceae,Lyonia,SPECIES,PRESERVED_SPECIMEN,2007-07-25,2007,-71.1856,19.081417,NA,b89d52a2-861d-4388-adad-c0da3d55fc78,UF,,22,01,SAN JUAN,072201,874c896eeffffff
933de9e4-3370-4595-8811-d1ef612c1e6a,1929847369,Centella asiatica,Centella asiatica (L.) Urb.,Apiaceae,Centella,SPECIES,PRESERVED_SPECIMEN,1988-07-08,1988,-71.2,19.08,NA,d415c253-4d61-4459-9d25-4015b9084fb0,NY,NY,22,01,SAN JUAN,072201,874c896c5ffffff
945b8a9c-3f91-430d-8a8d-9235c39a83d5,1929862890,Epidendrum anceps,Epidendrum anceps Jacq.,Orchidaceae,Epidendrum,SPECIES,PRESERVED_SPECIMEN,1986-05-01,1986,-71.05,18.88,NA,d415c253-4d61-4459-9d25-4015b9084fb0,NY,NY,22,01,SAN JUAN,072201,874cd68acffffff
947fae78-a1dc-4cc4-8430-374e2d8db375,1929864776,Asplenium diplosceum,Asplenium diplosceum Hieron.,Aspleniaceae,Asplenium,SPECIES,PRESERVED_SPECIMEN,1986-04-30,1986,-71.05,18.85,NA,d415c253-4d61-4459-9d25-4015b9084fb0,NY,NY,22,01,SAN JUAN,072201,874cd68abffffff
96ed34ad-e85f-4b4f-914a-f8ce5d11fef3,1929898966,Miconia acuminoides,Mecranium acuminatum (DC.) Skean,Melastomataceae,Miconia,SPECIES,PRESERVED_SPECIMEN,1986-04-30,1986,-71.05,18.85,NA,d415c253-4d61-4459-9d25-4015b9084fb0,NY,NY,22,01,SAN JUAN,072201,874cd68abffffff
970a7dc3-ddcc-4118-9d55-4899c88d9401,4079747906,Crotalaria retusa,Crotalaria retusa L.,Fabaceae,Crotalaria,SPECIES,PRESERVED_SPECIMEN,1946-09-09,1946,-71.283334,18.983331,35,3b040a48-deae-485c-95b1-2ac80b7fdc54,IIBZ,USD,22,01,SAN JUAN,072201,874cd6d72ffffff
977A8DDC-743D-4CAE-A9A5-AECD01F7B27C,123019447,Verbena menthifolia,Verbena domingensis Urb.,Verbenaceae,Verbena,SPECIES,PRESERVED_SPECIMEN,1996-03-15,1996,-71.2167,19.0333,NA,832cb04e-f762-11e1-a439-00145eb45e9a,FTG,Herbarium,22,01,SAN JUAN,072201,874c896ddffffff
9ee5687a-f40d-4ebb-94b8-7ed456c3c1a3,1055995990,Passiflora sexflora,Passiflora sexflora Juss.,Passifloraceae,Passiflora,SPECIES,PRESERVED_SPECIMEN,1946-10-09,1946,-71.183331,19.033344,NA,7e380070-f762-11e1-a439-00145eb45e9a,NHMUK,BOT,22,01,SAN JUAN,072201,874c896c8ffffff
9f536765-b469-4684-9dd3-7a5a4b33407f,3987772395,Diplazium Sw.,Diplazium Sw.,Athyriaceae,Diplazium,GENUS,PRESERVED_SPECIMEN,2019-05-01,2019,-71.30584,19.13066,NA,b89d52a2-861d-4388-adad-c0da3d55fc78,UF,,22,01,SAN JUAN,072201,874c8968cffffff
9f602df6-e700-478d-b34e-71874fbf9cd5,1930017671,Stachytarpheta mutabilis,Stachytarpheta mutabilis (Jacq.) Vahl,Verbenaceae,Stachytarpheta,SPECIES,PRESERVED_SPECIMEN,1982-06-24,1982,-71.3,19,NA,d415c253-4d61-4459-9d25-4015b9084fb0,NY,NY,22,01,SAN JUAN,072201,874cd6d0dffffff
9ff7ebb7-2197-4d38-87a9-f8e2c3bfe043,1930026097,Stelis multirostris,Stelis multirostris (Rchb.f.) Pridgeon & M.W.Chase,Orchidaceae,Stelis,SPECIES,PRESERVED_SPECIMEN,1986-05-01,1986,-71.05,18.88,NA,d415c253-4d61-4459-9d25-4015b9084fb0,NY,NY,22,01,SAN JUAN,072201,874cd68acffffff
A0A21765-A24C-437C-8069-8B6187CFDE99,123017753,Turnera diffusa,Turnera diffusa Willd. ex Schult.,Passifloraceae,Turnera,SPECIES,PRESERVED_SPECIMEN,1982-11-01,1982,-71.0955,18.7238,3036,832cb04e-f762-11e1-a439-00145eb45e9a,FTG,Herbarium,22,01,SAN JUAN,072201,874cd6101ffffff
B8419F60-6ED7-468A-83C2-CAD3E1EC526D,122922254,Cestrum coelophlebium,Cestrum coelophlebium O.E.Schulz,Solanaceae,Cestrum,SPECIES,PRESERVED_SPECIMEN,1983-02-28,1983,-71.35,18.7167,NA,832cb04e-f762-11e1-a439-00145eb45e9a,FTG,Herbarium,22,01,SAN JUAN,072201,874cd6ccbffffff
BB7240E8-85E9-488F-BDEC-08DA8AAEA86E,153278821,Mikania Willd.,Mikania Willd.,Asteraceae,Mikania,GENUS,PRESERVED_SPECIMEN,2004-11-01,2004,-71.231,18.8096,NA,832cb04e-f762-11e1-a439-00145eb45e9a,FTG,Herbarium,22,01,SAN JUAN,072201,874cd6c41ffffff
DSS00439000039GD::DSS0043900002E8H::,6362304357,Polyphlebium capillaceum,Trichomanes capillaceum L.,Hymenophyllaceae,Polyphlebium,SPECIES,PRESERVED_SPECIMEN,1948-01-01,1948,-71.1147,18.9669,NA,962f59bc-f762-11e1-a439-00145eb45e9a,MNHNL,,22,01,SAN JUAN,072201,874cd699cffffff
KT280978,3350975471,Gliricidia sepium,Gliricidia sepium (Jacq.) Kunth,Fabaceae,Gliricidia,SPECIES,PRESERVED_SPECIMEN,,NA,-71.34,18.83,NA,d8cd16ba-bb74-4420-821e-083f2bac17c2,,,22,01,SAN JUAN,072201,874cd6ce5ffffff
LD:General:1901341,1828859138,Elaphoglossum spatulatum,Elaphoglossum spatulatum (Bory) T.Moore,Dryopteridaceae,Elaphoglossum,SPECIES,PRESERVED_SPECIMEN,1946-09-18,1946,-71.167222,19.053889,NA,aab0cf80-0c64-11dd-84d1-b8a03c50a862,LD,General,22,01,SAN JUAN,072201,874c896ebffffff
MW755395,6189596968,Dendropemon alatus,Dendropemon alatus Tiegh.,Loranthaceae,Dendropemon,SPECIES,PRESERVED_SPECIMEN,2014-10-19,2014,-71.1,18.7,NA,393b8c26-e4e0-4dd0-a218-93fc074ebf4e,,,22,01,SAN JUAN,072201,874cd610affffff
MW820412,6189209026,Dendropemon loranthoideus,Dendropemon loranthoideus (Baill.) Tiegh.,Loranthaceae,Dendropemon,SPECIES,PRESERVED_SPECIMEN,2010-04-11,2010,-71.1,18.7,NA,393b8c26-e4e0-4dd0-a218-93fc074ebf4e,,,22,01,SAN JUAN,072201,874cd610affffff
MW820475,6253678330,Dendropemon loranthoideus,Dendropemon loranthoideus (Baill.) Tiegh.,Loranthaceae,Dendropemon,SPECIES,PRESERVED_SPECIMEN,2014-10-19,2014,-71.1,18.7,NA,393b8c26-e4e0-4dd0-a218-93fc074ebf4e,,,22,01,SAN JUAN,072201,874cd610affffff
S:VascularPlants:S03-1570,1096598706,Juniperus gracilior,Juniperus gracilior Pilg.,Cupressaceae,Juniperus,SPECIES,PRESERVED_SPECIMEN,1986-05-01,1986,-71.05,18.883333,NA,0943f690-fde5-11dd-83f4-b8a03c50a862,S,VascularPlants,22,01,SAN JUAN,072201,874cd68acffffff
S:VascularPlants:S10-23051,1096725581,Miconia scabrosa,Sagraea scabrosa Naudin,Melastomataceae,Miconia,SPECIES,PRESERVED_SPECIMEN,1986-04-30,1986,-71.05,18.85,NA,0943f690-fde5-11dd-83f4-b8a03c50a862,S,VascularPlants,22,01,SAN JUAN,072201,874cd68abffffff
S:VascularPlants:S11-32339,1096767966,Miconia prasina,Miconia prasina (Sw.) DC.,Melastomataceae,Miconia,SPECIES,PRESERVED_SPECIMEN,1986-04-30,1986,-71.05,18.85,NA,0943f690-fde5-11dd-83f4-b8a03c50a862,S,VascularPlants,22,01,SAN JUAN,072201,874cd68abffffff
S:VascularPlants:S11-38301,1096773928,Miconia scalpta,Sagraea scalpta (Vent.) Naudin,Melastomataceae,Miconia,SPECIES,PRESERVED_SPECIMEN,1986-04-30,1986,-71.05,18.85,NA,0943f690-fde5-11dd-83f4-b8a03c50a862,S,VascularPlants,22,01,SAN JUAN,072201,874cd68abffffff
S:VascularPlants:S11-38462,1096774095,Daphnopsis crassifolia,Daphnopsis crassifolia (Poir.) Meisn.,Thymelaeaceae,Daphnopsis,SPECIES,PRESERVED_SPECIMEN,1986-05-01,1986,-71.05,18.883333,NA,0943f690-fde5-11dd-83f4-b8a03c50a862,S,VascularPlants,22,01,SAN JUAN,072201,874cd68acffffff
S:VascularPlants:S11-38978,1096774613,Miconia laevigata,Miconia laevigata (L.) DC.,Melastomataceae,Miconia,SPECIES,PRESERVED_SPECIMEN,1986-04-30,1986,-71.05,18.85,NA,0943f690-fde5-11dd-83f4-b8a03c50a862,S,VascularPlants,22,01,SAN JUAN,072201,874cd68abffffff
S:VascularPlants:S11-39383,1096775044,Phoradendron hexastichum,Phoradendron hexastichum (DC.) Griseb.,Viscaceae,Phoradendron,SPECIES,PRESERVED_SPECIMEN,1986-05-01,1986,-71.05,18.883333,NA,0943f690-fde5-11dd-83f4-b8a03c50a862,S,VascularPlants,22,01,SAN JUAN,072201,874cd68acffffff
S:VascularPlants:S11-39493,1096775165,Daphnopsis crassifolia,Daphnopsis crassifolia (Poir.) Meisn.,Thymelaeaceae,Daphnopsis,SPECIES,PRESERVED_SPECIMEN,1996-03-14,1996,-71.183333,19.033333,NA,0943f690-fde5-11dd-83f4-b8a03c50a862,S,VascularPlants,22,01,SAN JUAN,072201,874c896c8ffffff
S:VascularPlants:S11-39501,1096775166,Elekmania haitiensis,Elekmania haitiensis (Krug & Urb.) B.Nord.,Asteraceae,Elekmania,SPECIES,PRESERVED_SPECIMEN,,NA,-71.168333,18.961944,NA,0943f690-fde5-11dd-83f4-b8a03c50a862,S,VascularPlants,22,01,SAN JUAN,072201,874cd6d6cffffff
S:VascularPlants:S14-23432,1096845177,Monteverdia domingensis,Maytenus domingensis Krug & Urb.,Celastraceae,Monteverdia,SPECIES,PRESERVED_SPECIMEN,1982-06-24,1982,-71.3,19,NA,0943f690-fde5-11dd-83f4-b8a03c50a862,S,VascularPlants,22,01,SAN JUAN,072201,874cd6d0dffffff
S:VascularPlants:S15-5933,1096911170,Rondeletia ochracea,Rondeletia ochracea Urb.,Rubiaceae,Rondeletia,SPECIES,PRESERVED_SPECIMEN,1986-05-01,1986,-71.05,18.883333,NA,0943f690-fde5-11dd-83f4-b8a03c50a862,S,VascularPlants,22,01,SAN JUAN,072201,874cd68acffffff
S:VascularPlants:S15-66990,2618556181,Miconia mirabilis,Miconia mirabilis (Aubl.) L.O.Williams,Melastomataceae,Miconia,SPECIES,PRESERVED_SPECIMEN,1986-05-01,1986,-71.05,18.883333,NA,0943f690-fde5-11dd-83f4-b8a03c50a862,S,VascularPlants,22,01,SAN JUAN,072201,874cd68acffffff
S:VascularPlants:S16-34102,2618569420,Cestrum coelophlebium,Cestrum coelophlebium O.E.Schulz,Solanaceae,Cestrum,SPECIES,PRESERVED_SPECIMEN,1986-04-30,1986,-71.05,18.85,NA,0943f690-fde5-11dd-83f4-b8a03c50a862,S,VascularPlants,22,01,SAN JUAN,072201,874cd68abffffff
S:VascularPlants:S16-4186,2618357712,Miconia acuminoides,Mecranium acuminatum (DC.) Skean,Melastomataceae,Miconia,SPECIES,PRESERVED_SPECIMEN,1986-04-30,1986,-71.05,18.85,NA,0943f690-fde5-11dd-83f4-b8a03c50a862,S,VascularPlants,22,01,SAN JUAN,072201,874cd68abffffff
S:VascularPlants:S16-49008,2618572043,Baccharis myrsinites,Baccharis myrsinites Pers.,Asteraceae,Baccharis,SPECIES,PRESERVED_SPECIMEN,1988-07-08,1988,-71.2,19.083333,NA,0943f690-fde5-11dd-83f4-b8a03c50a862,S,VascularPlants,22,01,SAN JUAN,072201,874c896c5ffffff
S:VascularPlants:S16-52152,2618401153,Asteraceae Dumort.,Asteraceae Dumort.,Asteraceae,,FAMILY,PRESERVED_SPECIMEN,1986-05-24,1986,-71.183333,18.966667,NA,0943f690-fde5-11dd-83f4-b8a03c50a862,S,VascularPlants,22,01,SAN JUAN,072201,874cd6d6cffffff
S:VascularPlants:S16-572,2618516354,Miconia stenobotrys,Miconia stenobotrys (Rich.) Naudin,Melastomataceae,Miconia,SPECIES,PRESERVED_SPECIMEN,1986-05-01,1986,-71.05,18.883333,NA,0943f690-fde5-11dd-83f4-b8a03c50a862,S,VascularPlants,22,01,SAN JUAN,072201,874cd68acffffff
S:VascularPlants:S20-4304,2618545366,Phoradendron racemosum,Phoradendron racemosum (Aubl.) Krug & Urb.,Viscaceae,Phoradendron,SPECIES,PRESERVED_SPECIMEN,1982-03-03,1982,-71.3,19.133333,NA,0943f690-fde5-11dd-83f4-b8a03c50a862,S,VascularPlants,22,01,SAN JUAN,072201,874c8968cffffff
S:VascularPlants:S22-26930,5034649486,Chrysophyllum argenteum,Chrysophyllum argenteum Jacq.,Sapotaceae,Chrysophyllum,SPECIES,PRESERVED_SPECIMEN,1986-04-30,1986,-71.05,18.85,NA,0943f690-fde5-11dd-83f4-b8a03c50a862,S,VascularPlants,22,01,SAN JUAN,072201,874cd68abffffff
S:VascularPlants:S22-26936,5034644410,Chrysophyllum argenteum,Chrysophyllum argenteum Jacq.,Sapotaceae,Chrysophyllum,SPECIES,PRESERVED_SPECIMEN,1986-01-17,1986,-71.05,18.85,NA,0943f690-fde5-11dd-83f4-b8a03c50a862,S,VascularPlants,22,01,SAN JUAN,072201,874cd68abffffff
S:VascularPlants:S22-26946,5034654572,Chrysophyllum argenteum,Chrysophyllum argenteum Jacq.,Sapotaceae,Chrysophyllum,SPECIES,PRESERVED_SPECIMEN,1980-07-23,1980,-71.05,18.85,NA,0943f690-fde5-11dd-83f4-b8a03c50a862,S,VascularPlants,22,01,SAN JUAN,072201,874cd68abffffff
S:VascularPlants:S24-7746,5922496655,Sideroxylon foetidissimum,Sideroxylon foetidissimum Jacq.,Sapotaceae,Sideroxylon,SPECIES,PRESERVED_SPECIMEN,1987-03-24,1987,-71.2,19.166667,NA,0943f690-fde5-11dd-83f4-b8a03c50a862,S,VascularPlants,22,01,SAN JUAN,072201,874c8960effffff
UCJEPS:UC:UC1954384,4856855221,Dendropemon alatus,Dendropemon alatus Tiegh.,Loranthaceae,Dendropemon,SPECIES,PRESERVED_SPECIMEN,1982-06-23/1982-06-24,1982,-71.3,19,NA,83a49751-4282-481e-a847-1c5c224a0551,,UC,22,01,SAN JUAN,072201,874cd6d0dffffff
UCJEPS:UC:UC1961087,4856874335,Phoradendron racemosum,Phoradendron racemosum (Aubl.) Krug & Urb.,Viscaceae,Phoradendron,SPECIES,PRESERVED_SPECIMEN,1982-03-03,1982,-71.3,19.133333,NA,83a49751-4282-481e-a847-1c5c224a0551,,UC,22,01,SAN JUAN,072201,874c8968cffffff
UCJEPS:UC:UC1964329,4856874746,Phoradendron hexastichum,Phoradendron hexastichum (DC.) Griseb.,Viscaceae,Phoradendron,SPECIES,PRESERVED_SPECIMEN,1986-04-30,1986,-71.05,18.85,NA,83a49751-4282-481e-a847-1c5c224a0551,,UC,22,01,SAN JUAN,072201,874cd68abffffff
UCJEPS:UC:UC1964336,4856876462,Phoradendron hexastichum,Phoradendron hexastichum (DC.) Griseb.,Viscaceae,Phoradendron,SPECIES,PRESERVED_SPECIMEN,1986-05-01,1986,-71.05,18.883333,NA,83a49751-4282-481e-a847-1c5c224a0551,,UC,22,01,SAN JUAN,072201,874cd68acffffff
a1d92f8f-3f9f-4af5-bb2b-8dd2f6df4ee0,1930052790,Croton eluteria,Croton cascarilla (L.) L.,Euphorbiaceae,Croton,SPECIES,PRESERVED_SPECIMEN,1986-05-01,1986,-71.05,18.88,NA,d415c253-4d61-4459-9d25-4015b9084fb0,NY,NY,22,01,SAN JUAN,072201,874cd68acffffff
a2745d9a-2de3-4524-9021-663ee11df866,1930064457,Tillandsia fendleri,Tillandsia fendleri Griseb.,Bromeliaceae,Tillandsia,SPECIES,PRESERVED_SPECIMEN,1986-05-01,1986,-71.05,18.88,NA,d415c253-4d61-4459-9d25-4015b9084fb0,NY,NY,22,01,SAN JUAN,072201,874cd68acffffff
a2d69d6b-a6c3-4961-965a-f863a545fa86,1930069558,Miconia bicolor,Tetrazygia bicolor (Mill.) Cogn.,Melastomataceae,Miconia,SPECIES,PRESERVED_SPECIMEN,1982-03-03,1982,-71.3,19.13,NA,d415c253-4d61-4459-9d25-4015b9084fb0,NY,NY,22,01,SAN JUAN,072201,874c8968cffffff
a3ed6ea4-9dcc-4de3-b7b6-d1825e4aaee6,1056228930,Odontosoria aculeata,Odontosoria aculeata (L.) J.Sm.,Lindsaeaceae,Odontosoria,SPECIES,PRESERVED_SPECIMEN,1946-09-20,1946,-71.183331,19.033344,NA,7e380070-f762-11e1-a439-00145eb45e9a,NHMUK,BOT,22,01,SAN JUAN,072201,874c896c8ffffff
a4c1e5b7-c488-417e-a5d8-724bb10d8bf0,1930097023,Narvalina domingensis,Narvalina domingensis (Cass.) Less.,Asteraceae,Narvalina,SPECIES,PRESERVED_SPECIMEN,1982-06-24,1982,-71.3,19,NA,d415c253-4d61-4459-9d25-4015b9084fb0,NY,NY,22,01,SAN JUAN,072201,874cd6d0dffffff
a60acfc5-fd3c-45ee-a013-727fc3ed7064,3987770394,Asplenium auritum,Asplenium auritum Sw.,Aspleniaceae,Asplenium,SPECIES,PRESERVED_SPECIMEN,2019-05-01,2019,-71.30584,19.13066,NA,b89d52a2-861d-4388-adad-c0da3d55fc78,UF,,22,01,SAN JUAN,072201,874c8968cffffff
a66f4033-d987-44ff-978c-f97489f81441,1930122784,Pentapetes phoenicea,Pentapetes phoenicea L.,Malvaceae,Pentapetes,SPECIES,PRESERVED_SPECIMEN,1981-09-13,1981,-71.17,18.9917,NA,d415c253-4d61-4459-9d25-4015b9084fb0,NY,NY,22,01,SAN JUAN,072201,874cd6992ffffff
a6a62aef-6f84-41f4-b437-97815235fe2c,1930125772,Lepidium virginicum,Lepidium virginicum L.,Brassicaceae,Lepidium,SPECIES,PRESERVED_SPECIMEN,1946-10-09,1946,-71.18333,19.03333,2641.57,d415c253-4d61-4459-9d25-4015b9084fb0,NY,NY,22,01,SAN JUAN,072201,874c896c8ffffff
a7288fad-cf4e-4c46-907e-2efc67b0c4ac,1930130468,Miconia selleana,Miconia selleana Urb. & Ekman,Melastomataceae,Miconia,SPECIES,PRESERVED_SPECIMEN,1988-07-09,1988,-71.23,19.08,NA,d415c253-4d61-4459-9d25-4015b9084fb0,NY,NY,22,01,SAN JUAN,072201,874c896c6ffffff
a7ba1542-6cee-4f48-9636-9123b5e79559,3987769377,Asplenium praemorsum,Asplenium praemorsum Sw.,Aspleniaceae,Asplenium,SPECIES,PRESERVED_SPECIMEN,2019-05-02,2019,-71.30475,19.11407,NA,b89d52a2-861d-4388-adad-c0da3d55fc78,UF,,22,01,SAN JUAN,072201,874c89688ffffff
a949f03d-8a6e-4f79-8c58-00ac266ef1e0,4079747930,Emilia sonchifolia,Emilia sonchifolia (L.) DC. ex Wight,Asteraceae,Emilia,SPECIES,PRESERVED_SPECIMEN,1946-09-09,1946,-71.283334,18.983331,35,3b040a48-deae-485c-95b1-2ac80b7fdc54,IIBZ,USD,22,01,SAN JUAN,072201,874cd6d72ffffff
abff1dd5-93ab-4b94-bc19-1893bc68ef81,1056652046,Anemia phyllitidis,Anemia phyllitidis (L.) Sw.,Anemiaceae,Anemia,SPECIES,PRESERVED_SPECIMEN,1946-09-02,1946,-71.283333,19.116667,NA,7e380070-f762-11e1-a439-00145eb45e9a,NHMUK,BOT,22,01,SAN JUAN,072201,874c8968dffffff
acac98e5-e231-49d0-a6a4-bfb34a1a799c,1930209024,Diplazium cristatum,Diplazium cristatum (Desr.) Alston,Athyriaceae,Diplazium,SPECIES,PRESERVED_SPECIMEN,1986-04-30,1986,-71.05,18.85,NA,d415c253-4d61-4459-9d25-4015b9084fb0,NY,NY,22,01,SAN JUAN,072201,874cd68abffffff
ad2a20aa-6378-4bd0-8826-7adc97de9f5e,1457802789,Miconia racemosa,Miconia racemosa (Aubl.) DC.,Melastomataceae,Miconia,SPECIES,PRESERVED_SPECIMEN,1982-03-03,1982,-71.3,19.133333,NA,b89d52a2-861d-4388-adad-c0da3d55fc78,UF,,22,01,SAN JUAN,072201,874c8968cffffff
aecfdba2-6862-4e4a-b6f2-eef040ae8900,3925740315,Pityrogramma calomelanos,Pityrogramma calomelanos (L.) Link,Pteridaceae,Pityrogramma,SPECIES,PRESERVED_SPECIMEN,2019-05-01,2019,-71.30584,19.13066,NA,b89d52a2-861d-4388-adad-c0da3d55fc78,UF,,22,01,SAN JUAN,072201,874c8968cffffff
afaecf2a-a806-443c-acb5-f840751b53d2,3987766395,Asplenium cristatum,Asplenium cristatum Lam.,Aspleniaceae,Asplenium,SPECIES,PRESERVED_SPECIMEN,2019-05-01,2019,-71.30584,19.13066,NA,b89d52a2-861d-4388-adad-c0da3d55fc78,UF,,22,01,SAN JUAN,072201,874c8968cffffff
aff315ea-3673-480d-9064-0b8340fe505a,1930257411,Triumfetta semitriloba,Triumfetta semitriloba Jacq.,Malvaceae,Triumfetta,SPECIES,PRESERVED_SPECIMEN,1988-07-08,1988,-71.22,19.03,NA,d415c253-4d61-4459-9d25-4015b9084fb0,NY,NY,22,01,SAN JUAN,072201,874c896ddffffff
b3ae8825-394c-4735-b065-b1b26b767b67,1930309508,Baccharis myrsinites,Baccharis myrsinites Pers.,Asteraceae,Baccharis,SPECIES,PRESERVED_SPECIMEN,1988-07-08,1988,-71.2,19.08,NA,d415c253-4d61-4459-9d25-4015b9084fb0,NY,NY,22,01,SAN JUAN,072201,874c896c5ffffff
b44afe01-bea4-4900-b210-d61f624ddb91,1930315692,Tripsacum dactyloides,Tripsacum dactyloides (L.) L.,Poaceae,Tripsacum,SPECIES,PRESERVED_SPECIMEN,1982-06-24,1982,-71.3,19,NA,d415c253-4d61-4459-9d25-4015b9084fb0,NY,NY,22,01,SAN JUAN,072201,874cd6d0dffffff
b4d80501-915d-459c-a512-8fdbfbae8695,3987772408,Asplenium radicans,Asplenium radicans var. radicans,Aspleniaceae,Asplenium,VARIETY,PRESERVED_SPECIMEN,2019-06-27,2019,-71.28174,19.12316,NA,b89d52a2-861d-4388-adad-c0da3d55fc78,UF,,22,01,SAN JUAN,072201,874c8968dffffff
b65065ed-6618-4007-8812-03960f5ddeac,1457805976,Miconia acuminoides,"Miconia acuminoides Skean, Judd & Majure",Melastomataceae,Miconia,SPECIES,PRESERVED_SPECIMEN,1986-04-30,1986,-71.05,18.85,NA,b89d52a2-861d-4388-adad-c0da3d55fc78,UF,,22,01,SAN JUAN,072201,874cd68abffffff
b71699ca-8560-4f29-afbb-6bef6e764413,6133666425,Citharexylum caudatum,Citharexylum caudatum L.,Verbenaceae,Citharexylum,SPECIES,PRESERVED_SPECIMEN,1992-05-21,1992,-71.29,19.13,NA,b89d52a2-861d-4388-adad-c0da3d55fc78,UF,,22,01,SAN JUAN,072201,874c896abffffff
b741a277-d50f-40bc-8844-5dadb809e712,1057365835,Agrimonia parviflora,Agrimonia parviflora Aiton,Rosaceae,Agrimonia,SPECIES,PRESERVED_SPECIMEN,1946-09-17,1946,-71.1667,19.05,NA,7e380070-f762-11e1-a439-00145eb45e9a,NHMUK,BOT,22,01,SAN JUAN,072201,874c896ebffffff
b85ccac2-49cd-427a-ad71-3a1b8f097aac,1457806696,Asemeia violacea,Asemeia violacea (Aubl.) J.F.B.Pastore & J.R.Abbott,Polygalaceae,Asemeia,SPECIES,PRESERVED_SPECIMEN,2002-07-08,2002,-71.295778,18.985028,NA,b89d52a2-861d-4388-adad-c0da3d55fc78,UF,,22,01,SAN JUAN,072201,874cd6d09ffffff
b8939d39-14c1-4640-8722-51308d110b0c,3920736353,Ophioglossum reticulatum,Ophioglossum reticulatum L.,Ophioglossaceae,Ophioglossum,SPECIES,PRESERVED_SPECIMEN,2019-06-26,2019,-71.28113,19.13064,NA,b89d52a2-861d-4388-adad-c0da3d55fc78,UF,,22,01,SAN JUAN,072201,874c896abffffff
bada1da4-e12c-4218-b8de-e99b1662ba3d,4079747677,Parasenegalia vogeliana,Parasenegalia vogeliana (Steud.) Seigler & Ebinger,Fabaceae,Parasenegalia,SPECIES,PRESERVED_SPECIMEN,1967-03,1967,-71.186949,18.709417,465,3b040a48-deae-485c-95b1-2ac80b7fdc54,IIBZ,USD,22,01,SAN JUAN,072201,874cd61acffffff
bb880928-a087-4066-a27c-f5c572fbfb98,1457807784,Miconia pyramidalis,Miconia pyramidalis (Desr.) DC.,Melastomataceae,Miconia,SPECIES,PRESERVED_SPECIMEN,1986-04-30,1986,-71.05,18.85,NA,b89d52a2-861d-4388-adad-c0da3d55fc78,UF,,22,01,SAN JUAN,072201,874cd68abffffff
bba0df83-9d80-417d-b123-fd683937b49b,1930420996,Tillandsia ariza-juliae,Tillandsia ariza-juliae L.B.Sm. & Jiménez,Bromeliaceae,Tillandsia,SPECIES,PRESERVED_SPECIMEN,1982-03-03,1982,-71.3,19.13,NA,d415c253-4d61-4459-9d25-4015b9084fb0,NY,NY,22,01,SAN JUAN,072201,874c8968cffffff
bc736cda-2c8e-4df5-adaf-44d8ab3622dc,1457808080,Miconia krugii,Miconia krugii Cogn.,Melastomataceae,Miconia,SPECIES,PRESERVED_SPECIMEN,1986-05-01,1986,-71.05,18.883333,NA,b89d52a2-861d-4388-adad-c0da3d55fc78,UF,,22,01,SAN JUAN,072201,874cd68acffffff
bcde9011-0d51-4acc-a78f-f807305a78ce,1457808247,Miconia tetrandra,Miconia tetrandra (Sw.) D.Don,Melastomataceae,Miconia,SPECIES,PRESERVED_SPECIMEN,1986-05-01,1986,-71.05,18.883333,NA,b89d52a2-861d-4388-adad-c0da3d55fc78,UF,,22,01,SAN JUAN,072201,874cd68acffffff
bd84d90d-217f-4131-8522-21a5201b9d07,4598144380,Coeloneurum ferrugineum,Coeloneurum ferrugineum (Spreng.) Urb.,Solanaceae,Coeloneurum,SPECIES,PRESERVED_SPECIMEN,2022-04-17,2022,-71.2362,18.62654,NA,b89d52a2-861d-4388-adad-c0da3d55fc78,UF,,22,01,SAN JUAN,072201,874cd60a4ffffff
c3cff22f-9911-4d30-92eb-461909359826,1930536035,Ficus citrifolia,Ficus citrifolia Mill.,Moraceae,Ficus,SPECIES,PRESERVED_SPECIMEN,1982-03-30,1982,-71.28,18.975,NA,d415c253-4d61-4459-9d25-4015b9084fb0,NY,NY,22,01,SAN JUAN,072201,874cd6d72ffffff
c7664d21-d0a5-435c-971a-20e866ae7a76,1056888591,Solanum polyacanthos,Solanum polyacanthos Lam.,Solanaceae,Solanum,SPECIES,PRESERVED_SPECIMEN,1946-09-05,1946,-71.283333,18.816667,NA,7e380070-f762-11e1-a439-00145eb45e9a,NHMUK,BOT,22,01,SAN JUAN,072201,874cd6c51ffffff
c816f264-40e7-4585-8acc-51fff5c9e3b6,4079747324,Aeschynomene villosa,Aeschynomene villosa Poir.,Fabaceae,Aeschynomene,SPECIES,PRESERVED_SPECIMEN,1946-10-09,1946,-71.183503,19.033859,318,3b040a48-deae-485c-95b1-2ac80b7fdc54,IIBZ,USD,22,01,SAN JUAN,072201,874c896c8ffffff
ca0f96e9-4ae2-40c8-9d75-84328c374408,1930624325,Picramnia pentandra,Picramnia pentandra Sw.,Picramniaceae,Picramnia,SPECIES,PRESERVED_SPECIMEN,1982-06-24,1982,-71.3,19,NA,d415c253-4d61-4459-9d25-4015b9084fb0,NY,NY,22,01,SAN JUAN,072201,874cd6d0dffffff
ca2c91f4-264c-4129-8b32-da09252d951b,3925742321,Pteris L.,Pteris L.,Pteridaceae,Pteris,GENUS,PRESERVED_SPECIMEN,2019-06-26,2019,-71.28113,19.13064,NA,b89d52a2-861d-4388-adad-c0da3d55fc78,UF,,22,01,SAN JUAN,072201,874c896abffffff
cab2560c-d2ca-4615-8ac2-ce8abafe546f,1055648892,Adiantum fragile,Adiantum fragile Sw.,Pteridaceae,Adiantum,SPECIES,PRESERVED_SPECIMEN,1946-09,1946,-71.275367,18.991844,NA,7e380070-f762-11e1-a439-00145eb45e9a,NHMUK,BOT,22,01,SAN JUAN,072201,874cd6d72ffffff
cacf3355-71bf-4373-9ac2-5b25e8e8922b,4079747665,Chromolaena ivaefolia,Chromolaena ivaefolia (L.) R.M.King & H.Rob.,Asteraceae,Chromolaena,SPECIES,PRESERVED_SPECIMEN,1962-10-11,1962,-71.195927,19.025534,751,3b040a48-deae-485c-95b1-2ac80b7fdc54,IIBZ,USD,22,01,SAN JUAN,072201,874c896caffffff
ccc6cfa1-ca1c-4bf5-97e8-04489f92bd36,1055364985,Amauropelta thomsonii,Amauropelta thomsonii (Jenman) Pic.Serm.,Thelypteridaceae,Amauropelta,SPECIES,PRESERVED_SPECIMEN,1946-09-09,1946,-71.183331,19.033344,NA,7e380070-f762-11e1-a439-00145eb45e9a,NHMUK,BOT,22,01,SAN JUAN,072201,874c896c8ffffff
ce1be4b9-5d3f-4a6a-9a33-9e84cedfdb94,3925744315,Vandenboschia Copel.,Vandenboschia Copel.,Hymenophyllaceae,Vandenboschia,GENUS,PRESERVED_SPECIMEN,2019-06-26,2019,-71.28113,19.13064,NA,b89d52a2-861d-4388-adad-c0da3d55fc78,UF,,22,01,SAN JUAN,072201,874c896abffffff
ce2079fc-29a2-48eb-8ca8-7d063a330d4d,1055568717,Asplenium dimidiatum,Asplenium dimidiatum Sw.,Aspleniaceae,Asplenium,SPECIES,PRESERVED_SPECIMEN,1946-09,1946,-71.209444,19.025556,NA,7e380070-f762-11e1-a439-00145eb45e9a,NHMUK,BOT,22,01,SAN JUAN,072201,874c896caffffff
cf489930-8c21-4dc1-8d85-07bcd5361c8e,5843884386,Meliosma impressa,Meliosma impressa Krug & Urb.,Sabiaceae,Meliosma,SPECIES,PRESERVED_SPECIMEN,1996-03-15,1996,-71.216667,19.033333,NA,b89d52a2-861d-4388-adad-c0da3d55fc78,UF,,22,01,SAN JUAN,072201,874c896ddffffff
d137985a-57b9-41b5-a61b-086e80eb6866,4079748091,Lonchocarpus neurophyllus,Lonchocarpus neurophyllus Urb.,Fabaceae,Lonchocarpus,SPECIES,PRESERVED_SPECIMEN,1946-09-09,1946,-71.283334,18.983331,35,3b040a48-deae-485c-95b1-2ac80b7fdc54,IIBZ,USD,22,01,SAN JUAN,072201,874cd6d72ffffff
d3f7e5c2-9e3d-47d6-ad1e-aff93d5bd201,1057257207,Gyrotaenia trujilloana,Gyrotaenia trujilloana Howard,Urticaceae,Gyrotaenia,SPECIES,PRESERVED_SPECIMEN,1946-09,1946,-71.209444,19.025556,NA,7e380070-f762-11e1-a439-00145eb45e9a,NHMUK,BOT,22,01,SAN JUAN,072201,874c896caffffff
d41cbeef-a03c-416c-9bc3-6d3ba7e28234,1930765606,Asplenium praemorsum,Asplenium praemorsum Sw.,Aspleniaceae,Asplenium,SPECIES,PRESERVED_SPECIMEN,1986-05-01,1986,-71.05,18.88,NA,d415c253-4d61-4459-9d25-4015b9084fb0,NY,NY,22,01,SAN JUAN,072201,874cd68acffffff
d584a75c-ba08-41fa-bc9e-0b7ca3dc9485,4079747921,Poiretia punctata,Poiretia punctata (Willd.) Desv.,Fabaceae,Poiretia,SPECIES,PRESERVED_SPECIMEN,1946-10-10,1946,-71.183503,19.033859,318,3b040a48-deae-485c-95b1-2ac80b7fdc54,IIBZ,USD,22,01,SAN JUAN,072201,874c896c8ffffff
d88483fe-67f8-49d6-8d1a-b016b500cd22,1930828510,Tillandsia fasciculata,Tillandsia fasciculata Sw.,Bromeliaceae,Tillandsia,SPECIES,PRESERVED_SPECIMEN,1982-03-30,1982,-71.28,18.975,NA,d415c253-4d61-4459-9d25-4015b9084fb0,NY,NY,22,01,SAN JUAN,072201,874cd6d72ffffff
d93f1105-5f37-46e2-9c28-64460ec42fd5,1930838648,Cordia L.,Cordia L.,Cordiaceae,Cordia,GENUS,PRESERVED_SPECIMEN,1946-10-11,1946,-71.18333,19.03333,2641.57,d415c253-4d61-4459-9d25-4015b9084fb0,NY,NY,22,01,SAN JUAN,072201,874c896c8ffffff
da4d86c7-0412-4b04-aaf0-34b901af5748,4079747519,Erigeron vegaensis,Erigeron vegaensis Urb.,Asteraceae,Erigeron,SPECIES,PRESERVED_SPECIMEN,1946-09-09,1946,-71.283334,18.983331,35,3b040a48-deae-485c-95b1-2ac80b7fdc54,IIBZ,USD,22,01,SAN JUAN,072201,874cd6d72ffffff
dc7b5c58-d7e0-49a0-8699-1bd29787932b,4079747416,Ateleia gummifera,Ateleia gummifera (Bertero ex DC.) D.Dietr.,Fabaceae,Ateleia,SPECIES,PRESERVED_SPECIMEN,1946-09-09,1946,-71.283334,18.983331,35,3b040a48-deae-485c-95b1-2ac80b7fdc54,IIBZ,USD,22,01,SAN JUAN,072201,874cd6d72ffffff
dcc9db1f-9597-4c0a-bd2c-445385663bca,1930888149,Tillandsia usneoides,Tillandsia usneoides (L.) L.,Bromeliaceae,Tillandsia,SPECIES,PRESERVED_SPECIMEN,1982-03-30,1982,-71.28,18.975,NA,d415c253-4d61-4459-9d25-4015b9084fb0,NY,NY,22,01,SAN JUAN,072201,874cd6d72ffffff
dccecb6e-9256-459e-b7c8-38a7290c9ab1,1930888418,Morella picardae,Myrica picardae Krug & Urb.,Myricaceae,Morella,SPECIES,PRESERVED_SPECIMEN,1986-04-30,1986,-71.05,18.85,NA,d415c253-4d61-4459-9d25-4015b9084fb0,NY,NY,22,01,SAN JUAN,072201,874cd68abffffff
de096ad8-e47e-4598-bb5a-4c6421b95cbd,4443250751,Elaphoglossum piloselloides,Elaphoglossum piloselloides (C.Presl) T.Moore,Dryopteridaceae,Elaphoglossum,SPECIES,PRESERVED_SPECIMEN,1946-09-18,1946,-71.167479,19.053907,5000,5b1129a0-0461-46e5-a55c-9195be29c0ff,UT,Botany,22,01,SAN JUAN,072201,874c896ebffffff
de30de3e-14ab-4048-99ad-0eb17c0a8b79,4598144394,Achyranthes aspera,Achyranthes aspera L.,Amaranthaceae,Achyranthes,SPECIES,PRESERVED_SPECIMEN,2022-04-17,2022,-71.2455,18.62443,NA,b89d52a2-861d-4388-adad-c0da3d55fc78,UF,,22,01,SAN JUAN,072201,874cd60a0ffffff
df6122fa-6e63-4b80-8a60-ebd7a3a94594,2270680791,Pimenta racemosa,Pimenta racemosa var. racemosa,Myrtaceae,Pimenta,VARIETY,PRESERVED_SPECIMEN,1991-05-11,1991,-71.05,18.8833,NA,e05fd4c2-4d77-4c50-880e-1b22096af300,ASU,Plants,22,01,SAN JUAN,072201,874cd68acffffff
e19ee047-bbc3-4b34-a97d-9e75a49c2c5a,1930957627,Pteridium esculentum,Pteridium arachnoideum (Kaulf.) Maxon,Dennstaedtiaceae,Pteridium,SPECIES,PRESERVED_SPECIMEN,1988-07-08,1988,-71.2,19.08,NA,d415c253-4d61-4459-9d25-4015b9084fb0,NY,NY,22,01,SAN JUAN,072201,874c896c5ffffff
e2e5fccc-96e2-442e-b214-a791c9b40fa5,1930975492,Clematis flammulastrum,Clematis flammulastrum var. fuertesii (Urb.) W.T.Wang,Ranunculaceae,Clematis,VARIETY,PRESERVED_SPECIMEN,1946-09-11,1946,-71.18333,19.03333,2641.57,d415c253-4d61-4459-9d25-4015b9084fb0,NY,NY,22,01,SAN JUAN,072201,874c896c8ffffff
e33e5b3f-7b28-40a9-a270-6778d518847a,1930980460,Isochilus linearis,Isochilus linearis (Jacq.) R.Br.,Orchidaceae,Isochilus,SPECIES,PRESERVED_SPECIMEN,1986-05-01,1986,-71.05,18.88,NA,d415c253-4d61-4459-9d25-4015b9084fb0,NY,NY,22,01,SAN JUAN,072201,874cd68acffffff
e383fb0d-ca93-40f9-8837-fb8a010f4d92,3925740320,Pteris L.,Pteris L.,Pteridaceae,Pteris,GENUS,PRESERVED_SPECIMEN,2019-06-26,2019,-71.28113,19.13064,NA,b89d52a2-861d-4388-adad-c0da3d55fc78,UF,,22,01,SAN JUAN,072201,874c896abffffff
e762a87d-aa42-43a9-a8b1-6d4cc1363f20,4598143395,Sideroxylon foetidissimum,Sideroxylon foetidissimum Jacq.,Sapotaceae,Sideroxylon,SPECIES,PRESERVED_SPECIMEN,2022-04-17,2022,-71.24149,18.62443,NA,b89d52a2-861d-4388-adad-c0da3d55fc78,UF,,22,01,SAN JUAN,072201,874cd60a0ffffff
e8158e4e-5e18-4dbe-9a6b-753c77e24af2,4079747684,Pitcairnia fuertesii,Pitcairnia fuertesii Mez,Bromeliaceae,Pitcairnia,SPECIES,PRESERVED_SPECIMEN,1946-09-09,1946,-71.283334,18.983331,35,3b040a48-deae-485c-95b1-2ac80b7fdc54,IIBZ,USD,22,01,SAN JUAN,072201,874cd6d72ffffff
ea3945e5-f2a1-4b31-ad4c-680810dee592,1931078174,Miconia mirabilis,Miconia mirabilis (Aubl.) L.O.Williams,Melastomataceae,Miconia,SPECIES,PRESERVED_SPECIMEN,1986-05-01,1986,-71.05,18.88,NA,d415c253-4d61-4459-9d25-4015b9084fb0,NY,NY,22,01,SAN JUAN,072201,874cd68acffffff
ea3c00f2-4b93-4906-90de-eccc113a33c9,4598146403,Zanthoxylum tragodes,Zanthoxylum spinifex (Jacq.) DC.,Rutaceae,Zanthoxylum,SPECIES,PRESERVED_SPECIMEN,2022-04-17,2022,-71.21944,18.63667,NA,b89d52a2-861d-4388-adad-c0da3d55fc78,UF,,22,01,SAN JUAN,072201,874cd618bffffff
eafad008-c5dc-4c1c-8876-70ae83c2b9b4,1931088849,Elaphoglossum tambillense,Elaphoglossum tambillense (Hook.) T.Moore,Dryopteridaceae,Elaphoglossum,SPECIES,PRESERVED_SPECIMEN,1946-10-10,1946,-71.1833,19.0333,NA,d415c253-4d61-4459-9d25-4015b9084fb0,NY,NY,22,01,SAN JUAN,072201,874c896c8ffffff
ec07634d-e125-44b7-a022-1acaa50497da,1931103962,Fimbristylis Vahl,Fimbristylis Vahl,Cyperaceae,Fimbristylis,GENUS,PRESERVED_SPECIMEN,1988-07-08,1988,-71.22,19.03,NA,d415c253-4d61-4459-9d25-4015b9084fb0,NY,NY,22,01,SAN JUAN,072201,874c896ddffffff
ee6ef648-0a60-41c7-bbd9-fa7df6bf7886,1302790562,Digitaria curvinervis,Digitaria curvinervis (Hack.) Fernald,Poaceae,Digitaria,SPECIES,OCCURRENCE,1929-08-22,1929,-71.333056,18.833333,NA,07044577-bd82-4089-9f3a-f4a9d2170b2e,Bioversity,,22,01,SAN JUAN,072201,874cd6ce5ffffff
f04dc9a1-fc61-4a34-a4b3-589ddc32aff0,1055409998,Elaphoglossum sellowianum,Elaphoglossum sellowianum (Klotzsch) T.Moore,Dryopteridaceae,Elaphoglossum,SPECIES,PRESERVED_SPECIMEN,1946-09-17,1946,-71.275367,18.991844,NA,7e380070-f762-11e1-a439-00145eb45e9a,NHMUK,BOT,22,01,SAN JUAN,072201,874cd6d72ffffff
f1378350-e406-4682-87de-212db945e788,1931176815,Asplenium uniseriale,Asplenium flabellatum Kunze,Aspleniaceae,Asplenium,SPECIES,PRESERVED_SPECIMEN,1986-04-30,1986,-71.05,18.85,NA,d415c253-4d61-4459-9d25-4015b9084fb0,NY,NY,22,01,SAN JUAN,072201,874cd68abffffff
f27ef51e-2ddb-4440-a7fe-0a9268d88bb8,1457826577,Miconia crotonifolia,Miconia crotonifolia (Desr.) Judd & Ionta,Melastomataceae,Miconia,SPECIES,PRESERVED_SPECIMEN,2008-06-03,2008,-71.129167,18.693167,NA,b89d52a2-861d-4388-adad-c0da3d55fc78,UF,,22,01,SAN JUAN,072201,874cd6119ffffff
f301699a-8be7-4643-9b16-76143b649d5e,1931202294,Wedelia ehrenbergii,Wedelia ehrenbergii Less.,Asteraceae,Wedelia,SPECIES,PRESERVED_SPECIMEN,1982-06-24,1982,-71.3,19,NA,d415c253-4d61-4459-9d25-4015b9084fb0,NY,NY,22,01,SAN JUAN,072201,874cd6d0dffffff
f3cb71a9-3daf-4e5a-99f0-cba8a89a2cd2,1931214137,Wedelia ehrenbergii,Wedelia ehrenbergii Less.,Asteraceae,Wedelia,SPECIES,PRESERVED_SPECIMEN,1982-06-24,1982,-71.3,19,NA,d415c253-4d61-4459-9d25-4015b9084fb0,NY,NY,22,01,SAN JUAN,072201,874cd6d0dffffff
f4d37809-30da-4797-8622-8f46cc4d18de,1457827453,Miconia dodecandra,Miconia dodecandra (Desr.) Cogn.,Melastomataceae,Miconia,SPECIES,PRESERVED_SPECIMEN,1986-05-01,1986,-71.05,18.883333,NA,b89d52a2-861d-4388-adad-c0da3d55fc78,UF,,22,01,SAN JUAN,072201,874cd68acffffff
f5ba76d6-4939-4c1b-b84b-c0918a5e8a79,1931240392,Peperomia galioides,Peperomia galioides Kunth,Piperaceae,Peperomia,SPECIES,PRESERVED_SPECIMEN,1946-10-09,1946,-71.18333,19.03333,2641.57,d415c253-4d61-4459-9d25-4015b9084fb0,NY,NY,22,01,SAN JUAN,072201,874c896c8ffffff
f67c2964-7d48-4d81-bcdb-bba6f1a43b45,1931250887,Piper hispidum,Piper hispidum Sw.,Piperaceae,Piper,SPECIES,PRESERVED_SPECIMEN,1986-04-30,1986,-71.05,18.85,NA,d415c253-4d61-4459-9d25-4015b9084fb0,NY,NY,22,01,SAN JUAN,072201,874cd68abffffff
f7e9ff45-8a15-4fdf-a6b6-72af2b3ced83,1056526706,Spiranthes torta,Spiranthes torta (Thunb.) Garay & H.R.Sweet,Orchidaceae,Spiranthes,SPECIES,PRESERVED_SPECIMEN,1946-09-18,1946,-71.1667,19.05,NA,7e380070-f762-11e1-a439-00145eb45e9a,NHMUK,BOT,22,01,SAN JUAN,072201,874c896ebffffff
f8320b61-aa2a-43c4-a963-ee204ef3980a,1931275214,Pecluma M.G.Price,Pecluma M.G.Price,Polypodiaceae,Pecluma,GENUS,PRESERVED_SPECIMEN,1982-06-24,1982,-71.3,19,NA,d415c253-4d61-4459-9d25-4015b9084fb0,NY,NY,22,01,SAN JUAN,072201,874cd6d0dffffff
fabfc10c-f6aa-4f05-942c-0428b3ab0c7e,1931312551,Elaphoglossum tambillense,Elaphoglossum tambillense (Hook.) T.Moore,Dryopteridaceae,Elaphoglossum,SPECIES,PRESERVED_SPECIMEN,1946-09-20,1946,-71.1833,19.0333,NA,d415c253-4d61-4459-9d25-4015b9084fb0,NY,NY,22,01,SAN JUAN,072201,874c896c8ffffff
fb56a5f8-a654-4145-a4f0-7f7b6e2e7dfa,1931319262,Miconia racemosa,Miconia racemosa (Aubl.) DC.,Melastomataceae,Miconia,SPECIES,PRESERVED_SPECIMEN,1982-03-03,1982,-71.3,19.13,NA,d415c253-4d61-4459-9d25-4015b9084fb0,NY,NY,22,01,SAN JUAN,072201,874c8968cffffff
fb78814b-cb55-42a7-91cc-fe90adb76578,1931321212,Diplazium fuertesii,Diplazium fuertesii Brause,Athyriaceae,Diplazium,SPECIES,PRESERVED_SPECIMEN,1986-04-30,1986,-71.05,18.87,NA,d415c253-4d61-4459-9d25-4015b9084fb0,NY,NY,22,01,SAN JUAN,072201,874cd68a8ffffff
fd16c1be-8d72-4972-8e5c-29c4cb2542f3,4079747596,Baccharis myrsinites,Baccharis myrsinites Pers.,Asteraceae,Baccharis,SPECIES,PRESERVED_SPECIMEN,1946-10-10,1946,-71.195927,19.025534,751,3b040a48-deae-485c-95b1-2ac80b7fdc54,IIBZ,USD,22,01,SAN JUAN,072201,874c896caffffff
ff2575db-927b-4beb-ace3-b6810172bfb0,1931372659,Miconia scabrosa,Sagraea scabrosa Naudin,Melastomataceae,Miconia,SPECIES,PRESERVED_SPECIMEN,1986-04-30,1986,-71.05,18.85,NA,d415c253-4d61-4459-9d25-4015b9084fb0,NY,NY,22,01,SAN JUAN,072201,874cd68abffffff
http://coldb.mnhn.fr/catalognumber/mnhn/p/p04956065,667716405,Suberanthus brachycarpus,Rondeletia brachycarpa (Griseb.) C.Wright,Rubiaceae,Suberanthus,SPECIES,PRESERVED_SPECIMEN,1940-11-24,1940,-71.2,19,NA,b5cdf794-8fa4-4a85-8b26-755d087bf531,MNHN,P,22,01,SAN JUAN,072201,874cd6d64ffffff
http://n2t.net/ark:/65665/310e17ade-999e-4e60-a140-9155308b8375,1317583982,Morella picardae,Morella picardae (Krug & Urb.) Wilbur,Myricaceae,Morella,SPECIES,PRESERVED_SPECIMEN,1986-04-30,1986,-71.05,18.85,NA,821cc27a-e3bb-4bc5-ac34-89ada245069d,US,US,22,01,SAN JUAN,072201,874cd68abffffff
http://n2t.net/ark:/65665/31793ff42-95d8-4b88-be4b-37bcf9350154,1317735684,Myrcia fenzliana,Myrcia fenzliana O.Berg,Myrtaceae,Myrcia,SPECIES,PRESERVED_SPECIMEN,1986-04-30,1986,-71.05,18.85,NA,821cc27a-e3bb-4bc5-ac34-89ada245069d,US,US,22,01,SAN JUAN,072201,874cd68abffffff
http://n2t.net/ark:/65665/319339dba-1881-488f-989c-b570507c4757,1317772287,Daphnopsis crassifolia,Daphnopsis crassifolia (Poir.) Meisn.,Thymelaeaceae,Daphnopsis,SPECIES,PRESERVED_SPECIMEN,1986-05-01,1986,-71.05,18.88,NA,821cc27a-e3bb-4bc5-ac34-89ada245069d,US,US,22,01,SAN JUAN,072201,874cd68acffffff
http://n2t.net/ark:/65665/3225022fb-acad-45cf-8899-b522315ff85f,1317978477,Chrysophyllum argenteum,Chrysophyllum argenteum Jacq.,Sapotaceae,Chrysophyllum,SPECIES,PRESERVED_SPECIMEN,1986-04-30,1986,-71.05,18.85,NA,821cc27a-e3bb-4bc5-ac34-89ada245069d,US,US,22,01,SAN JUAN,072201,874cd68abffffff
http://n2t.net/ark:/65665/328dc8399-55ff-4092-8aba-da221710d47f,1318126781,Cestrum coelophlebium,Cestrum coelophlebium O.E.Schulz,Solanaceae,Cestrum,SPECIES,PRESERVED_SPECIMEN,1986-04-30,1986,-71.05,18.85,NA,821cc27a-e3bb-4bc5-ac34-89ada245069d,US,US,22,01,SAN JUAN,072201,874cd68abffffff
http://n2t.net/ark:/65665/3295beda8-e689-4ce0-82c9-a19b54800a08,1318137982,Aiouea montana,Cinnamomum triplinerve (Ruiz & Pav.) Kosterm.,Lauraceae,Aiouea,SPECIES,PRESERVED_SPECIMEN,1996-03-16,1996,-71.25,19.03,NA,821cc27a-e3bb-4bc5-ac34-89ada245069d,US,US,22,01,SAN JUAN,072201,874c896d8ffffff
http://n2t.net/ark:/65665/32bff213b-7140-46b6-b3cb-dbbf11dde5aa,1318197287,Ficus americana,Ficus americana subsp. americana,Moraceae,Ficus,SUBSPECIES,PRESERVED_SPECIMEN,1986-04-30,1986,-71.05,18.85,NA,821cc27a-e3bb-4bc5-ac34-89ada245069d,US,US,22,01,SAN JUAN,072201,874cd68abffffff
http://n2t.net/ark:/65665/32d65f304-5e98-48c6-992f-234cf83456fa,1318228932,Rhytidophyllum grandiflorum,Rhytidophyllum grandiflorum Z.R.Xu & L.E.Skog ex Zanoni & Jiménez Rodr.,Gesneriaceae,Rhytidophyllum,SPECIES,PRESERVED_SPECIMEN,1946-09-17/1946-09-20,1946,-71.28,18.98,NA,821cc27a-e3bb-4bc5-ac34-89ada245069d,US,US,22,01,SAN JUAN,072201,874cd6d72ffffff
http://n2t.net/ark:/65665/330eee83c-7b7a-4c3e-ad40-37cac7bb1ba8,1318308805,Guettarda pungens,Guettarda pungens Urb.,Rubiaceae,Guettarda,SPECIES,PRESERVED_SPECIMEN,1986-05-01,1986,-71.05,18.88,NA,821cc27a-e3bb-4bc5-ac34-89ada245069d,US,US,22,01,SAN JUAN,072201,874cd68acffffff
http://n2t.net/ark:/65665/3358dba1a-55cc-437b-9e8a-ff8984cf0272,1318413224,Narvalina domingensis,Narvalina domingensis (Cass.) Less.,Asteraceae,Narvalina,SPECIES,PRESERVED_SPECIMEN,2011-06-30,2011,-71.2962,18.985,NA,821cc27a-e3bb-4bc5-ac34-89ada245069d,US,US,22,01,SAN JUAN,072201,874cd6d09ffffff
http://n2t.net/ark:/65665/359a0b536-7039-40ed-8cb1-7587a60f538e,1319228335,Diplazium fuertesii,Diplazium fuertesii Brause,Athyriaceae,Diplazium,SPECIES,PRESERVED_SPECIMEN,1986-04-30,1986,-71.05,18.85,NA,821cc27a-e3bb-4bc5-ac34-89ada245069d,US,US,22,01,SAN JUAN,072201,874cd68abffffff
http://n2t.net/ark:/65665/35f164b5c-d29f-4c9a-a2d4-eb1932bbb33b,1319352006,Symplocos martinicensis,Symplocos martinicensis Jacq.,Symplocaceae,Symplocos,SPECIES,PRESERVED_SPECIMEN,1986-04-30,1986,-71.05,18.85,NA,821cc27a-e3bb-4bc5-ac34-89ada245069d,US,US,22,01,SAN JUAN,072201,874cd68abffffff
http://n2t.net/ark:/65665/366f22c08-e3c9-4e58-9091-45fe04705c9c,1319529989,Rondeletia ochracea,Rondeletia ochracea Urb.,Rubiaceae,Rondeletia,SPECIES,PRESERVED_SPECIMEN,1986-05-01,1986,-71.05,18.88,NA,821cc27a-e3bb-4bc5-ac34-89ada245069d,US,US,22,01,SAN JUAN,072201,874cd68acffffff
http://n2t.net/ark:/65665/370f891f4-0c18-454d-a960-85d34c5d7a17,1319756086,Clinopodium vimineum,Clinopodium vimineum (L.) Kuntze,Lamiaceae,Clinopodium,SPECIES,PRESERVED_SPECIMEN,1996-03-16,1996,-71.27,19.02,NA,821cc27a-e3bb-4bc5-ac34-89ada245069d,US,US,22,01,SAN JUAN,072201,874cd6d29ffffff
http://n2t.net/ark:/65665/373f653c6-29f0-4ef3-95bb-7f085a6f49c5,1319824131,Miconia scalpta,"Miconia scalpta (Vent.) Ionta, Judd & Skean",Melastomataceae,Miconia,SPECIES,PRESERVED_SPECIMEN,1986-04-30,1986,-71.05,18.85,NA,821cc27a-e3bb-4bc5-ac34-89ada245069d,US,US,22,01,SAN JUAN,072201,874cd68abffffff
http://n2t.net/ark:/65665/3754175c7-bd02-4084-b205-81e63ad5f758,1319853303,Clusia clusioides,Clusia clusioides (Griseb.) D'Arcy,Clusiaceae,Clusia,SPECIES,PRESERVED_SPECIMEN,1986-05-01,1986,-71.05,18.88,NA,821cc27a-e3bb-4bc5-ac34-89ada245069d,US,US,22,01,SAN JUAN,072201,874cd68acffffff
http://n2t.net/ark:/65665/384f0e415-4c5c-4eb6-bdc6-b9b3d8464013,1320208129,Miconia prasina,Miconia prasina (Sw.) DC.,Melastomataceae,Miconia,SPECIES,PRESERVED_SPECIMEN,1986-04-30,1986,-71.05,18.85,NA,821cc27a-e3bb-4bc5-ac34-89ada245069d,US,US,22,01,SAN JUAN,072201,874cd68abffffff
http://n2t.net/ark:/65665/387d07877-3940-454e-9b96-08c2d6f3657a,1320273000,Persea krugii,Persea krugii Mez,Lauraceae,Persea,SPECIES,PRESERVED_SPECIMEN,1996-03-14,1996,-71.18,19.03,NA,821cc27a-e3bb-4bc5-ac34-89ada245069d,US,US,22,01,SAN JUAN,072201,874c896c8ffffff
http://n2t.net/ark:/65665/3a6a8a8a8-bdba-45be-8443-cc41aa698043,1320970558,Tabebuia berteroi,Tabebuia berteroi (A.DC.) Britton,Bignoniaceae,Tabebuia,SPECIES,PRESERVED_SPECIMEN,1982-06-24,1982,-71.3,19,NA,821cc27a-e3bb-4bc5-ac34-89ada245069d,US,US,22,01,SAN JUAN,072201,874cd6d0dffffff
http://n2t.net/ark:/65665/3b1dd7ac3-c1e8-47e0-9122-64b01d6074b6,1321224301,Rhytidophyllum auriculatum,Rhytidophyllum auriculatum var. angustatum Urb.,Gesneriaceae,Rhytidophyllum,VARIETY,PRESERVED_SPECIMEN,1946-09-09/1946-09-14,1946,-71.23,18.8,NA,821cc27a-e3bb-4bc5-ac34-89ada245069d,US,US,22,01,SAN JUAN,072201,874cd6c4effffff
http://n2t.net/ark:/65665/3ba0729fd-1cd3-48af-a035-0b56e1cbd530,1321408877,Myrsine coriacea,Myrsine coriacea (Sw.) R.Br. ex Roem. & Schult.,Primulaceae,Myrsine,SPECIES,PRESERVED_SPECIMEN,1986-05-01,1986,-71.05,18.88,NA,821cc27a-e3bb-4bc5-ac34-89ada245069d,US,US,22,01,SAN JUAN,072201,874cd68acffffff
http://n2t.net/ark:/65665/3ba41417b-5f90-4c5c-af08-6aee7a1793f1,1321413993,Rhytidophyllum grandiflorum,Rhytidophyllum grandiflorum Z.R.Xu & L.E.Skog ex Zanoni & Jiménez Rodr.,Gesneriaceae,Rhytidophyllum,SPECIES,PRESERVED_SPECIMEN,1946-09-17/1946-09-20,1946,-71.28,18.98,NA,821cc27a-e3bb-4bc5-ac34-89ada245069d,US,US,22,01,SAN JUAN,072201,874cd6d72ffffff
http://n2t.net/ark:/65665/3c169cf35-3d5e-48a8-9817-7aab1a1874ab,1321576184,Rhytidophyllum auriculatum,Rhytidophyllum auriculatum var. angustatum Urb.,Gesneriaceae,Rhytidophyllum,VARIETY,PRESERVED_SPECIMEN,1929-09-26,1929,-71.1,18.8,NA,821cc27a-e3bb-4bc5-ac34-89ada245069d,US,US,22,01,SAN JUAN,072201,874cd6124ffffff
http://n2t.net/ark:/65665/3cc8ac043-a0fc-4c80-8c25-85df7741ece4,1321826639,Rhytidophyllum auriculatum,Rhytidophyllum auriculatum var. angustatum Urb.,Gesneriaceae,Rhytidophyllum,VARIETY,PRESERVED_SPECIMEN,1946-09-09/1946-09-14,1946,-71.28,18.98,NA,821cc27a-e3bb-4bc5-ac34-89ada245069d,US,US,22,01,SAN JUAN,072201,874cd6d72ffffff
http://n2t.net/ark:/65665/3e8a237bb-35b6-46c4-b4b7-e06f024e1a6e,1322461487,Diplazium cristatum,Diplazium cristatum (Desr.) Alston,Athyriaceae,Diplazium,SPECIES,PRESERVED_SPECIMEN,1986-04-30,1986,-71.05,18.85,NA,821cc27a-e3bb-4bc5-ac34-89ada245069d,US,US,22,01,SAN JUAN,072201,874cd68abffffff
http://n2t.net/ark:/65665/3ed96759e-c818-4b7b-b689-9d7b579e5327,1322573429,Tillandsia schiedeana,Tillandsia schiedeana Steud.,Bromeliaceae,Tillandsia,SPECIES,PRESERVED_SPECIMEN,1982-06-24,1982,-71.3,19,NA,821cc27a-e3bb-4bc5-ac34-89ada245069d,US,US,22,01,SAN JUAN,072201,874cd6d0dffffff
http://n2t.net/ark:/65665/3f0e445ee-b35b-4ddc-9652-28a8c66b3785,1322647903,Tillandsia fendleri,Tillandsia fendleri var. fendleri,Bromeliaceae,Tillandsia,VARIETY,PRESERVED_SPECIMEN,1986-05-01,1986,-71.05,18.88,NA,821cc27a-e3bb-4bc5-ac34-89ada245069d,US,US,22,01,SAN JUAN,072201,874cd68acffffff
http://n2t.net/ark:/65665/3f38da042-efa1-49fa-8f53-5b5707391716,1322707781,Miconia laevigata,Miconia laevigata (L.) DC.,Melastomataceae,Miconia,SPECIES,PRESERVED_SPECIMEN,1986-04-30,1986,-71.05,18.85,NA,821cc27a-e3bb-4bc5-ac34-89ada245069d,US,US,22,01,SAN JUAN,072201,874cd68abffffff
http://specimens.kew.org/herbarium/K000331022,912286431,Myrcia picachoana,Calyptranthes picachoana Urb. & Ekman,Myrtaceae,Myrcia,SPECIES,PRESERVED_SPECIMEN,1929-09-07T00:00,1929,-71.166667,18.966667,NA,cd6e21c8-9e8a-493a-8a76-fbf7862069e5,K,Herbarium,22,01,SAN JUAN,072201,874cd6d6cffffff
http://specimens.kew.org/herbarium/K001403982,5159789330,Pilea Lindl.,Pilea Lindl.,Urticaceae,Pilea,GENUS,PRESERVED_SPECIMEN,1988-07-08T00:00,1988,-71.2,19.083333,NA,cd6e21c8-9e8a-493a-8a76-fbf7862069e5,K,Herbarium,22,01,SAN JUAN,072201,874c896c5ffffff
https://data.biodiversitydata.nl/naturalis/specimen/L.4166061,2516995084,Badiera fuertesii,Badiera fuertesii Urb.,Polygalaceae,Badiera,SPECIES,PRESERVED_SPECIMEN,2006-05-31,2006,-71.22692,19.07389,NA,15f819bd-6612-4447-854b-14d12ee1022d,,Botany,22,01,SAN JUAN,072201,874c896c0ffffff
https://data.biodiversitydata.nl/naturalis/specimen/U.1136061,2517059581,Narvalina domingensis,Narvalina domingensis (Cass.) Less.,Asteraceae,Narvalina,SPECIES,PRESERVED_SPECIMEN,1982-06-24,1982,-71.3,19,NA,15f819bd-6612-4447-854b-14d12ee1022d,,Botany,22,01,SAN JUAN,072201,874cd6d0dffffff
https://data.biodiversitydata.nl/naturalis/specimen/U.1242064,2515474212,Chamaecrista nictitans,Chamaecrista nictitans (L.) Moench,Fabaceae,Chamaecrista,SPECIES,PRESERVED_SPECIMEN,1988-07-08,1988,-71.21667,19.03333,NA,15f819bd-6612-4447-854b-14d12ee1022d,,Botany,22,01,SAN JUAN,072201,874c896ddffffff
https://data.biodiversitydata.nl/naturalis/specimen/U.1259020,2515399181,Poitea dubia,Corynella dubia (Poir.) Urb.,Fabaceae,Poitea,SPECIES,PRESERVED_SPECIMEN,1982-03-30,1982,-71.28333,18.975,NA,15f819bd-6612-4447-854b-14d12ee1022d,,Botany,22,01,SAN JUAN,072201,874cd6d54ffffff
https://data.biodiversitydata.nl/naturalis/specimen/U.1342519,2517191442,Gladiolus gandavensis,Gladiolus × hortulanus L.H.Bailey,Iridaceae,Gladiolus,SPECIES,PRESERVED_SPECIMEN,1988-07-08,1988,-71.21667,19.03333,NA,15f819bd-6612-4447-854b-14d12ee1022d,,Botany,22,01,SAN JUAN,072201,874c896ddffffff
https://data.biodiversitydata.nl/naturalis/specimen/U.1385923,2517015396,Miconia laevigata,Miconia laevigata (L.) DC.,Melastomataceae,Miconia,SPECIES,PRESERVED_SPECIMEN,1982-03-03,1982,-71.3,19.13333,NA,15f819bd-6612-4447-854b-14d12ee1022d,,Botany,22,01,SAN JUAN,072201,874c8968cffffff
https://data.biodiversitydata.nl/naturalis/specimen/U.1481787,2517491404,Picramnia pentandra,Picramnia pentandra Sw.,Picramniaceae,Picramnia,SPECIES,PRESERVED_SPECIMEN,1982-06-24,1982,-71.3,19,NA,15f819bd-6612-4447-854b-14d12ee1022d,,Botany,22,01,SAN JUAN,072201,874cd6d0dffffff
https://data.biodiversitydata.nl/naturalis/specimen/U.1523288,2517536967,Pontederia crassipes,Eichhornia crassipes (Mart.) Solms,Pontederiaceae,Pontederia,SPECIES,PRESERVED_SPECIMEN,1984-03-27,1984,-71.21667,18.78333,NA,15f819bd-6612-4447-854b-14d12ee1022d,,Botany,22,01,SAN JUAN,072201,874cd6c48ffffff
https://herbarium.bgbm.org/object/B100525455,1839044388,Ruehssia clausa,"Ruehssia clausa (R.Br.) Liede, S.Reuss & Meve",Apocynaceae,Ruehssia,SPECIES,PRESERVED_SPECIMEN,1946-09-09,1946,-71.26667,19,NA,85714c48-f762-11e1-a439-00145eb45e9a,B,Herbarium Berolinense,22,01,SAN JUAN,072201,874cd6d74ffffff
https://specieslink.net/guid/2/92183,2273362971,Miconia acuminoides,Mecranium acuminatum (DC.) Skean,Melastomataceae,Miconia,SPECIES,PRESERVED_SPECIMEN,1986-04-30,1986,-71.05,18.85,NA,7741a517-ab3d-4b85-ae58-56322e44c8ce,UNICAMP,UEC,22,01,SAN JUAN,072201,874cd68abffffff
https://www.inaturalist.org/observations/100554095,3743241411,Cajanus cajan,Cajanus cajan (L.) Huth,Fabaceae,Cajanus,SPECIES,HUMAN_OBSERVATION,2021-11-07T10:16Z,2021,-71.246537,18.949486,19,50c9509d-22c7-4a22-a47d-8c48425ef4a7,iNaturalist,Observations,22,01,SAN JUAN,072201,874cd6d42ffffff
https://www.inaturalist.org/observations/105716004,3466539424,Clusia rosea,Clusia rosea Jacq.,Clusiaceae,Clusia,SPECIES,HUMAN_OBSERVATION,2018-08-23T20:58Z,2018,-71.186392,18.781658,203,50c9509d-22c7-4a22-a47d-8c48425ef4a7,iNaturalist,Observations,22,01,SAN JUAN,072201,874cd6c4dffffff
https://www.inaturalist.org/observations/116461414,3785003487,Zinnia elegans,Zinnia elegans Jacq.,Asteraceae,Zinnia,SPECIES,HUMAN_OBSERVATION,2022-05-10T15:29:28,2022,-71.349694,18.888797,5,50c9509d-22c7-4a22-a47d-8c48425ef4a7,iNaturalist,Observations,22,01,SAN JUAN,072201,874cd6c01ffffff
https://www.inaturalist.org/observations/143278453,4009762666,Dianthera secunda,Dianthera secunda (Lam.) Griseb.,Acanthaceae,Dianthera,SPECIES,HUMAN_OBSERVATION,2022-11-28T12:16:58,2022,-71.349722,18.888842,NA,50c9509d-22c7-4a22-a47d-8c48425ef4a7,iNaturalist,Observations,22,01,SAN JUAN,072201,874cd6c01ffffff
https://www.inaturalist.org/observations/152868493,5006725734,Comocladia domingensis,Comocladia domingensis Britton,Anacardiaceae,Comocladia,SPECIES,HUMAN_OBSERVATION,2023-02-04T11:21:49,2023,-71.332496,18.90597,7,50c9509d-22c7-4a22-a47d-8c48425ef4a7,iNaturalist,Observations,22,01,SAN JUAN,072201,874cd6c2affffff
https://www.inaturalist.org/observations/187147047,4430541055,Pinochia corymbosa,Pinochia corymbosa (Jacq.) M.E.Endress & B.F.Hansen,Apocynaceae,Pinochia,SPECIES,HUMAN_OBSERVATION,2023-09-30T13:03:07,2023,-71.159519,18.832673,1299,50c9509d-22c7-4a22-a47d-8c48425ef4a7,iNaturalist,Observations,22,01,SAN JUAN,072201,874cd6c6dffffff
https://www.inaturalist.org/observations/187147147,4430539967,Tillandsia fasciculata,Tillandsia fasciculata Sw.,Bromeliaceae,Tillandsia,SPECIES,HUMAN_OBSERVATION,2023-09-30T16:35:56,2023,-71.154692,18.83609,1100,50c9509d-22c7-4a22-a47d-8c48425ef4a7,iNaturalist,Observations,22,01,SAN JUAN,072201,874cd689effffff
https://www.inaturalist.org/observations/187147212,4431018056,Anacardium excelsum,Anacardium excelsum (Bertero & Balb.) Skeels,Anacardiaceae,Anacardium,SPECIES,HUMAN_OBSERVATION,2023-09-30T17:45:46,2023,-71.157152,18.8458,9,50c9509d-22c7-4a22-a47d-8c48425ef4a7,iNaturalist,Observations,22,01,SAN JUAN,072201,874cd6893ffffff
https://www.inaturalist.org/observations/187147297,6185551267,Bromelia pinguin,Bromelia pinguin L.,Bromeliaceae,Bromelia,SPECIES,HUMAN_OBSERVATION,2023-09-30T18:11:48,2023,-71.156878,18.842925,9,50c9509d-22c7-4a22-a47d-8c48425ef4a7,iNaturalist,Observations,22,01,SAN JUAN,072201,874cd6893ffffff
https://www.inaturalist.org/observations/187147371,4430974020,Azadirachta indica,Azadirachta indica A.Juss.,Meliaceae,Azadirachta,SPECIES,HUMAN_OBSERVATION,2023-09-30T18:17:33,2023,-71.156543,18.842127,8,50c9509d-22c7-4a22-a47d-8c48425ef4a7,iNaturalist,Observations,22,01,SAN JUAN,072201,874cd6893ffffff
https://www.inaturalist.org/observations/187147409,4524970356,Bursera simaruba,Bursera simaruba (L.) Sarg.,Burseraceae,Bursera,SPECIES,HUMAN_OBSERVATION,2023-09-30T18:27:34,2023,-71.156702,18.840323,8,50c9509d-22c7-4a22-a47d-8c48425ef4a7,iNaturalist,Observations,22,01,SAN JUAN,072201,874cd6893ffffff
https://www.inaturalist.org/observations/187147417,4431018945,Ipomoea carnea,Ipomoea carnea subsp. fistulosa (Mart. ex Choisy) D.F.Austin,Convolvulaceae,Ipomoea,SUBSPECIES,HUMAN_OBSERVATION,2023-10-01T11:15:56,2023,-71.156962,18.84056,8,50c9509d-22c7-4a22-a47d-8c48425ef4a7,iNaturalist,Observations,22,01,SAN JUAN,072201,874cd6893ffffff
https://www.inaturalist.org/observations/187147488,4431030965,Crescentia cujete,Crescentia cujete L.,Bignoniaceae,Crescentia,SPECIES,HUMAN_OBSERVATION,2023-10-01T11:29:25,2023,-71.157277,18.841068,9,50c9509d-22c7-4a22-a47d-8c48425ef4a7,iNaturalist,Observations,22,01,SAN JUAN,072201,874cd6893ffffff
https://www.inaturalist.org/observations/213165175,4855444812,Centrosema virginianum,Centrosema virginianum (L.) Benth.,Fabaceae,Centrosema,SPECIES,HUMAN_OBSERVATION,2024-04-11T11:03:51,2024,-71.230466,18.8,NA,50c9509d-22c7-4a22-a47d-8c48425ef4a7,iNaturalist,Observations,22,01,SAN JUAN,072201,874cd6c4effffff
https://www.inaturalist.org/observations/213166694,4855197639,Hymenocallis latifolia,Hymenocallis latifolia (Mill.) M.Roem.,Amaryllidaceae,Hymenocallis,SPECIES,HUMAN_OBSERVATION,2024-04-11T09:31:43,2024,-71.230527,18.799814,NA,50c9509d-22c7-4a22-a47d-8c48425ef4a7,iNaturalist,Observations,22,01,SAN JUAN,072201,874cd6c4effffff
https://www.inaturalist.org/observations/215040694,4863890053,Tabernaemontana divaricata,Tabernaemontana divaricata (L.) R.Br. ex Roem. & Schult.,Apocynaceae,Tabernaemontana,SPECIES,HUMAN_OBSERVATION,2024-04-11T09:42:32,2024,-71.230529,18.799673,NA,50c9509d-22c7-4a22-a47d-8c48425ef4a7,iNaturalist,Observations,22,01,SAN JUAN,072201,874cd6c4effffff
https://www.inaturalist.org/observations/289918869,5198932504,Turnera ulmifolia,Turnera ulmifolia L.,Passifloraceae,Turnera,SPECIES,HUMAN_OBSERVATION,2025-06-15T10:17:02,2025,-71.28074,18.998685,3,50c9509d-22c7-4a22-a47d-8c48425ef4a7,iNaturalist,Observations,22,01,SAN JUAN,072201,874cd6d76ffffff
https://www.inaturalist.org/observations/289919029,5198869453,Centrosema virginianum,Centrosema virginianum (L.) Benth.,Fabaceae,Centrosema,SPECIES,HUMAN_OBSERVATION,2025-06-15T10:21:58,2025,-71.280266,18.999226,5,50c9509d-22c7-4a22-a47d-8c48425ef4a7,iNaturalist,Observations,22,01,SAN JUAN,072201,874cd6d76ffffff
https://www.inaturalist.org/observations/289919360,5205904644,Narvalina domingensis,Narvalina domingensis (Cass.) Less.,Asteraceae,Narvalina,SPECIES,HUMAN_OBSERVATION,2025-06-15T10:23:56,2025,-71.280041,18.999199,8,50c9509d-22c7-4a22-a47d-8c48425ef4a7,iNaturalist,Observations,22,01,SAN JUAN,072201,874cd6d76ffffff
https://www.inaturalist.org/observations/290532217,5206053702,Corchorus hirsutus,Corchorus hirsutus L.,Malvaceae,Corchorus,SPECIES,HUMAN_OBSERVATION,2025-06-15T09:03:30,2025,-71.283897,18.984059,3,50c9509d-22c7-4a22-a47d-8c48425ef4a7,iNaturalist,Observations,22,01,SAN JUAN,072201,874cd6d72ffffff
https://www.inaturalist.org/observations/290532258,5230793790,Tridax procumbens,Tridax procumbens L.,Asteraceae,Tridax,SPECIES,HUMAN_OBSERVATION,2025-06-15T11:09:44,2025,-71.2796,18.998985,13,50c9509d-22c7-4a22-a47d-8c48425ef4a7,iNaturalist,Observations,22,01,SAN JUAN,072201,874cd6d76ffffff
https://www.inaturalist.org/observations/290532293,5205836720,Narvalina domingensis,Narvalina domingensis (Cass.) Less.,Asteraceae,Narvalina,SPECIES,HUMAN_OBSERVATION,2025-06-15T11:15:45,2025,-71.279896,18.999163,6,50c9509d-22c7-4a22-a47d-8c48425ef4a7,iNaturalist,Observations,22,01,SAN JUAN,072201,874cd6d76ffffff
https://www.inaturalist.org/observations/290532372,5206491697,Centrosema virginianum,Centrosema virginianum (L.) Benth.,Fabaceae,Centrosema,SPECIES,HUMAN_OBSERVATION,2025-06-15T11:24:01,2025,-71.28083,18.998847,101,50c9509d-22c7-4a22-a47d-8c48425ef4a7,iNaturalist,Observations,22,01,SAN JUAN,072201,874cd6d76ffffff
https://www.inaturalist.org/observations/300921032,5237940121,Consolea moniliformis,Consolea moniliformis (L.) A.Berger,Cactaceae,Consolea,SPECIES,HUMAN_OBSERVATION,2025-07-25T08:51:18,2025,-71.078788,18.764493,4,50c9509d-22c7-4a22-a47d-8c48425ef4a7,iNaturalist,Observations,22,01,SAN JUAN,072201,874cd6121ffffff
https://www.inaturalist.org/observations/301075480,5237782225,Stenocereus heptagonus,Stenocereus heptagonus (L.) Mottram,Cactaceae,Stenocereus,SPECIES,HUMAN_OBSERVATION,2025-07-25T08:50:51,2025,-71.078781,18.764507,4,50c9509d-22c7-4a22-a47d-8c48425ef4a7,iNaturalist,Observations,22,01,SAN JUAN,072201,874cd6121ffffff
https://www.inaturalist.org/observations/301075547,5237923249,Stenocereus heptagonus,Stenocereus heptagonus (L.) Mottram,Cactaceae,Stenocereus,SPECIES,HUMAN_OBSERVATION,2025-07-25T08:48:53,2025,-71.078734,18.764495,4,50c9509d-22c7-4a22-a47d-8c48425ef4a7,iNaturalist,Observations,22,01,SAN JUAN,072201,874cd6121ffffff
https://www.inaturalist.org/observations/301075736,5282133276,Dendrophylax varius,Dendrophylax varius (Aubl.) Urb.,Orchidaceae,Dendrophylax,SPECIES,HUMAN_OBSERVATION,2025-07-25T10:06:53,2025,-71.076844,18.761389,4,50c9509d-22c7-4a22-a47d-8c48425ef4a7,iNaturalist,Observations,22,01,SAN JUAN,072201,874cd6121ffffff
https://www.inaturalist.org/observations/301076997,5282080391,Psychilis cogniauxii,Psychilis cogniauxii (L.O.Williams) Sauleda,Orchidaceae,Psychilis,SPECIES,HUMAN_OBSERVATION,2025-07-25T11:28:37,2025,-71.076814,18.760725,4,50c9509d-22c7-4a22-a47d-8c48425ef4a7,iNaturalist,Observations,22,01,SAN JUAN,072201,874cd6121ffffff
https://www.inaturalist.org/observations/305556132,5292150542,Asclepias curassavica,Asclepias curassavica L.,Apocynaceae,Asclepias,SPECIES,HUMAN_OBSERVATION,2025-08-09T13:29:26,2025,-71.316422,18.95867,8,50c9509d-22c7-4a22-a47d-8c48425ef4a7,iNaturalist,Observations,22,01,SAN JUAN,072201,874cd6c25ffffff
https://www.inaturalist.org/observations/305556257,5292125497,Mesechites repens,Mesechites repens (Jacq.) Miers,Apocynaceae,Mesechites,SPECIES,HUMAN_OBSERVATION,2025-08-09T13:14:14,2025,-71.302545,18.963445,5,50c9509d-22c7-4a22-a47d-8c48425ef4a7,iNaturalist,Observations,22,01,SAN JUAN,072201,874cd6d56ffffff
https://www.inaturalist.org/observations/305556461,5292062648,Echites umbellatus,Echites umbellatus Jacq.,Apocynaceae,Echites,SPECIES,HUMAN_OBSERVATION,2025-08-09T13:15:44,2025,-71.302513,18.963447,9,50c9509d-22c7-4a22-a47d-8c48425ef4a7,iNaturalist,Observations,22,01,SAN JUAN,072201,874cd6d56ffffff
https://www.inaturalist.org/observations/305556772,5293088249,Jatropha gossypiifolia,Jatropha gossypiifolia L.,Euphorbiaceae,Jatropha,SPECIES,HUMAN_OBSERVATION,2025-08-09T13:02:43,2025,-71.290695,18.978803,6,50c9509d-22c7-4a22-a47d-8c48425ef4a7,iNaturalist,Observations,22,01,SAN JUAN,072201,874cd6d09ffffff
https://www.inaturalist.org/observations/305556952,5828335830,Trichilia pallida,Trichilia pallida Sw.,Meliaceae,Trichilia,SPECIES,HUMAN_OBSERVATION,2025-08-09T13:01:28,2025,-71.290695,18.978805,7,50c9509d-22c7-4a22-a47d-8c48425ef4a7,iNaturalist,Observations,22,01,SAN JUAN,072201,874cd6d09ffffff
https://www.inaturalist.org/observations/306009082,5292654643,Lantana montevidensis,Lantana montevidensis (Spreng.) Briq.,Verbenaceae,Lantana,SPECIES,HUMAN_OBSERVATION,2025-08-09T12:51:10,2025,-71.290987,18.978472,5,50c9509d-22c7-4a22-a47d-8c48425ef4a7,iNaturalist,Observations,22,01,SAN JUAN,072201,874cd6d09ffffff
https://www.inaturalist.org/observations/306299735,5292910191,Rivina humilis,Rivina humilis L.,Petiveriaceae,Rivina,SPECIES,HUMAN_OBSERVATION,2025-08-09T12:50:25,2025,-71.290908,18.978467,3,50c9509d-22c7-4a22-a47d-8c48425ef4a7,iNaturalist,Observations,22,01,SAN JUAN,072201,874cd6d09ffffff
https://www.inaturalist.org/observations/307399301,5292913291,Portulaca oleracea,Portulaca oleracea L.,Portulacaceae,Portulaca,SPECIES,HUMAN_OBSERVATION,2025-08-09T12:40:39,2025,-71.290787,18.978433,4,50c9509d-22c7-4a22-a47d-8c48425ef4a7,iNaturalist,Observations,22,01,SAN JUAN,072201,874cd6d09ffffff
https://www.inaturalist.org/observations/307399350,5291966657,Solanum americanum,Solanum americanum Mill.,Solanaceae,Solanum,SPECIES,HUMAN_OBSERVATION,2025-08-09T12:39:49,2025,-71.290795,18.97845,4,50c9509d-22c7-4a22-a47d-8c48425ef4a7,iNaturalist,Observations,22,01,SAN JUAN,072201,874cd6d09ffffff
https://www.inaturalist.org/observations/307399406,5761193689,Varronia serrata,Varronia serrata (L.) Borhidi,Cordiaceae,Varronia,SPECIES,HUMAN_OBSERVATION,2025-08-09T12:48:08,2025,-71.290887,18.978463,4,50c9509d-22c7-4a22-a47d-8c48425ef4a7,iNaturalist,Observations,22,01,SAN JUAN,072201,874cd6d09ffffff
https://www.inaturalist.org/observations/307399452,5292037551,Kalanchoe pinnata,Kalanchoe pinnata (Lam.) Pers.,Crassulaceae,Kalanchoe,SPECIES,HUMAN_OBSERVATION,2025-08-09T12:40:23,2025,-71.290787,18.978428,5,50c9509d-22c7-4a22-a47d-8c48425ef4a7,iNaturalist,Observations,22,01,SAN JUAN,072201,874cd6d09ffffff
https://www.inaturalist.org/observations/307399593,5291940953,Tillandsia usneoides,Tillandsia usneoides (L.) L.,Bromeliaceae,Tillandsia,SPECIES,HUMAN_OBSERVATION,2025-08-09T12:35:30,2025,-71.290847,18.978505,4,50c9509d-22c7-4a22-a47d-8c48425ef4a7,iNaturalist,Observations,22,01,SAN JUAN,072201,874cd6d09ffffff
https://www.inaturalist.org/observations/307399656,5292803357,Leucaena leucocephala,Leucaena leucocephala (Lam.) de Wit,Fabaceae,Leucaena,SPECIES,HUMAN_OBSERVATION,2025-08-09T12:37:32,2025,-71.290703,18.97853,7,50c9509d-22c7-4a22-a47d-8c48425ef4a7,iNaturalist,Observations,22,01,SAN JUAN,072201,874cd6d09ffffff
https://www.inaturalist.org/observations/307399698,5292037923,Chiococca alba,Chiococca alba (L.) Hitchc.,Rubiaceae,Chiococca,SPECIES,HUMAN_OBSERVATION,2025-08-09T12:26:43,2025,-71.290763,18.978687,7,50c9509d-22c7-4a22-a47d-8c48425ef4a7,iNaturalist,Observations,22,01,SAN JUAN,072201,874cd6d09ffffff
https://www.inaturalist.org/observations/307399806,5935594957,Azadirachta indica,Azadirachta indica A.Juss.,Meliaceae,Azadirachta,SPECIES,HUMAN_OBSERVATION,2025-08-09T13:05:19,2025,-71.290475,18.978553,4,50c9509d-22c7-4a22-a47d-8c48425ef4a7,iNaturalist,Observations,22,01,SAN JUAN,072201,874cd6d09ffffff
https://www.inaturalist.org/observations/52888600,3039373594,Boerhavia coccinea,Boerhavia coccinea Mill.,Nyctaginaceae,Boerhavia,SPECIES,HUMAN_OBSERVATION,2020-07-09T10:12:26,2020,-71.234588,18.809382,3,50c9509d-22c7-4a22-a47d-8c48425ef4a7,iNaturalist,Observations,22,01,SAN JUAN,072201,874cd6c43ffffff
https://www.inaturalist.org/observations/52888762,4987519404,Calotropis procera,Calotropis procera (Aiton) W.T.Aiton,Apocynaceae,Calotropis,SPECIES,HUMAN_OBSERVATION,2020-07-09T10:13:19,2020,-71.234425,18.809405,5,50c9509d-22c7-4a22-a47d-8c48425ef4a7,iNaturalist,Observations,22,01,SAN JUAN,072201,874cd6c43ffffff
https://www.inaturalist.org/observations/52888923,3044764592,Arivela viscosa,Cleome viscosa L.,Cleomaceae,Arivela,SPECIES,HUMAN_OBSERVATION,2020-07-09T10:14:33,2020,-71.233948,18.809298,5,50c9509d-22c7-4a22-a47d-8c48425ef4a7,iNaturalist,Observations,22,01,SAN JUAN,072201,874cd6c43ffffff
https://www.inaturalist.org/observations/94073399,3455371711,Cryptostegia grandiflora,Cryptostegia grandiflora (Roxb.) R.Br.,Apocynaceae,Cryptostegia,SPECIES,HUMAN_OBSERVATION,2020-09-04T18:08:01,2020,-71.062645,18.767805,NA,50c9509d-22c7-4a22-a47d-8c48425ef4a7,iNaturalist,Observations,22,01,SAN JUAN,072201,874cd68d2ffffff
https://www.inaturalist.org/observations/94073431,3456510382,Martynia annua,Martynia annua L.,Martyniaceae,Martynia,SPECIES,HUMAN_OBSERVATION,2020-09-05T10:58:16,2020,-71.062027,18.767361,NA,50c9509d-22c7-4a22-a47d-8c48425ef4a7,iNaturalist,Observations,22,01,SAN JUAN,072201,874cd68d2ffffff
q-10024532210,3953129282,Antigonon leptopus,Antigonon leptopus Hook. & Arn.,Polygonaceae,Antigonon,SPECIES,HUMAN_OBSERVATION,2018-04-07T16:14:43.352Z,2018,-71.095012,18.722049,10,14d5676a-2c54-4f94-9023-1e8dcd822aa0,,,22,01,SAN JUAN,072201,874cd6101ffffff
q-10095363427,3956737206,Tridax procumbens,Tridax procumbens L.,Asteraceae,Tridax,SPECIES,HUMAN_OBSERVATION,2019-07-16T16:22:44.408Z,2019,-71.282778,18.908056,NA,14d5676a-2c54-4f94-9023-1e8dcd822aa0,,,22,01,SAN JUAN,072201,874cd6c2dffffff
q-10095363972,2648985204,Persea americana,Persea americana Mill.,Lauraceae,Persea,SPECIES,HUMAN_OBSERVATION,2019-07-16T16:24:25.562Z,2019,-71.282558,18.907904,55,14d5676a-2c54-4f94-9023-1e8dcd822aa0,,,22,01,SAN JUAN,072201,874cd6c2dffffff
q-10095364442,3952291901,Argemone mexicana,Argemone mexicana L.,Papaveraceae,Argemone,SPECIES,HUMAN_OBSERVATION,2019-07-16T16:25:53.276Z,2019,-71.2825,18.908056,NA,14d5676a-2c54-4f94-9023-1e8dcd822aa0,,,22,01,SAN JUAN,072201,874cd6c2dffffff
q-10095366315,3957081589,Argemone mexicana,Argemone mexicana L.,Papaveraceae,Argemone,SPECIES,HUMAN_OBSERVATION,2019-07-16T16:31:43.739Z,2019,-71.2825,18.908056,NA,14d5676a-2c54-4f94-9023-1e8dcd822aa0,,,22,01,SAN JUAN,072201,874cd6c2dffffff
q-10204588710,2977462369,Tridax procumbens,Tridax procumbens L.,Asteraceae,Tridax,SPECIES,HUMAN_OBSERVATION,2020-06-27T23:19:26.281Z,2020,-71.215986,18.793444,NA,14d5676a-2c54-4f94-9023-1e8dcd822aa0,,,22,01,SAN JUAN,072201,874cd6c4effffff
q-10235313731,3958481807,Codiaeum variegatum,Codiaeum variegatum (L.) Rumph. ex A.Juss.,Euphorbiaceae,Codiaeum,SPECIES,HUMAN_OBSERVATION,2020-08-11T12:42:27.212Z,2020,-71.428718,18.86761,8,14d5676a-2c54-4f94-9023-1e8dcd822aa0,,,22,01,SAN JUAN,072201,874cd6cadffffff
q-10310901614,3954324085,Mangifera indica,Mangifera indica L.,Anacardiaceae,Mangifera,SPECIES,HUMAN_OBSERVATION,2021-03-19T19:28:48.854Z,2021,-71.231244,18.795217,65,14d5676a-2c54-4f94-9023-1e8dcd822aa0,,,22,01,SAN JUAN,072201,874cd6c4effffff
q-10463464538,3951829307,Carica papaya,Carica papaya L.,Caricaceae,Carica,SPECIES,HUMAN_OBSERVATION,2021-08-28T14:27:24.472Z,2021,-71.354415,18.884362,4,14d5676a-2c54-4f94-9023-1e8dcd822aa0,,,22,01,SAN JUAN,072201,874cd6c0effffff
q-10473267668,3958499673,Spondias purpurea,Spondias purpurea L.,Anacardiaceae,Spondias,SPECIES,HUMAN_OBSERVATION,2021-09-12T02:24:43.871Z,2021,-71.252883,18.821579,17,14d5676a-2c54-4f94-9023-1e8dcd822aa0,,,22,01,SAN JUAN,072201,874cd6c42ffffff
q-10511853751,3958260097,Breynia disticha,Breynia disticha J.R.Forst. & G.Forst.,Phyllanthaceae,Breynia,SPECIES,HUMAN_OBSERVATION,2021-12-04T22:04:54.441Z,2021,-71.245307,18.805474,21,14d5676a-2c54-4f94-9023-1e8dcd822aa0,,,22,01,SAN JUAN,072201,874cd6c43ffffff
q-10511853930,3958252161,Breynia disticha,Breynia disticha J.R.Forst. & G.Forst.,Phyllanthaceae,Breynia,SPECIES,HUMAN_OBSERVATION,2021-12-04T22:05:52.990Z,2021,-71.245453,18.805414,18,14d5676a-2c54-4f94-9023-1e8dcd822aa0,,,22,01,SAN JUAN,072201,874cd6c43ffffff
q-10512767262,3952357684,Euphorbia milii,Euphorbia milii Des Moul.,Euphorbiaceae,Euphorbia,SPECIES,HUMAN_OBSERVATION,2021-12-08T21:18:10.824Z,2021,-71.192137,18.74497,10,14d5676a-2c54-4f94-9023-1e8dcd822aa0,,,22,01,SAN JUAN,072201,874cd6116ffffff
q-10512781390,3955319991,Ricinus communis,Ricinus communis L.,Euphorbiaceae,Ricinus,SPECIES,HUMAN_OBSERVATION,2021-12-08T22:59:31.762Z,2021,-71.230759,18.790735,NA,14d5676a-2c54-4f94-9023-1e8dcd822aa0,,,22,01,SAN JUAN,072201,874cd6c4effffff
q-10522459568,3954142785,Acalypha wilkesiana,Acalypha wilkesiana Müll.Arg.,Euphorbiaceae,Acalypha,SPECIES,HUMAN_OBSERVATION,2022-01-23T03:46:09.501Z,2022,-71.218043,18.812967,4,14d5676a-2c54-4f94-9023-1e8dcd822aa0,,,22,01,SAN JUAN,072201,874cd6c41ffffff
q-10526061102,3958729524,Heliotropium indicum,Heliotropium indicum L.,Heliotropiaceae,Heliotropium,SPECIES,HUMAN_OBSERVATION,2022-02-07T20:25:18.770Z,2022,-71.158213,18.806085,4,14d5676a-2c54-4f94-9023-1e8dcd822aa0,,,22,01,SAN JUAN,072201,874cd6c69ffffff
q-10554865466,3954588123,Breynia disticha,Breynia disticha J.R.Forst. & G.Forst.,Phyllanthaceae,Breynia,SPECIES,HUMAN_OBSERVATION,2022-04-15T22:27:28.487Z,2022,-71.143923,18.831759,4,14d5676a-2c54-4f94-9023-1e8dcd822aa0,,,22,01,SAN JUAN,072201,874cd689effffff
q-10554867028,3954588124,Breynia disticha,Breynia disticha J.R.Forst. & G.Forst.,Phyllanthaceae,Breynia,SPECIES,HUMAN_OBSERVATION,2022-04-15T22:33:10.491Z,2022,-71.142066,18.831565,5,14d5676a-2c54-4f94-9023-1e8dcd822aa0,,,22,01,SAN JUAN,072201,874cd689effffff
q-10618856455,3959971306,Plumeria rubra,Plumeria rubra L.,Apocynaceae,Plumeria,SPECIES,HUMAN_OBSERVATION,2022-06-11T13:03:52.185Z,2022,-71.226772,18.802022,NA,14d5676a-2c54-4f94-9023-1e8dcd822aa0,,,22,01,SAN JUAN,072201,874cd6c4effffff
q-10697022870,3998434498,Coccoloba uvifera,Coccoloba uvifera (L.) L.,Polygonaceae,Coccoloba,SPECIES,HUMAN_OBSERVATION,2022-09-23T14:56:14.704Z,2022,-71.225795,18.813718,9,14d5676a-2c54-4f94-9023-1e8dcd822aa0,,,22,01,SAN JUAN,072201,874cd6c41ffffff
urn:catalog:ALTA-VP:19289,883381739,Elaphoglossum piloselloides,Elaphoglossum piloselloides (C.Presl) T.Moore,Dryopteridaceae,Elaphoglossum,SPECIES,PRESERVED_SPECIMEN,1946-09-18,1946,-71.167479,19.053907,2500,2429287b-ef65-4cfd-afcc-11cc3ba95cca,University of Alberta Museums,ALTA-VP,22,01,SAN JUAN,072201,874c896ebffffff
urn:catalog:MO:Tropicos:100832725,1258161658,Pectis prostrata,Pectis prostrata Cav.,Asteraceae,Pectis,SPECIES,PRESERVED_SPECIMEN,2007-07-25,2007,-71.283333,18.966667,NA,7bd65a7a-f762-11e1-a439-00145eb45e9a,MO,Tropicos,22,01,SAN JUAN,072201,874cd6d54ffffff
urn:catalog:MO:Tropicos:100832729,1258161673,Lyonia truncata var. truncata,Lyonia truncata var. truncata,Ericaceae,Lyonia,VARIETY,PRESERVED_SPECIMEN,2007-07-25,2007,-71.185555,19.081389,NA,7bd65a7a-f762-11e1-a439-00145eb45e9a,MO,Tropicos,22,01,SAN JUAN,072201,874c896eeffffff
urn:catalog:MO:Tropicos:100832730,1258161680,Euphorbia eggersii,Euphorbia eggersii Urb.,Euphorbiaceae,Euphorbia,SPECIES,PRESERVED_SPECIMEN,2007-07-25,2007,-71.185555,19.081389,NA,7bd65a7a-f762-11e1-a439-00145eb45e9a,MO,Tropicos,22,01,SAN JUAN,072201,874c896eeffffff
urn:catalog:MO:Tropicos:100832731,1258161678,Epilobium coloratum,Epilobium coloratum Biehler,Onagraceae,Epilobium,SPECIES,PRESERVED_SPECIMEN,2007-07-25,2007,-71.185555,19.081389,NA,7bd65a7a-f762-11e1-a439-00145eb45e9a,MO,Tropicos,22,01,SAN JUAN,072201,874c896eeffffff
urn:catalog:MO:Tropicos:100832732,1258161692,Paspalum urbanianum,Paspalum urbanianum Ekman,Poaceae,Paspalum,SPECIES,PRESERVED_SPECIMEN,2007-07-25,2007,-71.185555,19.081389,NA,7bd65a7a-f762-11e1-a439-00145eb45e9a,MO,Tropicos,22,01,SAN JUAN,072201,874c896eeffffff
urn:catalog:MO:Tropicos:100832733,1258161694,Symphyotrichum dumosum,Aster dumosus L.,Asteraceae,Symphyotrichum,SPECIES,PRESERVED_SPECIMEN,2007-07-25,2007,-71.185555,19.081389,NA,7bd65a7a-f762-11e1-a439-00145eb45e9a,MO,Tropicos,22,01,SAN JUAN,072201,874c896eeffffff
urn:catalog:MO:Tropicos:100832734,1258161685,Cenchrus americanus,Setaria glauca (L.) P.Beauv.,Poaceae,Cenchrus,SPECIES,PRESERVED_SPECIMEN,2007-07-25,2007,-71.185555,19.081389,NA,7bd65a7a-f762-11e1-a439-00145eb45e9a,MO,Tropicos,22,01,SAN JUAN,072201,874c896eeffffff
urn:catalog:MO:Tropicos:100832736,1258161688,Symphyotrichum dumosum,Aster dumosus L.,Asteraceae,Symphyotrichum,SPECIES,PRESERVED_SPECIMEN,2007-07-25,2007,-71.185555,19.081389,NA,7bd65a7a-f762-11e1-a439-00145eb45e9a,MO,Tropicos,22,01,SAN JUAN,072201,874c896eeffffff
urn:catalog:MO:Tropicos:100832737,1258161676,Erigeron primulifolius,Conyza primulifolia (Lam.) Cuatrec. & Lourteig,Asteraceae,Erigeron,SPECIES,PRESERVED_SPECIMEN,2007-07-25,2007,-71.185555,19.081389,NA,7bd65a7a-f762-11e1-a439-00145eb45e9a,MO,Tropicos,22,01,SAN JUAN,072201,874c896eeffffff
urn:catalog:MO:Tropicos:100832738,1258161683,Sonchus asper,Sonchus asper (L.) Hill,Asteraceae,Sonchus,SPECIES,PRESERVED_SPECIMEN,2007-07-25,2007,-71.185555,19.081389,NA,7bd65a7a-f762-11e1-a439-00145eb45e9a,MO,Tropicos,22,01,SAN JUAN,072201,874c896eeffffff
urn:catalog:MO:Tropicos:100832739,1258161671,Mitracarpus brachystigma,Mitracarpus brachystigma Urb.,Rubiaceae,Mitracarpus,SPECIES,PRESERVED_SPECIMEN,2007-07-28,2007,-71.158889,19.061111,NA,7bd65a7a-f762-11e1-a439-00145eb45e9a,MO,Tropicos,22,01,SAN JUAN,072201,874c896ebffffff
urn:catalog:MO:Tropicos:100832740,1258161695,Epilobium coloratum,Epilobium coloratum Biehler,Onagraceae,Epilobium,SPECIES,PRESERVED_SPECIMEN,2007-07-28,2007,-71.158889,19.061111,NA,7bd65a7a-f762-11e1-a439-00145eb45e9a,MO,Tropicos,22,01,SAN JUAN,072201,874c896ebffffff
urn:catalog:MO:Tropicos:100832741,1258161684,Crassocephalum crepidioides,Crassocephalum crepidioides (Benth.) S.Moore,Asteraceae,Crassocephalum,SPECIES,PRESERVED_SPECIMEN,2007-07-28,2007,-71.158889,19.061111,NA,7bd65a7a-f762-11e1-a439-00145eb45e9a,MO,Tropicos,22,01,SAN JUAN,072201,874c896ebffffff
urn:catalog:MO:Tropicos:100832742,1258161686,Hieracium gronovii,Hieracium gronovii L.,Asteraceae,Hieracium,SPECIES,PRESERVED_SPECIMEN,2007-07-28,2007,-71.158889,19.061111,NA,7bd65a7a-f762-11e1-a439-00145eb45e9a,MO,Tropicos,22,01,SAN JUAN,072201,874c896ebffffff
urn:catalog:MO:Tropicos:100832743,1258161687,Modiola caroliniana,Modiola caroliniana (L.) G.Don,Malvaceae,Modiola,SPECIES,PRESERVED_SPECIMEN,2007-07-28,2007,-71.158889,19.061111,NA,7bd65a7a-f762-11e1-a439-00145eb45e9a,MO,Tropicos,22,01,SAN JUAN,072201,874c896ebffffff
urn:catalog:MO:Tropicos:100832744,1258161674,Salvia uncinata,Salvia uncinata Urb.,Lamiaceae,Salvia,SPECIES,PRESERVED_SPECIMEN,2007-07-28,2007,-71.158889,19.061111,NA,7bd65a7a-f762-11e1-a439-00145eb45e9a,MO,Tropicos,22,01,SAN JUAN,072201,874c896ebffffff
urn:catalog:MO:Tropicos:100832745,1258161679,Peperomia verticillata,Peperomia verticillata (L.) A.Dietr.,Piperaceae,Peperomia,SPECIES,PRESERVED_SPECIMEN,2007-07-28,2007,-71.158889,19.061111,NA,7bd65a7a-f762-11e1-a439-00145eb45e9a,MO,Tropicos,22,01,SAN JUAN,072201,874c896ebffffff
urn:catalog:MO:Tropicos:100832746,1258161693,Morella picardae,Myrica picardae Krug & Urb.,Myricaceae,Morella,SPECIES,PRESERVED_SPECIMEN,2007-07-28,2007,-71.158889,19.061111,NA,7bd65a7a-f762-11e1-a439-00145eb45e9a,MO,Tropicos,22,01,SAN JUAN,072201,874c896ebffffff
urn:catalog:MO:Tropicos:100832747,1258161675,Viola cucullata,Viola cucullata Aiton,Violaceae,Viola,SPECIES,PRESERVED_SPECIMEN,2007-07-28,2007,-71.158889,19.061111,NA,7bd65a7a-f762-11e1-a439-00145eb45e9a,MO,Tropicos,22,01,SAN JUAN,072201,874c896ebffffff
urn:catalog:MO:Tropicos:100832748,1258161682,Ranunculus recurvatus,Ranunculus recurvatus Poir.,Ranunculaceae,Ranunculus,SPECIES,PRESERVED_SPECIMEN,2007-07-28,2007,-71.158889,19.061111,NA,7bd65a7a-f762-11e1-a439-00145eb45e9a,MO,Tropicos,22,01,SAN JUAN,072201,874c896ebffffff
urn:catalog:MO:Tropicos:1049091,1258255007,Ekmanianthe longiflora,Ekmanianthe longiflora (Griseb.) Urb.,Bignoniaceae,Ekmanianthe,SPECIES,PRESERVED_SPECIMEN,1986-02-08,1986,-71.41666,18.8,NA,7bd65a7a-f762-11e1-a439-00145eb45e9a,MO,Tropicos,22,01,SAN JUAN,072201,874cd6cf3ffffff
urn:catalog:MO:Tropicos:104963011,5931945009,Thuidium tomentosum,Thuidium tomentosum Schimp. ex Besch.,Thuidiaceae,Thuidium,SPECIES,PRESERVED_SPECIMEN,1991-08-12,1991,-71.233333,19.1,NA,7bd65a7a-f762-11e1-a439-00145eb45e9a,MO,Tropicos,22,01,SAN JUAN,072201,874c896f1ffffff
urn:catalog:MO:Tropicos:104963012,5931945138,Radula pallens,Radula kegelii Gottsche ex Steph.,Radulaceae,Radula,SPECIES,PRESERVED_SPECIMEN,1991-08-12,1991,-71.233333,19.1,NA,7bd65a7a-f762-11e1-a439-00145eb45e9a,MO,Tropicos,22,01,SAN JUAN,072201,874c896f1ffffff
urn:catalog:MO:Tropicos:104963013,5931945637,Radula pallens,Radula kegelii Gottsche ex Steph.,Radulaceae,Radula,SPECIES,PRESERVED_SPECIMEN,1991-08-12,1991,-71.233333,19.1,NA,7bd65a7a-f762-11e1-a439-00145eb45e9a,MO,Tropicos,22,01,SAN JUAN,072201,874c896f1ffffff
urn:catalog:MO:Tropicos:104963014,5931944803,Plagiochila crispabilis,Plagiochila patentissima Lindenb.,Plagiochilaceae,Plagiochila,SPECIES,PRESERVED_SPECIMEN,1991-08-12,1991,-71.233333,19.1,NA,7bd65a7a-f762-11e1-a439-00145eb45e9a,MO,Tropicos,22,01,SAN JUAN,072201,874c896f1ffffff
urn:catalog:MO:Tropicos:104963015,5931944847,Plagiochila (Dumort.) Dumort.,Plagiochila (Dumort.) Dumort.,Plagiochilaceae,Plagiochila,GENUS,PRESERVED_SPECIMEN,1991-08-12,1991,-71.233333,19.1,NA,7bd65a7a-f762-11e1-a439-00145eb45e9a,MO,Tropicos,22,01,SAN JUAN,072201,874c896f1ffffff
urn:catalog:MO:Tropicos:104963016,5931945383,Pireella pohlii,Pireella pohlii (Schwägr.) Cardot,Pterobryaceae,Pireella,SPECIES,PRESERVED_SPECIMEN,1991-08-12,1991,-71.233333,19.1,NA,7bd65a7a-f762-11e1-a439-00145eb45e9a,MO,Tropicos,22,01,SAN JUAN,072201,874c896f1ffffff
urn:catalog:MO:Tropicos:104963017,5931944872,Vesicularia vesicularis,Vesicularia vesicularis var. vesicularis,Hypnaceae,Vesicularia,VARIETY,PRESERVED_SPECIMEN,1991-08-12,1991,-71.233333,19.1,NA,7bd65a7a-f762-11e1-a439-00145eb45e9a,MO,Tropicos,22,01,SAN JUAN,072201,874c896f1ffffff
urn:catalog:MO:Tropicos:104963018,5931945408,Brachythecium ruderale,Brachythecium ruderale (Brid.) W.R. Buck,Brachytheciaceae,Brachythecium,SPECIES,PRESERVED_SPECIMEN,1991-08-12,1991,-71.233333,19.1,NA,7bd65a7a-f762-11e1-a439-00145eb45e9a,MO,Tropicos,22,01,SAN JUAN,072201,874c896f1ffffff
urn:catalog:MO:Tropicos:104963019,5931945663,Cryphaea filiformis,Cryphaea filiformis (Hedw.) Brid.,Cryphaeaceae,Cryphaea,SPECIES,PRESERVED_SPECIMEN,1991-08-12,1991,-71.233333,19.1,NA,7bd65a7a-f762-11e1-a439-00145eb45e9a,MO,Tropicos,22,01,SAN JUAN,072201,874c896f1ffffff
urn:catalog:MO:Tropicos:104963020,5931945883,Philonotis sphaericarpa,Philonotis sphaericarpa (Hedw.) Brid.,Bartramiaceae,Philonotis,SPECIES,PRESERVED_SPECIMEN,1991-08-13,1991,-71.23,19.1,NA,7bd65a7a-f762-11e1-a439-00145eb45e9a,MO,Tropicos,22,01,SAN JUAN,072201,874c896f1ffffff
urn:catalog:MO:Tropicos:104963021,5931946131,Fissidens asplenioides,Fissidens asplenioides Hedw.,Fissidentaceae,Fissidens,SPECIES,PRESERVED_SPECIMEN,1991-08-13,1991,-71.233333,19.1,NA,7bd65a7a-f762-11e1-a439-00145eb45e9a,MO,Tropicos,22,01,SAN JUAN,072201,874c896f1ffffff
urn:catalog:MO:Tropicos:104963022,5931945315,Cyclodictyon bicolor,Cyclodictyon albicaule (Schimp. ex Besch.) Kuntze,Callicostaceae,Cyclodictyon,SPECIES,PRESERVED_SPECIMEN,1991-08-13,1991,-71.233333,19.1,NA,7bd65a7a-f762-11e1-a439-00145eb45e9a,MO,Tropicos,22,01,SAN JUAN,072201,874c896f1ffffff
urn:catalog:MO:Tropicos:104963023,5931945955,Rhodobryum beyrichianum,Rhodobryum beyrichianum (Hornsch.) Hampe,Bryaceae,Rhodobryum,SPECIES,PRESERVED_SPECIMEN,1991-08-13,1991,-71.233333,19.1,NA,7bd65a7a-f762-11e1-a439-00145eb45e9a,MO,Tropicos,22,01,SAN JUAN,072201,874c896f1ffffff
urn:catalog:MO:Tropicos:104963024,5931945264,Lejeunea cerina,Lejeunea cerina (Lehm. & Lindenb.) Lehm. & Lindenb.,Lejeuneaceae,Lejeunea,SPECIES,PRESERVED_SPECIMEN,1991-08-14,1991,-71.233333,19.1,NA,7bd65a7a-f762-11e1-a439-00145eb45e9a,MO,Tropicos,22,01,SAN JUAN,072201,874c896f1ffffff
urn:catalog:MO:Tropicos:104963025,5931946029,Frullanoides corticalis,Frullanoides corticalis (Lehm. & Lindenb.) van Slageren,Lejeuneaceae,Frullanoides,SPECIES,PRESERVED_SPECIMEN,1991-08-14,1991,-71.233333,19.1,NA,7bd65a7a-f762-11e1-a439-00145eb45e9a,MO,Tropicos,22,01,SAN JUAN,072201,874c896f1ffffff
urn:catalog:MO:Tropicos:104963026,5931945287,Isopterygium subbrevisetum,Isopterygium subbrevisetum (Hampe) Broth.,Pylaisiadelphaceae,Isopterygium,SPECIES,PRESERVED_SPECIMEN,1991-08-14,1991,-71.233333,19.1,NA,7bd65a7a-f762-11e1-a439-00145eb45e9a,MO,Tropicos,22,01,SAN JUAN,072201,874c896f1ffffff
urn:catalog:MO:Tropicos:104963027,5931945242,Lejeunea laetevirens,Lejeunea laetevirens Nees & Mont.,Lejeuneaceae,Lejeunea,SPECIES,PRESERVED_SPECIMEN,1991-08-14,1991,-71.233333,19.1,NA,7bd65a7a-f762-11e1-a439-00145eb45e9a,MO,Tropicos,22,01,SAN JUAN,072201,874c896f1ffffff
urn:catalog:MO:Tropicos:104963028,5931945931,Oxyrrhynchium clinocarpum,Eurhynchium clinocarpum (Taylor) Paris,Brachytheciaceae,Oxyrrhynchium,SPECIES,PRESERVED_SPECIMEN,1991-08-14,1991,-71.233333,19.1,NA,7bd65a7a-f762-11e1-a439-00145eb45e9a,MO,Tropicos,22,01,SAN JUAN,072201,874c896f1ffffff
urn:catalog:MO:Tropicos:104963029,5931945993,Fissidens elegans,Fissidens elegans Brid.,Fissidentaceae,Fissidens,SPECIES,PRESERVED_SPECIMEN,1991-08-14,1991,-71.233333,19.1,NA,7bd65a7a-f762-11e1-a439-00145eb45e9a,MO,Tropicos,22,01,SAN JUAN,072201,874c896f1ffffff
urn:catalog:MO:Tropicos:104963030,5931945709,Chryso-hypnum diminutivum,Chryso-hypnum diminutivum (Hampe) W.R. Buck,Hypnaceae,Chryso-hypnum,SPECIES,PRESERVED_SPECIMEN,1991-08-14,1991,-71.233333,19.1,NA,7bd65a7a-f762-11e1-a439-00145eb45e9a,MO,Tropicos,22,01,SAN JUAN,072201,874c896f1ffffff
urn:catalog:MO:Tropicos:104963031,5931946542,Chryso-hypnum diminutivum,Chryso-hypnum diminutivum (Hampe) W.R. Buck,Hypnaceae,Chryso-hypnum,SPECIES,PRESERVED_SPECIMEN,1991-08-14,1991,-71.233333,19.1,NA,7bd65a7a-f762-11e1-a439-00145eb45e9a,MO,Tropicos,22,01,SAN JUAN,072201,874c896f1ffffff
urn:catalog:MO:Tropicos:104963032,5931946650,Lepyrodontopsis trichophylla,Lepyrodontopsis trichophylla (Sw. ex Hedw.) Broth.,Meteoriaceae,Lepyrodontopsis,SPECIES,PRESERVED_SPECIMEN,1991-08-14,1991,-71.233333,19.1,NA,7bd65a7a-f762-11e1-a439-00145eb45e9a,MO,Tropicos,22,01,SAN JUAN,072201,874c896f1ffffff
urn:catalog:MO:Tropicos:104963033,5931946307,Fissidens asplenioides,Fissidens asplenioides Hedw.,Fissidentaceae,Fissidens,SPECIES,PRESERVED_SPECIMEN,1991-08-14,1991,-71.233333,19.1,NA,7bd65a7a-f762-11e1-a439-00145eb45e9a,MO,Tropicos,22,01,SAN JUAN,072201,874c896f1ffffff
urn:catalog:MO:Tropicos:104963034,5931946597,Vesicularia vesicularis,Vesicularia vesicularis var. rutilans (Brid.) W.R. Buck,Hypnaceae,Vesicularia,VARIETY,PRESERVED_SPECIMEN,1991-08-14,1991,-71.233333,19.1,NA,7bd65a7a-f762-11e1-a439-00145eb45e9a,MO,Tropicos,22,01,SAN JUAN,072201,874c896f1ffffff
urn:catalog:MO:Tropicos:104963035,5931946622,Radula javanica,Radula javanica Gottsche,Radulaceae,Radula,SPECIES,PRESERVED_SPECIMEN,1991-08-14,1991,-71.233333,19.1,NA,7bd65a7a-f762-11e1-a439-00145eb45e9a,MO,Tropicos,22,01,SAN JUAN,072201,874c896f1ffffff
urn:catalog:MO:Tropicos:104963036,5931946677,Atrichum polycarpum,Atrichum polycarpum (Müll. Hal.) Schimp. ex Spruce,Polytrichaceae,Atrichum,SPECIES,PRESERVED_SPECIMEN,1991-08-14,1991,-71.233333,19.1,NA,7bd65a7a-f762-11e1-a439-00145eb45e9a,MO,Tropicos,22,01,SAN JUAN,072201,874c896f1ffffff
urn:catalog:MO:Tropicos:104963037,5931946495,Plagiochila gymnocalycina,Plagiochila gymnocalycina (Lehm. & Lindenb.) Mont. & Nees,Plagiochilaceae,Plagiochila,SPECIES,PRESERVED_SPECIMEN,1991-08-14,1991,-71.233333,19.1,NA,7bd65a7a-f762-11e1-a439-00145eb45e9a,MO,Tropicos,22,01,SAN JUAN,072201,874c896f1ffffff
urn:catalog:MO:Tropicos:104963038,5931946699,Prionodon densus,Prionodon densus (Sw. ex Hedw.) Müll. Hal.,Prionodontaceae,Prionodon,SPECIES,PRESERVED_SPECIMEN,1991-08-14,1991,-71.233333,19.1,NA,7bd65a7a-f762-11e1-a439-00145eb45e9a,MO,Tropicos,22,01,SAN JUAN,072201,874c896f1ffffff
urn:catalog:MO:Tropicos:104963039,5931946559,Cyclodictyon bicolor,Cyclodictyon bicolor (Schimp. ex Besch.) Kuntze,Callicostaceae,Cyclodictyon,SPECIES,PRESERVED_SPECIMEN,1991-08-14,1991,-71.233333,19.1,NA,7bd65a7a-f762-11e1-a439-00145eb45e9a,MO,Tropicos,22,01,SAN JUAN,072201,874c896f1ffffff
urn:catalog:MO:Tropicos:104963040,5931942782,Thuidium tomentosum,Thuidium tomentosum Schimp. ex Besch.,Thuidiaceae,Thuidium,SPECIES,PRESERVED_SPECIMEN,1991-08-14,1991,-71.233333,19.1,NA,7bd65a7a-f762-11e1-a439-00145eb45e9a,MO,Tropicos,22,01,SAN JUAN,072201,874c896f1ffffff
urn:catalog:MO:Tropicos:104963041,5931942802,Lejeunea debilis,Lejeunea debilis (Lehm. & Lindenb.) Nees & Mont.,Lejeuneaceae,Lejeunea,SPECIES,PRESERVED_SPECIMEN,1991-08-14,1991,-71.233333,19.1,NA,7bd65a7a-f762-11e1-a439-00145eb45e9a,MO,Tropicos,22,01,SAN JUAN,072201,874c896f1ffffff
urn:catalog:MO:Tropicos:104963042,5931942872,Lejeunea pterigonia,Lejeunea pterigonia (Lehm. & Lindenb.) Mont.,Lejeuneaceae,Lejeunea,SPECIES,PRESERVED_SPECIMEN,1991-08-14,1991,-71.233333,19.1,NA,7bd65a7a-f762-11e1-a439-00145eb45e9a,MO,Tropicos,22,01,SAN JUAN,072201,874c896f1ffffff
urn:catalog:MO:Tropicos:104963043,5931942892,Meteorium nigrescens,Meteorium nigrescens (Sw. ex Hedw.) Dozy & Molk.,Meteoriaceae,Meteorium,SPECIES,PRESERVED_SPECIMEN,1991-08-14,1991,-71.233333,19.1,NA,7bd65a7a-f762-11e1-a439-00145eb45e9a,MO,Tropicos,22,01,SAN JUAN,072201,874c896f1ffffff
urn:catalog:MO:Tropicos:104963044,5931943197,Entodon macropodus,Entodon macropodus (Hedw.) Müll. Hal.,Entodontaceae,Entodon,SPECIES,PRESERVED_SPECIMEN,1991-08-14,1991,-71.233333,19.1,NA,7bd65a7a-f762-11e1-a439-00145eb45e9a,MO,Tropicos,22,01,SAN JUAN,072201,874c896f1ffffff
urn:catalog:MO:Tropicos:104963045,5931942930,Plagiochila rutilans,Plagiochila rutilans Lindenb.,Plagiochilaceae,Plagiochila,SPECIES,PRESERVED_SPECIMEN,1991-08-14,1991,-71.233333,19.1,NA,7bd65a7a-f762-11e1-a439-00145eb45e9a,MO,Tropicos,22,01,SAN JUAN,072201,874c896f1ffffff
urn:catalog:MO:Tropicos:104963046,5931943004,Pyrrhobryum spiniforme,Pyrrhobryum spiniforme (Hedw.) Mitt.,Calomniaceae,Pyrrhobryum,SPECIES,PRESERVED_SPECIMEN,1991-08-14,1991,-71.233333,19.1,NA,7bd65a7a-f762-11e1-a439-00145eb45e9a,MO,Tropicos,22,01,SAN JUAN,072201,874c896f1ffffff
urn:catalog:MO:Tropicos:104963047,5931942849,Campylopus cubensis,Campylopus cubensis Sull.,Leucobryaceae,Campylopus,SPECIES,PRESERVED_SPECIMEN,1991-08-14,1991,-71.233333,19.1,NA,7bd65a7a-f762-11e1-a439-00145eb45e9a,MO,Tropicos,22,01,SAN JUAN,072201,874c896f1ffffff
urn:catalog:MO:Tropicos:104963048,5931943032,Plagiochila adianthoides,Plagiochila adianthoides (Sw.) Lindenb.,Plagiochilaceae,Plagiochila,SPECIES,PRESERVED_SPECIMEN,1991-08-14,1991,-71.233333,19.1,NA,7bd65a7a-f762-11e1-a439-00145eb45e9a,MO,Tropicos,22,01,SAN JUAN,072201,874c896f1ffffff
urn:catalog:MO:Tropicos:104963049,5931942824,Plagiochila alternans,Plagiochila alternans Lindenb. & Gottsche,Plagiochilaceae,Plagiochila,SPECIES,PRESERVED_SPECIMEN,1991-08-14,1991,-71.233333,19.1,NA,7bd65a7a-f762-11e1-a439-00145eb45e9a,MO,Tropicos,22,01,SAN JUAN,072201,874c896f1ffffff
urn:catalog:MO:Tropicos:2372663,1259679302,Tephrosia sinapou,Tephrosia sinapou (Buc'hoz) A.Chev.,Fabaceae,Tephrosia,SPECIES,PRESERVED_SPECIMEN,,NA,-71.16833,18.96194,NA,7bd65a7a-f762-11e1-a439-00145eb45e9a,MO,Tropicos,22,01,SAN JUAN,072201,874cd6d6cffffff
urn:catalog:MO:Tropicos:2420254,1259732297,Croton linearis,Croton angustatus Urb.,Euphorbiaceae,Croton,SPECIES,PRESERVED_SPECIMEN,1986-05-01,1986,-71.05,18.88333,NA,7bd65a7a-f762-11e1-a439-00145eb45e9a,MO,Tropicos,22,01,SAN JUAN,072201,874cd68acffffff
urn:catalog:MO:Tropicos:2446386,1259761163,Dodonaea viscosa,Dodonaea viscosa (L.) Jacq.,Sapindaceae,Dodonaea,SPECIES,PRESERVED_SPECIMEN,1986-05-01,1986,-71.05,18.88333,NA,7bd65a7a-f762-11e1-a439-00145eb45e9a,MO,Tropicos,22,01,SAN JUAN,072201,874cd68acffffff
urn:catalog:MO:Tropicos:2572781,1259900738,Clinopodium vimineum,Clinopodium vimineum (L.) Kuntze,Lamiaceae,Clinopodium,SPECIES,PRESERVED_SPECIMEN,1996-03-16,1996,-71.26666,19.01666,NA,7bd65a7a-f762-11e1-a439-00145eb45e9a,MO,Tropicos,22,01,SAN JUAN,072201,874cd6d74ffffff
urn:catalog:MO:Tropicos:2584433,1259913687,Borreria verticillata,Spermacoce verticillata L.,Rubiaceae,Borreria,SPECIES,PRESERVED_SPECIMEN,1996,1996,-71.21666,19.03333,NA,7bd65a7a-f762-11e1-a439-00145eb45e9a,MO,Tropicos,22,01,SAN JUAN,072201,874c896ddffffff
urn:catalog:MO:Tropicos:3152978,1260540595,Calyptranthes Sw.,Calyptranthes Sw.,Myrtaceae,Myrcia,GENUS,PRESERVED_SPECIMEN,1982-06-24,1982,-71.3,19,NA,7bd65a7a-f762-11e1-a439-00145eb45e9a,MO,Tropicos,22,01,SAN JUAN,072201,874cd6d0dffffff
urn:catalog:MO:Tropicos:3153239,1260540790,Calyptranthes Sw.,Calyptranthes Sw.,Myrtaceae,Myrcia,GENUS,PRESERVED_SPECIMEN,1982-06-24,1982,-71.3,19,NA,7bd65a7a-f762-11e1-a439-00145eb45e9a,MO,Tropicos,22,01,SAN JUAN,072201,874cd6d0dffffff
urn:catalog:MO:Tropicos:3410588,1260824327,Phoradendron hexastichum,Phoradendron hexastichum (DC.) Griseb.,Viscaceae,Phoradendron,SPECIES,PRESERVED_SPECIMEN,1986-05-01,1986,-71.05,18.88333,NA,7bd65a7a-f762-11e1-a439-00145eb45e9a,MO,Tropicos,22,01,SAN JUAN,072201,874cd68acffffff
urn:catalog:MO:Tropicos:883836,1261553209,Juniperus gracilior,Juniperus gracilior Pilg.,Cupressaceae,Juniperus,SPECIES,PRESERVED_SPECIMEN,1986-05-01,1986,-71.05,18.88333,NA,7bd65a7a-f762-11e1-a439-00145eb45e9a,MO,Tropicos,22,01,SAN JUAN,072201,874cd68acffffff
