occurrenceID,gbifID,especie,scientificName,family,genus,taxonRank,basisOfRecord,eventDate,year,decimalLongitude,decimalLatitude,coordinateUncertaintyInMeters,datasetKey,institutionCode,collectionCode,provincia_codigo,municipio_codigo,municipio,id_municipio,hex_id
00f697f0-2a98-4e8e-a272-3f4fd4a47b92,1927781497,Senna ligustrina,Senna ligustrina (L.) H.S.Irwin & Barneby,Fabaceae,Senna,SPECIES,PRESERVED_SPECIMEN,2003-06-23,2003,-71.5476,18.6545,NA,d415c253-4d61-4459-9d25-4015b9084fb0,NY,NY,22,03,EL CERCADO,072203,874cd6430ffffff
00f91405-9c33-4cc6-8114-4d069b523bfb,1927781488,Citharexylum spinosum,Citharexylum spinosum L.,Verbenaceae,Citharexylum,SPECIES,PRESERVED_SPECIMEN,1968-09-04,1968,-71.514849,18.723588,1635.69,d415c253-4d61-4459-9d25-4015b9084fb0,NY,NY,22,03,EL CERCADO,072203,874cd6503ffffff
010e40ee-8f42-478d-96b7-2e7efd4ec84e,5106972301,Scrophularia minutiflora,Scrophularia minutiflora Pennell,Scrophulariaceae,Scrophularia,SPECIES,PRESERVED_SPECIMEN,2021-05-27,2021,-71.46671,18.74613,NA,b89d52a2-861d-4388-adad-c0da3d55fc78,UF,,22,03,EL CERCADO,072203,874cd652effffff
02f6e921-ac93-47bf-be88-56c804748ebf,1927809037,Radiovittaria stipitata,Radiovittaria stipitata (Kunze) E.H.Crane,Pteridaceae,Radiovittaria,SPECIES,PRESERVED_SPECIMEN,2003-06-20,2003,-71.5572,18.6519,NA,d415c253-4d61-4459-9d25-4015b9084fb0,NY,NY,22,03,EL CERCADO,072203,874cd6430ffffff
034ca936-ddc7-4318-8c93-861f0edababb,1927814394,Asplenium monanthes,Asplenium monanthes L.,Aspleniaceae,Asplenium,SPECIES,PRESERVED_SPECIMEN,2003-06-19,2003,-71.5572,18.6519,NA,d415c253-4d61-4459-9d25-4015b9084fb0,NY,NY,22,03,EL CERCADO,072203,874cd6430ffffff
04d1b7d4-7593-4368-86d8-9181331ae8f5,1927835942,Asplenium flabellulatum,Asplenium flabellulatum Kunze,Aspleniaceae,Asplenium,SPECIES,PRESERVED_SPECIMEN,2003-06-19,2003,-71.5572,18.6519,NA,d415c253-4d61-4459-9d25-4015b9084fb0,NY,NY,22,03,EL CERCADO,072203,874cd6430ffffff
056a7e6b-5e79-48d6-810b-32cbb3c49076,3948287334,Pterobryon densum,Pterobryon densum (Hornsch.) Hornsch.,Pterobryaceae,Pterobryon,SPECIES,PRESERVED_SPECIMEN,1967-07,1967,-71.514594,18.661366,4908,16630817-fd43-49d6-bfff-ae5ffa473724,TENN,,22,03,EL CERCADO,072203,874cd6426ffffff
0617043c-a6dc-435d-9655-1aac54aa1c0a,1927853669,Morella picardae,Myrica picardae Krug & Urb.,Myricaceae,Morella,SPECIES,PRESERVED_SPECIMEN,2004-11-02,2004,-71.55,18.67,NA,d415c253-4d61-4459-9d25-4015b9084fb0,NY,NY,22,03,EL CERCADO,072203,874cd6434ffffff
07c4735b-f15c-4da8-bdce-071281ca60de,1927879245,Themeda quadrivalvis,Themeda quadrivalvis (L.) Kuntze,Poaceae,Themeda,SPECIES,PRESERVED_SPECIMEN,1983-11-12,1983,-71.55,18.7,NA,d415c253-4d61-4459-9d25-4015b9084fb0,NY,NY,22,03,EL CERCADO,072203,874cd651affffff
085b8d1c-2b6e-4202-8971-673e1f867465,1927885792,Cestrum coelophlebium,Cestrum coelophlebium O.E.Schulz,Solanaceae,Cestrum,SPECIES,PRESERVED_SPECIMEN,2003-06-19,2003,-71.5572,18.6519,NA,d415c253-4d61-4459-9d25-4015b9084fb0,NY,NY,22,03,EL CERCADO,072203,874cd6430ffffff
0a96250f-72d3-4e9b-9616-c4e2bc841320,4598143304,Stigmaphyllon angulosum,Stigmaphyllon angulosum (L.) A.Juss.,Malpighiaceae,Stigmaphyllon,SPECIES,PRESERVED_SPECIMEN,2021-05-27,2021,-71.46671,18.74613,NA,b89d52a2-861d-4388-adad-c0da3d55fc78,UF,,22,03,EL CERCADO,072203,874cd652effffff
0a9d6899-04be-4409-832c-88ff1940c03a,1927917494,Macrothelypteris torresiana,Thelypteris torresiana (Gaudich.) Alston,Thelypteridaceae,Macrothelypteris,SPECIES,PRESERVED_SPECIMEN,2003-06-21,2003,-71.5572,18.6519,NA,d415c253-4d61-4459-9d25-4015b9084fb0,NY,NY,22,03,EL CERCADO,072203,874cd6430ffffff
0b03be3b-5333-4c15-b069-2478e3559e3e,1927923084,Pilea hirsuta,Pilea hirsuta Wedd.,Urticaceae,Pilea,SPECIES,PRESERVED_SPECIMEN,2003-06-19,2003,-71.5572,18.6519,NA,d415c253-4d61-4459-9d25-4015b9084fb0,NY,NY,22,03,EL CERCADO,072203,874cd6430ffffff
0be72d1a-9b33-411a-b974-c0d49a201874,4404207301,Calycogonium DC.,Calycogonium DC.,Melastomataceae,Miconia,GENUS,PRESERVED_SPECIMEN,2020-11-18,2020,-71.457778,18.747778,NA,b89d52a2-861d-4388-adad-c0da3d55fc78,UF,,22,03,EL CERCADO,072203,874cd6528ffffff
0d0f44d5-1bd0-42da-814b-79f99323ab90,1927951972,Guazuma ulmifolia,Guazuma ulmifolia Lam.,Malvaceae,Guazuma,SPECIES,PRESERVED_SPECIMEN,1982-12-16,1982,-71.52,18.8,NA,d415c253-4d61-4459-9d25-4015b9084fb0,NY,NY,22,03,EL CERCADO,072203,874cd6c9bffffff
0d6533fc-a8b4-42d9-aad0-001d343d1b67,4512925314,Lyonia urbaniana,Lyonia urbaniana (Sleumer) Jiménez,Ericaceae,Lyonia,SPECIES,PRESERVED_SPECIMEN,2004-11-02,2004,-71.55,18.666667,NA,b89d52a2-861d-4388-adad-c0da3d55fc78,UF,,22,03,EL CERCADO,072203,874cd6434ffffff
0f258757-c2b4-4776-8e7f-e7d1f039f1a3,1937501472,Agave L.,Agave L.,Asparagaceae,Agave,GENUS,PRESERVED_SPECIMEN,2003-06-21,2003,-71.5476,18.6545,NA,d415c253-4d61-4459-9d25-4015b9084fb0,NY,NY,22,03,EL CERCADO,072203,874cd6430ffffff
0fdbd187-09f6-427f-aa08-67f02269959d,1927991780,Osmundastrum cinnamomeum,Osmunda cinnamomea L.,Osmundaceae,Osmundastrum,SPECIES,PRESERVED_SPECIMEN,2003-06-20,2003,-71.5572,18.6519,NA,d415c253-4d61-4459-9d25-4015b9084fb0,NY,NY,22,03,EL CERCADO,072203,874cd6430ffffff
0fe47875-4b6b-4653-b8de-bc71a10c732d,1927992173,Lophosoria quadripinnata,Lophosoria quadripinnata (J.F.Gmel.) C.Chr.,Dicksoniaceae,Lophosoria,SPECIES,PRESERVED_SPECIMEN,2003-06-21,2003,-71.5476,18.6545,NA,d415c253-4d61-4459-9d25-4015b9084fb0,NY,NY,22,03,EL CERCADO,072203,874cd6430ffffff
101d3105-9d90-4a4d-bc00-ddd54472f484,4079747424,Ateleia gummifera,Ateleia gummifera (Bertero ex DC.) D.Dietr.,Fabaceae,Ateleia,SPECIES,PRESERVED_SPECIMEN,1957-04-19,1957,-71.466865,18.668002,517,3b040a48-deae-485c-95b1-2ac80b7fdc54,IIBZ,USD,22,03,EL CERCADO,072203,874cd6556ffffff
10e0d54a-75b5-417e-b7b7-ad66ab212d8c,1457749603,Miconia favosa,Miconia favosa (Desr.) Naudin,Melastomataceae,Miconia,SPECIES,PRESERVED_SPECIMEN,2001-02-27,2001,-71.556389,18.651389000000002,NA,b89d52a2-861d-4388-adad-c0da3d55fc78,UF,,22,03,EL CERCADO,072203,874cd6430ffffff
12c4842e-77ec-4488-8569-e16b89c66d66,1928033264,Lomaridium fragile,Blechnum fragile (Liebm.) C.V.Morton & Lellinger,Blechnaceae,Lomaridium,SPECIES,PRESERVED_SPECIMEN,2003-06-21,2003,-71.5572,18.6519,NA,d415c253-4d61-4459-9d25-4015b9084fb0,NY,NY,22,03,EL CERCADO,072203,874cd6430ffffff
13a18c22-3145-49e1-925d-6c4cc5e8e87f,1928045060,Elaphoglossum tambillense,Elaphoglossum tambillense (Hook.) T.Moore,Dryopteridaceae,Elaphoglossum,SPECIES,PRESERVED_SPECIMEN,2003-06-19,2003,-71.5572,18.6519,NA,d415c253-4d61-4459-9d25-4015b9084fb0,NY,NY,22,03,EL CERCADO,072203,874cd6430ffffff
13dd4365-58ec-4502-80bb-be2efa8e9a3e,1928048882,Cestrum inclusum,Cestrum inclusum Urb.,Solanaceae,Cestrum,SPECIES,PRESERVED_SPECIMEN,2003-06-20,2003,-71.5572,18.6519,NA,d415c253-4d61-4459-9d25-4015b9084fb0,NY,NY,22,03,EL CERCADO,072203,874cd6430ffffff
14775327-e58e-49ed-9a07-865587f07822,1928057302,Pilea minguetii,Pilea minguetii Urb.,Urticaceae,Pilea,SPECIES,PRESERVED_SPECIMEN,2003-06-21,2003,-71.5476,18.6545,NA,d415c253-4d61-4459-9d25-4015b9084fb0,NY,NY,22,03,EL CERCADO,072203,874cd6430ffffff
149de0e7-4b75-42e5-8709-20e52a6063bb,5106972311,Miconia jimenezii,Miconia jimenezii Judd & R.S.Beaman,Melastomataceae,Miconia,SPECIES,PRESERVED_SPECIMEN,2021-05-27,2021,-71.46671,18.74613,NA,b89d52a2-861d-4388-adad-c0da3d55fc78,UF,,22,03,EL CERCADO,072203,874cd652effffff
15368ff1-4e89-445d-a521-c12110e6449b,1928067103,Dendrophthora flagelliformis,Dendrophthora flagelliformis (Desc.) Krug & Urb.,Viscaceae,Dendrophthora,SPECIES,PRESERVED_SPECIMEN,1968-09-04,1968,-71.514849,18.723588,1635.69,d415c253-4d61-4459-9d25-4015b9084fb0,NY,NY,22,03,EL CERCADO,072203,874cd6503ffffff
160dedd2-41e2-473f-bc5d-0069f36d8a71,1928079288,Tillandsia juncea,Tillandsia juncea (Ruiz & Pav.) Poir.,Bromeliaceae,Tillandsia,SPECIES,PRESERVED_SPECIMEN,1968-09-08,1968,-71.517412,18.72928,947.57,d415c253-4d61-4459-9d25-4015b9084fb0,NY,NY,22,03,EL CERCADO,072203,874cd6503ffffff
1706f803-bad9-48c0-86fd-80ae31590b07,1928092249,Pteris podophylla,Pteris podophylla Sw.,Pteridaceae,Pteris,SPECIES,PRESERVED_SPECIMEN,2003-06-20,2003,-71.5517,18.6519,NA,d415c253-4d61-4459-9d25-4015b9084fb0,NY,NY,22,03,EL CERCADO,072203,874cd6430ffffff
18c3d8a8-8f77-4c95-a7cd-9ea1f4d08446,4079748203,Ateleia gummifera,Ateleia gummifera (Bertero ex DC.) D.Dietr.,Fabaceae,Ateleia,SPECIES,PRESERVED_SPECIMEN,1957-04-19,1957,-71.517442,18.726352,974,3b040a48-deae-485c-95b1-2ac80b7fdc54,IIBZ,USD,22,03,EL CERCADO,072203,874cd6503ffffff
1F3B4A80-A6D6-4173-AD24-9A0173C8F9CD,122975339,Myrsine nubicola,Myrsine nubicola Alain,Primulaceae,Myrsine,SPECIES,PRESERVED_SPECIMEN,2001-02-27,2001,-71.5564,18.6514,NA,832cb04e-f762-11e1-a439-00145eb45e9a,FTG,Herbarium,22,03,EL CERCADO,072203,874cd6430ffffff
1adf2b63-7c10-46ce-8001-631367873fdc,3759030468,Plagiomnium rhynchophorum,Plagiomnium rhynchophorum (Harv.) T.J. Kop.,Mniaceae,Plagiomnium,SPECIES,PRESERVED_SPECIMEN,1967-07,1967,-71.5,18.66666,4511,16630817-fd43-49d6-bfff-ae5ffa473724,TENN,,22,03,EL CERCADO,072203,874cd6420ffffff
1c84914e-0a06-40c6-a42b-90bc312b884d,3751564327,Meteoridium remotifolium,Meteoridium remotifolium (Müll. Hal.) Manuel,Brachytheciaceae,Meteoridium,SPECIES,PRESERVED_SPECIMEN,1967-07,1967,-71.514594,18.661366,4908,16630817-fd43-49d6-bfff-ae5ffa473724,TENN,,22,03,EL CERCADO,072203,874cd6426ffffff
1da5cb47-ede0-4910-989d-a18d3bd02a0f,1928188681,Pitcairnia samuelssonii,Pitcairnia samuelssonii L.B.Sm.,Bromeliaceae,Pitcairnia,SPECIES,PRESERVED_SPECIMEN,1968-09-10,1968,-71.517437,18.772682,4678.36,d415c253-4d61-4459-9d25-4015b9084fb0,NY,NY,22,03,EL CERCADO,072203,874cd6531ffffff
1e0c5966-12f2-4507-bb33-4ddf11b77fda,4598146311,Myrsine coriacea,Myrsine coriacea (Sw.) R.Br. ex Roem. & Schult.,Primulaceae,Myrsine,SPECIES,PRESERVED_SPECIMEN,2021-05-27,2021,-71.45882,18.74737,NA,b89d52a2-861d-4388-adad-c0da3d55fc78,UF,,22,03,EL CERCADO,072203,874cd6528ffffff
1ff39c68-96bf-4759-a947-98608ef6f28b,4523217306,Physalis peruviana,Physalis peruviana L.,Solanaceae,Physalis,SPECIES,PRESERVED_SPECIMEN,2004-11-02,2004,-71.55,18.666667,NA,b89d52a2-861d-4388-adad-c0da3d55fc78,UF,,22,03,EL CERCADO,072203,874cd6434ffffff
203eae6f-ea66-47c4-92f3-fb7e2302c395,1928226248,Peperomia perodiniana,Peperomia perodiniana Trel.,Piperaceae,Peperomia,SPECIES,PRESERVED_SPECIMEN,1946-09-01,1946,-71.517389,18.729028,973.21,d415c253-4d61-4459-9d25-4015b9084fb0,NY,NY,22,03,EL CERCADO,072203,874cd6503ffffff
21918ca7-38a2-4792-85af-5664d91e76ee,1928244372,Christella hispidula,Thelypteris hispidula (Decne.) C.F.Reed,Thelypteridaceae,Christella,SPECIES,PRESERVED_SPECIMEN,2003-06-19,2003,-71.5572,18.6519,NA,d415c253-4d61-4459-9d25-4015b9084fb0,NY,NY,22,03,EL CERCADO,072203,874cd6430ffffff
21d85472-d0fb-47e9-a014-93ac3773d5d1,1928248159,Euphorbia adenoptera,Euphorbia adenoptera subsp. adenoptera,Euphorbiaceae,Euphorbia,SUBSPECIES,PRESERVED_SPECIMEN,1968-09-04,1968,-71.470026,18.729064,4585,d415c253-4d61-4459-9d25-4015b9084fb0,NY,NY,22,03,EL CERCADO,072203,874cd652affffff
22db20c0-0b9e-42bb-8069-d8b5e2adff40,4598146313,Duranta arida,Duranta arida Britton & P.Wilson,Verbenaceae,Duranta,SPECIES,PRESERVED_SPECIMEN,2021-05-27,2021,-71.45882,18.74737,NA,b89d52a2-861d-4388-adad-c0da3d55fc78,UF,,22,03,EL CERCADO,072203,874cd6528ffffff
24b15137-9328-44f7-8c04-618508434181,4598143317,Miconia pegueroana,"Miconia pegueroana Majure, Clase, Pina, Skean & Judd",Melastomataceae,Miconia,SPECIES,PRESERVED_SPECIMEN,2021-05-27,2021,-71.46671,18.74613,NA,b89d52a2-861d-4388-adad-c0da3d55fc78,UF,,22,03,EL CERCADO,072203,874cd652effffff
263156c3-8431-4a5d-a3ce-138be77a8aeb,4598144315,Palicourea Aubl.,Palicourea Aubl.,Rubiaceae,Palicourea,GENUS,PRESERVED_SPECIMEN,2021-05-27,2021,-71.45882,18.747737,NA,b89d52a2-861d-4388-adad-c0da3d55fc78,UF,,22,03,EL CERCADO,072203,874cd6528ffffff
273c48be-6e32-4b90-8cdb-c70b124b483c,1928325311,Pilea consanguinea,Pilea consanguinea Wedd.,Urticaceae,Pilea,SPECIES,PRESERVED_SPECIMEN,2003-06-19,2003,-71.5572,18.6519,NA,d415c253-4d61-4459-9d25-4015b9084fb0,NY,NY,22,03,EL CERCADO,072203,874cd6430ffffff
2869da28-91db-4250-a7db-a1d5c99cea90,1928341743,Physalis peruviana,Physalis peruviana L.,Solanaceae,Physalis,SPECIES,PRESERVED_SPECIMEN,2003-06-19,2003,-71.5572,18.6519,NA,d415c253-4d61-4459-9d25-4015b9084fb0,NY,NY,22,03,EL CERCADO,072203,874cd6430ffffff
29452f18-19b9-406c-817e-9597613d13a3,1928352676,Chamaecrista pedicellaris,Chamaecrista pedicellaris var. pedicellaris,Fabaceae,Chamaecrista,VARIETY,PRESERVED_SPECIMEN,1969-09-04,1969,-71.514849,18.723588,1635.69,d415c253-4d61-4459-9d25-4015b9084fb0,NY,NY,22,03,EL CERCADO,072203,874cd6503ffffff
29537a51-33c4-43ff-aa17-71ebc70f34c8,1928353736,Pilea propinqua,Pilea propinqua Wedd.,Urticaceae,Pilea,SPECIES,PRESERVED_SPECIMEN,2003-06-20,2003,-71.5572,18.6519,NA,d415c253-4d61-4459-9d25-4015b9084fb0,NY,NY,22,03,EL CERCADO,072203,874cd6430ffffff
295d3480-3443-4a2b-b62e-443d33834410,1928354020,Psychotria revoluta,Psychotria revoluta DC.,Rubiaceae,Psychotria,SPECIES,PRESERVED_SPECIMEN,1968-09-04,1968,-71.514849,18.723588,1635.69,d415c253-4d61-4459-9d25-4015b9084fb0,NY,NY,22,03,EL CERCADO,072203,874cd6503ffffff
29e6adfa-759d-49a4-aa1a-d7920b911d3c,3948285336,Pterobryon densum,Pterobryon densum (Hornsch.) Hornsch.,Pterobryaceae,Pterobryon,SPECIES,PRESERVED_SPECIMEN,1967-07,1967,-71.514594,18.661366,4908,16630817-fd43-49d6-bfff-ae5ffa473724,TENN,,22,03,EL CERCADO,072203,874cd6426ffffff
2AC5263A-2EF8-4577-85C0-77D70424855E,1503203515,Stigmaphyllon A.Juss.,Stigmaphyllon A.Juss.,Malpighiaceae,Stigmaphyllon,GENUS,PRESERVED_SPECIMEN,1982-08-25,1982,-71.5183,18.7037,NA,af1b4db0-c8ce-4a95-b700-8a6a02bed9d6,USF,Herb,22,03,EL CERCADO,072203,874cd651dffffff
2a2aebf3-d5f6-43f6-9a80-18b49ea5b1e6,1928365635,Pleopeltis macrocarpa,Pleopeltis macrocarpa (Bory ex Willd.) Kaulf.,Polypodiaceae,Pleopeltis,SPECIES,PRESERVED_SPECIMEN,2003-06-20,2003,-71.5517,18.6519,NA,d415c253-4d61-4459-9d25-4015b9084fb0,NY,NY,22,03,EL CERCADO,072203,874cd6430ffffff
2d965222-1e07-4089-86d7-876d4020deeb,4076816688,Anoectangium Schwägr.,Anoectangium Schwägr.,Pottiaceae,Anoectangium,GENUS,PRESERVED_SPECIMEN,1967-07,1967,-71.5,18.66666,NA,ad004988-7cbf-4af7-9cdb-d7500cc025f2,FLAS,,22,03,EL CERCADO,072203,874cd6420ffffff
2edc75a4-fd42-4601-a190-aff6425c3282,4598146321,Miconia neibensis,"Miconia antillana subsp. neibensis (Skean) Skean, Judd, Majure & Ionta",Melastomataceae,Miconia,SUBSPECIES,PRESERVED_SPECIMEN,2021-05-27,2021,-71.46671,18.74613,NA,b89d52a2-861d-4388-adad-c0da3d55fc78,UF,,22,03,EL CERCADO,072203,874cd652effffff
31512468-c0d8-483e-9fe3-3bbe19f1eb90,1928466007,Wedelia serrata,Wedelia serrata Rich.,Asteraceae,Wedelia,SPECIES,PRESERVED_SPECIMEN,1983-11-12,1983,-71.5,18.78,NA,d415c253-4d61-4459-9d25-4015b9084fb0,NY,NY,22,03,EL CERCADO,072203,874cd6522ffffff
3445d38b-8ad4-410c-8d8d-89af026a7324,1928507162,Zinnia peruviana,Zinnia peruviana (L.) L.,Asteraceae,Zinnia,SPECIES,PRESERVED_SPECIMEN,1968-09-04,1968,-71.470026,18.729064,4585,d415c253-4d61-4459-9d25-4015b9084fb0,NY,NY,22,03,EL CERCADO,072203,874cd652affffff
361170f5-325f-4f67-ac7a-0f2fdb4d38ec,3302597499,Breutelia brittoniae,Breutelia brittoniae Renauld & Cardot,Bartramiaceae,Breutelia,SPECIES,PRESERVED_SPECIMEN,1967-07,1967,-71.503177,18.666428,3489,16630817-fd43-49d6-bfff-ae5ffa473724,TENN,,22,03,EL CERCADO,072203,874cd6420ffffff
37369d32-ca8e-4535-8007-c850ac243aa3,1928549157,Aristolochia adiastola,Aristolochia adiastola G.A.Romero & Elad.Fernández,Aristolochiaceae,Aristolochia,SPECIES,PRESERVED_SPECIMEN,1968-09-04,1968,-71.517389,18.729028,973.21,d415c253-4d61-4459-9d25-4015b9084fb0,NY,NY,22,03,EL CERCADO,072203,874cd6503ffffff
374cd803-076c-4538-80a8-3566a6dc0c72,1928550427,Pelazoneuron patens,Thelypteris patens (Sw.) Small,Thelypteridaceae,Pelazoneuron,SPECIES,PRESERVED_SPECIMEN,2003-06-19,2003,-71.5572,18.6519,NA,d415c253-4d61-4459-9d25-4015b9084fb0,NY,NY,22,03,EL CERCADO,072203,874cd6430ffffff
3cc27fac-5836-4b40-97aa-37b3cc92912f,1928627366,Elaphoglossum tambillense,Elaphoglossum tambillense (Hook.) T.Moore,Dryopteridaceae,Elaphoglossum,SPECIES,PRESERVED_SPECIMEN,1967-08-02,1967,-71.5,18.6667,NA,d415c253-4d61-4459-9d25-4015b9084fb0,NY,NY,22,03,EL CERCADO,072203,874cd6420ffffff
3d672286-07a2-4e5b-bb76-f1fb49a619c2,4598144326,Miconia Ruiz & Pav.,Miconia Ruiz & Pav.,Melastomataceae,Miconia,GENUS,PRESERVED_SPECIMEN,2021-05-27,2021,-71.46774,18.74582,NA,b89d52a2-861d-4388-adad-c0da3d55fc78,UF,,22,03,EL CERCADO,072203,874cd652effffff
400da4c5-2e59-45ec-8681-339d22e25b4d,1928673495,Vernonanthura tuerckheimii,Vernonia microphylla Alain,Asteraceae,Vernonanthura,SPECIES,PRESERVED_SPECIMEN,1968-09-04,1968,-71.514849,18.723588,1635.69,d415c253-4d61-4459-9d25-4015b9084fb0,NY,NY,22,03,EL CERCADO,072203,874cd6503ffffff
40e47de1-fc89-4981-953c-e555a8cc4fd3,1928685736,Myriopteris microphylla,Myriopteris microphylla (Sw.) Grusz & Windham,Pteridaceae,Myriopteris,SPECIES,PRESERVED_SPECIMEN,2003-06-20,2003,-71.5572,18.6519,NA,d415c253-4d61-4459-9d25-4015b9084fb0,NY,NY,22,03,EL CERCADO,072203,874cd6430ffffff
40e7a1f6-c1f7-4282-b4f9-c1d85a909982,1928685732,Lantana reticulata,Lantana reticulata Pers.,Verbenaceae,Lantana,SPECIES,PRESERVED_SPECIMEN,1946-09-01,1946,-71.517389,18.729028,973.21,d415c253-4d61-4459-9d25-4015b9084fb0,NY,NY,22,03,EL CERCADO,072203,874cd6503ffffff
4135c533-1994-4ab8-b5d7-7cbc698e8aad,4079747427,Ateleia gummifera,Ateleia gummifera (Bertero ex DC.) D.Dietr.,Fabaceae,Ateleia,SPECIES,PRESERVED_SPECIMEN,1957-04-19,1957,-71.466865,18.668002,517,3b040a48-deae-485c-95b1-2ac80b7fdc54,IIBZ,USD,22,03,EL CERCADO,072203,874cd6556ffffff
41fc3351-34f3-4194-9381-3cbc6b27bcb0,3751564333,Meteoridium remotifolium,Meteoridium remotifolium (Müll. Hal.) Manuel,Brachytheciaceae,Meteoridium,SPECIES,PRESERVED_SPECIMEN,1967-07,1967,-71.503177,18.666428,3489,16630817-fd43-49d6-bfff-ae5ffa473724,TENN,,22,03,EL CERCADO,072203,874cd6420ffffff
420d8150-8ad2-415e-8cc9-69de56215426,1928702085,Amauropelta rheophyta,Thelypteris rheophyta Proctor,Thelypteridaceae,Amauropelta,SPECIES,PRESERVED_SPECIMEN,2003-06-21,2003,-71.5572,18.6519,NA,d415c253-4d61-4459-9d25-4015b9084fb0,NY,NY,22,03,EL CERCADO,072203,874cd6430ffffff
428ac898-f185-4e95-a97b-1b9735c745d6,1928709229,Peperomia acuminata,Peperomia acuminata Ruiz & Pav.,Piperaceae,Peperomia,SPECIES,PRESERVED_SPECIMEN,2003-06-19,2003,-71.5572,18.6519,NA,d415c253-4d61-4459-9d25-4015b9084fb0,NY,NY,22,03,EL CERCADO,072203,874cd6430ffffff
42a8b9f8-bb61-4c9a-902b-15c6dac8ecb5,3754819692,Toloxis imponderosa,Papillaria imponderosa (Taylor) Broth.,Meteoriaceae,Toloxis,SPECIES,PRESERVED_SPECIMEN,1967-08,1967,-71.514594,18.661366,4908,16630817-fd43-49d6-bfff-ae5ffa473724,TENN,,22,03,EL CERCADO,072203,874cd6426ffffff
42fd6611-f7b3-4a68-88ac-f5f69032f92d,1928715046,Serpocaulon loriceum,Serpocaulon loriceum (L.) A.R.Sm.,Polypodiaceae,Serpocaulon,SPECIES,PRESERVED_SPECIMEN,2003-06-21,2003,-71.5476,18.6545,NA,d415c253-4d61-4459-9d25-4015b9084fb0,NY,NY,22,03,EL CERCADO,072203,874cd6430ffffff
458230C8-9649-49C1-A1CD-E96BE055956B,1503206463,Brya buxifolia,Brya buxifolia (Murray) Urb.,Fabaceae,Brya,SPECIES,PRESERVED_SPECIMEN,1982-08-25,1982,-71.5183,18.7037,NA,af1b4db0-c8ce-4a95-b700-8a6a02bed9d6,USF,Herb,22,03,EL CERCADO,072203,874cd651dffffff
45b35af5-2116-4a13-ac38-f1298386a30f,1928754301,Lepidaploa stenophylla,Lepidaploa stenophylla (Less.) H.Rob.,Asteraceae,Lepidaploa,SPECIES,PRESERVED_SPECIMEN,1968-09-04,1968,-71.514849,18.723588,1635.69,d415c253-4d61-4459-9d25-4015b9084fb0,NY,NY,22,03,EL CERCADO,072203,874cd6503ffffff
47f9b37b-9e7a-4dbe-916d-c307345e34c4,1928785871,Pleopeltis thyssanolepis,Polypodium thyssanolepis A.Br. ex Klotzsch,Polypodiaceae,Pleopeltis,SPECIES,PRESERVED_SPECIMEN,2003-06-20,2003,-71.5517,18.6519,NA,d415c253-4d61-4459-9d25-4015b9084fb0,NY,NY,22,03,EL CERCADO,072203,874cd6430ffffff
480a9e9e-3240-4596-9fbc-2615b864afb7,1928786891,Amauropelta piedrensis,Thelypteris piedrensis (C.Chr.) C.V.Morton,Thelypteridaceae,Amauropelta,SPECIES,PRESERVED_SPECIMEN,2003-06-19,2003,-71.5572,18.6519,NA,d415c253-4d61-4459-9d25-4015b9084fb0,NY,NY,22,03,EL CERCADO,072203,874cd6430ffffff
4973bad5-0a0d-4b54-95a1-48d881480081,1928806838,Pilea polyclada,Pilea polyclada Urb.,Urticaceae,Pilea,SPECIES,PRESERVED_SPECIMEN,2003-06-20,2003,-71.5572,18.6519,NA,d415c253-4d61-4459-9d25-4015b9084fb0,NY,NY,22,03,EL CERCADO,072203,874cd6430ffffff
49744b29-dd8c-4edc-98d5-d51389b749c5,1928807152,Elaphoglossum latifolium,Elaphoglossum latifolium (Sw.) J.Sm.,Dryopteridaceae,Elaphoglossum,SPECIES,PRESERVED_SPECIMEN,2003-06-19,2003,-71.5572,18.6519,NA,d415c253-4d61-4459-9d25-4015b9084fb0,NY,NY,22,03,EL CERCADO,072203,874cd6430ffffff
49876539-cf2b-4435-8437-93360092a0a4,1928807911,Chamaecrista pedicellaris,Chamaecrista pedicellaris var. pedicellaris,Fabaceae,Chamaecrista,VARIETY,PRESERVED_SPECIMEN,1968-09-04,1968,-71.514849,18.723588,1635.69,d415c253-4d61-4459-9d25-4015b9084fb0,NY,NY,22,03,EL CERCADO,072203,874cd6503ffffff
4a0e0cfc-0e97-450e-b7bd-10bce60d09d0,1928815188,Dryopteris wallichiana,Dryopteris wallichiana (Spreng.) Hyl.,Dryopteridaceae,Dryopteris,SPECIES,PRESERVED_SPECIMEN,2003-06-19,2003,-71.5572,18.6519,NA,d415c253-4d61-4459-9d25-4015b9084fb0,NY,NY,22,03,EL CERCADO,072203,874cd6430ffffff
4a7f7169-9ede-4ce8-bd12-975d065e85e6,3450102322,Entodon macropodus,Entodon macropodus (Hedw.) Müll. Hal.,Entodontaceae,Entodon,SPECIES,PRESERVED_SPECIMEN,1967-07,1967,-71.503177,18.666428,3489,16630817-fd43-49d6-bfff-ae5ffa473724,TENN,,22,03,EL CERCADO,072203,874cd6420ffffff
4af3b855-9ece-4a6d-bc3b-e79b40e4cc0e,1928827585,Serpocaulon falcaria,Serpocaulon falcaria (Kunze) A.R.Sm.,Polypodiaceae,Serpocaulon,SPECIES,PRESERVED_SPECIMEN,2003-06-19,2003,-71.5572,18.6519,NA,d415c253-4d61-4459-9d25-4015b9084fb0,NY,NY,22,03,EL CERCADO,072203,874cd6430ffffff
4c6bc875-5c9c-4ef7-ac92-6452d7188aeb,4079748015,Eucalyptus exserta,Eucalyptus exserta F.Muell.,Myrtaceae,Eucalyptus,SPECIES,PRESERVED_SPECIMEN,1973-03-17,1973,-71.515944,18.727475,1552,3b040a48-deae-485c-95b1-2ac80b7fdc54,IIBZ,USD,22,03,EL CERCADO,072203,874cd6503ffffff
4d37463e-9825-4956-935f-1176a08029a5,1928860383,Dendrophthora brachylepis,Dendrophthora brachylepis Urb.,Viscaceae,Dendrophthora,SPECIES,PRESERVED_SPECIMEN,1968-09-04,1968,-71.514849,18.723588,1635.69,d415c253-4d61-4459-9d25-4015b9084fb0,NY,NY,22,03,EL CERCADO,072203,874cd6503ffffff
4d417546-b195-44ed-96fc-a9c8282673c9,1928860043,Pelazoneuron patens,Thelypteris patens (Sw.) Small,Thelypteridaceae,Pelazoneuron,SPECIES,PRESERVED_SPECIMEN,2003-06-23,2003,-71.5476,18.6545,NA,d415c253-4d61-4459-9d25-4015b9084fb0,NY,NY,22,03,EL CERCADO,072203,874cd6430ffffff
4e95ee45-5fe0-426c-b3a1-0e7dc99d8519,1928879244,Crotalaria incana,Crotalaria incana L.,Fabaceae,Crotalaria,SPECIES,PRESERVED_SPECIMEN,1983-11-12,1983,-71.53,18.7,NA,d415c253-4d61-4459-9d25-4015b9084fb0,NY,NY,22,03,EL CERCADO,072203,874cd6518ffffff
503AE81A-F8FE-4E55-8FA2-E688671A3F23,153274428,Coccoloba picardae,Coccoloba picardae Urb.,Polygonaceae,Coccoloba,SPECIES,PRESERVED_SPECIMEN,2004-11-02,2004,-71.55,18.6667,NA,832cb04e-f762-11e1-a439-00145eb45e9a,FTG,Herbarium,22,03,EL CERCADO,072203,874cd6434ffffff
5227e2de-8a74-407f-ad9f-316e765846d5,4598144341,Pilea microphylla,Pilea microphylla (L.) Liebm.,Urticaceae,Pilea,SPECIES,PRESERVED_SPECIMEN,2021-05-27,2021,-71.46774,18.74582,NA,b89d52a2-861d-4388-adad-c0da3d55fc78,UF,,22,03,EL CERCADO,072203,874cd652effffff
53f490b0-1f4c-4160-ace7-533021143134,1928955021,Campyloneurum phyllitidis,Campyloneurum phyllitidis (L.) C.Presl,Polypodiaceae,Campyloneurum,SPECIES,PRESERVED_SPECIMEN,2003-06-23,2003,-71.5476,18.6545,NA,d415c253-4d61-4459-9d25-4015b9084fb0,NY,NY,22,03,EL CERCADO,072203,874cd6430ffffff
557bf41b-65be-49e4-991c-d329ab83e316,3700115830,Caribaeohypnum polypterum,Hypnum polypterum (Mitt.) Broth.,Taxiphyllaceae,Caribaeohypnum,SPECIES,PRESERVED_SPECIMEN,1967-07,1967,-71.514594,18.661366,4908,16630817-fd43-49d6-bfff-ae5ffa473724,TENN,,22,03,EL CERCADO,072203,874cd6426ffffff
557dc088-1e44-491a-aeb7-b604b27d5686,4598145335,Rubiaceae Juss.,Rubiaceae Juss.,Rubiaceae,,FAMILY,PRESERVED_SPECIMEN,2021-05-27,2021,-71.46774,18.74582,NA,b89d52a2-861d-4388-adad-c0da3d55fc78,UF,,22,03,EL CERCADO,072203,874cd652effffff
5617f388-0209-45c9-aebf-1b6182d723b2,1928985049,Dendropemon alatus,Dendropemon alatus Tiegh.,Loranthaceae,Dendropemon,SPECIES,PRESERVED_SPECIMEN,1968-09-04,1968,-71.514849,18.723588,1635.69,d415c253-4d61-4459-9d25-4015b9084fb0,NY,NY,22,03,EL CERCADO,072203,874cd6503ffffff
56e7e7bf-d96a-447b-88ad-8dd19e7d7ba3,3754819702,Toloxis imponderosa,Papillaria imponderosa (Taylor) Broth.,Meteoriaceae,Toloxis,SPECIES,PRESERVED_SPECIMEN,1967-08,1967,-71.514594,18.661366,4908,16630817-fd43-49d6-bfff-ae5ffa473724,TENN,,22,03,EL CERCADO,072203,874cd6426ffffff
582aa0dc-370e-40f1-ac2d-2971c506e39f,1929014082,Pitcairnia samuelssonii,Pitcairnia samuelssonii L.B.Sm.,Bromeliaceae,Pitcairnia,SPECIES,PRESERVED_SPECIMEN,1968-09-08,1968,-71.509308,18.720628,1106.57,d415c253-4d61-4459-9d25-4015b9084fb0,NY,NY,22,03,EL CERCADO,072203,874cd6503ffffff
583aa7af-4b58-4734-aa25-c37d96f4eb02,1929015639,Ipomoea tenuissima,Ipomoea tenuissima Choisy,Convolvulaceae,Ipomoea,SPECIES,PRESERVED_SPECIMEN,1968-09-04,1968,-71.514849,18.723588,1635.69,d415c253-4d61-4459-9d25-4015b9084fb0,NY,NY,22,03,EL CERCADO,072203,874cd6503ffffff
5BD1B352-F449-4722-9BD3-C384E9D43DF2,153279217,Persea krugii,Persea krugii Mez,Lauraceae,Persea,SPECIES,PRESERVED_SPECIMEN,2004-11-02,2004,-71.55,18.6667,NA,832cb04e-f762-11e1-a439-00145eb45e9a,FTG,Herbarium,22,03,EL CERCADO,072203,874cd6434ffffff
5a501c5b-dcf5-4f9b-8b1f-f99834742f07,4598144345,Ocotea leucoxylon,Ocotea leucoxylon (Sw.) Mez,Lauraceae,Ocotea,SPECIES,PRESERVED_SPECIMEN,2021-05-27,2021,-71.45882,18.74737,NA,b89d52a2-861d-4388-adad-c0da3d55fc78,UF,,22,03,EL CERCADO,072203,874cd6528ffffff
5b681646-e925-4a30-ab4c-5eaeb2a3d136,4016087328,Thuidium urceolatum,Thuidium urceolatum Lorentz,Thuidiaceae,Thuidium,SPECIES,PRESERVED_SPECIMEN,1967-07,1967,-71.503177,18.666428,3489,16630817-fd43-49d6-bfff-ae5ffa473724,TENN,,22,03,EL CERCADO,072203,874cd6420ffffff
5c90449d-9302-43ff-8d84-7d61eb50b693,1929077167,Pelazoneuron kunthii,Thelypteris kunthii (Desv.) C.V.Morton,Thelypteridaceae,Pelazoneuron,SPECIES,PRESERVED_SPECIMEN,1946-08-31,1946,-71.517389,18.729028,973.21,d415c253-4d61-4459-9d25-4015b9084fb0,NY,NY,22,03,EL CERCADO,072203,874cd6503ffffff
5d523961-66b6-40fe-93ca-c264361000f0,3754819412,Squamidium nigricans,Squamidium nigricans (Hook.) Broth.,Brachytheciaceae,Squamidium,SPECIES,PRESERVED_SPECIMEN,1967-08,1967,-71.514594,18.661366,4908,16630817-fd43-49d6-bfff-ae5ffa473724,TENN,,22,03,EL CERCADO,072203,874cd6426ffffff
5e5af982-3062-4086-85a4-222a1351a0a4,4079747429,Ateleia gummifera,Ateleia gummifera (Bertero ex DC.) D.Dietr.,Fabaceae,Ateleia,SPECIES,PRESERVED_SPECIMEN,1957-04-19,1957,-71.466865,18.668002,517,3b040a48-deae-485c-95b1-2ac80b7fdc54,IIBZ,USD,22,03,EL CERCADO,072203,874cd6556ffffff
5f6f698e-5eae-4aaa-96fa-17a38a8569a2,1929117082,Dendrophthora brachystachya,Dendrophthora brachystachya Urb.,Viscaceae,Dendrophthora,SPECIES,PRESERVED_SPECIMEN,1968-09-04,1968,-71.514849,18.723588,1635.69,d415c253-4d61-4459-9d25-4015b9084fb0,NY,NY,22,03,EL CERCADO,072203,874cd6503ffffff
6280512b-74cf-4886-b29b-29cc002ba450,1929160378,Bunchosia glandulosa,Bunchosia glandulosa (Cav.) DC.,Malpighiaceae,Bunchosia,SPECIES,PRESERVED_SPECIMEN,1968-09-04,1968,-71.514849,18.723588,1635.69,d415c253-4d61-4459-9d25-4015b9084fb0,NY,NY,22,03,EL CERCADO,072203,874cd6503ffffff
62923939-e027-42f4-a58b-147eaec24ae4,1929161616,Adenaria floribunda,Adenaria floribunda Kunth,Lythraceae,Adenaria,SPECIES,PRESERVED_SPECIMEN,1968-09-04,1968,-71.514849,18.723588,1635.69,d415c253-4d61-4459-9d25-4015b9084fb0,NY,NY,22,03,EL CERCADO,072203,874cd6503ffffff
62a6d3c3-0d81-4e1e-a550-6c5f15acbbf1,5106968351,Ophioglossum reticulatum,Ophioglossum reticulatum L.,Ophioglossaceae,Ophioglossum,SPECIES,PRESERVED_SPECIMEN,2021-05-27,2021,-71.46671,18.74613,NA,b89d52a2-861d-4388-adad-c0da3d55fc78,UF,,22,03,EL CERCADO,072203,874cd652effffff
6357eabe-ad24-4754-8fa8-2318786b14af,3751564332,Meteoridium remotifolium,Meteoridium remotifolium (Müll. Hal.) Manuel,Brachytheciaceae,Meteoridium,SPECIES,PRESERVED_SPECIMEN,1967-07,1967,-71.5,18.666667,2524,16630817-fd43-49d6-bfff-ae5ffa473724,TENN,,22,03,EL CERCADO,072203,874cd6420ffffff
6471a116-06be-4cf1-ac97-d51c3d71ba2f,1929187290,Zinnia peruviana,Zinnia peruviana (L.) L.,Asteraceae,Zinnia,SPECIES,PRESERVED_SPECIMEN,1968-09-04,1968,-71.514849,18.723588,1635.69,d415c253-4d61-4459-9d25-4015b9084fb0,NY,NY,22,03,EL CERCADO,072203,874cd6503ffffff
650f66cc-07ac-475a-b5da-f697a8f9ed7e,1929196105,Solanum polyacanthos,Solanum polyacanthos Lam.,Solanaceae,Solanum,SPECIES,PRESERVED_SPECIMEN,2003-06-20,2003,-71.5572,18.6519,NA,d415c253-4d61-4459-9d25-4015b9084fb0,NY,NY,22,03,EL CERCADO,072203,874cd6430ffffff
65785e40-4118-4987-9696-9ccd69c8ada2,4598146346,Rivina humilis,Rivina humilis L.,Petiveriaceae,Rivina,SPECIES,PRESERVED_SPECIMEN,2021-05-27,2021,-71.46774,18.74582,NA,b89d52a2-861d-4388-adad-c0da3d55fc78,UF,,22,03,EL CERCADO,072203,874cd652effffff
65f3e7f0-a376-4438-bdc8-5342594975bc,1929211638,Alsophila woodwardioides,Alsophila hieronymi Brause,Cyatheaceae,Alsophila,SPECIES,PRESERVED_SPECIMEN,2003-06-23,2003,-71.5476,18.6545,NA,d415c253-4d61-4459-9d25-4015b9084fb0,NY,NY,22,03,EL CERCADO,072203,874cd6430ffffff
668816e5-fe8c-401f-94dd-d8851aba7f32,1929217330,Equisetum giganteum,Equisetum giganteum L.,Equisetaceae,Equisetum,SPECIES,PRESERVED_SPECIMEN,1946-08-31,1946,-71.517389,18.729028,973.21,d415c253-4d61-4459-9d25-4015b9084fb0,NY,NY,22,03,EL CERCADO,072203,874cd6503ffffff
68b9ce23-d97d-4e80-a7fb-f3526fdcde0b,1929249103,Citharexylum spinosum,Citharexylum spinosum L.,Verbenaceae,Citharexylum,SPECIES,PRESERVED_SPECIMEN,1968-09-04,1968,-71.514849,18.723588,1635.69,d415c253-4d61-4459-9d25-4015b9084fb0,NY,NY,22,03,EL CERCADO,072203,874cd6503ffffff
68ffa18a-d23d-4eff-89cd-58f6333edca6,1929251592,Pelazoneuron abruptum,Thelypteris grandis A.R.Sm.,Thelypteridaceae,Pelazoneuron,SPECIES,PRESERVED_SPECIMEN,2003-06-19,2003,-71.5572,18.6519,NA,d415c253-4d61-4459-9d25-4015b9084fb0,NY,NY,22,03,EL CERCADO,072203,874cd6430ffffff
6928d776-5d06-499d-9e4b-bacba8fc421a,3948286305,Pterobryon densum,Pterobryon densum (Hornsch.) Hornsch.,Pterobryaceae,Pterobryon,SPECIES,PRESERVED_SPECIMEN,1967-07,1967,-71.514594,18.661366,4908,16630817-fd43-49d6-bfff-ae5ffa473724,TENN,,22,03,EL CERCADO,072203,874cd6426ffffff
6aad781f-c11c-4bee-80ad-706bbe305c09,1929275430,Psilotum nudum,Psilotum nudum (L.) P.Beauv.,Psilotaceae,Psilotum,SPECIES,PRESERVED_SPECIMEN,1983-11-12,1983,-71.53,18.7,NA,d415c253-4d61-4459-9d25-4015b9084fb0,NY,NY,22,03,EL CERCADO,072203,874cd6518ffffff
6c98dbf1-fcdc-42e6-bc8d-02d909fc7c0a,1929302735,Zinnia elegans,Zinnia elegans Jacq.,Asteraceae,Zinnia,SPECIES,PRESERVED_SPECIMEN,1983-11-12,1983,-71.55,18.7,NA,d415c253-4d61-4459-9d25-4015b9084fb0,NY,NY,22,03,EL CERCADO,072203,874cd651affffff
6cdf5bce-c234-4212-b733-2d5d5f914e68,1929306196,Myrcia neopalustris,Calyptranthes palustris Urb. & Ekman,Myrtaceae,Myrcia,SPECIES,PRESERVED_SPECIMEN,1968-09-04,1968,-71.514849,18.723588,1635.69,d415c253-4d61-4459-9d25-4015b9084fb0,NY,NY,22,03,EL CERCADO,072203,874cd6503ffffff
6d2f9d45-9f51-4206-9704-3845ebf92ba8,1929311150,Exostema parviflorum,Solenandra parviflora (A.Rich. ex Humb. & Bonpl.) Borhidi,Rubiaceae,Exostema,SPECIES,PRESERVED_SPECIMEN,1968-09-04,1968,-71.514849,18.723588,1635.69,d415c253-4d61-4459-9d25-4015b9084fb0,NY,NY,22,03,EL CERCADO,072203,874cd6503ffffff
6d5c875b-202c-4c7e-87b2-7918e607b5cf,1929313254,Schaefferia frutescens,Schaefferia frutescens Jacq.,Celastraceae,Schaefferia,SPECIES,PRESERVED_SPECIMEN,1968-09-08,1968,-71.509308,18.720628,1106.57,d415c253-4d61-4459-9d25-4015b9084fb0,NY,NY,22,03,EL CERCADO,072203,874cd6503ffffff
6f2286b8-811c-4c14-88cf-11f4a6b1206f,1929338323,Scolosanthus selleanus,Scolosanthus selleanus Urb. & Ekman,Rubiaceae,Scolosanthus,SPECIES,PRESERVED_SPECIMEN,2003-06-20,2003,-71.5572,18.6519,NA,d415c253-4d61-4459-9d25-4015b9084fb0,NY,NY,22,03,EL CERCADO,072203,874cd6430ffffff
7059ef60-0d90-4509-9416-7e6c1b2914d0,4145922698,Leiomela bartramioides,Leiomela bartramioides (Hook.) Paris,Bartramiaceae,Leiomela,SPECIES,PRESERVED_SPECIMEN,1967-08,1967,-71.503177,18.666428,3489,ad004988-7cbf-4af7-9cdb-d7500cc025f2,FLAS,,22,03,EL CERCADO,072203,874cd6420ffffff
705da146-e3ab-4937-9c38-e69018763259,1929355224,Chaptalia dentata,Chaptalia dentata (L.) Cass.,Asteraceae,Chaptalia,SPECIES,PRESERVED_SPECIMEN,1968-09-04,1968,-71.514849,18.723588,1635.69,d415c253-4d61-4459-9d25-4015b9084fb0,NY,NY,22,03,EL CERCADO,072203,874cd6503ffffff
70d91ba0-09d8-4111-bfd1-4b3755cef960,1929361889,Galactia longifolia,Galactia longifolia (Jacq.) Benth.,Fabaceae,Galactia,SPECIES,PRESERVED_SPECIMEN,1968-09-08,1968,-71.509308,18.720628,1106.57,d415c253-4d61-4459-9d25-4015b9084fb0,NY,NY,22,03,EL CERCADO,072203,874cd6503ffffff
72ff0dfb-52b1-481c-8d7b-4f1f4de8f4f2,1929392454,Elaphoglossum inaequalifolium,Elaphoglossum inaequalifolium (Jenman) C.Chr.,Dryopteridaceae,Elaphoglossum,SPECIES,PRESERVED_SPECIMEN,2003-06-19,2003,-71.5572,18.6519,NA,d415c253-4d61-4459-9d25-4015b9084fb0,NY,NY,22,03,EL CERCADO,072203,874cd6430ffffff
735394DD-C9D5-4444-A0A2-6D52A9C3E6E1,122955840,Ekmaniopappus mikanioides,Herodotia mikanioides Urb. & Ekman,Asteraceae,Ekmaniopappus,SPECIES,PRESERVED_SPECIMEN,2001-02-27,2001,-71.5564,18.6514,NA,832cb04e-f762-11e1-a439-00145eb45e9a,FTG,Herbarium,22,03,EL CERCADO,072203,874cd6430ffffff
7371c59c-7ca0-43bd-88c5-419a8f371c8e,5076447829,Trachypus bicolor,Trachypus viridulus (Mitt.) Broth.,Meteoriaceae,Trachypus,SPECIES,PRESERVED_SPECIMEN,1967-07,1967,-71.503177,18.666428,3489,ed09ed80-262a-4882-8326-359a7d8f7c66,WIS,,22,03,EL CERCADO,072203,874cd6420ffffff
740e40f3-288d-463e-a813-2df07a2b3590,4079747362,Elekmania haitiensis,Elekmania haitiensis (Krug & Urb.) B.Nord.,Asteraceae,Elekmania,SPECIES,PRESERVED_SPECIMEN,1957-04-17,1957,-71.515944,18.727475,1552,3b040a48-deae-485c-95b1-2ac80b7fdc54,IIBZ,USD,22,03,EL CERCADO,072203,874cd6503ffffff
742bf4ce-3647-448d-bf9a-e36ce808b14f,5076418803,Hymenodon aeruginosus,Hymenodon aeruginosus (Hook. & Wilson) Müll. Hal.,Orthodontiaceae,Hymenodon,SPECIES,PRESERVED_SPECIMEN,1967-08,1967,-71.508582,18.666452,3921,ed09ed80-262a-4882-8326-359a7d8f7c66,WIS,,22,03,EL CERCADO,072203,874cd6426ffffff
74429c08-e01f-444d-9fc9-6ed041e2d89d,4598145349,Myrcia DC. ex Guill.,Myrcia DC. ex Guill.,Myrtaceae,Myrcia,GENUS,PRESERVED_SPECIMEN,2021-05-27,2021,-71.46671,18.74613,NA,b89d52a2-861d-4388-adad-c0da3d55fc78,UF,,22,03,EL CERCADO,072203,874cd652effffff
7493dbd9-1b51-4270-8d56-2077495b83dc,1929415151,Juniperus gracilior var. gracilior,Juniperus gracilior var. gracilior,Cupressaceae,Juniperus,VARIETY,PRESERVED_SPECIMEN,2003-06-19,2003,-71.5572,18.6519,NA,d415c253-4d61-4459-9d25-4015b9084fb0,NY,NY,22,03,EL CERCADO,072203,874cd6430ffffff
74ff9732-859f-4379-9a0a-20158445d5a9,4079747341,Sesbania grandiflora,Sesbania grandiflora (L.) Pers.,Fabaceae,Sesbania,SPECIES,PRESERVED_SPECIMEN,1954-04-25,1954,-71.466865,18.668002,560,3b040a48-deae-485c-95b1-2ac80b7fdc54,IIBZ,USD,22,03,EL CERCADO,072203,874cd6556ffffff
757D60E0-D139-4469-8E3C-8C5D7BC063BF,1503203474,Echites umbellatus,Echites umbellatus Jacq.,Apocynaceae,Echites,SPECIES,PRESERVED_SPECIMEN,1982-08-25,1982,-71.5183,18.7037,NA,af1b4db0-c8ce-4a95-b700-8a6a02bed9d6,USF,Herb,22,03,EL CERCADO,072203,874cd651dffffff
764F8A06-55F3-4239-97E6-1D2F2F46A75E,1503203473,Tillandsia schiedeana,Tillandsia schiedeana Steud.,Bromeliaceae,Tillandsia,SPECIES,PRESERVED_SPECIMEN,1982-08-25,1982,-71.5183,18.7037,NA,af1b4db0-c8ce-4a95-b700-8a6a02bed9d6,USF,Herb,22,03,EL CERCADO,072203,874cd651dffffff
76e44fe6-e1c2-4d5a-8701-6192152dced1,1929447638,Elaphoglossum tambillense,Elaphoglossum tambillense (Hook.) T.Moore,Dryopteridaceae,Elaphoglossum,SPECIES,PRESERVED_SPECIMEN,1967-08-01,1967,-71.5,18.6667,NA,d415c253-4d61-4459-9d25-4015b9084fb0,NY,NY,22,03,EL CERCADO,072203,874cd6420ffffff
7847b6f3-67d7-4820-b296-20c3242f373c,3302597500,Leiomela bartramioides,Leiomela bartramioides (Hook.) Paris,Bartramiaceae,Leiomela,SPECIES,PRESERVED_SPECIMEN,1967-08,1967,-71.503177,18.666428,3489,16630817-fd43-49d6-bfff-ae5ffa473724,TENN,,22,03,EL CERCADO,072203,874cd6420ffffff
7a854a1e-5475-4d77-b4ce-9ac8b7a2e328,1929498910,Parablechnum tuerckheimii,Blechnum tuerckheimii Brause,Blechnaceae,Parablechnum,SPECIES,PRESERVED_SPECIMEN,2003-06-21,2003,-71.5476,18.6545,NA,d415c253-4d61-4459-9d25-4015b9084fb0,NY,NY,22,03,EL CERCADO,072203,874cd6430ffffff
7c1b1caf-b79e-4296-b196-450306fe3cbe,4161663329,Cyperus picardae,Cyperus picardae Boeckeler,Cyperaceae,Cyperus,SPECIES,PRESERVED_SPECIMEN,2021-05-27,2021,-71.46671,18.74613,NA,b89d52a2-861d-4388-adad-c0da3d55fc78,UF,,22,03,EL CERCADO,072203,874cd652effffff
7d42e6e7-f01a-4af2-bae2-5831250a89e7,1929537814,Eugenia biflora,Eugenia biflora (L.) DC.,Myrtaceae,Eugenia,SPECIES,PRESERVED_SPECIMEN,1968-09-04,1968,-71.514849,18.723588,1635.69,d415c253-4d61-4459-9d25-4015b9084fb0,NY,NY,22,03,EL CERCADO,072203,874cd6503ffffff
817b4121-3e9d-4cf2-a2be-aac734dfdc59,1929596811,Chrysophyllum oliviforme,Chrysophyllum oliviforme subsp. angustifolium (Lam.) T.D.Penn.,Sapotaceae,Chrysophyllum,SUBSPECIES,PRESERVED_SPECIMEN,1978-08,1978,-71.517389,18.729028,973.21,d415c253-4d61-4459-9d25-4015b9084fb0,NY,NY,22,03,EL CERCADO,072203,874cd6503ffffff
81b628cb-0bd1-437f-82d7-f84fce8bb2b2,1929600501,Monteverdia domingensis,Maytenus domingensis Krug & Urb.,Celastraceae,Monteverdia,SPECIES,PRESERVED_SPECIMEN,1968-09-04,1968,-71.514849,18.723588,1635.69,d415c253-4d61-4459-9d25-4015b9084fb0,NY,NY,22,03,EL CERCADO,072203,874cd6503ffffff
83ba5b7f-09f7-43bd-a61a-835a2fbda965,1929628507,Lepidaploa sprengeliana,Lepidaploa sprengeliana (Sch.Bip.) H.Rob.,Asteraceae,Lepidaploa,SPECIES,PRESERVED_SPECIMEN,2000-12-03,2000,-71.53,18.745,NA,d415c253-4d61-4459-9d25-4015b9084fb0,NY,NY,22,03,EL CERCADO,072203,874cd6506ffffff
84c9fafc-2108-43a4-8110-007f01814d99,4079747418,Ateleia gummifera,Ateleia gummifera (Bertero ex DC.) D.Dietr.,Fabaceae,Ateleia,SPECIES,PRESERVED_SPECIMEN,1957-04-19,1957,-71.466865,18.668002,517,3b040a48-deae-485c-95b1-2ac80b7fdc54,IIBZ,USD,22,03,EL CERCADO,072203,874cd6556ffffff
85e34330-218b-4ddc-8c94-fc9928586f56,4849667227,Trachypus bicolor,Trachypus viridulus (Mitt.) Broth.,Meteoriaceae,Trachypus,SPECIES,PRESERVED_SPECIMEN,1967-07,1967,-71.503177,18.666428,3489,42fc31bd-81d7-48eb-949b-d0b1e73b34b4,MU,,22,03,EL CERCADO,072203,874cd6420ffffff
86084bfe-397e-4222-a3d0-ae9c1580f846,1929660787,Vernonanthura tuerckheimii,Vernonia microphylla Alain,Asteraceae,Vernonanthura,SPECIES,PRESERVED_SPECIMEN,1968-09-04,1968,-71.514849,18.723588,1635.69,d415c253-4d61-4459-9d25-4015b9084fb0,NY,NY,22,03,EL CERCADO,072203,874cd6503ffffff
8e66c1f5-9729-4b79-aed3-6f2c3d6b3816,4517448329,Orthosia scoparia,Cynanchum leptocladum (Decne.) Jiménez,Apocynaceae,Orthosia,SPECIES,PRESERVED_SPECIMEN,2004-11-02,2004,-71.55,18.666667,NA,b89d52a2-861d-4388-adad-c0da3d55fc78,UF,,22,03,EL CERCADO,072203,874cd6434ffffff
8f427471-5a56-4291-843f-1a046bbda7bf,1929791037,Chrysophyllum oliviforme,Chrysophyllum oliviforme L.,Sapotaceae,Chrysophyllum,SPECIES,PRESERVED_SPECIMEN,1983-11-12,1983,-71.55,18.7,NA,d415c253-4d61-4459-9d25-4015b9084fb0,NY,NY,22,03,EL CERCADO,072203,874cd651affffff
9192c57d-da55-42d4-80d3-a0fa2ff60e7b,4598143360,Piper L.,Piper L.,Piperaceae,Piper,GENUS,PRESERVED_SPECIMEN,2021-05-27,2021,-71.45882,18.747737,NA,b89d52a2-861d-4388-adad-c0da3d55fc78,UF,,22,03,EL CERCADO,072203,874cd6528ffffff
91f780ba-91d7-4b93-a019-1c39e195bd82,3928953318,Prionodon densus,Prionodon densus (Sw. ex Hedw.) Müll. Hal.,Prionodontaceae,Prionodon,SPECIES,PRESERVED_SPECIMEN,1967-08,1967,-71.503177,18.666428,3489,16630817-fd43-49d6-bfff-ae5ffa473724,TENN,,22,03,EL CERCADO,072203,874cd6420ffffff
935d0b7a-d557-45e1-a095-46ed6576c803,1929848148,Pilea consanguinea,Pilea consanguinea Wedd.,Urticaceae,Pilea,SPECIES,PRESERVED_SPECIMEN,2003-06-19,2003,-71.5572,18.6519,NA,d415c253-4d61-4459-9d25-4015b9084fb0,NY,NY,22,03,EL CERCADO,072203,874cd6430ffffff
94455644-2c82-4579-8ae0-9f23ab26a6d8,4079747385,Eleutheranthera ruderalis,Eleutheranthera ruderalis (Sw.) Sch.Bip.,Asteraceae,Eleutheranthera,SPECIES,PRESERVED_SPECIMEN,1953-05-13,1953,-71.515944,18.727475,1552,3b040a48-deae-485c-95b1-2ac80b7fdc54,IIBZ,USD,22,03,EL CERCADO,072203,874cd6503ffffff
975c74fc-709a-4400-9bbf-5820367658c6,1929904925,Asplenium alatum,Asplenium alatum Humb. & Bonpl. ex Willd.,Aspleniaceae,Asplenium,SPECIES,PRESERVED_SPECIMEN,2003-06-19,2003,-71.5572,18.6519,NA,d415c253-4d61-4459-9d25-4015b9084fb0,NY,NY,22,03,EL CERCADO,072203,874cd6430ffffff
9904376f-f028-4d52-a41e-5f7cae9734c8,1929928396,Asplenium blepharodes,Asplenium blepharodes D.C.Eaton,Aspleniaceae,Asplenium,SPECIES,PRESERVED_SPECIMEN,2003-06-21,2003,-71.5476,18.6545,NA,d415c253-4d61-4459-9d25-4015b9084fb0,NY,NY,22,03,EL CERCADO,072203,874cd6430ffffff
9acd8e2f-3b42-40c4-88a2-f2c387fac8f2,1929953532,Amauropelta oligocarpa,Thelypteris oligocarpa (Humb. & Bonpl. ex Willd.) Ching,Thelypteridaceae,Amauropelta,SPECIES,PRESERVED_SPECIMEN,2003-06-19,2003,-71.5572,18.6519,NA,d415c253-4d61-4459-9d25-4015b9084fb0,NY,NY,22,03,EL CERCADO,072203,874cd6430ffffff
9af0e6a1-d2a8-442f-b31a-9b4c6d5ed031,5106969396,Peperomia tetraphylla,Peperomia tetraphylla (G.Forst.) Hook. & Arn.,Piperaceae,Peperomia,SPECIES,PRESERVED_SPECIMEN,2021-05-27,2021,-71.46671,18.74613,NA,b89d52a2-861d-4388-adad-c0da3d55fc78,UF,,22,03,EL CERCADO,072203,874cd652effffff
9bb000c2-b1fb-47c2-bd60-f95f72392b89,5106972376,Pilea erosa,Pilea erosa Urb.,Urticaceae,Pilea,SPECIES,PRESERVED_SPECIMEN,2021-05-27,2021,-71.46671,18.74613,NA,b89d52a2-861d-4388-adad-c0da3d55fc78,UF,,22,03,EL CERCADO,072203,874cd652effffff
9cdd0725-a16e-4c06-9658-85b5af90e5a0,1929982596,Lepidaploa sprengeliana,Lepidaploa sprengeliana (Sch.Bip.) H.Rob.,Asteraceae,Lepidaploa,SPECIES,PRESERVED_SPECIMEN,2000-12-03,2000,-71.53,18.745,NA,d415c253-4d61-4459-9d25-4015b9084fb0,NY,NY,22,03,EL CERCADO,072203,874cd6506ffffff
9faa3756-a10e-4d23-bceb-4f77c71f286e,1930022260,Serpocaulon falcaria,Serpocaulon falcaria (Kunze) A.R.Sm.,Polypodiaceae,Serpocaulon,SPECIES,PRESERVED_SPECIMEN,2003-06-19,2003,-71.5572,18.6519,NA,d415c253-4d61-4459-9d25-4015b9084fb0,NY,NY,22,03,EL CERCADO,072203,874cd6430ffffff
9fe78b04-4574-4045-be6c-f917da8ea8d5,1930025892,Myriopteris lendigera,Cheilanthes lendigera (Cav.) Sw.,Pteridaceae,Myriopteris,SPECIES,PRESERVED_SPECIMEN,2003-06-21,2003,-71.5476,18.6545,NA,d415c253-4d61-4459-9d25-4015b9084fb0,NY,NY,22,03,EL CERCADO,072203,874cd6430ffffff
A1D189BB-66FB-4F63-9D1C-55E6C1567AC6,1503206374,Casearia dodecandra,Samyda dodecandra Jacq.,Salicaceae,Casearia,SPECIES,PRESERVED_SPECIMEN,1982-08-25,1982,-71.5183,18.7037,NA,af1b4db0-c8ce-4a95-b700-8a6a02bed9d6,USF,Herb,22,03,EL CERCADO,072203,874cd651dffffff
AAFED92A-3BB7-46F6-9A02-E16568216CE6,1503206478,Aristolochia bilobata,Aristolochia bilobata L.,Aristolochiaceae,Aristolochia,SPECIES,PRESERVED_SPECIMEN,1982-08-25,1982,-71.5183,18.7037,NA,af1b4db0-c8ce-4a95-b700-8a6a02bed9d6,USF,Herb,22,03,EL CERCADO,072203,874cd651dffffff
AF400151,3968766536,Poitea dubia,Poitea dubia (Poir.) Lavin,Fabaceae,Poitea,SPECIES,PRESERVED_SPECIMEN,,NA,-71.5,18.78,NA,d8cd16ba-bb74-4420-821e-083f2bac17c2,,,22,03,EL CERCADO,072203,874cd6522ffffff
C611A80C-216F-41A4-8681-710E5CE6D80B,1503203380,Tillandsia flexuosa,Tillandsia flexuosa Sw.,Bromeliaceae,Tillandsia,SPECIES,PRESERVED_SPECIMEN,1982-08-25,1982,-71.5183,18.7037,NA,af1b4db0-c8ce-4a95-b700-8a6a02bed9d6,USF,Herb,22,03,EL CERCADO,072203,874cd651dffffff
D396FC94-65EA-43E1-BFA9-6CB4B3BA507C,1503203453,Pinochia corymbosa,Forsteronia corymbosa (Jacq.) G.Mey.,Apocynaceae,Pinochia,SPECIES,PRESERVED_SPECIMEN,1982-08-25,1982,-71.5183,18.7037,NA,af1b4db0-c8ce-4a95-b700-8a6a02bed9d6,USF,Herb,22,03,EL CERCADO,072203,874cd651dffffff
D44F599D-AD6B-4D38-A570-9C14AEE15FC1,153280933,Frangula sphaerosperma,Rhamnus sphaerosperma Sw.,Rhamnaceae,Frangula,SPECIES,PRESERVED_SPECIMEN,2004-11-02,2004,-71.55,18.6667,NA,832cb04e-f762-11e1-a439-00145eb45e9a,FTG,Herbarium,22,03,EL CERCADO,072203,874cd6434ffffff
KP990707,3992735955,Poitea multiflora,Poitea multiflora (Sw.) Urb.,Fabaceae,Poitea,SPECIES,PRESERVED_SPECIMEN,,NA,-71.5,18.78,NA,d8cd16ba-bb74-4420-821e-083f2bac17c2,,,22,03,EL CERCADO,072203,874cd6522ffffff
a07025e3-949d-44f0-ad63-6485a72f730f,1930032865,Rhytidophyllum grandiflorum,Rhytidophyllum grandiflorum var. nuecense Zanoni & Jiménez Rodr.,Gesneriaceae,Rhytidophyllum,VARIETY,PRESERVED_SPECIMEN,2003-06-19,2003,-71.5572,18.6519,NA,d415c253-4d61-4459-9d25-4015b9084fb0,NY,NY,22,03,EL CERCADO,072203,874cd6430ffffff
a475c47a-6fb9-4b5b-95b1-4d1781f265df,1930092536,Amauropelta cruciata,Thelypteris sancta (L.) Ching,Thelypteridaceae,Amauropelta,SPECIES,PRESERVED_SPECIMEN,2003-06-21,2003,-71.5572,18.6519,NA,d415c253-4d61-4459-9d25-4015b9084fb0,NY,NY,22,03,EL CERCADO,072203,874cd6430ffffff
a6555cb9-fe5b-4d42-8a94-b0af02245607,4598144368,Miconia pegueroana,"Miconia pegueroana Majure, Clase, Pina, Skean & Judd",Melastomataceae,Miconia,SPECIES,PRESERVED_SPECIMEN,2021-05-27,2021,-71.45882,18.747737,NA,b89d52a2-861d-4388-adad-c0da3d55fc78,UF,,22,03,EL CERCADO,072203,874cd6528ffffff
a7b20787-efc0-4a3f-a306-e321cd74d768,1930142065,Ateleia microcarpa,Ateleia microcarpa (Pers.) D.Dietr.,Fabaceae,Ateleia,SPECIES,PRESERVED_SPECIMEN,1968-09-04,1968,-71.514849,18.723588,1635.69,d415c253-4d61-4459-9d25-4015b9084fb0,NY,NY,22,03,EL CERCADO,072203,874cd6503ffffff
aa1ba23c-d674-4c6a-9b31-d76656f29051,1930172701,Aristolochia caudata,Aristolochia caudata Jacq.,Aristolochiaceae,Aristolochia,SPECIES,PRESERVED_SPECIMEN,1968-09-08,1968,-71.509308,18.720628,1106.57,d415c253-4d61-4459-9d25-4015b9084fb0,NY,NY,22,03,EL CERCADO,072203,874cd6503ffffff
abf51c73-f59c-4c13-bd8d-502b477d71ff,4079747543,Koanophyllon pachyneurum,Koanophyllon pachyneurum (Urb.) R.M.King & H.Rob.,Asteraceae,Koanophyllon,SPECIES,PRESERVED_SPECIMEN,1957-04-18,1957,-71.515944,18.727475,1552,3b040a48-deae-485c-95b1-2ac80b7fdc54,IIBZ,USD,22,03,EL CERCADO,072203,874cd6503ffffff
aca44bcb-3db3-41db-a91d-b7c6ef9c2000,3897672302,Chionoloma angustatum,Pseudosymblepharis schimperiana (Paris) H.A. Crum,Pottiaceae,Chionoloma,SPECIES,PRESERVED_SPECIMEN,1967-08,1967,-71.514594,18.661366,4908,16630817-fd43-49d6-bfff-ae5ffa473724,TENN,,22,03,EL CERCADO,072203,874cd6426ffffff
af0a0d9b-7985-4c7c-be0e-87c0ea505b8a,1930241921,Carex polystachya,Carex polystachya Sw. ex Wahlenb.,Cyperaceae,Carex,SPECIES,PRESERVED_SPECIMEN,2003-06-19,2003,-71.5572,18.6519,NA,d415c253-4d61-4459-9d25-4015b9084fb0,NY,NY,22,03,EL CERCADO,072203,874cd6430ffffff
b1f343b2-38a1-46af-bc8c-7daccc8a769a,4161664335,Wallenia laurifolia,Wallenia laurifolia (Jacq.) Sw.,Primulaceae,Wallenia,SPECIES,PRESERVED_SPECIMEN,2021-05-27,2021,-71.46671,18.74613,NA,b89d52a2-861d-4388-adad-c0da3d55fc78,UF,,22,03,EL CERCADO,072203,874cd652effffff
b3d585c8-999a-4189-a7bc-4e2addacf3c3,3302597662,Breutelia jamaicensis,Breutelia jamaicensis (Mitt.) A. Jaeger,Bartramiaceae,Breutelia,SPECIES,PRESERVED_SPECIMEN,1967-07,1967,-71.508582,18.666452,3921,16630817-fd43-49d6-bfff-ae5ffa473724,TENN,,22,03,EL CERCADO,072203,874cd6426ffffff
b54ee35d-640c-4a9e-8a5c-4aa1f13a4904,5106968401,Amauropelta Kunze,Amauropelta Kunze,Thelypteridaceae,Amauropelta,GENUS,PRESERVED_SPECIMEN,2021-05-27,2021,-71.46671,18.74613,NA,b89d52a2-861d-4388-adad-c0da3d55fc78,UF,,22,03,EL CERCADO,072203,874cd652effffff
b5948d09-ede3-4821-8e57-86c690fe66d2,1930334263,Monteverdia domingensis,Maytenus domingensis Krug & Urb.,Celastraceae,Monteverdia,SPECIES,PRESERVED_SPECIMEN,1968-09-04,1968,-71.514849,18.723588,1635.69,d415c253-4d61-4459-9d25-4015b9084fb0,NY,NY,22,03,EL CERCADO,072203,874cd6503ffffff
b5d4e339-f027-4ae0-afa1-7e9f6c3c3acd,3302597507,Leiomela bartramioides,Leiomela bartramioides (Hook.) Paris,Bartramiaceae,Leiomela,SPECIES,PRESERVED_SPECIMEN,1967-08,1967,-71.503177,18.666428,3489,16630817-fd43-49d6-bfff-ae5ffa473724,TENN,,22,03,EL CERCADO,072203,874cd6420ffffff
b711b0cf-5484-48e2-a92f-f5e0d7f6bf8c,4598143377,Citharexylum discolor,Citharexylum discolor Turcz.,Verbenaceae,Citharexylum,SPECIES,PRESERVED_SPECIMEN,2021-05-27,2021,-71.45882,18.74737,NA,b89d52a2-861d-4388-adad-c0da3d55fc78,UF,,22,03,EL CERCADO,072203,874cd6528ffffff
b974061c-2edc-48b6-8878-a5fa0299a73a,4079748135,Salmea scandens,Salmea scandens (L.) DC.,Asteraceae,Salmea,SPECIES,PRESERVED_SPECIMEN,1957-04-19,1957,-71.515944,18.727475,1552,3b040a48-deae-485c-95b1-2ac80b7fdc54,IIBZ,USD,22,03,EL CERCADO,072203,874cd6503ffffff
b9c6f94c-796b-4514-8fd1-699a1f619a56,1930394671,Rumex crispus,Rumex crispus L.,Polygonaceae,Rumex,SPECIES,PRESERVED_SPECIMEN,2003-06-19,2003,-71.5572,18.6519,NA,d415c253-4d61-4459-9d25-4015b9084fb0,NY,NY,22,03,EL CERCADO,072203,874cd6430ffffff
bb98fc1f-96e6-491f-a5da-295c71dfc69d,1930419836,Turbina racemosa,Turbina racemosa (Poir.) D.F.Austin,Convolvulaceae,Turbina,SPECIES,PRESERVED_SPECIMEN,1968-09-04,1968,-71.514849,18.723588,1635.69,d415c253-4d61-4459-9d25-4015b9084fb0,NY,NY,22,03,EL CERCADO,072203,874cd6503ffffff
bbc847fb-7fc7-4964-98c4-20a1a1c4b25a,1930422391,Phenax pauciflorus,Phenax pauciflorus Urb.,Urticaceae,Phenax,SPECIES,PRESERVED_SPECIMEN,2003-06-19,2003,-71.5572,18.6519,NA,d415c253-4d61-4459-9d25-4015b9084fb0,NY,NY,22,03,EL CERCADO,072203,874cd6430ffffff
bc66dcd1-7899-4fd6-85a7-ff8fa61c048e,1457808083,Meriania involucrata,Meriania involucrata (Desr.) Naudin,Melastomataceae,Meriania,SPECIES,PRESERVED_SPECIMEN,2001-02-27,2001,-71.556389,18.651389000000002,NA,b89d52a2-861d-4388-adad-c0da3d55fc78,UF,,22,03,EL CERCADO,072203,874cd6430ffffff
be25da0e-f088-43df-8967-31f3bbdc5deb,5836321872,Lobelia cliffortiana,Lobelia cliffortiana L.,Campanulaceae,Lobelia,SPECIES,PRESERVED_SPECIMEN,2021-05-27,2021,-71.46671,18.74613,NA,b89d52a2-861d-4388-adad-c0da3d55fc78,UF,,22,03,EL CERCADO,072203,874cd652effffff
c011121e-b4a1-4441-9b91-7326cfc6e39b,5822161533,Cyperus picardae,Cyperus picardae Boeckeler,Cyperaceae,Cyperus,SPECIES,PRESERVED_SPECIMEN,2021-05-27,2021,-71.46671,18.74613,NA,b89d52a2-861d-4388-adad-c0da3d55fc78,UF,,22,03,EL CERCADO,072203,874cd652effffff
c32954d6-2dad-451a-953c-a3b575e139a5,1930526577,Biancaea decapetala,Biancaea decapetala (Roth) O.Deg.,Fabaceae,Biancaea,SPECIES,PRESERVED_SPECIMEN,1975-03-26,1975,-71.517389,18.729028,973.21,d415c253-4d61-4459-9d25-4015b9084fb0,NY,NY,22,03,EL CERCADO,072203,874cd6503ffffff
c554c3af-e827-482d-94fd-9282bf16ae57,4850025466,Lepidaploa sprengeliana,Lepidaploa sprengeliana (Sch.Bip.) H.Rob.,Asteraceae,Lepidaploa,SPECIES,PRESERVED_SPECIMEN,2000-12-03,2000,-71.533333,18.745,NA,b89d52a2-861d-4388-adad-c0da3d55fc78,UF,,22,03,EL CERCADO,072203,874cd6502ffffff
c737d103-5c94-4181-b927-277ddbdcb2b5,1930584357,Dyschoriste diffusa,Dyschoriste diffusa (Nees) Urb.,Acanthaceae,Dyschoriste,SPECIES,PRESERVED_SPECIMEN,1968-09-04,1968,-71.514849,18.723588,1635.69,d415c253-4d61-4459-9d25-4015b9084fb0,NY,NY,22,03,EL CERCADO,072203,874cd6503ffffff
c7a0ca58-794b-4646-9a87-0989ea63eec6,1930589566,Solanum crotonoides,Solanum crotonoides Lam.,Solanaceae,Solanum,SPECIES,PRESERVED_SPECIMEN,2003-06-20,2003,-71.5572,18.6519,NA,d415c253-4d61-4459-9d25-4015b9084fb0,NY,NY,22,03,EL CERCADO,072203,874cd6430ffffff
c864dbd9-c118-4fd3-98c4-422316446244,1930601238,Polystichum echinatum,Polystichum echinatum (J.F.Gmel.) C.Chr.,Dryopteridaceae,Polystichum,SPECIES,PRESERVED_SPECIMEN,2003-06-21,2003,-71.5476,18.6545,NA,d415c253-4d61-4459-9d25-4015b9084fb0,NY,NY,22,03,EL CERCADO,072203,874cd6430ffffff
cd3912a9-4ed5-4287-88cf-3418f5debfe0,4079747739,Pitcairnia samuelssonii,Pitcairnia samuelssonii L.B.Sm.,Bromeliaceae,Pitcairnia,SPECIES,PRESERVED_SPECIMEN,1958-08-10,1958,-71.504905,18.784806,748,3b040a48-deae-485c-95b1-2ac80b7fdc54,IIBZ,USD,22,03,EL CERCADO,072203,874cd6522ffffff
ce22f3d5-2e6c-4637-843d-69e20357f2af,5106972402,Cyperus picardae,Cyperus picardae Boeckeler,Cyperaceae,Cyperus,SPECIES,PRESERVED_SPECIMEN,2021-05-27,2021,-71.46671,18.74613,NA,b89d52a2-861d-4388-adad-c0da3d55fc78,UF,,22,03,EL CERCADO,072203,874cd652effffff
cef2b2a7-5e17-4c2c-b285-f1866dc6fd35,5106972404,Trichilia havanensis,Trichilia havanensis Jacq.,Meliaceae,Trichilia,SPECIES,PRESERVED_SPECIMEN,2021-05-26,2021,-71.46671,18.74613,NA,b89d52a2-861d-4388-adad-c0da3d55fc78,UF,,22,03,EL CERCADO,072203,874cd652effffff
d1b615c0-2a8e-4c08-bc16-f565b5de1eeb,1930731627,Pseudognaphalium eggersii,Gnaphalium eggersii Urb.,Asteraceae,Pseudognaphalium,SPECIES,PRESERVED_SPECIMEN,2003-06-21,2003,-71.5572,18.6519,NA,d415c253-4d61-4459-9d25-4015b9084fb0,NY,NY,22,03,EL CERCADO,072203,874cd6430ffffff
d234c191-c9d4-4fb8-8a11-650d1d25b5ce,1930738275,Asplenium blepharodes,Asplenium blepharodes D.C.Eaton,Aspleniaceae,Asplenium,SPECIES,PRESERVED_SPECIMEN,2003-06-19,2003,-71.5572,18.6519,NA,d415c253-4d61-4459-9d25-4015b9084fb0,NY,NY,22,03,EL CERCADO,072203,874cd6430ffffff
d29ebfdd-6743-4b8d-ad09-78384017e2a8,4598143385,Persea Mill.,Persea Mill.,Lauraceae,Persea,GENUS,PRESERVED_SPECIMEN,2021-05-27,2021,-71.46671,18.74613,NA,b89d52a2-861d-4388-adad-c0da3d55fc78,UF,,22,03,EL CERCADO,072203,874cd652effffff
d327c375-6970-4c8d-b654-3bf1b0b659db,1930752121,Lantana reticulata,Lantana reticulata Pers.,Verbenaceae,Lantana,SPECIES,PRESERVED_SPECIMEN,1968-09-04,1968,-71.514849,18.723588,1635.69,d415c253-4d61-4459-9d25-4015b9084fb0,NY,NY,22,03,EL CERCADO,072203,874cd6503ffffff
d5544091-0ebf-45bd-933e-050449d2c43d,1930782979,Cordia laevigata,Cordia laevigata Lam.,Cordiaceae,Cordia,SPECIES,PRESERVED_SPECIMEN,1968-09-04,1968,-71.514849,18.723588,1635.69,d415c253-4d61-4459-9d25-4015b9084fb0,NY,NY,22,03,EL CERCADO,072203,874cd6503ffffff
d6798afc-9e8e-45e8-9c8d-34c9f6f69f8b,3436549713,Pilopogon guadalupensis,Pilopogon gracilis (Hook.) Brid.,Leucobryaceae,Pilopogon,SPECIES,PRESERVED_SPECIMEN,1967-07,1967,-71.514594,18.661366,4908,16630817-fd43-49d6-bfff-ae5ffa473724,TENN,,22,03,EL CERCADO,072203,874cd6426ffffff
d7016909-f38d-4d80-93f6-e532bcdcd100,1930806785,Pelazoneuron patens,Thelypteris patens (Sw.) Small,Thelypteridaceae,Pelazoneuron,SPECIES,PRESERVED_SPECIMEN,1946-08-31,1946,-71.517389,18.729028,973.21,d415c253-4d61-4459-9d25-4015b9084fb0,NY,NY,22,03,EL CERCADO,072203,874cd6503ffffff
dab3217e-b2b5-486c-b1f5-2953056e6d8d,1930859330,Wallenia apiculata,Wallenia apiculata Urb.,Primulaceae,Wallenia,SPECIES,PRESERVED_SPECIMEN,2003-06-20,2003,-71.5572,18.6519,NA,d415c253-4d61-4459-9d25-4015b9084fb0,NY,NY,22,03,EL CERCADO,072203,874cd6430ffffff
db2cd9d3-57f3-45bc-b4f9-719c733598ab,1930865929,Asplenium radicans,Asplenium radicans L.,Aspleniaceae,Asplenium,SPECIES,PRESERVED_SPECIMEN,2003-06-19,2003,-71.5572,18.6519,NA,d415c253-4d61-4459-9d25-4015b9084fb0,NY,NY,22,03,EL CERCADO,072203,874cd6430ffffff
ddb8adca-7f30-4530-bac4-62c336c5a24a,1930902068,Ayenia insulicola,Ayenia insulicola Cristóbal,Malvaceae,Ayenia,SPECIES,PRESERVED_SPECIMEN,1968-09-08,1968,-71.509308,18.720628,1106.57,d415c253-4d61-4459-9d25-4015b9084fb0,NY,NY,22,03,EL CERCADO,072203,874cd6503ffffff
de87f113-a479-4fc9-b5bf-f4703ca7753f,4511528330,Allophylus crassinervis,Allophylus crassinervis Radlk.,Sapindaceae,Allophylus,SPECIES,PRESERVED_SPECIMEN,2018-12-18,2018,-71.453111,18.744472,NA,b89d52a2-861d-4388-adad-c0da3d55fc78,UF,,22,03,EL CERCADO,072203,874cd6528ffffff
de9f672d-5235-418f-ba8a-fea5424d662b,1930915056,Varronia calcicola,Varronia calcicola (Urb.) Borhidi,Cordiaceae,Varronia,SPECIES,PRESERVED_SPECIMEN,1968-09-04,1968,-71.514849,18.723588,1635.69,d415c253-4d61-4459-9d25-4015b9084fb0,NY,NY,22,03,EL CERCADO,072203,874cd6503ffffff
df20fb73-f5c5-4928-87c1-d4b3c33df5a7,4511530324,Ilex fuertensiana,Ilex fuertesiana Loes.,Aquifoliaceae,Ilex,SPECIES,PRESERVED_SPECIMEN,2004-11-02,2004,-71.55,18.666667,NA,b89d52a2-861d-4388-adad-c0da3d55fc78,UF,,22,03,EL CERCADO,072203,874cd6434ffffff
dff86ad3-e7e3-45b0-b31e-ee9fd8a901e3,1930934223,Senna angustisiliqua,Senna angustisiliqua var. angustisiliqua,Fabaceae,Senna,VARIETY,PRESERVED_SPECIMEN,1969-09-04,1969,-71.514849,18.723588,1635.69,d415c253-4d61-4459-9d25-4015b9084fb0,NY,NY,22,03,EL CERCADO,072203,874cd6503ffffff
e11370c0-5197-4382-b0a0-c2d8a660b818,1930949917,Pecluma eurybasis,Pecluma eurybasis (C.Chr.) M.G.Price,Polypodiaceae,Pecluma,SPECIES,PRESERVED_SPECIMEN,2003-06-19,2003,-71.5572,18.6519,NA,d415c253-4d61-4459-9d25-4015b9084fb0,NY,NY,22,03,EL CERCADO,072203,874cd6430ffffff
e637b604-1579-457e-b7a6-1d4c8dcafff2,5106968435,Wedelia serrata,Wedelia serrata Rich.,Asteraceae,Wedelia,SPECIES,PRESERVED_SPECIMEN,2021-05-27,2021,-71.46671,18.74613,NA,b89d52a2-861d-4388-adad-c0da3d55fc78,UF,,22,03,EL CERCADO,072203,874cd652effffff
e8b651ef-ecae-4714-a27b-9b059a9206fb,1931057262,Goniopteris reptans,Thelypteris reptans (J.F.Gmel.) C.V.Morton,Thelypteridaceae,Goniopteris,SPECIES,PRESERVED_SPECIMEN,2003-06-21,2003,-71.5476,18.6545,NA,d415c253-4d61-4459-9d25-4015b9084fb0,NY,NY,22,03,EL CERCADO,072203,874cd6430ffffff
e9e03385-52af-4dfc-89f0-405864ffe6ba,1931073602,Citharexylum discolor,Citharexylum discolor Turcz.,Verbenaceae,Citharexylum,SPECIES,PRESERVED_SPECIMEN,2003-06-19,2003,-71.5572,18.6519,NA,d415c253-4d61-4459-9d25-4015b9084fb0,NY,NY,22,03,EL CERCADO,072203,874cd6430ffffff
ea00c990-5a1f-4062-bf19-0b659bbfe0e7,5138273329,Trachypus bicolor,Trachypus viridulus (Mitt.) Broth.,Meteoriaceae,Trachypus,SPECIES,PRESERVED_SPECIMEN,1967-07,1967,-71.503177,18.666428,3489,ad004988-7cbf-4af7-9cdb-d7500cc025f2,FLAS,,22,03,EL CERCADO,072203,874cd6420ffffff
ea3ee479-603a-4d7d-8e47-a17f0255515c,1931079666,Asplenium auriculatum,Asplenium auriculatum Sw.,Aspleniaceae,Asplenium,SPECIES,PRESERVED_SPECIMEN,2003-06-21,2003,-71.5476,18.6545,NA,d415c253-4d61-4459-9d25-4015b9084fb0,NY,NY,22,03,EL CERCADO,072203,874cd6430ffffff
eac1d49f-dc77-4e1d-94ec-5ea2f676d7b8,3302597498,Breutelia jamaicensis,Breutelia jamaicensis (Mitt.) A. Jaeger,Bartramiaceae,Breutelia,SPECIES,PRESERVED_SPECIMEN,1967-07,1967,-71.508582,18.666452,3921,16630817-fd43-49d6-bfff-ae5ffa473724,TENN,,22,03,EL CERCADO,072203,874cd6426ffffff
eaf877a7-a3e9-4670-8cea-22ef78ff9933,1931088912,Pectis glaucescens,Pectis glaucescens (Cass.) D.J.Keil,Asteraceae,Pectis,SPECIES,PRESERVED_SPECIMEN,1968-09-04,1968,-71.514849,18.723588,1635.69,d415c253-4d61-4459-9d25-4015b9084fb0,NY,NY,22,03,EL CERCADO,072203,874cd6503ffffff
ebc8881d-96fb-486e-a1ba-43f212baf772,1931100743,Amauropelta physematioides,Thelypteris physematioides (Kuhn & Christ) C.V.Morton,Thelypteridaceae,Amauropelta,SPECIES,PRESERVED_SPECIMEN,2003-06-19,2003,-71.5572,18.6519,NA,d415c253-4d61-4459-9d25-4015b9084fb0,NY,NY,22,03,EL CERCADO,072203,874cd6430ffffff
ed737ad4-22e5-4111-bba4-cf3668eea5fd,1931125462,Acalypha chamaedrifolia,Acalypha chamaedrifolia (Lam.) Müll.Arg.,Euphorbiaceae,Acalypha,SPECIES,PRESERVED_SPECIMEN,1968-09-04,1968,-71.514849,18.723588,1635.69,d415c253-4d61-4459-9d25-4015b9084fb0,NY,NY,22,03,EL CERCADO,072203,874cd6503ffffff
ef622307-8187-4eff-92a2-f7ca4fa89c9b,1931150215,Serpocaulon lasiopus,Serpocaulon lasiopus (Klotzsch) A.R.Sm.,Polypodiaceae,Serpocaulon,SPECIES,PRESERVED_SPECIMEN,2003-06-19,2003,-71.5572,18.6519,NA,d415c253-4d61-4459-9d25-4015b9084fb0,NY,NY,22,03,EL CERCADO,072203,874cd6430ffffff
f11d3b1d-688e-41cb-bca1-10edf1bddd56,1931176557,Elaphoglossum bellermannianum,Elaphoglossum bellermannianum (Klotzsch) T.Moore,Dryopteridaceae,Elaphoglossum,SPECIES,PRESERVED_SPECIMEN,1983-03-01,1983,-71.5,18.77,NA,d415c253-4d61-4459-9d25-4015b9084fb0,NY,NY,22,03,EL CERCADO,072203,874cd6522ffffff
f12fd3a8-74a7-49e5-b5da-4c119cbc055a,4598145412,Solanum umbellatum,Solanum umbellatum Mill.,Solanaceae,Solanum,SPECIES,PRESERVED_SPECIMEN,2021-05-27,2021,-71.45882,18.74737,NA,b89d52a2-861d-4388-adad-c0da3d55fc78,UF,,22,03,EL CERCADO,072203,874cd6528ffffff
f1ce37bd-0fc6-4bd1-8458-ab8f3ca3f825,3751564335,Meteoridium remotifolium,Meteoridium remotifolium (Müll. Hal.) Manuel,Brachytheciaceae,Meteoridium,SPECIES,PRESERVED_SPECIMEN,1967-08,1967,-71.503177,18.666428,3489,16630817-fd43-49d6-bfff-ae5ffa473724,TENN,,22,03,EL CERCADO,072203,874cd6420ffffff
f3225d06-c496-42c4-9874-d4f19d5c0019,4016081329,Thuidium urceolatum,Thuidium urceolatum Lorentz,Thuidiaceae,Thuidium,SPECIES,PRESERVED_SPECIMEN,1967-07,1967,-71.503177,18.666428,3489,16630817-fd43-49d6-bfff-ae5ffa473724,TENN,,22,03,EL CERCADO,072203,874cd6420ffffff
f4c3accf-b241-4f75-ae28-c44f3bba2aa5,1931226274,Amauropelta oligocarpa,Thelypteris navarrensis (Christ) Proctor,Thelypteridaceae,Amauropelta,SPECIES,PRESERVED_SPECIMEN,2003-06-23,2003,-71.5476,18.6545,NA,d415c253-4d61-4459-9d25-4015b9084fb0,NY,NY,22,03,EL CERCADO,072203,874cd6430ffffff
f4e0690b-f49f-43fe-8ae1-d6bf0f835ddf,1931229647,Sphaeropteris insignis,Cyathea insignis D.C.Eaton,Cyatheaceae,Sphaeropteris,SPECIES,PRESERVED_SPECIMEN,2004-11-02,2004,-71.55,18.67,NA,d415c253-4d61-4459-9d25-4015b9084fb0,NY,NY,22,03,EL CERCADO,072203,874cd6434ffffff
f58b64ea-d333-4c66-a10f-5fdd8a3217d5,4598146406,Alchornea latifolia,Alchornea latifolia Sw.,Euphorbiaceae,Alchornea,SPECIES,PRESERVED_SPECIMEN,2021-05-27,2021,-71.46774,18.74582,NA,b89d52a2-861d-4388-adad-c0da3d55fc78,UF,,22,03,EL CERCADO,072203,874cd652effffff
f7cd9dbc-70a9-4e8b-87bf-ac0cf1a15b28,4528426699,Orthostichella hexasticha,Pilotrichella hexasticha (Schwägr.) A. Jaeger,Orthostichellaceae,Orthostichella,SPECIES,PRESERVED_SPECIMEN,1967-07,1967,-71.5,18.66666,4511,ad004988-7cbf-4af7-9cdb-d7500cc025f2,FLAS,,22,03,EL CERCADO,072203,874cd6420ffffff
f7ce3ac1-6b75-4b40-b391-ff110f39e01d,1931270018,Eucalyptus exserta,Eucalyptus exserta F.Muell.,Myrtaceae,Eucalyptus,SPECIES,PRESERVED_SPECIMEN,1946-09-01,1946,-71.517389,18.729028,973.21,d415c253-4d61-4459-9d25-4015b9084fb0,NY,NY,22,03,EL CERCADO,072203,874cd6503ffffff
f7cf41d2-f5bb-4c7c-a714-724f59ad4fd5,4598146408,Miconia pegueroana,"Miconia pegueroana Majure, Clase, Pina, Skean & Judd",Melastomataceae,Miconia,SPECIES,PRESERVED_SPECIMEN,2021-05-27,2021,-71.45882,18.74773,NA,b89d52a2-861d-4388-adad-c0da3d55fc78,UF,,22,03,EL CERCADO,072203,874cd6528ffffff
fa92df4e-b7b2-4ae2-bbd1-6546c75500f1,3754819553,Pilotrichella cuspidans,Pilotrichella cuspidans Renauld & Cardot,Lembophyllaceae,Pilotrichella,SPECIES,PRESERVED_SPECIMEN,1967-07,1967,-71.514594,18.661366,4908,16630817-fd43-49d6-bfff-ae5ffa473724,TENN,,22,03,EL CERCADO,072203,874cd6426ffffff
fdbb468d-02ba-4cd3-8ac0-11275ca2044f,1931352917,Steiropteris decussata,Thelypteris decussata (L.) Proctor,Thelypteridaceae,Steiropteris,SPECIES,PRESERVED_SPECIMEN,2003-06-23,2003,-71.5476,18.6545,NA,d415c253-4d61-4459-9d25-4015b9084fb0,NY,NY,22,03,EL CERCADO,072203,874cd6430ffffff
fe0bad94-5747-4a58-a757-99ddfc02dc3e,1931357246,Pleopeltis macrocarpa,Pleopeltis macrocarpa (Bory ex Willd.) Kaulf.,Polypodiaceae,Pleopeltis,SPECIES,PRESERVED_SPECIMEN,2003-06-19,2003,-71.5572,18.6519,NA,d415c253-4d61-4459-9d25-4015b9084fb0,NY,NY,22,03,EL CERCADO,072203,874cd6430ffffff
ff3b6df3-ab61-4fd7-9a46-b6167fece4ed,3897669302,Chionoloma angustatum,Pseudosymblepharis schimperiana (Paris) H.A. Crum,Pottiaceae,Chionoloma,SPECIES,PRESERVED_SPECIMEN,1967-07,1967,-71.5,18.666667,4734,16630817-fd43-49d6-bfff-ae5ffa473724,TENN,,22,03,EL CERCADO,072203,874cd6420ffffff
ffa2d7b6-a671-479c-9e1c-7f6e72df5b93,3403319390,Campylopus fragilis,Campylopus fragilis (Brid.) Bruch & Schimp.,Leucobryaceae,Campylopus,SPECIES,PRESERVED_SPECIMEN,1967-07,1967,-71.503177,18.666428,3489,16630817-fd43-49d6-bfff-ae5ffa473724,TENN,,22,03,EL CERCADO,072203,874cd6420ffffff
ffadb938-5dc0-46ab-89a5-e108a0c2e402,4598143409,Cestrum inclusum,Cestrum inclusum Urb.,Solanaceae,Cestrum,SPECIES,PRESERVED_SPECIMEN,2021-05-27,2021,-71.46774,18.74582,NA,b89d52a2-861d-4388-adad-c0da3d55fc78,UF,,22,03,EL CERCADO,072203,874cd652effffff
http://coldb.mnhn.fr/catalognumber/mnhn/p/p01113270,5052734946,Cyathea Sm.,Cyathea Sm.,Cyatheaceae,Cyathea,GENUS,PRESERVED_SPECIMEN,2003-06-21,2003,-71.55722,18.65194,NA,b5cdf794-8fa4-4a85-8b26-755d087bf531,MNHN,P,22,03,EL CERCADO,072203,874cd6430ffffff
http://coldb.mnhn.fr/catalognumber/mnhn/p/p02002023,437018009,Persea krugii,Persea krugii Mez,Lauraceae,Persea,SPECIES,PRESERVED_SPECIMEN,1968-09-05/1968-09-07,1968,-71.5,18.66667,NA,b5cdf794-8fa4-4a85-8b26-755d087bf531,MNHN,P,22,03,EL CERCADO,072203,874cd6420ffffff
http://coldb.mnhn.fr/catalognumber/mnhn/p/p03101941,437721195,Ateleia gummifera,Ateleia gummifera (Bertero ex DC.) D.Dietr.,Fabaceae,Ateleia,SPECIES,PRESERVED_SPECIMEN,1968-09-04,1968,-71.519,18.722,NA,b5cdf794-8fa4-4a85-8b26-755d087bf531,MNHN,P,22,03,EL CERCADO,072203,874cd6503ffffff
http://coldb.mnhn.fr/catalognumber/mnhn/p/p03433154,474803386,Lantana leucocarpa,Lantana leucocarpa Urb. & Ekman ex Moldenke,Verbenaceae,Lantana,SPECIES,PRESERVED_SPECIMEN,1968-09-04,1968,-71.51226,18.70951,NA,b5cdf794-8fa4-4a85-8b26-755d087bf531,MNHN,P,22,03,EL CERCADO,072203,874cd651dffffff
http://coldb.mnhn.fr/catalognumber/mnhn/p/p04267205,464691593,Chaptalia dentata,Chaptalia dentata (L.) Cass.,Asteraceae,Chaptalia,SPECIES,PRESERVED_SPECIMEN,1968-09-04,1968,-71.51942,18.72829,NA,b5cdf794-8fa4-4a85-8b26-755d087bf531,MNHN,P,22,03,EL CERCADO,072203,874cd6503ffffff
http://coldb.mnhn.fr/catalognumber/mnhn/p/p04373429,442604801,Lepidaploa stenophylla,Vernonia stenophylla Less.,Asteraceae,Lepidaploa,SPECIES,PRESERVED_SPECIMEN,1968-09-04,1968,-71.51226,18.70951,NA,b5cdf794-8fa4-4a85-8b26-755d087bf531,MNHN,P,22,03,EL CERCADO,072203,874cd651dffffff
http://coldb.mnhn.fr/catalognumber/mnhn/p/p04956035,667373682,Rondeletia fuertesii,Rondeletia fuertesii Urb.,Rubiaceae,Rondeletia,SPECIES,PRESERVED_SPECIMEN,1968-09-10,1968,-71.50385,18.76842,NA,b5cdf794-8fa4-4a85-8b26-755d087bf531,MNHN,P,22,03,EL CERCADO,072203,874cd6522ffffff
http://coldb.mnhn.fr/catalognumber/mnhn/p/p04968816,667368888,Metastelma gracile,Cynanchum gracile (Decne.) Jiménez,Apocynaceae,Metastelma,SPECIES,PRESERVED_SPECIMEN,1968-09-04,1968,-71.51226,18.70951,NA,b5cdf794-8fa4-4a85-8b26-755d087bf531,MNHN,P,22,03,EL CERCADO,072203,874cd651dffffff
http://coldb.mnhn.fr/catalognumber/mnhn/p/p05585708,731381189,Monteverdia domingensis,Maytenus domingensis Krug & Urb.,Celastraceae,Monteverdia,SPECIES,PRESERVED_SPECIMEN,1968-09-04,1968,-71.5185,18.7232,NA,b5cdf794-8fa4-4a85-8b26-755d087bf531,MNHN,P,22,03,EL CERCADO,072203,874cd6503ffffff
http://n2t.net/ark:/65665/300227038-528d-4a82-872d-6cf7de64d48d,1317205480,Pteris podophylla,Pteris podophylla Sw.,Pteridaceae,Pteris,SPECIES,PRESERVED_SPECIMEN,2003-06-20,2003,-71.5572,18.6519,NA,821cc27a-e3bb-4bc5-ac34-89ada245069d,US,US,22,03,EL CERCADO,072203,874cd6430ffffff
http://n2t.net/ark:/65665/302259974-2d09-44b7-9eb8-0d758c62b323,1317250911,Elaphoglossum tambillense,Elaphoglossum tambillense (Hook.) T.Moore,Dryopteridaceae,Elaphoglossum,SPECIES,PRESERVED_SPECIMEN,2003-06-19,2003,-71.5572,18.6519,NA,821cc27a-e3bb-4bc5-ac34-89ada245069d,US,US,22,03,EL CERCADO,072203,874cd6430ffffff
http://n2t.net/ark:/65665/3037cb4f3-592a-48c5-82a2-148af0bd06c4,1317281113,Carex longii,Carex longii Mack.,Cyperaceae,Carex,SPECIES,PRESERVED_SPECIMEN,2003-06-21,2003,-71.5476,18.6545,NA,821cc27a-e3bb-4bc5-ac34-89ada245069d,US,US,22,03,EL CERCADO,072203,874cd6430ffffff
http://n2t.net/ark:/65665/305bf9edb-7a8b-4b06-bad1-79545505478b,1317332553,Palicourea eriantha,Palicourea eriantha DC.,Rubiaceae,Palicourea,SPECIES,PRESERVED_SPECIMEN,2003-06-20,2003,-71.5572,18.6519,NA,821cc27a-e3bb-4bc5-ac34-89ada245069d,US,US,22,03,EL CERCADO,072203,874cd6430ffffff
http://n2t.net/ark:/65665/305fc8740-e82a-4a9d-942d-7a6f3308e592,1317337956,Gamochaeta americana,Gamochaeta americana (Mill.) Wedd.,Asteraceae,Gamochaeta,SPECIES,PRESERVED_SPECIMEN,2003-06-21,2003,-71.5476,18.6545,NA,821cc27a-e3bb-4bc5-ac34-89ada245069d,US,US,22,03,EL CERCADO,072203,874cd6430ffffff
http://n2t.net/ark:/65665/306311ba1-705e-43b9-91d4-9599cc8fc1eb,1317342466,Pavonia leiocarpa,Pavonia leiocarpa Urb.,Malvaceae,Pavonia,SPECIES,PRESERVED_SPECIMEN,2004-11-01,2004,-71.5572,18.6519,NA,821cc27a-e3bb-4bc5-ac34-89ada245069d,US,US,22,03,EL CERCADO,072203,874cd6430ffffff
http://n2t.net/ark:/65665/306441ff0-be77-455a-9588-a854813d7615,1317344163,Hymenophyllum polyanthos,Hymenophyllum polyanthos (Sw.) Sw.,Hymenophyllaceae,Hymenophyllum,SPECIES,PRESERVED_SPECIMEN,2003-06-19,2003,-71.5572,18.6519,NA,821cc27a-e3bb-4bc5-ac34-89ada245069d,US,US,22,03,EL CERCADO,072203,874cd6430ffffff
http://n2t.net/ark:/65665/306b4dcdb-9e74-4b0c-b769-2f519a6a29f3,1317354130,Artemisia domingensis,Artemisia domingensis Urb.,Asteraceae,Artemisia,SPECIES,PRESERVED_SPECIMEN,2004-11-01,2004,-71.5572,18.6519,NA,821cc27a-e3bb-4bc5-ac34-89ada245069d,US,US,22,03,EL CERCADO,072203,874cd6430ffffff
http://n2t.net/ark:/65665/306ce7063-90c6-4040-9616-a675fd581b8c,1317356517,Bomarea edulis,Bomarea edulis (Tussac) Herb.,Alstroemeriaceae,Bomarea,SPECIES,PRESERVED_SPECIMEN,2003-06-20,2003,-71.5572,18.6519,NA,821cc27a-e3bb-4bc5-ac34-89ada245069d,US,US,22,03,EL CERCADO,072203,874cd6430ffffff
http://n2t.net/ark:/65665/3086bef16-605c-4e57-8efe-b55481ad0649,1317392955,Daphnopsis crassifolia,Daphnopsis crassifolia (Poir.) Meisn.,Thymelaeaceae,Daphnopsis,SPECIES,PRESERVED_SPECIMEN,2004-11-02,2004,-71.55,18.67,NA,821cc27a-e3bb-4bc5-ac34-89ada245069d,US,US,22,03,EL CERCADO,072203,874cd6434ffffff
http://n2t.net/ark:/65665/309d648fc-dd63-4c5e-b4bc-d05faa6a2dc0,1317424722,Odontosoria aculeata,Odontosoria aculeata (L.) J.Sm.,Lindsaeaceae,Odontosoria,SPECIES,PRESERVED_SPECIMEN,2003-06-19,2003,-71.5572,18.6519,NA,821cc27a-e3bb-4bc5-ac34-89ada245069d,US,US,22,03,EL CERCADO,072203,874cd6430ffffff
http://n2t.net/ark:/65665/30be08f26-1d18-4daf-81fc-62d7bd4cfd5b,1317470510,Persea krugii,Persea krugii Mez,Lauraceae,Persea,SPECIES,PRESERVED_SPECIMEN,2003-06-20,2003,-71.5572,18.6519,NA,821cc27a-e3bb-4bc5-ac34-89ada245069d,US,US,22,03,EL CERCADO,072203,874cd6430ffffff
http://n2t.net/ark:/65665/30deb5a23-e5fe-40f9-a0c1-05e02b7536a0,1317516695,Asplenium monanthes,Asplenium monanthes L.,Aspleniaceae,Asplenium,SPECIES,PRESERVED_SPECIMEN,2003-06-19,2003,-71.5572,18.6519,NA,821cc27a-e3bb-4bc5-ac34-89ada245069d,US,US,22,03,EL CERCADO,072203,874cd6430ffffff
http://n2t.net/ark:/65665/30e59e642-2cf8-49d6-8991-69199564c811,1317526542,Fuchsia triphylla,Fuchsia triphylla L.,Onagraceae,Fuchsia,SPECIES,PRESERVED_SPECIMEN,2003-06-21,2003,-71.5476,18.6545,NA,821cc27a-e3bb-4bc5-ac34-89ada245069d,US,US,22,03,EL CERCADO,072203,874cd6430ffffff
http://n2t.net/ark:/65665/31031f727-1583-47e6-98bc-f9502af1ba2f,1317568335,Cestrum L.,Cestrum L.,Solanaceae,Cestrum,GENUS,PRESERVED_SPECIMEN,2003-06-20,2003,-71.5572,18.6519,NA,821cc27a-e3bb-4bc5-ac34-89ada245069d,US,US,22,03,EL CERCADO,072203,874cd6430ffffff
http://n2t.net/ark:/65665/312d65dc5-5b2d-4797-ab4b-6cddc52a4220,1317628403,Bocconia frutescens,Bocconia frutescens L.,Papaveraceae,Bocconia,SPECIES,PRESERVED_SPECIMEN,2004-11-02,2004,-71.55,18.67,NA,821cc27a-e3bb-4bc5-ac34-89ada245069d,US,US,22,03,EL CERCADO,072203,874cd6434ffffff
http://n2t.net/ark:/65665/313104680-cf39-471e-997c-73c0b3f210d7,1317633389,Brunellia comocladifolia,Brunellia comocladifolia Humb. & Bonpl.,Brunelliaceae,Brunellia,SPECIES,PRESERVED_SPECIMEN,2004-11-01,2004,-71.5475,18.6519,NA,821cc27a-e3bb-4bc5-ac34-89ada245069d,US,US,22,03,EL CERCADO,072203,874cd6430ffffff
http://n2t.net/ark:/65665/31423cb56-04eb-44e2-9a18-42805d939bf0,1317657886,Asplenium serra,Asplenium serra Langsd. & Fisch.,Aspleniaceae,Asplenium,SPECIES,PRESERVED_SPECIMEN,2003-06-19,2003,-71.5572,18.6519,NA,821cc27a-e3bb-4bc5-ac34-89ada245069d,US,US,22,03,EL CERCADO,072203,874cd6430ffffff
http://n2t.net/ark:/65665/3151a6f4d-2d97-4482-a3a7-b3930c4b6010,1317679792,Palicourea eriantha,Palicourea eriantha DC.,Rubiaceae,Palicourea,SPECIES,PRESERVED_SPECIMEN,2004-11-01,2004,-71.5475,18.6519,NA,821cc27a-e3bb-4bc5-ac34-89ada245069d,US,US,22,03,EL CERCADO,072203,874cd6430ffffff
http://n2t.net/ark:/65665/31570fb17-1d80-4089-b72e-9a7ab024cf15,1317687480,Aiouea montana,Cinnamomum elongatum (Nees) Kosterm.,Lauraceae,Aiouea,SPECIES,PRESERVED_SPECIMEN,2003-06-23,2003,-71.5476,18.6545,NA,821cc27a-e3bb-4bc5-ac34-89ada245069d,US,US,22,03,EL CERCADO,072203,874cd6430ffffff
http://n2t.net/ark:/65665/317f0826d-0917-4574-92ce-860d6586b9a7,1317743907,Solanum polyacanthos,Solanum polyacanthos Lam.,Solanaceae,Solanum,SPECIES,PRESERVED_SPECIMEN,2003-06-20,2003,-71.5572,18.6519,NA,821cc27a-e3bb-4bc5-ac34-89ada245069d,US,US,22,03,EL CERCADO,072203,874cd6430ffffff
http://n2t.net/ark:/65665/318b3c5da-d536-4a30-8a47-8d84efaf1a6e,1317761052,Carex cubensis,Carex cubensis Kük.,Cyperaceae,Carex,SPECIES,PRESERVED_SPECIMEN,2003-06-19,2003,-71.5572,18.6519,NA,821cc27a-e3bb-4bc5-ac34-89ada245069d,US,US,22,03,EL CERCADO,072203,874cd6430ffffff
http://n2t.net/ark:/65665/319b26f2a-5701-4600-9959-e984c988f87a,1317783643,Sceptridium underwoodianum,Botrychium underwoodianum Maxon,Ophioglossaceae,Sceptridium,SPECIES,PRESERVED_SPECIMEN,2004-11-02,2004,-71.55,18.67,NA,821cc27a-e3bb-4bc5-ac34-89ada245069d,US,US,22,03,EL CERCADO,072203,874cd6434ffffff
http://n2t.net/ark:/65665/31aefb848-257f-483b-b099-bc364d803b75,1317811754,Myrsine nubicola,Myrsine nubicola Alain,Primulaceae,Myrsine,SPECIES,PRESERVED_SPECIMEN,2004-11-02,2004,-71.55,18.67,NA,821cc27a-e3bb-4bc5-ac34-89ada245069d,US,US,22,03,EL CERCADO,072203,874cd6434ffffff
http://n2t.net/ark:/65665/31b18b17e-7aab-49bd-a4fd-892fd45e397d,1317815348,Asplenium alatum,Asplenium alatum Humb. & Bonpl. ex Willd.,Aspleniaceae,Asplenium,SPECIES,PRESERVED_SPECIMEN,2003-06-21,2003,-71.5476,18.6545,NA,821cc27a-e3bb-4bc5-ac34-89ada245069d,US,US,22,03,EL CERCADO,072203,874cd6430ffffff
http://n2t.net/ark:/65665/31bd7f66c-7bee-4e02-b45f-948672624a55,1317832154,Senna ligustrina,Senna ligustrina (L.) H.S.Irwin & Barneby,Fabaceae,Senna,SPECIES,PRESERVED_SPECIMEN,2003-06-23,2003,-71.5476,18.6545,NA,821cc27a-e3bb-4bc5-ac34-89ada245069d,US,US,22,03,EL CERCADO,072203,874cd6430ffffff
http://n2t.net/ark:/65665/31c8a118b-ab81-4336-bcbc-cfa40c744e0f,1317847830,Pilea propinqua,Pilea propinqua Wedd.,Urticaceae,Pilea,SPECIES,PRESERVED_SPECIMEN,2003-06-21,2003,-71.5572,18.6519,NA,821cc27a-e3bb-4bc5-ac34-89ada245069d,US,US,22,03,EL CERCADO,072203,874cd6430ffffff
http://n2t.net/ark:/65665/31c9fa8f0-333f-4940-8c14-e43650610f45,1317849638,Solanum crotonoides,Solanum crotonoides Lam.,Solanaceae,Solanum,SPECIES,PRESERVED_SPECIMEN,2003-06-20,2003,-71.5572,18.6519,NA,821cc27a-e3bb-4bc5-ac34-89ada245069d,US,US,22,03,EL CERCADO,072203,874cd6430ffffff
http://n2t.net/ark:/65665/31fa8bed3-b695-41d1-8d1f-ff9bda890584,1317918504,Passiflora orbiculata,Passiflora orbiculata Cav.,Passifloraceae,Passiflora,SPECIES,PRESERVED_SPECIMEN,2004-11-02,2004,-71.55,18.67,NA,821cc27a-e3bb-4bc5-ac34-89ada245069d,US,US,22,03,EL CERCADO,072203,874cd6434ffffff
http://n2t.net/ark:/65665/31fa9ea74-0971-4333-a76f-4822a3a309ce,1317918512,Wallenia apiculata,Wallenia apiculata Urb.,Primulaceae,Wallenia,SPECIES,PRESERVED_SPECIMEN,2004-11-02,2004,-71.55,18.67,NA,821cc27a-e3bb-4bc5-ac34-89ada245069d,US,US,22,03,EL CERCADO,072203,874cd6434ffffff
http://n2t.net/ark:/65665/320d5d08d-3227-471e-b25e-3781519db90b,1317945270,Passiflora sexflora,Passiflora sexflora Juss.,Passifloraceae,Passiflora,SPECIES,PRESERVED_SPECIMEN,2004-11-02,2004,-71.55,18.67,NA,821cc27a-e3bb-4bc5-ac34-89ada245069d,US,US,22,03,EL CERCADO,072203,874cd6434ffffff
http://n2t.net/ark:/65665/321675131-5dee-4658-b18f-7b15c2fad4fa,1317957963,Pavonia spinifex,Pavonia spinifex (L.) Cav.,Malvaceae,Pavonia,SPECIES,PRESERVED_SPECIMEN,2003-06-21,2003,-71.5476,18.6545,NA,821cc27a-e3bb-4bc5-ac34-89ada245069d,US,US,22,03,EL CERCADO,072203,874cd6430ffffff
http://n2t.net/ark:/65665/3216eba67-913e-4d4a-b8f3-5edf60a1f058,1317958570,Cystopteris diaphana,Cystopteris diaphana (Bory) Blasdell,Cystopteridaceae,Cystopteris,SPECIES,PRESERVED_SPECIMEN,2003-06-19,2003,-71.5572,18.6519,NA,821cc27a-e3bb-4bc5-ac34-89ada245069d,US,US,22,03,EL CERCADO,072203,874cd6430ffffff
http://n2t.net/ark:/65665/322b3dcd9-fb75-4bfc-a08e-461f7a678687,1317987282,Mitracarpus Zucc.,Mitracarpus Zucc.,Rubiaceae,Mitracarpus,GENUS,PRESERVED_SPECIMEN,2003-06-20,2003,-71.5572,18.6519,NA,821cc27a-e3bb-4bc5-ac34-89ada245069d,US,US,22,03,EL CERCADO,072203,874cd6430ffffff
http://n2t.net/ark:/65665/32397991a-4d5c-493a-9af0-32ce286dcb6e,1318007221,Cyathea Sm.,Cyathea Sm.,Cyatheaceae,Cyathea,GENUS,PRESERVED_SPECIMEN,2003-06-21,2003,-71.5572,18.6519,NA,821cc27a-e3bb-4bc5-ac34-89ada245069d,US,US,22,03,EL CERCADO,072203,874cd6430ffffff
http://n2t.net/ark:/65665/323c02953-0526-490b-9b0d-777912e61d3d,1318010705,Osmundastrum cinnamomeum,Osmundastrum cinnamomeum (L.) C.Presl,Osmundaceae,Osmundastrum,SPECIES,PRESERVED_SPECIMEN,2003-06-20,2003,-71.5572,18.6519,NA,821cc27a-e3bb-4bc5-ac34-89ada245069d,US,US,22,03,EL CERCADO,072203,874cd6430ffffff
http://n2t.net/ark:/65665/323dda780-53ad-4e9f-ad0e-a8e00b672de8,1318013321,Morella picardae,Morella picardae (Krug & Urb.) Wilbur,Myricaceae,Morella,SPECIES,PRESERVED_SPECIMEN,2004-11-02,2004,-71.55,18.67,NA,821cc27a-e3bb-4bc5-ac34-89ada245069d,US,US,22,03,EL CERCADO,072203,874cd6434ffffff
http://n2t.net/ark:/65665/324e379b9-629f-4b7a-af70-6a48ea690564,1318036760,Amauropelta physematioides,Amauropelta physematioides (Kuhn & Christ) O.Alvarez,Thelypteridaceae,Amauropelta,SPECIES,PRESERVED_SPECIMEN,2003-06-19,2003,-71.5572,18.6519,NA,821cc27a-e3bb-4bc5-ac34-89ada245069d,US,US,22,03,EL CERCADO,072203,874cd6430ffffff
http://n2t.net/ark:/65665/32546a214-1698-4386-aa4d-8a0c73417b44,1318045767,Miconia favosa,Miconia favosa (Desr.) Naudin,Melastomataceae,Miconia,SPECIES,PRESERVED_SPECIMEN,2004-11-01,2004,-71.5572,18.6519,NA,821cc27a-e3bb-4bc5-ac34-89ada245069d,US,US,22,03,EL CERCADO,072203,874cd6430ffffff
http://n2t.net/ark:/65665/32604ea59-577a-4d4f-a0a0-5f6e1488853a,1318062505,Stellaria antillana,Stellaria antillana Urb.,Caryophyllaceae,Stellaria,SPECIES,PRESERVED_SPECIMEN,2003-06-19,2003,-71.5572,18.6519,NA,821cc27a-e3bb-4bc5-ac34-89ada245069d,US,US,22,03,EL CERCADO,072203,874cd6430ffffff
http://n2t.net/ark:/65665/3261f9c1d-fa5b-47c5-95e9-c294c1bd8920,1318064763,Rhytidophyllum grandiflorum,Rhytidophyllum grandiflorum var. nuecense Zanoni & Jiménez Rodr.,Gesneriaceae,Rhytidophyllum,VARIETY,PRESERVED_SPECIMEN,2003-06-19,2003,-71.5572,18.6519,NA,821cc27a-e3bb-4bc5-ac34-89ada245069d,US,US,22,03,EL CERCADO,072203,874cd6430ffffff
http://n2t.net/ark:/65665/326da24b0-5330-48dc-96bc-cb2c42171a62,1318081173,Pityrogramma ebenea,Pityrogramma ebenea (L.) Proctor,Pteridaceae,Pityrogramma,SPECIES,PRESERVED_SPECIMEN,2003-06-21,2003,-71.5476,18.6545,NA,821cc27a-e3bb-4bc5-ac34-89ada245069d,US,US,22,03,EL CERCADO,072203,874cd6430ffffff
http://n2t.net/ark:/65665/327e5c426-d0b9-411e-b196-56be6feee9a3,1318104899,Fuchsia triphylla,Fuchsia triphylla L.,Onagraceae,Fuchsia,SPECIES,PRESERVED_SPECIMEN,2004-11-01,2004,-71.5475,18.6519,NA,821cc27a-e3bb-4bc5-ac34-89ada245069d,US,US,22,03,EL CERCADO,072203,874cd6430ffffff
http://n2t.net/ark:/65665/32838e32f-7abf-45e6-852d-177d02d649ea,1318112323,Cestrum inclusum,Cestrum inclusum Urb.,Solanaceae,Cestrum,SPECIES,PRESERVED_SPECIMEN,2003-06-20,2003,-71.5572,18.6519,NA,821cc27a-e3bb-4bc5-ac34-89ada245069d,US,US,22,03,EL CERCADO,072203,874cd6430ffffff
http://n2t.net/ark:/65665/328933486-73a5-4400-a709-18da65cd9219,1318120160,Zanthoxylum bifoliolatum,Zanthoxylum azuense (Urb. & Ekman) J.Jiménez Alm.,Rutaceae,Zanthoxylum,SPECIES,PRESERVED_SPECIMEN,2004-11-02,2004,-71.55,18.67,NA,821cc27a-e3bb-4bc5-ac34-89ada245069d,US,US,22,03,EL CERCADO,072203,874cd6434ffffff
http://n2t.net/ark:/65665/328e32956-bff8-48d6-838e-7984b5a97d9a,1318127326,Citharexylum B.Juss. ex L.,Citharexylum B.Juss. ex L.,Verbenaceae,Citharexylum,GENUS,PRESERVED_SPECIMEN,2004-11-03,2004,-71.54,18.745,NA,821cc27a-e3bb-4bc5-ac34-89ada245069d,US,US,22,03,EL CERCADO,072203,874cd6515ffffff
http://n2t.net/ark:/65665/32a793c85-87d3-4c1c-9201-d56050add20a,1318163021,Crassocephalum crepidioides,Crassocephalum crepidioides (Benth.) S.Moore,Asteraceae,Crassocephalum,SPECIES,PRESERVED_SPECIMEN,2003-06-20,2003,-71.5572,18.6519,NA,821cc27a-e3bb-4bc5-ac34-89ada245069d,US,US,22,03,EL CERCADO,072203,874cd6430ffffff
http://n2t.net/ark:/65665/32b79e1e3-87a5-4cab-8035-85e418ccb03b,1318185613,Koanophyllon sciatraphes,Koanophyllon sciatraphes (B.L.Rob.) R.M.King & H.Rob.,Asteraceae,Koanophyllon,SPECIES,PRESERVED_SPECIMEN,2003-06-20,2003,-71.5572,18.6519,NA,821cc27a-e3bb-4bc5-ac34-89ada245069d,US,US,22,03,EL CERCADO,072203,874cd6430ffffff
http://n2t.net/ark:/65665/32bcef240-983e-4486-b67c-03bf0f78c7be,1318193184,Cyathea Sm.,Cyathea Sm.,Cyatheaceae,Cyathea,GENUS,PRESERVED_SPECIMEN,2003-06-21,2003,-71.5572,18.6519,NA,821cc27a-e3bb-4bc5-ac34-89ada245069d,US,US,22,03,EL CERCADO,072203,874cd6430ffffff
http://n2t.net/ark:/65665/32cc8bce0-52f0-422a-9740-09c538a2e6af,1318215132,Orthosia scoparia,Metastelma leptocladum (Decne.) Schltr.,Apocynaceae,Orthosia,SPECIES,PRESERVED_SPECIMEN,2003-06-20,2003,-71.5572,18.6519,NA,821cc27a-e3bb-4bc5-ac34-89ada245069d,US,US,22,03,EL CERCADO,072203,874cd6430ffffff
http://n2t.net/ark:/65665/32d87f15d-7e42-4e0b-925b-8b8ac1853205,1318232074,Ilex fuertensiana,Ilex fuertesiana Loes.,Aquifoliaceae,Ilex,SPECIES,PRESERVED_SPECIMEN,2003-06-21,2003,-71.5476,18.6545,NA,821cc27a-e3bb-4bc5-ac34-89ada245069d,US,US,22,03,EL CERCADO,072203,874cd6430ffffff
http://n2t.net/ark:/65665/32e0a390b-94c9-4fa1-95b5-5955e59d2ffb,1318243391,Solanum nigrescens,Solanum nigrescens M.Martens & Galeotti,Solanaceae,Solanum,SPECIES,PRESERVED_SPECIMEN,2004-11-02,2004,-71.55,18.67,NA,821cc27a-e3bb-4bc5-ac34-89ada245069d,US,US,22,03,EL CERCADO,072203,874cd6434ffffff
http://n2t.net/ark:/65665/32ebfeeb8-bf11-4041-857e-a9e71256f6e1,1318259547,Myrsine coriacea,Myrsine coriacea (Sw.) R.Br. ex Roem. & Schult.,Primulaceae,Myrsine,SPECIES,PRESERVED_SPECIMEN,2003-06-20,2003,-71.5572,18.6519,NA,821cc27a-e3bb-4bc5-ac34-89ada245069d,US,US,22,03,EL CERCADO,072203,874cd6430ffffff
http://n2t.net/ark:/65665/32f278027-942b-44ce-9e94-0753b50c23a0,1318268738,Campyloneurum angustifolium,Campyloneurum angustifolium (Sw.) Fée,Polypodiaceae,Campyloneurum,SPECIES,PRESERVED_SPECIMEN,2003-06-19,2003,-71.5572,18.6519,NA,821cc27a-e3bb-4bc5-ac34-89ada245069d,US,US,22,03,EL CERCADO,072203,874cd6430ffffff
http://n2t.net/ark:/65665/32f37e69b-8d8c-4c00-9b98-55bd45e6239e,1318270072,Penelopeia suburceolata,Penelopeia suburceolata (Cogn.) Urb.,Cucurbitaceae,Penelopeia,SPECIES,PRESERVED_SPECIMEN,2004-11-01,2004,-71.5572,18.6519,NA,821cc27a-e3bb-4bc5-ac34-89ada245069d,US,US,22,03,EL CERCADO,072203,874cd6430ffffff
http://n2t.net/ark:/65665/33088cb82-ae14-4ac3-9c4c-7b1be52012a9,1318299942,Fuchsia triphylla,Fuchsia triphylla L.,Onagraceae,Fuchsia,SPECIES,PRESERVED_SPECIMEN,2004-11-02,2004,-71.55,18.67,NA,821cc27a-e3bb-4bc5-ac34-89ada245069d,US,US,22,03,EL CERCADO,072203,874cd6434ffffff
http://n2t.net/ark:/65665/3310b3794-4c85-4e1a-8a20-000072c41ebc,1318311370,Zeugites americanus,Zeugites americanus var. americanus,Poaceae,Zeugites,VARIETY,PRESERVED_SPECIMEN,2003-06-19,2003,-71.5572,18.6519,NA,821cc27a-e3bb-4bc5-ac34-89ada245069d,US,US,22,03,EL CERCADO,072203,874cd6430ffffff
http://n2t.net/ark:/65665/33154b329-271d-4ed4-9f2f-3ba106ff29a2,1318317773,Varronia calcicola,Varronia calcicola (Urb.) Borhidi,Cordiaceae,Varronia,SPECIES,PRESERVED_SPECIMEN,2004-11-03,2004,-71.54,18.745,NA,821cc27a-e3bb-4bc5-ac34-89ada245069d,US,US,22,03,EL CERCADO,072203,874cd6515ffffff
http://n2t.net/ark:/65665/333a3f1e6-c572-4d8f-88a9-5ab61306eb53,1318370020,Serpocaulon loriceum,Serpocaulon loriceum (L.) A.R.Sm.,Polypodiaceae,Serpocaulon,SPECIES,PRESERVED_SPECIMEN,2003-06-21,2003,-71.5476,18.6545,NA,821cc27a-e3bb-4bc5-ac34-89ada245069d,US,US,22,03,EL CERCADO,072203,874cd6430ffffff
http://n2t.net/ark:/65665/3365ae2da-7102-4d89-b146-f48d47093067,1318431277,Podocarpus matudae,Podocarpus matudae Lundell,Podocarpaceae,Podocarpus,SPECIES,PRESERVED_SPECIMEN,2003-06-21,2003,-71.5476,18.6545,NA,821cc27a-e3bb-4bc5-ac34-89ada245069d,US,US,22,03,EL CERCADO,072203,874cd6430ffffff
http://n2t.net/ark:/65665/336def436-fbb8-4aab-839d-9f505958730f,1318442993,Serpocaulon lasiopus,Serpocaulon lasiopus (Klotzsch) A.R.Sm.,Polypodiaceae,Serpocaulon,SPECIES,PRESERVED_SPECIMEN,2003-06-19,2003,-71.5572,18.6519,NA,821cc27a-e3bb-4bc5-ac34-89ada245069d,US,US,22,03,EL CERCADO,072203,874cd6430ffffff
http://n2t.net/ark:/65665/337293274-a78f-43dd-82ea-f375c9589f84,1318449548,Paspalum urbanianum,Paspalum urbanianum Ekman,Poaceae,Paspalum,SPECIES,PRESERVED_SPECIMEN,2003-06-21,2003,-71.5572,18.6519,NA,821cc27a-e3bb-4bc5-ac34-89ada245069d,US,US,22,03,EL CERCADO,072203,874cd6430ffffff
http://n2t.net/ark:/65665/3377efddf-86fd-4e64-a7b4-3241bf5bdf47,1318457197,Cardamine hirsuta,Cardamine hirsuta L.,Brassicaceae,Cardamine,SPECIES,PRESERVED_SPECIMEN,2003-06-19,2003,-71.5572,18.6519,NA,821cc27a-e3bb-4bc5-ac34-89ada245069d,US,US,22,03,EL CERCADO,072203,874cd6430ffffff
http://n2t.net/ark:/65665/33830bbf4-c66e-4f8a-8198-1caf10609eac,1318472756,Ekmaniopappus mikanioides,Ekmaniopappus mikanioides (Urb. & Ekman) Borhidi,Asteraceae,Ekmaniopappus,SPECIES,PRESERVED_SPECIMEN,2004-11-01,2004,-71.5572,18.6519,NA,821cc27a-e3bb-4bc5-ac34-89ada245069d,US,US,22,03,EL CERCADO,072203,874cd6430ffffff
http://n2t.net/ark:/65665/338693b93-1f9a-43b9-994b-278f045b0e3d,1318477726,Urtica domingensis,Urtica domingensis var. domingensis,Urticaceae,Urtica,VARIETY,PRESERVED_SPECIMEN,2003-06-19,2003,-71.5572,18.6519,NA,821cc27a-e3bb-4bc5-ac34-89ada245069d,US,US,22,03,EL CERCADO,072203,874cd6430ffffff
http://n2t.net/ark:/65665/338865a79-62af-42b5-b957-9822490ad942,1318480322,Pseudognaphalium eggersii,Pseudognaphalium eggersii (Urb.) Anderb.,Asteraceae,Pseudognaphalium,SPECIES,PRESERVED_SPECIMEN,2003-06-21,2003,-71.5572,18.6519,NA,821cc27a-e3bb-4bc5-ac34-89ada245069d,US,US,22,03,EL CERCADO,072203,874cd6430ffffff
http://n2t.net/ark:/65665/339d1d840-1d30-45d8-82d6-ce0655b1865b,1318509656,Podocarpus aristulatus,Podocarpus aristulatus Parl.,Podocarpaceae,Podocarpus,SPECIES,PRESERVED_SPECIMEN,2004-11-02,2004,-71.55,18.67,NA,821cc27a-e3bb-4bc5-ac34-89ada245069d,US,US,22,03,EL CERCADO,072203,874cd6434ffffff
http://n2t.net/ark:/65665/33c308918-08b0-47d6-97de-126a1b2c4e36,1318563556,Pilea consanguinea,Pilea consanguinea Wedd.,Urticaceae,Pilea,SPECIES,PRESERVED_SPECIMEN,2003-06-19,2003,-71.5572,18.6519,NA,821cc27a-e3bb-4bc5-ac34-89ada245069d,US,US,22,03,EL CERCADO,072203,874cd6430ffffff
http://n2t.net/ark:/65665/33c80aa0c-9259-486c-8f68-9067358784f8,1318570461,Asplenium radicans,Asplenium radicans var. alloeopteron (Kunze ex Klotzsch) Lellinger,Aspleniaceae,Asplenium,VARIETY,PRESERVED_SPECIMEN,2003-06-19,2003,-71.5572,18.6519,NA,821cc27a-e3bb-4bc5-ac34-89ada245069d,US,US,22,03,EL CERCADO,072203,874cd6430ffffff
http://n2t.net/ark:/65665/33cc35cca-35d5-4c10-a4f9-53e29ff82695,1318576233,Zinnia peruviana,Zinnia peruviana (L.) L.,Asteraceae,Zinnia,SPECIES,PRESERVED_SPECIMEN,2004-11-03,2004,-71.54,18.745,NA,821cc27a-e3bb-4bc5-ac34-89ada245069d,US,US,22,03,EL CERCADO,072203,874cd6515ffffff
http://n2t.net/ark:/65665/33dd18972-7a53-470e-8488-b9c1d735c231,1318600049,Palicourea eriantha,Palicourea eriantha DC.,Rubiaceae,Palicourea,SPECIES,PRESERVED_SPECIMEN,2003-06-20,2003,-71.5572,18.6519,NA,821cc27a-e3bb-4bc5-ac34-89ada245069d,US,US,22,03,EL CERCADO,072203,874cd6430ffffff
http://n2t.net/ark:/65665/33f210c18-9b75-4ce7-8cf5-8cbd48430c65,1318629712,Phytolacca rivinoides,Phytolacca rivinoides Kunth & Bouché,Phytolaccaceae,Phytolacca,SPECIES,PRESERVED_SPECIMEN,2004-11-02,2004,-71.55,18.67,NA,821cc27a-e3bb-4bc5-ac34-89ada245069d,US,US,22,03,EL CERCADO,072203,874cd6434ffffff
http://n2t.net/ark:/65665/33f8f9339-0291-47cb-b98d-8eda7011589b,1318639598,Dendrophthora cubensis,Dendrophthora cubensis Eichler,Viscaceae,Dendrophthora,SPECIES,PRESERVED_SPECIMEN,2003-06-21,2003,-71.5476,18.6545,NA,821cc27a-e3bb-4bc5-ac34-89ada245069d,US,US,22,03,EL CERCADO,072203,874cd6430ffffff
http://n2t.net/ark:/65665/33fa846df-6190-4db5-b76a-5b2dae53cb11,1318641840,Megalastrum pulverulentum,Megalastrum pulverulentum (Poir.) A.R.Sm. & R.C.Moran,Dryopteridaceae,Megalastrum,SPECIES,PRESERVED_SPECIMEN,2004-11-02,2004,-71.55,18.67,NA,821cc27a-e3bb-4bc5-ac34-89ada245069d,US,US,22,03,EL CERCADO,072203,874cd6434ffffff
http://n2t.net/ark:/65665/33fb4178a-55af-4699-8279-7a3a53dff466,1318642784,Setaria pumila,Setaria pumila (Poir.) Roem. & Schult.,Poaceae,Setaria,SPECIES,PRESERVED_SPECIMEN,2004-11-02,2004,-71.55,18.67,NA,821cc27a-e3bb-4bc5-ac34-89ada245069d,US,US,22,03,EL CERCADO,072203,874cd6434ffffff
http://n2t.net/ark:/65665/33fbf9b16-07a6-41ac-990b-18f1e851393b,1318643796,Maytenus Molina,Maytenus Molina,Celastraceae,Maytenus,GENUS,PRESERVED_SPECIMEN,2004-11-02,2004,-71.55,18.67,NA,821cc27a-e3bb-4bc5-ac34-89ada245069d,US,US,22,03,EL CERCADO,072203,874cd6434ffffff
http://n2t.net/ark:/65665/33fe1bff3-0c71-4ce3-9fa3-34e76114608f,1318646724,Chamaecrista glandulosa,Chamaecrista glandulosa var. picardae (Urb.) H.S.Irwin & Barneby,Fabaceae,Chamaecrista,VARIETY,PRESERVED_SPECIMEN,2003-06-23,2003,-71.5476,18.6545,NA,821cc27a-e3bb-4bc5-ac34-89ada245069d,US,US,22,03,EL CERCADO,072203,874cd6430ffffff
http://n2t.net/ark:/65665/34017472a-1849-4af4-b663-31e160343f33,1318651372,Wallenia apiculata,Wallenia apiculata Urb.,Primulaceae,Wallenia,SPECIES,PRESERVED_SPECIMEN,2003-06-20,2003,-71.5572,18.6519,NA,821cc27a-e3bb-4bc5-ac34-89ada245069d,US,US,22,03,EL CERCADO,072203,874cd6430ffffff
http://n2t.net/ark:/65665/3404aa5ab-da2c-4dcf-a9fa-e0b7c638f39c,1318655866,Ilex macfadyenii,Ilex macfadyenii subsp. macfadyenii,Aquifoliaceae,Ilex,SUBSPECIES,PRESERVED_SPECIMEN,2003-06-21,2003,-71.5572,18.6519,NA,821cc27a-e3bb-4bc5-ac34-89ada245069d,US,US,22,03,EL CERCADO,072203,874cd6430ffffff
http://n2t.net/ark:/65665/340634a7b-9297-46c0-8d38-f788790b6881,1318658107,Adiantum fragile,Adiantum fragile Sw.,Pteridaceae,Adiantum,SPECIES,PRESERVED_SPECIMEN,2003-06-21,2003,-71.5476,18.6545,NA,821cc27a-e3bb-4bc5-ac34-89ada245069d,US,US,22,03,EL CERCADO,072203,874cd6430ffffff
http://n2t.net/ark:/65665/340ae2dbd-f052-4654-8523-267b4fc3f65b,1318664765,Lophosoria quadripinnata,Lophosoria quadripinnata (J.F.Gmel.) C.Chr.,Dicksoniaceae,Lophosoria,SPECIES,PRESERVED_SPECIMEN,2003-06-21,2003,-71.5476,18.6545,NA,821cc27a-e3bb-4bc5-ac34-89ada245069d,US,US,22,03,EL CERCADO,072203,874cd6430ffffff
http://n2t.net/ark:/65665/341e117cb-89dc-4f81-9674-48f2927a3100,1318691995,Manettia Mutis ex L.,Manettia Mutis ex L.,Rubiaceae,Manettia,GENUS,PRESERVED_SPECIMEN,2003-06-23,2003,-71.5476,18.6545,NA,821cc27a-e3bb-4bc5-ac34-89ada245069d,US,US,22,03,EL CERCADO,072203,874cd6430ffffff
http://n2t.net/ark:/65665/34264abec-43b6-455c-9127-120269e0c198,1318703728,Peperomia alata,Peperomia alata Ruiz & Pav.,Piperaceae,Peperomia,SPECIES,PRESERVED_SPECIMEN,2003-06-21,2003,-71.5572,18.6519,NA,821cc27a-e3bb-4bc5-ac34-89ada245069d,US,US,22,03,EL CERCADO,072203,874cd6430ffffff
http://n2t.net/ark:/65665/343eeb995-e03d-4f39-9439-9a5762629698,1318738594,Solanum nigrum,Solanum nigrum L.,Solanaceae,Solanum,SPECIES,PRESERVED_SPECIMEN,2003-06-19,2003,-71.5572,18.6519,NA,821cc27a-e3bb-4bc5-ac34-89ada245069d,US,US,22,03,EL CERCADO,072203,874cd6430ffffff
http://n2t.net/ark:/65665/34414893b-4ba4-48fd-934a-4d94cf0cfd19,1318741970,Cestrum neibense,Cestrum neibense Alain,Solanaceae,Cestrum,SPECIES,PRESERVED_SPECIMEN,2004-11-01,2004,-71.5475,18.6519,NA,821cc27a-e3bb-4bc5-ac34-89ada245069d,US,US,22,03,EL CERCADO,072203,874cd6430ffffff
http://n2t.net/ark:/65665/344925fa7-50b4-45ad-8390-171355119325,1318752689,Peperomia acuminata,Peperomia acuminata Ruiz & Pav.,Piperaceae,Peperomia,SPECIES,PRESERVED_SPECIMEN,2003-06-19,2003,-71.5572,18.6519,NA,821cc27a-e3bb-4bc5-ac34-89ada245069d,US,US,22,03,EL CERCADO,072203,874cd6430ffffff
http://n2t.net/ark:/65665/344e4d4b5-8dd2-4c51-9d4e-af6011197976,1318760569,Bunchosia ekmanii,Bunchosia ekmanii Urb. & Nied.,Malpighiaceae,Bunchosia,SPECIES,PRESERVED_SPECIMEN,2004-11-02,2004,-71.55,18.67,NA,821cc27a-e3bb-4bc5-ac34-89ada245069d,US,US,22,03,EL CERCADO,072203,874cd6434ffffff
http://n2t.net/ark:/65665/3458f741c-9565-4e09-878b-31ee29aa2c10,1318775397,Rhytidophyllum grandiflorum,Rhytidophyllum grandiflorum Z.R.Xu & L.E.Skog ex Zanoni & Jiménez Rodr.,Gesneriaceae,Rhytidophyllum,SPECIES,PRESERVED_SPECIMEN,2004-11-02,2004,-71.55,18.67,NA,821cc27a-e3bb-4bc5-ac34-89ada245069d,US,US,22,03,EL CERCADO,072203,874cd6434ffffff
http://n2t.net/ark:/65665/345b7eac5-e78b-4420-9e9f-20bb34224671,1318779380,Verbena menthifolia,Verbena menthifolia Benth.,Verbenaceae,Verbena,SPECIES,PRESERVED_SPECIMEN,2003-06-19,2003,-71.5572,18.6519,NA,821cc27a-e3bb-4bc5-ac34-89ada245069d,US,US,22,03,EL CERCADO,072203,874cd6430ffffff
http://n2t.net/ark:/65665/346064658-bfd4-4b18-b1fe-031618a22c6d,1318786241,Pleopeltis leucospora,Pleopeltis × leucospora (Klotzsch) T.Moore,Polypodiaceae,Pleopeltis,SPECIES,PRESERVED_SPECIMEN,2003-06-19,2003,-71.5572,18.6519,NA,821cc27a-e3bb-4bc5-ac34-89ada245069d,US,US,22,03,EL CERCADO,072203,874cd6430ffffff
http://n2t.net/ark:/65665/34707d442-6033-454a-82c4-b492228c0b0a,1318808650,Persea krugii,Persea krugii Mez,Lauraceae,Persea,SPECIES,PRESERVED_SPECIMEN,2004-11-02,2004,-71.55,18.67,NA,821cc27a-e3bb-4bc5-ac34-89ada245069d,US,US,22,03,EL CERCADO,072203,874cd6434ffffff
http://n2t.net/ark:/65665/347bde236-8edc-46f7-b8d1-d096325f4189,1318825044,Asplenium flabellulatum,Asplenium radicans var. dentatum (Klotzsch) Bonap.,Aspleniaceae,Asplenium,VARIETY,PRESERVED_SPECIMEN,2003-06-19,2003,-71.5572,18.6519,NA,821cc27a-e3bb-4bc5-ac34-89ada245069d,US,US,22,03,EL CERCADO,072203,874cd6430ffffff
http://n2t.net/ark:/65665/349290268-9399-4b31-91f2-142f485683d5,1318856540,Physalis peruviana,Physalis peruviana L.,Solanaceae,Physalis,SPECIES,PRESERVED_SPECIMEN,2003-06-19,2003,-71.5572,18.6519,NA,821cc27a-e3bb-4bc5-ac34-89ada245069d,US,US,22,03,EL CERCADO,072203,874cd6430ffffff
http://n2t.net/ark:/65665/34ab9d1dd-5044-4418-8717-6488f68605b2,1318891913,Serpocaulon lasiopus,Serpocaulon lasiopus (Klotzsch) A.R.Sm.,Polypodiaceae,Serpocaulon,SPECIES,PRESERVED_SPECIMEN,2003-06-19,2003,-71.5572,18.6519,NA,821cc27a-e3bb-4bc5-ac34-89ada245069d,US,US,22,03,EL CERCADO,072203,874cd6430ffffff
http://n2t.net/ark:/65665/34c1f2e2d-1fcb-4093-9621-1c6235dfb4ab,1318923635,Polystichum triangulum,Polystichum triangulum (L.) Fée,Dryopteridaceae,Polystichum,SPECIES,PRESERVED_SPECIMEN,2003-06-21,2003,-71.5572,18.6519,NA,821cc27a-e3bb-4bc5-ac34-89ada245069d,US,US,22,03,EL CERCADO,072203,874cd6430ffffff
http://n2t.net/ark:/65665/34cbc246d-1bf6-4eb4-8eb9-6dd0d519f189,1318937520,Galinsoga parviflora,Galinsoga parviflora Cav.,Asteraceae,Galinsoga,SPECIES,PRESERVED_SPECIMEN,2003-06-21,2003,-71.5572,18.6519,NA,821cc27a-e3bb-4bc5-ac34-89ada245069d,US,US,22,03,EL CERCADO,072203,874cd6430ffffff
http://n2t.net/ark:/65665/34d7eb611-50e3-42ae-a39f-f40dfa3cb613,1318954693,Frangula longipedicellata,Frangula longipedicellata A.Pool,Rhamnaceae,Frangula,SPECIES,PRESERVED_SPECIMEN,2003-06-21,2003,-71.5476,18.6545,NA,821cc27a-e3bb-4bc5-ac34-89ada245069d,US,US,22,03,EL CERCADO,072203,874cd6430ffffff
http://n2t.net/ark:/65665/350212707-a59c-4663-ae33-0103855598ca,1319014125,Serpocaulon loriceum,Serpocaulon loriceum (L.) A.R.Sm.,Polypodiaceae,Serpocaulon,SPECIES,PRESERVED_SPECIMEN,2003-06-19,2003,-71.5572,18.6519,NA,821cc27a-e3bb-4bc5-ac34-89ada245069d,US,US,22,03,EL CERCADO,072203,874cd6430ffffff
http://n2t.net/ark:/65665/350d3c099-0075-4e5d-97dc-204189b0c17d,1319029737,Solanum pyrifolium,Solanum pyrifolium Lam.,Solanaceae,Solanum,SPECIES,PRESERVED_SPECIMEN,2003-06-21,2003,-71.5572,18.6519,NA,821cc27a-e3bb-4bc5-ac34-89ada245069d,US,US,22,03,EL CERCADO,072203,874cd6430ffffff
http://n2t.net/ark:/65665/352ececaa-7a0b-421f-a351-33c09dc6e4b6,1319077324,Cuphea carthagenensis,Cuphea carthagenensis (Jacq.) J.F.Macbr.,Lythraceae,Cuphea,SPECIES,PRESERVED_SPECIMEN,2004-11-03,2004,-71.54,18.745,NA,821cc27a-e3bb-4bc5-ac34-89ada245069d,US,US,22,03,EL CERCADO,072203,874cd6515ffffff
http://n2t.net/ark:/65665/3534999fe-b141-4d97-9d47-9a9db0ac72b0,1319085345,Megalastrum pulverulentum,Megalastrum pulverulentum (Poir.) A.R.Sm. & R.C.Moran,Dryopteridaceae,Megalastrum,SPECIES,PRESERVED_SPECIMEN,2004-11-02,2004,-71.55,18.67,NA,821cc27a-e3bb-4bc5-ac34-89ada245069d,US,US,22,03,EL CERCADO,072203,874cd6434ffffff
http://n2t.net/ark:/65665/353aad4cc-33fe-4be3-937f-a4e8ca6ba429,1319093961,Ranunculus recurvatus,Ranunculus recurvatus Poir.,Ranunculaceae,Ranunculus,SPECIES,PRESERVED_SPECIMEN,2003-06-19,2003,-71.5572,18.6519,NA,821cc27a-e3bb-4bc5-ac34-89ada245069d,US,US,22,03,EL CERCADO,072203,874cd6430ffffff
http://n2t.net/ark:/65665/353ca1ab1-95a5-4c3e-86d2-d888ea24e439,1319096912,Alsophila jimeneziana,Alsophila jimeneziana D.S.Conant,Cyatheaceae,Alsophila,SPECIES,PRESERVED_SPECIMEN,2003-06-23,2003,-71.5476,18.6545,NA,821cc27a-e3bb-4bc5-ac34-89ada245069d,US,US,22,03,EL CERCADO,072203,874cd6430ffffff
http://n2t.net/ark:/65665/354821f5a-79d4-4112-bb64-e2bef9ddb312,1319113107,Valeriana L.,Valeriana L.,Caprifoliaceae,Valeriana,GENUS,PRESERVED_SPECIMEN,2003-06-23,2003,-71.5476,18.6545,NA,821cc27a-e3bb-4bc5-ac34-89ada245069d,US,US,22,03,EL CERCADO,072203,874cd6430ffffff
http://n2t.net/ark:/65665/3554edbd6-ba71-47ab-839e-061e607629fb,1319131317,Borreria remota,Spermacoce remota Lam.,Rubiaceae,Borreria,SPECIES,PRESERVED_SPECIMEN,2003-06-21,2003,-71.5476,18.6545,NA,821cc27a-e3bb-4bc5-ac34-89ada245069d,US,US,22,03,EL CERCADO,072203,874cd6430ffffff
http://n2t.net/ark:/65665/35550b62f-14f2-4700-bb63-00bb67a48db7,1319131246,Daphnopsis crassifolia,Daphnopsis crassifolia (Poir.) Meisn.,Thymelaeaceae,Daphnopsis,SPECIES,PRESERVED_SPECIMEN,2004-11-02,2004,-71.55,18.67,NA,821cc27a-e3bb-4bc5-ac34-89ada245069d,US,US,22,03,EL CERCADO,072203,874cd6434ffffff
http://n2t.net/ark:/65665/356624f92-a838-4425-82f9-8d79c6a31f76,1319155325,Penelopeia suburceolata,Penelopeia suburceolata (Cogn.) Urb.,Cucurbitaceae,Penelopeia,SPECIES,PRESERVED_SPECIMEN,2003-06-19,2003,-71.5572,18.6519,NA,821cc27a-e3bb-4bc5-ac34-89ada245069d,US,US,22,03,EL CERCADO,072203,874cd6430ffffff
http://n2t.net/ark:/65665/3577c27ec-5440-45f3-9f0f-ef09e6a85d11,1319179902,Christella hispidula,Christella hispidula (Decne.) Holttum,Thelypteridaceae,Christella,SPECIES,PRESERVED_SPECIMEN,2003-06-19,2003,-71.5572,18.6519,NA,821cc27a-e3bb-4bc5-ac34-89ada245069d,US,US,22,03,EL CERCADO,072203,874cd6430ffffff
http://n2t.net/ark:/65665/359a3614f-36ff-4b64-8311-7c8013752d81,1319228669,Scolosanthus selleanus,Scolosanthus selleanus Urb. & Ekman,Rubiaceae,Scolosanthus,SPECIES,PRESERVED_SPECIMEN,2003-06-20,2003,-71.5572,18.6519,NA,821cc27a-e3bb-4bc5-ac34-89ada245069d,US,US,22,03,EL CERCADO,072203,874cd6430ffffff
http://n2t.net/ark:/65665/35ad03748-5231-42fd-87c2-294bb601588b,1319255247,Myriopteris lendigera,Myriopteris lendigera (Cav.) J.Sm.,Pteridaceae,Myriopteris,SPECIES,PRESERVED_SPECIMEN,2003-06-21,2003,-71.5476,18.6545,NA,821cc27a-e3bb-4bc5-ac34-89ada245069d,US,US,22,03,EL CERCADO,072203,874cd6430ffffff
http://n2t.net/ark:/65665/35d1ccb64-2a90-4fee-a778-eedadbcaf383,1319307309,Agave antillarum,Agave antillarum Descourt.,Asparagaceae,Agave,SPECIES,PRESERVED_SPECIMEN,2003-06-21,2003,-71.5476,18.6545,NA,821cc27a-e3bb-4bc5-ac34-89ada245069d,US,US,22,03,EL CERCADO,072203,874cd6430ffffff
http://n2t.net/ark:/65665/35e1a6bc6-397c-4218-aa37-0c4bb5171c73,1319329310,Dodonaea viscosa,Dodonaea angustifolia L.fil.,Sapindaceae,Dodonaea,SPECIES,PRESERVED_SPECIMEN,2004-11-03,2004,-71.54,18.745,NA,821cc27a-e3bb-4bc5-ac34-89ada245069d,US,US,22,03,EL CERCADO,072203,874cd6515ffffff
http://n2t.net/ark:/65665/35f8b8665-1eb9-48c3-929c-5bacaf82bffd,1319362446,Cestrum coelophlebium,Cestrum coelophlebium O.E.Schulz,Solanaceae,Cestrum,SPECIES,PRESERVED_SPECIMEN,2003-06-19,2003,-71.5572,18.6519,NA,821cc27a-e3bb-4bc5-ac34-89ada245069d,US,US,22,03,EL CERCADO,072203,874cd6430ffffff
http://n2t.net/ark:/65665/35fa8041f-d694-4db5-b86e-965fac7fd635,1319364840,Meliosma impressa,Meliosma impressa Krug & Urb.,Sabiaceae,Meliosma,SPECIES,PRESERVED_SPECIMEN,2004-11-01,2004,-71.5475,18.6519,NA,821cc27a-e3bb-4bc5-ac34-89ada245069d,US,US,22,03,EL CERCADO,072203,874cd6430ffffff
http://n2t.net/ark:/65665/362467a12-841b-46b4-a0ec-9101fb121ce2,1319424594,Cyathea Sm.,Cyathea Sm.,Cyatheaceae,Cyathea,GENUS,PRESERVED_SPECIMEN,2003-06-21,2003,-71.5572,18.6519,NA,821cc27a-e3bb-4bc5-ac34-89ada245069d,US,US,22,03,EL CERCADO,072203,874cd6430ffffff
http://n2t.net/ark:/65665/36250a80f-e98c-45e3-99c5-546a906834f6,1319424998,Mikania papillosa,Mikania papillosa Klatt,Asteraceae,Mikania,SPECIES,PRESERVED_SPECIMEN,2004-11-01,2004,-71.5475,18.6519,NA,821cc27a-e3bb-4bc5-ac34-89ada245069d,US,US,22,03,EL CERCADO,072203,874cd6430ffffff
http://n2t.net/ark:/65665/362fbce36-3fef-41fa-8549-62d62fb44222,1319440202,Alsophila jimeneziana,Alsophila jimeneziana D.S.Conant,Cyatheaceae,Alsophila,SPECIES,PRESERVED_SPECIMEN,2003-06-23,2003,-71.5476,18.6545,NA,821cc27a-e3bb-4bc5-ac34-89ada245069d,US,US,22,03,EL CERCADO,072203,874cd6430ffffff
http://n2t.net/ark:/65665/363603c80-027b-4f91-b7ac-596681e59bb1,1319448699,Parablechnum tuerckheimii,Blechnum tuerckheimii Brause,Blechnaceae,Parablechnum,SPECIES,PRESERVED_SPECIMEN,2003-06-21,2003,-71.5476,18.6545,NA,821cc27a-e3bb-4bc5-ac34-89ada245069d,US,US,22,03,EL CERCADO,072203,874cd6430ffffff
http://n2t.net/ark:/65665/3648ac622-6b9f-435b-bbd3-a2476fb0f0e6,1319475429,Citharexylum B.Juss. ex L.,Citharexylum B.Juss. ex L.,Verbenaceae,Citharexylum,GENUS,PRESERVED_SPECIMEN,2004-11-02,2004,-71.55,18.67,NA,821cc27a-e3bb-4bc5-ac34-89ada245069d,US,US,22,03,EL CERCADO,072203,874cd6434ffffff
http://n2t.net/ark:/65665/36578cd1b-028d-4c99-b232-e12b59b08b7c,1319496448,Fragaria vesca,Fragaria vesca L.,Rosaceae,Fragaria,SPECIES,PRESERVED_SPECIMEN,2003-06-20,2003,-71.5572,18.6519,NA,821cc27a-e3bb-4bc5-ac34-89ada245069d,US,US,22,03,EL CERCADO,072203,874cd6430ffffff
http://n2t.net/ark:/65665/365ee84ba-2e85-4110-a55a-88b7f2868d17,1319506919,Amauropelta oligocarpa,Amauropelta oligocarpa (Humb. & Bonpl. ex Willd.) Pic.Serm.,Thelypteridaceae,Amauropelta,SPECIES,PRESERVED_SPECIMEN,2003-06-21,2003,-71.5572,18.6519,NA,821cc27a-e3bb-4bc5-ac34-89ada245069d,US,US,22,03,EL CERCADO,072203,874cd6430ffffff
http://n2t.net/ark:/65665/366694916-0cde-4061-9d63-24cfbb20e0d1,1319517818,Aosa plumieri,Aosa plumieri (Urb.) Weigend,Loasaceae,Aosa,SPECIES,PRESERVED_SPECIMEN,2004-11-02,2004,-71.55,18.67,NA,821cc27a-e3bb-4bc5-ac34-89ada245069d,US,US,22,03,EL CERCADO,072203,874cd6434ffffff
http://n2t.net/ark:/65665/36744d24a-1a4f-4733-a853-c4d4917cdd99,1319537243,Malpighia cnide,Malpighia cnide Spreng.,Malpighiaceae,Malpighia,SPECIES,PRESERVED_SPECIMEN,2004-11-02,2004,-71.55,18.67,NA,821cc27a-e3bb-4bc5-ac34-89ada245069d,US,US,22,03,EL CERCADO,072203,874cd6434ffffff
http://n2t.net/ark:/65665/367f1c5dc-7009-47b5-84af-1e32d343dfee,1319552485,Dysphania ambrosioides,Chenopodium ambrosioides L.,Amaranthaceae,Dysphania,SPECIES,PRESERVED_SPECIMEN,2004-11-02,2004,-71.55,18.67,NA,821cc27a-e3bb-4bc5-ac34-89ada245069d,US,US,22,03,EL CERCADO,072203,874cd6434ffffff
http://n2t.net/ark:/65665/3687cd190-5077-43ed-8f56-f60aa5c2897c,1319564658,Manettia coerulea,Manettia coerulea Alain,Rubiaceae,Manettia,SPECIES,PRESERVED_SPECIMEN,2004-11-02,2004,-71.55,18.67,NA,821cc27a-e3bb-4bc5-ac34-89ada245069d,US,US,22,03,EL CERCADO,072203,874cd6434ffffff
http://n2t.net/ark:/65665/368e395da-8930-4771-b858-d5261c28daa2,1319573555,Asplenium blepharophorum,Asplenium commutatum Mett.,Aspleniaceae,Asplenium,SPECIES,PRESERVED_SPECIMEN,2004-11-02,2004,-71.55,18.67,NA,821cc27a-e3bb-4bc5-ac34-89ada245069d,US,US,22,03,EL CERCADO,072203,874cd6434ffffff
http://n2t.net/ark:/65665/369f9f9fb-e8ef-429e-8851-4b8cd0f5afad,1319598288,Coccoloba picardae,Coccoloba picardae Urb.,Polygonaceae,Coccoloba,SPECIES,PRESERVED_SPECIMEN,2004-11-02,2004,-71.55,18.67,NA,821cc27a-e3bb-4bc5-ac34-89ada245069d,US,US,22,03,EL CERCADO,072203,874cd6434ffffff
http://n2t.net/ark:/65665/36ad0b95a-7e65-4511-be9c-244960679800,1319617392,Orthosia scoparia,Metastelma leptocladum (Decne.) Schltr.,Apocynaceae,Orthosia,SPECIES,PRESERVED_SPECIMEN,2004-11-02,2004,-71.55,18.67,NA,821cc27a-e3bb-4bc5-ac34-89ada245069d,US,US,22,03,EL CERCADO,072203,874cd6434ffffff
http://n2t.net/ark:/65665/36d2bcb73-8249-4199-b10e-1461f38d59b9,1319670507,Galium hypocarpium,Galium hypocarpium (L.) Endl. ex Griseb.,Rubiaceae,Galium,SPECIES,PRESERVED_SPECIMEN,2003-06-19,2003,-71.5572,18.6519,NA,821cc27a-e3bb-4bc5-ac34-89ada245069d,US,US,22,03,EL CERCADO,072203,874cd6430ffffff
http://n2t.net/ark:/65665/36deeb061-c478-4878-9bc4-6cdd9ce16bd4,1319687826,Geranium rotundifolium,Geranium rotundifolium L.,Geraniaceae,Geranium,SPECIES,PRESERVED_SPECIMEN,2003-06-19,2003,-71.5572,18.6519,NA,821cc27a-e3bb-4bc5-ac34-89ada245069d,US,US,22,03,EL CERCADO,072203,874cd6430ffffff
http://n2t.net/ark:/65665/36ebdca42-dfc3-48b8-a5f3-9f94c401c2e1,1319706213,Macrothelypteris torresiana,Macrothelypteris torresiana (Gaudich.) Ching,Thelypteridaceae,Macrothelypteris,SPECIES,PRESERVED_SPECIMEN,2003-06-21,2003,-71.5572,18.6519,NA,821cc27a-e3bb-4bc5-ac34-89ada245069d,US,US,22,03,EL CERCADO,072203,874cd6430ffffff
http://n2t.net/ark:/65665/370337b8a-377d-415d-acbe-9cbae5321fd8,1319739248,Teucrium vesicarium,Teucrium vesicarium Mill.,Lamiaceae,Teucrium,SPECIES,PRESERVED_SPECIMEN,2004-11-01,2004,-71.5572,18.6519,NA,821cc27a-e3bb-4bc5-ac34-89ada245069d,US,US,22,03,EL CERCADO,072203,874cd6430ffffff
http://n2t.net/ark:/65665/37087f082-b6c5-4084-9da6-d115aed76e1c,1319746354,Galinsoga parviflora,Galinsoga parviflora Cav.,Asteraceae,Galinsoga,SPECIES,PRESERVED_SPECIMEN,2003-06-20,2003,-71.5572,18.6519,NA,821cc27a-e3bb-4bc5-ac34-89ada245069d,US,US,22,03,EL CERCADO,072203,874cd6430ffffff
http://n2t.net/ark:/65665/372d86439-8c42-4079-97d0-50af616e33ca,1319798744,Rondeletia carnea,Rondeletia carnea Urb. & Ekman,Rubiaceae,Rondeletia,SPECIES,PRESERVED_SPECIMEN,2004-11-02,2004,-71.55,18.67,NA,821cc27a-e3bb-4bc5-ac34-89ada245069d,US,US,22,03,EL CERCADO,072203,874cd6434ffffff
http://n2t.net/ark:/65665/374823e51-47ee-49a5-87e2-07fe4c3b8ec4,1319836339,Duranta arida,Duranta arida var. domingensis (Urb.) Moldenke,Verbenaceae,Duranta,VARIETY,PRESERVED_SPECIMEN,2003-06-19,2003,-71.5572,18.6519,NA,821cc27a-e3bb-4bc5-ac34-89ada245069d,US,US,22,03,EL CERCADO,072203,874cd6430ffffff
http://n2t.net/ark:/65665/374eb4842-2e84-49ff-86b7-3f0ec150fc54,1319845792,Goniopteris retroflexa,Goniopteris retroflexa (L.) Salino & T.E.Almeida,Thelypteridaceae,Goniopteris,SPECIES,PRESERVED_SPECIMEN,2003-06-20,2003,-71.5572,18.6519,NA,821cc27a-e3bb-4bc5-ac34-89ada245069d,US,US,22,03,EL CERCADO,072203,874cd6430ffffff
http://n2t.net/ark:/65665/376dcbf33-1f74-45a6-9acf-3773233ad1d0,1319889339,Begonia domingensis,Begonia domingensis A.DC.,Begoniaceae,Begonia,SPECIES,PRESERVED_SPECIMEN,2003-06-21,2003,-71.5572,18.6519,NA,821cc27a-e3bb-4bc5-ac34-89ada245069d,US,US,22,03,EL CERCADO,072203,874cd6430ffffff
http://n2t.net/ark:/65665/377c0e51b-1995-48c2-a478-00dfbeefb7db,1319909465,Steiropteris decussata,Steiropteris decussata (L.) A.R.Sm.,Thelypteridaceae,Steiropteris,SPECIES,PRESERVED_SPECIMEN,2003-06-23,2003,-71.5476,18.6545,NA,821cc27a-e3bb-4bc5-ac34-89ada245069d,US,US,22,03,EL CERCADO,072203,874cd6430ffffff
http://n2t.net/ark:/65665/37859718c-9f97-4a85-a2d4-48c51d4abe89,1319922956,Sphaeropteris insignis,Cyathea insignis D.C.Eaton,Cyatheaceae,Sphaeropteris,SPECIES,PRESERVED_SPECIMEN,2004-11-02,2004,-71.55,18.67,NA,821cc27a-e3bb-4bc5-ac34-89ada245069d,US,US,22,03,EL CERCADO,072203,874cd6434ffffff
http://n2t.net/ark:/65665/3794fea21-78c2-410b-951f-88de73cc5924,1319944685,Ilex fuertensiana,Ilex fuertesiana Loes.,Aquifoliaceae,Ilex,SPECIES,PRESERVED_SPECIMEN,2004-11-02,2004,-71.55,18.67,NA,821cc27a-e3bb-4bc5-ac34-89ada245069d,US,US,22,03,EL CERCADO,072203,874cd6434ffffff
http://n2t.net/ark:/65665/379d66ad9-c306-4fa8-9eef-daf5bbce9ebf,1319956231,Pilea microphylla,Pilea microphylla (L.) Liebm.,Urticaceae,Pilea,SPECIES,PRESERVED_SPECIMEN,2003-06-21,2003,-71.5572,18.6519,NA,821cc27a-e3bb-4bc5-ac34-89ada245069d,US,US,22,03,EL CERCADO,072203,874cd6430ffffff
http://n2t.net/ark:/65665/37a2d6f65-a8a4-4b00-b0c6-403c73ca811c,1319964123,Rubus eggersii,Rubus eggersii (Focke) Rydb.,Rosaceae,Rubus,SPECIES,PRESERVED_SPECIMEN,2003-06-20,2003,-71.5572,18.6519,NA,821cc27a-e3bb-4bc5-ac34-89ada245069d,US,US,22,03,EL CERCADO,072203,874cd6430ffffff
http://n2t.net/ark:/65665/37ad3964b-fd04-400f-9fbd-64ce079d9584,1319978813,Lophosoria quadripinnata,Lophosoria quadripinnata (J.F.Gmel.) C.Chr.,Dicksoniaceae,Lophosoria,SPECIES,PRESERVED_SPECIMEN,2003-06-21,2003,-71.5476,18.6545,NA,821cc27a-e3bb-4bc5-ac34-89ada245069d,US,US,22,03,EL CERCADO,072203,874cd6430ffffff
http://n2t.net/ark:/65665/37af6b9ef-099b-4cef-b9cc-05ac55f5a6d1,1319982036,Agrostis hyemalis,"Agrostis hyemalis (Walter) Britton, Sterns & Poggenb.",Poaceae,Agrostis,SPECIES,PRESERVED_SPECIMEN,2003-06-21,2003,-71.5476,18.6545,NA,821cc27a-e3bb-4bc5-ac34-89ada245069d,US,US,22,03,EL CERCADO,072203,874cd6430ffffff
http://n2t.net/ark:/65665/37c92c2a5-59fa-498b-9f16-7a2e25687c38,1320018801,Mentha aquatica,Mentha aquatica L.,Lamiaceae,Mentha,SPECIES,PRESERVED_SPECIMEN,2004-11-02,2004,-71.55,18.67,NA,821cc27a-e3bb-4bc5-ac34-89ada245069d,US,US,22,03,EL CERCADO,072203,874cd6434ffffff
http://n2t.net/ark:/65665/37e14363e-f1d1-441d-817d-39697a6cc781,1320052925,Pilea rugosa,Pilea rugosa (Sw.) Wedd.,Urticaceae,Pilea,SPECIES,PRESERVED_SPECIMEN,2003-06-21,2003,-71.5572,18.6519,NA,821cc27a-e3bb-4bc5-ac34-89ada245069d,US,US,22,03,EL CERCADO,072203,874cd6430ffffff
http://n2t.net/ark:/65665/37ec36fbf-98a4-47a1-a8e2-7fb782c0cd24,1320068435,Histiopteris incisa,Histiopteris incisa (Thunb.) J.Sm.,Dennstaedtiaceae,Histiopteris,SPECIES,PRESERVED_SPECIMEN,2004-11-02,2004,-71.55,18.67,NA,821cc27a-e3bb-4bc5-ac34-89ada245069d,US,US,22,03,EL CERCADO,072203,874cd6434ffffff
http://n2t.net/ark:/65665/37f6080b5-e062-4c0a-9799-fd2ffd8debad,1320082385,Symplocos cubensis,Symplocos berteroi (A.DC.) Miers,Symplocaceae,Symplocos,SPECIES,PRESERVED_SPECIMEN,2004-11-02,2004,-71.55,18.67,NA,821cc27a-e3bb-4bc5-ac34-89ada245069d,US,US,22,03,EL CERCADO,072203,874cd6434ffffff
http://n2t.net/ark:/65665/37fedbaa1-e4fb-4dd9-8a99-f8ddf1420481,1320094962,Bidens pilosa,Bidens pilosa L.,Asteraceae,Bidens,SPECIES,PRESERVED_SPECIMEN,2003-06-21,2003,-71.5476,18.6545,NA,821cc27a-e3bb-4bc5-ac34-89ada245069d,US,US,22,03,EL CERCADO,072203,874cd6430ffffff
http://n2t.net/ark:/65665/380695ae6-53c0-44d4-adb1-39e0af21ecc3,1320105597,Phenax pauciflorus,Phenax pauciflorus Urb.,Urticaceae,Phenax,SPECIES,PRESERVED_SPECIMEN,2003-06-19,2003,-71.5572,18.6519,NA,821cc27a-e3bb-4bc5-ac34-89ada245069d,US,US,22,03,EL CERCADO,072203,874cd6430ffffff
http://n2t.net/ark:/65665/382388bed-1a90-4a84-92af-21c3196b2df3,1320146858,Bulbostylis subaphylla,Bulbostylis subaphylla C.B.Clarke,Cyperaceae,Bulbostylis,SPECIES,PRESERVED_SPECIMEN,2004-11-02,2004,-71.55,18.67,NA,821cc27a-e3bb-4bc5-ac34-89ada245069d,US,US,22,03,EL CERCADO,072203,874cd6434ffffff
http://n2t.net/ark:/65665/38323851e-1ba9-4601-890c-0332e874ed8b,1320167356,Miconia favosa,Miconia favosa (Desr.) Naudin,Melastomataceae,Miconia,SPECIES,PRESERVED_SPECIMEN,2004-11-01,2004,-71.5475,18.6519,NA,821cc27a-e3bb-4bc5-ac34-89ada245069d,US,US,22,03,EL CERCADO,072203,874cd6430ffffff
http://n2t.net/ark:/65665/3833b9683-6790-4163-9672-cdfc5fa934d4,1320169438,Pilea setigera,Pilea setigera Urb.,Urticaceae,Pilea,SPECIES,PRESERVED_SPECIMEN,2004-11-02,2004,-71.55,18.67,NA,821cc27a-e3bb-4bc5-ac34-89ada245069d,US,US,22,03,EL CERCADO,072203,874cd6434ffffff
http://n2t.net/ark:/65665/383cd7e6b-4ea8-493e-86bb-59e17fb8c9a9,1320182374,Ternstroemia selleana,Ternstroemia selleana Ekman & O.C.Schmidt,Pentaphylacaceae,Ternstroemia,SPECIES,PRESERVED_SPECIMEN,2003-06-21,2003,-71.5572,18.6519,NA,821cc27a-e3bb-4bc5-ac34-89ada245069d,US,US,22,03,EL CERCADO,072203,874cd6430ffffff
http://n2t.net/ark:/65665/384524c44-67c8-43ef-98ec-3864009be259,1320194098,Physalis peruviana,Physalis peruviana L.,Solanaceae,Physalis,SPECIES,PRESERVED_SPECIMEN,2004-11-02,2004,-71.55,18.67,NA,821cc27a-e3bb-4bc5-ac34-89ada245069d,US,US,22,03,EL CERCADO,072203,874cd6434ffffff
http://n2t.net/ark:/65665/38500d0f0-aed1-4a6d-ae47-ee9ef9f01331,1320209508,Frangula longipedicellata,Frangula longipedicellata A.Pool,Rhamnaceae,Frangula,SPECIES,PRESERVED_SPECIMEN,2004-11-02,2004,-71.55,18.67,NA,821cc27a-e3bb-4bc5-ac34-89ada245069d,US,US,22,03,EL CERCADO,072203,874cd6434ffffff
http://n2t.net/ark:/65665/385541b82-3f14-480b-b1ab-ec9826bb513f,1320216778,Cyathea Sm.,Cyathea Sm.,Cyatheaceae,Cyathea,GENUS,PRESERVED_SPECIMEN,2003-06-21,2003,-71.5572,18.6519,NA,821cc27a-e3bb-4bc5-ac34-89ada245069d,US,US,22,03,EL CERCADO,072203,874cd6430ffffff
http://n2t.net/ark:/65665/3863e286d-0d42-415f-b2df-cb3a3f10a6eb,1320237691,Hieracium gronovii,Hieracium gronovii L.,Asteraceae,Hieracium,SPECIES,PRESERVED_SPECIMEN,2004-11-01,2004,-71.5475,18.6519,NA,821cc27a-e3bb-4bc5-ac34-89ada245069d,US,US,22,03,EL CERCADO,072203,874cd6430ffffff
http://n2t.net/ark:/65665/386a89dad-3729-42d0-812e-3023aea9f958,1320246871,Sapium daphnoides,Sapium daphnoides Griseb.,Euphorbiaceae,Sapium,SPECIES,PRESERVED_SPECIMEN,2003-06-23,2003,-71.5476,18.6545,NA,821cc27a-e3bb-4bc5-ac34-89ada245069d,US,US,22,03,EL CERCADO,072203,874cd6430ffffff
http://n2t.net/ark:/65665/38731dc2e-0fc1-435e-a917-a49fae775dcb,1320259213,Diplazium lherminieri,Diplazium lherminieri Fée,Athyriaceae,Diplazium,SPECIES,PRESERVED_SPECIMEN,2003-06-19,2003,-71.5572,18.6519,NA,821cc27a-e3bb-4bc5-ac34-89ada245069d,US,US,22,03,EL CERCADO,072203,874cd6430ffffff
http://n2t.net/ark:/65665/3876a2697-efce-42c4-8dfe-0883aa510c15,1320264160,Amauropelta physematioides,Amauropelta physematioides (Kuhn & Christ) O.Alvarez,Thelypteridaceae,Amauropelta,SPECIES,PRESERVED_SPECIMEN,2003-06-19,2003,-71.5572,18.6519,NA,821cc27a-e3bb-4bc5-ac34-89ada245069d,US,US,22,03,EL CERCADO,072203,874cd6430ffffff
http://n2t.net/ark:/65665/388d0578e-cd42-44c9-a59e-15f5de5101b3,1320295372,Myriopteris notholaenoides,Myriopteris notholaenoides (Desv.) Grusz & Windham,Pteridaceae,Myriopteris,SPECIES,PRESERVED_SPECIMEN,2003-06-23,2003,-71.5476,18.6545,NA,821cc27a-e3bb-4bc5-ac34-89ada245069d,US,US,22,03,EL CERCADO,072203,874cd6430ffffff
http://n2t.net/ark:/65665/3897fab0f-4d85-4e14-94a6-7590d3511d92,1320310710,Rondeletia ochracea,Rondeletia ochracea Urb.,Rubiaceae,Rondeletia,SPECIES,PRESERVED_SPECIMEN,2003-06-21,2003,-71.5572,18.6519,NA,821cc27a-e3bb-4bc5-ac34-89ada245069d,US,US,22,03,EL CERCADO,072203,874cd6430ffffff
http://n2t.net/ark:/65665/389f7e90c-5d60-402e-b4c8-a98046f9232b,1320320778,Pilea minguetii,Pilea minguetii Urb.,Urticaceae,Pilea,SPECIES,PRESERVED_SPECIMEN,2003-06-21,2003,-71.5476,18.6545,NA,821cc27a-e3bb-4bc5-ac34-89ada245069d,US,US,22,03,EL CERCADO,072203,874cd6430ffffff
http://n2t.net/ark:/65665/38a127253-1b55-4822-9e37-2c51b00ff8ae,1320323319,Cynoglossum amabile,Cynoglossum amabile Stapf & J.R.Drumm.,Boraginaceae,Cynoglossum,SPECIES,PRESERVED_SPECIMEN,2003-06-20,2003,-71.5572,18.6519,NA,821cc27a-e3bb-4bc5-ac34-89ada245069d,US,US,22,03,EL CERCADO,072203,874cd6430ffffff
http://n2t.net/ark:/65665/38c13bb56-436e-4bbf-a4cf-61b15696fd5a,1320368865,Cyclosorus Link,Cyclosorus Link,Thelypteridaceae,Cyclosorus,GENUS,PRESERVED_SPECIMEN,2003-06-19,2003,-71.5572,18.6519,NA,821cc27a-e3bb-4bc5-ac34-89ada245069d,US,US,22,03,EL CERCADO,072203,874cd6430ffffff
http://n2t.net/ark:/65665/38c1c7c45-d219-4b36-bf12-f7e50f7997e9,1320369543,Oxalis corniculata,Oxalis corniculata L.,Oxalidaceae,Oxalis,SPECIES,PRESERVED_SPECIMEN,2003-06-20,2003,-71.5572,18.6519,NA,821cc27a-e3bb-4bc5-ac34-89ada245069d,US,US,22,03,EL CERCADO,072203,874cd6430ffffff
http://n2t.net/ark:/65665/38c7a79d1-2f02-4e37-8d0c-8a2aabdb1acb,1320377956,Myrsine coriacea,Myrsine coriacea (Sw.) R.Br. ex Roem. & Schult.,Primulaceae,Myrsine,SPECIES,PRESERVED_SPECIMEN,2003-06-21,2003,-71.5572,18.6519,NA,821cc27a-e3bb-4bc5-ac34-89ada245069d,US,US,22,03,EL CERCADO,072203,874cd6430ffffff
http://n2t.net/ark:/65665/38fc405a9-a312-45a3-ad2c-e6870fac98a1,1320452381,Pecluma eurybasis,Pecluma eurybasis (C.Chr.) M.G.Price,Polypodiaceae,Pecluma,SPECIES,PRESERVED_SPECIMEN,2003-06-19,2003,-71.5572,18.6519,NA,821cc27a-e3bb-4bc5-ac34-89ada245069d,US,US,22,03,EL CERCADO,072203,874cd6430ffffff
http://n2t.net/ark:/65665/38ff4ba15-c7e9-4c02-908e-2fbc0fc0e978,1320456629,Ekmaniopappus mikanioides,Ekmaniopappus mikanioides (Urb. & Ekman) Borhidi,Asteraceae,Ekmaniopappus,SPECIES,PRESERVED_SPECIMEN,2003-06-21,2003,-71.5572,18.6519,NA,821cc27a-e3bb-4bc5-ac34-89ada245069d,US,US,22,03,EL CERCADO,072203,874cd6430ffffff
http://n2t.net/ark:/65665/39073c543-ead0-41f3-91a0-99f9b95dad4a,1320467884,Pilea rugosa,Pilea rugosa (Sw.) Wedd.,Urticaceae,Pilea,SPECIES,PRESERVED_SPECIMEN,2003-06-19,2003,-71.5572,18.6519,NA,821cc27a-e3bb-4bc5-ac34-89ada245069d,US,US,22,03,EL CERCADO,072203,874cd6430ffffff
http://n2t.net/ark:/65665/3909bc89b-ffa7-41e0-a418-f9fe211168ed,1320471457,Elaphoglossum Schott ex J.Sm.,Elaphoglossum Schott ex J.Sm.,Dryopteridaceae,Elaphoglossum,GENUS,PRESERVED_SPECIMEN,2003-06-19,2003,-71.5572,18.6519,NA,821cc27a-e3bb-4bc5-ac34-89ada245069d,US,US,22,03,EL CERCADO,072203,874cd6430ffffff
http://n2t.net/ark:/65665/394d1f65a-866d-4492-9098-baeedf20c140,1320566653,Turpinia occidentalis,Turpinia occidentalis (Sw.) G.Don,Staphyleaceae,Turpinia,SPECIES,PRESERVED_SPECIMEN,2003-06-21,2003,-71.5476,18.6545,NA,821cc27a-e3bb-4bc5-ac34-89ada245069d,US,US,22,03,EL CERCADO,072203,874cd6430ffffff
http://n2t.net/ark:/65665/394f7e9ac-edb4-4b3e-a9be-3f576b426f1b,1320569986,Erigeron bonariensis,Conyza bonariensis (L.) Cronquist,Asteraceae,Erigeron,SPECIES,PRESERVED_SPECIMEN,2003-06-21,2003,-71.5572,18.6519,NA,821cc27a-e3bb-4bc5-ac34-89ada245069d,US,US,22,03,EL CERCADO,072203,874cd6430ffffff
http://n2t.net/ark:/65665/396d1b1de-96aa-4842-9634-d4c52752e15c,1320611604,Polystichum Roth,Polystichum Roth,Dryopteridaceae,Polystichum,GENUS,PRESERVED_SPECIMEN,2003-06-21,2003,-71.5476,18.6545,NA,821cc27a-e3bb-4bc5-ac34-89ada245069d,US,US,22,03,EL CERCADO,072203,874cd6430ffffff
http://n2t.net/ark:/65665/397ebb3dc-4556-49b3-97ab-e93052a53e21,1320636565,Daphnopsis crassifolia,Daphnopsis crassifolia (Poir.) Meisn.,Thymelaeaceae,Daphnopsis,SPECIES,PRESERVED_SPECIMEN,2004-11-02,2004,-71.55,18.67,NA,821cc27a-e3bb-4bc5-ac34-89ada245069d,US,US,22,03,EL CERCADO,072203,874cd6434ffffff
http://n2t.net/ark:/65665/3997b49b4-3540-4f49-b7a4-5da5aa61cb20,1320671835,Pilea consanguinea,Pilea consanguinea Wedd.,Urticaceae,Pilea,SPECIES,PRESERVED_SPECIMEN,2003-06-19,2003,-71.5572,18.6519,NA,821cc27a-e3bb-4bc5-ac34-89ada245069d,US,US,22,03,EL CERCADO,072203,874cd6430ffffff
http://n2t.net/ark:/65665/39a5ec836-40df-408f-991d-cf25b7eec9b5,1320691884,Ophioglossum reticulatum,Ophioglossum reticulatum L.,Ophioglossaceae,Ophioglossum,SPECIES,PRESERVED_SPECIMEN,2003-06-21,2003,-71.5572,18.6519,NA,821cc27a-e3bb-4bc5-ac34-89ada245069d,US,US,22,03,EL CERCADO,072203,874cd6430ffffff
http://n2t.net/ark:/65665/39ae5608c-fa28-4228-81fe-c297043c612a,1320703893,Cyperus picardae,Cyperus picardae Boeckeler,Cyperaceae,Cyperus,SPECIES,PRESERVED_SPECIMEN,2004-11-02,2004,-71.55,18.67,NA,821cc27a-e3bb-4bc5-ac34-89ada245069d,US,US,22,03,EL CERCADO,072203,874cd6434ffffff
http://n2t.net/ark:/65665/39b9565e7-e620-4df3-96d3-d425a46654bb,1320719575,Rhytidophyllum grandiflorum,Rhytidophyllum grandiflorum Z.R.Xu & L.E.Skog ex Zanoni & Jiménez Rodr.,Gesneriaceae,Rhytidophyllum,SPECIES,PRESERVED_SPECIMEN,2004-11-02,2004,-71.55,18.67,NA,821cc27a-e3bb-4bc5-ac34-89ada245069d,US,US,22,03,EL CERCADO,072203,874cd6434ffffff
http://n2t.net/ark:/65665/39c0a4021-38d0-44f1-9b8c-d821658f6bae,1320729801,Cayaponia domingensis,Cayaponia domingensis (Cogn.) H.Schaef. & M.Née,Cucurbitaceae,Cayaponia,SPECIES,PRESERVED_SPECIMEN,2003-06-19,2003,-71.5572,18.6519,NA,821cc27a-e3bb-4bc5-ac34-89ada245069d,US,US,22,03,EL CERCADO,072203,874cd6430ffffff
http://n2t.net/ark:/65665/39cc9ef33-1042-4d54-9635-8c9697386aa4,1320746943,Teucrium vesicarium,Teucrium vesicarium Mill.,Lamiaceae,Teucrium,SPECIES,PRESERVED_SPECIMEN,2003-06-19,2003,-71.5572,18.6519,NA,821cc27a-e3bb-4bc5-ac34-89ada245069d,US,US,22,03,EL CERCADO,072203,874cd6430ffffff
http://n2t.net/ark:/65665/39d4e4f5e-448f-4e94-a052-614e5c295f5c,1320758669,Danthonia domingensis,Danthonia domingensis subsp. domingensis,Poaceae,Danthonia,SUBSPECIES,PRESERVED_SPECIMEN,2003-06-21,2003,-71.5572,18.6519,NA,821cc27a-e3bb-4bc5-ac34-89ada245069d,US,US,22,03,EL CERCADO,072203,874cd6430ffffff
http://n2t.net/ark:/65665/39dbb9703-a6f4-478d-8478-67db6c331625,1320768157,Piqueria trinervia,Piqueria trinervia Cav.,Asteraceae,Piqueria,SPECIES,PRESERVED_SPECIMEN,2003-06-20,2003,-71.5572,18.6519,NA,821cc27a-e3bb-4bc5-ac34-89ada245069d,US,US,22,03,EL CERCADO,072203,874cd6430ffffff
http://n2t.net/ark:/65665/39e36936a-ef0a-411b-a7e8-d34770ecf0db,1320779144,Radiovittaria stipitata,Radiovittaria stipitata (Kunze) E.H.Crane,Pteridaceae,Radiovittaria,SPECIES,PRESERVED_SPECIMEN,2003-06-20,2003,-71.5572,18.6519,NA,821cc27a-e3bb-4bc5-ac34-89ada245069d,US,US,22,03,EL CERCADO,072203,874cd6430ffffff
http://n2t.net/ark:/65665/39f056026-e264-40ae-abad-93040aef8e5b,1320797457,Myriopteris microphylla,Myriopteris microphylla (Sw.) Grusz & Windham,Pteridaceae,Myriopteris,SPECIES,PRESERVED_SPECIMEN,2003-06-20,2003,-71.5572,18.6519,NA,821cc27a-e3bb-4bc5-ac34-89ada245069d,US,US,22,03,EL CERCADO,072203,874cd6430ffffff
http://n2t.net/ark:/65665/3a45a8182-901b-47f8-80b3-c1eeaaaf4d17,1320918106,Asplenium nesioticum,Asplenium nesioticum Maxon,Aspleniaceae,Asplenium,SPECIES,PRESERVED_SPECIMEN,2003-06-21,2003,-71.5572,18.6519,NA,821cc27a-e3bb-4bc5-ac34-89ada245069d,US,US,22,03,EL CERCADO,072203,874cd6430ffffff
http://n2t.net/ark:/65665/3a4acaa7f-1736-4c72-9147-c738146e041f,1320925381,Urtica domingensis,Urtica domingensis Urb.,Urticaceae,Urtica,SPECIES,PRESERVED_SPECIMEN,2004-11-01,2004,-71.5475,18.6519,NA,821cc27a-e3bb-4bc5-ac34-89ada245069d,US,US,22,03,EL CERCADO,072203,874cd6430ffffff
http://n2t.net/ark:/65665/3a50ae647-5e40-46d8-9736-098375476ca0,1320933739,Passiflora orbiculata,Passiflora orbiculata Cav.,Passifloraceae,Passiflora,SPECIES,PRESERVED_SPECIMEN,2003-06-21,2003,-71.5476,18.6545,NA,821cc27a-e3bb-4bc5-ac34-89ada245069d,US,US,22,03,EL CERCADO,072203,874cd6430ffffff
http://n2t.net/ark:/65665/3a553bd21-d4de-4dc3-8f30-8eb6a23402b8,1320940208,Citharexylum discolor,Citharexylum discolor Turcz.,Verbenaceae,Citharexylum,SPECIES,PRESERVED_SPECIMEN,2003-06-19,2003,-71.5572,18.6519,NA,821cc27a-e3bb-4bc5-ac34-89ada245069d,US,US,22,03,EL CERCADO,072203,874cd6430ffffff
http://n2t.net/ark:/65665/3a63354f6-539b-4071-b7fb-d8a0e2d07a66,1320959896,Elaphoglossum latifolium,Elaphoglossum latifolium (Sw.) J.Sm.,Dryopteridaceae,Elaphoglossum,SPECIES,PRESERVED_SPECIMEN,2003-06-19,2003,-71.5572,18.6519,NA,821cc27a-e3bb-4bc5-ac34-89ada245069d,US,US,22,03,EL CERCADO,072203,874cd6430ffffff
http://n2t.net/ark:/65665/3a7cfbe3f-6ef3-4c63-a481-918b4c4157b8,1320996570,Setaria parviflora,Setaria parviflora (Poir.) Kerguélen,Poaceae,Setaria,SPECIES,PRESERVED_SPECIMEN,2003-06-21,2003,-71.5572,18.6519,NA,821cc27a-e3bb-4bc5-ac34-89ada245069d,US,US,22,03,EL CERCADO,072203,874cd6430ffffff
http://n2t.net/ark:/65665/3aa075dde-3813-4aff-a3f4-18d1a3ed33a0,1321046814,Meliosma impressa,Meliosma impressa Krug & Urb.,Sabiaceae,Meliosma,SPECIES,PRESERVED_SPECIMEN,2003-06-20,2003,-71.5572,18.6519,NA,821cc27a-e3bb-4bc5-ac34-89ada245069d,US,US,22,03,EL CERCADO,072203,874cd6430ffffff
http://n2t.net/ark:/65665/3aa1c64d7-69ee-4e4d-957c-bb5308a9d6c7,1321048718,Goniopteris reptans,Goniopteris reptans (J.F.Gmel.) C.Presl,Thelypteridaceae,Goniopteris,SPECIES,PRESERVED_SPECIMEN,2003-06-21,2003,-71.5476,18.6545,NA,821cc27a-e3bb-4bc5-ac34-89ada245069d,US,US,22,03,EL CERCADO,072203,874cd6430ffffff
http://n2t.net/ark:/65665/3ab7be55c-746e-4183-a291-2502198e9b05,1321079777,Exostema parviflorum,Exostema parviflorum A.Rich. ex Humb. & Bonpl.,Rubiaceae,Exostema,SPECIES,PRESERVED_SPECIMEN,2004-11-03,2004,-71.54,18.745,NA,821cc27a-e3bb-4bc5-ac34-89ada245069d,US,US,22,03,EL CERCADO,072203,874cd6515ffffff
http://n2t.net/ark:/65665/3ad5f4e99-8955-44c1-8d28-92a0cfa60ca2,1321123281,Dryopteris wallichiana,Dryopteris wallichiana (Spreng.) Hyl.,Dryopteridaceae,Dryopteris,SPECIES,PRESERVED_SPECIMEN,2003-06-19,2003,-71.5572,18.6519,NA,821cc27a-e3bb-4bc5-ac34-89ada245069d,US,US,22,03,EL CERCADO,072203,874cd6430ffffff
http://n2t.net/ark:/65665/3aef06fa0-3fad-4712-b476-89c7e7e5e8b2,1321158293,Diplazium lherminieri,Diplazium lherminieri Fée,Athyriaceae,Diplazium,SPECIES,PRESERVED_SPECIMEN,2003-06-21,2003,-71.5476,18.6545,NA,821cc27a-e3bb-4bc5-ac34-89ada245069d,US,US,22,03,EL CERCADO,072203,874cd6430ffffff
http://n2t.net/ark:/65665/3afc60aaf-3f35-45d9-a007-a7eec1a2c5e2,1321176991,Cheilanthes Sw.,Cheilanthes Sw.,Pteridaceae,Cheilanthes,GENUS,PRESERVED_SPECIMEN,2004-11-02,2004,-71.55,18.67,NA,821cc27a-e3bb-4bc5-ac34-89ada245069d,US,US,22,03,EL CERCADO,072203,874cd6434ffffff
http://n2t.net/ark:/65665/3b0f5b426-0b1c-4bd0-84cc-345c036ac7f6,1321203758,Aosa plumieri,Aosa plumieri (Urb.) Weigend,Loasaceae,Aosa,SPECIES,PRESERVED_SPECIMEN,2003-06-19,2003,-71.5572,18.6519,NA,821cc27a-e3bb-4bc5-ac34-89ada245069d,US,US,22,03,EL CERCADO,072203,874cd6430ffffff
http://n2t.net/ark:/65665/3b0f5d846-e9d4-4261-9384-c4c6e37d4a48,1321203684,Lyonia Nutt.,Lyonia Nutt.,Ericaceae,Lyonia,GENUS,PRESERVED_SPECIMEN,2004-11-02,2004,-71.55,18.67,NA,821cc27a-e3bb-4bc5-ac34-89ada245069d,US,US,22,03,EL CERCADO,072203,874cd6434ffffff
http://n2t.net/ark:/65665/3b104120c-a960-491b-94a1-370f6fab22e7,1321205004,Pleopeltis leucospora,Pleopeltis × leucospora (Klotzsch) T.Moore,Polypodiaceae,Pleopeltis,SPECIES,PRESERVED_SPECIMEN,2003-06-20,2003,-71.5572,18.6519,NA,821cc27a-e3bb-4bc5-ac34-89ada245069d,US,US,22,03,EL CERCADO,072203,874cd6430ffffff
http://n2t.net/ark:/65665/3b21c2abb-f57f-47a3-a1e1-e5135b57e2fd,1321229858,Isidroa spinifera,Nashia spinifera (Urb.) Moldenke,Verbenaceae,Isidroa,SPECIES,PRESERVED_SPECIMEN,2004-11-01,2004,-71.5572,18.6519,NA,821cc27a-e3bb-4bc5-ac34-89ada245069d,US,US,22,03,EL CERCADO,072203,874cd6430ffffff
http://n2t.net/ark:/65665/3b23b1086-2472-4be0-890b-4df137a6f765,1321232563,Rhytidophyllum grandiflorum,Rhytidophyllum grandiflorum var. nuecense Zanoni & Jiménez Rodr.,Gesneriaceae,Rhytidophyllum,VARIETY,PRESERVED_SPECIMEN,2003-06-19,2003,-71.5572,18.6519,NA,821cc27a-e3bb-4bc5-ac34-89ada245069d,US,US,22,03,EL CERCADO,072203,874cd6430ffffff
http://n2t.net/ark:/65665/3b2a83fc0-2fc6-4754-906b-329a01d3417b,1321242265,Symphyotrichum dumosum,Symphyotrichum dumosum (L.) G.L.Nesom,Asteraceae,Symphyotrichum,SPECIES,PRESERVED_SPECIMEN,2004-11-02,2004,-71.55,18.67,NA,821cc27a-e3bb-4bc5-ac34-89ada245069d,US,US,22,03,EL CERCADO,072203,874cd6434ffffff
http://n2t.net/ark:/65665/3b3444232-f9c9-4a26-be0f-6884b32eac0d,1321256046,Salvia selleana,Salvia selleana Urb.,Lamiaceae,Salvia,SPECIES,PRESERVED_SPECIMEN,2004-11-03,2004,-71.54,18.745,NA,821cc27a-e3bb-4bc5-ac34-89ada245069d,US,US,22,03,EL CERCADO,072203,874cd6515ffffff
http://n2t.net/ark:/65665/3b376bb93-1635-4aad-8613-55834466be21,1321260453,Asplenium monanthes,Asplenium monanthes L.,Aspleniaceae,Asplenium,SPECIES,PRESERVED_SPECIMEN,2004-11-02,2004,-71.55,18.67,NA,821cc27a-e3bb-4bc5-ac34-89ada245069d,US,US,22,03,EL CERCADO,072203,874cd6434ffffff
http://n2t.net/ark:/65665/3b3aca07c-dbea-4a9e-93d0-91856744bbb2,1321265199,Serpocaulon dissimile,Serpocaulon dissimile (L.) A.R.Sm.,Polypodiaceae,Serpocaulon,SPECIES,PRESERVED_SPECIMEN,2003-06-19,2003,-71.5572,18.6519,NA,821cc27a-e3bb-4bc5-ac34-89ada245069d,US,US,22,03,EL CERCADO,072203,874cd6430ffffff
http://n2t.net/ark:/65665/3b500ab29-ae76-4864-97bc-839db81d7910,1321295510,Solanum crotonoides,Solanum crotonoides Lam.,Solanaceae,Solanum,SPECIES,PRESERVED_SPECIMEN,2004-11-02,2004,-71.55,18.67,NA,821cc27a-e3bb-4bc5-ac34-89ada245069d,US,US,22,03,EL CERCADO,072203,874cd6434ffffff
http://n2t.net/ark:/65665/3b56e6dbf-5356-463b-af8d-fb17a2728b5f,1321304773,Baccharis myrsinites,Baccharis myrsinites Pers.,Asteraceae,Baccharis,SPECIES,PRESERVED_SPECIMEN,2003-06-20,2003,-71.5572,18.6519,NA,821cc27a-e3bb-4bc5-ac34-89ada245069d,US,US,22,03,EL CERCADO,072203,874cd6430ffffff
http://n2t.net/ark:/65665/3b82badf8-2ace-4122-bc79-6940ee36e611,1321366483,Daphnopsis crassifolia,Daphnopsis crassifolia (Poir.) Meisn.,Thymelaeaceae,Daphnopsis,SPECIES,PRESERVED_SPECIMEN,2003-06-21,2003,-71.5476,18.6545,NA,821cc27a-e3bb-4bc5-ac34-89ada245069d,US,US,22,03,EL CERCADO,072203,874cd6430ffffff
http://n2t.net/ark:/65665/3ba1edfb2-d3d2-4113-a169-1e7b1ec81fc8,1321410928,Juniperus gracilior var. gracilior,Juniperus gracilior var. gracilior,Cupressaceae,Juniperus,VARIETY,PRESERVED_SPECIMEN,2003-06-19,2003,-71.5572,18.6519,NA,821cc27a-e3bb-4bc5-ac34-89ada245069d,US,US,22,03,EL CERCADO,072203,874cd6430ffffff
http://n2t.net/ark:/65665/3bae29f59-b57c-4f5c-a5c3-f4e0bb958897,1321428383,Trichilia havanensis,Trichilia havanensis Jacq.,Meliaceae,Trichilia,SPECIES,PRESERVED_SPECIMEN,2004-11-03,2004,-71.54,18.745,NA,821cc27a-e3bb-4bc5-ac34-89ada245069d,US,US,22,03,EL CERCADO,072203,874cd6515ffffff
http://n2t.net/ark:/65665/3baecdc23-2bfb-4c21-822b-201fd59ab871,1321429305,Cayaponia domingensis,Cayaponia domingensis (Cogn.) H.Schaef. & M.Née,Cucurbitaceae,Cayaponia,SPECIES,PRESERVED_SPECIMEN,2004-11-01,2004,-71.5572,18.6519,NA,821cc27a-e3bb-4bc5-ac34-89ada245069d,US,US,22,03,EL CERCADO,072203,874cd6430ffffff
http://n2t.net/ark:/65665/3bb07d3fa-985b-4446-b15b-76cca897c9e7,1321431728,Rubus eggersii,Rubus eggersii (Focke) Rydb.,Rosaceae,Rubus,SPECIES,PRESERVED_SPECIMEN,2003-06-21,2003,-71.5476,18.6545,NA,821cc27a-e3bb-4bc5-ac34-89ada245069d,US,US,22,03,EL CERCADO,072203,874cd6430ffffff
http://n2t.net/ark:/65665/3bb63d58e-7ca9-4a25-88c0-3b90d00b848b,1321439895,Ocotea cicatricosa,Ocotea cicatricosa C.K.Allen,Lauraceae,Ocotea,SPECIES,PRESERVED_SPECIMEN,2003-06-21,2003,-71.5476,18.6545,NA,821cc27a-e3bb-4bc5-ac34-89ada245069d,US,US,22,03,EL CERCADO,072203,874cd6430ffffff
http://n2t.net/ark:/65665/3bcc26716-ec75-4a1e-b626-39781d2bb661,1321471125,Lomaridium fragile,Blechnum fragile (Liebm.) C.V.Morton & Lellinger,Blechnaceae,Lomaridium,SPECIES,PRESERVED_SPECIMEN,2003-06-21,2003,-71.5572,18.6519,NA,821cc27a-e3bb-4bc5-ac34-89ada245069d,US,US,22,03,EL CERCADO,072203,874cd6430ffffff
http://n2t.net/ark:/65665/3bcf2e6d6-6954-41d2-b72a-09f19e118663,1321475301,Asplenium myriophyllum,Asplenium myriophyllum (Sw.) C.Presl,Aspleniaceae,Asplenium,SPECIES,PRESERVED_SPECIMEN,2003-06-19,2003,-71.5572,18.6519,NA,821cc27a-e3bb-4bc5-ac34-89ada245069d,US,US,22,03,EL CERCADO,072203,874cd6430ffffff
http://n2t.net/ark:/65665/3bdde17b4-aad0-4c78-8108-5c04a200cd6c,1321496090,Pilea polyclada,Pilea polyclada Urb.,Urticaceae,Pilea,SPECIES,PRESERVED_SPECIMEN,2003-06-20,2003,-71.5572,18.6519,NA,821cc27a-e3bb-4bc5-ac34-89ada245069d,US,US,22,03,EL CERCADO,072203,874cd6430ffffff
http://n2t.net/ark:/65665/3be5a6ad7-1b5e-4981-8dc4-d29bddf7a634,1321507055,Pilea Lindl.,Pilea Lindl.,Urticaceae,Pilea,GENUS,PRESERVED_SPECIMEN,2003-06-19,2003,-71.5572,18.6519,NA,821cc27a-e3bb-4bc5-ac34-89ada245069d,US,US,22,03,EL CERCADO,072203,874cd6430ffffff
http://n2t.net/ark:/65665/3bf841492-0181-4d4d-874d-1f4fb2d3e96f,1321533361,Hypericum diosmoides,Hypericum constanzae Urb.,Hypericaceae,Hypericum,SPECIES,PRESERVED_SPECIMEN,2003-06-20,2003,-71.5572,18.6519,NA,821cc27a-e3bb-4bc5-ac34-89ada245069d,US,US,22,03,EL CERCADO,072203,874cd6430ffffff
http://n2t.net/ark:/65665/3c1d8aa9c-e39c-4534-9e8d-423a643fd516,1321585934,Cynodon dactylon,Cynodon dactylon (L.) Pers.,Poaceae,Cynodon,SPECIES,PRESERVED_SPECIMEN,2003-06-21,2003,-71.5572,18.6519,NA,821cc27a-e3bb-4bc5-ac34-89ada245069d,US,US,22,03,EL CERCADO,072203,874cd6430ffffff
http://n2t.net/ark:/65665/3c202b108-d91e-41a1-b711-2fa5a210e6e4,1321589613,Amauropelta cruciata,Amauropelta sancta (L.) Pic.Serm.,Thelypteridaceae,Amauropelta,SPECIES,PRESERVED_SPECIMEN,2003-06-21,2003,-71.5572,18.6519,NA,821cc27a-e3bb-4bc5-ac34-89ada245069d,US,US,22,03,EL CERCADO,072203,874cd6430ffffff
http://n2t.net/ark:/65665/3c307cac4-7ba4-4df4-87c3-34da1a1aef33,1321612773,Varronia picardae,Varronia picardae (Urb.) Borhidi,Cordiaceae,Varronia,SPECIES,PRESERVED_SPECIMEN,2004-11-02,2004,-71.55,18.67,NA,821cc27a-e3bb-4bc5-ac34-89ada245069d,US,US,22,03,EL CERCADO,072203,874cd6434ffffff
http://n2t.net/ark:/65665/3c349fce5-df3b-4a20-a86d-c85aae01ffe8,1321618689,Elaphoglossum Schott ex J.Sm.,Elaphoglossum Schott ex J.Sm.,Dryopteridaceae,Elaphoglossum,GENUS,PRESERVED_SPECIMEN,2003-06-19,2003,-71.5572,18.6519,NA,821cc27a-e3bb-4bc5-ac34-89ada245069d,US,US,22,03,EL CERCADO,072203,874cd6430ffffff
http://n2t.net/ark:/65665/3c460ab25-2677-4252-b9a7-7b7251ec2f62,1321643152,Bryopsida Ritgen,Bryopsida Ritgen,,,CLASS,PRESERVED_SPECIMEN,2003-06-20,2003,-71.5572,18.6519,NA,821cc27a-e3bb-4bc5-ac34-89ada245069d,US,US,22,03,EL CERCADO,072203,874cd6430ffffff
http://n2t.net/ark:/65665/3c491f2f4-3337-4e69-b283-9b6e2e5e7d07,1321647530,Cyclosorus Link,Cyclosorus Link,Thelypteridaceae,Cyclosorus,GENUS,PRESERVED_SPECIMEN,2003-06-19,2003,-71.5572,18.6519,NA,821cc27a-e3bb-4bc5-ac34-89ada245069d,US,US,22,03,EL CERCADO,072203,874cd6430ffffff
http://n2t.net/ark:/65665/3c6589390-6692-4bf1-b41a-f242f1340666,1321687340,Piqueria trinervia,Piqueria trinervia Cav.,Asteraceae,Piqueria,SPECIES,PRESERVED_SPECIMEN,2003-06-21,2003,-71.5572,18.6519,NA,821cc27a-e3bb-4bc5-ac34-89ada245069d,US,US,22,03,EL CERCADO,072203,874cd6430ffffff
http://n2t.net/ark:/65665/3c81dee66-c309-4641-9d44-1b95a7537f87,1321727104,Amauropelta rheophyta,Amauropelta rheophyta (Proctor) O.Alvarez,Thelypteridaceae,Amauropelta,SPECIES,PRESERVED_SPECIMEN,2003-06-21,2003,-71.5572,18.6519,NA,821cc27a-e3bb-4bc5-ac34-89ada245069d,US,US,22,03,EL CERCADO,072203,874cd6430ffffff
http://n2t.net/ark:/65665/3c84d2251-1498-43a1-8c55-5dfeb7491efa,1321731281,Rubus eggersii,Rubus eggersii (Focke) Rydb.,Rosaceae,Rubus,SPECIES,PRESERVED_SPECIMEN,2003-06-20,2003,-71.5572,18.6519,NA,821cc27a-e3bb-4bc5-ac34-89ada245069d,US,US,22,03,EL CERCADO,072203,874cd6430ffffff
http://n2t.net/ark:/65665/3c90a66e5-fd77-44ad-bcf3-9e389aeae1ef,1321748009,Poa annua,Poa annua L.,Poaceae,Poa,SPECIES,PRESERVED_SPECIMEN,2003-06-21,2003,-71.5476,18.6545,NA,821cc27a-e3bb-4bc5-ac34-89ada245069d,US,US,22,03,EL CERCADO,072203,874cd6430ffffff
http://n2t.net/ark:/65665/3ca9aae4c-dbea-4bab-8599-b254ff446495,1321783099,Hypoxis decumbens,Hypoxis decumbens L.,Hypoxidaceae,Hypoxis,SPECIES,PRESERVED_SPECIMEN,2003-06-20,2003,-71.5572,18.6519,NA,821cc27a-e3bb-4bc5-ac34-89ada245069d,US,US,22,03,EL CERCADO,072203,874cd6430ffffff
http://n2t.net/ark:/65665/3cbb3d9af-3616-4a22-a55d-0a9271bd7c22,2236100116,Passiflora orbiculata,Passiflora orbiculata Cav.,Passifloraceae,Passiflora,SPECIES,MACHINE_OBSERVATION,2003-06-21,2003,-71.5476,18.6545,NA,821cc27a-e3bb-4bc5-ac34-89ada245069d,US,US,22,03,EL CERCADO,072203,874cd6430ffffff
http://n2t.net/ark:/65665/3cc6c6e4e-5b68-4f4a-9497-2abb77016fd2,1321824100,Ocotea athroanthes,Ocotea athroanthes C.K.Allen,Lauraceae,Ocotea,SPECIES,PRESERVED_SPECIMEN,2003-06-21,2003,-71.5572,18.6519,NA,821cc27a-e3bb-4bc5-ac34-89ada245069d,US,US,22,03,EL CERCADO,072203,874cd6430ffffff
http://n2t.net/ark:/65665/3ce39e8c1-9813-4d8e-8671-ab968a22123f,1321864606,Koanophyllon Arruda,Koanophyllon Arruda,Asteraceae,Koanophyllon,GENUS,PRESERVED_SPECIMEN,2004-11-01,2004,-71.5475,18.6519,NA,821cc27a-e3bb-4bc5-ac34-89ada245069d,US,US,22,03,EL CERCADO,072203,874cd6430ffffff
http://n2t.net/ark:/65665/3ce7cb15d-050b-4d7b-b1ac-449b80720e73,1321870517,Duranta L.,Duranta L.,Verbenaceae,Duranta,GENUS,PRESERVED_SPECIMEN,2003-06-21,2003,-71.5476,18.6545,NA,821cc27a-e3bb-4bc5-ac34-89ada245069d,US,US,22,03,EL CERCADO,072203,874cd6430ffffff
http://n2t.net/ark:/65665/3cf9445ac-0318-41e9-85d8-dc2d77cdfecc,1321895294,Pleopeltis squamata,Pleopeltis squamata (L.) J.Sm.,Polypodiaceae,Pleopeltis,SPECIES,PRESERVED_SPECIMEN,2003-06-20,2003,-71.5572,18.6519,NA,821cc27a-e3bb-4bc5-ac34-89ada245069d,US,US,22,03,EL CERCADO,072203,874cd6430ffffff
http://n2t.net/ark:/65665/3d02fe9ec-b3f5-4071-8af9-feebf4c5d7cb,1321908755,Amauropelta concinna,Amauropelta concinna (Willd.) Pic.Serm.,Thelypteridaceae,Amauropelta,SPECIES,PRESERVED_SPECIMEN,2003-06-21,2003,-71.5572,18.6519,NA,821cc27a-e3bb-4bc5-ac34-89ada245069d,US,US,22,03,EL CERCADO,072203,874cd6430ffffff
http://n2t.net/ark:/65665/3d04d03ca-fbcc-4da7-a355-6e071fde8489,1321911532,Ilex macfadyenii,Ilex macfadyenii subsp. macfadyenii,Aquifoliaceae,Ilex,SUBSPECIES,PRESERVED_SPECIMEN,2003-06-21,2003,-71.5476,18.6545,NA,821cc27a-e3bb-4bc5-ac34-89ada245069d,US,US,22,03,EL CERCADO,072203,874cd6430ffffff
http://n2t.net/ark:/65665/3d0b369c9-0738-4fa5-aeb2-7ea29bfaac99,1321920452,Gesneria ekmanii,Gesneria ekmanii Urb.,Gesneriaceae,Gesneria,SPECIES,PRESERVED_SPECIMEN,1967-08-04,1967,-71.5,18.67,NA,821cc27a-e3bb-4bc5-ac34-89ada245069d,US,US,22,03,EL CERCADO,072203,874cd6424ffffff
http://n2t.net/ark:/65665/3d134153c-0412-4d07-bd07-9081b2a686d8,1321931782,Ipomoea furcyensis,Ipomoea furcyensis Urb.,Convolvulaceae,Ipomoea,SPECIES,PRESERVED_SPECIMEN,2004-11-03,2004,-71.54,18.745,NA,821cc27a-e3bb-4bc5-ac34-89ada245069d,US,US,22,03,EL CERCADO,072203,874cd6515ffffff
http://n2t.net/ark:/65665/3d14fd765-34a2-4101-9e68-d13ada2e25c9,1321934102,Pelazoneuron patens,Christella patens (Sw.) Pic.Serm.,Thelypteridaceae,Pelazoneuron,SPECIES,PRESERVED_SPECIMEN,2003-06-19,2003,-71.5572,18.6519,NA,821cc27a-e3bb-4bc5-ac34-89ada245069d,US,US,22,03,EL CERCADO,072203,874cd6430ffffff
http://n2t.net/ark:/65665/3d1b73f35-35f8-4021-a421-649a16349adb,1321943179,Pelazoneuron patens,Thelypteris patens var. scabriuscula (C.Presl) A.R.Sm.,Thelypteridaceae,Pelazoneuron,VARIETY,PRESERVED_SPECIMEN,2003-06-23,2003,-71.5476,18.6545,NA,821cc27a-e3bb-4bc5-ac34-89ada245069d,US,US,22,03,EL CERCADO,072203,874cd6430ffffff
http://n2t.net/ark:/65665/3d276a896-2172-4e66-9156-bab9f526c0bd,1321960035,Chamaecrista glandulosa,Chamaecrista glandulosa var. picardae (Urb.) H.S.Irwin & Barneby,Fabaceae,Chamaecrista,VARIETY,PRESERVED_SPECIMEN,2003-06-19,2003,-71.5572,18.6519,NA,821cc27a-e3bb-4bc5-ac34-89ada245069d,US,US,22,03,EL CERCADO,072203,874cd6430ffffff
http://n2t.net/ark:/65665/3d2b35623-db4b-4464-9af0-ddfb6b01507c,1321965539,Scutellaria havanensis,Scutellaria havanensis Jacq.,Lamiaceae,Scutellaria,SPECIES,PRESERVED_SPECIMEN,2003-06-20,2003,-71.5572,18.6519,NA,821cc27a-e3bb-4bc5-ac34-89ada245069d,US,US,22,03,EL CERCADO,072203,874cd6430ffffff
http://n2t.net/ark:/65665/3d449f075-3575-4909-8219-38444764b5a3,1322000934,Pilea setigera,Pilea setigera Urb.,Urticaceae,Pilea,SPECIES,PRESERVED_SPECIMEN,2003-06-19,2003,-71.5572,18.6519,NA,821cc27a-e3bb-4bc5-ac34-89ada245069d,US,US,22,03,EL CERCADO,072203,874cd6430ffffff
http://n2t.net/ark:/65665/3d464e8fa-acfa-4be1-b7d7-76deff6a398d,1322003242,Frodinia tremula,Schefflera tremula (Krug & Urb.) Alain,Araliaceae,Frodinia,SPECIES,PRESERVED_SPECIMEN,2003-06-21,2003,-71.5572,18.6519,NA,821cc27a-e3bb-4bc5-ac34-89ada245069d,US,US,22,03,EL CERCADO,072203,874cd6430ffffff
http://n2t.net/ark:/65665/3d494b1ce-ba75-400f-98f7-360a58a126bd,1322007350,Asplenium blepharophorum,Asplenium commutatum Mett.,Aspleniaceae,Asplenium,SPECIES,PRESERVED_SPECIMEN,2003-06-19,2003,-71.5572,18.6519,NA,821cc27a-e3bb-4bc5-ac34-89ada245069d,US,US,22,03,EL CERCADO,072203,874cd6430ffffff
http://n2t.net/ark:/65665/3d51d26b3-470f-4d22-acdd-415b5eddb0e7,1322019324,Banara Aubl.,Banara Aubl.,Salicaceae,Banara,GENUS,PRESERVED_SPECIMEN,2003-06-20,2003,-71.5572,18.6519,NA,821cc27a-e3bb-4bc5-ac34-89ada245069d,US,US,22,03,EL CERCADO,072203,874cd6430ffffff
http://n2t.net/ark:/65665/3d5d1208d-d0e9-4aa2-a82d-2b4dc1edd102,1322035303,Morella picardae,Morella picardae (Krug & Urb.) Wilbur,Myricaceae,Morella,SPECIES,PRESERVED_SPECIMEN,2003-06-21,2003,-71.5572,18.6519,NA,821cc27a-e3bb-4bc5-ac34-89ada245069d,US,US,22,03,EL CERCADO,072203,874cd6430ffffff
http://n2t.net/ark:/65665/3d6147bb0-3175-474a-98b4-39a891a887f9,1322041247,Campyloneurum phyllitidis,Campyloneurum phyllitidis (L.) C.Presl,Polypodiaceae,Campyloneurum,SPECIES,PRESERVED_SPECIMEN,2003-06-23,2003,-71.5476,18.6545,NA,821cc27a-e3bb-4bc5-ac34-89ada245069d,US,US,22,03,EL CERCADO,072203,874cd6430ffffff
http://n2t.net/ark:/65665/3d659dd91-8928-45b0-b339-916b2f98d496,1322047441,Lycopodium clavatum,Lycopodium clavatum L.,Lycopodiaceae,Lycopodium,SPECIES,PRESERVED_SPECIMEN,2003-06-20,2003,-71.5572,18.6519,NA,821cc27a-e3bb-4bc5-ac34-89ada245069d,US,US,22,03,EL CERCADO,072203,874cd6430ffffff
http://n2t.net/ark:/65665/3d69461f0-a6f4-4a5d-adf4-1a978d8d4517,1322052667,Amauropelta rheophyta,Amauropelta rheophyta (Proctor) O.Alvarez,Thelypteridaceae,Amauropelta,SPECIES,PRESERVED_SPECIMEN,2003-06-21,2003,-71.5572,18.6519,NA,821cc27a-e3bb-4bc5-ac34-89ada245069d,US,US,22,03,EL CERCADO,072203,874cd6430ffffff
http://n2t.net/ark:/65665/3d717a21f-a399-4efc-9ea4-975dc944b290,1322064234,Ilex fuertensiana,Ilex fuertesiana Loes.,Aquifoliaceae,Ilex,SPECIES,PRESERVED_SPECIMEN,2003-06-19,2003,-71.5572,18.6519,NA,821cc27a-e3bb-4bc5-ac34-89ada245069d,US,US,22,03,EL CERCADO,072203,874cd6430ffffff
http://n2t.net/ark:/65665/3d81013a2-3475-4609-8ad5-0604b928c9e0,1322086230,Hypericum dichotomum,Hypericum dichotomum Lam.,Hypericaceae,Hypericum,SPECIES,PRESERVED_SPECIMEN,2003-06-20,2003,-71.5572,18.6519,NA,821cc27a-e3bb-4bc5-ac34-89ada245069d,US,US,22,03,EL CERCADO,072203,874cd6430ffffff
http://n2t.net/ark:/65665/3d9a68988-73b7-4ac4-97a1-714c78434ed1,1322122366,Hypolepis tenerrima,Hypolepis tenerrima Maxon,Dennstaedtiaceae,Hypolepis,SPECIES,PRESERVED_SPECIMEN,2003-06-19,2003,-71.5572,18.6519,NA,821cc27a-e3bb-4bc5-ac34-89ada245069d,US,US,22,03,EL CERCADO,072203,874cd6430ffffff
http://n2t.net/ark:/65665/3d9f2c36f-d4ea-4ae1-b650-0204c1fbfdca,1322128980,Eleocharis exigua,Eleocharis radicans (A.Dietr.) Kunth,Cyperaceae,Eleocharis,SPECIES,PRESERVED_SPECIMEN,2003-06-19,2003,-71.5572,18.6519,NA,821cc27a-e3bb-4bc5-ac34-89ada245069d,US,US,22,03,EL CERCADO,072203,874cd6430ffffff
http://n2t.net/ark:/65665/3db1cca33-9ef6-498a-bb7a-39ada04cfd8e,1322155350,Hieracium gronovii,Hieracium gronovii L.,Asteraceae,Hieracium,SPECIES,PRESERVED_SPECIMEN,2003-06-19,2003,-71.5572,18.6519,NA,821cc27a-e3bb-4bc5-ac34-89ada245069d,US,US,22,03,EL CERCADO,072203,874cd6430ffffff
http://n2t.net/ark:/65665/3dba07320-7eee-46e1-8c49-daefd22857b6,1322166968,Triodanis perfoliata,Triodanis perfoliata (L.) Nieuwl.,Campanulaceae,Triodanis,SPECIES,PRESERVED_SPECIMEN,2003-06-19,2003,-71.5572,18.6519,NA,821cc27a-e3bb-4bc5-ac34-89ada245069d,US,US,22,03,EL CERCADO,072203,874cd6430ffffff
http://n2t.net/ark:/65665/3dced16e0-2121-4877-891e-0f38e047a3b7,1322196637,Lobelia robusta,Lobelia assurgens var. portoricensis (A.DC.) Urb.,Campanulaceae,Lobelia,VARIETY,PRESERVED_SPECIMEN,2003-06-19,2003,-71.5572,18.6519,NA,821cc27a-e3bb-4bc5-ac34-89ada245069d,US,US,22,03,EL CERCADO,072203,874cd6430ffffff
http://n2t.net/ark:/65665/3dcf783e4-42e0-4ab4-ab92-b0c33ced5ec1,1322197605,Maytenus Molina,Maytenus Molina,Celastraceae,Maytenus,GENUS,PRESERVED_SPECIMEN,2004-11-02,2004,-71.55,18.67,NA,821cc27a-e3bb-4bc5-ac34-89ada245069d,US,US,22,03,EL CERCADO,072203,874cd6434ffffff
http://n2t.net/ark:/65665/3dd224dcf-42b2-46e0-9a27-bf50a4359448,1322201466,Cestrum sphaerocarpum,Cestrum sphaerocarpum O.E.Schulz,Solanaceae,Cestrum,SPECIES,PRESERVED_SPECIMEN,2003-06-20,2003,-71.5572,18.6519,NA,821cc27a-e3bb-4bc5-ac34-89ada245069d,US,US,22,03,EL CERCADO,072203,874cd6430ffffff
http://n2t.net/ark:/65665/3de49dcda-1e03-4378-aba0-5b5fda29cdba,1322227415,Dendropemon parvifolius,Dendropemon parvifolius (Sw.) Steud.,Loranthaceae,Dendropemon,SPECIES,PRESERVED_SPECIMEN,2004-11-03,2004,-71.54,18.745,NA,821cc27a-e3bb-4bc5-ac34-89ada245069d,US,US,22,03,EL CERCADO,072203,874cd6515ffffff
http://n2t.net/ark:/65665/3dec788ef-d4ce-421e-a39d-5f8eb90c886d,1322238549,Mitracarpus brachystigma,Mitracarpus brachystigma Urb.,Rubiaceae,Mitracarpus,SPECIES,PRESERVED_SPECIMEN,2004-11-02,2004,-71.55,18.67,NA,821cc27a-e3bb-4bc5-ac34-89ada245069d,US,US,22,03,EL CERCADO,072203,874cd6434ffffff
http://n2t.net/ark:/65665/3deee91bd-6576-4bf7-845f-9cd35332de6c,2236134780,Bomarea obovata,Bomarea obovata Herb.,Alstroemeriaceae,Bomarea,SPECIES,PRESERVED_SPECIMEN,,NA,-71.55,18.67,NA,821cc27a-e3bb-4bc5-ac34-89ada245069d,US,US,22,03,EL CERCADO,072203,874cd6434ffffff
http://n2t.net/ark:/65665/3df78fa84-3096-41c8-a7f6-b3bd84254d31,1322254152,Odontosoria aculeata,Odontosoria aculeata (L.) J.Sm.,Lindsaeaceae,Odontosoria,SPECIES,PRESERVED_SPECIMEN,2003-06-21,2003,-71.5476,18.6545,NA,821cc27a-e3bb-4bc5-ac34-89ada245069d,US,US,22,03,EL CERCADO,072203,874cd6430ffffff
http://n2t.net/ark:/65665/3dfd2aafd-4613-44d0-9007-cc19927b9209,1322262108,Clematis flammulastrum,Clematis flammulastrum var. fuertesii (Urb.) W.T.Wang,Ranunculaceae,Clematis,VARIETY,PRESERVED_SPECIMEN,2004-11-02,2004,-71.55,18.67,NA,821cc27a-e3bb-4bc5-ac34-89ada245069d,US,US,22,03,EL CERCADO,072203,874cd6434ffffff
http://n2t.net/ark:/65665/3dfea33f5-e4bb-4a8f-82ee-d6ea59ed1c3d,1322264215,Botrypus virginianus,Botrychium virginianum (L.) Sw.,Ophioglossaceae,Botrypus,SPECIES,PRESERVED_SPECIMEN,2003-06-19,2003,-71.5572,18.6519,NA,821cc27a-e3bb-4bc5-ac34-89ada245069d,US,US,22,03,EL CERCADO,072203,874cd6430ffffff
http://n2t.net/ark:/65665/3e003a8b6-d871-482f-a08b-a6d643b6b314,1322266397,Pimenta racemosa,Pimenta racemosa var. hispaniolensis (Urb.) Landrum,Myrtaceae,Pimenta,VARIETY,PRESERVED_SPECIMEN,2004-11-02,2004,-71.55,18.67,NA,821cc27a-e3bb-4bc5-ac34-89ada245069d,US,US,22,03,EL CERCADO,072203,874cd6434ffffff
http://n2t.net/ark:/65665/3e01423b5-e1e7-4210-83f4-cf9ddbdea8af,1322267843,Amauropelta oligocarpa,Amauropelta oligocarpa (Humb. & Bonpl. ex Willd.) Pic.Serm.,Thelypteridaceae,Amauropelta,SPECIES,PRESERVED_SPECIMEN,2003-06-19,2003,-71.5572,18.6519,NA,821cc27a-e3bb-4bc5-ac34-89ada245069d,US,US,22,03,EL CERCADO,072203,874cd6430ffffff
http://n2t.net/ark:/65665/3e0413a91-743d-459c-ac71-a3b2ba577087,1322271665,Daucus carota,Daucus carota L.,Apiaceae,Daucus,SPECIES,PRESERVED_SPECIMEN,2003-06-20,2003,-71.5572,18.6519,NA,821cc27a-e3bb-4bc5-ac34-89ada245069d,US,US,22,03,EL CERCADO,072203,874cd6430ffffff
http://n2t.net/ark:/65665/3e0a6abf5-ced3-4c17-bfba-24a98a336e77,1322280551,Bulbostylis subaphylla,Bulbostylis subaphylla C.B.Clarke,Cyperaceae,Bulbostylis,SPECIES,PRESERVED_SPECIMEN,2003-06-20,2003,-71.5572,18.6519,NA,821cc27a-e3bb-4bc5-ac34-89ada245069d,US,US,22,03,EL CERCADO,072203,874cd6430ffffff
http://n2t.net/ark:/65665/3e0e60304-dd79-4ac3-ab80-f4eb0a793297,2625827953,Werauhia gibba,Werauhia gibba (L.B.Sm.) J.R.Grant,Bromeliaceae,Werauhia,SPECIES,PRESERVED_SPECIMEN,2003-06-21,2003,-71.5572,18.6519,NA,821cc27a-e3bb-4bc5-ac34-89ada245069d,US,US,22,03,EL CERCADO,072203,874cd6430ffffff
http://n2t.net/ark:/65665/3e3c87c89-8aa6-488a-9bb1-30632101c996,1322351627,Coccoloba picardae,Coccoloba picardae Urb.,Polygonaceae,Coccoloba,SPECIES,PRESERVED_SPECIMEN,2003-06-21,2003,-71.5572,18.6519,NA,821cc27a-e3bb-4bc5-ac34-89ada245069d,US,US,22,03,EL CERCADO,072203,874cd6430ffffff
http://n2t.net/ark:/65665/3e49c2f83-ca74-4181-837f-b1a8a84c1d0f,1322370366,Ilex macfadyenii,Ilex macfadyenii (Walp.) Rehder,Aquifoliaceae,Ilex,SPECIES,PRESERVED_SPECIMEN,2004-11-02,2004,-71.55,18.67,NA,821cc27a-e3bb-4bc5-ac34-89ada245069d,US,US,22,03,EL CERCADO,072203,874cd6434ffffff
http://n2t.net/ark:/65665/3e9d8b4cd-b95f-4ae0-99c3-44f0f3301341,1322488911,Dendropemon picardae,Dendropemon picardae Krug & Urb.,Loranthaceae,Dendropemon,SPECIES,PRESERVED_SPECIMEN,2003-06-20,2003,-71.5572,18.6519,NA,821cc27a-e3bb-4bc5-ac34-89ada245069d,US,US,22,03,EL CERCADO,072203,874cd6430ffffff
http://n2t.net/ark:/65665/3ea23839a-562a-4f08-8ca3-18b3b1764572,1322495472,Geranium rotundifolium,Geranium rotundifolium L.,Geraniaceae,Geranium,SPECIES,PRESERVED_SPECIMEN,2004-11-01,2004,-71.5475,18.6519,NA,821cc27a-e3bb-4bc5-ac34-89ada245069d,US,US,22,03,EL CERCADO,072203,874cd6430ffffff
http://n2t.net/ark:/65665/3eb7d20c2-a0fd-4786-85cc-caca46d69381,1322525965,Ilex fuertensiana,Ilex fuertesiana Loes.,Aquifoliaceae,Ilex,SPECIES,PRESERVED_SPECIMEN,2004-11-01,2004,-71.5572,18.6519,NA,821cc27a-e3bb-4bc5-ac34-89ada245069d,US,US,22,03,EL CERCADO,072203,874cd6430ffffff
http://n2t.net/ark:/65665/3eca30729-04ef-4026-a587-ea0b05101a14,1322551937,Coccoloba picardae,Coccoloba picardae Urb.,Polygonaceae,Coccoloba,SPECIES,PRESERVED_SPECIMEN,2004-11-02,2004,-71.55,18.67,NA,821cc27a-e3bb-4bc5-ac34-89ada245069d,US,US,22,03,EL CERCADO,072203,874cd6434ffffff
http://n2t.net/ark:/65665/3ed8725ec-0acb-4494-bd42-74b939b13372,1322571977,Mitracarpus decumbens,Mitracarpus decumbens Urb.,Rubiaceae,Mitracarpus,SPECIES,PRESERVED_SPECIMEN,2003-06-21,2003,-71.5572,18.6519,NA,821cc27a-e3bb-4bc5-ac34-89ada245069d,US,US,22,03,EL CERCADO,072203,874cd6430ffffff
http://n2t.net/ark:/65665/3ee1b9e2a-087f-4ae6-9f6a-d0638d7ca490,1322585347,Ilex macfadyenii,Ilex macfadyenii subsp. macfadyenii,Aquifoliaceae,Ilex,SUBSPECIES,PRESERVED_SPECIMEN,2003-06-21,2003,-71.5476,18.6545,NA,821cc27a-e3bb-4bc5-ac34-89ada245069d,US,US,22,03,EL CERCADO,072203,874cd6430ffffff
http://n2t.net/ark:/65665/3ef1ec483-e947-42cc-9418-f8022edc3568,1322608323,Salvia tenella,Salvia tenella Sw.,Lamiaceae,Salvia,SPECIES,PRESERVED_SPECIMEN,2003-06-19,2003,-71.5572,18.6519,NA,821cc27a-e3bb-4bc5-ac34-89ada245069d,US,US,22,03,EL CERCADO,072203,874cd6430ffffff
http://n2t.net/ark:/65665/3ef6aff77-c9fc-4cb7-9d0b-a0823f0c0768,1322614946,Galium pilosum,Galium pilosum Aiton,Rubiaceae,Galium,SPECIES,PRESERVED_SPECIMEN,2004-11-02,2004,-71.55,18.67,NA,821cc27a-e3bb-4bc5-ac34-89ada245069d,US,US,22,03,EL CERCADO,072203,874cd6434ffffff
http://n2t.net/ark:/65665/3f0473950-e351-4ca7-9a5d-5df6e1a4467c,1322633986,Dendropemon picardae,Dendropemon picardae Krug & Urb.,Loranthaceae,Dendropemon,SPECIES,PRESERVED_SPECIMEN,2003-06-20,2003,-71.5572,18.6519,NA,821cc27a-e3bb-4bc5-ac34-89ada245069d,US,US,22,03,EL CERCADO,072203,874cd6430ffffff
http://n2t.net/ark:/65665/3f0c658e9-0b1f-4b8a-a38b-74cf9dace19d,1322645209,Dioscorea cordata,Dioscorea cordata (L.) Raz,Dioscoreaceae,Dioscorea,SPECIES,PRESERVED_SPECIMEN,2003-06-21,2003,-71.5476,18.6545,NA,821cc27a-e3bb-4bc5-ac34-89ada245069d,US,US,22,03,EL CERCADO,072203,874cd6430ffffff
http://n2t.net/ark:/65665/3f0f22d04-2664-4db7-8c7d-2b61095a781f,1322649080,Symphyotrichum dumosum,Symphyotrichum dumosum (L.) G.L.Nesom,Asteraceae,Symphyotrichum,SPECIES,PRESERVED_SPECIMEN,2003-06-19,2003,-71.5572,18.6519,NA,821cc27a-e3bb-4bc5-ac34-89ada245069d,US,US,22,03,EL CERCADO,072203,874cd6430ffffff
http://n2t.net/ark:/65665/3f1e66a8f-98c2-429d-8530-e8c5476fb83e,1322670632,Fuchsia triphylla,Fuchsia triphylla L.,Onagraceae,Fuchsia,SPECIES,PRESERVED_SPECIMEN,2003-06-19,2003,-71.5572,18.6519,NA,821cc27a-e3bb-4bc5-ac34-89ada245069d,US,US,22,03,EL CERCADO,072203,874cd6430ffffff
http://n2t.net/ark:/65665/3f205edf0-d4e8-4bed-ba95-76da194f8823,1322673394,Amauropelta oligocarpa,Amauropelta navarrensis (Christ) Pic.Serm.,Thelypteridaceae,Amauropelta,SPECIES,PRESERVED_SPECIMEN,2003-06-23,2003,-71.5476,18.6545,NA,821cc27a-e3bb-4bc5-ac34-89ada245069d,US,US,22,03,EL CERCADO,072203,874cd6430ffffff
http://n2t.net/ark:/65665/3f2a76198-c0d8-4dce-8f4a-0fad084f27c6,1322687615,Elaphoglossum glabellum,Elaphoglossum glabellum J.Sm.,Dryopteridaceae,Elaphoglossum,SPECIES,PRESERVED_SPECIMEN,2003-06-19,2003,-71.5572,18.6519,NA,821cc27a-e3bb-4bc5-ac34-89ada245069d,US,US,22,03,EL CERCADO,072203,874cd6430ffffff
http://n2t.net/ark:/65665/3f413db38-82c5-448a-aa15-6a01832182c1,1322719700,Bryopsida Ritgen,Bryopsida Ritgen,,,CLASS,PRESERVED_SPECIMEN,2003-06-20,2003,-71.5572,18.6519,NA,821cc27a-e3bb-4bc5-ac34-89ada245069d,US,US,22,03,EL CERCADO,072203,874cd6430ffffff
http://n2t.net/ark:/65665/3f478ed75-7134-46a6-88f8-fb5953346e19,1322728599,Dysphania ambrosioides,Chenopodium ambrosioides L.,Amaranthaceae,Dysphania,SPECIES,PRESERVED_SPECIMEN,2003-06-21,2003,-71.5572,18.6519,NA,821cc27a-e3bb-4bc5-ac34-89ada245069d,US,US,22,03,EL CERCADO,072203,874cd6430ffffff
http://n2t.net/ark:/65665/3f4f49736-800a-46f4-8f1a-08840bf2515a,1322739419,Osmundastrum cinnamomeum,Osmundastrum cinnamomeum (L.) C.Presl,Osmundaceae,Osmundastrum,SPECIES,PRESERVED_SPECIMEN,2004-11-01,2004,-71.5572,18.6519,NA,821cc27a-e3bb-4bc5-ac34-89ada245069d,US,US,22,03,EL CERCADO,072203,874cd6430ffffff
http://n2t.net/ark:/65665/3f5124596-0caf-4650-bc8b-c9c3cfdea069,1322742015,Ocotea Aubl.,Ocotea Aubl.,Lauraceae,Ocotea,GENUS,PRESERVED_SPECIMEN,2004-11-02,2004,-71.55,18.67,NA,821cc27a-e3bb-4bc5-ac34-89ada245069d,US,US,22,03,EL CERCADO,072203,874cd6434ffffff
http://n2t.net/ark:/65665/3f86717fb-475e-4df1-a7b1-5980a6a5f316,2625829040,Catopsis Griseb.,Catopsis Griseb.,Bromeliaceae,Catopsis,GENUS,PRESERVED_SPECIMEN,2003-06-19,2003,-71.5572,18.6519,NA,821cc27a-e3bb-4bc5-ac34-89ada245069d,US,US,22,03,EL CERCADO,072203,874cd6430ffffff
http://n2t.net/ark:/65665/3f907f339-d0d4-4b19-b15f-63613c0c26ea,1322831159,Cyperus picardae,Cyperus picardae Boeckeler,Cyperaceae,Cyperus,SPECIES,PRESERVED_SPECIMEN,2003-06-19,2003,-71.5572,18.6519,NA,821cc27a-e3bb-4bc5-ac34-89ada245069d,US,US,22,03,EL CERCADO,072203,874cd6430ffffff
http://n2t.net/ark:/65665/3f956e72b-9b31-4921-bc65-8829db8cb07f,1322838116,Asplenium alatum,Asplenium alatum Humb. & Bonpl. ex Willd.,Aspleniaceae,Asplenium,SPECIES,PRESERVED_SPECIMEN,2003-06-19,2003,-71.5572,18.6519,NA,821cc27a-e3bb-4bc5-ac34-89ada245069d,US,US,22,03,EL CERCADO,072203,874cd6430ffffff
http://n2t.net/ark:/65665/3f9811770-4468-4281-83f5-6af9bbba337e,1322841720,Cestrum inclusum,Cestrum inclusum Urb.,Solanaceae,Cestrum,SPECIES,PRESERVED_SPECIMEN,2004-11-01,2004,-71.5572,18.6519,NA,821cc27a-e3bb-4bc5-ac34-89ada245069d,US,US,22,03,EL CERCADO,072203,874cd6430ffffff
http://n2t.net/ark:/65665/3f9ad6a08-de30-4083-9683-032cd360d850,1322845624,Callisia monandra,Callisia monandra (Sw.) Schult. & Schult.f.,Commelinaceae,Callisia,SPECIES,PRESERVED_SPECIMEN,2003-06-23,2003,-71.5476,18.6545,NA,821cc27a-e3bb-4bc5-ac34-89ada245069d,US,US,22,03,EL CERCADO,072203,874cd6430ffffff
http://n2t.net/ark:/65665/3fab76b25-616d-4400-8ce8-5f351ba699dc,1322869197,Peperomia eggersii,Peperomia eggersii C.DC.,Piperaceae,Peperomia,SPECIES,PRESERVED_SPECIMEN,2003-06-19,2003,-71.5572,18.6519,NA,821cc27a-e3bb-4bc5-ac34-89ada245069d,US,US,22,03,EL CERCADO,072203,874cd6430ffffff
http://n2t.net/ark:/65665/3fad7c419-92b6-4379-80e3-6f030391ddf2,1322872058,Paspalum urbanianum,Paspalum urbanianum Ekman,Poaceae,Paspalum,SPECIES,PRESERVED_SPECIMEN,2004-11-01,2004,-71.5475,18.6519,NA,821cc27a-e3bb-4bc5-ac34-89ada245069d,US,US,22,03,EL CERCADO,072203,874cd6430ffffff
http://n2t.net/ark:/65665/3fadddc6c-9a69-4cdf-8ed6-281ee3df9518,1322872633,Clematis dioica,Clematis dioica L.,Ranunculaceae,Clematis,SPECIES,PRESERVED_SPECIMEN,2004-11-03,2004,-71.54,18.745,NA,821cc27a-e3bb-4bc5-ac34-89ada245069d,US,US,22,03,EL CERCADO,072203,874cd6515ffffff
http://n2t.net/ark:/65665/3fc3982ba-1019-4663-bc71-351ca19e093b,1322903274,Scrophularia minutiflora,Scrophularia minutiflora Pennell,Scrophulariaceae,Scrophularia,SPECIES,PRESERVED_SPECIMEN,2003-06-20,2003,-71.5572,18.6519,NA,821cc27a-e3bb-4bc5-ac34-89ada245069d,US,US,22,03,EL CERCADO,072203,874cd6430ffffff
http://n2t.net/ark:/65665/3fccc2adf-eff3-44f3-a999-5ff4cf554147,1322916310,Asplenium blepharophorum,Asplenium commutatum Mett.,Aspleniaceae,Asplenium,SPECIES,PRESERVED_SPECIMEN,2003-06-21,2003,-71.5476,18.6545,NA,821cc27a-e3bb-4bc5-ac34-89ada245069d,US,US,22,03,EL CERCADO,072203,874cd6430ffffff
http://n2t.net/ark:/65665/3feacde85-616b-41e5-9b90-4105b470bba8,1322958715,Sinosenecio trinervius,Sinosenecio trinervius (C.C.Chang) B.Nord.,Asteraceae,Sinosenecio,SPECIES,PRESERVED_SPECIMEN,2003-06-21,2003,-71.5476,18.6545,NA,821cc27a-e3bb-4bc5-ac34-89ada245069d,US,US,22,03,EL CERCADO,072203,874cd6430ffffff
http://n2t.net/ark:/65665/3fedddcad-6bd5-49fb-bef8-e7c16b2f6bae,1322962881,Rumex crispus,Rumex crispus L.,Polygonaceae,Rumex,SPECIES,PRESERVED_SPECIMEN,2003-06-19,2003,-71.5572,18.6519,NA,821cc27a-e3bb-4bc5-ac34-89ada245069d,US,US,22,03,EL CERCADO,072203,874cd6430ffffff
http://n2t.net/ark:/65665/3ffef377f-a101-4e18-9d22-4467fef076ea,1322987109,Polystichum Roth,Polystichum Roth,Dryopteridaceae,Polystichum,GENUS,PRESERVED_SPECIMEN,2003-06-21,2003,-71.5476,18.6545,NA,821cc27a-e3bb-4bc5-ac34-89ada245069d,US,US,22,03,EL CERCADO,072203,874cd6430ffffff
http://specimens.kew.org/herbarium/K000330945,912286348,Myrcia barkeri,Calyptranthes barkeri Ekman & Urb.,Myrtaceae,Myrcia,SPECIES,PRESERVED_SPECIMEN,1929-08-19T00:00,1929,-71.5,18.666667,NA,cd6e21c8-9e8a-493a-8a76-fbf7862069e5,K,Herbarium,22,03,EL CERCADO,072203,874cd6420ffffff
http://specimens.kew.org/herbarium/K001171623,1098892902,Solanum pyrifolium,Solanum pyrifolium Lam.,Solanaceae,Solanum,SPECIES,PRESERVED_SPECIMEN,2003-06-21T00:00,2003,-71.557222,18.651944,NA,cd6e21c8-9e8a-493a-8a76-fbf7862069e5,K,Herbarium,22,03,EL CERCADO,072203,874cd6430ffffff
http://specimens.kew.org/herbarium/K001382188,4519421097,Alsophila R.Br.,Alsophila R.Br.,Cyatheaceae,Alsophila,GENUS,PRESERVED_SPECIMEN,2003-06-21T00:00,2003,-71.557222,18.651944,NA,cd6e21c8-9e8a-493a-8a76-fbf7862069e5,K,Herbarium,22,03,EL CERCADO,072203,874cd6430ffffff
http://specimens.kew.org/herbarium/K002171229,4535530653,Agave L.,Agave L.,Asparagaceae,Agave,GENUS,PRESERVED_SPECIMEN,2003-06-21T00:00,2003,-71.5476,18.6545,NA,cd6e21c8-9e8a-493a-8a76-fbf7862069e5,K,Herbarium,22,03,EL CERCADO,072203,874cd6430ffffff
http://specimens.kew.org/herbarium/K003000024,4945325348,Chamaecrista (L.) Moench,Chamaecrista (L.) Moench,Fabaceae,Chamaecrista,GENUS,PRESERVED_SPECIMEN,2003-06-23T00:00,2003,-71.5476,18.6545,NA,cd6e21c8-9e8a-493a-8a76-fbf7862069e5,K,Herbarium,22,03,EL CERCADO,072203,874cd6430ffffff
http://specimens.kew.org/herbarium/K003568395,5145883838,Persea krugii,Persea krugii Mez,Lauraceae,Persea,SPECIES,PRESERVED_SPECIMEN,2003-06-20T00:00,2003,-71.557222,18.651945,NA,cd6e21c8-9e8a-493a-8a76-fbf7862069e5,K,Herbarium,22,03,EL CERCADO,072203,874cd6430ffffff
http://specimens.kew.org/herbarium/K003575279,5166317458,Meliosma impressa,Meliosma impressa Krug & Urb.,Sabiaceae,Meliosma,SPECIES,PRESERVED_SPECIMEN,2003-06-20T00:00,2003,-71.557222,18.651945,NA,cd6e21c8-9e8a-493a-8a76-fbf7862069e5,K,Herbarium,22,03,EL CERCADO,072203,874cd6430ffffff
http://specimens.kew.org/herbarium/K003634308,4952017599,Phenax sonneratii,Phenax sonneratii (Poir.) Wedd.,Urticaceae,Phenax,SPECIES,PRESERVED_SPECIMEN,2003-06-19T00:00,2003,-71.557222,18.651945,NA,cd6e21c8-9e8a-493a-8a76-fbf7862069e5,K,Herbarium,22,03,EL CERCADO,072203,874cd6430ffffff
http://specimens.kew.org/herbarium/K004214768,4876606587,Cayaponia racemosa,Cayaponia racemosa (Mill.) Cogn.,Cucurbitaceae,Cayaponia,SPECIES,PRESERVED_SPECIMEN,2003-06-19T00:00,2003,-71.557222,18.651945,NA,cd6e21c8-9e8a-493a-8a76-fbf7862069e5,K,Herbarium,22,03,EL CERCADO,072203,874cd6430ffffff
http://specimens.kew.org/herbarium/K004347772,5085132135,Penelopeia suburceolata,Penelopeia suburceolata (Cogn.) Urb.,Cucurbitaceae,Penelopeia,SPECIES,PRESERVED_SPECIMEN,2003-06-19T00:00,2003,-71.557222,18.651945,NA,cd6e21c8-9e8a-493a-8a76-fbf7862069e5,K,Herbarium,22,03,EL CERCADO,072203,874cd6430ffffff
http://specimens.kew.org/herbarium/K004452291,5159796675,Peperomia acuminata,Peperomia acuminata Ruiz & Pav.,Piperaceae,Peperomia,SPECIES,PRESERVED_SPECIMEN,2003-06-19T00:00,2003,-71.557222,18.651945,NA,cd6e21c8-9e8a-493a-8a76-fbf7862069e5,K,Herbarium,22,03,EL CERCADO,072203,874cd6430ffffff
http://specimens.kew.org/herbarium/K004524269,5836632509,Phoradendron Nutt.,Phoradendron Nutt.,Viscaceae,Phoradendron,GENUS,PRESERVED_SPECIMEN,2003-06-21T00:00,2003,-71.5476,18.6545,NA,cd6e21c8-9e8a-493a-8a76-fbf7862069e5,K,Herbarium,22,03,EL CERCADO,072203,874cd6430ffffff
http://specimens.kew.org/herbarium/K004867474,5028728254,Duranta L.,Duranta L.,Verbenaceae,Duranta,GENUS,PRESERVED_SPECIMEN,2003-06-21T00:00,2003,-71.5476,18.6545,NA,cd6e21c8-9e8a-493a-8a76-fbf7862069e5,K,Herbarium,22,03,EL CERCADO,072203,874cd6430ffffff
http://specimens.kew.org/herbarium/K004981565,5159802811,Scolosanthus selleanus,Scolosanthus selleanus Urb. & Ekman,Rubiaceae,Scolosanthus,SPECIES,PRESERVED_SPECIMEN,2003-06-20T00:00,2003,-71.557222,18.651945,NA,cd6e21c8-9e8a-493a-8a76-fbf7862069e5,K,Herbarium,22,03,EL CERCADO,072203,874cd6430ffffff
http://specimens.kew.org/herbarium/K005038156,4958567278,Passiflora orbiculata,Passiflora orbiculata Cav.,Passifloraceae,Passiflora,SPECIES,PRESERVED_SPECIMEN,2003-06-21T00:00,2003,-71.5476,18.6545,NA,cd6e21c8-9e8a-493a-8a76-fbf7862069e5,K,Herbarium,22,03,EL CERCADO,072203,874cd6430ffffff
http://specimens.kew.org/herbarium/K005120669,5213332343,Alsophila jimeneziana,Alsophila jimeneziana D.S.Conant,Cyatheaceae,Alsophila,SPECIES,PRESERVED_SPECIMEN,2003-06-23T00:00,2003,-71.5476,18.6545,NA,cd6e21c8-9e8a-493a-8a76-fbf7862069e5,K,Herbarium,22,03,EL CERCADO,072203,874cd6430ffffff
http://specimens.kew.org/herbarium/K005735158,5138428625,Podocarpus matudae,Podocarpus matudae Lundell,Podocarpaceae,Podocarpus,SPECIES,PRESERVED_SPECIMEN,2003-06-21T00:00,2003,-71.5476,18.6545,NA,cd6e21c8-9e8a-493a-8a76-fbf7862069e5,K,Herbarium,22,03,EL CERCADO,072203,874cd6430ffffff
http://specimens.kew.org/herbarium/K005992508,5839120293,Orthosia scoparia,Orthosia scoparia (Nutt.) Liede & Meve,Apocynaceae,Orthosia,SPECIES,PRESERVED_SPECIMEN,2003-06-20T00:00,2003,-71.557222,18.651945,NA,cd6e21c8-9e8a-493a-8a76-fbf7862069e5,K,Herbarium,22,03,EL CERCADO,072203,874cd6430ffffff
http://specimens.kew.org/herbarium/K006159444,5051843396,Rhytidophyllum grandiflorum,Rhytidophyllum grandiflorum Z.R.Xu & L.E.Skog ex Zanoni & Jiménez Rodr.,Gesneriaceae,Rhytidophyllum,SPECIES,PRESERVED_SPECIMEN,2003-06-19T00:00,2003,-71.557222,18.651945,NA,cd6e21c8-9e8a-493a-8a76-fbf7862069e5,K,Herbarium,22,03,EL CERCADO,072203,874cd6430ffffff
http://specimens.kew.org/herbarium/K006465672,5166284202,Myriopteris lendigera,Cheilanthes lendigera (Cav.) Sw.,Pteridaceae,Myriopteris,SPECIES,PRESERVED_SPECIMEN,2003-06-21T00:00,2003,-71.5476,18.6545,NA,cd6e21c8-9e8a-493a-8a76-fbf7862069e5,K,Herbarium,22,03,EL CERCADO,072203,874cd6430ffffff
http://specimens.kew.org/herbarium/K006484947,5208548489,Cyathea Sm.,Cyathea Sm.,Cyatheaceae,Cyathea,GENUS,PRESERVED_SPECIMEN,2003-06-21T00:00,2003,-71.557222,18.651945,NA,cd6e21c8-9e8a-493a-8a76-fbf7862069e5,K,Herbarium,22,03,EL CERCADO,072203,874cd6430ffffff
http://specimens.kew.org/herbarium/K006484948,5208511496,Cyathea Sm.,Cyathea Sm.,Cyatheaceae,Cyathea,GENUS,PRESERVED_SPECIMEN,2003-06-21T00:00,2003,-71.557222,18.651945,NA,cd6e21c8-9e8a-493a-8a76-fbf7862069e5,K,Herbarium,22,03,EL CERCADO,072203,874cd6430ffffff
http://specimens.kew.org/herbarium/K006489411,5228659471,Serpocaulon loriceum,Polypodium loriceum L.,Polypodiaceae,Serpocaulon,SPECIES,PRESERVED_SPECIMEN,2003-06-19T00:00,2003,-71.557222,18.651945,NA,cd6e21c8-9e8a-493a-8a76-fbf7862069e5,K,Herbarium,22,03,EL CERCADO,072203,874cd6430ffffff
http://specimens.kew.org/herbarium/K006489597,5839111151,Polypodium L.,Polypodium L.,Polypodiaceae,Polypodium,GENUS,PRESERVED_SPECIMEN,2003-06-19T00:00,2003,-71.557222,18.651945,NA,cd6e21c8-9e8a-493a-8a76-fbf7862069e5,K,Herbarium,22,03,EL CERCADO,072203,874cd6430ffffff
http://specimens.kew.org/herbarium/K006543157,5220523787,Lophosoria quadripinnata,Lophosoria quadripinnata (J.F.Gmel.) C.Chr.,Dicksoniaceae,Lophosoria,SPECIES,PRESERVED_SPECIMEN,2003-06-21T00:00,2003,-71.5476,18.6545,NA,cd6e21c8-9e8a-493a-8a76-fbf7862069e5,K,Herbarium,22,03,EL CERCADO,072203,874cd6430ffffff
http://specimens.kew.org/herbarium/K006569740,5208562612,Dryopteris filix-mas,Dryopteris filix-mas (L.) Schott,Dryopteridaceae,Dryopteris,SPECIES,PRESERVED_SPECIMEN,2003-06-19T00:00,2003,-71.557222,18.651945,NA,cd6e21c8-9e8a-493a-8a76-fbf7862069e5,K,Herbarium,22,03,EL CERCADO,072203,874cd6430ffffff
http://specimens.kew.org/herbarium/K006589396,5836648060,Elaphoglossum glabellum,Elaphoglossum glabellum J.Sm.,Dryopteridaceae,Elaphoglossum,SPECIES,PRESERVED_SPECIMEN,2003-06-19T00:00,2003,-71.557222,18.651945,NA,cd6e21c8-9e8a-493a-8a76-fbf7862069e5,K,Herbarium,22,03,EL CERCADO,072203,874cd6430ffffff
http://specimens.kew.org/herbarium/K006651363,5836648608,Steiropteris decussata,Thelypteris decussata (L.) Proctor,Thelypteridaceae,Steiropteris,SPECIES,PRESERVED_SPECIMEN,2003-06-23T00:00,2003,-71.5476,18.6545,NA,cd6e21c8-9e8a-493a-8a76-fbf7862069e5,K,Herbarium,22,03,EL CERCADO,072203,874cd6430ffffff
http://specimens.kew.org/herbarium/K006651365,5836641620,Pelazoneuron abruptum,Thelypteris grandis A.R.Sm.,Thelypteridaceae,Pelazoneuron,SPECIES,PRESERVED_SPECIMEN,2003-06-19T00:00,2003,-71.557222,18.651945,NA,cd6e21c8-9e8a-493a-8a76-fbf7862069e5,K,Herbarium,22,03,EL CERCADO,072203,874cd6430ffffff
http://specimens.kew.org/herbarium/K006681541,5858792516,Christella H.Lév.,Christella H.Lév.,Thelypteridaceae,Christella,GENUS,PRESERVED_SPECIMEN,2003-06-19T00:00,2003,-71.557222,18.651945,NA,cd6e21c8-9e8a-493a-8a76-fbf7862069e5,K,Herbarium,22,03,EL CERCADO,072203,874cd6430ffffff
http://www.botanicalcollections.be/specimen/BR0000009685567,4073041223,Peperomia eggersii,Peperomia eggersii C.DC.,Piperaceae,Peperomia,SPECIES,PRESERVED_SPECIMEN,2003-06-19,2003,-71.557222,18.651944,NA,b740eaa0-0679-41dc-acb7-990d562dfa37,MeiseBG,BR,22,03,EL CERCADO,072203,874cd6430ffffff
https://data.biodiversitydata.nl/naturalis/specimen/U.1019844,2515373296,Psilotum nudum,Psilotum nudum (L.) P.Beauv.,Psilotaceae,Psilotum,SPECIES,PRESERVED_SPECIMEN,1983-11-12,1983,-71.51667,18.7,NA,15f819bd-6612-4447-854b-14d12ee1022d,,Botany,22,03,EL CERCADO,072203,874cd651dffffff
https://www.inaturalist.org/observations/103073839,3457020048,Zinnia elegans,Zinnia elegans Jacq.,Asteraceae,Zinnia,SPECIES,HUMAN_OBSERVATION,2021-11-10T10:54:54Z,2021,-71.535626,18.708476,3646,50c9509d-22c7-4a22-a47d-8c48425ef4a7,iNaturalist,Observations,22,03,EL CERCADO,072203,874cd6518ffffff
https://www.inaturalist.org/observations/139264578,3947535935,Ruellia simplex,Ruellia simplex C.Wright,Acanthaceae,Ruellia,SPECIES,HUMAN_OBSERVATION,2022-10-18T12:55:19,2022,-71.510123,18.758674,20,50c9509d-22c7-4a22-a47d-8c48425ef4a7,iNaturalist,Observations,22,03,EL CERCADO,072203,874cd6504ffffff
https://www.inaturalist.org/observations/194112767,4524902991,Psychotria nervosa,Psychotria nervosa Sw.,Rubiaceae,Psychotria,SPECIES,HUMAN_OBSERVATION,2023-12-16T10:32:48,2023,-71.509809,18.79919,122,50c9509d-22c7-4a22-a47d-8c48425ef4a7,iNaturalist,Observations,22,03,EL CERCADO,072203,874cd6526ffffff
https://www.inaturalist.org/observations/194119420,4500609772,Cordia collococca,Cordia collococca L.,Cordiaceae,Cordia,SPECIES,HUMAN_OBSERVATION,2023-12-16T13:44:46,2023,-71.519165,18.727034,2000,50c9509d-22c7-4a22-a47d-8c48425ef4a7,iNaturalist,Observations,22,03,EL CERCADO,072203,874cd6503ffffff
https://www.inaturalist.org/observations/194133700,4500618772,Muntingia calabura,Muntingia calabura L.,Muntingiaceae,Muntingia,SPECIES,HUMAN_OBSERVATION,2023-12-16T16:23:45,2023,-71.46129,18.67441,4000,50c9509d-22c7-4a22-a47d-8c48425ef4a7,iNaturalist,Observations,22,03,EL CERCADO,072203,874cd6556ffffff
https://www.inaturalist.org/observations/207279405,4846991313,Biancaea decapetala,Biancaea decapetala (Roth) O.Deg.,Fabaceae,Biancaea,SPECIES,HUMAN_OBSERVATION,2024-04-10T12:34:52,2024,-71.525536,18.711849,NA,50c9509d-22c7-4a22-a47d-8c48425ef4a7,iNaturalist,Observations,22,03,EL CERCADO,072203,874cd651cffffff
https://www.inaturalist.org/observations/207312283,6131499425,Croton origanifolius,Croton origanifolius Lam.,Euphorbiaceae,Croton,SPECIES,HUMAN_OBSERVATION,2024-04-10T12:55:59,2024,-71.529808,18.706982,NA,50c9509d-22c7-4a22-a47d-8c48425ef4a7,iNaturalist,Observations,22,03,EL CERCADO,072203,874cd6518ffffff
https://www.inaturalist.org/observations/207328706,4946060372,Kalanchoe houghtonii,Kalanchoe × houghtonii D.B.Ward,Crassulaceae,Kalanchoe,SPECIES,HUMAN_OBSERVATION,2024-04-10T13:43:11,2024,-71.534927,18.696363,NA,50c9509d-22c7-4a22-a47d-8c48425ef4a7,iNaturalist,Observations,22,03,EL CERCADO,072203,874cd6518ffffff
https://www.inaturalist.org/observations/207328903,6333867540,Stigmaphyllon emarginatum,Stigmaphyllon emarginatum (Cav.) A.Juss.,Malpighiaceae,Stigmaphyllon,SPECIES,HUMAN_OBSERVATION,2024-04-10T13:43:34,2024,-71.534912,18.696367,NA,50c9509d-22c7-4a22-a47d-8c48425ef4a7,iNaturalist,Observations,22,03,EL CERCADO,072203,874cd6518ffffff
https://www.inaturalist.org/observations/207328997,4923825421,Hamelia patens,Hamelia patens Jacq.,Rubiaceae,Hamelia,SPECIES,HUMAN_OBSERVATION,2024-04-10T14:00:01,2024,-71.535828,18.690166,NA,50c9509d-22c7-4a22-a47d-8c48425ef4a7,iNaturalist,Observations,22,03,EL CERCADO,072203,874cd651bffffff
https://www.inaturalist.org/observations/207329969,4923644994,Tecoma stans,Tecoma stans (L.) Juss. ex Kunth,Bignoniaceae,Tecoma,SPECIES,HUMAN_OBSERVATION,2024-04-10T14:21:41,2024,-71.537277,18.68738,NA,50c9509d-22c7-4a22-a47d-8c48425ef4a7,iNaturalist,Observations,22,03,EL CERCADO,072203,874cd651bffffff
https://www.inaturalist.org/observations/207330012,6334055852,Chrysophyllum oliviforme,Chrysophyllum oliviforme L.,Sapotaceae,Chrysophyllum,SPECIES,HUMAN_OBSERVATION,2024-04-10T14:22:06,2024,-71.537193,18.687292,NA,50c9509d-22c7-4a22-a47d-8c48425ef4a7,iNaturalist,Observations,22,03,EL CERCADO,072203,874cd651bffffff
https://www.inaturalist.org/observations/207330039,4924093884,Bocconia frutescens,Bocconia frutescens L.,Papaveraceae,Bocconia,SPECIES,HUMAN_OBSERVATION,2024-04-10T14:22:23,2024,-71.537277,18.687204,NA,50c9509d-22c7-4a22-a47d-8c48425ef4a7,iNaturalist,Observations,22,03,EL CERCADO,072203,874cd651bffffff
https://www.inaturalist.org/observations/207330237,4924166478,Roystonea borinquena,Roystonea borinquena O.F.Cook,Arecaceae,Roystonea,SPECIES,HUMAN_OBSERVATION,2024-04-10T14:28:32,2024,-71.535675,18.686682,NA,50c9509d-22c7-4a22-a47d-8c48425ef4a7,iNaturalist,Observations,22,03,EL CERCADO,072203,874cd651bffffff
https://www.inaturalist.org/observations/207330345,6334518910,Cupania americana,Cupania americana L.,Sapindaceae,Cupania,SPECIES,HUMAN_OBSERVATION,2024-04-10T14:47:11,2024,-71.530945,18.682482,NA,50c9509d-22c7-4a22-a47d-8c48425ef4a7,iNaturalist,Observations,22,03,EL CERCADO,072203,874cd651bffffff
https://www.inaturalist.org/observations/207330433,5133379608,Vitis tiliifolia,Vitis tiliifolia Humb. & Bonpl. ex Roem. & Schult.,Vitaceae,Vitis,SPECIES,HUMAN_OBSERVATION,2024-04-10T14:49:48,2024,-71.530411,18.681562,NA,50c9509d-22c7-4a22-a47d-8c48425ef4a7,iNaturalist,Observations,22,03,EL CERCADO,072203,874cd651bffffff
https://www.inaturalist.org/observations/207330490,6334828823,Stigmaphyllon angulosum,Stigmaphyllon angulosum (L.) A.Juss.,Malpighiaceae,Stigmaphyllon,SPECIES,HUMAN_OBSERVATION,2024-04-10T14:51:38,2024,-71.529892,18.681429,NA,50c9509d-22c7-4a22-a47d-8c48425ef4a7,iNaturalist,Observations,22,03,EL CERCADO,072203,874cd651bffffff
https://www.inaturalist.org/observations/207357533,5868058724,Poitea multiflora,Poitea multiflora (Sw.) Urb.,Fabaceae,Poitea,SPECIES,HUMAN_OBSERVATION,2024-04-10T15:13:30,2024,-71.52523,18.67934,NA,50c9509d-22c7-4a22-a47d-8c48425ef4a7,iNaturalist,Observations,22,03,EL CERCADO,072203,874cd651bffffff
https://www.inaturalist.org/observations/207357597,6334093559,Daucus carota,Daucus carota L.,Apiaceae,Daucus,SPECIES,HUMAN_OBSERVATION,2024-04-10T15:15:58,2024,-71.525398,18.678921,NA,50c9509d-22c7-4a22-a47d-8c48425ef4a7,iNaturalist,Observations,22,03,EL CERCADO,072203,874cd651bffffff
https://www.inaturalist.org/observations/207358139,4872062245,Wigandia pruritiva,Wigandia pruritiva Spreng.,Namaceae,Wigandia,SPECIES,HUMAN_OBSERVATION,2024-04-10T15:28:55,2024,-71.52607,18.677698,NA,50c9509d-22c7-4a22-a47d-8c48425ef4a7,iNaturalist,Observations,22,03,EL CERCADO,072203,874cd651bffffff
https://www.inaturalist.org/observations/207373855,4847127465,Botrypus virginianus,Botrypus virginianus (L.) Michx.,Ophioglossaceae,Botrypus,SPECIES,HUMAN_OBSERVATION,2024-04-12T15:22:55,2024,-71.524414,18.6408,NA,50c9509d-22c7-4a22-a47d-8c48425ef4a7,iNaturalist,Observations,22,03,EL CERCADO,072203,874cd6404ffffff
https://www.inaturalist.org/observations/207373908,5215762445,Danthonia domingensis,Danthonia domingensis Hack. & Pilg.,Poaceae,Danthonia,SPECIES,HUMAN_OBSERVATION,2024-04-12T15:13:02,2024,-71.525124,18.642668,NA,50c9509d-22c7-4a22-a47d-8c48425ef4a7,iNaturalist,Observations,22,03,EL CERCADO,072203,874cd6404ffffff
https://www.inaturalist.org/observations/207373959,5133343580,Lycopodium clavatum,Lycopodium clavatum L.,Lycopodiaceae,Lycopodium,SPECIES,HUMAN_OBSERVATION,2024-04-12T15:10:51,2024,-71.525169,18.643072,NA,50c9509d-22c7-4a22-a47d-8c48425ef4a7,iNaturalist,Observations,22,03,EL CERCADO,072203,874cd6404ffffff
https://www.inaturalist.org/observations/207373997,5104251282,Diphasiastrum fawcettii,Diphasiastrum fawcettii (F.E.Lloyd & Underw.) Holub,Lycopodiaceae,Diphasiastrum,SPECIES,HUMAN_OBSERVATION,2024-04-12T15:10:24,2024,-71.525162,18.643055,NA,50c9509d-22c7-4a22-a47d-8c48425ef4a7,iNaturalist,Observations,22,03,EL CERCADO,072203,874cd6404ffffff
https://www.inaturalist.org/observations/207374031,5133369585,Lycopodium clavatum,Lycopodium clavatum L.,Lycopodiaceae,Lycopodium,SPECIES,HUMAN_OBSERVATION,2024-04-12T15:10:03,2024,-71.525162,18.64303,NA,50c9509d-22c7-4a22-a47d-8c48425ef4a7,iNaturalist,Observations,22,03,EL CERCADO,072203,874cd6404ffffff
https://www.inaturalist.org/observations/207374102,4847242323,Fragaria vesca,Fragaria vesca L.,Rosaceae,Fragaria,SPECIES,HUMAN_OBSERVATION,2024-04-12T15:03:30,2024,-71.525391,18.643288,NA,50c9509d-22c7-4a22-a47d-8c48425ef4a7,iNaturalist,Observations,22,03,EL CERCADO,072203,874cd6431ffffff
https://www.inaturalist.org/observations/207374344,5104281233,Guzmania lingulata,Guzmania lingulata (L.) Mez,Bromeliaceae,Guzmania,SPECIES,HUMAN_OBSERVATION,2024-04-12T14:30:59,2024,-71.526939,18.644342,NA,50c9509d-22c7-4a22-a47d-8c48425ef4a7,iNaturalist,Observations,22,03,EL CERCADO,072203,874cd6431ffffff
https://www.inaturalist.org/observations/207374512,4994476679,Peperomia tetraphylla,Peperomia tetraphylla (G.Forst.) Hook. & Arn.,Piperaceae,Peperomia,SPECIES,HUMAN_OBSERVATION,2024-04-12T14:24:14,2024,-71.527512,18.644365,NA,50c9509d-22c7-4a22-a47d-8c48425ef4a7,iNaturalist,Observations,22,03,EL CERCADO,072203,874cd6431ffffff
https://www.inaturalist.org/observations/207375687,5230333469,Scrophularia minutiflora,Scrophularia minutiflora Pennell,Scrophulariaceae,Scrophularia,SPECIES,HUMAN_OBSERVATION,2024-04-12T13:34:40,2024,-71.529793,18.64497,NA,50c9509d-22c7-4a22-a47d-8c48425ef4a7,iNaturalist,Observations,22,03,EL CERCADO,072203,874cd6431ffffff
https://www.inaturalist.org/observations/207375801,4852316193,Cestrum sphaerocarpum,Cestrum sphaerocarpum O.E.Schulz,Solanaceae,Cestrum,SPECIES,HUMAN_OBSERVATION,2024-04-12T13:33:59,2024,-71.529755,18.64497,NA,50c9509d-22c7-4a22-a47d-8c48425ef4a7,iNaturalist,Observations,22,03,EL CERCADO,072203,874cd6431ffffff
https://www.inaturalist.org/observations/207378715,4847047010,Bomarea edulis,Bomarea edulis (Tussac) Herb.,Alstroemeriaceae,Bomarea,SPECIES,HUMAN_OBSERVATION,2024-04-12T13:17:50,2024,-71.529129,18.644567,NA,50c9509d-22c7-4a22-a47d-8c48425ef4a7,iNaturalist,Observations,22,03,EL CERCADO,072203,874cd6431ffffff
https://www.inaturalist.org/observations/207386251,5006984607,Fuchsia triphylla,Fuchsia triphylla L.,Onagraceae,Fuchsia,SPECIES,HUMAN_OBSERVATION,2024-04-12T13:17:02,2024,-71.528992,18.644623,NA,50c9509d-22c7-4a22-a47d-8c48425ef4a7,iNaturalist,Observations,22,03,EL CERCADO,072203,874cd6431ffffff
https://www.inaturalist.org/observations/207386288,4994520225,Pilea setigera,Pilea setigera Urb.,Urticaceae,Pilea,SPECIES,HUMAN_OBSERVATION,2024-04-12T13:16:54,2024,-71.529045,18.644663,NA,50c9509d-22c7-4a22-a47d-8c48425ef4a7,iNaturalist,Observations,22,03,EL CERCADO,072203,874cd6431ffffff
https://www.inaturalist.org/observations/207386378,4852726573,Cestrum virgaurea,Cestrum virgaurea Urb. & Ekman,Solanaceae,Cestrum,SPECIES,HUMAN_OBSERVATION,2024-04-12T13:15:22,2024,-71.528908,18.644657,NA,50c9509d-22c7-4a22-a47d-8c48425ef4a7,iNaturalist,Observations,22,03,EL CERCADO,072203,874cd6431ffffff
https://www.inaturalist.org/observations/207386534,4846965744,Clematis flammulastrum,Clematis flammulastrum var. fuertesii (Urb.) W.T.Wang,Ranunculaceae,Clematis,VARIETY,HUMAN_OBSERVATION,2024-04-12T13:14:31,2024,-71.528992,18.644686,NA,50c9509d-22c7-4a22-a47d-8c48425ef4a7,iNaturalist,Observations,22,03,EL CERCADO,072203,874cd6431ffffff
https://www.inaturalist.org/observations/207386913,4847068284,Sisyrinchium micranthum,Sisyrinchium micranthum Cav.,Iridaceae,Sisyrinchium,SPECIES,HUMAN_OBSERVATION,2024-04-12T11:53:14,2024,-71.529617,18.645508,NA,50c9509d-22c7-4a22-a47d-8c48425ef4a7,iNaturalist,Observations,22,03,EL CERCADO,072203,874cd6431ffffff
https://www.inaturalist.org/observations/207387060,4847232930,Lobelia robusta,Lobelia robusta Graham,Campanulaceae,Lobelia,SPECIES,HUMAN_OBSERVATION,2024-04-12T12:41:02,2024,-71.529053,18.646,NA,50c9509d-22c7-4a22-a47d-8c48425ef4a7,iNaturalist,Observations,22,03,EL CERCADO,072203,874cd6431ffffff
https://www.inaturalist.org/observations/207409686,4875390773,Sceptridium jenmanii,Sceptridium jenmanii (Underw.) Lyon,Ophioglossaceae,Sceptridium,SPECIES,HUMAN_OBSERVATION,2024-04-12T12:19:47,2024,-71.528343,18.648144,NA,50c9509d-22c7-4a22-a47d-8c48425ef4a7,iNaturalist,Observations,22,03,EL CERCADO,072203,874cd6431ffffff
https://www.inaturalist.org/observations/207410218,4926160600,Hypericum hypericoides,Hypericum hypericoides (L.) Crantz,Hypericaceae,Hypericum,SPECIES,HUMAN_OBSERVATION,2024-04-12T12:04:48,2024,-71.52462,18.649956,NA,50c9509d-22c7-4a22-a47d-8c48425ef4a7,iNaturalist,Observations,22,03,EL CERCADO,072203,874cd6422ffffff
https://www.inaturalist.org/observations/207423148,5007039802,Fuchsia triphylla,Fuchsia triphylla L.,Onagraceae,Fuchsia,SPECIES,HUMAN_OBSERVATION,2024-04-12T11:34:46,2024,-71.523689,18.652582,NA,50c9509d-22c7-4a22-a47d-8c48425ef4a7,iNaturalist,Observations,22,03,EL CERCADO,072203,874cd6422ffffff
https://www.inaturalist.org/observations/207427465,4847022622,Daucus carota,Daucus carota L.,Apiaceae,Daucus,SPECIES,HUMAN_OBSERVATION,2024-04-12T09:44:38,2024,-71.524597,18.655437,NA,50c9509d-22c7-4a22-a47d-8c48425ef4a7,iNaturalist,Observations,22,03,EL CERCADO,072203,874cd6422ffffff
https://www.inaturalist.org/observations/207427644,4847235115,Botrypus virginianus,Botrypus virginianus (L.) Michx.,Ophioglossaceae,Botrypus,SPECIES,HUMAN_OBSERVATION,2024-04-12T09:12:35,2024,-71.528267,18.655691,NA,50c9509d-22c7-4a22-a47d-8c48425ef4a7,iNaturalist,Observations,22,03,EL CERCADO,072203,874cd6422ffffff
https://www.inaturalist.org/observations/207431209,4846894551,Ipomoea furcyensis,Ipomoea furcyensis Urb.,Convolvulaceae,Ipomoea,SPECIES,HUMAN_OBSERVATION,2024-04-11T18:14:13,2024,-71.527603,18.658432,NA,50c9509d-22c7-4a22-a47d-8c48425ef4a7,iNaturalist,Observations,22,03,EL CERCADO,072203,874cd6435ffffff
https://www.inaturalist.org/observations/207431282,4852232196,Bocconia frutescens,Bocconia frutescens L.,Papaveraceae,Bocconia,SPECIES,HUMAN_OBSERVATION,2024-04-11T18:13:53,2024,-71.527489,18.658272,NA,50c9509d-22c7-4a22-a47d-8c48425ef4a7,iNaturalist,Observations,22,03,EL CERCADO,072203,874cd6435ffffff
https://www.inaturalist.org/observations/207436289,4847039149,Cestrum sphaerocarpum,Cestrum sphaerocarpum O.E.Schulz,Solanaceae,Cestrum,SPECIES,HUMAN_OBSERVATION,2024-04-11T17:34:23,2024,-71.529922,18.663507,NA,50c9509d-22c7-4a22-a47d-8c48425ef4a7,iNaturalist,Observations,22,03,EL CERCADO,072203,874cd6435ffffff
https://www.inaturalist.org/observations/207437675,5843959194,Foeniculum vulgare,Foeniculum vulgare Mill.,Apiaceae,Foeniculum,SPECIES,HUMAN_OBSERVATION,2024-04-11T13:42:13,2024,-71.537842,18.664843,NA,50c9509d-22c7-4a22-a47d-8c48425ef4a7,iNaturalist,Observations,22,03,EL CERCADO,072203,874cd6435ffffff
https://www.inaturalist.org/observations/207437752,4847248093,Asclepias nivea,Asclepias nivea L.,Apocynaceae,Asclepias,SPECIES,HUMAN_OBSERVATION,2024-04-11T13:26:21,2024,-71.539375,18.661699,NA,50c9509d-22c7-4a22-a47d-8c48425ef4a7,iNaturalist,Observations,22,03,EL CERCADO,072203,874cd6435ffffff
https://www.inaturalist.org/observations/207437820,4908781203,Morella picardae,Morella picardae (Krug & Urb.) Wilbur,Myricaceae,Morella,SPECIES,HUMAN_OBSERVATION,2024-04-11T13:23:39,2024,-71.539268,18.661295,NA,50c9509d-22c7-4a22-a47d-8c48425ef4a7,iNaturalist,Observations,22,03,EL CERCADO,072203,874cd6435ffffff
https://www.inaturalist.org/observations/207441532,4847236539,Cynoglossum amabile,Cynoglossum amabile Stapf & J.R.Drumm.,Boraginaceae,Cynoglossum,SPECIES,HUMAN_OBSERVATION,2024-04-11T11:51:48,2024,-71.555542,18.654472,NA,50c9509d-22c7-4a22-a47d-8c48425ef4a7,iNaturalist,Observations,22,03,EL CERCADO,072203,874cd6430ffffff
https://www.inaturalist.org/observations/207442478,5154247430,Ranunculus recurvatus,Ranunculus recurvatus var. tropicus (Griseb.) Fawc. & Rendle,Ranunculaceae,Ranunculus,VARIETY,HUMAN_OBSERVATION,2024-04-11T11:23:54,2024,-71.548782,18.655437,NA,50c9509d-22c7-4a22-a47d-8c48425ef4a7,iNaturalist,Observations,22,03,EL CERCADO,072203,874cd6430ffffff
https://www.inaturalist.org/observations/207443048,4847181066,Oxalis thelyoxys,Oxalis thelyoxys Focke,Oxalidaceae,Oxalis,SPECIES,HUMAN_OBSERVATION,2024-04-11T11:15:19,2024,-71.547935,18.653847,NA,50c9509d-22c7-4a22-a47d-8c48425ef4a7,iNaturalist,Observations,22,03,EL CERCADO,072203,874cd6430ffffff
https://www.inaturalist.org/observations/207443345,5007927601,Baccharis myrsinites,Baccharis myrsinites Pers.,Asteraceae,Baccharis,SPECIES,HUMAN_OBSERVATION,2024-04-11T11:07:13,2024,-71.546234,18.654907,NA,50c9509d-22c7-4a22-a47d-8c48425ef4a7,iNaturalist,Observations,22,03,EL CERCADO,072203,874cd6430ffffff
https://www.inaturalist.org/observations/207443462,4847122355,Passiflora orbiculata,Passiflora orbiculata Cav.,Passifloraceae,Passiflora,SPECIES,HUMAN_OBSERVATION,2024-04-11T11:04:39,2024,-71.545029,18.655184,NA,50c9509d-22c7-4a22-a47d-8c48425ef4a7,iNaturalist,Observations,22,03,EL CERCADO,072203,874cd6430ffffff
https://www.inaturalist.org/observations/207443625,4950356046,Palicourea eriantha,Palicourea eriantha DC.,Rubiaceae,Palicourea,SPECIES,HUMAN_OBSERVATION,2024-04-11T11:00:52,2024,-71.543938,18.655003,NA,50c9509d-22c7-4a22-a47d-8c48425ef4a7,iNaturalist,Observations,22,03,EL CERCADO,072203,874cd6430ffffff
https://www.inaturalist.org/observations/207444057,6352976667,Pilea cephalophora,Pilea cephalophora Urb.,Urticaceae,Pilea,SPECIES,HUMAN_OBSERVATION,2024-04-11T10:52:48,2024,-71.542679,18.655851,NA,50c9509d-22c7-4a22-a47d-8c48425ef4a7,iNaturalist,Observations,22,03,EL CERCADO,072203,874cd6430ffffff
https://www.inaturalist.org/observations/207444281,4847197734,Pteris podophylla,Pteris podophylla Sw.,Pteridaceae,Pteris,SPECIES,HUMAN_OBSERVATION,2024-04-11T10:45:19,2024,-71.54261,18.655998,NA,50c9509d-22c7-4a22-a47d-8c48425ef4a7,iNaturalist,Observations,22,03,EL CERCADO,072203,874cd6430ffffff
https://www.inaturalist.org/observations/207444626,5087000916,Solanum polyacanthos,Solanum polyacanthos Lam.,Solanaceae,Solanum,SPECIES,HUMAN_OBSERVATION,2024-04-11T10:43:53,2024,-71.542564,18.656048,NA,50c9509d-22c7-4a22-a47d-8c48425ef4a7,iNaturalist,Observations,22,03,EL CERCADO,072203,874cd6430ffffff
https://www.inaturalist.org/observations/207446258,5230026460,Scrophularia minutiflora,Scrophularia minutiflora Pennell,Scrophulariaceae,Scrophularia,SPECIES,HUMAN_OBSERVATION,2024-04-11T10:30:09,2024,-71.542374,18.656446,NA,50c9509d-22c7-4a22-a47d-8c48425ef4a7,iNaturalist,Observations,22,03,EL CERCADO,072203,874cd6435ffffff
https://www.inaturalist.org/observations/207447629,5008192050,Fuchsia triphylla,Fuchsia triphylla L.,Onagraceae,Fuchsia,SPECIES,HUMAN_OBSERVATION,2024-04-11T10:17:51,2024,-71.541306,18.658642,NA,50c9509d-22c7-4a22-a47d-8c48425ef4a7,iNaturalist,Observations,22,03,EL CERCADO,072203,874cd6435ffffff
https://www.inaturalist.org/observations/207450423,4908719927,Morella picardae,Morella picardae (Krug & Urb.) Wilbur,Myricaceae,Morella,SPECIES,HUMAN_OBSERVATION,2024-04-11T09:57:13,2024,-71.541153,18.658327,NA,50c9509d-22c7-4a22-a47d-8c48425ef4a7,iNaturalist,Observations,22,03,EL CERCADO,072203,874cd6435ffffff
https://www.inaturalist.org/observations/207451434,6398874583,Daphnopsis crassifolia,Daphnopsis crassifolia (Poir.) Meisn.,Thymelaeaceae,Daphnopsis,SPECIES,HUMAN_OBSERVATION,2024-04-11T09:46:03,2024,-71.540199,18.657682,NA,50c9509d-22c7-4a22-a47d-8c48425ef4a7,iNaturalist,Observations,22,03,EL CERCADO,072203,874cd6435ffffff
https://www.inaturalist.org/observations/207452634,5007090751,Fuchsia triphylla,Fuchsia triphylla L.,Onagraceae,Fuchsia,SPECIES,HUMAN_OBSERVATION,2024-04-11T09:34:41,2024,-71.539146,18.658073,NA,50c9509d-22c7-4a22-a47d-8c48425ef4a7,iNaturalist,Observations,22,03,EL CERCADO,072203,874cd6435ffffff
https://www.inaturalist.org/observations/207455479,4847026810,Lysimachia arvensis,Lysimachia arvensis (L.) U.Manns & Anderb.,Primulaceae,Lysimachia,SPECIES,HUMAN_OBSERVATION,2024-04-11T09:38:12,2024,-71.539383,18.658073,NA,50c9509d-22c7-4a22-a47d-8c48425ef4a7,iNaturalist,Observations,22,03,EL CERCADO,072203,874cd6435ffffff
https://www.inaturalist.org/observations/207498896,4847051164,Passiflora orbiculata,Passiflora orbiculata Cav.,Passifloraceae,Passiflora,SPECIES,HUMAN_OBSERVATION,2024-04-11T09:32:59,2024,-71.539291,18.658037,NA,50c9509d-22c7-4a22-a47d-8c48425ef4a7,iNaturalist,Observations,22,03,EL CERCADO,072203,874cd6435ffffff
https://www.inaturalist.org/observations/207499207,5827797357,Peperomia san-joseana,Peperomia san-joseana C.DC.,Piperaceae,Peperomia,SPECIES,HUMAN_OBSERVATION,2024-04-11T09:23:31,2024,-71.538368,18.658728,NA,50c9509d-22c7-4a22-a47d-8c48425ef4a7,iNaturalist,Observations,22,03,EL CERCADO,072203,874cd6435ffffff
https://www.inaturalist.org/observations/207506737,4936820122,Veronica arvensis,Veronica arvensis L.,Plantaginaceae,Veronica,SPECIES,HUMAN_OBSERVATION,2024-04-11T07:42:48,2024,-71.533234,18.664928,NA,50c9509d-22c7-4a22-a47d-8c48425ef4a7,iNaturalist,Observations,22,03,EL CERCADO,072203,874cd6435ffffff
https://www.inaturalist.org/observations/207507184,6195365019,Ageratina havanensis,Ageratina havanensis (Kunth) R.M.King & H.Rob.,Asteraceae,Ageratina,SPECIES,HUMAN_OBSERVATION,2024-04-10T15:50:37,2024,-71.525551,18.675961,NA,50c9509d-22c7-4a22-a47d-8c48425ef4a7,iNaturalist,Observations,22,03,EL CERCADO,072203,874cd651bffffff
https://www.inaturalist.org/observations/207508411,4846950925,Asclepias nivea,Asclepias nivea L.,Apocynaceae,Asclepias,SPECIES,HUMAN_OBSERVATION,2024-04-10T15:55:08,2024,-71.525719,18.675867,NA,50c9509d-22c7-4a22-a47d-8c48425ef4a7,iNaturalist,Observations,22,03,EL CERCADO,072203,874cd651bffffff
https://www.inaturalist.org/observations/207508589,5006856151,Fuchsia triphylla,Fuchsia triphylla L.,Onagraceae,Fuchsia,SPECIES,HUMAN_OBSERVATION,2024-04-10T16:00:54,2024,-71.526192,18.676493,NA,50c9509d-22c7-4a22-a47d-8c48425ef4a7,iNaturalist,Observations,22,03,EL CERCADO,072203,874cd651bffffff
https://www.inaturalist.org/observations/207509398,5062664757,Fuchsia triphylla,Fuchsia triphylla L.,Onagraceae,Fuchsia,SPECIES,HUMAN_OBSERVATION,2024-04-10T16:05:43,2024,-71.527115,18.676708,NA,50c9509d-22c7-4a22-a47d-8c48425ef4a7,iNaturalist,Observations,22,03,EL CERCADO,072203,874cd651bffffff
https://www.inaturalist.org/observations/207509705,6186115212,Rubus barkerianus,Rubus barkerianus Helwig,Rosaceae,Rubus,SPECIES,HUMAN_OBSERVATION,2024-04-10T16:08:13,2024,-71.52742,18.67687,NA,50c9509d-22c7-4a22-a47d-8c48425ef4a7,iNaturalist,Observations,22,03,EL CERCADO,072203,874cd651bffffff
https://www.inaturalist.org/observations/207509907,5837763698,Miconia angustilamina,Miconia angustilamina (Judd & Skean) Judd & Ionta,Melastomataceae,Miconia,SPECIES,HUMAN_OBSERVATION,2024-04-10T16:11:10,2024,-71.528236,18.676874,NA,50c9509d-22c7-4a22-a47d-8c48425ef4a7,iNaturalist,Observations,22,03,EL CERCADO,072203,874cd651bffffff
https://www.inaturalist.org/observations/207510796,4847244548,Buddleja domingensis,Buddleja domingensis Urb.,Scrophulariaceae,Buddleja,SPECIES,HUMAN_OBSERVATION,2024-04-10T16:35:33,2024,-71.532379,18.675488,NA,50c9509d-22c7-4a22-a47d-8c48425ef4a7,iNaturalist,Observations,22,03,EL CERCADO,072203,874cd651bffffff
https://www.inaturalist.org/observations/207513631,4855064598,"Paraleonurus M.L.Qian, C.L.Xiang & Bo Li","Paraleonurus M.L.Qian, C.L.Xiang & Bo Li",Lamiaceae,Paraleonurus,GENUS,HUMAN_OBSERVATION,2024-04-10T16:42:14,2024,-71.534393,18.676216,NA,50c9509d-22c7-4a22-a47d-8c48425ef4a7,iNaturalist,Observations,22,03,EL CERCADO,072203,874cd651bffffff
https://www.inaturalist.org/observations/207562324,4847254700,Lobelia salicina,Lobelia salicina Lam.,Campanulaceae,Lobelia,SPECIES,HUMAN_OBSERVATION,2024-04-10T17:10:21,2024,-71.533638,18.67243,NA,50c9509d-22c7-4a22-a47d-8c48425ef4a7,iNaturalist,Observations,22,03,EL CERCADO,072203,874cd6435ffffff
https://www.inaturalist.org/observations/207563500,4847237090,Fragaria vesca,Fragaria vesca L.,Rosaceae,Fragaria,SPECIES,HUMAN_OBSERVATION,2024-04-10T17:30:35,2024,-71.532417,18.668135,NA,50c9509d-22c7-4a22-a47d-8c48425ef4a7,iNaturalist,Observations,22,03,EL CERCADO,072203,874cd6435ffffff
https://www.inaturalist.org/observations/207563557,4847066418,Verbena officinalis,Verbena officinalis L.,Verbenaceae,Verbena,SPECIES,HUMAN_OBSERVATION,2024-04-10T17:30:45,2024,-71.53244,18.668123,NA,50c9509d-22c7-4a22-a47d-8c48425ef4a7,iNaturalist,Observations,22,03,EL CERCADO,072203,874cd6435ffffff
https://www.inaturalist.org/observations/207563603,4847100561,Geranium robertianum,Geranium robertianum L.,Geraniaceae,Geranium,SPECIES,HUMAN_OBSERVATION,2024-04-10T17:30:54,2024,-71.532448,18.668144,NA,50c9509d-22c7-4a22-a47d-8c48425ef4a7,iNaturalist,Observations,22,03,EL CERCADO,072203,874cd6435ffffff
https://www.inaturalist.org/observations/253828423,4994290463,Morella picardae,Morella picardae (Krug & Urb.) Wilbur,Myricaceae,Morella,SPECIES,HUMAN_OBSERVATION,2024-12-01T12:12:47,2024,-71.537883,18.662156,5,50c9509d-22c7-4a22-a47d-8c48425ef4a7,iNaturalist,Observations,22,03,EL CERCADO,072203,874cd6435ffffff
https://www.inaturalist.org/observations/253828895,6188145441,Pilea setigera,Pilea setigera Urb.,Urticaceae,Pilea,SPECIES,HUMAN_OBSERVATION,2024-12-01T13:32:49,2024,-71.540828,18.657006,5,50c9509d-22c7-4a22-a47d-8c48425ef4a7,iNaturalist,Observations,22,03,EL CERCADO,072203,874cd6435ffffff
https://www.inaturalist.org/observations/253829021,6185518747,Asplenium serra,Asplenium serra Langsd. & Fisch.,Aspleniaceae,Asplenium,SPECIES,HUMAN_OBSERVATION,2024-12-01T14:02:33,2024,-71.540434,18.655926,8,50c9509d-22c7-4a22-a47d-8c48425ef4a7,iNaturalist,Observations,22,03,EL CERCADO,072203,874cd6435ffffff
https://www.inaturalist.org/observations/253829041,4994295396,Coccoloba picardae,Coccoloba picardae Urb.,Polygonaceae,Coccoloba,SPECIES,HUMAN_OBSERVATION,2024-12-01T14:09:57,2024,-71.541037,18.656322,9,50c9509d-22c7-4a22-a47d-8c48425ef4a7,iNaturalist,Observations,22,03,EL CERCADO,072203,874cd6435ffffff
https://www.inaturalist.org/observations/253829094,4994631997,Meliosma impressa,Meliosma impressa Krug & Urb.,Sabiaceae,Meliosma,SPECIES,HUMAN_OBSERVATION,2024-12-01T14:19:40,2024,-71.541393,18.657274,5,50c9509d-22c7-4a22-a47d-8c48425ef4a7,iNaturalist,Observations,22,03,EL CERCADO,072203,874cd6435ffffff
https://www.inaturalist.org/observations/253829123,4993894407,Ipomoea furcyensis,Ipomoea furcyensis Urb.,Convolvulaceae,Ipomoea,SPECIES,HUMAN_OBSERVATION,2024-12-01T14:47:07,2024,-71.537831,18.662612,6,50c9509d-22c7-4a22-a47d-8c48425ef4a7,iNaturalist,Observations,22,03,EL CERCADO,072203,874cd6435ffffff
https://www.inaturalist.org/observations/253862194,6352391142,Ipomoea tricolor,Ipomoea tricolor Cav.,Convolvulaceae,Ipomoea,SPECIES,HUMAN_OBSERVATION,2024-12-01T10:47:31,2024,-71.530972,18.682257,7,50c9509d-22c7-4a22-a47d-8c48425ef4a7,iNaturalist,Observations,22,03,EL CERCADO,072203,874cd651bffffff
https://www.inaturalist.org/observations/255422078,5008343227,Lepidaploa sprengeliana,Lepidaploa sprengeliana (Sch.Bip.) H.Rob.,Asteraceae,Lepidaploa,SPECIES,HUMAN_OBSERVATION,2024-12-17T15:22:16,2024,-71.51911,18.800163,6,50c9509d-22c7-4a22-a47d-8c48425ef4a7,iNaturalist,Observations,22,03,EL CERCADO,072203,874cd6c9bffffff
https://www.inaturalist.org/observations/255422545,5133659836,Exothea paniculata,Exothea paniculata (Juss.) Walp.,Sapindaceae,Exothea,SPECIES,HUMAN_OBSERVATION,2024-12-17T15:38:54,2024,-71.52674,18.80103,7,50c9509d-22c7-4a22-a47d-8c48425ef4a7,iNaturalist,Observations,22,03,EL CERCADO,072203,874cd6c9bffffff
https://www.inaturalist.org/observations/255422705,5006758025,Serjania seriana,Serjania seriana (L.) Druce,Sapindaceae,Serjania,SPECIES,HUMAN_OBSERVATION,2024-12-17T15:46:38,2024,-71.529038,18.800617,6,50c9509d-22c7-4a22-a47d-8c48425ef4a7,iNaturalist,Observations,22,03,EL CERCADO,072203,874cd6c9bffffff
https://www.inaturalist.org/observations/255422856,6171022488,Ternstroemia peduncularis,Ternstroemia peduncularis DC.,Pentaphylacaceae,Ternstroemia,SPECIES,HUMAN_OBSERVATION,2024-12-17T15:51:44,2024,-71.528155,18.801245,6,50c9509d-22c7-4a22-a47d-8c48425ef4a7,iNaturalist,Observations,22,03,EL CERCADO,072203,874cd6c9bffffff
https://www.inaturalist.org/observations/255422914,5007331216,Narvalina domingensis,Narvalina domingensis (Cass.) Less.,Asteraceae,Narvalina,SPECIES,HUMAN_OBSERVATION,2024-12-17T15:53:20,2024,-71.528115,18.80108,4,50c9509d-22c7-4a22-a47d-8c48425ef4a7,iNaturalist,Observations,22,03,EL CERCADO,072203,874cd6c9bffffff
https://www.inaturalist.org/observations/255438136,5007355758,Lepidaploa sprengeliana,Lepidaploa sprengeliana (Sch.Bip.) H.Rob.,Asteraceae,Lepidaploa,SPECIES,HUMAN_OBSERVATION,2024-12-17T14:35:32,2024,-71.509889,18.803133,7,50c9509d-22c7-4a22-a47d-8c48425ef4a7,iNaturalist,Observations,22,03,EL CERCADO,072203,874cd6526ffffff
https://www.inaturalist.org/observations/255438423,5006978542,Mammea americana,Mammea americana L.,Calophyllaceae,Mammea,SPECIES,HUMAN_OBSERVATION,2024-12-17T14:43:42,2024,-71.510023,18.801051,5,50c9509d-22c7-4a22-a47d-8c48425ef4a7,iNaturalist,Observations,22,03,EL CERCADO,072203,874cd6526ffffff
https://www.inaturalist.org/observations/255438752,5008337646,Biancaea decapetala,Biancaea decapetala (Roth) O.Deg.,Fabaceae,Biancaea,SPECIES,HUMAN_OBSERVATION,2024-12-17T14:46:48,2024,-71.509449,18.80137,9,50c9509d-22c7-4a22-a47d-8c48425ef4a7,iNaturalist,Observations,22,03,EL CERCADO,072203,874cd6526ffffff
https://www.inaturalist.org/observations/255439322,5008318080,Chrysophyllum cainito,Chrysophyllum cainito L.,Sapotaceae,Chrysophyllum,SPECIES,HUMAN_OBSERVATION,2024-12-17T14:58:14,2024,-71.508104,18.799248,4,50c9509d-22c7-4a22-a47d-8c48425ef4a7,iNaturalist,Observations,22,03,EL CERCADO,072203,874cd6526ffffff
https://www.inaturalist.org/observations/255439588,5006998089,Mammea americana,Mammea americana L.,Calophyllaceae,Mammea,SPECIES,HUMAN_OBSERVATION,2024-12-17T15:00:12,2024,-71.508174,18.799033,8,50c9509d-22c7-4a22-a47d-8c48425ef4a7,iNaturalist,Observations,22,03,EL CERCADO,072203,874cd6526ffffff
https://www.inaturalist.org/observations/255440215,5008346878,Chrysophyllum oliviforme,Chrysophyllum oliviforme L.,Sapotaceae,Chrysophyllum,SPECIES,HUMAN_OBSERVATION,2024-12-17T15:09,2024,-71.513927,18.797283,3,50c9509d-22c7-4a22-a47d-8c48425ef4a7,iNaturalist,Observations,22,03,EL CERCADO,072203,874cd6526ffffff
https://www.inaturalist.org/observations/255440609,5006895695,Gouania lupuloides,Gouania lupuloides (L.) Urb.,Rhamnaceae,Gouania,SPECIES,HUMAN_OBSERVATION,2024-12-17T15:09:50,2024,-71.513926,18.797292,7,50c9509d-22c7-4a22-a47d-8c48425ef4a7,iNaturalist,Observations,22,03,EL CERCADO,072203,874cd6526ffffff
https://www.inaturalist.org/observations/255440959,6185035394,Aristolochia caudata,Aristolochia caudata Jacq.,Aristolochiaceae,Aristolochia,SPECIES,HUMAN_OBSERVATION,2024-12-17T15:10:57,2024,-71.513921,18.797318,6,50c9509d-22c7-4a22-a47d-8c48425ef4a7,iNaturalist,Observations,22,03,EL CERCADO,072203,874cd6526ffffff
https://www.inaturalist.org/observations/255447510,5007103279,Chrysophyllum oliviforme,Chrysophyllum oliviforme L.,Sapotaceae,Chrysophyllum,SPECIES,HUMAN_OBSERVATION,2024-12-17T15:08:27,2024,-71.513914,18.797317,3,50c9509d-22c7-4a22-a47d-8c48425ef4a7,iNaturalist,Observations,22,03,EL CERCADO,072203,874cd6526ffffff
https://www.inaturalist.org/observations/255447519,5007039096,Tabebuia berteroi,Tabebuia berteroi (A.DC.) Britton,Bignoniaceae,Tabebuia,SPECIES,HUMAN_OBSERVATION,2024-12-17T15:26:26,2024,-71.521208,18.800162,3,50c9509d-22c7-4a22-a47d-8c48425ef4a7,iNaturalist,Observations,22,03,EL CERCADO,072203,874cd6c9bffffff
https://www.inaturalist.org/observations/255498950,5008349995,Ipomoea nil,Ipomoea nil (L.) Roth,Convolvulaceae,Ipomoea,SPECIES,HUMAN_OBSERVATION,2024-12-18T07:42:12,2024,-71.5104,18.789972,7,50c9509d-22c7-4a22-a47d-8c48425ef4a7,iNaturalist,Observations,22,03,EL CERCADO,072203,874cd6526ffffff
https://www.inaturalist.org/observations/255498988,5008319023,Turbina corymbosa,Ipomoea corymbosa (L.) Roth,Convolvulaceae,Turbina,SPECIES,HUMAN_OBSERVATION,2024-12-18T07:44:53,2024,-71.51098,18.789367,8,50c9509d-22c7-4a22-a47d-8c48425ef4a7,iNaturalist,Observations,22,03,EL CERCADO,072203,874cd6526ffffff
https://www.inaturalist.org/observations/255499025,5008354969,Picramnia pentandra,Picramnia pentandra Sw.,Picramniaceae,Picramnia,SPECIES,HUMAN_OBSERVATION,2024-12-18T07:45:49,2024,-71.510978,18.789337,5,50c9509d-22c7-4a22-a47d-8c48425ef4a7,iNaturalist,Observations,22,03,EL CERCADO,072203,874cd6526ffffff
https://www.inaturalist.org/observations/255499066,5007458011,Wallenia laurifolia,Wallenia laurifolia (Jacq.) Sw.,Primulaceae,Wallenia,SPECIES,HUMAN_OBSERVATION,2024-12-18T07:51:14,2024,-71.512392,18.788577,4,50c9509d-22c7-4a22-a47d-8c48425ef4a7,iNaturalist,Observations,22,03,EL CERCADO,072203,874cd6535ffffff
https://www.inaturalist.org/observations/255499198,5007072053,Adiantum pyramidale,Adiantum pyramidale (L.) Willd.,Pteridaceae,Adiantum,SPECIES,HUMAN_OBSERVATION,2024-12-18T08:05:33,2024,-71.512793,18.788265,7,50c9509d-22c7-4a22-a47d-8c48425ef4a7,iNaturalist,Observations,22,03,EL CERCADO,072203,874cd6535ffffff
https://www.inaturalist.org/observations/255499288,5007929252,Coccoloba diversifolia,Coccoloba diversifolia Jacq.,Polygonaceae,Coccoloba,SPECIES,HUMAN_OBSERVATION,2024-12-18T08:24:22,2024,-71.51233,18.788762,5,50c9509d-22c7-4a22-a47d-8c48425ef4a7,iNaturalist,Observations,22,03,EL CERCADO,072203,874cd6526ffffff
https://www.inaturalist.org/observations/255499336,5006818182,Synedrella nodiflora,Synedrella nodiflora (L.) Gaertn.,Asteraceae,Synedrella,SPECIES,HUMAN_OBSERVATION,2024-12-18T08:30:30,2024,-71.512213,18.788813,7,50c9509d-22c7-4a22-a47d-8c48425ef4a7,iNaturalist,Observations,22,03,EL CERCADO,072203,874cd6526ffffff
https://www.inaturalist.org/observations/255499347,5007027409,Triumfetta semitriloba,Triumfetta semitriloba Jacq.,Malvaceae,Triumfetta,SPECIES,HUMAN_OBSERVATION,2024-12-18T08:31:01,2024,-71.512332,18.7888,7,50c9509d-22c7-4a22-a47d-8c48425ef4a7,iNaturalist,Observations,22,03,EL CERCADO,072203,874cd6526ffffff
https://www.inaturalist.org/observations/255499397,5006761642,Melicoccus bijugatus,Melicoccus bijugatus Jacq.,Sapindaceae,Melicoccus,SPECIES,HUMAN_OBSERVATION,2024-12-18T08:36:21,2024,-71.512037,18.788943,6,50c9509d-22c7-4a22-a47d-8c48425ef4a7,iNaturalist,Observations,22,03,EL CERCADO,072203,874cd6526ffffff
https://www.inaturalist.org/observations/255499425,6185149846,Aristolochia caudata,Aristolochia caudata Jacq.,Aristolochiaceae,Aristolochia,SPECIES,HUMAN_OBSERVATION,2024-12-18T08:37:40,2024,-71.512023,18.788817,6,50c9509d-22c7-4a22-a47d-8c48425ef4a7,iNaturalist,Observations,22,03,EL CERCADO,072203,874cd6526ffffff
https://www.inaturalist.org/observations/255499434,5008370373,Guarea guidonia,Guarea guidonia (L.) Sleumer,Meliaceae,Guarea,SPECIES,HUMAN_OBSERVATION,2024-12-18T08:38:43,2024,-71.511907,18.788768,5,50c9509d-22c7-4a22-a47d-8c48425ef4a7,iNaturalist,Observations,22,03,EL CERCADO,072203,874cd6526ffffff
https://www.inaturalist.org/observations/255499467,5008361106,Tabernaemontana citrifolia,Tabernaemontana citrifolia L.,Apocynaceae,Tabernaemontana,SPECIES,HUMAN_OBSERVATION,2024-12-18T08:40:04,2024,-71.511692,18.788692,7,50c9509d-22c7-4a22-a47d-8c48425ef4a7,iNaturalist,Observations,22,03,EL CERCADO,072203,874cd6526ffffff
https://www.inaturalist.org/observations/255499847,5007355915,Guazuma ulmifolia,Guazuma ulmifolia Lam.,Malvaceae,Guazuma,SPECIES,HUMAN_OBSERVATION,2024-12-18T08:46:39,2024,-71.511587,18.788678,5,50c9509d-22c7-4a22-a47d-8c48425ef4a7,iNaturalist,Observations,22,03,EL CERCADO,072203,874cd6526ffffff
https://www.inaturalist.org/observations/255499853,5007066593,Zanthoxylum martinicense,Zanthoxylum martinicense (Lam.) DC.,Rutaceae,Zanthoxylum,SPECIES,HUMAN_OBSERVATION,2024-12-18T08:47:43,2024,-71.511632,18.788718,5,50c9509d-22c7-4a22-a47d-8c48425ef4a7,iNaturalist,Observations,22,03,EL CERCADO,072203,874cd6526ffffff
https://www.inaturalist.org/observations/255499867,5007031021,Syzygium jambos,Syzygium jambos (L.) Alston,Myrtaceae,Syzygium,SPECIES,HUMAN_OBSERVATION,2024-12-18T08:54:10,2024,-71.512377,18.788728,5,50c9509d-22c7-4a22-a47d-8c48425ef4a7,iNaturalist,Observations,22,03,EL CERCADO,072203,874cd6526ffffff
https://www.inaturalist.org/observations/255499910,5007230020,Trichilia pallida,Trichilia pallida Sw.,Meliaceae,Trichilia,SPECIES,HUMAN_OBSERVATION,2024-12-18T09:04:10,2024,-71.511277,18.788758,6,50c9509d-22c7-4a22-a47d-8c48425ef4a7,iNaturalist,Observations,22,03,EL CERCADO,072203,874cd6526ffffff
https://www.inaturalist.org/observations/255499982,5007256603,Exothea paniculata,Exothea paniculata (Juss.) Walp.,Sapindaceae,Exothea,SPECIES,HUMAN_OBSERVATION,2024-12-18T09:16:13,2024,-71.512397000000007,18.788592,4,50c9509d-22c7-4a22-a47d-8c48425ef4a7,iNaturalist,Observations,22,03,EL CERCADO,072203,874cd6535ffffff
https://www.inaturalist.org/observations/255500028,5007479099,Psychotria nervosa,Psychotria nervosa Sw.,Rubiaceae,Psychotria,SPECIES,HUMAN_OBSERVATION,2024-12-18T09:17:18,2024,-71.512442,18.788655,5,50c9509d-22c7-4a22-a47d-8c48425ef4a7,iNaturalist,Observations,22,03,EL CERCADO,072203,874cd6535ffffff
https://www.inaturalist.org/observations/255500103,5008366944,Schoepfia schreberi,Schoepfia schreberi J.F.Gmel.,Schoepfiaceae,Schoepfia,SPECIES,HUMAN_OBSERVATION,2024-12-18T09:23:29,2024,-71.512647,18.788352,4,50c9509d-22c7-4a22-a47d-8c48425ef4a7,iNaturalist,Observations,22,03,EL CERCADO,072203,874cd6535ffffff
https://www.inaturalist.org/observations/255500617,5008359848,Comocladia dentata,Comocladia dentata Jacq.,Anacardiaceae,Comocladia,SPECIES,HUMAN_OBSERVATION,2024-12-18T08:26:44,2024,-71.512263,18.788718,5,50c9509d-22c7-4a22-a47d-8c48425ef4a7,iNaturalist,Observations,22,03,EL CERCADO,072203,874cd6526ffffff
https://www.inaturalist.org/observations/255501687,5007536623,Turbina corymbosa,Ipomoea corymbosa (L.) Roth,Convolvulaceae,Turbina,SPECIES,HUMAN_OBSERVATION,2024-12-18T07:40:46,2024,-71.511018000000007,18.789266,7,50c9509d-22c7-4a22-a47d-8c48425ef4a7,iNaturalist,Observations,22,03,EL CERCADO,072203,874cd6526ffffff
https://www.inaturalist.org/observations/255636955,5062933120,Chrysophyllum oliviforme,Chrysophyllum oliviforme L.,Sapotaceae,Chrysophyllum,SPECIES,HUMAN_OBSERVATION,2024-12-17T15:10:41,2024,-71.514534,18.797022,NA,50c9509d-22c7-4a22-a47d-8c48425ef4a7,iNaturalist,Observations,22,03,EL CERCADO,072203,874cd6526ffffff
https://www.inaturalist.org/observations/255684755,5008116572,Licaria triandra,Licaria triandra (Sw.) Kosterm.,Lauraceae,Licaria,SPECIES,HUMAN_OBSERVATION,2024-12-18T08:28:40,2024,-71.506133,18.786772,1525,50c9509d-22c7-4a22-a47d-8c48425ef4a7,iNaturalist,Observations,22,03,EL CERCADO,072203,874cd6526ffffff
https://www.inaturalist.org/observations/255712672,5007270514,Chrysophyllum oliviforme,Chrysophyllum oliviforme L.,Sapotaceae,Chrysophyllum,SPECIES,HUMAN_OBSERVATION,2024-12-17T15:08:12,2024,-71.512034,18.795808,NA,50c9509d-22c7-4a22-a47d-8c48425ef4a7,iNaturalist,Observations,22,03,EL CERCADO,072203,874cd6526ffffff
https://www.inaturalist.org/observations/255920437,5007547535,Cynoglossum amabile,Cynoglossum amabile Stapf & J.R.Drumm.,Boraginaceae,Cynoglossum,SPECIES,HUMAN_OBSERVATION,2024-12-19T12:10:44,2024,-71.538513,18.684558,6,50c9509d-22c7-4a22-a47d-8c48425ef4a7,iNaturalist,Observations,22,03,EL CERCADO,072203,874cd651bffffff
https://www.inaturalist.org/observations/255920481,5008136122,Cestrum brevifolium,Cestrum brevifolium Urb.,Solanaceae,Cestrum,SPECIES,HUMAN_OBSERVATION,2024-12-19T12:16:39,2024,-71.537893,18.683932,8,50c9509d-22c7-4a22-a47d-8c48425ef4a7,iNaturalist,Observations,22,03,EL CERCADO,072203,874cd651bffffff
https://www.inaturalist.org/observations/255920577,5007083511,Lepidaploa sprengeliana,Lepidaploa sprengeliana (Sch.Bip.) H.Rob.,Asteraceae,Lepidaploa,SPECIES,HUMAN_OBSERVATION,2024-12-19T12:17:50,2024,-71.537932,18.683909,9,50c9509d-22c7-4a22-a47d-8c48425ef4a7,iNaturalist,Observations,22,03,EL CERCADO,072203,874cd651bffffff
https://www.inaturalist.org/observations/255920623,5076833130,Ipomoea hederifolia,Ipomoea hederifolia L.,Convolvulaceae,Ipomoea,SPECIES,HUMAN_OBSERVATION,2024-12-19T12:33:18,2024,-71.53747,18.682005,8,50c9509d-22c7-4a22-a47d-8c48425ef4a7,iNaturalist,Observations,22,03,EL CERCADO,072203,874cd651bffffff
https://www.inaturalist.org/observations/255920786,5008055046,Melinis minutiflora,Melinis minutiflora P.Beauv.,Poaceae,Melinis,SPECIES,HUMAN_OBSERVATION,2024-12-19T13:08:06,2024,-71.536827,18.679274,5,50c9509d-22c7-4a22-a47d-8c48425ef4a7,iNaturalist,Observations,22,03,EL CERCADO,072203,874cd651bffffff
https://www.inaturalist.org/observations/255921420,5007501006,Wigandia pruritiva,Wigandia pruritiva Spreng.,Namaceae,Wigandia,SPECIES,HUMAN_OBSERVATION,2024-12-19T13:59:14,2024,-71.535322,18.669092,8,50c9509d-22c7-4a22-a47d-8c48425ef4a7,iNaturalist,Observations,22,03,EL CERCADO,072203,874cd6435ffffff
https://www.inaturalist.org/observations/255921831,5007429505,Fuchsia triphylla,Fuchsia triphylla L.,Onagraceae,Fuchsia,SPECIES,HUMAN_OBSERVATION,2024-12-19T14:20:27,2024,-71.53553,18.669231,9,50c9509d-22c7-4a22-a47d-8c48425ef4a7,iNaturalist,Observations,22,03,EL CERCADO,072203,874cd6435ffffff
https://www.inaturalist.org/observations/255921910,6195581800,Piqueria trinervia,Piqueria trinervia Cav.,Asteraceae,Piqueria,SPECIES,HUMAN_OBSERVATION,2024-12-19T14:23:11,2024,-71.535592,18.669385,7,50c9509d-22c7-4a22-a47d-8c48425ef4a7,iNaturalist,Observations,22,03,EL CERCADO,072203,874cd6435ffffff
https://www.inaturalist.org/observations/255922142,6274058383,Salvia brachyloba,Salvia brachyloba Urb.,Lamiaceae,Salvia,SPECIES,HUMAN_OBSERVATION,2024-12-19T18:02:33,2024,-71.540661,18.66706,60,50c9509d-22c7-4a22-a47d-8c48425ef4a7,iNaturalist,Observations,22,03,EL CERCADO,072203,874cd6435ffffff
https://www.inaturalist.org/observations/255922205,5007044462,Cestrum sphaerocarpum,Cestrum sphaerocarpum O.E.Schulz,Solanaceae,Cestrum,SPECIES,HUMAN_OBSERVATION,2024-12-19T18:08:59,2024,-71.542561,18.666945,34,50c9509d-22c7-4a22-a47d-8c48425ef4a7,iNaturalist,Observations,22,03,EL CERCADO,072203,874cd6435ffffff
https://www.inaturalist.org/observations/255922271,5007521047,Buddleja domingensis,Buddleja domingensis Urb.,Scrophulariaceae,Buddleja,SPECIES,HUMAN_OBSERVATION,2024-12-19T18:10:51,2024,-71.542359,18.666989,45,50c9509d-22c7-4a22-a47d-8c48425ef4a7,iNaturalist,Observations,22,03,EL CERCADO,072203,874cd6435ffffff
https://www.inaturalist.org/observations/255922376,5008063578,Cestrum sphaerocarpum,Cestrum sphaerocarpum O.E.Schulz,Solanaceae,Cestrum,SPECIES,HUMAN_OBSERVATION,2024-12-19T18:12:22,2024,-71.54242,18.666846,19,50c9509d-22c7-4a22-a47d-8c48425ef4a7,iNaturalist,Observations,22,03,EL CERCADO,072203,874cd6435ffffff
https://www.inaturalist.org/observations/255922614,6273301696,Salvia selleana,Salvia selleana Urb.,Lamiaceae,Salvia,SPECIES,HUMAN_OBSERVATION,2024-12-20T09:34:17,2024,-71.537874,18.659071,9,50c9509d-22c7-4a22-a47d-8c48425ef4a7,iNaturalist,Observations,22,03,EL CERCADO,072203,874cd6435ffffff
https://www.inaturalist.org/observations/255922831,5008396908,Solanum seaforthianum,Solanum seaforthianum Andrews,Solanaceae,Solanum,SPECIES,HUMAN_OBSERVATION,2024-12-20T09:39:21,2024,-71.537642,18.659121,9,50c9509d-22c7-4a22-a47d-8c48425ef4a7,iNaturalist,Observations,22,03,EL CERCADO,072203,874cd6435ffffff
https://www.inaturalist.org/observations/255923313,5007179478,Dichondra sericea,Dichondra sericea Sw.,Convolvulaceae,Dichondra,SPECIES,HUMAN_OBSERVATION,2024-12-20T10:18,2024,-71.541271,18.657483,18,50c9509d-22c7-4a22-a47d-8c48425ef4a7,iNaturalist,Observations,22,03,EL CERCADO,072203,874cd6435ffffff
https://www.inaturalist.org/observations/255924197,5007186682,Pseudognaphalium domingense,Pseudognaphalium domingense (Lam.) Anderb.,Asteraceae,Pseudognaphalium,SPECIES,HUMAN_OBSERVATION,2024-12-20T16:07:02,2024,-71.52796,18.648636,9,50c9509d-22c7-4a22-a47d-8c48425ef4a7,iNaturalist,Observations,22,03,EL CERCADO,072203,874cd6431ffffff
https://www.inaturalist.org/observations/255924586,5007460855,Danthonia domingensis,Danthonia domingensis Hack. & Pilg.,Poaceae,Danthonia,SPECIES,HUMAN_OBSERVATION,2024-12-21T08:32:57,2024,-71.524824,18.643054,9,50c9509d-22c7-4a22-a47d-8c48425ef4a7,iNaturalist,Observations,22,03,EL CERCADO,072203,874cd6404ffffff
https://www.inaturalist.org/observations/255927980,5006928847,Setaria parviflora,Setaria parviflora (Poir.) Kerguélen,Poaceae,Setaria,SPECIES,HUMAN_OBSERVATION,2024-12-21T08:32:57,2024,-71.524824,18.643054,9,50c9509d-22c7-4a22-a47d-8c48425ef4a7,iNaturalist,Observations,22,03,EL CERCADO,072203,874cd6404ffffff
https://www.inaturalist.org/observations/306671996,5292653001,Psychilis cogniauxii,Psychilis cogniauxii (L.O.Williams) Sauleda,Orchidaceae,Psychilis,SPECIES,HUMAN_OBSERVATION,2025-08-14T06:30,2025,-71.505767,18.783577,61,50c9509d-22c7-4a22-a47d-8c48425ef4a7,iNaturalist,Observations,22,03,EL CERCADO,072203,874cd6522ffffff
https://www.inaturalist.org/observations/321415893,5867982501,Poitea dubia,Poitea dubia (Poir.) Lavin,Fabaceae,Poitea,SPECIES,HUMAN_OBSERVATION,1991-03-29T11:22:38,1991,-71.503099,18.781942,NA,50c9509d-22c7-4a22-a47d-8c48425ef4a7,iNaturalist,Observations,22,03,EL CERCADO,072203,874cd6522ffffff
https://www.inaturalist.org/observations/321854131,5868376926,Poitea multiflora,Poitea multiflora (Sw.) Urb.,Fabaceae,Poitea,SPECIES,HUMAN_OBSERVATION,1991-03-29T10:22:41,1991,-71.503227,18.77988,NA,50c9509d-22c7-4a22-a47d-8c48425ef4a7,iNaturalist,Observations,22,03,EL CERCADO,072203,874cd6522ffffff
https://www.inaturalist.org/observations/336175568,6131068311,Fuchsia triphylla,Fuchsia triphylla L.,Onagraceae,Fuchsia,SPECIES,HUMAN_OBSERVATION,2026-01-25T07:28:51,2026,-71.539262,18.661662,4,50c9509d-22c7-4a22-a47d-8c48425ef4a7,iNaturalist,Observations,22,03,EL CERCADO,072203,874cd6435ffffff
https://www.inaturalist.org/observations/336176608,6131399501,"Paraleonurus M.L.Qian, C.L.Xiang & Bo Li","Paraleonurus M.L.Qian, C.L.Xiang & Bo Li",Lamiaceae,Paraleonurus,GENUS,HUMAN_OBSERVATION,2026-01-25T07:15:24,2026,-71.540512,18.663222,3,50c9509d-22c7-4a22-a47d-8c48425ef4a7,iNaturalist,Observations,22,03,EL CERCADO,072203,874cd6435ffffff
https://www.inaturalist.org/observations/338813667,6184843724,Asclepias nivea,Asclepias nivea L.,Apocynaceae,Asclepias,SPECIES,HUMAN_OBSERVATION,2026-01-25T13:08:16,2026,-71.538238,18.662825,NA,50c9509d-22c7-4a22-a47d-8c48425ef4a7,iNaturalist,Observations,22,03,EL CERCADO,072203,874cd6435ffffff
https://www.inaturalist.org/observations/338813680,6159188582,Argemone mexicana,Argemone mexicana L.,Papaveraceae,Argemone,SPECIES,HUMAN_OBSERVATION,2026-01-24T11:59:31,2026,-71.496613,18.71315,4,50c9509d-22c7-4a22-a47d-8c48425ef4a7,iNaturalist,Observations,22,03,EL CERCADO,072203,874cd650effffff
https://www.inaturalist.org/observations/338813699,6159273648,Cynoglossum amabile,Cynoglossum amabile Stapf & J.R.Drumm.,Boraginaceae,Cynoglossum,SPECIES,HUMAN_OBSERVATION,2026-01-24T15:48:40,2026,-71.532745,18.665787,3,50c9509d-22c7-4a22-a47d-8c48425ef4a7,iNaturalist,Observations,22,03,EL CERCADO,072203,874cd6435ffffff
https://www.inaturalist.org/observations/338813720,6186046715,Pseudognaphalium domingense,Pseudognaphalium domingense (Lam.) Anderb.,Asteraceae,Pseudognaphalium,SPECIES,HUMAN_OBSERVATION,2026-01-25T07:17:06,2026,-71.54045,18.662845,8,50c9509d-22c7-4a22-a47d-8c48425ef4a7,iNaturalist,Observations,22,03,EL CERCADO,072203,874cd6435ffffff
https://www.inaturalist.org/observations/338813756,6162794283,Tridax procumbens,Tridax procumbens L.,Asteraceae,Tridax,SPECIES,HUMAN_OBSERVATION,2026-01-24T12:01:12,2026,-71.496553,18.713105,9,50c9509d-22c7-4a22-a47d-8c48425ef4a7,iNaturalist,Observations,22,03,EL CERCADO,072203,874cd650effffff
https://www.inaturalist.org/observations/338813769,6159235549,Emilia fosbergii,Emilia fosbergii Nicolson,Asteraceae,Emilia,SPECIES,HUMAN_OBSERVATION,2026-01-24T11:59:55,2026,-71.496567,18.7131,9,50c9509d-22c7-4a22-a47d-8c48425ef4a7,iNaturalist,Observations,22,03,EL CERCADO,072203,874cd650effffff
https://www.inaturalist.org/observations/338813816,6159539785,Stigmaphyllon emarginatum,Stigmaphyllon emarginatum (Cav.) A.Juss.,Malpighiaceae,Stigmaphyllon,SPECIES,HUMAN_OBSERVATION,2026-01-24T11:57:33,2026,-71.49668,18.713312,3,50c9509d-22c7-4a22-a47d-8c48425ef4a7,iNaturalist,Observations,22,03,EL CERCADO,072203,874cd650effffff
https://www.inaturalist.org/observations/338813857,6184944889,Poitea dubia,Poitea dubia (Poir.) Lavin,Fabaceae,Poitea,SPECIES,HUMAN_OBSERVATION,2026-01-24T11:54:37,2026,-71.496645,18.713245,4,50c9509d-22c7-4a22-a47d-8c48425ef4a7,iNaturalist,Observations,22,03,EL CERCADO,072203,874cd650effffff
https://www.inaturalist.org/observations/338813871,6159545948,Turnera ulmifolia,Turnera ulmifolia L.,Passifloraceae,Turnera,SPECIES,HUMAN_OBSERVATION,2026-01-24T11:53:11,2026,-71.496583,18.713188,6,50c9509d-22c7-4a22-a47d-8c48425ef4a7,iNaturalist,Observations,22,03,EL CERCADO,072203,874cd650effffff
https://www.inaturalist.org/observations/338813898,6159332132,Emilia fosbergii,Emilia fosbergii Nicolson,Asteraceae,Emilia,SPECIES,HUMAN_OBSERVATION,2026-01-24T11:53:51,2026,-71.496567,18.713183,7,50c9509d-22c7-4a22-a47d-8c48425ef4a7,iNaturalist,Observations,22,03,EL CERCADO,072203,874cd650effffff
https://www.inaturalist.org/observations/338813935,6159432152,Ricinus communis,Ricinus communis L.,Euphorbiaceae,Ricinus,SPECIES,HUMAN_OBSERVATION,2026-01-24T11:52:20,2026,-71.496583,18.713158,7,50c9509d-22c7-4a22-a47d-8c48425ef4a7,iNaturalist,Observations,22,03,EL CERCADO,072203,874cd650effffff
https://www.inaturalist.org/observations/96364021,5007185992,Fuchsia triphylla,Fuchsia triphylla L.,Onagraceae,Fuchsia,SPECIES,HUMAN_OBSERVATION,2021-09-25T09:44:10,2021,-71.539932,18.660265,NA,50c9509d-22c7-4a22-a47d-8c48425ef4a7,iNaturalist,Observations,22,03,EL CERCADO,072203,874cd6435ffffff
q-10002718707,3955686596,Argemone mexicana,Argemone mexicana L.,Papaveraceae,Argemone,SPECIES,HUMAN_OBSERVATION,2016-03-02T19:33:24.282Z,2016,-71.519749,18.730152,NA,14d5676a-2c54-4f94-9023-1e8dcd822aa0,,,22,03,EL CERCADO,072203,874cd6502ffffff
q-10082900675,3951712720,Coffea arabica,Coffea arabica L.,Rubiaceae,Coffea,SPECIES,HUMAN_OBSERVATION,2019-06-04T14:45:35.560Z,2019,-71.47,18.67,1059,14d5676a-2c54-4f94-9023-1e8dcd822aa0,,,22,03,EL CERCADO,072203,874cd6556ffffff
q-10370231998,3951443688,Theobroma cacao,Theobroma cacao L.,Malvaceae,Theobroma,SPECIES,HUMAN_OBSERVATION,2021-05-29T15:37:09.204Z,2021,-71.50254,18.769883,11,14d5676a-2c54-4f94-9023-1e8dcd822aa0,,,22,03,EL CERCADO,072203,874cd6522ffffff
urn:catalog:CAS:BOT-BC:1701897,6326260382,Ternstroemia peduncularis,Ternstroemia peduncularis DC.,Pentaphylacaceae,Ternstroemia,SPECIES,PRESERVED_SPECIMEN,2000-12-03,2000,-71.533333,18.745,NA,f934f8e2-32ca-46a7-b2f8-b032a4740454,CAS,BOT-BC,22,03,EL CERCADO,072203,874cd6502ffffff
urn:catalog:MO:Tropicos:100206721,1257559544,Erigeron canadensis,Conyza canadensis var. pusilla (Nutt.) Cronquist,Asteraceae,Erigeron,VARIETY,PRESERVED_SPECIMEN,1967-08-02,1967,-71.5,18.6666,NA,7bd65a7a-f762-11e1-a439-00145eb45e9a,MO,Tropicos,22,03,EL CERCADO,072203,874cd6420ffffff
urn:catalog:MO:Tropicos:100206725,1257559584,Begonia brachypoda,Begonia brachypoda O.E.Schulz,Begoniaceae,Begonia,SPECIES,PRESERVED_SPECIMEN,1967-08-02,1967,-71.5,18.6666,NA,7bd65a7a-f762-11e1-a439-00145eb45e9a,MO,Tropicos,22,03,EL CERCADO,072203,874cd6420ffffff
urn:catalog:MO:Tropicos:100206727,1257559600,Triodanis perfoliata,Specularia perfoliata (L.) A.DC.,Campanulaceae,Triodanis,SPECIES,PRESERVED_SPECIMEN,1967-08-06,1967,-71.5,18.6666,NA,7bd65a7a-f762-11e1-a439-00145eb45e9a,MO,Tropicos,22,03,EL CERCADO,072203,874cd6420ffffff
urn:catalog:MO:Tropicos:100206730,1257559587,Carex polystachya,Carex polystachya Sw. ex Wahlenb.,Cyperaceae,Carex,SPECIES,PRESERVED_SPECIMEN,1967-08-06,1967,-71.5,18.6666,NA,7bd65a7a-f762-11e1-a439-00145eb45e9a,MO,Tropicos,22,03,EL CERCADO,072203,874cd6420ffffff
urn:catalog:MO:Tropicos:100206733,1257559605,Carex scabrella,Carex scabrella Wahlenb.,Cyperaceae,Carex,SPECIES,PRESERVED_SPECIMEN,1967-08-06,1967,-71.5,18.6666,NA,7bd65a7a-f762-11e1-a439-00145eb45e9a,MO,Tropicos,22,03,EL CERCADO,072203,874cd6420ffffff
urn:catalog:MO:Tropicos:100206737,1257559606,Cyperus picardae,Cyperus picardae Boeckeler,Cyperaceae,Cyperus,SPECIES,PRESERVED_SPECIMEN,1967-08-05,1967,-71.5,18.6666,NA,7bd65a7a-f762-11e1-a439-00145eb45e9a,MO,Tropicos,22,03,EL CERCADO,072203,874cd6420ffffff
urn:catalog:MO:Tropicos:100206738,1257559603,Erechtites valerianifolius,Erechtites valerianifolius (Wolf ex Rchb.) DC.,Asteraceae,Erechtites,SPECIES,PRESERVED_SPECIMEN,1967-08-05,1967,-71.5,18.6666,NA,7bd65a7a-f762-11e1-a439-00145eb45e9a,MO,Tropicos,22,03,EL CERCADO,072203,874cd6420ffffff
urn:catalog:MO:Tropicos:100206740,1257559583,Orthosia scoparia,Orthosia scoparia subsp. crassiuscula (Schltr.) Liede & Meve,Apocynaceae,Orthosia,SUBSPECIES,PRESERVED_SPECIMEN,1967-08-05,1967,-71.5,18.6666,NA,7bd65a7a-f762-11e1-a439-00145eb45e9a,MO,Tropicos,22,03,EL CERCADO,072203,874cd6420ffffff
urn:catalog:MO:Tropicos:100206743,1257559602,Bidens pilosa,Bidens pilosa L.,Asteraceae,Bidens,SPECIES,PRESERVED_SPECIMEN,1967-08-05,1967,-71.5,18.6666,NA,7bd65a7a-f762-11e1-a439-00145eb45e9a,MO,Tropicos,22,03,EL CERCADO,072203,874cd6420ffffff
urn:catalog:MO:Tropicos:100206745,1257559570,Peperomia ocoana,Peperomia ocoana Ekman ex Trel.,Piperaceae,Peperomia,SPECIES,PRESERVED_SPECIMEN,1967-08-05,1967,-71.5,18.6666,NA,7bd65a7a-f762-11e1-a439-00145eb45e9a,MO,Tropicos,22,03,EL CERCADO,072203,874cd6420ffffff
urn:catalog:MO:Tropicos:100206747,1257559610,Peperomia pullispica,Peperomia pullispica Trel.,Piperaceae,Peperomia,SPECIES,PRESERVED_SPECIMEN,1967-08-05,1967,-71.5,18.6666,NA,7bd65a7a-f762-11e1-a439-00145eb45e9a,MO,Tropicos,22,03,EL CERCADO,072203,874cd6420ffffff
urn:catalog:MO:Tropicos:100206748,1257559631,Ruehssia dictyophylla,Marsdenia dictyophylla Urb.,Apocynaceae,Ruehssia,SPECIES,PRESERVED_SPECIMEN,1967-08-04,1967,-71.5,18.6666,NA,7bd65a7a-f762-11e1-a439-00145eb45e9a,MO,Tropicos,22,03,EL CERCADO,072203,874cd6420ffffff
urn:catalog:MO:Tropicos:100206752,1257559616,Phytolacca rivinoides,Phytolacca rivinoides Kunth & Bouché,Phytolaccaceae,Phytolacca,SPECIES,PRESERVED_SPECIMEN,1967-08-03,1967,-71.5,18.6666,NA,7bd65a7a-f762-11e1-a439-00145eb45e9a,MO,Tropicos,22,03,EL CERCADO,072203,874cd6420ffffff
urn:catalog:MO:Tropicos:100206754,1257559623,Weinmannia pinnata,Weinmannia pinnata L.,Cunoniaceae,Weinmannia,SPECIES,PRESERVED_SPECIMEN,1967-08-03,1967,-71.5,18.6666,NA,7bd65a7a-f762-11e1-a439-00145eb45e9a,MO,Tropicos,22,03,EL CERCADO,072203,874cd6420ffffff
urn:catalog:MO:Tropicos:100206923,1257559762,Ocotea cuneata,Ocotea nemodaphne Mez,Lauraceae,Ocotea,SPECIES,PRESERVED_SPECIMEN,1967-08-03,1967,-71.5,18.6666,NA,7bd65a7a-f762-11e1-a439-00145eb45e9a,MO,Tropicos,22,03,EL CERCADO,072203,874cd6420ffffff
urn:catalog:MO:Tropicos:100206924,1257559800,Rhytidophyllum vernicosum,Rhytidophyllum vernicosum Urb. & Ekman,Gesneriaceae,Rhytidophyllum,SPECIES,PRESERVED_SPECIMEN,1967-08-03,1967,-71.5,18.6666,NA,7bd65a7a-f762-11e1-a439-00145eb45e9a,MO,Tropicos,22,03,EL CERCADO,072203,874cd6420ffffff
urn:catalog:MO:Tropicos:100206925,1257559787,Isachne rigidifolia,Isachne rigidifolia (Poir.) Urb.,Poaceae,Isachne,SPECIES,PRESERVED_SPECIMEN,1967-08-03,1967,-71.5,18.6666,NA,7bd65a7a-f762-11e1-a439-00145eb45e9a,MO,Tropicos,22,03,EL CERCADO,072203,874cd6420ffffff
urn:catalog:MO:Tropicos:100206927,1257559773,Phoradendron Nutt.,Phoradendron Nutt.,Viscaceae,Phoradendron,GENUS,PRESERVED_SPECIMEN,1967-08-03,1967,-71.5,18.6666,NA,7bd65a7a-f762-11e1-a439-00145eb45e9a,MO,Tropicos,22,03,EL CERCADO,072203,874cd6420ffffff
urn:catalog:MO:Tropicos:100206929,1257559758,Dendrophthora cupulata,Dendrophthora cupulata (DC.) Eichler,Viscaceae,Dendrophthora,SPECIES,PRESERVED_SPECIMEN,1967-08-03,1967,-71.5,18.6666,NA,7bd65a7a-f762-11e1-a439-00145eb45e9a,MO,Tropicos,22,03,EL CERCADO,072203,874cd6420ffffff
urn:catalog:MO:Tropicos:100206930,1257559779,Gamochaeta americana,Gamochaeta americana (Mill.) Wedd.,Asteraceae,Gamochaeta,SPECIES,PRESERVED_SPECIMEN,1967-08-02,1967,-71.5,18.6666,NA,7bd65a7a-f762-11e1-a439-00145eb45e9a,MO,Tropicos,22,03,EL CERCADO,072203,874cd6420ffffff
urn:catalog:MO:Tropicos:100206932,1257559774,Cynodon dactylon,Cynodon dactylon (L.) Pers.,Poaceae,Cynodon,SPECIES,PRESERVED_SPECIMEN,1967-08-02,1967,-71.5,18.6666,NA,7bd65a7a-f762-11e1-a439-00145eb45e9a,MO,Tropicos,22,03,EL CERCADO,072203,874cd6420ffffff
urn:catalog:MO:Tropicos:100206933,1257559782,Setaria parviflora,Setaria geniculata (Poir.) P.Beauv.,Poaceae,Setaria,SPECIES,PRESERVED_SPECIMEN,1967-08-02,1967,-71.5,18.6666,NA,7bd65a7a-f762-11e1-a439-00145eb45e9a,MO,Tropicos,22,03,EL CERCADO,072203,874cd6420ffffff
urn:catalog:MO:Tropicos:100207583,1257560400,Serpocaulon dissimile,Polypodium dissimile L.,Polypodiaceae,Serpocaulon,SPECIES,PRESERVED_SPECIMEN,1967-08-02,1967,-71.5,18.6666,NA,7bd65a7a-f762-11e1-a439-00145eb45e9a,MO,Tropicos,22,03,EL CERCADO,072203,874cd6420ffffff
urn:catalog:MO:Tropicos:100207592,1257560408,Blechnum polypodioides,Blechnum polypodioides Raddi,Blechnaceae,Blechnum,SPECIES,PRESERVED_SPECIMEN,1967-08-03,1967,-71.5,18.6666,NA,7bd65a7a-f762-11e1-a439-00145eb45e9a,MO,Tropicos,22,03,EL CERCADO,072203,874cd6420ffffff
urn:catalog:MO:Tropicos:100207594,1257560440,Pecluma eurybasis,Polypodium eurybasis var. eurybasis,Polypodiaceae,Pecluma,VARIETY,PRESERVED_SPECIMEN,1967-08-05,1967,-71.5,18.6666,NA,7bd65a7a-f762-11e1-a439-00145eb45e9a,MO,Tropicos,22,03,EL CERCADO,072203,874cd6420ffffff
urn:catalog:MO:Tropicos:100207595,1257560419,Austroblechnum divergens,Blechnum divergens (Kunze) Mett.,Blechnaceae,Austroblechnum,SPECIES,PRESERVED_SPECIMEN,1967-08-07,1967,-71.5,18.6666,NA,7bd65a7a-f762-11e1-a439-00145eb45e9a,MO,Tropicos,22,03,EL CERCADO,072203,874cd6420ffffff
urn:catalog:MO:Tropicos:100309687,1257659346,Passiflora orbiculata,Passiflora orbiculata Cav.,Passifloraceae,Passiflora,SPECIES,PRESERVED_SPECIMEN,2004-11-02,2004,-71.55,18.666667,NA,e053ff53-c156-4e2e-b9b5-4462e9625424,US,Tropicos,22,03,EL CERCADO,072203,874cd6434ffffff
urn:catalog:MO:Tropicos:100322048,1257671606,Plantae,Plantae,,,KINGDOM,PRESERVED_SPECIMEN,1967-08-03,1967,-71.5,18.6666,NA,7bd65a7a-f762-11e1-a439-00145eb45e9a,MO,Tropicos,22,03,EL CERCADO,072203,874cd6420ffffff
urn:catalog:MO:Tropicos:100427124,1257774551,Alsophila jimeneziana,Alsophila jimeneziana D.S.Conant,Cyatheaceae,Alsophila,SPECIES,PRESERVED_SPECIMEN,2003-06-23,2003,-71.5476,18.6545,NA,7bd65a7a-f762-11e1-a439-00145eb45e9a,MO,Tropicos,22,03,EL CERCADO,072203,874cd6430ffffff
urn:catalog:MO:Tropicos:100510581,1257856996,Passiflora sexflora,Passiflora sexflora Juss.,Passifloraceae,Passiflora,SPECIES,PRESERVED_SPECIMEN,2003-06-20,2003,-71.557222,18.651944,NA,e053ff53-c156-4e2e-b9b5-4462e9625424,US,Tropicos,22,03,EL CERCADO,072203,874cd6430ffffff
urn:catalog:MO:Tropicos:100745341,1258075842,Eupatorium L.,Eupatorium L.,Asteraceae,Eupatorium,GENUS,PRESERVED_SPECIMEN,2000-12-03,2000,-71.533333,18.75,NA,7bd65a7a-f762-11e1-a439-00145eb45e9a,MO,Tropicos,22,03,EL CERCADO,072203,874cd6506ffffff
urn:catalog:MO:Tropicos:100850861,1258169345,Pseudognaphalium tortuanum,Gnaphalium tortuanum Urb.,Asteraceae,Pseudognaphalium,SPECIES,PRESERVED_SPECIMEN,2004-11-17,2004,-71.55,18.666667,NA,7bd65a7a-f762-11e1-a439-00145eb45e9a,MO,Tropicos,22,03,EL CERCADO,072203,874cd6434ffffff
urn:catalog:MO:Tropicos:101039458,2268936365,Rondeletia carnea,Rondeletia carnea Urb. & Ekman,Rubiaceae,Rondeletia,SPECIES,PRESERVED_SPECIMEN,2004-11-02,2004,-71.55,18.666667,NA,7bd65a7a-f762-11e1-a439-00145eb45e9a,MO,Tropicos,22,03,EL CERCADO,072203,874cd6434ffffff
urn:catalog:MO:Tropicos:101039461,2268936479,Coccoloba picardae,Coccoloba picardae Urb.,Polygonaceae,Coccoloba,SPECIES,PRESERVED_SPECIMEN,2004-11-02,2004,-71.55,18.666667,NA,7bd65a7a-f762-11e1-a439-00145eb45e9a,MO,Tropicos,22,03,EL CERCADO,072203,874cd6434ffffff
urn:catalog:MO:Tropicos:101039462,2268936205,Pinus occidentalis,Pinus occidentalis Sw.,Pinaceae,Pinus,SPECIES,PRESERVED_SPECIMEN,2004-11-02,2004,-71.55,18.666667,NA,7bd65a7a-f762-11e1-a439-00145eb45e9a,MO,Tropicos,22,03,EL CERCADO,072203,874cd6434ffffff
urn:catalog:MO:Tropicos:101039463,2268935821,Clematis dioica,Clematis dioica L.,Ranunculaceae,Clematis,SPECIES,PRESERVED_SPECIMEN,2004-11-03,2004,-71.533333,18.75,NA,7bd65a7a-f762-11e1-a439-00145eb45e9a,MO,Tropicos,22,03,EL CERCADO,072203,874cd6506ffffff
urn:catalog:MO:Tropicos:101039465,2268937202,Exostema parviflorum,Exostema parviflorum A.Rich. ex Humb. & Bonpl.,Rubiaceae,Exostema,SPECIES,PRESERVED_SPECIMEN,2004-11-03,2004,-71.533333,18.75,NA,7bd65a7a-f762-11e1-a439-00145eb45e9a,MO,Tropicos,22,03,EL CERCADO,072203,874cd6506ffffff
urn:catalog:MO:Tropicos:101039468,2268936239,Dalea carthagenensis,Dalea carthagenensis (Jacq.) J.F.Macbr.,Fabaceae,Dalea,SPECIES,PRESERVED_SPECIMEN,2004-11-03,2004,-71.533333,18.75,NA,7bd65a7a-f762-11e1-a439-00145eb45e9a,MO,Tropicos,22,03,EL CERCADO,072203,874cd6506ffffff
urn:catalog:MO:Tropicos:101041472,2268938304,Ekmaniopappus mikanioides,Herodotia mikanioides Urb. & Ekman,Asteraceae,Ekmaniopappus,SPECIES,PRESERVED_SPECIMEN,2001-02-27,2001,-71.556389,18.651389000000002,NA,7bd65a7a-f762-11e1-a439-00145eb45e9a,MO,Tropicos,22,03,EL CERCADO,072203,874cd6430ffffff
urn:catalog:MO:Tropicos:101041474,2268937888,Hieracium gronovii,Hieracium gronovii L.,Asteraceae,Hieracium,SPECIES,PRESERVED_SPECIMEN,2001-02-27,2001,-71.556389,18.651389000000002,NA,7bd65a7a-f762-11e1-a439-00145eb45e9a,MO,Tropicos,22,03,EL CERCADO,072203,874cd6430ffffff
urn:catalog:MO:Tropicos:101041477,2268938598,Teucrium cubense,Teucrium cubense Jacq.,Lamiaceae,Teucrium,SPECIES,PRESERVED_SPECIMEN,2001-02-27,2001,-71.556389,18.651389000000002,NA,7bd65a7a-f762-11e1-a439-00145eb45e9a,MO,Tropicos,22,03,EL CERCADO,072203,874cd6430ffffff
urn:catalog:MO:Tropicos:101041478,2268939072,Cestrum virgaurea,Cestrum virgaurea Urb. & Ekman,Solanaceae,Cestrum,SPECIES,PRESERVED_SPECIMEN,2001-02-27,2001,-71.556389,18.651389000000002,NA,7bd65a7a-f762-11e1-a439-00145eb45e9a,MO,Tropicos,22,03,EL CERCADO,072203,874cd6430ffffff
urn:catalog:MO:Tropicos:101041480,2268938160,Persea krugii,Persea krugii Mez,Lauraceae,Persea,SPECIES,PRESERVED_SPECIMEN,2001-02-27,2001,-71.556389,18.651389000000002,NA,7bd65a7a-f762-11e1-a439-00145eb45e9a,MO,Tropicos,22,03,EL CERCADO,072203,874cd6430ffffff
urn:catalog:MO:Tropicos:101041482,2268937854,Myrsine nubicola,Myrsine nubicola Alain,Primulaceae,Myrsine,SPECIES,PRESERVED_SPECIMEN,2001-02-27,2001,-71.556389,18.651389000000002,NA,7bd65a7a-f762-11e1-a439-00145eb45e9a,MO,Tropicos,22,03,EL CERCADO,072203,874cd6430ffffff
urn:catalog:MO:Tropicos:101041484,2268937668,Palicourea eriantha,Palicourea eriantha DC.,Rubiaceae,Palicourea,SPECIES,PRESERVED_SPECIMEN,2001-02-27,2001,-71.556389,18.651389000000002,NA,7bd65a7a-f762-11e1-a439-00145eb45e9a,MO,Tropicos,22,03,EL CERCADO,072203,874cd6430ffffff
urn:catalog:MO:Tropicos:101041488,2268938364,Miconia favosa,Miconia favosa (Desr.) Naudin,Melastomataceae,Miconia,SPECIES,PRESERVED_SPECIMEN,2001-02-27,2001,-71.556389,18.651389000000002,NA,7bd65a7a-f762-11e1-a439-00145eb45e9a,MO,Tropicos,22,03,EL CERCADO,072203,874cd6430ffffff
urn:catalog:MO:Tropicos:101041491,2268937532,Sapium daphnoides,Sapium daphnoides Griseb.,Euphorbiaceae,Sapium,SPECIES,PRESERVED_SPECIMEN,2001-02-27,2001,-71.556389,18.651389000000002,NA,7bd65a7a-f762-11e1-a439-00145eb45e9a,MO,Tropicos,22,03,EL CERCADO,072203,874cd6430ffffff
urn:catalog:MO:Tropicos:101041492,2268938640,Jaltomata antillana,Jaltomata antillana (Krug & Urb.) D'Arcy,Solanaceae,Jaltomata,SPECIES,PRESERVED_SPECIMEN,2001-02-27,2001,-71.556389,18.651389000000002,NA,7bd65a7a-f762-11e1-a439-00145eb45e9a,MO,Tropicos,22,03,EL CERCADO,072203,874cd6430ffffff
urn:catalog:MO:Tropicos:101041494,2268937921,Wedelia serrata,Wedelia serrata Rich.,Asteraceae,Wedelia,SPECIES,PRESERVED_SPECIMEN,2001-02-28,2001,-71.533889,18.683889,NA,7bd65a7a-f762-11e1-a439-00145eb45e9a,MO,Tropicos,22,03,EL CERCADO,072203,874cd651bffffff
urn:catalog:MO:Tropicos:101045465,2268941402,Trichilia havanensis,Trichilia havanensis Jacq.,Meliaceae,Trichilia,SPECIES,PRESERVED_SPECIMEN,2001-02-28,2001,-71.533889,18.683889,NA,7bd65a7a-f762-11e1-a439-00145eb45e9a,MO,Tropicos,22,03,EL CERCADO,072203,874cd651bffffff
urn:catalog:MO:Tropicos:101045466,2268941620,Ternstroemia peduncularis,Ternstroemia peduncularis DC.,Pentaphylacaceae,Ternstroemia,SPECIES,PRESERVED_SPECIMEN,2001-02-28,2001,-71.533889,18.683889,NA,7bd65a7a-f762-11e1-a439-00145eb45e9a,MO,Tropicos,22,03,EL CERCADO,072203,874cd651bffffff
urn:catalog:MO:Tropicos:101046985,2268944009,Symphyotrichum dumosum,Aster dumosus L.,Asteraceae,Symphyotrichum,SPECIES,PRESERVED_SPECIMEN,2001-02-27,2001,-71.556389,18.651389000000002,NA,7bd65a7a-f762-11e1-a439-00145eb45e9a,MO,Tropicos,22,03,EL CERCADO,072203,874cd6430ffffff
urn:catalog:MO:Tropicos:101046986,2268943511,Ranunculus recurvatus,Ranunculus recurvatus Poir.,Ranunculaceae,Ranunculus,SPECIES,PRESERVED_SPECIMEN,2001-02-27,2001,-71.556389,18.651389000000002,NA,7bd65a7a-f762-11e1-a439-00145eb45e9a,MO,Tropicos,22,03,EL CERCADO,072203,874cd6430ffffff
urn:catalog:MO:Tropicos:101046987,2268945320,Coccoloba picardae,Coccoloba picardae Urb.,Polygonaceae,Coccoloba,SPECIES,PRESERVED_SPECIMEN,2001-02-28,2001,-71.533889,18.683889,NA,7bd65a7a-f762-11e1-a439-00145eb45e9a,MO,Tropicos,22,03,EL CERCADO,072203,874cd651bffffff
urn:catalog:MO:Tropicos:101053404,2268950846,Lepidaploa sprengeliana,Lepidaploa sprengeliana (Sch.Bip.) H.Rob.,Asteraceae,Lepidaploa,SPECIES,PRESERVED_SPECIMEN,2000-12-03,2000,-71.533333,18.75,NA,7bd65a7a-f762-11e1-a439-00145eb45e9a,MO,Tropicos,22,03,EL CERCADO,072203,874cd6506ffffff
urn:catalog:MO:Tropicos:101053407,2268948796,Prunus myrtifolia,Prunus myrtifolia (L.) Urb.,Rosaceae,Prunus,SPECIES,PRESERVED_SPECIMEN,2000-12-03,2000,-71.533333,18.75,NA,7bd65a7a-f762-11e1-a439-00145eb45e9a,MO,Tropicos,22,03,EL CERCADO,072203,874cd6506ffffff
urn:catalog:MO:Tropicos:101053409,2268950363,Narvalina domingensis,Narvalina domingensis (Cass.) Less.,Asteraceae,Narvalina,SPECIES,PRESERVED_SPECIMEN,2000-12-03,2000,-71.533333,18.75,NA,7bd65a7a-f762-11e1-a439-00145eb45e9a,MO,Tropicos,22,03,EL CERCADO,072203,874cd6506ffffff
urn:catalog:MO:Tropicos:101053410,2268949569,Ageratina havanensis,Eupatorium havanense Kunth,Asteraceae,Ageratina,SPECIES,PRESERVED_SPECIMEN,2000-12-03,2000,-71.533333,18.75,NA,7bd65a7a-f762-11e1-a439-00145eb45e9a,MO,Tropicos,22,03,EL CERCADO,072203,874cd6506ffffff
urn:catalog:MO:Tropicos:101053413,2268949033,Myrsine nubicola,Myrsine nubicola Alain,Primulaceae,Myrsine,SPECIES,PRESERVED_SPECIMEN,2000-12-05,2000,-71.55,18.666667,NA,7bd65a7a-f762-11e1-a439-00145eb45e9a,MO,Tropicos,22,03,EL CERCADO,072203,874cd6434ffffff
urn:catalog:MO:Tropicos:101277533,3115530429,Radula pallens,Radula kegelii Gottsche ex Steph.,Radulaceae,Radula,SPECIES,PRESERVED_SPECIMEN,1979-11-27,1979,-71.5,18.666667,NA,7bd65a7a-f762-11e1-a439-00145eb45e9a,MO,Tropicos,22,03,EL CERCADO,072203,874cd6420ffffff
urn:catalog:MO:Tropicos:1034201,1258238958,Amphilophium stamineum,Distictis staminea (Lam.) A.H.Gentry,Bignoniaceae,Amphilophium,SPECIES,PRESERVED_SPECIMEN,,NA,-71.51666,18.71666,NA,e053ff53-c156-4e2e-b9b5-4462e9625424,JBSD,Tropicos,22,03,EL CERCADO,072203,874cd6503ffffff
urn:catalog:MO:Tropicos:104496566,5831638853,Orthosia scoparia,Orthosia scoparia subsp. crassiuscula (Schltr.) Liede & Meve,Apocynaceae,Orthosia,SUBSPECIES,PRESERVED_SPECIMEN,1967-08-05,1967,-71.5,18.6666,NA,e053ff53-c156-4e2e-b9b5-4462e9625424,NY,Tropicos,22,03,EL CERCADO,072203,874cd6420ffffff
urn:catalog:MO:Tropicos:105111147,6194617857,Plagiomnium rhynchophorum,Plagiomnium rhynchophorum (Harv.) T.J. Kop.,Mniaceae,Plagiomnium,SPECIES,PRESERVED_SPECIMEN,1967-07,1967,-71.5,18.666667,NA,7bd65a7a-f762-11e1-a439-00145eb45e9a,MO,Tropicos,22,03,EL CERCADO,072203,874cd6420ffffff
urn:catalog:MO:Tropicos:90109081,1261680510,Callicosta affinis,Pilotrichum affine (Hook.) Brid.,Callicostaceae,Callicosta,SPECIES,PRESERVED_SPECIMEN,1979-11-27,1979,-71.5,18.66666,NA,7bd65a7a-f762-11e1-a439-00145eb45e9a,MO,Tropicos,22,03,EL CERCADO,072203,874cd6420ffffff
urn:catalog:MO:Tropicos:90109082,1261680507,Callicosta affinis,Pilotrichum affine (Hook.) Brid.,Callicostaceae,Callicosta,SPECIES,PRESERVED_SPECIMEN,1979-11-27,1979,-71.5,18.66666,NA,7bd65a7a-f762-11e1-a439-00145eb45e9a,MO,Tropicos,22,03,EL CERCADO,072203,874cd6420ffffff
urn:catalog:MO:Tropicos:90115705,1261687179,Fissidens weirii,Fissidens weirii var. weirii,Fissidentaceae,Fissidens,VARIETY,PRESERVED_SPECIMEN,1979-11-27,1979,-71.5,18.66666,NA,7bd65a7a-f762-11e1-a439-00145eb45e9a,MO,Tropicos,22,03,EL CERCADO,072203,874cd6420ffffff
urn:catalog:MO:Tropicos:90237555,1261809195,Pseudomacromitrium cirrosum,Macromitrium cirrosum (Hedw.) Brid.,Orthotrichaceae,Pseudomacromitrium,SPECIES,PRESERVED_SPECIMEN,1979-11-27,1979,-71.5,18.66666,NA,7bd65a7a-f762-11e1-a439-00145eb45e9a,MO,Tropicos,22,03,EL CERCADO,072203,874cd6420ffffff
urn:catalog:MO:Tropicos:90237556,1261809214,Pseudomacromitrium cirrosum,Macromitrium cirrosum (Hedw.) Brid.,Orthotrichaceae,Pseudomacromitrium,SPECIES,PRESERVED_SPECIMEN,1979-11-27,1979,-71.5,18.66666,NA,7bd65a7a-f762-11e1-a439-00145eb45e9a,MO,Tropicos,22,03,EL CERCADO,072203,874cd6420ffffff
