occurrenceID,gbifID,especie,scientificName,family,genus,taxonRank,basisOfRecord,eventDate,year,decimalLongitude,decimalLatitude,coordinateUncertaintyInMeters,datasetKey,institutionCode,collectionCode,provincia_codigo,municipio_codigo,municipio,id_municipio,hex_id
0055B837-0B0E-4F57-8F78-DF8806938E48,5082353416,Plantae,Plantae,,,KINGDOM,PRESERVED_SPECIMEN,1992-07-12,1992,-70.933333,19.35,NA,f3f03cbf-1a01-4739-ae15-c1355b8c2dbf,CM,Botany,25,05,SAN JOSÉ DE LAS MATAS,012505,874c89059ffffff
00f6581f-4c34-4b02-b8f9-c8a9f4f09c87,1927781552,Cojoba filipes,Cojoba filipes (Vent.) Barneby & J.W.Grimes,Fabaceae,Cojoba,SPECIES,PRESERVED_SPECIMEN,1985-07-16,1985,-71.13,19.28,NA,d415c253-4d61-4459-9d25-4015b9084fb0,NY,NY,25,05,SAN JOSÉ DE LAS MATAS,012505,874c89772ffffff
0110a258-30ce-4d36-8c8a-83ec73a30788,1457744099,Miconia stenobotrys,Miconia stenobotrys (Rich.) Naudin,Melastomataceae,Miconia,SPECIES,PRESERVED_SPECIMEN,1985-07-16,1985,-71.15,19.283333,NA,b89d52a2-861d-4388-adad-c0da3d55fc78,UF,,25,05,SAN JOSÉ DE LAS MATAS,012505,874c8970dffffff
0286409b-449f-4f89-bfbe-482a10bd1fe3,1927807204,Piper jacquemontianum,Piper jacquemontianum (Kunth) Kunth ex Steud.,Piperaceae,Piper,SPECIES,PRESERVED_SPECIMEN,1987-04-14,1987,-70.88,19.2,NA,d415c253-4d61-4459-9d25-4015b9084fb0,NY,NY,25,05,SAN JOSÉ DE LAS MATAS,012505,874c89210ffffff
02f3c660-453e-427c-8053-3b9dffe66b30,1927809214,Varronia curassavica,Varronia curassavica Jacq.,Cordiaceae,Varronia,SPECIES,PRESERVED_SPECIMEN,1978-08,1978,-70.939,19.340706,1321.57,d415c253-4d61-4459-9d25-4015b9084fb0,NY,NY,25,05,SAN JOSÉ DE LAS MATAS,012505,874c89059ffffff
0310c9bc8beefb600fd585b883c88462,1893856271,Eustichia longirostris,Eustichia longirostris (Brid.) Brid.,Eustichiaceae,Eustichia,SPECIES,PRESERVED_SPECIMEN,1987-01-14,1987,-70.975,19.041667,NA,27ba04cd-45b9-4f5c-b032-d1bcc584fbdd,IBUNAM,MEXU,25,05,SAN JOSÉ DE LAS MATAS,012505,874cd6906ffffff
032369b1-faf4-44cf-8674-c4c27c7fcf17,1927811627,Campylopus flexuosus,Campylopus flexuosus (Hedw.) Brid.,Leucobryaceae,Campylopus,SPECIES,PRESERVED_SPECIMEN,1988-12-08,1988,-71.02,19.03,NA,d415c253-4d61-4459-9d25-4015b9084fb0,NY,NY,25,05,SAN JOSÉ DE LAS MATAS,012505,874cd6910ffffff
03B5F13A-772F-4FDA-8E17-770DE32CFA16,1503214937,Eugenia crenulata,Eugenia crenulata (Sw.) Willd.,Myrtaceae,Eugenia,SPECIES,PRESERVED_SPECIMEN,1968-05-09,1968,-70.9723,19.3382,NA,af1b4db0-c8ce-4a95-b700-8a6a02bed9d6,USF,Herb,25,05,SAN JOSÉ DE LAS MATAS,012505,874c893b4ffffff
04b6bdb5-e4d9-4842-8463-808284a50b25,2270677004,Eugenia lindahlii,Eugenia lindahlii Urb. & Ekman,Myrtaceae,Eugenia,SPECIES,PRESERVED_SPECIMEN,1986-11-14,1986,-70.9333,19.3167,NA,e05fd4c2-4d77-4c50-880e-1b22096af300,ASU,Plants,25,05,SAN JOSÉ DE LAS MATAS,012505,874c893a2ffffff
0647f778-8026-40c9-992f-bb504cf8c914,1927857340,Odontosoria aculeata,Odontosoria aculeata (L.) J.Sm.,Lindsaeaceae,Odontosoria,SPECIES,PRESERVED_SPECIMEN,1989-01-24,1989,-71.03,19.08,NA,d415c253-4d61-4459-9d25-4015b9084fb0,NY,NY,25,05,SAN JOSÉ DE LAS MATAS,012505,874c8964dffffff
066f26a7-eff9-424a-8c32-6d7701e832dc,1927858660,Croton eluteria,Croton cascarilla (L.) L.,Euphorbiaceae,Croton,SPECIES,PRESERVED_SPECIMEN,1975-03-02,1975,-70.991163,19.345919,1301.57,d415c253-4d61-4459-9d25-4015b9084fb0,NY,NY,25,05,SAN JOSÉ DE LAS MATAS,012505,874c890e9ffffff
06A03857-1EB5-4F74-84F8-99210A2B930B,1655986916,Euphorbia pergamena,Euphorbia adenoptera subsp. pergamena (Small) Oudejans,Euphorbiaceae,Euphorbia,SUBSPECIES,PRESERVED_SPECIMEN,1970-04-29,1970,-70.8956,19.3391,NA,af1b4db0-c8ce-4a95-b700-8a6a02bed9d6,USF,Herb,25,05,SAN JOSÉ DE LAS MATAS,012505,874c8904bffffff
070163E7-1A5A-4FF1-B218-E877C470DBA6,153281621,Sphenomeris clavata,Sphenomeris clavata (L.) Maxon,Lindsaeaceae,Sphenomeris,SPECIES,PRESERVED_SPECIMEN,2000-11-23,2000,-70.9583,19.32,NA,832cb04e-f762-11e1-a439-00145eb45e9a,FTG,Herbarium,25,05,SAN JOSÉ DE LAS MATAS,012505,874c893b5ffffff
077243ff-1259-40b1-b9e2-a041b5b2301f,3987767307,Asplenium dimidiatum,Asplenium dimidiatum Sw.,Aspleniaceae,Asplenium,SPECIES,PRESERVED_SPECIMEN,2018-11-28,2018,-71.15238,19.21329,NA,b89d52a2-861d-4388-adad-c0da3d55fc78,UF,,25,05,SAN JOSÉ DE LAS MATAS,012505,874c8962cffffff
0794e89d-e709-4ee8-af64-05af239adc95,1301789181,Zea mays,Zea mays subsp. mays,Poaceae,Zea,SUBSPECIES,OCCURRENCE,1962-01-01,1962,-71.05,19.29,NA,07044577-bd82-4089-9f3a-f4a9d2170b2e,Bioversity-SINGER,,25,05,SAN JOSÉ DE LAS MATAS,012505,874c89764ffffff
07bdfe35-e3b4-4867-acfd-ecb00b608f93,1301609076,Zea mays,Zea mays subsp. mays,Poaceae,Zea,SUBSPECIES,OCCURRENCE,,NA,-71.05,19.29,NA,07044577-bd82-4089-9f3a-f4a9d2170b2e,Bioversity-SINGER,,25,05,SAN JOSÉ DE LAS MATAS,012505,874c89764ffffff
08ec82c4-ab77-4f05-aa4c-9c9d8b8c6708,1927894603,Agalinis fasciculata,Agalinis fasciculata (Elliott) Raf.,Orobanchaceae,Agalinis,SPECIES,PRESERVED_SPECIMEN,1988-06-27,1988,-71.03,19.12,NA,d415c253-4d61-4459-9d25-4015b9084fb0,NY,NY,25,05,SAN JOSÉ DE LAS MATAS,012505,874c89668ffffff
0E30A661-41B5-4E2D-80DD-7F9082D6800F,122966877,Lantana reticulata,Lantana reticulata Pers.,Verbenaceae,Lantana,SPECIES,PRESERVED_SPECIMEN,1984-10-04,1984,-71.17,19.27,NA,832cb04e-f762-11e1-a439-00145eb45e9a,FTG,Herbarium,25,05,SAN JOSÉ DE LAS MATAS,012505,874c8970affffff
0a0c890e-378a-4f52-9c16-1070d1ac8a75,1056629620,Arachniodes rigidissima,Arachniodes rigidissima (Hook.) Ching,Dryopteridaceae,Arachniodes,SPECIES,PRESERVED_SPECIMEN,1929-10,1929,-70.966389,19.048889,NA,7e380070-f762-11e1-a439-00145eb45e9a,NHMUK,BOT,25,05,SAN JOSÉ DE LAS MATAS,012505,874cd6904ffffff
0a0f1af1-ea24-4d03-9805-8a8790e450d5,1927909648,Monteverdia domingensis,Maytenus domingensis Krug & Urb.,Celastraceae,Monteverdia,SPECIES,PRESERVED_SPECIMEN,1968-05-09,1968,-70.991078,19.346246,1250,d415c253-4d61-4459-9d25-4015b9084fb0,NY,NY,25,05,SAN JOSÉ DE LAS MATAS,012505,874c890e9ffffff
0a39ec40-7222-43a3-94d9-0d13d31547be,1927912244,Elaphoglossum erinaceum,Elaphoglossum erinaceum (Fée) T.Moore,Dryopteridaceae,Elaphoglossum,SPECIES,PRESERVED_SPECIMEN,1968-11-05/1968-11-09,1968,-71.0333,19.1167,NA,d415c253-4d61-4459-9d25-4015b9084fb0,NY,NY,25,05,SAN JOSÉ DE LAS MATAS,012505,874c89668ffffff
0a772ceb-164c-40af-86f5-ad026269058b,1135478293,Polystichopsis pubescens,Polystichopsis pubescens (L.) C.V.Morton,Dryopteridaceae,Polystichopsis,SPECIES,PRESERVED_SPECIMEN,1930-01-08,1930,-70.939722,19.337778,NA,7e380070-f762-11e1-a439-00145eb45e9a,NHMUK,BOT,25,05,SAN JOSÉ DE LAS MATAS,012505,874c893a6ffffff
0aa322bc-c285-43fc-b73d-7e85363b42c3,1927917960,Lonchitis hirsuta,Lonchitis hirsuta L.,Lonchitidaceae,Lonchitis,SPECIES,PRESERVED_SPECIMEN,2001-03-30,2001,-70.98,19.325,NA,d415c253-4d61-4459-9d25-4015b9084fb0,NY,NY,25,05,SAN JOSÉ DE LAS MATAS,012505,874c893b0ffffff
0b3ec776-13c9-4180-99ca-62441c3728d3,1927926559,Venturiella glaziovii,Venturiella glaziovii (Hampe) Pursell,Erpodiaceae,Venturiella,SPECIES,PRESERVED_SPECIMEN,1983-02-19,1983,-70.97,19.35,NA,d415c253-4d61-4459-9d25-4015b9084fb0,NY,NY,25,05,SAN JOSÉ DE LAS MATAS,012505,874c8905affffff
0df6694b-f8de-4998-b1da-ef7d0a2d3629,1927964981,Condea verticillata,Hyptis verticillata Jacq.,Lamiaceae,Condea,SPECIES,PRESERVED_SPECIMEN,1984-10-03,1984,-71,19.37,NA,d415c253-4d61-4459-9d25-4015b9084fb0,NY,NY,25,05,SAN JOSÉ DE LAS MATAS,012505,874c890ecffffff
10a4f3b2-7ce3-4a22-956c-f93ac674a020,1928003402,Miconia impetiolaris,Miconia impetiolaris (Sw.) D.Don,Melastomataceae,Miconia,SPECIES,PRESERVED_SPECIMEN,1988-05-25,1988,-71.13,19.28,NA,d415c253-4d61-4459-9d25-4015b9084fb0,NY,NY,25,05,SAN JOSÉ DE LAS MATAS,012505,874c89772ffffff
10b40f1f-c049-43cb-8574-642ab35e5184,1457749475,Miconia stenobotrys,Miconia stenobotrys (Rich.) Naudin,Melastomataceae,Miconia,SPECIES,PRESERVED_SPECIMEN,1989-08-19,1989,-71.083333,19.283333,NA,b89d52a2-861d-4388-adad-c0da3d55fc78,UF,,25,05,SAN JOSÉ DE LAS MATAS,012505,874c89775ffffff
10baf0ae-72af-4e12-99e0-6748a6a40523,1928004270,Serpocaulon A.R.Sm.,Serpocaulon A.R.Sm.,Polypodiaceae,Serpocaulon,GENUS,PRESERVED_SPECIMEN,1982-05-12,1982,-71,19.03,NA,d415c253-4d61-4459-9d25-4015b9084fb0,NY,NY,25,05,SAN JOSÉ DE LAS MATAS,012505,874cd6915ffffff
1121e546-e060-4992-b34c-5704431f65b7,2270467444,Myrtaceae Juss.,Myrtaceae Juss.,Myrtaceae,,FAMILY,PRESERVED_SPECIMEN,1985-07-16,1985,-71.1333,19.2833,NA,e05fd4c2-4d77-4c50-880e-1b22096af300,ASU,Plants,25,05,SAN JOSÉ DE LAS MATAS,012505,874c8970dffffff
11338121-43ab-4d3f-82d2-acf8c2f69d4d,1928010704,Arceuthobium bicarinatum,Arceuthobium bicarinatum Urb.,Viscaceae,Arceuthobium,SPECIES,PRESERVED_SPECIMEN,1968-05-14,1968,-71.06839,19.319901,863.57,d415c253-4d61-4459-9d25-4015b9084fb0,NY,NY,25,05,SAN JOSÉ DE LAS MATAS,012505,874c890ddffffff
116f2fb0-985c-491f-be32-f19890c1c74a,1301609038,Zea mays,Zea mays subsp. mays,Poaceae,Zea,SUBSPECIES,OCCURRENCE,,NA,-71.05,19.29,NA,07044577-bd82-4089-9f3a-f4a9d2170b2e,Bioversity-SINGER,,25,05,SAN JOSÉ DE LAS MATAS,012505,874c89764ffffff
11f9d8c3-727f-48ef-9d03-16a127642ef2,4102229964,Bulbostylis juncoides,Bulbostylis juncoides (Vahl) Kük. ex Herter,Cyperaceae,Bulbostylis,SPECIES,PRESERVED_SPECIMEN,1988-06-27,1988,-71.033333,19.05,NA,3111dc38-3143-4792-9802-610f1de4961c,BRIT,VDB,25,05,SAN JOSÉ DE LAS MATAS,012505,874cd6916ffffff
128a34aa-cd84-476b-af56-9a7fbbdb5753,1928030166,Enterosora trifurcata,Enterosora trifurcata (L.) L.E.Bishop,Polypodiaceae,Enterosora,SPECIES,PRESERVED_SPECIMEN,1987-04-15,1987,-70.9,19.22,NA,d415c253-4d61-4459-9d25-4015b9084fb0,NY,NY,25,05,SAN JOSÉ DE LAS MATAS,012505,874c8938bffffff
12a582ae-982f-4e38-b445-e65768183e4a,1928030379,Pleopeltis polypodioides,Pleopeltis polypodioides (L.) E.G.Andrews & Windham,Polypodiaceae,Pleopeltis,SPECIES,PRESERVED_SPECIMEN,1989-08-19,1989,-71.08,19.28,NA,d415c253-4d61-4459-9d25-4015b9084fb0,NY,NY,25,05,SAN JOSÉ DE LAS MATAS,012505,874c89775ffffff
136963D2-05FD-4CCF-A6CC-9A6D36143BFB,122966845,Lantana horrida,Lantana subcordata Urb.,Verbenaceae,Lantana,SPECIES,PRESERVED_SPECIMEN,1983-02-19,1983,-71.15,19.25,NA,832cb04e-f762-11e1-a439-00145eb45e9a,FTG,Herbarium,25,05,SAN JOSÉ DE LAS MATAS,012505,874c89756ffffff
13ddd500-aeb4-41b0-bd31-5394ea8a4952,1928047919,Turnera pumilea,Turnera pumilea L.,Passifloraceae,Turnera,SPECIES,PRESERVED_SPECIMEN,1982-02-19,1982,-71.03,19.37,NA,d415c253-4d61-4459-9d25-4015b9084fb0,NY,NY,25,05,SAN JOSÉ DE LAS MATAS,012505,874c890eeffffff
156AA0B9-774D-4BBF-A4E8-45E45F3C6733,122989837,Badiera penaea,Polygala penaea L.,Polygalaceae,Badiera,SPECIES,PRESERVED_SPECIMEN,1982-03-02,1982,-70.9667,19.3347,NA,832cb04e-f762-11e1-a439-00145eb45e9a,FTG,Herbarium,25,05,SAN JOSÉ DE LAS MATAS,012505,874c893b4ffffff
15c798c5-6dde-44ae-85fd-ac7b09dd7308,1928074970,Galactia dubia,Galactia dubia DC.,Fabaceae,Galactia,SPECIES,PRESERVED_SPECIMEN,1968-05-09,1968,-70.991078,19.346246,1250,d415c253-4d61-4459-9d25-4015b9084fb0,NY,NY,25,05,SAN JOSÉ DE LAS MATAS,012505,874c890e9ffffff
16514623-A1B4-4B9E-9DC8-21518EC9BDC6,153275085,Eugenia foetida,Eugenia foetida Pers.,Myrtaceae,Eugenia,SPECIES,PRESERVED_SPECIMEN,1989-09-28,1989,-70.9,19.45,NA,832cb04e-f762-11e1-a439-00145eb45e9a,FTG,Herbarium,25,05,SAN JOSÉ DE LAS MATAS,012505,874c89064ffffff
17725038-36c1-41a0-84a5-b8c13b0a4d8d,1928098168,Doryopteris pedata,Doryopteris pedata (L.) Fée,Pteridaceae,Doryopteris,SPECIES,PRESERVED_SPECIMEN,1982-02-19,1982,-70.97,19.35,NA,d415c253-4d61-4459-9d25-4015b9084fb0,NY,NY,25,05,SAN JOSÉ DE LAS MATAS,012505,874c8905affffff
186c7833-b2f5-4ea8-8cc0-5590e62b79d6,1928112035,Ternstroemia peduncularis,Ternstroemia peduncularis DC.,Pentaphylacaceae,Ternstroemia,SPECIES,PRESERVED_SPECIMEN,1968-05-09,1968,-70.991078,19.346246,1250,d415c253-4d61-4459-9d25-4015b9084fb0,NY,NY,25,05,SAN JOSÉ DE LAS MATAS,012505,874c890e9ffffff
199193fc-6d95-4e49-ad6d-20d51e4e196b,2270546726,Rubiaceae Juss.,Rubiaceae Juss.,Rubiaceae,,FAMILY,PRESERVED_SPECIMEN,1989-08-19,1989,-71.07166,19.357598,3036,e05fd4c2-4d77-4c50-880e-1b22096af300,ASU,Plants,25,05,SAN JOSÉ DE LAS MATAS,012505,874c890c2ffffff
1A36CC8A-24AC-4DE3-8A56-2262B392B5F4,1585944879,Nissolia vincentina,Chaetocalyx scandens (L.) Urb.,Fabaceae,Nissolia,SPECIES,PRESERVED_SPECIMEN,1969-01-27,1969,-70.883,19.316,NA,af1b4db0-c8ce-4a95-b700-8a6a02bed9d6,USF,Herb,25,05,SAN JOSÉ DE LAS MATAS,012505,874c89312ffffff
1D63A205-9FEE-4C4B-A843-C5DE3C6F48DA,1503313562,Lantana ciferriana,Lantana ciferriana Ekman ex Moldenke,Verbenaceae,Lantana,SPECIES,PRESERVED_SPECIMEN,1968-05-27,1968,-70.883,19.316,NA,af1b4db0-c8ce-4a95-b700-8a6a02bed9d6,USF,Herb,25,05,SAN JOSÉ DE LAS MATAS,012505,874c89312ffffff
1E044786-C5C4-4D65-A8EE-9DA8DA55FAB0,122976604,Murraya paniculata,Murraya paniculata (L.) Jacq.,Rutaceae,Murraya,SPECIES,PRESERVED_SPECIMEN,1982-03-02,1982,-70.9667,19.3417,NA,832cb04e-f762-11e1-a439-00145eb45e9a,FTG,Herbarium,25,05,SAN JOSÉ DE LAS MATAS,012505,874c893b4ffffff
1a8a9ec8-241e-4259-a413-52cebac3cdd1,1928141628,Croton betulinus,Croton betulinus Vahl,Euphorbiaceae,Croton,SPECIES,PRESERVED_SPECIMEN,1968-04-09,1968,-70.991078,19.346246,1250,d415c253-4d61-4459-9d25-4015b9084fb0,NY,NY,25,05,SAN JOSÉ DE LAS MATAS,012505,874c890e9ffffff
1ab045ba-5371-4c5c-a24b-f413d9ea7e36,1928144206,Varronia haitiensis,Varronia haitiensis (Urb.) Borhidi,Cordiaceae,Varronia,SPECIES,PRESERVED_SPECIMEN,1975-03-02,1975,-70.939,19.340706,1321.57,d415c253-4d61-4459-9d25-4015b9084fb0,NY,NY,25,05,SAN JOSÉ DE LAS MATAS,012505,874c89059ffffff
1ab5ecd6-7527-40e8-94ec-840f0f84a2fa,4465137302,Miconia hirticaulis,Mecranium puberulum Cogn.,Melastomataceae,Miconia,SPECIES,PRESERVED_SPECIMEN,2002-09-09,2002,-70.95,19.433333,NA,b89d52a2-861d-4388-adad-c0da3d55fc78,UF,,25,05,SAN JOSÉ DE LAS MATAS,012505,874c89071ffffff
1ada89c5-b895-4daa-99f5-af8e9a613e37,1928146234,Diphasiastrum fawcettii,Lycopodium fawcettii F.E.Lloyd & Underw.,Lycopodiaceae,Diphasiastrum,SPECIES,PRESERVED_SPECIMEN,1988-12-08,1988,-71.02,19.03,NA,d415c253-4d61-4459-9d25-4015b9084fb0,NY,NY,25,05,SAN JOSÉ DE LAS MATAS,012505,874cd6910ffffff
1d709fbb-fa5c-4d36-9ea5-5184c209e671,3920740308,Danaea nodosa,Danaea elliptica Sm.,Marattiaceae,Danaea,SPECIES,PRESERVED_SPECIMEN,1993-08-13,1993,-70.85,19.22,NA,b89d52a2-861d-4388-adad-c0da3d55fc78,UF,,25,05,SAN JOSÉ DE LAS MATAS,012505,874c89233ffffff
1e52e568-d6f6-48f7-991f-4df3a776090b,1457754121,Miconia tetrandra,Miconia tetrandra (Sw.) D.Don,Melastomataceae,Miconia,SPECIES,PRESERVED_SPECIMEN,1988-06-28,1988,-70.966667,19.233333,NA,b89d52a2-861d-4388-adad-c0da3d55fc78,UF,,25,05,SAN JOSÉ DE LAS MATAS,012505,874c89398ffffff
1ec7448d-8a1a-4f00-8bbb-1d7c6a8d9e9a,1928205612,Trichilia pallida,Trichilia pallida Sw.,Meliaceae,Trichilia,SPECIES,PRESERVED_SPECIMEN,1991-04-24,1991,-71.03,19.42,NA,d415c253-4d61-4459-9d25-4015b9084fb0,NY,NY,25,05,SAN JOSÉ DE LAS MATAS,012505,874c890e4ffffff
1f63813c-7672-4ecd-9c11-c52c5d2ba7f8,1928213456,Anemia hirsuta,Anemia hirsuta (L.) Sw.,Anemiaceae,Anemia,SPECIES,PRESERVED_SPECIMEN,1982-02-19,1982,-71.03,19.37,NA,d415c253-4d61-4459-9d25-4015b9084fb0,NY,NY,25,05,SAN JOSÉ DE LAS MATAS,012505,874c890eeffffff
212da380-7090-44c1-90ca-11bc6bc32017,1928238935,Pseudotaxiphyllum subfalcatum,"Pseudotaxiphyllum subfalcatum (Austin) X.Q. Li, Q. Zuo & Y.F. Wang",Plagiotheciaceae,Pseudotaxiphyllum,SPECIES,PRESERVED_SPECIMEN,1988-12-08,1988,-71.02,19.03,NA,d415c253-4d61-4459-9d25-4015b9084fb0,NY,NY,25,05,SAN JOSÉ DE LAS MATAS,012505,874cd6910ffffff
2184bf6a-60e6-46e0-ba2c-2f926fa1c83a,4455459310,Passiflora murucuja,Passiflora murucuja L.,Passifloraceae,Passiflora,SPECIES,PRESERVED_SPECIMEN,2004-09-20,2004,-70.933333,19.308333,NA,b89d52a2-861d-4388-adad-c0da3d55fc78,UF,,25,05,SAN JOSÉ DE LAS MATAS,012505,874c893a2ffffff
219ec501-fd8e-4973-ae8c-c71d387ecae5,1928245314,Moeroris fuertesii,Phyllanthus fuertesii Urb.,Phyllanthaceae,Moeroris,SPECIES,PRESERVED_SPECIMEN,1968-05-09,1968,-70.991078,19.346246,1250,d415c253-4d61-4459-9d25-4015b9084fb0,NY,NY,25,05,SAN JOSÉ DE LAS MATAS,012505,874c890e9ffffff
21f95da8-9d12-474b-88ff-a2e1bbec5da4,1928250479,Tillandsia recurvata,Tillandsia recurvata (L.) L.,Bromeliaceae,Tillandsia,SPECIES,PRESERVED_SPECIMEN,1982-03-02,1982,-70.97,19.3417,NA,d415c253-4d61-4459-9d25-4015b9084fb0,NY,NY,25,05,SAN JOSÉ DE LAS MATAS,012505,874c893b4ffffff
226e3b39-95c9-4073-aa3c-78e83511dd1b,1928256199,Miconia scabrosa,Sagraea scabrosa Naudin,Melastomataceae,Miconia,SPECIES,PRESERVED_SPECIMEN,1985-07-16,1985,-71.13,19.28,NA,d415c253-4d61-4459-9d25-4015b9084fb0,NY,NY,25,05,SAN JOSÉ DE LAS MATAS,012505,874c89772ffffff
23618871-1d95-4d28-9d03-8ec363715cc4,5028930636,Elaphoglossum quisqueyanum,Elaphoglossum quisqueyanum A.Vasco,Dryopteridaceae,Elaphoglossum,SPECIES,PRESERVED_SPECIMEN,1929-09-15,1929,-71.122,19.072,1000,7e380070-f762-11e1-a439-00145eb45e9a,NHMUK,BOT,25,05,SAN JOSÉ DE LAS MATAS,012505,874c8965affffff
238cd8a8-f36c-4153-9825-ce05e4dd207d,1457755883,Miconia macrocarpa,Miconia macrocarpa subsp. tuerckheimii (Cogn.) Judd & Ionta,Melastomataceae,Miconia,SUBSPECIES,PRESERVED_SPECIMEN,1999-03-20,1999,-71.016667,19.116667,NA,b89d52a2-861d-4388-adad-c0da3d55fc78,UF,,25,05,SAN JOSÉ DE LAS MATAS,012505,874c8966dffffff
23983C6F-D2A5-4EBF-AEFF-19D850807ADE,122965482,Lantana reticulata,Lantana reticulata Pers.,Verbenaceae,Lantana,SPECIES,PRESERVED_SPECIMEN,1984-10-04,1984,-71.17,19.27,NA,832cb04e-f762-11e1-a439-00145eb45e9a,FTG,Herbarium,25,05,SAN JOSÉ DE LAS MATAS,012505,874c8970affffff
2414C030-ED62-4B13-A053-2FB90438C35E,1503313524,Myrcia chytraculia,Myrcia zuzygium (L.) A.R.Lourenço & E.Lucas,Myrtaceae,Myrcia,SPECIES,PRESERVED_SPECIMEN,1969-05-07,1969,-71.0047,19.3976,NA,af1b4db0-c8ce-4a95-b700-8a6a02bed9d6,USF,Herb,25,05,SAN JOSÉ DE LAS MATAS,012505,874c89052ffffff
24274b3b-b9b2-41c4-af3c-693e86799760,1457756199,Miconia viscidula,Miconia viscidula Urb. & Cogn.,Melastomataceae,Miconia,SPECIES,PRESERVED_SPECIMEN,1997-02-12,1997,-71.033333,19.066667,NA,b89d52a2-861d-4388-adad-c0da3d55fc78,UF,,25,05,SAN JOSÉ DE LAS MATAS,012505,874c89649ffffff
2456cca1-e8bf-48df-82d4-51d09663da80,1928284024,Rhynchostegium scariosum,Rhynchostegium scariosum (Taylor) Spruce,Brachytheciaceae,Rhynchostegium,SPECIES,PRESERVED_SPECIMEN,1988-12-08,1988,-71.02,19.03,NA,d415c253-4d61-4459-9d25-4015b9084fb0,NY,NY,25,05,SAN JOSÉ DE LAS MATAS,012505,874cd6910ffffff
246aa867-da71-4f79-a47e-ece0737e6911,1928284203,Siphocampylus igneus,Siphocampylus igneus Urb.,Campanulaceae,Siphocampylus,SPECIES,PRESERVED_SPECIMEN,1988-12-08,1988,-71.02,19.03,NA,d415c253-4d61-4459-9d25-4015b9084fb0,NY,NY,25,05,SAN JOSÉ DE LAS MATAS,012505,874cd6910ffffff
24a267c8-39dc-402b-a2b4-054ea20761ce,1457756236,Miconia acuminoides,"Miconia acuminoides Skean, Judd & Majure",Melastomataceae,Miconia,SPECIES,PRESERVED_SPECIMEN,1987-06-09,1987,-71.116667,19.308333,NA,b89d52a2-861d-4388-adad-c0da3d55fc78,UF,,25,05,SAN JOSÉ DE LAS MATAS,012505,874c89729ffffff
2518b8d4-0563-45a1-9eb6-0cbd15c74e13,4131602308,Hypericum pycnophyllum,Hypericum pycnophyllum Urb.,Hypericaceae,Hypericum,SPECIES,PRESERVED_SPECIMEN,1988-12-08,1988,-71.016667,19.033333,NA,b89d52a2-861d-4388-adad-c0da3d55fc78,UF,,25,05,SAN JOSÉ DE LAS MATAS,012505,874cd6910ffffff
25305316-3f7c-4e4f-9381-e4ff5db2f6cc,1457756445,Miconia impetiolaris,Miconia impetiolaris (Sw.) D.Don,Melastomataceae,Miconia,SPECIES,PRESERVED_SPECIMEN,1988-05-25,1988,-71.133333,19.283333,NA,b89d52a2-861d-4388-adad-c0da3d55fc78,UF,,25,05,SAN JOSÉ DE LAS MATAS,012505,874c8970dffffff
262d5f29-a7ff-4d21-b3de-b22b6d559df9,1304605614,Solanum crotonoides,Solanum crotonoides Lam.,Solanaceae,Solanum,SPECIES,OCCURRENCE,1988-06-28,1988,-70.966667,19.233333,NA,07044577-bd82-4089-9f3a-f4a9d2170b2e,Bioversity,,25,05,SAN JOSÉ DE LAS MATAS,012505,874c89398ffffff
276d547b-3170-4d43-85c7-e409885496f2,1457757164,Miconia mirabilis,Miconia mirabilis (Aubl.) L.O.Williams,Melastomataceae,Miconia,SPECIES,PRESERVED_SPECIMEN,2001-03-30,2001,-70.983333,19.325,NA,b89d52a2-861d-4388-adad-c0da3d55fc78,UF,,25,05,SAN JOSÉ DE LAS MATAS,012505,874c893b6ffffff
28014be8-fc5e-4ac6-a143-dcb334c9048d,1928334781,Croton discolor,Croton discolor Willd.,Euphorbiaceae,Croton,SPECIES,PRESERVED_SPECIMEN,1982-02-19,1982,-71.08,19.38,NA,d415c253-4d61-4459-9d25-4015b9084fb0,NY,NY,25,05,SAN JOSÉ DE LAS MATAS,012505,874c890c6ffffff
282acb09-bbe5-4de0-bfe2-edc7d038ea7c,4525834305,Miconia scalpta,"Miconia scalpta (Vent.) Ionta, Judd & Skean",Melastomataceae,Miconia,SPECIES,PRESERVED_SPECIMEN,1988-05-25,1988,-71.15,19.3,NA,b89d52a2-861d-4388-adad-c0da3d55fc78,UF,,25,05,SAN JOSÉ DE LAS MATAS,012505,874c8972bffffff
284f9746-13bf-4315-819c-c2e7f70e4b1c,1301609047,Zea mays,Zea mays subsp. mays,Poaceae,Zea,SUBSPECIES,OCCURRENCE,,NA,-71.05,19.29,NA,07044577-bd82-4089-9f3a-f4a9d2170b2e,Bioversity-SINGER,,25,05,SAN JOSÉ DE LAS MATAS,012505,874c89764ffffff
2984b005-7dbb-406f-81a6-979c219f8f38,1457757912,Miconia bicolor,Miconia bicolor var. bicolor,Melastomataceae,Miconia,VARIETY,PRESERVED_SPECIMEN,1985-07-16,1985,-71.2,19.35,NA,b89d52a2-861d-4388-adad-c0da3d55fc78,UF,,25,05,SAN JOSÉ DE LAS MATAS,012505,874c89722ffffff
2a28847c-ce0c-4823-a26d-3fd5d149f6ea,4465135305,Miconia strigillosa,Miconia strigillosa (Sw.) Judd & Ionta,Melastomataceae,Miconia,SPECIES,PRESERVED_SPECIMEN,2000-11-23,2000,-70.958333,19.32,NA,b89d52a2-861d-4388-adad-c0da3d55fc78,UF,,25,05,SAN JOSÉ DE LAS MATAS,012505,874c893b5ffffff
2aa586ef-b09c-410c-8429-57240afd604e,1928372705,Grimmia longirostris,Grimmia longirostris Hook.,Grimmiaceae,Grimmia,SPECIES,PRESERVED_SPECIMEN,1988-12-08,1988,-71.02,19.03,NA,d415c253-4d61-4459-9d25-4015b9084fb0,NY,NY,25,05,SAN JOSÉ DE LAS MATAS,012505,874cd6910ffffff
2bb2121d-8f6e-4c58-8b87-ca25623b1059,2270676773,Pimenta racemosa,Pimenta racemosa var. ozua (Urb. & Ekman) Landrum,Myrtaceae,Pimenta,VARIETY,PRESERVED_SPECIMEN,1985-07-16,1985,-71.1667,19.3,NA,e05fd4c2-4d77-4c50-880e-1b22096af300,ASU,Plants,25,05,SAN JOSÉ DE LAS MATAS,012505,874c8970cffffff
2bf401e4-4774-4515-af4b-9e293ddf76ee,4142987465,Exostema spinosum,Exostema spinosum (Vavass.) Krug & Urb.,Rubiaceae,Exostema,SPECIES,PRESERVED_SPECIMEN,1991-04-24,1991,-71.05,19.416667,NA,b89d52a2-861d-4388-adad-c0da3d55fc78,UF,,25,05,SAN JOSÉ DE LAS MATAS,012505,874c890e6ffffff
2c618819-42de-47c2-8d4b-078bc0918b21,1928397502,Tabebuia polyantha,Tabebuia polyantha Urb. & Ekman,Bignoniaceae,Tabebuia,SPECIES,PRESERVED_SPECIMEN,1988-05-24,1988,-71.15,19.25,NA,d415c253-4d61-4459-9d25-4015b9084fb0,NY,NY,25,05,SAN JOSÉ DE LAS MATAS,012505,874c89756ffffff
2d1a5a83-5355-413c-97e0-b9dada45e3e5,1301609057,Zea mays,Zea mays subsp. mays,Poaceae,Zea,SUBSPECIES,OCCURRENCE,,NA,-71.05,19.29,NA,07044577-bd82-4089-9f3a-f4a9d2170b2e,Bioversity-SINGER,,25,05,SAN JOSÉ DE LAS MATAS,012505,874c89764ffffff
2d4e2268-3949-4932-8ef4-51a135854f29,1457759181,Miconia krugii,Miconia krugii Cogn.,Melastomataceae,Miconia,SPECIES,PRESERVED_SPECIMEN,1989-01-24,1989,-71.033333,19.083333,NA,b89d52a2-861d-4388-adad-c0da3d55fc78,UF,,25,05,SAN JOSÉ DE LAS MATAS,012505,874c8964dffffff
2d6ee6c9-706d-4364-9f8b-b6e79d42e002,1928412734,Dendropemon pycnophyllus,Dendropemon pycnophyllus Krug & Urb.,Loranthaceae,Dendropemon,SPECIES,PRESERVED_SPECIMEN,1988-12-08,1988,-71.02,19.03,NA,d415c253-4d61-4459-9d25-4015b9084fb0,NY,NY,25,05,SAN JOSÉ DE LAS MATAS,012505,874cd6910ffffff
2de13990-0ee9-48bd-80c6-d28b90d1323b,1928418195,Rondeletia grandiflora,Stevensia grandiflora Alain,Rubiaceae,Rondeletia,SPECIES,PRESERVED_SPECIMEN,2000-11-23,2000,-70.9583,19.32,NA,d415c253-4d61-4459-9d25-4015b9084fb0,NY,NY,25,05,SAN JOSÉ DE LAS MATAS,012505,874c893b5ffffff
2df57aa6-88d5-4a62-ba5a-d05a4a058c28,1928418821,Rhytidophyllum auriculatum,Rhytidophyllum auriculatum Hook.,Gesneriaceae,Rhytidophyllum,SPECIES,PRESERVED_SPECIMEN,1985-07-16,1985,-71.17,19.32,NA,d415c253-4d61-4459-9d25-4015b9084fb0,NY,NY,25,05,SAN JOSÉ DE LAS MATAS,012505,874c89705ffffff
2f51f4a2-9c88-47d0-9968-19cb4ee88213,1301609046,Zea mays,Zea mays subsp. mays,Poaceae,Zea,SUBSPECIES,OCCURRENCE,,NA,-71.05,19.29,NA,07044577-bd82-4089-9f3a-f4a9d2170b2e,Bioversity-SINGER,,25,05,SAN JOSÉ DE LAS MATAS,012505,874c89764ffffff
2ff97877-a30b-4f21-8cc6-ab94a5afe499,1928447700,Mora abbottii,Mora abbottii Rose & Leonard,Fabaceae,Mora,SPECIES,PRESERVED_SPECIMEN,1986-10-14,1986,-70.97,19.33,NA,d415c253-4d61-4459-9d25-4015b9084fb0,NY,NY,25,05,SAN JOSÉ DE LAS MATAS,012505,874c893b4ffffff
31593a01-efd3-4aab-9a4a-78f3f9e4c2fe,1928468449,Grimmia longirostris,Grimmia longirostris Hook.,Grimmiaceae,Grimmia,SPECIES,PRESERVED_SPECIMEN,1988-12-08,1988,-71.02,19.03,NA,d415c253-4d61-4459-9d25-4015b9084fb0,NY,NY,25,05,SAN JOSÉ DE LAS MATAS,012505,874cd6910ffffff
32a42499-9749-41a0-ae97-4d61ad446b1f,1928484950,Lantana horrida,Lantana subcordata Urb.,Verbenaceae,Lantana,SPECIES,PRESERVED_SPECIMEN,1969-05-07,1969,-70.960833,19.346389,2620,d415c253-4d61-4459-9d25-4015b9084fb0,NY,NY,25,05,SAN JOSÉ DE LAS MATAS,012505,874c8905bffffff
32e7d427-7d1d-4ebc-aa29-447950819d73,1928488550,Thelypteris Schmidel,Thelypteris Schmidel,Thelypteridaceae,Thelypteris,GENUS,PRESERVED_SPECIMEN,1985-07-16,1985,-71.13,19.28,NA,d415c253-4d61-4459-9d25-4015b9084fb0,NY,NY,25,05,SAN JOSÉ DE LAS MATAS,012505,874c89772ffffff
3322ceab-713e-4595-aa81-16c1d403e159,1928491857,Psychotria heterochroa,Psychotria heterochroa Urb.,Rubiaceae,Psychotria,SPECIES,PRESERVED_SPECIMEN,1969-05-07,1969,-70.960833,19.346389,2620,d415c253-4d61-4459-9d25-4015b9084fb0,NY,NY,25,05,SAN JOSÉ DE LAS MATAS,012505,874c8905bffffff
33a2fed0-2083-41a2-a4ce-b2c07b0247d6,1928498590,Elaphoglossum gramineum,Elaphoglossum gramineum (Jenman) Urb.,Dryopteridaceae,Elaphoglossum,SPECIES,PRESERVED_SPECIMEN,1931-05-14,1931,-71.18,19.33,NA,d415c253-4d61-4459-9d25-4015b9084fb0,NY,NY,25,05,SAN JOSÉ DE LAS MATAS,012505,874c89705ffffff
3424f632-e187-4de9-930f-691f0db61d7a,1928505898,Badiera penaea,Badiera penaea (L.) DC.,Polygalaceae,Badiera,SPECIES,PRESERVED_SPECIMEN,1982-03-02,1982,-70.97,19.3417,NA,d415c253-4d61-4459-9d25-4015b9084fb0,NY,NY,25,05,SAN JOSÉ DE LAS MATAS,012505,874c893b4ffffff
345006ce-b25e-43a5-84a6-a1435a35a1a3,1928508402,Elaphoglossum petiolatum,Elaphoglossum petiolatum (Sw.) Urb.,Dryopteridaceae,Elaphoglossum,SPECIES,PRESERVED_SPECIMEN,1989-08-19,1989,-71.08,19.28,NA,d415c253-4d61-4459-9d25-4015b9084fb0,NY,NY,25,05,SAN JOSÉ DE LAS MATAS,012505,874c89775ffffff
345d5e5d-68fd-4cb5-8aa3-547906d36df7,1928509239,Pinochia corymbosa,Pinochia corymbosa (Jacq.) M.E.Endress & B.F.Hansen,Apocynaceae,Pinochia,SPECIES,PRESERVED_SPECIMEN,1989-08-19,1989,-71.08,19.28,NA,d415c253-4d61-4459-9d25-4015b9084fb0,NY,NY,25,05,SAN JOSÉ DE LAS MATAS,012505,874c89775ffffff
3628e4c5-3c4c-454b-a720-11bec2f5ee1f,1928534185,Pseudocryphaea domingensis,Pseudocryphaea domingensis (Spreng.) W.R. Buck,Rutenbergiaceae,Pseudocryphaea,SPECIES,PRESERVED_SPECIMEN,1981-01-28,1981,-70.93,19.28,NA,d415c253-4d61-4459-9d25-4015b9084fb0,NY,NY,25,05,SAN JOSÉ DE LAS MATAS,012505,874c89380ffffff
3710c6d4-f407-4244-bf44-63a57e527cc5,1301858003,Zea mays,Zea mays subsp. mays,Poaceae,Zea,SUBSPECIES,OCCURRENCE,1959-01-01,1959,-71.05,19.34,NA,07044577-bd82-4089-9f3a-f4a9d2170b2e,Bioversity-SINGER,,25,05,SAN JOSÉ DE LAS MATAS,012505,874c890ceffffff
39B79DCF-CF39-4AC6-90FE-2F74AFFF665D,122966404,Lantana horrida,Lantana subcordata Urb.,Verbenaceae,Lantana,SPECIES,PRESERVED_SPECIMEN,1975-03-02,1975,-71.0047,19.3976,3036,832cb04e-f762-11e1-a439-00145eb45e9a,FTG,Herbarium,25,05,SAN JOSÉ DE LAS MATAS,012505,874c89052ffffff
3EAAE04E-387C-4127-B94D-50B5DDC00706,122964390,Lantana L.,Lantana L.,Verbenaceae,Lantana,GENUS,PRESERVED_SPECIMEN,1983-02-19,1983,-71.1,19.23,NA,832cb04e-f762-11e1-a439-00145eb45e9a,FTG,Herbarium,25,05,SAN JOSÉ DE LAS MATAS,012505,874c89742ffffff
3a056eab-e941-44ac-98a4-1bf50bd13d67,4079747803,Nissolia vincentina,Nissolia vincentina (Ker Gawl.) T.M.Moura & Fort.-Perez,Fabaceae,Nissolia,SPECIES,PRESERVED_SPECIMEN,1970-12-27,1970,-70.917405,19.149098,318,3b040a48-deae-485c-95b1-2ac80b7fdc54,IIBZ,USD,25,05,SAN JOSÉ DE LAS MATAS,012505,874c892aaffffff
3a1aaedf-6709-457b-8f32-facf78cfe0fb,1304204592,Solanum torvum,Solanum torvum Sw.,Solanaceae,Solanum,SPECIES,OCCURRENCE,,NA,-70.97392,19.263359,NA,07044577-bd82-4089-9f3a-f4a9d2170b2e,PBI_NHM,,25,05,SAN JOSÉ DE LAS MATAS,012505,874c89391ffffff
3a5fc16f-4290-44cb-adfb-8543e7ab130d,1928593779,Miconia albicans,Miconia albicans (Sw.) Triana,Melastomataceae,Miconia,SPECIES,PRESERVED_SPECIMEN,1985-07-16,1985,-71.13,19.28,NA,d415c253-4d61-4459-9d25-4015b9084fb0,NY,NY,25,05,SAN JOSÉ DE LAS MATAS,012505,874c89772ffffff
3aabcfcd-e1b1-45a7-bd21-7e2ce7abc34a,3329399258,Miconia longicollis,Miconia longicollis (Urb. & Cogn.) Judd & Becquer,Melastomataceae,Miconia,SPECIES,PRESERVED_SPECIMEN,1819-05-19,1819,-71.19114,19.35753,NA,b89d52a2-861d-4388-adad-c0da3d55fc78,UF,,25,05,SAN JOSÉ DE LAS MATAS,012505,874c89722ffffff
3c2d3a91-da72-4ae7-a035-db8bc2315785,1928619229,Lophosoria quadripinnata,Lophosoria quadripinnata (J.F.Gmel.) C.Chr.,Dicksoniaceae,Lophosoria,SPECIES,PRESERVED_SPECIMEN,1989-06-26,1989,-71.033,19.05,NA,d415c253-4d61-4459-9d25-4015b9084fb0,NY,NY,25,05,SAN JOSÉ DE LAS MATAS,012505,874cd6916ffffff
3cbac08c-6873-4ed0-8532-766f75831a3f,4079747653,Melanthera nivea,Melanthera nivea (L.) Small,Asteraceae,Melanthera,SPECIES,PRESERVED_SPECIMEN,1950-05-30,1950,-70.922275,19.285197,1702,3b040a48-deae-485c-95b1-2ac80b7fdc54,IIBZ,USD,25,05,SAN JOSÉ DE LAS MATAS,012505,874c89385ffffff
3f18374e-5b35-4262-9b0c-5886f24229f2,1457765318,Miconia krugii,Miconia krugii Cogn.,Melastomataceae,Miconia,SPECIES,PRESERVED_SPECIMEN,1999-03-20,1999,-71.016667,19.116667,NA,b89d52a2-861d-4388-adad-c0da3d55fc78,UF,,25,05,SAN JOSÉ DE LAS MATAS,012505,874c8966dffffff
3ff517ce-b2a4-44b5-8d57-25b555c2b02d,5886498501,Miconia vegaensis,"Miconia vegaensis (Cogn.) Judd, Bécquer & Majure",Melastomataceae,Miconia,SPECIES,PRESERVED_SPECIMEN,2023-01-13,2023,-71.0159,19.05597,NA,b89d52a2-861d-4388-adad-c0da3d55fc78,UF,,25,05,SAN JOSÉ DE LAS MATAS,012505,874cd6914ffffff
40898293-205f-4e2b-be44-4cd9d56bb997,1301609032,Zea mays,Zea mays subsp. mays,Poaceae,Zea,SUBSPECIES,OCCURRENCE,,NA,-71.05,19.29,NA,07044577-bd82-4089-9f3a-f4a9d2170b2e,Bioversity-SINGER,,25,05,SAN JOSÉ DE LAS MATAS,012505,874c89764ffffff
4141427d-fd88-4cec-8244-be55b3ffb08c,1928690998,Ipomoea luteoviridis,Ipomoea luteoviridis Ekman & Leonard,Convolvulaceae,Ipomoea,SPECIES,PRESERVED_SPECIMEN,1982-02-19,1982,-71.03,19.37,NA,d415c253-4d61-4459-9d25-4015b9084fb0,NY,NY,25,05,SAN JOSÉ DE LAS MATAS,012505,874c890eeffffff
4141a535-440b-4e27-b488-012df0c58c80,1301789138,Zea mays,Zea mays subsp. mays,Poaceae,Zea,SUBSPECIES,OCCURRENCE,,NA,-71.05,19.29,NA,07044577-bd82-4089-9f3a-f4a9d2170b2e,Bioversity-SINGER,,25,05,SAN JOSÉ DE LAS MATAS,012505,874c89764ffffff
43683a0c-70e1-41b2-8c34-d696cee08f52,1928720863,Acianthera angustifolia,Acianthera angustifolia (Lindl.) Luer,Orchidaceae,Acianthera,SPECIES,PRESERVED_SPECIMEN,1968-10-13,1968,-70.979617,19.20123,1004.81,d415c253-4d61-4459-9d25-4015b9084fb0,NY,NY,25,05,SAN JOSÉ DE LAS MATAS,012505,874c892b0ffffff
4369a0c8-1496-4aae-8bc9-06d80de5253d,1928722218,Jacaranda poitaei,Jacaranda poitaei Urb.,Bignoniaceae,Jacaranda,SPECIES,PRESERVED_SPECIMEN,1982-02-19,1982,-71.03,19.37,NA,d415c253-4d61-4459-9d25-4015b9084fb0,NY,NY,25,05,SAN JOSÉ DE LAS MATAS,012505,874c890eeffffff
440db5cf-5e77-4b42-bfc2-ab731f37ad2b,4142991557,Coccocypselum herbaceum,Coccocypselum herbaceum P.Browne ex Aubl.,Rubiaceae,Coccocypselum,SPECIES,PRESERVED_SPECIMEN,1985-07-16,1985,-71.133333,19.283333,NA,b89d52a2-861d-4388-adad-c0da3d55fc78,UF,,25,05,SAN JOSÉ DE LAS MATAS,012505,874c8970dffffff
46549804-dc2f-4b1b-af01-702790fd32ce,1928762389,Amaranthus polygonoides,Amaranthus polygonoides L.,Amaranthaceae,Amaranthus,SPECIES,PRESERVED_SPECIMEN,1988-12-07,1988,-70.97,19.05,NA,d415c253-4d61-4459-9d25-4015b9084fb0,NY,NY,25,05,SAN JOSÉ DE LAS MATAS,012505,874cd6904ffffff
47ed029f-7266-44d0-be57-669c79c4cf48,1928785770,Thelypteris Schmidel,Thelypteris Schmidel,Thelypteridaceae,Thelypteris,GENUS,PRESERVED_SPECIMEN,1985-07-16,1985,-71.13,19.28,NA,d415c253-4d61-4459-9d25-4015b9084fb0,NY,NY,25,05,SAN JOSÉ DE LAS MATAS,012505,874c89772ffffff
495487ed-7b2d-41ec-a403-e36347e7c4df,1457768943,Miconia prasina,Miconia prasina (Sw.) DC.,Melastomataceae,Miconia,SPECIES,PRESERVED_SPECIMEN,2001-03-30,2001,-70.983333,19.325,NA,b89d52a2-861d-4388-adad-c0da3d55fc78,UF,,25,05,SAN JOSÉ DE LAS MATAS,012505,874c893b6ffffff
4F8F2B70-2E84-4B3C-A0F6-E66740BB799D,1503313534,Buxus glomerata,Buxus glomerata (Griseb.) Müll.Arg.,Buxaceae,Buxus,SPECIES,PRESERVED_SPECIMEN,1968-09-14,1968,-70.883,19.316,NA,af1b4db0-c8ce-4a95-b700-8a6a02bed9d6,USF,Herb,25,05,SAN JOSÉ DE LAS MATAS,012505,874c89312ffffff
4ae28127-8f12-4b5d-a099-797b0ba5e56e,1301609067,Zea mays,Zea mays subsp. mays,Poaceae,Zea,SUBSPECIES,OCCURRENCE,,NA,-71.05,19.29,NA,07044577-bd82-4089-9f3a-f4a9d2170b2e,Bioversity-SINGER,,25,05,SAN JOSÉ DE LAS MATAS,012505,874c89764ffffff
4ae30aa6-b3a3-4b18-9353-3d21bba6e176,1928826973,Thelypteris Schmidel,Thelypteris Schmidel,Thelypteridaceae,Thelypteris,GENUS,PRESERVED_SPECIMEN,1988-06-27,1988,-71.03,19.12,NA,d415c253-4d61-4459-9d25-4015b9084fb0,NY,NY,25,05,SAN JOSÉ DE LAS MATAS,012505,874c89668ffffff
4badf05f-b321-4e82-8f27-b823e2d86e48,2270676241,Myrcia fenzliana,Myrcia lindeniana (O.Berg) C.Wright,Myrtaceae,Myrcia,SPECIES,PRESERVED_SPECIMEN,1985-07-16,1985,-71.1333,19.2833,NA,e05fd4c2-4d77-4c50-880e-1b22096af300,ASU,Plants,25,05,SAN JOSÉ DE LAS MATAS,012505,874c8970dffffff
4c3233b2-002a-4285-8ca5-bdf6dc269a3e,1301609026,Zea mays,Zea mays subsp. mays,Poaceae,Zea,SUBSPECIES,OCCURRENCE,,NA,-71.05,19.29,NA,07044577-bd82-4089-9f3a-f4a9d2170b2e,Bioversity-SINGER,,25,05,SAN JOSÉ DE LAS MATAS,012505,874c89764ffffff
4d3ac06a-f56a-45f8-b8c3-e6bd3a54e8ea,1301609044,Zea mays,Zea mays subsp. mays,Poaceae,Zea,SUBSPECIES,OCCURRENCE,,NA,-71.05,19.29,NA,07044577-bd82-4089-9f3a-f4a9d2170b2e,Bioversity-SINGER,,25,05,SAN JOSÉ DE LAS MATAS,012505,874c89764ffffff
4d569874-1010-4a8f-93a3-92faa191126b,1301609031,Zea mays,Zea mays subsp. mays,Poaceae,Zea,SUBSPECIES,OCCURRENCE,,NA,-71.05,19.29,NA,07044577-bd82-4089-9f3a-f4a9d2170b2e,Bioversity-SINGER,,25,05,SAN JOSÉ DE LAS MATAS,012505,874c89764ffffff
4d72dda6-c209-47d4-9a38-8e67d6eae737,1928863181,Miconia stenobotrys,Miconia stenobotrys (Rich.) Naudin,Melastomataceae,Miconia,SPECIES,PRESERVED_SPECIMEN,1988-06-28,1988,-70.97,19.23,NA,d415c253-4d61-4459-9d25-4015b9084fb0,NY,NY,25,05,SAN JOSÉ DE LAS MATAS,012505,874c8939affffff
4eace65e-188e-42dc-8c1b-f86a93153bcd,1928880641,Desmanthus virgatus,Desmanthus virgatus (L.) Willd.,Fabaceae,Desmanthus,SPECIES,PRESERVED_SPECIMEN,1982-02-19,1982,-70.95,19.33,NA,d415c253-4d61-4459-9d25-4015b9084fb0,NY,NY,25,05,SAN JOSÉ DE LAS MATAS,012505,874c893b5ffffff
4f8b58ba-12e8-4e5e-9c79-65e43e9cf9f9,1928892679,Monteverdia domingensis,Maytenus domingensis Krug & Urb.,Celastraceae,Monteverdia,SPECIES,PRESERVED_SPECIMEN,1984-10-03,1984,-71,19.37,NA,d415c253-4d61-4459-9d25-4015b9084fb0,NY,NY,25,05,SAN JOSÉ DE LAS MATAS,012505,874c890ecffffff
507158dc-7b5b-4a25-90d8-9fdc91e6a4f8,3329398420,Miconia longicollis,Miconia longicollis (Urb. & Cogn.) Judd & Becquer,Melastomataceae,Miconia,SPECIES,PRESERVED_SPECIMEN,1819-05-19,1819,-71.17432,19.33261,NA,b89d52a2-861d-4388-adad-c0da3d55fc78,UF,,25,05,SAN JOSÉ DE LAS MATAS,012505,874c89705ffffff
50897609-1d8d-481a-83ae-f0fd8f3541bd,1928907538,Tillandsia usneoides,Tillandsia usneoides (L.) L.,Bromeliaceae,Tillandsia,SPECIES,PRESERVED_SPECIMEN,1982-03-02,1982,-70.97,19.3417,NA,d415c253-4d61-4459-9d25-4015b9084fb0,NY,NY,25,05,SAN JOSÉ DE LAS MATAS,012505,874c893b4ffffff
50b5a9de-c63b-4cea-8f90-a71aef49009d,1928909290,Pentalinon berteroi,Angadenia berteroi (A.DC.) Miers,Apocynaceae,Pentalinon,SPECIES,PRESERVED_SPECIMEN,1982-02-19,1982,-71.03,19.37,NA,d415c253-4d61-4459-9d25-4015b9084fb0,NY,NY,25,05,SAN JOSÉ DE LAS MATAS,012505,874c890eeffffff
52597071-a820-4a22-9390-029df630e341,1928933163,Murraya paniculata,Murraya exotica L.,Rutaceae,Murraya,SPECIES,PRESERVED_SPECIMEN,1982-03-02,1982,-70.97,19.3417,NA,d415c253-4d61-4459-9d25-4015b9084fb0,NY,NY,25,05,SAN JOSÉ DE LAS MATAS,012505,874c893b4ffffff
52b849db-11e9-4660-8f6d-091a348358c8,1928937571,Baccharis myrsinites,Baccharis myrsinites Pers.,Asteraceae,Baccharis,SPECIES,PRESERVED_SPECIMEN,1988-06-28,1988,-70.97,19.23,NA,d415c253-4d61-4459-9d25-4015b9084fb0,NY,NY,25,05,SAN JOSÉ DE LAS MATAS,012505,874c8939affffff
52c00098-3360-4be1-9390-629d60f71034,1457772116,Miconia impetiolaris,Miconia impetiolaris (Sw.) D.Don,Melastomataceae,Miconia,SPECIES,PRESERVED_SPECIMEN,2001-03-30,2001,-70.983333,19.325,NA,b89d52a2-861d-4388-adad-c0da3d55fc78,UF,,25,05,SAN JOSÉ DE LAS MATAS,012505,874c893b6ffffff
53ac220e-7221-4ce9-becf-be569bd21d7e,1457772476,Nepsera aquatica,Nepsera aquatica (Aubl.) Naudin,Melastomataceae,Nepsera,SPECIES,PRESERVED_SPECIMEN,2000-11-23,2000,-70.941667,19.31,NA,b89d52a2-861d-4388-adad-c0da3d55fc78,UF,,25,05,SAN JOSÉ DE LAS MATAS,012505,874c893a2ffffff
53efcbf3-b0ea-40e7-a94f-949898ed5026,2270675407,Myrcia deflexa,Myrcia deflexa (Poir.) DC.,Myrtaceae,Myrcia,SPECIES,PRESERVED_SPECIMEN,1988-06-28,1988,-70.9667,19.2333,NA,e05fd4c2-4d77-4c50-880e-1b22096af300,ASU,Plants,25,05,SAN JOSÉ DE LAS MATAS,012505,874c89398ffffff
54e56ea0-2bc5-4159-9ae6-aa8ef5c43fc2,1928969122,Alsophila woodwardioides,Alsophila woodwardioides (Kaulf.) D.S.Conant,Cyatheaceae,Alsophila,SPECIES,PRESERVED_SPECIMEN,1999-03-20,1999,-71.011901,19.194065,NA,d415c253-4d61-4459-9d25-4015b9084fb0,NY,NY,25,05,SAN JOSÉ DE LAS MATAS,012505,874c892b2ffffff
55b852ff-3ef8-4053-a97c-70efa22750ae,1928979768,Symphyotrichum dumosum,Symphyotrichum dumosum (L.) G.L.Nesom,Asteraceae,Symphyotrichum,SPECIES,PRESERVED_SPECIMEN,1988-06-27,1988,-71.03,19.12,NA,d415c253-4d61-4459-9d25-4015b9084fb0,NY,NY,25,05,SAN JOSÉ DE LAS MATAS,012505,874c89668ffffff
56248cb2-7532-4df4-a5be-aa1c6ca0f1aa,1928985664,Parathesis serrulata,Parathesis serrulata (Sw.) Mez,Primulaceae,Parathesis,SPECIES,PRESERVED_SPECIMEN,1988-05-25,1988,-71.15,19.3,NA,d415c253-4d61-4459-9d25-4015b9084fb0,NY,NY,25,05,SAN JOSÉ DE LAS MATAS,012505,874c8972bffffff
5628df6a-6936-42b1-88ab-5b1a13473a8d,2270466587,Eugenia monticola,Eugenia monticola (Sw.) DC.,Myrtaceae,Eugenia,SPECIES,PRESERVED_SPECIMEN,1984-10-03,1984,-71,19.3667,NA,e05fd4c2-4d77-4c50-880e-1b22096af300,ASU,Plants,25,05,SAN JOSÉ DE LAS MATAS,012505,874c890e8ffffff
573d9963-9961-41ef-a277-0d15ea7ee335,1929001084,Morella cerifera,Myrica reticulata Krug & Urb.,Myricaceae,Morella,SPECIES,PRESERVED_SPECIMEN,1985-07-16,1985,-71.17,19.32,NA,d415c253-4d61-4459-9d25-4015b9084fb0,NY,NY,25,05,SAN JOSÉ DE LAS MATAS,012505,874c89705ffffff
57bfbfee-d62d-4b95-8bd4-db7c64b16f7a,1457773906,Miconia stenobotrys,Miconia stenobotrys (Rich.) Naudin,Melastomataceae,Miconia,SPECIES,PRESERVED_SPECIMEN,1988-06-28,1988,-70.966667,19.233333,NA,b89d52a2-861d-4388-adad-c0da3d55fc78,UF,,25,05,SAN JOSÉ DE LAS MATAS,012505,874c89398ffffff
59617e42-1f16-4f32-9c4d-db75e424aacb,1929032087,Henicodium geniculatum,Henicodium geniculatum (Mitt.) W.R. Buck,Pterobryaceae,Henicodium,SPECIES,PRESERVED_SPECIMEN,1988-05-28,1988,-71.13,19.28,NA,d415c253-4d61-4459-9d25-4015b9084fb0,NY,NY,25,05,SAN JOSÉ DE LAS MATAS,012505,874c89772ffffff
5BD58851-F51D-4E05-A4A1-F1C72C85132D,1503214455,Ilex microwrightioides,Ilex microwrightioides Loes.,Aquifoliaceae,Ilex,SPECIES,PRESERVED_SPECIMEN,1968-05-20,1968,-71.0612,19.2742,NA,af1b4db0-c8ce-4a95-b700-8a6a02bed9d6,USF,Herb,25,05,SAN JOSÉ DE LAS MATAS,012505,874c89762ffffff
5F2A07E9-E3B1-4D46-B097-4E758F559AA7,1503315503,Bunchosia glandulosa,Bunchosia glandulosa (Cav.) DC.,Malpighiaceae,Bunchosia,SPECIES,PRESERVED_SPECIMEN,1970-04-29,1970,-70.883,19.316,NA,af1b4db0-c8ce-4a95-b700-8a6a02bed9d6,USF,Herb,25,05,SAN JOSÉ DE LAS MATAS,012505,874c89312ffffff
5be394d4-31bc-4af4-b961-9eb3885d6538,4078902304,Miconia crotonifolia,Miconia crotonifolia (Desr.) Judd & Ionta,Melastomataceae,Miconia,SPECIES,PRESERVED_SPECIMEN,2011-11-21,2011,-70.986811,19.23945,NA,b89d52a2-861d-4388-adad-c0da3d55fc78,UF,,25,05,SAN JOSÉ DE LAS MATAS,012505,874c8976dffffff
5c572a7e-283c-491b-87ec-218e9f214e4a,4079747944,Catopsis floribunda,Catopsis floribunda L.B.Sm.,Bromeliaceae,Catopsis,SPECIES,PRESERVED_SPECIMEN,1965-08-01,1965,-71.142609,19.307162,2031,3b040a48-deae-485c-95b1-2ac80b7fdc54,IIBZ,USD,25,05,SAN JOSÉ DE LAS MATAS,012505,874c8972bffffff
5cabfc28-e027-415d-8e98-357ffc051e42,1929077708,Borreria remota,Spermacoce remota Lam.,Rubiaceae,Borreria,SPECIES,PRESERVED_SPECIMEN,1982-02-19,1982,-70.95,19.33,NA,d415c253-4d61-4459-9d25-4015b9084fb0,NY,NY,25,05,SAN JOSÉ DE LAS MATAS,012505,874c893b5ffffff
5cdd1f6b-7899-433b-9e50-977ab14ff085,1301609083,Zea mays,Zea mays subsp. mays,Poaceae,Zea,SUBSPECIES,OCCURRENCE,,NA,-71.05,19.29,NA,07044577-bd82-4089-9f3a-f4a9d2170b2e,Bioversity-SINGER,,25,05,SAN JOSÉ DE LAS MATAS,012505,874c89764ffffff
5d7bfd73-df07-4d55-b31c-d7bffa599dbc,1057000710,Odontosoria aculeata,Odontosoria aculeata (L.) J.Sm.,Lindsaeaceae,Odontosoria,SPECIES,PRESERVED_SPECIMEN,1970-04-29,1970,-70.9014,19.3239,NA,7e380070-f762-11e1-a439-00145eb45e9a,NHMUK,BOT,25,05,SAN JOSÉ DE LAS MATAS,012505,874c893a5ffffff
5e46922d-d221-4f8f-bc15-f8356d2e4336,1929100884,Diplazium unilobum,Diplazium unilobum (Poir.) Hieron.,Athyriaceae,Diplazium,SPECIES,PRESERVED_SPECIMEN,1988-06-28,1988,-70.97,19.23,NA,d415c253-4d61-4459-9d25-4015b9084fb0,NY,NY,25,05,SAN JOSÉ DE LAS MATAS,012505,874c8939affffff
5e4eabd9-bc53-4270-bed3-5426afca530f,2239558023,Carex hamata,Carex hamata Sw.,Cyperaceae,Carex,SPECIES,PRESERVED_SPECIMEN,1988-06-28,1988,-70.97,19.23,NA,d415c253-4d61-4459-9d25-4015b9084fb0,NY,NY,25,05,SAN JOSÉ DE LAS MATAS,012505,874c8939affffff
5e9dfd3f-4534-4f59-af73-b7d48b1d50fc,1929105600,Miconia longicollis,Miconia longicollis (Urb. & Cogn.) Judd & Becquer,Melastomataceae,Miconia,SPECIES,PRESERVED_SPECIMEN,1989-08-19,1989,-71.08,19.28,NA,d415c253-4d61-4459-9d25-4015b9084fb0,NY,NY,25,05,SAN JOSÉ DE LAS MATAS,012505,874c89775ffffff
5fb8c69a-2402-4020-8425-b89b05699ee7,3920740326,Trichomanes crispum,Trichomanes crispum L.,Hymenophyllaceae,Trichomanes,SPECIES,PRESERVED_SPECIMEN,1993-08-13,1993,-70.85,19.22,NA,b89d52a2-861d-4388-adad-c0da3d55fc78,UF,,25,05,SAN JOSÉ DE LAS MATAS,012505,874c89233ffffff
5fbdd4de-966a-4fcf-9a86-878297aff287,4536729334,Lyonia truncata,Lyonia truncata Urb.,Ericaceae,Lyonia,SPECIES,PRESERVED_SPECIMEN,2019-05-19,2019,-71.17432,19.33261,NA,b89d52a2-861d-4388-adad-c0da3d55fc78,UF,,25,05,SAN JOSÉ DE LAS MATAS,012505,874c89705ffffff
5ff2ae2e-ad75-4b87-a17a-00dbb3c15ff7,1929124456,Alsophila fulgens,Alsophila fulgens (C.Chr.) D.S.Conant,Cyatheaceae,Alsophila,SPECIES,PRESERVED_SPECIMEN,1985-07-16,1985,-71.13,19.28,NA,d415c253-4d61-4459-9d25-4015b9084fb0,NY,NY,25,05,SAN JOSÉ DE LAS MATAS,012505,874c89772ffffff
600d522b-058f-4f4c-9dba-35fa416d4f8c,1929125889,Stenandrium tuberosum,Stenandrium tuberosum (L.) Urb.,Acanthaceae,Stenandrium,SPECIES,PRESERVED_SPECIMEN,1969-05-07,1969,-70.960833,19.346389,2620,d415c253-4d61-4459-9d25-4015b9084fb0,NY,NY,25,05,SAN JOSÉ DE LAS MATAS,012505,874c8905bffffff
6026a1ca-9cee-4e52-84b9-896ac1788b55,1929127752,Eugenia isabeliana,Eugenia isabeliana Kiaersk.,Myrtaceae,Eugenia,SPECIES,PRESERVED_SPECIMEN,1983-05-23,1983,-71,19.33,NA,d415c253-4d61-4459-9d25-4015b9084fb0,NY,NY,25,05,SAN JOSÉ DE LAS MATAS,012505,874c893b6ffffff
60c991a1-ba7e-4668-9620-2e23218b1f8d,1929136416,Cuphea urens,Cuphea urens Koehne,Lythraceae,Cuphea,SPECIES,PRESERVED_SPECIMEN,1989-06-27,1989,-71,19.08,NA,d415c253-4d61-4459-9d25-4015b9084fb0,NY,NY,25,05,SAN JOSÉ DE LAS MATAS,012505,874cd6930ffffff
61531806-113e-4c80-b27b-f03bac66226a,4079747735,Cirsium mexicanum,Cirsium mexicanum DC.,Asteraceae,Cirsium,SPECIES,PRESERVED_SPECIMEN,,NA,-70.836416,19.440189,641,3b040a48-deae-485c-95b1-2ac80b7fdc54,IIBZ,USD,25,05,SAN JOSÉ DE LAS MATAS,012505,874c89a95ffffff
6162e3a9-f569-4591-becc-12643901c47f,1929144641,Pseudocryphaea domingensis,Pseudocryphaea domingensis (Spreng.) W.R. Buck,Rutenbergiaceae,Pseudocryphaea,SPECIES,PRESERVED_SPECIMEN,1981-03-14,1981,-70.93,19.28,NA,d415c253-4d61-4459-9d25-4015b9084fb0,NY,NY,25,05,SAN JOSÉ DE LAS MATAS,012505,874c89380ffffff
6302f067-3027-417b-89a8-6bd28bcb336c,3329398557,Trema micranthum,Trema micranthum (L.) Blume,Cannabaceae,Trema,SPECIES,PRESERVED_SPECIMEN,1819-05-19,1819,-71.18361,19.36823,NA,b89d52a2-861d-4388-adad-c0da3d55fc78,UF,,25,05,SAN JOSÉ DE LAS MATAS,012505,874c89726ffffff
6320f3f1-2f34-4a6a-9274-91a3c36caa24,4079747529,Galactia dubia,Galactia dubia DC.,Fabaceae,Galactia,SPECIES,PRESERVED_SPECIMEN,1976-04-16,1976,-70.968299,19.342252,1576,3b040a48-deae-485c-95b1-2ac80b7fdc54,IIBZ,USD,25,05,SAN JOSÉ DE LAS MATAS,012505,874c893b4ffffff
642351b8-c295-4bab-869b-108ab06af830,1301789146,Zea mays,Zea mays subsp. mays,Poaceae,Zea,SUBSPECIES,OCCURRENCE,,NA,-71.05,19.29,NA,07044577-bd82-4089-9f3a-f4a9d2170b2e,Bioversity-SINGER,,25,05,SAN JOSÉ DE LAS MATAS,012505,874c89764ffffff
65aa84bf-0eda-4f21-a1ed-ed81c96b44f0,2270673718,Myrcia neolaevigata,Calyptranthes laevigata Urb. & Ekman,Myrtaceae,Myrcia,SPECIES,PRESERVED_SPECIMEN,1985-07-16,1985,-71.1667,19.3167,NA,e05fd4c2-4d77-4c50-880e-1b22096af300,ASU,Plants,25,05,SAN JOSÉ DE LAS MATAS,012505,874c8972affffff
6691ee37-100d-4a30-9c6e-e37c24966af9,1301789151,Zea mays,Zea mays subsp. mays,Poaceae,Zea,SUBSPECIES,OCCURRENCE,1959-01-01,1959,-71.05,19.29,NA,07044577-bd82-4089-9f3a-f4a9d2170b2e,Bioversity-SINGER,,25,05,SAN JOSÉ DE LAS MATAS,012505,874c89764ffffff
66acfa08-c088-4b6d-b0c1-27d496dc9d27,1301609073,Zea mays,Zea mays subsp. mays,Poaceae,Zea,SUBSPECIES,OCCURRENCE,,NA,-71.05,19.29,NA,07044577-bd82-4089-9f3a-f4a9d2170b2e,Bioversity-SINGER,,25,05,SAN JOSÉ DE LAS MATAS,012505,874c89764ffffff
66c34244-5426-40fa-95e8-3ea8f7a038e4,1929220652,Crotalaria L.,Crotalaria L.,Fabaceae,Crotalaria,GENUS,PRESERVED_SPECIMEN,1984-10-03,1984,-70.95,19.33,NA,d415c253-4d61-4459-9d25-4015b9084fb0,NY,NY,25,05,SAN JOSÉ DE LAS MATAS,012505,874c893b5ffffff
67439c26-93a7-407f-b03e-7e7798143b5b,1929227616,Adiantum pyramidale,Adiantum pyramidale (L.) Willd.,Pteridaceae,Adiantum,SPECIES,PRESERVED_SPECIMEN,1982-02-19,1982,-70.97,19.35,NA,d415c253-4d61-4459-9d25-4015b9084fb0,NY,NY,25,05,SAN JOSÉ DE LAS MATAS,012505,874c8905affffff
680A7154-AFED-487E-8207-D2A39079B8A3,122989847,Badiera penaea,Polygala penaea L.,Polygalaceae,Badiera,SPECIES,PRESERVED_SPECIMEN,1982-03-02,1982,-70.9667,19.3347,NA,832cb04e-f762-11e1-a439-00145eb45e9a,FTG,Herbarium,25,05,SAN JOSÉ DE LAS MATAS,012505,874c893b4ffffff
688bcfdc-01bb-49c9-8bae-9115b3070eeb,1929245649,Calliandra haematomma,Calliandra haematomma var. haematomma,Fabaceae,Calliandra,VARIETY,PRESERVED_SPECIMEN,1983-02-19,1983,-71.03,19.37,NA,d415c253-4d61-4459-9d25-4015b9084fb0,NY,NY,25,05,SAN JOSÉ DE LAS MATAS,012505,874c890eeffffff
69095754-e9a4-4905-a929-beb5f4fa9096,1929252362,Andreaea brevipes,Andreaea brevipes Spruce,Andreaeaceae,Andreaea,SPECIES,PRESERVED_SPECIMEN,1988-12-08,1988,-71.02,19.03,NA,d415c253-4d61-4459-9d25-4015b9084fb0,NY,NY,25,05,SAN JOSÉ DE LAS MATAS,012505,874cd6910ffffff
6977723b-d7d1-4d64-be42-d52af736eb50,1301609040,Zea mays,Zea mays subsp. mays,Poaceae,Zea,SUBSPECIES,OCCURRENCE,,NA,-71.05,19.29,NA,07044577-bd82-4089-9f3a-f4a9d2170b2e,Bioversity-SINGER,,25,05,SAN JOSÉ DE LAS MATAS,012505,874c89764ffffff
6BF466CF-0EAD-48F7-B2D8-B7FFFD3D0D5C,122966837,Lantana horrida,Lantana subcordata Urb.,Verbenaceae,Lantana,SPECIES,PRESERVED_SPECIMEN,1983-02-19,1983,-71.0167,19.3667,NA,832cb04e-f762-11e1-a439-00145eb45e9a,FTG,Herbarium,25,05,SAN JOSÉ DE LAS MATAS,012505,874c890eeffffff
6C18D39E-BA02-4655-8157-FFFD9320D692,122964285,Lantana L.,Lantana L.,Verbenaceae,Lantana,GENUS,PRESERVED_SPECIMEN,1989-09-28,1989,-70.9,19.45,NA,832cb04e-f762-11e1-a439-00145eb45e9a,FTG,Herbarium,25,05,SAN JOSÉ DE LAS MATAS,012505,874c89064ffffff
6a2f2aa4-bd7d-4b09-874f-09440e469e8d,1929269226,Gesneria reticulata,Gesneria reticulata (Griseb.) Urb.,Gesneriaceae,Gesneria,SPECIES,PRESERVED_SPECIMEN,1985-07-16,1985,-71.13,19.28,NA,d415c253-4d61-4459-9d25-4015b9084fb0,NY,NY,25,05,SAN JOSÉ DE LAS MATAS,012505,874c89772ffffff
6b809be2-0849-4a88-b99c-c3f2ee56e97c,3329399377,Miconia longicollis,Miconia longicollis (Urb. & Cogn.) Judd & Becquer,Melastomataceae,Miconia,SPECIES,PRESERVED_SPECIMEN,2019-05-19,2019,-71.18361,19.36823,NA,b89d52a2-861d-4388-adad-c0da3d55fc78,UF,,25,05,SAN JOSÉ DE LAS MATAS,012505,874c89726ffffff
6c34340b-3ceb-418a-9339-381369ea7eae,1301789087,Zea mays,Zea mays subsp. mays,Poaceae,Zea,SUBSPECIES,OCCURRENCE,,NA,-71.05,19.29,NA,07044577-bd82-4089-9f3a-f4a9d2170b2e,Bioversity-SINGER,,25,05,SAN JOSÉ DE LAS MATAS,012505,874c89764ffffff
6c746437-3023-4f02-bda3-173675b5629c,1929300299,Modiola caroliniana,Modiola caroliniana (L.) G.Don,Malvaceae,Modiola,SPECIES,PRESERVED_SPECIMEN,1988-06-27,1988,-71.03,19.05,NA,d415c253-4d61-4459-9d25-4015b9084fb0,NY,NY,25,05,SAN JOSÉ DE LAS MATAS,012505,874c89649ffffff
6d0e1062-26ff-43c6-bbeb-fa2695a9a0e8,1301789133,Zea mays,Zea mays subsp. mays,Poaceae,Zea,SUBSPECIES,OCCURRENCE,1959-01-01,1959,-71.05,19.29,NA,07044577-bd82-4089-9f3a-f4a9d2170b2e,Bioversity-SINGER,,25,05,SAN JOSÉ DE LAS MATAS,012505,874c89764ffffff
6d3eb9a8-a09e-493b-8c79-cd4a0444140c,2270671794,Myrcia neosalicifolia,Calyptranthes salicifolia Urb. & Ekman,Myrtaceae,Myrcia,SPECIES,PRESERVED_SPECIMEN,1985-07-16,1985,-71.1667,19.3167,NA,e05fd4c2-4d77-4c50-880e-1b22096af300,ASU,Plants,25,05,SAN JOSÉ DE LAS MATAS,012505,874c8972affffff
6d6c8616-192b-4f7f-977b-1887eaffbbb1,1301609051,Zea mays,Zea mays subsp. mays,Poaceae,Zea,SUBSPECIES,OCCURRENCE,,NA,-71.05,19.29,NA,07044577-bd82-4089-9f3a-f4a9d2170b2e,Bioversity-SINGER,,25,05,SAN JOSÉ DE LAS MATAS,012505,874c89764ffffff
6e06514a-1c89-4cd8-91c9-12f5c37c6b20,1929322333,Miconia longicollis,Miconia longicollis (Urb. & Cogn.) Judd & Becquer,Melastomataceae,Miconia,SPECIES,PRESERVED_SPECIMEN,1983-02-19,1983,-71.03,19.37,NA,d415c253-4d61-4459-9d25-4015b9084fb0,NY,NY,25,05,SAN JOSÉ DE LAS MATAS,012505,874c890eeffffff
6e3ab333-ba15-4b87-b8a4-73bb16c2c7d7,1929325367,Psychotria heterochroa,Psychotria heterochroa Urb.,Rubiaceae,Psychotria,SPECIES,PRESERVED_SPECIMEN,1968-05-09,1968,-70.991078,19.346246,1250,d415c253-4d61-4459-9d25-4015b9084fb0,NY,NY,25,05,SAN JOSÉ DE LAS MATAS,012505,874c890e9ffffff
6fe27667-2c19-45bc-9421-1f09018c7ee7,1929348849,Senna sophera,Senna sophera (L.) Roxb.,Fabaceae,Senna,SPECIES,PRESERVED_SPECIMEN,1979-02-20,1979,-70.87,19.35,NA,d415c253-4d61-4459-9d25-4015b9084fb0,NY,NY,25,05,SAN JOSÉ DE LAS MATAS,012505,874c89049ffffff
6ff1620c-782c-48d6-b61a-7faeba43b14b,3987768353,Asplenium cuneatum,Asplenium cuneatum Lam.,Aspleniaceae,Asplenium,SPECIES,PRESERVED_SPECIMEN,1993-08-13,1993,-70.85,19.22,NA,b89d52a2-861d-4388-adad-c0da3d55fc78,UF,,25,05,SAN JOSÉ DE LAS MATAS,012505,874c89233ffffff
700e42db-1fd2-418f-ac31-fcbe99d7a2a2,1301609075,Zea mays,Zea mays subsp. mays,Poaceae,Zea,SUBSPECIES,OCCURRENCE,,NA,-71.05,19.29,NA,07044577-bd82-4089-9f3a-f4a9d2170b2e,Bioversity-SINGER,,25,05,SAN JOSÉ DE LAS MATAS,012505,874c89764ffffff
70F1CE03-B7E6-4B7F-B2D6-0A4C6DD40381,1657210979,Euphorbia lasiocarpa,Euphorbia lasiocarpa Klotzsch,Euphorbiaceae,Euphorbia,SPECIES,PRESERVED_SPECIMEN,1970-04-29,1970,-70.8956,19.3391,NA,af1b4db0-c8ce-4a95-b700-8a6a02bed9d6,USF,Herb,25,05,SAN JOSÉ DE LAS MATAS,012505,874c8904bffffff
70ebd286-aeef-451c-9797-78a587b7f759,1929364004,Alsophila fulgens,Alsophila fulgens (C.Chr.) D.S.Conant,Cyatheaceae,Alsophila,SPECIES,PRESERVED_SPECIMEN,1985-07-16,1985,-71.13,19.28,NA,d415c253-4d61-4459-9d25-4015b9084fb0,NY,NY,25,05,SAN JOSÉ DE LAS MATAS,012505,874c89772ffffff
71410d2e-7205-467f-81c5-0f46144f4d11,1929368215,Bucklandiella crispipila,Racomitrium crispipilum (Taylor) Spruce,Grimmiaceae,Bucklandiella,SPECIES,PRESERVED_SPECIMEN,1988-12-08,1988,-71.02,19.03,NA,d415c253-4d61-4459-9d25-4015b9084fb0,NY,NY,25,05,SAN JOSÉ DE LAS MATAS,012505,874cd6910ffffff
719274d2-cc30-495b-aa49-5810eca209bf,1457782658,Croton L.,Croton L.,Euphorbiaceae,Croton,GENUS,PRESERVED_SPECIMEN,1989-09-28,1989,-70.9,19.45,NA,b89d52a2-861d-4388-adad-c0da3d55fc78,UF,,25,05,SAN JOSÉ DE LAS MATAS,012505,874c89064ffffff
71e30095-cb56-43d1-bebf-8ed87390aa2a,1929377708,Miconia scalpta,Sagraea scalpta (Vent.) Naudin,Melastomataceae,Miconia,SPECIES,PRESERVED_SPECIMEN,1987-04-15,1987,-70.9,19.21,NA,d415c253-4d61-4459-9d25-4015b9084fb0,NY,NY,25,05,SAN JOSÉ DE LAS MATAS,012505,874c8938bffffff
720fa15b-5628-4d8c-96d7-d3baae93beee,1929379118,Stenandrium tuberosum,Stenandrium tuberosum (L.) Urb.,Acanthaceae,Stenandrium,SPECIES,PRESERVED_SPECIMEN,1968-05-09,1968,-70.991078,19.346246,1250,d415c253-4d61-4459-9d25-4015b9084fb0,NY,NY,25,05,SAN JOSÉ DE LAS MATAS,012505,874c890e9ffffff
722a2b28-0615-404e-b1bd-4c50f4a4f1ef,1929380658,Dalechampia scandens,Dalechampia scandens L.,Euphorbiaceae,Dalechampia,SPECIES,PRESERVED_SPECIMEN,1983-05-22,1983,-70.97,19.33,NA,d415c253-4d61-4459-9d25-4015b9084fb0,NY,NY,25,05,SAN JOSÉ DE LAS MATAS,012505,874c893b4ffffff
7359bcbf-36a0-436d-ae9f-ec050667bb99,1929397593,Solanum torvum,Solanum torvum Sw.,Solanaceae,Solanum,SPECIES,PRESERVED_SPECIMEN,1968-05-14,1968,-71.06839,19.319901,863.57,d415c253-4d61-4459-9d25-4015b9084fb0,NY,NY,25,05,SAN JOSÉ DE LAS MATAS,012505,874c890ddffffff
736f05bc-1227-4436-b6ce-fd7662dc8a30,1929399024,Ananthacorus angustifolius,Ananthacorus angustifolius (Sw.) Underw. & Maxon,Pteridaceae,Ananthacorus,SPECIES,PRESERVED_SPECIMEN,1985-07-16,1985,-71.17,19.32,NA,d415c253-4d61-4459-9d25-4015b9084fb0,NY,NY,25,05,SAN JOSÉ DE LAS MATAS,012505,874c89705ffffff
739bd6e5-90cc-442c-82a4-a2a80772721d,1929401517,Acianthera pubescens,Acianthera pubescens (Lindl.) Pridgeon & M.W.Chase,Orchidaceae,Acianthera,SPECIES,PRESERVED_SPECIMEN,1968-06-03,1968,-70.979617,19.20123,1004.81,d415c253-4d61-4459-9d25-4015b9084fb0,NY,NY,25,05,SAN JOSÉ DE LAS MATAS,012505,874c892b0ffffff
74bb9bc5-9706-45d4-a212-37970b2a3843,1929416870,Tillandsia juncea,Tillandsia juncea (Ruiz & Pav.) Poir.,Bromeliaceae,Tillandsia,SPECIES,PRESERVED_SPECIMEN,1983-02-18,1983,-70.98,19.35,NA,d415c253-4d61-4459-9d25-4015b9084fb0,NY,NY,25,05,SAN JOSÉ DE LAS MATAS,012505,874c890e9ffffff
754f33f2-2ab2-4424-bc93-1f1825ee1016,1929425532,Notholaena trichomanoides,Notholaena trichomanoides (L.) Desv.,Pteridaceae,Notholaena,SPECIES,PRESERVED_SPECIMEN,1982-02-19,1982,-71.03,19.37,NA,d415c253-4d61-4459-9d25-4015b9084fb0,NY,NY,25,05,SAN JOSÉ DE LAS MATAS,012505,874c890eeffffff
765fcbb7-47a6-441d-b61f-cb59b3377871,1929440121,Diphasiastrum fawcettii,Lycopodium fawcettii F.E.Lloyd & Underw.,Lycopodiaceae,Diphasiastrum,SPECIES,PRESERVED_SPECIMEN,1988-12-08,1988,-71.02,19.03,NA,d415c253-4d61-4459-9d25-4015b9084fb0,NY,NY,25,05,SAN JOSÉ DE LAS MATAS,012505,874cd6910ffffff
7677fe6e-7607-4d69-9409-b71d289ee221,1929442120,Agave L.,Agave L.,Asparagaceae,Agave,GENUS,PRESERVED_SPECIMEN,1984-11-29,1984,-71,19.23,NA,d415c253-4d61-4459-9d25-4015b9084fb0,NY,NY,25,05,SAN JOSÉ DE LAS MATAS,012505,874c89769ffffff
767d0832-27a6-11ee-8b2b-005056be20a7,4163402334,Asplenium theciferum,Asplenium theciferum (Kunth) Mett.,Aspleniaceae,Asplenium,SPECIES,PRESERVED_SPECIMEN,1968-11-05T00:00,1968,-71.036944,19.121111,NA,064508e2-255e-4d82-9f13-05d73476cc03,UZH:Z,Z,25,05,SAN JOSÉ DE LAS MATAS,012505,874c8966effffff
7733d5d5-ddba-4d21-895f-c01ab824f1dc,2270672842,Eugenia domingensis,Eugenia domingensis O.Berg,Myrtaceae,Eugenia,SPECIES,PRESERVED_SPECIMEN,1988-05-25,1988,-71.15,19.3,NA,e05fd4c2-4d77-4c50-880e-1b22096af300,ASU,Plants,25,05,SAN JOSÉ DE LAS MATAS,012505,874c8972bffffff
7744be65-78b5-486b-95df-619ccaddc64a,1929453106,Indigofera colutea,Indigofera colutea (Burm.f.) Merr.,Fabaceae,Indigofera,SPECIES,PRESERVED_SPECIMEN,1982-02-19,1982,-70.97,19.33,NA,d415c253-4d61-4459-9d25-4015b9084fb0,NY,NY,25,05,SAN JOSÉ DE LAS MATAS,012505,874c893b4ffffff
77c65771-bde7-48c8-b131-eefcab0536a0,1929460453,Hypericum dichotomum,Hypericum dichotomum Lam.,Hypericaceae,Hypericum,SPECIES,PRESERVED_SPECIMEN,1988-12-08,1988,-71.02,19.03,NA,d415c253-4d61-4459-9d25-4015b9084fb0,NY,NY,25,05,SAN JOSÉ DE LAS MATAS,012505,874cd6910ffffff
77d73a4f-3aa9-4903-afbb-52d3e3b0b617,1929460612,Phlegmariurus taxifolius,Lycopodium taxifolium Sw.,Lycopodiaceae,Phlegmariurus,SPECIES,PRESERVED_SPECIMEN,1985-07-16,1985,-71.13,19.28,NA,d415c253-4d61-4459-9d25-4015b9084fb0,NY,NY,25,05,SAN JOSÉ DE LAS MATAS,012505,874c89772ffffff
77d98692-274e-44ed-9c2b-38e97481e684,1929460830,Tillandsia setacea,Tillandsia setacea Sw.,Bromeliaceae,Tillandsia,SPECIES,PRESERVED_SPECIMEN,1983-02-18,1983,-70.98,19.35,NA,d415c253-4d61-4459-9d25-4015b9084fb0,NY,NY,25,05,SAN JOSÉ DE LAS MATAS,012505,874c890e9ffffff
7826cd91-c7c9-4509-8b31-cb0f861c0397,4455459328,Miconia strigillosa,Clidemia strigillosa (Sw.) DC.,Melastomataceae,Miconia,SPECIES,PRESERVED_SPECIMEN,2000-11-23,2000,-70.958333,19.32,NA,b89d52a2-861d-4388-adad-c0da3d55fc78,UF,,25,05,SAN JOSÉ DE LAS MATAS,012505,874c893b5ffffff
79bcf38c-30cd-48cd-9cf0-1eb45e885eda,1929487984,Trichostigma octandrum,Trichostigma octandrum (L.) H.Walter,Petiveriaceae,Trichostigma,SPECIES,PRESERVED_SPECIMEN,1975-03-02,1975,-70.939,19.340706,1321.57,d415c253-4d61-4459-9d25-4015b9084fb0,NY,NY,25,05,SAN JOSÉ DE LAS MATAS,012505,874c89059ffffff
7A041611-3C94-46D7-AEF3-C9D1A56650DF,1503218585,Trema lamarckianum,Trema lamarckianum (Roem. & Schult.) Blume,Cannabaceae,Trema,SPECIES,PRESERVED_SPECIMEN,1983-02-19,1983,-71.0333,19.3667,NA,af1b4db0-c8ce-4a95-b700-8a6a02bed9d6,USF,Herb,25,05,SAN JOSÉ DE LAS MATAS,012505,874c890c5ffffff
7a73d2f9-537d-4fb3-bc14-6b999702a1de,1301594264,Zea mays,Zea mays subsp. mays,Poaceae,Zea,SUBSPECIES,OCCURRENCE,,NA,-71.05,19.29,NA,07044577-bd82-4089-9f3a-f4a9d2170b2e,Bioversity-SINGER,,25,05,SAN JOSÉ DE LAS MATAS,012505,874c89764ffffff
7bb0c81b-b0cd-4998-b4d8-d90d039c1dfc,1929516104,Solanum crotonoides,Solanum crotonoides Lam.,Solanaceae,Solanum,SPECIES,PRESERVED_SPECIMEN,1988-06-28,1988,-70.97,19.23,NA,d415c253-4d61-4459-9d25-4015b9084fb0,NY,NY,25,05,SAN JOSÉ DE LAS MATAS,012505,874c8939affffff
7c8462d0-837b-421b-b777-dee5c160bcd1,1929526774,Miconia scalpta,Sagraea scalpta (Vent.) Naudin,Melastomataceae,Miconia,SPECIES,PRESERVED_SPECIMEN,1988-06-28,1988,-70.97,19.23,NA,d415c253-4d61-4459-9d25-4015b9084fb0,NY,NY,25,05,SAN JOSÉ DE LAS MATAS,012505,874c8939affffff
7cde4f5c-39f2-41c3-a54f-36faef5189d6,1457786422,Miconia tetrandra,Miconia tetrandra (Sw.) D.Don,Melastomataceae,Miconia,SPECIES,PRESERVED_SPECIMEN,1988-05-24,1988,-71.15,19.25,NA,b89d52a2-861d-4388-adad-c0da3d55fc78,UF,,25,05,SAN JOSÉ DE LAS MATAS,012505,874c89756ffffff
7da589f4-e79e-40ef-b6ef-1c7a368990aa,1929542630,Serjania polyphylla,Serjania polyphylla (L.) Poir. ex Steud.,Sapindaceae,Serjania,SPECIES,PRESERVED_SPECIMEN,1975-03-02,1975,-70.939,19.340706,1321.57,d415c253-4d61-4459-9d25-4015b9084fb0,NY,NY,25,05,SAN JOSÉ DE LAS MATAS,012505,874c89059ffffff
7e5366a7-45ba-4284-84c2-5fd91b311b30,1929552638,Elaphoglossum quisqueyanum,Elaphoglossum quisqueyanum A.Vasco,Dryopteridaceae,Elaphoglossum,SPECIES,PRESERVED_SPECIMEN,1929-09-15,1929,-71.12,19.07,NA,d415c253-4d61-4459-9d25-4015b9084fb0,NY,NY,25,05,SAN JOSÉ DE LAS MATAS,012505,874c8965affffff
7e8eb583-72c6-4d78-8f71-e2085fccc9d0,4465135309,Miconia racemosa,Miconia racemosa (Aubl.) DC.,Melastomataceae,Miconia,SPECIES,PRESERVED_SPECIMEN,2000-10-30,2000,-70.933333,19.308333,NA,b89d52a2-861d-4388-adad-c0da3d55fc78,UF,,25,05,SAN JOSÉ DE LAS MATAS,012505,874c893a2ffffff
7ecad4ed-1d02-4542-b1bc-d199dd8d42db,1929558901,Melanthera nivea,Melanthera angustifolia A.Rich.,Asteraceae,Melanthera,SPECIES,PRESERVED_SPECIMEN,1969-05-07,1969,-70.960833,19.346389,1195,d415c253-4d61-4459-9d25-4015b9084fb0,NY,NY,25,05,SAN JOSÉ DE LAS MATAS,012505,874c8905bffffff
7f0df363-7552-450d-91d1-eb7e89f878da,1929562640,Ilex macfadyenii,Ilex macfadyenii (Walp.) Rehder,Aquifoliaceae,Ilex,SPECIES,PRESERVED_SPECIMEN,1968-05-14,1968,-71.06839,19.319901,863.57,d415c253-4d61-4459-9d25-4015b9084fb0,NY,NY,25,05,SAN JOSÉ DE LAS MATAS,012505,874c890ddffffff
816819a6-2b4f-4ae1-91f7-ff81f38a95d1,1929596116,Ilex berteroi,Ilex berteroi Loes. ex Urb.,Aquifoliaceae,Ilex,SPECIES,PRESERVED_SPECIMEN,1985-07-16,1985,-71.2,19.35,NA,d415c253-4d61-4459-9d25-4015b9084fb0,NY,NY,25,05,SAN JOSÉ DE LAS MATAS,012505,874c89722ffffff
818ed28e-0188-4cf8-b765-4ab1f3535bc4,1929597392,Vanilla poitaei,Vanilla poitaei Rchb.f.,Orchidaceae,Vanilla,SPECIES,PRESERVED_SPECIMEN,1985-07-16,1985,-71.17,19.32,NA,d415c253-4d61-4459-9d25-4015b9084fb0,NY,NY,25,05,SAN JOSÉ DE LAS MATAS,012505,874c89705ffffff
81bc0bbe-0d9a-472d-8a19-98bceda2c287,1929600544,Anathallis miguelii,Anathallis miguelii (Schltr.) Pridgeon & M.W.Chase,Orchidaceae,Anathallis,SPECIES,PRESERVED_SPECIMEN,1968-10-13,1968,-70.979617,19.20123,1004.81,d415c253-4d61-4459-9d25-4015b9084fb0,NY,NY,25,05,SAN JOSÉ DE LAS MATAS,012505,874c892b0ffffff
82226bde-9e65-48a3-bc1e-bb4bc094219f,1301789174,Zea mays,Zea mays subsp. mays,Poaceae,Zea,SUBSPECIES,OCCURRENCE,1959-01-01,1959,-71.05,19.29,NA,07044577-bd82-4089-9f3a-f4a9d2170b2e,Bioversity-SINGER,,25,05,SAN JOSÉ DE LAS MATAS,012505,874c89764ffffff
826d3a83609058290ba7b5ef5eb8fc2c,5101743632,Sisyrinchium scabrum,Sisyrinchium scabrum Schltdl. & Cham.,Iridaceae,Sisyrinchium,SPECIES,PRESERVED_SPECIMEN,1995-06-30,1995,-70.978055,19.039167,NA,356b321d-7d47-4380-89e2-87bae6d8c250,INECOL,XAL,25,05,SAN JOSÉ DE LAS MATAS,012505,874cd6906ffffff
82d90e75-2019-49e7-954a-dc7961ac3f1f,1301857994,Zea mays,Zea mays subsp. mays,Poaceae,Zea,SUBSPECIES,OCCURRENCE,1959-01-01,1959,-71.05,19.34,NA,07044577-bd82-4089-9f3a-f4a9d2170b2e,Bioversity-SINGER,,25,05,SAN JOSÉ DE LAS MATAS,012505,874c890ceffffff
83BE61D5-8B39-4BA7-9361-5FD9343C8974,1503214971,Dendrophthora buxifolia,Dendrophthora buxifolia (Lam.) Eichler,Viscaceae,Dendrophthora,SPECIES,PRESERVED_SPECIMEN,1969-05-07,1969,-71.0047,19.3976,NA,af1b4db0-c8ce-4a95-b700-8a6a02bed9d6,USF,Herb,25,05,SAN JOSÉ DE LAS MATAS,012505,874c89052ffffff
8422fcd9-e69d-4639-9ad3-271af0988e2a,1301609061,Zea mays,Zea mays subsp. mays,Poaceae,Zea,SUBSPECIES,OCCURRENCE,,NA,-71.05,19.29,NA,07044577-bd82-4089-9f3a-f4a9d2170b2e,Bioversity-SINGER,,25,05,SAN JOSÉ DE LAS MATAS,012505,874c89764ffffff
8478c87d-de88-44db-a586-dbeadfaf29c8,1929638910,Orthodicranum flagellare,Orthodicranum flagellare (Hedw.) Loeske,Dicranaceae,Orthodicranum,SPECIES,PRESERVED_SPECIMEN,1988-12-08,1988,-71.02,19.03,NA,d415c253-4d61-4459-9d25-4015b9084fb0,NY,NY,25,05,SAN JOSÉ DE LAS MATAS,012505,874cd6910ffffff
8503cf4491b1e5ae56286b00ff041f92,1893873251,Sciuro-hypnum plumosum,Brachythecium plumosum (Hedw.) Schimp.,Brachytheciaceae,Sciuro-hypnum,SPECIES,PRESERVED_SPECIMEN,1987-01-14,1987,-70.975,19.041667,NA,27ba04cd-45b9-4f5c-b032-d1bcc584fbdd,IBUNAM,MEXU,25,05,SAN JOSÉ DE LAS MATAS,012505,874cd6906ffffff
873a95ca-8496-40b5-b37a-3db8d7f85049,1929678385,Erigeron cuneifolius,Erigeron cuneifolius DC.,Asteraceae,Erigeron,SPECIES,PRESERVED_SPECIMEN,1969-05-07,1969,-70.960833,19.346389,2620,d415c253-4d61-4459-9d25-4015b9084fb0,NY,NY,25,05,SAN JOSÉ DE LAS MATAS,012505,874c8905bffffff
873cf21b-76fe-4999-b4ab-360b2dae9d87,1929678399,Myriopteris jamaicensis,Cheilanthes jamaicensis Maxon,Pteridaceae,Myriopteris,SPECIES,PRESERVED_SPECIMEN,1988-06-27,1988,-71.03,19.12,NA,d415c253-4d61-4459-9d25-4015b9084fb0,NY,NY,25,05,SAN JOSÉ DE LAS MATAS,012505,874c89668ffffff
874a9c7c-45de-4b36-8c72-10c22e61ef2a,4512926414,Mouriri helleri,Mouriri helleri var. samanensis (Urb.) Morley,Melastomataceae,Mouriri,VARIETY,PRESERVED_SPECIMEN,2000-11-23,2000,-70.958333,19.32,NA,b89d52a2-861d-4388-adad-c0da3d55fc78,UF,,25,05,SAN JOSÉ DE LAS MATAS,012505,874c893b5ffffff
87f4f195-c7ca-40a8-a5b5-7f227590eb64,4600905330,Miconia scalpta,"Miconia scalpta (Vent.) Ionta, Judd & Skean",Melastomataceae,Miconia,SPECIES,PRESERVED_SPECIMEN,1985-07-16,1985,-71.166667,19.316667,NA,b89d52a2-861d-4388-adad-c0da3d55fc78,UF,,25,05,SAN JOSÉ DE LAS MATAS,012505,874c8972affffff
89005aa8-b6d1-44f5-b320-554462931c79,1929702919,Casearia dodecandra,Samyda dodecandra Jacq.,Salicaceae,Casearia,SPECIES,PRESERVED_SPECIMEN,1968-05-09,1968,-70.991078,19.346246,1250,d415c253-4d61-4459-9d25-4015b9084fb0,NY,NY,25,05,SAN JOSÉ DE LAS MATAS,012505,874c890e9ffffff
89469425-80a4-4892-be4e-562a43121e3f,1929706398,Scrophularia densifolia,Scrophularia densifolia Urb. & Ekman,Scrophulariaceae,Scrophularia,SPECIES,PRESERVED_SPECIMEN,1982-05-12,1982,-71,19.03,NA,d415c253-4d61-4459-9d25-4015b9084fb0,NY,NY,25,05,SAN JOSÉ DE LAS MATAS,012505,874cd6915ffffff
89c3703f-552e-4119-a62b-94fc8d4730d5,1929714699,Hymenophyllum Sm.,Hymenophyllum Sm.,Hymenophyllaceae,Hymenophyllum,GENUS,PRESERVED_SPECIMEN,1988-06-27,1988,-71.03,19.12,NA,d415c253-4d61-4459-9d25-4015b9084fb0,NY,NY,25,05,SAN JOSÉ DE LAS MATAS,012505,874c89668ffffff
89f02ad6-0af2-46b5-942f-e1af529b7ba7,1929715845,Cojoba filipes,Cojoba filipes (Vent.) Barneby & J.W.Grimes,Fabaceae,Cojoba,SPECIES,PRESERVED_SPECIMEN,1988-05-24,1988,-71.13,19.28,NA,d415c253-4d61-4459-9d25-4015b9084fb0,NY,NY,25,05,SAN JOSÉ DE LAS MATAS,012505,874c89772ffffff
8a053bc8-080e-4612-9799-c7b0d107fb81,3329399666,Simarouba glauca,Simarouba glauca DC.,Simaroubaceae,Simarouba,SPECIES,PRESERVED_SPECIMEN,1819-05-19,1819,-71.18361,19.36823,NA,b89d52a2-861d-4388-adad-c0da3d55fc78,UF,,25,05,SAN JOSÉ DE LAS MATAS,012505,874c89726ffffff
8a085d65-a340-4f36-a2b3-95fdd7a58ac3,1929717503,Piper hispidum,Piper hispidum Sw.,Piperaceae,Piper,SPECIES,PRESERVED_SPECIMEN,1988-06-28,1988,-70.97,19.23,NA,d415c253-4d61-4459-9d25-4015b9084fb0,NY,NY,25,05,SAN JOSÉ DE LAS MATAS,012505,874c8939affffff
8b2e32bc-2212-47fc-a055-b7b7abc82c7a,1301609052,Zea mays,Zea mays subsp. mays,Poaceae,Zea,SUBSPECIES,OCCURRENCE,,NA,-71.05,19.29,NA,07044577-bd82-4089-9f3a-f4a9d2170b2e,Bioversity-SINGER,,25,05,SAN JOSÉ DE LAS MATAS,012505,874c89764ffffff
8c6bb478-fc06-4ce3-8958-246e764bd231,1929751369,Miconia longicollis,Miconia longicollis (Urb. & Cogn.) Judd & Becquer,Melastomataceae,Miconia,SPECIES,PRESERVED_SPECIMEN,1987-06-10,1987,-71.05,19.38,NA,d415c253-4d61-4459-9d25-4015b9084fb0,NY,NY,25,05,SAN JOSÉ DE LAS MATAS,012505,874c890c4ffffff
8d7cb5c1-39fc-42c5-8cbd-b04a233d504e,1929766254,Tephrosia purpurea,Tephrosia purpurea subsp. purpurea,Fabaceae,Tephrosia,SUBSPECIES,PRESERVED_SPECIMEN,1982-02-19,1982,-70.97,19.33,NA,d415c253-4d61-4459-9d25-4015b9084fb0,NY,NY,25,05,SAN JOSÉ DE LAS MATAS,012505,874c893b4ffffff
8dbb0310-26b0-40bb-87c6-2535bff8ab7d,1301789189,Zea mays,Zea mays subsp. mays,Poaceae,Zea,SUBSPECIES,OCCURRENCE,,NA,-71.05,19.29,NA,07044577-bd82-4089-9f3a-f4a9d2170b2e,Bioversity-SINGER,,25,05,SAN JOSÉ DE LAS MATAS,012505,874c89764ffffff
8f3d1e36-5626-434a-a488-bbaa808efc4f,4079747506,Chamaecrista pedicellaris,Chamaecrista pedicellaris var. adenosperma (Urb.) H.S.Irwin & Barneby,Fabaceae,Chamaecrista,VARIETY,PRESERVED_SPECIMEN,1955-01-21,1955,-70.863183,19.418546,864,3b040a48-deae-485c-95b1-2ac80b7fdc54,IIBZ,USD,25,05,SAN JOSÉ DE LAS MATAS,012505,874c8906cffffff
8f48a077-eb28-447c-90d6-97575ef54feb,1301609042,Zea mays,Zea mays subsp. mays,Poaceae,Zea,SUBSPECIES,OCCURRENCE,,NA,-71.05,19.29,NA,07044577-bd82-4089-9f3a-f4a9d2170b2e,Bioversity-SINGER,,25,05,SAN JOSÉ DE LAS MATAS,012505,874c89764ffffff
8ff6547c-5189-46b0-b5a7-92ffed70d891,1929800495,Hedwigia filiformis,Hedwigidium integrifolium (P. Beauv.) Dixon ex Medelius,Hedwigiaceae,Hedwigia,SPECIES,PRESERVED_SPECIMEN,1988-12-08,1988,-71.02,19.03,NA,d415c253-4d61-4459-9d25-4015b9084fb0,NY,NY,25,05,SAN JOSÉ DE LAS MATAS,012505,874cd6910ffffff
902bc30d-9382-4425-b00a-7aab0023fb4d,3920743327,Hymenophyllum axillare,Hymenophyllum axillare Sw.,Hymenophyllaceae,Hymenophyllum,SPECIES,PRESERVED_SPECIMEN,1999-03-20,1999,-71.01,19.07,NA,b89d52a2-861d-4388-adad-c0da3d55fc78,UF,,25,05,SAN JOSÉ DE LAS MATAS,012505,874cd6932ffffff
908de1d7-9d72-4200-bd42-15df04a57a18,4079747765,Baccharis myrsinites,Baccharis myrsinites Pers.,Asteraceae,Baccharis,SPECIES,PRESERVED_SPECIMEN,1969-12-29,1969,-71.000339,19.173667,878,3b040a48-deae-485c-95b1-2ac80b7fdc54,IIBZ,USD,25,05,SAN JOSÉ DE LAS MATAS,012505,874c89294ffffff
90cff059-1b62-459c-bc07-9c0e8baceb17,2270468222,Eugenia ligustrina,Eugenia ligustrina (Sw.) Willd.,Myrtaceae,Eugenia,SPECIES,PRESERVED_SPECIMEN,1987-06-10,1987,-71.05,19.3833,NA,e05fd4c2-4d77-4c50-880e-1b22096af300,ASU,Plants,25,05,SAN JOSÉ DE LAS MATAS,012505,874c890e3ffffff
919d7591-0123-4e89-acf0-df88783d1fa9,4074293314,Miconia longicollis,Miconia longicollis (Urb. & Cogn.) Judd & Becquer,Melastomataceae,Miconia,SPECIES,PRESERVED_SPECIMEN,2011-11-22,2011,-70.986811,19.23945,NA,b89d52a2-861d-4388-adad-c0da3d55fc78,UF,,25,05,SAN JOSÉ DE LAS MATAS,012505,874c8976dffffff
91c9f31a-aa07-4fc9-b770-637259df8fe4,1929826369,Hypericum pycnophyllum,Hypericum pycnophyllum Urb.,Hypericaceae,Hypericum,SPECIES,PRESERVED_SPECIMEN,1988-12-08,1988,-71.02,19.03,NA,d415c253-4d61-4459-9d25-4015b9084fb0,NY,NY,25,05,SAN JOSÉ DE LAS MATAS,012505,874cd6910ffffff
91d765cd-b360-45d1-af56-cccaa0754e97,1301608816,Zea mays,Zea mays subsp. mays,Poaceae,Zea,SUBSPECIES,OCCURRENCE,1959-01-01,1959,-71.05,19.29,NA,07044577-bd82-4089-9f3a-f4a9d2170b2e,Bioversity-SINGER,,25,05,SAN JOSÉ DE LAS MATAS,012505,874c89764ffffff
91e6c5b7-e216-4e2a-a0f2-ee3559c61552,1929827949,Anemia underwoodiana,Anemia underwoodiana Maxon,Anemiaceae,Anemia,SPECIES,PRESERVED_SPECIMEN,1992-07-12,1992,-70.93,19.35,NA,d415c253-4d61-4459-9d25-4015b9084fb0,NY,NY,25,05,SAN JOSÉ DE LAS MATAS,012505,874c89059ffffff
9223d1dc-e153-4681-8435-7d4bbba09613,1929831725,Bulbostylis subaphylla,Bulbostylis subaphylla C.B.Clarke,Cyperaceae,Bulbostylis,SPECIES,PRESERVED_SPECIMEN,1988-06-27,1988,-71.03,19.12,NA,d415c253-4d61-4459-9d25-4015b9084fb0,NY,NY,25,05,SAN JOSÉ DE LAS MATAS,012505,874c89668ffffff
92d1918f-02de-453a-8f2a-c90acc32e072,1457793885,Miconia bicolor,Miconia bicolor var. bicolor,Melastomataceae,Miconia,VARIETY,PRESERVED_SPECIMEN,1985-07-16,1985,-71.2,19.35,NA,b89d52a2-861d-4388-adad-c0da3d55fc78,UF,,25,05,SAN JOSÉ DE LAS MATAS,012505,874c89722ffffff
949ff27b-6551-4496-abd8-43321347ba1c,1929866386,Polytaenium lineatum,Polytaenium lineatum (Sw.) J.Sm.,Pteridaceae,Polytaenium,SPECIES,PRESERVED_SPECIMEN,1999-03-20,1999,-71.011901,19.194065,NA,d415c253-4d61-4459-9d25-4015b9084fb0,NY,NY,25,05,SAN JOSÉ DE LAS MATAS,012505,874c892b2ffffff
94e00e89-35ba-4d13-9b1c-660263ee7fa2,1929870195,Croton vaillantii,Croton vaillantii Geiseler,Euphorbiaceae,Croton,SPECIES,PRESERVED_SPECIMEN,1985-07-15,1985,-71.05,19.38,NA,d415c253-4d61-4459-9d25-4015b9084fb0,NY,NY,25,05,SAN JOSÉ DE LAS MATAS,012505,874c890c4ffffff
94e508b3-9214-469a-b945-61db7d2112b5,1929870229,Picramnia pentandra,Picramnia pentandra Sw.,Picramniaceae,Picramnia,SPECIES,PRESERVED_SPECIMEN,1982-02-19,1982,-70.97,19.35,NA,d415c253-4d61-4459-9d25-4015b9084fb0,NY,NY,25,05,SAN JOSÉ DE LAS MATAS,012505,874c8905affffff
9554a76d-3da3-4fcf-80ce-80749097e727,1929876633,Acanthospermum hispidum,Acanthospermum hispidum DC.,Asteraceae,Acanthospermum,SPECIES,PRESERVED_SPECIMEN,1982-02-19,1982,-70.95,19.33,NA,d415c253-4d61-4459-9d25-4015b9084fb0,NY,NY,25,05,SAN JOSÉ DE LAS MATAS,012505,874c893b5ffffff
956c2c7c-4572-496e-9a46-50628a571e05,1929877491,Scolosanthus densiflorus,Scolosanthus densiflorus Urb.,Rubiaceae,Scolosanthus,SPECIES,PRESERVED_SPECIMEN,1968-05-09,1968,-70.991078,19.346246,1250,d415c253-4d61-4459-9d25-4015b9084fb0,NY,NY,25,05,SAN JOSÉ DE LAS MATAS,012505,874c890e9ffffff
956c5e5c-776e-49ce-80b8-f698b218da0e,1929877608,Monteverdia domingensis,Maytenus domingensis Krug & Urb.,Celastraceae,Monteverdia,SPECIES,PRESERVED_SPECIMEN,1983-05-22,1983,-70.97,19.33,NA,d415c253-4d61-4459-9d25-4015b9084fb0,NY,NY,25,05,SAN JOSÉ DE LAS MATAS,012505,874c893b4ffffff
9645ddf2-1031-4276-a9ac-d16da0653d41,1929889427,Hypnum cupressiforme,Hypnum cupressiforme var. lacunosum Brid.,Hypnaceae,Hypnum,VARIETY,PRESERVED_SPECIMEN,1988-12-08,1988,-71.02,19.03,NA,d415c253-4d61-4459-9d25-4015b9084fb0,NY,NY,25,05,SAN JOSÉ DE LAS MATAS,012505,874cd6910ffffff
96e1244b-46fe-47bf-98d4-7d046b884e18,1929898211,Sida ciliaris,Sida ciliaris L.,Malvaceae,Sida,SPECIES,PRESERVED_SPECIMEN,1982-02-19,1982,-70.97,19.33,NA,d415c253-4d61-4459-9d25-4015b9084fb0,NY,NY,25,05,SAN JOSÉ DE LAS MATAS,012505,874c893b4ffffff
96e7158d-d6b0-458f-84cf-279a6e0eca37,1929898235,Acianthera pubescens,Acianthera pubescens (Lindl.) Pridgeon & M.W.Chase,Orchidaceae,Acianthera,SPECIES,PRESERVED_SPECIMEN,1968-10-13,1968,-70.979617,19.20123,1004.81,d415c253-4d61-4459-9d25-4015b9084fb0,NY,NY,25,05,SAN JOSÉ DE LAS MATAS,012505,874c892b0ffffff
97159251-6f33-446d-bb6d-932dce13ebb2,5135258329,Eugenia P.Micheli ex L.,Eugenia P.Micheli ex L.,Myrtaceae,Eugenia,GENUS,PRESERVED_SPECIMEN,1985-07-16,1985,-71.133333,19.283333,NA,b89d52a2-861d-4388-adad-c0da3d55fc78,UF,,25,05,SAN JOSÉ DE LAS MATAS,012505,874c8970dffffff
972ed61d-9a4c-4ab5-8c21-48aa3b3d5467,1457795330,Miconia mirabilis,Miconia mirabilis (Aubl.) L.O.Williams,Melastomataceae,Miconia,SPECIES,PRESERVED_SPECIMEN,1985-07-16,1985,-71.133333,19.283333,NA,b89d52a2-861d-4388-adad-c0da3d55fc78,UF,,25,05,SAN JOSÉ DE LAS MATAS,012505,874c8970dffffff
996fa6f3-0e0b-4d57-90ec-0167aeff5810,1301789195,Zea mays,Zea mays subsp. mays,Poaceae,Zea,SUBSPECIES,OCCURRENCE,,NA,-71.05,19.29,NA,07044577-bd82-4089-9f3a-f4a9d2170b2e,Bioversity-SINGER,,25,05,SAN JOSÉ DE LAS MATAS,012505,874c89764ffffff
9F7013AC-CAB6-4868-BA59-D755823D7494,122975934,Mouriri helleri,Mouriri helleri Britton,Melastomataceae,Mouriri,SPECIES,PRESERVED_SPECIMEN,2000-11-23,2000,-70.9514,19.3172,NA,832cb04e-f762-11e1-a439-00145eb45e9a,FTG,Herbarium,25,05,SAN JOSÉ DE LAS MATAS,012505,874c893b5ffffff
9aa0da38-8927-4685-8da7-792e45da002d,1929951366,Phyllanthus juglandifolius,Phyllanthus juglandifolius Willd.,Phyllanthaceae,Phyllanthus,SPECIES,PRESERVED_SPECIMEN,1991-04-24,1991,-71.03,19.42,NA,d415c253-4d61-4459-9d25-4015b9084fb0,NY,NY,25,05,SAN JOSÉ DE LAS MATAS,012505,874c890e4ffffff
9af6c8dc-4529-4d59-904d-2ed449502715,1929955200,Hypericum diosmoides,Hypericum diosmoides Griseb.,Hypericaceae,Hypericum,SPECIES,PRESERVED_SPECIMEN,1988-06-27,1988,-71.03,19.12,NA,d415c253-4d61-4459-9d25-4015b9084fb0,NY,NY,25,05,SAN JOSÉ DE LAS MATAS,012505,874c89668ffffff
9b355c8d-34d4-4841-9345-c89e66100998,1929958962,Hexasepalum apiculatum,Diodella apiculata (Willd. ex Roem. & Schult.) Delprete,Rubiaceae,Hexasepalum,SPECIES,PRESERVED_SPECIMEN,1982-02-19,1982,-70.97,19.33,NA,d415c253-4d61-4459-9d25-4015b9084fb0,NY,NY,25,05,SAN JOSÉ DE LAS MATAS,012505,874c893b4ffffff
9b770d97-b71a-4e1f-9340-cd2d1aac31db,4536731346,Suberanthus hincheanus,Suberanthus hincheanus (Urb. & Ekman) Borhidi,Rubiaceae,Suberanthus,SPECIES,PRESERVED_SPECIMEN,1987-06-10,1987,-71.05,19.383333,NA,b89d52a2-861d-4388-adad-c0da3d55fc78,UF,,25,05,SAN JOSÉ DE LAS MATAS,012505,874c890e3ffffff
9c064f27-41e3-473e-86d0-8acf9592f8bc,1929970572,Jacquiniella globosa,Jacquiniella globosa (Jacq.) Schltr.,Orchidaceae,Jacquiniella,SPECIES,PRESERVED_SPECIMEN,1985-07-16,1985,-71.13,19.28,NA,d415c253-4d61-4459-9d25-4015b9084fb0,NY,NY,25,05,SAN JOSÉ DE LAS MATAS,012505,874c89772ffffff
9c205c88-6e29-4886-bd0d-772c0efe6e65,4079747992,Anadenanthera peregrina,Anadenanthera peregrina (L.) Speg.,Fabaceae,Anadenanthera,SPECIES,PRESERVED_SPECIMEN,1939-04-18,1939,-70.991015,19.342623,1319,3b040a48-deae-485c-95b1-2ac80b7fdc54,IIBZ,USD,25,05,SAN JOSÉ DE LAS MATAS,012505,874c890e9ffffff
9c76e4c0-f3e4-4e83-ac80-9b477734cf54,1929976690,Pleopeltis hookeri,Pleopeltis hookeri A.R.Sm.,Polypodiaceae,Pleopeltis,SPECIES,PRESERVED_SPECIMEN,1985-07-16,1985,-71.13,19.28,NA,d415c253-4d61-4459-9d25-4015b9084fb0,NY,NY,25,05,SAN JOSÉ DE LAS MATAS,012505,874c89772ffffff
9c853c64-4546-4237-a9be-3737a76c8adf,1929977668,Dendropemon pycnophyllus,Dendropemon pycnophyllus Krug & Urb.,Loranthaceae,Dendropemon,SPECIES,PRESERVED_SPECIMEN,1989-06-26,1989,-71.033,19.05,NA,d415c253-4d61-4459-9d25-4015b9084fb0,NY,NY,25,05,SAN JOSÉ DE LAS MATAS,012505,874cd6916ffffff
9c8bb0c8-51b8-4a0d-a029-4c704c0ab3c4,4131565318,Notholaena trichomanoides,Notholaena trichomanoides (L.) Desv.,Pteridaceae,Notholaena,SPECIES,PRESERVED_SPECIMEN,2019-05-19,2019,-71.1737,19.3368,NA,defb9a47-c1a7-4fb2-9a0b-2da7c5260cad,BRIT,BRIT,25,05,SAN JOSÉ DE LAS MATAS,012505,874c89723ffffff
9cfbba88-c01d-4d5a-83c5-5ba9be6bfe7b,1301609048,Zea mays,Zea mays subsp. mays,Poaceae,Zea,SUBSPECIES,OCCURRENCE,,NA,-71.05,19.29,NA,07044577-bd82-4089-9f3a-f4a9d2170b2e,Bioversity-SINGER,,25,05,SAN JOSÉ DE LAS MATAS,012505,874c89764ffffff
9f75522a8a64dcc4db104352fe20b4e6,2629663366,Sisyrinchium scabrum,Sisyrinchium scabrum Schltdl. & Cham.,Iridaceae,Sisyrinchium,SPECIES,PRESERVED_SPECIMEN,1995-06-30,1995,-70.978055,19.039167,NA,98c51784-da02-4f0e-81a4-f3635cb3cba7,INECOL,XAL,25,05,SAN JOSÉ DE LAS MATAS,012505,874cd6906ffffff
9fa4d09b-7a38-4fe2-a6dd-80390b08e199,1930021580,Miconia lima,Leandra lima (Desr.) Judd & Skean,Melastomataceae,Miconia,SPECIES,PRESERVED_SPECIMEN,1988-06-28,1988,-70.97,19.23,NA,d415c253-4d61-4459-9d25-4015b9084fb0,NY,NY,25,05,SAN JOSÉ DE LAS MATAS,012505,874c8939affffff
AAU-Herbarium-R.Sanders1690,47840221,Roystonea borinquena,Roystonea borinquena O.F.Cook,Arecaceae,Roystonea,SPECIES,PRESERVED_SPECIMEN,,NA,-70.983,19.35,NA,833db434-f762-11e1-a439-00145eb45e9a,AU,AAU,25,05,SAN JOSÉ DE LAS MATAS,012505,874c890e9ffffff
B242F089-4795-4BF3-A57C-326F478D4535,1503214939,Scolosanthus acanthodes,Scolosanthus acanthodes (Spreng.) Urb.,Rubiaceae,Scolosanthus,SPECIES,PRESERVED_SPECIMEN,1968-09-14,1968,-70.883,19.316,NA,af1b4db0-c8ce-4a95-b700-8a6a02bed9d6,USF,Herb,25,05,SAN JOSÉ DE LAS MATAS,012505,874c89312ffffff
B243BFD5-88C1-4C94-8C42-F08F8D4E0D3C,1503214848,Eugenia foetida,Eugenia foetida Pers.,Myrtaceae,Eugenia,SPECIES,PRESERVED_SPECIMEN,1968-09-14,1968,-70.883,19.316,NA,af1b4db0-c8ce-4a95-b700-8a6a02bed9d6,USF,Herb,25,05,SAN JOSÉ DE LAS MATAS,012505,874c89312ffffff
B5F9B584-7382-489A-A405-F02FE960715A,122966876,Lantana leucocarpa,Lantana leucocarpa Urb. & Ekman ex Moldenke,Verbenaceae,Lantana,SPECIES,PRESERVED_SPECIMEN,1984-10-04,1984,-71.1,19.26,NA,832cb04e-f762-11e1-a439-00145eb45e9a,FTG,Herbarium,25,05,SAN JOSÉ DE LAS MATAS,012505,874c89773ffffff
BCD4F55B-F8DB-4F2D-9D9E-6EEBB99D4ACF,122976593,Murraya paniculata,Murraya paniculata (L.) Jacq.,Rutaceae,Murraya,SPECIES,PRESERVED_SPECIMEN,1982-03-02,1982,-70.9667,19.3347,NA,832cb04e-f762-11e1-a439-00145eb45e9a,FTG,Herbarium,25,05,SAN JOSÉ DE LAS MATAS,012505,874c893b4ffffff
BEEBEB94-90A9-4065-97A1-FEB573469ED5,1503313516,Galactia schomburgkii,Galactia schomburgkii Urb.,Fabaceae,Galactia,SPECIES,PRESERVED_SPECIMEN,1969-05-07,1969,-71.0047,19.3976,NA,af1b4db0-c8ce-4a95-b700-8a6a02bed9d6,USF,Herb,25,05,SAN JOSÉ DE LAS MATAS,012505,874c89052ffffff
C25F6E3C-71F3-431D-8868-2800432C58C3,122965325,Lantana horrida,Lantana subcordata Urb.,Verbenaceae,Lantana,SPECIES,PRESERVED_SPECIMEN,1983-02-19,1983,-71.15,19.25,NA,832cb04e-f762-11e1-a439-00145eb45e9a,FTG,Herbarium,25,05,SAN JOSÉ DE LAS MATAS,012505,874c89756ffffff
C47E90B5-6AE4-44D8-B431-E33A80EF2BF4,122964287,Lantana L.,Lantana L.,Verbenaceae,Lantana,GENUS,PRESERVED_SPECIMEN,1989-09-28,1989,-70.9,19.45,NA,832cb04e-f762-11e1-a439-00145eb45e9a,FTG,Herbarium,25,05,SAN JOSÉ DE LAS MATAS,012505,874c89064ffffff
C4C5EE2D-B561-40B0-9AF8-D857BCE2A09D,122964389,Lantana L.,Lantana L.,Verbenaceae,Lantana,GENUS,PRESERVED_SPECIMEN,1983-02-19,1983,-71.1,19.23,NA,832cb04e-f762-11e1-a439-00145eb45e9a,FTG,Herbarium,25,05,SAN JOSÉ DE LAS MATAS,012505,874c89742ffffff
C6BFABBA-54E6-4327-AF7E-E3A8A90EDC45,1503214879,Solanum microphyllum,Solanum microphyllum (Lam.) Dunal,Solanaceae,Solanum,SPECIES,PRESERVED_SPECIMEN,1968-09-14,1968,-70.883,19.316,NA,af1b4db0-c8ce-4a95-b700-8a6a02bed9d6,USF,Herb,25,05,SAN JOSÉ DE LAS MATAS,012505,874c89312ffffff
C7079AE3-1B62-4C8F-80FC-C7C7B8268348,1503313530,Coursetia caribaea,Cracca caribaea (Jacq.) Benth.,Fabaceae,Coursetia,SPECIES,PRESERVED_SPECIMEN,1968-05-27,1968,-70.883,19.316,NA,af1b4db0-c8ce-4a95-b700-8a6a02bed9d6,USF,Herb,25,05,SAN JOSÉ DE LAS MATAS,012505,874c89312ffffff
C8450966-3E67-4294-BB72-089D5ECBFF24,122965881,Lantana reticulata,Lantana reticulata Pers.,Verbenaceae,Lantana,SPECIES,PRESERVED_SPECIMEN,1984-10-04,1984,-71.1,19.26,NA,832cb04e-f762-11e1-a439-00145eb45e9a,FTG,Herbarium,25,05,SAN JOSÉ DE LAS MATAS,012505,874c89773ffffff
D2EC58E2-519F-45C8-BB9A-23CDF035BC2F,122965480,Lantana leucocarpa,Lantana leucocarpa Urb. & Ekman ex Moldenke,Verbenaceae,Lantana,SPECIES,PRESERVED_SPECIMEN,1984-10-04,1984,-71.1,19.26,NA,832cb04e-f762-11e1-a439-00145eb45e9a,FTG,Herbarium,25,05,SAN JOSÉ DE LAS MATAS,012505,874c89773ffffff
D5269960-A9B8-43DB-85AB-4F56E537BE1D,1503313352,Erythroxylum rotundifolium,Erythroxylum rotundifolium Lunan,Erythroxylaceae,Erythroxylum,SPECIES,PRESERVED_SPECIMEN,1968-09-14,1968,-70.883,19.316,NA,af1b4db0-c8ce-4a95-b700-8a6a02bed9d6,USF,Herb,25,05,SAN JOSÉ DE LAS MATAS,012505,874c89312ffffff
EE8E0C0C-7B54-4A89-B69C-7216FE9797EF,123002752,Miconia scalpta,Sagraea scalpta (Vent.) Naudin,Melastomataceae,Miconia,SPECIES,PRESERVED_SPECIMEN,1985-07-16,1985,-71.1667,19.3167,NA,832cb04e-f762-11e1-a439-00145eb45e9a,FTG,Herbarium,25,05,SAN JOSÉ DE LAS MATAS,012505,874c8972affffff
F3A8D876-CA4F-46CB-8C7C-0C943815D358,122966842,Lantana horrida,Lantana subcordata Urb.,Verbenaceae,Lantana,SPECIES,PRESERVED_SPECIMEN,1983-02-19,1983,-71.01,19.22,NA,832cb04e-f762-11e1-a439-00145eb45e9a,FTG,Herbarium,25,05,SAN JOSÉ DE LAS MATAS,012505,874c8976bffffff
F455338D-0C87-4C03-8F05-E0073C9C45EF,1503199750,Metastelma domingense,Cynanchum domingense (Schltr.) Jiménez,Apocynaceae,Metastelma,SPECIES,PRESERVED_SPECIMEN,1968-09-14,1968,-70.883,19.316,NA,af1b4db0-c8ce-4a95-b700-8a6a02bed9d6,USF,Herb,25,05,SAN JOSÉ DE LAS MATAS,012505,874c89312ffffff
FA5E53B2-2F97-491A-857B-DF7443C8FEE4,122964286,Lantana L.,Lantana L.,Verbenaceae,Lantana,GENUS,PRESERVED_SPECIMEN,1989-09-28,1989,-70.9,19.45,NA,832cb04e-f762-11e1-a439-00145eb45e9a,FTG,Herbarium,25,05,SAN JOSÉ DE LAS MATAS,012505,874c89064ffffff
FAB5F0EE-64A7-4EE6-BA7B-F4DBD0A81CF0,1503313444,Asclepias nivea,Asclepias nivea L.,Apocynaceae,Asclepias,SPECIES,PRESERVED_SPECIMEN,1970-04-24,1970,-70.883,19.316,NA,af1b4db0-c8ce-4a95-b700-8a6a02bed9d6,USF,Herb,25,05,SAN JOSÉ DE LAS MATAS,012505,874c89312ffffff
MW755368,6189693299,Dendropemon constantiae,Dendropemon constantiae Krug & Urb.,Loranthaceae,Dendropemon,SPECIES,PRESERVED_SPECIMEN,2010-04-10,2010,-70.9,19.2,NA,393b8c26-e4e0-4dd0-a218-93fc074ebf4e,,,25,05,SAN JOSÉ DE LAS MATAS,012505,874c892a5ffffff
MW755384,6196128048,Dendropemon polycarpus,Dendropemon polycarpus Kuijt,Loranthaceae,Dendropemon,SPECIES,PRESERVED_SPECIMEN,2012-09-09,2012,-70.9,19.2,NA,393b8c26-e4e0-4dd0-a218-93fc074ebf4e,,,25,05,SAN JOSÉ DE LAS MATAS,012505,874c892a5ffffff
MW755396,6189414939,Dendropemon polycarpus,Dendropemon polycarpus Kuijt,Loranthaceae,Dendropemon,SPECIES,PRESERVED_SPECIMEN,2014-10-14,2014,-70.9,19.2,NA,393b8c26-e4e0-4dd0-a218-93fc074ebf4e,,,25,05,SAN JOSÉ DE LAS MATAS,012505,874c892a5ffffff
MW820315,6189273814,Dendropemon purpureus,Dendropemon purpureus (L.) Krug & Urb.,Loranthaceae,Dendropemon,SPECIES,PRESERVED_SPECIMEN,2010-04-10,2010,-70.8,19.4,NA,393b8c26-e4e0-4dd0-a218-93fc074ebf4e,,,25,05,SAN JOSÉ DE LAS MATAS,012505,874c89a9dffffff
MW820452,6189556466,Dendropemon purpureus,Dendropemon purpureus (L.) Krug & Urb.,Loranthaceae,Dendropemon,SPECIES,PRESERVED_SPECIMEN,2012-09-08,2012,-70.8,19.4,NA,393b8c26-e4e0-4dd0-a218-93fc074ebf4e,,,25,05,SAN JOSÉ DE LAS MATAS,012505,874c89a9dffffff
MW820463,6196147231,Dendropemon picardae,Dendropemon picardae Krug & Urb.,Loranthaceae,Dendropemon,SPECIES,PRESERVED_SPECIMEN,2014-10-14,2014,-70.9,19.2,NA,393b8c26-e4e0-4dd0-a218-93fc074ebf4e,,,25,05,SAN JOSÉ DE LAS MATAS,012505,874c892a5ffffff
S:VascularPlants:S10-22632,1096725116,Miconia macrocarpa,Tetrazygia urbaniana (Cogn. ex Urb.) Croizat ex Moscoso,Melastomataceae,Miconia,SPECIES,PRESERVED_SPECIMEN,1996-03-09,1996,-71.033333,19.083333,NA,0943f690-fde5-11dd-83f4-b8a03c50a862,S,VascularPlants,25,05,SAN JOSÉ DE LAS MATAS,012505,874c8964dffffff
S:VascularPlants:S10-23012,1096725552,Miconia scalpta,Sagraea scalpta (Vent.) Naudin,Melastomataceae,Miconia,SPECIES,PRESERVED_SPECIMEN,1988-05-25,1988,-71.15,19.3,NA,0943f690-fde5-11dd-83f4-b8a03c50a862,S,VascularPlants,25,05,SAN JOSÉ DE LAS MATAS,012505,874c8972bffffff
S:VascularPlants:S10-23025,1096725546,Miconia scalpta,Sagraea scalpta (Vent.) Naudin,Melastomataceae,Miconia,SPECIES,PRESERVED_SPECIMEN,1988-06-28,1988,-70.966667,19.233333,NA,0943f690-fde5-11dd-83f4-b8a03c50a862,S,VascularPlants,25,05,SAN JOSÉ DE LAS MATAS,012505,874c89398ffffff
S:VascularPlants:S11-21267,1096758382,Badiera penaea,Badiera penaea (L.) DC.,Polygalaceae,Badiera,SPECIES,PRESERVED_SPECIMEN,1984-10-03,1984,-70.95,19.333333,NA,0943f690-fde5-11dd-83f4-b8a03c50a862,S,VascularPlants,25,05,SAN JOSÉ DE LAS MATAS,012505,874c8905bffffff
S:VascularPlants:S11-21275,1096758361,Badiera penaea,Badiera penaea (L.) DC.,Polygalaceae,Badiera,SPECIES,PRESERVED_SPECIMEN,1989-09-28,1989,-70.9,19.45,NA,0943f690-fde5-11dd-83f4-b8a03c50a862,S,VascularPlants,25,05,SAN JOSÉ DE LAS MATAS,012505,874c89064ffffff
S:VascularPlants:S11-35396,1096771096,Asplenium dimidiatum,Asplenium dimidiatum Sw.,Aspleniaceae,Asplenium,SPECIES,PRESERVED_SPECIMEN,1999-12-21,1999,-71.009722,19.358333,NA,0943f690-fde5-11dd-83f4-b8a03c50a862,S,VascularPlants,25,05,SAN JOSÉ DE LAS MATAS,012505,874c890e8ffffff
S:VascularPlants:S11-35401,1096771074,Adiantum pyramidale,Adiantum pyramidale (L.) Willd.,Pteridaceae,Adiantum,SPECIES,PRESERVED_SPECIMEN,1999-12-21,1999,-71.009722,19.358333,NA,0943f690-fde5-11dd-83f4-b8a03c50a862,S,VascularPlants,25,05,SAN JOSÉ DE LAS MATAS,012505,874c890e8ffffff
S:VascularPlants:S11-35403,1096771051,Anemia underwoodiana,Anemia underwoodiana Maxon,Anemiaceae,Anemia,SPECIES,PRESERVED_SPECIMEN,1999-12-21,1999,-71.009722,19.358333,NA,0943f690-fde5-11dd-83f4-b8a03c50a862,S,VascularPlants,25,05,SAN JOSÉ DE LAS MATAS,012505,874c890e8ffffff
S:VascularPlants:S11-35404,1096771073,Monteverdia domingensis,Maytenus domingensis Krug & Urb.,Celastraceae,Monteverdia,SPECIES,PRESERVED_SPECIMEN,1999-12-21,1999,-71.009722,19.358333,NA,0943f690-fde5-11dd-83f4-b8a03c50a862,S,VascularPlants,25,05,SAN JOSÉ DE LAS MATAS,012505,874c890e8ffffff
S:VascularPlants:S11-36537,1096772078,Rondeletia ochracea,Rondeletia ochracea Urb.,Rubiaceae,Rondeletia,SPECIES,PRESERVED_SPECIMEN,1998-02-08,1998,-71.033333,19.066667,NA,0943f690-fde5-11dd-83f4-b8a03c50a862,S,VascularPlants,25,05,SAN JOSÉ DE LAS MATAS,012505,874c89649ffffff
S:VascularPlants:S11-36542,1096772087,Aosa plumieri,Aosa plumieri (Urb.) Weigend,Loasaceae,Aosa,SPECIES,PRESERVED_SPECIMEN,1997-02-10,1997,-71.033333,19.066667,NA,0943f690-fde5-11dd-83f4-b8a03c50a862,S,VascularPlants,25,05,SAN JOSÉ DE LAS MATAS,012505,874c89649ffffff
S:VascularPlants:S11-36550,1096772108,Scrophularia eggersii,Scrophularia eggersii Urb.,Scrophulariaceae,Scrophularia,SPECIES,PRESERVED_SPECIMEN,1997-02-14,1997,-71.016667,19.033333,NA,0943f690-fde5-11dd-83f4-b8a03c50a862,S,VascularPlants,25,05,SAN JOSÉ DE LAS MATAS,012505,874cd6910ffffff
S:VascularPlants:S11-38297,1096773911,Psychotria heterochroa,Psychotria heterochroa Urb.,Rubiaceae,Psychotria,SPECIES,PRESERVED_SPECIMEN,1987-06-09,1987,-71.116667,19.3,NA,0943f690-fde5-11dd-83f4-b8a03c50a862,S,VascularPlants,25,05,SAN JOSÉ DE LAS MATAS,012505,874c89729ffffff
S:VascularPlants:S11-39183,1096774833,Rondeletia trilobata,Stevensia trilobata Borhidi,Rubiaceae,Rondeletia,SPECIES,PRESERVED_SPECIMEN,1987-06-09,1987,-71.116667,19.3,NA,0943f690-fde5-11dd-83f4-b8a03c50a862,S,VascularPlants,25,05,SAN JOSÉ DE LAS MATAS,012505,874c89729ffffff
S:VascularPlants:S11-39497,1096775174,Badiera fuertesii,Badiera fuertesii Urb.,Polygalaceae,Badiera,SPECIES,PRESERVED_SPECIMEN,1997-02-10,1997,-71.033333,19.066667,NA,0943f690-fde5-11dd-83f4-b8a03c50a862,S,VascularPlants,25,05,SAN JOSÉ DE LAS MATAS,012505,874c89649ffffff
S:VascularPlants:S12-26465,1096794809,Tetrazygia Rich. ex DC.,Tetrazygia Rich. ex DC.,Melastomataceae,Miconia,GENUS,PRESERVED_SPECIMEN,1985-07-16,1985,-71.166667,19.316667,NA,0943f690-fde5-11dd-83f4-b8a03c50a862,S,VascularPlants,25,05,SAN JOSÉ DE LAS MATAS,012505,874c8972affffff
S:VascularPlants:S14-23452,1096845200,Monteverdia domingensis,Maytenus domingensis Krug & Urb.,Celastraceae,Monteverdia,SPECIES,PRESERVED_SPECIMEN,1987-06-09,1987,-71.116667,19.3,NA,0943f690-fde5-11dd-83f4-b8a03c50a862,S,VascularPlants,25,05,SAN JOSÉ DE LAS MATAS,012505,874c89729ffffff
S:VascularPlants:S14-23549,1096845316,Monteverdia domingensis,Maytenus domingensis Krug & Urb.,Celastraceae,Monteverdia,SPECIES,PRESERVED_SPECIMEN,1987-06-10,1987,-71.05,19.383333,NA,0943f690-fde5-11dd-83f4-b8a03c50a862,S,VascularPlants,25,05,SAN JOSÉ DE LAS MATAS,012505,874c890e3ffffff
S:VascularPlants:S15-2514,1096898037,Rondeletia poitaei,Stevensia buxifolia Poit.,Rubiaceae,Rondeletia,SPECIES,PRESERVED_SPECIMEN,1988-04-21,1988,-71.166667,19.35,NA,0943f690-fde5-11dd-83f4-b8a03c50a862,S,VascularPlants,25,05,SAN JOSÉ DE LAS MATAS,012505,874c89721ffffff
S:VascularPlants:S15-57562,2618553710,Miconia longicollis,Tetrazygia longicollis Urb. & Cogn.,Melastomataceae,Miconia,SPECIES,PRESERVED_SPECIMEN,1987-06-10,1987,-71.05,19.383333,NA,0943f690-fde5-11dd-83f4-b8a03c50a862,S,VascularPlants,25,05,SAN JOSÉ DE LAS MATAS,012505,874c890e3ffffff
S:VascularPlants:S15-5922,1096911166,Rondeletia ochracea,Rondeletia ochracea Urb.,Rubiaceae,Rondeletia,SPECIES,PRESERVED_SPECIMEN,1996-03-11,1996,-71.033333,19.066667,NA,0943f690-fde5-11dd-83f4-b8a03c50a862,S,VascularPlants,25,05,SAN JOSÉ DE LAS MATAS,012505,874c89649ffffff
S:VascularPlants:S16-23222,2618391947,Doryopteris pedata,Doryopteris pedata (L.) Fée,Pteridaceae,Doryopteris,SPECIES,PRESERVED_SPECIMEN,1983-02-19,1983,-70.966667,19.35,NA,0943f690-fde5-11dd-83f4-b8a03c50a862,S,VascularPlants,25,05,SAN JOSÉ DE LAS MATAS,012505,874c8905affffff
S:VascularPlants:S16-4188,2618516718,Miconia acuminoides,Mecranium acuminatum (DC.) Skean,Melastomataceae,Miconia,SPECIES,PRESERVED_SPECIMEN,1987-06-09,1987,-71.116667,19.308333,NA,0943f690-fde5-11dd-83f4-b8a03c50a862,S,VascularPlants,25,05,SAN JOSÉ DE LAS MATAS,012505,874c89729ffffff
S:VascularPlants:S16-49017,2618402044,Baccharis myrsinites,Baccharis myrsinites Pers.,Asteraceae,Baccharis,SPECIES,PRESERVED_SPECIMEN,1988-12-08,1988,-71.016667,19.033333,NA,0943f690-fde5-11dd-83f4-b8a03c50a862,S,VascularPlants,25,05,SAN JOSÉ DE LAS MATAS,012505,874cd6910ffffff
S:VascularPlants:S16-546,2618349356,Miconia stenobotrys,Miconia stenobotrys (Rich.) Naudin,Melastomataceae,Miconia,SPECIES,PRESERVED_SPECIMEN,1988-06-28,1988,-70.966667,19.233333,NA,0943f690-fde5-11dd-83f4-b8a03c50a862,S,VascularPlants,25,05,SAN JOSÉ DE LAS MATAS,012505,874c89398ffffff
S:VascularPlants:S16-573,2618521353,Miconia stenobotrys,Miconia stenobotrys (Rich.) Naudin,Melastomataceae,Miconia,SPECIES,PRESERVED_SPECIMEN,1985-07-16,1985,-71.133333,19.283333,NA,0943f690-fde5-11dd-83f4-b8a03c50a862,S,VascularPlants,25,05,SAN JOSÉ DE LAS MATAS,012505,874c8970dffffff
S:VascularPlants:S17-18139,2618587058,Phlegmariurus linifolius,Huperzia linifolia (L.) Trevis.,Lycopodiaceae,Phlegmariurus,SPECIES,PRESERVED_SPECIMEN,1985-07-16,1985,-71.133333,19.283333,NA,0943f690-fde5-11dd-83f4-b8a03c50a862,S,VascularPlants,25,05,SAN JOSÉ DE LAS MATAS,012505,874c8970dffffff
S:VascularPlants:S17-56085,2618431645,Nesampelos lucens,Nesampelos lucens (Poir.) B.Nord.,Asteraceae,Nesampelos,SPECIES,PRESERVED_SPECIMEN,1988-06-28,1988,-70.966667,19.233333,NA,0943f690-fde5-11dd-83f4-b8a03c50a862,S,VascularPlants,25,05,SAN JOSÉ DE LAS MATAS,012505,874c89398ffffff
S:VascularPlants:S20-2202,2618533260,Chaptalia Vent.,Chaptalia Vent.,Asteraceae,Chaptalia,GENUS,PRESERVED_SPECIMEN,1985-07-16,1985,-71.133333,19.283333,NA,0943f690-fde5-11dd-83f4-b8a03c50a862,S,VascularPlants,25,05,SAN JOSÉ DE LAS MATAS,012505,874c8970dffffff
S:VascularPlants:S24-11280,5922511941,Anemia tomentosa,Anemia tomentosa var. mexicana (C.Presl) Mickel,Anemiaceae,Anemia,VARIETY,PRESERVED_SPECIMEN,1983-02-19,1983,-71.033333,19.366667,NA,0943f690-fde5-11dd-83f4-b8a03c50a862,S,VascularPlants,25,05,SAN JOSÉ DE LAS MATAS,012505,874c890c5ffffff
S:VascularPlants:S24-7472,5922487435,Sideroxylon cubense,Sideroxylon cubense (Griseb.) T.D.Penn.,Sapotaceae,Sideroxylon,SPECIES,PRESERVED_SPECIMEN,1987-06-09,1987,-71.116667,19.308333,NA,0943f690-fde5-11dd-83f4-b8a03c50a862,S,VascularPlants,25,05,SAN JOSÉ DE LAS MATAS,012505,874c89729ffffff
S:VascularPlants:S26-9958,6393561318,Notholaena trichomanoides,Chrysochosma trichomanoides (L.) Pic.Serm.,Pteridaceae,Notholaena,SPECIES,PRESERVED_SPECIMEN,1985-07-16,1985,-71.15,19.3,NA,0943f690-fde5-11dd-83f4-b8a03c50a862,S,VascularPlants,25,05,SAN JOSÉ DE LAS MATAS,012505,874c8972bffffff
UCJEPS:UC:UC1954538,4856542568,Dendropemon pycnophyllus,Dendropemon pycnophyllus Krug & Urb.,Loranthaceae,Dendropemon,SPECIES,PRESERVED_SPECIMEN,1988-12-07/1988-12-08,1988,-71.016667,19.033333,NA,83a49751-4282-481e-a847-1c5c224a0551,,UC,25,05,SAN JOSÉ DE LAS MATAS,012505,874cd6910ffffff
a01e3d54-e5f1-4a61-9290-16b70a7119f8,1930028504,Alsophila woodwardioides,Alsophila woodwardioides (Kaulf.) D.S.Conant,Cyatheaceae,Alsophila,SPECIES,PRESERVED_SPECIMEN,1999-03-20,1999,-71.011901,19.194065,NA,d415c253-4d61-4459-9d25-4015b9084fb0,NY,NY,25,05,SAN JOSÉ DE LAS MATAS,012505,874c892b2ffffff
a0af7061-65cf-40a5-8345-66fd8867471a,1930036923,Tabernaemontana citrifolia,Tabernaemontana citrifolia L.,Apocynaceae,Tabernaemontana,SPECIES,PRESERVED_SPECIMEN,1929-11-16,1929,-70.939,19.340706,1321.57,d415c253-4d61-4459-9d25-4015b9084fb0,NY,NY,25,05,SAN JOSÉ DE LAS MATAS,012505,874c89059ffffff
a0c2078b-56bc-4adb-b2c7-73c7b8ecaf14,1930037602,Miconia stenobotrys,Miconia stenobotrys (Rich.) Naudin,Melastomataceae,Miconia,SPECIES,PRESERVED_SPECIMEN,1968-05-14,1968,-71.06839,19.319901,863.57,d415c253-4d61-4459-9d25-4015b9084fb0,NY,NY,25,05,SAN JOSÉ DE LAS MATAS,012505,874c890ddffffff
a2511886-ce21-4db7-95e6-029b320998bf,1457799130,Miconia acuminoides,"Miconia acuminoides Skean, Judd & Majure",Melastomataceae,Miconia,SPECIES,PRESERVED_SPECIMEN,2002-09-09,2002,-70.95,19.433333,NA,b89d52a2-861d-4388-adad-c0da3d55fc78,UF,,25,05,SAN JOSÉ DE LAS MATAS,012505,874c89071ffffff
a26d71ef-6f07-4555-8694-6eee67ee9de2,1457799140,Miconia longicollis,Miconia longicollis (Urb. & Cogn.) Judd & Becquer,Melastomataceae,Miconia,SPECIES,PRESERVED_SPECIMEN,1983-02-19,1983,-70.966667,19.333333,NA,b89d52a2-861d-4388-adad-c0da3d55fc78,UF,,25,05,SAN JOSÉ DE LAS MATAS,012505,874c893b4ffffff
a2af1a80-2d21-487e-8bce-4954fb8955eb,3925740312,Pityrogramma calomelanos,Pityrogramma calomelanos (L.) Link,Pteridaceae,Pityrogramma,SPECIES,PRESERVED_SPECIMEN,2018-11-28,2018,-71.15506,19.21257,NA,b89d52a2-861d-4388-adad-c0da3d55fc78,UF,,25,05,SAN JOSÉ DE LAS MATAS,012505,874c8962cffffff
a3416328-2078-4981-a398-8fd3ba75ef97,2270676179,Myrcia amazonica,Myrcia amazonica DC.,Myrtaceae,Myrcia,SPECIES,PRESERVED_SPECIMEN,1985-07-16,1985,-71.1333,19.2833,NA,e05fd4c2-4d77-4c50-880e-1b22096af300,ASU,Plants,25,05,SAN JOSÉ DE LAS MATAS,012505,874c8970dffffff
a396f94c-d0c9-4913-bdfb-31569a69519f,6176765496,Hedyosmum nutans,Hedyosmum nutans Sw.,Chloranthaceae,Hedyosmum,SPECIES,PRESERVED_SPECIMEN,1985-07-16,1985,-71.166667,19.316667,NA,b89d52a2-861d-4388-adad-c0da3d55fc78,UF,,25,05,SAN JOSÉ DE LAS MATAS,012505,874c8972affffff
a415eeb2-1103-4019-9ac1-e4fc7fac101e,2270515551,Casearia sylvestris,Casearia sylvestris Sw.,Salicaceae,Casearia,SPECIES,PRESERVED_SPECIMEN,1989-08-19,1989,-71.07166,19.357598,3036,e05fd4c2-4d77-4c50-880e-1b22096af300,ASU,Plants,25,05,SAN JOSÉ DE LAS MATAS,012505,874c890c2ffffff
a46637f3-5d17-4002-8dfc-d2d88daf1eec,1930091644,Rhytidophyllum auriculatum,Rhytidophyllum auriculatum Hook.,Gesneriaceae,Rhytidophyllum,SPECIES,PRESERVED_SPECIMEN,1985-07-16,1985,-71.17,19.32,NA,d415c253-4d61-4459-9d25-4015b9084fb0,NY,NY,25,05,SAN JOSÉ DE LAS MATAS,012505,874c89705ffffff
a4c5a816-338f-4611-9ead-983b99ef0fcf,1930097235,Tillandsia recurvata,Tillandsia recurvata (L.) L.,Bromeliaceae,Tillandsia,SPECIES,PRESERVED_SPECIMEN,1991-04-24,1991,-71.05,19.38,NA,d415c253-4d61-4459-9d25-4015b9084fb0,NY,NY,25,05,SAN JOSÉ DE LAS MATAS,012505,874c890c4ffffff
a4ca669f-8874-47e3-a129-6b04a7efe48d,1930097707,Lantana leonardorum,Lantana leonardorum Moldenke,Verbenaceae,Lantana,SPECIES,PRESERVED_SPECIMEN,1985-07-16,1985,-71.2,19.35,NA,d415c253-4d61-4459-9d25-4015b9084fb0,NY,NY,25,05,SAN JOSÉ DE LAS MATAS,012505,874c89722ffffff
a793081b-cccb-4778-9ce8-bd9f034b2c38,1301789114,Zea mays,Zea mays subsp. mays,Poaceae,Zea,SUBSPECIES,OCCURRENCE,1959-01-01,1959,-71.05,19.29,NA,07044577-bd82-4089-9f3a-f4a9d2170b2e,Bioversity-SINGER,,25,05,SAN JOSÉ DE LAS MATAS,012505,874c89764ffffff
a8428b60-12d5-4151-861c-d6424fef1e71,4131570319,Meniscium reticulatum,Meniscium reticulatum (L.) Sw.,Thelypteridaceae,Meniscium,SPECIES,PRESERVED_SPECIMEN,2019-05-19,2019,-71.1737,19.3368,NA,defb9a47-c1a7-4fb2-9a0b-2da7c5260cad,BRIT,BRIT,25,05,SAN JOSÉ DE LAS MATAS,012505,874c89723ffffff
a8b89c72-5f92-4361-b99c-137e07b47f5d,1930152807,Elekmania fuertesii,Elekmania fuertesii (Urb.) B.Nord.,Asteraceae,Elekmania,SPECIES,PRESERVED_SPECIMEN,1988-12-08,1988,-71.02,19.03,NA,d415c253-4d61-4459-9d25-4015b9084fb0,NY,NY,25,05,SAN JOSÉ DE LAS MATAS,012505,874cd6910ffffff
a8c76647-acad-4051-b261-7bc5367d3074,2270685449,Myrcia chytraculia,Calyptranthes zuzygium (L.) Sw.,Myrtaceae,Myrcia,SPECIES,PRESERVED_SPECIMEN,1991-04-24,1991,-71.05,19.4,NA,e05fd4c2-4d77-4c50-880e-1b22096af300,ASU,Plants,25,05,SAN JOSÉ DE LAS MATAS,012505,874c890e2ffffff
a9d396cb-3070-41c6-8369-eee66c516564,1930168692,Oleandra articulata,Oleandra articulata (Sw.) C.Presl,Oleandraceae,Oleandra,SPECIES,PRESERVED_SPECIMEN,1987-04-15,1987,-70.9,19.22,NA,d415c253-4d61-4459-9d25-4015b9084fb0,NY,NY,25,05,SAN JOSÉ DE LAS MATAS,012505,874c8938bffffff
a9ebf136-0d21-4fd7-9de8-0fbeba2d4119,5135259327,Eugenia P.Micheli ex L.,Eugenia P.Micheli ex L.,Myrtaceae,Eugenia,GENUS,PRESERVED_SPECIMEN,1985-07-16,1985,-71.133333,19.283333,NA,b89d52a2-861d-4388-adad-c0da3d55fc78,UF,,25,05,SAN JOSÉ DE LAS MATAS,012505,874c8970dffffff
aa0a8c1d-3807-478b-9cd0-0685afb9d182,1930172143,Scrophularia eggersii,Scrophularia eggersii Urb.,Scrophulariaceae,Scrophularia,SPECIES,PRESERVED_SPECIMEN,1989-06-26,1989,-71.033,19.05,NA,d415c253-4d61-4459-9d25-4015b9084fb0,NY,NY,25,05,SAN JOSÉ DE LAS MATAS,012505,874cd6916ffffff
aa7aa830-454c-4053-bf32-1c7c71e7e6f0,1930177860,Ateleia microcarpa,Ateleia microcarpa (Pers.) D.Dietr.,Fabaceae,Ateleia,SPECIES,PRESERVED_SPECIMEN,1985-07-16,1985,-71.17,19.32,NA,d415c253-4d61-4459-9d25-4015b9084fb0,NY,NY,25,05,SAN JOSÉ DE LAS MATAS,012505,874c89705ffffff
ab6c56b2-3d95-4ee7-b8db-d7ff4755ca62,1457802202,Miconia longicollis,Miconia longicollis (Urb. & Cogn.) Judd & Becquer,Melastomataceae,Miconia,SPECIES,PRESERVED_SPECIMEN,1987-06-10,1987,-71.05,19.383333,NA,b89d52a2-861d-4388-adad-c0da3d55fc78,UF,,25,05,SAN JOSÉ DE LAS MATAS,012505,874c890e3ffffff
ac0036eb-cf8a-46b1-a0eb-7a3e2aaa029c,2270674513,Eugenia biflora,Eugenia biflora (L.) DC.,Myrtaceae,Eugenia,SPECIES,PRESERVED_SPECIMEN,1987-06-10,1987,-71.05,19.3833,NA,e05fd4c2-4d77-4c50-880e-1b22096af300,ASU,Plants,25,05,SAN JOSÉ DE LAS MATAS,012505,874c890e3ffffff
ac032293-131a-4a59-85fe-204711a19253,4525833347,Miconia scalpta,"Miconia scalpta (Vent.) Ionta, Judd & Skean",Melastomataceae,Miconia,SPECIES,PRESERVED_SPECIMEN,1988-06-28,1988,-70.966667,19.233333,NA,b89d52a2-861d-4388-adad-c0da3d55fc78,UF,,25,05,SAN JOSÉ DE LAS MATAS,012505,874c89398ffffff
aeef51bf-cd3a-4db0-b9c3-9c8ea0b51f8b,1301609053,Zea mays,Zea mays subsp. mays,Poaceae,Zea,SUBSPECIES,OCCURRENCE,,NA,-71.05,19.29,NA,07044577-bd82-4089-9f3a-f4a9d2170b2e,Bioversity-SINGER,,25,05,SAN JOSÉ DE LAS MATAS,012505,874c89764ffffff
af3bc462-ba1c-4a57-9e77-e45d33454058,1301609028,Zea mays,Zea mays subsp. mays,Poaceae,Zea,SUBSPECIES,OCCURRENCE,,NA,-71.05,19.29,NA,07044577-bd82-4089-9f3a-f4a9d2170b2e,Bioversity-SINGER,,25,05,SAN JOSÉ DE LAS MATAS,012505,874c89764ffffff
af71138e-0453-4d85-8f99-0518382b31ba,1056905684,Elaphoglossum gayanum,Elaphoglossum gayanum (Fée) T.Moore,Dryopteridaceae,Elaphoglossum,SPECIES,PRESERVED_SPECIMEN,1929-06-12,1929,-71.103797,19.284511,NA,7e380070-f762-11e1-a439-00145eb45e9a,NHMUK,BOT,25,05,SAN JOSÉ DE LAS MATAS,012505,874c89770ffffff
afa3a5a4-0a9e-4750-8664-670755c31c29,1457803759,Dodonaea viscosa,Dodonaea elaeagnoides Rudolphi ex Ledeb. & Adlerstam,Sapindaceae,Dodonaea,SPECIES,PRESERVED_SPECIMEN,1989-09-28,1989,-70.9,19.45,NA,b89d52a2-861d-4388-adad-c0da3d55fc78,UF,,25,05,SAN JOSÉ DE LAS MATAS,012505,874c89064ffffff
b076195e-1ec0-4d6e-9826-026d159eff5d,1930262020,Kalanchoe pinnata,Kalanchoe pinnata (Lam.) Pers.,Crassulaceae,Kalanchoe,SPECIES,PRESERVED_SPECIMEN,1988-05-24,1988,-71.07,19.32,NA,d415c253-4d61-4459-9d25-4015b9084fb0,NY,NY,25,05,SAN JOSÉ DE LAS MATAS,012505,874c890ddffffff
b1274587-0de1-45dd-8b24-85e5959e8eb8,1930271457,Casearia aculeata,Casearia aculeata Jacq.,Salicaceae,Casearia,SPECIES,PRESERVED_SPECIMEN,1988-05-25,1988,-71.125,19.38,NA,d415c253-4d61-4459-9d25-4015b9084fb0,NY,NY,25,05,SAN JOSÉ DE LAS MATAS,012505,874c890d4ffffff
b2719173-749c-44fa-883f-182acc1de854,1056627186,Hymenophyllum urbani,Hymenophyllum urbani Brause,Hymenophyllaceae,Hymenophyllum,SPECIES,PRESERVED_SPECIMEN,1912-07,1912,-70.966667,19.05,NA,7e380070-f762-11e1-a439-00145eb45e9a,NHMUK,BOT,25,05,SAN JOSÉ DE LAS MATAS,012505,874cd6904ffffff
b33d9fe4-5401-4536-aaaa-8fa15a7c2046,3329398350,Miconia bairdiana,"Miconia bairdiana (Skean, Judd, Clase & Peguero) Skean & Judd",Melastomataceae,Miconia,SPECIES,PRESERVED_SPECIMEN,1819-05-19,1819,-71.17432,19.33261,NA,b89d52a2-861d-4388-adad-c0da3d55fc78,UF,,25,05,SAN JOSÉ DE LAS MATAS,012505,874c89705ffffff
b34a7c38-540b-43b9-807b-1b26c7aefc0a,3329399639,Miconia bicolor,Miconia bicolor (Mill.) Triana,Melastomataceae,Miconia,SPECIES,PRESERVED_SPECIMEN,1819-05-19,1819,-71.17432,19.33261,NA,b89d52a2-861d-4388-adad-c0da3d55fc78,UF,,25,05,SAN JOSÉ DE LAS MATAS,012505,874c89705ffffff
b34ce041-687c-4411-94a4-d096863bc228,1930302202,Orthodicranum flagellare,Orthodicranum flagellare (Hedw.) Loeske,Dicranaceae,Orthodicranum,SPECIES,PRESERVED_SPECIMEN,1988-12-08,1988,-71.02,19.03,NA,d415c253-4d61-4459-9d25-4015b9084fb0,NY,NY,25,05,SAN JOSÉ DE LAS MATAS,012505,874cd6910ffffff
b3c5e7df-0a98-4b5d-96e6-01dacf3ebbb8,1930308500,Sloanea ilicifolia,Sloanea ilicifolia Urb.,Elaeocarpaceae,Sloanea,SPECIES,PRESERVED_SPECIMEN,1988-06-28,1988,-70.97,19.23,NA,d415c253-4d61-4459-9d25-4015b9084fb0,NY,NY,25,05,SAN JOSÉ DE LAS MATAS,012505,874c8939affffff
b61fa169-3196-464c-899b-0f50deff5614,1930341877,Epidendrum rigidum,Epidendrum rigidum Jacq.,Orchidaceae,Epidendrum,SPECIES,PRESERVED_SPECIMEN,1985-07-16,1985,-71.17,19.32,NA,d415c253-4d61-4459-9d25-4015b9084fb0,NY,NY,25,05,SAN JOSÉ DE LAS MATAS,012505,874c89705ffffff
b66ac82a-9333-460c-aa4f-adb234382b51,1930345886,Sphenomeris clavata,Sphenomeris clavata (L.) Maxon,Lindsaeaceae,Sphenomeris,SPECIES,PRESERVED_SPECIMEN,2000-11-23,2000,-70.9583,19.32,NA,d415c253-4d61-4459-9d25-4015b9084fb0,NY,NY,25,05,SAN JOSÉ DE LAS MATAS,012505,874c893b5ffffff
b716a403-a37b-48a0-85a7-0f6c745aba67,4076837711,Braunia secunda,Braunia secunda (Hook.) Bruch & Schimp.,Hedwigiaceae,Braunia,SPECIES,PRESERVED_SPECIMEN,1982-05-12,1982,-70.998,19.023,2157,ad004988-7cbf-4af7-9cdb-d7500cc025f2,FLAS,,25,05,SAN JOSÉ DE LAS MATAS,012505,874cd6911ffffff
b81fbfdc-b4f8-490a-b264-bca105ac62b9,1930370470,Nephrolepis hirsutula,Nephrolepis hirsutula (G.Forst.) C.Presl,Nephrolepidaceae,Nephrolepis,SPECIES,PRESERVED_SPECIMEN,1988-06-28,1988,-70.97,19.23,NA,d415c253-4d61-4459-9d25-4015b9084fb0,NY,NY,25,05,SAN JOSÉ DE LAS MATAS,012505,874c8939affffff
b84b91a7-1d5c-4855-8ebf-0167e6bd14d2,2270674156,Eugenia foetida,Eugenia foetida Pers.,Myrtaceae,Eugenia,SPECIES,PRESERVED_SPECIMEN,1993-08-05,1993,-71,19.4167,NA,e05fd4c2-4d77-4c50-880e-1b22096af300,ASU,Plants,25,05,SAN JOSÉ DE LAS MATAS,012505,874c89056ffffff
b99718dc-dbd1-4b77-8fef-43f534963dbf,1930391306,Miconia tetrandra,Miconia tetrandra (Sw.) D.Don,Melastomataceae,Miconia,SPECIES,PRESERVED_SPECIMEN,1988-05-24,1988,-71.15,19.25,NA,d415c253-4d61-4459-9d25-4015b9084fb0,NY,NY,25,05,SAN JOSÉ DE LAS MATAS,012505,874c89756ffffff
b9b20d76-ee39-4903-8f09-3c76c236d1b7,5887373546,Polystichopsis chaerophylloides,Dryopteris chaerophylloides (Poir.) C.Chr.,Dryopteridaceae,Polystichopsis,SPECIES,PRESERVED_SPECIMEN,1933-06-07,1933,-71.077461,19.148134,5000,8310f570-f762-11e1-a439-00145eb45e9a,WTU,Vascular,25,05,SAN JOSÉ DE LAS MATAS,012505,874c89662ffffff
b9c9d326-de99-46fd-ad0e-1e38f04c936d,5886498436,Miconia krugii,Miconia krugii Cogn.,Melastomataceae,Miconia,SPECIES,PRESERVED_SPECIMEN,2023-01-08,2023,-71.01403,19.0752,NA,b89d52a2-861d-4388-adad-c0da3d55fc78,UF,,25,05,SAN JOSÉ DE LAS MATAS,012505,874cd6936ffffff
b9faca1f-fe7c-492c-97b6-8e104595a136,1457807206,Miconia tetrandra,Miconia tetrandra (Sw.) D.Don,Melastomataceae,Miconia,SPECIES,PRESERVED_SPECIMEN,1988-05-24,1988,-71.15,19.25,NA,b89d52a2-861d-4388-adad-c0da3d55fc78,UF,,25,05,SAN JOSÉ DE LAS MATAS,012505,874c89756ffffff
bb777f65-d1c1-412b-ba9c-c985d369b457,1930418137,Badiera penaea,Badiera penaea (L.) DC.,Polygalaceae,Badiera,SPECIES,PRESERVED_SPECIMEN,1983-05-22,1983,-70.97,19.33,NA,d415c253-4d61-4459-9d25-4015b9084fb0,NY,NY,25,05,SAN JOSÉ DE LAS MATAS,012505,874c893b4ffffff
bbdfdbd6-c151-4009-8735-6f3b9278a273,2270680866,Pimenta racemosa,Pimenta racemosa var. ozua (Urb. & Ekman) Landrum,Myrtaceae,Pimenta,VARIETY,PRESERVED_SPECIMEN,1988-05-25,1988,-71.1333,19.2833,NA,e05fd4c2-4d77-4c50-880e-1b22096af300,ASU,Plants,25,05,SAN JOSÉ DE LAS MATAS,012505,874c8970dffffff
bcb0da9a-5f69-4049-9d28-4f49ab53242d,5138335346,Phlegmariurus taxifolius,Huperzia taxifolia (Sw.) Trevis.,Lycopodiaceae,Phlegmariurus,SPECIES,PRESERVED_SPECIMEN,1986-01-01,1986,-71.002807,19.033386,2000,7b742032-9940-4da3-8c1a-3eaceaed4f1f,WS,,25,05,SAN JOSÉ DE LAS MATAS,012505,874cd6915ffffff
bcc9b872-e80e-4d0c-b8ca-0ba95cfbe6e7,1301609034,Zea mays,Zea mays subsp. mays,Poaceae,Zea,SUBSPECIES,OCCURRENCE,,NA,-71.05,19.29,NA,07044577-bd82-4089-9f3a-f4a9d2170b2e,Bioversity-SINGER,,25,05,SAN JOSÉ DE LAS MATAS,012505,874c89764ffffff
bd0d1b38-7704-42ba-9faf-1fb1f78892bd,1999140406,Jacquiniella globosa,Jacquiniella globosa (Jacq.) Schltr.,Orchidaceae,Jacquiniella,SPECIES,PRESERVED_SPECIMEN,1985-07-16,1985,-71.2,19.2,NA,861e6afe-f762-11e1-a439-00145eb45e9a,GH,GH,25,05,SAN JOSÉ DE LAS MATAS,012505,874c89600ffffff
bd4966ce-e809-401b-8d0a-7be6db2e4c8e,1301609036,Zea mays,Zea mays subsp. mays,Poaceae,Zea,SUBSPECIES,OCCURRENCE,,NA,-71.05,19.29,NA,07044577-bd82-4089-9f3a-f4a9d2170b2e,Bioversity-SINGER,,25,05,SAN JOSÉ DE LAS MATAS,012505,874c89764ffffff
bdc276fa-821b-4739-8bda-00a311b8bfa8,1930450420,Tillandsia pruinosa,Tillandsia pruinosa Sw.,Bromeliaceae,Tillandsia,SPECIES,PRESERVED_SPECIMEN,1989-08-19,1989,-71.08,19.28,NA,d415c253-4d61-4459-9d25-4015b9084fb0,NY,NY,25,05,SAN JOSÉ DE LAS MATAS,012505,874c89775ffffff
be29f1bb-b1eb-4989-bfda-f2872f0455c2,1930455995,Miconia samanensis,Miconia samanensis Urb.,Melastomataceae,Miconia,SPECIES,PRESERVED_SPECIMEN,1987-04-15,1987,-70.9,19.22,NA,d415c253-4d61-4459-9d25-4015b9084fb0,NY,NY,25,05,SAN JOSÉ DE LAS MATAS,012505,874c8938bffffff
be3aaa43-bbc8-4864-b0e7-47cd19c37994,1301594177,Zea mays,Zea mays subsp. mays,Poaceae,Zea,SUBSPECIES,OCCURRENCE,,NA,-71.05,19.29,NA,07044577-bd82-4089-9f3a-f4a9d2170b2e,Bioversity-SINGER,,25,05,SAN JOSÉ DE LAS MATAS,012505,874c89764ffffff
be9ddee2-a9e2-4192-be10-436a42d962a9,3920738358,Hymenophyllum polyanthos,Hymenophyllum polyanthos (Sw.) Sw.,Hymenophyllaceae,Hymenophyllum,SPECIES,PRESERVED_SPECIMEN,1993-08-13,1993,-70.85,19.22,NA,b89d52a2-861d-4388-adad-c0da3d55fc78,UF,,25,05,SAN JOSÉ DE LAS MATAS,012505,874c89233ffffff
bed624e6-289d-4d50-a3f4-ea8c4e334d80,6165249520,Parasenegalia skleroxyla,Acacia skleroxyla Tussac,Fabaceae,Parasenegalia,SPECIES,PRESERVED_SPECIMEN,1991-04-24,1991,-71.02,19.25,NA,b89d52a2-861d-4388-adad-c0da3d55fc78,UF,,25,05,SAN JOSÉ DE LAS MATAS,012505,874c8976cffffff
bed87f4d-e9f9-4604-a334-2a01c5c16a6b,1930465751,Paspalum urbanianum,Paspalum urbanianum Ekman,Poaceae,Paspalum,SPECIES,PRESERVED_SPECIMEN,1988-06-27,1988,-71.03,19.12,NA,d415c253-4d61-4459-9d25-4015b9084fb0,NY,NY,25,05,SAN JOSÉ DE LAS MATAS,012505,874c89668ffffff
bf3acc22-ebab-4ed7-a69d-4f890292d725,4465135312,Miconia prasina,Miconia prasina (Sw.) DC.,Melastomataceae,Miconia,SPECIES,PRESERVED_SPECIMEN,2000-09-24,2000,-70.946667,19.335,NA,b89d52a2-861d-4388-adad-c0da3d55fc78,UF,,25,05,SAN JOSÉ DE LAS MATAS,012505,874c8905bffffff
c045b6b7-12fc-47a5-9fd9-1244ce8244cb,1930485957,Tolumnia guianensis,Tolumnia guianensis (Aubl.) Braem,Orchidaceae,Tolumnia,SPECIES,PRESERVED_SPECIMEN,1968-10-13,1968,-70.891514,19.325136,1511.57,d415c253-4d61-4459-9d25-4015b9084fb0,NY,NY,25,05,SAN JOSÉ DE LAS MATAS,012505,874c893a5ffffff
c0801e74-7a7f-4311-bea9-73eca18cc6da,4078897314,Meriania involucrata,Meriania involucrata (Desr.) Naudin,Melastomataceae,Meriania,SPECIES,PRESERVED_SPECIMEN,2011-11-21,2011,-70.986811,19.23945,NA,b89d52a2-861d-4388-adad-c0da3d55fc78,UF,,25,05,SAN JOSÉ DE LAS MATAS,012505,874c8976dffffff
c19cf6e6-d432-4120-af2b-d344dc06f4d9,1457809972,Miconia mirabilis,Miconia mirabilis (Aubl.) L.O.Williams,Melastomataceae,Miconia,SPECIES,PRESERVED_SPECIMEN,1985-07-16,1985,-71.133333,19.283333,NA,b89d52a2-861d-4388-adad-c0da3d55fc78,UF,,25,05,SAN JOSÉ DE LAS MATAS,012505,874c8970dffffff
c1dcebf8-a236-4c16-a385-95ce423e2973,1930508500,Paepalanthus pungens,Paepalanthus pungens Griseb.,Eriocaulaceae,Paepalanthus,SPECIES,PRESERVED_SPECIMEN,1988-06-27,1988,-71.03,19.12,NA,d415c253-4d61-4459-9d25-4015b9084fb0,NY,NY,25,05,SAN JOSÉ DE LAS MATAS,012505,874c89668ffffff
c1e84691-45e7-4ee1-8be5-58a04f3f0e5a,1930508979,Lyonia truncata,Lyonia truncata subsp. montecristina (Urb. & Ekman) Borhidi,Ericaceae,Lyonia,SUBSPECIES,PRESERVED_SPECIMEN,1968-10-13,1968,-70.938592,19.340686,1351.57,d415c253-4d61-4459-9d25-4015b9084fb0,NY,NY,25,05,SAN JOSÉ DE LAS MATAS,012505,874c89059ffffff
c2a0a58a-a96c-4f13-8b5b-70b7cc9f4499,1930520138,Eugenia domingensis,Eugenia domingensis O.Berg,Myrtaceae,Eugenia,SPECIES,PRESERVED_SPECIMEN,1988-05-25,1988,-71.15,19.3,NA,d415c253-4d61-4459-9d25-4015b9084fb0,NY,NY,25,05,SAN JOSÉ DE LAS MATAS,012505,874c8972bffffff
c496f568-8776-40b1-8932-6b42a5a37f32,1301789187,Zea mays,Zea mays subsp. mays,Poaceae,Zea,SUBSPECIES,OCCURRENCE,,NA,-71.05,19.29,NA,07044577-bd82-4089-9f3a-f4a9d2170b2e,Bioversity-SINGER,,25,05,SAN JOSÉ DE LAS MATAS,012505,874c89764ffffff
c4e8b385-faa8-470c-ae49-692a4500bbf8,1056316635,Hypericum L.,Hypericum L.,Hypericaceae,Hypericum,GENUS,PRESERVED_SPECIMEN,1988-12-08,1988,-71.02,19.03,NA,7e380070-f762-11e1-a439-00145eb45e9a,NHMUK,BOT,25,05,SAN JOSÉ DE LAS MATAS,012505,874cd6910ffffff
c4eba414-607b-4631-bfaf-6d84aa927411,4079747835,Poitea paucifolia,Poitea paucifolia (DC.) Lavin,Fabaceae,Poitea,SPECIES,PRESERVED_SPECIMEN,1950-09-27,1950,-70.889227,19.333821,1240,3b040a48-deae-485c-95b1-2ac80b7fdc54,IIBZ,USD,25,05,SAN JOSÉ DE LAS MATAS,012505,874c8904bffffff
c5a24ee2-d889-4640-acb8-82588f6af4aa,1930562064,Tillandsia recurvata,Tillandsia recurvata (L.) L.,Bromeliaceae,Tillandsia,SPECIES,PRESERVED_SPECIMEN,1983-02-18,1983,-70.98,19.35,NA,d415c253-4d61-4459-9d25-4015b9084fb0,NY,NY,25,05,SAN JOSÉ DE LAS MATAS,012505,874c890e9ffffff
c671ae5f-7e7c-4f44-98d0-1bac479ac08d,1301609027,Zea mays,Zea mays subsp. mays,Poaceae,Zea,SUBSPECIES,OCCURRENCE,,NA,-71.05,19.29,NA,07044577-bd82-4089-9f3a-f4a9d2170b2e,Bioversity-SINGER,,25,05,SAN JOSÉ DE LAS MATAS,012505,874c89764ffffff
c76214a7-958f-4536-9e2d-cded2964563f,4079748147,Myrcia splendens,Myrcia splendens (Sw.) DC.,Myrtaceae,Myrcia,SPECIES,PRESERVED_SPECIMEN,1950-05-30,1950,-70.922275,19.285197,1702,3b040a48-deae-485c-95b1-2ac80b7fdc54,IIBZ,USD,25,05,SAN JOSÉ DE LAS MATAS,012505,874c89385ffffff
c790202c-bac8-4993-9865-9b04d5dbc044,1930588848,Miconia acuminoides,Mecranium acuminatum (DC.) Skean,Melastomataceae,Miconia,SPECIES,PRESERVED_SPECIMEN,1987-06-09,1987,-71.12,19.3083,NA,d415c253-4d61-4459-9d25-4015b9084fb0,NY,NY,25,05,SAN JOSÉ DE LAS MATAS,012505,874c89729ffffff
c8e3480a-353e-425a-82a0-b284acadef5a,4111431406,Meniscium angustifolium,Meniscium angustifolium Willd.,Thelypteridaceae,Meniscium,SPECIES,PRESERVED_SPECIMEN,2019-05-20,2019,-71.1737,19.3368,NA,b89d52a2-861d-4388-adad-c0da3d55fc78,UF,,25,05,SAN JOSÉ DE LAS MATAS,012505,874c89723ffffff
c9581d44-f4f3-4e95-9646-509cdfafe2dc,1930614240,Diphasiastrum fawcettii,Lycopodium fawcettii F.E.Lloyd & Underw.,Lycopodiaceae,Diphasiastrum,SPECIES,PRESERVED_SPECIMEN,1989-06-26,1989,-71.033,19.05,NA,d415c253-4d61-4459-9d25-4015b9084fb0,NY,NY,25,05,SAN JOSÉ DE LAS MATAS,012505,874cd6916ffffff
ca1ebdda-14ed-4674-ac68-2e0b325892e1,5105410493,Miconia santanana,Miconia santanana Judd & Skean,Melastomataceae,Miconia,SPECIES,PRESERVED_SPECIMEN,2023-08-01,2023,-71.027861,19.131111,NA,b89d52a2-861d-4388-adad-c0da3d55fc78,UF,,25,05,SAN JOSÉ DE LAS MATAS,012505,874c8966cffffff
cbabe48a-7c85-48c1-aa5a-5de39bf36eef,4079747425,Tillandsia variabilis,Tillandsia variabilis Schltdl.,Bromeliaceae,Tillandsia,SPECIES,PRESERVED_SPECIMEN,1950-09-27,1950,-70.889227,19.333821,1240,3b040a48-deae-485c-95b1-2ac80b7fdc54,IIBZ,USD,25,05,SAN JOSÉ DE LAS MATAS,012505,874c8904bffffff
cbda2268-77e4-4691-b0cb-6429dfbd4e57,1930649276,Tolumnia variegata,Tolumnia variegata (Sw.) Braem,Orchidaceae,Tolumnia,SPECIES,PRESERVED_SPECIMEN,1983-02-19,1983,-71.03,19.37,NA,d415c253-4d61-4459-9d25-4015b9084fb0,NY,NY,25,05,SAN JOSÉ DE LAS MATAS,012505,874c890eeffffff
cc2fa190-9063-4585-927f-862f0e314085,1930654428,Notholaena trichomanoides,Notholaena trichomanoides (L.) Desv.,Pteridaceae,Notholaena,SPECIES,PRESERVED_SPECIMEN,1985-07-16,1985,-71.15,19.3,NA,d415c253-4d61-4459-9d25-4015b9084fb0,NY,NY,25,05,SAN JOSÉ DE LAS MATAS,012505,874c8972bffffff
cc4063c9-1537-4e81-9c14-8345294fd1c5,2270673250,Calyptranthes Sw.,Calyptranthes Sw.,Myrtaceae,Myrcia,GENUS,PRESERVED_SPECIMEN,1984-10-03,1984,-71,19.3667,NA,e05fd4c2-4d77-4c50-880e-1b22096af300,ASU,Plants,25,05,SAN JOSÉ DE LAS MATAS,012505,874c890e8ffffff
ccdf1561-6f06-4758-af05-ce02cc817dfb,1930663666,Adiantum pyramidale,Adiantum pyramidale (L.) Willd.,Pteridaceae,Adiantum,SPECIES,PRESERVED_SPECIMEN,1985-07-16,1985,-71.17,19.32,NA,d415c253-4d61-4459-9d25-4015b9084fb0,NY,NY,25,05,SAN JOSÉ DE LAS MATAS,012505,874c89705ffffff
cec4420f-e22c-49ca-9a36-af5e62e4dda6,1930690567,Miconia longicollis,Miconia longicollis (Urb. & Cogn.) Judd & Becquer,Melastomataceae,Miconia,SPECIES,PRESERVED_SPECIMEN,1983-02-19,1983,-70.97,19.33,NA,d415c253-4d61-4459-9d25-4015b9084fb0,NY,NY,25,05,SAN JOSÉ DE LAS MATAS,012505,874c893b4ffffff
cef0bd7e-df4e-4905-8057-5d55808852eb,1930693217,Eugenia isabeliana,Eugenia isabeliana Kiaersk.,Myrtaceae,Eugenia,SPECIES,PRESERVED_SPECIMEN,1985-07-16,1985,-71.17,19.32,NA,d415c253-4d61-4459-9d25-4015b9084fb0,NY,NY,25,05,SAN JOSÉ DE LAS MATAS,012505,874c89705ffffff
d109831a-505a-4a8a-8ee9-def568f52ec7,1930722081,Myriopteris microphylla,Myriopteris microphylla (Sw.) Grusz & Windham,Pteridaceae,Myriopteris,SPECIES,PRESERVED_SPECIMEN,1982-02-19,1982,-70.97,19.33,NA,d415c253-4d61-4459-9d25-4015b9084fb0,NY,NY,25,05,SAN JOSÉ DE LAS MATAS,012505,874c893b4ffffff
d3a93a45-5ed4-43c3-87aa-40befcf1c448,1056470947,Arachniodes rigidissima,Arachniodes rigidissima (Hook.) Ching,Dryopteridaceae,Arachniodes,SPECIES,PRESERVED_SPECIMEN,1912-07,1912,-70.966667,19.05,NA,7e380070-f762-11e1-a439-00145eb45e9a,NHMUK,BOT,25,05,SAN JOSÉ DE LAS MATAS,012505,874cd6904ffffff
d4115d5c-960b-4097-91f2-1f4407de3887,2270674950,Eugenia dictyophylla,Eugenia dictyophylla Urb.,Myrtaceae,Eugenia,SPECIES,PRESERVED_SPECIMEN,1985-07-16,1985,-71.1333,19.2833,NA,e05fd4c2-4d77-4c50-880e-1b22096af300,ASU,Plants,25,05,SAN JOSÉ DE LAS MATAS,012505,874c8970dffffff
d4fa0a43-ba14-46a4-aa8e-727d683935e0,1930777711,Hedwigia filiformis,Hedwigidium integrifolium (P. Beauv.) Dixon ex Medelius,Hedwigiaceae,Hedwigia,SPECIES,PRESERVED_SPECIMEN,1988-12-08,1988,-71.02,19.03,NA,d415c253-4d61-4459-9d25-4015b9084fb0,NY,NY,25,05,SAN JOSÉ DE LAS MATAS,012505,874cd6910ffffff
d62fff27-4c4f-4d2e-90fb-90aafc122285,5887374873,Mucura bipinnata,Dennstaedtia adiantoides (Humb. & Bonpl. ex Willd.) T.Moore,Dennstaedtiaceae,Mucura,SPECIES,PRESERVED_SPECIMEN,1931-10-25,1931,-71.150907,19.277445,5000,8310f570-f762-11e1-a439-00145eb45e9a,WTU,Vascular,25,05,SAN JOSÉ DE LAS MATAS,012505,874c89708ffffff
d70c7d78-1a17-44c2-8f0e-e15686c8138f,1930807284,Calycogonium DC.,Calycogonium DC.,Melastomataceae,Miconia,GENUS,PRESERVED_SPECIMEN,1985-07-16,1985,-71.17,19.32,NA,d415c253-4d61-4459-9d25-4015b9084fb0,NY,NY,25,05,SAN JOSÉ DE LAS MATAS,012505,874c89705ffffff
d851df3d-c364-4ace-9ac8-d62d81bc5c99,1930825560,Hedwigia filiformis,Hedwigidium integrifolium (P. Beauv.) Dixon ex Medelius,Hedwigiaceae,Hedwigia,SPECIES,PRESERVED_SPECIMEN,1988-12-08,1988,-71.02,19.03,NA,d415c253-4d61-4459-9d25-4015b9084fb0,NY,NY,25,05,SAN JOSÉ DE LAS MATAS,012505,874cd6910ffffff
d9148159-9524-4f69-8ffa-97f184361d58,4465136311,Henriettea fascicularis,Henriettea fascicularis (Sw.) M.Gómez,Melastomataceae,Henriettea,SPECIES,PRESERVED_SPECIMEN,2000-10-30,2000,-70.933333,19.308333,NA,b89d52a2-861d-4388-adad-c0da3d55fc78,UF,,25,05,SAN JOSÉ DE LAS MATAS,012505,874c893a2ffffff
d945ec2d-e794-4ac1-a1c0-703463ce01ae,1930838857,Prosthechea cochleata,Prosthechea cochleata (L.) W.E.Higgins,Orchidaceae,Prosthechea,SPECIES,PRESERVED_SPECIMEN,1938-10-03,1938,-70.958246,19.249823,2721.57,d415c253-4d61-4459-9d25-4015b9084fb0,NY,NY,25,05,SAN JOSÉ DE LAS MATAS,012505,874c8939cffffff
d958e6fa-1252-4dfb-a39b-452e5c0325a2,1930840221,Scrophularia densifolia,Scrophularia densifolia Urb. & Ekman,Scrophulariaceae,Scrophularia,SPECIES,PRESERVED_SPECIMEN,1988-12-08,1988,-71.02,19.03,NA,d415c253-4d61-4459-9d25-4015b9084fb0,NY,NY,25,05,SAN JOSÉ DE LAS MATAS,012505,874cd6910ffffff
d97a616e-df03-40b0-a396-e2db861a70b5,2270484767,Psidium amplexicaule,Psidium amplexicaule Pers.,Myrtaceae,Psidium,SPECIES,PRESERVED_SPECIMEN,1985-07-16,1985,-71.1667,19.3167,NA,e05fd4c2-4d77-4c50-880e-1b22096af300,ASU,Plants,25,05,SAN JOSÉ DE LAS MATAS,012505,874c8972affffff
d998b539-8eda-49d9-9da2-9b173392d16d,1457818053,Miconia calycina,Miconia calycina Cogn.,Melastomataceae,Miconia,SPECIES,PRESERVED_SPECIMEN,1988-05-25,1988,-71.133333,19.283333,NA,b89d52a2-861d-4388-adad-c0da3d55fc78,UF,,25,05,SAN JOSÉ DE LAS MATAS,012505,874c8970dffffff
da30c057-23a6-4793-8576-f2dd01e5ca08,1930852719,Jacaranda poitaei,Jacaranda poitaei Urb.,Bignoniaceae,Jacaranda,SPECIES,PRESERVED_SPECIMEN,1975-03-02,1975,-70.991163,19.345919,1301.57,d415c253-4d61-4459-9d25-4015b9084fb0,NY,NY,25,05,SAN JOSÉ DE LAS MATAS,012505,874c890e9ffffff
da53861f-1de8-4b90-96ed-3e1f1cd953f9,1930854027,Myrcia neopicardae,Calyptranthes picardae Krug & Urb. ex Urb.,Myrtaceae,Myrcia,SPECIES,PRESERVED_SPECIMEN,1983-05-23,1983,-71,19.33,NA,d415c253-4d61-4459-9d25-4015b9084fb0,NY,NY,25,05,SAN JOSÉ DE LAS MATAS,012505,874c893b6ffffff
db255e4b-a0d1-431f-bacc-3d65885f34ae,1930865268,Erythroxylum rufum,Erythroxylum rufum Cav.,Erythroxylaceae,Erythroxylum,SPECIES,PRESERVED_SPECIMEN,1985-07-16,1985,-71.17,19.32,NA,d415c253-4d61-4459-9d25-4015b9084fb0,NY,NY,25,05,SAN JOSÉ DE LAS MATAS,012505,874c89705ffffff
db40e16c-128e-4901-a424-508ba0828b29,1301609030,Zea mays,Zea mays subsp. mays,Poaceae,Zea,SUBSPECIES,OCCURRENCE,,NA,-71.05,19.29,NA,07044577-bd82-4089-9f3a-f4a9d2170b2e,Bioversity-SINGER,,25,05,SAN JOSÉ DE LAS MATAS,012505,874c89764ffffff
db842a66-3bab-43ba-9c54-cfcae9b24527,4079747474,Chamaecrista pedicellaris,Chamaecrista pedicellaris (DC.) Britton,Fabaceae,Chamaecrista,SPECIES,PRESERVED_SPECIMEN,1976-04-16,1976,-70.968299,19.342252,1576,3b040a48-deae-485c-95b1-2ac80b7fdc54,IIBZ,USD,25,05,SAN JOSÉ DE LAS MATAS,012505,874c893b4ffffff
db85fe46-e29a-4456-a402-a780fc2a62d9,1930870070,Miconia mirabilis,Miconia mirabilis (Aubl.) L.O.Williams,Melastomataceae,Miconia,SPECIES,PRESERVED_SPECIMEN,1985-07-16,1985,-71.13,19.28,NA,d415c253-4d61-4459-9d25-4015b9084fb0,NY,NY,25,05,SAN JOSÉ DE LAS MATAS,012505,874c89772ffffff
dc36a113-55ad-4617-85c4-b27738846316,1930879961,Cestrum L.,Cestrum L.,Solanaceae,Cestrum,GENUS,PRESERVED_SPECIMEN,1988-04-21,1988,-70.87,19.35,NA,d415c253-4d61-4459-9d25-4015b9084fb0,NY,NY,25,05,SAN JOSÉ DE LAS MATAS,012505,874c89049ffffff
dc926e85-3d17-49a6-beb7-05995d62f372,5105411496,Scleria ciliata,Scleria ciliata Michx.,Cyperaceae,Scleria,SPECIES,PRESERVED_SPECIMEN,2023-01-03,2023,-71.027861,19.131111,NA,b89d52a2-861d-4388-adad-c0da3d55fc78,UF,,25,05,SAN JOSÉ DE LAS MATAS,012505,874c8966cffffff
de14df8d-b754-4242-a70c-10a63e32f5d3,1930907075,Psilochilus macrophyllus,Psilochilus macrophyllus (Lindl.) Ames,Orchidaceae,Psilochilus,SPECIES,PRESERVED_SPECIMEN,1931-10-08,1931,-71.157728,19.353499,2588,d415c253-4d61-4459-9d25-4015b9084fb0,NY,NY,25,05,SAN JOSÉ DE LAS MATAS,012505,874c89721ffffff
dfb36869-4bda-409f-a5a8-cc4484eb8120,1930930460,Plagiogyria pectinata,Plagiogyria semicordata (C.Presl) Christ,Plagiogyriaceae,Plagiogyria,SPECIES,PRESERVED_SPECIMEN,1988-12-08,1988,-71.02,19.03,NA,d415c253-4d61-4459-9d25-4015b9084fb0,NY,NY,25,05,SAN JOSÉ DE LAS MATAS,012505,874cd6910ffffff
e092062d-930e-4e67-b1ef-57459db4d742,1930942613,Serpocaulon A.R.Sm.,Serpocaulon A.R.Sm.,Polypodiaceae,Serpocaulon,GENUS,PRESERVED_SPECIMEN,1988-12-08,1988,-71.02,19.03,NA,d415c253-4d61-4459-9d25-4015b9084fb0,NY,NY,25,05,SAN JOSÉ DE LAS MATAS,012505,874cd6910ffffff
e11dabb2-3a38-426d-8f66-f9f43f075e79,1930950519,Croton vaillantii,Croton vaillantii Geiseler,Euphorbiaceae,Croton,SPECIES,PRESERVED_SPECIMEN,1982-02-19,1982,-71.03,19.37,NA,d415c253-4d61-4459-9d25-4015b9084fb0,NY,NY,25,05,SAN JOSÉ DE LAS MATAS,012505,874c890eeffffff
e14c3bb1-466c-4a98-a87c-2e1d03ca38f2,1930952961,Dalechampia scandens,Dalechampia scandens L.,Euphorbiaceae,Dalechampia,SPECIES,PRESERVED_SPECIMEN,1982-02-19,1982,-70.97,19.33,NA,d415c253-4d61-4459-9d25-4015b9084fb0,NY,NY,25,05,SAN JOSÉ DE LAS MATAS,012505,874c893b4ffffff
e3117531-2bb0-42a3-8381-898763cac287,1930977798,Phoradendron berteroanum,Phoradendron berteroanum (DC.) Griseb.,Viscaceae,Phoradendron,SPECIES,PRESERVED_SPECIMEN,1968-05-14,1968,-71.06839,19.319901,863.57,d415c253-4d61-4459-9d25-4015b9084fb0,NY,NY,25,05,SAN JOSÉ DE LAS MATAS,012505,874c890ddffffff
e44e994f-9693-4d5b-8893-6c64e0dc6fc7,1930995419,Andira inermis,Andira inermis (W.Wright) Kunth ex DC.,Fabaceae,Andira,SPECIES,PRESERVED_SPECIMEN,1988-04-21,1988,-71.18,19.37,NA,d415c253-4d61-4459-9d25-4015b9084fb0,NY,NY,25,05,SAN JOSÉ DE LAS MATAS,012505,874c89726ffffff
e5517df4-0a5a-43da-b996-11e01618cc9a,1301609050,Zea mays,Zea mays subsp. mays,Poaceae,Zea,SUBSPECIES,OCCURRENCE,,NA,-71.05,19.29,NA,07044577-bd82-4089-9f3a-f4a9d2170b2e,Bioversity-SINGER,,25,05,SAN JOSÉ DE LAS MATAS,012505,874c89764ffffff
e551dc78-8bc1-4d1f-8730-84acd94da871,1057214891,Meniscium angustifolium,Meniscium angustifolium Willd.,Thelypteridaceae,Meniscium,SPECIES,PRESERVED_SPECIMEN,1929-12-26,1929,-70.939722,19.337778,NA,7e380070-f762-11e1-a439-00145eb45e9a,NHMUK,BOT,25,05,SAN JOSÉ DE LAS MATAS,012505,874c893a6ffffff
e722dd40-879f-4790-93c2-a72b35512b4a,1301609045,Zea mays,Zea mays subsp. mays,Poaceae,Zea,SUBSPECIES,OCCURRENCE,,NA,-71.05,19.29,NA,07044577-bd82-4089-9f3a-f4a9d2170b2e,Bioversity-SINGER,,25,05,SAN JOSÉ DE LAS MATAS,012505,874c89764ffffff
e7bbe8f9-680c-4b04-b6d5-ef70e4e89a26,1931043622,Elaphoglossum tambillense,Elaphoglossum tambillense (Hook.) T.Moore,Dryopteridaceae,Elaphoglossum,SPECIES,PRESERVED_SPECIMEN,1967-07-20,1967,-70.9981,19.0231,NA,d415c253-4d61-4459-9d25-4015b9084fb0,NY,NY,25,05,SAN JOSÉ DE LAS MATAS,012505,874cd6911ffffff
e891b566-4d9e-429c-a389-5081f3800857,1931055181,Tragia volubilis,Tragia volubilis L.,Euphorbiaceae,Tragia,SPECIES,PRESERVED_SPECIMEN,1968-05-14,1968,-71.06839,19.319901,863.57,d415c253-4d61-4459-9d25-4015b9084fb0,NY,NY,25,05,SAN JOSÉ DE LAS MATAS,012505,874c890ddffffff
e8a81449-152b-42c9-973e-5bed18221da5,1931056525,Turnera ulmifolia,Turnera ulmifolia L.,Passifloraceae,Turnera,SPECIES,PRESERVED_SPECIMEN,1982-02-19,1982,-71.08,19.38,NA,d415c253-4d61-4459-9d25-4015b9084fb0,NY,NY,25,05,SAN JOSÉ DE LAS MATAS,012505,874c890c6ffffff
e980a2e8-3aa3-4267-a44c-c2d51181c9ee,1931068317,Miconia bicolor,Tetrazygia bicolor (Mill.) Cogn.,Melastomataceae,Miconia,SPECIES,PRESERVED_SPECIMEN,1985-07-16,1985,-71.2,19.35,NA,d415c253-4d61-4459-9d25-4015b9084fb0,NY,NY,25,05,SAN JOSÉ DE LAS MATAS,012505,874c89722ffffff
ea16dce4-2963-4ba5-8b01-33b366240abf,4526013344,Zornia microphylla,Zornia microphylla Desv.,Fabaceae,Zornia,SPECIES,PRESERVED_SPECIMEN,2019-05-19,2019,-71.17432,19.33261,NA,b89d52a2-861d-4388-adad-c0da3d55fc78,UF,,25,05,SAN JOSÉ DE LAS MATAS,012505,874c89705ffffff
ea75edee-ccde-41d3-ba50-11a1fbebc7a2,2270675464,Myrcia deflexa,Myrcia deflexa (Poir.) DC.,Myrtaceae,Myrcia,SPECIES,PRESERVED_SPECIMEN,1985-07-16,1985,-71.1667,19.3167,NA,e05fd4c2-4d77-4c50-880e-1b22096af300,ASU,Plants,25,05,SAN JOSÉ DE LAS MATAS,012505,874c8972affffff
ebb4e521-f1e1-47ed-b82e-103633054eb8,1931099421,Triodanis perfoliata,Triodanis perfoliata (L.) Nieuwl.,Campanulaceae,Triodanis,SPECIES,PRESERVED_SPECIMEN,1988-06-27,1988,-71.03,19.12,NA,d415c253-4d61-4459-9d25-4015b9084fb0,NY,NY,25,05,SAN JOSÉ DE LAS MATAS,012505,874c89668ffffff
ebc23d5d-78c8-4a5c-9f08-e7ec63ef24be,1931099969,Doryopteris pedata,Doryopteris pedata (L.) Fée,Pteridaceae,Doryopteris,SPECIES,PRESERVED_SPECIMEN,1982-02-19,1982,-71.03,19.375,NA,d415c253-4d61-4459-9d25-4015b9084fb0,NY,NY,25,05,SAN JOSÉ DE LAS MATAS,012505,874c890eeffffff
ec44a983-29d1-43cf-81e8-acae178b3f8f,4079747791,Inga vera,Inga vera Willd.,Fabaceae,Inga,SPECIES,PRESERVED_SPECIMEN,1936-10-05,1936,-70.968299,19.342252,1576,3b040a48-deae-485c-95b1-2ac80b7fdc54,IIBZ,USD,25,05,SAN JOSÉ DE LAS MATAS,012505,874c893b4ffffff
ec7a6dcc-42c4-4d8c-af1a-c73a2e4d7148,1931110283,Eugenia monticola,Eugenia monticola (Sw.) DC.,Myrtaceae,Eugenia,SPECIES,PRESERVED_SPECIMEN,1984-10-03,1984,-71,19.37,NA,d415c253-4d61-4459-9d25-4015b9084fb0,NY,NY,25,05,SAN JOSÉ DE LAS MATAS,012505,874c890ecffffff
ece48ea1-559e-4813-b2a1-3fcc30236a62,1931115844,Byrsonima crassifolia,Byrsonima crassifolia (L.) Kunth,Malpighiaceae,Byrsonima,SPECIES,PRESERVED_SPECIMEN,1982-02-19,1982,-71.03,19.37,NA,d415c253-4d61-4459-9d25-4015b9084fb0,NY,NY,25,05,SAN JOSÉ DE LAS MATAS,012505,874c890eeffffff
ecf680c2-9f0b-45ed-994a-c2b8db817ffb,4432719330,Diphasiastrum fawcettii,Lycopodium fawcettii F.E.Lloyd & Underw.,Lycopodiaceae,Diphasiastrum,SPECIES,PRESERVED_SPECIMEN,1997-02-08,1997,-71.033333,19.066667,NA,b89d52a2-861d-4388-adad-c0da3d55fc78,UF,,25,05,SAN JOSÉ DE LAS MATAS,012505,874c89649ffffff
ee2e85dd-5dd2-4a26-a6f8-2b922e069717,1931133463,Peperomia rhombea,Peperomia rhombea Ruiz & Pav.,Piperaceae,Peperomia,SPECIES,PRESERVED_SPECIMEN,1985-07-16,1985,-71.17,19.3,NA,d415c253-4d61-4459-9d25-4015b9084fb0,NY,NY,25,05,SAN JOSÉ DE LAS MATAS,012505,874c8970cffffff
ee5f5aa8-124f-43e6-9740-3948deaab233,2270467436,Myrcia neolaevigata,Calyptranthes laevigata Urb. & Ekman,Myrtaceae,Myrcia,SPECIES,PRESERVED_SPECIMEN,1985-07-16,1985,-71.1667,19.3167,NA,e05fd4c2-4d77-4c50-880e-1b22096af300,ASU,Plants,25,05,SAN JOSÉ DE LAS MATAS,012505,874c8972affffff
eebbd0ea-a62a-4ac2-8afb-05f7cd731317,1931141796,Miconia albicans,Miconia albicans (Sw.) Triana,Melastomataceae,Miconia,SPECIES,PRESERVED_SPECIMEN,1989-08-19,1989,-71.08,19.28,NA,d415c253-4d61-4459-9d25-4015b9084fb0,NY,NY,25,05,SAN JOSÉ DE LAS MATAS,012505,874c89775ffffff
eedb3918-24c4-4c11-9eb1-95dbcb9c8a56,1301609063,Zea mays,Zea mays subsp. mays,Poaceae,Zea,SUBSPECIES,OCCURRENCE,,NA,-71.05,19.29,NA,07044577-bd82-4089-9f3a-f4a9d2170b2e,Bioversity-SINGER,,25,05,SAN JOSÉ DE LAS MATAS,012505,874c89764ffffff
ef3daa62-0700-4605-950c-2f64b7304953,2270674221,Calyptranthes Sw.,Calyptranthes Sw.,Myrtaceae,Myrcia,GENUS,PRESERVED_SPECIMEN,1984-10-03,1984,-71,19.3667,NA,e05fd4c2-4d77-4c50-880e-1b22096af300,ASU,Plants,25,05,SAN JOSÉ DE LAS MATAS,012505,874c890e8ffffff
efabe26f-10f7-47f5-8f1f-efb6f250ce64,1931158279,Scleria mucronata,Scleria mucronata Poir.,Cyperaceae,Scleria,SPECIES,PRESERVED_SPECIMEN,1985-07-16,1985,-71.17,19.3,NA,d415c253-4d61-4459-9d25-4015b9084fb0,NY,NY,25,05,SAN JOSÉ DE LAS MATAS,012505,874c8970cffffff
f0657e95-75f1-4785-b7f2-ee055274af26,1931165501,Croton alloeophyllus,Croton alloeophyllus Urb.,Euphorbiaceae,Croton,SPECIES,PRESERVED_SPECIMEN,1978-08,1978,-70.939,19.340706,1321.57,d415c253-4d61-4459-9d25-4015b9084fb0,NY,NY,25,05,SAN JOSÉ DE LAS MATAS,012505,874c89059ffffff
f0bbe099-585f-4f49-b38b-5f34bfaa8999,4078901314,Amauropelta rheophyta,Thelypteris rheophyta Proctor,Thelypteridaceae,Amauropelta,SPECIES,PRESERVED_SPECIMEN,2000-11-23,2000,-70.958333,19.32,NA,b89d52a2-861d-4388-adad-c0da3d55fc78,UF,,25,05,SAN JOSÉ DE LAS MATAS,012505,874c893b5ffffff
f0cc9dda-67cf-4c32-8c1f-666a94881437,1931171059,Digitaria insularis,Digitaria insularis (L.) Mez ex Ekman,Poaceae,Digitaria,SPECIES,PRESERVED_SPECIMEN,1984-10-03,1984,-71,19.37,NA,d415c253-4d61-4459-9d25-4015b9084fb0,NY,NY,25,05,SAN JOSÉ DE LAS MATAS,012505,874c890ecffffff
f0fa573c-bfbd-4088-ba4d-8511c7a374e3,1931173716,Lantana reticulata,Lantana reticulata Pers.,Verbenaceae,Lantana,SPECIES,PRESERVED_SPECIMEN,1969-05-07,1969,-70.960833,19.346389,1195,d415c253-4d61-4459-9d25-4015b9084fb0,NY,NY,25,05,SAN JOSÉ DE LAS MATAS,012505,874c8905bffffff
f11ae169-dd98-4617-8b5a-a41662d6ef0b,1457826141,Miconia umbellata,Miconia umbellata (Mill.) Judd & Ionta,Melastomataceae,Miconia,SPECIES,PRESERVED_SPECIMEN,2000-09-19,2000,-70.971667,19.295,NA,b89d52a2-861d-4388-adad-c0da3d55fc78,UF,,25,05,SAN JOSÉ DE LAS MATAS,012505,874c893b3ffffff
f125a744-26f7-41b2-a01a-0e194f3fcc21,1931175594,Hedwigia filiformis,Hedwigidium integrifolium (P. Beauv.) Dixon ex Medelius,Hedwigiaceae,Hedwigia,SPECIES,PRESERVED_SPECIMEN,1988-12-08,1988,-71.02,19.03,NA,d415c253-4d61-4459-9d25-4015b9084fb0,NY,NY,25,05,SAN JOSÉ DE LAS MATAS,012505,874cd6910ffffff
f1e81f39-923b-45ff-8e1e-7e7993c72a6c,1931188612,Gymnanthes pallens,Gymnanthes pallens (Griseb.) Müll.Arg.,Euphorbiaceae,Gymnanthes,SPECIES,PRESERVED_SPECIMEN,1931-10-12,1931,-71.190484,19.325026,1041.57,d415c253-4d61-4459-9d25-4015b9084fb0,NY,NY,25,05,SAN JOSÉ DE LAS MATAS,012505,874c89700ffffff
f215bd3f-a9c2-48e7-9ce3-f5a9eb1164ed,1931188565,Miconia pyramidalis,Miconia pyramidalis (Desr.) DC.,Melastomataceae,Miconia,SPECIES,PRESERVED_SPECIMEN,1969-05-14,1969,-71.06839,19.319901,863.57,d415c253-4d61-4459-9d25-4015b9084fb0,NY,NY,25,05,SAN JOSÉ DE LAS MATAS,012505,874c890ddffffff
f281c18e-d066-4cf0-a350-c0cfb82d2eb1,1457826635,Miconia longicollis,Miconia longicollis (Urb. & Cogn.) Judd & Becquer,Melastomataceae,Miconia,SPECIES,PRESERVED_SPECIMEN,1991-04-24,1991,-71.05,19.4,NA,b89d52a2-861d-4388-adad-c0da3d55fc78,UF,,25,05,SAN JOSÉ DE LAS MATAS,012505,874c890e2ffffff
f2e7e4cf-d224-4b29-97e2-26a3cb7b97f3,5886498513,Miconia maculata,"Miconia maculata (Urb. & Ekman) Judd, Bécquer & Majure",Melastomataceae,Miconia,SPECIES,PRESERVED_SPECIMEN,2023-01-08,2023,-71.01403,19.0752,NA,b89d52a2-861d-4388-adad-c0da3d55fc78,UF,,25,05,SAN JOSÉ DE LAS MATAS,012505,874cd6936ffffff
f3a47422-f7e8-4b50-bfdd-b2afa906cc61,1931211306,Pecluma M.G.Price,Pecluma M.G.Price,Polypodiaceae,Pecluma,GENUS,PRESERVED_SPECIMEN,1989-08-19,1989,-71.08,19.28,NA,d415c253-4d61-4459-9d25-4015b9084fb0,NY,NY,25,05,SAN JOSÉ DE LAS MATAS,012505,874c89775ffffff
f3ae213f-3df0-4e2b-9fa0-5cad39fdc20f,1931213238,Trichilia hirta,Trichilia hirta L.,Meliaceae,Trichilia,SPECIES,PRESERVED_SPECIMEN,1983-02-18,1983,-70.97,19.35,NA,d415c253-4d61-4459-9d25-4015b9084fb0,NY,NY,25,05,SAN JOSÉ DE LAS MATAS,012505,874c8905affffff
f458df0d-f442-4d18-b783-80940f9bdfe6,1981519389,Anemia tomentosa,Anemia tomentosa var. mexicana (C.Presl) Mickel,Anemiaceae,Anemia,VARIETY,PRESERVED_SPECIMEN,1983-02-19,1983,-71.03,19.37,NA,d415c253-4d61-4459-9d25-4015b9084fb0,NY,NY,25,05,SAN JOSÉ DE LAS MATAS,012505,874c890eeffffff
f487afdf-e481-47e8-86e0-24f3fff268d4,1931223426,Baccharis myrsinites,Baccharis myrsinites Pers.,Asteraceae,Baccharis,SPECIES,PRESERVED_SPECIMEN,1988-12-08,1988,-71.02,19.03,NA,d415c253-4d61-4459-9d25-4015b9084fb0,NY,NY,25,05,SAN JOSÉ DE LAS MATAS,012505,874cd6910ffffff
f48f879c-97d0-42fd-b742-2fe4dfd69baa,1931223623,Campylopus pilifer,Campylopus pilifer Brid.,Leucobryaceae,Campylopus,SPECIES,PRESERVED_SPECIMEN,1988-12-08,1988,-71.02,19.03,NA,d415c253-4d61-4459-9d25-4015b9084fb0,NY,NY,25,05,SAN JOSÉ DE LAS MATAS,012505,874cd6910ffffff
f58b8b37-2a59-432c-8eb3-98fa8f67c167,1931238213,Niphidium crassifolium,Niphidium crassifolium (L.) Lellinger,Polypodiaceae,Niphidium,SPECIES,PRESERVED_SPECIMEN,1988-06-28,1988,-70.97,19.23,NA,d415c253-4d61-4459-9d25-4015b9084fb0,NY,NY,25,05,SAN JOSÉ DE LAS MATAS,012505,874c8939affffff
f5bb6351-25dd-4e09-a9ce-cc614b1c4c5b,1301609021,Zea mays,Zea mays subsp. mays,Poaceae,Zea,SUBSPECIES,OCCURRENCE,,NA,-71.05,19.29,NA,07044577-bd82-4089-9f3a-f4a9d2170b2e,Bioversity-SINGER,,25,05,SAN JOSÉ DE LAS MATAS,012505,874c89764ffffff
f73acea3-3cc8-4eae-b348-e9a59cd94c48,1931261425,Pimenta racemosa,Pimenta racemosa var. ozua (Urb. & Ekman) Landrum,Myrtaceae,Pimenta,VARIETY,PRESERVED_SPECIMEN,1988-05-25,1988,-71.13,19.28,NA,d415c253-4d61-4459-9d25-4015b9084fb0,NY,NY,25,05,SAN JOSÉ DE LAS MATAS,012505,874c89772ffffff
f7e894af-88b1-471b-921d-57bdfbb3fb6b,1931271202,Lantana reticulata,Lantana reticulata Pers.,Verbenaceae,Lantana,SPECIES,PRESERVED_SPECIMEN,1968-05-09,1968,-70.991078,19.346246,1250,d415c253-4d61-4459-9d25-4015b9084fb0,NY,NY,25,05,SAN JOSÉ DE LAS MATAS,012505,874c890e9ffffff
f7ed99eb-9639-4d59-bdd9-cb27d779af22,1457828555,Miconia dielsiana,Miconia dielsiana Urb.,Melastomataceae,Miconia,SPECIES,PRESERVED_SPECIMEN,2002-09-10,2002,-71.083333,19.25,NA,b89d52a2-861d-4388-adad-c0da3d55fc78,UF,,25,05,SAN JOSÉ DE LAS MATAS,012505,874c89746ffffff
f894048c-3773-4e79-85d9-20cdb046cf10,1931280407,Arenaria lanuginosa,Arenaria lanuginosa (Michx.) Rohrb.,Caryophyllaceae,Arenaria,SPECIES,PRESERVED_SPECIMEN,1968-05-14,1968,-71.06839,19.319901,863.57,d415c253-4d61-4459-9d25-4015b9084fb0,NY,NY,25,05,SAN JOSÉ DE LAS MATAS,012505,874c890ddffffff
f9f40e9e-1ffc-11ee-8b2b-005056be20a7,4148192386,Asplenium praemorsum,Asplenium praemorsum Sw.,Aspleniaceae,Asplenium,SPECIES,PRESERVED_SPECIMEN,1968-10-01T00:00,1968,-71.003889,19.067778,NA,064508e2-255e-4d82-9f13-05d73476cc03,UZH:Z,Z,25,05,SAN JOSÉ DE LAS MATAS,012505,874cd6930ffffff
fc31a441-4451-4cfc-a940-a53874940408,4131564319,Meniscium angustifolium,Meniscium angustifolium Willd.,Thelypteridaceae,Meniscium,SPECIES,PRESERVED_SPECIMEN,2019-05-19,2019,-71.1737,19.3368,NA,defb9a47-c1a7-4fb2-9a0b-2da7c5260cad,BRIT,BRIT,25,05,SAN JOSÉ DE LAS MATAS,012505,874c89723ffffff
fcec25a6-3385-4d7c-a6dc-4aae71cc4232,1931341517,Leptodontium excelsum,Leptodontium ulocalyx (Müll. Hal.) Mitt.,Pottiaceae,Leptodontium,SPECIES,PRESERVED_SPECIMEN,1988-12-08,1988,-71.02,19.03,NA,d415c253-4d61-4459-9d25-4015b9084fb0,NY,NY,25,05,SAN JOSÉ DE LAS MATAS,012505,874cd6910ffffff
fd2215e1-4026-4b6b-88a2-6054d6b65b66,1931344321,Asplenium cuneatum,Asplenium cuneatum Lam.,Aspleniaceae,Asplenium,SPECIES,PRESERVED_SPECIMEN,1987-04-15,1987,-70.9,19.22,NA,d415c253-4d61-4459-9d25-4015b9084fb0,NY,NY,25,05,SAN JOSÉ DE LAS MATAS,012505,874c8938bffffff
fd8faa6c-3e84-4442-96e5-3c387aa149e5,1931349590,Pelazoneuron abruptum,Thelypteris grandis A.R.Sm.,Thelypteridaceae,Pelazoneuron,SPECIES,PRESERVED_SPECIMEN,1985-07-16,1985,-71.13,19.28,NA,d415c253-4d61-4459-9d25-4015b9084fb0,NY,NY,25,05,SAN JOSÉ DE LAS MATAS,012505,874c89772ffffff
fdc02f89-ca11-4441-88f4-1d4726753b66,1301609049,Zea mays,Zea mays subsp. mays,Poaceae,Zea,SUBSPECIES,OCCURRENCE,,NA,-71.05,19.29,NA,07044577-bd82-4089-9f3a-f4a9d2170b2e,Bioversity-SINGER,,25,05,SAN JOSÉ DE LAS MATAS,012505,874c89764ffffff
fe087aa3-65d7-4cbd-8c5b-bc84b4b58b24,1931357263,Badiera penaea,Badiera penaea (L.) DC.,Polygalaceae,Badiera,SPECIES,PRESERVED_SPECIMEN,1984-10-03,1984,-70.95,19.33,NA,d415c253-4d61-4459-9d25-4015b9084fb0,NY,NY,25,05,SAN JOSÉ DE LAS MATAS,012505,874c893b5ffffff
fe5841a9-a64b-4ffe-95c8-4ccde8e9e714,4512927503,Mouriri helleri,Mouriri helleri var. samanensis (Urb.) Morley,Melastomataceae,Mouriri,VARIETY,PRESERVED_SPECIMEN,2000-11-23,2000,-70.958333,19.32,NA,b89d52a2-861d-4388-adad-c0da3d55fc78,UF,,25,05,SAN JOSÉ DE LAS MATAS,012505,874c893b5ffffff
fea21da3-095b-4ef4-97ea-045143399e9a,1931365514,Simarouba glauca,Simarouba glauca DC.,Simaroubaceae,Simarouba,SPECIES,PRESERVED_SPECIMEN,1988-05-25,1988,-71.13,19.38,NA,d415c253-4d61-4459-9d25-4015b9084fb0,NY,NY,25,05,SAN JOSÉ DE LAS MATAS,012505,874c890d6ffffff
http://coldb.mnhn.fr/catalognumber/mnhn/p/p02002021,437018010,Persea krugii,Persea krugii Mez,Lauraceae,Persea,SPECIES,PRESERVED_SPECIMEN,1968-06-04,1968,-70.96731,19.17511,NA,b5cdf794-8fa4-4a85-8b26-755d087bf531,MNHN,P,25,05,SAN JOSÉ DE LAS MATAS,012505,874c892b1ffffff
http://coldb.mnhn.fr/catalognumber/mnhn/p/p02002022,438015901,Persea krugii,Persea krugii Mez,Lauraceae,Persea,SPECIES,PRESERVED_SPECIMEN,1968-06-04,1968,-70.9773,19.20147,NA,b5cdf794-8fa4-4a85-8b26-755d087bf531,MNHN,P,25,05,SAN JOSÉ DE LAS MATAS,012505,874c892b0ffffff
http://coldb.mnhn.fr/catalognumber/mnhn/p/p02002024,437018008,Persea krugii,Persea krugii Mez,Lauraceae,Persea,SPECIES,PRESERVED_SPECIMEN,1968-08-15,1968,-70.96189,19.04736,NA,b5cdf794-8fa4-4a85-8b26-755d087bf531,MNHN,P,25,05,SAN JOSÉ DE LAS MATAS,012505,874cd6904ffffff
http://coldb.mnhn.fr/catalognumber/mnhn/p/p02002052,437351140,Persea krugii,Persea krugii Mez,Lauraceae,Persea,SPECIES,PRESERVED_SPECIMEN,1968-06-05,1968,-70.97913,19.15829,NA,b5cdf794-8fa4-4a85-8b26-755d087bf531,MNHN,P,25,05,SAN JOSÉ DE LAS MATAS,012505,874c89295ffffff
http://coldb.mnhn.fr/catalognumber/mnhn/p/p02002053,438349314,Persea krugii,Persea krugii Mez,Lauraceae,Persea,SPECIES,PRESERVED_SPECIMEN,1968-10-01/1968-10-07,1968,-71.031,19.165,NA,b5cdf794-8fa4-4a85-8b26-755d087bf531,MNHN,P,25,05,SAN JOSÉ DE LAS MATAS,012505,874c89296ffffff
http://coldb.mnhn.fr/catalognumber/mnhn/p/p02002054,439015392,Persea krugii,Persea krugii Mez,Lauraceae,Persea,SPECIES,PRESERVED_SPECIMEN,1968-05-20/1968-05-21,1968,-71.06111,19.27417,NA,b5cdf794-8fa4-4a85-8b26-755d087bf531,MNHN,P,25,05,SAN JOSÉ DE LAS MATAS,012505,874c89762ffffff
http://coldb.mnhn.fr/catalognumber/mnhn/p/p03296436,474855515,Buxus glomerata,Buxus glomerata (Griseb.) Müll.Arg.,Buxaceae,Buxus,SPECIES,PRESERVED_SPECIMEN,1968-05-04,1968,-70.87611,19.44333,NA,b5cdf794-8fa4-4a85-8b26-755d087bf531,MNHN,P,25,05,SAN JOSÉ DE LAS MATAS,012505,874c89065ffffff
http://coldb.mnhn.fr/catalognumber/mnhn/p/p03788176,607738521,Lantana horrida,Lantana subcordata Urb.,Verbenaceae,Lantana,SPECIES,PRESERVED_SPECIMEN,1969-05-07,1969,-70.95841,19.36144,NA,b5cdf794-8fa4-4a85-8b26-755d087bf531,MNHN,P,25,05,SAN JOSÉ DE LAS MATAS,012505,874c89058ffffff
http://coldb.mnhn.fr/catalognumber/mnhn/p/p03904731,607730218,Rondeletia ochracea,Rondeletia ochracea Urb.,Rubiaceae,Rondeletia,SPECIES,PRESERVED_SPECIMEN,1968-11-05/1968-11-09,1968,-71.025,19.1414,NA,b5cdf794-8fa4-4a85-8b26-755d087bf531,MNHN,P,25,05,SAN JOSÉ DE LAS MATAS,012505,874c89292ffffff
http://coldb.mnhn.fr/catalognumber/mnhn/p/p03905463,607842822,Rondeletia christii,Rondeletia christii Urb.,Rubiaceae,Rondeletia,SPECIES,PRESERVED_SPECIMEN,1968-06-03,1968,-71.05047,19.24669,NA,b5cdf794-8fa4-4a85-8b26-755d087bf531,MNHN,P,25,05,SAN JOSÉ DE LAS MATAS,012505,874c89745ffffff
http://coldb.mnhn.fr/catalognumber/mnhn/p/p03905465,607824089,Rondeletia christii,Rondeletia christii Urb.,Rubiaceae,Rondeletia,SPECIES,PRESERVED_SPECIMEN,1938-07-20,1938,-71.02972,19.27111,NA,b5cdf794-8fa4-4a85-8b26-755d087bf531,MNHN,P,25,05,SAN JOSÉ DE LAS MATAS,012505,874c89761ffffff
http://coldb.mnhn.fr/catalognumber/mnhn/p/p03947221,607576904,Hillia parasitica,Hillia parasitica Jacq.,Rubiaceae,Hillia,SPECIES,PRESERVED_SPECIMEN,1938-09-29,1938,-71.00487,19.30056,NA,b5cdf794-8fa4-4a85-8b26-755d087bf531,MNHN,P,25,05,SAN JOSÉ DE LAS MATAS,012505,874c890c9ffffff
http://coldb.mnhn.fr/catalognumber/mnhn/p/p03947224,607576979,Hillia parasitica,Hillia parasitica Jacq.,Rubiaceae,Hillia,SPECIES,PRESERVED_SPECIMEN,1938-09-29,1938,-71.02972,19.27111,NA,b5cdf794-8fa4-4a85-8b26-755d087bf531,MNHN,P,25,05,SAN JOSÉ DE LAS MATAS,012505,874c89761ffffff
http://coldb.mnhn.fr/catalognumber/mnhn/p/p03973018,607554767,Psychotria heterochroa,Psychotria heterochroa Urb.,Rubiaceae,Psychotria,SPECIES,PRESERVED_SPECIMEN,1969-05-07,1969,-70.95091,19.34987,NA,b5cdf794-8fa4-4a85-8b26-755d087bf531,MNHN,P,25,05,SAN JOSÉ DE LAS MATAS,012505,874c8905bffffff
http://coldb.mnhn.fr/catalognumber/mnhn/p/p03973019,607554766,Psychotria heterochroa,Psychotria heterochroa Urb.,Rubiaceae,Psychotria,SPECIES,PRESERVED_SPECIMEN,1968-05-09,1968,-70.975,19.374,NA,b5cdf794-8fa4-4a85-8b26-755d087bf531,MNHN,P,25,05,SAN JOSÉ DE LAS MATAS,012505,874c8905effffff
http://coldb.mnhn.fr/catalognumber/mnhn/p/p04561686,667684760,Myrsine coriacea,Myrsine coriacea (Sw.) R.Br. ex Roem. & Schult.,Primulaceae,Myrsine,SPECIES,PRESERVED_SPECIMEN,1968-08-15,1968,-70.9667,19.05,NA,b5cdf794-8fa4-4a85-8b26-755d087bf531,MNHN,P,25,05,SAN JOSÉ DE LAS MATAS,012505,874cd6904ffffff
http://coldb.mnhn.fr/catalognumber/mnhn/p/p04956064,667716404,Suberanthus brachycarpus,Rondeletia brachycarpa (Griseb.) C.Wright,Rubiaceae,Suberanthus,SPECIES,PRESERVED_SPECIMEN,1969-10-09,1969,-70.93633,19.34043,NA,b5cdf794-8fa4-4a85-8b26-755d087bf531,MNHN,P,25,05,SAN JOSÉ DE LAS MATAS,012505,874c89059ffffff
http://coldb.mnhn.fr/catalognumber/mnhn/p/p05207372,694541285,Metastelma gracile,Metastelma gracile Decne.,Apocynaceae,Metastelma,SPECIES,PRESERVED_SPECIMEN,1968-05-14,1968,-71.06841,19.37018,NA,b5cdf794-8fa4-4a85-8b26-755d087bf531,MNHN,P,25,05,SAN JOSÉ DE LAS MATAS,012505,874c890c6ffffff
http://coldb.mnhn.fr/catalognumber/mnhn/p/p05254335,694456119,Miconia scabrosa,"Miconia scabrosa (L.) Ionta, Judd & Skean",Melastomataceae,Miconia,SPECIES,PRESERVED_SPECIMEN,1985-07-16,1985,-71.13333,19.28333,NA,b5cdf794-8fa4-4a85-8b26-755d087bf531,MNHN,P,25,05,SAN JOSÉ DE LAS MATAS,012505,874c8970dffffff
http://coldb.mnhn.fr/catalognumber/mnhn/p/p05585706,731571256,Monteverdia domingensis,Maytenus domingensis Krug & Urb.,Celastraceae,Monteverdia,SPECIES,PRESERVED_SPECIMEN,1968-05-09,1968,-70.975,19.374,NA,b5cdf794-8fa4-4a85-8b26-755d087bf531,MNHN,P,25,05,SAN JOSÉ DE LAS MATAS,012505,874c8905effffff
http://coldb.mnhn.fr/catalognumber/mnhn/p/p06586536,694757910,Moringa oleifera,Moringa pterygosperma Gaertn.,Moringaceae,Moringa,SPECIES,PRESERVED_SPECIMEN,1937-08-01/1937-08-31,1937,-70.917,19.149,NA,b5cdf794-8fa4-4a85-8b26-755d087bf531,MNHN,P,25,05,SAN JOSÉ DE LAS MATAS,012505,874c892aaffffff
http://n2t.net/ark:/65665/3053c509d-6213-4aed-b619-e53f5ac2b566,1317320844,Zanthoxylum bifoliolatum,Zanthoxylum bifoliolatum Leonard,Rutaceae,Zanthoxylum,SPECIES,PRESERVED_SPECIMEN,1985-07-16,1985,-71.17,19.32,NA,821cc27a-e3bb-4bc5-ac34-89ada245069d,US,US,25,05,SAN JOSÉ DE LAS MATAS,012505,874c89705ffffff
http://n2t.net/ark:/65665/3092045cf-415f-4264-90d0-ea136703a9e0,1317408772,Diphasiastrum thyoides,Diphasiastrum thyoides (Humb. & Bonpl. ex Willd.) Holub,Lycopodiaceae,Diphasiastrum,SPECIES,PRESERVED_SPECIMEN,1989-06-26,1989,-71.02,19.03,NA,821cc27a-e3bb-4bc5-ac34-89ada245069d,US,US,25,05,SAN JOSÉ DE LAS MATAS,012505,874cd6910ffffff
http://n2t.net/ark:/65665/30b226108-f0ff-4ba6-879b-2678938b1072,1317454033,Erigeron canadensis,Conyza canadensis (L.) Cronquist,Asteraceae,Erigeron,SPECIES,PRESERVED_SPECIMEN,1992-07-12,1992,-70.93,19.35,NA,821cc27a-e3bb-4bc5-ac34-89ada245069d,US,US,25,05,SAN JOSÉ DE LAS MATAS,012505,874c89059ffffff
http://n2t.net/ark:/65665/30b73c350-b820-46a2-813a-dfa423f991d2,1317461116,Melpomene moniliformis,Melpomene moniliformis (Lag. ex Sw.) A.R.Sm. & R.C.Moran,Polypodiaceae,Melpomene,SPECIES,PRESERVED_SPECIMEN,1982-05-12,1982,-71,19.03,NA,821cc27a-e3bb-4bc5-ac34-89ada245069d,US,US,25,05,SAN JOSÉ DE LAS MATAS,012505,874cd6915ffffff
http://n2t.net/ark:/65665/30d16898e-427f-4e6c-99e2-9f765d3e0ee8,1317497887,Digitaria insularis,Digitaria insularis (L.) Mez ex Ekman,Poaceae,Digitaria,SPECIES,PRESERVED_SPECIMEN,1984-10-03,1984,-71,19.37,NA,821cc27a-e3bb-4bc5-ac34-89ada245069d,US,US,25,05,SAN JOSÉ DE LAS MATAS,012505,874c890ecffffff
http://n2t.net/ark:/65665/313f9fe20-1ba2-4a76-a427-da66598749a6,1317654225,Siphocampylus igneus,Siphocampylus igneus Urb.,Campanulaceae,Siphocampylus,SPECIES,PRESERVED_SPECIMEN,1997-02-14,1997,-71.02,19.03,NA,821cc27a-e3bb-4bc5-ac34-89ada245069d,US,US,25,05,SAN JOSÉ DE LAS MATAS,012505,874cd6910ffffff
http://n2t.net/ark:/65665/3141cfc6d-9652-422e-84cf-7f3727a67c61,1317657310,Chrysophyllum argenteum,Chrysophyllum argenteum Jacq.,Sapotaceae,Chrysophyllum,SPECIES,PRESERVED_SPECIMEN,1985-07-16,1985,-71.13,19.28,NA,821cc27a-e3bb-4bc5-ac34-89ada245069d,US,US,25,05,SAN JOSÉ DE LAS MATAS,012505,874c89772ffffff
http://n2t.net/ark:/65665/3197d6ddb-c78d-4862-9e21-55f9f79ef830,1317778870,Exostema longiflorum,Exostema longiflorum (Lamb.) Roem. & Schult.,Rubiaceae,Exostema,SPECIES,PRESERVED_SPECIMEN,1985-07-16,1985,-71.17,19.32,NA,821cc27a-e3bb-4bc5-ac34-89ada245069d,US,US,25,05,SAN JOSÉ DE LAS MATAS,012505,874c89705ffffff
http://n2t.net/ark:/65665/322073401-958f-4566-9d69-d053bb79c0b0,1317972014,Paspalum urbanianum,Paspalum urbanianum Ekman,Poaceae,Paspalum,SPECIES,PRESERVED_SPECIMEN,1988-06-27,1988,-71.03,19.05,NA,821cc27a-e3bb-4bc5-ac34-89ada245069d,US,US,25,05,SAN JOSÉ DE LAS MATAS,012505,874c89649ffffff
http://n2t.net/ark:/65665/327179026-5744-4f8a-a191-1226a0c80e73,1318086721,Calliandra haematomma,Calliandra haematostoma (Bertero ex Spreng.) Urb.,Fabaceae,Calliandra,SPECIES,PRESERVED_SPECIMEN,1983-02-19,1983,-71.03,19.37,NA,821cc27a-e3bb-4bc5-ac34-89ada245069d,US,US,25,05,SAN JOSÉ DE LAS MATAS,012505,874c890eeffffff
http://n2t.net/ark:/65665/327df3019-1771-4af0-8019-1db763eda279,1318104294,Rhytidophyllum auriculatum,Rhytidophyllum auriculatum var. angustatum Urb.,Gesneriaceae,Rhytidophyllum,VARIETY,PRESERVED_SPECIMEN,1929-08-24,1929,-70.93,19.33,NA,821cc27a-e3bb-4bc5-ac34-89ada245069d,US,US,25,05,SAN JOSÉ DE LAS MATAS,012505,874c893a6ffffff
http://n2t.net/ark:/65665/32970f029-3726-4c10-85de-0ee0176a10f0,1318139795,Pleopeltis murorum,Pleopeltis murorum (Hook.) A.R.Sm. & Tejero,Polypodiaceae,Pleopeltis,SPECIES,PRESERVED_SPECIMEN,1982-05-12,1982,-71,19.03,NA,821cc27a-e3bb-4bc5-ac34-89ada245069d,US,US,25,05,SAN JOSÉ DE LAS MATAS,012505,874cd6915ffffff
http://n2t.net/ark:/65665/3348e8935-d702-4de3-a2b4-1a0c7553fda2,1318390718,Clusia clusioides,Clusia clusioides (Griseb.) D'Arcy,Clusiaceae,Clusia,SPECIES,PRESERVED_SPECIMEN,1985-07-17,1985,-71.13,19.28,NA,821cc27a-e3bb-4bc5-ac34-89ada245069d,US,US,25,05,SAN JOSÉ DE LAS MATAS,012505,874c89772ffffff
http://n2t.net/ark:/65665/338bb90fd-b450-428c-8106-0cc26fcf68c5,1318485043,Vitex heptaphylla,Vitex heptaphylla A.Juss.,Lamiaceae,Vitex,SPECIES,PRESERVED_SPECIMEN,1987-06-10,1987,-71.05,19.38,NA,821cc27a-e3bb-4bc5-ac34-89ada245069d,US,US,25,05,SAN JOSÉ DE LAS MATAS,012505,874c890c4ffffff
http://n2t.net/ark:/65665/33c821457-0c04-4ddd-a29c-4d4295c99d4a,1318570557,Guzmania monostachia,Guzmania monostachia (L.) Rusby ex Mez,Bromeliaceae,Guzmania,SPECIES,PRESERVED_SPECIMEN,1929-12-27,1929,-70.93,19.33,NA,821cc27a-e3bb-4bc5-ac34-89ada245069d,US,US,25,05,SAN JOSÉ DE LAS MATAS,012505,874c893a6ffffff
http://n2t.net/ark:/65665/33eeed82a-30dc-4002-8971-0d39852a62ea,1318625255,Melinis repens,Rhynchelytrum repens (Willd.) C.E.Hubb.,Poaceae,Melinis,SPECIES,PRESERVED_SPECIMEN,1992-07-12,1992,-70.93,19.35,NA,821cc27a-e3bb-4bc5-ac34-89ada245069d,US,US,25,05,SAN JOSÉ DE LAS MATAS,012505,874c89059ffffff
http://n2t.net/ark:/65665/3406ec860-74e6-4425-86b2-0d0acf918d74,1318659091,Arundinella berteroniana,Arundinella berteroniana (Schult.) Hitchc. & Chase,Poaceae,Arundinella,SPECIES,PRESERVED_SPECIMEN,1985-07-16,1985,-71.17,19.32,NA,821cc27a-e3bb-4bc5-ac34-89ada245069d,US,US,25,05,SAN JOSÉ DE LAS MATAS,012505,874c89705ffffff
http://n2t.net/ark:/65665/342067e23-e945-47f7-b8ed-898fee0d7bdf,1318695393,Grona barbata,Grona barbata var. barbata,Fabaceae,Grona,VARIETY,PRESERVED_SPECIMEN,1985-07-16,1985,-71.13,19.28,NA,821cc27a-e3bb-4bc5-ac34-89ada245069d,US,US,25,05,SAN JOSÉ DE LAS MATAS,012505,874c89772ffffff
http://n2t.net/ark:/65665/348836f19-8771-429a-8628-1ff97f5c0987,1318842098,Picramnia pentandra,Picramnia pentandra Sw.,Picramniaceae,Picramnia,SPECIES,PRESERVED_SPECIMEN,1989-09-28,1989,-70.9,19.45,NA,821cc27a-e3bb-4bc5-ac34-89ada245069d,US,US,25,05,SAN JOSÉ DE LAS MATAS,012505,874c89064ffffff
http://n2t.net/ark:/65665/349c84f63-969f-43a7-a6c8-bd2435bca05d,1318871085,Callisia fragrans,Callisia fragrans (Lindl.) Woodson,Commelinaceae,Callisia,SPECIES,PRESERVED_SPECIMEN,1988-05-24,1988,-71.07,19.32,NA,821cc27a-e3bb-4bc5-ac34-89ada245069d,US,US,25,05,SAN JOSÉ DE LAS MATAS,012505,874c890ddffffff
http://n2t.net/ark:/65665/3584beab6-f1a4-403e-b341-3b8f7bc70b3a,6341313381,"Chara Linnaeus, 1753","Chara Linnaeus, 1753",Characeae,Chara,GENUS,PRESERVED_SPECIMEN,1931-06-22,1931,-71.12,19.4,NA,821cc27a-e3bb-4bc5-ac34-89ada245069d,US,US,25,05,SAN JOSÉ DE LAS MATAS,012505,874c890f2ffffff
http://n2t.net/ark:/65665/35a77f3e4-ecd0-4482-855b-3831a469f4fd,1319247307,Erythroxylum areolatum,Erythroxylum areolatum L.,Erythroxylaceae,Erythroxylum,SPECIES,PRESERVED_SPECIMEN,1985-07-16,1985,-71.17,19.32,NA,821cc27a-e3bb-4bc5-ac34-89ada245069d,US,US,25,05,SAN JOSÉ DE LAS MATAS,012505,874c89705ffffff
http://n2t.net/ark:/65665/35cb0532c-10fe-49ac-b67a-c01283b70d0a,1319297351,Clusia clusioides,Clusia clusioides (Griseb.) D'Arcy,Clusiaceae,Clusia,SPECIES,PRESERVED_SPECIMEN,,NA,-71.17,19.35,NA,821cc27a-e3bb-4bc5-ac34-89ada245069d,US,US,25,05,SAN JOSÉ DE LAS MATAS,012505,874c89723ffffff
http://n2t.net/ark:/65665/35d8752cb-4afb-4b5c-be77-96de3d9dcd4b,1319316313,Psychotria heterochroa,Psychotria heterochroa Urb.,Rubiaceae,Psychotria,SPECIES,PRESERVED_SPECIMEN,1987-06-09,1987,-71.12,19.3083,NA,821cc27a-e3bb-4bc5-ac34-89ada245069d,US,US,25,05,SAN JOSÉ DE LAS MATAS,012505,874c89729ffffff
http://n2t.net/ark:/65665/35f435818-e5a8-4375-8be0-89ee40b79663,1319356144,Palicourea berteroana,Psychotria berteroana DC.,Rubiaceae,Palicourea,SPECIES,PRESERVED_SPECIMEN,1988-06-28,1988,-70.97,19.23,NA,821cc27a-e3bb-4bc5-ac34-89ada245069d,US,US,25,05,SAN JOSÉ DE LAS MATAS,012505,874c8939affffff
http://n2t.net/ark:/65665/362733e47-b808-4e15-93c6-9083280f9111,1319427986,Exostema parviflorum,Exostema parviflorum A.Rich. ex Humb. & Bonpl.,Rubiaceae,Exostema,SPECIES,PRESERVED_SPECIMEN,1987-06-10,1987,-71.05,19.38,NA,821cc27a-e3bb-4bc5-ac34-89ada245069d,US,US,25,05,SAN JOSÉ DE LAS MATAS,012505,874c890c4ffffff
http://n2t.net/ark:/65665/362a3f245-9159-4fde-89b3-1a992bd2e7e1,1319432510,Anemia tomentosa,Anemia tomentosa (Savigny) Sw.,Anemiaceae,Anemia,SPECIES,PRESERVED_SPECIMEN,1983-02-19,1983,-71.03,19.37,NA,821cc27a-e3bb-4bc5-ac34-89ada245069d,US,US,25,05,SAN JOSÉ DE LAS MATAS,012505,874c890eeffffff
http://n2t.net/ark:/65665/364d13632-e378-4fe4-9e8c-b86025d3f8ca,1319481533,Sideroxylon cubense,Sideroxylon cubense (Griseb.) T.D.Penn.,Sapotaceae,Sideroxylon,SPECIES,PRESERVED_SPECIMEN,1987-06-09,1987,-71.12,19.3083,NA,821cc27a-e3bb-4bc5-ac34-89ada245069d,US,US,25,05,SAN JOSÉ DE LAS MATAS,012505,874c89729ffffff
http://n2t.net/ark:/65665/36819ae28-be57-4b4f-a4c4-042a0a8796e4,1319556313,Terminalia tetraphylla,Terminalia tetraphylla (Aubl.) Gere & Boatwr.,Combretaceae,Terminalia,SPECIES,PRESERVED_SPECIMEN,1985-07-16,1985,-71.15,19.3,NA,821cc27a-e3bb-4bc5-ac34-89ada245069d,US,US,25,05,SAN JOSÉ DE LAS MATAS,012505,874c8972bffffff
http://n2t.net/ark:/65665/36894e1ef-cc7a-402e-a1de-c7160edb7ee5,1319566745,Cojoba filipes,Cojoba filipes (Vent.) Barneby & J.W.Grimes,Fabaceae,Cojoba,SPECIES,PRESERVED_SPECIMEN,1985-07-16,1985,-71.13,19.28,NA,821cc27a-e3bb-4bc5-ac34-89ada245069d,US,US,25,05,SAN JOSÉ DE LAS MATAS,012505,874c89772ffffff
http://n2t.net/ark:/65665/36f7c6c1f-557c-4c29-82f0-541f4cb4e446,1319723107,Rhytidophyllum auriculatum,Rhytidophyllum auriculatum var. angustatum Urb.,Gesneriaceae,Rhytidophyllum,VARIETY,PRESERVED_SPECIMEN,1985-07-16,1985,-71.17,19.32,NA,821cc27a-e3bb-4bc5-ac34-89ada245069d,US,US,25,05,SAN JOSÉ DE LAS MATAS,012505,874c89705ffffff
http://n2t.net/ark:/65665/370220402-c94e-4dc0-b29e-bfd752d89e79,1319737558,Hypericum diosmoides,Hypericum diosmoides Griseb.,Hypericaceae,Hypericum,SPECIES,PRESERVED_SPECIMEN,1988-06-27,1988,-71.03,19.05,NA,821cc27a-e3bb-4bc5-ac34-89ada245069d,US,US,25,05,SAN JOSÉ DE LAS MATAS,012505,874c89649ffffff
http://n2t.net/ark:/65665/371e595c8-6c38-4780-ab59-7704791d8405,1319777210,Croton vaillantii,Croton vaillantii Geiseler,Euphorbiaceae,Croton,SPECIES,PRESERVED_SPECIMEN,1989-09-28,1989,-70.9,19.45,NA,821cc27a-e3bb-4bc5-ac34-89ada245069d,US,US,25,05,SAN JOSÉ DE LAS MATAS,012505,874c89064ffffff
http://n2t.net/ark:/65665/38320c0ca-765f-4db7-a60f-168120307c0c,1320167034,Rondeletia poitaei,Stevensia buxifolia Poit.,Rubiaceae,Rondeletia,SPECIES,PRESERVED_SPECIMEN,1988-04-21,1988,-71.17,19.35,NA,821cc27a-e3bb-4bc5-ac34-89ada245069d,US,US,25,05,SAN JOSÉ DE LAS MATAS,012505,874c89723ffffff
http://n2t.net/ark:/65665/3870f2dd9-c535-4742-b6ab-a41ceac03aaf,1320256063,Pimenta racemosa,Pimenta racemosa var. ozua (Urb. & Ekman) Landrum,Myrtaceae,Pimenta,VARIETY,PRESERVED_SPECIMEN,1988-05-25,1988,-71.13,19.28,NA,821cc27a-e3bb-4bc5-ac34-89ada245069d,US,US,25,05,SAN JOSÉ DE LAS MATAS,012505,874c89772ffffff
http://n2t.net/ark:/65665/3887d1116-608b-46d2-93b6-481616522f05,1320288033,Rhytidophyllum auriculatum,Rhytidophyllum auriculatum var. angustatum Urb.,Gesneriaceae,Rhytidophyllum,VARIETY,PRESERVED_SPECIMEN,1985-07-16,1985,-71.17,19.32,NA,821cc27a-e3bb-4bc5-ac34-89ada245069d,US,US,25,05,SAN JOSÉ DE LAS MATAS,012505,874c89705ffffff
http://n2t.net/ark:/65665/38e81e8c2-c462-4911-bd4b-83904c6f7c0b,1320423969,Cuphea urens,Cuphea urens Koehne,Lythraceae,Cuphea,SPECIES,PRESERVED_SPECIMEN,1989-06-27,1989,-71,19.08,NA,821cc27a-e3bb-4bc5-ac34-89ada245069d,US,US,25,05,SAN JOSÉ DE LAS MATAS,012505,874cd6930ffffff
http://n2t.net/ark:/65665/394ab196e-72f3-4728-be2b-8c8ee3594f72,1320563211,Symplocos cubensis,Symplocos berteroi (A.DC.) Miers,Symplocaceae,Symplocos,SPECIES,PRESERVED_SPECIMEN,1985-07-16,1985,-71.17,19.32,NA,821cc27a-e3bb-4bc5-ac34-89ada245069d,US,US,25,05,SAN JOSÉ DE LAS MATAS,012505,874c89705ffffff
http://n2t.net/ark:/65665/39565010f-b0a3-4331-babe-64d9d0d07ab3,1320579744,Clinopodium alpestre,Satureja alpestris (Urb.) Jiménez,Lamiaceae,Clinopodium,SPECIES,PRESERVED_SPECIMEN,1988-12-08,1988,-71.02,19.03,NA,821cc27a-e3bb-4bc5-ac34-89ada245069d,US,US,25,05,SAN JOSÉ DE LAS MATAS,012505,874cd6910ffffff
http://n2t.net/ark:/65665/3a4d743af-6261-4a59-abc3-36ba3313788d,1320929179,Badiera penaea,Badiera penaea (L.) DC.,Polygalaceae,Badiera,SPECIES,PRESERVED_SPECIMEN,1983-02-19,1983,-70.97,19.33,NA,821cc27a-e3bb-4bc5-ac34-89ada245069d,US,US,25,05,SAN JOSÉ DE LAS MATAS,012505,874c893b4ffffff
http://n2t.net/ark:/65665/3a63355d8-dab5-4ef5-be9b-a59ea25f08c6,1320959900,Scrophularia densifolia,Scrophularia densifolia Urb. & Ekman,Scrophulariaceae,Scrophularia,SPECIES,PRESERVED_SPECIMEN,1988-12-08,1988,-71.02,19.03,NA,821cc27a-e3bb-4bc5-ac34-89ada245069d,US,US,25,05,SAN JOSÉ DE LAS MATAS,012505,874cd6910ffffff
http://n2t.net/ark:/65665/3aae51fe8-65ac-47bd-9aa5-1f0dde382be3,1321066538,Vitex heptaphylla,Vitex heptaphylla A.Juss.,Lamiaceae,Vitex,SPECIES,PRESERVED_SPECIMEN,1985-07-16,1985,-71.17,19.3,NA,821cc27a-e3bb-4bc5-ac34-89ada245069d,US,US,25,05,SAN JOSÉ DE LAS MATAS,012505,874c8970cffffff
http://n2t.net/ark:/65665/3b45bf613-9044-4a56-87b8-022888228c8d,1321280756,Rhytidophyllum auriculatum,Rhytidophyllum auriculatum var. angustatum Urb.,Gesneriaceae,Rhytidophyllum,VARIETY,PRESERVED_SPECIMEN,1958-09-29,1958,-70.88,19.22,NA,821cc27a-e3bb-4bc5-ac34-89ada245069d,US,US,25,05,SAN JOSÉ DE LAS MATAS,012505,874c89389ffffff
http://n2t.net/ark:/65665/3b9e9aaff-247b-473c-81af-6f2730f01c06,1321406237,Rondeletia trilobata,Stevensia trilobata Borhidi,Rubiaceae,Rondeletia,SPECIES,PRESERVED_SPECIMEN,1987-06-09,1987,-71.12,19.3083,NA,821cc27a-e3bb-4bc5-ac34-89ada245069d,US,US,25,05,SAN JOSÉ DE LAS MATAS,012505,874c89729ffffff
http://n2t.net/ark:/65665/3ba3b1fc6-523a-46de-90bc-2f802188ee11,1321413484,Ignurbia constanzae,Senecio constanzae Urb.,Asteraceae,Ignurbia,SPECIES,PRESERVED_SPECIMEN,1996-03-09,1996,-71.02,19.075,NA,821cc27a-e3bb-4bc5-ac34-89ada245069d,US,US,25,05,SAN JOSÉ DE LAS MATAS,012505,874c8964dffffff
http://n2t.net/ark:/65665/3ba3fbaf1-c67f-44ca-a86b-3e43fda09aa8,1321413868,Clinopodium vimineum,Clinopodium vimineum (L.) Kuntze,Lamiaceae,Clinopodium,SPECIES,PRESERVED_SPECIMEN,1983-02-19,1983,-71.08,19.38,NA,821cc27a-e3bb-4bc5-ac34-89ada245069d,US,US,25,05,SAN JOSÉ DE LAS MATAS,012505,874c890c6ffffff
http://n2t.net/ark:/65665/3c2e9c83c-bdef-4c04-bae3-5ac38aee43d2,1321610094,Corchorus hirsutus,Corchorus hirsutus L.,Malvaceae,Corchorus,SPECIES,PRESERVED_SPECIMEN,1983-02-19,1983,-70.9667,19.3333,NA,821cc27a-e3bb-4bc5-ac34-89ada245069d,US,US,25,05,SAN JOSÉ DE LAS MATAS,012505,874c893b4ffffff
http://n2t.net/ark:/65665/3c57d6ba1-488c-49c9-8978-005bdc6b51fc,1321668322,Tillandsia pruinosa,Tillandsia pruinosa Sw.,Bromeliaceae,Tillandsia,SPECIES,PRESERVED_SPECIMEN,1968-10-13,1968,-70.98,19.22,NA,821cc27a-e3bb-4bc5-ac34-89ada245069d,US,US,25,05,SAN JOSÉ DE LAS MATAS,012505,874c892b4ffffff
http://n2t.net/ark:/65665/3d2f77b2f-0d96-4316-950f-a7d8ff3aa754,1321971479,Dendropemon pycnophyllus,Dendropemon pycnophyllus Krug & Urb.,Loranthaceae,Dendropemon,SPECIES,PRESERVED_SPECIMEN,1988-12-08,1988,-71.02,19.03,NA,821cc27a-e3bb-4bc5-ac34-89ada245069d,US,US,25,05,SAN JOSÉ DE LAS MATAS,012505,874cd6910ffffff
http://n2t.net/ark:/65665/3d871126a-0722-4baa-8886-49f50a649478,1322094880,Parathesis serrulata,Parathesis serrulata (Sw.) Mez,Primulaceae,Parathesis,SPECIES,PRESERVED_SPECIMEN,1988-05-25,1988,-71.15,19.3,NA,821cc27a-e3bb-4bc5-ac34-89ada245069d,US,US,25,05,SAN JOSÉ DE LAS MATAS,012505,874c8972bffffff
http://n2t.net/ark:/65665/3db61e848-d105-4467-b068-4e814b19fa0c,1322161474,Badiera fuertesii,Badiera fuertesii Urb.,Polygalaceae,Badiera,SPECIES,PRESERVED_SPECIMEN,1997-02-10,1997,-71.03,19.07,NA,821cc27a-e3bb-4bc5-ac34-89ada245069d,US,US,25,05,SAN JOSÉ DE LAS MATAS,012505,874c8964dffffff
http://n2t.net/ark:/65665/3dba5c784-89e7-453f-bd2e-aaa0823eecb4,1322167428,Peperomia rhombea,Peperomia rhombea Ruiz & Pav.,Piperaceae,Peperomia,SPECIES,PRESERVED_SPECIMEN,1985-07-16,1985,-71.17,19.3,NA,821cc27a-e3bb-4bc5-ac34-89ada245069d,US,US,25,05,SAN JOSÉ DE LAS MATAS,012505,874c8970cffffff
http://n2t.net/ark:/65665/3dcb23a02-ffa5-4b2e-8795-31c96874f15a,1322191163,Viola domingensis,Viola domingensis Urb.,Violaceae,Viola,SPECIES,PRESERVED_SPECIMEN,1989-06-26,1989,-71.02,19.03,NA,821cc27a-e3bb-4bc5-ac34-89ada245069d,US,US,25,05,SAN JOSÉ DE LAS MATAS,012505,874cd6910ffffff
http://n2t.net/ark:/65665/3e801ee5c-7121-43aa-a6ed-ad3bc9e07516,1322446909,Ruellia lepidota,Ruellia lepidota Urb.,Acanthaceae,Ruellia,SPECIES,PRESERVED_SPECIMEN,1983-02-19,1983,-71.03,19.37,NA,821cc27a-e3bb-4bc5-ac34-89ada245069d,US,US,25,05,SAN JOSÉ DE LAS MATAS,012505,874c890eeffffff
http://n2t.net/ark:/65665/3f3a39530-caea-4c36-b4c6-c6edf351e168,1322709687,Callisia fragrans,Callisia fragrans (Lindl.) Woodson,Commelinaceae,Callisia,SPECIES,PRESERVED_SPECIMEN,1988-05-24,1988,-71.07,19.32,NA,821cc27a-e3bb-4bc5-ac34-89ada245069d,US,US,25,05,SAN JOSÉ DE LAS MATAS,012505,874c890ddffffff
http://n2t.net/ark:/65665/3f7dff21d-c330-44ee-a2ef-f7014827deca,1322805074,Amauropelta physematioides,Amauropelta physematioides (Kuhn & Christ) O.Alvarez,Thelypteridaceae,Amauropelta,SPECIES,PRESERVED_SPECIMEN,1988-06-27,1988,-71.03,19.05,NA,821cc27a-e3bb-4bc5-ac34-89ada245069d,US,US,25,05,SAN JOSÉ DE LAS MATAS,012505,874c89649ffffff
http://n2t.net/ark:/65665/3fb8afa76-bf95-4b87-ac1e-9947911fce7c,1322887911,Badiera penaea,Badiera penaea (L.) DC.,Polygalaceae,Badiera,SPECIES,PRESERVED_SPECIMEN,1989-09-28,1989,-70.9,19.45,NA,821cc27a-e3bb-4bc5-ac34-89ada245069d,US,US,25,05,SAN JOSÉ DE LAS MATAS,012505,874c89064ffffff
http://n2t.net/ark:/65665/3ff2f1402-6b5b-49c3-a300-b6f866462f6a,1322970051,Rhynchospora holoschoenoides,Rhynchospora holoschoenoides (Rich.) Herter,Cyperaceae,Rhynchospora,SPECIES,PRESERVED_SPECIMEN,1987-06-10,1987,-71.05,19.38,NA,821cc27a-e3bb-4bc5-ac34-89ada245069d,US,US,25,05,SAN JOSÉ DE LAS MATAS,012505,874c890c4ffffff
http://specimens.kew.org/herbarium/K000261766,912233015,Myrcia deflexa,Myrcia deflexa (Poir.) DC.,Myrtaceae,Myrcia,SPECIES,PRESERVED_SPECIMEN,1933-06-04T00:00,1933,-70.916667,19.316667,NA,cd6e21c8-9e8a-493a-8a76-fbf7862069e5,K,Herbarium,25,05,SAN JOSÉ DE LAS MATAS,012505,874c893a0ffffff
http://specimens.kew.org/herbarium/K000261831,912233090,Myrcia amazonica,Myrcia leptoclada DC.,Myrtaceae,Myrcia,SPECIES,PRESERVED_SPECIMEN,1926-07-12T00:00,1926,-71,19.25,NA,cd6e21c8-9e8a-493a-8a76-fbf7862069e5,K,Herbarium,25,05,SAN JOSÉ DE LAS MATAS,012505,874c8976dffffff
http://specimens.kew.org/herbarium/K000261895,912233167,Myrcia splendens,Myrcia splendens (Sw.) DC.,Myrtaceae,Myrcia,SPECIES,PRESERVED_SPECIMEN,1933-06-16T00:00,1933,-71.2,19.3,NA,cd6e21c8-9e8a-493a-8a76-fbf7862069e5,K,Herbarium,25,05,SAN JOSÉ DE LAS MATAS,012505,874c89703ffffff
http://specimens.kew.org/herbarium/K000261957,912233212,Myrcia deflexa,Myrcia deflexa (Poir.) DC.,Myrtaceae,Myrcia,SPECIES,PRESERVED_SPECIMEN,1933-06-02T00:00,1933,-71.2,19.3,NA,cd6e21c8-9e8a-493a-8a76-fbf7862069e5,K,Herbarium,25,05,SAN JOSÉ DE LAS MATAS,012505,874c89703ffffff
http://specimens.kew.org/herbarium/K000703723,5060677426,Heliotropium lamarckii,Tournefortia scabra Lam.,Heliotropiaceae,Heliotropium,SPECIES,PRESERVED_SPECIMEN,1887-05-05T00:00,1887,-70.883333,19.316667,NA,cd6e21c8-9e8a-493a-8a76-fbf7862069e5,K,Herbarium,25,05,SAN JOSÉ DE LAS MATAS,012505,874c89312ffffff
http://specimens.kew.org/herbarium/K000774853,5060678521,Hymenocallis latifolia,Hymenocallis latifolia (Mill.) M.Roem.,Amaryllidaceae,Hymenocallis,SPECIES,PRESERVED_SPECIMEN,1931-03-27T00:00,1931,-71.178098,19.340853,NA,cd6e21c8-9e8a-493a-8a76-fbf7862069e5,K,Herbarium,25,05,SAN JOSÉ DE LAS MATAS,012505,874c89723ffffff
http://specimens.kew.org/herbarium/K000775502,5060682557,Rauvolfia nitida,Rauvolfia nitida Jacq.,Apocynaceae,Rauvolfia,SPECIES,PRESERVED_SPECIMEN,1930-02-14T00:00,1930,-70.883333,19.316667,NA,cd6e21c8-9e8a-493a-8a76-fbf7862069e5,K,Herbarium,25,05,SAN JOSÉ DE LAS MATAS,012505,874c89312ffffff
http://specimens.kew.org/herbarium/K000812339,4519392978,Myrcia neoyaquensis,Calyptranthes yaquensis Urb. & Ekman,Myrtaceae,Myrcia,SPECIES,PRESERVED_SPECIMEN,2013-11-21T00:00,2013,-70.986667,19.239444,NA,cd6e21c8-9e8a-493a-8a76-fbf7862069e5,K,Herbarium,25,05,SAN JOSÉ DE LAS MATAS,012505,874c8976dffffff
http://specimens.kew.org/herbarium/K000819504,5060685764,Melanthera nivea,Melanthera nivea (L.) Small,Asteraceae,Melanthera,SPECIES,PRESERVED_SPECIMEN,1933-05-24T00:00,1933,-71.198542,19.308429,NA,cd6e21c8-9e8a-493a-8a76-fbf7862069e5,K,Herbarium,25,05,SAN JOSÉ DE LAS MATAS,012505,874c89703ffffff
http://specimens.kew.org/herbarium/K000862308,5060685855,Varronia polycephala,Cordia polycephala (Lam.) I.M.Johnst.,Cordiaceae,Varronia,SPECIES,PRESERVED_SPECIMEN,1945-11-30T00:00,1945,-70.977646,19.356572,NA,cd6e21c8-9e8a-493a-8a76-fbf7862069e5,K,Herbarium,25,05,SAN JOSÉ DE LAS MATAS,012505,874c8905affffff
http://specimens.kew.org/herbarium/K005642871,5051830625,Condea verticillata,Condea verticillata (Jacq.) Harley & J.F.B.Pastore,Lamiaceae,Condea,SPECIES,PRESERVED_SPECIMEN,1984-10-03T00:00,1984,-71,19.366667,NA,cd6e21c8-9e8a-493a-8a76-fbf7862069e5,K,Herbarium,25,05,SAN JOSÉ DE LAS MATAS,012505,874c890e8ffffff
http://specimens.kew.org/herbarium/K005642905,5051818719,Condea americana,Condea americana (Poir.) Harley & J.F.B.Pastore,Lamiaceae,Condea,SPECIES,PRESERVED_SPECIMEN,1985-07-16T00:00,1985,-71.133333,19.283333,NA,cd6e21c8-9e8a-493a-8a76-fbf7862069e5,K,Herbarium,25,05,SAN JOSÉ DE LAS MATAS,012505,874c8970dffffff
https://arctos.database.museum/guid/UTEP:Herb:36339,5103576739,Coccothrinax Sarg.,Coccothrinax Sarg.,Arecaceae,Coccothrinax,GENUS,PRESERVED_SPECIMEN,1984-10-02,1984,-70.85,19.366667,NA,1a9d08bb-9e2c-4540-8f7f-3205846b6ddc,UTEP,Botany,25,05,SAN JOSÉ DE LAS MATAS,012505,874c89336ffffff
https://data.biodiversitydata.nl/naturalis/specimen/U.1027088,2517065975,Melpomene moniliformis,Grammitis moniliformis (Lag. ex Sw.) Proctor,Polypodiaceae,Melpomene,SPECIES,PRESERVED_SPECIMEN,1982-05-12,1982,-71,19.03333,NA,15f819bd-6612-4447-854b-14d12ee1022d,,Botany,25,05,SAN JOSÉ DE LAS MATAS,012505,874cd6915ffffff
https://data.biodiversitydata.nl/naturalis/specimen/U.1029119,2517055023,Pleopeltis murorum,Polypodium murorum Hook.,Polypodiaceae,Pleopeltis,SPECIES,PRESERVED_SPECIMEN,1982-05-12,1982,-71,19.03333,NA,15f819bd-6612-4447-854b-14d12ee1022d,,Botany,25,05,SAN JOSÉ DE LAS MATAS,012505,874cd6915ffffff
https://data.biodiversitydata.nl/naturalis/specimen/U.1151459,2515219271,Tabebuia polyantha,Tabebuia polyantha Urb. & Ekman,Bignoniaceae,Tabebuia,SPECIES,PRESERVED_SPECIMEN,1988-05-24,1988,-71.15,19.25,NA,15f819bd-6612-4447-854b-14d12ee1022d,,Botany,25,05,SAN JOSÉ DE LAS MATAS,012505,874c89756ffffff
https://data.biodiversitydata.nl/naturalis/specimen/U.1160631,2515209157,Jacaranda poitaei,Jacaranda poitaei Urb.,Bignoniaceae,Jacaranda,SPECIES,PRESERVED_SPECIMEN,1983-02-19,1983,-71.03333,19.36667,NA,15f819bd-6612-4447-854b-14d12ee1022d,,Botany,25,05,SAN JOSÉ DE LAS MATAS,012505,874c890c5ffffff
https://data.biodiversitydata.nl/naturalis/specimen/U.1174400,2515444996,Tillandsia setacea,Tillandsia setacea Sw.,Bromeliaceae,Tillandsia,SPECIES,PRESERVED_SPECIMEN,1983-02-18,1983,-70.98333,19.35,NA,15f819bd-6612-4447-854b-14d12ee1022d,,Botany,25,05,SAN JOSÉ DE LAS MATAS,012505,874c890e9ffffff
https://data.biodiversitydata.nl/naturalis/specimen/U.1174454,2517096125,Tillandsia juncea,Tillandsia juncea (Ruiz & Pav.) Poir.,Bromeliaceae,Tillandsia,SPECIES,PRESERVED_SPECIMEN,1983-02-18,1983,-70.98333,19.35,NA,15f819bd-6612-4447-854b-14d12ee1022d,,Botany,25,05,SAN JOSÉ DE LAS MATAS,012505,874c890e9ffffff
https://data.biodiversitydata.nl/naturalis/specimen/U.1185284,2515483748,Siphocampylus igneus,Siphocampylus igneus Urb.,Campanulaceae,Siphocampylus,SPECIES,PRESERVED_SPECIMEN,1988-12-08,1988,-71.01667,19.03333,NA,15f819bd-6612-4447-854b-14d12ee1022d,,Botany,25,05,SAN JOSÉ DE LAS MATAS,012505,874cd6910ffffff
https://data.biodiversitydata.nl/naturalis/specimen/U.1194993,2515502624,Monteverdia domingensis,Maytenus domingensis Krug & Urb.,Celastraceae,Monteverdia,SPECIES,PRESERVED_SPECIMEN,1983-05-22,1983,-70.96667,19.33333,NA,15f819bd-6612-4447-854b-14d12ee1022d,,Botany,25,05,SAN JOSÉ DE LAS MATAS,012505,874c893b4ffffff
https://data.biodiversitydata.nl/naturalis/specimen/U.1195528,2517315475,Hippocratea volubilis,Hippocratea volubilis L.,Celastraceae,Hippocratea,SPECIES,PRESERVED_SPECIMEN,1985-07-16,1985,-71.13333,19.28333,NA,15f819bd-6612-4447-854b-14d12ee1022d,,Botany,25,05,SAN JOSÉ DE LAS MATAS,012505,874c8970dffffff
https://data.biodiversitydata.nl/naturalis/specimen/U.1203516,2517085581,Hedyosmum nutans,Hedyosmum nutans Sw.,Chloranthaceae,Hedyosmum,SPECIES,PRESERVED_SPECIMEN,1985-07-16,1985,-71.16667,19.31667,NA,15f819bd-6612-4447-854b-14d12ee1022d,,Botany,25,05,SAN JOSÉ DE LAS MATAS,012505,874c8972affffff
https://data.biodiversitydata.nl/naturalis/specimen/U.1206763,2517161619,Hirtella triandra,Hirtella triandra Sw.,Chrysobalanaceae,Hirtella,SPECIES,PRESERVED_SPECIMEN,1985-07-16,1985,-71.13333,19.28333,NA,15f819bd-6612-4447-854b-14d12ee1022d,,Botany,25,05,SAN JOSÉ DE LAS MATAS,012505,874c8970dffffff
https://data.biodiversitydata.nl/naturalis/specimen/U.1208685,2515494052,Clusia minor,Clusia minor L.,Clusiaceae,Clusia,SPECIES,PRESERVED_SPECIMEN,1985-07-16,1985,-71.16667,19.3,NA,15f819bd-6612-4447-854b-14d12ee1022d,,Botany,25,05,SAN JOSÉ DE LAS MATAS,012505,874c8970cffffff
https://data.biodiversitydata.nl/naturalis/specimen/U.1208748,2515241665,Clusia clusioides,Clusia clusioides (Griseb.) D'Arcy,Clusiaceae,Clusia,SPECIES,PRESERVED_SPECIMEN,1988-04-21,1988,-71.16667,19.35,NA,15f819bd-6612-4447-854b-14d12ee1022d,,Botany,25,05,SAN JOSÉ DE LAS MATAS,012505,874c89721ffffff
https://data.biodiversitydata.nl/naturalis/specimen/U.1262067,2515285835,Calliandra haematomma,Calliandra haematomma (Bertero ex DC.) Benth.,Fabaceae,Calliandra,SPECIES,PRESERVED_SPECIMEN,1983-02-19,1983,-71.03333,19.36667,NA,15f819bd-6612-4447-854b-14d12ee1022d,,Botany,25,05,SAN JOSÉ DE LAS MATAS,012505,874c890c5ffffff
https://data.biodiversitydata.nl/naturalis/specimen/U.1293646,2517016071,Cyrilla racemiflora,Cyrilla racemiflora L.,Cyrillaceae,Cyrilla,SPECIES,PRESERVED_SPECIMEN,1985-07-16,1985,-71.16667,19.31667,NA,15f819bd-6612-4447-854b-14d12ee1022d,,Botany,25,05,SAN JOSÉ DE LAS MATAS,012505,874c8972affffff
https://data.biodiversitydata.nl/naturalis/specimen/U.1387291,2515575693,Miconia scalpta,Ossaea scalpta (Vent.) DC.,Melastomataceae,Miconia,SPECIES,PRESERVED_SPECIMEN,1988-05-25,1988,-71.15,19.3,NA,15f819bd-6612-4447-854b-14d12ee1022d,,Botany,25,05,SAN JOSÉ DE LAS MATAS,012505,874c8972bffffff
https://data.biodiversitydata.nl/naturalis/specimen/U.1439310,2515588575,Eugenia domingensis,Eugenia domingensis O.Berg,Myrtaceae,Eugenia,SPECIES,PRESERVED_SPECIMEN,1988-05-25,1988,-71.15,19.3,NA,15f819bd-6612-4447-854b-14d12ee1022d,,Botany,25,05,SAN JOSÉ DE LAS MATAS,012505,874c8972bffffff
https://data.biodiversitydata.nl/naturalis/specimen/U.1452536,2517495965,Pimenta racemosa,Pimenta racemosa var. ozua (Urb. & Ekman) Landrum,Myrtaceae,Pimenta,VARIETY,PRESERVED_SPECIMEN,1985-07-16,1985,-71.16667,19.3,NA,15f819bd-6612-4447-854b-14d12ee1022d,,Botany,25,05,SAN JOSÉ DE LAS MATAS,012505,874c8970cffffff
https://data.biodiversitydata.nl/naturalis/specimen/U.1452537,2517477909,Pimenta racemosa,Pimenta racemosa var. ozua (Urb. & Ekman) Landrum,Myrtaceae,Pimenta,VARIETY,PRESERVED_SPECIMEN,1985-07-16,1985,-71.16667,19.3,NA,15f819bd-6612-4447-854b-14d12ee1022d,,Botany,25,05,SAN JOSÉ DE LAS MATAS,012505,874c8970cffffff
https://data.biodiversitydata.nl/naturalis/specimen/U.1452538,2515600372,Pimenta racemosa,Pimenta racemosa var. ozua (Urb. & Ekman) Landrum,Myrtaceae,Pimenta,VARIETY,PRESERVED_SPECIMEN,1988-05-25,1988,-71.13333,19.28333,NA,15f819bd-6612-4447-854b-14d12ee1022d,,Botany,25,05,SAN JOSÉ DE LAS MATAS,012505,874c8970dffffff
https://data.biodiversitydata.nl/naturalis/specimen/U.1453613,2515451583,Chionanthus domingensis,Chionanthus domingensis Lam.Tabl.,Oleaceae,Chionanthus,SPECIES,PRESERVED_SPECIMEN,1985-07-16,1985,-71.13333,19.28333,NA,15f819bd-6612-4447-854b-14d12ee1022d,,Botany,25,05,SAN JOSÉ DE LAS MATAS,012505,874c8970dffffff
https://data.biodiversitydata.nl/naturalis/specimen/U.1453614,2515388410,Chionanthus domingensis,Chionanthus domingensis Lam.Tabl.,Oleaceae,Chionanthus,SPECIES,PRESERVED_SPECIMEN,1985-07-16,1985,-71.13333,19.28333,NA,15f819bd-6612-4447-854b-14d12ee1022d,,Botany,25,05,SAN JOSÉ DE LAS MATAS,012505,874c8970dffffff
https://data.biodiversitydata.nl/naturalis/specimen/U.1565328,2517110028,Exostema longiflorum,Exostema longiflorum (Lamb.) Roem. & Schult.,Rubiaceae,Exostema,SPECIES,PRESERVED_SPECIMEN,1985-01-16,1985,-71.16667,19.31667,NA,15f819bd-6612-4447-854b-14d12ee1022d,,Botany,25,05,SAN JOSÉ DE LAS MATAS,012505,874c8972affffff
https://data.biodiversitydata.nl/naturalis/specimen/U.1565329,2515606551,Exostema longiflorum,Exostema longiflorum (Lamb.) Roem. & Schult.,Rubiaceae,Exostema,SPECIES,PRESERVED_SPECIMEN,1985-01-16,1985,-71.16667,19.31667,NA,15f819bd-6612-4447-854b-14d12ee1022d,,Botany,25,05,SAN JOSÉ DE LAS MATAS,012505,874c8972affffff
https://data.biodiversitydata.nl/naturalis/specimen/U.1570476,2517564734,Coccocypselum herbaceum,Coccocypselum herbaceum P.Browne ex Aubl.,Rubiaceae,Coccocypselum,SPECIES,PRESERVED_SPECIMEN,1985-07-16,1985,-71.13333,19.28333,NA,15f819bd-6612-4447-854b-14d12ee1022d,,Botany,25,05,SAN JOSÉ DE LAS MATAS,012505,874c8970dffffff
https://data.biodiversitydata.nl/naturalis/specimen/U.1577204,2517265805,Rondeletia ovatifolia,Stevensia ovatifolia Urb. & Ekman,Rubiaceae,Rondeletia,SPECIES,PRESERVED_SPECIMEN,1985-07-15,1985,-71.05,19.38333,NA,15f819bd-6612-4447-854b-14d12ee1022d,,Botany,25,05,SAN JOSÉ DE LAS MATAS,012505,874c890e3ffffff
https://data.biodiversitydata.nl/naturalis/specimen/U.1578080,2517251817,Zanthoxylum bifoliolatum,Zanthoxylum bifoliolatum Leonard,Rutaceae,Zanthoxylum,SPECIES,PRESERVED_SPECIMEN,1985-07-16,1985,-71.13333,19.28333,NA,15f819bd-6612-4447-854b-14d12ee1022d,,Botany,25,05,SAN JOSÉ DE LAS MATAS,012505,874c8970dffffff
https://data.biodiversitydata.nl/naturalis/specimen/U.1581767,2517556893,Rondeletia christii,Rondeletia christii Urb.,Rubiaceae,Rondeletia,SPECIES,PRESERVED_SPECIMEN,1985-07-16,1985,-71.2,19.35,NA,15f819bd-6612-4447-854b-14d12ee1022d,,Botany,25,05,SAN JOSÉ DE LAS MATAS,012505,874c89722ffffff
https://data.biodiversitydata.nl/naturalis/specimen/U.1584817,2517564956,Casearia aculeata,Casearia aculeata Jacq.,Salicaceae,Casearia,SPECIES,PRESERVED_SPECIMEN,1988-05-25,1988,-71.125,19.38333,NA,15f819bd-6612-4447-854b-14d12ee1022d,,Botany,25,05,SAN JOSÉ DE LAS MATAS,012505,874c89089ffffff
https://data.biodiversitydata.nl/naturalis/specimen/U.1722337,2517305328,Simarouba glauca,Simarouba glauca DC.,Simaroubaceae,Simarouba,SPECIES,PRESERVED_SPECIMEN,1988-05-25,1988,-71.13333,19.38333,NA,15f819bd-6612-4447-854b-14d12ee1022d,,Botany,25,05,SAN JOSÉ DE LAS MATAS,012505,874c89089ffffff
https://data.biodiversitydata.nl/naturalis/specimen/U.1741894,2517317653,Ternstroemia peduncularis,Ternstroemia peduncularis DC.,Pentaphylacaceae,Ternstroemia,SPECIES,PRESERVED_SPECIMEN,1985-07-16,1985,-71.16667,19.31667,NA,15f819bd-6612-4447-854b-14d12ee1022d,,Botany,25,05,SAN JOSÉ DE LAS MATAS,012505,874c8972affffff
https://herbarium.bgbm.org/object/B200122949,6180245500,Anemia underwoodiana,Anemia underwoodiana Maxon,Anemiaceae,Anemia,SPECIES,PRESERVED_SPECIMEN,1999-12-21,1999,-71.00972,19.35833,NA,85714c48-f762-11e1-a439-00145eb45e9a,B,Herbarium Berolinense,25,05,SAN JOSÉ DE LAS MATAS,012505,874c890e8ffffff
https://herbarium.bgbm.org/object/B200122953,5029331222,Notholaena trichomanoides,Notholaena trichomanoides (L.) Desv.,Pteridaceae,Notholaena,SPECIES,PRESERVED_SPECIMEN,1999-12-21,1999,-71.00972,19.35833,NA,85714c48-f762-11e1-a439-00145eb45e9a,B,Herbarium Berolinense,25,05,SAN JOSÉ DE LAS MATAS,012505,874c890e8ffffff
https://www.inaturalist.org/observations/111448321,3760167010,Melanthera nivea,Melanthera nivea (L.) Small,Asteraceae,Melanthera,SPECIES,HUMAN_OBSERVATION,2022-04-14T15:33:50Z,2022,-71.067321,19.266545,NA,50c9509d-22c7-4a22-a47d-8c48425ef4a7,iNaturalist,Observations,25,05,SAN JOSÉ DE LAS MATAS,012505,874c89762ffffff
https://www.inaturalist.org/observations/111448407,4133880395,Miconia crenata,Miconia crenata (Vahl) Michelang.,Melastomataceae,Miconia,SPECIES,HUMAN_OBSERVATION,2022-04-14T15:32:18Z,2022,-71.067315,19.266541,NA,50c9509d-22c7-4a22-a47d-8c48425ef4a7,iNaturalist,Observations,25,05,SAN JOSÉ DE LAS MATAS,012505,874c89762ffffff
https://www.inaturalist.org/observations/111448593,3759311888,Turnera ulmifolia,Turnera ulmifolia L.,Passifloraceae,Turnera,SPECIES,HUMAN_OBSERVATION,2022-04-14T15:28:51Z,2022,-71.067233,19.266641,NA,50c9509d-22c7-4a22-a47d-8c48425ef4a7,iNaturalist,Observations,25,05,SAN JOSÉ DE LAS MATAS,012505,874c89762ffffff
https://www.inaturalist.org/observations/111448888,3858273988,Ruellia blechum,Ruellia blechum L.,Acanthaceae,Ruellia,SPECIES,HUMAN_OBSERVATION,2022-04-14T13:39:34Z,2022,-71.051562,19.272542,NA,50c9509d-22c7-4a22-a47d-8c48425ef4a7,iNaturalist,Observations,25,05,SAN JOSÉ DE LAS MATAS,012505,874c89760ffffff
https://www.inaturalist.org/observations/111693195,4416868386,Phoradendron quadrangulare,Phoradendron quadrangulare (Kunth) Griseb.,Viscaceae,Phoradendron,SPECIES,HUMAN_OBSERVATION,2022-04-16T20:25:26Z,2022,-70.986298,19.345307,NA,50c9509d-22c7-4a22-a47d-8c48425ef4a7,iNaturalist,Observations,25,05,SAN JOSÉ DE LAS MATAS,012505,874c890e9ffffff
https://www.inaturalist.org/observations/119007333,3860487342,Tillandsia usneoides,Tillandsia usneoides (L.) L.,Bromeliaceae,Tillandsia,SPECIES,HUMAN_OBSERVATION,2022-05-27T11:42,2022,-70.984862,19.20517,NA,50c9509d-22c7-4a22-a47d-8c48425ef4a7,iNaturalist,Observations,25,05,SAN JOSÉ DE LAS MATAS,012505,874c892b4ffffff
https://www.inaturalist.org/observations/119007342,4121136429,Dracaena fragrans,Dracaena fragrans (L.) Ker Gawl.,Asparagaceae,Dracaena,SPECIES,HUMAN_OBSERVATION,2022-05-26T16:14,2022,-70.991842,19.196526,4,50c9509d-22c7-4a22-a47d-8c48425ef4a7,iNaturalist,Observations,25,05,SAN JOSÉ DE LAS MATAS,012505,874c892b0ffffff
https://www.inaturalist.org/observations/119007352,4519006511,Pinus caribaea,Pinus caribaea Morelet,Pinaceae,Pinus,SPECIES,HUMAN_OBSERVATION,2022-05-26T17:07,2022,-70.990583,19.19912,NA,50c9509d-22c7-4a22-a47d-8c48425ef4a7,iNaturalist,Observations,25,05,SAN JOSÉ DE LAS MATAS,012505,874c892b0ffffff
https://www.inaturalist.org/observations/119007354,4067366545,Lantana camara,Lantana camara L.,Verbenaceae,Lantana,SPECIES,HUMAN_OBSERVATION,2022-05-26T17:20,2022,-70.99165,19.197917,NA,50c9509d-22c7-4a22-a47d-8c48425ef4a7,iNaturalist,Observations,25,05,SAN JOSÉ DE LAS MATAS,012505,874c892b0ffffff
https://www.inaturalist.org/observations/119007362,4022199543,Kalanchoe houghtonii,Kalanchoe × houghtonii D.B.Ward,Crassulaceae,Kalanchoe,SPECIES,HUMAN_OBSERVATION,2022-05-26T17:33,2022,-70.991747,19.196312,NA,50c9509d-22c7-4a22-a47d-8c48425ef4a7,iNaturalist,Observations,25,05,SAN JOSÉ DE LAS MATAS,012505,874c892b0ffffff
https://www.inaturalist.org/observations/129315054,5237516326,Hypericum fuertesii,Hypericum fuertesii Urb.,Hypericaceae,Hypericum,SPECIES,HUMAN_OBSERVATION,2022-07-31T09:21:32,2022,-70.995217,19.027463,9,50c9509d-22c7-4a22-a47d-8c48425ef4a7,iNaturalist,Observations,25,05,SAN JOSÉ DE LAS MATAS,012505,874cd6915ffffff
https://www.inaturalist.org/observations/129341864,6159568233,Cynoglossum amabile,Cynoglossum amabile Stapf & J.R.Drumm.,Boraginaceae,Cynoglossum,SPECIES,HUMAN_OBSERVATION,2022-07-31T10:31:22,2022,-70.985944,19.036017,9,50c9509d-22c7-4a22-a47d-8c48425ef4a7,iNaturalist,Observations,25,05,SAN JOSÉ DE LAS MATAS,012505,874cd6906ffffff
https://www.inaturalist.org/observations/131678837,3903276456,Punica granatum,Punica granatum L.,Lythraceae,Punica,SPECIES,HUMAN_OBSERVATION,2022-08-20,2022,-70.950556,19.074486,2050,50c9509d-22c7-4a22-a47d-8c48425ef4a7,iNaturalist,Observations,25,05,SAN JOSÉ DE LAS MATAS,012505,874cd6926ffffff
https://www.inaturalist.org/observations/131845262,3902375557,Epidendrum radicans,Epidendrum radicans Pav. ex Lindl.,Orchidaceae,Epidendrum,SPECIES,HUMAN_OBSERVATION,2022-08-21T18:09:37,2022,-70.916626,19.328171,485,50c9509d-22c7-4a22-a47d-8c48425ef4a7,iNaturalist,Observations,25,05,SAN JOSÉ DE LAS MATAS,012505,874c893a4ffffff
https://www.inaturalist.org/observations/131845985,3902775617,Megaskepasma erythrochlamys,Megaskepasma erythrochlamys Lindau,Acanthaceae,Megaskepasma,SPECIES,HUMAN_OBSERVATION,2022-08-21T18:14:21,2022,-70.90733,19.325424,581,50c9509d-22c7-4a22-a47d-8c48425ef4a7,iNaturalist,Observations,25,05,SAN JOSÉ DE LAS MATAS,012505,874c893a5ffffff
https://www.inaturalist.org/observations/131846260,3902376329,Thunbergia alata,Thunbergia alata Bojer ex Sims,Acanthaceae,Thunbergia,SPECIES,HUMAN_OBSERVATION,2022-08-21T18:04:39,2022,-70.90653,19.325514,460,50c9509d-22c7-4a22-a47d-8c48425ef4a7,iNaturalist,Observations,25,05,SAN JOSÉ DE LAS MATAS,012505,874c893a5ffffff
https://www.inaturalist.org/observations/142399330,3988666630,Psidium guajava,Psidium guajava L.,Myrtaceae,Psidium,SPECIES,HUMAN_OBSERVATION,2022-11-19T17:50:46,2022,-71.071637,19.342569,206,50c9509d-22c7-4a22-a47d-8c48425ef4a7,iNaturalist,Observations,25,05,SAN JOSÉ DE LAS MATAS,012505,874c890c3ffffff
https://www.inaturalist.org/observations/142399521,3988467655,Securidaca virgata,Securidaca virgata Sw.,Polygalaceae,Securidaca,SPECIES,HUMAN_OBSERVATION,2022-11-19T17:39:43,2022,-71.071637,19.342569,206,50c9509d-22c7-4a22-a47d-8c48425ef4a7,iNaturalist,Observations,25,05,SAN JOSÉ DE LAS MATAS,012505,874c890c3ffffff
https://www.inaturalist.org/observations/142404769,3985920443,Centrosema pubescens,Centrosema pubescens Benth.,Fabaceae,Centrosema,SPECIES,HUMAN_OBSERVATION,2022-11-19T17:49:26,2022,-71.074645,19.340602,177,50c9509d-22c7-4a22-a47d-8c48425ef4a7,iNaturalist,Observations,25,05,SAN JOSÉ DE LAS MATAS,012505,874c890dcffffff
https://www.inaturalist.org/observations/144028651,4014989671,Malpighia emarginata,Malpighia emarginata DC.,Malpighiaceae,Malpighia,SPECIES,HUMAN_OBSERVATION,2022-12-09T17:09:40,2022,-70.986225,19.345208,NA,50c9509d-22c7-4a22-a47d-8c48425ef4a7,iNaturalist,Observations,25,05,SAN JOSÉ DE LAS MATAS,012505,874c890e9ffffff
https://www.inaturalist.org/observations/148874775,4126855114,Centratherum punctatum,Centratherum punctatum Cass.,Asteraceae,Centratherum,SPECIES,HUMAN_OBSERVATION,2023-01-30T14:21:44,2023,-71.10479,19.300262,NA,50c9509d-22c7-4a22-a47d-8c48425ef4a7,iNaturalist,Observations,25,05,SAN JOSÉ DE LAS MATAS,012505,874c89774ffffff
https://www.inaturalist.org/observations/149056230,4067177713,Borreria remota,Spermacoce remota Lam.,Rubiaceae,Borreria,SPECIES,HUMAN_OBSERVATION,2023-02-18,2023,-70.986006,19.343179,19,50c9509d-22c7-4a22-a47d-8c48425ef4a7,iNaturalist,Observations,25,05,SAN JOSÉ DE LAS MATAS,012505,874c890e9ffffff
https://www.inaturalist.org/observations/149056685,4039379215,Turnera ulmifolia,Turnera ulmifolia L.,Passifloraceae,Turnera,SPECIES,HUMAN_OBSERVATION,2023-02-18T13:59:09,2023,-70.985775,19.343622,NA,50c9509d-22c7-4a22-a47d-8c48425ef4a7,iNaturalist,Observations,25,05,SAN JOSÉ DE LAS MATAS,012505,874c890e9ffffff
https://www.inaturalist.org/observations/149056862,4067192702,Plumbago zeylanica,Plumbago zeylanica L.,Plumbaginaceae,Plumbago,SPECIES,HUMAN_OBSERVATION,2023-02-18T13:58:13,2023,-70.985781,19.343619,NA,50c9509d-22c7-4a22-a47d-8c48425ef4a7,iNaturalist,Observations,25,05,SAN JOSÉ DE LAS MATAS,012505,874c890e9ffffff
https://www.inaturalist.org/observations/149056917,4868006497,Stigmaphyllon emarginatum,Stigmaphyllon emarginatum (Cav.) A.Juss.,Malpighiaceae,Stigmaphyllon,SPECIES,HUMAN_OBSERVATION,2023-02-18T13:55:15,2023,-70.985889,19.343558,NA,50c9509d-22c7-4a22-a47d-8c48425ef4a7,iNaturalist,Observations,25,05,SAN JOSÉ DE LAS MATAS,012505,874c890e9ffffff
https://www.inaturalist.org/observations/150383423,4126786186,Zinnia elegans,Zinnia elegans Jacq.,Asteraceae,Zinnia,SPECIES,HUMAN_OBSERVATION,2023-02-18T08:19:47,2023,-71.085625,19.288754,NA,50c9509d-22c7-4a22-a47d-8c48425ef4a7,iNaturalist,Observations,25,05,SAN JOSÉ DE LAS MATAS,012505,874c89775ffffff
https://www.inaturalist.org/observations/150952929,4062727125,Tolumnia variegata,Tolumnia variegata (Sw.) Braem,Orchidaceae,Tolumnia,SPECIES,HUMAN_OBSERVATION,2023-03-12T14:36:25,2023,-70.98575,19.343644,NA,50c9509d-22c7-4a22-a47d-8c48425ef4a7,iNaturalist,Observations,25,05,SAN JOSÉ DE LAS MATAS,012505,874c890e9ffffff
https://www.inaturalist.org/observations/150961253,4062551096,Anacardium occidentale,Anacardium occidentale L.,Anacardiaceae,Anacardium,SPECIES,HUMAN_OBSERVATION,2023-03-12T15:57:52,2023,-70.997197,19.34105,NA,50c9509d-22c7-4a22-a47d-8c48425ef4a7,iNaturalist,Observations,25,05,SAN JOSÉ DE LAS MATAS,012505,874c890ebffffff
https://www.inaturalist.org/observations/150961485,4062888175,Macroptilium lathyroides,Macroptilium lathyroides (L.) Urb.,Fabaceae,Macroptilium,SPECIES,HUMAN_OBSERVATION,2023-03-12T15:55:46,2023,-70.997156,19.340328,NA,50c9509d-22c7-4a22-a47d-8c48425ef4a7,iNaturalist,Observations,25,05,SAN JOSÉ DE LAS MATAS,012505,874c890ebffffff
https://www.inaturalist.org/observations/150961738,4062691190,Triumfetta semitriloba,Triumfetta semitriloba Jacq.,Malvaceae,Triumfetta,SPECIES,HUMAN_OBSERVATION,2023-03-12T15:53:46,2023,-70.997203,19.340875,NA,50c9509d-22c7-4a22-a47d-8c48425ef4a7,iNaturalist,Observations,25,05,SAN JOSÉ DE LAS MATAS,012505,874c890ebffffff
https://www.inaturalist.org/observations/150961978,4062709155,Melinis repens,Melinis repens (Willd.) Zizka,Poaceae,Melinis,SPECIES,HUMAN_OBSERVATION,2023-03-12T15:51:16,2023,-70.997225,19.340983,NA,50c9509d-22c7-4a22-a47d-8c48425ef4a7,iNaturalist,Observations,25,05,SAN JOSÉ DE LAS MATAS,012505,874c890ebffffff
https://www.inaturalist.org/observations/150962199,4067246789,Bothriochloa pertusa,Bothriochloa pertusa (L.) A.Camus,Poaceae,Bothriochloa,SPECIES,HUMAN_OBSERVATION,2023-03-12T15:52:50,2023,-70.997181,19.341019,NA,50c9509d-22c7-4a22-a47d-8c48425ef4a7,iNaturalist,Observations,25,05,SAN JOSÉ DE LAS MATAS,012505,874c890ebffffff
https://www.inaturalist.org/observations/150962402,4062657138,Solanum torvum,Solanum torvum Sw.,Solanaceae,Solanum,SPECIES,HUMAN_OBSERVATION,2023-03-12T15:50:02,2023,-70.997183,19.341031,NA,50c9509d-22c7-4a22-a47d-8c48425ef4a7,iNaturalist,Observations,25,05,SAN JOSÉ DE LAS MATAS,012505,874c890ebffffff
https://www.inaturalist.org/observations/153768782,4080546947,Clusia rosea,Clusia rosea Jacq.,Clusiaceae,Clusia,SPECIES,HUMAN_OBSERVATION,2023-04-06T10:54,2023,-70.924514,19.288679,210,50c9509d-22c7-4a22-a47d-8c48425ef4a7,iNaturalist,Observations,25,05,SAN JOSÉ DE LAS MATAS,012505,874c89385ffffff
https://www.inaturalist.org/observations/153768785,4126695025,Syzygium malaccense,Syzygium malaccense (L.) Merr. & L.M.Perry,Myrtaceae,Syzygium,SPECIES,HUMAN_OBSERVATION,2023-04-06T10:54,2023,-70.924514,19.288679,210,50c9509d-22c7-4a22-a47d-8c48425ef4a7,iNaturalist,Observations,25,05,SAN JOSÉ DE LAS MATAS,012505,874c89385ffffff
https://www.inaturalist.org/observations/153768794,4080458878,Thunbergia alata,Thunbergia alata Bojer ex Sims,Acanthaceae,Thunbergia,SPECIES,HUMAN_OBSERVATION,2023-04-06T10:54,2023,-70.924514,19.288679,210,50c9509d-22c7-4a22-a47d-8c48425ef4a7,iNaturalist,Observations,25,05,SAN JOSÉ DE LAS MATAS,012505,874c89385ffffff
https://www.inaturalist.org/observations/153770058,4080934991,Hura crepitans,Hura crepitans L.,Euphorbiaceae,Hura,SPECIES,HUMAN_OBSERVATION,2023-04-06T12:20,2023,-70.928214,19.338401,212,50c9509d-22c7-4a22-a47d-8c48425ef4a7,iNaturalist,Observations,25,05,SAN JOSÉ DE LAS MATAS,012505,874c89059ffffff
https://www.inaturalist.org/observations/153770059,4080930962,Hura crepitans,Hura crepitans L.,Euphorbiaceae,Hura,SPECIES,HUMAN_OBSERVATION,2023-04-06T12:20,2023,-70.928214,19.338401,212,50c9509d-22c7-4a22-a47d-8c48425ef4a7,iNaturalist,Observations,25,05,SAN JOSÉ DE LAS MATAS,012505,874c89059ffffff
https://www.inaturalist.org/observations/153770062,4091724565,Hyptis capitata,Hyptis capitata Jacq.,Lamiaceae,Hyptis,SPECIES,HUMAN_OBSERVATION,2023-04-06T12:20,2023,-70.928214,19.338401,212,50c9509d-22c7-4a22-a47d-8c48425ef4a7,iNaturalist,Observations,25,05,SAN JOSÉ DE LAS MATAS,012505,874c89059ffffff
https://www.inaturalist.org/observations/153770064,4091626576,Crescentia cujete,Crescentia cujete L.,Bignoniaceae,Crescentia,SPECIES,HUMAN_OBSERVATION,2023-04-06T12:20,2023,-70.928214,19.338401,212,50c9509d-22c7-4a22-a47d-8c48425ef4a7,iNaturalist,Observations,25,05,SAN JOSÉ DE LAS MATAS,012505,874c89059ffffff
https://www.inaturalist.org/observations/155008468,4096537629,Passiflora sexflora,Passiflora sexflora Juss.,Passifloraceae,Passiflora,SPECIES,HUMAN_OBSERVATION,2022-12-03T12:10:21,2022,-70.98245,19.235122,NA,50c9509d-22c7-4a22-a47d-8c48425ef4a7,iNaturalist,Observations,25,05,SAN JOSÉ DE LAS MATAS,012505,874c8939affffff
https://www.inaturalist.org/observations/155634918,4096731856,Tillandsia fasciculata,Tillandsia fasciculata Sw.,Bromeliaceae,Tillandsia,SPECIES,HUMAN_OBSERVATION,2023-03-19T08:26,2023,-70.959101,19.333317,176,50c9509d-22c7-4a22-a47d-8c48425ef4a7,iNaturalist,Observations,25,05,SAN JOSÉ DE LAS MATAS,012505,874c893b4ffffff
https://www.inaturalist.org/observations/158667329,4102874207,Lantana camara,Lantana camara L.,Verbenaceae,Lantana,SPECIES,HUMAN_OBSERVATION,2023-05-01T06:37:17,2023,-70.990802,19.338846,296,50c9509d-22c7-4a22-a47d-8c48425ef4a7,iNaturalist,Observations,25,05,SAN JOSÉ DE LAS MATAS,012505,874c893b6ffffff
https://www.inaturalist.org/observations/158674073,4103436330,Centrosema virginianum,Centrosema virginianum (L.) Benth.,Fabaceae,Centrosema,SPECIES,HUMAN_OBSERVATION,2023-05-01T06:33:21,2023,-70.995955,19.342121,227,50c9509d-22c7-4a22-a47d-8c48425ef4a7,iNaturalist,Observations,25,05,SAN JOSÉ DE LAS MATAS,012505,874c890e9ffffff
https://www.inaturalist.org/observations/158840207,4103484359,Cupania americana,Cupania americana L.,Sapindaceae,Cupania,SPECIES,HUMAN_OBSERVATION,2023-04-29T11:59,2023,-71.028006,19.373214,210,50c9509d-22c7-4a22-a47d-8c48425ef4a7,iNaturalist,Observations,25,05,SAN JOSÉ DE LAS MATAS,012505,874c890eeffffff
https://www.inaturalist.org/observations/159290305,4111678782,Pinus caribaea,Pinus caribaea Morelet,Pinaceae,Pinus,SPECIES,HUMAN_OBSERVATION,2012-05-11T23:33,2012,-70.934324,19.307252,215,50c9509d-22c7-4a22-a47d-8c48425ef4a7,iNaturalist,Observations,25,05,SAN JOSÉ DE LAS MATAS,012505,874c893a2ffffff
https://www.inaturalist.org/observations/166876330,4952525490,Pteris ensiformis,Pteris ensiformis var. victoriae Baker,Pteridaceae,Pteris,VARIETY,HUMAN_OBSERVATION,2023-06-11T14:53:19,2023,-70.983833,19.346953,NA,50c9509d-22c7-4a22-a47d-8c48425ef4a7,iNaturalist,Observations,25,05,SAN JOSÉ DE LAS MATAS,012505,874c890e9ffffff
https://www.inaturalist.org/observations/166877053,4855318053,Oxalis triangularis,Oxalis triangularis A.St.-Hil.,Oxalidaceae,Oxalis,SPECIES,HUMAN_OBSERVATION,2023-06-11T14:58:38,2023,-70.984258,19.346378,NA,50c9509d-22c7-4a22-a47d-8c48425ef4a7,iNaturalist,Observations,25,05,SAN JOSÉ DE LAS MATAS,012505,874c890e9ffffff
https://www.inaturalist.org/observations/166878359,4134016263,Pentas lanceolata,Pentas lanceolata (Forssk.) Deflers,Rubiaceae,Pentas,SPECIES,HUMAN_OBSERVATION,2023-06-11T14:38:05,2023,-70.984172,19.346411,NA,50c9509d-22c7-4a22-a47d-8c48425ef4a7,iNaturalist,Observations,25,05,SAN JOSÉ DE LAS MATAS,012505,874c890e9ffffff
https://www.inaturalist.org/observations/166878723,5086952063,Dichorisandra thyrsiflora,Dichorisandra thyrsiflora J.C.Mikan,Commelinaceae,Dichorisandra,SPECIES,HUMAN_OBSERVATION,2023-06-11T15:27:50,2023,-70.983831,19.346956,NA,50c9509d-22c7-4a22-a47d-8c48425ef4a7,iNaturalist,Observations,25,05,SAN JOSÉ DE LAS MATAS,012505,874c890e9ffffff
https://www.inaturalist.org/observations/166879278,4413445732,Hoya carnosa,Hoya carnosa (L.fil.) R.Br.,Apocynaceae,Hoya,SPECIES,HUMAN_OBSERVATION,2023-06-11T15:30:59,2023,-70.980128,19.345247,NA,50c9509d-22c7-4a22-a47d-8c48425ef4a7,iNaturalist,Observations,25,05,SAN JOSÉ DE LAS MATAS,012505,874c890e9ffffff
https://www.inaturalist.org/observations/166879390,4453788744,Etlingera elatior,Etlingera elatior (Jack) R.M.Sm.,Zingiberaceae,Etlingera,SPECIES,HUMAN_OBSERVATION,2023-06-11T15:19:56,2023,-70.981611,19.344339,NA,50c9509d-22c7-4a22-a47d-8c48425ef4a7,iNaturalist,Observations,25,05,SAN JOSÉ DE LAS MATAS,012505,874c890e9ffffff
https://www.inaturalist.org/observations/178782720,4400448214,Clusia rosea,Clusia rosea Jacq.,Clusiaceae,Clusia,SPECIES,HUMAN_OBSERVATION,2023-08-16T10:00,2023,-70.924514,19.288679,210,50c9509d-22c7-4a22-a47d-8c48425ef4a7,iNaturalist,Observations,25,05,SAN JOSÉ DE LAS MATAS,012505,874c89385ffffff
https://www.inaturalist.org/observations/178782721,4400429085,Yucca aloifolia,Yucca aloifolia L.,Asparagaceae,Yucca,SPECIES,HUMAN_OBSERVATION,2023-08-16T10:00,2023,-70.924514,19.288679,210,50c9509d-22c7-4a22-a47d-8c48425ef4a7,iNaturalist,Observations,25,05,SAN JOSÉ DE LAS MATAS,012505,874c89385ffffff
https://www.inaturalist.org/observations/178782724,4400097856,Momordica charantia,Momordica charantia L.,Cucurbitaceae,Momordica,SPECIES,HUMAN_OBSERVATION,2023-08-16T10:00,2023,-70.924514,19.288679,210,50c9509d-22c7-4a22-a47d-8c48425ef4a7,iNaturalist,Observations,25,05,SAN JOSÉ DE LAS MATAS,012505,874c89385ffffff
https://www.inaturalist.org/observations/178782728,4400073562,Canella winterana,Canella winterana (L.) Gaertn.,Canellaceae,Canella,SPECIES,HUMAN_OBSERVATION,2023-08-16T10:00,2023,-70.924514,19.288679,210,50c9509d-22c7-4a22-a47d-8c48425ef4a7,iNaturalist,Observations,25,05,SAN JOSÉ DE LAS MATAS,012505,874c89385ffffff
https://www.inaturalist.org/observations/188406989,4431198551,Guazuma ulmifolia,Guazuma ulmifolia Lam.,Malvaceae,Guazuma,SPECIES,HUMAN_OBSERVATION,2023-10-21T13:51:04,2023,-70.985689,19.343878,NA,50c9509d-22c7-4a22-a47d-8c48425ef4a7,iNaturalist,Observations,25,05,SAN JOSÉ DE LAS MATAS,012505,874c890e9ffffff
https://www.inaturalist.org/observations/188411521,4436054156,Catalpa longissima,Catalpa longissima (Jacq.) Dum.Cours.,Bignoniaceae,Catalpa,SPECIES,HUMAN_OBSERVATION,2023-10-21T14:36:05,2023,-70.985806,19.343558,NA,50c9509d-22c7-4a22-a47d-8c48425ef4a7,iNaturalist,Observations,25,05,SAN JOSÉ DE LAS MATAS,012505,874c890e9ffffff
https://www.inaturalist.org/observations/190864103,4440811357,Passiflora edulis,Passiflora edulis Sims,Passifloraceae,Passiflora,SPECIES,HUMAN_OBSERVATION,2023-11-12T11:50,2023,-70.930206,19.337662,68,50c9509d-22c7-4a22-a47d-8c48425ef4a7,iNaturalist,Observations,25,05,SAN JOSÉ DE LAS MATAS,012505,874c893a6ffffff
https://www.inaturalist.org/observations/190864112,4440802317,Petiveria alliacea,Petiveria alliacea L.,Petiveriaceae,Petiveria,SPECIES,HUMAN_OBSERVATION,2023-11-12T11:50,2023,-70.930206,19.337662,68,50c9509d-22c7-4a22-a47d-8c48425ef4a7,iNaturalist,Observations,25,05,SAN JOSÉ DE LAS MATAS,012505,874c893a6ffffff
https://www.inaturalist.org/observations/193087701,4510371378,Epipremnum aureum,Epipremnum aureum (Linden & André) G.S.Bunting,Araceae,Epipremnum,SPECIES,HUMAN_OBSERVATION,2023-12-04T11:20,2023,-70.9255,19.288099,101,50c9509d-22c7-4a22-a47d-8c48425ef4a7,iNaturalist,Observations,25,05,SAN JOSÉ DE LAS MATAS,012505,874c89385ffffff
https://www.inaturalist.org/observations/193087710,4458530340,Guazuma ulmifolia,Guazuma ulmifolia Lam.,Malvaceae,Guazuma,SPECIES,HUMAN_OBSERVATION,2023-12-04T11:20,2023,-70.9255,19.288099,101,50c9509d-22c7-4a22-a47d-8c48425ef4a7,iNaturalist,Observations,25,05,SAN JOSÉ DE LAS MATAS,012505,874c89385ffffff
https://www.inaturalist.org/observations/193087713,4458745333,Hippomane mancinella,Hippomane mancinella L.,Euphorbiaceae,Hippomane,SPECIES,HUMAN_OBSERVATION,2023-12-04T11:20,2023,-70.9255,19.288099,101,50c9509d-22c7-4a22-a47d-8c48425ef4a7,iNaturalist,Observations,25,05,SAN JOSÉ DE LAS MATAS,012505,874c89385ffffff
https://www.inaturalist.org/observations/193087716,4512078181,Epipremnum aureum,Epipremnum aureum (Linden & André) G.S.Bunting,Araceae,Epipremnum,SPECIES,HUMAN_OBSERVATION,2023-12-04T11:20,2023,-70.9255,19.288099,101,50c9509d-22c7-4a22-a47d-8c48425ef4a7,iNaturalist,Observations,25,05,SAN JOSÉ DE LAS MATAS,012505,874c89385ffffff
https://www.inaturalist.org/observations/193622991,4465490829,Melochia nodiflora,Melochia nodiflora Sw.,Malvaceae,Melochia,SPECIES,HUMAN_OBSERVATION,2023-12-10T14:37:34,2023,-70.985753,19.34365,NA,50c9509d-22c7-4a22-a47d-8c48425ef4a7,iNaturalist,Observations,25,05,SAN JOSÉ DE LAS MATAS,012505,874c890e9ffffff
https://www.inaturalist.org/observations/193623078,4465726810,Mikania micrantha,Mikania micrantha Kunth,Asteraceae,Mikania,SPECIES,HUMAN_OBSERVATION,2023-12-10T14:35:36,2023,-70.985883,19.343569,NA,50c9509d-22c7-4a22-a47d-8c48425ef4a7,iNaturalist,Observations,25,05,SAN JOSÉ DE LAS MATAS,012505,874c890e9ffffff
https://www.inaturalist.org/observations/195493521,4507950248,Phoradendron quadrangulare,Phoradendron quadrangulare (Kunth) Griseb.,Viscaceae,Phoradendron,SPECIES,HUMAN_OBSERVATION,2024-01-01T15:36:02,2024,-70.992446,19.344718,11,50c9509d-22c7-4a22-a47d-8c48425ef4a7,iNaturalist,Observations,25,05,SAN JOSÉ DE LAS MATAS,012505,874c890e9ffffff
https://www.inaturalist.org/observations/197826059,4516896073,Indigofera tinctoria,Indigofera tinctoria L.,Fabaceae,Indigofera,SPECIES,HUMAN_OBSERVATION,2024-01-28T16:13:59,2024,-70.985703,19.343114,NA,50c9509d-22c7-4a22-a47d-8c48425ef4a7,iNaturalist,Observations,25,05,SAN JOSÉ DE LAS MATAS,012505,874c890e9ffffff
https://www.inaturalist.org/observations/197826624,4516579174,Talinum paniculatum,Talinum paniculatum (Jacq.) Gaertn.,Talinaceae,Talinum,SPECIES,HUMAN_OBSERVATION,2024-01-28T16:12:43,2024,-70.985853,19.343042,NA,50c9509d-22c7-4a22-a47d-8c48425ef4a7,iNaturalist,Observations,25,05,SAN JOSÉ DE LAS MATAS,012505,874c890e9ffffff
https://www.inaturalist.org/observations/197827077,4516598212,Corchorus hirsutus,Corchorus hirsutus L.,Malvaceae,Corchorus,SPECIES,HUMAN_OBSERVATION,2024-01-28T16:08:40,2024,-70.985769,19.343564,NA,50c9509d-22c7-4a22-a47d-8c48425ef4a7,iNaturalist,Observations,25,05,SAN JOSÉ DE LAS MATAS,012505,874c890e9ffffff
https://www.inaturalist.org/observations/197827157,4516847085,Kalanchoe pinnata,Kalanchoe pinnata (Lam.) Pers.,Crassulaceae,Kalanchoe,SPECIES,HUMAN_OBSERVATION,2024-01-28T16:02:55,2024,-70.977156,19.344572,NA,50c9509d-22c7-4a22-a47d-8c48425ef4a7,iNaturalist,Observations,25,05,SAN JOSÉ DE LAS MATAS,012505,874c890e9ffffff
https://www.inaturalist.org/observations/197827229,4516896086,Malvastrum coromandelianum,Malvastrum coromandelianum (L.) Garcke,Malvaceae,Malvastrum,SPECIES,HUMAN_OBSERVATION,2024-01-28T16:01:54,2024,-70.983469,19.345608,NA,50c9509d-22c7-4a22-a47d-8c48425ef4a7,iNaturalist,Observations,25,05,SAN JOSÉ DE LAS MATAS,012505,874c890e9ffffff
https://www.inaturalist.org/observations/197827318,4516954062,Tillandsia recurvata,Tillandsia recurvata (L.) L.,Bromeliaceae,Tillandsia,SPECIES,HUMAN_OBSERVATION,2024-01-28T15:57:11,2024,-70.985792,19.343617,NA,50c9509d-22c7-4a22-a47d-8c48425ef4a7,iNaturalist,Observations,25,05,SAN JOSÉ DE LAS MATAS,012505,874c890e9ffffff
https://www.inaturalist.org/observations/197830350,4519053702,Ayenia insulicola,Ayenia insulicola Cristóbal,Malvaceae,Ayenia,SPECIES,HUMAN_OBSERVATION,2024-01-28T16:05:28,2024,-70.985864,19.343525,NA,50c9509d-22c7-4a22-a47d-8c48425ef4a7,iNaturalist,Observations,25,05,SAN JOSÉ DE LAS MATAS,012505,874c890e9ffffff
https://www.inaturalist.org/observations/199745119,4525340796,Lantana trifolia,Lantana trifolia L.,Verbenaceae,Lantana,SPECIES,HUMAN_OBSERVATION,2024-01-29T06:12,2024,-70.928704,19.338296,265,50c9509d-22c7-4a22-a47d-8c48425ef4a7,iNaturalist,Observations,25,05,SAN JOSÉ DE LAS MATAS,012505,874c89059ffffff
https://www.inaturalist.org/observations/199745128,4525285711,Kalanchoe pinnata,Kalanchoe pinnata (Lam.) Pers.,Crassulaceae,Kalanchoe,SPECIES,HUMAN_OBSERVATION,2024-02-17T21:00,2024,-70.928704,19.338296,265,50c9509d-22c7-4a22-a47d-8c48425ef4a7,iNaturalist,Observations,25,05,SAN JOSÉ DE LAS MATAS,012505,874c89059ffffff
https://www.inaturalist.org/observations/199745129,4525222781,Borreria remota,Spermacoce remota Lam.,Rubiaceae,Borreria,SPECIES,HUMAN_OBSERVATION,2024-02-17T20:54,2024,-70.928704,19.338296,265,50c9509d-22c7-4a22-a47d-8c48425ef4a7,iNaturalist,Observations,25,05,SAN JOSÉ DE LAS MATAS,012505,874c89059ffffff
https://www.inaturalist.org/observations/199745135,4525272935,Mangifera indica,Mangifera indica L.,Anacardiaceae,Mangifera,SPECIES,HUMAN_OBSERVATION,2024-02-17T21:27,2024,-70.928704,19.338296,265,50c9509d-22c7-4a22-a47d-8c48425ef4a7,iNaturalist,Observations,25,05,SAN JOSÉ DE LAS MATAS,012505,874c89059ffffff
https://www.inaturalist.org/observations/199745139,4525329743,Inga vera,Inga vera Willd.,Fabaceae,Inga,SPECIES,HUMAN_OBSERVATION,2024-02-17T21:38,2024,-70.928704,19.338296,265,50c9509d-22c7-4a22-a47d-8c48425ef4a7,iNaturalist,Observations,25,05,SAN JOSÉ DE LAS MATAS,012505,874c89059ffffff
https://www.inaturalist.org/observations/199745143,4528282304,Solanum seaforthianum,Solanum seaforthianum Andrews,Solanaceae,Solanum,SPECIES,HUMAN_OBSERVATION,2024-02-17T22:03,2024,-70.928704,19.338296,265,50c9509d-22c7-4a22-a47d-8c48425ef4a7,iNaturalist,Observations,25,05,SAN JOSÉ DE LAS MATAS,012505,874c89059ffffff
https://www.inaturalist.org/observations/199745149,4525278850,Urena lobata,Urena lobata L.,Malvaceae,Urena,SPECIES,HUMAN_OBSERVATION,2024-02-17T22:40,2024,-70.928704,19.338296,265,50c9509d-22c7-4a22-a47d-8c48425ef4a7,iNaturalist,Observations,25,05,SAN JOSÉ DE LAS MATAS,012505,874c89059ffffff
https://www.inaturalist.org/observations/199745150,4525196843,Urena lobata,Urena lobata L.,Malvaceae,Urena,SPECIES,HUMAN_OBSERVATION,2024-02-17T22:43,2024,-70.928704,19.338296,265,50c9509d-22c7-4a22-a47d-8c48425ef4a7,iNaturalist,Observations,25,05,SAN JOSÉ DE LAS MATAS,012505,874c89059ffffff
https://www.inaturalist.org/observations/202362505,5868186799,Poitea campanilla,Poitea campanilla DC.,Fabaceae,Poitea,SPECIES,HUMAN_OBSERVATION,2024-03-05T17:02:02,2024,-70.978946,19.199273,1134,50c9509d-22c7-4a22-a47d-8c48425ef4a7,iNaturalist,Observations,25,05,SAN JOSÉ DE LAS MATAS,012505,874c892b0ffffff
https://www.inaturalist.org/observations/202363109,4597458805,Chaetogastra longifolia,Chaetogastra longifolia (Vahl) DC.,Melastomataceae,Chaetogastra,SPECIES,HUMAN_OBSERVATION,2024-03-05T17:39:39,2024,-70.982103,19.199901,485,50c9509d-22c7-4a22-a47d-8c48425ef4a7,iNaturalist,Observations,25,05,SAN JOSÉ DE LAS MATAS,012505,874c892b0ffffff
https://www.inaturalist.org/observations/202363338,4606573446,Kalanchoe delagoensis,Kalanchoe delagoensis Eckl. & Zeyh.,Crassulaceae,Kalanchoe,SPECIES,HUMAN_OBSERVATION,2024-03-05T17:43:28,2024,-70.979041,19.199153,1134,50c9509d-22c7-4a22-a47d-8c48425ef4a7,iNaturalist,Observations,25,05,SAN JOSÉ DE LAS MATAS,012505,874c892b0ffffff
https://www.inaturalist.org/observations/202363611,4868151232,Pleroma heteromallum,Pleroma heteromallum (D.Don) D.Don,Melastomataceae,Pleroma,SPECIES,HUMAN_OBSERVATION,2024-03-05T18:28:08,2024,-70.9218,19.260882,NA,50c9509d-22c7-4a22-a47d-8c48425ef4a7,iNaturalist,Observations,25,05,SAN JOSÉ DE LAS MATAS,012505,874c89381ffffff
https://www.inaturalist.org/observations/202363773,4597050704,Rubus rosifolius,Rubus rosifolius Sm.,Rosaceae,Rubus,SPECIES,HUMAN_OBSERVATION,2024-03-06T10:13:16,2024,-70.976597,19.17091,NA,50c9509d-22c7-4a22-a47d-8c48425ef4a7,iNaturalist,Observations,25,05,SAN JOSÉ DE LAS MATAS,012505,874c892b3ffffff
https://www.inaturalist.org/observations/202363905,4597488816,Cuphea hyssopifolia,Cuphea hyssopifolia Kunth,Lythraceae,Cuphea,SPECIES,HUMAN_OBSERVATION,2024-03-06T10:58:38,2024,-70.976602,19.170909,NA,50c9509d-22c7-4a22-a47d-8c48425ef4a7,iNaturalist,Observations,25,05,SAN JOSÉ DE LAS MATAS,012505,874c892b3ffffff
https://www.inaturalist.org/observations/204059496,4600179086,Cynoglossum amabile,Cynoglossum amabile Stapf & J.R.Drumm.,Boraginaceae,Cynoglossum,SPECIES,HUMAN_OBSERVATION,2024-03-18T07:21,2024,-70.983668,19.035867,122,50c9509d-22c7-4a22-a47d-8c48425ef4a7,iNaturalist,Observations,25,05,SAN JOSÉ DE LAS MATAS,012505,874cd6906ffffff
https://www.inaturalist.org/observations/204059604,4607248604,Miconia macrocarpa,Miconia macrocarpa subsp. macrocarpa,Melastomataceae,Miconia,SUBSPECIES,HUMAN_OBSERVATION,2024-03-18T07:20,2024,-70.983956,19.035626,61,50c9509d-22c7-4a22-a47d-8c48425ef4a7,iNaturalist,Observations,25,05,SAN JOSÉ DE LAS MATAS,012505,874cd6906ffffff
https://www.inaturalist.org/observations/204060120,4606627841,Miconia selleana,Miconia selleana Urb. & Ekman,Melastomataceae,Miconia,SPECIES,HUMAN_OBSERVATION,2024-03-18T07:03,2024,-70.985099,19.034905,31,50c9509d-22c7-4a22-a47d-8c48425ef4a7,iNaturalist,Observations,25,05,SAN JOSÉ DE LAS MATAS,012505,874cd6906ffffff
https://www.inaturalist.org/observations/204061635,4599873145,Siphocampylus igneus,Siphocampylus igneus Urb.,Campanulaceae,Siphocampylus,SPECIES,HUMAN_OBSERVATION,2024-03-18T05:45,2024,-71.006845,19.03307,31,50c9509d-22c7-4a22-a47d-8c48425ef4a7,iNaturalist,Observations,25,05,SAN JOSÉ DE LAS MATAS,012505,874cd6915ffffff
https://www.inaturalist.org/observations/204787082,4607360442,Tolumnia variegata,Tolumnia variegata (Sw.) Braem,Orchidaceae,Tolumnia,SPECIES,HUMAN_OBSERVATION,2024-03-31T14:56:03,2024,-70.985803,19.3436,NA,50c9509d-22c7-4a22-a47d-8c48425ef4a7,iNaturalist,Observations,25,05,SAN JOSÉ DE LAS MATAS,012505,874c890e9ffffff
https://www.inaturalist.org/observations/204787307,4606842429,Malpighia emarginata,Malpighia emarginata DC.,Malpighiaceae,Malpighia,SPECIES,HUMAN_OBSERVATION,2024-03-31T14:54:48,2024,-70.985836,19.343556,NA,50c9509d-22c7-4a22-a47d-8c48425ef4a7,iNaturalist,Observations,25,05,SAN JOSÉ DE LAS MATAS,012505,874c890e9ffffff
https://www.inaturalist.org/observations/204788064,4607536604,Oxalis corniculata,Oxalis corniculata L.,Oxalidaceae,Oxalis,SPECIES,HUMAN_OBSERVATION,2024-03-31T15:12:32,2024,-70.985792,19.343589,NA,50c9509d-22c7-4a22-a47d-8c48425ef4a7,iNaturalist,Observations,25,05,SAN JOSÉ DE LAS MATAS,012505,874c890e9ffffff
https://www.inaturalist.org/observations/204817093,4607487410,Dendropemon pycnophyllus,Dendropemon pycnophyllus Krug & Urb.,Loranthaceae,Dendropemon,SPECIES,HUMAN_OBSERVATION,2024-03-17T18:57,2024,-71.004818,19.032317,61,50c9509d-22c7-4a22-a47d-8c48425ef4a7,iNaturalist,Observations,25,05,SAN JOSÉ DE LAS MATAS,012505,874cd6915ffffff
https://www.inaturalist.org/observations/210332556,4854818864,Jasminum sambac,Jasminum sambac (L.) Aiton,Oleaceae,Jasminum,SPECIES,HUMAN_OBSERVATION,2024-04-27T14:35:44,2024,-70.985767,19.343578,NA,50c9509d-22c7-4a22-a47d-8c48425ef4a7,iNaturalist,Observations,25,05,SAN JOSÉ DE LAS MATAS,012505,874c890e9ffffff
https://www.inaturalist.org/observations/221719759,4892103146,Pleroma urvilleanum,Pleroma urvilleanum (DC.) P.J.F.Guim. & Michelang.,Melastomataceae,Pleroma,SPECIES,HUMAN_OBSERVATION,2024-06-01T15:50:06,2024,-70.922522,19.209942,2627,50c9509d-22c7-4a22-a47d-8c48425ef4a7,iNaturalist,Observations,25,05,SAN JOSÉ DE LAS MATAS,012505,874c892a4ffffff
https://www.inaturalist.org/observations/221790128,4892117914,Etlingera elatior,Etlingera elatior (Jack) R.M.Sm.,Zingiberaceae,Etlingera,SPECIES,HUMAN_OBSERVATION,2024-06-08T14:18:14,2024,-70.985814,19.343569,NA,50c9509d-22c7-4a22-a47d-8c48425ef4a7,iNaturalist,Observations,25,05,SAN JOSÉ DE LAS MATAS,012505,874c890e9ffffff
https://www.inaturalist.org/observations/221799383,4892250386,Moeroris amara,Phyllanthus amarus Schumach. & Thonn.,Phyllanthaceae,Moeroris,SPECIES,HUMAN_OBSERVATION,2024-06-08T14:25:18,2024,-70.985842,19.343558,NA,50c9509d-22c7-4a22-a47d-8c48425ef4a7,iNaturalist,Observations,25,05,SAN JOSÉ DE LAS MATAS,012505,874c890e9ffffff
https://www.inaturalist.org/observations/221799582,4891631290,Casimiroa edulis,Casimiroa edulis La Llave & Lex.,Rutaceae,Casimiroa,SPECIES,HUMAN_OBSERVATION,2024-06-08T14:28:43,2024,-70.985817,19.343558,NA,50c9509d-22c7-4a22-a47d-8c48425ef4a7,iNaturalist,Observations,25,05,SAN JOSÉ DE LAS MATAS,012505,874c890e9ffffff
https://www.inaturalist.org/observations/221799705,4892209358,Euphorbia heterophylla,Euphorbia heterophylla L.,Euphorbiaceae,Euphorbia,SPECIES,HUMAN_OBSERVATION,2024-06-08T14:29:48,2024,-70.985817,19.343558,NA,50c9509d-22c7-4a22-a47d-8c48425ef4a7,iNaturalist,Observations,25,05,SAN JOSÉ DE LAS MATAS,012505,874c890e9ffffff
https://www.inaturalist.org/observations/227886960,4908469870,Urena procumbens,Urena lobata subsp. sinuata (L.) Borss.Waalk.,Malvaceae,Urena,SUBSPECIES,HUMAN_OBSERVATION,2024-07-06T14:35:16,2024,-71.07094,19.366955,5,50c9509d-22c7-4a22-a47d-8c48425ef4a7,iNaturalist,Observations,25,05,SAN JOSÉ DE LAS MATAS,012505,874c890c6ffffff
https://www.inaturalist.org/observations/227887013,4909179418,Serjania polyphylla,Serjania polyphylla (L.) Poir. ex Steud.,Sapindaceae,Serjania,SPECIES,HUMAN_OBSERVATION,2024-07-06T14:48:54,2024,-71.072355,19.359635,7,50c9509d-22c7-4a22-a47d-8c48425ef4a7,iNaturalist,Observations,25,05,SAN JOSÉ DE LAS MATAS,012505,874c890c2ffffff
https://www.inaturalist.org/observations/227887148,4924032861,Tillandsia schiedeana,Tillandsia schiedeana Steud.,Bromeliaceae,Tillandsia,SPECIES,HUMAN_OBSERVATION,2024-07-06T15:03:02,2024,-71.071963,19.353735,6,50c9509d-22c7-4a22-a47d-8c48425ef4a7,iNaturalist,Observations,25,05,SAN JOSÉ DE LAS MATAS,012505,874c890c2ffffff
https://www.inaturalist.org/observations/227887168,5008105550,Psychotria heterochroa,Psychotria heterochroa Urb.,Rubiaceae,Psychotria,SPECIES,HUMAN_OBSERVATION,2024-07-06T15:06:01,2024,-71.072387,19.352107,9,50c9509d-22c7-4a22-a47d-8c48425ef4a7,iNaturalist,Observations,25,05,SAN JOSÉ DE LAS MATAS,012505,874c890c2ffffff
https://www.inaturalist.org/observations/227887298,6398954529,Stigmaphyllon angulosum,Stigmaphyllon angulosum (L.) A.Juss.,Malpighiaceae,Stigmaphyllon,SPECIES,HUMAN_OBSERVATION,2024-07-06T15:11:35,2024,-71.073093,19.351345,9,50c9509d-22c7-4a22-a47d-8c48425ef4a7,iNaturalist,Observations,25,05,SAN JOSÉ DE LAS MATAS,012505,874c890c2ffffff
https://www.inaturalist.org/observations/227887373,4908123632,Miconia longicollis,Miconia longicollis (Urb. & Cogn.) Judd & Becquer,Melastomataceae,Miconia,SPECIES,HUMAN_OBSERVATION,2024-07-06T15:22:18,2024,-71.075023,19.346857,8,50c9509d-22c7-4a22-a47d-8c48425ef4a7,iNaturalist,Observations,25,05,SAN JOSÉ DE LAS MATAS,012505,874c890c2ffffff
https://www.inaturalist.org/observations/227887490,5167699626,Vitex petitia,Petitia domingensis Jacq.,Lamiaceae,Vitex,SPECIES,HUMAN_OBSERVATION,2024-07-06T15:44:04,2024,-71.069387,19.340395,6,50c9509d-22c7-4a22-a47d-8c48425ef4a7,iNaturalist,Observations,25,05,SAN JOSÉ DE LAS MATAS,012505,874c890c3ffffff
https://www.inaturalist.org/observations/227887576,4908828178,Varronia curassavica,Varronia curassavica Jacq.,Cordiaceae,Varronia,SPECIES,HUMAN_OBSERVATION,2024-07-06T15:55:48,2024,-71.071345,19.338145,8,50c9509d-22c7-4a22-a47d-8c48425ef4a7,iNaturalist,Observations,25,05,SAN JOSÉ DE LAS MATAS,012505,874c890c3ffffff
https://www.inaturalist.org/observations/227887638,4973847556,Mesechites angustifolius,Mesechites angustifolius (Poir.) Miers,Apocynaceae,Mesechites,SPECIES,HUMAN_OBSERVATION,2024-07-06T15:56:53,2024,-71.071415,19.338137,8,50c9509d-22c7-4a22-a47d-8c48425ef4a7,iNaturalist,Observations,25,05,SAN JOSÉ DE LAS MATAS,012505,874c890c3ffffff
https://www.inaturalist.org/observations/227887712,4936341896,Solanum seaforthianum,Solanum seaforthianum Andrews,Solanaceae,Solanum,SPECIES,HUMAN_OBSERVATION,2024-07-06T16:02:08,2024,-71.070368,19.336802,9,50c9509d-22c7-4a22-a47d-8c48425ef4a7,iNaturalist,Observations,25,05,SAN JOSÉ DE LAS MATAS,012505,874c890c3ffffff
https://www.inaturalist.org/observations/227887784,4908924026,Capsicum annuum,Capsicum annuum var. glabriusculum (Dunal) Heiser & Pickersgill,Solanaceae,Capsicum,VARIETY,HUMAN_OBSERVATION,2024-07-06T16:03:19,2024,-71.070342,19.336845,7,50c9509d-22c7-4a22-a47d-8c48425ef4a7,iNaturalist,Observations,25,05,SAN JOSÉ DE LAS MATAS,012505,874c890c3ffffff
https://www.inaturalist.org/observations/227887814,4908516896,Capsicum annuum,Capsicum annuum var. glabriusculum (Dunal) Heiser & Pickersgill,Solanaceae,Capsicum,VARIETY,HUMAN_OBSERVATION,2024-07-06T16:06:45,2024,-71.069693,19.336022,6,50c9509d-22c7-4a22-a47d-8c48425ef4a7,iNaturalist,Observations,25,05,SAN JOSÉ DE LAS MATAS,012505,874c890c3ffffff
https://www.inaturalist.org/observations/227887872,4908733527,Zanthoxylum martinicense,Zanthoxylum martinicense (Lam.) DC.,Rutaceae,Zanthoxylum,SPECIES,HUMAN_OBSERVATION,2024-07-06T16:11:56,2024,-71.06863,19.33496,6,50c9509d-22c7-4a22-a47d-8c48425ef4a7,iNaturalist,Observations,25,05,SAN JOSÉ DE LAS MATAS,012505,874c890c3ffffff
https://www.inaturalist.org/observations/227887889,4908104597,Kalanchoe houghtonii,Kalanchoe × houghtonii D.B.Ward,Crassulaceae,Kalanchoe,SPECIES,HUMAN_OBSERVATION,2024-07-06T16:14:52,2024,-71.069122,19.334123,9,50c9509d-22c7-4a22-a47d-8c48425ef4a7,iNaturalist,Observations,25,05,SAN JOSÉ DE LAS MATAS,012505,874c890ddffffff
https://www.inaturalist.org/observations/227887931,4909061196,Chrysophyllum oliviforme,Chrysophyllum oliviforme L.,Sapotaceae,Chrysophyllum,SPECIES,HUMAN_OBSERVATION,2024-07-06T16:16:04,2024,-71.068745,19.333767,10,50c9509d-22c7-4a22-a47d-8c48425ef4a7,iNaturalist,Observations,25,05,SAN JOSÉ DE LAS MATAS,012505,874c890ddffffff
https://www.inaturalist.org/observations/227887958,4908376304,Citharexylum spinosum,Citharexylum spinosum L.,Verbenaceae,Citharexylum,SPECIES,HUMAN_OBSERVATION,2024-07-06T16:17:14,2024,-71.069205,19.334173,5,50c9509d-22c7-4a22-a47d-8c48425ef4a7,iNaturalist,Observations,25,05,SAN JOSÉ DE LAS MATAS,012505,874c890ddffffff
https://www.inaturalist.org/observations/227887978,4909179420,Jatropha curcas,Jatropha curcas L.,Euphorbiaceae,Jatropha,SPECIES,HUMAN_OBSERVATION,2024-07-06T16:18:04,2024,-71.06908,19.334057,6,50c9509d-22c7-4a22-a47d-8c48425ef4a7,iNaturalist,Observations,25,05,SAN JOSÉ DE LAS MATAS,012505,874c890ddffffff
https://www.inaturalist.org/observations/227887992,4908824699,Cupania americana,Cupania americana L.,Sapindaceae,Cupania,SPECIES,HUMAN_OBSERVATION,2024-07-06T16:18:20,2024,-71.069182,19.333975,4,50c9509d-22c7-4a22-a47d-8c48425ef4a7,iNaturalist,Observations,25,05,SAN JOSÉ DE LAS MATAS,012505,874c890ddffffff
https://www.inaturalist.org/observations/227888143,5007793282,Psychotria heterochroa,Psychotria heterochroa Urb.,Rubiaceae,Psychotria,SPECIES,HUMAN_OBSERVATION,2024-07-06T16:28:13,2024,-71.070275,19.334062,7,50c9509d-22c7-4a22-a47d-8c48425ef4a7,iNaturalist,Observations,25,05,SAN JOSÉ DE LAS MATAS,012505,874c890dcffffff
https://www.inaturalist.org/observations/227888254,4908660105,Miconia laevigata,Miconia laevigata (L.) DC.,Melastomataceae,Miconia,SPECIES,HUMAN_OBSERVATION,2024-07-06T16:31:17,2024,-71.070397,19.334083,4,50c9509d-22c7-4a22-a47d-8c48425ef4a7,iNaturalist,Observations,25,05,SAN JOSÉ DE LAS MATAS,012505,874c890dcffffff
https://www.inaturalist.org/observations/227888413,4908595207,Odontosoria aculeata,Odontosoria aculeata (L.) J.Sm.,Lindsaeaceae,Odontosoria,SPECIES,HUMAN_OBSERVATION,2024-07-06T16:37:58,2024,-71.071105,19.334565,6,50c9509d-22c7-4a22-a47d-8c48425ef4a7,iNaturalist,Observations,25,05,SAN JOSÉ DE LAS MATAS,012505,874c890dcffffff
https://www.inaturalist.org/observations/227888451,5007049332,Psychotria heterochroa,Psychotria heterochroa Urb.,Rubiaceae,Psychotria,SPECIES,HUMAN_OBSERVATION,2024-07-06T16:40:13,2024,-71.071318,19.33448,6,50c9509d-22c7-4a22-a47d-8c48425ef4a7,iNaturalist,Observations,25,05,SAN JOSÉ DE LAS MATAS,012505,874c890dcffffff
https://www.inaturalist.org/observations/227888505,4908104600,Corchorus hirsutus,Corchorus hirsutus L.,Malvaceae,Corchorus,SPECIES,HUMAN_OBSERVATION,2024-07-06T16:46:08,2024,-71.072683,19.334458,8,50c9509d-22c7-4a22-a47d-8c48425ef4a7,iNaturalist,Observations,25,05,SAN JOSÉ DE LAS MATAS,012505,874c890dcffffff
https://www.inaturalist.org/observations/227888551,6235032699,Pterocaulon alopecuroides,Pterocaulon alopecuroides (Lam.) DC.,Asteraceae,Pterocaulon,SPECIES,HUMAN_OBSERVATION,2024-07-06T16:49:29,2024,-71.072842,19.33436,6,50c9509d-22c7-4a22-a47d-8c48425ef4a7,iNaturalist,Observations,25,05,SAN JOSÉ DE LAS MATAS,012505,874c890dcffffff
https://www.inaturalist.org/observations/227888580,4908795710,Miconia crenata,Miconia crenata (Vahl) Michelang.,Melastomataceae,Miconia,SPECIES,HUMAN_OBSERVATION,2024-07-06T16:50:27,2024,-71.072993,19.33424,8,50c9509d-22c7-4a22-a47d-8c48425ef4a7,iNaturalist,Observations,25,05,SAN JOSÉ DE LAS MATAS,012505,874c890dcffffff
https://www.inaturalist.org/observations/227888636,4908723027,Pinochia corymbosa,Pinochia corymbosa (Jacq.) M.E.Endress & B.F.Hansen,Apocynaceae,Pinochia,SPECIES,HUMAN_OBSERVATION,2024-07-06T16:54:52,2024,-71.073923,19.333935,5,50c9509d-22c7-4a22-a47d-8c48425ef4a7,iNaturalist,Observations,25,05,SAN JOSÉ DE LAS MATAS,012505,874c890dcffffff
https://www.inaturalist.org/observations/227888745,4980608223,Psychotria heterochroa,Psychotria heterochroa Urb.,Rubiaceae,Psychotria,SPECIES,HUMAN_OBSERVATION,2024-07-06T17:02:03,2024,-71.073575,19.333325,4,50c9509d-22c7-4a22-a47d-8c48425ef4a7,iNaturalist,Observations,25,05,SAN JOSÉ DE LAS MATAS,012505,874c890dcffffff
https://www.inaturalist.org/observations/227888907,4926320857,Syzygium jambos,Syzygium jambos (L.) Alston,Myrtaceae,Syzygium,SPECIES,HUMAN_OBSERVATION,2024-07-06T17:11:57,2024,-71.073687,19.33207,5,50c9509d-22c7-4a22-a47d-8c48425ef4a7,iNaturalist,Observations,25,05,SAN JOSÉ DE LAS MATAS,012505,874c890dcffffff
https://www.inaturalist.org/observations/227888991,4908784035,Miconia crenata,Miconia crenata (Vahl) Michelang.,Melastomataceae,Miconia,SPECIES,HUMAN_OBSERVATION,2024-07-06T17:33:31,2024,-71.071818,19.331652,5,50c9509d-22c7-4a22-a47d-8c48425ef4a7,iNaturalist,Observations,25,05,SAN JOSÉ DE LAS MATAS,012505,874c890ddffffff
https://www.inaturalist.org/observations/227893206,4908595220,Clusia rosea,Clusia rosea Jacq.,Clusiaceae,Clusia,SPECIES,HUMAN_OBSERVATION,2024-07-06T17:58:18,2024,-71.070507,19.330968,4,50c9509d-22c7-4a22-a47d-8c48425ef4a7,iNaturalist,Observations,25,05,SAN JOSÉ DE LAS MATAS,012505,874c890ddffffff
https://www.inaturalist.org/observations/227893309,6159570784,Serjania seriana,Serjania seriana (L.) Druce,Sapindaceae,Serjania,SPECIES,HUMAN_OBSERVATION,2024-07-06T18:17:27,2024,-71.069753,19.329185,5,50c9509d-22c7-4a22-a47d-8c48425ef4a7,iNaturalist,Observations,25,05,SAN JOSÉ DE LAS MATAS,012505,874c890ddffffff
https://www.inaturalist.org/observations/227893475,4909061210,Oreopanax capitatus,Oreopanax capitatus (Jacq.) Decne. & Planch.,Araliaceae,Oreopanax,SPECIES,HUMAN_OBSERVATION,2024-07-07T06:47:28,2024,-71.069037,19.327318000000002,3,50c9509d-22c7-4a22-a47d-8c48425ef4a7,iNaturalist,Observations,25,05,SAN JOSÉ DE LAS MATAS,012505,874c890ddffffff
https://www.inaturalist.org/observations/227893507,5897074512,Morella cerifera,Morella cerifera (L.) Small,Myricaceae,Morella,SPECIES,HUMAN_OBSERVATION,2024-07-07T06:50:03,2024,-71.069047,19.32729,4,50c9509d-22c7-4a22-a47d-8c48425ef4a7,iNaturalist,Observations,25,05,SAN JOSÉ DE LAS MATAS,012505,874c890ddffffff
https://www.inaturalist.org/observations/227893655,4908974051,Psychotria nervosa,Psychotria nervosa Sw.,Rubiaceae,Psychotria,SPECIES,HUMAN_OBSERVATION,2024-07-07T06:54:37,2024,-71.069065,19.327137,3,50c9509d-22c7-4a22-a47d-8c48425ef4a7,iNaturalist,Observations,25,05,SAN JOSÉ DE LAS MATAS,012505,874c890ddffffff
https://www.inaturalist.org/observations/227893762,5215715490,Pinochia corymbosa,Pinochia corymbosa (Jacq.) M.E.Endress & B.F.Hansen,Apocynaceae,Pinochia,SPECIES,HUMAN_OBSERVATION,2024-07-07T07:09:54,2024,-71.068817,19.326135,3,50c9509d-22c7-4a22-a47d-8c48425ef4a7,iNaturalist,Observations,25,05,SAN JOSÉ DE LAS MATAS,012505,874c890ddffffff
https://www.inaturalist.org/observations/227893845,4908425912,Paullinia pinnata,Paullinia pinnata L.,Sapindaceae,Paullinia,SPECIES,HUMAN_OBSERVATION,2024-07-07T07:15:23,2024,-71.068763,19.326062,6,50c9509d-22c7-4a22-a47d-8c48425ef4a7,iNaturalist,Observations,25,05,SAN JOSÉ DE LAS MATAS,012505,874c890ddffffff
https://www.inaturalist.org/observations/227894079,6400253565,Dodonaea viscosa,Dodonaea viscosa subsp. angustifolia (L.fil.) J.G.West,Sapindaceae,Dodonaea,SUBSPECIES,HUMAN_OBSERVATION,2024-07-07T07:54:45,2024,-71.068822,19.324182,3,50c9509d-22c7-4a22-a47d-8c48425ef4a7,iNaturalist,Observations,25,05,SAN JOSÉ DE LAS MATAS,012505,874c890ddffffff
https://www.inaturalist.org/observations/227894416,4926381102,Palicourea pubescens,Palicourea pubescens (Sw.) Borhidi,Rubiaceae,Palicourea,SPECIES,HUMAN_OBSERVATION,2024-07-07T08:39:25,2024,-71.068418,19.320558,7,50c9509d-22c7-4a22-a47d-8c48425ef4a7,iNaturalist,Observations,25,05,SAN JOSÉ DE LAS MATAS,012505,874c890ddffffff
https://www.inaturalist.org/observations/227894514,4908102280,Tillandsia usneoides,Tillandsia usneoides (L.) L.,Bromeliaceae,Tillandsia,SPECIES,HUMAN_OBSERVATION,2024-07-07T08:52:34,2024,-71.068448,19.319422,2,50c9509d-22c7-4a22-a47d-8c48425ef4a7,iNaturalist,Observations,25,05,SAN JOSÉ DE LAS MATAS,012505,874c890ddffffff
https://www.inaturalist.org/observations/227894533,4908454539,Miconia stenobotrys,Miconia stenobotrys (Rich.) Naudin,Melastomataceae,Miconia,SPECIES,HUMAN_OBSERVATION,2024-07-07T08:53:09,2024,-71.06851,19.319452,7,50c9509d-22c7-4a22-a47d-8c48425ef4a7,iNaturalist,Observations,25,05,SAN JOSÉ DE LAS MATAS,012505,874c890ddffffff
https://www.inaturalist.org/observations/227894663,4909321590,Guazuma ulmifolia,Guazuma ulmifolia Lam.,Malvaceae,Guazuma,SPECIES,HUMAN_OBSERVATION,2024-07-07T09:17:46,2024,-71.068778,19.321023,8,50c9509d-22c7-4a22-a47d-8c48425ef4a7,iNaturalist,Observations,25,05,SAN JOSÉ DE LAS MATAS,012505,874c890ddffffff
https://www.inaturalist.org/observations/227899891,4909061219,Spondias mombin,Spondias mombin Jacq.,Anacardiaceae,Spondias,SPECIES,HUMAN_OBSERVATION,2024-07-07T09:27:45,2024,-71.068488,19.321635,5,50c9509d-22c7-4a22-a47d-8c48425ef4a7,iNaturalist,Observations,25,05,SAN JOSÉ DE LAS MATAS,012505,874c890ddffffff
https://www.inaturalist.org/observations/227911041,4908081792,Cupania americana,Cupania americana L.,Sapindaceae,Cupania,SPECIES,HUMAN_OBSERVATION,2024-07-07T09:32:35,2024,-71.068585,19.322095,5,50c9509d-22c7-4a22-a47d-8c48425ef4a7,iNaturalist,Observations,25,05,SAN JOSÉ DE LAS MATAS,012505,874c890ddffffff
https://www.inaturalist.org/observations/227911156,4909157546,Vitis tiliifolia,Vitis tiliifolia Humb. & Bonpl. ex Roem. & Schult.,Vitaceae,Vitis,SPECIES,HUMAN_OBSERVATION,2024-07-07T10:35:40,2024,-71.068958,19.326352,9,50c9509d-22c7-4a22-a47d-8c48425ef4a7,iNaturalist,Observations,25,05,SAN JOSÉ DE LAS MATAS,012505,874c890ddffffff
https://www.inaturalist.org/observations/227911214,4909280610,Clusia clusioides,Clusia clusioides (Griseb.) D'Arcy,Clusiaceae,Clusia,SPECIES,HUMAN_OBSERVATION,2024-07-07T11:09:58,2024,-71.071545,19.327977,6,50c9509d-22c7-4a22-a47d-8c48425ef4a7,iNaturalist,Observations,25,05,SAN JOSÉ DE LAS MATAS,012505,874c890ddffffff
https://www.inaturalist.org/observations/227911230,4908067236,Chaetogastra longifolia,Chaetogastra longifolia (Vahl) DC.,Melastomataceae,Chaetogastra,SPECIES,HUMAN_OBSERVATION,2024-07-07T11:12:49,2024,-71.071743,19.327687,8,50c9509d-22c7-4a22-a47d-8c48425ef4a7,iNaturalist,Observations,25,05,SAN JOSÉ DE LAS MATAS,012505,874c890ddffffff
https://www.inaturalist.org/observations/227911329,4908784088,Chrysophyllum oliviforme,Chrysophyllum oliviforme L.,Sapotaceae,Chrysophyllum,SPECIES,HUMAN_OBSERVATION,2024-07-07T12:13:44,2024,-71.074072,19.335903,9,50c9509d-22c7-4a22-a47d-8c48425ef4a7,iNaturalist,Observations,25,05,SAN JOSÉ DE LAS MATAS,012505,874c890dcffffff
https://www.inaturalist.org/observations/227911402,4908301493,Doryopteris pedata,Doryopteris pedata (L.) Fée,Pteridaceae,Doryopteris,SPECIES,HUMAN_OBSERVATION,2024-07-07T12:19:04,2024,-71.074505,19.337007,5,50c9509d-22c7-4a22-a47d-8c48425ef4a7,iNaturalist,Observations,25,05,SAN JOSÉ DE LAS MATAS,012505,874c890dcffffff
https://www.inaturalist.org/observations/227911493,4909208318,Cnidoscolus aconitifolius,Cnidoscolus aconitifolius (Mill.) I.M.Johnst.,Euphorbiaceae,Cnidoscolus,SPECIES,HUMAN_OBSERVATION,2024-07-07T12:26:20,2024,-71.076067,19.338897,6,50c9509d-22c7-4a22-a47d-8c48425ef4a7,iNaturalist,Observations,25,05,SAN JOSÉ DE LAS MATAS,012505,874c890dcffffff
https://www.inaturalist.org/observations/227911525,4908424275,Roystonea borinquena,Roystonea borinquena O.F.Cook,Arecaceae,Roystonea,SPECIES,HUMAN_OBSERVATION,2024-07-07T12:29:49,2024,-71.076862,19.340455,7,50c9509d-22c7-4a22-a47d-8c48425ef4a7,iNaturalist,Observations,25,05,SAN JOSÉ DE LAS MATAS,012505,874c890dcffffff
https://www.inaturalist.org/observations/227911570,4908469925,Trimezia steyermarkii,Trimezia steyermarkii R.C.Foster,Iridaceae,Trimezia,SPECIES,HUMAN_OBSERVATION,2024-07-07T12:33:11,2024,-71.076722,19.342435,6,50c9509d-22c7-4a22-a47d-8c48425ef4a7,iNaturalist,Observations,25,05,SAN JOSÉ DE LAS MATAS,012505,874c890dcffffff
https://www.inaturalist.org/observations/227915797,4908777290,Pavonia fruticosa,Pavonia fruticosa (Mill.) Fawc. & Rendle,Malvaceae,Pavonia,SPECIES,HUMAN_OBSERVATION,2024-07-07T08:10:46,2024,-71.068603,19.322902,6,50c9509d-22c7-4a22-a47d-8c48425ef4a7,iNaturalist,Observations,25,05,SAN JOSÉ DE LAS MATAS,012505,874c890ddffffff
https://www.inaturalist.org/observations/228277141,4908888156,Psidium guajava,Psidium guajava L.,Myrtaceae,Psidium,SPECIES,HUMAN_OBSERVATION,2024-07-06T17:42:39,2024,-71.07132,19.3311,4,50c9509d-22c7-4a22-a47d-8c48425ef4a7,iNaturalist,Observations,25,05,SAN JOSÉ DE LAS MATAS,012505,874c890ddffffff
https://www.inaturalist.org/observations/233339619,4987382955,Gesneria reticulata,Gesneria reticulata (Griseb.) Urb.,Gesneriaceae,Gesneria,SPECIES,HUMAN_OBSERVATION,2024-07-27T09:45:01,2024,-71.002014,19.205545,15,50c9509d-22c7-4a22-a47d-8c48425ef4a7,iNaturalist,Observations,25,05,SAN JOSÉ DE LAS MATAS,012505,874c892b6ffffff
https://www.inaturalist.org/observations/235624066,4926319602,Odontosoria aculeata,Odontosoria aculeata (L.) J.Sm.,Lindsaeaceae,Odontosoria,SPECIES,HUMAN_OBSERVATION,2024-08-13T11:23:06,2024,-70.991463,19.223927,7,50c9509d-22c7-4a22-a47d-8c48425ef4a7,iNaturalist,Observations,25,05,SAN JOSÉ DE LAS MATAS,012505,874c89769ffffff
https://www.inaturalist.org/observations/235624256,4925879301,Syzygium jambos,Syzygium jambos (L.) Alston,Myrtaceae,Syzygium,SPECIES,HUMAN_OBSERVATION,2024-08-13T11:25:53,2024,-70.991447,19.223963,8,50c9509d-22c7-4a22-a47d-8c48425ef4a7,iNaturalist,Observations,25,05,SAN JOSÉ DE LAS MATAS,012505,874c89769ffffff
https://www.inaturalist.org/observations/235624298,4950173881,Palicourea eriantha,Palicourea eriantha DC.,Rubiaceae,Palicourea,SPECIES,HUMAN_OBSERVATION,2024-08-13T11:26:13,2024,-70.991433,19.223908,7,50c9509d-22c7-4a22-a47d-8c48425ef4a7,iNaturalist,Observations,25,05,SAN JOSÉ DE LAS MATAS,012505,874c89769ffffff
https://www.inaturalist.org/observations/235624496,4926326771,Miconia umbellata,Miconia umbellata (Mill.) Judd & Ionta,Melastomataceae,Miconia,SPECIES,HUMAN_OBSERVATION,2024-08-13T11:29:13,2024,-70.99135,19.224013,7,50c9509d-22c7-4a22-a47d-8c48425ef4a7,iNaturalist,Observations,25,05,SAN JOSÉ DE LAS MATAS,012505,874c89769ffffff
https://www.inaturalist.org/observations/235624522,4925930146,Byrsonima lucida,Byrsonima lucida (Mill.) DC.,Malpighiaceae,Byrsonima,SPECIES,HUMAN_OBSERVATION,2024-08-13T11:29:57,2024,-70.991463,19.223965,5,50c9509d-22c7-4a22-a47d-8c48425ef4a7,iNaturalist,Observations,25,05,SAN JOSÉ DE LAS MATAS,012505,874c89769ffffff
https://www.inaturalist.org/observations/235624600,4926158689,Myrsine coriacea,Myrsine coriacea (Sw.) R.Br. ex Roem. & Schult.,Primulaceae,Myrsine,SPECIES,HUMAN_OBSERVATION,2024-08-13T11:32:57,2024,-70.991495,19.224013,4,50c9509d-22c7-4a22-a47d-8c48425ef4a7,iNaturalist,Observations,25,05,SAN JOSÉ DE LAS MATAS,012505,874c89769ffffff
https://www.inaturalist.org/observations/235624642,4926265996,Palicourea berteroana,Palicourea berteroana (DC.) Borhidi,Rubiaceae,Palicourea,SPECIES,HUMAN_OBSERVATION,2024-08-13T11:33:52,2024,-70.991373,19.223945,5,50c9509d-22c7-4a22-a47d-8c48425ef4a7,iNaturalist,Observations,25,05,SAN JOSÉ DE LAS MATAS,012505,874c89769ffffff
https://www.inaturalist.org/observations/235624694,4925923656,Alchornea latifolia,Alchornea latifolia Sw.,Euphorbiaceae,Alchornea,SPECIES,HUMAN_OBSERVATION,2024-08-13T11:35:44,2024,-70.991348,19.223988,5,50c9509d-22c7-4a22-a47d-8c48425ef4a7,iNaturalist,Observations,25,05,SAN JOSÉ DE LAS MATAS,012505,874c89769ffffff
https://www.inaturalist.org/observations/235624722,4926175161,Miconia crotonifolia,Miconia crotonifolia (Desr.) Judd & Ionta,Melastomataceae,Miconia,SPECIES,HUMAN_OBSERVATION,2024-08-13T11:37:51,2024,-70.991372,19.226137,6,50c9509d-22c7-4a22-a47d-8c48425ef4a7,iNaturalist,Observations,25,05,SAN JOSÉ DE LAS MATAS,012505,874c89769ffffff
https://www.inaturalist.org/observations/235624803,4926130620,Varronia dependens,Varronia dependens (Urb. & Ekman) Borhidi,Cordiaceae,Varronia,SPECIES,HUMAN_OBSERVATION,2024-08-13T11:44:05,2024,-70.987028,19.233198,8,50c9509d-22c7-4a22-a47d-8c48425ef4a7,iNaturalist,Observations,25,05,SAN JOSÉ DE LAS MATAS,012505,874c8939affffff
https://www.inaturalist.org/observations/235624843,4925824130,Cyrilla racemiflora,Cyrilla racemiflora L.,Cyrillaceae,Cyrilla,SPECIES,HUMAN_OBSERVATION,2024-08-13T11:45:03,2024,-70.987037,19.233088,7,50c9509d-22c7-4a22-a47d-8c48425ef4a7,iNaturalist,Observations,25,05,SAN JOSÉ DE LAS MATAS,012505,874c8939affffff
https://www.inaturalist.org/observations/235624930,5006734607,Baccharis myrsinites,Baccharis myrsinites Pers.,Asteraceae,Baccharis,SPECIES,HUMAN_OBSERVATION,2024-08-13T11:51:29,2024,-70.984418,19.234165,9,50c9509d-22c7-4a22-a47d-8c48425ef4a7,iNaturalist,Observations,25,05,SAN JOSÉ DE LAS MATAS,012505,874c8939affffff
https://www.inaturalist.org/observations/235625036,4926195539,Myrcia fenzliana,Myrcia fenzliana O.Berg,Myrtaceae,Myrcia,SPECIES,HUMAN_OBSERVATION,2024-08-13T11:54:58,2024,-70.983883,19.234418,8,50c9509d-22c7-4a22-a47d-8c48425ef4a7,iNaturalist,Observations,25,05,SAN JOSÉ DE LAS MATAS,012505,874c8939affffff
https://www.inaturalist.org/observations/235625113,4926119340,Turpinia occidentalis,Turpinia occidentalis (Sw.) G.Don,Staphyleaceae,Turpinia,SPECIES,HUMAN_OBSERVATION,2024-08-13T11:55:59,2024,-70.983653,19.234432,9,50c9509d-22c7-4a22-a47d-8c48425ef4a7,iNaturalist,Observations,25,05,SAN JOSÉ DE LAS MATAS,012505,874c8939affffff
https://www.inaturalist.org/observations/235625190,4925986621,Byrsonima lucida,Byrsonima lucida (Mill.) DC.,Malpighiaceae,Byrsonima,SPECIES,HUMAN_OBSERVATION,2024-08-13T11:57:55,2024,-70.983392,19.234465,6,50c9509d-22c7-4a22-a47d-8c48425ef4a7,iNaturalist,Observations,25,05,SAN JOSÉ DE LAS MATAS,012505,874c8939affffff
https://www.inaturalist.org/observations/235625290,4925900139,Grevillea robusta,Grevillea robusta A.Cunn. ex R.Br.,Proteaceae,Grevillea,SPECIES,HUMAN_OBSERVATION,2024-08-13T12:00:11,2024,-70.983253,19.23449,7,50c9509d-22c7-4a22-a47d-8c48425ef4a7,iNaturalist,Observations,25,05,SAN JOSÉ DE LAS MATAS,012505,874c8939affffff
https://www.inaturalist.org/observations/235625324,4926246455,Cyrilla racemiflora,Cyrilla racemiflora L.,Cyrillaceae,Cyrilla,SPECIES,HUMAN_OBSERVATION,2024-08-13T12:01:08,2024,-70.983217,19.234548,9,50c9509d-22c7-4a22-a47d-8c48425ef4a7,iNaturalist,Observations,25,05,SAN JOSÉ DE LAS MATAS,012505,874c8939affffff
https://www.inaturalist.org/observations/235625362,4925931360,Miconia crotonifolia,Miconia crotonifolia (Desr.) Judd & Ionta,Melastomataceae,Miconia,SPECIES,HUMAN_OBSERVATION,2024-08-13T12:02:12,2024,-70.983057,19.234622,8,50c9509d-22c7-4a22-a47d-8c48425ef4a7,iNaturalist,Observations,25,05,SAN JOSÉ DE LAS MATAS,012505,874c8939affffff
https://www.inaturalist.org/observations/235625388,4925836988,Miconia umbellata,Miconia umbellata (Mill.) Judd & Ionta,Melastomataceae,Miconia,SPECIES,HUMAN_OBSERVATION,2024-08-13T12:02:52,2024,-70.983122,19.234497,9,50c9509d-22c7-4a22-a47d-8c48425ef4a7,iNaturalist,Observations,25,05,SAN JOSÉ DE LAS MATAS,012505,874c8939affffff
https://www.inaturalist.org/observations/235625569,4950380094,Palicourea berteroana,Palicourea berteroana (DC.) Borhidi,Rubiaceae,Palicourea,SPECIES,HUMAN_OBSERVATION,2024-08-13T12:04:52,2024,-70.982927,19.234735,6,50c9509d-22c7-4a22-a47d-8c48425ef4a7,iNaturalist,Observations,25,05,SAN JOSÉ DE LAS MATAS,012505,874c8939affffff
https://www.inaturalist.org/observations/235625695,4926314301,Brunellia comocladifolia,Brunellia comocladifolia subsp. domingensis Cuatrec.,Brunelliaceae,Brunellia,SUBSPECIES,HUMAN_OBSERVATION,2024-08-13T12:06:02,2024,-70.982837,19.234878,8,50c9509d-22c7-4a22-a47d-8c48425ef4a7,iNaturalist,Observations,25,05,SAN JOSÉ DE LAS MATAS,012505,874c8939affffff
https://www.inaturalist.org/observations/235625737,4950290690,Palicourea eriantha,Palicourea eriantha DC.,Rubiaceae,Palicourea,SPECIES,HUMAN_OBSERVATION,2024-08-13T12:06:32,2024,-70.982783,19.234822,7,50c9509d-22c7-4a22-a47d-8c48425ef4a7,iNaturalist,Observations,25,05,SAN JOSÉ DE LAS MATAS,012505,874c8939affffff
https://www.inaturalist.org/observations/235625757,4926065426,Pteridium esculentum,Pteridium arachnoideum (Kaulf.) Maxon,Dennstaedtiaceae,Pteridium,SPECIES,HUMAN_OBSERVATION,2024-08-13T12:07:40,2024,-70.982417,19.235048,5,50c9509d-22c7-4a22-a47d-8c48425ef4a7,iNaturalist,Observations,25,05,SAN JOSÉ DE LAS MATAS,012505,874c8939affffff
https://www.inaturalist.org/observations/235626054,4926108464,Cyrilla racemiflora,Cyrilla racemiflora L.,Cyrillaceae,Cyrilla,SPECIES,HUMAN_OBSERVATION,2024-08-13T12:11:23,2024,-70.982147,19.23532,4,50c9509d-22c7-4a22-a47d-8c48425ef4a7,iNaturalist,Observations,25,05,SAN JOSÉ DE LAS MATAS,012505,874c8939affffff
https://www.inaturalist.org/observations/235626109,4926158695,Rubus rosifolius,Rubus rosifolius Sm.,Rosaceae,Rubus,SPECIES,HUMAN_OBSERVATION,2024-08-13T12:14:04,2024,-70.981642,19.235392,8,50c9509d-22c7-4a22-a47d-8c48425ef4a7,iNaturalist,Observations,25,05,SAN JOSÉ DE LAS MATAS,012505,874c8939affffff
https://www.inaturalist.org/observations/235626492,4926339682,Myrcia fenzliana,Myrcia fenzliana O.Berg,Myrtaceae,Myrcia,SPECIES,HUMAN_OBSERVATION,2024-08-13T12:15:53,2024,-70.98191,19.235238,8,50c9509d-22c7-4a22-a47d-8c48425ef4a7,iNaturalist,Observations,25,05,SAN JOSÉ DE LAS MATAS,012505,874c8939affffff
https://www.inaturalist.org/observations/235626596,4925890246,Oreopanax capitatus,Oreopanax capitatus (Jacq.) Decne. & Planch.,Araliaceae,Oreopanax,SPECIES,HUMAN_OBSERVATION,2024-08-13T12:17:23,2024,-70.982347,19.235013,5,50c9509d-22c7-4a22-a47d-8c48425ef4a7,iNaturalist,Observations,25,05,SAN JOSÉ DE LAS MATAS,012505,874c8939affffff
https://www.inaturalist.org/observations/235626737,5830386206,Miconia miguelfuertesii,Miconia miguelfuertesii Ionta & Judd,Melastomataceae,Miconia,SPECIES,HUMAN_OBSERVATION,2024-08-13T12:29,2024,-70.981088,19.235763,6,50c9509d-22c7-4a22-a47d-8c48425ef4a7,iNaturalist,Observations,25,05,SAN JOSÉ DE LAS MATAS,012505,874c8939affffff
https://www.inaturalist.org/observations/235626808,4926261029,Parablechnum tuerckheimii,Blechnum tuerckheimii Brause,Blechnaceae,Parablechnum,SPECIES,HUMAN_OBSERVATION,2024-08-13T12:29:38,2024,-70.981048,19.2356,6,50c9509d-22c7-4a22-a47d-8c48425ef4a7,iNaturalist,Observations,25,05,SAN JOSÉ DE LAS MATAS,012505,874c8939affffff
https://www.inaturalist.org/observations/235626845,4926154899,Cestrum inclusum,Cestrum inclusum Urb.,Solanaceae,Cestrum,SPECIES,HUMAN_OBSERVATION,2024-08-13T12:31,2024,-70.98118,19.235745,6,50c9509d-22c7-4a22-a47d-8c48425ef4a7,iNaturalist,Observations,25,05,SAN JOSÉ DE LAS MATAS,012505,874c8939affffff
https://www.inaturalist.org/observations/235626965,4926289488,Renealmia jamaicensis,Renealmia jamaicensis (Gaertn.) Horan.,Zingiberaceae,Renealmia,SPECIES,HUMAN_OBSERVATION,2024-08-13T12:34:19,2024,-70.981157,19.235915,4,50c9509d-22c7-4a22-a47d-8c48425ef4a7,iNaturalist,Observations,25,05,SAN JOSÉ DE LAS MATAS,012505,874c8939affffff
https://www.inaturalist.org/observations/235627000,5006964126,Baccharis myrsinites,Baccharis myrsinites Pers.,Asteraceae,Baccharis,SPECIES,HUMAN_OBSERVATION,2024-08-13T12:36:25,2024,-70.981135,19.23597,6,50c9509d-22c7-4a22-a47d-8c48425ef4a7,iNaturalist,Observations,25,05,SAN JOSÉ DE LAS MATAS,012505,874c8939affffff
https://www.inaturalist.org/observations/235627066,4926266853,Palicourea eriantha,Palicourea eriantha DC.,Rubiaceae,Palicourea,SPECIES,HUMAN_OBSERVATION,2024-08-13T12:39:21,2024,-70.980948,19.236257,7,50c9509d-22c7-4a22-a47d-8c48425ef4a7,iNaturalist,Observations,25,05,SAN JOSÉ DE LAS MATAS,012505,874c8939affffff
https://www.inaturalist.org/observations/235627089,4926004834,Lobelia robusta,Lobelia robusta Graham,Campanulaceae,Lobelia,SPECIES,HUMAN_OBSERVATION,2024-08-13T12:40:41,2024,-70.981232,19.236212,6,50c9509d-22c7-4a22-a47d-8c48425ef4a7,iNaturalist,Observations,25,05,SAN JOSÉ DE LAS MATAS,012505,874c8939affffff
https://www.inaturalist.org/observations/235628419,4926017189,Piper umbellatum,Piper umbellatum L.,Piperaceae,Piper,SPECIES,HUMAN_OBSERVATION,2024-08-13T12:43:12,2024,-70.981177,19.236202,5,50c9509d-22c7-4a22-a47d-8c48425ef4a7,iNaturalist,Observations,25,05,SAN JOSÉ DE LAS MATAS,012505,874c8939affffff
https://www.inaturalist.org/observations/235628630,5133432859,Lomaridium fragile,Blechnum fragile (Liebm.) C.V.Morton & Lellinger,Blechnaceae,Lomaridium,SPECIES,HUMAN_OBSERVATION,2024-08-13T12:49:01,2024,-70.981253,19.236933,4,50c9509d-22c7-4a22-a47d-8c48425ef4a7,iNaturalist,Observations,25,05,SAN JOSÉ DE LAS MATAS,012505,874c8939affffff
https://www.inaturalist.org/observations/235629101,4925825963,Turpinia occidentalis,Turpinia occidentalis (Sw.) G.Don,Staphyleaceae,Turpinia,SPECIES,HUMAN_OBSERVATION,2024-08-13T12:52:48,2024,-70.981328,19.23747,4,50c9509d-22c7-4a22-a47d-8c48425ef4a7,iNaturalist,Observations,25,05,SAN JOSÉ DE LAS MATAS,012505,874c8939affffff
https://www.inaturalist.org/observations/235629266,6235619148,Lobelia rotundifolia,Lobelia rotundifolia Juss. ex A.DC.,Campanulaceae,Lobelia,SPECIES,HUMAN_OBSERVATION,2024-08-13T12:55:35,2024,-70.981317,19.237617,5,50c9509d-22c7-4a22-a47d-8c48425ef4a7,iNaturalist,Observations,25,05,SAN JOSÉ DE LAS MATAS,012505,874c8939affffff
https://www.inaturalist.org/observations/235629316,4926375391,Jupunba oppositifolia,Jupunba oppositifolia (Urb.) Britton & Rose,Fabaceae,Jupunba,SPECIES,HUMAN_OBSERVATION,2024-08-13T12:56:54,2024,-70.981387,19.237765,3,50c9509d-22c7-4a22-a47d-8c48425ef4a7,iNaturalist,Observations,25,05,SAN JOSÉ DE LAS MATAS,012505,874c8939affffff
https://www.inaturalist.org/observations/235629359,6422958402,Solanum orthacanthum,Solanum orthacanthum O.E.Schulz,Solanaceae,Solanum,SPECIES,HUMAN_OBSERVATION,2024-08-13T12:58:02,2024,-70.9814,19.237837,2,50c9509d-22c7-4a22-a47d-8c48425ef4a7,iNaturalist,Observations,25,05,SAN JOSÉ DE LAS MATAS,012505,874c8939affffff
https://www.inaturalist.org/observations/235629473,6195460715,Mikania papillosa,Mikania papillosa Klatt,Asteraceae,Mikania,SPECIES,HUMAN_OBSERVATION,2024-08-13T13:01:52,2024,-70.981707,19.238307,4,50c9509d-22c7-4a22-a47d-8c48425ef4a7,iNaturalist,Observations,25,05,SAN JOSÉ DE LAS MATAS,012505,874c8939affffff
https://www.inaturalist.org/observations/235629607,4926048643,Oreopanax capitatus,Oreopanax capitatus (Jacq.) Decne. & Planch.,Araliaceae,Oreopanax,SPECIES,HUMAN_OBSERVATION,2024-08-13T13:08:01,2024,-70.981295,19.237257,3,50c9509d-22c7-4a22-a47d-8c48425ef4a7,iNaturalist,Observations,25,05,SAN JOSÉ DE LAS MATAS,012505,874c8939affffff
https://www.inaturalist.org/observations/235629635,4925873464,Coffea arabica,Coffea arabica L.,Rubiaceae,Coffea,SPECIES,HUMAN_OBSERVATION,2024-08-13T13:08:54,2024,-70.981357,19.237117,6,50c9509d-22c7-4a22-a47d-8c48425ef4a7,iNaturalist,Observations,25,05,SAN JOSÉ DE LAS MATAS,012505,874c8939affffff
https://www.inaturalist.org/observations/235629696,4925851433,Turpinia occidentalis,Turpinia occidentalis (Sw.) G.Don,Staphyleaceae,Turpinia,SPECIES,HUMAN_OBSERVATION,2024-08-13T13:09:43,2024,-70.98143,19.23706,6,50c9509d-22c7-4a22-a47d-8c48425ef4a7,iNaturalist,Observations,25,05,SAN JOSÉ DE LAS MATAS,012505,874c8939affffff
https://www.inaturalist.org/observations/235629725,4925881360,Racinaea tetrantha,Racinaea tetrantha var. caribaea (L.B.Sm.) M.A.Spencer & L.B.Sm.,Bromeliaceae,Racinaea,VARIETY,HUMAN_OBSERVATION,2024-08-13T13:12:17,2024,-70.981283,19.236523,5,50c9509d-22c7-4a22-a47d-8c48425ef4a7,iNaturalist,Observations,25,05,SAN JOSÉ DE LAS MATAS,012505,874c8939affffff
https://www.inaturalist.org/observations/235629755,4925909664,Fuchsia triphylla,Fuchsia triphylla L.,Onagraceae,Fuchsia,SPECIES,HUMAN_OBSERVATION,2024-08-13T13:13:26,2024,-70.981227,19.236287,5,50c9509d-22c7-4a22-a47d-8c48425ef4a7,iNaturalist,Observations,25,05,SAN JOSÉ DE LAS MATAS,012505,874c8939affffff
https://www.inaturalist.org/observations/235629850,4926048645,Passiflora orbiculata,Passiflora orbiculata Cav.,Passifloraceae,Passiflora,SPECIES,HUMAN_OBSERVATION,2024-08-13T13:26,2024,-70.983153,19.234717,6,50c9509d-22c7-4a22-a47d-8c48425ef4a7,iNaturalist,Observations,25,05,SAN JOSÉ DE LAS MATAS,012505,874c8939affffff
https://www.inaturalist.org/observations/235629902,4925900654,Catopsis nitida,Catopsis nitida (Hook.) Griseb.,Bromeliaceae,Catopsis,SPECIES,HUMAN_OBSERVATION,2024-08-13T13:35:38,2024,-70.982748,19.234887,4,50c9509d-22c7-4a22-a47d-8c48425ef4a7,iNaturalist,Observations,25,05,SAN JOSÉ DE LAS MATAS,012505,874c8939affffff
https://www.inaturalist.org/observations/235629973,4926017192,Dichaea glauca,Dichaea glauca (Sw.) Lindl.,Orchidaceae,Dichaea,SPECIES,HUMAN_OBSERVATION,2024-08-13T13:41:42,2024,-70.982803,19.235018,4,50c9509d-22c7-4a22-a47d-8c48425ef4a7,iNaturalist,Observations,25,05,SAN JOSÉ DE LAS MATAS,012505,874c8939affffff
https://www.inaturalist.org/observations/235630013,4926326782,Ocotea leucoxylon,Ocotea leucoxylon (Sw.) Mez,Lauraceae,Ocotea,SPECIES,HUMAN_OBSERVATION,2024-08-13T13:44:53,2024,-70.982852,19.234922,5,50c9509d-22c7-4a22-a47d-8c48425ef4a7,iNaturalist,Observations,25,05,SAN JOSÉ DE LAS MATAS,012505,874c8939affffff
https://www.inaturalist.org/observations/235630052,4926289494,Passiflora sexflora,Passiflora sexflora Juss.,Passifloraceae,Passiflora,SPECIES,HUMAN_OBSERVATION,2024-08-13T13:52:30,2024,-70.98289,19.234745,4,50c9509d-22c7-4a22-a47d-8c48425ef4a7,iNaturalist,Observations,25,05,SAN JOSÉ DE LAS MATAS,012505,874c8939affffff
https://www.inaturalist.org/observations/235630108,4926266012,Mesosphaerum pectinatum,Mesosphaerum pectinatum (L.) Kuntze,Lamiaceae,Mesosphaerum,SPECIES,HUMAN_OBSERVATION,2024-08-13T13:55:06,2024,-70.983458,19.234468,7,50c9509d-22c7-4a22-a47d-8c48425ef4a7,iNaturalist,Observations,25,05,SAN JOSÉ DE LAS MATAS,012505,874c8939affffff
https://www.inaturalist.org/observations/235630121,4925879311,Ipomoea furcyensis,Ipomoea furcyensis Urb.,Convolvulaceae,Ipomoea,SPECIES,HUMAN_OBSERVATION,2024-08-13T13:55:26,2024,-70.983603,19.234452,6,50c9509d-22c7-4a22-a47d-8c48425ef4a7,iNaturalist,Observations,25,05,SAN JOSÉ DE LAS MATAS,012505,874c8939affffff
https://www.inaturalist.org/observations/235630306,4925867924,Trema micranthum,Trema micranthum (L.) Blume,Cannabaceae,Trema,SPECIES,HUMAN_OBSERVATION,2024-08-13T14:22:31,2024,-70.990565,19.228782,7,50c9509d-22c7-4a22-a47d-8c48425ef4a7,iNaturalist,Observations,25,05,SAN JOSÉ DE LAS MATAS,012505,874c8939affffff
https://www.inaturalist.org/observations/235630415,4926308668,Catopsis nitida,Catopsis nitida (Hook.) Griseb.,Bromeliaceae,Catopsis,SPECIES,HUMAN_OBSERVATION,2024-08-13T14:28:39,2024,-70.991022,19.227462,7,50c9509d-22c7-4a22-a47d-8c48425ef4a7,iNaturalist,Observations,25,05,SAN JOSÉ DE LAS MATAS,012505,874c89769ffffff
https://www.inaturalist.org/observations/235630511,4926187239,Racinaea tetrantha,Racinaea tetrantha var. caribaea (L.B.Sm.) M.A.Spencer & L.B.Sm.,Bromeliaceae,Racinaea,VARIETY,HUMAN_OBSERVATION,2024-08-13T14:31:03,2024,-70.991232,19.226882,8,50c9509d-22c7-4a22-a47d-8c48425ef4a7,iNaturalist,Observations,25,05,SAN JOSÉ DE LAS MATAS,012505,874c89769ffffff
https://www.inaturalist.org/observations/235630586,4926366246,Tillandsia schiedeana,Tillandsia schiedeana Steud.,Bromeliaceae,Tillandsia,SPECIES,HUMAN_OBSERVATION,2024-08-13T14:41:32,2024,-70.991545,19.224062,8,50c9509d-22c7-4a22-a47d-8c48425ef4a7,iNaturalist,Observations,25,05,SAN JOSÉ DE LAS MATAS,012505,874c89769ffffff
https://www.inaturalist.org/observations/235630642,4925814216,Rhodopis planisiliqua,Rhodopis planisiliqua (L.) Urb.,Fabaceae,Rhodopis,SPECIES,HUMAN_OBSERVATION,2024-08-13T14:44:03,2024,-70.991425,19.223915,9,50c9509d-22c7-4a22-a47d-8c48425ef4a7,iNaturalist,Observations,25,05,SAN JOSÉ DE LAS MATAS,012505,874c89769ffffff
https://www.inaturalist.org/observations/235630701,5237490402,Hypericum hypericoides,Hypericum hypericoides (L.) Crantz,Hypericaceae,Hypericum,SPECIES,HUMAN_OBSERVATION,2024-08-13T14:49:18,2024,-70.991605,19.223947,6,50c9509d-22c7-4a22-a47d-8c48425ef4a7,iNaturalist,Observations,25,05,SAN JOSÉ DE LAS MATAS,012505,874c89769ffffff
https://www.inaturalist.org/observations/235630742,4926366247,Schistocarpha eupatorioides,Schistocarpha eupatorioides (Fenzl) Kuntze,Asteraceae,Schistocarpha,SPECIES,HUMAN_OBSERVATION,2024-08-12,2024,-70.93745,19.22837,6,50c9509d-22c7-4a22-a47d-8c48425ef4a7,iNaturalist,Observations,25,05,SAN JOSÉ DE LAS MATAS,012505,874c89399ffffff
https://www.inaturalist.org/observations/235635694,4925887618,Jupunba oppositifolia,Jupunba oppositifolia (Urb.) Britton & Rose,Fabaceae,Jupunba,SPECIES,HUMAN_OBSERVATION,2024-08-13T13:34:01,2024,-70.982768,19.23486,2,50c9509d-22c7-4a22-a47d-8c48425ef4a7,iNaturalist,Observations,25,05,SAN JOSÉ DE LAS MATAS,012505,874c8939affffff
https://www.inaturalist.org/observations/240992717,6188627030,Dianthera sessilis,Siphonoglossa sessilis (Jacq.) D.N.Gibson,Acanthaceae,Dianthera,SPECIES,HUMAN_OBSERVATION,2024-09-10T11:18:28,2024,-70.879853,19.441663,3,50c9509d-22c7-4a22-a47d-8c48425ef4a7,iNaturalist,Observations,25,05,SAN JOSÉ DE LAS MATAS,012505,874c89065ffffff
https://www.inaturalist.org/observations/240992796,4945480021,Guaiacum sanctum,Guaiacum sanctum L.,Zygophyllaceae,Guaiacum,SPECIES,HUMAN_OBSERVATION,2024-09-10T11:46:25,2024,-70.90633,19.436262,5,50c9509d-22c7-4a22-a47d-8c48425ef4a7,iNaturalist,Observations,25,05,SAN JOSÉ DE LAS MATAS,012505,874c89060ffffff
https://www.inaturalist.org/observations/240992834,4946583191,Bursera simaruba,Bursera simaruba (L.) Sarg.,Burseraceae,Bursera,SPECIES,HUMAN_OBSERVATION,2024-09-10T11:47:45,2024,-70.906348,19.436222,5,50c9509d-22c7-4a22-a47d-8c48425ef4a7,iNaturalist,Observations,25,05,SAN JOSÉ DE LAS MATAS,012505,874c89060ffffff
https://www.inaturalist.org/observations/240992878,4946052601,Hypelate trifoliata,Hypelate trifoliata Sw.,Sapindaceae,Hypelate,SPECIES,HUMAN_OBSERVATION,2024-09-10T11:57:15,2024,-70.906467,19.43605,4,50c9509d-22c7-4a22-a47d-8c48425ef4a7,iNaturalist,Observations,25,05,SAN JOSÉ DE LAS MATAS,012505,874c89060ffffff
https://www.inaturalist.org/observations/240993193,4946033377,Metopium toxiferum,Metopium toxiferum (L.) Krug & Urb.,Anacardiaceae,Metopium,SPECIES,HUMAN_OBSERVATION,2024-09-10T12:18:28,2024,-70.908632,19.433725,5,50c9509d-22c7-4a22-a47d-8c48425ef4a7,iNaturalist,Observations,25,05,SAN JOSÉ DE LAS MATAS,012505,874c89060ffffff
https://www.inaturalist.org/observations/241009065,4945582434,Myrcianthes fragrans,Myrcianthes fragrans (Sw.) McVaugh,Myrtaceae,Myrcianthes,SPECIES,HUMAN_OBSERVATION,2024-09-10T12:32:32,2024,-70.908067,19.433623,4,50c9509d-22c7-4a22-a47d-8c48425ef4a7,iNaturalist,Observations,25,05,SAN JOSÉ DE LAS MATAS,012505,874c89060ffffff
https://www.inaturalist.org/observations/241009128,4946180686,Passiflora multiflora,Passiflora multiflora L.,Passifloraceae,Passiflora,SPECIES,HUMAN_OBSERVATION,2024-09-10T12:44:16,2024,-70.91091,19.431368,4,50c9509d-22c7-4a22-a47d-8c48425ef4a7,iNaturalist,Observations,25,05,SAN JOSÉ DE LAS MATAS,012505,874c89063ffffff
https://www.inaturalist.org/observations/241010901,6186002882,Schoepfia schreberi,Schoepfia schreberi J.F.Gmel.,Schoepfiaceae,Schoepfia,SPECIES,HUMAN_OBSERVATION,2024-09-10T13:25:46,2024,-70.930098,19.420443,4,50c9509d-22c7-4a22-a47d-8c48425ef4a7,iNaturalist,Observations,25,05,SAN JOSÉ DE LAS MATAS,012505,874c89044ffffff
https://www.inaturalist.org/observations/241010934,4946610518,Tillandsia usneoides,Tillandsia usneoides (L.) L.,Bromeliaceae,Tillandsia,SPECIES,HUMAN_OBSERVATION,2024-09-10T13:29:38,2024,-70.93117,19.419327,3,50c9509d-22c7-4a22-a47d-8c48425ef4a7,iNaturalist,Observations,25,05,SAN JOSÉ DE LAS MATAS,012505,874c89044ffffff
https://www.inaturalist.org/observations/241010981,4946115946,Turnera diffusa,Turnera diffusa Willd. ex Schult.,Passifloraceae,Turnera,SPECIES,HUMAN_OBSERVATION,2024-09-10T13:50:43,2024,-70.94097,19.414118,5,50c9509d-22c7-4a22-a47d-8c48425ef4a7,iNaturalist,Observations,25,05,SAN JOSÉ DE LAS MATAS,012505,874c89046ffffff
https://www.inaturalist.org/observations/241011039,4946286238,Coccothrinax spissa,Coccothrinax spissa L.H.Bailey,Arecaceae,Coccothrinax,SPECIES,HUMAN_OBSERVATION,2024-09-10T13:55:38,2024,-70.940895,19.41359,5,50c9509d-22c7-4a22-a47d-8c48425ef4a7,iNaturalist,Observations,25,05,SAN JOSÉ DE LAS MATAS,012505,874c89046ffffff
https://www.inaturalist.org/observations/241011094,4945593212,Corchorus hirsutus,Corchorus hirsutus L.,Malvaceae,Corchorus,SPECIES,HUMAN_OBSERVATION,2024-09-10T14:00,2024,-70.9407,19.41327,4,50c9509d-22c7-4a22-a47d-8c48425ef4a7,iNaturalist,Observations,25,05,SAN JOSÉ DE LAS MATAS,012505,874c89046ffffff
https://www.inaturalist.org/observations/241011105,4945608503,Sarcomphalus domingensis,Sarcomphalus domingensis (Spreng.) Krug & Urb.,Rhamnaceae,Sarcomphalus,SPECIES,HUMAN_OBSERVATION,2024-09-10T14:31:53,2024,-70.986083,19.415405,2,50c9509d-22c7-4a22-a47d-8c48425ef4a7,iNaturalist,Observations,25,05,SAN JOSÉ DE LAS MATAS,012505,874c89054ffffff
https://www.inaturalist.org/observations/241011142,4946188483,Exostema caribaeum,Exostema caribaeum (Jacq.) Roem. & Schult.,Rubiaceae,Exostema,SPECIES,HUMAN_OBSERVATION,2024-09-10T14:32:58,2024,-70.986003,19.41537,4,50c9509d-22c7-4a22-a47d-8c48425ef4a7,iNaturalist,Observations,25,05,SAN JOSÉ DE LAS MATAS,012505,874c89054ffffff
https://www.inaturalist.org/observations/241011175,4945504943,Exostema caribaeum,Exostema caribaeum (Jacq.) Roem. & Schult.,Rubiaceae,Exostema,SPECIES,HUMAN_OBSERVATION,2024-09-10T14:34:25,2024,-70.985737,19.415287,4,50c9509d-22c7-4a22-a47d-8c48425ef4a7,iNaturalist,Observations,25,05,SAN JOSÉ DE LAS MATAS,012505,874c89054ffffff
https://www.inaturalist.org/observations/241011310,4946180024,Zanthoxylum fagara,Zanthoxylum fagara (L.) Sarg.,Rutaceae,Zanthoxylum,SPECIES,HUMAN_OBSERVATION,2024-09-10T14:39:24,2024,-70.986507,19.41548,4,50c9509d-22c7-4a22-a47d-8c48425ef4a7,iNaturalist,Observations,25,05,SAN JOSÉ DE LAS MATAS,012505,874c89054ffffff
https://www.inaturalist.org/observations/241011355,4946033421,Stenocereus heptagonus,Stenocereus heptagonus (L.) Mottram,Cactaceae,Stenocereus,SPECIES,HUMAN_OBSERVATION,2024-09-10T14:43:01,2024,-70.987298,19.413933,5,50c9509d-22c7-4a22-a47d-8c48425ef4a7,iNaturalist,Observations,25,05,SAN JOSÉ DE LAS MATAS,012505,874c89054ffffff
https://www.inaturalist.org/observations/241011400,4946308936,Passiflora berteroana,Passiflora berteroana Balb. ex DC.,Passifloraceae,Passiflora,SPECIES,HUMAN_OBSERVATION,2024-09-10T14:43:23,2024,-70.987328,19.413885,4,50c9509d-22c7-4a22-a47d-8c48425ef4a7,iNaturalist,Observations,25,05,SAN JOSÉ DE LAS MATAS,012505,874c89054ffffff
https://www.inaturalist.org/observations/241011517,4945746772,Tridax procumbens,Tridax procumbens L.,Asteraceae,Tridax,SPECIES,HUMAN_OBSERVATION,2024-09-10T14:45:39,2024,-70.987352,19.413888,5,50c9509d-22c7-4a22-a47d-8c48425ef4a7,iNaturalist,Observations,25,05,SAN JOSÉ DE LAS MATAS,012505,874c89054ffffff
https://www.inaturalist.org/observations/241011572,6185763842,Monteverdia domingensis,Maytenus domingensis Krug & Urb.,Celastraceae,Monteverdia,SPECIES,HUMAN_OBSERVATION,2024-09-10T14:55:42,2024,-70.997037,19.39978,3,50c9509d-22c7-4a22-a47d-8c48425ef4a7,iNaturalist,Observations,25,05,SAN JOSÉ DE LAS MATAS,012505,874c89052ffffff
https://www.inaturalist.org/observations/241011620,4945582440,Vitex petitia,Petitia domingensis Jacq.,Lamiaceae,Vitex,SPECIES,HUMAN_OBSERVATION,2024-09-10T14:56:56,2024,-70.997022,19.399777,5,50c9509d-22c7-4a22-a47d-8c48425ef4a7,iNaturalist,Observations,25,05,SAN JOSÉ DE LAS MATAS,012505,874c89052ffffff
https://www.inaturalist.org/observations/242591885,4949950390,Hypelate trifoliata,Hypelate trifoliata Sw.,Sapindaceae,Hypelate,SPECIES,HUMAN_OBSERVATION,2024-09-10T11:56:51,2024,-70.906385,19.436014,6,50c9509d-22c7-4a22-a47d-8c48425ef4a7,iNaturalist,Observations,25,05,SAN JOSÉ DE LAS MATAS,012505,874c89060ffffff
https://www.inaturalist.org/observations/242591980,4952764630,Sarcomphalus domingensis,Sarcomphalus domingensis (Spreng.) Krug & Urb.,Rhamnaceae,Sarcomphalus,SPECIES,HUMAN_OBSERVATION,2024-09-10T14:33:50,2024,-70.985952,19.415437,7,50c9509d-22c7-4a22-a47d-8c48425ef4a7,iNaturalist,Observations,25,05,SAN JOSÉ DE LAS MATAS,012505,874c89054ffffff
https://www.inaturalist.org/observations/245440369,4952181833,Tillandsia usneoides,Tillandsia usneoides (L.) L.,Bromeliaceae,Tillandsia,SPECIES,HUMAN_OBSERVATION,2024-09-27T12:15:16,2024,-71.150406,19.364335,110,50c9509d-22c7-4a22-a47d-8c48425ef4a7,iNaturalist,Observations,25,05,SAN JOSÉ DE LAS MATAS,012505,874c89725ffffff
https://www.inaturalist.org/observations/253563948,5006741278,Crotalaria pallida,Crotalaria pallida Aiton,Fabaceae,Crotalaria,SPECIES,HUMAN_OBSERVATION,2024-11-29T17:40:38,2024,-71.076714,19.38375,4,50c9509d-22c7-4a22-a47d-8c48425ef4a7,iNaturalist,Observations,25,05,SAN JOSÉ DE LAS MATAS,012505,874c890f1ffffff
https://www.inaturalist.org/observations/258045809,5036790841,Hippocratea volubilis,Hippocratea volubilis L.,Celastraceae,Hippocratea,SPECIES,HUMAN_OBSERVATION,2025-01-10T09:26:10,2025,-71.243962,19.267613,6,50c9509d-22c7-4a22-a47d-8c48425ef4a7,iNaturalist,Observations,25,05,SAN JOSÉ DE LAS MATAS,012505,874c8971affffff
https://www.inaturalist.org/observations/258046392,5037130647,Tabebuia bullata,Tabebuia bullata A.H.Gentry,Bignoniaceae,Tabebuia,SPECIES,HUMAN_OBSERVATION,2025-01-10T09:27:44,2025,-71.244003,19.267857,5,50c9509d-22c7-4a22-a47d-8c48425ef4a7,iNaturalist,Observations,25,05,SAN JOSÉ DE LAS MATAS,012505,874c8971affffff
https://www.inaturalist.org/observations/258046815,5037142810,Asplenium juglandifolium,Asplenium juglandifolium Lam.,Aspleniaceae,Asplenium,SPECIES,HUMAN_OBSERVATION,2025-01-10T11:00:59,2025,-71.243502,19.269403,5,50c9509d-22c7-4a22-a47d-8c48425ef4a7,iNaturalist,Observations,25,05,SAN JOSÉ DE LAS MATAS,012505,874c8971affffff
https://www.inaturalist.org/observations/258046993,5036903364,Erigeron jamaicensis,Erigeron jamaicensis L.,Asteraceae,Erigeron,SPECIES,HUMAN_OBSERVATION,2025-01-10T11:03:49,2025,-71.243827,19.269265,5,50c9509d-22c7-4a22-a47d-8c48425ef4a7,iNaturalist,Observations,25,05,SAN JOSÉ DE LAS MATAS,012505,874c8971affffff
https://www.inaturalist.org/observations/258047268,5037239302,Hedychium coronarium,Hedychium coronarium J.Koenig,Zingiberaceae,Hedychium,SPECIES,HUMAN_OBSERVATION,2025-01-10T11:07:30,2025,-71.244125,19.269465,5,50c9509d-22c7-4a22-a47d-8c48425ef4a7,iNaturalist,Observations,25,05,SAN JOSÉ DE LAS MATAS,012505,874c8971affffff
https://www.inaturalist.org/observations/258047279,5036845919,Siphocampylus domingensis,Siphocampylus domingensis A.DC.,Campanulaceae,Siphocampylus,SPECIES,HUMAN_OBSERVATION,2025-01-10T11:08:09,2025,-71.244012,19.269508,4,50c9509d-22c7-4a22-a47d-8c48425ef4a7,iNaturalist,Observations,25,05,SAN JOSÉ DE LAS MATAS,012505,874c8971affffff
https://www.inaturalist.org/observations/258047292,5036852877,Asplenium juglandifolium,Asplenium juglandifolium Lam.,Aspleniaceae,Asplenium,SPECIES,HUMAN_OBSERVATION,2025-01-10T11:09:44,2025,-71.244175,19.269277,8,50c9509d-22c7-4a22-a47d-8c48425ef4a7,iNaturalist,Observations,25,05,SAN JOSÉ DE LAS MATAS,012505,874c8971affffff
https://www.inaturalist.org/observations/258047528,5036787072,Elaphoglossum Schott ex J.Sm.,Elaphoglossum Schott ex J.Sm.,Dryopteridaceae,Elaphoglossum,GENUS,HUMAN_OBSERVATION,2025-01-10T11:17:36,2025,-71.243083,19.26894,8,50c9509d-22c7-4a22-a47d-8c48425ef4a7,iNaturalist,Observations,25,05,SAN JOSÉ DE LAS MATAS,012505,874c8971affffff
https://www.inaturalist.org/observations/258047602,5036848137,Pecluma struthionis,Pecluma plumula (Humb. & Bonpl. ex Willd.) M.G.Price,Polypodiaceae,Pecluma,SPECIES,HUMAN_OBSERVATION,2025-01-10T11:18:21,2025,-71.243003,19.268717,7,50c9509d-22c7-4a22-a47d-8c48425ef4a7,iNaturalist,Observations,25,05,SAN JOSÉ DE LAS MATAS,012505,874c8971affffff
https://www.inaturalist.org/observations/258047642,5037085990,Peperomia maculosa,Peperomia maculosa (L.) Hook.,Piperaceae,Peperomia,SPECIES,HUMAN_OBSERVATION,2025-01-10T11:19:10,2025,-71.242883,19.268802,5,50c9509d-22c7-4a22-a47d-8c48425ef4a7,iNaturalist,Observations,25,05,SAN JOSÉ DE LAS MATAS,012505,874c8971affffff
https://www.inaturalist.org/observations/258047881,5062952423,Peperomia rotundifolia,Peperomia rotundifolia (L.) Kunth,Piperaceae,Peperomia,SPECIES,HUMAN_OBSERVATION,2025-01-10T11:26:09,2025,-71.242457,19.268627,6,50c9509d-22c7-4a22-a47d-8c48425ef4a7,iNaturalist,Observations,25,05,SAN JOSÉ DE LAS MATAS,012505,874c8971affffff
https://www.inaturalist.org/observations/258048068,5036963894,Gesneria reticulata,Gesneria reticulata (Griseb.) Urb.,Gesneriaceae,Gesneria,SPECIES,HUMAN_OBSERVATION,2025-01-10T11:43:56,2025,-71.243252,19.26913,7,50c9509d-22c7-4a22-a47d-8c48425ef4a7,iNaturalist,Observations,25,05,SAN JOSÉ DE LAS MATAS,012505,874c8971affffff
https://www.inaturalist.org/observations/258048149,5036934903,Tillandsia pruinosa,Tillandsia pruinosa Sw.,Bromeliaceae,Tillandsia,SPECIES,HUMAN_OBSERVATION,2025-01-10T11:57:19,2025,-71.243695,19.267825,5,50c9509d-22c7-4a22-a47d-8c48425ef4a7,iNaturalist,Observations,25,05,SAN JOSÉ DE LAS MATAS,012505,874c8971affffff
https://www.inaturalist.org/observations/258048175,5036928993,Voyria tenella,Voyria tenella Guilding ex Hook.,Gentianaceae,Voyria,SPECIES,HUMAN_OBSERVATION,2025-01-10T11:58:26,2025,-71.243743,19.267827,6,50c9509d-22c7-4a22-a47d-8c48425ef4a7,iNaturalist,Observations,25,05,SAN JOSÉ DE LAS MATAS,012505,874c8971affffff
https://www.inaturalist.org/observations/259049622,5063172128,Prosthechea cochleata,Prosthechea cochleata (L.) W.E.Higgins,Orchidaceae,Prosthechea,SPECIES,HUMAN_OBSERVATION,2025-01-16T15:12:45,2025,-71.033647,19.122832,NA,50c9509d-22c7-4a22-a47d-8c48425ef4a7,iNaturalist,Observations,25,05,SAN JOSÉ DE LAS MATAS,012505,874c8966effffff
https://www.inaturalist.org/observations/259049705,5063181215,Equisetum giganteum,Equisetum giganteum L.,Equisetaceae,Equisetum,SPECIES,HUMAN_OBSERVATION,2025-01-17T09:03:37,2025,-71.032707,19.121202,NA,50c9509d-22c7-4a22-a47d-8c48425ef4a7,iNaturalist,Observations,25,05,SAN JOSÉ DE LAS MATAS,012505,874c89668ffffff
https://www.inaturalist.org/observations/262388527,5076934557,Cynometra portoricensis,Cynometra portoricensis Krug & Urb.,Fabaceae,Cynometra,SPECIES,HUMAN_OBSERVATION,2025-02-20T12:02:21,2025,-70.981977,19.352782,10,50c9509d-22c7-4a22-a47d-8c48425ef4a7,iNaturalist,Observations,25,05,SAN JOSÉ DE LAS MATAS,012505,874c890e9ffffff
https://www.inaturalist.org/observations/262388643,5076969398,Cynometra portoricensis,Cynometra portoricensis Krug & Urb.,Fabaceae,Cynometra,SPECIES,HUMAN_OBSERVATION,2025-02-20T12:04:46,2025,-70.981846,19.352888,4,50c9509d-22c7-4a22-a47d-8c48425ef4a7,iNaturalist,Observations,25,05,SAN JOSÉ DE LAS MATAS,012505,874c890e9ffffff
https://www.inaturalist.org/observations/262393085,5076980407,Asclepias curassavica,Asclepias curassavica L.,Apocynaceae,Asclepias,SPECIES,HUMAN_OBSERVATION,2025-02-20T12:20:51,2025,-70.981385,19.352102,4260,50c9509d-22c7-4a22-a47d-8c48425ef4a7,iNaturalist,Observations,25,05,SAN JOSÉ DE LAS MATAS,012505,874c890e9ffffff
https://www.inaturalist.org/observations/262442890,5076928631,Ocimum gratissimum,Ocimum gratissimum L.,Lamiaceae,Ocimum,SPECIES,HUMAN_OBSERVATION,2025-02-20T11:49:24,2025,-70.982218,19.35253,5,50c9509d-22c7-4a22-a47d-8c48425ef4a7,iNaturalist,Observations,25,05,SAN JOSÉ DE LAS MATAS,012505,874c890e9ffffff
https://www.inaturalist.org/observations/262442953,5076928632,Podostemum ceratophyllum,Podostemum ceratophyllum Michx.,Podostemaceae,Podostemum,SPECIES,HUMAN_OBSERVATION,2025-02-20T11:51:49,2025,-70.981975,19.352878,5,50c9509d-22c7-4a22-a47d-8c48425ef4a7,iNaturalist,Observations,25,05,SAN JOSÉ DE LAS MATAS,012505,874c890e9ffffff
https://www.inaturalist.org/observations/262443021,5076983492,Cynometra portoricensis,Cynometra portoricensis Krug & Urb.,Fabaceae,Cynometra,SPECIES,HUMAN_OBSERVATION,2025-02-20T11:55:58,2025,-70.982288,19.353092,6,50c9509d-22c7-4a22-a47d-8c48425ef4a7,iNaturalist,Observations,25,05,SAN JOSÉ DE LAS MATAS,012505,874c890e9ffffff
https://www.inaturalist.org/observations/262443091,5076962627,Cynometra portoricensis,Cynometra portoricensis Krug & Urb.,Fabaceae,Cynometra,SPECIES,HUMAN_OBSERVATION,2025-02-20T12:14:14,2025,-70.981835,19.352817,6,50c9509d-22c7-4a22-a47d-8c48425ef4a7,iNaturalist,Observations,25,05,SAN JOSÉ DE LAS MATAS,012505,874c890e9ffffff
https://www.inaturalist.org/observations/262443155,5076954644,Cynometra portoricensis,Cynometra portoricensis Krug & Urb.,Fabaceae,Cynometra,SPECIES,HUMAN_OBSERVATION,2025-02-20T13:50,2025,-70.983,19.341487,9,50c9509d-22c7-4a22-a47d-8c48425ef4a7,iNaturalist,Observations,25,05,SAN JOSÉ DE LAS MATAS,012505,874c890e9ffffff
https://www.inaturalist.org/observations/262443281,5076954645,Hylocereus triangularis,Selenicereus triangularis (L.) D.R.Hunt,Cactaceae,Hylocereus,SPECIES,HUMAN_OBSERVATION,2025-02-20T14:05:04,2025,-70.982335,19.340355,5,50c9509d-22c7-4a22-a47d-8c48425ef4a7,iNaturalist,Observations,25,05,SAN JOSÉ DE LAS MATAS,012505,874c890e9ffffff
https://www.inaturalist.org/observations/262444727,5076936765,Wallenia laurifolia,Wallenia laurifolia (Jacq.) Sw.,Primulaceae,Wallenia,SPECIES,HUMAN_OBSERVATION,2025-02-20T14:07:48,2025,-70.981933,19.339605,7,50c9509d-22c7-4a22-a47d-8c48425ef4a7,iNaturalist,Observations,25,05,SAN JOSÉ DE LAS MATAS,012505,874c890e9ffffff
https://www.inaturalist.org/observations/262444792,5076985643,Entada gigas,Entada gigas (L.) Fawc. & Rendle,Fabaceae,Entada,SPECIES,HUMAN_OBSERVATION,2025-02-20T14:11:10,2025,-70.982067,19.339418,5,50c9509d-22c7-4a22-a47d-8c48425ef4a7,iNaturalist,Observations,25,05,SAN JOSÉ DE LAS MATAS,012505,874c890e9ffffff
https://www.inaturalist.org/observations/262444831,5076984566,Hymenaea courbaril,Hymenaea courbaril L.,Fabaceae,Hymenaea,SPECIES,HUMAN_OBSERVATION,2025-02-20T14:35:39,2025,-70.982218,19.337263,4,50c9509d-22c7-4a22-a47d-8c48425ef4a7,iNaturalist,Observations,25,05,SAN JOSÉ DE LAS MATAS,012505,874c893b4ffffff
https://www.inaturalist.org/observations/262445145,5076959701,Passiflora bilobata,Passiflora bilobata Juss.,Passifloraceae,Passiflora,SPECIES,HUMAN_OBSERVATION,2025-02-20T16:23:27,2025,-71.106367,19.398838,6,50c9509d-22c7-4a22-a47d-8c48425ef4a7,iNaturalist,Observations,25,05,SAN JOSÉ DE LAS MATAS,012505,874c890f2ffffff
https://www.inaturalist.org/observations/266838428,5920077326,Miconia crenata,Miconia crenata (Vahl) Michelang.,Melastomataceae,Miconia,SPECIES,HUMAN_OBSERVATION,2025-03-23T11:40:07,2025,-71.244508,19.270283,NA,50c9509d-22c7-4a22-a47d-8c48425ef4a7,iNaturalist,Observations,25,05,SAN JOSÉ DE LAS MATAS,012505,874c8971affffff
https://www.inaturalist.org/observations/266838672,5104707558,Urena lobata,Urena lobata L.,Malvaceae,Urena,SPECIES,HUMAN_OBSERVATION,2025-03-23T11:41:16,2025,-71.244419,19.270136,NA,50c9509d-22c7-4a22-a47d-8c48425ef4a7,iNaturalist,Observations,25,05,SAN JOSÉ DE LAS MATAS,012505,874c8971affffff
https://www.inaturalist.org/observations/266841224,5104726612,Coffea arabica,Coffea arabica L.,Rubiaceae,Coffea,SPECIES,HUMAN_OBSERVATION,2025-03-23T11:52:35,2025,-71.243197,19.271194,NA,50c9509d-22c7-4a22-a47d-8c48425ef4a7,iNaturalist,Observations,25,05,SAN JOSÉ DE LAS MATAS,012505,874c8971affffff
https://www.inaturalist.org/observations/266841556,5104741549,Gonzalagunia hirsuta,Gonzalagunia hirsuta (Jacq.) K.Schum.,Rubiaceae,Gonzalagunia,SPECIES,HUMAN_OBSERVATION,2025-03-23T12:05:32,2025,-71.241311,19.271922,NA,50c9509d-22c7-4a22-a47d-8c48425ef4a7,iNaturalist,Observations,25,05,SAN JOSÉ DE LAS MATAS,012505,874c8971affffff
https://www.inaturalist.org/observations/266841866,5897714558,Cucurbita pepo,Cucurbita pepo L.,Cucurbitaceae,Cucurbita,SPECIES,HUMAN_OBSERVATION,2025-03-23T13:12:07,2025,-71.242672,19.270689,NA,50c9509d-22c7-4a22-a47d-8c48425ef4a7,iNaturalist,Observations,25,05,SAN JOSÉ DE LAS MATAS,012505,874c8971affffff
https://www.inaturalist.org/observations/28964396,2988471362,Hypoestes phyllostachya,Hypoestes phyllostachya Baker,Acanthaceae,Hypoestes,SPECIES,HUMAN_OBSERVATION,2019-07-13T09:33:18,2019,-70.981422,19.171417,NA,50c9509d-22c7-4a22-a47d-8c48425ef4a7,iNaturalist,Observations,25,05,SAN JOSÉ DE LAS MATAS,012505,874c892b3ffffff
https://www.inaturalist.org/observations/291903484,5206794569,Catharanthus roseus,Catharanthus roseus (L.) G.Don,Apocynaceae,Catharanthus,SPECIES,HUMAN_OBSERVATION,2025-06-22T08:38:36,2025,-71.084114,19.471874,4,50c9509d-22c7-4a22-a47d-8c48425ef4a7,iNaturalist,Observations,25,05,SAN JOSÉ DE LAS MATAS,012505,874c89011ffffff
https://www.inaturalist.org/observations/297719438,5230345911,Centrosema virginianum,Centrosema virginianum (L.) Benth.,Fabaceae,Centrosema,SPECIES,HUMAN_OBSERVATION,2025-07-04T11:54,2025,-70.991724,19.201336,834,50c9509d-22c7-4a22-a47d-8c48425ef4a7,iNaturalist,Observations,25,05,SAN JOSÉ DE LAS MATAS,012505,874c892b6ffffff
https://www.inaturalist.org/observations/301862537,5237987631,Rhodopis planisiliqua,Rhodopis planisiliqua (L.) Urb.,Fabaceae,Rhodopis,SPECIES,HUMAN_OBSERVATION,2025-07-28T10:47:07,2025,-71.004319,19.227163,5,50c9509d-22c7-4a22-a47d-8c48425ef4a7,iNaturalist,Observations,25,05,SAN JOSÉ DE LAS MATAS,012505,874c89769ffffff
https://www.inaturalist.org/observations/309243088,5761141590,Justicia periplocifolia,Justicia periplocifolia Jacq.,Acanthaceae,Justicia,SPECIES,HUMAN_OBSERVATION,2025-08-20T09:53:31,2025,-71.033815,19.122972,NA,50c9509d-22c7-4a22-a47d-8c48425ef4a7,iNaturalist,Observations,25,05,SAN JOSÉ DE LAS MATAS,012505,874c8966effffff
https://www.inaturalist.org/observations/309243463,5759952583,Prosthechea cochleata,Prosthechea cochleata (L.) W.E.Higgins,Orchidaceae,Prosthechea,SPECIES,HUMAN_OBSERVATION,2025-08-21T16:10:24,2025,-71.031435,19.099638,NA,50c9509d-22c7-4a22-a47d-8c48425ef4a7,iNaturalist,Observations,25,05,SAN JOSÉ DE LAS MATAS,012505,874c8966bffffff
https://www.inaturalist.org/observations/311704466,6422589495,Borreria remota,Spermacoce remota Lam.,Rubiaceae,Borreria,SPECIES,HUMAN_OBSERVATION,2025-09-04T10:07:06,2025,-71.181723,19.323003,4,50c9509d-22c7-4a22-a47d-8c48425ef4a7,iNaturalist,Observations,25,05,SAN JOSÉ DE LAS MATAS,012505,874c89705ffffff
https://www.inaturalist.org/observations/31210158,5176587313,Calanthe calanthoides,Calanthe calanthoides (A.Rich. & Galeotti) Hamer & Garay,Orchidaceae,Calanthe,SPECIES,HUMAN_OBSERVATION,2019-08-18T09:39:01,2019,-71.119263,19.167646,NA,50c9509d-22c7-4a22-a47d-8c48425ef4a7,iNaturalist,Observations,25,05,SAN JOSÉ DE LAS MATAS,012505,874c89674ffffff
https://www.inaturalist.org/observations/31396250,2451589575,Clusia rosea,Clusia rosea Jacq.,Clusiaceae,Clusia,SPECIES,HUMAN_OBSERVATION,2019-08-23T12:06:52Z,2019,-70.897858,19.243953,5,50c9509d-22c7-4a22-a47d-8c48425ef4a7,iNaturalist,Observations,25,05,SAN JOSÉ DE LAS MATAS,012505,874c8938cffffff
https://www.inaturalist.org/observations/315832438,5830771145,Tabebuia berteroi,Tabebuia berteroi (A.DC.) Britton,Bignoniaceae,Tabebuia,SPECIES,HUMAN_OBSERVATION,2025-09-22T11:50:58,2025,-71.073365,19.38516,3,50c9509d-22c7-4a22-a47d-8c48425ef4a7,iNaturalist,Observations,25,05,SAN JOSÉ DE LAS MATAS,012505,874c890f1ffffff
https://www.inaturalist.org/observations/324949288,6159350655,Cynoglossum amabile,Cynoglossum amabile Stapf & J.R.Drumm.,Boraginaceae,Cynoglossum,SPECIES,HUMAN_OBSERVATION,2025-11-03T11:34:06,2025,-70.984201,19.035493,501,50c9509d-22c7-4a22-a47d-8c48425ef4a7,iNaturalist,Observations,25,05,SAN JOSÉ DE LAS MATAS,012505,874cd6906ffffff
https://www.inaturalist.org/observations/334215801,6130044834,Tillandsia usneoides,Tillandsia usneoides (L.) L.,Bromeliaceae,Tillandsia,SPECIES,HUMAN_OBSERVATION,2026-01-08T14:38:25,2026,-70.93367,19.335442,7,50c9509d-22c7-4a22-a47d-8c48425ef4a7,iNaturalist,Observations,25,05,SAN JOSÉ DE LAS MATAS,012505,874c893a6ffffff
https://www.inaturalist.org/observations/334217545,6131036327,Argemone mexicana,Argemone mexicana L.,Papaveraceae,Argemone,SPECIES,HUMAN_OBSERVATION,2026-01-08T14:12:45,2026,-70.9441,19.339883,4,50c9509d-22c7-4a22-a47d-8c48425ef4a7,iNaturalist,Observations,25,05,SAN JOSÉ DE LAS MATAS,012505,874c8905bffffff
https://www.inaturalist.org/observations/335213178,6130355816,Trifolium repens,Trifolium repens L.,Fabaceae,Trifolium,SPECIES,HUMAN_OBSERVATION,2026-01-14T08:09:10,2026,-70.986258,19.03575,3,50c9509d-22c7-4a22-a47d-8c48425ef4a7,iNaturalist,Observations,25,05,SAN JOSÉ DE LAS MATAS,012505,874cd6906ffffff
https://www.inaturalist.org/observations/336109302,6130697062,Fuchsia triphylla,Fuchsia triphylla L.,Onagraceae,Fuchsia,SPECIES,HUMAN_OBSERVATION,2021-12-18T10:20,2021,-71.049948,19.175897,206,50c9509d-22c7-4a22-a47d-8c48425ef4a7,iNaturalist,Observations,25,05,SAN JOSÉ DE LAS MATAS,012505,874c8974bffffff
https://www.inaturalist.org/observations/336109507,6129925588,Cynoglossum amabile,Cynoglossum amabile Stapf & J.R.Drumm.,Boraginaceae,Cynoglossum,SPECIES,HUMAN_OBSERVATION,2021-12-18T12:54,2021,-70.984746,19.234466,206,50c9509d-22c7-4a22-a47d-8c48425ef4a7,iNaturalist,Observations,25,05,SAN JOSÉ DE LAS MATAS,012505,874c8939affffff
https://www.inaturalist.org/observations/336110443,6130631212,Rhipsalis baccifera,Rhipsalis baccifera (J.S.Muell.) Stearn,Cactaceae,Rhipsalis,SPECIES,HUMAN_OBSERVATION,2021-10-31T11:49,2021,-70.985123,19.194675,8,50c9509d-22c7-4a22-a47d-8c48425ef4a7,iNaturalist,Observations,25,05,SAN JOSÉ DE LAS MATAS,012505,874c892b0ffffff
https://www.inaturalist.org/observations/336110845,6130181488,Corchorus hirsutus,Corchorus hirsutus L.,Malvaceae,Corchorus,SPECIES,HUMAN_OBSERVATION,2022-10-25T16:04,2022,-70.909536,19.339767,NA,50c9509d-22c7-4a22-a47d-8c48425ef4a7,iNaturalist,Observations,25,05,SAN JOSÉ DE LAS MATAS,012505,874c893a4ffffff
https://www.inaturalist.org/observations/336111026,6130871729,Thunbergia alata,Thunbergia alata Bojer ex Sims,Acanthaceae,Thunbergia,SPECIES,HUMAN_OBSERVATION,2022-10-20T12:13,2022,-70.931161,19.250694,NA,50c9509d-22c7-4a22-a47d-8c48425ef4a7,iNaturalist,Observations,25,05,SAN JOSÉ DE LAS MATAS,012505,874c8938effffff
https://www.inaturalist.org/observations/336111144,6130540012,Mesechites repens,Mesechites repens (Jacq.) Miers,Apocynaceae,Mesechites,SPECIES,HUMAN_OBSERVATION,2022-10-25T16:13,2022,-71.035581,19.379597,NA,50c9509d-22c7-4a22-a47d-8c48425ef4a7,iNaturalist,Observations,25,05,SAN JOSÉ DE LAS MATAS,012505,874c890e3ffffff
https://www.inaturalist.org/observations/336111269,6131469141,Echites umbellatus,Echites umbellatus Jacq.,Apocynaceae,Echites,SPECIES,HUMAN_OBSERVATION,2022-10-25T16:14,2022,-71.035933,19.379525,NA,50c9509d-22c7-4a22-a47d-8c48425ef4a7,iNaturalist,Observations,25,05,SAN JOSÉ DE LAS MATAS,012505,874c890e3ffffff
https://www.inaturalist.org/observations/343016829,6235962015,"Paraleonurus M.L.Qian, C.L.Xiang & Bo Li","Paraleonurus M.L.Qian, C.L.Xiang & Bo Li",Lamiaceae,Paraleonurus,GENUS,HUMAN_OBSERVATION,2026-03-12T11:58:44,2026,-70.986056,19.204664,7,50c9509d-22c7-4a22-a47d-8c48425ef4a7,iNaturalist,Observations,25,05,SAN JOSÉ DE LAS MATAS,012505,874c892b4ffffff
https://www.inaturalist.org/observations/343026582,6334689571,Centratherum punctatum,Centratherum punctatum Cass.,Asteraceae,Centratherum,SPECIES,HUMAN_OBSERVATION,2026-03-13T15:53:04,2026,-70.982914,19.20702,1134,50c9509d-22c7-4a22-a47d-8c48425ef4a7,iNaturalist,Observations,25,05,SAN JOSÉ DE LAS MATAS,012505,874c892b4ffffff
https://www.inaturalist.org/observations/343342579,6185173882,Lepechinia urbani,Lepechinia urbani (Briq.) Epling,Lamiaceae,Lepechinia,SPECIES,HUMAN_OBSERVATION,2026-03-10T11:11:14,2026,-70.998003,19.022986,4,50c9509d-22c7-4a22-a47d-8c48425ef4a7,iNaturalist,Observations,25,05,SAN JOSÉ DE LAS MATAS,012505,874cd6911ffffff
https://www.inaturalist.org/observations/343490267,6185345338,Rubus rosifolius,Rubus rosifolius Sm.,Rosaceae,Rubus,SPECIES,HUMAN_OBSERVATION,2026-03-14T20:28:08,2026,-70.982914,19.20702,1134,50c9509d-22c7-4a22-a47d-8c48425ef4a7,iNaturalist,Observations,25,05,SAN JOSÉ DE LAS MATAS,012505,874c892b4ffffff
https://www.inaturalist.org/observations/346133011,6185406938,Hypericum fuertesii,Hypericum fuertesii Urb.,Hypericaceae,Hypericum,SPECIES,HUMAN_OBSERVATION,2026-03-10T14:38:19,2026,-70.997697,19.025295,4,50c9509d-22c7-4a22-a47d-8c48425ef4a7,iNaturalist,Observations,25,05,SAN JOSÉ DE LAS MATAS,012505,874cd6911ffffff
https://www.inaturalist.org/observations/346246431,6188638655,Centratherum punctatum,Centratherum punctatum Cass.,Asteraceae,Centratherum,SPECIES,HUMAN_OBSERVATION,2026-03-13T11:11:38,2026,-70.989436,19.204608,29,50c9509d-22c7-4a22-a47d-8c48425ef4a7,iNaturalist,Observations,25,05,SAN JOSÉ DE LAS MATAS,012505,874c892b6ffffff
https://www.inaturalist.org/observations/346368807,6188478922,Begonia domingensis,Begonia domingensis A.DC.,Begoniaceae,Begonia,SPECIES,HUMAN_OBSERVATION,2026-03-13T10:50:07,2026,-70.985048,19.204142,29,50c9509d-22c7-4a22-a47d-8c48425ef4a7,iNaturalist,Observations,25,05,SAN JOSÉ DE LAS MATAS,012505,874c892b4ffffff
https://www.inaturalist.org/observations/346369425,6353382316,Tradescantia zebrina,Tradescantia zebrina Bosse,Commelinaceae,Tradescantia,SPECIES,HUMAN_OBSERVATION,2026-03-13T10:26:47,2026,-70.985048,19.204142,29,50c9509d-22c7-4a22-a47d-8c48425ef4a7,iNaturalist,Observations,25,05,SAN JOSÉ DE LAS MATAS,012505,874c892b4ffffff
https://www.inaturalist.org/observations/348711926,6195583611,Lantana camara,Lantana camara L.,Verbenaceae,Lantana,SPECIES,HUMAN_OBSERVATION,2026-04-10T09:43:32,2026,-70.926384,19.240631,3,50c9509d-22c7-4a22-a47d-8c48425ef4a7,iNaturalist,Observations,25,05,SAN JOSÉ DE LAS MATAS,012505,874c8938effffff
https://www.inaturalist.org/observations/348714042,6320777490,Ruellia simplex,Ruellia simplex C.Wright,Acanthaceae,Ruellia,SPECIES,HUMAN_OBSERVATION,2026-04-10T09:56:58,2026,-70.932258,19.238321,6,50c9509d-22c7-4a22-a47d-8c48425ef4a7,iNaturalist,Observations,25,05,SAN JOSÉ DE LAS MATAS,012505,874c8939dffffff
https://www.inaturalist.org/observations/348949607,6352372953,Persea americana,Persea americana Mill.,Lauraceae,Persea,SPECIES,HUMAN_OBSERVATION,2026-04-10T09:58:11,2026,-70.932236,19.238379,3,50c9509d-22c7-4a22-a47d-8c48425ef4a7,iNaturalist,Observations,25,05,SAN JOSÉ DE LAS MATAS,012505,874c8939dffffff
https://www.inaturalist.org/observations/348949859,6334801849,Centratherum punctatum,Centratherum punctatum Cass.,Asteraceae,Centratherum,SPECIES,HUMAN_OBSERVATION,2026-04-10T10:01:08,2026,-70.93234,19.238393,7,50c9509d-22c7-4a22-a47d-8c48425ef4a7,iNaturalist,Observations,25,05,SAN JOSÉ DE LAS MATAS,012505,874c8939dffffff
https://www.inaturalist.org/observations/348949932,6195406015,Piper aduncum,Piper aduncum L.,Piperaceae,Piper,SPECIES,HUMAN_OBSERVATION,2026-04-10T10:03:06,2026,-70.932347,19.2384,7,50c9509d-22c7-4a22-a47d-8c48425ef4a7,iNaturalist,Observations,25,05,SAN JOSÉ DE LAS MATAS,012505,874c8939dffffff
https://www.inaturalist.org/observations/348950276,6352265590,Turnera ulmifolia,Turnera ulmifolia L.,Passifloraceae,Turnera,SPECIES,HUMAN_OBSERVATION,2026-04-10T10:08:27,2026,-70.932831,19.238891,4,50c9509d-22c7-4a22-a47d-8c48425ef4a7,iNaturalist,Observations,25,05,SAN JOSÉ DE LAS MATAS,012505,874c8939dffffff
https://www.inaturalist.org/observations/348950682,6252037860,Thunbergia alata,Thunbergia alata Bojer ex Sims,Acanthaceae,Thunbergia,SPECIES,HUMAN_OBSERVATION,2026-04-10T10:15:34,2026,-70.933003,19.239005,7,50c9509d-22c7-4a22-a47d-8c48425ef4a7,iNaturalist,Observations,25,05,SAN JOSÉ DE LAS MATAS,012505,874c8939dffffff
https://www.inaturalist.org/observations/348951040,6431058786,Cecropia schreberiana,Cecropia schreberiana Miq.,Urticaceae,Cecropia,SPECIES,HUMAN_OBSERVATION,2026-04-10T10:41:46,2026,-70.932124,19.238333,6,50c9509d-22c7-4a22-a47d-8c48425ef4a7,iNaturalist,Observations,25,05,SAN JOSÉ DE LAS MATAS,012505,874c8939dffffff
https://www.inaturalist.org/observations/348951098,6352284531,Ananas comosus,Ananas comosus (L.) Merr.,Bromeliaceae,Ananas,SPECIES,HUMAN_OBSERVATION,2026-04-10T10:43:33,2026,-70.931825,19.238418,5,50c9509d-22c7-4a22-a47d-8c48425ef4a7,iNaturalist,Observations,25,05,SAN JOSÉ DE LAS MATAS,012505,874c8939dffffff
https://www.inaturalist.org/observations/348951301,6235115671,Tridax procumbens,Tridax procumbens L.,Asteraceae,Tridax,SPECIES,HUMAN_OBSERVATION,2026-04-10T10:48:18,2026,-70.931275,19.238281,5,50c9509d-22c7-4a22-a47d-8c48425ef4a7,iNaturalist,Observations,25,05,SAN JOSÉ DE LAS MATAS,012505,874c8939dffffff
https://www.inaturalist.org/observations/348951401,6422114044,Tradescantia zebrina,Tradescantia zebrina Bosse,Commelinaceae,Tradescantia,SPECIES,HUMAN_OBSERVATION,2026-04-10T10:52:18,2026,-70.931272,19.237905,4,50c9509d-22c7-4a22-a47d-8c48425ef4a7,iNaturalist,Observations,25,05,SAN JOSÉ DE LAS MATAS,012505,874c8939dffffff
https://www.inaturalist.org/observations/349132925,6353100104,Cupania americana,Cupania americana L.,Sapindaceae,Cupania,SPECIES,HUMAN_OBSERVATION,2026-04-10T11:27:19,2026,-70.930959,19.236813,3,50c9509d-22c7-4a22-a47d-8c48425ef4a7,iNaturalist,Observations,25,05,SAN JOSÉ DE LAS MATAS,012505,874c8938affffff
https://www.inaturalist.org/observations/349133374,6235320805,Ricinus communis,Ricinus communis L.,Euphorbiaceae,Ricinus,SPECIES,HUMAN_OBSERVATION,2026-04-10T11:46:52,2026,-70.931675,19.235473,9,50c9509d-22c7-4a22-a47d-8c48425ef4a7,iNaturalist,Observations,25,05,SAN JOSÉ DE LAS MATAS,012505,874c8938affffff
https://www.inaturalist.org/observations/349133437,6422257597,Solanum torvum,Solanum torvum Sw.,Solanaceae,Solanum,SPECIES,HUMAN_OBSERVATION,2026-04-10T11:48:28,2026,-70.931851,19.235527,6,50c9509d-22c7-4a22-a47d-8c48425ef4a7,iNaturalist,Observations,25,05,SAN JOSÉ DE LAS MATAS,012505,874c8938affffff
https://www.inaturalist.org/observations/349133682,6352504793,Eryngium foetidum,Eryngium foetidum L.,Apiaceae,Eryngium,SPECIES,HUMAN_OBSERVATION,2026-04-10T11:59:50,2026,-70.932975,19.236123,3,50c9509d-22c7-4a22-a47d-8c48425ef4a7,iNaturalist,Observations,25,05,SAN JOSÉ DE LAS MATAS,012505,874c8939dffffff
https://www.inaturalist.org/observations/349133787,6334327857,Canna indica,Canna indica L.,Cannaceae,Canna,SPECIES,HUMAN_OBSERVATION,2026-04-10T12:06:36,2026,-70.934181,19.238425,8,50c9509d-22c7-4a22-a47d-8c48425ef4a7,iNaturalist,Observations,25,05,SAN JOSÉ DE LAS MATAS,012505,874c8939dffffff
https://www.inaturalist.org/observations/349133885,6413376588,Hypoestes phyllostachya,Hypoestes phyllostachya Baker,Acanthaceae,Hypoestes,SPECIES,HUMAN_OBSERVATION,2026-04-10T12:07:39,2026,-70.934188,19.238446,3,50c9509d-22c7-4a22-a47d-8c48425ef4a7,iNaturalist,Observations,25,05,SAN JOSÉ DE LAS MATAS,012505,874c8939dffffff
https://www.inaturalist.org/observations/350851984,6235344634,Piper aduncum,Piper aduncum L.,Piperaceae,Piper,SPECIES,HUMAN_OBSERVATION,2026-04-18T12:57:24,2026,-70.926314,19.240006,7,50c9509d-22c7-4a22-a47d-8c48425ef4a7,iNaturalist,Observations,25,05,SAN JOSÉ DE LAS MATAS,012505,874c8938effffff
https://www.inaturalist.org/observations/350852389,6235172207,Cenchrus setaceus,Cenchrus setaceus (Forssk.) Morrone,Poaceae,Cenchrus,SPECIES,HUMAN_OBSERVATION,2026-04-18T12:58:38,2026,-70.926307,19.239993,3,50c9509d-22c7-4a22-a47d-8c48425ef4a7,iNaturalist,Observations,25,05,SAN JOSÉ DE LAS MATAS,012505,874c8938effffff
https://www.inaturalist.org/observations/350852848,6234498316,Centrosema virginianum,Centrosema virginianum (L.) Benth.,Fabaceae,Centrosema,SPECIES,HUMAN_OBSERVATION,2026-04-18T13:00:53,2026,-70.926295,19.239997,5,50c9509d-22c7-4a22-a47d-8c48425ef4a7,iNaturalist,Observations,25,05,SAN JOSÉ DE LAS MATAS,012505,874c8938effffff
https://www.inaturalist.org/observations/350853088,6235628382,Turnera ulmifolia,Turnera ulmifolia L.,Passifloraceae,Turnera,SPECIES,HUMAN_OBSERVATION,2026-04-18T13:01:23,2026,-70.926288,19.239998,8,50c9509d-22c7-4a22-a47d-8c48425ef4a7,iNaturalist,Observations,25,05,SAN JOSÉ DE LAS MATAS,012505,874c8938effffff
https://www.inaturalist.org/observations/350855151,6236460920,Psidium guajava,Psidium guajava L.,Myrtaceae,Psidium,SPECIES,HUMAN_OBSERVATION,2026-04-18T13:07:52,2026,-70.926189,19.239836,5,50c9509d-22c7-4a22-a47d-8c48425ef4a7,iNaturalist,Observations,25,05,SAN JOSÉ DE LAS MATAS,012505,874c8938effffff
https://www.inaturalist.org/observations/350856311,6236010608,Arachis pintoi,Arachis pintoi Krapov. & W.C.Greg.,Fabaceae,Arachis,SPECIES,HUMAN_OBSERVATION,2026-04-18T13:09:35,2026,-70.926168,19.239839,6,50c9509d-22c7-4a22-a47d-8c48425ef4a7,iNaturalist,Observations,25,05,SAN JOSÉ DE LAS MATAS,012505,874c8938effffff
https://www.inaturalist.org/observations/350858341,6431004978,Tillandsia schiedeana,Tillandsia schiedeana Steud.,Bromeliaceae,Tillandsia,SPECIES,HUMAN_OBSERVATION,2026-04-18T13:14:49,2026,-70.926104,19.239786,6,50c9509d-22c7-4a22-a47d-8c48425ef4a7,iNaturalist,Observations,25,05,SAN JOSÉ DE LAS MATAS,012505,874c8938effffff
https://www.inaturalist.org/observations/350865636,6422753000,Waltheria indica,Waltheria indica L.,Malvaceae,Waltheria,SPECIES,HUMAN_OBSERVATION,2026-04-18T13:31:36,2026,-70.926305,19.239646,6,50c9509d-22c7-4a22-a47d-8c48425ef4a7,iNaturalist,Observations,25,05,SAN JOSÉ DE LAS MATAS,012505,874c8938effffff
https://www.inaturalist.org/observations/350865788,6236365561,Oreopanax capitatus,Oreopanax capitatus (Jacq.) Decne. & Planch.,Araliaceae,Oreopanax,SPECIES,HUMAN_OBSERVATION,2026-04-18T13:35:32,2026,-70.926518,19.23946,4,50c9509d-22c7-4a22-a47d-8c48425ef4a7,iNaturalist,Observations,25,05,SAN JOSÉ DE LAS MATAS,012505,874c8938effffff
https://www.inaturalist.org/observations/350868185,6334185981,Centratherum punctatum,Centratherum punctatum Cass.,Asteraceae,Centratherum,SPECIES,HUMAN_OBSERVATION,2026-04-18T13:45:37,2026,-70.926496,19.239297,7,50c9509d-22c7-4a22-a47d-8c48425ef4a7,iNaturalist,Observations,25,05,SAN JOSÉ DE LAS MATAS,012505,874c8938effffff
https://www.inaturalist.org/observations/350868350,6352316777,Passiflora edulis,Passiflora edulis Sims,Passifloraceae,Passiflora,SPECIES,HUMAN_OBSERVATION,2026-04-18T13:46:12,2026,-70.926499,19.239292,7,50c9509d-22c7-4a22-a47d-8c48425ef4a7,iNaturalist,Observations,25,05,SAN JOSÉ DE LAS MATAS,012505,874c8938effffff
https://www.inaturalist.org/observations/350871429,6235186733,Heterotis rotundifolia,Heterotis rotundifolia (Sm.) Jacq.-Fél.,Melastomataceae,Heterotis,SPECIES,HUMAN_OBSERVATION,2026-04-18T13:51:51,2026,-70.926451,19.23906,3,50c9509d-22c7-4a22-a47d-8c48425ef4a7,iNaturalist,Observations,25,05,SAN JOSÉ DE LAS MATAS,012505,874c8938effffff
https://www.inaturalist.org/observations/350874883,6236207878,Lantana camara,Lantana camara L.,Verbenaceae,Lantana,SPECIES,HUMAN_OBSERVATION,2026-04-18T14:01:41,2026,-70.926657,19.240393,4,50c9509d-22c7-4a22-a47d-8c48425ef4a7,iNaturalist,Observations,25,05,SAN JOSÉ DE LAS MATAS,012505,874c8938effffff
https://www.inaturalist.org/observations/350875953,6334742766,Erythrina poeppigiana,Erythrina poeppigiana (Walp.) O.F.Cook,Fabaceae,Erythrina,SPECIES,HUMAN_OBSERVATION,2026-04-18T14:03:54,2026,-70.926699,19.240447,4,50c9509d-22c7-4a22-a47d-8c48425ef4a7,iNaturalist,Observations,25,05,SAN JOSÉ DE LAS MATAS,012505,874c8938effffff
https://www.inaturalist.org/observations/350876620,6235795830,Thunbergia alata,Thunbergia alata Bojer ex Sims,Acanthaceae,Thunbergia,SPECIES,HUMAN_OBSERVATION,2026-04-18T14:08:16,2026,-70.926613,19.240399,3,50c9509d-22c7-4a22-a47d-8c48425ef4a7,iNaturalist,Observations,25,05,SAN JOSÉ DE LAS MATAS,012505,874c8938effffff
https://www.inaturalist.org/observations/350876737,6236026499,Tradescantia zebrina,Tradescantia zebrina Bosse,Commelinaceae,Tradescantia,SPECIES,HUMAN_OBSERVATION,2026-04-18T14:09,2026,-70.926615,19.240398,10,50c9509d-22c7-4a22-a47d-8c48425ef4a7,iNaturalist,Observations,25,05,SAN JOSÉ DE LAS MATAS,012505,874c8938effffff
https://www.inaturalist.org/observations/350893824,6234593537,Philodendron giganteum,Philodendron giganteum Schott,Araceae,Philodendron,SPECIES,HUMAN_OBSERVATION,2026-04-18T14:59:12,2026,-70.927405,19.239032,7,50c9509d-22c7-4a22-a47d-8c48425ef4a7,iNaturalist,Observations,25,05,SAN JOSÉ DE LAS MATAS,012505,874c8938affffff
https://www.inaturalist.org/observations/350894437,6234634521,Megathyrsus maximus,Megathyrsus maximus (Jacq.) B.K.Simon & S.W.L.Jacobs,Poaceae,Megathyrsus,SPECIES,HUMAN_OBSERVATION,2026-04-18T15:00:04,2026,-70.927303,19.239224,3,50c9509d-22c7-4a22-a47d-8c48425ef4a7,iNaturalist,Observations,25,05,SAN JOSÉ DE LAS MATAS,012505,874c8938effffff
https://www.inaturalist.org/observations/350971027,6236048916,Dalechampia scandens,Dalechampia scandens L.,Euphorbiaceae,Dalechampia,SPECIES,HUMAN_OBSERVATION,2026-04-18T15:01:12,2026,-70.927386,19.239127,4,50c9509d-22c7-4a22-a47d-8c48425ef4a7,iNaturalist,Observations,25,05,SAN JOSÉ DE LAS MATAS,012505,874c8938effffff
https://www.inaturalist.org/observations/350971354,6235335811,Euphorbia hyssopifolia,Euphorbia hyssopifolia L.,Euphorbiaceae,Euphorbia,SPECIES,HUMAN_OBSERVATION,2026-04-18T15:13:11,2026,-70.931591,19.238856,4,50c9509d-22c7-4a22-a47d-8c48425ef4a7,iNaturalist,Observations,25,05,SAN JOSÉ DE LAS MATAS,012505,874c8939dffffff
https://www.inaturalist.org/observations/350972192,6235819097,Clusia rosea,Clusia rosea Jacq.,Clusiaceae,Clusia,SPECIES,HUMAN_OBSERVATION,2026-04-18T15:23:48,2026,-70.93247,19.239469,4,50c9509d-22c7-4a22-a47d-8c48425ef4a7,iNaturalist,Observations,25,05,SAN JOSÉ DE LAS MATAS,012505,874c8939dffffff
https://www.inaturalist.org/observations/350972755,6236296118,Paullinia pinnata,Paullinia pinnata L.,Sapindaceae,Paullinia,SPECIES,HUMAN_OBSERVATION,2026-04-18T15:26:11,2026,-70.932039,19.238895,262,50c9509d-22c7-4a22-a47d-8c48425ef4a7,iNaturalist,Observations,25,05,SAN JOSÉ DE LAS MATAS,012505,874c8939dffffff
https://www.inaturalist.org/observations/350973579,6236279267,Myrsine coriacea,Myrsine coriacea (Sw.) R.Br. ex Roem. & Schult.,Primulaceae,Myrsine,SPECIES,HUMAN_OBSERVATION,2026-04-18T15:28:51,2026,-70.932508,19.239534,5,50c9509d-22c7-4a22-a47d-8c48425ef4a7,iNaturalist,Observations,25,05,SAN JOSÉ DE LAS MATAS,012505,874c8939dffffff
https://www.inaturalist.org/observations/351616758,6234230375,Cupania americana,Cupania americana L.,Sapindaceae,Cupania,SPECIES,HUMAN_OBSERVATION,2026-04-18T15:57:32,2026,-70.930731,19.240553,3,50c9509d-22c7-4a22-a47d-8c48425ef4a7,iNaturalist,Observations,25,05,SAN JOSÉ DE LAS MATAS,012505,874c8939dffffff
https://www.inaturalist.org/observations/357651160,6251539083,Asclepias curassavica,Asclepias curassavica L.,Apocynaceae,Asclepias,SPECIES,HUMAN_OBSERVATION,2026-05-02T16:18:29,2026,-70.927696,19.239256,4,50c9509d-22c7-4a22-a47d-8c48425ef4a7,iNaturalist,Observations,25,05,SAN JOSÉ DE LAS MATAS,012505,874c8938effffff
https://www.inaturalist.org/observations/357651323,6251551057,Asclepias nivea,Asclepias nivea L.,Apocynaceae,Asclepias,SPECIES,HUMAN_OBSERVATION,2026-05-02T16:19:02,2026,-70.927683,19.239244,5,50c9509d-22c7-4a22-a47d-8c48425ef4a7,iNaturalist,Observations,25,05,SAN JOSÉ DE LAS MATAS,012505,874c8938effffff
https://www.inaturalist.org/observations/357653357,6252737376,Cupania americana,Cupania americana L.,Sapindaceae,Cupania,SPECIES,HUMAN_OBSERVATION,2026-05-02T16:22:02,2026,-70.927623,19.239324,8,50c9509d-22c7-4a22-a47d-8c48425ef4a7,iNaturalist,Observations,25,05,SAN JOSÉ DE LAS MATAS,012505,874c8938effffff
https://www.inaturalist.org/observations/357654922,6253056360,Thunbergia alata,Thunbergia alata Bojer ex Sims,Acanthaceae,Thunbergia,SPECIES,HUMAN_OBSERVATION,2026-05-02T16:24:37,2026,-70.927607,19.239325,6,50c9509d-22c7-4a22-a47d-8c48425ef4a7,iNaturalist,Observations,25,05,SAN JOSÉ DE LAS MATAS,012505,874c8938effffff
https://www.inaturalist.org/observations/357654973,6398559324,Colocasia esculenta,Colocasia esculenta (L.) Schott,Araceae,Colocasia,SPECIES,HUMAN_OBSERVATION,2026-05-02T16:25:03,2026,-70.927543,19.239307,8,50c9509d-22c7-4a22-a47d-8c48425ef4a7,iNaturalist,Observations,25,05,SAN JOSÉ DE LAS MATAS,012505,874c8938effffff
https://www.inaturalist.org/observations/357656115,6252581371,Hamelia patens,Hamelia patens Jacq.,Rubiaceae,Hamelia,SPECIES,HUMAN_OBSERVATION,2026-05-02T16:31:19,2026,-70.927861,19.239634,3,50c9509d-22c7-4a22-a47d-8c48425ef4a7,iNaturalist,Observations,25,05,SAN JOSÉ DE LAS MATAS,012505,874c8938effffff
https://www.inaturalist.org/observations/357660718,6253370923,Spathoglottis plicata,Spathoglottis plicata Blume,Orchidaceae,Spathoglottis,SPECIES,HUMAN_OBSERVATION,2026-05-02T16:42:42,2026,-70.928294,19.239915,3,50c9509d-22c7-4a22-a47d-8c48425ef4a7,iNaturalist,Observations,25,05,SAN JOSÉ DE LAS MATAS,012505,874c8938effffff
https://www.inaturalist.org/observations/357661263,6251518693,Centrosema virginianum,Centrosema virginianum (L.) Benth.,Fabaceae,Centrosema,SPECIES,HUMAN_OBSERVATION,2026-05-02T16:44:24,2026,-70.928539,19.239929,3,50c9509d-22c7-4a22-a47d-8c48425ef4a7,iNaturalist,Observations,25,05,SAN JOSÉ DE LAS MATAS,012505,874c8938effffff
https://www.inaturalist.org/observations/357666913,6400353189,Callisia fragrans,Callisia fragrans (Lindl.) Woodson,Commelinaceae,Callisia,SPECIES,HUMAN_OBSERVATION,2026-05-02T16:57:30,2026,-70.928755,19.239209,3,50c9509d-22c7-4a22-a47d-8c48425ef4a7,iNaturalist,Observations,25,05,SAN JOSÉ DE LAS MATAS,012505,874c8938affffff
https://www.inaturalist.org/observations/357668263,6320420455,Cyperus rotundus,Cyperus rotundus L.,Cyperaceae,Cyperus,SPECIES,HUMAN_OBSERVATION,2026-05-02T17:02:58,2026,-70.928791,19.239122,6,50c9509d-22c7-4a22-a47d-8c48425ef4a7,iNaturalist,Observations,25,05,SAN JOSÉ DE LAS MATAS,012505,874c8938affffff
https://www.inaturalist.org/observations/358053777,6413003811,Psidium guajava,Psidium guajava L.,Myrtaceae,Psidium,SPECIES,HUMAN_OBSERVATION,2026-05-03T08:52:14,2026,-70.932234,19.242204,4,50c9509d-22c7-4a22-a47d-8c48425ef4a7,iNaturalist,Observations,25,05,SAN JOSÉ DE LAS MATAS,012505,874c8939dffffff
https://www.inaturalist.org/observations/358454363,6273860737,Pavonia fruticosa,Pavonia fruticosa (Mill.) Fawc. & Rendle,Malvaceae,Pavonia,SPECIES,HUMAN_OBSERVATION,2026-05-03T09:32:38,2026,-70.933927,19.240937,7,50c9509d-22c7-4a22-a47d-8c48425ef4a7,iNaturalist,Observations,25,05,SAN JOSÉ DE LAS MATAS,012505,874c8939dffffff
https://www.inaturalist.org/observations/358454503,6398675574,Canna indica,Canna indica L.,Cannaceae,Canna,SPECIES,HUMAN_OBSERVATION,2026-05-03T09:34,2026,-70.933867,19.240788,6,50c9509d-22c7-4a22-a47d-8c48425ef4a7,iNaturalist,Observations,25,05,SAN JOSÉ DE LAS MATAS,012505,874c8939dffffff
https://www.inaturalist.org/observations/358454836,6320256393,Hedychium coronarium,Hedychium coronarium J.Koenig,Zingiberaceae,Hedychium,SPECIES,HUMAN_OBSERVATION,2026-05-03T09:36:35,2026,-70.934233,19.240654,6,50c9509d-22c7-4a22-a47d-8c48425ef4a7,iNaturalist,Observations,25,05,SAN JOSÉ DE LAS MATAS,012505,874c8939dffffff
https://www.inaturalist.org/observations/358455397,6320174351,Pentalinon luteum,Pentalinon luteum (L.) B.F.Hansen & Wunderlin,Apocynaceae,Pentalinon,SPECIES,HUMAN_OBSERVATION,2026-05-03T16:49:17,2026,-70.926466,19.241188,6,50c9509d-22c7-4a22-a47d-8c48425ef4a7,iNaturalist,Observations,25,05,SAN JOSÉ DE LAS MATAS,012505,874c8938effffff
https://www.inaturalist.org/observations/37139634,2550043926,Rubus rosifolius,Rubus rosifolius Sm.,Rosaceae,Rubus,SPECIES,HUMAN_OBSERVATION,2019-12-29T10:22:56Z,2019,-70.972241,19.218104,783,50c9509d-22c7-4a22-a47d-8c48425ef4a7,iNaturalist,Observations,25,05,SAN JOSÉ DE LAS MATAS,012505,874c8939bffffff
https://www.inaturalist.org/observations/45550136,2626577044,Adiantum pyramidale,Adiantum pyramidale (L.) Willd.,Pteridaceae,Adiantum,SPECIES,HUMAN_OBSERVATION,2015-10-19T11:22,2015,-70.964631,19.352267,NA,50c9509d-22c7-4a22-a47d-8c48425ef4a7,iNaturalist,Observations,25,05,SAN JOSÉ DE LAS MATAS,012505,874c8905affffff
https://www.inaturalist.org/observations/45550933,2988498469,Pecluma pectinata,Pecluma pectinata (L.) M.G.Price,Polypodiaceae,Pecluma,SPECIES,HUMAN_OBSERVATION,2015-10-29T17:00,2015,-70.982978,19.352121,NA,50c9509d-22c7-4a22-a47d-8c48425ef4a7,iNaturalist,Observations,25,05,SAN JOSÉ DE LAS MATAS,012505,874c890e9ffffff
https://www.inaturalist.org/observations/45553209,2641319449,Asplenium dimidiatum,Asplenium dimidiatum Sw.,Aspleniaceae,Asplenium,SPECIES,HUMAN_OBSERVATION,2015-10-19T10:57,2015,-70.964707,19.352253,NA,50c9509d-22c7-4a22-a47d-8c48425ef4a7,iNaturalist,Observations,25,05,SAN JOSÉ DE LAS MATAS,012505,874c8905affffff
https://www.inaturalist.org/observations/4996684,2641346309,Tillandsia pruinosa,Tillandsia pruinosa Sw.,Bromeliaceae,Tillandsia,SPECIES,HUMAN_OBSERVATION,2017-01-01T16:03,2017,-70.939819,19.337871,1749,50c9509d-22c7-4a22-a47d-8c48425ef4a7,iNaturalist,Observations,25,05,SAN JOSÉ DE LAS MATAS,012505,874c893a6ffffff
https://www.inaturalist.org/observations/63346839,2963773608,Ricinus communis,Ricinus communis L.,Euphorbiaceae,Ricinus,SPECIES,HUMAN_OBSERVATION,2020-10-23T15:02:50Z,2020,-70.955876,19.218185,1540,50c9509d-22c7-4a22-a47d-8c48425ef4a7,iNaturalist,Observations,25,05,SAN JOSÉ DE LAS MATAS,012505,874c8939bffffff
https://www.inaturalist.org/observations/64646866,3058779672,Passiflora orbiculata,Passiflora orbiculata Cav.,Passifloraceae,Passiflora,SPECIES,HUMAN_OBSERVATION,2011-03-23T18:37Z,2011,-70.975,19.163056,2049,50c9509d-22c7-4a22-a47d-8c48425ef4a7,iNaturalist,Observations,25,05,SAN JOSÉ DE LAS MATAS,012505,874c89286ffffff
https://www.inaturalist.org/observations/64646871,3384301565,Spathoglottis plicata,Spathoglottis plicata Blume,Orchidaceae,Spathoglottis,SPECIES,HUMAN_OBSERVATION,2011-03-26T18:32Z,2011,-70.977449,19.173609,122,50c9509d-22c7-4a22-a47d-8c48425ef4a7,iNaturalist,Observations,25,05,SAN JOSÉ DE LAS MATAS,012505,874c892b3ffffff
https://www.inaturalist.org/observations/65017488,3058716611,Euphorbia leucocephala,Euphorbia leucocephala Lotsy,Euphorbiaceae,Euphorbia,SPECIES,HUMAN_OBSERVATION,2020-11-14T16:56:35Z,2020,-70.958228,19.21825,5,50c9509d-22c7-4a22-a47d-8c48425ef4a7,iNaturalist,Observations,25,05,SAN JOSÉ DE LAS MATAS,012505,874c8939bffffff
https://www.inaturalist.org/observations/65017515,4606534621,Kalanchoe houghtonii,Kalanchoe × houghtonii D.B.Ward,Crassulaceae,Kalanchoe,SPECIES,HUMAN_OBSERVATION,2020-11-15T07:22:48Z,2020,-70.991875,19.196492,10,50c9509d-22c7-4a22-a47d-8c48425ef4a7,iNaturalist,Observations,25,05,SAN JOSÉ DE LAS MATAS,012505,874c892b0ffffff
https://www.inaturalist.org/observations/65017748,3031668060,Tithonia diversifolia,Tithonia diversifolia (Hemsl.) A.Gray,Asteraceae,Tithonia,SPECIES,HUMAN_OBSERVATION,2020-11-15T11:36:03Z,2020,-70.98918,19.200167,5,50c9509d-22c7-4a22-a47d-8c48425ef4a7,iNaturalist,Observations,25,05,SAN JOSÉ DE LAS MATAS,012505,874c892b0ffffff
https://www.inaturalist.org/observations/65017784,3764518331,Trimezia steyermarkii,Trimezia steyermarkii R.C.Foster,Iridaceae,Trimezia,SPECIES,HUMAN_OBSERVATION,2020-11-15T12:53:36Z,2020,-70.99852,19.201045,58,50c9509d-22c7-4a22-a47d-8c48425ef4a7,iNaturalist,Observations,25,05,SAN JOSÉ DE LAS MATAS,012505,874c892b6ffffff
https://www.inaturalist.org/observations/65909467,3314509379,Doryopteris pedata,Doryopteris pedata (L.) Fée,Pteridaceae,Doryopteris,SPECIES,HUMAN_OBSERVATION,2020-07-06T14:57:47Z,2020,-70.99867,19.343569,128,50c9509d-22c7-4a22-a47d-8c48425ef4a7,iNaturalist,Observations,25,05,SAN JOSÉ DE LAS MATAS,012505,874c890ebffffff
https://www.inaturalist.org/observations/67092441,3039401782,Doryopteris pedata,Doryopteris pedata (L.) Fée,Pteridaceae,Doryopteris,SPECIES,HUMAN_OBSERVATION,2020-12-26T12:17:58Z,2020,-70.998746,19.338339,NA,50c9509d-22c7-4a22-a47d-8c48425ef4a7,iNaturalist,Observations,25,05,SAN JOSÉ DE LAS MATAS,012505,874c890ebffffff
https://www.inaturalist.org/observations/68463912,4413400376,Cucumis dipsaceus,Cucumis dipsaceus Ehrenb. ex Spach,Cucurbitaceae,Cucumis,SPECIES,HUMAN_OBSERVATION,2021-01-22T18:05:55Z,2021,-70.957131,19.21866,5,50c9509d-22c7-4a22-a47d-8c48425ef4a7,iNaturalist,Observations,25,05,SAN JOSÉ DE LAS MATAS,012505,874c8939bffffff
https://www.inaturalist.org/observations/70662525,5206226319,Rubus rosifolius,Rubus rosifolius Sm.,Rosaceae,Rubus,SPECIES,HUMAN_OBSERVATION,2021-03-05T07:25:17Z,2021,-71.013564,19.221495,5,50c9509d-22c7-4a22-a47d-8c48425ef4a7,iNaturalist,Observations,25,05,SAN JOSÉ DE LAS MATAS,012505,874c8976bffffff
https://www.inaturalist.org/observations/70662698,3058698186,Poitea campanilla,Poitea campanilla DC.,Fabaceae,Poitea,SPECIES,HUMAN_OBSERVATION,2021-03-05T12:17:19Z,2021,-71.049408,19.267942,2297,50c9509d-22c7-4a22-a47d-8c48425ef4a7,iNaturalist,Observations,25,05,SAN JOSÉ DE LAS MATAS,012505,874c89763ffffff
https://www.inaturalist.org/observations/70663175,3090523944,Spathoglottis plicata,Spathoglottis plicata Blume,Orchidaceae,Spathoglottis,SPECIES,HUMAN_OBSERVATION,2021-03-05T13:11:01Z,2021,-71.046203,19.252953,5,50c9509d-22c7-4a22-a47d-8c48425ef4a7,iNaturalist,Observations,25,05,SAN JOSÉ DE LAS MATAS,012505,874c89763ffffff
https://www.inaturalist.org/observations/7263336,1640043146,Opuntia taylorii,Opuntia repens subsp. taylorii (Britton & Rose) Guiggi,Cactaceae,Opuntia,SUBSPECIES,HUMAN_OBSERVATION,2015-10-23T11:31,2015,-71.118139,19.404633,NA,50c9509d-22c7-4a22-a47d-8c48425ef4a7,iNaturalist,Observations,25,05,SAN JOSÉ DE LAS MATAS,012505,874c890f2ffffff
https://www.inaturalist.org/observations/7514221,3455312363,Lepechinia urbani,Lepechinia urbani (Briq.) Epling,Lamiaceae,Lepechinia,SPECIES,HUMAN_OBSERVATION,2017-08-05T10:55,2017,-71.049948,19.175897,206,50c9509d-22c7-4a22-a47d-8c48425ef4a7,iNaturalist,Observations,25,05,SAN JOSÉ DE LAS MATAS,012505,874c8974bffffff
https://www.inaturalist.org/observations/7514224,1802630216,Paepalanthus repens,Paepalanthus repens (Lam.) Körn.,Eriocaulaceae,Paepalanthus,SPECIES,HUMAN_OBSERVATION,2017-08-05T11:23,2017,-71.049948,19.175897,206,50c9509d-22c7-4a22-a47d-8c48425ef4a7,iNaturalist,Observations,25,05,SAN JOSÉ DE LAS MATAS,012505,874c8974bffffff
https://www.inaturalist.org/observations/7515961,1807276141,Commelina diffusa,Commelina diffusa Burm.f.,Commelinaceae,Commelina,SPECIES,HUMAN_OBSERVATION,2017-08-06T12:47,2017,-71.049948,19.175897,206,50c9509d-22c7-4a22-a47d-8c48425ef4a7,iNaturalist,Observations,25,05,SAN JOSÉ DE LAS MATAS,012505,874c8974bffffff
https://www.inaturalist.org/observations/7515962,1802630232,Arachis pintoi,Arachis pintoi Krapov. & W.C.Greg.,Fabaceae,Arachis,SPECIES,HUMAN_OBSERVATION,2017-08-06T12:47,2017,-71.049948,19.175897,206,50c9509d-22c7-4a22-a47d-8c48425ef4a7,iNaturalist,Observations,25,05,SAN JOSÉ DE LAS MATAS,012505,874c8974bffffff
https://www.inaturalist.org/observations/7515966,1802630231,Gaultheria domingensis,Gaultheria domingensis Urb.,Ericaceae,Gaultheria,SPECIES,HUMAN_OBSERVATION,2017-08-05T11:28,2017,-71.049948,19.175897,206,50c9509d-22c7-4a22-a47d-8c48425ef4a7,iNaturalist,Observations,25,05,SAN JOSÉ DE LAS MATAS,012505,874c8974bffffff
https://www.inaturalist.org/observations/75320281,3355525498,Mangifera indica,Mangifera indica L.,Anacardiaceae,Mangifera,SPECIES,HUMAN_OBSERVATION,2021-04-25T13:39:54,2021,-70.908583,19.324888,5,50c9509d-22c7-4a22-a47d-8c48425ef4a7,iNaturalist,Observations,25,05,SAN JOSÉ DE LAS MATAS,012505,874c893a5ffffff
https://www.inaturalist.org/observations/75320663,3698225402,Thunbergia fragrans,Thunbergia fragrans Roxb.,Acanthaceae,Thunbergia,SPECIES,HUMAN_OBSERVATION,2021-04-25T13:57:09,2021,-70.9086,19.324463,50,50c9509d-22c7-4a22-a47d-8c48425ef4a7,iNaturalist,Observations,25,05,SAN JOSÉ DE LAS MATAS,012505,874c893a5ffffff
https://www.inaturalist.org/observations/92582285,4039169474,Tithonia diversifolia,Tithonia diversifolia (Hemsl.) A.Gray,Asteraceae,Tithonia,SPECIES,HUMAN_OBSERVATION,2021-08-26T11:07:44,2021,-70.88836,19.228053,2500,50c9509d-22c7-4a22-a47d-8c48425ef4a7,iNaturalist,Observations,25,05,SAN JOSÉ DE LAS MATAS,012505,874c89389ffffff
o-1003624418,2644923965,Melicoccus bijugatus,Melicoccus bijugatus Jacq.,Sapindaceae,Melicoccus,SPECIES,HUMAN_OBSERVATION,2019-04-27T14:00:35Z,2019,-70.985862,19.343704,27,7a3679ef-5582-4aaa-81f0-8c2545cafc81,,,25,05,SAN JOSÉ DE LAS MATAS,012505,874c890e9ffffff
o-1023924721,5110437321,Thunbergia grandiflora,Thunbergia grandiflora (Roxb. ex Rottler) Roxb.,Acanthaceae,Thunbergia,SPECIES,HUMAN_OBSERVATION,2024-07-26T09:06:01Z,2024,-70.92928,19.258611,NA,7a3679ef-5582-4aaa-81f0-8c2545cafc81,,,25,05,SAN JOSÉ DE LAS MATAS,012505,874c89383ffffff
o-1024770070,5110465685,Guarea guidonia,Guarea guidonia (L.) Sleumer,Meliaceae,Guarea,SPECIES,HUMAN_OBSERVATION,2024-09-27T14:43:48Z,2024,-70.924785,19.261432,174,7a3679ef-5582-4aaa-81f0-8c2545cafc81,,,25,05,SAN JOSÉ DE LAS MATAS,012505,874c89381ffffff
o-1025263284,5110301118,Pavonia spinifex,Pavonia spinifex (L.) Cav.,Malvaceae,Pavonia,SPECIES,HUMAN_OBSERVATION,2024-11-19T16:15:09Z,2024,-71.072661,19.369183,3,7a3679ef-5582-4aaa-81f0-8c2545cafc81,,,25,05,SAN JOSÉ DE LAS MATAS,012505,874c890c6ffffff
q-10002189421,3956130450,Euphorbia milii,Euphorbia milii Des Moul.,Euphorbiaceae,Euphorbia,SPECIES,HUMAN_OBSERVATION,2015-10-27T14:48:02.024Z,2015,-70.897342,19.23754,NA,14d5676a-2c54-4f94-9023-1e8dcd822aa0,,,25,05,SAN JOSÉ DE LAS MATAS,012505,874c89388ffffff
q-10021189062,3951492467,Sabdariffa gossypiifolia,Hibiscus sabdariffa L.,Malvaceae,Sabdariffa,SPECIES,HUMAN_OBSERVATION,2017-10-22T16:11:53.474Z,2017,-70.85018,19.346478,NA,14d5676a-2c54-4f94-9023-1e8dcd822aa0,,,25,05,SAN JOSÉ DE LAS MATAS,012505,874c89332ffffff
q-10068800638,2644782027,Plumbago auriculata,Plumbago auriculata Lam.,Plumbaginaceae,Plumbago,SPECIES,HUMAN_OBSERVATION,2019-04-20T23:48:55.446Z,2019,-70.934722,19.335,NA,14d5676a-2c54-4f94-9023-1e8dcd822aa0,,,25,05,SAN JOSÉ DE LAS MATAS,012505,874c893a6ffffff
q-10235882737,3957276070,Zornia reticulata,Zornia reticulata Sm.,Fabaceae,Zornia,SPECIES,HUMAN_OBSERVATION,2020-08-12T13:46:31.728Z,2020,-70.929577,19.246002,NA,14d5676a-2c54-4f94-9023-1e8dcd822aa0,,,25,05,SAN JOSÉ DE LAS MATAS,012505,874c8938effffff
q-10296294843,3953300845,Euphorbia leucocephala,Euphorbia leucocephala Lotsy,Euphorbiaceae,Euphorbia,SPECIES,HUMAN_OBSERVATION,2021-01-27T23:44:01.683Z,2021,-70.984703,19.203909,NA,14d5676a-2c54-4f94-9023-1e8dcd822aa0,,,25,05,SAN JOSÉ DE LAS MATAS,012505,874c892b0ffffff
q-10324450263,3959600847,Tridax procumbens,Tridax procumbens L.,Asteraceae,Tridax,SPECIES,HUMAN_OBSERVATION,2021-04-12T19:47:58.486Z,2021,-70.946675,19.226631,10,14d5676a-2c54-4f94-9023-1e8dcd822aa0,,,25,05,SAN JOSÉ DE LAS MATAS,012505,874c89399ffffff
q-10343337481,3958179086,Mangifera indica,Mangifera indica L.,Anacardiaceae,Mangifera,SPECIES,HUMAN_OBSERVATION,2021-05-05T12:56:01.078Z,2021,-70.918858,19.3386,11,14d5676a-2c54-4f94-9023-1e8dcd822aa0,,,25,05,SAN JOSÉ DE LAS MATAS,012505,874c893a4ffffff
q-10404713524,3957070039,Lippia micromera,Lippia micromera Schauer,Verbenaceae,Lippia,SPECIES,HUMAN_OBSERVATION,2021-06-24T19:27:01.279Z,2021,-71.053688,19.336836,NA,14d5676a-2c54-4f94-9023-1e8dcd822aa0,,,25,05,SAN JOSÉ DE LAS MATAS,012505,874c890ceffffff
q-10516798565,3958363994,Impatiens balsamina,Impatiens balsamina L.,Balsaminaceae,Impatiens,SPECIES,HUMAN_OBSERVATION,2021-12-28T18:46:04.919Z,2021,-70.955178,19.252598,72,14d5676a-2c54-4f94-9023-1e8dcd822aa0,,,25,05,SAN JOSÉ DE LAS MATAS,012505,874c8939cffffff
q-10642533739,3956844804,Psidium guajava,Psidium guajava L.,Myrtaceae,Psidium,SPECIES,HUMAN_OBSERVATION,2022-07-06T12:33:36.006Z,2022,-70.940939,19.336554,35,14d5676a-2c54-4f94-9023-1e8dcd822aa0,,,25,05,SAN JOSÉ DE LAS MATAS,012505,874c893a6ffffff
q-10682690978,3998411094,Thunbergia alata,Thunbergia alata Bojer ex Sims,Acanthaceae,Thunbergia,SPECIES,HUMAN_OBSERVATION,2022-08-29T14:32:26.749Z,2022,-70.924694,19.266744,NA,14d5676a-2c54-4f94-9023-1e8dcd822aa0,,,25,05,SAN JOSÉ DE LAS MATAS,012505,874c89381ffffff
q-10682692172,3999167265,Sphagneticola trilobata,Sphagneticola trilobata (L.) Pruski,Asteraceae,Sphagneticola,SPECIES,HUMAN_OBSERVATION,2022-08-29T14:33:57.884Z,2022,-70.880797,19.229575,NA,14d5676a-2c54-4f94-9023-1e8dcd822aa0,,,25,05,SAN JOSÉ DE LAS MATAS,012505,874c89389ffffff
q-10700799221,3999057850,Andira inermis,Andira inermis (W.Wright) Kunth ex DC.,Fabaceae,Andira,SPECIES,HUMAN_OBSERVATION,2022-09-30T17:59:43.911Z,2022,-70.924433,19.287917,NA,14d5676a-2c54-4f94-9023-1e8dcd822aa0,,,25,05,SAN JOSÉ DE LAS MATAS,012505,874c89385ffffff
q-10714879189,3999167423,Anacardium occidentale,Anacardium occidentale L.,Anacardiaceae,Anacardium,SPECIES,HUMAN_OBSERVATION,2022-10-28T16:38:01.101Z,2022,-70.963177,19.341873,310,14d5676a-2c54-4f94-9023-1e8dcd822aa0,,,25,05,SAN JOSÉ DE LAS MATAS,012505,874c893b4ffffff
q-10718942701,3998745540,Callisia repens,Callisia repens (Jacq.) L.,Commelinaceae,Callisia,SPECIES,HUMAN_OBSERVATION,2022-11-06T23:19:25.281Z,2022,-70.924819,19.287772,NA,14d5676a-2c54-4f94-9023-1e8dcd822aa0,,,25,05,SAN JOSÉ DE LAS MATAS,012505,874c89385ffffff
q-10718942904,3999122708,Corchorus hirtus,Corchorus hirtus L.,Malvaceae,Corchorus,SPECIES,HUMAN_OBSERVATION,2022-11-06T23:20:44.900Z,2022,-70.928858,19.25665,NA,14d5676a-2c54-4f94-9023-1e8dcd822aa0,,,25,05,SAN JOSÉ DE LAS MATAS,012505,874c89383ffffff
q-10719031889,3999140628,Sphagneticola trilobata,Sphagneticola trilobata (L.) Pruski,Asteraceae,Sphagneticola,SPECIES,HUMAN_OBSERVATION,2022-11-07T10:26:36.322Z,2022,-70.880797,19.229575,NA,14d5676a-2c54-4f94-9023-1e8dcd822aa0,,,25,05,SAN JOSÉ DE LAS MATAS,012505,874c89389ffffff
q-10725465600,3998824918,Alysicarpus vaginalis,Alysicarpus vaginalis (L.) DC.,Fabaceae,Alysicarpus,SPECIES,HUMAN_OBSERVATION,2022-11-29T09:00:33.541Z,2022,-70.926169,19.28795,NA,14d5676a-2c54-4f94-9023-1e8dcd822aa0,,,25,05,SAN JOSÉ DE LAS MATAS,012505,874c89385ffffff
urn:catalog:CAS:BOT-BC:296921,1426387650,Miconia impetiolaris,Miconia impetiolaris (Sw.) D.Don,Melastomataceae,Miconia,SPECIES,PRESERVED_SPECIMEN,1988-05-25,1988,-71.133333,19.283333,NA,f934f8e2-32ca-46a7-b2f8-b032a4740454,CAS,BOT-BC,25,05,SAN JOSÉ DE LAS MATAS,012505,874c8970dffffff
urn:catalog:CAS:BOT-BC:425162,1426470914,Miconia scalpta,Ossaea scalpta (Vent.) DC.,Melastomataceae,Miconia,SPECIES,PRESERVED_SPECIMEN,1988-05-25,1988,-71.15,19.3,NA,f934f8e2-32ca-46a7-b2f8-b032a4740454,CAS,BOT-BC,25,05,SAN JOSÉ DE LAS MATAS,012505,874c8972bffffff
urn:catalog:JBRJ:RB:1495452,4412568309,Eugenia P.Micheli ex L.,Eugenia P.Micheli ex L.,Myrtaceae,Eugenia,GENUS,PRESERVED_SPECIMEN,1983-05-23,1983,-71,19.333333,NA,4300f8d5-1ae5-49e5-a101-63894b005868,JBRJ,RB,25,05,SAN JOSÉ DE LAS MATAS,012505,874c893b6ffffff
urn:catalog:JBRJ:RB:307119,1424068390,Eugenia P.Micheli ex L.,Eugenia P.Micheli ex L.,Myrtaceae,Eugenia,GENUS,PRESERVED_SPECIMEN,1983-05-23,1983,-71,19.333333,NA,4300f8d5-1ae5-49e5-a101-63894b005868,JBRJ,RB,25,05,SAN JOSÉ DE LAS MATAS,012505,874c893b6ffffff
urn:catalog:JBRJ:RB:309657,1424070897,Eugenia biflora,Eugenia biflora (L.) DC.,Myrtaceae,Eugenia,SPECIES,PRESERVED_SPECIMEN,1983-05-23,1983,-71,19.333333,NA,4300f8d5-1ae5-49e5-a101-63894b005868,JBRJ,RB,25,05,SAN JOSÉ DE LAS MATAS,012505,874c893b6ffffff
urn:catalog:MO:Tropicos:100230942,1257583038,Passiflora bicrura,Passiflora bicrura Urb.,Passifloraceae,Passiflora,SPECIES,PRESERVED_SPECIMEN,1938-10-03,1938,-70.95,19.233333,NA,e053ff53-c156-4e2e-b9b5-4462e9625424,P,Tropicos,25,05,SAN JOSÉ DE LAS MATAS,012505,874c89398ffffff
urn:catalog:MO:Tropicos:100239316,1257591072,Passiflora sexflora,Passiflora sexflora Juss.,Passifloraceae,Passiflora,SPECIES,PRESERVED_SPECIMEN,1938-09-29,1938,-71.016667,19.266667,NA,e053ff53-c156-4e2e-b9b5-4462e9625424,P,Tropicos,25,05,SAN JOSÉ DE LAS MATAS,012505,874c89392ffffff
urn:catalog:MO:Tropicos:100832561,1258161519,Euphorbia adenoptera,Euphorbia adenoptera Bertol.,Euphorbiaceae,Euphorbia,SPECIES,PRESERVED_SPECIMEN,1988-06-27,1988,-71.033333,19.05,NA,7bd65a7a-f762-11e1-a439-00145eb45e9a,MO,Tropicos,25,05,SAN JOSÉ DE LAS MATAS,012505,874cd6916ffffff
urn:catalog:MO:Tropicos:101193588,2806564550,Diospyros domingensis,Diospyros domingensis subsp. domingensis,Ebenaceae,Diospyros,SUBSPECIES,PRESERVED_SPECIMEN,1969-05-14,1969,-70.883333,19.433333,NA,e053ff53-c156-4e2e-b9b5-4462e9625424,P,Tropicos,25,05,SAN JOSÉ DE LAS MATAS,012505,874c89061ffffff
urn:catalog:MO:Tropicos:101195915,2806588592,Diospyros crassinervis,Diospyros crassinervis subsp. urbaniana (Leonard) Alain,Ebenaceae,Diospyros,SUBSPECIES,PRESERVED_SPECIMEN,1968-05-09,1968,-70.983333,19.35,NA,e053ff53-c156-4e2e-b9b5-4462e9625424,GH,Tropicos,25,05,SAN JOSÉ DE LAS MATAS,012505,874c890e9ffffff
urn:catalog:MO:Tropicos:101319722,3946764977,Rondeletia trilobata,Rondeletia trilobata (Borhidi) Borhidi,Rubiaceae,Rondeletia,SPECIES,PRESERVED_SPECIMEN,1987-06-09,1987,-71.116667,19.3,NA,7bd65a7a-f762-11e1-a439-00145eb45e9a,MO,Tropicos,25,05,SAN JOSÉ DE LAS MATAS,012505,874c89729ffffff
urn:catalog:MO:Tropicos:101345460,3946801413,Guettarda valenzuelana,Guettarda valenzuelana A.Rich.,Rubiaceae,Guettarda,SPECIES,PRESERVED_SPECIMEN,2002-09-09,2002,-70.95,19.433333,NA,7bd65a7a-f762-11e1-a439-00145eb45e9a,MO,Tropicos,25,05,SAN JOSÉ DE LAS MATAS,012505,874c89071ffffff
urn:catalog:MO:Tropicos:101840631,4061343803,Montrichardia arborescens,Montrichardia arborescens (L.) Schott,Araceae,Montrichardia,SPECIES,PRESERVED_SPECIMEN,1993-05-06,1993,-71.1,19.216667,NA,e053ff53-c156-4e2e-b9b5-4462e9625424,NY,Tropicos,25,05,SAN JOSÉ DE LAS MATAS,012505,874c8975cffffff
urn:catalog:MO:Tropicos:102426239,4061683584,Passiflora bicrura,Passiflora bicrura Urb.,Passifloraceae,Passiflora,SPECIES,PRESERVED_SPECIMEN,1968-11-05,1968,-71.033333,19.083333,NA,e053ff53-c156-4e2e-b9b5-4462e9625424,NY,Tropicos,25,05,SAN JOSÉ DE LAS MATAS,012505,874c8964dffffff
urn:catalog:MO:Tropicos:103143165,4031940054,Diospyros domingensis,Diospyros domingensis subsp. domingensis,Ebenaceae,Diospyros,SUBSPECIES,PRESERVED_SPECIMEN,1969-05-14,1969,-70.883333,19.433333,NA,7bd65a7a-f762-11e1-a439-00145eb45e9a,MO,Tropicos,25,05,SAN JOSÉ DE LAS MATAS,012505,874c89061ffffff
urn:catalog:MO:Tropicos:103143166,4061334805,Diospyros domingensis,Diospyros domingensis subsp. domingensis,Ebenaceae,Diospyros,SUBSPECIES,PRESERVED_SPECIMEN,1969-05-14,1969,-70.883333,19.433333,NA,e053ff53-c156-4e2e-b9b5-4462e9625424,NY,Tropicos,25,05,SAN JOSÉ DE LAS MATAS,012505,874c89061ffffff
urn:catalog:MO:Tropicos:103145181,4061875448,Diospyros crassinervis,Diospyros crassinervis subsp. urbaniana (Leonard) Alain,Ebenaceae,Diospyros,SUBSPECIES,PRESERVED_SPECIMEN,1968-05-09,1968,-70.983333,19.35,NA,e053ff53-c156-4e2e-b9b5-4462e9625424,NY,Tropicos,25,05,SAN JOSÉ DE LAS MATAS,012505,874c890e9ffffff
urn:catalog:MO:Tropicos:1049146,1258255331,Tabebuia polyantha,Tabebuia polyantha Urb. & Ekman,Bignoniaceae,Tabebuia,SPECIES,PRESERVED_SPECIMEN,1985-07-16,1985,-71.13333,19.28333,NA,7bd65a7a-f762-11e1-a439-00145eb45e9a,MO,Tropicos,25,05,SAN JOSÉ DE LAS MATAS,012505,874c8970dffffff
urn:catalog:MO:Tropicos:105131162,6194636775,Zanthoxylum bifoliolatum,Zanthoxylum bifoliolatum subsp. bifoliolatum,Rutaceae,Zanthoxylum,SUBSPECIES,PRESERVED_SPECIMEN,1985-07-16,1985,-71.133333,19.283333,NA,7bd65a7a-f762-11e1-a439-00145eb45e9a,MO,Tropicos,25,05,SAN JOSÉ DE LAS MATAS,012505,874c8970dffffff
urn:catalog:MO:Tropicos:1446774,1258674987,Montrichardia arborescens,Montrichardia arborescens (L.) Schott,Araceae,Montrichardia,SPECIES,PRESERVED_SPECIMEN,1993-05-06,1993,-71.1,19.216667,NA,7bd65a7a-f762-11e1-a439-00145eb45e9a,MO,Tropicos,25,05,SAN JOSÉ DE LAS MATAS,012505,874c8975cffffff
urn:catalog:MO:Tropicos:2320502,1259622371,Piper jacquemontianum,Piper jacquemontianum (Kunth) Kunth ex Steud.,Piperaceae,Piper,SPECIES,PRESERVED_SPECIMEN,1930-05-26,1930,-71.18333,19.3,NA,7bd65a7a-f762-11e1-a439-00145eb45e9a,MO,Tropicos,25,05,SAN JOSÉ DE LAS MATAS,012505,874c89701ffffff
urn:catalog:MO:Tropicos:2325292,1259628410,Bulbostylis junciformis,Bulbostylis junciformis (Kunth) C.B.Clarke,Cyperaceae,Bulbostylis,SPECIES,PRESERVED_SPECIMEN,1988-06-27,1988,-71.03333,19.05,NA,7bd65a7a-f762-11e1-a439-00145eb45e9a,MO,Tropicos,25,05,SAN JOSÉ DE LAS MATAS,012505,874cd6916ffffff
urn:catalog:MO:Tropicos:2332357,1259635485,Paepalanthus repens,Paepalanthus repens (Lam.) Körn.,Eriocaulaceae,Paepalanthus,SPECIES,PRESERVED_SPECIMEN,1988-06-27,1988,-71.03333,19.05,NA,7bd65a7a-f762-11e1-a439-00145eb45e9a,MO,Tropicos,25,05,SAN JOSÉ DE LAS MATAS,012505,874cd6916ffffff
urn:catalog:MO:Tropicos:2351888,1259657378,Sisyrinchium L.,Sisyrinchium L.,Iridaceae,Sisyrinchium,GENUS,PRESERVED_SPECIMEN,1988-06-27,1988,-71.03333,19.05,NA,7bd65a7a-f762-11e1-a439-00145eb45e9a,MO,Tropicos,25,05,SAN JOSÉ DE LAS MATAS,012505,874cd6916ffffff
urn:catalog:MO:Tropicos:2435260,1259748871,Plantae,Plantae,,,KINGDOM,PRESERVED_SPECIMEN,1933-06-11,1933,-71.1833,19.3,NA,7bd65a7a-f762-11e1-a439-00145eb45e9a,MO,Tropicos,25,05,SAN JOSÉ DE LAS MATAS,012505,874c89701ffffff
urn:catalog:MO:Tropicos:2468305,1259785544,Hypericum diosmoides,Hypericum diosmoides Griseb.,Hypericaceae,Hypericum,SPECIES,PRESERVED_SPECIMEN,1988-06-27,1988,-71.03333,19.05,NA,7bd65a7a-f762-11e1-a439-00145eb45e9a,MO,Tropicos,25,05,SAN JOSÉ DE LAS MATAS,012505,874cd6916ffffff
urn:catalog:MO:Tropicos:2472102,1259789418,Begonia brachypoda,Begonia brachypoda O.E.Schulz,Begoniaceae,Begonia,SPECIES,PRESERVED_SPECIMEN,1930-05-18,1930,-70.9389,19.33915,NA,7bd65a7a-f762-11e1-a439-00145eb45e9a,MO,Tropicos,25,05,SAN JOSÉ DE LAS MATAS,012505,874c893a6ffffff
urn:catalog:MO:Tropicos:2494027,1259813716,Eugenia monticola,Eugenia monticola (Sw.) DC.,Myrtaceae,Eugenia,SPECIES,PRESERVED_SPECIMEN,1987-06-10,1987,-71.21666,19.36805,NA,7bd65a7a-f762-11e1-a439-00145eb45e9a,MO,Tropicos,25,05,SAN JOSÉ DE LAS MATAS,012505,874c89735ffffff
urn:catalog:MO:Tropicos:2497968,1259818088,Myrcia splendens,Myrcia splendens (Sw.) DC.,Myrtaceae,Myrcia,SPECIES,PRESERVED_SPECIMEN,1933-06-16,1933,-71.1833,19.3,NA,7bd65a7a-f762-11e1-a439-00145eb45e9a,MO,Tropicos,25,05,SAN JOSÉ DE LAS MATAS,012505,874c89701ffffff
urn:catalog:MO:Tropicos:2501360,1259821867,Miconia prasina,Miconia prasina (Sw.) DC.,Melastomataceae,Miconia,SPECIES,PRESERVED_SPECIMEN,1929-12-20,1929,-71.183333,19.333333,NA,7bd65a7a-f762-11e1-a439-00145eb45e9a,MO,Tropicos,25,05,SAN JOSÉ DE LAS MATAS,012505,874c89704ffffff
urn:catalog:MO:Tropicos:2526104,1259849209,Symplocos cubensis,Symplocos berteroi (A.DC.) Miers,Symplocaceae,Symplocos,SPECIES,PRESERVED_SPECIMEN,1985-07-16,1985,-71.16666,19.31666,NA,7bd65a7a-f762-11e1-a439-00145eb45e9a,MO,Tropicos,25,05,SAN JOSÉ DE LAS MATAS,012505,874c8972affffff
urn:catalog:MO:Tropicos:2562114,1259888985,Bourreria succulenta,Bourreria succulenta Jacq.,Ehretiaceae,Bourreria,SPECIES,PRESERVED_SPECIMEN,1987-06-10,1987,-71.05,19.38333,NA,7bd65a7a-f762-11e1-a439-00145eb45e9a,MO,Tropicos,25,05,SAN JOSÉ DE LAS MATAS,012505,874c890e3ffffff
urn:catalog:MO:Tropicos:2565949,1259893223,Cestrum mononeurum,Cestrum mononeurum Urb. & Ekman,Solanaceae,Cestrum,SPECIES,PRESERVED_SPECIMEN,1996,1996,-71.01666,19.06805,NA,7bd65a7a-f762-11e1-a439-00145eb45e9a,MO,Tropicos,25,05,SAN JOSÉ DE LAS MATAS,012505,874cd6932ffffff
urn:catalog:MO:Tropicos:2584236,1259913528,Triodanis perfoliata,Triodanis perfoliata (L.) Nieuwl.,Campanulaceae,Triodanis,SPECIES,PRESERVED_SPECIMEN,1988-06-27,1988,-71.03333,19.05,NA,7bd65a7a-f762-11e1-a439-00145eb45e9a,MO,Tropicos,25,05,SAN JOSÉ DE LAS MATAS,012505,874cd6916ffffff
urn:catalog:MO:Tropicos:2585352,1259914678,Acanthospermum Schrank,Acanthospermum Schrank,Asteraceae,Acanthospermum,GENUS,PRESERVED_SPECIMEN,1983-02-19,1983,-70.95,19.33333,NA,7bd65a7a-f762-11e1-a439-00145eb45e9a,MO,Tropicos,25,05,SAN JOSÉ DE LAS MATAS,012505,874c8905bffffff
urn:catalog:MO:Tropicos:2603726,1259934975,Melastomataceae Juss.,Melastomataceae Juss.,Melastomataceae,,FAMILY,PRESERVED_SPECIMEN,1988-05-25,1988,-71.15,19.3,NA,7bd65a7a-f762-11e1-a439-00145eb45e9a,MO,Tropicos,25,05,SAN JOSÉ DE LAS MATAS,012505,874c8972bffffff
urn:catalog:MO:Tropicos:2892993,1260253088,Carex lurida,Carex lurida Wahlenb.,Cyperaceae,Carex,SPECIES,PRESERVED_SPECIMEN,1988-06-27,1988,-71.03333,19.05,NA,7bd65a7a-f762-11e1-a439-00145eb45e9a,MO,Tropicos,25,05,SAN JOSÉ DE LAS MATAS,012505,874cd6916ffffff
urn:catalog:MO:Tropicos:3151056,1260538340,Miconia macrocarpa,Miconia macrocarpa subsp. tuerckheimii (Cogn.) Judd & Ionta,Melastomataceae,Miconia,SUBSPECIES,PRESERVED_SPECIMEN,1999-03-20,1999,-71.01666,19.11666,NA,7bd65a7a-f762-11e1-a439-00145eb45e9a,MO,Tropicos,25,05,SAN JOSÉ DE LAS MATAS,012505,874c8966dffffff
urn:catalog:MO:Tropicos:3152594,1260540287,Eugenia monticola,Eugenia monticola (Sw.) DC.,Myrtaceae,Eugenia,SPECIES,PRESERVED_SPECIMEN,1984-10-03,1984,-71,19.36666,NA,7bd65a7a-f762-11e1-a439-00145eb45e9a,MO,Tropicos,25,05,SAN JOSÉ DE LAS MATAS,012505,874c890e8ffffff
urn:catalog:MO:Tropicos:3153710,1260541420,Sarcomphalus domingensis,Ziziphus rignonii Delponte,Rhamnaceae,Sarcomphalus,SPECIES,PRESERVED_SPECIMEN,1989-09-28,1989,-70.9,19.45,NA,7bd65a7a-f762-11e1-a439-00145eb45e9a,MO,Tropicos,25,05,SAN JOSÉ DE LAS MATAS,012505,874c89064ffffff
urn:catalog:MO:Tropicos:3153789,1260541349,Croton vaillantii,Croton vaillantii Geiseler,Euphorbiaceae,Croton,SPECIES,PRESERVED_SPECIMEN,1989-09-28,1989,-70.9,19.45,NA,7bd65a7a-f762-11e1-a439-00145eb45e9a,MO,Tropicos,25,05,SAN JOSÉ DE LAS MATAS,012505,874c89064ffffff
urn:catalog:MO:Tropicos:3406132,1260820173,Cyrilla racemiflora,Cyrilla racemiflora L.,Cyrillaceae,Cyrilla,SPECIES,PRESERVED_SPECIMEN,1985-07-16,1985,-71.16666,19.31666,NA,7bd65a7a-f762-11e1-a439-00145eb45e9a,MO,Tropicos,25,05,SAN JOSÉ DE LAS MATAS,012505,874c8972affffff
urn:catalog:MO:Tropicos:3409963,1260824417,Dodonaea viscosa,Dodonaea elaeagnoides Rudolphi ex Ledeb. & Adlerstam,Sapindaceae,Dodonaea,SPECIES,PRESERVED_SPECIMEN,1989-09-28,1989,-70.9,19.45,NA,7bd65a7a-f762-11e1-a439-00145eb45e9a,MO,Tropicos,25,05,SAN JOSÉ DE LAS MATAS,012505,874c89064ffffff
urn:catalog:MO:Tropicos:3477030,1260898355,Passiflora bicrura,Passiflora bicrura Urb.,Passifloraceae,Passiflora,SPECIES,PRESERVED_SPECIMEN,1968-11-05,1968,-71.033333,19.083333,NA,e053ff53-c156-4e2e-b9b5-4462e9625424,GH,Tropicos,25,05,SAN JOSÉ DE LAS MATAS,012505,874c8964dffffff
