occurrenceID,gbifID,especie,scientificName,family,genus,taxonRank,basisOfRecord,eventDate,year,decimalLongitude,decimalLatitude,coordinateUncertaintyInMeters,datasetKey,institutionCode,collectionCode,provincia_codigo,municipio_codigo,municipio,id_municipio,hex_id
003db87b-25a1-44e9-a589-253fac6a1731,1927772621,Tillandsia juncea,Tillandsia juncea (Ruiz & Pav.) Poir.,Bromeliaceae,Tillandsia,SPECIES,PRESERVED_SPECIMEN,1981-01-14,1981,-69.275,19.02,NA,d415c253-4d61-4459-9d25-4015b9084fb0,NY,NY,30,02,SABANA DE LA MAR,093002,874cf30ddffffff
005e6a8c-917e-4422-91c6-c668b5fa9212,1927775259,Thelypteris Schmidel,Thelypteris Schmidel,Thelypteridaceae,Thelypteris,GENUS,PRESERVED_SPECIMEN,1982-06-28,1982,-69.45,19.07,NA,d415c253-4d61-4459-9d25-4015b9084fb0,NY,NY,30,02,SABANA DE LA MAR,093002,874cf3734ffffff
0065983f-41d7-4e81-b0c7-6d13a155211a,1927774029,Polystichopsis chaerophylloides,Polystichopsis chaerophylloides (Poir.) C.V.Morton,Dryopteridaceae,Polystichopsis,SPECIES,PRESERVED_SPECIMEN,1982-06-30,1982,-69.5,19.08,NA,d415c253-4d61-4459-9d25-4015b9084fb0,NY,NY,30,02,SABANA DE LA MAR,093002,874cf344cffffff
007f2099-7f28-4924-a356-5c7b317924eb,1927774608,Goniopteris domingensis,Thelypteris guadalupensis (Wikstr.) Proctor,Thelypteridaceae,Goniopteris,SPECIES,PRESERVED_SPECIMEN,1985-08-06,1985,-69.5,19,NA,d415c253-4d61-4459-9d25-4015b9084fb0,NY,NY,30,02,SABANA DE LA MAR,093002,874cf37a1ffffff
00c37b7b-e826-4476-a91c-4a0d4a2dc691,1927778818,Hypnea musciformis,Hypnea musciformis (Wulfen) Lamouroux,Cystocloniaceae,Hypnea,SPECIES,PRESERVED_SPECIMEN,1977-07-11,1977,-69.381955,19.062022,655.57,d415c253-4d61-4459-9d25-4015b9084fb0,NY,NY,30,02,SABANA DE LA MAR,093002,874cf3725ffffff
023809d1-cd46-4add-a7e0-fa35f20185c0,1927798634,Neurolaena lobata,Neurolaena lobata (L.) R.Br.,Asteraceae,Neurolaena,SPECIES,PRESERVED_SPECIMEN,1982-06-28,1982,-69.45,19.07,NA,d415c253-4d61-4459-9d25-4015b9084fb0,NY,NY,30,02,SABANA DE LA MAR,093002,874cf3734ffffff
0291b063-4dce-4e90-b78f-f001a17b1435,1927803548,Pseudolmedia spuria,Pseudolmedia spuria (Sw.) Griseb.,Moraceae,Pseudolmedia,SPECIES,PRESERVED_SPECIMEN,1985-04-25,1985,-69.57,19.08,NA,d415c253-4d61-4459-9d25-4015b9084fb0,NY,NY,30,02,SABANA DE LA MAR,093002,874cf3451ffffff
02bd28c2-fb51-4eff-960c-b058fba2ec34,2270679699,Pimenta racemosa,Pimenta racemosa var. terebinthina (Burret) Landrum,Myrtaceae,Pimenta,VARIETY,PRESERVED_SPECIMEN,1985-08-07,1985,-69.5167,19,NA,e05fd4c2-4d77-4c50-880e-1b22096af300,ASU,Plants,30,02,SABANA DE LA MAR,093002,874cf37a3ffffff
03449459-6c48-494a-8af3-4d305826799c,1927813840,Gonzalagunia hirsuta,Gonzalagunia hirsuta (Jacq.) K.Schum.,Rubiaceae,Gonzalagunia,SPECIES,PRESERVED_SPECIMEN,1985-04-25,1985,-69.57,19.08,NA,d415c253-4d61-4459-9d25-4015b9084fb0,NY,NY,30,02,SABANA DE LA MAR,093002,874cf3451ffffff
034989EC-B31D-45BA-AC5D-A99F6F44EAED,122987938,Piper anonifolium,Piper citrifolium Trel. & Yunck.,Piperaceae,Piper,SPECIES,PRESERVED_SPECIMEN,1982-06-28,1982,-69.45,19.0667,NA,832cb04e-f762-11e1-a439-00145eb45e9a,FTG,Herbarium,30,02,SABANA DE LA MAR,093002,874cf3734ffffff
040062c4-233d-4430-84df-daae4734bf80,1927824165,Piper samanense,Piper samanense Urb.,Piperaceae,Piper,SPECIES,PRESERVED_SPECIMEN,1996-09-23,1996,-69.4514,19.0556,NA,d415c253-4d61-4459-9d25-4015b9084fb0,NY,NY,30,02,SABANA DE LA MAR,093002,874cf3730ffffff
04f332af-ed7c-4ad5-906e-e792fd54da68,1927837808,Neustanthus phaseoloides,Pueraria phaseoloides (Roxb.) Benth.,Fabaceae,Neustanthus,SPECIES,PRESERVED_SPECIMEN,1980-12-17,1980,-69.28,19.03,NA,d415c253-4d61-4459-9d25-4015b9084fb0,NY,NY,30,02,SABANA DE LA MAR,093002,874cf30c3ffffff
050b8a6d-a0fb-4ae2-9321-69286794fb57,1927838793,Ananthacorus angustifolius,Ananthacorus angustifolius (Sw.) Underw. & Maxon,Pteridaceae,Ananthacorus,SPECIES,PRESERVED_SPECIMEN,1985-04-23,1985,-69.58,19.08,NA,d415c253-4d61-4459-9d25-4015b9084fb0,NY,NY,30,02,SABANA DE LA MAR,093002,874cf3453ffffff
06a3536e-8d6a-40b2-b604-3d940d4f84a0,1927861407,Paspalum virgatum,Paspalum virgatum L.,Poaceae,Paspalum,SPECIES,PRESERVED_SPECIMEN,1982-06-28,1982,-69.45,19.07,NA,d415c253-4d61-4459-9d25-4015b9084fb0,NY,NY,30,02,SABANA DE LA MAR,093002,874cf3734ffffff
07AC2170-9722-45FB-8DF2-A6FF3F039155,123000628,Rondeletia exasperata,Rondeletia exasperata Borhidi,Rubiaceae,Rondeletia,SPECIES,PRESERVED_SPECIMEN,1986-02-20,1986,-69.5,19,NA,832cb04e-f762-11e1-a439-00145eb45e9a,FTG,Herbarium,30,02,SABANA DE LA MAR,093002,874cf37a1ffffff
0844C476-178F-44CA-AACB-7D45A2F638F6,122987887,Piper jacquemontianum,Piper jacquemontianum (Kunth) Kunth ex Steud.,Piperaceae,Piper,SPECIES,PRESERVED_SPECIMEN,1982-06-30,1982,-69.5,19.0833,NA,832cb04e-f762-11e1-a439-00145eb45e9a,FTG,Herbarium,30,02,SABANA DE LA MAR,093002,874cf346affffff
0918e291-910c-497c-ae92-ac6961fb93a6,1927896057,Goniopteris pennata,Thelypteris pennata (Poir.) C.V.Morton,Thelypteridaceae,Goniopteris,SPECIES,PRESERVED_SPECIMEN,1982-09-16,1982,-69.28,19.02,NA,d415c253-4d61-4459-9d25-4015b9084fb0,NY,NY,30,02,SABANA DE LA MAR,093002,874cf30ddffffff
0987ff40-ea76-4a49-8353-293d3df6b696,1927903329,Fleischmannia microstemon,Fleischmannia microstemon (Cass.) R.M.King & H.Rob.,Asteraceae,Fleischmannia,SPECIES,PRESERVED_SPECIMEN,1986-02-20,1986,-69.5,19,NA,d415c253-4d61-4459-9d25-4015b9084fb0,NY,NY,30,02,SABANA DE LA MAR,093002,874cf37a1ffffff
09db5c41-9e58-44b5-81d6-580cc72746f1,1927907110,Jacaranda caerulea,Jacaranda caerulea (L.) Juss.,Bignoniaceae,Jacaranda,SPECIES,PRESERVED_SPECIMEN,1982-06-30,1982,-69.5,19.08,NA,d415c253-4d61-4459-9d25-4015b9084fb0,NY,NY,30,02,SABANA DE LA MAR,093002,874cf344cffffff
0D0F5416-D3C7-42AF-B560-910E08BFB7F7,2859245514,Rubiaceae Juss.,Rubiaceae Juss.,Rubiaceae,,FAMILY,PRESERVED_SPECIMEN,1992-07-08,1992,-69.466667,19.066667,NA,f3f03cbf-1a01-4739-ae15-c1355b8c2dbf,CM,botany,30,02,SABANA DE LA MAR,093002,874cf3736ffffff
0a172ef3-0379-4343-87ab-88da32947876,1927909996,Pharus parvifolius,Pharus parvifolius subsp. elongatus Judz.,Poaceae,Pharus,SUBSPECIES,PRESERVED_SPECIMEN,1985-08-06,1985,-69.5,19,NA,d415c253-4d61-4459-9d25-4015b9084fb0,NY,NY,30,02,SABANA DE LA MAR,093002,874cf37a1ffffff
0a4d3902-a2a9-479c-8d0d-c39ab1f3b0d9,1927913097,Peperomia rotundifolia,Peperomia rotundifolia (L.) Kunth,Piperaceae,Peperomia,SPECIES,PRESERVED_SPECIMEN,1985-08-06,1985,-69.5,19,NA,d415c253-4d61-4459-9d25-4015b9084fb0,NY,NY,30,02,SABANA DE LA MAR,093002,874cf37a1ffffff
0a78e056-8e14-4ddd-abbd-259b41a2bed0,1927915589,Allophylus racemosus,Allophylus racemosus subsp. racemosus,Sapindaceae,Allophylus,SUBSPECIES,PRESERVED_SPECIMEN,1985-08-07,1985,-69.52,19,NA,d415c253-4d61-4459-9d25-4015b9084fb0,NY,NY,30,02,SABANA DE LA MAR,093002,874cf37a3ffffff
0ad31f49-59f8-4d0e-b832-0878db7bb1fa,4079748201,Dalbergia ecastaphyllum,Dalbergia ecastaphyllum (L.) Taub.,Fabaceae,Dalbergia,SPECIES,PRESERVED_SPECIMEN,1958-09,1958,-69.383604,19.053614,270,3b040a48-deae-485c-95b1-2ac80b7fdc54,IIBZ,USD,30,02,SABANA DE LA MAR,093002,874cf3720ffffff
0bd1cb03-56bc-4ee9-a07a-dd1da2b28e45,1927934442,Trophis racemosa,Trophis racemosa (L.) Urb.,Moraceae,Trophis,SPECIES,PRESERVED_SPECIMEN,1985-08-06,1985,-69.5,19,NA,d415c253-4d61-4459-9d25-4015b9084fb0,NY,NY,30,02,SABANA DE LA MAR,093002,874cf37a1ffffff
0bee6d48-9d7c-4cb9-8997-16e8f8c9cc13,1927935977,Polystichopsis chaerophylloides,Polystichopsis chaerophylloides (Poir.) C.V.Morton,Dryopteridaceae,Polystichopsis,SPECIES,PRESERVED_SPECIMEN,1985-08-06,1985,-69.5,19,NA,d415c253-4d61-4459-9d25-4015b9084fb0,NY,NY,30,02,SABANA DE LA MAR,093002,874cf37a1ffffff
0c0e3825-c600-4c99-950a-5fd79c8624ef,1927937914,Nepsera aquatica,Nepsera aquatica (Aubl.) Naudin,Melastomataceae,Nepsera,SPECIES,PRESERVED_SPECIMEN,1982-06-28,1982,-69.45,19.07,NA,d415c253-4d61-4459-9d25-4015b9084fb0,NY,NY,30,02,SABANA DE LA MAR,093002,874cf3734ffffff
0c7a42f9-7128-4749-bf04-5d5286632aea,1927943592,Pireella cymbifolia,Pireella cymbifolia (Sull.) Cardot,Pterobryaceae,Pireella,SPECIES,PRESERVED_SPECIMEN,1981-03-28,1981,-69.2,19,NA,d415c253-4d61-4459-9d25-4015b9084fb0,NY,NY,30,02,SABANA DE LA MAR,093002,874cf33b3ffffff
0c7eaedf-ab46-4302-b329-e694a5d295cd,1457748006,Mouriri helleri,Mouriri helleri var. samanensis (Urb.) Morley,Melastomataceae,Mouriri,VARIETY,PRESERVED_SPECIMEN,1985-04-24,1985,-69.566667,19.083333,NA,b89d52a2-861d-4388-adad-c0da3d55fc78,UF,,30,02,SABANA DE LA MAR,093002,874cf3451ffffff
0d324ce8-5fe1-49ed-87b4-2e64f2f8b623,1927953756,Laurencia obtusa,Laurencia obtusa (Hudson) Lamouroux,Rhodomelaceae,Laurencia,SPECIES,PRESERVED_SPECIMEN,1977-07-11,1977,-69.381955,19.062022,655.57,d415c253-4d61-4459-9d25-4015b9084fb0,NY,NY,30,02,SABANA DE LA MAR,093002,874cf3725ffffff
0ddc8c2c-2ce6-44ab-b0cf-a88c741a2aee,1927963862,Pachira emarginata,Pachira emarginata A.Rich.,Malvaceae,Pachira,SPECIES,PRESERVED_SPECIMEN,1982-06-30,1982,-69.5,19.08,NA,d415c253-4d61-4459-9d25-4015b9084fb0,NY,NY,30,02,SABANA DE LA MAR,093002,874cf344cffffff
0e18c1c2-4cb1-4958-bdbe-5972a90903ca,1927966793,Guarea Allemão ex L.,Guarea Allemão ex L.,Meliaceae,Guarea,GENUS,PRESERVED_SPECIMEN,1991-01-23,1991,-69.13,18.92,NA,d415c253-4d61-4459-9d25-4015b9084fb0,NY,NY,30,02,SABANA DE LA MAR,093002,874cf3388ffffff
0eda452d-f4f6-4551-8010-a31d96932727,1927977077,Lygodium oligostachyum,Lygodium oligostachyum (Willd.) Desv.,Lygodiaceae,Lygodium,SPECIES,PRESERVED_SPECIMEN,1985-04-25,1985,-69.57,19.08,NA,d415c253-4d61-4459-9d25-4015b9084fb0,NY,NY,30,02,SABANA DE LA MAR,093002,874cf3451ffffff
0f614ccb-e2f7-400f-afc8-66615bbdf164,1927984730,Guarea guidonia,Guarea guidonia (L.) Sleumer,Meliaceae,Guarea,SPECIES,PRESERVED_SPECIMEN,1982-07-01,1982,-69.47,18.97,NA,d415c253-4d61-4459-9d25-4015b9084fb0,NY,NY,30,02,SABANA DE LA MAR,093002,874cf37adffffff
0fb9b6c6-fd75-44f6-944c-27dd1dd6a994,1927989365,Cyperus polystachyos,Cyperus polystachyos Rottb.,Cyperaceae,Cyperus,SPECIES,PRESERVED_SPECIMEN,1982-06-28,1982,-69.45,19.07,NA,d415c253-4d61-4459-9d25-4015b9084fb0,NY,NY,30,02,SABANA DE LA MAR,093002,874cf3734ffffff
0fc7251b-4447-4a95-96c5-98666571e9e9,1927990317,Gymnanthes pallens,Gymnanthes pallens (Griseb.) Müll.Arg.,Euphorbiaceae,Gymnanthes,SPECIES,PRESERVED_SPECIMEN,1985-04-24,1985,-69.57,19.08,NA,d415c253-4d61-4459-9d25-4015b9084fb0,NY,NY,30,02,SABANA DE LA MAR,093002,874cf3451ffffff
10a6c6ae-3d90-4a00-9b27-e49e12f7c16e,1928002285,Tillandsia balbisiana,Tillandsia balbisiana Schult. & Schult.f.,Bromeliaceae,Tillandsia,SPECIES,PRESERVED_SPECIMEN,1982-09-16,1982,-69.28,19.02,NA,d415c253-4d61-4459-9d25-4015b9084fb0,NY,NY,30,02,SABANA DE LA MAR,093002,874cf30ddffffff
1118d5a4-6f21-4beb-a7f2-a5f52a478203,1928009106,Notopleura uliginosa,Notopleura uliginosa (Sw.) Bremek.,Rubiaceae,Notopleura,SPECIES,PRESERVED_SPECIMEN,1985-08-06,1985,-69.5,19,NA,d415c253-4d61-4459-9d25-4015b9084fb0,NY,NY,30,02,SABANA DE LA MAR,093002,874cf37a1ffffff
1125c60c-5aad-4f5a-bf5e-8e7902ae5a15,1928010196,Serpocaulon dissimile,Serpocaulon dissimile (L.) A.R.Sm.,Polypodiaceae,Serpocaulon,SPECIES,PRESERVED_SPECIMEN,1985-08-07,1985,-69.52,19,NA,d415c253-4d61-4459-9d25-4015b9084fb0,NY,NY,30,02,SABANA DE LA MAR,093002,874cf37a3ffffff
1163343f-0b16-487e-9d11-b338b9887e4f,1928013107,Exothea paniculata,Exothea paniculata (Juss.) Radlk.,Sapindaceae,Exothea,SPECIES,PRESERVED_SPECIMEN,1985-08-06,1985,-69.5,19,NA,d415c253-4d61-4459-9d25-4015b9084fb0,NY,NY,30,02,SABANA DE LA MAR,093002,874cf37a1ffffff
11b766e0-f399-474f-ad97-432f7be42c13,1928017710,Mucuna urens,Mucuna urens (L.) Medik.,Fabaceae,Mucuna,SPECIES,PRESERVED_SPECIMEN,1985-08-07,1985,-69.52,19,NA,d415c253-4d61-4459-9d25-4015b9084fb0,NY,NY,30,02,SABANA DE LA MAR,093002,874cf37a3ffffff
128C1967-6EF3-4C75-A83B-BDA2030406B9,3125144566,Drypetes glauca,Drypetes glauca Vahl,Putranjivaceae,Drypetes,SPECIES,PRESERVED_SPECIMEN,1982-09-15,1982,-69.13333,18.91667,NA,9b7d1acf-b22f-4a1f-b6e8-f1ddd744dc07,SD,,30,02,SABANA DE LA MAR,093002,874cf338bffffff
12d52e6b-ba4f-46ba-9324-50a4684c66c9,1928033569,Alsophila fulgens,Cyathea fulgens C.Chr.,Cyatheaceae,Alsophila,SPECIES,PRESERVED_SPECIMEN,1985-08-06,1985,-69.5,19,NA,d415c253-4d61-4459-9d25-4015b9084fb0,NY,NY,30,02,SABANA DE LA MAR,093002,874cf37a1ffffff
132b7487-df8d-4312-936b-4dea6ae74b95,1928038217,Theophrasta americana,Theophrasta americana L.,Primulaceae,Theophrasta,SPECIES,PRESERVED_SPECIMEN,1985-04-23,1985,-69.58,19.08,NA,d415c253-4d61-4459-9d25-4015b9084fb0,NY,NY,30,02,SABANA DE LA MAR,093002,874cf3453ffffff
1458a973-3ce3-4d9f-8327-0b97f6682cac,1928054522,Christella dentata,Thelypteris dentata (Forssk.) E.P.St.John,Thelypteridaceae,Christella,SPECIES,PRESERVED_SPECIMEN,1981-03-28,1981,-69.28,19.02,NA,d415c253-4d61-4459-9d25-4015b9084fb0,NY,NY,30,02,SABANA DE LA MAR,093002,874cf30ddffffff
1484b02a-d217-4ecc-b4d5-7314c3cfb690,1928057151,Tillandsia bulbosa,Tillandsia bulbosa Hook.,Bromeliaceae,Tillandsia,SPECIES,PRESERVED_SPECIMEN,1982-06-30,1982,-69.5,19.08,NA,d415c253-4d61-4459-9d25-4015b9084fb0,NY,NY,30,02,SABANA DE LA MAR,093002,874cf344cffffff
14fbba66-541e-4755-a929-4c0a922b66a0,1928063661,Heliconia caribaea,Heliconia caribaea Lam.,Heliconiaceae,Heliconia,SPECIES,PRESERVED_SPECIMEN,1981-01-14,1981,-69.38,19,NA,d415c253-4d61-4459-9d25-4015b9084fb0,NY,NY,30,02,SABANA DE LA MAR,093002,874cf372affffff
15396bda-205e-4086-941d-29b5af4d77e9,1928067248,Pilea inaequalis,Pilea inaequalis (Juss. ex Poir.) Wedd.,Urticaceae,Pilea,SPECIES,PRESERVED_SPECIMEN,1985-08-06,1985,-69.5,19,NA,d415c253-4d61-4459-9d25-4015b9084fb0,NY,NY,30,02,SABANA DE LA MAR,093002,874cf37a1ffffff
155b01ec-5340-4834-bffd-2c19c63fa884,1928069004,Cuphea parsonsia,Cuphea parsonsia (L.) R.Br. ex Steud.,Lythraceae,Cuphea,SPECIES,PRESERVED_SPECIMEN,1986-02-21,1986,-69.5,19,NA,d415c253-4d61-4459-9d25-4015b9084fb0,NY,NY,30,02,SABANA DE LA MAR,093002,874cf37a1ffffff
15c5735b-7d2c-4058-9b9d-aefaed6c7066,1928075029,Tillandsia festucoides,Tillandsia festucoides Brongn. ex Mez,Bromeliaceae,Tillandsia,SPECIES,PRESERVED_SPECIMEN,1985-04-25,1985,-69.55,19.08,NA,d415c253-4d61-4459-9d25-4015b9084fb0,NY,NY,30,02,SABANA DE LA MAR,093002,874cf345cffffff
16003960-3188-47cf-a37f-2dc7984b9e10,2028417156,Digenea simplex,Digenea simplex (Wulfen) C. Agardh,Rhodomelaceae,Digenea,SPECIES,PRESERVED_SPECIMEN,1977-07-11,1977,-69.388433,19.059336,3000,31b346f9-1a91-4688-af40-5a50a261c572,DUKE,,30,02,SABANA DE LA MAR,093002,874cf3720ffffff
162435b3-5669-4b23-9e99-0e671fefe570,1928081229,Allophylus racemosus,Allophylus racemosus subsp. racemosus,Sapindaceae,Allophylus,SUBSPECIES,PRESERVED_SPECIMEN,1985-04-23,1985,-69.58,19.08,NA,d415c253-4d61-4459-9d25-4015b9084fb0,NY,NY,30,02,SABANA DE LA MAR,093002,874cf3453ffffff
16dbfba7-e13b-4e9a-88db-da007857550b,1928090511,Miconia racemosa,Miconia racemosa (Aubl.) DC.,Melastomataceae,Miconia,SPECIES,PRESERVED_SPECIMEN,1990-06-27,1990,-69.15,18.92,NA,d415c253-4d61-4459-9d25-4015b9084fb0,NY,NY,30,02,SABANA DE LA MAR,093002,874cf338affffff
16e2bc15-4b44-4cc0-8f29-e3e251775f12,2270677104,Myrcia abbottiana,Myrcia abbottiana (Urb.) Alain,Myrtaceae,Myrcia,SPECIES,PRESERVED_SPECIMEN,1985-04-25,1985,-69.55,19.0833,NA,e05fd4c2-4d77-4c50-880e-1b22096af300,ASU,Plants,30,02,SABANA DE LA MAR,093002,874cf3442ffffff
17a50acf-9d4f-48a0-a782-21675c3e96fc,2028417186,"Wrangelia C.Agardh, 1828","Wrangelia C.Agardh, 1828",Wrangeliaceae,Wrangelia,GENUS,PRESERVED_SPECIMEN,1977-07-11,1977,-69.388433,19.059336,3000,31b346f9-1a91-4688-af40-5a50a261c572,DUKE,,30,02,SABANA DE LA MAR,093002,874cf3720ffffff
18025143-6995-47ec-ae6d-d4602ab9db2a,1928105900,Euphorbia adenoptera,Euphorbia adenoptera subsp. adenoptera,Euphorbiaceae,Euphorbia,SUBSPECIES,PRESERVED_SPECIMEN,1933-04-08,1933,-69.226186,18.991752,571.05,d415c253-4d61-4459-9d25-4015b9084fb0,NY,NY,30,02,SABANA DE LA MAR,093002,874cf30c9ffffff
197d63e1-f900-40dd-9bdd-97e103b4fbab,2270684347,Myrcia chytraculia,Calyptranthes zuzygium (L.) Sw.,Myrtaceae,Myrcia,SPECIES,PRESERVED_SPECIMEN,1982-10-28,1982,-69.575,19.0833,NA,e05fd4c2-4d77-4c50-880e-1b22096af300,ASU,Plants,30,02,SABANA DE LA MAR,093002,874cf3451ffffff
19b7271c-6e28-49d0-8759-ab72f0b8107d,1928130501,Ocimum campechianum,Ocimum campechianum Mill.,Lamiaceae,Ocimum,SPECIES,PRESERVED_SPECIMEN,1985-08-05,1985,-69.47,18.98,NA,d415c253-4d61-4459-9d25-4015b9084fb0,NY,NY,30,02,SABANA DE LA MAR,093002,874cf37adffffff
1BF101E7-A1EA-4FDF-8C0E-B66EAF824457,122953225,Gonzalagunia hirsuta,Gonzalagunia hirsuta (Jacq.) K.Schum.,Rubiaceae,Gonzalagunia,SPECIES,PRESERVED_SPECIMEN,1981-01-14,1981,-69.3833,19.0333,NA,832cb04e-f762-11e1-a439-00145eb45e9a,FTG,Herbarium,30,02,SABANA DE LA MAR,093002,874cf3723ffffff
1D0F09DC-0988-4C95-9009-CD9A9429E91C,122927890,Coccoloba microstachya,Coccoloba microstachya Willd.,Polygonaceae,Coccoloba,SPECIES,PRESERVED_SPECIMEN,1982-06-30,1982,-69.5,19.0833,NA,832cb04e-f762-11e1-a439-00145eb45e9a,FTG,Herbarium,30,02,SABANA DE LA MAR,093002,874cf346affffff
1EAAA603-14F8-4BBB-ADEB-80DC21CC9D79,122979934,Palicourea crocea,Palicourea crocea (Sw.) Schult.,Rubiaceae,Palicourea,SPECIES,PRESERVED_SPECIMEN,1981-01-14,1981,-69.2667,19.0167,NA,832cb04e-f762-11e1-a439-00145eb45e9a,FTG,Herbarium,30,02,SABANA DE LA MAR,093002,874cf30ceffffff
1a067b18-c634-4b86-8063-d0ff70664674,1928134542,Cassipourea guianensis,Cassipourea guianensis Aubl.,Rhizophoraceae,Cassipourea,SPECIES,PRESERVED_SPECIMEN,1985-04-25,1985,-69.57,19.08,NA,d415c253-4d61-4459-9d25-4015b9084fb0,NY,NY,30,02,SABANA DE LA MAR,093002,874cf3451ffffff
1a251960-84ef-406a-8178-b5dc6b0c73fb,1928136023,Diplazium Sw.,Diplazium Sw.,Athyriaceae,Diplazium,GENUS,PRESERVED_SPECIMEN,1990-06-27,1990,-69.15,18.92,NA,d415c253-4d61-4459-9d25-4015b9084fb0,NY,NY,30,02,SABANA DE LA MAR,093002,874cf338affffff
1a46dde2-f7cc-4ad9-a986-ae4a52701041,1928138091,Aiouea montana,Cinnamomum triplinerve (Ruiz & Pav.) Kosterm.,Lauraceae,Aiouea,SPECIES,PRESERVED_SPECIMEN,1985-04-25,1985,-69.57,19.08,NA,d415c253-4d61-4459-9d25-4015b9084fb0,NY,NY,30,02,SABANA DE LA MAR,093002,874cf3451ffffff
1a66c61c-4889-4b5e-9ef3-aa8730b472aa,1928141362,Caperonia palustris,Caperonia palustris (L.) A.St.-Hil.,Euphorbiaceae,Caperonia,SPECIES,PRESERVED_SPECIMEN,1982-06-28,1982,-69.45,19.07,NA,d415c253-4d61-4459-9d25-4015b9084fb0,NY,NY,30,02,SABANA DE LA MAR,093002,874cf3734ffffff
1a8e4d7a-4fa8-4fe8-866e-a423732a07f3,1928142107,Guarea guidonia,Guarea guidonia (L.) Sleumer,Meliaceae,Guarea,SPECIES,PRESERVED_SPECIMEN,1980-08-20,1980,-69.38,19.02,NA,d415c253-4d61-4459-9d25-4015b9084fb0,NY,NY,30,02,SABANA DE LA MAR,093002,874cf372effffff
1af456e6-bc6f-4f25-b368-a63e4b5b1b82,1928147294,Campyloneurum costatum,Campyloneurum costatum (Kunze) C.Presl,Polypodiaceae,Campyloneurum,SPECIES,PRESERVED_SPECIMEN,1985-04-25,1985,-69.57,19.08,NA,d415c253-4d61-4459-9d25-4015b9084fb0,NY,NY,30,02,SABANA DE LA MAR,093002,874cf3451ffffff
1af5a44c-98ed-4569-bf10-a83562144d0e,1928147816,Piper samanense,Piper samanense Urb.,Piperaceae,Piper,SPECIES,PRESERVED_SPECIMEN,2007-07-07,2007,-69.4778,19.0744,NA,d415c253-4d61-4459-9d25-4015b9084fb0,NY,NY,30,02,SABANA DE LA MAR,093002,874cf346bffffff
1b4d41ea-433d-4dee-8dc5-e66278981789,1928152747,Alchornea latifolia,Alchornea latifolia Sw.,Euphorbiaceae,Alchornea,SPECIES,PRESERVED_SPECIMEN,1990-06-27,1990,-69.15,18.92,NA,d415c253-4d61-4459-9d25-4015b9084fb0,NY,NY,30,02,SABANA DE LA MAR,093002,874cf338affffff
1c520995-7e01-4812-95f2-fad92cd4bd91,1928166971,Solanum rugosum,Solanum rugosum Dunal,Solanaceae,Solanum,SPECIES,PRESERVED_SPECIMEN,1988-06-14,1988,-69.47,18.97,NA,d415c253-4d61-4459-9d25-4015b9084fb0,NY,NY,30,02,SABANA DE LA MAR,093002,874cf37adffffff
1c8b5b50-49be-41ba-b015-ca679d57bca5,1928170048,Guapira reticulata,Guapira reticulata Alain,Nyctaginaceae,Guapira,SPECIES,PRESERVED_SPECIMEN,1985-04-24,1985,-69.57,19.08,NA,d415c253-4d61-4459-9d25-4015b9084fb0,NY,NY,30,02,SABANA DE LA MAR,093002,874cf3451ffffff
1c8f4fb2-ca8d-4685-9a82-cef90d667938,1928170341,Adiantum macrophyllum,Adiantum macrophyllum Sw.,Pteridaceae,Adiantum,SPECIES,PRESERVED_SPECIMEN,1982-07-01,1982,-69.47,18.97,NA,d415c253-4d61-4459-9d25-4015b9084fb0,NY,NY,30,02,SABANA DE LA MAR,093002,874cf37adffffff
1d2cff20-f809-446f-b2f6-aa92a45336af,1928182250,Adiantum pyramidale,Adiantum pyramidale (L.) Willd.,Pteridaceae,Adiantum,SPECIES,PRESERVED_SPECIMEN,1982-09-15,1982,-69.13,18.92,NA,d415c253-4d61-4459-9d25-4015b9084fb0,NY,NY,30,02,SABANA DE LA MAR,093002,874cf3388ffffff
1d5cee71-f168-4c99-9706-cbba3012c859,1928184890,Asplenium dentatum,Asplenium dentatum L.,Aspleniaceae,Asplenium,SPECIES,PRESERVED_SPECIMEN,1985-04-25,1985,-69.57,19.08,NA,d415c253-4d61-4459-9d25-4015b9084fb0,NY,NY,30,02,SABANA DE LA MAR,093002,874cf3451ffffff
1d9a45a0-7265-4ddd-a886-467b9f673f2a,1928188418,Nephrolepis biserrata,Nephrolepis biserrata (Sw.) Schott,Nephrolepidaceae,Nephrolepis,SPECIES,PRESERVED_SPECIMEN,1990-06-27,1990,-69.15,18.92,NA,d415c253-4d61-4459-9d25-4015b9084fb0,NY,NY,30,02,SABANA DE LA MAR,093002,874cf338affffff
1dace064-6f9a-4228-bad9-1a7e5052d4f0,1928190935,Carapa guianensis,Carapa guianensis Aubl.,Meliaceae,Carapa,SPECIES,PRESERVED_SPECIMEN,1982-07-01,1982,-69.47,18.97,NA,d415c253-4d61-4459-9d25-4015b9084fb0,NY,NY,30,02,SABANA DE LA MAR,093002,874cf37adffffff
1db002b9-6ef1-4569-a4f4-117241bb87aa,1928190927,Gonzalagunia hirsuta,Gonzalagunia hirsuta (Jacq.) K.Schum.,Rubiaceae,Gonzalagunia,SPECIES,PRESERVED_SPECIMEN,1986-02-20,1986,-69.5,19,NA,d415c253-4d61-4459-9d25-4015b9084fb0,NY,NY,30,02,SABANA DE LA MAR,093002,874cf37a1ffffff
1e499038-79b7-4fb3-8da8-fdb1afb3ad7b,1928198133,Notopleura uliginosa,Notopleura uliginosa (Sw.) Bremek.,Rubiaceae,Notopleura,SPECIES,PRESERVED_SPECIMEN,1985-04-23,1985,-69.58,19.08,NA,d415c253-4d61-4459-9d25-4015b9084fb0,NY,NY,30,02,SABANA DE LA MAR,093002,874cf3453ffffff
1e8f936a-5f7e-4864-9d40-ffb1fdc61dd5,1928201962,Neckeropsis undulata,Neckeropsis undulata (Hedw.) Reichardt,Neckeraceae,Neckeropsis,SPECIES,PRESERVED_SPECIMEN,1981-03-28,1981,-69.2,19,NA,d415c253-4d61-4459-9d25-4015b9084fb0,NY,NY,30,02,SABANA DE LA MAR,093002,874cf33b3ffffff
1f09e6e6-7e02-4431-88bf-966b19162ef5,1928209408,Poitea galegoides,Poitea galegoides var. galegoides,Fabaceae,Poitea,VARIETY,PRESERVED_SPECIMEN,1982-09-15,1982,-69.13,18.92,NA,d415c253-4d61-4459-9d25-4015b9084fb0,NY,NY,30,02,SABANA DE LA MAR,093002,874cf3388ffffff
1fd4c634-08e5-48f4-8197-3e1b494c4d8e,1928220519,Danaea nodosa,Danaea nodosa (L.) Sm.,Marattiaceae,Danaea,SPECIES,PRESERVED_SPECIMEN,1982-09-15,1982,-69.13,18.92,NA,d415c253-4d61-4459-9d25-4015b9084fb0,NY,NY,30,02,SABANA DE LA MAR,093002,874cf3388ffffff
20005799-2e4b-4672-b218-2e0474d1c086,1928222237,Calyptronoma rivalis,Calyptronoma rivalis (O.F.Cook) L.H.Bailey,Arecaceae,Calyptronoma,SPECIES,PRESERVED_SPECIMEN,1985-08-05,1985,-69.47,18.98,NA,d415c253-4d61-4459-9d25-4015b9084fb0,NY,NY,30,02,SABANA DE LA MAR,093002,874cf37adffffff
20034a66-c647-454b-af4f-55e262a58d68,1928222183,Campyloneurum costatum,Campyloneurum costatum (Kunze) C.Presl,Polypodiaceae,Campyloneurum,SPECIES,PRESERVED_SPECIMEN,1982-06-28,1982,-69.4,19.07,NA,d415c253-4d61-4459-9d25-4015b9084fb0,NY,NY,30,02,SABANA DE LA MAR,093002,874cf3726ffffff
205de1d7-bd6d-4baf-9c79-8a7f78cbbb3d,1928227353,Hyptis lantanifolia,Hyptis lantanifolia Poit.,Lamiaceae,Hyptis,SPECIES,PRESERVED_SPECIMEN,1986-02-21,1986,-69.5,19,NA,d415c253-4d61-4459-9d25-4015b9084fb0,NY,NY,30,02,SABANA DE LA MAR,093002,874cf37a1ffffff
206e95ae-3085-487b-b598-e1a874ec109d,1928228173,Fissidens zollingeri,Fissidens zollingeri Mont.,Fissidentaceae,Fissidens,SPECIES,PRESERVED_SPECIMEN,1981-03-28,1981,-69.2,19,NA,d415c253-4d61-4459-9d25-4015b9084fb0,NY,NY,30,02,SABANA DE LA MAR,093002,874cf33b3ffffff
20b14459-3454-4852-a5a7-471c0a66f753,1928232081,Zizkaea tuerckheimii,Vriesea tuerckheimii (Mez) L.B.Sm.,Bromeliaceae,Zizkaea,SPECIES,PRESERVED_SPECIMEN,1985-08-06,1985,-69.5,19,NA,d415c253-4d61-4459-9d25-4015b9084fb0,NY,NY,30,02,SABANA DE LA MAR,093002,874cf37a1ffffff
20e6ffaa-aa33-4f33-9787-a2c8dec7c812,1928235030,Miconia umbellata,Clidemia umbellata (Mill.) L.O.Williams,Melastomataceae,Miconia,SPECIES,PRESERVED_SPECIMEN,1990-06-27,1990,-69.15,18.92,NA,d415c253-4d61-4459-9d25-4015b9084fb0,NY,NY,30,02,SABANA DE LA MAR,093002,874cf338affffff
214f3d64-0d46-4bf9-b50a-e6d0d1bf7dca,1928240851,Miconia crenata,Clidemia hirta (L.) D.Don,Melastomataceae,Miconia,SPECIES,PRESERVED_SPECIMEN,1981-01-14,1981,-69.38,19.03,NA,d415c253-4d61-4459-9d25-4015b9084fb0,NY,NY,30,02,SABANA DE LA MAR,093002,874cf372effffff
216769fe-ab3b-41d4-945b-6d72c065eb61,3892741003,Dinebra polystachyos,Leptochloa virgata Wight ex Steud.,Poaceae,Dinebra,SPECIES,PRESERVED_SPECIMEN,2002-08-07,2002,-69.427143,19.039621,3032,5d562555-3f19-4da6-9a37-556aa70f691b,GREE,GREE,30,02,SABANA DE LA MAR,093002,874cf3731ffffff
2182fa43-4d10-465c-852b-34e337dee9bf,1928243654,Asplenium cuneatum,Asplenium cuneatum Lam.,Aspleniaceae,Asplenium,SPECIES,PRESERVED_SPECIMEN,1985-08-06,1985,-69.5,19,NA,d415c253-4d61-4459-9d25-4015b9084fb0,NY,NY,30,02,SABANA DE LA MAR,093002,874cf37a1ffffff
2199b69f-bf3d-4248-b1c7-81230452487f,1928245070,Phlegmariurus taxifolius,Lycopodium taxifolium Sw.,Lycopodiaceae,Phlegmariurus,SPECIES,PRESERVED_SPECIMEN,1985-08-06,1985,-69.5,19,NA,d415c253-4d61-4459-9d25-4015b9084fb0,NY,NY,30,02,SABANA DE LA MAR,093002,874cf37a1ffffff
21C106D1-849A-4D13-B6FE-C4EA3E3667E3,5082354415,Rubiaceae Juss.,Rubiaceae Juss.,Rubiaceae,,FAMILY,PRESERVED_SPECIMEN,1992-07-07,1992,-69.483333,19.066667,NA,f3f03cbf-1a01-4739-ae15-c1355b8c2dbf,CM,Botany,30,02,SABANA DE LA MAR,093002,874cf344dffffff
22726ae2-14ae-4cb0-837b-35935837c418,1928256257,Melasma melampyroides,Alectra fluminensis (Vell.) Stearn,Orobanchaceae,Melasma,SPECIES,PRESERVED_SPECIMEN,1991-01-23,1991,-69.13,18.92,NA,d415c253-4d61-4459-9d25-4015b9084fb0,NY,NY,30,02,SABANA DE LA MAR,093002,874cf3388ffffff
22978491-22dd-4646-9f11-a0589f46655e,1928258551,Tillandsia didistichoides,Tillandsia didistichoides Mez,Bromeliaceae,Tillandsia,SPECIES,PRESERVED_SPECIMEN,1982-09-15,1982,-69.13,18.92,NA,d415c253-4d61-4459-9d25-4015b9084fb0,NY,NY,30,02,SABANA DE LA MAR,093002,874cf3388ffffff
22ff5c6f-ad50-4cd7-aea8-0e52b53cbb48,1928264159,Saccoloma domingense,Saccoloma domingense (Spreng.) C.Chr.,Saccolomataceae,Saccoloma,SPECIES,PRESERVED_SPECIMEN,1982-09-15,1982,-69.13,18.92,NA,d415c253-4d61-4459-9d25-4015b9084fb0,NY,NY,30,02,SABANA DE LA MAR,093002,874cf3388ffffff
24024b9c-3b9b-41e0-b53e-b289582df6d2,1928279090,Ichnanthus pallens,Ichnanthus pallens (Sw.) Munro ex Benth.,Poaceae,Ichnanthus,SPECIES,PRESERVED_SPECIMEN,1981-01-14,1981,-69.275,19.02,NA,d415c253-4d61-4459-9d25-4015b9084fb0,NY,NY,30,02,SABANA DE LA MAR,093002,874cf30ddffffff
241480A3-33C7-4BE5-85E1-80CBDDFE774F,122979676,Palicourea crocea,Palicourea crocea (Sw.) Schult.,Rubiaceae,Palicourea,SPECIES,PRESERVED_SPECIMEN,1982-09-16,1982,-69.1833,19,NA,832cb04e-f762-11e1-a439-00145eb45e9a,FTG,Herbarium,30,02,SABANA DE LA MAR,093002,874cf33b1ffffff
245b9f84-4a37-4a48-ba1b-67378714228c,1998462566,Epidendrum rigidum,Epidendrum rigidum Jacq.,Orchidaceae,Epidendrum,SPECIES,PRESERVED_SPECIMEN,1981-01-14,1981,-69.3,19,NA,861e6afe-f762-11e1-a439-00145eb45e9a,GH,GH,30,02,SABANA DE LA MAR,093002,874cf30dbffffff
247edc49-f881-4ead-aaa8-a29f7c91db5e,1928285427,Hymenophyllum hirsutum,Hymenophyllum hirsutum (L.) Sw.,Hymenophyllaceae,Hymenophyllum,SPECIES,PRESERVED_SPECIMEN,1985-08-08,1985,-69.5,19,NA,d415c253-4d61-4459-9d25-4015b9084fb0,NY,NY,30,02,SABANA DE LA MAR,093002,874cf37a1ffffff
24a300bb-91f6-466e-94bb-608c7796654f,1928287317,Coccoloba costata,Coccoloba costata C.Wright,Polygonaceae,Coccoloba,SPECIES,PRESERVED_SPECIMEN,1985-08-07,1985,-69.52,19,NA,d415c253-4d61-4459-9d25-4015b9084fb0,NY,NY,30,02,SABANA DE LA MAR,093002,874cf37a3ffffff
25AAD9EC-3E1E-4503-8C0D-286EB67947C4,123018136,Turpinia occidentalis,Turpinia occidentalis (Sw.) G.Don,Staphyleaceae,Turpinia,SPECIES,PRESERVED_SPECIMEN,1985-08-07,1985,-69.5167,19,NA,832cb04e-f762-11e1-a439-00145eb45e9a,FTG,Herbarium,30,02,SABANA DE LA MAR,093002,874cf37a3ffffff
25d57467-25c2-4767-9ec8-e8ecb7bb2d2e,1457756601,Miconia umbellata,Miconia umbellata (Mill.) Judd & Ionta,Melastomataceae,Miconia,SPECIES,PRESERVED_SPECIMEN,1982-07-01,1982,-69.466667,18.966667,NA,b89d52a2-861d-4388-adad-c0da3d55fc78,UF,,30,02,SABANA DE LA MAR,093002,874cf37a9ffffff
268120d3-965d-4972-b36c-d6916b8097c0,1928313948,Pilea parietaria,Pilea parietaria (L.) Blume,Urticaceae,Pilea,SPECIES,PRESERVED_SPECIMEN,1985-08-06,1985,-69.5,19,NA,d415c253-4d61-4459-9d25-4015b9084fb0,NY,NY,30,02,SABANA DE LA MAR,093002,874cf37a1ffffff
268de43f-568d-41b5-b6d3-0b5c24629d41,1928315225,Pilea parietaria,Pilea parietaria (L.) Blume,Urticaceae,Pilea,SPECIES,PRESERVED_SPECIMEN,1985-08-07,1985,-69.52,19,NA,d415c253-4d61-4459-9d25-4015b9084fb0,NY,NY,30,02,SABANA DE LA MAR,093002,874cf37a3ffffff
27EC5479-8D6D-4AE4-A0F5-86114B8BC0F5,2859246519,Campyloneurum brevifolium,Campyloneurum latum T.Moore,Polypodiaceae,Campyloneurum,SPECIES,PRESERVED_SPECIMEN,1992-07-06,1992,-69.483333,18.983333,NA,f3f03cbf-1a01-4739-ae15-c1355b8c2dbf,CM,botany,30,02,SABANA DE LA MAR,093002,874cf37acffffff
27d220a6-323a-4ed0-82ee-506f6d405a31,5859860386,Peperomia glabella,Peperomia glabella (Sw.) A.Dietr.,Piperaceae,Peperomia,SPECIES,PRESERVED_SPECIMEN,1982-06-30,1982,-69.5,19.083333,NA,b89d52a2-861d-4388-adad-c0da3d55fc78,UF,,30,02,SABANA DE LA MAR,093002,874cf346affffff
283e19b6-1957-4db8-ad9b-ff0f4e11d7fc,1928338403,Liagora valida,Liagora valida Harv.,Liagoraceae,Liagora,SPECIES,PRESERVED_SPECIMEN,1977-07-11,1977,-69.381955,19.062022,655.57,d415c253-4d61-4459-9d25-4015b9084fb0,NY,NY,30,02,SABANA DE LA MAR,093002,874cf3725ffffff
28551534-4a32-4524-be5d-06b45d99313f,1928339616,Pecluma M.G.Price,Pecluma M.G.Price,Polypodiaceae,Pecluma,GENUS,PRESERVED_SPECIMEN,1985-04-25,1985,-69.55,19.08,NA,d415c253-4d61-4459-9d25-4015b9084fb0,NY,NY,30,02,SABANA DE LA MAR,093002,874cf345cffffff
2855e04a-096d-49c8-8318-80d1d2969a2c,1928338882,Sporobolus tenuissimus,Sporobolus tenuissimus (Mart. ex Schrank) Kuntze,Poaceae,Sporobolus,SPECIES,PRESERVED_SPECIMEN,1986-02-21,1986,-69.5,19,NA,d415c253-4d61-4459-9d25-4015b9084fb0,NY,NY,30,02,SABANA DE LA MAR,093002,874cf37a1ffffff
287a5d68-e7ed-47e9-a708-bcd43f87d82c,1928341884,Cojoba arborea,Cojoba arborea (L.) Britton & Rose,Fabaceae,Cojoba,SPECIES,PRESERVED_SPECIMEN,1996-09-23,1996,-69.4514,19.0556,NA,d415c253-4d61-4459-9d25-4015b9084fb0,NY,NY,30,02,SABANA DE LA MAR,093002,874cf3730ffffff
28b0d7d8-e875-4518-8a9d-3df184159cec,1928344633,Cuphea micrantha,Cuphea micrantha Kunth,Lythraceae,Cuphea,SPECIES,PRESERVED_SPECIMEN,1986-02-21,1986,-69.5,19,NA,d415c253-4d61-4459-9d25-4015b9084fb0,NY,NY,30,02,SABANA DE LA MAR,093002,874cf37a1ffffff
28fc946a-3486-4218-9ea5-e215b2638511,1928348460,Bactris plumeriana,Bactris plumeriana Mart.,Arecaceae,Bactris,SPECIES,PRESERVED_SPECIMEN,1982-09-15,1982,-69.13,18.92,NA,d415c253-4d61-4459-9d25-4015b9084fb0,NY,NY,30,02,SABANA DE LA MAR,093002,874cf3388ffffff
2917c813-7c7f-4712-93cc-019c856f6118,1928351193,Eugenia confusa,Eugenia confusa DC.,Myrtaceae,Eugenia,SPECIES,PRESERVED_SPECIMEN,1985-08-06,1985,-69.5,19,NA,d415c253-4d61-4459-9d25-4015b9084fb0,NY,NY,30,02,SABANA DE LA MAR,093002,874cf37a1ffffff
295ab094-97ef-455b-b53e-82d8a97c0ef8,1928353745,Ocotea leucoxylon,Ocotea leucoxylon (Sw.) Mez,Lauraceae,Ocotea,SPECIES,PRESERVED_SPECIMEN,1982-09-15,1982,-69.13,18.92,NA,d415c253-4d61-4459-9d25-4015b9084fb0,NY,NY,30,02,SABANA DE LA MAR,093002,874cf3388ffffff
29b2de49-16f2-40cc-94a8-ed8ffdb74009,1928359844,Carex scabrella,Carex scabrella Wahlenb.,Cyperaceae,Carex,SPECIES,PRESERVED_SPECIMEN,1985-08-06,1985,-69.5,19,NA,d415c253-4d61-4459-9d25-4015b9084fb0,NY,NY,30,02,SABANA DE LA MAR,093002,874cf37a1ffffff
2BD19F0A-9455-47BB-B3C7-304AF2866835,1503211480,Adiantum latifolium,Adiantum latifolium Lam.,Pteridaceae,Adiantum,SPECIES,PRESERVED_SPECIMEN,1981-01-14,1981,-69.2667,19.0167,NA,af1b4db0-c8ce-4a95-b700-8a6a02bed9d6,USF,Herb,30,02,SABANA DE LA MAR,093002,874cf30ceffffff
2a325e9a-28fd-4978-84c4-3979f06b7f16,1928366008,Ceiba pentandra,Ceiba pentandra (L.) Gaertn.,Malvaceae,Ceiba,SPECIES,PRESERVED_SPECIMEN,1981-01-14,1981,-69.275,19.02,NA,d415c253-4d61-4459-9d25-4015b9084fb0,NY,NY,30,02,SABANA DE LA MAR,093002,874cf30ddffffff
2a4f53c6-ffc2-46bf-9870-521b327724fb,1928368456,Sloanea berteroana,Sloanea berteroana Choisy ex DC.,Elaeocarpaceae,Sloanea,SPECIES,PRESERVED_SPECIMEN,1985-08-06,1985,-69.5,19,NA,d415c253-4d61-4459-9d25-4015b9084fb0,NY,NY,30,02,SABANA DE LA MAR,093002,874cf37a1ffffff
2a75d81f-fefe-474c-8382-68cad4415d23,1928370590,Miconia hispidula,Calycogonium hispidulum Cogn.,Melastomataceae,Miconia,SPECIES,PRESERVED_SPECIMEN,1985-08-06,1985,-69.5,19,NA,d415c253-4d61-4459-9d25-4015b9084fb0,NY,NY,30,02,SABANA DE LA MAR,093002,874cf37a1ffffff
2a75ee5a-16d0-4d2d-b440-3f6097c005e2,1928369971,Leptogonum domingensis,Leptogonum domingensis var. molle (Urb.) Brandbyge,Polygonaceae,Leptogonum,VARIETY,PRESERVED_SPECIMEN,1996-09-23,1996,-69.4514,19.0556,NA,d415c253-4d61-4459-9d25-4015b9084fb0,NY,NY,30,02,SABANA DE LA MAR,093002,874cf3730ffffff
2ae66542-eb4f-4009-a2c3-b4ec7bea73e2,1928375893,Thelypteris Schmidel,Thelypteris Schmidel,Thelypteridaceae,Thelypteris,GENUS,PRESERVED_SPECIMEN,1982-06-28,1982,-69.45,19.07,NA,d415c253-4d61-4459-9d25-4015b9084fb0,NY,NY,30,02,SABANA DE LA MAR,093002,874cf3734ffffff
2aef6196-ca1d-41ca-87f9-68de5f1f9166,1928376527,Palicourea crocea,Palicourea crocea (Sw.) Schult.,Rubiaceae,Palicourea,SPECIES,PRESERVED_SPECIMEN,1985-04-23,1985,-69.58,19.08,NA,d415c253-4d61-4459-9d25-4015b9084fb0,NY,NY,30,02,SABANA DE LA MAR,093002,874cf3453ffffff
2bacad2c-29e7-455e-a354-6368f2c82c43,1928387179,Campyloneurum angustifolium,Campyloneurum angustifolium (Sw.) Fée,Polypodiaceae,Campyloneurum,SPECIES,PRESERVED_SPECIMEN,1985-04-25,1985,-69.55,19.08,NA,d415c253-4d61-4459-9d25-4015b9084fb0,NY,NY,30,02,SABANA DE LA MAR,093002,874cf345cffffff
2c302f88-ee35-4545-ab38-d4280e4ebfbc,1928394195,Hyptis capitata,Hyptis capitata Jacq.,Lamiaceae,Hyptis,SPECIES,PRESERVED_SPECIMEN,1981-01-14,1981,-69.275,19.02,NA,d415c253-4d61-4459-9d25-4015b9084fb0,NY,NY,30,02,SABANA DE LA MAR,093002,874cf30ddffffff
2c935894-5ba3-4bf7-b36c-a4476a2150d7,1928400553,Adiantum tetraphyllum,Adiantum tetraphyllum Humb. & Bonpl. ex Willd.,Pteridaceae,Adiantum,SPECIES,PRESERVED_SPECIMEN,1982-07-01,1982,-69.47,18.97,NA,d415c253-4d61-4459-9d25-4015b9084fb0,NY,NY,30,02,SABANA DE LA MAR,093002,874cf37adffffff
2d1dd5be-155c-4ad5-953b-00690b415c7f,1457759100,Asplenium abscissum,Asplenium abscissum Willd.,Aspleniaceae,Asplenium,SPECIES,PRESERVED_SPECIMEN,1990-06-27,1990,-69.15,18.916667,NA,b89d52a2-861d-4388-adad-c0da3d55fc78,UF,,30,02,SABANA DE LA MAR,093002,874cf338affffff
2d794e80-5be1-4048-8236-08aab627ce33,1928412509,Vandellia diffusa,Lindernia diffusa (L.) Wettst.,Linderniaceae,Vandellia,SPECIES,PRESERVED_SPECIMEN,1985-04-23,1985,-69.58,19.08,NA,d415c253-4d61-4459-9d25-4015b9084fb0,NY,NY,30,02,SABANA DE LA MAR,093002,874cf3453ffffff
2d8b2b0e-ef9d-4bc8-b1d1-d5bac37f13f4,1928413806,Isidorea brachyantha,Isidorea brachyantha Urb.,Rubiaceae,Isidorea,SPECIES,PRESERVED_SPECIMEN,1986-02-20,1986,-69.5,19,NA,d415c253-4d61-4459-9d25-4015b9084fb0,NY,NY,30,02,SABANA DE LA MAR,093002,874cf37a1ffffff
2f97f40f-0912-448e-98d6-1068a8ac708d,1928441737,Ruellia coccinea,Ruellia coccinea (L.) Vahl,Acanthaceae,Ruellia,SPECIES,PRESERVED_SPECIMEN,1985-04-23,1985,-69.58,19.08,NA,d415c253-4d61-4459-9d25-4015b9084fb0,NY,NY,30,02,SABANA DE LA MAR,093002,874cf3453ffffff
2fee9f3e-84b4-4bda-afae-87f0c9545d22,1928447230,Tillandsia capitata,Tillandsia capitata Griseb.,Bromeliaceae,Tillandsia,SPECIES,PRESERVED_SPECIMEN,1986-02-21,1986,-69.57,19.08,NA,d415c253-4d61-4459-9d25-4015b9084fb0,NY,NY,30,02,SABANA DE LA MAR,093002,874cf3451ffffff
30273f0c-6cd1-4612-91d5-7dc2e4ed1d13,1928450077,Phlegmariurus linifolius,Lycopodium linifolium L.,Lycopodiaceae,Phlegmariurus,SPECIES,PRESERVED_SPECIMEN,1985-04-23,1985,-69.58,19.08,NA,d415c253-4d61-4459-9d25-4015b9084fb0,NY,NY,30,02,SABANA DE LA MAR,093002,874cf3453ffffff
305564a2-4d6c-4b1a-9171-f4d1ce02894f,1928452562,Saccoloma domingense,Saccoloma domingense (Spreng.) C.Chr.,Saccolomataceae,Saccoloma,SPECIES,PRESERVED_SPECIMEN,1982-09-15,1982,-69.13,18.92,NA,d415c253-4d61-4459-9d25-4015b9084fb0,NY,NY,30,02,SABANA DE LA MAR,093002,874cf3388ffffff
313df2f7-f808-4ada-9057-b8528c872152,1928464791,Caulerpa taxifolia,Caulerpa taxifolia (Vahl) C. Ag.,Caulerpaceae,Caulerpa,SPECIES,PRESERVED_SPECIMEN,1977-07-11,1977,-69.381955,19.062022,655.57,d415c253-4d61-4459-9d25-4015b9084fb0,NY,NY,30,02,SABANA DE LA MAR,093002,874cf3725ffffff
320fbf34-d011-418f-ae06-ded8dea93f19,1928476288,Oplismenus hirtellus,Oplismenus hirtellus (L.) P.Beauv.,Poaceae,Oplismenus,SPECIES,PRESERVED_SPECIMEN,1981-03-28,1981,-69.28,19.02,NA,d415c253-4d61-4459-9d25-4015b9084fb0,NY,NY,30,02,SABANA DE LA MAR,093002,874cf30ddffffff
3311745A-F2A5-4E17-80E0-D1D3C8D8130E,122982134,Peperomia magnoliifolia,Peperomia magnoliifolia (Jacq.) A.Dietr.,Piperaceae,Peperomia,SPECIES,PRESERVED_SPECIMEN,1996-09-23,1996,-69.4514,19.0556,NA,832cb04e-f762-11e1-a439-00145eb45e9a,FTG,Herbarium,30,02,SABANA DE LA MAR,093002,874cf3730ffffff
33898b6a-6921-44e7-a0a0-41134fa43080,1928497385,Torralbasia cuneifolia,Torralbasia cuneifolia (C.Wright ex A.Gray) Krug & Urb.,Celastraceae,Torralbasia,SPECIES,PRESERVED_SPECIMEN,1985-08-06,1985,-69.5,19,NA,d415c253-4d61-4459-9d25-4015b9084fb0,NY,NY,30,02,SABANA DE LA MAR,093002,874cf37a1ffffff
34143c93-c089-4e52-a719-f1d5bebfcf5d,2028417232,Derbesia vaucheriaeformis,Derbesia vaucheriaeformis (Harvey) J. Agardh,Derbesiaceae,Derbesia,SPECIES,PRESERVED_SPECIMEN,1977-07-11,1977,-69.383626,19.062905,3036,31b346f9-1a91-4688-af40-5a50a261c572,DUKE,,30,02,SABANA DE LA MAR,093002,874cf3724ffffff
3438fec9-99a8-4e9d-bcc5-27ac76e454c2,1928506806,Serpocaulon loriceum,Serpocaulon loriceum (L.) A.R.Sm.,Polypodiaceae,Serpocaulon,SPECIES,PRESERVED_SPECIMEN,1991-01-23,1991,-69.13,18.92,NA,d415c253-4d61-4459-9d25-4015b9084fb0,NY,NY,30,02,SABANA DE LA MAR,093002,874cf3388ffffff
366f9eab-8f0c-4f26-8365-7b10aae1eb59,1928538322,Miconia cordilamina,Miconia cordilamina Judd & Bécquer,Melastomataceae,Miconia,SPECIES,PRESERVED_SPECIMEN,1996-09-23,1996,-69.4514,19.0556,NA,d415c253-4d61-4459-9d25-4015b9084fb0,NY,NY,30,02,SABANA DE LA MAR,093002,874cf3730ffffff
36b14a19-2b63-4cc2-a02f-403479fd61c7,1928541907,Macrothelypteris torresiana,Thelypteris torresiana (Gaudich.) Alston,Thelypteridaceae,Macrothelypteris,SPECIES,PRESERVED_SPECIMEN,1982-07-01,1982,-69.47,18.97,NA,d415c253-4d61-4459-9d25-4015b9084fb0,NY,NY,30,02,SABANA DE LA MAR,093002,874cf37adffffff
36d86d38-cf68-4165-8cf7-807cf20ddb8c,1928543881,Polytaenium citrifolium,Anetium citrifolium (L.) Splitg.,Pteridaceae,Polytaenium,SPECIES,PRESERVED_SPECIMEN,1986-02-20,1986,-69.5,19,NA,d415c253-4d61-4459-9d25-4015b9084fb0,NY,NY,30,02,SABANA DE LA MAR,093002,874cf37a1ffffff
370e8e96-3794-4d41-b10f-8f6416ebb204,1928546796,Adiantum latifolium,Adiantum latifolium Lam.,Pteridaceae,Adiantum,SPECIES,PRESERVED_SPECIMEN,1982-09-16,1982,-69.28,19.02,NA,d415c253-4d61-4459-9d25-4015b9084fb0,NY,NY,30,02,SABANA DE LA MAR,093002,874cf30ddffffff
37D86C5E-0D6C-446F-A05F-FAAB5397BCF1,122967133,Leptogonum domingensis,Leptogonum molle Urb.,Polygonaceae,Leptogonum,SPECIES,PRESERVED_SPECIMEN,1996-09-23,1996,-69.4514,19.0556,NA,832cb04e-f762-11e1-a439-00145eb45e9a,FTG,Herbarium,30,02,SABANA DE LA MAR,093002,874cf3730ffffff
37ac1667-b7d6-469b-b675-51fa76936393,1928555499,Coccoloba costata,Coccoloba costata C.Wright,Polygonaceae,Coccoloba,SPECIES,PRESERVED_SPECIMEN,1982-10-28,1982,-69.575,19.08,NA,d415c253-4d61-4459-9d25-4015b9084fb0,NY,NY,30,02,SABANA DE LA MAR,093002,874cf3451ffffff
38f5df34-8409-4cfc-88e5-0f7a7ea77232,4102187168,Epidendrum anceps,Epidendrum anceps Jacq.,Orchidaceae,Epidendrum,SPECIES,PRESERVED_SPECIMEN,1988-06-14,1988,-69.466667,18.966667,NA,3111dc38-3143-4792-9802-610f1de4961c,BRIT,VDB,30,02,SABANA DE LA MAR,093002,874cf37a9ffffff
3914ce12-3766-42b3-be83-273ec6f3a511,1928574585,Pavonia fruticosa,Pavonia fruticosa (Mill.) Fawc. & Rendle,Malvaceae,Pavonia,SPECIES,PRESERVED_SPECIMEN,1980-08-20,1980,-69.32,19.03,NA,d415c253-4d61-4459-9d25-4015b9084fb0,NY,NY,30,02,SABANA DE LA MAR,093002,874cf30deffffff
396ed032-84cd-4cbc-a7d6-00a0f0f1bee1,1928580299,Allophylus crassinervis,Allophylus crassinervis Radlk.,Sapindaceae,Allophylus,SPECIES,PRESERVED_SPECIMEN,1985-08-06,1985,-69.5,19,NA,d415c253-4d61-4459-9d25-4015b9084fb0,NY,NY,30,02,SABANA DE LA MAR,093002,874cf37a1ffffff
39a68c84-88c1-486a-af6f-291dfd483e1b,1928583238,Cyathea pungens,Cyathea pungens (Willd.) Domin,Cyatheaceae,Cyathea,SPECIES,PRESERVED_SPECIMEN,1985-08-06,1985,-69.5,19,NA,d415c253-4d61-4459-9d25-4015b9084fb0,NY,NY,30,02,SABANA DE LA MAR,093002,874cf37a1ffffff
3DD2F660-7C8A-422B-A9AD-8342442B4EF1,153274382,Chrysophyllum argenteum,Chrysophyllum argenteum Jacq.,Sapotaceae,Chrysophyllum,SPECIES,PRESERVED_SPECIMEN,1986-02-20,1986,-69.5,19,NA,832cb04e-f762-11e1-a439-00145eb45e9a,FTG,Herbarium,30,02,SABANA DE LA MAR,093002,874cf37a1ffffff
3F6FF5D8-41E2-41DC-9627-AB0A98E4EC50,123013677,Ternstroemia peduncularis,Ternstroemia peduncularis DC.,Pentaphylacaceae,Ternstroemia,SPECIES,PRESERVED_SPECIMEN,,NA,-69.4514,19.0556,NA,832cb04e-f762-11e1-a439-00145eb45e9a,FTG,Herbarium,30,02,SABANA DE LA MAR,093002,874cf3730ffffff
3bc13f49-526d-4454-a5c3-adaf9eb9fd31,1928612674,Zanthoxylum caribaeum,Zanthoxylum caribaeum Lam.,Rutaceae,Zanthoxylum,SPECIES,PRESERVED_SPECIMEN,1985-04-26,1985,-69.5,19.08,NA,d415c253-4d61-4459-9d25-4015b9084fb0,NY,NY,30,02,SABANA DE LA MAR,093002,874cf344cffffff
3bee5df2-892a-4051-82bb-c2f8b3224ee9,1928615812,Lomariopsis kunzeana,Lomariopsis kunzeana (C.Presl ex Underw.) Holttum,Lomariopsidaceae,Lomariopsis,SPECIES,PRESERVED_SPECIMEN,1985-08-06,1985,-69.5,19,NA,d415c253-4d61-4459-9d25-4015b9084fb0,NY,NY,30,02,SABANA DE LA MAR,093002,874cf37a1ffffff
3c6285ac-b32e-4bab-997a-ae99b8a3b72a,1457764347,Miconia racemosa,Miconia racemosa (Aubl.) DC.,Melastomataceae,Miconia,SPECIES,PRESERVED_SPECIMEN,1990-06-27,1990,-69.15,18.916667,NA,b89d52a2-861d-4388-adad-c0da3d55fc78,UF,,30,02,SABANA DE LA MAR,093002,874cf338affffff
3d74c823-e4dd-4d48-8e7f-79d44234eccb,2351149097,Piper jacquemontianum,Piper jacquemontianum (Kunth) Kunth ex Steud.,Piperaceae,Piper,SPECIES,PRESERVED_SPECIMEN,1982-07-01,1982,-69.466667,18.966667,NA,861e6afe-f762-11e1-a439-00145eb45e9a,GH,GH,30,02,SABANA DE LA MAR,093002,874cf37a9ffffff
3e0bd123-be11-4807-8a15-6340bdf7b200,1928645073,Saccoloma domingense,Saccoloma domingense (Spreng.) C.Chr.,Saccolomataceae,Saccoloma,SPECIES,PRESERVED_SPECIMEN,1990-06-27,1990,-69.15,18.92,NA,d415c253-4d61-4459-9d25-4015b9084fb0,NY,NY,30,02,SABANA DE LA MAR,093002,874cf338affffff
3e0e2359-04de-4346-9e9d-4413feda4ada,1928645428,Myrcia abbottiana,Myrcia abbottiana (Urb.) Alain,Myrtaceae,Myrcia,SPECIES,PRESERVED_SPECIMEN,1985-04-25,1985,-69.55,19.08,NA,d415c253-4d61-4459-9d25-4015b9084fb0,NY,NY,30,02,SABANA DE LA MAR,093002,874cf345cffffff
3e1ef033-3414-440f-9694-a7c813f6f50b,1928647421,Sida rhombifolia,Sida rhombifolia L.,Malvaceae,Sida,SPECIES,PRESERVED_SPECIMEN,1986-02-20,1986,-69.5,19,NA,d415c253-4d61-4459-9d25-4015b9084fb0,NY,NY,30,02,SABANA DE LA MAR,093002,874cf37a1ffffff
3f761992-e1cb-4c7d-a6d2-09679999944c,1928664997,Palicourea crocea,Palicourea crocea (Sw.) Schult.,Rubiaceae,Palicourea,SPECIES,PRESERVED_SPECIMEN,1981-01-14,1981,-69.275,19.02,NA,d415c253-4d61-4459-9d25-4015b9084fb0,NY,NY,30,02,SABANA DE LA MAR,093002,874cf30ddffffff
3fe36cdc-d339-4f94-bd03-e06c69b90e67,1928670993,Piper hispidum,Piper hispidum Sw.,Piperaceae,Piper,SPECIES,PRESERVED_SPECIMEN,1985-08-08,1985,-69.5,19,NA,d415c253-4d61-4459-9d25-4015b9084fb0,NY,NY,30,02,SABANA DE LA MAR,093002,874cf37a1ffffff
40114a9c-7223-4023-b22e-495eca1aff2e,1928675091,Adiantum tenerum,Adiantum tenerum Sw.,Pteridaceae,Adiantum,SPECIES,PRESERVED_SPECIMEN,1988-06-14,1988,-69.47,18.97,NA,d415c253-4d61-4459-9d25-4015b9084fb0,NY,NY,30,02,SABANA DE LA MAR,093002,874cf37adffffff
40457e59-f3cb-43f7-b4a2-51fa7038cffe,1928676722,Bocconia frutescens,Bocconia frutescens L.,Papaveraceae,Bocconia,SPECIES,PRESERVED_SPECIMEN,1985-04-23,1985,-69.58,19.08,NA,d415c253-4d61-4459-9d25-4015b9084fb0,NY,NY,30,02,SABANA DE LA MAR,093002,874cf3453ffffff
406f59fd-e098-421b-a3cf-84c7bb36a184,1928679512,Costus scaber,Costus scaber Ruiz & Pav.,Costaceae,Costus,SPECIES,PRESERVED_SPECIMEN,1982-09-15,1982,-69.13,18.92,NA,d415c253-4d61-4459-9d25-4015b9084fb0,NY,NY,30,02,SABANA DE LA MAR,093002,874cf3388ffffff
40bfa967-f650-4c26-905e-a0f744ca7a18,1928683348,Peperomia magnoliifolia,Peperomia magnoliifolia (Jacq.) A.Dietr.,Piperaceae,Peperomia,SPECIES,PRESERVED_SPECIMEN,1996-09-23,1996,-69.4514,19.0556,NA,d415c253-4d61-4459-9d25-4015b9084fb0,NY,NY,30,02,SABANA DE LA MAR,093002,874cf3730ffffff
41211F6C-3B30-40B4-B1A6-D81D6D1F1AFC,5082352365,Ampelocissus robinsonii,Ampelocissus robinsonii Planch.,Vitaceae,Ampelocissus,SPECIES,PRESERVED_SPECIMEN,1992-07-07,1992,-69.5,18.983333,NA,f3f03cbf-1a01-4739-ae15-c1355b8c2dbf,CM,Botany,30,02,SABANA DE LA MAR,093002,874cf37aeffffff
4151edb3-8c0e-4747-8328-a503ffd368f3,1928691890,Smilax domingensis,Smilax domingensis Willd.,Smilacaceae,Smilax,SPECIES,PRESERVED_SPECIMEN,1985-08-07,1985,-69.52,19,NA,d415c253-4d61-4459-9d25-4015b9084fb0,NY,NY,30,02,SABANA DE LA MAR,093002,874cf37a3ffffff
423cbce2-dee3-4e65-b9dc-b4eaaac3347a,1928704788,Drypetes lateriflora,Drypetes lateriflora (Sw.) Krug & Urb.,Putranjivaceae,Drypetes,SPECIES,PRESERVED_SPECIMEN,1985-04-26,1985,-69.5,19.08,NA,d415c253-4d61-4459-9d25-4015b9084fb0,NY,NY,30,02,SABANA DE LA MAR,093002,874cf344cffffff
42d2e50f-95ca-44ce-a88d-c1a95039c61e,1928712875,Diplazium plantaginifolium,Diplazium plantaginifolium (L.) Urb.,Athyriaceae,Diplazium,SPECIES,PRESERVED_SPECIMEN,1982-09-15,1982,-69.13,18.92,NA,d415c253-4d61-4459-9d25-4015b9084fb0,NY,NY,30,02,SABANA DE LA MAR,093002,874cf3388ffffff
4319429,2997552156,Miconia mirabilis,Miconia mirabilis (Aubl.) L.O.Williams,Melastomataceae,Miconia,SPECIES,PRESERVED_SPECIMEN,1990-06-27,1990,-69.15,18.916667,NA,f5d836d5-cb15-4178-8f57-68ef1d6551e9,SPF,SPF,30,02,SABANA DE LA MAR,093002,874cf338affffff
43196943-4a71-479a-91e9-5fd6a7eb8d4f,1928716635,Costus scaber,Costus scaber Ruiz & Pav.,Costaceae,Costus,SPECIES,PRESERVED_SPECIMEN,1985-04-23,1985,-69.58,19.08,NA,d415c253-4d61-4459-9d25-4015b9084fb0,NY,NY,30,02,SABANA DE LA MAR,093002,874cf3453ffffff
436485e0-87ae-40ab-aa92-45c9f43a97f0,1928721005,Elekmania samanensis,Elekmania samanensis (Urb.) B.Nord.,Asteraceae,Elekmania,SPECIES,PRESERVED_SPECIMEN,1986-02-20,1986,-69.5,19,NA,d415c253-4d61-4459-9d25-4015b9084fb0,NY,NY,30,02,SABANA DE LA MAR,093002,874cf37a1ffffff
43875d75-bc02-4721-9234-29e62a641b52,1928722575,Cissus obovata,Cissus obovata Vahl,Vitaceae,Cissus,SPECIES,PRESERVED_SPECIMEN,1985-08-07,1985,-69.52,19,NA,d415c253-4d61-4459-9d25-4015b9084fb0,NY,NY,30,02,SABANA DE LA MAR,093002,874cf37a3ffffff
4417cfde-fdf8-46b0-b086-5eee6026ddd9,1928731137,Prestoea acuminata,Prestoea acuminata var. montana (Graham) A.J.Hend. & Galeano,Arecaceae,Prestoea,VARIETY,PRESERVED_SPECIMEN,1985-08-09,1985,-69.13,18.92,NA,d415c253-4d61-4459-9d25-4015b9084fb0,NY,NY,30,02,SABANA DE LA MAR,093002,874cf3388ffffff
448b8405-25d7-4575-a686-3b65e69c7539,1928737163,Pleopeltis polypodioides,Pleopeltis polypodioides (L.) E.G.Andrews & Windham,Polypodiaceae,Pleopeltis,SPECIES,PRESERVED_SPECIMEN,1980-08-20,1980,-69.32,19.03,NA,d415c253-4d61-4459-9d25-4015b9084fb0,NY,NY,30,02,SABANA DE LA MAR,093002,874cf30deffffff
44dc8387-a82d-417a-a16d-e026b9744aa1,1928742213,Peperomia rotundifolia,Peperomia rotundifolia (L.) Kunth,Piperaceae,Peperomia,SPECIES,PRESERVED_SPECIMEN,1982-07-01,1982,-69.47,18.97,NA,d415c253-4d61-4459-9d25-4015b9084fb0,NY,NY,30,02,SABANA DE LA MAR,093002,874cf37adffffff
4559c7a4-5d88-4707-9dd4-28340d79512d,1928748472,Piper marginatum,Piper marginatum Jacq.,Piperaceae,Piper,SPECIES,PRESERVED_SPECIMEN,1985-08-08,1985,-69.5,19,NA,d415c253-4d61-4459-9d25-4015b9084fb0,NY,NY,30,02,SABANA DE LA MAR,093002,874cf37a1ffffff
4578ab39-cf95-4cc4-aac0-de29f9a94401,1928750536,Byrsonima spicata,Byrsonima spicata (Cav.) DC.,Malpighiaceae,Byrsonima,SPECIES,PRESERVED_SPECIMEN,1990-06-27,1990,-69.15,18.92,NA,d415c253-4d61-4459-9d25-4015b9084fb0,NY,NY,30,02,SABANA DE LA MAR,093002,874cf338affffff
4637a6a8-0a2d-4878-9d34-1568f5119363,1928761258,Digenea simplex,Digenea simplex (Wulfen) C. Agardh,Rhodomelaceae,Digenea,SPECIES,PRESERVED_SPECIMEN,1977-07-11,1977,-69.381955,19.062022,655.57,d415c253-4d61-4459-9d25-4015b9084fb0,NY,NY,30,02,SABANA DE LA MAR,093002,874cf3725ffffff
46cd1bb9-2cf7-4f60-b223-bd380cd65786,1304587405,Solanum rugosum,Solanum rugosum Dunal,Solanaceae,Solanum,SPECIES,OCCURRENCE,1988-06-14,1988,-69.466667,18.966667,NA,07044577-bd82-4089-9f3a-f4a9d2170b2e,Bioversity,,30,02,SABANA DE LA MAR,093002,874cf37a9ffffff
47819623-0e64-43f8-be78-fac7f66dd9fd,1928779969,Microgramma piloselloides,Microgramma piloselloides (L.) Copel.,Polypodiaceae,Microgramma,SPECIES,PRESERVED_SPECIMEN,1982-07-01,1982,-69.47,18.97,NA,d415c253-4d61-4459-9d25-4015b9084fb0,NY,NY,30,02,SABANA DE LA MAR,093002,874cf37adffffff
47d930b1-0985-4b76-bb34-341357e6804d,1928783970,Dorstenia peltata,Dorstenia peltata Spreng.,Moraceae,Dorstenia,SPECIES,PRESERVED_SPECIMEN,1985-04-25,1985,-69.57,19.08,NA,d415c253-4d61-4459-9d25-4015b9084fb0,NY,NY,30,02,SABANA DE LA MAR,093002,874cf3451ffffff
4818d162-45f3-46d8-bca8-f19daa596a4d,1928787657,Amphitecna latifolia,Amphitecna latifolia (Mill.) A.H.Gentry,Bignoniaceae,Amphitecna,SPECIES,PRESERVED_SPECIMEN,1985-04-25,1985,-69.57,19.08,NA,d415c253-4d61-4459-9d25-4015b9084fb0,NY,NY,30,02,SABANA DE LA MAR,093002,874cf3451ffffff
48c54feb-b165-45ff-97df-56cf3dd012cd,1457768653,Miconia pyramidalis,Miconia pyramidalis (Desr.) DC.,Melastomataceae,Miconia,SPECIES,PRESERVED_SPECIMEN,1992-07-08,1992,-69.4666,19.0666,NA,b89d52a2-861d-4388-adad-c0da3d55fc78,UF,,30,02,SABANA DE LA MAR,093002,874cf3736ffffff
48e2c99b-2ac8-47c2-91fe-4338eae1c77b,1928798922,Pleopeltis astrolepis,Pleopeltis astrolepis (Liebm.) E.Fourn.,Polypodiaceae,Pleopeltis,SPECIES,PRESERVED_SPECIMEN,1980-08-20,1980,-69.38,19.02,NA,d415c253-4d61-4459-9d25-4015b9084fb0,NY,NY,30,02,SABANA DE LA MAR,093002,874cf372effffff
490a9581-ccd8-41be-8696-74e51612729e,1457768664,Miconia portoricensis,"Miconia portoricensis (Alain) Ionta, Judd & Skean",Melastomataceae,Miconia,SPECIES,PRESERVED_SPECIMEN,1986-02-20,1986,-69.5,19,NA,b89d52a2-861d-4388-adad-c0da3d55fc78,UF,,30,02,SABANA DE LA MAR,093002,874cf37a1ffffff
499f509e-ace3-48e0-ae66-81215177e516,1928809277,Epidendrum ramosum,Epidendrum ramosum Jacq.,Orchidaceae,Epidendrum,SPECIES,PRESERVED_SPECIMEN,1986-02-19,1986,-69.5,19,NA,d415c253-4d61-4459-9d25-4015b9084fb0,NY,NY,30,02,SABANA DE LA MAR,093002,874cf37a1ffffff
4E8EAA8F-F0AC-436F-B2F1-8C71B6557C4C,122976743,Myrcia abbottiana,Myrcia abbottiana (Urb.) Alain,Myrtaceae,Myrcia,SPECIES,PRESERVED_SPECIMEN,1996-09-23,1996,-69.4514,19.0556,NA,832cb04e-f762-11e1-a439-00145eb45e9a,FTG,Herbarium,30,02,SABANA DE LA MAR,093002,874cf3730ffffff
4a1b316f-131b-40ed-8b83-3a64200738f0,1928816112,Diplazium striatum,Diplazium striatum (L.) C.Presl,Athyriaceae,Diplazium,SPECIES,PRESERVED_SPECIMEN,1985-08-06,1985,-69.5,19,NA,d415c253-4d61-4459-9d25-4015b9084fb0,NY,NY,30,02,SABANA DE LA MAR,093002,874cf37a1ffffff
4a5cc261-c0a4-4e3f-b3e5-d2322a2e3f44,4079747866,Flemingia strobilifera,Flemingia strobilifera (L.) W.T.Aiton,Fabaceae,Flemingia,SPECIES,PRESERVED_SPECIMEN,1958-09-05,1958,-69.383604,19.053614,270,3b040a48-deae-485c-95b1-2ac80b7fdc54,IIBZ,USD,30,02,SABANA DE LA MAR,093002,874cf3720ffffff
4a678ce3-a25d-49ca-b98d-35ddf3b864b2,1928820182,Asplenium dentatum,Asplenium dentatum L.,Aspleniaceae,Asplenium,SPECIES,PRESERVED_SPECIMEN,1982-06-30,1982,-69.5,19.08,NA,d415c253-4d61-4459-9d25-4015b9084fb0,NY,NY,30,02,SABANA DE LA MAR,093002,874cf344cffffff
4a85d6d7-5703-4ce1-a6d7-134457d593e3,1928822328,Alsophila fulgens,Alsophila fulgens (C.Chr.) D.S.Conant,Cyatheaceae,Alsophila,SPECIES,PRESERVED_SPECIMEN,1990-06-27,1990,-69.15,18.92,NA,d415c253-4d61-4459-9d25-4015b9084fb0,NY,NY,30,02,SABANA DE LA MAR,093002,874cf338affffff
4a9c26a4-89c6-4c45-82e6-3905e2320f19,1928822814,Cyclopeltis semicordata,Cyclopeltis semicordata (Sw.) J.Sm.,Lomariopsidaceae,Cyclopeltis,SPECIES,PRESERVED_SPECIMEN,1985-04-23,1985,-69.58,19.08,NA,d415c253-4d61-4459-9d25-4015b9084fb0,NY,NY,30,02,SABANA DE LA MAR,093002,874cf3453ffffff
4ad81682-d094-4da0-9567-4c3c0e5c789b,1457769394,Miconia mirabilis,Miconia mirabilis (Aubl.) L.O.Williams,Melastomataceae,Miconia,SPECIES,PRESERVED_SPECIMEN,1990-06-27,1990,-69.15,18.916667,NA,b89d52a2-861d-4388-adad-c0da3d55fc78,UF,,30,02,SABANA DE LA MAR,093002,874cf338affffff
4b5845ec-7fd6-4d66-828e-f35c615bf923,1998636291,Polystachya foliosa,Polystachya caracasana Rchb.f.,Orchidaceae,Polystachya,SPECIES,PRESERVED_SPECIMEN,1981-01-14,1981,-69.4,19,NA,861e6afe-f762-11e1-a439-00145eb45e9a,GH,GH,30,02,SABANA DE LA MAR,093002,874cf3701ffffff
4bc2694c-b498-42ac-a423-821b7a79cf1e,1928839625,Polytaenium lineatum,Polytaenium lanceolatum (Sw.) Desv.,Pteridaceae,Polytaenium,SPECIES,PRESERVED_SPECIMEN,1982-09-15,1982,-69.13,18.92,NA,d415c253-4d61-4459-9d25-4015b9084fb0,NY,NY,30,02,SABANA DE LA MAR,093002,874cf3388ffffff
4bd28421-1e6c-41f3-85e7-d6d62a55b4c9,1457769712,Miconia mirabilis,Miconia mirabilis (Aubl.) L.O.Williams,Melastomataceae,Miconia,SPECIES,PRESERVED_SPECIMEN,1991-05-11,1991,-69.15,18.916667,NA,b89d52a2-861d-4388-adad-c0da3d55fc78,UF,,30,02,SABANA DE LA MAR,093002,874cf338affffff
4c09ba1e-f722-4068-84f9-46cf121cac4e,1928843412,Malpighia glabra,Malpighia glabra L.,Malpighiaceae,Malpighia,SPECIES,PRESERVED_SPECIMEN,1986-02-20,1986,-69.5,19,NA,d415c253-4d61-4459-9d25-4015b9084fb0,NY,NY,30,02,SABANA DE LA MAR,093002,874cf37a1ffffff
4c5fe105-cd3d-41f6-96a2-287a65d01ff2,1928847647,Marcgravia rectiflora,Marcgravia rectiflora Triana & Planch.,Marcgraviaceae,Marcgravia,SPECIES,PRESERVED_SPECIMEN,1982-07-01,1982,-69.47,18.97,NA,d415c253-4d61-4459-9d25-4015b9084fb0,NY,NY,30,02,SABANA DE LA MAR,093002,874cf37adffffff
4ce7a3b4-24c4-4781-8da4-de1cb73ec5c5,1928855447,Cyathula achyranthoides,Cyathula achyranthoides (Kunth) Moq.,Amaranthaceae,Cyathula,SPECIES,PRESERVED_SPECIMEN,1981-01-14,1981,-69.38,19,NA,d415c253-4d61-4459-9d25-4015b9084fb0,NY,NY,30,02,SABANA DE LA MAR,093002,874cf372affffff
4ceecfc4-7b8d-45ac-a4db-3ce18d181054,1928855816,Phlegmariurus linifolius,Lycopodium linifolium L.,Lycopodiaceae,Phlegmariurus,SPECIES,PRESERVED_SPECIMEN,1990-06-27,1990,-69.15,18.92,NA,d415c253-4d61-4459-9d25-4015b9084fb0,NY,NY,30,02,SABANA DE LA MAR,093002,874cf338affffff
4dd3c2b6-807d-4197-b6a0-46801dd9e604,1928868622,Zapoteca nervosa,Zapoteca nervosa (Urb.) H.M.Hern.,Fabaceae,Zapoteca,SPECIES,PRESERVED_SPECIMEN,1985-07-06,1985,-69.53,19.03,NA,d415c253-4d61-4459-9d25-4015b9084fb0,NY,NY,30,02,SABANA DE LA MAR,093002,874cf37a4ffffff
4de98c91-03da-454f-bb93-8fc569991095,2028417170,Hydropuntia caudata,Hydropuntia caudata (J. Agardh) Gurgel & Fredericq,Gracilariaceae,Hydropuntia,SPECIES,PRESERVED_SPECIMEN,1977-07-11,1977,-69.388433,19.059336,3000,31b346f9-1a91-4688-af40-5a50a261c572,DUKE,,30,02,SABANA DE LA MAR,093002,874cf3720ffffff
4e4edfab-838f-4ac6-857a-f3a5e6f48afb,1928875294,Epidendrum rigidum,Epidendrum rigidum Jacq.,Orchidaceae,Epidendrum,SPECIES,PRESERVED_SPECIMEN,1981-01-14,1981,-69.38,19.03,NA,d415c253-4d61-4459-9d25-4015b9084fb0,NY,NY,30,02,SABANA DE LA MAR,093002,874cf372effffff
4eb08396-b366-4c3a-a3a8-4953bc0515ad,1928881504,Piper samanense,Piper samanense Urb.,Piperaceae,Piper,SPECIES,PRESERVED_SPECIMEN,1989-08-16,1989,-69.55,19.08,NA,d415c253-4d61-4459-9d25-4015b9084fb0,NY,NY,30,02,SABANA DE LA MAR,093002,874cf345cffffff
4f2f3cb0-a9ce-47cb-bb7e-7e83e932dfe0,1928887678,Costus spicatus,Costus spicatus (Jacq.) Sw.,Costaceae,Costus,SPECIES,PRESERVED_SPECIMEN,1982-06-28,1982,-69.4,19.07,NA,d415c253-4d61-4459-9d25-4015b9084fb0,NY,NY,30,02,SABANA DE LA MAR,093002,874cf3726ffffff
4f3c6ef7-aab9-41e1-9f39-3a3aea96ceaa,1928888550,Solanum jamaicense,Solanum jamaicense Mill.,Solanaceae,Solanum,SPECIES,PRESERVED_SPECIMEN,1981-01-14,1981,-69.28,19.03,NA,d415c253-4d61-4459-9d25-4015b9084fb0,NY,NY,30,02,SABANA DE LA MAR,093002,874cf30c3ffffff
507f442c-95d0-440f-a83b-87ac643b0b37,1928906502,Miconia umbellata,Clidemia umbellata (Mill.) L.O.Williams,Melastomataceae,Miconia,SPECIES,PRESERVED_SPECIMEN,1982-07-01,1982,-69.47,18.97,NA,d415c253-4d61-4459-9d25-4015b9084fb0,NY,NY,30,02,SABANA DE LA MAR,093002,874cf37adffffff
508336ec-f26e-41ca-919a-6acbd7e405be,1928906176,Tectaria trifoliata,Tectaria trifoliata (L.) Cav.,Tectariaceae,Tectaria,SPECIES,PRESERVED_SPECIMEN,1990-06-27,1990,-69.15,18.92,NA,d415c253-4d61-4459-9d25-4015b9084fb0,NY,NY,30,02,SABANA DE LA MAR,093002,874cf338affffff
519269f1-5815-4300-83fa-4051c9848e2c,1928921509,Begonia brachypoda,Begonia brachypoda O.E.Schulz,Begoniaceae,Begonia,SPECIES,PRESERVED_SPECIMEN,1985-08-08,1985,-69.5,19,NA,d415c253-4d61-4459-9d25-4015b9084fb0,NY,NY,30,02,SABANA DE LA MAR,093002,874cf37a1ffffff
51aabda8-5379-4c2d-a015-65998df25509,1928922765,Diplazium grandifolium,Diplazium grandifolium (Sw.) Sw.,Athyriaceae,Diplazium,SPECIES,PRESERVED_SPECIMEN,1985-08-06,1985,-69.5,19,NA,d415c253-4d61-4459-9d25-4015b9084fb0,NY,NY,30,02,SABANA DE LA MAR,093002,874cf37a1ffffff
52423032-734b-46cc-b275-bf9ee50a1c6a,1928930975,Palicourea berteroana,Psychotria berteroana DC.,Rubiaceae,Palicourea,SPECIES,PRESERVED_SPECIMEN,1990-06-27,1990,-69.15,18.92,NA,d415c253-4d61-4459-9d25-4015b9084fb0,NY,NY,30,02,SABANA DE LA MAR,093002,874cf338affffff
52a5a6d9-b57d-4547-93e2-9ac431685a23,1928937075,Drypetes lateriflora,Drypetes lateriflora (Sw.) Krug & Urb.,Putranjivaceae,Drypetes,SPECIES,PRESERVED_SPECIMEN,1985-04-25,1985,-69.57,19.08,NA,d415c253-4d61-4459-9d25-4015b9084fb0,NY,NY,30,02,SABANA DE LA MAR,093002,874cf3451ffffff
52e69b8e-e516-4f6a-86c2-1d85e2793311,1457772186,Miconia prasina,Miconia prasina (Sw.) DC.,Melastomataceae,Miconia,SPECIES,PRESERVED_SPECIMEN,1990-06-27,1990,-69.15,18.916667,NA,b89d52a2-861d-4388-adad-c0da3d55fc78,UF,,30,02,SABANA DE LA MAR,093002,874cf338affffff
54210dff-88b2-4cf7-a328-5517eedbe7d9,1928957542,Alsophila fulgens,Cyathea fulgens C.Chr.,Cyatheaceae,Alsophila,SPECIES,PRESERVED_SPECIMEN,1985-08-06,1985,-69.5,19,NA,d415c253-4d61-4459-9d25-4015b9084fb0,NY,NY,30,02,SABANA DE LA MAR,093002,874cf37a1ffffff
543064a3-c019-4ede-aced-fa0f3856a312,1928958166,Elleanthus cordidactylus,Elleanthus cordidactylus Ackerman,Orchidaceae,Elleanthus,SPECIES,PRESERVED_SPECIMEN,1986-02-19,1986,-69.5,19,NA,d415c253-4d61-4459-9d25-4015b9084fb0,NY,NY,30,02,SABANA DE LA MAR,093002,874cf37a1ffffff
545837f7-432c-455c-848e-588b860eacdc,1928961502,Phlegmariurus funiformis,Lycopodium funiforme Cham. ex Spring,Lycopodiaceae,Phlegmariurus,SPECIES,PRESERVED_SPECIMEN,1985-08-07,1985,-69.52,19,NA,d415c253-4d61-4459-9d25-4015b9084fb0,NY,NY,30,02,SABANA DE LA MAR,093002,874cf37a3ffffff
54c19e1d-d288-4bb6-a3c2-32cb259b40e9,1928966334,Piper jacquemontianum,Piper jacquemontianum (Kunth) Kunth ex Steud.,Piperaceae,Piper,SPECIES,PRESERVED_SPECIMEN,1982-06-30,1982,-69.5,19.08,NA,d415c253-4d61-4459-9d25-4015b9084fb0,NY,NY,30,02,SABANA DE LA MAR,093002,874cf344cffffff
54de9506-1895-4b17-8d3e-0915df481fdb,1928967808,Nephrolepis hirsutula,Nephrolepis hirsutula (G.Forst.) C.Presl,Nephrolepidaceae,Nephrolepis,SPECIES,PRESERVED_SPECIMEN,1985-08-08,1985,-69.5,19,NA,d415c253-4d61-4459-9d25-4015b9084fb0,NY,NY,30,02,SABANA DE LA MAR,093002,874cf37a1ffffff
550d61bb-d261-4067-a9b8-8dcd801ba2a0,1928970307,Cyclopeltis semicordata,Cyclopeltis semicordata (Sw.) J.Sm.,Lomariopsidaceae,Cyclopeltis,SPECIES,PRESERVED_SPECIMEN,1985-08-06,1985,-69.5,19,NA,d415c253-4d61-4459-9d25-4015b9084fb0,NY,NY,30,02,SABANA DE LA MAR,093002,874cf37a1ffffff
5562925c-222b-4e0f-ab49-473b67e96cef,1928975045,Adiantum latifolium,Adiantum latifolium Lam.,Pteridaceae,Adiantum,SPECIES,PRESERVED_SPECIMEN,1980-08-20,1980,-69.38,19.02,NA,d415c253-4d61-4459-9d25-4015b9084fb0,NY,NY,30,02,SABANA DE LA MAR,093002,874cf372effffff
56526696-624e-417d-a036-3eeb61cbfa38,1928988683,Miconia prasina,Miconia prasina (Sw.) DC.,Melastomataceae,Miconia,SPECIES,PRESERVED_SPECIMEN,1990-06-27,1990,-69.15,18.92,NA,d415c253-4d61-4459-9d25-4015b9084fb0,NY,NY,30,02,SABANA DE LA MAR,093002,874cf338affffff
566D85B9-6990-4CA3-9C3F-5B0AD7A9C464,2859483476,Adiantum capillus-veneris,Adiantum capillus-veneris L.,Pteridaceae,Adiantum,SPECIES,PRESERVED_SPECIMEN,1992-07-08,1992,-69.466667,19.066667,NA,f3f03cbf-1a01-4739-ae15-c1355b8c2dbf,CM,botany,30,02,SABANA DE LA MAR,093002,874cf3736ffffff
57520458-8939-4996-a6da-cf18260589b0,1929003227,Pecluma pectinata,Pecluma pectinata (L.) M.G.Price,Polypodiaceae,Pecluma,SPECIES,PRESERVED_SPECIMEN,1985-08-06,1985,-69.5,19,NA,d415c253-4d61-4459-9d25-4015b9084fb0,NY,NY,30,02,SABANA DE LA MAR,093002,874cf37a1ffffff
57bea95e-7461-4d22-abe5-5545ee64db4a,1929008393,Gesneria viridiflora,Gesneria viridiflora (Decne.) Kuntze,Gesneriaceae,Gesneria,SPECIES,PRESERVED_SPECIMEN,1982-10-28,1982,-69.575,19.08,NA,d415c253-4d61-4459-9d25-4015b9084fb0,NY,NY,30,02,SABANA DE LA MAR,093002,874cf3451ffffff
57dd0a09-166f-4a0d-b6bb-5f941168c332,1929010514,Lasiacis divaricata,Lasiacis divaricata (L.) Hitchc.,Poaceae,Lasiacis,SPECIES,PRESERVED_SPECIMEN,1985-08-07,1985,-69.52,19,NA,d415c253-4d61-4459-9d25-4015b9084fb0,NY,NY,30,02,SABANA DE LA MAR,093002,874cf37a3ffffff
5931f832-9e5a-4d25-b220-15657a0f3a85,1929029597,Amyris metopioides,Amyris metopioides Zanoni & M.M.Mejía,Rutaceae,Amyris,SPECIES,PRESERVED_SPECIMEN,1985-08-06,1985,-69.5,19,NA,d415c253-4d61-4459-9d25-4015b9084fb0,NY,NY,30,02,SABANA DE LA MAR,093002,874cf37a1ffffff
5CBE4AC3-1989-49EA-BC67-5BD2129E0D57,2859221516,Tectaria incisa,Tectaria incisa Cav.,Tectariaceae,Tectaria,SPECIES,PRESERVED_SPECIMEN,1992-07-07,1992,-69.483333,19.066667,NA,f3f03cbf-1a01-4739-ae15-c1355b8c2dbf,CM,botany,30,02,SABANA DE LA MAR,093002,874cf344dffffff
5FC72288-C076-4087-A2B2-46C186541888,122953577,Guettarda scabra,Guettarda scabra (L.) Lam.,Rubiaceae,Guettarda,SPECIES,PRESERVED_SPECIMEN,1996-09-23,1996,-69.4514,19.0556,NA,832cb04e-f762-11e1-a439-00145eb45e9a,FTG,Herbarium,30,02,SABANA DE LA MAR,093002,874cf3730ffffff
5a9bd116-0dc3-4a67-93a5-575157f9016c,1929048849,Faramea occidentalis,Faramea occidentalis (L.) A.Rich.,Rubiaceae,Faramea,SPECIES,PRESERVED_SPECIMEN,1985-04-25,1985,-69.57,19.08,NA,d415c253-4d61-4459-9d25-4015b9084fb0,NY,NY,30,02,SABANA DE LA MAR,093002,874cf3451ffffff
5aa53604-b203-4ca3-bf86-7ab97c949749,1929049280,Pimenta racemosa,Pimenta racemosa var. grisea (Kiaersk.) Fosberg,Myrtaceae,Pimenta,VARIETY,PRESERVED_SPECIMEN,1986-02-20,1986,-69.5,19,NA,d415c253-4d61-4459-9d25-4015b9084fb0,NY,NY,30,02,SABANA DE LA MAR,093002,874cf37a1ffffff
5baa0110-3a14-4a10-b4d2-45a3fe52d333,4089039317,Guatteria blainii,Guatteria blainii (Griseb.) Urb.,Annonaceae,Guatteria,SPECIES,PRESERVED_SPECIMEN,1990-06-27,1990,-69.15,18.916667,NA,b89d52a2-861d-4388-adad-c0da3d55fc78,UF,,30,02,SABANA DE LA MAR,093002,874cf338affffff
5c1ae43a-a032-4778-a481-459751718ecd,1929070143,Tillandsia setacea,Tillandsia setacea Sw.,Bromeliaceae,Tillandsia,SPECIES,PRESERVED_SPECIMEN,1980-08-20,1980,-69.38,19.02,NA,d415c253-4d61-4459-9d25-4015b9084fb0,NY,NY,30,02,SABANA DE LA MAR,093002,874cf372effffff
5c3f4c97-5452-4260-9cfa-bc46888d63ce,1929071900,Thelypteris Schmidel,Thelypteris Schmidel,Thelypteridaceae,Thelypteris,GENUS,PRESERVED_SPECIMEN,1985-04-25,1985,-69.57,19.08,NA,d415c253-4d61-4459-9d25-4015b9084fb0,NY,NY,30,02,SABANA DE LA MAR,093002,874cf3451ffffff
5c403d22-57d6-4e1e-9445-04f68a71856e,1929071960,Campyloneurum costatum,Campyloneurum costatum (Kunze) C.Presl,Polypodiaceae,Campyloneurum,SPECIES,PRESERVED_SPECIMEN,1985-04-23,1985,-69.58,19.08,NA,d415c253-4d61-4459-9d25-4015b9084fb0,NY,NY,30,02,SABANA DE LA MAR,093002,874cf3453ffffff
5cf31fb1-d036-4542-98ba-771dab4d2520,1929081790,Paspalum virgatum,Paspalum virgatum L.,Poaceae,Paspalum,SPECIES,PRESERVED_SPECIMEN,1982-06-28,1982,-69.45,19.07,NA,d415c253-4d61-4459-9d25-4015b9084fb0,NY,NY,30,02,SABANA DE LA MAR,093002,874cf3734ffffff
5cf48caf-b13c-460a-b7e2-d0ec5394f9e2,1929081295,Theophrasta americana,Theophrasta americana L.,Primulaceae,Theophrasta,SPECIES,PRESERVED_SPECIMEN,1985-08-06,1985,-69.5,19,NA,d415c253-4d61-4459-9d25-4015b9084fb0,NY,NY,30,02,SABANA DE LA MAR,093002,874cf37a1ffffff
5de280e5-4710-4b8b-a1f4-1724bdadad23,1929096047,Indigofera tinctoria,Indigofera tinctoria L.,Fabaceae,Indigofera,SPECIES,PRESERVED_SPECIMEN,1986-02-21,1986,-69.57,19.08,NA,d415c253-4d61-4459-9d25-4015b9084fb0,NY,NY,30,02,SABANA DE LA MAR,093002,874cf3451ffffff
5eda51a7-e10d-4d33-a2f8-c560760de278,1929109080,Digitaria insularis,Digitaria insularis (L.) Mez ex Ekman,Poaceae,Digitaria,SPECIES,PRESERVED_SPECIMEN,1986-02-20,1986,-69.5,19,NA,d415c253-4d61-4459-9d25-4015b9084fb0,NY,NY,30,02,SABANA DE LA MAR,093002,874cf37a1ffffff
5fa0b8e4-2c7c-4e6e-86c6-c6f558c3c1da,1929120519,Peperomia emarginella,Peperomia emarginella (Sw. ex Wikstr.) C.DC.,Piperaceae,Peperomia,SPECIES,PRESERVED_SPECIMEN,1985-08-06,1985,-69.5,19,NA,d415c253-4d61-4459-9d25-4015b9084fb0,NY,NY,30,02,SABANA DE LA MAR,093002,874cf37a1ffffff
5ffbe7f1-c302-4412-950f-f15467158f0f,1929124983,Pitcairnia domingensis,Pitcairnia domingensis L.B.Sm.,Bromeliaceae,Pitcairnia,SPECIES,PRESERVED_SPECIMEN,1996-09-23,1996,-69.4514,19.0556,NA,d415c253-4d61-4459-9d25-4015b9084fb0,NY,NY,30,02,SABANA DE LA MAR,093002,874cf3730ffffff
6002e507-0ed9-45c8-9381-68a97fac6c6e,1929125504,Mucura bipinnata,Dennstaedtia bipinnata (Cav.) Maxon,Dennstaedtiaceae,Mucura,SPECIES,PRESERVED_SPECIMEN,1985-04-23,1985,-69.58,19.08,NA,d415c253-4d61-4459-9d25-4015b9084fb0,NY,NY,30,02,SABANA DE LA MAR,093002,874cf3453ffffff
61fd0a5f-bb10-4260-928a-fef0675f8707,1929152867,Jupunba abbottii,Abarema abbottii (Rose & Leonard) Barneby & J.W.Grimes,Fabaceae,Jupunba,SPECIES,PRESERVED_SPECIMEN,1985-04-25,1985,-69.55,19.08,NA,d415c253-4d61-4459-9d25-4015b9084fb0,NY,NY,30,02,SABANA DE LA MAR,093002,874cf345cffffff
62cdfb6d-a84f-495a-92c9-591d8e73de18,1929164453,Jupunba abbottii,Abarema abbottii (Rose & Leonard) Barneby & J.W.Grimes,Fabaceae,Jupunba,SPECIES,PRESERVED_SPECIMEN,1982-06-30,1982,-69.5,19.08,NA,d415c253-4d61-4459-9d25-4015b9084fb0,NY,NY,30,02,SABANA DE LA MAR,093002,874cf344cffffff
6470a109-1724-4e33-81f4-159ad4d98be9,1929187988,Ipomoea pes-caprae,Ipomoea pes-caprae (L.) R.Br.,Convolvulaceae,Ipomoea,SPECIES,PRESERVED_SPECIMEN,1982-06-30,1982,-69.5,19.08,NA,d415c253-4d61-4459-9d25-4015b9084fb0,NY,NY,30,02,SABANA DE LA MAR,093002,874cf344cffffff
648196aa-53b1-4f69-b7e6-2dcb6222eb7b,1929189175,Didymoglossum krausii,Trichomanes krausii Hook. & Grev.,Hymenophyllaceae,Didymoglossum,SPECIES,PRESERVED_SPECIMEN,1982-09-15,1982,-69.13,18.92,NA,d415c253-4d61-4459-9d25-4015b9084fb0,NY,NY,30,02,SABANA DE LA MAR,093002,874cf3388ffffff
649c5e3c-dd1d-4687-b0bc-4b4b9e824346,2234628394,Coleataenia tenera,Coleataenia tenera (Beyr. ex Trin.) Soreng,Poaceae,Coleataenia,SPECIES,PRESERVED_SPECIMEN,1930-07-14,1930,-69.39,19.07,1000,27b4ff4b-29c3-4017-9c48-3750861392f7,NCU,Vascular Plants,30,02,SABANA DE LA MAR,093002,874cf3724ffffff
66a20cf6-b3c5-4efe-963c-30385ac8864a,1929218794,Notopleura uliginosa,Notopleura uliginosa (Sw.) Bremek.,Rubiaceae,Notopleura,SPECIES,PRESERVED_SPECIMEN,1985-04-23,1985,-69.58,19.08,NA,d415c253-4d61-4459-9d25-4015b9084fb0,NY,NY,30,02,SABANA DE LA MAR,093002,874cf3453ffffff
66af5fe4-b8b8-47bd-b144-3e01e11743aa,1929219481,Oleandra articulata,Oleandra articulata (Sw.) C.Presl,Oleandraceae,Oleandra,SPECIES,PRESERVED_SPECIMEN,1990-06-27,1990,-69.15,18.92,NA,d415c253-4d61-4459-9d25-4015b9084fb0,NY,NY,30,02,SABANA DE LA MAR,093002,874cf338affffff
66d691a3-5286-4f8f-9034-e94908d75e40,1929221739,Microgramma lycopodioides,Microgramma lycopodioides (L.) Copel.,Polypodiaceae,Microgramma,SPECIES,PRESERVED_SPECIMEN,1980-08-20,1980,-69.38,19.02,NA,d415c253-4d61-4459-9d25-4015b9084fb0,NY,NY,30,02,SABANA DE LA MAR,093002,874cf372effffff
66f2b8ce-de5b-49ca-b76b-15000f4b0eb6,1929223502,Hymenophyllum Sm.,Hymenophyllum Sm.,Hymenophyllaceae,Hymenophyllum,GENUS,PRESERVED_SPECIMEN,1980-08-20,1980,-69.38,19.02,NA,d415c253-4d61-4459-9d25-4015b9084fb0,NY,NY,30,02,SABANA DE LA MAR,093002,874cf372effffff
67547101-781b-414d-8c50-35203499b0fb,1929229302,Megalastrum gilbertii,"Megalastrum gilbertii (Clute) R.C.Moran, J.Prado & Labiak",Dryopteridaceae,Megalastrum,SPECIES,PRESERVED_SPECIMEN,1985-08-05,1985,-69.5,19,NA,d415c253-4d61-4459-9d25-4015b9084fb0,NY,NY,30,02,SABANA DE LA MAR,093002,874cf37a1ffffff
67c75d67-42ae-4262-9393-bcf824a1064b,1929234586,Alsophila jimeneziana,Alsophila jimeneziana D.S.Conant,Cyatheaceae,Alsophila,SPECIES,PRESERVED_SPECIMEN,1982-09-15,1982,-69.13,18.92,NA,d415c253-4d61-4459-9d25-4015b9084fb0,NY,NY,30,02,SABANA DE LA MAR,093002,874cf3388ffffff
67e42622-da51-4718-bc2a-af2bd71b352c,1929236179,Rhynchospora radicans,Rhynchospora radicans subsp. microcephala (Bertero ex Spreng.) W.W.Thomas,Cyperaceae,Rhynchospora,SUBSPECIES,PRESERVED_SPECIMEN,1985-08-06,1985,-69.5,19,NA,d415c253-4d61-4459-9d25-4015b9084fb0,NY,NY,30,02,SABANA DE LA MAR,093002,874cf37a1ffffff
681cb06d-ec28-40ac-bb4b-a2121cbfe7fc,1929239633,Gesneria viridiflora,Gesneria viridiflora (Decne.) Kuntze,Gesneriaceae,Gesneria,SPECIES,PRESERVED_SPECIMEN,1982-06-30,1982,-69.5,19.08,NA,d415c253-4d61-4459-9d25-4015b9084fb0,NY,NY,30,02,SABANA DE LA MAR,093002,874cf344cffffff
6825af28-4721-4887-b617-69108115d99b,1929239967,Cyathea arborea,Cyathea arborea (L.) Sm.,Cyatheaceae,Cyathea,SPECIES,PRESERVED_SPECIMEN,1982-09-15,1982,-69.13,18.92,NA,d415c253-4d61-4459-9d25-4015b9084fb0,NY,NY,30,02,SABANA DE LA MAR,093002,874cf3388ffffff
685f5e15-ce2b-4e9b-89d3-1d745486c769,1929242978,Andira inermis,Andira inermis (W.Wright) Kunth ex DC.,Fabaceae,Andira,SPECIES,PRESERVED_SPECIMEN,1982-06-28,1982,-69.45,19.07,NA,d415c253-4d61-4459-9d25-4015b9084fb0,NY,NY,30,02,SABANA DE LA MAR,093002,874cf3734ffffff
6873b37b-282a-4a2c-828d-a4f8648584f6,1929244126,Pitcairnia domingensis,Pitcairnia domingensis L.B.Sm.,Bromeliaceae,Pitcairnia,SPECIES,PRESERVED_SPECIMEN,1982-10-28,1982,-69.575,19.08,NA,d415c253-4d61-4459-9d25-4015b9084fb0,NY,NY,30,02,SABANA DE LA MAR,093002,874cf3451ffffff
68bae95b-822e-4207-83d6-667b151da471,1457779563,Rhynchospora radicans,Rhynchospora radicans (Schltdl. & Cham.) H.Pfeiff.,Cyperaceae,Rhynchospora,SPECIES,PRESERVED_SPECIMEN,1990-06-27,1990,-69.15,18.916667,NA,b89d52a2-861d-4388-adad-c0da3d55fc78,UF,,30,02,SABANA DE LA MAR,093002,874cf338affffff
68d08df7-3d48-4cdb-a986-10c3eb3e7d10,1929249180,Pharus parvifolius,Pharus parvifolius Nash,Poaceae,Pharus,SPECIES,PRESERVED_SPECIMEN,1986-02-19,1986,-69.5,19,NA,d415c253-4d61-4459-9d25-4015b9084fb0,NY,NY,30,02,SABANA DE LA MAR,093002,874cf37a1ffffff
69395d5d-5d0a-4bb3-af99-128d9a0a9318,1929254979,Coccoloba costata,Coccoloba costata C.Wright,Polygonaceae,Coccoloba,SPECIES,PRESERVED_SPECIMEN,1986-02-20,1986,-69.5,19,NA,d415c253-4d61-4459-9d25-4015b9084fb0,NY,NY,30,02,SABANA DE LA MAR,093002,874cf37a1ffffff
6975ac21-ab3f-4f74-930c-1b37908a7546,2351154157,Piper L.,Piper L.,Piperaceae,Piper,GENUS,PRESERVED_SPECIMEN,1986-02-20,1986,-69.5,19,NA,861e6afe-f762-11e1-a439-00145eb45e9a,GH,GH,30,02,SABANA DE LA MAR,093002,874cf37a1ffffff
6992da66-d299-4a58-b182-3a58348cef32,1929260386,Bacopa stricta,Bacopa stricta (Schrad.) Wettst. ex Edwall,Plantaginaceae,Bacopa,SPECIES,PRESERVED_SPECIMEN,1986-02-20,1986,-69.5,19,NA,d415c253-4d61-4459-9d25-4015b9084fb0,NY,NY,30,02,SABANA DE LA MAR,093002,874cf37a1ffffff
6C165948-4ACD-48EC-81E9-38EA4BF950C0,122979949,Palicourea crocea,Palicourea crocea (Sw.) Schult.,Rubiaceae,Palicourea,SPECIES,PRESERVED_SPECIMEN,1985-04-23,1985,-69.55,19.0833,NA,832cb04e-f762-11e1-a439-00145eb45e9a,FTG,Herbarium,30,02,SABANA DE LA MAR,093002,874cf3442ffffff
6a6f0b1e-9a14-4771-86e9-a91e1f0d2189,2028417155,Hypnea musciformis,Hypnea musciformis (Wulfen) Lamouroux,Cystocloniaceae,Hypnea,SPECIES,PRESERVED_SPECIMEN,1977-07-22,1977,-69.388433,19.059336,3000,31b346f9-1a91-4688-af40-5a50a261c572,DUKE,,30,02,SABANA DE LA MAR,093002,874cf3720ffffff
6a90dbe3-7172-4478-bb43-4dde52c6d713,1929273561,Philodendron Schott,Philodendron Schott,Araceae,Philodendron,GENUS,PRESERVED_SPECIMEN,1990-06-28,1990,-69.15,18.92,NA,d415c253-4d61-4459-9d25-4015b9084fb0,NY,NY,30,02,SABANA DE LA MAR,093002,874cf338affffff
6a952989-6539-45a2-8e0b-0964179b44cd,1929274048,Smilax domingensis,Smilax domingensis Willd.,Smilacaceae,Smilax,SPECIES,PRESERVED_SPECIMEN,1985-08-06,1985,-69.5,19,NA,d415c253-4d61-4459-9d25-4015b9084fb0,NY,NY,30,02,SABANA DE LA MAR,093002,874cf37a1ffffff
6b08efdf-c1d0-4005-b244-2ae5d5c96a08,1929280573,Ocotea cuneata,Ocotea cuneata (Griseb.) Urb.,Lauraceae,Ocotea,SPECIES,PRESERVED_SPECIMEN,1986-02-20,1986,-69.5,19,NA,d415c253-4d61-4459-9d25-4015b9084fb0,NY,NY,30,02,SABANA DE LA MAR,093002,874cf37a1ffffff
6b3fecd4-1a32-4aaa-8c02-46610c48d108,1929283443,Ormosia krugii,Ormosia krugii Urb.,Fabaceae,Ormosia,SPECIES,PRESERVED_SPECIMEN,1990-06-27,1990,-69.15,18.92,NA,d415c253-4d61-4459-9d25-4015b9084fb0,NY,NY,30,02,SABANA DE LA MAR,093002,874cf338affffff
6b55d8f3-a608-458b-9cc0-71c034e07e46,1929284649,Catopsis floribunda,Catopsis floribunda L.B.Sm.,Bromeliaceae,Catopsis,SPECIES,PRESERVED_SPECIMEN,1982-09-15,1982,-69.13,18.92,NA,d415c253-4d61-4459-9d25-4015b9084fb0,NY,NY,30,02,SABANA DE LA MAR,093002,874cf3388ffffff
6b814df6-06e4-4dcc-8080-61450ad34796,1929288259,Callicosta evanescens,Pilotrichum evanescens (Müll. Hal.) Crosby,Callicostaceae,Callicosta,SPECIES,PRESERVED_SPECIMEN,1981-03-28,1981,-69.2,19,NA,d415c253-4d61-4459-9d25-4015b9084fb0,NY,NY,30,02,SABANA DE LA MAR,093002,874cf33b3ffffff
6c6a0049-2229-4485-9fe7-9cba737c59fa,1929299870,Adiantum pyramidale,Adiantum pyramidale (L.) Willd.,Pteridaceae,Adiantum,SPECIES,PRESERVED_SPECIMEN,1990-06-27,1990,-69.15,18.92,NA,d415c253-4d61-4459-9d25-4015b9084fb0,NY,NY,30,02,SABANA DE LA MAR,093002,874cf338affffff
6c864c82-82e6-4e13-9cda-6b8d4159b957,1929301705,Zizkaea tuerckheimii,Vriesea tuerckheimii (Mez) L.B.Sm.,Bromeliaceae,Zizkaea,SPECIES,PRESERVED_SPECIMEN,1985-08-06,1985,-69.5,19,NA,d415c253-4d61-4459-9d25-4015b9084fb0,NY,NY,30,02,SABANA DE LA MAR,093002,874cf37a1ffffff
6d69a0ab-b4a5-4e72-823f-e1b7bd685e61,1302550150,Manihot brachyloba,Manihot brachyloba Müll.Arg.,Euphorbiaceae,Manihot,SPECIES,OCCURRENCE,,NA,-69.333,19.033,NA,07044577-bd82-4089-9f3a-f4a9d2170b2e,CIAT,,30,02,SABANA DE LA MAR,093002,874cf30d3ffffff
6dac0947-77ed-476e-81a0-3ff3c55b9b81,1929317486,Ludwigia palustris,Ludwigia palustris (L.) Elliott,Onagraceae,Ludwigia,SPECIES,PRESERVED_SPECIMEN,1982-06-28,1982,-69.45,19.07,NA,d415c253-4d61-4459-9d25-4015b9084fb0,NY,NY,30,02,SABANA DE LA MAR,093002,874cf3734ffffff
6dd30743-973c-4c9d-8f46-84b2e64e3baa,1929320840,Tectaria trifoliata,Tectaria trifoliata (L.) Cav.,Tectariaceae,Tectaria,SPECIES,PRESERVED_SPECIMEN,1985-08-06,1985,-69.5,19,NA,d415c253-4d61-4459-9d25-4015b9084fb0,NY,NY,30,02,SABANA DE LA MAR,093002,874cf37a1ffffff
6dde8794-340b-4f21-a118-37841de158c2,1929320436,Mimosa pudica,Mimosa pudica var. unijuga (Duchass. & Walp.) Griseb.,Fabaceae,Mimosa,VARIETY,PRESERVED_SPECIMEN,1981-01-14,1981,-69.275,19.02,NA,d415c253-4d61-4459-9d25-4015b9084fb0,NY,NY,30,02,SABANA DE LA MAR,093002,874cf30ddffffff
6df96bdc-c6f7-4bd7-ad23-4ea50fe13a1a,1929322564,Hillia tetrandra,Hillia tetrandra Sw.,Rubiaceae,Hillia,SPECIES,PRESERVED_SPECIMEN,1985-08-06,1985,-69.5,19,NA,d415c253-4d61-4459-9d25-4015b9084fb0,NY,NY,30,02,SABANA DE LA MAR,093002,874cf37a1ffffff
6e791999-bf3f-40b2-bc16-b7e3a9823cbd,1929331199,Heliconia caribaea,Heliconia caribaea Lam.,Heliconiaceae,Heliconia,SPECIES,PRESERVED_SPECIMEN,1982-07-01,1982,-69.47,18.97,NA,d415c253-4d61-4459-9d25-4015b9084fb0,NY,NY,30,02,SABANA DE LA MAR,093002,874cf37adffffff
6e794fe8-a748-4353-a718-6f6b44064a0a,2270679427,Pimenta racemosa,Pimenta racemosa var. terebinthina (Burret) Landrum,Myrtaceae,Pimenta,VARIETY,PRESERVED_SPECIMEN,1986-02-20,1986,-69.5,19,NA,e05fd4c2-4d77-4c50-880e-1b22096af300,ASU,Plants,30,02,SABANA DE LA MAR,093002,874cf37a1ffffff
6ea39e72-10c9-41c7-aaa1-f7851a088347,1929329776,Asplenium cuneatum,Asplenium cuneatum Lam.,Aspleniaceae,Asplenium,SPECIES,PRESERVED_SPECIMEN,1990-06-27,1990,-69.15,18.92,NA,d415c253-4d61-4459-9d25-4015b9084fb0,NY,NY,30,02,SABANA DE LA MAR,093002,874cf338affffff
6ebbdc3f-cd6b-496d-a50c-bd475bd00693,1929332055,Helicodontium capillare,Helicodontium capillare (Hedw.) A. Jaeger,Brachytheciaceae,Helicodontium,SPECIES,PRESERVED_SPECIMEN,1981-03-28,1981,-69.2,19,NA,d415c253-4d61-4459-9d25-4015b9084fb0,NY,NY,30,02,SABANA DE LA MAR,093002,874cf33b3ffffff
70620596-caaa-449b-80e1-b86efec6bfb2,1929355689,Cyathea arborea,Cyathea arborea (L.) Sm.,Cyatheaceae,Cyathea,SPECIES,PRESERVED_SPECIMEN,1982-09-15,1982,-69.13,18.92,NA,d415c253-4d61-4459-9d25-4015b9084fb0,NY,NY,30,02,SABANA DE LA MAR,093002,874cf3388ffffff
71253bdc-d0ea-44ec-9d92-c1580c1e5d0e,1929366426,Panicum L.,Panicum L.,Poaceae,Panicum,GENUS,PRESERVED_SPECIMEN,1982-06-28,1982,-69.45,19.07,NA,d415c253-4d61-4459-9d25-4015b9084fb0,NY,NY,30,02,SABANA DE LA MAR,093002,874cf3734ffffff
71c3f311-3fce-45ed-8785-4fed48f4451f,1929375167,Stigmaphyllon bannisterioides,Stigmaphyllon bannisterioides (L.) C.E.Anderson,Malpighiaceae,Stigmaphyllon,SPECIES,PRESERVED_SPECIMEN,1982-06-28,1982,-69.3917,19.07,NA,d415c253-4d61-4459-9d25-4015b9084fb0,NY,NY,30,02,SABANA DE LA MAR,093002,874cf3724ffffff
71d8c1ff-79ac-4c81-96b0-6d3f71f08a70,1929376814,Laportea aestuans,Laportea aestuans (L.) Chew,Urticaceae,Laportea,SPECIES,PRESERVED_SPECIMEN,1985-04-23,1985,-69.58,19.08,NA,d415c253-4d61-4459-9d25-4015b9084fb0,NY,NY,30,02,SABANA DE LA MAR,093002,874cf3453ffffff
7226d4de-3890-411d-969f-034dc6bc473f,1929380169,Tillandsia fasciculata,Tillandsia fasciculata Sw.,Bromeliaceae,Tillandsia,SPECIES,PRESERVED_SPECIMEN,1980-08-20,1980,-69.38,19.02,NA,d415c253-4d61-4459-9d25-4015b9084fb0,NY,NY,30,02,SABANA DE LA MAR,093002,874cf372effffff
72ebde50-00c9-4c0a-bc8e-5be21a7a9559,1929391653,Capsicum annuum,Capsicum annuum L.,Solanaceae,Capsicum,SPECIES,PRESERVED_SPECIMEN,1986-02-20,1986,-69.5,19,NA,d415c253-4d61-4459-9d25-4015b9084fb0,NY,NY,30,02,SABANA DE LA MAR,093002,874cf37a1ffffff
73de37a2-34b2-45c9-a3c4-ab0fbb191cef,1929404755,Pecluma pectinata,Pecluma pectinata (L.) M.G.Price,Polypodiaceae,Pecluma,SPECIES,PRESERVED_SPECIMEN,1996-09-23,1996,-69.4514,19.0556,NA,d415c253-4d61-4459-9d25-4015b9084fb0,NY,NY,30,02,SABANA DE LA MAR,093002,874cf3730ffffff
747e5bc1bfadbcd869f7562275255624,3308565493,Paspalum conjugatum,Paspalum conjugatum P.J.Bergius,Poaceae,Paspalum,SPECIES,PRESERVED_SPECIMEN,1988-06-14,1988,-69.467,18.967,NA,8016518a-f762-11e1-a439-00145eb45e9a,IBUNAM,MEXU,30,02,SABANA DE LA MAR,093002,874cf37a9ffffff
748ea979-a14e-47af-9080-7142558f9440,1929414847,Jacaranda caerulea,Jacaranda caerulea (L.) Juss.,Bignoniaceae,Jacaranda,SPECIES,PRESERVED_SPECIMEN,1982-06-30,1982,-69.5,19.08,NA,d415c253-4d61-4459-9d25-4015b9084fb0,NY,NY,30,02,SABANA DE LA MAR,093002,874cf344cffffff
7585b64d-3bbf-42c3-8d7d-67df9fb1e98f,1304578182,Solanum torvum,Solanum torvum Sw.,Solanaceae,Solanum,SPECIES,OCCURRENCE,1985-08-08,1985,-69.5,19,NA,07044577-bd82-4089-9f3a-f4a9d2170b2e,Bioversity,,30,02,SABANA DE LA MAR,093002,874cf37a1ffffff
7598ac1f-70b8-4423-8e23-49a8ce9f67e7,1929428866,Asplenium abscissum,Asplenium abscissum Willd.,Aspleniaceae,Asplenium,SPECIES,PRESERVED_SPECIMEN,1985-04-23,1985,-69.58,19.08,NA,d415c253-4d61-4459-9d25-4015b9084fb0,NY,NY,30,02,SABANA DE LA MAR,093002,874cf3453ffffff
75ac4961-6636-4aa0-8b52-d6fd4cbecae2,1929430587,Asplenium abscissum,Asplenium abscissum Willd.,Aspleniaceae,Asplenium,SPECIES,PRESERVED_SPECIMEN,1985-08-06,1985,-69.5,19,NA,d415c253-4d61-4459-9d25-4015b9084fb0,NY,NY,30,02,SABANA DE LA MAR,093002,874cf37a1ffffff
75f547ed-dda8-4712-9c48-d8db6f47c0cc,1929434236,Gonzalagunia hirsuta,Gonzalagunia hirsuta (Jacq.) K.Schum.,Rubiaceae,Gonzalagunia,SPECIES,PRESERVED_SPECIMEN,1981-01-14,1981,-69.38,19.03,NA,d415c253-4d61-4459-9d25-4015b9084fb0,NY,NY,30,02,SABANA DE LA MAR,093002,874cf372effffff
76580376-50a2-4fc3-9128-5f1eed996dfc,1929439711,Rugoloa pilosa,Panicum pilosum Sw.,Poaceae,Rugoloa,SPECIES,PRESERVED_SPECIMEN,1982-06-28,1982,-69.45,19.07,NA,d415c253-4d61-4459-9d25-4015b9084fb0,NY,NY,30,02,SABANA DE LA MAR,093002,874cf3734ffffff
766c587a-fe8c-4f0f-8f97-ea9aadacfbab,1929441003,Neckeropsis disticha,Neckeropsis disticha (Hedw.) Kindb.,Neckeraceae,Neckeropsis,SPECIES,PRESERVED_SPECIMEN,1981-03-28,1981,-69.2,19,NA,d415c253-4d61-4459-9d25-4015b9084fb0,NY,NY,30,02,SABANA DE LA MAR,093002,874cf33b3ffffff
7749ee2e-5172-4412-a1bd-b49d9644017a,2236946614,Peperomia pellucida,Peperomia pellucida (L.) Kunth,Piperaceae,Peperomia,SPECIES,PRESERVED_SPECIMEN,1985-04-23,1985,-69.583333,19.083333,NA,861e6afe-f762-11e1-a439-00145eb45e9a,GH,GH,30,02,SABANA DE LA MAR,093002,874cf3453ffffff
77610141-1fd8-4cd1-beed-e232e680e0f6,1929454861,Flemingia strobilifera,Flemingia strobilifera (L.) W.T.Aiton,Fabaceae,Flemingia,SPECIES,PRESERVED_SPECIMEN,1981-01-14,1981,-69.275,19.02,NA,d415c253-4d61-4459-9d25-4015b9084fb0,NY,NY,30,02,SABANA DE LA MAR,093002,874cf30ddffffff
78c6ddf1-bce2-4279-acc0-ebc61bc5b492,1929474201,Panicum trichoides,Panicum trichoides Sw.,Poaceae,Panicum,SPECIES,PRESERVED_SPECIMEN,1986-02-20,1986,-69.5,19,NA,d415c253-4d61-4459-9d25-4015b9084fb0,NY,NY,30,02,SABANA DE LA MAR,093002,874cf37a1ffffff
7FEEC125-C865-4889-BDCC-EB28826D0438,2859248509,Ctenitis parvula,Ctenitis parvula Proctor,Dryopteridaceae,Ctenitis,SPECIES,PRESERVED_SPECIMEN,1992-07-07,1992,-69.483333,19.066667,NA,f3f03cbf-1a01-4739-ae15-c1355b8c2dbf,CM,botany,30,02,SABANA DE LA MAR,093002,874cf344dffffff
7a177017-3478-4273-a39f-135cc7389ddc,1929493107,Microgramma piloselloides,Microgramma piloselloides (L.) Copel.,Polypodiaceae,Microgramma,SPECIES,PRESERVED_SPECIMEN,1985-08-06,1985,-69.5,19,NA,d415c253-4d61-4459-9d25-4015b9084fb0,NY,NY,30,02,SABANA DE LA MAR,093002,874cf37a1ffffff
7a492991-0867-4946-8b92-b87c7d34e197,1929495355,Scleria gaertneri,Scleria gaertneri Raddi,Cyperaceae,Scleria,SPECIES,PRESERVED_SPECIMEN,1980-08-20,1980,-69.32,19.03,NA,d415c253-4d61-4459-9d25-4015b9084fb0,NY,NY,30,02,SABANA DE LA MAR,093002,874cf30deffffff
7bfa6100-5ca1-41eb-89fd-4f911c2adfb6,1929519198,Pleopeltis polypodioides,Pleopeltis polypodioides (L.) E.G.Andrews & Windham,Polypodiaceae,Pleopeltis,SPECIES,PRESERVED_SPECIMEN,1981-03-28,1981,-69.28,19.02,NA,d415c253-4d61-4459-9d25-4015b9084fb0,NY,NY,30,02,SABANA DE LA MAR,093002,874cf30ddffffff
7bff9ad6-8dbf-4073-bc44-acecf9a7ebac,1929519372,Didymoglossum krausii,Trichomanes krausii Hook. & Grev.,Hymenophyllaceae,Didymoglossum,SPECIES,PRESERVED_SPECIMEN,1981-03-28,1981,-69.28,19.02,NA,d415c253-4d61-4459-9d25-4015b9084fb0,NY,NY,30,02,SABANA DE LA MAR,093002,874cf30ddffffff
7c55352e-c495-451a-8361-15019c99b817,1929524183,Garciadelia leprosa,Leucocroton leprosus (Willd.) Pax & K.Hoffm.,Euphorbiaceae,Garciadelia,SPECIES,PRESERVED_SPECIMEN,2007-06-07,2007,-69.4778,19.0744,NA,d415c253-4d61-4459-9d25-4015b9084fb0,NY,NY,30,02,SABANA DE LA MAR,093002,874cf346bffffff
7ce48efc-484f-412a-9dc4-8caedff88dd9,1929532406,Guarea glabra,Guarea glabra Vahl,Meliaceae,Guarea,SPECIES,PRESERVED_SPECIMEN,1986-02-20,1986,-69.5,19,NA,d415c253-4d61-4459-9d25-4015b9084fb0,NY,NY,30,02,SABANA DE LA MAR,093002,874cf37a1ffffff
7cfb63e4-c2bc-4d89-98e2-6e49ed2ae35a,1929533662,Megalastrum martinicense,"Megalastrum martinicense (Spreng.) R.C.Moran, J.Prado & Labiak",Dryopteridaceae,Megalastrum,SPECIES,PRESERVED_SPECIMEN,1985-08-06,1985,-69.5,19,NA,d415c253-4d61-4459-9d25-4015b9084fb0,NY,NY,30,02,SABANA DE LA MAR,093002,874cf37a1ffffff
7d690f9a-5ffe-4af0-a098-89ff84d7995c,1929539939,Thouinia tomentosa,Thouinia tomentosa DC.,Sapindaceae,Thouinia,SPECIES,PRESERVED_SPECIMEN,1985-04-23,1985,-69.58,19.08,NA,d415c253-4d61-4459-9d25-4015b9084fb0,NY,NY,30,02,SABANA DE LA MAR,093002,874cf3453ffffff
7dc6854a-36e7-4811-9214-b54d46a0416e,1929544991,Polystachya foliosa,Polystachya foliosa (Hook.) Rchb.f.,Orchidaceae,Polystachya,SPECIES,PRESERVED_SPECIMEN,1986-02-19,1986,-69.5,19,NA,d415c253-4d61-4459-9d25-4015b9084fb0,NY,NY,30,02,SABANA DE LA MAR,093002,874cf37a1ffffff
7e585ffd-c93f-4d3e-a805-b423e09bca35,1929552688,Adiantum pyramidale,Adiantum pyramidale (L.) Willd.,Pteridaceae,Adiantum,SPECIES,PRESERVED_SPECIMEN,1982-10-28,1982,-69.575,19.08,NA,d415c253-4d61-4459-9d25-4015b9084fb0,NY,NY,30,02,SABANA DE LA MAR,093002,874cf3451ffffff
7e88634b-5e66-458b-a2e1-849af6ebb28b,1929555259,Iresine diffusa,Iresine diffusa Humb. & Bonpl. ex Willd.,Amaranthaceae,Iresine,SPECIES,PRESERVED_SPECIMEN,1981-01-14,1981,-69.275,19.02,NA,d415c253-4d61-4459-9d25-4015b9084fb0,NY,NY,30,02,SABANA DE LA MAR,093002,874cf30ddffffff
7eadda33-1660-4df5-bdef-b9b5e400c362,1929557156,Goniopteris pennata,Thelypteris pennata (Poir.) C.V.Morton,Thelypteridaceae,Goniopteris,SPECIES,PRESERVED_SPECIMEN,1985-08-06,1985,-69.5,19,NA,d415c253-4d61-4459-9d25-4015b9084fb0,NY,NY,30,02,SABANA DE LA MAR,093002,874cf37a1ffffff
7ee76b5a-eb52-47bd-8167-c0ef8a2fb02f,1929560340,Anthurium scandens,Anthurium scandens (Aubl.) Engl.,Araceae,Anthurium,SPECIES,PRESERVED_SPECIMEN,1996-09-23,1996,-69.4514,19.0556,NA,d415c253-4d61-4459-9d25-4015b9084fb0,NY,NY,30,02,SABANA DE LA MAR,093002,874cf3730ffffff
7f86f78b-25e6-49e2-97af-05aafa533ad4,1929569080,Schlegelia brachyantha,Schlegelia brachyantha Griseb.,Schlegeliaceae,Schlegelia,SPECIES,PRESERVED_SPECIMEN,1986-02-19,1986,-69.5,19,NA,d415c253-4d61-4459-9d25-4015b9084fb0,NY,NY,30,02,SABANA DE LA MAR,093002,874cf37a1ffffff
7f8d0c49-f2ce-4c59-9137-9f7e9a093473,1929569731,Alsophila fulgens,Cyathea fulgens C.Chr.,Cyatheaceae,Alsophila,SPECIES,PRESERVED_SPECIMEN,1985-08-06,1985,-69.5,19,NA,d415c253-4d61-4459-9d25-4015b9084fb0,NY,NY,30,02,SABANA DE LA MAR,093002,874cf37a1ffffff
80615b64-2542-4b1e-b720-7467281c26b7,2270672696,Myrcia neosintenisii,Calyptranthes sintenisii Kiaersk.,Myrtaceae,Myrcia,SPECIES,PRESERVED_SPECIMEN,1985-04-23,1985,-69.5833,19.0833,NA,e05fd4c2-4d77-4c50-880e-1b22096af300,ASU,Plants,30,02,SABANA DE LA MAR,093002,874cf3453ffffff
80a46638-1094-4abe-a91b-fe661fbb2eb3,1929584798,Saccoloma inaequale,Saccoloma inaequale (Kunze) Mett.,Saccolomataceae,Saccoloma,SPECIES,PRESERVED_SPECIMEN,1991-01-23,1991,-69.13,18.92,NA,d415c253-4d61-4459-9d25-4015b9084fb0,NY,NY,30,02,SABANA DE LA MAR,093002,874cf3388ffffff
80edd811-5a4f-41dc-868f-1a3d5db1d2bb,1929589125,Piper hispidum,Piper hispidum Sw.,Piperaceae,Piper,SPECIES,PRESERVED_SPECIMEN,1982-06-30,1982,-69.5,19.08,NA,d415c253-4d61-4459-9d25-4015b9084fb0,NY,NY,30,02,SABANA DE LA MAR,093002,874cf344cffffff
824a7986-fbf9-46fd-97f4-7ee3075a2b0f,1929608813,Pteris grandifolia,Pteris grandifolia L.,Pteridaceae,Pteris,SPECIES,PRESERVED_SPECIMEN,1986-02-20,1986,-69.5,19,NA,d415c253-4d61-4459-9d25-4015b9084fb0,NY,NY,30,02,SABANA DE LA MAR,093002,874cf37a1ffffff
824af02a-66a7-4ac8-9aa3-d5066f83b9c7,1929608499,Asplenium cuneatum,Asplenium cuneatum Lam.,Aspleniaceae,Asplenium,SPECIES,PRESERVED_SPECIMEN,1985-08-06,1985,-69.5,19,NA,d415c253-4d61-4459-9d25-4015b9084fb0,NY,NY,30,02,SABANA DE LA MAR,093002,874cf37a1ffffff
83061ec6-83f2-4e76-979f-f1e89b004233,1929618638,Adenanthera pavonina,Adenanthera pavonina L.,Fabaceae,Adenanthera,SPECIES,PRESERVED_SPECIMEN,1985-04-25,1985,-69.57,19.08,NA,d415c253-4d61-4459-9d25-4015b9084fb0,NY,NY,30,02,SABANA DE LA MAR,093002,874cf3451ffffff
83589073-c601-4821-bec5-a5224217ae0b,1929623387,Cupania americana,Cupania americana L.,Sapindaceae,Cupania,SPECIES,PRESERVED_SPECIMEN,1986-02-20,1986,-69.5,19,NA,d415c253-4d61-4459-9d25-4015b9084fb0,NY,NY,30,02,SABANA DE LA MAR,093002,874cf37a1ffffff
83C2C64E-5CC8-4C05-B580-99C7B447EFDB,122924672,Chione venosa,Chione venosa (Sw.) Urb.,Rubiaceae,Chione,SPECIES,PRESERVED_SPECIMEN,1966-09-23,1966,-69.4514,19.0556,NA,832cb04e-f762-11e1-a439-00145eb45e9a,FTG,Herbarium,30,02,SABANA DE LA MAR,093002,874cf3730ffffff
83e26228-e4ca-400a-a755-db9f1600cbaa,1929630527,Piper jacquemontianum,Piper jacquemontianum (Kunth) Kunth ex Steud.,Piperaceae,Piper,SPECIES,PRESERVED_SPECIMEN,1982-06-28,1982,-69.45,19.07,NA,d415c253-4d61-4459-9d25-4015b9084fb0,NY,NY,30,02,SABANA DE LA MAR,093002,874cf3734ffffff
84510dad-26a6-4004-b672-b6e2490a6c70,1929636824,Callicostella depressa,Callicostella depressa (Hedw.) A. Jaeger,Callicostaceae,Callicostella,SPECIES,PRESERVED_SPECIMEN,1981-03-28,1981,-69.2,19,NA,d415c253-4d61-4459-9d25-4015b9084fb0,NY,NY,30,02,SABANA DE LA MAR,093002,874cf33b3ffffff
845fc96d-bbe4-44b6-ba91-fe1d619f93c8,1929637563,Asplenium serratum,Asplenium serratum L.,Aspleniaceae,Asplenium,SPECIES,PRESERVED_SPECIMEN,1985-04-25,1985,-69.57,19.08,NA,d415c253-4d61-4459-9d25-4015b9084fb0,NY,NY,30,02,SABANA DE LA MAR,093002,874cf3451ffffff
84d3b651-6b12-4ed8-9e2b-3e8ade882b72,1457789131,Miconia umbellata,Miconia umbellata (Mill.) Judd & Ionta,Melastomataceae,Miconia,SPECIES,PRESERVED_SPECIMEN,1990-06-27,1990,-69.15,18.916667,NA,b89d52a2-861d-4388-adad-c0da3d55fc78,UF,,30,02,SABANA DE LA MAR,093002,874cf338affffff
84d74591-1221-4fbb-8a97-b87d98233036,1929643768,Peperomia rotundifolia,Peperomia rotundifolia (L.) Kunth,Piperaceae,Peperomia,SPECIES,PRESERVED_SPECIMEN,1985-08-06,1985,-69.5,19,NA,d415c253-4d61-4459-9d25-4015b9084fb0,NY,NY,30,02,SABANA DE LA MAR,093002,874cf37a1ffffff
853d2e1f-b2cd-421d-a975-c737f0fcf24e,1929649922,Goniopteris reptans,Thelypteris reptans (J.F.Gmel.) C.V.Morton,Thelypteridaceae,Goniopteris,SPECIES,PRESERVED_SPECIMEN,1985-08-06,1985,-69.5,19,NA,d415c253-4d61-4459-9d25-4015b9084fb0,NY,NY,30,02,SABANA DE LA MAR,093002,874cf37a1ffffff
85e5af0e-9d9d-45f8-a846-467d472b9c9e,1929659255,Mouriri helleri,Mouriri helleri var. samanensis (Urb.) Morley,Melastomataceae,Mouriri,VARIETY,PRESERVED_SPECIMEN,1985-04-24,1985,-69.57,19.08,NA,d415c253-4d61-4459-9d25-4015b9084fb0,NY,NY,30,02,SABANA DE LA MAR,093002,874cf3451ffffff
85ea25ba-505a-486f-acce-d341a4874c1d,1929659197,Grona barbata,Desmodium barbatum (L.) Benth.,Fabaceae,Grona,SPECIES,PRESERVED_SPECIMEN,1986-02-21,1986,-69.5,19,NA,d415c253-4d61-4459-9d25-4015b9084fb0,NY,NY,30,02,SABANA DE LA MAR,093002,874cf37a1ffffff
85fff420-5fff-4e19-a217-3d9fe7e93289,1929660442,Trichilia hirta,Trichilia hirta L.,Meliaceae,Trichilia,SPECIES,PRESERVED_SPECIMEN,1933-04-08,1933,-69.226186,18.991752,571.05,d415c253-4d61-4459-9d25-4015b9084fb0,NY,NY,30,02,SABANA DE LA MAR,093002,874cf30c9ffffff
86122c22-72d3-4590-abae-07c4f2a654f6,1929662316,Chrysobalanus icaco,Chrysobalanus icaco L.,Chrysobalanaceae,Chrysobalanus,SPECIES,PRESERVED_SPECIMEN,1982-06-30,1982,-69.5,19.08,NA,d415c253-4d61-4459-9d25-4015b9084fb0,NY,NY,30,02,SABANA DE LA MAR,093002,874cf344cffffff
8662a162-da69-44bc-a57b-061577093043,1929666822,Heliconia caribaea,Heliconia caribaea Lam.,Heliconiaceae,Heliconia,SPECIES,PRESERVED_SPECIMEN,1982-07-01,1982,-69.47,18.97,NA,d415c253-4d61-4459-9d25-4015b9084fb0,NY,NY,30,02,SABANA DE LA MAR,093002,874cf37adffffff
87208321-d964-42c4-89e9-8c32120b03ab,1929676209,Derbesia vaucheriaeformis,Derbesia vaucheriaeformis (Harvey) J. Agardh,Derbesiaceae,Derbesia,SPECIES,PRESERVED_SPECIMEN,1977-07-11,1977,-69.381955,19.062022,655.57,d415c253-4d61-4459-9d25-4015b9084fb0,NY,NY,30,02,SABANA DE LA MAR,093002,874cf3725ffffff
87da69b2-efd6-4c37-b3fb-6409e52b0129,1929686458,Macairea lasiophylla,Acisanthera erecta Gleason,Melastomataceae,Macairea,SPECIES,PRESERVED_SPECIMEN,1986-02-21,1986,-69.5,19,NA,d415c253-4d61-4459-9d25-4015b9084fb0,NY,NY,30,02,SABANA DE LA MAR,093002,874cf37a1ffffff
88034cbb-b8e9-41ef-9cb0-7d3827523279,1929690052,Erechtites valerianifolius,Erechtites valerianifolius (Wolf ex Rchb.) DC.,Asteraceae,Erechtites,SPECIES,PRESERVED_SPECIMEN,1986-02-20,1986,-69.5,19,NA,d415c253-4d61-4459-9d25-4015b9084fb0,NY,NY,30,02,SABANA DE LA MAR,093002,874cf37a1ffffff
880c0919-f9bb-4aea-8931-84c5eb3bc394,1929688885,Ananthacorus angustifolius,Ananthacorus angustifolius (Sw.) Underw. & Maxon,Pteridaceae,Ananthacorus,SPECIES,PRESERVED_SPECIMEN,1985-04-25,1985,-69.55,19.08,NA,d415c253-4d61-4459-9d25-4015b9084fb0,NY,NY,30,02,SABANA DE LA MAR,093002,874cf345cffffff
88c74936-95fe-4ed8-939f-cd5ee419adba,1929700776,Sarcomphalus rhodoxylon,Ziziphus rhodoxylon Urb.,Rhamnaceae,Sarcomphalus,SPECIES,PRESERVED_SPECIMEN,1985-08-06,1985,-69.5,19,NA,d415c253-4d61-4459-9d25-4015b9084fb0,NY,NY,30,02,SABANA DE LA MAR,093002,874cf37a1ffffff
88f697a7-c382-43e6-92d2-988b32a97e97,1929702172,Tabebuia acrophylla,Tabebuia acrophylla (Urb.) Britton,Bignoniaceae,Tabebuia,SPECIES,PRESERVED_SPECIMEN,1985-08-06,1985,-69.5,19,NA,d415c253-4d61-4459-9d25-4015b9084fb0,NY,NY,30,02,SABANA DE LA MAR,093002,874cf37a1ffffff
88fd030a-8cc8-4081-ae17-2176dee4e2ec,1929702840,Bursera simaruba,Bursera simaruba (L.) Sarg.,Burseraceae,Bursera,SPECIES,PRESERVED_SPECIMEN,1982-06-30,1982,-69.5,19.08,NA,d415c253-4d61-4459-9d25-4015b9084fb0,NY,NY,30,02,SABANA DE LA MAR,093002,874cf344cffffff
898584fc-1523-4f06-b2bd-ceb0f6f224ee,1929711726,Laportea cuneata,Laportea cuneata (A.Rich.) Chew,Urticaceae,Laportea,SPECIES,PRESERVED_SPECIMEN,1985-04-23,1985,-69.58,19.08,NA,d415c253-4d61-4459-9d25-4015b9084fb0,NY,NY,30,02,SABANA DE LA MAR,093002,874cf3453ffffff
89F3B6ED-DE53-4A1B-9457-6B1CA3DEA51C,1503218554,Morella cerifera,Morella cerifera (L.) Small,Myricaceae,Morella,SPECIES,PRESERVED_SPECIMEN,1982-10-28,1982,-69.575,19.0833,NA,af1b4db0-c8ce-4a95-b700-8a6a02bed9d6,USF,Herb,30,02,SABANA DE LA MAR,093002,874cf3451ffffff
89b6b255-0740-4b9e-9ec5-1e689e4e80f1,1929712775,Rhynchospora radicans,Rhynchospora radicans subsp. microcephala (Bertero ex Spreng.) W.W.Thomas,Cyperaceae,Rhynchospora,SUBSPECIES,PRESERVED_SPECIMEN,1990-06-27,1990,-69.15,18.92,NA,d415c253-4d61-4459-9d25-4015b9084fb0,NY,NY,30,02,SABANA DE LA MAR,093002,874cf338affffff
89e48c24-a09a-4f02-807b-10d1dcc652ff,1929714920,Goniopteris imitata,Thelypteris imitata (C.Chr.) Alain,Thelypteridaceae,Goniopteris,SPECIES,PRESERVED_SPECIMEN,1985-08-06,1985,-69.5,19,NA,d415c253-4d61-4459-9d25-4015b9084fb0,NY,NY,30,02,SABANA DE LA MAR,093002,874cf37a1ffffff
8A23A4E3-8057-41DE-8039-418A97AD062F,123000629,Rondeletia exasperata,Rondeletia exasperata Borhidi,Rubiaceae,Rondeletia,SPECIES,PRESERVED_SPECIMEN,1985-08-07,1985,-69.5167,19,NA,832cb04e-f762-11e1-a439-00145eb45e9a,FTG,Herbarium,30,02,SABANA DE LA MAR,093002,874cf37a3ffffff
8B944860-7CBC-4870-8BE6-2BFCEE885B73,1503218576,Microgramma lycopodioides,Microgramma lycopodioides (L.) Copel.,Polypodiaceae,Microgramma,SPECIES,PRESERVED_SPECIMEN,1980-08-20,1980,-69.3167,19.0333,NA,af1b4db0-c8ce-4a95-b700-8a6a02bed9d6,USF,Herb,30,02,SABANA DE LA MAR,093002,874cf30d1ffffff
8DDD3B07-3558-4259-9F4B-7D29B97737BB,1503211328,Oxandra laurifolia,Oxandra laurifolia (Sw.) A.Rich.,Annonaceae,Oxandra,SPECIES,PRESERVED_SPECIMEN,1982-09-16,1982,-69.1833,19,NA,af1b4db0-c8ce-4a95-b700-8a6a02bed9d6,USF,Herb,30,02,SABANA DE LA MAR,093002,874cf33b1ffffff
8a8ce690-6ceb-44e2-9bd4-962ae0d5a7a4,1929724543,Helicodontium capillare,Helicodontium capillare (Hedw.) A. Jaeger,Brachytheciaceae,Helicodontium,SPECIES,PRESERVED_SPECIMEN,1981-03-28,1981,-69.2,19,NA,d415c253-4d61-4459-9d25-4015b9084fb0,NY,NY,30,02,SABANA DE LA MAR,093002,874cf33b3ffffff
8ab6f5af-f9b8-4439-a891-fcb0405b37eb,1457791115,Miconia impetiolaris,Miconia impetiolaris (Sw.) D.Don,Melastomataceae,Miconia,SPECIES,PRESERVED_SPECIMEN,1982-06-28,1982,-69.45,19.066667,NA,b89d52a2-861d-4388-adad-c0da3d55fc78,UF,,30,02,SABANA DE LA MAR,093002,874cf3734ffffff
8af90390-56e1-4736-a8ac-26928df99658,1929730507,Cyperus odoratus,Cyperus odoratus L.,Cyperaceae,Cyperus,SPECIES,PRESERVED_SPECIMEN,1982-06-28,1982,-69.45,19.07,NA,d415c253-4d61-4459-9d25-4015b9084fb0,NY,NY,30,02,SABANA DE LA MAR,093002,874cf3734ffffff
8afffc68-55d6-48e1-a80f-aba9e53375e6,1929731999,Pleurothallis pruinosa,Pleurothallis pruinosa Lindl.,Orchidaceae,Pleurothallis,SPECIES,PRESERVED_SPECIMEN,1985-08-06,1985,-69.5,19,NA,d415c253-4d61-4459-9d25-4015b9084fb0,NY,NY,30,02,SABANA DE LA MAR,093002,874cf37a1ffffff
8b2de031-1d98-4f81-ae36-1b5cac62e64e,1929734847,Palicourea justiciifolia,Psychotria nervosa Benth.,Rubiaceae,Palicourea,SPECIES,PRESERVED_SPECIMEN,1985-04-24,1985,-69.57,19.08,NA,d415c253-4d61-4459-9d25-4015b9084fb0,NY,NY,30,02,SABANA DE LA MAR,093002,874cf3451ffffff
8b408716-4804-4942-a8e5-f22df0461f97,1929734629,Didymoglossum krausii,Trichomanes krausii Hook. & Grev.,Hymenophyllaceae,Didymoglossum,SPECIES,PRESERVED_SPECIMEN,1985-04-23,1985,-69.58,19.08,NA,d415c253-4d61-4459-9d25-4015b9084fb0,NY,NY,30,02,SABANA DE LA MAR,093002,874cf3453ffffff
8be22a67-3f72-4a37-9c34-bc7e2052235f,1929743505,Kalanchoe pinnata,Kalanchoe pinnata (Lam.) Pers.,Crassulaceae,Kalanchoe,SPECIES,PRESERVED_SPECIMEN,1981-01-14,1981,-69.38,19.03,NA,d415c253-4d61-4459-9d25-4015b9084fb0,NY,NY,30,02,SABANA DE LA MAR,093002,874cf372effffff
8c676c35-6c1d-41b9-92a9-6d598885692b,1929750932,Pavonia paludicola,Pavonia paludicola Nicolson ex Fryxell,Malvaceae,Pavonia,SPECIES,PRESERVED_SPECIMEN,1982-10-28,1982,-69.575,19.08,NA,d415c253-4d61-4459-9d25-4015b9084fb0,NY,NY,30,02,SABANA DE LA MAR,093002,874cf3451ffffff
8dd9c777-617a-470a-9040-e6bee0512d87,1929770878,Asplenium abscissum,Asplenium abscissum Willd.,Aspleniaceae,Asplenium,SPECIES,PRESERVED_SPECIMEN,1990-06-27,1990,-69.15,18.92,NA,d415c253-4d61-4459-9d25-4015b9084fb0,NY,NY,30,02,SABANA DE LA MAR,093002,874cf338affffff
8e5b314e-5489-4439-bf97-12f47b88879a,1929777808,Campyloneurum phyllitidis,Campyloneurum phyllitidis (L.) C.Presl,Polypodiaceae,Campyloneurum,SPECIES,PRESERVED_SPECIMEN,1985-04-23,1985,-69.58,19.08,NA,d415c253-4d61-4459-9d25-4015b9084fb0,NY,NY,30,02,SABANA DE LA MAR,093002,874cf3453ffffff
8e839626-3f52-450d-bf57-7b52e6eccda9,1929780232,Taxithelium planum,Taxithelium planum (Brid.) Mitt.,Pylaisiadelphaceae,Taxithelium,SPECIES,PRESERVED_SPECIMEN,1981-03-28,1981,-69.2,19,NA,d415c253-4d61-4459-9d25-4015b9084fb0,NY,NY,30,02,SABANA DE LA MAR,093002,874cf33b3ffffff
8ecc8326-3b77-40cb-99cd-6fae3a73a0fb,1929783879,Hamelia axillaris,Hamelia axillaris Sw.,Rubiaceae,Hamelia,SPECIES,PRESERVED_SPECIMEN,1985-08-06,1985,-69.5,19,NA,d415c253-4d61-4459-9d25-4015b9084fb0,NY,NY,30,02,SABANA DE LA MAR,093002,874cf37a1ffffff
8ef674ba-063c-4be2-bf69-fbe7c436878f,1929786805,Campyloneurum brevifolium,Campyloneurum brevifolium (Lodd. ex Link) Link,Polypodiaceae,Campyloneurum,SPECIES,PRESERVED_SPECIMEN,1982-07-01,1982,-69.47,18.97,NA,d415c253-4d61-4459-9d25-4015b9084fb0,NY,NY,30,02,SABANA DE LA MAR,093002,874cf37adffffff
8f3bc4e6-2085-464e-81e2-1267ddb93469,1929790666,Gracilaria cervicornis,Gracilaria ferox J. Agardh,Gracilariaceae,Gracilaria,SPECIES,PRESERVED_SPECIMEN,1977-07-11,1977,-69.381955,19.062022,655.57,d415c253-4d61-4459-9d25-4015b9084fb0,NY,NY,30,02,SABANA DE LA MAR,093002,874cf3725ffffff
8f47e554-abef-4ca8-acbe-4f79626198ce,1929791458,Bignonia aequinoctialis,Bignonia aequinoctialis L.,Bignoniaceae,Bignonia,SPECIES,PRESERVED_SPECIMEN,1985-04-24,1985,-69.57,19.08,NA,d415c253-4d61-4459-9d25-4015b9084fb0,NY,NY,30,02,SABANA DE LA MAR,093002,874cf3451ffffff
8fc08840-516b-4a03-9c19-676424552d50,1929797821,Anemia adiantifolia,Anemia adiantifolia (L.) Sw.,Anemiaceae,Anemia,SPECIES,PRESERVED_SPECIMEN,1982-10-28,1982,-69.575,19.08,NA,d415c253-4d61-4459-9d25-4015b9084fb0,NY,NY,30,02,SABANA DE LA MAR,093002,874cf3451ffffff
8ffbac4e-6eb3-459e-aba8-9a18fe9b4746,1929801165,Sloanea berteroana,Sloanea berteroana Choisy ex DC.,Elaeocarpaceae,Sloanea,SPECIES,PRESERVED_SPECIMEN,1982-09-15,1982,-69.13,18.92,NA,d415c253-4d61-4459-9d25-4015b9084fb0,NY,NY,30,02,SABANA DE LA MAR,093002,874cf3388ffffff
90ad6bc9-1a47-490b-8846-385ecb5d2fa3,1929810967,Piper hispidum,Piper hispidum Sw.,Piperaceae,Piper,SPECIES,PRESERVED_SPECIMEN,1986-02-20,1986,-69.5,19,NA,d415c253-4d61-4459-9d25-4015b9084fb0,NY,NY,30,02,SABANA DE LA MAR,093002,874cf37a1ffffff
912F7C9F-CF20-4F41-90A8-DE23B69F4A1D,122988115,Piper samanense,Piper samanense Urb.,Piperaceae,Piper,SPECIES,PRESERVED_SPECIMEN,1996-09-23,1996,-69.4514,19.0556,NA,832cb04e-f762-11e1-a439-00145eb45e9a,FTG,Herbarium,30,02,SABANA DE LA MAR,093002,874cf3730ffffff
91F6132B-9A3C-4018-BA7C-7C70F6AD24E1,2859483490,Campyloneurum phyllitidis,Campyloneurum phyllitidis (L.) C.Presl,Polypodiaceae,Campyloneurum,SPECIES,PRESERVED_SPECIMEN,1992-07-07,1992,-69.483333,19.066667,NA,f3f03cbf-1a01-4739-ae15-c1355b8c2dbf,CM,botany,30,02,SABANA DE LA MAR,093002,874cf344dffffff
91be0745-aa2a-4fb4-a388-19fe24d945eb,1929825704,Pteris tripartita,Pteris tripartita Sw.,Pteridaceae,Pteris,SPECIES,PRESERVED_SPECIMEN,1982-06-28,1982,-69.45,19.07,NA,d415c253-4d61-4459-9d25-4015b9084fb0,NY,NY,30,02,SABANA DE LA MAR,093002,874cf3734ffffff
924a52aa-92c8-48d1-8356-4c7b3538be1d,1929833231,Hypoderris brownii,Hypoderris brownii J.Sm.,Tectariaceae,Hypoderris,SPECIES,PRESERVED_SPECIMEN,1985-08-06,1985,-69.5,19,NA,d415c253-4d61-4459-9d25-4015b9084fb0,NY,NY,30,02,SABANA DE LA MAR,093002,874cf37a1ffffff
92bf4349-ac86-439d-aa6a-7d773da5557c,1929840340,Fimbristylis littoralis,Fimbristylis littoralis Gaudich.,Cyperaceae,Fimbristylis,SPECIES,PRESERVED_SPECIMEN,1982-06-28,1982,-69.45,19.07,NA,d415c253-4d61-4459-9d25-4015b9084fb0,NY,NY,30,02,SABANA DE LA MAR,093002,874cf3734ffffff
92dcabec-c01e-40b8-a0e3-b3fc67fb2db6,2235417379,Anemia abbottii,Anemia abbottii Maxon,Anemiaceae,Anemia,SPECIES,PRESERVED_SPECIMEN,1982-10-28,1982,-69.575,19.08,NA,d415c253-4d61-4459-9d25-4015b9084fb0,NY,NY,30,02,SABANA DE LA MAR,093002,874cf3451ffffff
93a63461-7b9f-45ed-b214-45fea643d848,1929853122,Bulbophyllum aristatum,Bulbophyllum aristatum (Rchb.f.) Hemsl.,Orchidaceae,Bulbophyllum,SPECIES,PRESERVED_SPECIMEN,1986-02-19,1986,-69.5,19,NA,d415c253-4d61-4459-9d25-4015b9084fb0,NY,NY,30,02,SABANA DE LA MAR,093002,874cf37a1ffffff
9459181b-17b1-479b-ac47-ea6a3b759e84,1929862479,Clusia picardae,Clusia picardae Urb.,Clusiaceae,Clusia,SPECIES,PRESERVED_SPECIMEN,1985-08-07,1985,-69.52,19,NA,d415c253-4d61-4459-9d25-4015b9084fb0,NY,NY,30,02,SABANA DE LA MAR,093002,874cf37a3ffffff
946049ac-40af-4ac1-9c97-bfb5a76ef3eb,1929863548,Saccoloma domingense,Saccoloma domingense (Spreng.) C.Chr.,Saccolomataceae,Saccoloma,SPECIES,PRESERVED_SPECIMEN,1982-09-15,1982,-69.13,18.92,NA,d415c253-4d61-4459-9d25-4015b9084fb0,NY,NY,30,02,SABANA DE LA MAR,093002,874cf3388ffffff
94b51b5e-29a2-492e-a614-4f7a610ddaea,1929867613,Pireella cymbifolia,Pireella cymbifolia (Sull.) Cardot,Pterobryaceae,Pireella,SPECIES,PRESERVED_SPECIMEN,1981-03-28,1981,-69.2,19,NA,d415c253-4d61-4459-9d25-4015b9084fb0,NY,NY,30,02,SABANA DE LA MAR,093002,874cf33b3ffffff
95678a44-d4e2-4a68-9ffb-23f2f48dfcc3,1929877862,Clusia picardae,Clusia picardae Urb.,Clusiaceae,Clusia,SPECIES,PRESERVED_SPECIMEN,1986-02-20,1986,-69.5,19,NA,d415c253-4d61-4459-9d25-4015b9084fb0,NY,NY,30,02,SABANA DE LA MAR,093002,874cf37a1ffffff
95e7f09a-563a-4a63-b4fc-54dab4d0e924,1929884349,Myrcia chytraculia,Calyptranthes zuzygium (L.) Sw.,Myrtaceae,Myrcia,SPECIES,PRESERVED_SPECIMEN,1982-06-30,1982,-69.5,19.08,NA,d415c253-4d61-4459-9d25-4015b9084fb0,NY,NY,30,02,SABANA DE LA MAR,093002,874cf344cffffff
96404761-5108-4555-9E38-9EE5C371C049,122970748,Manilkara jaimiqui,Manilkara jaimiqui (C.Wright ex Griseb.) Dubard,Sapotaceae,Manilkara,SPECIES,PRESERVED_SPECIMEN,1995-09-23,1995,-69.4514,19.0556,NA,832cb04e-f762-11e1-a439-00145eb45e9a,FTG,Herbarium,30,02,SABANA DE LA MAR,093002,874cf3730ffffff
9683ac8e-65be-49f9-ac78-0a2afbbe7d28,1929893150,Solanum torvum,Solanum torvum Sw.,Solanaceae,Solanum,SPECIES,PRESERVED_SPECIMEN,1985-08-08,1985,-69.5,19,NA,d415c253-4d61-4459-9d25-4015b9084fb0,NY,NY,30,02,SABANA DE LA MAR,093002,874cf37a1ffffff
96bbd391-b999-4456-969e-aa141cac7049,1929896295,Pecluma M.G.Price,Pecluma M.G.Price,Polypodiaceae,Pecluma,GENUS,PRESERVED_SPECIMEN,1985-08-06,1985,-69.5,19,NA,d415c253-4d61-4459-9d25-4015b9084fb0,NY,NY,30,02,SABANA DE LA MAR,093002,874cf37a1ffffff
96cda2b7-d943-483a-b805-081e5e1c45fe,1929896949,Casearia arborea,Casearia arborea (Rich.) Urb.,Salicaceae,Casearia,SPECIES,PRESERVED_SPECIMEN,1990-06-27,1990,-69.15,18.92,NA,d415c253-4d61-4459-9d25-4015b9084fb0,NY,NY,30,02,SABANA DE LA MAR,093002,874cf338affffff
9723d4c2-e023-411b-9d4e-cf8b93ec1541,1929902412,Ixora ferrea,Ixora ferrea (Jacq.) Benth.,Rubiaceae,Ixora,SPECIES,PRESERVED_SPECIMEN,1985-08-06,1985,-69.5,19,NA,d415c253-4d61-4459-9d25-4015b9084fb0,NY,NY,30,02,SABANA DE LA MAR,093002,874cf37a1ffffff
979feb6f-ee45-4c27-93d9-f8a08a1b11e8,1929908619,Peperomia serpens,Peperomia serpens (Sw.) G.Don,Piperaceae,Peperomia,SPECIES,PRESERVED_SPECIMEN,1985-04-23,1985,-69.58,19.08,NA,d415c253-4d61-4459-9d25-4015b9084fb0,NY,NY,30,02,SABANA DE LA MAR,093002,874cf3453ffffff
97ac127e-fb98-4693-94a0-969233f4dcae,1929909100,Tectaria heracleifolia,Tectaria heracleifolia (Willd.) Underw.,Tectariaceae,Tectaria,SPECIES,PRESERVED_SPECIMEN,1985-08-06,1985,-69.5,19,NA,d415c253-4d61-4459-9d25-4015b9084fb0,NY,NY,30,02,SABANA DE LA MAR,093002,874cf37a1ffffff
9801032d-6704-4e6e-8ea4-3c57520403f4,1929914504,Amphitecna latifolia,Amphitecna latifolia (Mill.) A.H.Gentry,Bignoniaceae,Amphitecna,SPECIES,PRESERVED_SPECIMEN,1985-04-25,1985,-69.57,19.08,NA,d415c253-4d61-4459-9d25-4015b9084fb0,NY,NY,30,02,SABANA DE LA MAR,093002,874cf3451ffffff
9816297b-6710-4122-9110-4a1108abc4c2,1929914879,Croton abeggii,Croton abeggii Urb. & Ekman,Euphorbiaceae,Croton,SPECIES,PRESERVED_SPECIMEN,1933-04-09,1933,-69.226186,18.991752,571.05,d415c253-4d61-4459-9d25-4015b9084fb0,NY,NY,30,02,SABANA DE LA MAR,093002,874cf30c9ffffff
98304fb9-9ae7-4340-8175-e9f2e563f135,1929917032,Cyperus rotundus,Cyperus rotundus L.,Cyperaceae,Cyperus,SPECIES,PRESERVED_SPECIMEN,1982-06-28,1982,-69.45,19.07,NA,d415c253-4d61-4459-9d25-4015b9084fb0,NY,NY,30,02,SABANA DE LA MAR,093002,874cf3734ffffff
9865beac-15dc-4bcd-9160-8cdb61d07488,1304204605,Solanum torvum,Solanum torvum Sw.,Solanaceae,Solanum,SPECIES,OCCURRENCE,,NA,-69.233333,19,NA,07044577-bd82-4089-9f3a-f4a9d2170b2e,PBI_NHM,,30,02,SABANA DE LA MAR,093002,874cf30c9ffffff
9901dc3f-ca08-40e6-a212-37d4e96e9752,2028417191,"Bostrychia Montagne in Sagra, 1842","Bostrychia Montagne in Sagra, 1842",Rhodomelaceae,Bostrychia,GENUS,PRESERVED_SPECIMEN,1977-07-11,1977,-69.388433,19.059336,3000,31b346f9-1a91-4688-af40-5a50a261c572,DUKE,,30,02,SABANA DE LA MAR,093002,874cf3720ffffff
9941ADA8-4E3C-4BB6-B9C8-D108BEC99A8F,2859219537,Tectaria incisa,Tectaria incisa Cav.,Tectariaceae,Tectaria,SPECIES,PRESERVED_SPECIMEN,1992-07-07,1992,-69.483333,19.066667,NA,f3f03cbf-1a01-4739-ae15-c1355b8c2dbf,CM,botany,30,02,SABANA DE LA MAR,093002,874cf344dffffff
99c6828d-0124-4e52-953c-9571cd53ea22,1929939129,Terminalia buceras,Bucida buceras L.,Combretaceae,Terminalia,SPECIES,PRESERVED_SPECIMEN,1982-06-30,1982,-69.5,19.08,NA,d415c253-4d61-4459-9d25-4015b9084fb0,NY,NY,30,02,SABANA DE LA MAR,093002,874cf344cffffff
9A4F6847-624B-4EA1-BED9-759A8DFF1B89,122953116,Gouania lupuloides,Gouania lupuloides (L.) Urb.,Rhamnaceae,Gouania,SPECIES,PRESERVED_SPECIMEN,1981-01-14,1981,-69.2806,19.0167,NA,832cb04e-f762-11e1-a439-00145eb45e9a,FTG,Herbarium,30,02,SABANA DE LA MAR,093002,874cf30ddffffff
9B4EF5CF-FD5E-41BB-922F-B1DC541AD7DA,5082352415,Plantae,Plantae,,,KINGDOM,PRESERVED_SPECIMEN,1992-07-08,1992,-69.466667,19.066667,NA,f3f03cbf-1a01-4739-ae15-c1355b8c2dbf,CM,Botany,30,02,SABANA DE LA MAR,093002,874cf3736ffffff
9a8bbca5-36ec-4047-af84-5bc96a3c49a7,1929949435,Goniopteris pennata,Thelypteris pennata (Poir.) C.V.Morton,Thelypteridaceae,Goniopteris,SPECIES,PRESERVED_SPECIMEN,1981-01-14,1981,-69.38,19.03,NA,d415c253-4d61-4459-9d25-4015b9084fb0,NY,NY,30,02,SABANA DE LA MAR,093002,874cf372effffff
9a992132-8549-4cd1-8204-d6121664b436,1929950260,Coleus Lour.,Coleus Lour.,Lamiaceae,Coleus,GENUS,PRESERVED_SPECIMEN,1985-04-23,1985,-69.58,19.08,NA,d415c253-4d61-4459-9d25-4015b9084fb0,NY,NY,30,02,SABANA DE LA MAR,093002,874cf3453ffffff
9b15c406-3fe5-4331-802d-e620d99b9f05,1929957200,Polystachya foliosa,Polystachya foliosa (Hook.) Rchb.f.,Orchidaceae,Polystachya,SPECIES,PRESERVED_SPECIMEN,1981-01-14,1981,-69.38,19.03,NA,d415c253-4d61-4459-9d25-4015b9084fb0,NY,NY,30,02,SABANA DE LA MAR,093002,874cf372effffff
9b4b5004-011f-4b82-be52-acb8ca838a03,1929960436,Miconia cordilamina,Miconia cordilamina Judd & Bécquer,Melastomataceae,Miconia,SPECIES,PRESERVED_SPECIMEN,1985-08-06,1985,-69.5,19,NA,d415c253-4d61-4459-9d25-4015b9084fb0,NY,NY,30,02,SABANA DE LA MAR,093002,874cf37a1ffffff
9b4f407f-1380-442c-815a-a2f79603e17d,1929960276,Passiflora wrightiana,Passiflora ciliata var. riparia C.Wright ex Griseb.,Passifloraceae,Passiflora,VARIETY,PRESERVED_SPECIMEN,1985-04-23,1985,-69.58,19.08,NA,d415c253-4d61-4459-9d25-4015b9084fb0,NY,NY,30,02,SABANA DE LA MAR,093002,874cf3453ffffff
9bcd8dae-0465-468f-bb45-30f010d81e29,1929967578,Desmodium axillare,Desmodium axillare (Sw.) DC.,Fabaceae,Desmodium,SPECIES,PRESERVED_SPECIMEN,1985-08-08,1985,-69.5,19,NA,d415c253-4d61-4459-9d25-4015b9084fb0,NY,NY,30,02,SABANA DE LA MAR,093002,874cf37a1ffffff
9bd3b2d1-0eac-4ab4-850c-473f7858f9c1,1929967872,Adiantum pyramidale,Adiantum pyramidale (L.) Willd.,Pteridaceae,Adiantum,SPECIES,PRESERVED_SPECIMEN,1982-10-28,1982,-69.575,19.08,NA,d415c253-4d61-4459-9d25-4015b9084fb0,NY,NY,30,02,SABANA DE LA MAR,093002,874cf3451ffffff
9c4a57c4-b8e8-45d4-a7b2-8f81024bab13,1929974720,Asplenium serratum,Asplenium serratum L.,Aspleniaceae,Asplenium,SPECIES,PRESERVED_SPECIMEN,1991-01-23,1991,-69.13,18.92,NA,d415c253-4d61-4459-9d25-4015b9084fb0,NY,NY,30,02,SABANA DE LA MAR,093002,874cf3388ffffff
9c559997-18c8-406e-b9b2-f453fb31d112,1929975241,Zapoteca nervosa,Zapoteca nervosa (Urb.) H.M.Hern.,Fabaceae,Zapoteca,SPECIES,PRESERVED_SPECIMEN,1985-08-07,1985,-69.52,19,NA,d415c253-4d61-4459-9d25-4015b9084fb0,NY,NY,30,02,SABANA DE LA MAR,093002,874cf37a3ffffff
9d978e9f-809a-4fff-aea4-a891efa967d6,1929992433,Nymphoides indica,Nymphoides indica (L.) Kuntze,Menyanthaceae,Nymphoides,SPECIES,PRESERVED_SPECIMEN,1981-01-14,1981,-69.28,19.03,NA,d415c253-4d61-4459-9d25-4015b9084fb0,NY,NY,30,02,SABANA DE LA MAR,093002,874cf30c3ffffff
9dadb62d-caf2-4f3f-9714-4ce983fc280b,1929994311,Tillandsia setacea,Tillandsia setacea Sw.,Bromeliaceae,Tillandsia,SPECIES,PRESERVED_SPECIMEN,1981-01-14,1981,-69.275,19.02,NA,d415c253-4d61-4459-9d25-4015b9084fb0,NY,NY,30,02,SABANA DE LA MAR,093002,874cf30ddffffff
9db1e22f-3c31-4b2f-b2fd-ecc01c67f5c2,1929994068,Ormosia krugii,Ormosia krugii Urb.,Fabaceae,Ormosia,SPECIES,PRESERVED_SPECIMEN,1985-08-08,1985,-69.5,19,NA,d415c253-4d61-4459-9d25-4015b9084fb0,NY,NY,30,02,SABANA DE LA MAR,093002,874cf37a1ffffff
9e77af38-b2b2-47ad-900d-0d6c11dc7a3b,1930005051,Pimenta racemosa,Pimenta racemosa var. terebinthina (Burret) Landrum,Myrtaceae,Pimenta,VARIETY,PRESERVED_SPECIMEN,1985-08-06,1985,-69.5,19,NA,d415c253-4d61-4459-9d25-4015b9084fb0,NY,NY,30,02,SABANA DE LA MAR,093002,874cf37a1ffffff
9e792c19-b4eb-42aa-b480-c06ac468828b,1930004927,Habenaria monorrhiza,Habenaria monorrhiza (Sw.) Rchb.f.,Orchidaceae,Habenaria,SPECIES,PRESERVED_SPECIMEN,1986-02-19,1986,-69.5,19,NA,d415c253-4d61-4459-9d25-4015b9084fb0,NY,NY,30,02,SABANA DE LA MAR,093002,874cf37a1ffffff
9e883eac-f5d9-4f05-bc0f-bbd621b104c6,1457797853,Miconia laevigata,Miconia laevigata (L.) DC.,Melastomataceae,Miconia,SPECIES,PRESERVED_SPECIMEN,1982-07-01,1982,-69.466667,18.966667,NA,b89d52a2-861d-4388-adad-c0da3d55fc78,UF,,30,02,SABANA DE LA MAR,093002,874cf37a9ffffff
9e89e394-f8c1-4f12-a829-28204a05212c,1930005968,Odontonema cuspidatum,Odontonema cuspidatum (Nees) Kuntze,Acanthaceae,Odontonema,SPECIES,PRESERVED_SPECIMEN,1982-06-28,1982,-69.4,19.07,NA,d415c253-4d61-4459-9d25-4015b9084fb0,NY,NY,30,02,SABANA DE LA MAR,093002,874cf3726ffffff
9e8a637f-9c69-402d-a4ab-c539dbef77db,4079747890,Neustanthus phaseoloides,Neustanthus phaseoloides (Roxb.) Benth.,Fabaceae,Neustanthus,SPECIES,PRESERVED_SPECIMEN,1952-09-06,1952,-69.20133,18.986216,4076,3b040a48-deae-485c-95b1-2ac80b7fdc54,IIBZ,USD,30,02,SABANA DE LA MAR,093002,874cf33b3ffffff
9f52e7d3-3bd2-40d4-8695-43d9ce8704f1,1930017364,Nectandra membranacea,Nectandra membranacea (Sw.) Griseb.,Lauraceae,Nectandra,SPECIES,PRESERVED_SPECIMEN,1985-08-06,1985,-69.5,19,NA,d415c253-4d61-4459-9d25-4015b9084fb0,NY,NY,30,02,SABANA DE LA MAR,093002,874cf37a1ffffff
9f7ef677-519c-445a-abae-19b4120c40a6,1930019100,Tillandsia fasciculata,Tillandsia fasciculata Sw.,Bromeliaceae,Tillandsia,SPECIES,PRESERVED_SPECIMEN,1982-06-30,1982,-69.5,19.08,NA,d415c253-4d61-4459-9d25-4015b9084fb0,NY,NY,30,02,SABANA DE LA MAR,093002,874cf344cffffff
9fed1ad0-f23a-429f-90b4-63cf33e05c97,1930025458,Hypelate trifoliata,Hypelate trifoliata Sw.,Sapindaceae,Hypelate,SPECIES,PRESERVED_SPECIMEN,1985-04-25,1985,-69.55,19.08,NA,d415c253-4d61-4459-9d25-4015b9084fb0,NY,NY,30,02,SABANA DE LA MAR,093002,874cf345cffffff
A0247FEA-FDFA-41A8-ABA0-A305C8743BAE,5082352410,Campyloneurum phyllitidis,Campyloneurum phyllitidis (L.) C.Presl,Polypodiaceae,Campyloneurum,SPECIES,PRESERVED_SPECIMEN,1992-07-08,1992,-69.466667,19.066667,NA,f3f03cbf-1a01-4739-ae15-c1355b8c2dbf,CM,Botany,30,02,SABANA DE LA MAR,093002,874cf3736ffffff
A4BA5F32-7DED-4CB5-8AD3-10050DB83750,2859246510,Pleopeltis polypodioides,Pleopeltis polypodioides (L.) E.G.Andrews & Windham,Polypodiaceae,Pleopeltis,SPECIES,PRESERVED_SPECIMEN,1992-07-08,1992,-69.466667,19.066667,NA,f3f03cbf-1a01-4739-ae15-c1355b8c2dbf,CM,botany,30,02,SABANA DE LA MAR,093002,874cf3736ffffff
A7CBF25A-3D95-4F76-AE57-59D2A97A0DF8,123007196,Serjania diversifolia,Serjania diversifolia (Jacq.) Radlk.,Sapindaceae,Serjania,SPECIES,PRESERVED_SPECIMEN,1996-09-23,1996,-69.4514,19.0556,NA,832cb04e-f762-11e1-a439-00145eb45e9a,FTG,Herbarium,30,02,SABANA DE LA MAR,093002,874cf3730ffffff
A919E060-AD08-447D-AB76-BF6089C9EE29,2859480470,Adiantum pyramidale,Adiantum pyramidale (L.) Willd.,Pteridaceae,Adiantum,SPECIES,PRESERVED_SPECIMEN,1992-07-07,1992,-69.483333,19.066667,NA,f3f03cbf-1a01-4739-ae15-c1355b8c2dbf,CM,botany,30,02,SABANA DE LA MAR,093002,874cf344dffffff
B357CEF8-A6DD-4B47-BFC0-6AAAE53F0463,122994087,Psychotria nervosa,Psychotria nervosa Sw.,Rubiaceae,Psychotria,SPECIES,PRESERVED_SPECIMEN,1996-09-22,1996,-69.4514,19.0556,NA,832cb04e-f762-11e1-a439-00145eb45e9a,FTG,Herbarium,30,02,SABANA DE LA MAR,093002,874cf3730ffffff
B4C929FB-760F-4993-8EA2-76168860C4DE,5082353365,Cissus verticillata,Cissus verticillata (L.) Nicolson & C.E.Jarvis,Vitaceae,Cissus,SPECIES,PRESERVED_SPECIMEN,1992-07-07,1992,-69.5,18.983333,NA,f3f03cbf-1a01-4739-ae15-c1355b8c2dbf,CM,Botany,30,02,SABANA DE LA MAR,093002,874cf37aeffffff
B6F54BBD-F012-4667-A36B-091C400D634E,153278163,Chionanthus bumelioides,Linociera lanceolata Knobl.,Oleaceae,Chionanthus,SPECIES,PRESERVED_SPECIMEN,1982-06-30,1982,-69.5,19.0833,NA,832cb04e-f762-11e1-a439-00145eb45e9a,FTG,Herbarium,30,02,SABANA DE LA MAR,093002,874cf346affffff
B977F086-EE03-46C5-B9F1-24AA5E7D5030,122947420,Exostema longiflorum,Exostema longiflorum (Lamb.) Roem. & Schult.,Rubiaceae,Exostema,SPECIES,PRESERVED_SPECIMEN,1982-06-28,1982,-69.45,19.0667,NA,832cb04e-f762-11e1-a439-00145eb45e9a,FTG,Herbarium,30,02,SABANA DE LA MAR,093002,874cf3734ffffff
BA72000F-0C4F-4727-916F-3E36429FE898,153274284,Myrtoideae Sweet,Myrtoideae Sweet,Myrtaceae,,SUBFAMILY,PRESERVED_SPECIMEN,1996-09-23,1996,-69.4514,19.0556,NA,832cb04e-f762-11e1-a439-00145eb45e9a,FTG,Herbarium,30,02,SABANA DE LA MAR,093002,874cf3730ffffff
CDE410D0-1072-4372-9915-7628036D0A93,2859219549,Tectaria heracleifolia,Tectaria heracleifolia (Willd.) Underw.,Tectariaceae,Tectaria,SPECIES,PRESERVED_SPECIMEN,1992-07-07,1992,-69.466667,19.066667,NA,f3f03cbf-1a01-4739-ae15-c1355b8c2dbf,CM,botany,30,02,SABANA DE LA MAR,093002,874cf3736ffffff
CIBIMAIBC_ALG_185,5084958394,Acanthophora spicifera,Acanthophora spicifera (Vahl) Borgesen,Rhodomelaceae,Acanthophora,SPECIES,PRESERVED_SPECIMEN,1977-07-11,1977,-69.26056,19.015734,132,a802a258-7307-42da-bb9a-1b1ca1757a4f,,,30,02,SABANA DE LA MAR,093002,874cf30ceffffff
CIBIMAIBC_ALG_1856,5084958461,Acetabularia crenulata,Acetabularia crenulata J.V.Lamour.,Polyphysaceae,Acetabularia,SPECIES,PRESERVED_SPECIMEN,1977-07-11,1977,-69.26056,19.015734,132,a802a258-7307-42da-bb9a-1b1ca1757a4f,,,30,02,SABANA DE LA MAR,093002,874cf30ceffffff
D89719A4-2BED-4F25-A444-73684610EC8F,122966957,Laportea aestuans,Laportea aestuans (L.) Chew,Urticaceae,Laportea,SPECIES,PRESERVED_SPECIMEN,1985-04-23,1985,-69.5833,19.0833,NA,832cb04e-f762-11e1-a439-00145eb45e9a,FTG,Herbarium,30,02,SABANA DE LA MAR,093002,874cf3453ffffff
DC219733-71E3-4B1A-9F04-6E731FBEDF27,122961041,Isidorea pungens,Isidorea pungens (Lam.) B.L.Rob.,Rubiaceae,Isidorea,SPECIES,PRESERVED_SPECIMEN,1982-06-30,1982,-69.5,19.0833,NA,832cb04e-f762-11e1-a439-00145eb45e9a,FTG,Herbarium,30,02,SABANA DE LA MAR,093002,874cf346affffff
DF037FEC-CF4D-4D7F-A9CA-D16D2D9DE356,5082355416,Psychotria L.,Psychotria L.,Rubiaceae,Psychotria,GENUS,PRESERVED_SPECIMEN,1992-07-08,1992,-69.466667,19.066667,NA,f3f03cbf-1a01-4739-ae15-c1355b8c2dbf,CM,Botany,30,02,SABANA DE LA MAR,093002,874cf3736ffffff
E03EC6B6-4956-43F0-ADA7-5AA98ECA8951,153278179,Vandellia diffusa,Lindernia diffusa (L.) Wettst.,Linderniaceae,Vandellia,SPECIES,PRESERVED_SPECIMEN,1985-04-23,1985,-69.5833,19.0833,NA,832cb04e-f762-11e1-a439-00145eb45e9a,FTG,Herbarium,30,02,SABANA DE LA MAR,093002,874cf3453ffffff
E950C863-0B97-4284-80C8-DCD86D352C16,122924695,Cissus erosa,Cissus erosa (L.) Rich.,Vitaceae,Cissus,SPECIES,PRESERVED_SPECIMEN,1996-09-23,1996,-69.4514,19.05,NA,832cb04e-f762-11e1-a439-00145eb45e9a,FTG,Herbarium,30,02,SABANA DE LA MAR,093002,874cf3730ffffff
EC7D9463-7C08-46C1-B1FD-536CD1005A58,122986015,Piper aduncum,Piper aduncum L.,Piperaceae,Piper,SPECIES,PRESERVED_SPECIMEN,1981-01-14,1981,-69.275,19.0167,NA,832cb04e-f762-11e1-a439-00145eb45e9a,FTG,Herbarium,30,02,SABANA DE LA MAR,093002,874cf30ddffffff
FF1DE411-3704-49A4-9E13-69F80BEB6D39,2859482458,Asplenium L.,Asplenium L.,Aspleniaceae,Asplenium,GENUS,PRESERVED_SPECIMEN,1992-07-07,1992,-69.483333,19.066667,NA,f3f03cbf-1a01-4739-ae15-c1355b8c2dbf,CM,botany,30,02,SABANA DE LA MAR,093002,874cf344dffffff
S:VascularPlants:S11-35423,1096771098,Urena lobata,Urena lobata L.,Malvaceae,Urena,SPECIES,PRESERVED_SPECIMEN,1999-12-11,1999,-69.475,19.027778,NA,0943f690-fde5-11dd-83f4-b8a03c50a862,S,VascularPlants,30,02,SABANA DE LA MAR,093002,874cf3716ffffff
S:VascularPlants:S11-35600,1096771240,Coccoloba costata,Coccoloba eggersiana Lindau,Polygonaceae,Coccoloba,SPECIES,PRESERVED_SPECIMEN,1982-10-28,1982,-69.566667,19.083333,NA,0943f690-fde5-11dd-83f4-b8a03c50a862,S,VascularPlants,30,02,SABANA DE LA MAR,093002,874cf3451ffffff
S:VascularPlants:S14-28462,1096850124,Isidorea pungens,Isidorea pungens (Lam.) B.L.Rob.,Rubiaceae,Isidorea,SPECIES,PRESERVED_SPECIMEN,1982-06-30,1982,-69.5,19.083333,NA,0943f690-fde5-11dd-83f4-b8a03c50a862,S,VascularPlants,30,02,SABANA DE LA MAR,093002,874cf346affffff
S:VascularPlants:S14-28467,1096850117,Isidorea veris,Isidorea veris Ekman ex Aiello & Borhidi,Rubiaceae,Isidorea,SPECIES,PRESERVED_SPECIMEN,1985-04-25,1985,-69.55,19.083333,NA,0943f690-fde5-11dd-83f4-b8a03c50a862,S,VascularPlants,30,02,SABANA DE LA MAR,093002,874cf3442ffffff
S:VascularPlants:S14-28468,1096850111,Isidorea veris,Isidorea veris Ekman ex Aiello & Borhidi,Rubiaceae,Isidorea,SPECIES,PRESERVED_SPECIMEN,1985-08-06,1985,-69.5,19,NA,0943f690-fde5-11dd-83f4-b8a03c50a862,S,VascularPlants,30,02,SABANA DE LA MAR,093002,874cf37a1ffffff
S:VascularPlants:S16-32088,2618401310,Lycianthes virgata,Lycianthes virgata (Lam.) Bitter,Solanaceae,Lycianthes,SPECIES,PRESERVED_SPECIMEN,1985-08-07,1985,-69.5,19,NA,0943f690-fde5-11dd-83f4-b8a03c50a862,S,VascularPlants,30,02,SABANA DE LA MAR,093002,874cf37a1ffffff
S:VascularPlants:S17-47274,2618422276,Sphagneticola trilobata,Sphagneticola trilobata (L.) Pruski,Asteraceae,Sphagneticola,SPECIES,PRESERVED_SPECIMEN,1982-06-28,1982,-69.45,19.066667,NA,0943f690-fde5-11dd-83f4-b8a03c50a862,S,VascularPlants,30,02,SABANA DE LA MAR,093002,874cf3734ffffff
S:VascularPlants:S25-27255,5922485807,Pityrogramma calomelanos,Pityrogramma calomelanos (L.) Link,Pteridaceae,Pityrogramma,SPECIES,PRESERVED_SPECIMEN,1982-06-28,1982,-69.45,19.066667,NA,0943f690-fde5-11dd-83f4-b8a03c50a862,S,VascularPlants,30,02,SABANA DE LA MAR,093002,874cf3734ffffff
S:VascularPlants:S25-9825,5922522539,Christella dentata,Thelypteris dentata (Forssk.) E.P.St.John,Thelypteridaceae,Christella,SPECIES,PRESERVED_SPECIMEN,1982-06-28,1982,-69.45,19.066667,NA,0943f690-fde5-11dd-83f4-b8a03c50a862,S,VascularPlants,30,02,SABANA DE LA MAR,093002,874cf3734ffffff
S:VascularPlants:S25-9826,5922538283,Christella dentata,Thelypteris dentata (Forssk.) E.P.St.John,Thelypteridaceae,Christella,SPECIES,PRESERVED_SPECIMEN,1982-06-28,1982,-69.45,19.066667,NA,0943f690-fde5-11dd-83f4-b8a03c50a862,S,VascularPlants,30,02,SABANA DE LA MAR,093002,874cf3734ffffff
S:VascularPlants:S26-15264,6393543395,Campyloneurum phyllitidis,Campyloneurum phyllitidis (L.) C.Presl,Polypodiaceae,Campyloneurum,SPECIES,PRESERVED_SPECIMEN,1982-06-30,1982,-69.5,19.083333,NA,0943f690-fde5-11dd-83f4-b8a03c50a862,S,VascularPlants,30,02,SABANA DE LA MAR,093002,874cf346affffff
S:VascularPlants:S26-15265,6393564397,Campyloneurum phyllitidis,Campyloneurum phyllitidis (L.) C.Presl,Polypodiaceae,Campyloneurum,SPECIES,PRESERVED_SPECIMEN,1982-06-28,1982,-69.4,19.066667,NA,0943f690-fde5-11dd-83f4-b8a03c50a862,S,VascularPlants,30,02,SABANA DE LA MAR,093002,874cf3726ffffff
S:VascularPlants:S26-4429,6393598363,Pteris podophylla,Pteris podophylla Sw.,Pteridaceae,Pteris,SPECIES,PRESERVED_SPECIMEN,1982-06-28,1982,-69.466667,19.066667,NA,0943f690-fde5-11dd-83f4-b8a03c50a862,S,VascularPlants,30,02,SABANA DE LA MAR,093002,874cf3736ffffff
UCJEPS:UC:UC1954441,4857238554,Dendropemon bicolor,Dendropemon bicolor Krug & Urb.,Loranthaceae,Dendropemon,SPECIES,PRESERVED_SPECIMEN,1982-10-28,1982,-69.575,19.083333,NA,83a49751-4282-481e-a847-1c5c224a0551,,UC,30,02,SABANA DE LA MAR,093002,874cf3451ffffff
UCJEPS:UC:UC1954453,4856542559,Dendropemon bicolor,Dendropemon bicolor Krug & Urb.,Loranthaceae,Dendropemon,SPECIES,PRESERVED_SPECIMEN,1980-08-20,1980,-69.383333,19.016667,NA,83a49751-4282-481e-a847-1c5c224a0551,,UC,30,02,SABANA DE LA MAR,093002,874cf3705ffffff
UCJEPS:UC:UC1954464,4856542560,Dendropemon bicolor,Dendropemon bicolor Krug & Urb.,Loranthaceae,Dendropemon,SPECIES,PRESERVED_SPECIMEN,1980-08-20,1980,-69.383333,19.016667,NA,83a49751-4282-481e-a847-1c5c224a0551,,UC,30,02,SABANA DE LA MAR,093002,874cf3705ffffff
UCJEPS:UC:UC1954576,4857047224,Dendropemon elegans,Dendropemon elegans Kuijt,Loranthaceae,Dendropemon,SPECIES,PRESERVED_SPECIMEN,1982-06-30,1982,-69.5,19.083333,NA,83a49751-4282-481e-a847-1c5c224a0551,,UC,30,02,SABANA DE LA MAR,093002,874cf346affffff
UCJEPS:UC:UC1959828,4857239224,Dendrophthora brachylepis,Dendrophthora brachylepis Urb.,Viscaceae,Dendrophthora,SPECIES,PRESERVED_SPECIMEN,1985-08-06,1985,-69.5,19,NA,83a49751-4282-481e-a847-1c5c224a0551,,UC,30,02,SABANA DE LA MAR,093002,874cf37a1ffffff
UCJEPS:UC:UC1962160,4856540077,Phoradendron piperoides,Phoradendron piperoides (Kunth) Trel.,Viscaceae,Phoradendron,SPECIES,PRESERVED_SPECIMEN,1982-09-15,1982,-69.133333,18.916667,NA,83a49751-4282-481e-a847-1c5c224a0551,,UC,30,02,SABANA DE LA MAR,093002,874cf338bffffff
UCJEPS:UC:UC1964322,4857068448,Phoradendron hexastichum,Phoradendron hexastichum (DC.) Griseb.,Viscaceae,Phoradendron,SPECIES,PRESERVED_SPECIMEN,1985-08-07,1985,-69.516667,19,NA,83a49751-4282-481e-a847-1c5c224a0551,,UC,30,02,SABANA DE LA MAR,093002,874cf37a3ffffff
UNA00061898,3744705256,Cyperus haspan,Cyperus haspan L.,Cyperaceae,Cyperus,SPECIES,PRESERVED_SPECIMEN,1982-09-07,1982,-69.5,19.05,NA,84f9770e-f762-11e1-a439-00145eb45e9a,UNA,,30,02,SABANA DE LA MAR,093002,874cf3448ffffff
a00e3533-f235-4dcf-acc7-b531948bb3f1,1930027271,Ernodea littoralis,Ernodea littoralis Sw.,Rubiaceae,Ernodea,SPECIES,PRESERVED_SPECIMEN,1982-06-30,1982,-69.5,19.08,NA,d415c253-4d61-4459-9d25-4015b9084fb0,NY,NY,30,02,SABANA DE LA MAR,093002,874cf344cffffff
a018dccf-d382-45e0-9e4e-f2080e2f5ee7,1930028262,Ouratea ilicifolia,Ouratea ilicifolia (DC.) Baill.,Ochnaceae,Ouratea,SPECIES,PRESERVED_SPECIMEN,1982-06-30,1982,-69.5,19.08,NA,d415c253-4d61-4459-9d25-4015b9084fb0,NY,NY,30,02,SABANA DE LA MAR,093002,874cf344cffffff
a1429065-157a-4611-89ae-7ac95b970054,1930044155,Tragia biflora,Tragia biflora Urb. & Ekman,Euphorbiaceae,Tragia,SPECIES,PRESERVED_SPECIMEN,1985-08-08,1985,-69.5,19,NA,d415c253-4d61-4459-9d25-4015b9084fb0,NY,NY,30,02,SABANA DE LA MAR,093002,874cf37a1ffffff
a1cb2e04-e69c-4f9f-8533-b808b824eaa1,1930051899,Piper aduncum,Piper aduncum L.,Piperaceae,Piper,SPECIES,PRESERVED_SPECIMEN,1981-01-14,1981,-69.275,19.02,NA,d415c253-4d61-4459-9d25-4015b9084fb0,NY,NY,30,02,SABANA DE LA MAR,093002,874cf30ddffffff
a1cc459a-665a-43c9-b5e5-4a7cd644307a,1930052207,Spermacoce L.,Spermacoce L.,Rubiaceae,Spermacoce,GENUS,PRESERVED_SPECIMEN,1986-02-20,1986,-69.5,19,NA,d415c253-4d61-4459-9d25-4015b9084fb0,NY,NY,30,02,SABANA DE LA MAR,093002,874cf37a1ffffff
a2278998-247d-42d7-bf10-a1734cccfad3,1930057075,Tectaria cicutaria,Tectaria cicutaria (L.) Copel.,Tectariaceae,Tectaria,SPECIES,PRESERVED_SPECIMEN,1985-08-06,1985,-69.5,19,NA,d415c253-4d61-4459-9d25-4015b9084fb0,NY,NY,30,02,SABANA DE LA MAR,093002,874cf37a1ffffff
a297e34c-be85-416d-9fc2-542211f4008c,1930066457,Anthurium scandens,Anthurium scandens (Aubl.) Engl.,Araceae,Anthurium,SPECIES,PRESERVED_SPECIMEN,1992-07-07,1992,-69.47,19.07,NA,d415c253-4d61-4459-9d25-4015b9084fb0,NY,NY,30,02,SABANA DE LA MAR,093002,874cf3736ffffff
a3003ca0-de30-4ed1-a47a-f222a75c33b5,1930072438,Ormosia krugii,Ormosia krugii Urb.,Fabaceae,Ormosia,SPECIES,PRESERVED_SPECIMEN,1982-09-15,1982,-69.13,18.92,NA,d415c253-4d61-4459-9d25-4015b9084fb0,NY,NY,30,02,SABANA DE LA MAR,093002,874cf3388ffffff
a348cf9f-a780-45a7-8ed8-4bfeb6c84351,1930076514,Casearia aculeata,Casearia aculeata Jacq.,Salicaceae,Casearia,SPECIES,PRESERVED_SPECIMEN,1985-04-23,1985,-69.58,19.08,NA,d415c253-4d61-4459-9d25-4015b9084fb0,NY,NY,30,02,SABANA DE LA MAR,093002,874cf3453ffffff
a3e2d3c6-2819-406c-9c77-4afd08b60e34,1930084294,Pelazoneuron serra,Thelypteris serra (Sw.) R.P.St.John,Thelypteridaceae,Pelazoneuron,SPECIES,PRESERVED_SPECIMEN,1985-08-06,1985,-69.5,19,NA,d415c253-4d61-4459-9d25-4015b9084fb0,NY,NY,30,02,SABANA DE LA MAR,093002,874cf37a1ffffff
a4bf0c50-9c60-438e-8181-ef046bdf80c0,1930096784,Tillandsia fasciculata,Tillandsia fasciculata Sw.,Bromeliaceae,Tillandsia,SPECIES,PRESERVED_SPECIMEN,1981-01-14,1981,-69.38,19.03,NA,d415c253-4d61-4459-9d25-4015b9084fb0,NY,NY,30,02,SABANA DE LA MAR,093002,874cf372effffff
a50bcae0-dcfe-4cfe-bd89-3b622009d227,1930101251,Isopterygium tenerum,Isopterygium tenerum (Sw.) Mitt.,Pylaisiadelphaceae,Isopterygium,SPECIES,PRESERVED_SPECIMEN,1981-03-28,1981,-69.2,19,NA,d415c253-4d61-4459-9d25-4015b9084fb0,NY,NY,30,02,SABANA DE LA MAR,093002,874cf33b3ffffff
a52261a5439e66d5a5a2e1075e87620d,1893856638,Neckeropsis undulata,Neckeropsis undulata (Hedw.) Reichardt,Neckeraceae,Neckeropsis,SPECIES,PRESERVED_SPECIMEN,1981-03-28,1981,-69.2,19.008333,NA,27ba04cd-45b9-4f5c-b032-d1bcc584fbdd,IBUNAM,MEXU,30,02,SABANA DE LA MAR,093002,874cf33b0ffffff
a549b533-35de-415a-965e-0f49b88ac25a,1930104373,Spondias mombin,Spondias mambin L.,Anacardiaceae,Spondias,SPECIES,PRESERVED_SPECIMEN,1991-05-11,1991,-69.15,18.92,NA,d415c253-4d61-4459-9d25-4015b9084fb0,NY,NY,30,02,SABANA DE LA MAR,093002,874cf338affffff
a57dbab6-84bd-4beb-a0d0-2f57f8b94fd0,1930107505,Chione venosa,Chione venosa (Sw.) Urb.,Rubiaceae,Chione,SPECIES,PRESERVED_SPECIMEN,1985-04-25,1985,-69.55,19.08,NA,d415c253-4d61-4459-9d25-4015b9084fb0,NY,NY,30,02,SABANA DE LA MAR,093002,874cf345cffffff
a5aa11f9-e91e-427d-93b1-79268ea6e24e,1930109526,Syrrhopodon incompletus,Syrrhopodon incompletus Schwägr.,Calymperaceae,Syrrhopodon,SPECIES,PRESERVED_SPECIMEN,1981-03-28,1981,-69.2,19,NA,d415c253-4d61-4459-9d25-4015b9084fb0,NY,NY,30,02,SABANA DE LA MAR,093002,874cf33b3ffffff
a5d17808-7cc6-4c62-babd-d76680ff1451,1457800286,Miconia hispidula,"Miconia hispidula (Cogn.) Judd, Bécquer & Majure",Melastomataceae,Miconia,SPECIES,PRESERVED_SPECIMEN,1985-08-06,1985,-69.5,19,NA,b89d52a2-861d-4388-adad-c0da3d55fc78,UF,,30,02,SABANA DE LA MAR,093002,874cf37a1ffffff
a5ec8ce2-3bba-4cb2-806f-79c6b8197591,1930114783,Heterosavia bahamensis,Heterosavia bahamensis (Britton) Petra Hoffm.,Phyllanthaceae,Heterosavia,SPECIES,PRESERVED_SPECIMEN,1985-08-06,1985,-69.5,19,NA,d415c253-4d61-4459-9d25-4015b9084fb0,NY,NY,30,02,SABANA DE LA MAR,093002,874cf37a1ffffff
a6b1d9f7-2fa4-425b-8475-7c9deff3bd8c,1930124208,Metopium toxiferum,Metopium toxiferum (L.) Krug & Urb.,Anacardiaceae,Metopium,SPECIES,PRESERVED_SPECIMEN,1982-06-30,1982,-69.5,19.08,NA,d415c253-4d61-4459-9d25-4015b9084fb0,NY,NY,30,02,SABANA DE LA MAR,093002,874cf344cffffff
a782b89b-c56b-46aa-bdf4-a5be14fdb4a0,1930135025,Hippeastrum puniceum,Hippeastrum puniceum (Lam.) Kuntze,Amaryllidaceae,Hippeastrum,SPECIES,PRESERVED_SPECIMEN,1985-04-23,1985,-69.58,19.08,NA,d415c253-4d61-4459-9d25-4015b9084fb0,NY,NY,30,02,SABANA DE LA MAR,093002,874cf3453ffffff
a7fabe83-e96f-4906-b8e8-ab7936616037,1930141182,Monteverdia laevigata,Maytenus laevigata (Vahl) Grisebach ex Eggers,Celastraceae,Monteverdia,SPECIES,PRESERVED_SPECIMEN,1985-08-06,1985,-69.5,19,NA,d415c253-4d61-4459-9d25-4015b9084fb0,NY,NY,30,02,SABANA DE LA MAR,093002,874cf37a1ffffff
a8419d6c-ce17-4a78-bc49-3deec16f62b9,1930148170,Nectandra membranacea,Nectandra membranacea (Sw.) Griseb.,Lauraceae,Nectandra,SPECIES,PRESERVED_SPECIMEN,1986-02-20,1986,-69.5,19,NA,d415c253-4d61-4459-9d25-4015b9084fb0,NY,NY,30,02,SABANA DE LA MAR,093002,874cf37a1ffffff
a99c0168-b041-4e6f-878d-ee7ff281a10c,1930165535,Sphagneticola trilobata,Sphagneticola trilobata (L.) Pruski,Asteraceae,Sphagneticola,SPECIES,PRESERVED_SPECIMEN,1982-06-28,1982,-69.45,19.07,NA,d415c253-4d61-4459-9d25-4015b9084fb0,NY,NY,30,02,SABANA DE LA MAR,093002,874cf3734ffffff
aa14b5d7-e985-4755-8230-058ce1b4f056,1930171986,Adiantum phyllitidis,Adiantum phyllitidis J.Sm.,Pteridaceae,Adiantum,SPECIES,PRESERVED_SPECIMEN,1982-07-01,1982,-69.47,18.97,NA,d415c253-4d61-4459-9d25-4015b9084fb0,NY,NY,30,02,SABANA DE LA MAR,093002,874cf37adffffff
ac43ac3b-0f87-4bd0-8c2d-34b3246ee083,1930203409,Ochroma pyramidale,Ochroma pyramidale (Cav.) Urb.,Malvaceae,Ochroma,SPECIES,PRESERVED_SPECIMEN,1980-12-17,1980,-69.23,18.9917,NA,d415c253-4d61-4459-9d25-4015b9084fb0,NY,NY,30,02,SABANA DE LA MAR,093002,874cf30c9ffffff
ac5ff6df-d2f0-4c0a-884c-b352534a987c,1930204907,Elaphoglossum Schott ex J.Sm.,Elaphoglossum Schott ex J.Sm.,Dryopteridaceae,Elaphoglossum,GENUS,PRESERVED_SPECIMEN,1985-08-07,1985,-69.52,19,NA,d415c253-4d61-4459-9d25-4015b9084fb0,NY,NY,30,02,SABANA DE LA MAR,093002,874cf37a3ffffff
ac7737aa-8942-4647-a5f1-107c3f1aeccb,1930205852,Vittaria graminifolia,Vittaria graminifolia Kaulf.,Pteridaceae,Vittaria,SPECIES,PRESERVED_SPECIMEN,1982-09-15,1982,-69.13,18.92,NA,d415c253-4d61-4459-9d25-4015b9084fb0,NY,NY,30,02,SABANA DE LA MAR,093002,874cf3388ffffff
aca91ba6-077b-4161-8cda-e97b84f3fcca,1930208695,Miconia serrulata,Miconia serrulata (DC.) Naudin,Melastomataceae,Miconia,SPECIES,PRESERVED_SPECIMEN,1991-05-11,1991,-69.15,18.92,NA,d415c253-4d61-4459-9d25-4015b9084fb0,NY,NY,30,02,SABANA DE LA MAR,093002,874cf338affffff
accaffd6-dcf8-4428-a377-47972d3f76fc,1930210596,Bactris plumeriana,Bactris plumeriana Mart.,Arecaceae,Bactris,SPECIES,PRESERVED_SPECIMEN,1982-09-15,1982,-69.13,18.92,NA,d415c253-4d61-4459-9d25-4015b9084fb0,NY,NY,30,02,SABANA DE LA MAR,093002,874cf3388ffffff
ad007e59-38a2-4a9a-8035-3ac0dcca7240,1930213644,Campyloneurum costatum,Campyloneurum costatum (Kunze) C.Presl,Polypodiaceae,Campyloneurum,SPECIES,PRESERVED_SPECIMEN,1985-08-06,1985,-69.5,19,NA,d415c253-4d61-4459-9d25-4015b9084fb0,NY,NY,30,02,SABANA DE LA MAR,093002,874cf37a1ffffff
ad955dcb-297c-483e-a92a-db121ad1e874,1930221801,Senna occidentalis,Senna occidentalis (L.) Link,Fabaceae,Senna,SPECIES,PRESERVED_SPECIMEN,1985-08-07,1985,-69.52,19,NA,d415c253-4d61-4459-9d25-4015b9084fb0,NY,NY,30,02,SABANA DE LA MAR,093002,874cf37a3ffffff
ae9bfcbe-41a0-475d-8215-319893f1ce64,1930236087,Geophila repens,Geophila repens (L.) I.M.Johnst.,Rubiaceae,Geophila,SPECIES,PRESERVED_SPECIMEN,1985-04-23,1985,-69.58,19.08,NA,d415c253-4d61-4459-9d25-4015b9084fb0,NY,NY,30,02,SABANA DE LA MAR,093002,874cf3453ffffff
aeec99db-2212-464d-b3f0-2b9edfe47b45,4525834338,Miconia crenata,Miconia crenata (Vahl) Michelang.,Melastomataceae,Miconia,SPECIES,PRESERVED_SPECIMEN,1982-06-28,1982,-69.45,19.066667,NA,b89d52a2-861d-4388-adad-c0da3d55fc78,UF,,30,02,SABANA DE LA MAR,093002,874cf3734ffffff
af84b282-1c45-44fc-91f7-91d334ed9aac,2270679439,Pimenta racemosa,Pimenta racemosa var. grisea (Kiaersk.) Fosberg,Myrtaceae,Pimenta,VARIETY,PRESERVED_SPECIMEN,1986-02-20,1986,-69.5,19,NA,e05fd4c2-4d77-4c50-880e-1b22096af300,ASU,Plants,30,02,SABANA DE LA MAR,093002,874cf37a1ffffff
b1018e1b-836d-4244-ab8b-493075f2c631,1930269187,Trichilia pallida,Trichilia pallida Sw.,Meliaceae,Trichilia,SPECIES,PRESERVED_SPECIMEN,1933-04-05,1933,-69.226186,18.991752,571.05,d415c253-4d61-4459-9d25-4015b9084fb0,NY,NY,30,02,SABANA DE LA MAR,093002,874cf30c9ffffff
b12841f5-ad87-430b-b746-4bb659c1a9cf,1930271389,Nephrolepis biserrata,Nephrolepis biserrata (Sw.) Schott,Nephrolepidaceae,Nephrolepis,SPECIES,PRESERVED_SPECIMEN,1985-04-23,1985,-69.58,19.08,NA,d415c253-4d61-4459-9d25-4015b9084fb0,NY,NY,30,02,SABANA DE LA MAR,093002,874cf3453ffffff
b1652faf-bf1d-4e61-99d3-13825b52b271,1930274830,Oleandra articulata,Oleandra articulata (Sw.) C.Presl,Oleandraceae,Oleandra,SPECIES,PRESERVED_SPECIMEN,1985-08-06,1985,-69.5,19,NA,d415c253-4d61-4459-9d25-4015b9084fb0,NY,NY,30,02,SABANA DE LA MAR,093002,874cf37a1ffffff
b16d24ed-46dc-46fc-bfa8-54a9c18e0808,1930275434,Myrcia neosintenisii,Calyptranthes sintenisii Kiaersk.,Myrtaceae,Myrcia,SPECIES,PRESERVED_SPECIMEN,1985-04-23,1985,-69.58,19.08,NA,d415c253-4d61-4459-9d25-4015b9084fb0,NY,NY,30,02,SABANA DE LA MAR,093002,874cf3453ffffff
b1a30ecb-30ab-4405-9183-76a600df8de8,1930278619,Justicia mirabiloides,Justicia mirabiloides Lam.,Acanthaceae,Justicia,SPECIES,PRESERVED_SPECIMEN,1986-02-21,1986,-69.57,19.08,NA,d415c253-4d61-4459-9d25-4015b9084fb0,NY,NY,30,02,SABANA DE LA MAR,093002,874cf3451ffffff
b31ffd2d-9d70-4000-a421-12bcac4e308c,1930299869,Flemingia strobilifera,Flemingia strobilifera (L.) W.T.Aiton,Fabaceae,Flemingia,SPECIES,PRESERVED_SPECIMEN,1982-06-28,1982,-69.45,19.07,NA,d415c253-4d61-4459-9d25-4015b9084fb0,NY,NY,30,02,SABANA DE LA MAR,093002,874cf3734ffffff
b3246eae-ca25-446a-9e9c-ed46d307a998,1930301116,Beilschmiedia pendula,Beilschmiedia pendula (Sw.) Hemsl.,Lauraceae,Beilschmiedia,SPECIES,PRESERVED_SPECIMEN,1986-02-20,1986,-69.5,19,NA,d415c253-4d61-4459-9d25-4015b9084fb0,NY,NY,30,02,SABANA DE LA MAR,093002,874cf37a1ffffff
b4bdb487-7aea-42dc-b72c-ec6056b026e9,1930322455,Coccoloba incrassata,Coccoloba incrassata Urb.,Polygonaceae,Coccoloba,SPECIES,PRESERVED_SPECIMEN,1982-06-30,1982,-69.5,19.08,NA,d415c253-4d61-4459-9d25-4015b9084fb0,NY,NY,30,02,SABANA DE LA MAR,093002,874cf344cffffff
b4e00ed7-5068-4f5d-9ca8-7ea027ee71c1,1930324169,Costus spicatus,Costus spicatus (Jacq.) Sw.,Costaceae,Costus,SPECIES,PRESERVED_SPECIMEN,1982-07-01,1982,-69.47,18.97,NA,d415c253-4d61-4459-9d25-4015b9084fb0,NY,NY,30,02,SABANA DE LA MAR,093002,874cf37adffffff
b523d0fa-d870-4ebc-bbc2-fef48c713335,1930330320,Bignonia aequinoctialis,Bignonia aequinoctialis L.,Bignoniaceae,Bignonia,SPECIES,PRESERVED_SPECIMEN,1982-06-30,1982,-69.5,19.08,NA,d415c253-4d61-4459-9d25-4015b9084fb0,NY,NY,30,02,SABANA DE LA MAR,093002,874cf344cffffff
b568dbec-cc72-49e8-bc34-66aa26e6e0cf,1930331746,Turpinia occidentalis,Turpinia occidentalis (Sw.) G.Don,Staphyleaceae,Turpinia,SPECIES,PRESERVED_SPECIMEN,1985-08-07,1985,-69.52,19,NA,d415c253-4d61-4459-9d25-4015b9084fb0,NY,NY,30,02,SABANA DE LA MAR,093002,874cf37a3ffffff
b6af5c78-1852-42ba-afd2-b8fa6c4b3c52,1930350127,Coccoloba fuertesii,Coccoloba fuertesii Urb.,Polygonaceae,Coccoloba,SPECIES,PRESERVED_SPECIMEN,1986-02-20,1986,-69.5,19,NA,d415c253-4d61-4459-9d25-4015b9084fb0,NY,NY,30,02,SABANA DE LA MAR,093002,874cf37a1ffffff
b73a1b3b-8b76-4be8-af55-f798f288106d,1930357914,"Bostrychia Montagne in Sagra, 1842","Bostrychia Montagne in Sagra, 1842",Rhodomelaceae,Bostrychia,GENUS,PRESERVED_SPECIMEN,1977-07-11,1977,-69.381955,19.062022,655.57,d415c253-4d61-4459-9d25-4015b9084fb0,NY,NY,30,02,SABANA DE LA MAR,093002,874cf3725ffffff
b771e49b-ec9c-4904-ab1f-cd7626d29b1b,1930360978,Polytaenium lineatum,Polytaenium lanceolatum (Sw.) Desv.,Pteridaceae,Polytaenium,SPECIES,PRESERVED_SPECIMEN,1991-01-23,1991,-69.13,18.92,NA,d415c253-4d61-4459-9d25-4015b9084fb0,NY,NY,30,02,SABANA DE LA MAR,093002,874cf3388ffffff
b7ed1c79-c24b-4e44-8566-00b55b41cdd9,1930367391,Guettarda pungens,Guettarda pungens Urb.,Rubiaceae,Guettarda,SPECIES,PRESERVED_SPECIMEN,1986-02-19,1986,-69.5,19,NA,d415c253-4d61-4459-9d25-4015b9084fb0,NY,NY,30,02,SABANA DE LA MAR,093002,874cf37a1ffffff
b8a64e12-59f6-4639-abc7-bdaaa0a7a7d9,2270674783,Myrcia abbottiana,Myrcia abbottiana (Urb.) Alain,Myrtaceae,Myrcia,SPECIES,PRESERVED_SPECIMEN,1985-08-07,1985,-69.5167,19,NA,e05fd4c2-4d77-4c50-880e-1b22096af300,ASU,Plants,30,02,SABANA DE LA MAR,093002,874cf37a3ffffff
b8aa2cb5-b194-4c4c-b56f-c1a0f7aa401a,1930377978,Miconia laevigata,Miconia laevigata (L.) DC.,Melastomataceae,Miconia,SPECIES,PRESERVED_SPECIMEN,1982-07-01,1982,-69.47,18.97,NA,d415c253-4d61-4459-9d25-4015b9084fb0,NY,NY,30,02,SABANA DE LA MAR,093002,874cf37adffffff
b8ba8499-6f00-41af-9429-8098880454de,4079747853,Flemingia strobilifera,Flemingia strobilifera (L.) W.T.Aiton,Fabaceae,Flemingia,SPECIES,PRESERVED_SPECIMEN,1958-09-05,1958,-69.383604,19.053614,270,3b040a48-deae-485c-95b1-2ac80b7fdc54,IIBZ,USD,30,02,SABANA DE LA MAR,093002,874cf3720ffffff
b9d0d81e-7902-4cae-a0a9-c730723bc8ac,1930395253,Miconia mirabilis,Miconia mirabilis (Aubl.) L.O.Williams,Melastomataceae,Miconia,SPECIES,PRESERVED_SPECIMEN,1990-06-27,1990,-69.15,18.92,NA,d415c253-4d61-4459-9d25-4015b9084fb0,NY,NY,30,02,SABANA DE LA MAR,093002,874cf338affffff
b9fdb349-7aba-449d-bb9b-67ba178ee430,1930397323,Anthurium scandens,Anthurium scandens (Aubl.) Engl.,Araceae,Anthurium,SPECIES,PRESERVED_SPECIMEN,1980-08-20,1980,-69.38,19.02,NA,d415c253-4d61-4459-9d25-4015b9084fb0,NY,NY,30,02,SABANA DE LA MAR,093002,874cf372effffff
ba39e18a-e3e4-45e8-bd1c-fb3369d730e9,1930400951,Hamelia axillaris,Hamelia axillaris Sw.,Rubiaceae,Hamelia,SPECIES,PRESERVED_SPECIMEN,1982-06-28,1982,-69.45,19.07,NA,d415c253-4d61-4459-9d25-4015b9084fb0,NY,NY,30,02,SABANA DE LA MAR,093002,874cf3734ffffff
ba58d2c7-3f64-4f94-abb4-346f2ac9c50d,1930402194,Peperomia pellucida,Peperomia pellucida (L.) Kunth,Piperaceae,Peperomia,SPECIES,PRESERVED_SPECIMEN,1985-04-23,1985,-69.58,19.08,NA,d415c253-4d61-4459-9d25-4015b9084fb0,NY,NY,30,02,SABANA DE LA MAR,093002,874cf3453ffffff
ba6256ba-6dfc-4f20-b9cf-bc37d135c3f3,1930402765,Solanum rugosum,Solanum rugosum Dunal,Solanaceae,Solanum,SPECIES,PRESERVED_SPECIMEN,1986-02-20,1986,-69.5,19,NA,d415c253-4d61-4459-9d25-4015b9084fb0,NY,NY,30,02,SABANA DE LA MAR,093002,874cf37a1ffffff
ba793607-c54a-47c4-8d57-72598221b5d9,1930404255,Chrysophyllum oliviforme,Chrysophyllum oliviforme L.,Sapotaceae,Chrysophyllum,SPECIES,PRESERVED_SPECIMEN,1986-02-20,1986,-69.5,19,NA,d415c253-4d61-4459-9d25-4015b9084fb0,NY,NY,30,02,SABANA DE LA MAR,093002,874cf37a1ffffff
baa1b739-4aba-48b6-878f-c5ea93fd7f4a,1930406183,Fissidens guianensis,Fissidens guianensis Mont.,Fissidentaceae,Fissidens,SPECIES,PRESERVED_SPECIMEN,1981-03-28,1981,-69.2,19,NA,d415c253-4d61-4459-9d25-4015b9084fb0,NY,NY,30,02,SABANA DE LA MAR,093002,874cf33b3ffffff
baf46a5e-8312-4774-b57f-d2f504273ec4,1930411754,Tetrapterys buxifolia,Tetrapterys buxifolia Cav.,Malpighiaceae,Tetrapterys,SPECIES,PRESERVED_SPECIMEN,1933-04-04,1933,-69.226186,18.991752,571.05,d415c253-4d61-4459-9d25-4015b9084fb0,NY,NY,30,02,SABANA DE LA MAR,093002,874cf30c9ffffff
bb36e825-b84f-4880-941d-4a5d663d822b,1930414709,Campyloneurum phyllitidis,Campyloneurum phyllitidis (L.) C.Presl,Polypodiaceae,Campyloneurum,SPECIES,PRESERVED_SPECIMEN,1980-08-20,1980,-69.38,19.02,NA,d415c253-4d61-4459-9d25-4015b9084fb0,NY,NY,30,02,SABANA DE LA MAR,093002,874cf372effffff
bbbb4251-9948-4b36-8e46-121f8cb02a21,1930421941,Christella dentata,Thelypteris dentata (Forssk.) E.P.St.John,Thelypteridaceae,Christella,SPECIES,PRESERVED_SPECIMEN,1985-08-06,1985,-69.5,19,NA,d415c253-4d61-4459-9d25-4015b9084fb0,NY,NY,30,02,SABANA DE LA MAR,093002,874cf37a1ffffff
bce72228-ec6a-43b0-8d76-7b45d41f74f1,1930438538,Scleria P.J.Bergius,Scleria P.J.Bergius,Cyperaceae,Scleria,GENUS,PRESERVED_SPECIMEN,1982-06-30,1982,-69.5,19.08,NA,d415c253-4d61-4459-9d25-4015b9084fb0,NY,NY,30,02,SABANA DE LA MAR,093002,874cf344cffffff
bcffd039-65e9-4884-8893-b16cd032fec5,1930439810,Vitex integrifolia,Vitex integrifolia Urb.,Lamiaceae,Vitex,SPECIES,PRESERVED_SPECIMEN,1986-02-19,1986,-69.5,19,NA,d415c253-4d61-4459-9d25-4015b9084fb0,NY,NY,30,02,SABANA DE LA MAR,093002,874cf37a1ffffff
bd1d947f-03b4-4c59-b0c8-10dc4f98c65b,1930442413,Hillia parasitica,Hillia parasitica Jacq.,Rubiaceae,Hillia,SPECIES,PRESERVED_SPECIMEN,1985-08-06,1985,-69.5,19,NA,d415c253-4d61-4459-9d25-4015b9084fb0,NY,NY,30,02,SABANA DE LA MAR,093002,874cf37a1ffffff
bd34eb51-f126-40c2-b066-ea93034c4129,1930443018,Damburneya patens,Nectandra patens (Sw.) Griseb.,Lauraceae,Damburneya,SPECIES,PRESERVED_SPECIMEN,1986-02-20,1986,-69.5,19,NA,d415c253-4d61-4459-9d25-4015b9084fb0,NY,NY,30,02,SABANA DE LA MAR,093002,874cf37a1ffffff
bd4cd01b-5006-4f9b-b9f9-5865a76965cc,1930444221,Anatherum glomeratum,"Andropogon glomeratus (Walter) Britton, Sterns & Poggenb.",Poaceae,Anatherum,SPECIES,PRESERVED_SPECIMEN,1985-04-23,1985,-69.58,19.08,NA,d415c253-4d61-4459-9d25-4015b9084fb0,NY,NY,30,02,SABANA DE LA MAR,093002,874cf3453ffffff
be26c56b-bfec-48aa-9c86-14d03d9abbad,1304578178,Solanum rugosum,Solanum rugosum Dunal,Solanaceae,Solanum,SPECIES,OCCURRENCE,1986-02-20,1986,-69.5,19,NA,07044577-bd82-4089-9f3a-f4a9d2170b2e,Bioversity,,30,02,SABANA DE LA MAR,093002,874cf37a1ffffff
beaeafdf-ec61-4d00-971e-d3ae60d482b4,1930463560,Palhinhaea cernua,Lycopodium cernuum L.,Lycopodiaceae,Palhinhaea,SPECIES,PRESERVED_SPECIMEN,1982-09-15,1982,-69.13,18.92,NA,d415c253-4d61-4459-9d25-4015b9084fb0,NY,NY,30,02,SABANA DE LA MAR,093002,874cf3388ffffff
beb01e8d-89cc-4860-a014-6074d271d08c,1930463578,Adiantum latifolium,Adiantum latifolium Lam.,Pteridaceae,Adiantum,SPECIES,PRESERVED_SPECIMEN,1981-03-28,1981,-69.28,19.02,NA,d415c253-4d61-4459-9d25-4015b9084fb0,NY,NY,30,02,SABANA DE LA MAR,093002,874cf30ddffffff
bebbb6ea-0dea-4515-b854-0294f7a03410,1930464318,Pavonia fruticosa,Pavonia fruticosa (Mill.) Fawc. & Rendle,Malvaceae,Pavonia,SPECIES,PRESERVED_SPECIMEN,1985-04-23,1985,-69.58,19.08,NA,d415c253-4d61-4459-9d25-4015b9084fb0,NY,NY,30,02,SABANA DE LA MAR,093002,874cf3453ffffff
bf51c560-89c3-4512-bfd1-bbed7ffd6cf7,1930473006,Cyclopeltis semicordata,Cyclopeltis semicordata (Sw.) J.Sm.,Lomariopsidaceae,Cyclopeltis,SPECIES,PRESERVED_SPECIMEN,1982-06-30,1982,-69.5,19.08,NA,d415c253-4d61-4459-9d25-4015b9084fb0,NY,NY,30,02,SABANA DE LA MAR,093002,874cf344cffffff
bf61dcb1-a4c2-42e4-bf41-bc997d0febce,1930473719,Vandenboschia radicans,Trichomanes radicans Sw.,Hymenophyllaceae,Vandenboschia,SPECIES,PRESERVED_SPECIMEN,1990-06-27,1990,-69.15,18.92,NA,d415c253-4d61-4459-9d25-4015b9084fb0,NY,NY,30,02,SABANA DE LA MAR,093002,874cf338affffff
c010c72b-6848-42dc-9eaf-545b808c3ddb,2028417184,Codium isthmocladum,"Codium isthmocladum Vickers, 1905",Codiaceae,Codium,SPECIES,PRESERVED_SPECIMEN,1977-07-11,1977,-69.383626,19.062905,3036,31b346f9-1a91-4688-af40-5a50a261c572,DUKE,,30,02,SABANA DE LA MAR,093002,874cf3724ffffff
c01ba6ee-821a-4d5c-bcdf-6f90faca60e1,1930484691,Piper peltatum,Piper peltatum L.,Piperaceae,Piper,SPECIES,PRESERVED_SPECIMEN,1982-06-28,1982,-69.45,19.07,NA,d415c253-4d61-4459-9d25-4015b9084fb0,NY,NY,30,02,SABANA DE LA MAR,093002,874cf3734ffffff
c06bcb32-c1fc-4776-99e7-7971ddddbee1,1930488000,Palhinhaea cernua,Lycopodium cernuum L.,Lycopodiaceae,Palhinhaea,SPECIES,PRESERVED_SPECIMEN,1980-12-17,1980,-69.28,19.03,NA,d415c253-4d61-4459-9d25-4015b9084fb0,NY,NY,30,02,SABANA DE LA MAR,093002,874cf30c3ffffff
c1be5c44-85d3-448b-92c5-fc88deacff30,1930506938,Dalbergia monetaria,Dalbergia monetaria L.f.,Fabaceae,Dalbergia,SPECIES,PRESERVED_SPECIMEN,1986-02-21,1986,-69.57,19.08,NA,d415c253-4d61-4459-9d25-4015b9084fb0,NY,NY,30,02,SABANA DE LA MAR,093002,874cf3451ffffff
c1cc862c-27d9-4460-8bc0-5793651361a9,1930507655,Phlebodium aureum,Phlebodium aureum (L.) J.Sm.,Polypodiaceae,Phlebodium,SPECIES,PRESERVED_SPECIMEN,1982-09-15,1982,-69.13,18.92,NA,d415c253-4d61-4459-9d25-4015b9084fb0,NY,NY,30,02,SABANA DE LA MAR,093002,874cf3388ffffff
c23723de-6fbd-4ce8-954b-a7f060638999,1930513576,Bolbitis aliena,Bolbitis aliena (Sw.) Alston,Dryopteridaceae,Bolbitis,SPECIES,PRESERVED_SPECIMEN,1991-01-23,1991,-69.13,18.92,NA,d415c253-4d61-4459-9d25-4015b9084fb0,NY,NY,30,02,SABANA DE LA MAR,093002,874cf3388ffffff
c25fbdf0-760e-4104-8d50-2498d0944f49,1930516026,Chionanthus bumelioides,Chionanthus bumelioides subsp. lanceolatus (Knobl.) Acev.-Rodr.,Oleaceae,Chionanthus,SUBSPECIES,PRESERVED_SPECIMEN,1982-06-30,1982,-69.5,19.08,NA,d415c253-4d61-4459-9d25-4015b9084fb0,NY,NY,30,02,SABANA DE LA MAR,093002,874cf344cffffff
c2f90f16-a20c-4e8c-a51d-3650461ad5c6,1930524081,Erythroxylum urbanii,Erythroxylum urbanii O.E.Schulz,Erythroxylaceae,Erythroxylum,SPECIES,PRESERVED_SPECIMEN,1982-06-30,1982,-69.5,19.08,NA,d415c253-4d61-4459-9d25-4015b9084fb0,NY,NY,30,02,SABANA DE LA MAR,093002,874cf344cffffff
c2ff11e3-c106-46ef-9707-977e18d48855,1930524456,Exostema longiflorum,Solenandra longiflora (Lamb.) Paudyal & Delprete,Rubiaceae,Exostema,SPECIES,PRESERVED_SPECIMEN,1982-07-01,1982,-69.47,18.97,NA,d415c253-4d61-4459-9d25-4015b9084fb0,NY,NY,30,02,SABANA DE LA MAR,093002,874cf37adffffff
c30c81e8-8c38-4bb8-a9c4-f77752788a18,1930525507,Coccoloba samanensis,Coccoloba samanensis O.C.Schmidt,Polygonaceae,Coccoloba,SPECIES,PRESERVED_SPECIMEN,1986-02-20,1986,-69.5,19,NA,d415c253-4d61-4459-9d25-4015b9084fb0,NY,NY,30,02,SABANA DE LA MAR,093002,874cf37a1ffffff
c39c5a64-93c1-4a34-a537-ba0e27c1be62,1457810582,Nepsera aquatica,Nepsera aquatica (Aubl.) Naudin,Melastomataceae,Nepsera,SPECIES,PRESERVED_SPECIMEN,1990-06-27,1990,-69.15,18.916667,NA,b89d52a2-861d-4388-adad-c0da3d55fc78,UF,,30,02,SABANA DE LA MAR,093002,874cf338affffff
c3da3415-de94-42ad-97f7-cbee2c8e03b6,1930537247,Piper jacquemontianum,Piper jacquemontianum (Kunth) Kunth ex Steud.,Piperaceae,Piper,SPECIES,PRESERVED_SPECIMEN,1985-08-06,1985,-69.5,19,NA,d415c253-4d61-4459-9d25-4015b9084fb0,NY,NY,30,02,SABANA DE LA MAR,093002,874cf37a1ffffff
c48144e6-0dd6-4477-bd26-fa23ce8eb749,1930546016,Cranichis muscosa,Cranichis muscosa Sw.,Orchidaceae,Cranichis,SPECIES,PRESERVED_SPECIMEN,1991-01-23,1991,-69.13,18.92,NA,d415c253-4d61-4459-9d25-4015b9084fb0,NY,NY,30,02,SABANA DE LA MAR,093002,874cf3388ffffff
c5d34ab6-a19c-4881-9b76-0f663710432a,1930564479,Miconia racemosa,Miconia racemosa (Aubl.) DC.,Melastomataceae,Miconia,SPECIES,PRESERVED_SPECIMEN,1991-05-11,1991,-69.15,18.92,NA,d415c253-4d61-4459-9d25-4015b9084fb0,NY,NY,30,02,SABANA DE LA MAR,093002,874cf338affffff
c5e7ad20-0a6f-4984-865d-944ffc663479,1930565475,Sida linifolia,Sida linifolia Cav.,Malvaceae,Sida,SPECIES,PRESERVED_SPECIMEN,1986-02-21,1986,-69.5,19,NA,d415c253-4d61-4459-9d25-4015b9084fb0,NY,NY,30,02,SABANA DE LA MAR,093002,874cf37a1ffffff
c660b0fe-c037-46cb-bed8-302cab8e5098,1930572984,Pseudolmedia spuria,Pseudolmedia spuria (Sw.) Griseb.,Moraceae,Pseudolmedia,SPECIES,PRESERVED_SPECIMEN,1985-04-24,1985,-69.57,19.08,NA,d415c253-4d61-4459-9d25-4015b9084fb0,NY,NY,30,02,SABANA DE LA MAR,093002,874cf3451ffffff
c6dfe4f4-423c-44c3-aca9-80bacfa29adb,1930579118,Stigmaphyllon emarginatum,Stigmaphyllon emarginatum (Cav.) A.Juss.,Malpighiaceae,Stigmaphyllon,SPECIES,PRESERVED_SPECIMEN,1933-03-31,1933,-69.226186,18.991752,571.05,d415c253-4d61-4459-9d25-4015b9084fb0,NY,NY,30,02,SABANA DE LA MAR,093002,874cf30c9ffffff
c713d2e8-bf89-4a48-b8dc-642fa0ed48b6,1930582469,Anthurium scandens,Anthurium scandens subsp. scandens,Araceae,Anthurium,SUBSPECIES,PRESERVED_SPECIMEN,1988-06-14,1988,-69.47,18.97,NA,d415c253-4d61-4459-9d25-4015b9084fb0,NY,NY,30,02,SABANA DE LA MAR,093002,874cf37adffffff
c7843b2f-3308-4753-a933-35e19ec536b7,1930588367,Nephrolepis rivularis,Nephrolepis rivularis (Vahl) Mett. ex Krug,Nephrolepidaceae,Nephrolepis,SPECIES,PRESERVED_SPECIMEN,1982-09-15,1982,-69.13,18.92,NA,d415c253-4d61-4459-9d25-4015b9084fb0,NY,NY,30,02,SABANA DE LA MAR,093002,874cf3388ffffff
c7954b0a-e6d5-4da5-b69f-0dc668259874,1930589462,Conocarpus erectus,Conocarpus erectus L.,Combretaceae,Conocarpus,SPECIES,PRESERVED_SPECIMEN,1982-06-30,1982,-69.5,19.08,NA,d415c253-4d61-4459-9d25-4015b9084fb0,NY,NY,30,02,SABANA DE LA MAR,093002,874cf344cffffff
c7c010b0-ca92-4cbb-b8d1-84495d5b1090,2270681969,Myrtaceae Juss.,Myrtaceae Juss.,Myrtaceae,,FAMILY,PRESERVED_SPECIMEN,1985-08-06,1985,-69.5,19,NA,e05fd4c2-4d77-4c50-880e-1b22096af300,ASU,Plants,30,02,SABANA DE LA MAR,093002,874cf37a1ffffff
c7c52f22-f2e0-4e5b-9c4b-4ef95caa0ed4,1930592270,Zanthoxylum bifoliolatum,Zanthoxylum bifoliolatum Leonard,Rutaceae,Zanthoxylum,SPECIES,PRESERVED_SPECIMEN,1985-08-06,1985,-69.5,19,NA,d415c253-4d61-4459-9d25-4015b9084fb0,NY,NY,30,02,SABANA DE LA MAR,093002,874cf37a1ffffff
c7db2cb8-02aa-4ede-ad72-cdf1f7ec0c4b,1930593610,Adiantum latifolium,Adiantum latifolium Lam.,Pteridaceae,Adiantum,SPECIES,PRESERVED_SPECIMEN,1981-01-14,1981,-69.275,19.02,NA,d415c253-4d61-4459-9d25-4015b9084fb0,NY,NY,30,02,SABANA DE LA MAR,093002,874cf30ddffffff
c7e14d95-0e37-40aa-9d67-99499762749e,1930593374,Elaphoglossum Schott ex J.Sm.,Elaphoglossum Schott ex J.Sm.,Dryopteridaceae,Elaphoglossum,GENUS,PRESERVED_SPECIMEN,1985-08-06,1985,-69.5,19,NA,d415c253-4d61-4459-9d25-4015b9084fb0,NY,NY,30,02,SABANA DE LA MAR,093002,874cf37a1ffffff
c8224e86-1849-4cea-9766-13b355e170ef,1930596905,Diplazium plantaginifolium,Diplazium plantaginifolium (L.) Urb.,Athyriaceae,Diplazium,SPECIES,PRESERVED_SPECIMEN,1990-06-27,1990,-69.15,18.92,NA,d415c253-4d61-4459-9d25-4015b9084fb0,NY,NY,30,02,SABANA DE LA MAR,093002,874cf338affffff
c82cb231-bb1f-4357-97b7-51d53e444a3b,1930597330,Psidium acranthum,Psidium acranthum Urb.,Myrtaceae,Psidium,SPECIES,PRESERVED_SPECIMEN,1986-02-19,1986,-69.5,19,NA,d415c253-4d61-4459-9d25-4015b9084fb0,NY,NY,30,02,SABANA DE LA MAR,093002,874cf37a1ffffff
c88b227a-3876-410b-a1d9-7572956f95e6,1930602686,Sideroxylon dominicanum,Sideroxylon dominicanum (Whetstone & T.A.Atk.) T.D.Penn.,Sapotaceae,Sideroxylon,SPECIES,PRESERVED_SPECIMEN,1985-04-25,1985,-69.55,19.08,NA,d415c253-4d61-4459-9d25-4015b9084fb0,NY,NY,30,02,SABANA DE LA MAR,093002,874cf345cffffff
c89ab78a-fcd5-48e8-b805-8c93595eaeff,1937519303,Garciadelia leprosa,Leucocroton leprosus (Willd.) Pax & K.Hoffm.,Euphorbiaceae,Garciadelia,SPECIES,PRESERVED_SPECIMEN,1996-09-23,1996,-69.4514,19.0556,NA,d415c253-4d61-4459-9d25-4015b9084fb0,NY,NY,30,02,SABANA DE LA MAR,093002,874cf3730ffffff
c97e1fcc-2a43-448f-b7a9-0a13fca60053,1930615757,Panicum trichoides,Panicum trichoides Sw.,Poaceae,Panicum,SPECIES,PRESERVED_SPECIMEN,1985-04-23,1985,-69.58,19.08,NA,d415c253-4d61-4459-9d25-4015b9084fb0,NY,NY,30,02,SABANA DE LA MAR,093002,874cf3453ffffff
c9a795d3-0a1c-412b-8c12-385d236d04fa,1930618486,Reynosia domingensis,Reynosia domingensis Urb.,Rhamnaceae,Reynosia,SPECIES,PRESERVED_SPECIMEN,1985-04-25,1985,-69.55,19.08,NA,d415c253-4d61-4459-9d25-4015b9084fb0,NY,NY,30,02,SABANA DE LA MAR,093002,874cf345cffffff
c9cbfd67-9103-447f-b209-3aad960953aa,1930620197,Cissus erosa,Cissus erosa (L.) Rich.,Vitaceae,Cissus,SPECIES,PRESERVED_SPECIMEN,1991-05-11,1991,-69.15,18.92,NA,d415c253-4d61-4459-9d25-4015b9084fb0,NY,NY,30,02,SABANA DE LA MAR,093002,874cf338affffff
ca21c95e-840c-47e0-81c5-96b3b6c5d497,1930625829,Pacourina edulis,Pacourina edulis Aubl.,Asteraceae,Pacourina,SPECIES,PRESERVED_SPECIMEN,1982-06-28,1982,-69.3917,19.07,NA,d415c253-4d61-4459-9d25-4015b9084fb0,NY,NY,30,02,SABANA DE LA MAR,093002,874cf3724ffffff
caca045c-3616-48e5-bd9b-b8c7cea255b4,1930634433,Nephrolepis rivularis,Nephrolepis rivularis (Vahl) Mett. ex Krug,Nephrolepidaceae,Nephrolepis,SPECIES,PRESERVED_SPECIMEN,1990-06-27,1990,-69.15,18.92,NA,d415c253-4d61-4459-9d25-4015b9084fb0,NY,NY,30,02,SABANA DE LA MAR,093002,874cf338affffff
cad7ab18-ba03-4f53-8a6c-9634268071b5,1930635439,Asplenium serratum,Asplenium serratum L.,Aspleniaceae,Asplenium,SPECIES,PRESERVED_SPECIMEN,1985-08-06,1985,-69.5,19,NA,d415c253-4d61-4459-9d25-4015b9084fb0,NY,NY,30,02,SABANA DE LA MAR,093002,874cf37a1ffffff
cb5d6e89-333b-44cb-9d0d-54b7a9b2b50c,1930642553,Philonotis uncinata,Philonotis uncinata (Schwägr.) Brid.,Bartramiaceae,Philonotis,SPECIES,PRESERVED_SPECIMEN,1981-03-28,1981,-69.2,19,NA,d415c253-4d61-4459-9d25-4015b9084fb0,NY,NY,30,02,SABANA DE LA MAR,093002,874cf33b3ffffff
cba4b7ac-6a2d-4ffc-90bf-2888067bc82d,1930646098,Chrysophyllum argenteum,Chrysophyllum argenteum Jacq.,Sapotaceae,Chrysophyllum,SPECIES,PRESERVED_SPECIMEN,1986-02-20,1986,-69.5,19,NA,d415c253-4d61-4459-9d25-4015b9084fb0,NY,NY,30,02,SABANA DE LA MAR,093002,874cf37a1ffffff
cbb074e0-cd35-4ed8-ae44-1d00ff668754,1457813226,Palicourea berteroana,Psychotria berteroana DC.,Rubiaceae,Palicourea,SPECIES,PRESERVED_SPECIMEN,1990-06-27,1990,-69.15,18.916667,NA,b89d52a2-861d-4388-adad-c0da3d55fc78,UF,,30,02,SABANA DE LA MAR,093002,874cf338affffff
cc468d70-ceb3-44da-8808-4d23476dc5e6,1930655293,Clusia clusioides,Clusia clusioides (Griseb.) D'Arcy,Clusiaceae,Clusia,SPECIES,PRESERVED_SPECIMEN,1986-02-20,1986,-69.5,19,NA,d415c253-4d61-4459-9d25-4015b9084fb0,NY,NY,30,02,SABANA DE LA MAR,093002,874cf37a1ffffff
cc9a2db1-a05d-4f24-888b-c81af60a6aa2,1930659866,Entodontopsis cultelliformis,Eulacophyllum cultelliforme (Sull.) W.R. Buck & Ireland,Stereophyllaceae,Entodontopsis,SPECIES,PRESERVED_SPECIMEN,1981-03-28,1981,-69.2,19,NA,d415c253-4d61-4459-9d25-4015b9084fb0,NY,NY,30,02,SABANA DE LA MAR,093002,874cf33b3ffffff
ccb29eca-c2ad-439c-8feb-067edf32edbc,1930661102,Costus scaber,Costus scaber Ruiz & Pav.,Costaceae,Costus,SPECIES,PRESERVED_SPECIMEN,1985-04-23,1985,-69.58,19.08,NA,d415c253-4d61-4459-9d25-4015b9084fb0,NY,NY,30,02,SABANA DE LA MAR,093002,874cf3453ffffff
cda658f4-29ff-431c-82aa-5e4ea7c338e9,1930674336,Pelazoneuron abruptum,Thelypteris grandis A.R.Sm.,Thelypteridaceae,Pelazoneuron,SPECIES,PRESERVED_SPECIMEN,1988-06-14,1988,-69.47,18.97,NA,d415c253-4d61-4459-9d25-4015b9084fb0,NY,NY,30,02,SABANA DE LA MAR,093002,874cf37adffffff
ce1ac63e-c357-4605-8c1c-28580dc25dc2,1930681406,Myrcia abbottiana,Myrcia abbottiana (Urb.) Alain,Myrtaceae,Myrcia,SPECIES,PRESERVED_SPECIMEN,1982-10-28,1982,-69.575,19.08,NA,d415c253-4d61-4459-9d25-4015b9084fb0,NY,NY,30,02,SABANA DE LA MAR,093002,874cf3451ffffff
ce67837b-acd9-48a1-b8c9-e235c01efd74,1930685467,Costus scaber,Costus scaber Ruiz & Pav.,Costaceae,Costus,SPECIES,PRESERVED_SPECIMEN,1982-06-30,1982,-69.5,19.08,NA,d415c253-4d61-4459-9d25-4015b9084fb0,NY,NY,30,02,SABANA DE LA MAR,093002,874cf344cffffff
ceaa37b3-5377-4c44-ad14-193badab71fe,1930688882,Chamaecrista diphylla,Chamaecrista diphylla (L.) Greene,Fabaceae,Chamaecrista,SPECIES,PRESERVED_SPECIMEN,1986-02-21,1986,-69.5,19,NA,d415c253-4d61-4459-9d25-4015b9084fb0,NY,NY,30,02,SABANA DE LA MAR,093002,874cf37a1ffffff
cebe1f7b05fac26514c7239d4e4e1deb,3307930485,Lasiacis divaricata,Lasiacis divaricata (L.) Hitchc.,Poaceae,Lasiacis,SPECIES,PRESERVED_SPECIMEN,1988-06-14,1988,-69.467,18.967,NA,8016518a-f762-11e1-a439-00145eb45e9a,IBUNAM,MEXU,30,02,SABANA DE LA MAR,093002,874cf37a9ffffff
cf2941dc-4395-499e-89e4-1f164a47293a,1930695479,Gracilaria verrucosa,Gracilaria verrucosa (Hudson) Papenfuss,Gracilariaceae,Gracilaria,SPECIES,PRESERVED_SPECIMEN,1977-07-11,1977,-69.381955,19.062022,655.57,d415c253-4d61-4459-9d25-4015b9084fb0,NY,NY,30,02,SABANA DE LA MAR,093002,874cf3725ffffff
cf483bca-ef71-47b0-a7c3-f0520bca26ee,1930699412,Tillandsia festucoides,Tillandsia festucoides Brongn. ex Mez,Bromeliaceae,Tillandsia,SPECIES,PRESERVED_SPECIMEN,1986-02-19,1986,-69.5,19,NA,d415c253-4d61-4459-9d25-4015b9084fb0,NY,NY,30,02,SABANA DE LA MAR,093002,874cf37a1ffffff
cf5932f7-1b53-407d-97e4-e803929a28b7,1930698418,Cyathea arborea,Cyathea arborea (L.) Sm.,Cyatheaceae,Cyathea,SPECIES,PRESERVED_SPECIMEN,1982-09-15,1982,-69.13,18.92,NA,d415c253-4d61-4459-9d25-4015b9084fb0,NY,NY,30,02,SABANA DE LA MAR,093002,874cf3388ffffff
cf5af8ed-19a1-463b-95ba-1f0351fa1cc4,1930698417,Mitreola petiolata,Mitreola petiolata (J.F.Gmel.) Torr. & A.Gray,Loganiaceae,Mitreola,SPECIES,PRESERVED_SPECIMEN,1982-06-28,1982,-69.45,19.07,NA,d415c253-4d61-4459-9d25-4015b9084fb0,NY,NY,30,02,SABANA DE LA MAR,093002,874cf3734ffffff
cf79f9a3-09b4-40a1-b3ba-e7a9aafbcca8,1930700174,Piper peltatum,Piper peltatum L.,Piperaceae,Piper,SPECIES,PRESERVED_SPECIMEN,1982-07-01,1982,-69.47,18.97,NA,d415c253-4d61-4459-9d25-4015b9084fb0,NY,NY,30,02,SABANA DE LA MAR,093002,874cf37adffffff
cf805522-4ddb-43c4-b768-092738a5c0ef,4052646319,Microgramma lycopodioides,Microgramma lycopodioides (L.) Copel.,Polypodiaceae,Microgramma,SPECIES,PRESERVED_SPECIMEN,2012-01-17,2012,-69.417,19.0463,NA,cd096ec0-a8a0-4c65-92cc-48b00fb934ce,TEX,TEX,30,02,SABANA DE LA MAR,093002,874cf3722ffffff
cfbb6f8d-0515-4843-8b1b-75682e3dbb93,1930705654,Zornia diphylla,Zornia diphylla (L.) Pers.,Fabaceae,Zornia,SPECIES,PRESERVED_SPECIMEN,1986-02-21,1986,-69.5,19,NA,d415c253-4d61-4459-9d25-4015b9084fb0,NY,NY,30,02,SABANA DE LA MAR,093002,874cf37a1ffffff
cff04e14-680d-4560-85be-068cdaced5ae,1930706582,Piper camptostachys,Piper camptostachys Urb.,Piperaceae,Piper,SPECIES,PRESERVED_SPECIMEN,1986-02-20,1986,-69.5,19,NA,d415c253-4d61-4459-9d25-4015b9084fb0,NY,NY,30,02,SABANA DE LA MAR,093002,874cf37a1ffffff
d0eefa50-40d7-4c79-8c10-8338a646c3ca,1930720926,Comocladia dentata,Comocladia dentata Jacq.,Anacardiaceae,Comocladia,SPECIES,PRESERVED_SPECIMEN,1933-04-08,1933,-69.226186,18.991752,571.05,d415c253-4d61-4459-9d25-4015b9084fb0,NY,NY,30,02,SABANA DE LA MAR,093002,874cf30c9ffffff
d12cd1f0-c358-4509-a036-4cdd9efa50e2,1930724129,Trichilia hirta,Trichilia hirta L.,Meliaceae,Trichilia,SPECIES,PRESERVED_SPECIMEN,1930-04-14,1930,-69.226186,18.991752,571.05,d415c253-4d61-4459-9d25-4015b9084fb0,NY,NY,30,02,SABANA DE LA MAR,093002,874cf30c9ffffff
d13e829b-86d4-4d36-b5e3-306be8307fcd,2992167352,Piper peltatum,Piper peltatum L.,Piperaceae,Piper,SPECIES,PRESERVED_SPECIMEN,1988-06-15,1988,-69.233333,19,NA,a36438d0-bec7-4b7b-9bfa-2c31e7610c39,MIN,Plants,30,02,SABANA DE LA MAR,093002,874cf30c9ffffff
d1798f5f-9ba7-411d-b793-f011072cc2c3,1930729675,Sloanea amygdalina,Sloanea amygdalina subsp. domingensis (Urb.) T.D.Penn.,Elaeocarpaceae,Sloanea,SUBSPECIES,PRESERVED_SPECIMEN,1985-08-06,1985,-69.5,19,NA,d415c253-4d61-4459-9d25-4015b9084fb0,NY,NY,30,02,SABANA DE LA MAR,093002,874cf37a1ffffff
d18ada8c-7e24-47ab-85bd-d7507630d0e8,1930728900,Rondeletia samanensis,Stevensia samanensis Urb.,Rubiaceae,Rondeletia,SPECIES,PRESERVED_SPECIMEN,1982-10-28,1982,-69.575,19.08,NA,d415c253-4d61-4459-9d25-4015b9084fb0,NY,NY,30,02,SABANA DE LA MAR,093002,874cf3451ffffff
d29b2e68-6584-4be8-b21f-ebefd04168b3,1930744363,Nephrolepis hirsutula,Nephrolepis hirsutula (G.Forst.) C.Presl,Nephrolepidaceae,Nephrolepis,SPECIES,PRESERVED_SPECIMEN,1981-01-14,1981,-69.275,19.02,NA,d415c253-4d61-4459-9d25-4015b9084fb0,NY,NY,30,02,SABANA DE LA MAR,093002,874cf30ddffffff
d2b6700e-ca6f-41fd-9f3a-65ca427bcbb6,1930745679,Serpocaulon dissimile,Serpocaulon dissimile (L.) A.R.Sm.,Polypodiaceae,Serpocaulon,SPECIES,PRESERVED_SPECIMEN,1985-08-06,1985,-69.5,19,NA,d415c253-4d61-4459-9d25-4015b9084fb0,NY,NY,30,02,SABANA DE LA MAR,093002,874cf37a1ffffff
d2e79624-723c-4561-9389-3b2acf46ab53,1930748397,Adiantum tenerum,Adiantum tenerum Sw.,Pteridaceae,Adiantum,SPECIES,PRESERVED_SPECIMEN,1982-06-28,1982,-69.4,19.07,NA,d415c253-4d61-4459-9d25-4015b9084fb0,NY,NY,30,02,SABANA DE LA MAR,093002,874cf3726ffffff
d3039459-64ed-4bbe-97da-71a124d62cf4,1930750127,Tillandsia polystachia,Tillandsia polystachia (L.) L.,Bromeliaceae,Tillandsia,SPECIES,PRESERVED_SPECIMEN,1980-08-20,1980,-69.38,19.02,NA,d415c253-4d61-4459-9d25-4015b9084fb0,NY,NY,30,02,SABANA DE LA MAR,093002,874cf372effffff
d400a740-878d-4e8b-9400-2a35921cf24a,1930764007,Dendropanax arboreus,Dendropanax arboreus (L.) Decne. & Planch.,Araliaceae,Dendropanax,SPECIES,PRESERVED_SPECIMEN,1982-07-01,1982,-69.47,18.97,NA,d415c253-4d61-4459-9d25-4015b9084fb0,NY,NY,30,02,SABANA DE LA MAR,093002,874cf37adffffff
d4385f56-4338-450c-b81a-c0ccb7c3d70d,1930767111,Pimenta racemosa,Pimenta racemosa var. terebinthina (Burret) Landrum,Myrtaceae,Pimenta,VARIETY,PRESERVED_SPECIMEN,1986-02-20,1986,-69.5,19,NA,d415c253-4d61-4459-9d25-4015b9084fb0,NY,NY,30,02,SABANA DE LA MAR,093002,874cf37a1ffffff
d49c5a09-d26c-42d2-b9db-7c0544f1783d,1930772328,Polytaenium lineatum,Polytaenium lineatum (Sw.) J.Sm.,Pteridaceae,Polytaenium,SPECIES,PRESERVED_SPECIMEN,1985-04-23,1985,-69.58,19.08,NA,d415c253-4d61-4459-9d25-4015b9084fb0,NY,NY,30,02,SABANA DE LA MAR,093002,874cf3453ffffff
d4c0889b-9d70-491b-b96c-105148f30ddf,1930776967,Miconia impetiolaris,Miconia impetiolaris (Sw.) D.Don,Melastomataceae,Miconia,SPECIES,PRESERVED_SPECIMEN,1982-06-28,1982,-69.45,19.07,NA,d415c253-4d61-4459-9d25-4015b9084fb0,NY,NY,30,02,SABANA DE LA MAR,093002,874cf3734ffffff
d62892e8-32e9-42a0-8102-c843704b6af2,1930794755,Rhynchospora corymbosa,Rhynchospora corymbosa (L.) Britton,Cyperaceae,Rhynchospora,SPECIES,PRESERVED_SPECIMEN,1982-06-28,1982,-69.45,19.07,NA,d415c253-4d61-4459-9d25-4015b9084fb0,NY,NY,30,02,SABANA DE LA MAR,093002,874cf3734ffffff
d6dc45b8-e644-402c-b4c9-0b7c75b96ff0,1930804590,Heliconia caribaea,Heliconia caribaea Lam.,Heliconiaceae,Heliconia,SPECIES,PRESERVED_SPECIMEN,1981-01-14,1981,-69.38,19,NA,d415c253-4d61-4459-9d25-4015b9084fb0,NY,NY,30,02,SABANA DE LA MAR,093002,874cf372affffff
d720855d-5b98-4f3f-98a6-cfe413947ce4,1930808734,Pteris grandifolia,Pteris grandifolia L.,Pteridaceae,Pteris,SPECIES,PRESERVED_SPECIMEN,1986-02-20,1986,-69.5,19,NA,d415c253-4d61-4459-9d25-4015b9084fb0,NY,NY,30,02,SABANA DE LA MAR,093002,874cf37a1ffffff
d72ed8c6-8be4-4f22-b594-8f49171c9573,1930809428,Catopsis floribunda,Catopsis floribunda L.B.Sm.,Bromeliaceae,Catopsis,SPECIES,PRESERVED_SPECIMEN,1982-10-28,1982,-69.575,19.08,NA,d415c253-4d61-4459-9d25-4015b9084fb0,NY,NY,30,02,SABANA DE LA MAR,093002,874cf3451ffffff
d74780c2-08c7-4d05-be1b-d1736b0a78ad,1930810582,Tiffaniella saccarhiza,Tiffaniella saccarhiza (Setchell & Gardner) Doty,Wrangeliaceae,Tiffaniella,SPECIES,PRESERVED_SPECIMEN,1977-07-11,1977,-69.381955,19.062022,655.57,d415c253-4d61-4459-9d25-4015b9084fb0,NY,NY,30,02,SABANA DE LA MAR,093002,874cf3725ffffff
d7865aa9-854e-4b31-a3df-c2ba7e45e3b9,1930814375,Codium isthmocladum,"Codium isthmocladum Vickers, 1905",Codiaceae,Codium,SPECIES,PRESERVED_SPECIMEN,1977-07-11,1977,-69.381955,19.062022,655.57,d415c253-4d61-4459-9d25-4015b9084fb0,NY,NY,30,02,SABANA DE LA MAR,093002,874cf3725ffffff
d7cdba62-5b40-4d9c-8c87-855a9ef5cd09,5763399488,Peperomia maxonii,Peperomia maxonii C.DC.,Piperaceae,Peperomia,SPECIES,PRESERVED_SPECIMEN,1982-06-28,1982,-69.4,19.066667,NA,b89d52a2-861d-4388-adad-c0da3d55fc78,UF,,30,02,SABANA DE LA MAR,093002,874cf3726ffffff
d9298d75-8ee5-4dae-a395-07021b1acfc1,1930837424,Microgramma lycopodioides,Microgramma lycopodioides (L.) Copel.,Polypodiaceae,Microgramma,SPECIES,PRESERVED_SPECIMEN,1982-06-30,1982,-69.5,19.08,NA,d415c253-4d61-4459-9d25-4015b9084fb0,NY,NY,30,02,SABANA DE LA MAR,093002,874cf344cffffff
d934531d-3ada-46c1-9f40-437a1336ed8c,1930838126,Carapa guianensis,Carapa guianensis Aubl.,Meliaceae,Carapa,SPECIES,PRESERVED_SPECIMEN,1982-07-01,1982,-69.47,18.97,NA,d415c253-4d61-4459-9d25-4015b9084fb0,NY,NY,30,02,SABANA DE LA MAR,093002,874cf37adffffff
d94881f5-a8f6-454b-8a28-7af826de9d56,1930838895,Parkinsonia aculeata,Parkinsonia aculeata L.,Fabaceae,Parkinsonia,SPECIES,PRESERVED_SPECIMEN,1933-07-14,1933,-69.226186,18.991752,571.05,d415c253-4d61-4459-9d25-4015b9084fb0,NY,NY,30,02,SABANA DE LA MAR,093002,874cf30c9ffffff
d9708a39-8cd8-41db-bd94-8c5205724fc1,1930841334,Microgramma lycopodioides,Microgramma lycopodioides (L.) Copel.,Polypodiaceae,Microgramma,SPECIES,PRESERVED_SPECIMEN,1980-08-20,1980,-69.32,19.03,NA,d415c253-4d61-4459-9d25-4015b9084fb0,NY,NY,30,02,SABANA DE LA MAR,093002,874cf30deffffff
d991aa9e-a069-4629-ac18-f953149025b5,1930842969,Heliotropium verdcourtii,Tournefortia hirsutissima L.,Heliotropiaceae,Heliotropium,SPECIES,PRESERVED_SPECIMEN,1982-06-28,1982,-69.45,19.07,NA,d415c253-4d61-4459-9d25-4015b9084fb0,NY,NY,30,02,SABANA DE LA MAR,093002,874cf3734ffffff
da4c7eef-17c7-43b4-937d-4271a68e6bab,2235428906,Anemia abbottii,Anemia abbottii Maxon,Anemiaceae,Anemia,SPECIES,PRESERVED_SPECIMEN,1985-08-06,1985,-69.5,19,NA,d415c253-4d61-4459-9d25-4015b9084fb0,NY,NY,30,02,SABANA DE LA MAR,093002,874cf37a1ffffff
da675356-dc54-42c1-8821-34359f7e733b,1930855571,Asplenium dentatum,Asplenium dentatum L.,Aspleniaceae,Asplenium,SPECIES,PRESERVED_SPECIMEN,1985-08-06,1985,-69.5,19,NA,d415c253-4d61-4459-9d25-4015b9084fb0,NY,NY,30,02,SABANA DE LA MAR,093002,874cf37a1ffffff
da925d8e-f302-4f47-a9b0-85292d3adef5,1457818378,Nepsera aquatica,Nepsera aquatica (Aubl.) Naudin,Melastomataceae,Nepsera,SPECIES,PRESERVED_SPECIMEN,1982-06-28,1982,-69.45,19.066667,NA,b89d52a2-861d-4388-adad-c0da3d55fc78,UF,,30,02,SABANA DE LA MAR,093002,874cf3734ffffff
da982e38-d668-4251-b39e-fab4073634ba,1930857871,Scleria lithosperma,Scleria lithosperma (L.) Sw.,Cyperaceae,Scleria,SPECIES,PRESERVED_SPECIMEN,1982-06-30,1982,-69.5,19.08,NA,d415c253-4d61-4459-9d25-4015b9084fb0,NY,NY,30,02,SABANA DE LA MAR,093002,874cf344cffffff
daa127fe-ca87-4e19-8269-e1f41f3547fa,1930858361,Psidium acranthum,Psidium acranthum Urb.,Myrtaceae,Psidium,SPECIES,PRESERVED_SPECIMEN,1985-08-06,1985,-69.5,19,NA,d415c253-4d61-4459-9d25-4015b9084fb0,NY,NY,30,02,SABANA DE LA MAR,093002,874cf37a1ffffff
daf4154b-f74d-4395-a4e2-ceef5263190d,1930862725,Dendropanax arboreus,Dendropanax arboreus (L.) Decne. & Planch.,Araliaceae,Dendropanax,SPECIES,PRESERVED_SPECIMEN,1985-08-06,1985,-69.5,19,NA,d415c253-4d61-4459-9d25-4015b9084fb0,NY,NY,30,02,SABANA DE LA MAR,093002,874cf37a1ffffff
db8bffd9-f4fd-49ad-95a7-dc05d02a67ff,1930872598,Cupania americana,Cupania americana L.,Sapindaceae,Cupania,SPECIES,PRESERVED_SPECIMEN,1985-08-08,1985,-69.5,19,NA,d415c253-4d61-4459-9d25-4015b9084fb0,NY,NY,30,02,SABANA DE LA MAR,093002,874cf37a1ffffff
dc0c6e1f-b487-4072-bdd7-704bbab3dfc7,1930877590,Acanthophora spicifera,Acanthophora spicifera (Vahl) Borgesen,Rhodomelaceae,Acanthophora,SPECIES,PRESERVED_SPECIMEN,1977-07-11,1977,-69.381955,19.062022,655.57,d415c253-4d61-4459-9d25-4015b9084fb0,NY,NY,30,02,SABANA DE LA MAR,093002,874cf3725ffffff
dc9a8023-2033-43e0-8891-85a905235a6d,2028417224,Tiffaniella saccarhiza,Tiffaniella saccarhiza (Setchell & Gardner) Doty,Wrangeliaceae,Tiffaniella,SPECIES,PRESERVED_SPECIMEN,1977-07-11,1977,-69.388433,19.059336,3000,31b346f9-1a91-4688-af40-5a50a261c572,DUKE,,30,02,SABANA DE LA MAR,093002,874cf3720ffffff
dcab20d1-4e4e-4a2f-a22f-236bf7b18d99,1930886234,Oleandra articulata,Oleandra articulata (Sw.) C.Presl,Oleandraceae,Oleandra,SPECIES,PRESERVED_SPECIMEN,1982-09-15,1982,-69.13,18.92,NA,d415c253-4d61-4459-9d25-4015b9084fb0,NY,NY,30,02,SABANA DE LA MAR,093002,874cf3388ffffff
ddedbadb-05d8-4829-bb28-91938014e243,1930905300,Callisia monandra,Aploleia monandra (Sw.) H.E.Moore,Commelinaceae,Callisia,SPECIES,PRESERVED_SPECIMEN,1981-01-14,1981,-69.275,19.02,NA,d415c253-4d61-4459-9d25-4015b9084fb0,NY,NY,30,02,SABANA DE LA MAR,093002,874cf30ddffffff
dee9e928-4ccb-48e6-b13d-edc24075d3e7,4079747435,Tillandsia variabilis,Tillandsia variabilis Schltdl.,Bromeliaceae,Tillandsia,SPECIES,PRESERVED_SPECIMEN,1960-08-14,1960,-69.500046,19.083112,159,3b040a48-deae-485c-95b1-2ac80b7fdc54,IIBZ,USD,30,02,SABANA DE LA MAR,093002,874cf346affffff
df683931-39e3-43c1-8c38-bb349318fe48,1930926058,Inga vera,Inga vera subsp. vera,Fabaceae,Inga,SUBSPECIES,PRESERVED_SPECIMEN,1982-06-28,1982,-69.45,19.07,NA,d415c253-4d61-4459-9d25-4015b9084fb0,NY,NY,30,02,SABANA DE LA MAR,093002,874cf3734ffffff
dfda3601-b08e-4739-bfbb-f32a56daf4b7,1930932657,Piper L.,Piper L.,Piperaceae,Piper,GENUS,PRESERVED_SPECIMEN,1986-02-20,1986,-69.5,19,NA,d415c253-4d61-4459-9d25-4015b9084fb0,NY,NY,30,02,SABANA DE LA MAR,093002,874cf37a1ffffff
e02c250a-69a4-4806-bf9b-01446fd2cff7,1930937012,Tillandsia variabilis,Tillandsia variabilis Schltdl.,Bromeliaceae,Tillandsia,SPECIES,PRESERVED_SPECIMEN,1985-04-23,1985,-69.58,19.08,NA,d415c253-4d61-4459-9d25-4015b9084fb0,NY,NY,30,02,SABANA DE LA MAR,093002,874cf3453ffffff
e0f488a5-e925-41b3-9953-c580cb4d027d,1930948127,Asplenium serratum,Asplenium serratum L.,Aspleniaceae,Asplenium,SPECIES,PRESERVED_SPECIMEN,1985-08-08,1985,-69.5,19,NA,d415c253-4d61-4459-9d25-4015b9084fb0,NY,NY,30,02,SABANA DE LA MAR,093002,874cf37a1ffffff
e1d66db8-2dda-4356-b1e0-540e41debbf6,1930960650,Adenanthera pavonina,Adenanthera pavonina L.,Fabaceae,Adenanthera,SPECIES,PRESERVED_SPECIMEN,1985-04-25,1985,-69.57,19.08,NA,d415c253-4d61-4459-9d25-4015b9084fb0,NY,NY,30,02,SABANA DE LA MAR,093002,874cf3451ffffff
e1e49aaaaa1c47bf8a5db12b02d73e84,1896084933,Triumfetta bogotensis,Triumfetta bogotensis DC.,Malvaceae,Triumfetta,SPECIES,PRESERVED_SPECIMEN,1980-12-17,1980,-69.377222,19.001111,NA,7fd2f6e2-f762-11e1-a439-00145eb45e9a,ENCB-IPN,ENCB,30,02,SABANA DE LA MAR,093002,874cf372affffff
e214c0d4-e887-499f-bbff-9c8442b6f1bc,1930965014,Cyclopeltis semicordata,Cyclopeltis semicordata (Sw.) J.Sm.,Lomariopsidaceae,Cyclopeltis,SPECIES,PRESERVED_SPECIMEN,1982-06-30,1982,-69.5,19.08,NA,d415c253-4d61-4459-9d25-4015b9084fb0,NY,NY,30,02,SABANA DE LA MAR,093002,874cf344cffffff
e292521b-09d4-4624-9e5a-25a75caf739f,1930970612,Hirtella triandra,Hirtella triandra Sw.,Chrysobalanaceae,Hirtella,SPECIES,PRESERVED_SPECIMEN,1991-01-23,1991,-69.13,18.92,NA,d415c253-4d61-4459-9d25-4015b9084fb0,NY,NY,30,02,SABANA DE LA MAR,093002,874cf3388ffffff
e3e033e7-f476-44bf-9cd3-dd1f5192c4f7,1930989251,Epidendrum rigidum,Epidendrum rigidum Jacq.,Orchidaceae,Epidendrum,SPECIES,PRESERVED_SPECIMEN,1981-01-14,1981,-69.275,19.02,NA,d415c253-4d61-4459-9d25-4015b9084fb0,NY,NY,30,02,SABANA DE LA MAR,093002,874cf30ddffffff
e49c1fce-d7e9-49d3-8515-e06720fb69cc,1930999502,Alsophila jimeneziana,Alsophila jimeneziana D.S.Conant,Cyatheaceae,Alsophila,SPECIES,PRESERVED_SPECIMEN,1982-09-15,1982,-69.13,18.92,NA,d415c253-4d61-4459-9d25-4015b9084fb0,NY,NY,30,02,SABANA DE LA MAR,093002,874cf3388ffffff
e4ab45a2-20f9-44f3-80f7-afa36771614c,1931000317,Bletia corallicola,Basiphyllaea corallicola (Small) Ames,Orchidaceae,Bletia,SPECIES,PRESERVED_SPECIMEN,1985-08-06,1985,-69.5,19,NA,d415c253-4d61-4459-9d25-4015b9084fb0,NY,NY,30,02,SABANA DE LA MAR,093002,874cf37a1ffffff
e4ed7f3c-7802-4eb6-910c-53cf728f4419,1931004283,Lygodium oligostachyum,Lygodium oligostachyum (Willd.) Desv.,Lygodiaceae,Lygodium,SPECIES,PRESERVED_SPECIMEN,1985-04-23,1985,-69.58,19.08,NA,d415c253-4d61-4459-9d25-4015b9084fb0,NY,NY,30,02,SABANA DE LA MAR,093002,874cf3453ffffff
e56c296d-27fd-4a56-a9a5-11ed107541cd,1457822232,Macairea lasiophylla,Acisanthera erecta J.St.-Hil.,Melastomataceae,Macairea,SPECIES,PRESERVED_SPECIMEN,1986-02-21,1986,-69.5,19,NA,b89d52a2-861d-4388-adad-c0da3d55fc78,UF,,30,02,SABANA DE LA MAR,093002,874cf37a1ffffff
e638be8e-f249-4882-b4ea-bbbc8cc3ead2,1931023283,Pimenta racemosa,Pimenta racemosa var. terebinthina (Burret) Landrum,Myrtaceae,Pimenta,VARIETY,PRESERVED_SPECIMEN,1985-04-25,1985,-69.57,19.08,NA,d415c253-4d61-4459-9d25-4015b9084fb0,NY,NY,30,02,SABANA DE LA MAR,093002,874cf3451ffffff
e6901416-ab9d-43c9-868c-c97a0192a4fb,1931027266,Tillandsia balbisiana,Tillandsia balbisiana Schult. & Schult.f.,Bromeliaceae,Tillandsia,SPECIES,PRESERVED_SPECIMEN,1981-01-14,1981,-69.38,19.03,NA,d415c253-4d61-4459-9d25-4015b9084fb0,NY,NY,30,02,SABANA DE LA MAR,093002,874cf372effffff
e6cedda6-8980-4860-9c4a-fe0af067eb7d,1931030467,Malpighia coccigera,Malpighia coccigera L.,Malpighiaceae,Malpighia,SPECIES,PRESERVED_SPECIMEN,1986-02-20,1986,-69.5,19,NA,d415c253-4d61-4459-9d25-4015b9084fb0,NY,NY,30,02,SABANA DE LA MAR,093002,874cf37a1ffffff
e76eff2d-fe98-4027-b7d3-d7e5832b76e7,1931039636,Rhodopis planisiliqua,Rhodopis planisiliqua (L.) Urb.,Fabaceae,Rhodopis,SPECIES,PRESERVED_SPECIMEN,1982-06-30,1982,-69.5,19.08,NA,d415c253-4d61-4459-9d25-4015b9084fb0,NY,NY,30,02,SABANA DE LA MAR,093002,874cf344cffffff
e786e0e9-b214-42d6-95f0-d8c6ea263bff,1931040867,Catopsis berteroniana,Catopsis berteroniana (Schult. & Schult.f.) Mez,Bromeliaceae,Catopsis,SPECIES,PRESERVED_SPECIMEN,1982-06-30,1982,-69.5,19.08,NA,d415c253-4d61-4459-9d25-4015b9084fb0,NY,NY,30,02,SABANA DE LA MAR,093002,874cf344cffffff
e7b507a9-7961-4a62-8637-fa93c042784f,1931043098,Calymperes afzelii,Calymperes afzelii Sw.,Calymperaceae,Calymperes,SPECIES,PRESERVED_SPECIMEN,1981-03-28,1981,-69.2,19,NA,d415c253-4d61-4459-9d25-4015b9084fb0,NY,NY,30,02,SABANA DE LA MAR,093002,874cf33b3ffffff
e8b4c4a7-28ec-4235-800c-d4a0d2118e06,1931057053,Brachiaria (Trin.) Griseb.,Brachiaria (Trin.) Griseb.,Poaceae,Urochloa,GENUS,PRESERVED_SPECIMEN,1985-04-23,1985,-69.58,19.08,NA,d415c253-4d61-4459-9d25-4015b9084fb0,NY,NY,30,02,SABANA DE LA MAR,093002,874cf3453ffffff
e9059d2b-b6a1-44c4-aa6e-7137fd810a2a,1931061398,Hebeclinium macrophyllum,Hebeclinium macrophyllum (L.) DC.,Asteraceae,Hebeclinium,SPECIES,PRESERVED_SPECIMEN,1985-04-23,1985,-69.58,19.08,NA,d415c253-4d61-4459-9d25-4015b9084fb0,NY,NY,30,02,SABANA DE LA MAR,093002,874cf3453ffffff
e9322b3b-7d5e-4faf-975c-f542b06764d5,1931064236,Amyris metopioides,Amyris metopioides Zanoni & M.M.Mejía,Rutaceae,Amyris,SPECIES,PRESERVED_SPECIMEN,1985-04-25,1985,-69.55,19.08,NA,d415c253-4d61-4459-9d25-4015b9084fb0,NY,NY,30,02,SABANA DE LA MAR,093002,874cf345cffffff
e9f6817d-2cab-4ad4-a6b5-a6a8d7de6ffa,1931074484,Simarouba glauca,Simarouba glauca DC.,Simaroubaceae,Simarouba,SPECIES,PRESERVED_SPECIMEN,1933-04-09,1933,-69.226186,18.991752,571.05,d415c253-4d61-4459-9d25-4015b9084fb0,NY,NY,30,02,SABANA DE LA MAR,093002,874cf30c9ffffff
ea48a745-b694-406a-bf2b-bc1fc88d19f8,1931079304,Scleria gaertneri,Scleria gaertneri Raddi,Cyperaceae,Scleria,SPECIES,PRESERVED_SPECIMEN,1982-06-28,1982,-69.45,19.07,NA,d415c253-4d61-4459-9d25-4015b9084fb0,NY,NY,30,02,SABANA DE LA MAR,093002,874cf3734ffffff
ead770b4-9466-4e20-bca3-d67d39cc37d7,1931087057,Chiococca alba,Chiococca alba (L.) Hitchc.,Rubiaceae,Chiococca,SPECIES,PRESERVED_SPECIMEN,1996-09-23,1996,-69.4514,19.0556,NA,d415c253-4d61-4459-9d25-4015b9084fb0,NY,NY,30,02,SABANA DE LA MAR,093002,874cf3730ffffff
ec248eee-c886-4efe-aaaa-2df563e6ad13,1931106276,Tillandsia setacea,Tillandsia setacea Sw.,Bromeliaceae,Tillandsia,SPECIES,PRESERVED_SPECIMEN,1981-01-14,1981,-69.38,19.03,NA,d415c253-4d61-4459-9d25-4015b9084fb0,NY,NY,30,02,SABANA DE LA MAR,093002,874cf372effffff
ec43ca36-d6b5-43c9-8b4c-b35ea6d027e5,1931107340,Marcgravia rectiflora,Marcgravia rectiflora Triana & Planch.,Marcgraviaceae,Marcgravia,SPECIES,PRESERVED_SPECIMEN,1990-06-28,1990,-69.15,18.92,NA,d415c253-4d61-4459-9d25-4015b9084fb0,NY,NY,30,02,SABANA DE LA MAR,093002,874cf338affffff
ec740783-c9d7-4214-8d8b-19f041880845,1931110210,Taxithelium planum,Taxithelium planum (Brid.) Mitt.,Pylaisiadelphaceae,Taxithelium,SPECIES,PRESERVED_SPECIMEN,1981-03-28,1981,-69.2,19,NA,d415c253-4d61-4459-9d25-4015b9084fb0,NY,NY,30,02,SABANA DE LA MAR,093002,874cf33b3ffffff
ec78f4d8-e16e-4bd8-8125-68a03d2cf76f,1931110344,Ichnanthus pallens,Ichnanthus pallens (Sw.) Munro ex Benth.,Poaceae,Ichnanthus,SPECIES,PRESERVED_SPECIMEN,1991-01-23,1991,-69.13,18.92,NA,d415c253-4d61-4459-9d25-4015b9084fb0,NY,NY,30,02,SABANA DE LA MAR,093002,874cf3388ffffff
ec965775-3a24-4b18-bb6d-ebd1aa44cc7a,1931112088,Cissus verticillata,Cissus verticillata subsp. oblongolanceolata (Urb.) Lombardi,Vitaceae,Cissus,SUBSPECIES,PRESERVED_SPECIMEN,1985-08-08,1985,-69.5,19,NA,d415c253-4d61-4459-9d25-4015b9084fb0,NY,NY,30,02,SABANA DE LA MAR,093002,874cf37a1ffffff
ed2e9d95-e4d1-43d4-a0ba-a7059404141c,1931119463,Casearia bicolor,Laetia procera (Poepp.) Eichler,Salicaceae,Casearia,SPECIES,PRESERVED_SPECIMEN,1985-04-23,1985,-69.58,19.08,NA,d415c253-4d61-4459-9d25-4015b9084fb0,NY,NY,30,02,SABANA DE LA MAR,093002,874cf3453ffffff
ee112468-a7f0-45c2-b85e-e585b7b3aa9b,1931135478,Campyloneurum phyllitidis,Campyloneurum phyllitidis (L.) C.Presl,Polypodiaceae,Campyloneurum,SPECIES,PRESERVED_SPECIMEN,1982-06-30,1982,-69.5,19.08,NA,d415c253-4d61-4459-9d25-4015b9084fb0,NY,NY,30,02,SABANA DE LA MAR,093002,874cf344cffffff
f00d8209-9a17-416a-906a-948031007b26,1931159479,Piper jacquemontianum,Piper jacquemontianum (Kunth) Kunth ex Steud.,Piperaceae,Piper,SPECIES,PRESERVED_SPECIMEN,1982-07-01,1982,-69.47,18.97,NA,d415c253-4d61-4459-9d25-4015b9084fb0,NY,NY,30,02,SABANA DE LA MAR,093002,874cf37adffffff
f01a40ba-1c19-4869-a5fd-27a2e4eb7874,1931160258,Fissidens elegans,Fissidens elegans Brid.,Fissidentaceae,Fissidens,SPECIES,PRESERVED_SPECIMEN,1981-03-28,1981,-69.2,19,NA,d415c253-4d61-4459-9d25-4015b9084fb0,NY,NY,30,02,SABANA DE LA MAR,093002,874cf33b3ffffff
f068c61b-aae3-4e2a-8db0-e62175d7f31d,1931165796,Goniopteris pennata,Thelypteris pennata (Poir.) C.V.Morton,Thelypteridaceae,Goniopteris,SPECIES,PRESERVED_SPECIMEN,1982-07-01,1982,-69.47,18.97,NA,d415c253-4d61-4459-9d25-4015b9084fb0,NY,NY,30,02,SABANA DE LA MAR,093002,874cf37adffffff
f149f06a-4319-4628-b867-791245563f10,1931180543,Ampelocissus robinsonii,Ampelocissus robinsonii Planch.,Vitaceae,Ampelocissus,SPECIES,PRESERVED_SPECIMEN,1985-08-06,1985,-69.5,19,NA,d415c253-4d61-4459-9d25-4015b9084fb0,NY,NY,30,02,SABANA DE LA MAR,093002,874cf37a1ffffff
f168bcd7-6b17-4e6c-9224-fb18e4e4ca88,1931181591,Fissidens elegans,Fissidens elegans Brid.,Fissidentaceae,Fissidens,SPECIES,PRESERVED_SPECIMEN,1981-03-28,1981,-69.2,19,NA,d415c253-4d61-4459-9d25-4015b9084fb0,NY,NY,30,02,SABANA DE LA MAR,093002,874cf33b3ffffff
f1e0ca5c-6209-468d-8cbe-410b89800120,1931188385,Tectaria heracleifolia,Tectaria heracleifolia (Willd.) Underw.,Tectariaceae,Tectaria,SPECIES,PRESERVED_SPECIMEN,1982-06-30,1982,-69.5,19.08,NA,d415c253-4d61-4459-9d25-4015b9084fb0,NY,NY,30,02,SABANA DE LA MAR,093002,874cf344cffffff
f3022ac8-0340-4a75-9486-0ec5f1eeb692,1931202477,Henriettea fascicularis,Henriettea fascicularis (Sw.) M.Gómez,Melastomataceae,Henriettea,SPECIES,PRESERVED_SPECIMEN,1991-05-11,1991,-69.15,18.92,NA,d415c253-4d61-4459-9d25-4015b9084fb0,NY,NY,30,02,SABANA DE LA MAR,093002,874cf338affffff
f30b7db5-6ff8-469e-b8fc-bcdb462f0f62,1931202974,Callicosta evanescens,Pilotrichum evanescens (Müll. Hal.) Crosby,Callicostaceae,Callicosta,SPECIES,PRESERVED_SPECIMEN,1981-03-28,1981,-69.2,19,NA,d415c253-4d61-4459-9d25-4015b9084fb0,NY,NY,30,02,SABANA DE LA MAR,093002,874cf33b3ffffff
f3272785-e631-4f4d-9e87-7dc417dcb48f,1989511278,Malpighia coccigera,Malpighia coccigera L.,Malpighiaceae,Malpighia,SPECIES,PRESERVED_SPECIMEN,1982-06-30,1982,-69.5,19.083333,NA,c8d12f8a-7e39-4e2c-92d7-825d590ad15b,MICH,Angiosperms,30,02,SABANA DE LA MAR,093002,874cf346affffff
f32b353e-3ed0-4fe9-85b2-68a0891c7d02,1931204762,Anthurium gracile,Anthurium gracile (Rudge) Lindl.,Araceae,Anthurium,SPECIES,PRESERVED_SPECIMEN,1982-06-28,1982,-69.4,19.07,NA,d415c253-4d61-4459-9d25-4015b9084fb0,NY,NY,30,02,SABANA DE LA MAR,093002,874cf3726ffffff
f37135c0-7956-4aba-9079-b04d73087e77,1931208917,Abrodictyum rigidum,Trichomanes rigidum Sw.,Hymenophyllaceae,Abrodictyum,SPECIES,PRESERVED_SPECIMEN,1982-09-15,1982,-69.13,18.92,NA,d415c253-4d61-4459-9d25-4015b9084fb0,NY,NY,30,02,SABANA DE LA MAR,093002,874cf3388ffffff
f3ab6410-35a0-424c-9e42-2771bd5061e7,1931211443,Tillandsia juncea,Tillandsia juncea (Ruiz & Pav.) Poir.,Bromeliaceae,Tillandsia,SPECIES,PRESERVED_SPECIMEN,1981-01-14,1981,-69.38,19.03,NA,d415c253-4d61-4459-9d25-4015b9084fb0,NY,NY,30,02,SABANA DE LA MAR,093002,874cf372effffff
f3c88232-6cb2-497c-bad4-ebbdf5af0a3f,1931214815,Lonchocarpus heptaphyllus,Lonchocarpus heptaphyllus (Poir.) DC.,Fabaceae,Lonchocarpus,SPECIES,PRESERVED_SPECIMEN,1982-06-30,1982,-69.5,19.08,NA,d415c253-4d61-4459-9d25-4015b9084fb0,NY,NY,30,02,SABANA DE LA MAR,093002,874cf344cffffff
f4b22d5d-8de1-4af9-aa5b-7aacb9388899,1931227574,Mucuna urens,Mucuna urens (L.) Medik.,Fabaceae,Mucuna,SPECIES,PRESERVED_SPECIMEN,1986-02-20,1986,-69.5,19,NA,d415c253-4d61-4459-9d25-4015b9084fb0,NY,NY,30,02,SABANA DE LA MAR,093002,874cf37a1ffffff
f4e8f9ac-2062-4ab9-808d-533058f1217d,1931228487,Epidendrum wrightii,Epidendrum wrightii Lindl.,Orchidaceae,Epidendrum,SPECIES,PRESERVED_SPECIMEN,1981-01-14,1981,-69.38,19.03,NA,d415c253-4d61-4459-9d25-4015b9084fb0,NY,NY,30,02,SABANA DE LA MAR,093002,874cf372effffff
f53d3a20-60ca-4d54-9942-d6e09eb545cc,1931233737,Tectaria cicutaria,Tectaria cicutaria (L.) Copel.,Tectariaceae,Tectaria,SPECIES,PRESERVED_SPECIMEN,1985-08-08,1985,-69.5,19,NA,d415c253-4d61-4459-9d25-4015b9084fb0,NY,NY,30,02,SABANA DE LA MAR,093002,874cf37a1ffffff
f545a725-ec33-49aa-97fd-a15ca4ee7c18,1931234133,Tillandsia festucoides,Tillandsia festucoides Brongn. ex Mez,Bromeliaceae,Tillandsia,SPECIES,PRESERVED_SPECIMEN,1986-02-20,1986,-69.5,19,NA,d415c253-4d61-4459-9d25-4015b9084fb0,NY,NY,30,02,SABANA DE LA MAR,093002,874cf37a1ffffff
f55899f9-c091-4989-be60-c25b14493a60,1931235535,Palicourea berteroana,Psychotria berteriana DC.,Rubiaceae,Palicourea,SPECIES,PRESERVED_SPECIMEN,1991-05-11,1991,-69.15,18.92,NA,d415c253-4d61-4459-9d25-4015b9084fb0,NY,NY,30,02,SABANA DE LA MAR,093002,874cf338affffff
f5af8472-1222-4dff-a6e4-bf02571ac0db,1931240119,Dioscorea polygonoides,Dioscorea polygonoides Humb. & Bonpl. ex Willd.,Dioscoreaceae,Dioscorea,SPECIES,PRESERVED_SPECIMEN,1982-07-01,1982,-69.47,18.97,NA,d415c253-4d61-4459-9d25-4015b9084fb0,NY,NY,30,02,SABANA DE LA MAR,093002,874cf37adffffff
f72cbebd-a5f8-47ed-b992-34273b1bb156,1931261846,Ardisia obovata,Ardisia obovata Desv.,Primulaceae,Ardisia,SPECIES,PRESERVED_SPECIMEN,1985-08-06,1985,-69.5,19,NA,d415c253-4d61-4459-9d25-4015b9084fb0,NY,NY,30,02,SABANA DE LA MAR,093002,874cf37a1ffffff
f79193ca-4f71-4c72-8bdd-31a547d00cc8,1931266242,Carapa guianensis,Carapa guianensis Aubl.,Meliaceae,Carapa,SPECIES,PRESERVED_SPECIMEN,1982-07-01,1982,-69.47,18.97,NA,d415c253-4d61-4459-9d25-4015b9084fb0,NY,NY,30,02,SABANA DE LA MAR,093002,874cf37adffffff
f796cefa-140a-442f-90a3-d25d841518df,1931266729,Salmea scandens,Salmea scandens (L.) DC.,Asteraceae,Salmea,SPECIES,PRESERVED_SPECIMEN,1986-02-20,1986,-69.5,19,NA,d415c253-4d61-4459-9d25-4015b9084fb0,NY,NY,30,02,SABANA DE LA MAR,093002,874cf37a1ffffff
f7c68208-ddfa-46cd-a97d-0fe6c7e4ac02,1931270109,Hillia tetrandra,Hillia tetrandra Sw.,Rubiaceae,Hillia,SPECIES,PRESERVED_SPECIMEN,1986-02-19,1986,-69.5,19,NA,d415c253-4d61-4459-9d25-4015b9084fb0,NY,NY,30,02,SABANA DE LA MAR,093002,874cf37a1ffffff
f995c773-4e96-439d-9c15-7f893a090de3,1931296911,Costus scaber,Costus scaber Ruiz & Pav.,Costaceae,Costus,SPECIES,PRESERVED_SPECIMEN,1985-04-23,1985,-69.58,19.08,NA,d415c253-4d61-4459-9d25-4015b9084fb0,NY,NY,30,02,SABANA DE LA MAR,093002,874cf3453ffffff
f9965f33-fa68-4358-a0f4-9ca2768f7150,1931294688,Vandellia diffusa,Lindernia diffusa (L.) Wettst.,Linderniaceae,Vandellia,SPECIES,PRESERVED_SPECIMEN,1986-02-21,1986,-69.5,19,NA,d415c253-4d61-4459-9d25-4015b9084fb0,NY,NY,30,02,SABANA DE LA MAR,093002,874cf37a1ffffff
f9fd939d-fbbe-4584-b734-0bf83f1bb960,1931300649,Lycianthes virgata,Lycianthes virgata (Lam.) Bitter,Solanaceae,Lycianthes,SPECIES,PRESERVED_SPECIMEN,1985-08-07,1985,-69.5,19,NA,d415c253-4d61-4459-9d25-4015b9084fb0,NY,NY,30,02,SABANA DE LA MAR,093002,874cf37a1ffffff
fabde005-ddb7-46ba-be70-02bd62ce16f2,1931310850,Geophila repens,Geophila repens (L.) I.M.Johnst.,Rubiaceae,Geophila,SPECIES,PRESERVED_SPECIMEN,1985-08-06,1985,-69.5,19,NA,d415c253-4d61-4459-9d25-4015b9084fb0,NY,NY,30,02,SABANA DE LA MAR,093002,874cf37a1ffffff
fb0890a2-7f25-482a-af86-3d82ec441249,1931315166,Nidema ottonis,Nidema ottonis (Rchb.f.) Britton & Millsp.,Orchidaceae,Nidema,SPECIES,PRESERVED_SPECIMEN,1981-01-14,1981,-69.38,19.03,NA,d415c253-4d61-4459-9d25-4015b9084fb0,NY,NY,30,02,SABANA DE LA MAR,093002,874cf372effffff
fb4c88b9-79a0-4e17-9f7f-15905661a331,1931318856,Bolbitis aliena,Bolbitis aliena (Sw.) Alston,Dryopteridaceae,Bolbitis,SPECIES,PRESERVED_SPECIMEN,1982-09-15,1982,-69.13,18.92,NA,d415c253-4d61-4459-9d25-4015b9084fb0,NY,NY,30,02,SABANA DE LA MAR,093002,874cf3388ffffff
fcaffbef-bd9c-4262-b80d-08dccdc1b6ef,1931338029,Diplazium plantaginifolium,Diplazium plantaginifolium (L.) Urb.,Athyriaceae,Diplazium,SPECIES,PRESERVED_SPECIMEN,1991-01-23,1991,-69.13,18.92,NA,d415c253-4d61-4459-9d25-4015b9084fb0,NY,NY,30,02,SABANA DE LA MAR,093002,874cf3388ffffff
fcc414b3-750c-44b7-9b80-228ee1df921d,2270686012,Myrcia chytraculia,Calyptranthes zuzygium (L.) Sw.,Myrtaceae,Myrcia,SPECIES,PRESERVED_SPECIMEN,1982-06-30,1982,-69.5,19.0833,NA,e05fd4c2-4d77-4c50-880e-1b22096af300,ASU,Plants,30,02,SABANA DE LA MAR,093002,874cf346affffff
fcc638d9-987f-4a38-a7ea-a58389524cbb,1931339525,Wrangelia bicuspidata,Wrangelia bicuspidata Børgesen,Wrangeliaceae,Wrangelia,SPECIES,PRESERVED_SPECIMEN,1977-07-11,1977,-69.381955,19.062022,655.57,d415c253-4d61-4459-9d25-4015b9084fb0,NY,NY,30,02,SABANA DE LA MAR,093002,874cf3725ffffff
fced033a-84ab-40a7-87e7-2c7ee32a28f9,2028417255,Gracilaria cervicornis,Gracilaria cervicornis (Turner) J. Agardh,Gracilariaceae,Gracilaria,SPECIES,PRESERVED_SPECIMEN,1977-07-11,1977,-69.388433,19.059336,3000,31b346f9-1a91-4688-af40-5a50a261c572,DUKE,,30,02,SABANA DE LA MAR,093002,874cf3720ffffff
fd10caec-6bb6-40ed-b9f2-613242edd38d,1931343509,Notopleura guadalupensis,Notopleura guadalupensis (DC.) C.M.Taylor,Rubiaceae,Notopleura,SPECIES,PRESERVED_SPECIMEN,1985-08-06,1985,-69.5,19,NA,d415c253-4d61-4459-9d25-4015b9084fb0,NY,NY,30,02,SABANA DE LA MAR,093002,874cf37a1ffffff
fd5e39de-6e69-465f-b5f1-cb11eb7e1c22,1931349457,Costus spicatus,Costus spicatus (Jacq.) Sw.,Costaceae,Costus,SPECIES,PRESERVED_SPECIMEN,1981-01-14,1981,-69.275,19.02,NA,d415c253-4d61-4459-9d25-4015b9084fb0,NY,NY,30,02,SABANA DE LA MAR,093002,874cf30ddffffff
fd65fcdb-6866-42c0-be28-1bba6115f7a7,1931348720,Lucuma domingensis,Pouteria dominigensis subsp. cuprea (Urb. & Ekman) T.D.Penn.,Sapotaceae,Lucuma,SUBSPECIES,PRESERVED_SPECIMEN,1985-04-24,1985,-69.57,19.08,NA,d415c253-4d61-4459-9d25-4015b9084fb0,NY,NY,30,02,SABANA DE LA MAR,093002,874cf3451ffffff
fdca1734-7371-4093-964f-8da59c360dbe,1931353381,Microgramma lycopodioides,Microgramma lycopodioides (L.) Copel.,Polypodiaceae,Microgramma,SPECIES,PRESERVED_SPECIMEN,1990-06-28,1990,-69.15,18.92,NA,d415c253-4d61-4459-9d25-4015b9084fb0,NY,NY,30,02,SABANA DE LA MAR,093002,874cf338affffff
fdfa450c-3928-43a7-904e-34985f5dd9df,1931356346,Erythroxylum urbanii,Erythroxylum urbanii O.E.Schulz,Erythroxylaceae,Erythroxylum,SPECIES,PRESERVED_SPECIMEN,1996-09-23,1996,-69.4514,19.0556,NA,d415c253-4d61-4459-9d25-4015b9084fb0,NY,NY,30,02,SABANA DE LA MAR,093002,874cf3730ffffff
fe7c51ef-1f72-462f-b24b-c0235afbc8c0,1931363388,Alsophila jimeneziana,Alsophila jimeneziana D.S.Conant,Cyatheaceae,Alsophila,SPECIES,PRESERVED_SPECIMEN,1982-09-15,1982,-69.13,18.92,NA,d415c253-4d61-4459-9d25-4015b9084fb0,NY,NY,30,02,SABANA DE LA MAR,093002,874cf3388ffffff
fecce3cb-cd0a-4a3f-bf17-e56d6960951c,1931368429,Oleandra articulata,Oleandra articulata (Sw.) C.Presl,Oleandraceae,Oleandra,SPECIES,PRESERVED_SPECIMEN,1982-09-15,1982,-69.13,18.92,NA,d415c253-4d61-4459-9d25-4015b9084fb0,NY,NY,30,02,SABANA DE LA MAR,093002,874cf3388ffffff
ff670cb8-9979-4682-b16c-c072875bbe48,1931376150,Manilkara bidentata,Manilkara bidentata (A.DC.) Chev.,Sapotaceae,Manilkara,SPECIES,PRESERVED_SPECIMEN,1986-02-20,1986,-69.5,19,NA,d415c253-4d61-4459-9d25-4015b9084fb0,NY,NY,30,02,SABANA DE LA MAR,093002,874cf37a1ffffff
ff8d59bb-d7dd-4399-af08-097d80336fe2,1931378459,Epidendrum rigidum,Epidendrum rigidum Jacq.,Orchidaceae,Epidendrum,SPECIES,PRESERVED_SPECIMEN,1980-08-20,1980,-69.38,19.02,NA,d415c253-4d61-4459-9d25-4015b9084fb0,NY,NY,30,02,SABANA DE LA MAR,093002,874cf372effffff
ffbaa757-a206-42dc-baca-b158e5c2c8bf,1931384777,Peperomia rotundifolia,Peperomia rotundifolia (L.) Kunth,Piperaceae,Peperomia,SPECIES,PRESERVED_SPECIMEN,1992-07-07,1992,-69.48,19.07,NA,d415c253-4d61-4459-9d25-4015b9084fb0,NY,NY,30,02,SABANA DE LA MAR,093002,874cf346bffffff
ffe9586c-6523-48b4-8dd9-90da494332f8,1931381741,Gouania polygama,Gouania polygama (Jacq.) Urb.,Rhamnaceae,Gouania,SPECIES,PRESERVED_SPECIMEN,1981-01-14,1981,-69.275,19.02,NA,d415c253-4d61-4459-9d25-4015b9084fb0,NY,NY,30,02,SABANA DE LA MAR,093002,874cf30ddffffff
http://coldb.mnhn.fr/catalognumber/mnhn/p/p00956661,1455715904,Miconia cordilamina,Miconia cordilamina Judd & Bécquer,Melastomataceae,Miconia,SPECIES,PRESERVED_SPECIMEN,1996-09-23,1996,-69.45139,19.05556,NA,b5cdf794-8fa4-4a85-8b26-755d087bf531,MNHN,P,30,02,SABANA DE LA MAR,093002,874cf3730ffffff
http://coldb.mnhn.fr/catalognumber/mnhn/p/p02027569,439209494,Annona glabra,Annona glabra L.,Annonaceae,Annona,SPECIES,PRESERVED_SPECIMEN,1947-05-01,1947,-69.43236,19.06418,NA,b5cdf794-8fa4-4a85-8b26-755d087bf531,MNHN,P,30,02,SABANA DE LA MAR,093002,874cf3735ffffff
http://coldb.mnhn.fr/catalognumber/mnhn/p/p04804274,730801581,Garciadelia leprosa,Garciadelia leprosa (Willd.) Jestrow & Jiménez Rodr.,Euphorbiaceae,Garciadelia,SPECIES,PRESERVED_SPECIMEN,1969-03-19,1969,-69.60369,18.99413,NA,b5cdf794-8fa4-4a85-8b26-755d087bf531,MNHN,P,30,02,SABANA DE LA MAR,093002,874cf3794ffffff
http://n2t.net/ark:/65665/300bd7bbd-7413-4dd6-9470-416b2f9a808d,1317219198,Nephrolepis brownii,Nephrolepis multiflora (Roxb. ex Griff.) F.M.Jarrett ex C.V.Morton,Nephrolepidaceae,Nephrolepis,SPECIES,PRESERVED_SPECIMEN,1985-08-08,1985,-69.5,19,NA,821cc27a-e3bb-4bc5-ac34-89ada245069d,US,US,30,02,SABANA DE LA MAR,093002,874cf37a1ffffff
http://n2t.net/ark:/65665/30317051f-6123-43f2-acf0-98daaf53b87c,1317272155,Guapira reticulata,Guapira reticulata Alain,Nyctaginaceae,Guapira,SPECIES,PRESERVED_SPECIMEN,1992-07-08,1992,-69.47,19.07,NA,821cc27a-e3bb-4bc5-ac34-89ada245069d,US,US,30,02,SABANA DE LA MAR,093002,874cf3736ffffff
http://n2t.net/ark:/65665/3052ec1a6-1282-462f-960b-a3c132e45d98,1317319641,Zanthoxylum caribaeum,Zanthoxylum caribaeum Lam.,Rutaceae,Zanthoxylum,SPECIES,PRESERVED_SPECIMEN,1985-04-26,1985,-69.5,19.08,NA,821cc27a-e3bb-4bc5-ac34-89ada245069d,US,US,30,02,SABANA DE LA MAR,093002,874cf344cffffff
http://n2t.net/ark:/65665/306f9617c-be42-4149-af1d-0afdce6dbbf6,1317360309,Calophyllum antillanum,Calophyllum antillanum Britton,Calophyllaceae,Calophyllum,SPECIES,PRESERVED_SPECIMEN,1996-09-23,1996,-69.4514,19.0556,NA,821cc27a-e3bb-4bc5-ac34-89ada245069d,US,US,30,02,SABANA DE LA MAR,093002,874cf3730ffffff
http://n2t.net/ark:/65665/30876e1e3-d4c5-4074-b717-f854bf6a339a,1317393927,Manilkara jaimiqui,Manilkara jaimiqui (C.Wright ex Griseb.) Dubard,Sapotaceae,Manilkara,SPECIES,PRESERVED_SPECIMEN,1996-09-23,1996,-69.4514,19.0556,NA,821cc27a-e3bb-4bc5-ac34-89ada245069d,US,US,30,02,SABANA DE LA MAR,093002,874cf3730ffffff
http://n2t.net/ark:/65665/309355d87-4402-44f2-a122-82e14efe040b,1317410581,Tectaria incisa,Tectaria incisa Cav.,Tectariaceae,Tectaria,SPECIES,PRESERVED_SPECIMEN,1992-07-07,1992,-69.48,19.07,NA,821cc27a-e3bb-4bc5-ac34-89ada245069d,US,US,30,02,SABANA DE LA MAR,093002,874cf346bffffff
http://n2t.net/ark:/65665/30d3f415c-119a-45df-8a10-b952683401ac,1317501529,Palicourea pubescens,Psychotria pubescens Sw.,Rubiaceae,Palicourea,SPECIES,PRESERVED_SPECIMEN,1996-09-23,1996,-69.4514,19.0556,NA,821cc27a-e3bb-4bc5-ac34-89ada245069d,US,US,30,02,SABANA DE LA MAR,093002,874cf3730ffffff
http://n2t.net/ark:/65665/30f301535-b0ff-4bb7-bf05-8e7e39591efa,1317545339,Chiococca alba,Chiococca alba (L.) Hitchc.,Rubiaceae,Chiococca,SPECIES,PRESERVED_SPECIMEN,1996-09-23,1996,-69.4514,19.0556,NA,821cc27a-e3bb-4bc5-ac34-89ada245069d,US,US,30,02,SABANA DE LA MAR,093002,874cf3730ffffff
http://n2t.net/ark:/65665/30fafdb0c-71bd-4118-8ef9-316cf9e28c31,1317556701,Coccothrinax Sarg.,Coccothrinax Sarg.,Arecaceae,Coccothrinax,GENUS,PRESERVED_SPECIMEN,1985-08-06,1985,-69.5333,18.9667,NA,821cc27a-e3bb-4bc5-ac34-89ada245069d,US,US,30,02,SABANA DE LA MAR,093002,874cf3781ffffff
http://n2t.net/ark:/65665/314410ddf-4a8a-4954-a4d2-5ffd2e685bec,1317660507,Asplenium abscissum,Asplenium abscissum Willd.,Aspleniaceae,Asplenium,SPECIES,PRESERVED_SPECIMEN,1985-04-23,1985,-69.58,19.08,NA,821cc27a-e3bb-4bc5-ac34-89ada245069d,US,US,30,02,SABANA DE LA MAR,093002,874cf3453ffffff
http://n2t.net/ark:/65665/3149a6d8d-0596-474e-8883-e4e909c2f2d3,1317668235,Echites umbellatus,Echites umbellatus Jacq.,Apocynaceae,Echites,SPECIES,PRESERVED_SPECIMEN,1996-09-23,1996,-69.4514,19.0556,NA,821cc27a-e3bb-4bc5-ac34-89ada245069d,US,US,30,02,SABANA DE LA MAR,093002,874cf3730ffffff
http://n2t.net/ark:/65665/3181f1589-dc8e-40cc-aee7-3b8df3905dd0,1317748079,Ternstroemia peduncularis,Ternstroemia peduncularis DC.,Pentaphylacaceae,Ternstroemia,SPECIES,PRESERVED_SPECIMEN,1996-09-23,1996,-69.4514,19.0556,NA,821cc27a-e3bb-4bc5-ac34-89ada245069d,US,US,30,02,SABANA DE LA MAR,093002,874cf3730ffffff
http://n2t.net/ark:/65665/31a02ca7b-cc11-4ef8-b720-92b2955ee594,1317790820,Plumeria obtusa,Plumeria obtusa L.,Apocynaceae,Plumeria,SPECIES,PRESERVED_SPECIMEN,1996-09-23,1996,-69.4514,19.0556,NA,821cc27a-e3bb-4bc5-ac34-89ada245069d,US,US,30,02,SABANA DE LA MAR,093002,874cf3730ffffff
http://n2t.net/ark:/65665/31a918992-bce4-4a1a-8a13-697f777f8175,1317803518,Odontonema cuspidatum,Odontonema cuspidatum (Nees) Kuntze,Acanthaceae,Odontonema,SPECIES,PRESERVED_SPECIMEN,1982-06-28,1982,-69.4,19.07,NA,821cc27a-e3bb-4bc5-ac34-89ada245069d,US,US,30,02,SABANA DE LA MAR,093002,874cf3726ffffff
http://n2t.net/ark:/65665/31cca37a1-531d-4d4e-abe7-f11f7897f81e,1317853402,Psychotria L.,Psychotria L.,Rubiaceae,Psychotria,GENUS,PRESERVED_SPECIMEN,1996-09-23,1996,-69.4514,19.0556,NA,821cc27a-e3bb-4bc5-ac34-89ada245069d,US,US,30,02,SABANA DE LA MAR,093002,874cf3730ffffff
http://n2t.net/ark:/65665/32043f5c3-52d1-4fff-bdd0-de44237addaf,1317932186,Rhodopis planisiliqua,Rhodopis planisiliqua (L.) Urb.,Fabaceae,Rhodopis,SPECIES,PRESERVED_SPECIMEN,1996-09-23,1996,-69.4514,19.0556,NA,821cc27a-e3bb-4bc5-ac34-89ada245069d,US,US,30,02,SABANA DE LA MAR,093002,874cf3730ffffff
http://n2t.net/ark:/65665/322ddbe7e-dfc7-403f-9a34-26d09ee40227,1317990933,Campyloneurum phyllitidis,Campyloneurum phyllitidis (L.) C.Presl,Polypodiaceae,Campyloneurum,SPECIES,PRESERVED_SPECIMEN,1980-08-20,1980,-69.38,19.02,NA,821cc27a-e3bb-4bc5-ac34-89ada245069d,US,US,30,02,SABANA DE LA MAR,093002,874cf372effffff
http://n2t.net/ark:/65665/325bd996c-7744-4434-a432-06d6399aead8,1318056176,Asplenium abscissum,Asplenium abscissum Willd.,Aspleniaceae,Asplenium,SPECIES,PRESERVED_SPECIMEN,1992-07-07,1992,-69.48,19.07,NA,821cc27a-e3bb-4bc5-ac34-89ada245069d,US,US,30,02,SABANA DE LA MAR,093002,874cf346bffffff
http://n2t.net/ark:/65665/325c0f6d0-ec21-4085-837d-a1d1653f63a8,1318056418,Asplenium dentatum,Asplenium dentatum L.,Aspleniaceae,Asplenium,SPECIES,PRESERVED_SPECIMEN,1985-04-25,1985,-69.57,19.08,NA,821cc27a-e3bb-4bc5-ac34-89ada245069d,US,US,30,02,SABANA DE LA MAR,093002,874cf3451ffffff
http://n2t.net/ark:/65665/3264b5687-0108-4008-a89d-f0ade7387cde,1318068641,Werauhia ringens,Werauhia ringens (Griseb.) J.R.Grant,Bromeliaceae,Werauhia,SPECIES,PRESERVED_SPECIMEN,1982-09-15,1982,-69.13,18.92,NA,821cc27a-e3bb-4bc5-ac34-89ada245069d,US,US,30,02,SABANA DE LA MAR,093002,874cf3388ffffff
http://n2t.net/ark:/65665/32ac7de31-03e8-4e5f-b529-71a6e0cc39cf,1318170089,Adiantum latifolium,Adiantum latifolium Lam.,Pteridaceae,Adiantum,SPECIES,PRESERVED_SPECIMEN,1980-08-20,1980,-69.38,19.02,NA,821cc27a-e3bb-4bc5-ac34-89ada245069d,US,US,30,02,SABANA DE LA MAR,093002,874cf372effffff
http://n2t.net/ark:/65665/332a476b6-2122-4e26-86d1-23ff2447f253,1318347323,Campyloneurum phyllitidis,Campyloneurum phyllitidis (L.) C.Presl,Polypodiaceae,Campyloneurum,SPECIES,PRESERVED_SPECIMEN,1992-07-07,1992,-69.48,19.07,NA,821cc27a-e3bb-4bc5-ac34-89ada245069d,US,US,30,02,SABANA DE LA MAR,093002,874cf346bffffff
http://n2t.net/ark:/65665/3330220f7-965e-49de-a37b-693686489ec2,1318355603,Saccoloma domingense,Saccoloma domingense (Spreng.) C.Chr.,Saccolomataceae,Saccoloma,SPECIES,PRESERVED_SPECIMEN,1990-06-27,1990,-69.15,18.92,NA,821cc27a-e3bb-4bc5-ac34-89ada245069d,US,US,30,02,SABANA DE LA MAR,093002,874cf338affffff
http://n2t.net/ark:/65665/336d7cd34-48b3-4c33-9b3f-5174cf33d348,1318442424,Tillandsia festucoides,Tillandsia festucoides Brongn. ex Mez,Bromeliaceae,Tillandsia,SPECIES,PRESERVED_SPECIMEN,1986-02-20,1986,-69.5,19,NA,821cc27a-e3bb-4bc5-ac34-89ada245069d,US,US,30,02,SABANA DE LA MAR,093002,874cf37a1ffffff
http://n2t.net/ark:/65665/3378276c7-fd85-45b2-91fe-a2101c7ab501,1318457505,Myrcia chytraculia,Myrcia zuzygium (L.) A.R.Lourenço & E.Lucas,Myrtaceae,Myrcia,SPECIES,PRESERVED_SPECIMEN,1996-09-23,1996,-69.4514,19.0556,NA,821cc27a-e3bb-4bc5-ac34-89ada245069d,US,US,30,02,SABANA DE LA MAR,093002,874cf3730ffffff
http://n2t.net/ark:/65665/33a6bb93a-6e56-4c0e-a7fa-ad2065ef309c,1318523317,Danaea nodosa,Danaea nodosa (L.) Sm.,Marattiaceae,Danaea,SPECIES,PRESERVED_SPECIMEN,1985-08-06,1985,-69.5,19,NA,821cc27a-e3bb-4bc5-ac34-89ada245069d,US,US,30,02,SABANA DE LA MAR,093002,874cf37a1ffffff
http://n2t.net/ark:/65665/33af7507a-1bc4-4245-a04e-9f378034ec46,2625891476,Pitcairnia fuertesii,Pitcairnia fuertesii Mez,Bromeliaceae,Pitcairnia,SPECIES,PRESERVED_SPECIMEN,,NA,-69.33,19,NA,821cc27a-e3bb-4bc5-ac34-89ada245069d,US,US,30,02,SABANA DE LA MAR,093002,874cf3729ffffff
http://n2t.net/ark:/65665/33d4a64f8-72a2-4e4d-bbf7-14d1bcb83c38,3357303390,Begonia brachypoda,Begonia brachypoda O.E.Schulz,Begoniaceae,Begonia,SPECIES,PRESERVED_SPECIMEN,1985-08-08,1985,-69.5,19,NA,821cc27a-e3bb-4bc5-ac34-89ada245069d,US,US,30,02,SABANA DE LA MAR,093002,874cf37a1ffffff
http://n2t.net/ark:/65665/344339caa-3899-43a3-84f2-2ff8a891dddf,1318744692,Miconia cordilamina,Miconia cordilamina Judd & Bécquer,Melastomataceae,Miconia,SPECIES,PRESERVED_SPECIMEN,1996-09-23,1996,-69.4514,19.0556,NA,821cc27a-e3bb-4bc5-ac34-89ada245069d,US,US,30,02,SABANA DE LA MAR,093002,874cf3730ffffff
http://n2t.net/ark:/65665/345e6803b-28c6-4b29-a4fc-ab005dc7e3e5,1318783712,Pleopeltis polypodioides,Pleopeltis polypodioides (L.) E.G.Andrews & Windham,Polypodiaceae,Pleopeltis,SPECIES,PRESERVED_SPECIMEN,1980-08-20,1980,-69.32,19.03,NA,821cc27a-e3bb-4bc5-ac34-89ada245069d,US,US,30,02,SABANA DE LA MAR,093002,874cf30deffffff
http://n2t.net/ark:/65665/34abf87dc-2c89-434a-a063-349e41069150,1318892801,Eugenia foetida,Eugenia foetida Pers.,Myrtaceae,Eugenia,SPECIES,PRESERVED_SPECIMEN,1996-09-23,1996,-69.4514,19.0556,NA,821cc27a-e3bb-4bc5-ac34-89ada245069d,US,US,30,02,SABANA DE LA MAR,093002,874cf3730ffffff
http://n2t.net/ark:/65665/34ba6792b-ac80-4ad3-bb7b-ea8d51d5f187,1318913230,Coccoloba incrassata,Coccoloba incrassata Urb.,Polygonaceae,Coccoloba,SPECIES,PRESERVED_SPECIMEN,1996-09-23,1996,-69.4514,19.0556,NA,821cc27a-e3bb-4bc5-ac34-89ada245069d,US,US,30,02,SABANA DE LA MAR,093002,874cf3730ffffff
http://n2t.net/ark:/65665/34bd390f9-b640-49d9-b037-b35b196554e3,1318916923,Tectaria incisa,Tectaria incisa Cav.,Tectariaceae,Tectaria,SPECIES,PRESERVED_SPECIMEN,1992-07-07,1992,-69.48,19.07,NA,821cc27a-e3bb-4bc5-ac34-89ada245069d,US,US,30,02,SABANA DE LA MAR,093002,874cf346bffffff
http://n2t.net/ark:/65665/34c952799-b49a-4028-b1af-5cbb04bbf92a,1318934118,Ficus L.,Ficus L.,Moraceae,Ficus,GENUS,PRESERVED_SPECIMEN,1996-09-23,1996,-69.4514,19.0556,NA,821cc27a-e3bb-4bc5-ac34-89ada245069d,US,US,30,02,SABANA DE LA MAR,093002,874cf3730ffffff
http://n2t.net/ark:/65665/34d43e9d8-3075-426c-b012-de78cdeadd1b,1318949502,Odontonema cuspidatum,Odontonema cuspidatum (Nees) Kuntze,Acanthaceae,Odontonema,SPECIES,PRESERVED_SPECIMEN,1982-06-28,1982,-69.4,19.07,NA,821cc27a-e3bb-4bc5-ac34-89ada245069d,US,US,30,02,SABANA DE LA MAR,093002,874cf3726ffffff
http://n2t.net/ark:/65665/34d44ceed-27ab-4a3d-ae75-b3f8f20eed28,1318949522,Garciadelia leprosa,Leucocroton leprosus (Willd.) Pax & K.Hoffm.,Euphorbiaceae,Garciadelia,SPECIES,PRESERVED_SPECIMEN,1996-09-23,1996,-69.4514,19.0556,NA,821cc27a-e3bb-4bc5-ac34-89ada245069d,US,US,30,02,SABANA DE LA MAR,093002,874cf3730ffffff
http://n2t.net/ark:/65665/34fba595f-0c93-4e24-b223-da1e2a53c37b,1319005020,Bactris plumeriana,Bactris plumeriana Mart.,Arecaceae,Bactris,SPECIES,PRESERVED_SPECIMEN,1985-08-08,1985,-69.5333,18.9833,NA,821cc27a-e3bb-4bc5-ac34-89ada245069d,US,US,30,02,SABANA DE LA MAR,093002,874cf3785ffffff
http://n2t.net/ark:/65665/35603bafa-4f03-4eb3-9e53-566f8bc77960,1319147089,Campyloneurum angustifolium,Campyloneurum angustifolium (Sw.) Fée,Polypodiaceae,Campyloneurum,SPECIES,PRESERVED_SPECIMEN,1985-04-25,1985,-69.55,19.08,NA,821cc27a-e3bb-4bc5-ac34-89ada245069d,US,US,30,02,SABANA DE LA MAR,093002,874cf345cffffff
http://n2t.net/ark:/65665/356fea86d-554b-4b55-b696-56d50aed543c,1319169116,Hymenophyllum hirsutum,Hymenophyllum hirsutum (L.) Sw.,Hymenophyllaceae,Hymenophyllum,SPECIES,PRESERVED_SPECIMEN,1985-08-08,1985,-69.5,19,NA,821cc27a-e3bb-4bc5-ac34-89ada245069d,US,US,30,02,SABANA DE LA MAR,093002,874cf37a1ffffff
http://n2t.net/ark:/65665/358e4cf4a-925e-43f9-910e-d6f6f5781274,1319211779,Prestoea acuminata,Prestoea montana (Graham) G. Nicholson,Arecaceae,Prestoea,SPECIES,PRESERVED_SPECIMEN,1985-08-08,1985,-69.1333,18.9167,NA,821cc27a-e3bb-4bc5-ac34-89ada245069d,US,US,30,02,SABANA DE LA MAR,093002,874cf338bffffff
http://n2t.net/ark:/65665/35944459c-02df-4f1d-b6a7-de74972c641b,1319220107,Colleteria seminervis,Colleteria seminervis (Urb. & Ekman) David W.Taylor,Rubiaceae,Colleteria,SPECIES,PRESERVED_SPECIMEN,1996-09-23,1996,-69.4514,19.0556,NA,821cc27a-e3bb-4bc5-ac34-89ada245069d,US,US,30,02,SABANA DE LA MAR,093002,874cf3730ffffff
http://n2t.net/ark:/65665/35ae4b607-1c04-435f-817d-19f902d96b0b,1319257025,Asplenium serratum,Asplenium serratum L.,Aspleniaceae,Asplenium,SPECIES,PRESERVED_SPECIMEN,1985-08-08,1985,-69.5,19,NA,821cc27a-e3bb-4bc5-ac34-89ada245069d,US,US,30,02,SABANA DE LA MAR,093002,874cf37a1ffffff
http://n2t.net/ark:/65665/35b7b10f7-8ed4-4155-8a7b-3cf30dc15db7,1319270395,Cyperus laxus,Cyperus laxus Lam.,Cyperaceae,Cyperus,SPECIES,PRESERVED_SPECIMEN,1997-01-28,1997,-69.4814,19.07,NA,821cc27a-e3bb-4bc5-ac34-89ada245069d,US,US,30,02,SABANA DE LA MAR,093002,874cf346bffffff
http://n2t.net/ark:/65665/35c0844c5-87db-4529-9bc4-2d9fe8e714b9,1319282900,Phlegmariurus dichotomus,Phlegmariurus dichotomus (Jacq.) W.H.Wagner,Lycopodiaceae,Phlegmariurus,SPECIES,PRESERVED_SPECIMEN,1985-08-08,1985,-69.5,19,NA,821cc27a-e3bb-4bc5-ac34-89ada245069d,US,US,30,02,SABANA DE LA MAR,093002,874cf37a1ffffff
http://n2t.net/ark:/65665/35f54af1d-4c5c-4695-9c85-a1f54cc01e45,1319357431,Pharus parvifolius,Pharus parvifolius Nash,Poaceae,Pharus,SPECIES,PRESERVED_SPECIMEN,1986-02-19,1986,-69.5,19,NA,821cc27a-e3bb-4bc5-ac34-89ada245069d,US,US,30,02,SABANA DE LA MAR,093002,874cf37a1ffffff
http://n2t.net/ark:/65665/35f8edff9-cab9-411a-afb0-b2e1c68bc012,1319362409,Prestoea acuminata,Prestoea montana (Graham) G. Nicholson,Arecaceae,Prestoea,SPECIES,PRESERVED_SPECIMEN,1985-08-08,1985,-69.1333,18.9167,NA,821cc27a-e3bb-4bc5-ac34-89ada245069d,US,US,30,02,SABANA DE LA MAR,093002,874cf338bffffff
http://n2t.net/ark:/65665/360e3368a-b692-4a8c-95b2-2fd0f79ef7eb,1319392619,Cojoba arborea,Cojoba arborea (L.) Britton & Rose,Fabaceae,Cojoba,SPECIES,PRESERVED_SPECIMEN,1996-09-23,1996,-69.4514,19.0556,NA,821cc27a-e3bb-4bc5-ac34-89ada245069d,US,US,30,02,SABANA DE LA MAR,093002,874cf3730ffffff
http://n2t.net/ark:/65665/36122be90-d041-498d-97ae-ec60786c932c,1319397975,Myrcia abbottiana,Myrcia abbottiana (Urb.) Alain,Myrtaceae,Myrcia,SPECIES,PRESERVED_SPECIMEN,1996-09-23,1996,-69.4514,19.0556,NA,821cc27a-e3bb-4bc5-ac34-89ada245069d,US,US,30,02,SABANA DE LA MAR,093002,874cf3730ffffff
http://n2t.net/ark:/65665/3618d1813-6c49-4da2-98ad-4d283edb64b7,1319407639,Zizkaea tuerckheimii,Zizkaea tuerckheimii (Mez) W.Till & Barfuss,Bromeliaceae,Zizkaea,SPECIES,PRESERVED_SPECIMEN,1982-06-30,1982,-69.5,19.08,NA,821cc27a-e3bb-4bc5-ac34-89ada245069d,US,US,30,02,SABANA DE LA MAR,093002,874cf344cffffff
http://n2t.net/ark:/65665/363cf9fb4-c402-4e64-bb4a-bbea31a503b6,1319458465,Piper samanense,Piper samanense Urb.,Piperaceae,Piper,SPECIES,PRESERVED_SPECIMEN,1996-09-23,1996,-69.4514,19.0556,NA,821cc27a-e3bb-4bc5-ac34-89ada245069d,US,US,30,02,SABANA DE LA MAR,093002,874cf3730ffffff
http://n2t.net/ark:/65665/3658bf6b0-2e4a-48a2-bf73-61848e3e7e6e,1319498122,Ichnanthus pallens,Ichnanthus pallens (Sw.) Munro ex Benth.,Poaceae,Ichnanthus,SPECIES,PRESERVED_SPECIMEN,1981-01-14,1981,-69.275,19.02,NA,821cc27a-e3bb-4bc5-ac34-89ada245069d,US,US,30,02,SABANA DE LA MAR,093002,874cf30ddffffff
http://n2t.net/ark:/65665/366d3a141-cf91-4374-881c-55364215016d,1319527272,Polyphlebium diaphanum,Polyphlebium hymenophylloides (Bosch) Ebihara & Dubuisson,Hymenophyllaceae,Polyphlebium,SPECIES,PRESERVED_SPECIMEN,1992-07-09,1992,-69.48,19.07,NA,821cc27a-e3bb-4bc5-ac34-89ada245069d,US,US,30,02,SABANA DE LA MAR,093002,874cf346bffffff
http://n2t.net/ark:/65665/368a49a2b-99e2-4249-98d4-0dd5494acf2b,1319568411,Columnea sanguinea,Columnea sanguinea (Pers.) Hanst.,Gesneriaceae,Columnea,SPECIES,PRESERVED_SPECIMEN,1986-02-20,1986,-69.5,19,NA,821cc27a-e3bb-4bc5-ac34-89ada245069d,US,US,30,02,SABANA DE LA MAR,093002,874cf37a1ffffff
http://n2t.net/ark:/65665/369ba01f8-85fa-42af-a6ba-1955af7f2ff2,1319592412,Prestoea acuminata,Prestoea montana (Graham) G. Nicholson,Arecaceae,Prestoea,SPECIES,PRESERVED_SPECIMEN,1985-08-05,1985,-69.4667,18.9833,NA,821cc27a-e3bb-4bc5-ac34-89ada245069d,US,US,30,02,SABANA DE LA MAR,093002,874cf37adffffff
http://n2t.net/ark:/65665/36a96bd85-2f4c-4f44-aa96-efe460aa6569,1319612117,Anemia abbottii,Anemia abbottii Maxon,Anemiaceae,Anemia,SPECIES,PRESERVED_SPECIMEN,1985-08-06,1985,-69.5,19,NA,821cc27a-e3bb-4bc5-ac34-89ada245069d,US,US,30,02,SABANA DE LA MAR,093002,874cf37a1ffffff
http://n2t.net/ark:/65665/36bbbe5f4-990b-4aaa-afd9-754eee687fe5,1319638147,Asplenium cuneatum,Asplenium cuneatum Lam.,Aspleniaceae,Asplenium,SPECIES,PRESERVED_SPECIMEN,1985-08-06,1985,-69.5,19,NA,821cc27a-e3bb-4bc5-ac34-89ada245069d,US,US,30,02,SABANA DE LA MAR,093002,874cf37a1ffffff
http://n2t.net/ark:/65665/371472d18-21cb-4974-b638-8ec8a5546260,1319762905,Tectaria heracleifolia,Tectaria heracleifolia (Willd.) Underw.,Tectariaceae,Tectaria,SPECIES,PRESERVED_SPECIMEN,1982-06-28,1982,-69.45,19.07,NA,821cc27a-e3bb-4bc5-ac34-89ada245069d,US,US,30,02,SABANA DE LA MAR,093002,874cf3734ffffff
http://n2t.net/ark:/65665/3788a60c4-1746-47ce-b42c-5885cfb77194,1319927467,Dalbergia monetaria,Dalbergia monetaria L.f.,Fabaceae,Dalbergia,SPECIES,PRESERVED_SPECIMEN,1986-02-12,1986,-69.57,19.08,NA,821cc27a-e3bb-4bc5-ac34-89ada245069d,US,US,30,02,SABANA DE LA MAR,093002,874cf3451ffffff
http://n2t.net/ark:/65665/3798550eb-7f24-4757-b5d0-9d5b139149af,1319949315,Eugenia axillaris,Eugenia axillaris (Sw.) Willd.,Myrtaceae,Eugenia,SPECIES,PRESERVED_SPECIMEN,1996-09-23,1996,-69.4514,19.0556,NA,821cc27a-e3bb-4bc5-ac34-89ada245069d,US,US,30,02,SABANA DE LA MAR,093002,874cf3730ffffff
http://n2t.net/ark:/65665/37dca4ed3-5d41-4088-9439-963044f176cb,1320046399,Pitcairnia domingensis,Pitcairnia domingensis L.B.Sm.,Bromeliaceae,Pitcairnia,SPECIES,PRESERVED_SPECIMEN,1996-09-23,1996,-69.4514,19.0556,NA,821cc27a-e3bb-4bc5-ac34-89ada245069d,US,US,30,02,SABANA DE LA MAR,093002,874cf3730ffffff
http://n2t.net/ark:/65665/382f118b8-f93c-459a-9740-71663762a4a1,1320163037,Guapira reticulata,Guapira reticulata Alain,Nyctaginaceae,Guapira,SPECIES,PRESERVED_SPECIMEN,1996-09-23,1996,-69.4514,19.0556,NA,821cc27a-e3bb-4bc5-ac34-89ada245069d,US,US,30,02,SABANA DE LA MAR,093002,874cf3730ffffff
http://n2t.net/ark:/65665/382f13962-b8e4-4787-aa34-f6a1e5567337,1320162728,Tillandsia setacea,Tillandsia setacea Sw.,Bromeliaceae,Tillandsia,SPECIES,PRESERVED_SPECIMEN,1980-08-20,1980,-69.38,19.02,NA,821cc27a-e3bb-4bc5-ac34-89ada245069d,US,US,30,02,SABANA DE LA MAR,093002,874cf372effffff
http://n2t.net/ark:/65665/3842367ff-ab11-4694-8349-78cca69f7eae,1320189914,Peperomia parvulifolia,Peperomia parvulifolia Trel.,Piperaceae,Peperomia,SPECIES,PRESERVED_SPECIMEN,1996-09-23,1996,-69.4514,19.0556,NA,821cc27a-e3bb-4bc5-ac34-89ada245069d,US,US,30,02,SABANA DE LA MAR,093002,874cf3730ffffff
http://n2t.net/ark:/65665/38976e5bc-9156-4205-878f-d0a66f04cc54,1320309904,Guarea Allemão ex L.,Guarea Allemão ex L.,Meliaceae,Guarea,GENUS,PRESERVED_SPECIMEN,1991-01-23,1991,-69.13,18.92,NA,821cc27a-e3bb-4bc5-ac34-89ada245069d,US,US,30,02,SABANA DE LA MAR,093002,874cf3388ffffff
http://n2t.net/ark:/65665/38a7bf6a9-626b-4e9d-bf4b-b7a678bb5ff2,1320332804,Adiantum tenerum,Adiantum tenerum Sw.,Pteridaceae,Adiantum,SPECIES,PRESERVED_SPECIMEN,1988-06-14,1988,-69.47,18.97,NA,821cc27a-e3bb-4bc5-ac34-89ada245069d,US,US,30,02,SABANA DE LA MAR,093002,874cf37adffffff
http://n2t.net/ark:/65665/38daf1519-99b4-40b7-98f9-358b0490323a,1320405405,Asplenium abscissum,Asplenium abscissum Willd.,Aspleniaceae,Asplenium,SPECIES,PRESERVED_SPECIMEN,1997-01-27,1997,-69.5,19.0097,NA,821cc27a-e3bb-4bc5-ac34-89ada245069d,US,US,30,02,SABANA DE LA MAR,093002,874cf37a1ffffff
http://n2t.net/ark:/65665/38f039724-a284-4eae-9612-8884d74f794f,1320435425,Polystichopsis chaerophylloides,Polystichopsis chaerophylloides (Poir.) C.V.Morton,Dryopteridaceae,Polystichopsis,SPECIES,PRESERVED_SPECIMEN,1985-08-06,1985,-69.5,19,NA,821cc27a-e3bb-4bc5-ac34-89ada245069d,US,US,30,02,SABANA DE LA MAR,093002,874cf37a1ffffff
http://n2t.net/ark:/65665/391f76bff-0ed2-4e75-9870-c80e26ccdec8,1320502270,Peperomia magnoliifolia,Peperomia magnoliifolia (Jacq.) A.Dietr.,Piperaceae,Peperomia,SPECIES,PRESERVED_SPECIMEN,1996-09-23,1996,-69.4514,19.0556,NA,821cc27a-e3bb-4bc5-ac34-89ada245069d,US,US,30,02,SABANA DE LA MAR,093002,874cf3730ffffff
http://n2t.net/ark:/65665/3925dbffb-10b3-438e-a26b-ca0038b8077a,1320511459,Plumeria magna,Plumeria magna Zanoni & M.M.Mejía,Apocynaceae,Plumeria,SPECIES,PRESERVED_SPECIMEN,1996-09-23,1996,-69.4514,19.0556,NA,821cc27a-e3bb-4bc5-ac34-89ada245069d,US,US,30,02,SABANA DE LA MAR,093002,874cf3730ffffff
http://n2t.net/ark:/65665/392725166-2dd3-4f32-9bd8-e6cc36e3ed04,1320513170,Campyloneurum phyllitidis,Campyloneurum phyllitidis (L.) C.Presl,Polypodiaceae,Campyloneurum,SPECIES,PRESERVED_SPECIMEN,1992-07-08,1992,-69.47,19.07,NA,821cc27a-e3bb-4bc5-ac34-89ada245069d,US,US,30,02,SABANA DE LA MAR,093002,874cf3736ffffff
http://n2t.net/ark:/65665/393247c23-7571-480a-b799-95cf59c2d66f,1320529085,Ctenitis ampla,Ctenitis ampla (Humb. & Bonpl. ex Willd.) Ching,Dryopteridaceae,Ctenitis,SPECIES,PRESERVED_SPECIMEN,1992-07-07,1992,-69.48,19.07,NA,821cc27a-e3bb-4bc5-ac34-89ada245069d,US,US,30,02,SABANA DE LA MAR,093002,874cf346bffffff
http://n2t.net/ark:/65665/39759fdbf-cbd7-4b5c-8ffd-37085148e1d4,1320623696,Adiantum tenerum,Adiantum tenerum Sw.,Pteridaceae,Adiantum,SPECIES,PRESERVED_SPECIMEN,1982-07-01,1982,-69.47,18.97,NA,821cc27a-e3bb-4bc5-ac34-89ada245069d,US,US,30,02,SABANA DE LA MAR,093002,874cf37adffffff
http://n2t.net/ark:/65665/3988e5a5c-dc12-425d-a9f6-adffd7f764cf,1320650704,Hymenasplenium laetum,Asplenium laetum Sw.,Aspleniaceae,Hymenasplenium,SPECIES,PRESERVED_SPECIMEN,1997-01-27,1997,-69.5,19.0097,NA,821cc27a-e3bb-4bc5-ac34-89ada245069d,US,US,30,02,SABANA DE LA MAR,093002,874cf37a1ffffff
http://n2t.net/ark:/65665/399dcf1ca-d238-47d9-977b-e386c9efca50,1320680635,Cyclopeltis semicordata,Cyclopeltis semicordata (Sw.) J.Sm.,Lomariopsidaceae,Cyclopeltis,SPECIES,PRESERVED_SPECIMEN,1985-04-23,1985,-69.58,19.08,NA,821cc27a-e3bb-4bc5-ac34-89ada245069d,US,US,30,02,SABANA DE LA MAR,093002,874cf3453ffffff
http://n2t.net/ark:/65665/39b08ed38-6488-4e70-8c5c-b05f3bd980ff,1320707107,Dioscorea alainii,Dioscorea alainii Raz,Dioscoreaceae,Dioscorea,SPECIES,PRESERVED_SPECIMEN,1996-09-23,1996,-69.4514,19.0556,NA,821cc27a-e3bb-4bc5-ac34-89ada245069d,US,US,30,02,SABANA DE LA MAR,093002,874cf3730ffffff
http://n2t.net/ark:/65665/39c2e16cd-7893-48da-926b-9d3623893b01,1320733010,Calyptronoma rivalis,Calyptronoma rivalis (O.F.Cook) L.H.Bailey,Arecaceae,Calyptronoma,SPECIES,PRESERVED_SPECIMEN,1985-08-05,1985,-69.4667,18.9833,NA,821cc27a-e3bb-4bc5-ac34-89ada245069d,US,US,30,02,SABANA DE LA MAR,093002,874cf37adffffff
http://n2t.net/ark:/65665/39ecffb65-90a5-401a-83e3-e46b8e0c5e5b,1320792843,Calyptronoma rivalis,Calyptronoma rivalis (O.F.Cook) L.H.Bailey,Arecaceae,Calyptronoma,SPECIES,PRESERVED_SPECIMEN,1985-08-05,1985,-69.4667,18.9833,NA,821cc27a-e3bb-4bc5-ac34-89ada245069d,US,US,30,02,SABANA DE LA MAR,093002,874cf37adffffff
http://n2t.net/ark:/65665/39f3faa3c-1c3a-48bb-97db-4f0543374065,1320802580,Trichilia pallida,Trichilia pallida Sw.,Meliaceae,Trichilia,SPECIES,PRESERVED_SPECIMEN,1996-09-23,1996,-69.4514,19.0556,NA,821cc27a-e3bb-4bc5-ac34-89ada245069d,US,US,30,02,SABANA DE LA MAR,093002,874cf3730ffffff
http://n2t.net/ark:/65665/39fe78a60-f51c-4731-91a0-449ff50acad4,1320817189,Anthurium scandens,Anthurium scandens (Aubl.) Engl.,Araceae,Anthurium,SPECIES,PRESERVED_SPECIMEN,1996-09-23,1996,-69.4514,19.0556,NA,821cc27a-e3bb-4bc5-ac34-89ada245069d,US,US,30,02,SABANA DE LA MAR,093002,874cf3730ffffff
http://n2t.net/ark:/65665/3a26818e4-fda4-4fe8-88f4-823cad70873b,1320874315,Adiantum pyramidale,Adiantum pyramidale (L.) Willd.,Pteridaceae,Adiantum,SPECIES,PRESERVED_SPECIMEN,1982-07-01,1982,-69.47,18.97,NA,821cc27a-e3bb-4bc5-ac34-89ada245069d,US,US,30,02,SABANA DE LA MAR,093002,874cf37adffffff
http://n2t.net/ark:/65665/3a48ad614-8b37-453a-a1f8-ca4b4a46722e,1320922450,Pleopeltis polypodioides,Pleopeltis polypodioides (L.) E.G.Andrews & Windham,Polypodiaceae,Pleopeltis,SPECIES,PRESERVED_SPECIMEN,1992-07-08,1992,-69.47,19.07,NA,821cc27a-e3bb-4bc5-ac34-89ada245069d,US,US,30,02,SABANA DE LA MAR,093002,874cf3736ffffff
http://n2t.net/ark:/65665/3a4b73c24-3afe-4974-abfc-14c22c200776,1320926277,Erythroxylum urbanii,Erythroxylum urbanii O.E.Schulz,Erythroxylaceae,Erythroxylum,SPECIES,PRESERVED_SPECIMEN,1996-09-23,1996,-69.4514,19.0556,NA,821cc27a-e3bb-4bc5-ac34-89ada245069d,US,US,30,02,SABANA DE LA MAR,093002,874cf3730ffffff
http://n2t.net/ark:/65665/3a71bdb6d-6932-4262-a793-943172d316e6,1320980711,Calyptronoma rivalis,Calyptronoma rivalis (O.F.Cook) L.H.Bailey,Arecaceae,Calyptronoma,SPECIES,PRESERVED_SPECIMEN,1985-08-05,1985,-69.4667,18.9833,NA,821cc27a-e3bb-4bc5-ac34-89ada245069d,US,US,30,02,SABANA DE LA MAR,093002,874cf37adffffff
http://n2t.net/ark:/65665/3a75d6293-c536-4fc4-89b2-75e4ef4dcca5,1320986494,Peperomia serpens,Peperomia serpens (Sw.) G.Don,Piperaceae,Peperomia,SPECIES,PRESERVED_SPECIMEN,1996-09-23,1996,-69.4514,19.0556,NA,821cc27a-e3bb-4bc5-ac34-89ada245069d,US,US,30,02,SABANA DE LA MAR,093002,874cf3730ffffff
http://n2t.net/ark:/65665/3a7a50c14-ae78-4290-a6f1-85c582a33503,1320992752,Sporobolus tenuissimus,Sporobolus tenuissimus (Mart. ex Schrank) Kuntze,Poaceae,Sporobolus,SPECIES,PRESERVED_SPECIMEN,1986-02-21,1986,-69.5,19,NA,821cc27a-e3bb-4bc5-ac34-89ada245069d,US,US,30,02,SABANA DE LA MAR,093002,874cf37a1ffffff
http://n2t.net/ark:/65665/3a87e29af-02e3-47c3-90f5-4c19f1957026,1321011978,Allophylus racemosus,Allophylus racemosus (L.) Radlk.,Sapindaceae,Allophylus,SPECIES,PRESERVED_SPECIMEN,1996-09-23,1996,-69.4514,19.0556,NA,821cc27a-e3bb-4bc5-ac34-89ada245069d,US,US,30,02,SABANA DE LA MAR,093002,874cf3730ffffff
http://n2t.net/ark:/65665/3a9bde864-e0be-49f4-a9d8-aeeca20958ce,1321040280,Trichomanes scandens,Trichomanes scandens L.,Hymenophyllaceae,Trichomanes,SPECIES,PRESERVED_SPECIMEN,1990-06-27,1990,-69.15,18.92,NA,821cc27a-e3bb-4bc5-ac34-89ada245069d,US,US,30,02,SABANA DE LA MAR,093002,874cf338affffff
http://n2t.net/ark:/65665/3aca88b76-0220-4f86-bfeb-0cc853ed904a,1321106474,Gyminda latifolia,Gyminda latifolia (Sw.) Urb.,Celastraceae,Gyminda,SPECIES,PRESERVED_SPECIMEN,1996-09-23,1996,-69.4514,19.0556,NA,821cc27a-e3bb-4bc5-ac34-89ada245069d,US,US,30,02,SABANA DE LA MAR,093002,874cf3730ffffff
http://n2t.net/ark:/65665/3b0e14c5e-ecf8-4cb4-9895-7f1d59f6271c,1321202048,Campyloneurum brevifolium,Campyloneurum latum T.Moore,Polypodiaceae,Campyloneurum,SPECIES,PRESERVED_SPECIMEN,1992-07-06,1992,-69.48,18.98,NA,821cc27a-e3bb-4bc5-ac34-89ada245069d,US,US,30,02,SABANA DE LA MAR,093002,874cf37adffffff
http://n2t.net/ark:/65665/3b2cf9abe-75d4-4ac6-a376-580709778799,1321245843,Calyptronoma rivalis,Calyptronoma rivalis (O.F.Cook) L.H.Bailey,Arecaceae,Calyptronoma,SPECIES,PRESERVED_SPECIMEN,1985-08-05,1985,-69.4667,18.9833,NA,821cc27a-e3bb-4bc5-ac34-89ada245069d,US,US,30,02,SABANA DE LA MAR,093002,874cf37adffffff
http://n2t.net/ark:/65665/3b334dc74-05cb-4575-b0ea-426acd797791,1321254706,Laportea cuneata,Laportea cuneata (A.Rich.) Chew,Urticaceae,Laportea,SPECIES,PRESERVED_SPECIMEN,1985-04-23,1985,-69.58,19.08,NA,821cc27a-e3bb-4bc5-ac34-89ada245069d,US,US,30,02,SABANA DE LA MAR,093002,874cf3453ffffff
http://n2t.net/ark:/65665/3b416de50-8288-4b3e-a250-4dd015947918,1321274639,Peperomia rotundifolia,Peperomia rotundifolia (L.) Kunth,Piperaceae,Peperomia,SPECIES,PRESERVED_SPECIMEN,1996-09-23,1996,-69.4514,19.0556,NA,821cc27a-e3bb-4bc5-ac34-89ada245069d,US,US,30,02,SABANA DE LA MAR,093002,874cf3730ffffff
http://n2t.net/ark:/65665/3baa7e551-0835-44af-9113-c6897569ea25,1321423182,Bourreria domingensis,Bourreria domingensis (A.DC.) Griseb.,Ehretiaceae,Bourreria,SPECIES,PRESERVED_SPECIMEN,1996-09-23,1996,-69.4514,19.0556,NA,821cc27a-e3bb-4bc5-ac34-89ada245069d,US,US,30,02,SABANA DE LA MAR,093002,874cf3730ffffff
http://n2t.net/ark:/65665/3bbcbbec1-da1d-4697-9c54-3e55d44e935b,1321449333,Tillandsia festucoides,Tillandsia festucoides Brongn. ex Mez,Bromeliaceae,Tillandsia,SPECIES,PRESERVED_SPECIMEN,1985-04-25,1985,-69.55,19.08,NA,821cc27a-e3bb-4bc5-ac34-89ada245069d,US,US,30,02,SABANA DE LA MAR,093002,874cf345cffffff
http://n2t.net/ark:/65665/3bd9d5d25-581b-4f08-ac3a-fd8652e9f93b,1321490350,Calyptronoma rivalis,Calyptronoma rivalis (O.F.Cook) L.H.Bailey,Arecaceae,Calyptronoma,SPECIES,PRESERVED_SPECIMEN,1985-08-08,1985,-69.5333,18.9833,NA,821cc27a-e3bb-4bc5-ac34-89ada245069d,US,US,30,02,SABANA DE LA MAR,093002,874cf3785ffffff
http://n2t.net/ark:/65665/3be287485-a55d-4854-bf1c-9902b3ce9468,1321502692,Prestoea acuminata,Prestoea montana (Graham) G. Nicholson,Arecaceae,Prestoea,SPECIES,PRESERVED_SPECIMEN,1985-08-08,1985,-69.5333,18.9833,NA,821cc27a-e3bb-4bc5-ac34-89ada245069d,US,US,30,02,SABANA DE LA MAR,093002,874cf3785ffffff
http://n2t.net/ark:/65665/3bf239b78-1cce-4fcd-91a4-8003277e5d20,1321524904,Smilax ilicifolia,Smilax ilicifolia Desv.,Smilacaceae,Smilax,SPECIES,PRESERVED_SPECIMEN,1996-09-23,1996,-69.4514,19.0556,NA,821cc27a-e3bb-4bc5-ac34-89ada245069d,US,US,30,02,SABANA DE LA MAR,093002,874cf3730ffffff
http://n2t.net/ark:/65665/3bf5970ba-00b5-42d6-8385-b7b6ba1bd34d,1321529613,Gesneria pedicellaris,Gesneria pedicellaris Alain,Gesneriaceae,Gesneria,SPECIES,PRESERVED_SPECIMEN,1985-08-06,1985,-69.5,19,NA,821cc27a-e3bb-4bc5-ac34-89ada245069d,US,US,30,02,SABANA DE LA MAR,093002,874cf37a1ffffff
http://n2t.net/ark:/65665/3c24103e3-507b-4572-a47a-cb32bb2bf94d,1321595088,Tillandsia fasciculata,Tillandsia fasciculata var. densispica Mez,Bromeliaceae,Tillandsia,VARIETY,PRESERVED_SPECIMEN,1996-09-23,1996,-69.4514,19.0556,NA,821cc27a-e3bb-4bc5-ac34-89ada245069d,US,US,30,02,SABANA DE LA MAR,093002,874cf3730ffffff
http://n2t.net/ark:/65665/3c5b7385b-9d89-4c71-9877-e63801acff57,1321673355,Dioscorea hyalinomarginata,Dioscorea hyalinomarginata Raz,Dioscoreaceae,Dioscorea,SPECIES,PRESERVED_SPECIMEN,1996-09-23,1996,-69.4514,19.0556,NA,821cc27a-e3bb-4bc5-ac34-89ada245069d,US,US,30,02,SABANA DE LA MAR,093002,874cf3730ffffff
http://n2t.net/ark:/65665/3cabdbd40-ee7e-413e-84e9-746d00f7205d,1321786242,Calyptronoma plumeriana,Calyptronoma plumeriana (Mart.) Lourteig,Arecaceae,Calyptronoma,SPECIES,PRESERVED_SPECIMEN,1985-08-08,1985,-69.5333,18.9833,NA,821cc27a-e3bb-4bc5-ac34-89ada245069d,US,US,30,02,SABANA DE LA MAR,093002,874cf3785ffffff
http://n2t.net/ark:/65665/3caefc738-ed6f-4576-9cb3-1ed189397340,1321790521,Coccothrinax Sarg.,Coccothrinax Sarg.,Arecaceae,Coccothrinax,GENUS,PRESERVED_SPECIMEN,1985-08-08,1985,-69.5333,18.9833,NA,821cc27a-e3bb-4bc5-ac34-89ada245069d,US,US,30,02,SABANA DE LA MAR,093002,874cf3785ffffff
http://n2t.net/ark:/65665/3cb03dc8a-f93a-4b33-8237-1d8f278f9b5d,1321792214,Theophrasta americana,Theophrasta americana L.,Primulaceae,Theophrasta,SPECIES,PRESERVED_SPECIMEN,1996-09-23,1996,-69.4514,19.0556,NA,821cc27a-e3bb-4bc5-ac34-89ada245069d,US,US,30,02,SABANA DE LA MAR,093002,874cf3730ffffff
http://n2t.net/ark:/65665/3ce13d110-fbcd-4b77-a1fb-510bd83e264a,1321861328,Adiantum pyramidale,Adiantum pyramidale (L.) Willd.,Pteridaceae,Adiantum,SPECIES,PRESERVED_SPECIMEN,1992-07-07,1992,-69.48,19.07,NA,821cc27a-e3bb-4bc5-ac34-89ada245069d,US,US,30,02,SABANA DE LA MAR,093002,874cf346bffffff
http://n2t.net/ark:/65665/3cf273f17-8a28-472a-bb75-41426af410cb,1321885423,Leptogonum domingensis,Leptogonum domingensis var. molle (Urb.) Brandbyge,Polygonaceae,Leptogonum,VARIETY,PRESERVED_SPECIMEN,1996-09-23,1996,-69.4514,19.0556,NA,821cc27a-e3bb-4bc5-ac34-89ada245069d,US,US,30,02,SABANA DE LA MAR,093002,874cf3730ffffff
http://n2t.net/ark:/65665/3cf414414-62b1-41d0-8613-2c2aa4f66f27,1321887711,Tectaria heracleifolia,Tectaria heracleifolia (Willd.) Underw.,Tectariaceae,Tectaria,SPECIES,PRESERVED_SPECIMEN,1992-07-07,1992,-69.47,19.07,NA,821cc27a-e3bb-4bc5-ac34-89ada245069d,US,US,30,02,SABANA DE LA MAR,093002,874cf3736ffffff
http://n2t.net/ark:/65665/3d1223f2b-fbb6-46a8-a861-21d2ff6c91d7,1321930101,Ampelocissus robinsonii,Ampelocissus robinsonii Planch.,Vitaceae,Ampelocissus,SPECIES,PRESERVED_SPECIMEN,1992-07-07,1992,-69.5,18.98,NA,821cc27a-e3bb-4bc5-ac34-89ada245069d,US,US,30,02,SABANA DE LA MAR,093002,874cf37aeffffff
http://n2t.net/ark:/65665/3d247d8c8-5efd-428a-a166-a70eff92a4ea,1321955925,Hippocratea volubilis,Hippocratea volubilis L.,Celastraceae,Hippocratea,SPECIES,PRESERVED_SPECIMEN,1996-09-23,1996,-69.4514,19.0556,NA,821cc27a-e3bb-4bc5-ac34-89ada245069d,US,US,30,02,SABANA DE LA MAR,093002,874cf3730ffffff
http://n2t.net/ark:/65665/3d42a65be-4648-443d-8fd8-5a7aae6b1940,1321998084,Adiantum pyramidale,Adiantum pyramidale (L.) Willd.,Pteridaceae,Adiantum,SPECIES,PRESERVED_SPECIMEN,1988-06-14,1988,-69.47,18.97,NA,821cc27a-e3bb-4bc5-ac34-89ada245069d,US,US,30,02,SABANA DE LA MAR,093002,874cf37adffffff
http://n2t.net/ark:/65665/3d507118b-79dd-4c13-bead-5fc900e72f17,1322017518,Hypoderris brownii,Hypoderris brownii J.Sm.,Tectariaceae,Hypoderris,SPECIES,PRESERVED_SPECIMEN,1985-08-06,1985,-69.5,19,NA,821cc27a-e3bb-4bc5-ac34-89ada245069d,US,US,30,02,SABANA DE LA MAR,093002,874cf37a1ffffff
http://n2t.net/ark:/65665/3d94603e8-bf5e-4bf4-ba31-997e40c23ff4,1322113685,Panicum trichoides,Panicum trichoides Sw.,Poaceae,Panicum,SPECIES,PRESERVED_SPECIMEN,1986-02-20,1986,-69.5,19,NA,821cc27a-e3bb-4bc5-ac34-89ada245069d,US,US,30,02,SABANA DE LA MAR,093002,874cf37a1ffffff
http://n2t.net/ark:/65665/3dd74a077-24a9-486b-a734-7716eb27f38c,1322208515,Schaefferia frutescens,Schaefferia frutescens Jacq.,Celastraceae,Schaefferia,SPECIES,PRESERVED_SPECIMEN,1996-09-23,1996,-69.4514,19.0556,NA,821cc27a-e3bb-4bc5-ac34-89ada245069d,US,US,30,02,SABANA DE LA MAR,093002,874cf3730ffffff
http://n2t.net/ark:/65665/3ddcc0651-8b1c-4933-8673-efa4a14ef072,1322216287,Didymoglossum krausii,Didymoglossum krausii (Hook. & Grev.) C.Presl,Hymenophyllaceae,Didymoglossum,SPECIES,PRESERVED_SPECIMEN,1997-01-28,1997,-69.4814,19.07,NA,821cc27a-e3bb-4bc5-ac34-89ada245069d,US,US,30,02,SABANA DE LA MAR,093002,874cf346bffffff
http://n2t.net/ark:/65665/3dddc085f-9f52-4a3d-a45f-0c1e46c67d2f,1322217596,Pitcairnia domingensis,Pitcairnia domingensis L.B.Sm.,Bromeliaceae,Pitcairnia,SPECIES,PRESERVED_SPECIMEN,1982-10-28,1982,-69.57,19.08,NA,821cc27a-e3bb-4bc5-ac34-89ada245069d,US,US,30,02,SABANA DE LA MAR,093002,874cf3451ffffff
http://n2t.net/ark:/65665/3e3c3431d-a473-48be-99c7-67ec4a7d68d8,1322351136,Ardisia brachypoda,Ardisia brachypoda Urb.,Primulaceae,Ardisia,SPECIES,PRESERVED_SPECIMEN,1996-09-23,1996,-69.4514,19.0556,NA,821cc27a-e3bb-4bc5-ac34-89ada245069d,US,US,30,02,SABANA DE LA MAR,093002,874cf3730ffffff
http://n2t.net/ark:/65665/3e7877427-1319-4fb1-b6d9-6a9f98e4fbd6,1322436084,Cissus verticillata,Cissus verticillata subsp. verticillata,Vitaceae,Cissus,SUBSPECIES,PRESERVED_SPECIMEN,1992-07-07,1992,-69.5,18.98,NA,821cc27a-e3bb-4bc5-ac34-89ada245069d,US,US,30,02,SABANA DE LA MAR,093002,874cf37aeffffff
http://n2t.net/ark:/65665/3e797a286-90b7-4d3d-a613-3a5f4e5205c3,1322437503,Polytaenium citrifolium,Anetium citrifolium (L.) Splitg.,Pteridaceae,Polytaenium,SPECIES,PRESERVED_SPECIMEN,1986-02-20,1986,-69.5,19,NA,821cc27a-e3bb-4bc5-ac34-89ada245069d,US,US,30,02,SABANA DE LA MAR,093002,874cf37a1ffffff
http://n2t.net/ark:/65665/3e871e051-7d37-4445-85bb-b983d8299242,1322457088,Psychotria nervosa,Psychotria nervosa Sw.,Rubiaceae,Psychotria,SPECIES,PRESERVED_SPECIMEN,1996-09-23,1996,-69.4514,19.0556,NA,821cc27a-e3bb-4bc5-ac34-89ada245069d,US,US,30,02,SABANA DE LA MAR,093002,874cf3730ffffff
http://n2t.net/ark:/65665/3eaee986d-1b69-405a-8813-3879f16260d5,1322513346,Lasiacis divaricata,Lasiacis divaricata (L.) Hitchc.,Poaceae,Lasiacis,SPECIES,PRESERVED_SPECIMEN,1985-01-01/1985-12-31,1985,-69.52,19,NA,821cc27a-e3bb-4bc5-ac34-89ada245069d,US,US,30,02,SABANA DE LA MAR,093002,874cf37a3ffffff
http://n2t.net/ark:/65665/3eb51e5a1-0623-487d-8e58-6c73841305ed,1322522123,Erithalis fruticosa,Erithalis fruticosa L.,Rubiaceae,Erithalis,SPECIES,PRESERVED_SPECIMEN,1996-09-23,1996,-69.4514,19.0556,NA,821cc27a-e3bb-4bc5-ac34-89ada245069d,US,US,30,02,SABANA DE LA MAR,093002,874cf3730ffffff
http://n2t.net/ark:/65665/3ebaf55bd-37b4-4434-baef-1898e5e1a511,1322530306,Isidorea pungens,Isidorea pungens (Lam.) B.L.Rob.,Rubiaceae,Isidorea,SPECIES,PRESERVED_SPECIMEN,1996-09-23,1996,-69.4514,19.0556,NA,821cc27a-e3bb-4bc5-ac34-89ada245069d,US,US,30,02,SABANA DE LA MAR,093002,874cf3730ffffff
http://n2t.net/ark:/65665/3ecbf6bf9-42c4-4437-9366-151a169deca1,1702847172,Palicourea crocea,Palicourea crocea (Sw.) Schult.,Rubiaceae,Palicourea,SPECIES,PRESERVED_SPECIMEN,1997-01-28,1997,-69.4756,19.0667,NA,821cc27a-e3bb-4bc5-ac34-89ada245069d,US,US,30,02,SABANA DE LA MAR,093002,874cf344dffffff
http://n2t.net/ark:/65665/3edd67fcd-36fd-4ef3-ba86-be29898fa1e9,1322579120,Tabebuia maxonii,Tabebuia maxonii Urb.,Bignoniaceae,Tabebuia,SPECIES,PRESERVED_SPECIMEN,1996-09-23,1996,-69.4514,19.0556,NA,821cc27a-e3bb-4bc5-ac34-89ada245069d,US,US,30,02,SABANA DE LA MAR,093002,874cf3730ffffff
http://n2t.net/ark:/65665/3ef6bf156-78c3-4a70-8589-85fe9aeea2e5,1322614983,Calyptronoma plumeriana,Calyptronoma plumeriana (Mart.) Lourteig,Arecaceae,Calyptronoma,SPECIES,PRESERVED_SPECIMEN,1985-08-08,1985,-69.5333,18.9833,NA,821cc27a-e3bb-4bc5-ac34-89ada245069d,US,US,30,02,SABANA DE LA MAR,093002,874cf3785ffffff
http://n2t.net/ark:/65665/3f1548b1a-b2a0-4a1c-879c-6456567ab9e0,1322657907,Cissus obovata,Cissus obovata Vahl,Vitaceae,Cissus,SPECIES,PRESERVED_SPECIMEN,1996-09-23,1996,-69.4514,19.0556,NA,821cc27a-e3bb-4bc5-ac34-89ada245069d,US,US,30,02,SABANA DE LA MAR,093002,874cf3730ffffff
http://n2t.net/ark:/65665/3f1bda74e-449f-4e98-8336-fa2a7368a73c,1322667070,Guettarda scabra,Guettarda scabra (L.) Lam.,Rubiaceae,Guettarda,SPECIES,PRESERVED_SPECIMEN,1996-09-23,1996,-69.4514,19.0556,NA,821cc27a-e3bb-4bc5-ac34-89ada245069d,US,US,30,02,SABANA DE LA MAR,093002,874cf3730ffffff
http://n2t.net/ark:/65665/3f1fc6c53-fc50-4af9-b906-6666fcd37800,2236169284,Ichnanthus pallens,Ichnanthus pallens (Sw.) Munro ex Benth.,Poaceae,Ichnanthus,SPECIES,PRESERVED_SPECIMEN,1997-01-27,1997,-69.5108,19.0058,NA,821cc27a-e3bb-4bc5-ac34-89ada245069d,US,US,30,02,SABANA DE LA MAR,093002,874cf37a1ffffff
http://n2t.net/ark:/65665/3f31a0631-4df0-49b1-bf2b-151437b43f10,1322697715,Ruellia coccinea,Ruellia coccinea (L.) Vahl,Acanthaceae,Ruellia,SPECIES,PRESERVED_SPECIMEN,1985-04-23,1985,-69.58,19.08,NA,821cc27a-e3bb-4bc5-ac34-89ada245069d,US,US,30,02,SABANA DE LA MAR,093002,874cf3453ffffff
http://n2t.net/ark:/65665/3f42bf7bc-8f85-4725-8b2a-eeac0881ada4,1322721822,Justicia mirabiloides,Justicia mirabiloides Lam.,Acanthaceae,Justicia,SPECIES,PRESERVED_SPECIMEN,1986-02-21,1986,-69.57,19.08,NA,821cc27a-e3bb-4bc5-ac34-89ada245069d,US,US,30,02,SABANA DE LA MAR,093002,874cf3451ffffff
http://n2t.net/ark:/65665/3f5f202f4-4a78-4f5e-8fa2-66e34b7f5b37,1322761792,Pteris grandifolia,Pteris grandifolia L.,Pteridaceae,Pteris,SPECIES,PRESERVED_SPECIMEN,1982-07-01,1982,-69.47,18.97,NA,821cc27a-e3bb-4bc5-ac34-89ada245069d,US,US,30,02,SABANA DE LA MAR,093002,874cf37adffffff
http://n2t.net/ark:/65665/3f6bd81fb-f1d6-433b-9916-3ced57ea78e0,1322779553,Calyptronoma plumeriana,Calyptronoma plumeriana (Mart.) Lourteig,Arecaceae,Calyptronoma,SPECIES,PRESERVED_SPECIMEN,1985-08-08,1985,-69.5333,18.9833,NA,821cc27a-e3bb-4bc5-ac34-89ada245069d,US,US,30,02,SABANA DE LA MAR,093002,874cf3785ffffff
http://n2t.net/ark:/65665/3f6dd9ff4-adad-46d8-9d1f-54327b1d3ec7,1322782442,Erechtites valerianifolius,Erechtites valerianifolius (Wolf ex Rchb.) DC.,Asteraceae,Erechtites,SPECIES,PRESERVED_SPECIMEN,1988-06-15,1988,-69.23,19,NA,821cc27a-e3bb-4bc5-ac34-89ada245069d,US,US,30,02,SABANA DE LA MAR,093002,874cf30c9ffffff
http://n2t.net/ark:/65665/3f71b09b7-c316-4342-b64f-a3d270ff9320,1322787756,Asplenium serratum,Asplenium serratum L.,Aspleniaceae,Asplenium,SPECIES,PRESERVED_SPECIMEN,1985-08-06,1985,-69.5,19,NA,821cc27a-e3bb-4bc5-ac34-89ada245069d,US,US,30,02,SABANA DE LA MAR,093002,874cf37a1ffffff
http://n2t.net/ark:/65665/3f9dd35b8-1e6d-4fe5-a880-5c3ba46f0560,1322849855,Serjania diversifolia,Serjania diversifolia (Jacq.) Radlk.,Sapindaceae,Serjania,SPECIES,PRESERVED_SPECIMEN,1996-09-23,1996,-69.4514,19.0556,NA,821cc27a-e3bb-4bc5-ac34-89ada245069d,US,US,30,02,SABANA DE LA MAR,093002,874cf3730ffffff
http://n2t.net/ark:/65665/3fc92f4ea-dee0-4d7e-b583-8115655a61cd,1322911182,Adiantum capillus-veneris,Adiantum capillus-veneris L.,Pteridaceae,Adiantum,SPECIES,PRESERVED_SPECIMEN,1992-07-08,1992,-69.47,19.07,NA,821cc27a-e3bb-4bc5-ac34-89ada245069d,US,US,30,02,SABANA DE LA MAR,093002,874cf3736ffffff
http://n2t.net/ark:/65665/3fd142655-b6bb-4e2d-983d-f3423babeec5,1322922897,Odontonema cuspidatum,Odontonema cuspidatum (Nees) Kuntze,Acanthaceae,Odontonema,SPECIES,PRESERVED_SPECIMEN,1982-06-28,1982,-69.4,19.07,NA,821cc27a-e3bb-4bc5-ac34-89ada245069d,US,US,30,02,SABANA DE LA MAR,093002,874cf3726ffffff
http://specimens.kew.org/herbarium/K000812340,4519393977,Myrcia abbottiana,Myrcia abbottiana (Urb.) Alain,Myrtaceae,Myrcia,SPECIES,PRESERVED_SPECIMEN,2012-02-09T00:00,2012,-69.471079,19.078807,NA,cd6e21c8-9e8a-493a-8a76-fbf7862069e5,K,Herbarium,30,02,SABANA DE LA MAR,093002,874cf346bffffff
http://specimens.kew.org/herbarium/K001149418,1252668052,Dioscorea hastata,Dioscorea hastata Mill.,Dioscoreaceae,Dioscorea,SPECIES,PRESERVED_SPECIMEN,1996-09-23T00:00,1996,-69.451389,19.050556,NA,cd6e21c8-9e8a-493a-8a76-fbf7862069e5,K,Herbarium,30,02,SABANA DE LA MAR,093002,874cf3730ffffff
http://specimens.kew.org/herbarium/K001726636,5276403158,Calyptronoma rivalis,Calyptronoma rivalis (O.F.Cook) L.H.Bailey,Arecaceae,Calyptronoma,SPECIES,PRESERVED_SPECIMEN,1985-08-09T00:00,1985,-69.133333,18.916667,NA,cd6e21c8-9e8a-493a-8a76-fbf7862069e5,K,Herbarium,30,02,SABANA DE LA MAR,093002,874cf338bffffff
http://specimens.kew.org/herbarium/K001837351,5236116404,Calyptronoma plumeriana,Calyptronoma plumeriana (Mart.) Lourteig,Arecaceae,Calyptronoma,SPECIES,PRESERVED_SPECIMEN,1985-08-08T00:00,1985,-69.533333,18.983334,NA,cd6e21c8-9e8a-493a-8a76-fbf7862069e5,K,Herbarium,30,02,SABANA DE LA MAR,093002,874cf3785ffffff
http://specimens.kew.org/herbarium/K001837356,5276385942,Calyptronoma rivalis,Calyptronoma rivalis (O.F.Cook) L.H.Bailey,Arecaceae,Calyptronoma,SPECIES,PRESERVED_SPECIMEN,1985-08-05T00:00,1985,-69.466667,18.983334,NA,cd6e21c8-9e8a-493a-8a76-fbf7862069e5,K,Herbarium,30,02,SABANA DE LA MAR,093002,874cf37adffffff
http://specimens.kew.org/herbarium/K003974190,4911522503,Flemingia strobilifera,Flemingia strobilifera (L.) W.T.Aiton,Fabaceae,Flemingia,SPECIES,PRESERVED_SPECIMEN,1988-06-14T00:00,1988,-69.466667,18.966667,NA,cd6e21c8-9e8a-493a-8a76-fbf7862069e5,K,Herbarium,30,02,SABANA DE LA MAR,093002,874cf37a9ffffff
http://specimens.kew.org/herbarium/K005354189,4873810200,Garciadelia leprosa,Leucocroton leprosus (Willd.) Pax & K.Hoffm.,Euphorbiaceae,Garciadelia,SPECIES,PRESERVED_SPECIMEN,1996-09-23T00:00,1996,-69.451389,19.055555,NA,cd6e21c8-9e8a-493a-8a76-fbf7862069e5,K,Herbarium,30,02,SABANA DE LA MAR,093002,874cf3730ffffff
http://specimens.kew.org/herbarium/K005546215,4906886963,Coccoloba incrassata,Coccoloba incrassata Urb.,Polygonaceae,Coccoloba,SPECIES,PRESERVED_SPECIMEN,1996-09-23T00:00,1996,-69.451389,19.055555,NA,cd6e21c8-9e8a-493a-8a76-fbf7862069e5,K,Herbarium,30,02,SABANA DE LA MAR,093002,874cf3730ffffff
http://specimens.kew.org/herbarium/K005549655,5077834382,Leptogonum domingensis,Leptogonum domingensis var. molle (Urb.) Brandbyge,Polygonaceae,Leptogonum,VARIETY,PRESERVED_SPECIMEN,1996-09-23T00:00,1996,-69.451389,19.055555,NA,cd6e21c8-9e8a-493a-8a76-fbf7862069e5,K,Herbarium,30,02,SABANA DE LA MAR,093002,874cf3730ffffff
http://specimens.kew.org/herbarium/K005574805,4996954966,Hyptis lantanifolia,Hyptis lantanifolia Poit.,Lamiaceae,Hyptis,SPECIES,PRESERVED_SPECIMEN,1986-02-21T00:00,1986,-69.5,19,NA,cd6e21c8-9e8a-493a-8a76-fbf7862069e5,K,Herbarium,30,02,SABANA DE LA MAR,093002,874cf37a1ffffff
http://specimens.kew.org/herbarium/K006014320,4977573469,Persicaria punctata,Polygonum punctatum Elliott,Polygonaceae,Persicaria,SPECIES,PRESERVED_SPECIMEN,1988-06-15T00:00,1988,-69.233333,19,NA,cd6e21c8-9e8a-493a-8a76-fbf7862069e5,K,Herbarium,30,02,SABANA DE LA MAR,093002,874cf30c9ffffff
http://specimens.kew.org/herbarium/K006182748,5072887644,Pavonia fruticosa,Pavonia fruticosa (Mill.) Fawc. & Rendle,Malvaceae,Pavonia,SPECIES,PRESERVED_SPECIMEN,1988-06-14T00:00,1988,-69.466667,18.966667,NA,cd6e21c8-9e8a-493a-8a76-fbf7862069e5,K,Herbarium,30,02,SABANA DE LA MAR,093002,874cf37a9ffffff
http://specimens.kew.org/herbarium/K006331340,5085170882,Guapira reticulata,Guapira reticulata Alain,Nyctaginaceae,Guapira,SPECIES,PRESERVED_SPECIMEN,1996-09-23T00:00,1996,-69.451389,19.055555,NA,cd6e21c8-9e8a-493a-8a76-fbf7862069e5,K,Herbarium,30,02,SABANA DE LA MAR,093002,874cf3730ffffff
http://specimens.kew.org/herbarium/K006335301,5058422792,Urena lobata,Urena lobata L.,Malvaceae,Urena,SPECIES,PRESERVED_SPECIMEN,1999-12-11T00:00,1999,-69.475,19.027777,NA,cd6e21c8-9e8a-493a-8a76-fbf7862069e5,K,Herbarium,30,02,SABANA DE LA MAR,093002,874cf3716ffffff
http://www.inaturalist.org/observations/4503629,1993776307,Musa paradisiaca,Musa × paradisiaca L.,Musaceae,Musa,SPECIES,HUMAN_OBSERVATION,2016-11-04T12:24:14,2016,-69.392792,19.042255,NA,50c9509d-22c7-4a22-a47d-8c48425ef4a7,iNaturalist,Observations,30,02,SABANA DE LA MAR,093002,874cf3723ffffff
https://data.biodiversitydata.nl/naturalis/specimen/L.1415988,2513715952,Dieffenbachia seguine,Dieffenbachia seguine (Jacq.) Schott,Araceae,Dieffenbachia,SPECIES,PRESERVED_SPECIMEN,1988-06-14,1988,-69.46667,18.96667,NA,15f819bd-6612-4447-854b-14d12ee1022d,,Botany,30,02,SABANA DE LA MAR,093002,874cf37a9ffffff
https://data.biodiversitydata.nl/naturalis/specimen/U%20%200091190,2515679234,Anomobryum apiculatum,Bryum apiculatum Schwägr.,Bryaceae,Anomobryum,SPECIES,PRESERVED_SPECIMEN,1982-06-28,1982,-69.45,19.06667,NA,15f819bd-6612-4447-854b-14d12ee1022d,,Botany,30,02,SABANA DE LA MAR,093002,874cf3734ffffff
https://data.biodiversitydata.nl/naturalis/specimen/U.1000095,2515373019,Asplenium serratum,Asplenium serratum L.,Aspleniaceae,Asplenium,SPECIES,PRESERVED_SPECIMEN,1985-08-08,1985,-69.5,19,NA,15f819bd-6612-4447-854b-14d12ee1022d,,Botany,30,02,SABANA DE LA MAR,093002,874cf37a1ffffff
https://data.biodiversitydata.nl/naturalis/specimen/U.1000096,2515145005,Asplenium serratum,Asplenium serratum L.,Aspleniaceae,Asplenium,SPECIES,PRESERVED_SPECIMEN,1985-08-06,1985,-69.5,19,NA,15f819bd-6612-4447-854b-14d12ee1022d,,Botany,30,02,SABANA DE LA MAR,093002,874cf37a1ffffff
https://data.biodiversitydata.nl/naturalis/specimen/U.1000097,2515326986,Asplenium serratum,Asplenium serratum L.,Aspleniaceae,Asplenium,SPECIES,PRESERVED_SPECIMEN,1985-04-25,1985,-69.56667,19.08333,NA,15f819bd-6612-4447-854b-14d12ee1022d,,Botany,30,02,SABANA DE LA MAR,093002,874cf3451ffffff
https://data.biodiversitydata.nl/naturalis/specimen/U.1000979,2517308641,Asplenium abscissum,Asplenium abscissum Willd.,Aspleniaceae,Asplenium,SPECIES,PRESERVED_SPECIMEN,1985-04-23,1985,-69.58333,19.08333,NA,15f819bd-6612-4447-854b-14d12ee1022d,,Botany,30,02,SABANA DE LA MAR,093002,874cf3453ffffff
https://data.biodiversitydata.nl/naturalis/specimen/U.1001054,2515339299,Asplenium cuneatum,Asplenium cuneatum Lam.,Aspleniaceae,Asplenium,SPECIES,PRESERVED_SPECIMEN,1985-08-06,1985,-69.5,19,NA,15f819bd-6612-4447-854b-14d12ee1022d,,Botany,30,02,SABANA DE LA MAR,093002,874cf37a1ffffff
https://data.biodiversitydata.nl/naturalis/specimen/U.1008595,2515151141,Polystichopsis chaerophylloides,Polystichopsis chaerophylloides (Poir.) C.V.Morton,Dryopteridaceae,Polystichopsis,SPECIES,PRESERVED_SPECIMEN,1985-08-06,1985,-69.5,19,NA,15f819bd-6612-4447-854b-14d12ee1022d,,Botany,30,02,SABANA DE LA MAR,093002,874cf37a1ffffff
https://data.biodiversitydata.nl/naturalis/specimen/U.1014494,2515343017,Cyclopeltis semicordata,Cyclopeltis semicordata (Sw.) J.Sm.,Lomariopsidaceae,Cyclopeltis,SPECIES,PRESERVED_SPECIMEN,1985-04-23,1985,-69.58333,19.08333,NA,15f819bd-6612-4447-854b-14d12ee1022d,,Botany,30,02,SABANA DE LA MAR,093002,874cf3453ffffff
https://data.biodiversitydata.nl/naturalis/specimen/U.1014495,2515383838,Cyclopeltis semicordata,Cyclopeltis semicordata (Sw.) J.Sm.,Lomariopsidaceae,Cyclopeltis,SPECIES,PRESERVED_SPECIMEN,1982-06-30,1982,-69.5,19.08333,NA,15f819bd-6612-4447-854b-14d12ee1022d,,Botany,30,02,SABANA DE LA MAR,093002,874cf346affffff
https://data.biodiversitydata.nl/naturalis/specimen/U.1014498,2515374491,Cyclopeltis semicordata,Cyclopeltis semicordata (Sw.) J.Sm.,Lomariopsidaceae,Cyclopeltis,SPECIES,PRESERVED_SPECIMEN,1985-08-06,1985,-69.5,19,NA,15f819bd-6612-4447-854b-14d12ee1022d,,Botany,30,02,SABANA DE LA MAR,093002,874cf37a1ffffff
https://data.biodiversitydata.nl/naturalis/specimen/U.1014499,2515222550,Cyclopeltis semicordata,Cyclopeltis semicordata (Sw.) J.Sm.,Lomariopsidaceae,Cyclopeltis,SPECIES,PRESERVED_SPECIMEN,1985-08-06,1985,-69.5,19,NA,15f819bd-6612-4447-854b-14d12ee1022d,,Botany,30,02,SABANA DE LA MAR,093002,874cf37a1ffffff
https://data.biodiversitydata.nl/naturalis/specimen/U.1017047,2517347800,Palhinhaea cernua,Lycopodium cernuum L.,Lycopodiaceae,Palhinhaea,SPECIES,PRESERVED_SPECIMEN,1982-09-15,1982,-69.13333,18.91667,NA,15f819bd-6612-4447-854b-14d12ee1022d,,Botany,30,02,SABANA DE LA MAR,093002,874cf338bffffff
https://data.biodiversitydata.nl/naturalis/specimen/U.1022026,2517077899,Bolbitis aliena,Bolbitis aliena (Sw.) Alston,Dryopteridaceae,Bolbitis,SPECIES,PRESERVED_SPECIMEN,1982-09-15,1982,-69.13333,18.91667,NA,15f819bd-6612-4447-854b-14d12ee1022d,,Botany,30,02,SABANA DE LA MAR,093002,874cf338bffffff
https://data.biodiversitydata.nl/naturalis/specimen/U.1023495,2517273875,Campyloneurum angustifolium,Campyloneurum angustifolium var. angustifolium,Polypodiaceae,Campyloneurum,VARIETY,PRESERVED_SPECIMEN,1985-04-25,1985,-69.55,19.08333,NA,15f819bd-6612-4447-854b-14d12ee1022d,,Botany,30,02,SABANA DE LA MAR,093002,874cf3442ffffff
https://data.biodiversitydata.nl/naturalis/specimen/U.1023765,2515223943,Microgramma lycopodioides,Polypodium lycopodioides L.,Polypodiaceae,Microgramma,SPECIES,PRESERVED_SPECIMEN,1985-08-07,1985,-69.51667,19,NA,15f819bd-6612-4447-854b-14d12ee1022d,,Botany,30,02,SABANA DE LA MAR,093002,874cf37a3ffffff
https://data.biodiversitydata.nl/naturalis/specimen/U.1029124,2516901283,Pleopeltis polypodioides,Polypodium polypodioides (L.) Watt,Polypodiaceae,Pleopeltis,SPECIES,PRESERVED_SPECIMEN,1981-03-28,1981,-69.28333,19.01667,NA,15f819bd-6612-4447-854b-14d12ee1022d,,Botany,30,02,SABANA DE LA MAR,093002,874cf30ddffffff
https://data.biodiversitydata.nl/naturalis/specimen/U.1029234,2517078937,Phlebodium aureum,Phlebodium aureum (L.) J.Sm.,Polypodiaceae,Phlebodium,SPECIES,PRESERVED_SPECIMEN,1982-09-15,1982,-69.13333,18.91667,NA,15f819bd-6612-4447-854b-14d12ee1022d,,Botany,30,02,SABANA DE LA MAR,093002,874cf338bffffff
https://data.biodiversitydata.nl/naturalis/specimen/U.1032030,2516877346,Adiantum pyramidale,Adiantum pyramidale (L.) Willd.,Pteridaceae,Adiantum,SPECIES,PRESERVED_SPECIMEN,1982-10-28,1982,-69.575,19.08333,NA,15f819bd-6612-4447-854b-14d12ee1022d,,Botany,30,02,SABANA DE LA MAR,093002,874cf3451ffffff
https://data.biodiversitydata.nl/naturalis/specimen/U.1032271,2515182862,Adiantum latifolium,Adiantum latifolium Lam.,Pteridaceae,Adiantum,SPECIES,PRESERVED_SPECIMEN,1982-09-16,1982,-69.28333,19.01667,NA,15f819bd-6612-4447-854b-14d12ee1022d,,Botany,30,02,SABANA DE LA MAR,093002,874cf30ddffffff
https://data.biodiversitydata.nl/naturalis/specimen/U.1037667,2517309155,Anemia abbottii,Anemia abbottii Maxon,Anemiaceae,Anemia,SPECIES,PRESERVED_SPECIMEN,1985-08-06,1985,-69.5,19,NA,15f819bd-6612-4447-854b-14d12ee1022d,,Botany,30,02,SABANA DE LA MAR,093002,874cf37a1ffffff
https://data.biodiversitydata.nl/naturalis/specimen/U.1039713,2517284146,Polytaenium citrifolium,Anetium citrifolium (L.) Splitg.,Pteridaceae,Polytaenium,SPECIES,PRESERVED_SPECIMEN,1986-02-20,1986,-69.5,19,NA,15f819bd-6612-4447-854b-14d12ee1022d,,Botany,30,02,SABANA DE LA MAR,093002,874cf37a1ffffff
https://data.biodiversitydata.nl/naturalis/specimen/U.1042918,2517258184,Christella dentata,Thelypteris dentata (Forssk.) E.P.St.John,Thelypteridaceae,Christella,SPECIES,PRESERVED_SPECIMEN,1982-06-30,1982,-69.5,19.08333,NA,15f819bd-6612-4447-854b-14d12ee1022d,,Botany,30,02,SABANA DE LA MAR,093002,874cf346affffff
https://data.biodiversitydata.nl/naturalis/specimen/U.1071606,2516902918,Annona montana,Annona montana Macfad.,Annonaceae,Annona,SPECIES,PRESERVED_SPECIMEN,1996-05-18,1996,-69.4,19.06667,NA,15f819bd-6612-4447-854b-14d12ee1022d,,Botany,30,02,SABANA DE LA MAR,093002,874cf3726ffffff
https://data.biodiversitydata.nl/naturalis/specimen/U.1071632,2515261621,Annona glabra,Annona glabra L.,Annonaceae,Annona,SPECIES,PRESERVED_SPECIMEN,1996-05-18,1996,-69.4,19.06667,NA,15f819bd-6612-4447-854b-14d12ee1022d,,Botany,30,02,SABANA DE LA MAR,093002,874cf3726ffffff
https://data.biodiversitydata.nl/naturalis/specimen/U.1085677,2516912196,Hypoderris brownii,Hypoderris brownii J.Sm.,Tectariaceae,Hypoderris,SPECIES,PRESERVED_SPECIMEN,1985-01-06/1985-12-06,1985,-69.5,19,NA,15f819bd-6612-4447-854b-14d12ee1022d,,Botany,30,02,SABANA DE LA MAR,093002,874cf37a1ffffff
https://data.biodiversitydata.nl/naturalis/specimen/U.1093547,2516903257,Anthurium scandens,Anthurium scandens (Aubl.) Engl.,Araceae,Anthurium,SPECIES,PRESERVED_SPECIMEN,1980-08-20,1980,-69.38333,19.01667,NA,15f819bd-6612-4447-854b-14d12ee1022d,,Botany,30,02,SABANA DE LA MAR,093002,874cf3705ffffff
https://data.biodiversitydata.nl/naturalis/specimen/U.1126826,2515299098,Hebeclinium macrophyllum,Eupatorium macrophyllum L.,Asteraceae,Hebeclinium,SPECIES,PRESERVED_SPECIMEN,1985-08-08,1985,-69.5,19,NA,15f819bd-6612-4447-854b-14d12ee1022d,,Botany,30,02,SABANA DE LA MAR,093002,874cf37a1ffffff
https://data.biodiversitydata.nl/naturalis/specimen/U.1126827,2515329211,Hebeclinium macrophyllum,Eupatorium macrophyllum L.,Asteraceae,Hebeclinium,SPECIES,PRESERVED_SPECIMEN,1985-04-23,1985,-69.58333,19.08333,NA,15f819bd-6612-4447-854b-14d12ee1022d,,Botany,30,02,SABANA DE LA MAR,093002,874cf3453ffffff
https://data.biodiversitydata.nl/naturalis/specimen/U.1141259,2516954894,Piptocoma samanensis,Piptocoma samanensis Alain,Asteraceae,Piptocoma,SPECIES,PRESERVED_SPECIMEN,1985-08-06,1985,-69.5,19,NA,15f819bd-6612-4447-854b-14d12ee1022d,,Botany,30,02,SABANA DE LA MAR,093002,874cf37a1ffffff
https://data.biodiversitydata.nl/naturalis/specimen/U.1144807,2516932015,Begonia brachypoda,Begonia brachypoda O.E.Schulz,Begoniaceae,Begonia,SPECIES,PRESERVED_SPECIMEN,1985-08-08,1985,-69.5,19,NA,15f819bd-6612-4447-854b-14d12ee1022d,,Botany,30,02,SABANA DE LA MAR,093002,874cf37a1ffffff
https://data.biodiversitydata.nl/naturalis/specimen/U.1155787,2517095852,Amphitecna latifolia,Amphitecna latifolia (Mill.) A.H.Gentry,Bignoniaceae,Amphitecna,SPECIES,PRESERVED_SPECIMEN,1985-04-25,1985,-69.56667,19.08333,NA,15f819bd-6612-4447-854b-14d12ee1022d,,Botany,30,02,SABANA DE LA MAR,093002,874cf3451ffffff
https://data.biodiversitydata.nl/naturalis/specimen/U.1174328,2517086153,Bursera simaruba,Bursera simaruba (L.) Sarg.,Burseraceae,Bursera,SPECIES,PRESERVED_SPECIMEN,1982-06-30,1982,-69.5,19.08333,NA,15f819bd-6612-4447-854b-14d12ee1022d,,Botany,30,02,SABANA DE LA MAR,093002,874cf346affffff
https://data.biodiversitydata.nl/naturalis/specimen/U.1208687,2517128598,Clusia picardae,Clusia picardae Urb.,Clusiaceae,Clusia,SPECIES,PRESERVED_SPECIMEN,1986-02-20,1986,-69.5,19,NA,15f819bd-6612-4447-854b-14d12ee1022d,,Botany,30,02,SABANA DE LA MAR,093002,874cf37a1ffffff
https://data.biodiversitydata.nl/naturalis/specimen/U.1225555,2515364460,Costus scaber,Costus scaber Ruiz & Pav.,Costaceae,Costus,SPECIES,PRESERVED_SPECIMEN,1985-04-23,1985,-69.58333,19.08333,NA,15f819bd-6612-4447-854b-14d12ee1022d,,Botany,30,02,SABANA DE LA MAR,093002,874cf3453ffffff
https://data.biodiversitydata.nl/naturalis/specimen/U.1225557,2516954167,Costus scaber,Costus scaber Ruiz & Pav.,Costaceae,Costus,SPECIES,PRESERVED_SPECIMEN,1985-04-23,1985,-69.58333,19.08333,NA,15f819bd-6612-4447-854b-14d12ee1022d,,Botany,30,02,SABANA DE LA MAR,093002,874cf3453ffffff
https://data.biodiversitydata.nl/naturalis/specimen/U.1225559,2515459107,Costus scaber,Costus scaber Ruiz & Pav.,Costaceae,Costus,SPECIES,PRESERVED_SPECIMEN,1982-09-15,1982,-69.13333,18.91667,NA,15f819bd-6612-4447-854b-14d12ee1022d,,Botany,30,02,SABANA DE LA MAR,093002,874cf338bffffff
https://data.biodiversitydata.nl/naturalis/specimen/U.1225560,2517399856,Costus scaber,Costus scaber Ruiz & Pav.,Costaceae,Costus,SPECIES,PRESERVED_SPECIMEN,1982-06-30,1982,-69.5,19.08333,NA,15f819bd-6612-4447-854b-14d12ee1022d,,Botany,30,02,SABANA DE LA MAR,093002,874cf346affffff
https://data.biodiversitydata.nl/naturalis/specimen/U.1225567,2516973219,Costus spicatus,Costus spicatus (Jacq.) Sw.,Costaceae,Costus,SPECIES,PRESERVED_SPECIMEN,1982-07-01,1982,-69.46667,18.96667,NA,15f819bd-6612-4447-854b-14d12ee1022d,,Botany,30,02,SABANA DE LA MAR,093002,874cf37a9ffffff
https://data.biodiversitydata.nl/naturalis/specimen/U.1225570,2517405892,Costus spicatus,Costus spicatus (Jacq.) Sw.,Costaceae,Costus,SPECIES,PRESERVED_SPECIMEN,1988-06-14,1988,-69.46667,18.96667,NA,15f819bd-6612-4447-854b-14d12ee1022d,,Botany,30,02,SABANA DE LA MAR,093002,874cf37a9ffffff
https://data.biodiversitydata.nl/naturalis/specimen/U.1225579,2515345456,Costus spicatus,Costus spicatus (Jacq.) Sw.,Costaceae,Costus,SPECIES,PRESERVED_SPECIMEN,1996-05-18,1996,-69.4,19.06667,NA,15f819bd-6612-4447-854b-14d12ee1022d,,Botany,30,02,SABANA DE LA MAR,093002,874cf3726ffffff
https://data.biodiversitydata.nl/naturalis/specimen/U.1262071,2515399222,Zapoteca nervosa,Calliandra nervosa (Urb.) Urb. & Ekman,Fabaceae,Zapoteca,SPECIES,PRESERVED_SPECIMEN,1985-08-07,1985,-69.51667,19,NA,15f819bd-6612-4447-854b-14d12ee1022d,,Botany,30,02,SABANA DE LA MAR,093002,874cf37a3ffffff
https://data.biodiversitydata.nl/naturalis/specimen/U.1264994,2517147499,Dalbergia berteroi,Dalbergia berteroi (DC.) Urb.,Fabaceae,Dalbergia,SPECIES,PRESERVED_SPECIMEN,1986-02-12,1986,-69.56667,19.08333,NA,15f819bd-6612-4447-854b-14d12ee1022d,,Botany,30,02,SABANA DE LA MAR,093002,874cf3451ffffff
https://data.biodiversitydata.nl/naturalis/specimen/U.1264995,2517115447,Dalbergia berteroi,Dalbergia berteroi (DC.) Urb.,Fabaceae,Dalbergia,SPECIES,PRESERVED_SPECIMEN,1986-02-12,1986,-69.56667,19.08333,NA,15f819bd-6612-4447-854b-14d12ee1022d,,Botany,30,02,SABANA DE LA MAR,093002,874cf3451ffffff
https://data.biodiversitydata.nl/naturalis/specimen/U.1298658,2515396599,Rhynchospora radicans,Rhynchospora radicans subsp. microcephala (Bertero ex Spreng.) W.W.Thomas,Cyperaceae,Rhynchospora,SUBSPECIES,PRESERVED_SPECIMEN,1985-08-06,1985,-69.5,19,NA,15f819bd-6612-4447-854b-14d12ee1022d,,Botany,30,02,SABANA DE LA MAR,093002,874cf37a1ffffff
https://data.biodiversitydata.nl/naturalis/specimen/U.1305191,2517437995,Desmodium axillare,Desmodium axillare (Sw.) DC.,Fabaceae,Desmodium,SPECIES,PRESERVED_SPECIMEN,1985-08-08,1985,-69.5,19,NA,15f819bd-6612-4447-854b-14d12ee1022d,,Botany,30,02,SABANA DE LA MAR,093002,874cf37a1ffffff
https://data.biodiversitydata.nl/naturalis/specimen/U.1315072,2515539186,Lonchocarpus heptaphyllus,Lonchocarpus latifolius (Willd.) Kunth,Fabaceae,Lonchocarpus,SPECIES,PRESERVED_SPECIMEN,1982-06-30,1982,-69.5,19.08333,NA,15f819bd-6612-4447-854b-14d12ee1022d,,Botany,30,02,SABANA DE LA MAR,093002,874cf346affffff
https://data.biodiversitydata.nl/naturalis/specimen/U.1333087,2515430869,Senna occidentalis,Cassia occidentalis L.,Fabaceae,Senna,SPECIES,PRESERVED_SPECIMEN,1985-08-07,1985,-69.51667,19,NA,15f819bd-6612-4447-854b-14d12ee1022d,,Botany,30,02,SABANA DE LA MAR,093002,874cf37a3ffffff
https://data.biodiversitydata.nl/naturalis/specimen/U.1350979,2517469663,Heliconia caribaea,Heliconia caribaea Lam.,Heliconiaceae,Heliconia,SPECIES,PRESERVED_SPECIMEN,1981-01-14,1981,-69.38333,19,NA,15f819bd-6612-4447-854b-14d12ee1022d,,Botany,30,02,SABANA DE LA MAR,093002,874cf3701ffffff
https://data.biodiversitydata.nl/naturalis/specimen/U.1350980,2517203614,Heliconia caribaea,Heliconia caribaea Lam.,Heliconiaceae,Heliconia,SPECIES,PRESERVED_SPECIMEN,1981-01-14,1981,-69.38333,19,NA,15f819bd-6612-4447-854b-14d12ee1022d,,Botany,30,02,SABANA DE LA MAR,093002,874cf3701ffffff
https://data.biodiversitydata.nl/naturalis/specimen/U.1362553,2515533362,Cuphea micrantha,Cuphea micrantha Kunth,Lythraceae,Cuphea,SPECIES,PRESERVED_SPECIMEN,1986-02-21,1986,-69.5,19,NA,15f819bd-6612-4447-854b-14d12ee1022d,,Botany,30,02,SABANA DE LA MAR,093002,874cf37a1ffffff
https://data.biodiversitydata.nl/naturalis/specimen/U.1365351,2515564838,Mitreola petiolata,Mitreola petiolata (J.F.Gmel.) Torr. & A.Gray,Loganiaceae,Mitreola,SPECIES,PRESERVED_SPECIMEN,1982-06-28,1982,-69.45,19.06667,NA,15f819bd-6612-4447-854b-14d12ee1022d,,Botany,30,02,SABANA DE LA MAR,093002,874cf3734ffffff
https://data.biodiversitydata.nl/naturalis/specimen/U.1365352,2515513812,Mitreola petiolata,Mitreola petiolata (J.F.Gmel.) Torr. & A.Gray,Loganiaceae,Mitreola,SPECIES,PRESERVED_SPECIMEN,1982-06-28,1982,-69.45,19.06667,NA,15f819bd-6612-4447-854b-14d12ee1022d,,Botany,30,02,SABANA DE LA MAR,093002,874cf3734ffffff
https://data.biodiversitydata.nl/naturalis/specimen/U.1379654,2515476461,Acisanthera quadrata,Acisanthera quadrata Juss. ex Poir.,Melastomataceae,Acisanthera,SPECIES,PRESERVED_SPECIMEN,1986-02-21,1986,-69.5,19,NA,15f819bd-6612-4447-854b-14d12ee1022d,,Botany,30,02,SABANA DE LA MAR,093002,874cf37a1ffffff
https://data.biodiversitydata.nl/naturalis/specimen/U.1385922,2517470137,Miconia laevigata,Miconia laevigata (L.) DC.,Melastomataceae,Miconia,SPECIES,PRESERVED_SPECIMEN,1982-07-01,1982,-69.46667,18.96667,NA,15f819bd-6612-4447-854b-14d12ee1022d,,Botany,30,02,SABANA DE LA MAR,093002,874cf37a9ffffff
https://data.biodiversitydata.nl/naturalis/specimen/U.1387443,2517186090,Nepsera aquatica,Nepsera aquatica (Aubl.) Naudin,Melastomataceae,Nepsera,SPECIES,PRESERVED_SPECIMEN,1982-06-28,1982,-69.45,19.06667,NA,15f819bd-6612-4447-854b-14d12ee1022d,,Botany,30,02,SABANA DE LA MAR,093002,874cf3734ffffff
https://data.biodiversitydata.nl/naturalis/specimen/U.1388909,2517204145,Carapichea guianensis,Carapichea guianensis Aubl.,Rubiaceae,Carapichea,SPECIES,PRESERVED_SPECIMEN,1982-07-01,1982,-69.46667,18.96667,NA,15f819bd-6612-4447-854b-14d12ee1022d,,Botany,30,02,SABANA DE LA MAR,093002,874cf37a9ffffff
https://data.biodiversitydata.nl/naturalis/specimen/U.1388910,2515420981,Carapichea guianensis,Carapichea guianensis Aubl.,Rubiaceae,Carapichea,SPECIES,PRESERVED_SPECIMEN,1982-07-01,1982,-69.46667,18.96667,NA,15f819bd-6612-4447-854b-14d12ee1022d,,Botany,30,02,SABANA DE LA MAR,093002,874cf37a9ffffff
https://data.biodiversitydata.nl/naturalis/specimen/U.1397508,2515464281,Guarea glabra,Guarea glabra Vahl,Meliaceae,Guarea,SPECIES,PRESERVED_SPECIMEN,1986-02-20,1986,-69.5,19,NA,15f819bd-6612-4447-854b-14d12ee1022d,,Botany,30,02,SABANA DE LA MAR,093002,874cf37a1ffffff
https://data.biodiversitydata.nl/naturalis/specimen/U.1397509,2517461254,Guarea glabra,Guarea glabra Vahl,Meliaceae,Guarea,SPECIES,PRESERVED_SPECIMEN,1986-02-20,1986,-69.5,19,NA,15f819bd-6612-4447-854b-14d12ee1022d,,Botany,30,02,SABANA DE LA MAR,093002,874cf37a1ffffff
https://data.biodiversitydata.nl/naturalis/specimen/U.1411513,2517466475,Canna indica,Canna indica L.,Cannaceae,Canna,SPECIES,PRESERVED_SPECIMEN,1981-01-14,1981,-69.38333,19,NA,15f819bd-6612-4447-854b-14d12ee1022d,,Botany,30,02,SABANA DE LA MAR,093002,874cf3701ffffff
https://data.biodiversitydata.nl/naturalis/specimen/U.1421257,2515349401,Miconia cornifolia,Tetrazygia cornifolia (Desr.) Griseb.,Melastomataceae,Miconia,SPECIES,PRESERVED_SPECIMEN,1985-08-06,1985,-69.5,19,NA,15f819bd-6612-4447-854b-14d12ee1022d,,Botany,30,02,SABANA DE LA MAR,093002,874cf37a1ffffff
https://data.biodiversitydata.nl/naturalis/specimen/U.1423698,2517216594,Mouriri helleri,Mouriri helleri var. samanensis (Urb.) Morley,Melastomataceae,Mouriri,VARIETY,PRESERVED_SPECIMEN,1985-04-24,1985,-69.56667,19.08333,NA,15f819bd-6612-4447-854b-14d12ee1022d,,Botany,30,02,SABANA DE LA MAR,093002,874cf3451ffffff
https://data.biodiversitydata.nl/naturalis/specimen/U.1427428,2517206617,Trophis racemosa,Trophis racemosa (L.) Urb.,Moraceae,Trophis,SPECIES,PRESERVED_SPECIMEN,1985-08-06,1985,-69.5,19,NA,15f819bd-6612-4447-854b-14d12ee1022d,,Botany,30,02,SABANA DE LA MAR,093002,874cf37a1ffffff
https://data.biodiversitydata.nl/naturalis/specimen/U.1436742,2517044080,Pseudolmedia spuria,Pseudolmedia spuria (Sw.) Griseb.,Moraceae,Pseudolmedia,SPECIES,PRESERVED_SPECIMEN,1985-04-24,1985,-69.56667,19.08333,NA,15f819bd-6612-4447-854b-14d12ee1022d,,Botany,30,02,SABANA DE LA MAR,093002,874cf3451ffffff
https://data.biodiversitydata.nl/naturalis/specimen/U.1440765,2517493841,Myrcia neosintenisii,Calyptranthes sintenisii Kiaersk.,Myrtaceae,Myrcia,SPECIES,PRESERVED_SPECIMEN,1985-04-23,1985,-69.58333,19.08333,NA,15f819bd-6612-4447-854b-14d12ee1022d,,Botany,30,02,SABANA DE LA MAR,093002,874cf3453ffffff
https://data.biodiversitydata.nl/naturalis/specimen/U.1440766,2517464842,Myrcia neosintenisii,Calyptranthes sintenisii Kiaersk.,Myrtaceae,Myrcia,SPECIES,PRESERVED_SPECIMEN,1985-04-23,1985,-69.58333,19.08333,NA,15f819bd-6612-4447-854b-14d12ee1022d,,Botany,30,02,SABANA DE LA MAR,093002,874cf3453ffffff
https://data.biodiversitydata.nl/naturalis/specimen/U.1440770,2517477749,Myrcia chytraculia,Calyptranthes syzygium (L.) Sw.,Myrtaceae,Myrcia,SPECIES,PRESERVED_SPECIMEN,1982-10-28,1982,-69.58056,19.08333,NA,15f819bd-6612-4447-854b-14d12ee1022d,,Botany,30,02,SABANA DE LA MAR,093002,874cf3451ffffff
https://data.biodiversitydata.nl/naturalis/specimen/U.1440771,2517211825,Myrcia chytraculia,Calyptranthes syzygium (L.) Sw.,Myrtaceae,Myrcia,SPECIES,PRESERVED_SPECIMEN,1982-06-30,1982,-69.5,19.08333,NA,15f819bd-6612-4447-854b-14d12ee1022d,,Botany,30,02,SABANA DE LA MAR,093002,874cf346affffff
https://data.biodiversitydata.nl/naturalis/specimen/U.1440772,2517224913,Myrcia chytraculia,Calyptranthes syzygium (L.) Sw.,Myrtaceae,Myrcia,SPECIES,PRESERVED_SPECIMEN,1982-06-30,1982,-69.5,19.08333,NA,15f819bd-6612-4447-854b-14d12ee1022d,,Botany,30,02,SABANA DE LA MAR,093002,874cf346affffff
https://data.biodiversitydata.nl/naturalis/specimen/U.1451237,2515451548,Myrcia abbottiana,Myrcia abbottiana (Urb.) Alain,Myrtaceae,Myrcia,SPECIES,PRESERVED_SPECIMEN,1982-10-28,1982,-69.575,19.08333,NA,15f819bd-6612-4447-854b-14d12ee1022d,,Botany,30,02,SABANA DE LA MAR,093002,874cf3451ffffff
https://data.biodiversitydata.nl/naturalis/specimen/U.1451238,2515358675,Myrcia abbottiana,Myrcia abbottiana (Urb.) Alain,Myrtaceae,Myrcia,SPECIES,PRESERVED_SPECIMEN,1985-04-25,1985,-69.55,19.08333,NA,15f819bd-6612-4447-854b-14d12ee1022d,,Botany,30,02,SABANA DE LA MAR,093002,874cf3442ffffff
https://data.biodiversitydata.nl/naturalis/specimen/U.1452534,2515377232,Pimenta racemosa,Pimenta racemosa var. grisea (Kiaersk.) Fosberg,Myrtaceae,Pimenta,VARIETY,PRESERVED_SPECIMEN,1986-02-20,1986,-69.5,19,NA,15f819bd-6612-4447-854b-14d12ee1022d,,Botany,30,02,SABANA DE LA MAR,093002,874cf37a1ffffff
https://data.biodiversitydata.nl/naturalis/specimen/U.1452540,2515604948,Pimenta racemosa,Pimenta racemosa var. terebinthina (Burret) Landrum,Myrtaceae,Pimenta,VARIETY,PRESERVED_SPECIMEN,1985-08-07,1985,-69.51667,19,NA,15f819bd-6612-4447-854b-14d12ee1022d,,Botany,30,02,SABANA DE LA MAR,093002,874cf37a3ffffff
https://data.biodiversitydata.nl/naturalis/specimen/U.1460195,2517465102,Epidendrum ramosum,Epidendrum ramosum Jacq.,Orchidaceae,Epidendrum,SPECIES,PRESERVED_SPECIMEN,1986-02-19,1986,-69.5,19,NA,15f819bd-6612-4447-854b-14d12ee1022d,,Botany,30,02,SABANA DE LA MAR,093002,874cf37a1ffffff
https://data.biodiversitydata.nl/naturalis/specimen/U.1468612,2517475202,Bocconia frutescens,Bocconia frutescens L.,Papaveraceae,Bocconia,SPECIES,PRESERVED_SPECIMEN,1985-04-23,1985,-69.58333,19.08333,NA,15f819bd-6612-4447-854b-14d12ee1022d,,Botany,30,02,SABANA DE LA MAR,093002,874cf3453ffffff
https://data.biodiversitydata.nl/naturalis/specimen/U.1478390,2517082750,Piper peltatum,Pothomorphe peltata (L.) Miq.,Piperaceae,Piper,SPECIES,PRESERVED_SPECIMEN,1982-07-01,1982,-69.46667,18.96667,NA,15f819bd-6612-4447-854b-14d12ee1022d,,Botany,30,02,SABANA DE LA MAR,093002,874cf37a9ffffff
https://data.biodiversitydata.nl/naturalis/specimen/U.1480630,2515376487,Peperomia pellucida,Peperomia pellucida (L.) Kunth,Piperaceae,Peperomia,SPECIES,PRESERVED_SPECIMEN,1985-04-23,1985,-69.58333,19.08333,NA,15f819bd-6612-4447-854b-14d12ee1022d,,Botany,30,02,SABANA DE LA MAR,093002,874cf3453ffffff
https://data.biodiversitydata.nl/naturalis/specimen/U.1480650,2515377648,Peperomia rotundifolia,Peperomia rotundifolia (L.) Kunth,Piperaceae,Peperomia,SPECIES,PRESERVED_SPECIMEN,1982-07-01,1982,-69.46667,18.96667,NA,15f819bd-6612-4447-854b-14d12ee1022d,,Botany,30,02,SABANA DE LA MAR,093002,874cf37a9ffffff
https://data.biodiversitydata.nl/naturalis/specimen/U.1480655,2515585999,Peperomia rotundifolia,Peperomia rotundifolia (L.) Kunth,Piperaceae,Peperomia,SPECIES,PRESERVED_SPECIMEN,1985-08-06,1985,-69.5,19,NA,15f819bd-6612-4447-854b-14d12ee1022d,,Botany,30,02,SABANA DE LA MAR,093002,874cf37a1ffffff
https://data.biodiversitydata.nl/naturalis/specimen/U.1490499,2517225603,Piper jacquemontianum,Piper jacquemontianum (Kunth) Kunth ex Steud.,Piperaceae,Piper,SPECIES,PRESERVED_SPECIMEN,1982-07-01,1982,-69.46667,18.96667,NA,15f819bd-6612-4447-854b-14d12ee1022d,,Botany,30,02,SABANA DE LA MAR,093002,874cf37a9ffffff
https://data.biodiversitydata.nl/naturalis/specimen/U.1490502,2515607516,Piper jacquemontianum,Piper jacquemontianum (Kunth) Kunth ex Steud.,Piperaceae,Piper,SPECIES,PRESERVED_SPECIMEN,1985-08-06,1985,-69.5,19,NA,15f819bd-6612-4447-854b-14d12ee1022d,,Botany,30,02,SABANA DE LA MAR,093002,874cf37a1ffffff
https://data.biodiversitydata.nl/naturalis/specimen/U.1490504,2515584908,Piper jacquemontianum,Piper jacquemontianum (Kunth) Kunth ex Steud.,Piperaceae,Piper,SPECIES,PRESERVED_SPECIMEN,1982-06-30,1982,-69.5,19.08333,NA,15f819bd-6612-4447-854b-14d12ee1022d,,Botany,30,02,SABANA DE LA MAR,093002,874cf346affffff
https://data.biodiversitydata.nl/naturalis/specimen/U.1490611,2517103895,Piper camptostachys,Piper camptostachys Urb.,Piperaceae,Piper,SPECIES,PRESERVED_SPECIMEN,1986-02-20,1986,-69.5,19,NA,15f819bd-6612-4447-854b-14d12ee1022d,,Botany,30,02,SABANA DE LA MAR,093002,874cf37a1ffffff
https://data.biodiversitydata.nl/naturalis/specimen/U.1514366,2515470760,Pharus parvifolius,Pharus parvifolius Nash,Poaceae,Pharus,SPECIES,PRESERVED_SPECIMEN,1986-02-19,1986,-69.5,19,NA,15f819bd-6612-4447-854b-14d12ee1022d,,Botany,30,02,SABANA DE LA MAR,093002,874cf37a1ffffff
https://data.biodiversitydata.nl/naturalis/specimen/U.1532713,2517522130,Drypetes glauca,Drypetes glauca Vahl,Putranjivaceae,Drypetes,SPECIES,PRESERVED_SPECIMEN,1982-09-15,1982,-69.13333,18.91667,NA,15f819bd-6612-4447-854b-14d12ee1022d,,Botany,30,02,SABANA DE LA MAR,093002,874cf338bffffff
https://data.biodiversitydata.nl/naturalis/specimen/U.1541069,2515671845,Sarcomphalus rhodoxylon,Ziziphus rhodoxylon Urb.,Rhamnaceae,Sarcomphalus,SPECIES,PRESERVED_SPECIMEN,1985-08-06,1985,-69.5,19,NA,15f819bd-6612-4447-854b-14d12ee1022d,,Botany,30,02,SABANA DE LA MAR,093002,874cf37a1ffffff
https://data.biodiversitydata.nl/naturalis/specimen/U.1541070,2515417071,Sarcomphalus rhodoxylon,Ziziphus rhodoxylon Urb.,Rhamnaceae,Sarcomphalus,SPECIES,PRESERVED_SPECIMEN,1985-08-06,1985,-69.5,19,NA,15f819bd-6612-4447-854b-14d12ee1022d,,Botany,30,02,SABANA DE LA MAR,093002,874cf37a1ffffff
https://data.biodiversitydata.nl/naturalis/specimen/U.1559933,2517126802,Chione venosa,Chione venosa var. venosa,Rubiaceae,Chione,VARIETY,PRESERVED_SPECIMEN,1986-02-12,1986,-69.56667,19.08333,NA,15f819bd-6612-4447-854b-14d12ee1022d,,Botany,30,02,SABANA DE LA MAR,093002,874cf3451ffffff
https://data.biodiversitydata.nl/naturalis/specimen/U.1559942,2517483542,Chione venosa,Chione venosa var. venosa,Rubiaceae,Chione,VARIETY,PRESERVED_SPECIMEN,1985-04-25,1985,-69.55,19.08333,NA,15f819bd-6612-4447-854b-14d12ee1022d,,Botany,30,02,SABANA DE LA MAR,093002,874cf3442ffffff
https://data.biodiversitydata.nl/naturalis/specimen/U.1562140,2515528397,Hillia parasitica,Hillia parasitica Jacq.,Rubiaceae,Hillia,SPECIES,PRESERVED_SPECIMEN,1985-08-06,1985,-69.5,19,NA,15f819bd-6612-4447-854b-14d12ee1022d,,Botany,30,02,SABANA DE LA MAR,093002,874cf37a1ffffff
https://data.biodiversitydata.nl/naturalis/specimen/U.1564645,2515662948,Palicourea brachiata,Psychotria brachiata Sw.,Rubiaceae,Palicourea,SPECIES,PRESERVED_SPECIMEN,1985-08-08,1985,-69.5,19,NA,15f819bd-6612-4447-854b-14d12ee1022d,,Botany,30,02,SABANA DE LA MAR,093002,874cf37a1ffffff
https://data.biodiversitydata.nl/naturalis/specimen/U.1564671,2515668685,Palicourea deflexa,Psychotria deflexa DC.,Rubiaceae,Palicourea,SPECIES,PRESERVED_SPECIMEN,1985-08-08,1985,-69.5,19,NA,15f819bd-6612-4447-854b-14d12ee1022d,,Botany,30,02,SABANA DE LA MAR,093002,874cf37a1ffffff
https://data.biodiversitydata.nl/naturalis/specimen/U.1565317,2517256686,Exostema parviflorum,Exostema elegans Krug & Urb.,Rubiaceae,Exostema,SPECIES,PRESERVED_SPECIMEN,1985-08-07,1985,-69.51667,19,NA,15f819bd-6612-4447-854b-14d12ee1022d,,Botany,30,02,SABANA DE LA MAR,093002,874cf37a3ffffff
https://data.biodiversitydata.nl/naturalis/specimen/U.1565327,2517298636,Exostema longiflorum,Exostema longiflorum (Lamb.) Roem. & Schult.,Rubiaceae,Exostema,SPECIES,PRESERVED_SPECIMEN,1982-06-28,1982,-69.45,19.06667,NA,15f819bd-6612-4447-854b-14d12ee1022d,,Botany,30,02,SABANA DE LA MAR,093002,874cf3734ffffff
https://data.biodiversitydata.nl/naturalis/specimen/U.1567074,2515508424,Isidorea brachyantha,Isidorea brachyantha Urb.,Rubiaceae,Isidorea,SPECIES,PRESERVED_SPECIMEN,1986-02-20,1986,-69.5,19,NA,15f819bd-6612-4447-854b-14d12ee1022d,,Botany,30,02,SABANA DE LA MAR,093002,874cf37a1ffffff
https://data.biodiversitydata.nl/naturalis/specimen/U.1570475,2517574748,Coccocypselum herbaceum,Coccocypselum herbaceum P.Browne ex Aubl.,Rubiaceae,Coccocypselum,SPECIES,PRESERVED_SPECIMEN,1985-08-07,1985,-69.51667,19,NA,15f819bd-6612-4447-854b-14d12ee1022d,,Botany,30,02,SABANA DE LA MAR,093002,874cf37a3ffffff
https://data.biodiversitydata.nl/naturalis/specimen/U.1572689,2517517748,Palicourea crocea,Palicourea crocea (Sw.) Schult.,Rubiaceae,Palicourea,SPECIES,PRESERVED_SPECIMEN,1985-04-23,1985,-69.58333,19.08333,NA,15f819bd-6612-4447-854b-14d12ee1022d,,Botany,30,02,SABANA DE LA MAR,093002,874cf3453ffffff
https://data.biodiversitydata.nl/naturalis/specimen/U.1578084,2517514813,Zanthoxylum caribaeum,Zanthoxylum caribaeum Lam.,Rutaceae,Zanthoxylum,SPECIES,PRESERVED_SPECIMEN,1985-04-26,1985,-69.5,19.08333,NA,15f819bd-6612-4447-854b-14d12ee1022d,,Botany,30,02,SABANA DE LA MAR,093002,874cf346affffff
https://data.biodiversitydata.nl/naturalis/specimen/U.1584818,2517100224,Casearia aculeata,Casearia aculeata Jacq.,Salicaceae,Casearia,SPECIES,PRESERVED_SPECIMEN,1985-04-23,1985,-69.58333,19.08333,NA,15f819bd-6612-4447-854b-14d12ee1022d,,Botany,30,02,SABANA DE LA MAR,093002,874cf3453ffffff
https://data.biodiversitydata.nl/naturalis/specimen/U.1592651,2515576781,Manilkara bidentata,Manilkara bidentata (A.DC.) Chev.,Sapotaceae,Manilkara,SPECIES,PRESERVED_SPECIMEN,1986-02-20,1986,-69.5,19,NA,15f819bd-6612-4447-854b-14d12ee1022d,,Botany,30,02,SABANA DE LA MAR,093002,874cf37a1ffffff
https://data.biodiversitydata.nl/naturalis/specimen/U.1596363,2515638222,Chrysophyllum argenteum,Chrysophyllum argenteum Jacq.,Sapotaceae,Chrysophyllum,SPECIES,PRESERVED_SPECIMEN,1986-02-20,1986,-69.5,19,NA,15f819bd-6612-4447-854b-14d12ee1022d,,Botany,30,02,SABANA DE LA MAR,093002,874cf37a1ffffff
https://data.biodiversitydata.nl/naturalis/specimen/U.1597090,2515698434,Thouinia tomentosa,Thouinia tomentosa DC.,Sapindaceae,Thouinia,SPECIES,PRESERVED_SPECIMEN,1985-04-23,1985,-69.58333,19.08333,NA,15f819bd-6612-4447-854b-14d12ee1022d,,Botany,30,02,SABANA DE LA MAR,093002,874cf3453ffffff
https://data.biodiversitydata.nl/naturalis/specimen/U.1603085,2515676749,Costus spicatus,Costus spicatus (Jacq.) Sw.,Costaceae,Costus,SPECIES,PRESERVED_SPECIMEN,1996-05-18,1996,-69.4,19.06667,NA,15f819bd-6612-4447-854b-14d12ee1022d,,Botany,30,02,SABANA DE LA MAR,093002,874cf3726ffffff
https://data.biodiversitydata.nl/naturalis/specimen/U.1610291,2515438967,Oxandra laurifolia,Oxandra laurifolia (Sw.) A.Rich.,Annonaceae,Oxandra,SPECIES,PRESERVED_SPECIMEN,1985-04-23,1985,-69.58333,19.08333,NA,15f819bd-6612-4447-854b-14d12ee1022d,,Botany,30,02,SABANA DE LA MAR,093002,874cf3453ffffff
https://data.biodiversitydata.nl/naturalis/specimen/U.1726816,2515638546,Vandellia diffusa,Lindernia diffusa (L.) Wettst.,Linderniaceae,Vandellia,SPECIES,PRESERVED_SPECIMEN,1985-04-23,1985,-69.58333,19.08333,NA,15f819bd-6612-4447-854b-14d12ee1022d,,Botany,30,02,SABANA DE LA MAR,093002,874cf3453ffffff
https://data.biodiversitydata.nl/naturalis/specimen/U.1726817,2515713789,Vandellia diffusa,Lindernia diffusa (L.) Wettst.,Linderniaceae,Vandellia,SPECIES,PRESERVED_SPECIMEN,1986-02-21,1986,-69.5,19,NA,15f819bd-6612-4447-854b-14d12ee1022d,,Botany,30,02,SABANA DE LA MAR,093002,874cf37a1ffffff
https://data.biodiversitydata.nl/naturalis/specimen/U.1731554,2515716978,Lucuma domingensis,Pouteria dominigensis var. cuprea (Urb. & Ekman) Cronquist,Sapotaceae,Lucuma,VARIETY,PRESERVED_SPECIMEN,1985-04-24,1985,-69.56667,19.08333,NA,15f819bd-6612-4447-854b-14d12ee1022d,,Botany,30,02,SABANA DE LA MAR,093002,874cf3451ffffff
https://data.biodiversitydata.nl/naturalis/specimen/U.1744636,2515638806,Laportea aestuans,Laportea aestuans (L.) Chew,Urticaceae,Laportea,SPECIES,PRESERVED_SPECIMEN,1985-04-23,1985,-69.58333,19.08333,NA,15f819bd-6612-4447-854b-14d12ee1022d,,Botany,30,02,SABANA DE LA MAR,093002,874cf3453ffffff
https://data.biodiversitydata.nl/naturalis/specimen/U.1744644,2517558678,Laportea cuneata,Laportea cuneata (A.Rich.) Chew,Urticaceae,Laportea,SPECIES,PRESERVED_SPECIMEN,1985-04-23,1985,-69.58333,19.08333,NA,15f819bd-6612-4447-854b-14d12ee1022d,,Botany,30,02,SABANA DE LA MAR,093002,874cf3453ffffff
https://data.biodiversitydata.nl/naturalis/specimen/U.1751576,2515516871,Turpinia occidentalis,Turpinia occidentalis (Sw.) G.Don,Staphyleaceae,Turpinia,SPECIES,PRESERVED_SPECIMEN,1985-08-07,1985,-69.51667,19,NA,15f819bd-6612-4447-854b-14d12ee1022d,,Botany,30,02,SABANA DE LA MAR,093002,874cf37a3ffffff
https://data.biodiversitydata.nl/naturalis/specimen/U.1760358,2515708090,Pilea parietaria,Pilea parietaria (L.) Blume,Urticaceae,Pilea,SPECIES,PRESERVED_SPECIMEN,1985-08-06,1985,-69.5,19,NA,15f819bd-6612-4447-854b-14d12ee1022d,,Botany,30,02,SABANA DE LA MAR,093002,874cf37a1ffffff
https://data.biodiversitydata.nl/naturalis/specimen/U.1763593,2517590940,Vitex integrifolia,Vitex integrifolia Urb.,Lamiaceae,Vitex,SPECIES,PRESERVED_SPECIMEN,1986-02-19,1986,-69.5,19,NA,15f819bd-6612-4447-854b-14d12ee1022d,,Botany,30,02,SABANA DE LA MAR,093002,874cf37a1ffffff
https://data.biodiversitydata.nl/naturalis/specimen/U.1773856,2517279090,Zingiber zerumbet,Zingiber zerumbet (L.) Roscoe ex Sm.,Zingiberaceae,Zingiber,SPECIES,PRESERVED_SPECIMEN,1985-08-07,1985,-69.51667,19,NA,15f819bd-6612-4447-854b-14d12ee1022d,,Botany,30,02,SABANA DE LA MAR,093002,874cf37a3ffffff
https://data.biodiversitydata.nl/naturalis/specimen/U.1773857,2515747475,Zingiber zerumbet,Zingiber zerumbet (L.) Roscoe ex Sm.,Zingiberaceae,Zingiber,SPECIES,PRESERVED_SPECIMEN,1985-08-07,1985,-69.51667,19,NA,15f819bd-6612-4447-854b-14d12ee1022d,,Botany,30,02,SABANA DE LA MAR,093002,874cf37a3ffffff
https://herbarium.bgbm.org/object/B101000103,3059536414,Heteranthera reniformis,Heteranthera reniformis Ruiz & Pav.,Pontederiaceae,Heteranthera,SPECIES,PRESERVED_SPECIMEN,1999-12-11,1999,-69.475,19.02778,NA,85714c48-f762-11e1-a439-00145eb45e9a,B,Herbarium Berolinense,30,02,SABANA DE LA MAR,093002,874cf3716ffffff
https://observation.org/observation/167163518,2843350581,Urena lobata,Urena lobata L.,Malvaceae,Urena,SPECIES,HUMAN_OBSERVATION,2019-01-16,2019,-69.46096,19.059238,25,8a863029-f435-446a-821e-275f4f641165,,,30,02,SABANA DE LA MAR,093002,874cf3736ffffff
https://observation.org/observation/167246780,4986088544,Spathodea campanulata,Spathodea campanulata Beauverd,Bignoniaceae,Spathodea,SPECIES,HUMAN_OBSERVATION,2019-01-16,2019,-69.460472,19.059473,25,8a863029-f435-446a-821e-275f4f641165,,,30,02,SABANA DE LA MAR,093002,874cf3736ffffff
https://specieslink.net/guid/40/114034,1095467645,Myrcia neosintenisii,Myrcia neosintenisii K.Campbell & Peguero,Myrtaceae,Myrcia,SPECIES,PRESERVED_SPECIMEN,1985-04-23,1985,-69.583333,19.083333,NA,3b8e9d83-b2d4-4a97-973c-31d98b67b1e9,MBM,MBM,30,02,SABANA DE LA MAR,093002,874cf3453ffffff
https://specieslink.net/guid/7/77409,1135071968,Miconia mirabilis,Miconia mirabilis (Aubl.) L.O.Williams,Melastomataceae,Miconia,SPECIES,PRESERVED_SPECIMEN,1990-06-27,1990,-69.15,18.916667,NA,1bb3cae3-b91f-4109-8a2d-a1f05f2d6fd3,USP-IB,SPF,30,02,SABANA DE LA MAR,093002,874cf338affffff
https://www.inaturalist.org/observations/101762897,3456868672,Bletia patula,Bletia patula Hook.,Orchidaceae,Bletia,SPECIES,HUMAN_OBSERVATION,2021-11-23T10:03:50,2021,-69.456459,19.057486,10,50c9509d-22c7-4a22-a47d-8c48425ef4a7,iNaturalist,Observations,30,02,SABANA DE LA MAR,093002,874cf3736ffffff
https://www.inaturalist.org/observations/110004049,3759913522,Domingoa haematochila,Domingoa haematochila (Rchb.f.) Carabia,Orchidaceae,Domingoa,SPECIES,HUMAN_OBSERVATION,2022-03-31T13:12:01Z,2022,-69.501508,19.087391,9,50c9509d-22c7-4a22-a47d-8c48425ef4a7,iNaturalist,Observations,30,02,SABANA DE LA MAR,093002,874cf346affffff
https://www.inaturalist.org/observations/118331318,3802564018,Stachytarpheta jamaicensis,Stachytarpheta jamaicensis (L.) Vahl,Verbenaceae,Stachytarpheta,SPECIES,HUMAN_OBSERVATION,2022-03-20,2022,-69.455938,19.056762,31,50c9509d-22c7-4a22-a47d-8c48425ef4a7,iNaturalist,Observations,30,02,SABANA DE LA MAR,093002,874cf3730ffffff
https://www.inaturalist.org/observations/118331319,3802624090,Asclepias curassavica,Asclepias curassavica L.,Apocynaceae,Asclepias,SPECIES,HUMAN_OBSERVATION,2022-03-20,2022,-69.45511,19.058971,4,50c9509d-22c7-4a22-a47d-8c48425ef4a7,iNaturalist,Observations,30,02,SABANA DE LA MAR,093002,874cf3736ffffff
https://www.inaturalist.org/observations/118331321,3888750416,Spathodea campanulata,Spathodea campanulata Beauverd,Bignoniaceae,Spathodea,SPECIES,HUMAN_OBSERVATION,2022-03-20,2022,-69.455089,19.058414,15,50c9509d-22c7-4a22-a47d-8c48425ef4a7,iNaturalist,Observations,30,02,SABANA DE LA MAR,093002,874cf3736ffffff
https://www.inaturalist.org/observations/118331348,3802726129,Passiflora murucuja,Passiflora murucuja L.,Passifloraceae,Passiflora,SPECIES,HUMAN_OBSERVATION,2022-03-20,2022,-69.455892,19.056849,4,50c9509d-22c7-4a22-a47d-8c48425ef4a7,iNaturalist,Observations,30,02,SABANA DE LA MAR,093002,874cf3730ffffff
https://www.inaturalist.org/observations/118331350,4922007112,Bletia patula,Bletia patula Hook.,Orchidaceae,Bletia,SPECIES,HUMAN_OBSERVATION,2022-03-20,2022,-69.456663,19.057613,8,50c9509d-22c7-4a22-a47d-8c48425ef4a7,iNaturalist,Observations,30,02,SABANA DE LA MAR,093002,874cf3736ffffff
https://www.inaturalist.org/observations/121357429,3859470325,Jatropha gossypiifolia,Jatropha gossypiifolia L.,Euphorbiaceae,Jatropha,SPECIES,HUMAN_OBSERVATION,2022-03-20,2022,-69.455065,19.058718,15,50c9509d-22c7-4a22-a47d-8c48425ef4a7,iNaturalist,Observations,30,02,SABANA DE LA MAR,093002,874cf3736ffffff
https://www.inaturalist.org/observations/125659361,3874153702,Rhizophora mangle,Rhizophora mangle L.,Rhizophoraceae,Rhizophora,SPECIES,HUMAN_OBSERVATION,2022-06-26T10:30:25,2022,-69.523256,19.080977,NA,50c9509d-22c7-4a22-a47d-8c48425ef4a7,iNaturalist,Observations,30,02,SABANA DE LA MAR,093002,874cf3441ffffff
https://www.inaturalist.org/observations/125663237,3881772524,Pleopeltis polypodioides,Pleopeltis polypodioides (L.) E.G.Andrews & Windham,Polypodiaceae,Pleopeltis,SPECIES,HUMAN_OBSERVATION,2022-06-26T10:44:23,2022,-69.501568,19.087234,NA,50c9509d-22c7-4a22-a47d-8c48425ef4a7,iNaturalist,Observations,30,02,SABANA DE LA MAR,093002,874cf346affffff
https://www.inaturalist.org/observations/125665032,3873861667,Tradescantia spathacea,Tradescantia spathacea Sw.,Commelinaceae,Tradescantia,SPECIES,HUMAN_OBSERVATION,2022-06-26T11:54:36,2022,-69.515187,19.082004,4853,50c9509d-22c7-4a22-a47d-8c48425ef4a7,iNaturalist,Observations,30,02,SABANA DE LA MAR,093002,874cf3441ffffff
https://www.inaturalist.org/observations/129490481,4054971436,Rhynchospora colorata,Rhynchospora colorata (L.) H.Pfeiff.,Cyperaceae,Rhynchospora,SPECIES,HUMAN_OBSERVATION,2022-07-10T11:43,2022,-69.456927,19.057022,1000,50c9509d-22c7-4a22-a47d-8c48425ef4a7,iNaturalist,Observations,30,02,SABANA DE LA MAR,093002,874cf3736ffffff
https://www.inaturalist.org/observations/129491485,3888769866,Rhizophora mangle,Rhizophora mangle L.,Rhizophoraceae,Rhizophora,SPECIES,HUMAN_OBSERVATION,2022-07-10T09:52,2022,-69.450401,19.068429,100,50c9509d-22c7-4a22-a47d-8c48425ef4a7,iNaturalist,Observations,30,02,SABANA DE LA MAR,093002,874cf3734ffffff
https://www.inaturalist.org/observations/144663568,4006717170,Cupania americana,Cupania americana L.,Sapindaceae,Cupania,SPECIES,HUMAN_OBSERVATION,2022-12-18T14:55:22,2022,-69.452895,19.055896,9,50c9509d-22c7-4a22-a47d-8c48425ef4a7,iNaturalist,Observations,30,02,SABANA DE LA MAR,093002,874cf3730ffffff
https://www.inaturalist.org/observations/144663614,5062522201,Chromolaena odorata,Chromolaena odorata (L.) R.M.King & H.Rob.,Asteraceae,Chromolaena,SPECIES,HUMAN_OBSERVATION,2022-12-18T14:58:25,2022,-69.452815,19.055927,9,50c9509d-22c7-4a22-a47d-8c48425ef4a7,iNaturalist,Observations,30,02,SABANA DE LA MAR,093002,874cf3730ffffff
https://www.inaturalist.org/observations/144663641,4015184730,Urera baccifera,Urera baccifera (L.) Gaudich.,Urticaceae,Urera,SPECIES,HUMAN_OBSERVATION,2022-12-18T15:01:12,2022,-69.45296,19.055468,9,50c9509d-22c7-4a22-a47d-8c48425ef4a7,iNaturalist,Observations,30,02,SABANA DE LA MAR,093002,874cf3730ffffff
https://www.inaturalist.org/observations/144663663,4091916495,Wallenia laurifolia,Wallenia laurifolia (Jacq.) Sw.,Primulaceae,Wallenia,SPECIES,HUMAN_OBSERVATION,2022-12-18T15:07:15,2022,-69.453074,19.054806,9,50c9509d-22c7-4a22-a47d-8c48425ef4a7,iNaturalist,Observations,30,02,SABANA DE LA MAR,093002,874cf3730ffffff
https://www.inaturalist.org/observations/144663688,6352444155,Lobelia salicina,Lobelia salicina Lam.,Campanulaceae,Lobelia,SPECIES,HUMAN_OBSERVATION,2022-12-18T15:12:44,2022,-69.453037,19.055813,8,50c9509d-22c7-4a22-a47d-8c48425ef4a7,iNaturalist,Observations,30,02,SABANA DE LA MAR,093002,874cf3730ffffff
https://www.inaturalist.org/observations/148108802,4029180081,Psidium guajava,Psidium guajava L.,Myrtaceae,Psidium,SPECIES,HUMAN_OBSERVATION,2023-02-04T09:59,2023,-69.455825,19.060069,4,50c9509d-22c7-4a22-a47d-8c48425ef4a7,iNaturalist,Observations,30,02,SABANA DE LA MAR,093002,874cf3736ffffff
https://www.inaturalist.org/observations/148108916,4500679899,Ludwigia octovalvis,Ludwigia octovalvis (Jacq.) P.H.Raven,Onagraceae,Ludwigia,SPECIES,HUMAN_OBSERVATION,2023-02-04T10:00,2023,-69.455811,19.060081,4,50c9509d-22c7-4a22-a47d-8c48425ef4a7,iNaturalist,Observations,30,02,SABANA DE LA MAR,093002,874cf3736ffffff
https://www.inaturalist.org/observations/148109054,4029003927,Mikania micrantha,Mikania micrantha Kunth,Asteraceae,Mikania,SPECIES,HUMAN_OBSERVATION,2023-02-04T10:00,2023,-69.455819,19.060089,4,50c9509d-22c7-4a22-a47d-8c48425ef4a7,iNaturalist,Observations,30,02,SABANA DE LA MAR,093002,874cf3736ffffff
https://www.inaturalist.org/observations/148109641,4029248820,Borreria remota,Spermacoce remota Lam.,Rubiaceae,Borreria,SPECIES,HUMAN_OBSERVATION,2023-02-05T12:05,2023,-69.389067,19.053356,2595,50c9509d-22c7-4a22-a47d-8c48425ef4a7,iNaturalist,Observations,30,02,SABANA DE LA MAR,093002,874cf3720ffffff
https://www.inaturalist.org/observations/148273074,4034828815,Cocos nucifera,Cocos nucifera L.,Arecaceae,Cocos,SPECIES,HUMAN_OBSERVATION,2023-02-04T10:33,2023,-69.459747,19.062717,12,50c9509d-22c7-4a22-a47d-8c48425ef4a7,iNaturalist,Observations,30,02,SABANA DE LA MAR,093002,874cf3736ffffff
https://www.inaturalist.org/observations/148273203,4034615561,Coffea arabica,Coffea arabica L.,Rubiaceae,Coffea,SPECIES,HUMAN_OBSERVATION,2023-02-04T10:35,2023,-69.459747,19.062717,4,50c9509d-22c7-4a22-a47d-8c48425ef4a7,iNaturalist,Observations,30,02,SABANA DE LA MAR,093002,874cf3736ffffff
https://www.inaturalist.org/observations/148273328,4080938528,Piper hispidum,Piper hispidum Sw.,Piperaceae,Piper,SPECIES,HUMAN_OBSERVATION,2023-02-04T10:36,2023,-69.4598,19.062733,4,50c9509d-22c7-4a22-a47d-8c48425ef4a7,iNaturalist,Observations,30,02,SABANA DE LA MAR,093002,874cf3736ffffff
https://www.inaturalist.org/observations/148273421,4062669538,Heterotis rotundifolia,Heterotis rotundifolia (Sm.) Jacq.-Fél.,Melastomataceae,Heterotis,SPECIES,HUMAN_OBSERVATION,2023-02-04T10:37,2023,-69.459869,19.062747,4,50c9509d-22c7-4a22-a47d-8c48425ef4a7,iNaturalist,Observations,30,02,SABANA DE LA MAR,093002,874cf3736ffffff
https://www.inaturalist.org/observations/148273463,4034703730,Pavonia fruticosa,Pavonia fruticosa (Mill.) Fawc. & Rendle,Malvaceae,Pavonia,SPECIES,HUMAN_OBSERVATION,2023-02-04T10:37,2023,-69.459853,19.062808,11,50c9509d-22c7-4a22-a47d-8c48425ef4a7,iNaturalist,Observations,30,02,SABANA DE LA MAR,093002,874cf3736ffffff
https://www.inaturalist.org/observations/148273603,4029042342,Mimosa pudica,Mimosa pudica L.,Fabaceae,Mimosa,SPECIES,HUMAN_OBSERVATION,2023-02-04T10:38,2023,-69.4599,19.062808,4,50c9509d-22c7-4a22-a47d-8c48425ef4a7,iNaturalist,Observations,30,02,SABANA DE LA MAR,093002,874cf3736ffffff
https://www.inaturalist.org/observations/148273642,4029151462,Thunbergia alata,Thunbergia alata Bojer ex Sims,Acanthaceae,Thunbergia,SPECIES,HUMAN_OBSERVATION,2023-02-04T10:43,2023,-69.460625,19.063633,27,50c9509d-22c7-4a22-a47d-8c48425ef4a7,iNaturalist,Observations,30,02,SABANA DE LA MAR,093002,874cf3736ffffff
https://www.inaturalist.org/observations/148273766,5828318842,Theobroma cacao,Theobroma cacao L.,Malvaceae,Theobroma,SPECIES,HUMAN_OBSERVATION,2023-02-04T11:14,2023,-69.465958,19.067883,4,50c9509d-22c7-4a22-a47d-8c48425ef4a7,iNaturalist,Observations,30,02,SABANA DE LA MAR,093002,874cf3736ffffff
https://www.inaturalist.org/observations/148274100,4034694745,Theobroma cacao,Theobroma cacao L.,Malvaceae,Theobroma,SPECIES,HUMAN_OBSERVATION,2023-02-04T11:16,2023,-69.466147,19.067853,4,50c9509d-22c7-4a22-a47d-8c48425ef4a7,iNaturalist,Observations,30,02,SABANA DE LA MAR,093002,874cf3736ffffff
https://www.inaturalist.org/observations/148274505,4028936348,Pteris tripartita,Pteris tripartita Sw.,Pteridaceae,Pteris,SPECIES,HUMAN_OBSERVATION,2023-02-04T11:17,2023,-69.466147,19.067872,4,50c9509d-22c7-4a22-a47d-8c48425ef4a7,iNaturalist,Observations,30,02,SABANA DE LA MAR,093002,874cf3736ffffff
https://www.inaturalist.org/observations/148274635,4080926511,Piper hispidum,Piper hispidum Sw.,Piperaceae,Piper,SPECIES,HUMAN_OBSERVATION,2023-02-04T11:18,2023,-69.466147,19.067864,4,50c9509d-22c7-4a22-a47d-8c48425ef4a7,iNaturalist,Observations,30,02,SABANA DE LA MAR,093002,874cf3736ffffff
https://www.inaturalist.org/observations/148285021,4046228636,Cyclopeltis semicordata,Cyclopeltis semicordata (Sw.) J.Sm.,Lomariopsidaceae,Cyclopeltis,SPECIES,HUMAN_OBSERVATION,2023-02-04T11:45,2023,-69.468658,19.068075,4,50c9509d-22c7-4a22-a47d-8c48425ef4a7,iNaturalist,Observations,30,02,SABANA DE LA MAR,093002,874cf3736ffffff
https://www.inaturalist.org/observations/148285441,4046400621,Tectaria incisa,Tectaria incisa Cav.,Tectariaceae,Tectaria,SPECIES,HUMAN_OBSERVATION,2023-02-04T12:51,2023,-69.475708,19.073014,5,50c9509d-22c7-4a22-a47d-8c48425ef4a7,iNaturalist,Observations,30,02,SABANA DE LA MAR,093002,874cf346bffffff
https://www.inaturalist.org/observations/148285480,4046617613,Cyclopeltis semicordata,Cyclopeltis semicordata (Sw.) J.Sm.,Lomariopsidaceae,Cyclopeltis,SPECIES,HUMAN_OBSERVATION,2023-02-04T12:52,2023,-69.475761,19.072983,4,50c9509d-22c7-4a22-a47d-8c48425ef4a7,iNaturalist,Observations,30,02,SABANA DE LA MAR,093002,874cf346bffffff
https://www.inaturalist.org/observations/148285500,4034697636,Psychotria nervosa,Psychotria nervosa Sw.,Rubiaceae,Psychotria,SPECIES,HUMAN_OBSERVATION,2023-02-04T12:52,2023,-69.475739,19.072975,4,50c9509d-22c7-4a22-a47d-8c48425ef4a7,iNaturalist,Observations,30,02,SABANA DE LA MAR,093002,874cf346bffffff
https://www.inaturalist.org/observations/150053771,4512094594,Zamia pumila,Zamia pumila L.,Zamiaceae,Zamia,SPECIES,HUMAN_OBSERVATION,2023-02-11T13:35:36,2023,-69.466387,19.077533,4,50c9509d-22c7-4a22-a47d-8c48425ef4a7,iNaturalist,Observations,30,02,SABANA DE LA MAR,093002,874cf3469ffffff
https://www.inaturalist.org/observations/150053839,4512130700,Zamia pumila,Zamia pumila L.,Zamiaceae,Zamia,SPECIES,HUMAN_OBSERVATION,2023-02-11T13:33:14,2023,-69.466605,19.077703,39,50c9509d-22c7-4a22-a47d-8c48425ef4a7,iNaturalist,Observations,30,02,SABANA DE LA MAR,093002,874cf3469ffffff
https://www.inaturalist.org/observations/150053900,4067357724,Avicennia germinans,Avicennia germinans (L.) L.,Acanthaceae,Avicennia,SPECIES,HUMAN_OBSERVATION,2023-02-11T13:30:02,2023,-69.466438,19.077436,5,50c9509d-22c7-4a22-a47d-8c48425ef4a7,iNaturalist,Observations,30,02,SABANA DE LA MAR,093002,874cf3469ffffff
https://www.inaturalist.org/observations/150054063,4054929758,Petiveria alliacea,Petiveria alliacea L.,Petiveriaceae,Petiveria,SPECIES,HUMAN_OBSERVATION,2023-02-11T13:24:52,2023,-69.466453,19.07752,8,50c9509d-22c7-4a22-a47d-8c48425ef4a7,iNaturalist,Observations,30,02,SABANA DE LA MAR,093002,874cf3469ffffff
https://www.inaturalist.org/observations/150442560,4067176777,Rhynchospora nervosa,Rhynchospora nervosa (Vahl) Boeckeler,Cyperaceae,Rhynchospora,SPECIES,HUMAN_OBSERVATION,2023-03-06T15:06:23,2023,-69.456008,19.056042,4,50c9509d-22c7-4a22-a47d-8c48425ef4a7,iNaturalist,Observations,30,02,SABANA DE LA MAR,093002,874cf3730ffffff
https://www.inaturalist.org/observations/152916022,4075802299,Genipa americana,Genipa americana L.,Rubiaceae,Genipa,SPECIES,HUMAN_OBSERVATION,2023-03-12T18:57,2023,-69.460364,19.053926,302,50c9509d-22c7-4a22-a47d-8c48425ef4a7,iNaturalist,Observations,30,02,SABANA DE LA MAR,093002,874cf3732ffffff
https://www.inaturalist.org/observations/152921150,4075957298,Salvia occidentalis,Salvia occidentalis Sw.,Lamiaceae,Salvia,SPECIES,HUMAN_OBSERVATION,2023-03-12T20:33,2023,-69.455545,19.057326,381,50c9509d-22c7-4a22-a47d-8c48425ef4a7,iNaturalist,Observations,30,02,SABANA DE LA MAR,093002,874cf3730ffffff
https://www.inaturalist.org/observations/152922555,4075980281,Guarea guidonia,Guarea guidonia (L.) Sleumer,Meliaceae,Guarea,SPECIES,HUMAN_OBSERVATION,2023-03-13T13:05,2023,-69.435421,19.048466,503,50c9509d-22c7-4a22-a47d-8c48425ef4a7,iNaturalist,Observations,30,02,SABANA DE LA MAR,093002,874cf3731ffffff
https://www.inaturalist.org/observations/152927192,4076079350,Heterotis rotundifolia,Heterotis rotundifolia (Sm.) Jacq.-Fél.,Melastomataceae,Heterotis,SPECIES,HUMAN_OBSERVATION,2023-03-13T13:57,2023,-69.444228,19.051413,417,50c9509d-22c7-4a22-a47d-8c48425ef4a7,iNaturalist,Observations,30,02,SABANA DE LA MAR,093002,874cf3730ffffff
https://www.inaturalist.org/observations/152932302,4507808774,Flemingia strobilifera,Flemingia strobilifera (L.) W.T.Aiton,Fabaceae,Flemingia,SPECIES,HUMAN_OBSERVATION,2023-03-13T14:39,2023,-69.442264,19.050711,300,50c9509d-22c7-4a22-a47d-8c48425ef4a7,iNaturalist,Observations,30,02,SABANA DE LA MAR,093002,874cf3730ffffff
https://www.inaturalist.org/observations/155710455,4096486916,Spathodea campanulata,Spathodea campanulata Beauverd,Bignoniaceae,Spathodea,SPECIES,HUMAN_OBSERVATION,2023-04-17T16:42:39,2023,-69.463639,19.066981,NA,50c9509d-22c7-4a22-a47d-8c48425ef4a7,iNaturalist,Observations,30,02,SABANA DE LA MAR,093002,874cf3736ffffff
https://www.inaturalist.org/observations/155710473,4096826927,Adiantum pyramidale,Adiantum pyramidale (L.) Willd.,Pteridaceae,Adiantum,SPECIES,HUMAN_OBSERVATION,2023-04-17T16:19:59,2023,-69.459172,19.062272,NA,50c9509d-22c7-4a22-a47d-8c48425ef4a7,iNaturalist,Observations,30,02,SABANA DE LA MAR,093002,874cf3736ffffff
https://www.inaturalist.org/observations/158432698,4103289062,Dolichandra unguis-cati,Dolichandra unguis-cati (L.) L.G.Lohmann,Bignoniaceae,Dolichandra,SPECIES,HUMAN_OBSERVATION,2023-04-20T10:31:31,2023,-69.456597,19.056945,42,50c9509d-22c7-4a22-a47d-8c48425ef4a7,iNaturalist,Observations,30,02,SABANA DE LA MAR,093002,874cf3736ffffff
https://www.inaturalist.org/observations/158432930,4102882153,Bletia patula,Bletia patula Hook.,Orchidaceae,Bletia,SPECIES,HUMAN_OBSERVATION,2023-04-20T11:18:50,2023,-69.456458,19.057497,4,50c9509d-22c7-4a22-a47d-8c48425ef4a7,iNaturalist,Observations,30,02,SABANA DE LA MAR,093002,874cf3736ffffff
https://www.inaturalist.org/observations/158433540,4102753166,Ludwigia octovalvis,Ludwigia octovalvis (Jacq.) P.H.Raven,Onagraceae,Ludwigia,SPECIES,HUMAN_OBSERVATION,2023-04-20T10:38:09,2023,-69.459245,19.058633,3,50c9509d-22c7-4a22-a47d-8c48425ef4a7,iNaturalist,Observations,30,02,SABANA DE LA MAR,093002,874cf3736ffffff
https://www.inaturalist.org/observations/160803669,4111859289,Bletia patula,Bletia patula Hook.,Orchidaceae,Bletia,SPECIES,HUMAN_OBSERVATION,2023-05-09T11:09:55,2023,-69.456428,19.057495,4,50c9509d-22c7-4a22-a47d-8c48425ef4a7,iNaturalist,Observations,30,02,SABANA DE LA MAR,093002,874cf3736ffffff
https://www.inaturalist.org/observations/160805606,4126738038,Urera baccifera,Urera baccifera (L.) Gaudich.,Urticaceae,Urera,SPECIES,HUMAN_OBSERVATION,2023-05-09T09:28:22,2023,-69.460687,19.056617,4,50c9509d-22c7-4a22-a47d-8c48425ef4a7,iNaturalist,Observations,30,02,SABANA DE LA MAR,093002,874cf3732ffffff
https://www.inaturalist.org/observations/160805805,4596738089,Heliotropium indicum,Heliotropium indicum L.,Heliotropiaceae,Heliotropium,SPECIES,HUMAN_OBSERVATION,2023-05-09T09:50:43,2023,-69.45832,19.056545,4,50c9509d-22c7-4a22-a47d-8c48425ef4a7,iNaturalist,Observations,30,02,SABANA DE LA MAR,093002,874cf3736ffffff
https://www.inaturalist.org/observations/160811531,4126881807,Pavonia fruticosa,Pavonia fruticosa (Mill.) Fawc. & Rendle,Malvaceae,Pavonia,SPECIES,HUMAN_OBSERVATION,2023-05-09T10:14:41,2023,-69.457878,19.057147,4,50c9509d-22c7-4a22-a47d-8c48425ef4a7,iNaturalist,Observations,30,02,SABANA DE LA MAR,093002,874cf3736ffffff
https://www.inaturalist.org/observations/160811605,4112210171,Heterotis rotundifolia,Heterotis rotundifolia (Sm.) Jacq.-Fél.,Melastomataceae,Heterotis,SPECIES,HUMAN_OBSERVATION,2023-05-09T10:15:32,2023,-69.45787,19.057181,4,50c9509d-22c7-4a22-a47d-8c48425ef4a7,iNaturalist,Observations,30,02,SABANA DE LA MAR,093002,874cf3736ffffff
https://www.inaturalist.org/observations/160811638,4111986257,Tolumnia variegata,Tolumnia variegata (Sw.) Braem,Orchidaceae,Tolumnia,SPECIES,HUMAN_OBSERVATION,2023-05-09T10:38:28,2023,-69.457175,19.05632,4,50c9509d-22c7-4a22-a47d-8c48425ef4a7,iNaturalist,Observations,30,02,SABANA DE LA MAR,093002,874cf3736ffffff
https://www.inaturalist.org/observations/160827722,4116074600,Carica papaya,Carica papaya L.,Caricaceae,Carica,SPECIES,HUMAN_OBSERVATION,2023-05-09T11:13:27,2023,-69.45585,19.057495,4,50c9509d-22c7-4a22-a47d-8c48425ef4a7,iNaturalist,Observations,30,02,SABANA DE LA MAR,093002,874cf3736ffffff
https://www.inaturalist.org/observations/160827766,4116490579,Ipomoea pes-caprae,Ipomoea pes-caprae (L.) R.Br.,Convolvulaceae,Ipomoea,SPECIES,HUMAN_OBSERVATION,2023-05-09T12:08:59,2023,-69.384225,19.066558,4,50c9509d-22c7-4a22-a47d-8c48425ef4a7,iNaturalist,Observations,30,02,SABANA DE LA MAR,093002,874cf3724ffffff
https://www.inaturalist.org/observations/160827834,4116044656,Avicennia germinans,Avicennia germinans (L.) L.,Acanthaceae,Avicennia,SPECIES,HUMAN_OBSERVATION,2023-05-09T12:10:10,2023,-69.384413,19.066797,4,50c9509d-22c7-4a22-a47d-8c48425ef4a7,iNaturalist,Observations,30,02,SABANA DE LA MAR,093002,874cf3724ffffff
https://www.inaturalist.org/observations/160884740,4126790105,Jatropha gossypiifolia,Jatropha gossypiifolia L.,Euphorbiaceae,Jatropha,SPECIES,HUMAN_OBSERVATION,2023-05-09T09:14,2023,-69.456393,19.056718,4,50c9509d-22c7-4a22-a47d-8c48425ef4a7,iNaturalist,Observations,30,02,SABANA DE LA MAR,093002,874cf3730ffffff
https://www.inaturalist.org/observations/160992555,4952229785,Mimosa pudica,Mimosa pudica L.,Fabaceae,Mimosa,SPECIES,HUMAN_OBSERVATION,2023-05-09T10:46:04,2023,-69.456725,19.056181,4,50c9509d-22c7-4a22-a47d-8c48425ef4a7,iNaturalist,Observations,30,02,SABANA DE LA MAR,093002,874cf3730ffffff
https://www.inaturalist.org/observations/161156266,4120945634,Urera baccifera,Urera baccifera (L.) Gaudich.,Urticaceae,Urera,SPECIES,HUMAN_OBSERVATION,2023-05-09T09:28:07,2023,-69.460723,19.056643,5,50c9509d-22c7-4a22-a47d-8c48425ef4a7,iNaturalist,Observations,30,02,SABANA DE LA MAR,093002,874cf3732ffffff
https://www.inaturalist.org/observations/161156825,4121013686,Pavonia fruticosa,Pavonia fruticosa (Mill.) Fawc. & Rendle,Malvaceae,Pavonia,SPECIES,HUMAN_OBSERVATION,2023-05-09T09:47:01,2023,-69.458307,19.056483,4,50c9509d-22c7-4a22-a47d-8c48425ef4a7,iNaturalist,Observations,30,02,SABANA DE LA MAR,093002,874cf3736ffffff
https://www.inaturalist.org/observations/161157029,4116505429,Solanum torvum,Solanum torvum Sw.,Solanaceae,Solanum,SPECIES,HUMAN_OBSERVATION,2023-05-09T09:50:23,2023,-69.458351,19.056532,4,50c9509d-22c7-4a22-a47d-8c48425ef4a7,iNaturalist,Observations,30,02,SABANA DE LA MAR,093002,874cf3736ffffff
https://www.inaturalist.org/observations/161157540,4116383293,Bletia patula,Bletia patula Hook.,Orchidaceae,Bletia,SPECIES,HUMAN_OBSERVATION,2023-05-09T11:09:14,2023,-69.456558,19.057519,4,50c9509d-22c7-4a22-a47d-8c48425ef4a7,iNaturalist,Observations,30,02,SABANA DE LA MAR,093002,874cf3736ffffff
https://www.inaturalist.org/observations/161158077,4116173257,Avicennia germinans,Avicennia germinans (L.) L.,Acanthaceae,Avicennia,SPECIES,HUMAN_OBSERVATION,2023-05-09T12:10:35,2023,-69.384479,19.066855,4,50c9509d-22c7-4a22-a47d-8c48425ef4a7,iNaturalist,Observations,30,02,SABANA DE LA MAR,093002,874cf3724ffffff
https://www.inaturalist.org/observations/167137528,4134100084,Rhizophora mangle,Rhizophora mangle L.,Rhizophoraceae,Rhizophora,SPECIES,HUMAN_OBSERVATION,2023-04-17T13:37,2023,-69.450835,19.066096,8,50c9509d-22c7-4a22-a47d-8c48425ef4a7,iNaturalist,Observations,30,02,SABANA DE LA MAR,093002,874cf3734ffffff
https://www.inaturalist.org/observations/167137539,4133953021,Passiflora murucuja,Passiflora murucuja L.,Passifloraceae,Passiflora,SPECIES,HUMAN_OBSERVATION,2023-04-17T13:53,2023,-69.456524,19.076758,8,50c9509d-22c7-4a22-a47d-8c48425ef4a7,iNaturalist,Observations,30,02,SABANA DE LA MAR,093002,874cf3469ffffff
https://www.inaturalist.org/observations/167294879,4137718639,Rhizophora mangle,Rhizophora mangle L.,Rhizophoraceae,Rhizophora,SPECIES,HUMAN_OBSERVATION,2023-04-17T14:21,2023,-69.467358,19.078881,NA,50c9509d-22c7-4a22-a47d-8c48425ef4a7,iNaturalist,Observations,30,02,SABANA DE LA MAR,093002,874cf3469ffffff
https://www.inaturalist.org/observations/167294884,4137651953,Terminalia buceras,Terminalia buceras (L.) C.Wright,Combretaceae,Terminalia,SPECIES,HUMAN_OBSERVATION,2023-04-17T14:23,2023,-69.466944,19.077725,NA,50c9509d-22c7-4a22-a47d-8c48425ef4a7,iNaturalist,Observations,30,02,SABANA DE LA MAR,093002,874cf3469ffffff
https://www.inaturalist.org/observations/167305077,4138074139,Cocos nucifera,Cocos nucifera L.,Arecaceae,Cocos,SPECIES,HUMAN_OBSERVATION,2023-04-17T16:18,2023,-69.458714,19.062175,NA,50c9509d-22c7-4a22-a47d-8c48425ef4a7,iNaturalist,Observations,30,02,SABANA DE LA MAR,093002,874cf3736ffffff
https://www.inaturalist.org/observations/169870925,4453697754,Dracaena fragrans,Dracaena fragrans (L.) Ker Gawl.,Asparagaceae,Dracaena,SPECIES,HUMAN_OBSERVATION,2023-06-27T20:50:51,2023,-69.455336,19.057463,7,50c9509d-22c7-4a22-a47d-8c48425ef4a7,iNaturalist,Observations,30,02,SABANA DE LA MAR,093002,874cf3730ffffff
https://www.inaturalist.org/observations/169937744,4145412064,Terminalia catappa,Terminalia catappa L.,Combretaceae,Terminalia,SPECIES,HUMAN_OBSERVATION,2023-06-28T09:26:03,2023,-69.454584,19.057708,40,50c9509d-22c7-4a22-a47d-8c48425ef4a7,iNaturalist,Observations,30,02,SABANA DE LA MAR,093002,874cf3730ffffff
https://www.inaturalist.org/observations/169937912,4145213191,Andira inermis,Andira inermis (W.Wright) Kunth ex DC.,Fabaceae,Andira,SPECIES,HUMAN_OBSERVATION,2023-06-28T09:26:25,2023,-69.454514,19.057208,35,50c9509d-22c7-4a22-a47d-8c48425ef4a7,iNaturalist,Observations,30,02,SABANA DE LA MAR,093002,874cf3730ffffff
https://www.inaturalist.org/observations/169939976,4145336016,Mimosa pudica,Mimosa pudica L.,Fabaceae,Mimosa,SPECIES,HUMAN_OBSERVATION,2023-06-28T09:42:26,2023,-69.451466,19.061083,11,50c9509d-22c7-4a22-a47d-8c48425ef4a7,iNaturalist,Observations,30,02,SABANA DE LA MAR,093002,874cf3730ffffff
https://www.inaturalist.org/observations/169944872,4145412076,Rhizophora mangle,Rhizophora mangle L.,Rhizophoraceae,Rhizophora,SPECIES,HUMAN_OBSERVATION,2023-06-28T10:02:10,2023,-69.451382,19.064079,4,50c9509d-22c7-4a22-a47d-8c48425ef4a7,iNaturalist,Observations,30,02,SABANA DE LA MAR,093002,874cf3736ffffff
https://www.inaturalist.org/observations/169945147,4145508078,Rhizophora mangle,Rhizophora mangle L.,Rhizophoraceae,Rhizophora,SPECIES,HUMAN_OBSERVATION,2023-06-28T10:03:01,2023,-69.45178,19.064448,4,50c9509d-22c7-4a22-a47d-8c48425ef4a7,iNaturalist,Observations,30,02,SABANA DE LA MAR,093002,874cf3736ffffff
https://www.inaturalist.org/observations/170002509,4440647803,Tectaria incisa,Tectaria incisa Cav.,Tectariaceae,Tectaria,SPECIES,HUMAN_OBSERVATION,2023-06-28T10:59:47,2023,-69.477228,19.072528,13,50c9509d-22c7-4a22-a47d-8c48425ef4a7,iNaturalist,Observations,30,02,SABANA DE LA MAR,093002,874cf346bffffff
https://www.inaturalist.org/observations/170834393,4145214885,Chrysophyllum oliviforme,Chrysophyllum oliviforme L.,Sapotaceae,Chrysophyllum,SPECIES,HUMAN_OBSERVATION,2023-06-21T10:58:29,2023,-69.46685,19.077717,27,50c9509d-22c7-4a22-a47d-8c48425ef4a7,iNaturalist,Observations,30,02,SABANA DE LA MAR,093002,874cf3469ffffff
https://www.inaturalist.org/observations/18659071,5076753337,Peperomia rotundifolia,Peperomia rotundifolia (L.) Kunth,Piperaceae,Peperomia,SPECIES,HUMAN_OBSERVATION,2018-01-20T11:48:31,2018,-69.488137,19.005156,48,50c9509d-22c7-4a22-a47d-8c48425ef4a7,iNaturalist,Observations,30,02,SABANA DE LA MAR,093002,874cf3712ffffff
https://www.inaturalist.org/observations/18659160,5076775333,Peperomia serpens,Peperomia serpens (Sw.) G.Don,Piperaceae,Peperomia,SPECIES,HUMAN_OBSERVATION,2018-01-20T11:39:38,2018,-69.487992,19.005331,16,50c9509d-22c7-4a22-a47d-8c48425ef4a7,iNaturalist,Observations,30,02,SABANA DE LA MAR,093002,874cf3712ffffff
https://www.inaturalist.org/observations/18659237,5760459370,Pilea dispar,Pilea dispar Urb.,Urticaceae,Pilea,SPECIES,HUMAN_OBSERVATION,2018-01-20T11:28:44,2018,-69.488045,19.005142,16,50c9509d-22c7-4a22-a47d-8c48425ef4a7,iNaturalist,Observations,30,02,SABANA DE LA MAR,093002,874cf3712ffffff
https://www.inaturalist.org/observations/18659257,5760234087,Peperomia urocarpa,Peperomia urocarpa Fisch. & C.A.Mey.,Piperaceae,Peperomia,SPECIES,HUMAN_OBSERVATION,2018-01-20T11:27:12,2018,-69.488122,19.005092,16,50c9509d-22c7-4a22-a47d-8c48425ef4a7,iNaturalist,Observations,30,02,SABANA DE LA MAR,093002,874cf3712ffffff
https://www.inaturalist.org/observations/18659418,5076723340,Peperomia distachyos,Peperomia distachyos (L.) A.Dietr.,Piperaceae,Peperomia,SPECIES,HUMAN_OBSERVATION,2018-01-20T11:25:20,2018,-69.488197,19.005142,16,50c9509d-22c7-4a22-a47d-8c48425ef4a7,iNaturalist,Observations,30,02,SABANA DE LA MAR,093002,874cf3712ffffff
https://www.inaturalist.org/observations/18694979,5759934864,Pilea dispar,Pilea dispar Urb.,Urticaceae,Pilea,SPECIES,HUMAN_OBSERVATION,2018-05-11T16:29:40,2018,-69.461753,19.065095,24,50c9509d-22c7-4a22-a47d-8c48425ef4a7,iNaturalist,Observations,30,02,SABANA DE LA MAR,093002,874cf3736ffffff
https://www.inaturalist.org/observations/19421020,4116336332,Pavonia fruticosa,Pavonia fruticosa (Mill.) Fawc. & Rendle,Malvaceae,Pavonia,SPECIES,HUMAN_OBSERVATION,2018-04-11T12:44,2018,-69.389067,19.053356,2595,50c9509d-22c7-4a22-a47d-8c48425ef4a7,iNaturalist,Observations,30,02,SABANA DE LA MAR,093002,874cf3720ffffff
https://www.inaturalist.org/observations/194782496,4527966138,Cyperus mindorensis,Cyperus mindorensis (Steud.) Huygh,Cyperaceae,Cyperus,SPECIES,HUMAN_OBSERVATION,2023-11-25T16:23,2023,-69.456086,19.060359,NA,50c9509d-22c7-4a22-a47d-8c48425ef4a7,iNaturalist,Observations,30,02,SABANA DE LA MAR,093002,874cf3736ffffff
https://www.inaturalist.org/observations/194782502,4527926225,Rhynchospora nervosa,Rhynchospora nervosa (Vahl) Boeckeler,Cyperaceae,Rhynchospora,SPECIES,HUMAN_OBSERVATION,2023-11-25T16:30,2023,-69.456484,19.060997,NA,50c9509d-22c7-4a22-a47d-8c48425ef4a7,iNaturalist,Observations,30,02,SABANA DE LA MAR,093002,874cf3736ffffff
https://www.inaturalist.org/observations/194782505,4527935121,Heteranthera reniformis,Heteranthera reniformis Ruiz & Pav.,Pontederiaceae,Heteranthera,SPECIES,HUMAN_OBSERVATION,2023-11-25T16:34,2023,-69.456841,19.061468,NA,50c9509d-22c7-4a22-a47d-8c48425ef4a7,iNaturalist,Observations,30,02,SABANA DE LA MAR,093002,874cf3736ffffff
https://www.inaturalist.org/observations/194782514,4510131489,Borreria remota,Spermacoce remota Lam.,Rubiaceae,Borreria,SPECIES,HUMAN_OBSERVATION,2023-11-25T16:50,2023,-69.45771,19.062934,NA,50c9509d-22c7-4a22-a47d-8c48425ef4a7,iNaturalist,Observations,30,02,SABANA DE LA MAR,093002,874cf3736ffffff
https://www.inaturalist.org/observations/194782520,4506534733,Zanthoxylum martinicense,Zanthoxylum martinicense (Lam.) DC.,Rutaceae,Zanthoxylum,SPECIES,HUMAN_OBSERVATION,2023-11-25T16:59,2023,-69.457778,19.063458,4,50c9509d-22c7-4a22-a47d-8c48425ef4a7,iNaturalist,Observations,30,02,SABANA DE LA MAR,093002,874cf3736ffffff
https://www.inaturalist.org/observations/194793307,4528175170,Sphagneticola trilobata,Sphagneticola trilobata (L.) Pruski,Asteraceae,Sphagneticola,SPECIES,HUMAN_OBSERVATION,2023-11-25T17:19,2023,-69.457628,19.062768,NA,50c9509d-22c7-4a22-a47d-8c48425ef4a7,iNaturalist,Observations,30,02,SABANA DE LA MAR,093002,874cf3736ffffff
https://www.inaturalist.org/observations/194797820,4506505723,Tarenaya aculeata,Cleome aculeata L.,Cleomaceae,Tarenaya,SPECIES,HUMAN_OBSERVATION,2023-11-26T08:04,2023,-69.455177,19.055358,NA,50c9509d-22c7-4a22-a47d-8c48425ef4a7,iNaturalist,Observations,30,02,SABANA DE LA MAR,093002,874cf3730ffffff
https://www.inaturalist.org/observations/194797821,4506351738,Geophila repens,Geophila repens (L.) I.M.Johnst.,Rubiaceae,Geophila,SPECIES,HUMAN_OBSERVATION,2023-11-26T08:05,2023,-69.455383,19.055447,NA,50c9509d-22c7-4a22-a47d-8c48425ef4a7,iNaturalist,Observations,30,02,SABANA DE LA MAR,093002,874cf3730ffffff
https://www.inaturalist.org/observations/194797824,4506533766,Borreria remota,Spermacoce remota Lam.,Rubiaceae,Borreria,SPECIES,HUMAN_OBSERVATION,2023-11-26T08:06,2023,-69.455532,19.055614,NA,50c9509d-22c7-4a22-a47d-8c48425ef4a7,iNaturalist,Observations,30,02,SABANA DE LA MAR,093002,874cf3730ffffff
https://www.inaturalist.org/observations/194797831,4527956215,Tectaria incisa,Tectaria incisa Cav.,Tectariaceae,Tectaria,SPECIES,HUMAN_OBSERVATION,2023-11-26T08:26,2023,-69.456312,19.055622,NA,50c9509d-22c7-4a22-a47d-8c48425ef4a7,iNaturalist,Observations,30,02,SABANA DE LA MAR,093002,874cf3730ffffff
https://www.inaturalist.org/observations/194797833,4527937208,Pavonia fruticosa,Pavonia fruticosa (Mill.) Fawc. & Rendle,Malvaceae,Pavonia,SPECIES,HUMAN_OBSERVATION,2023-11-26T08:27,2023,-69.456364,19.055617,NA,50c9509d-22c7-4a22-a47d-8c48425ef4a7,iNaturalist,Observations,30,02,SABANA DE LA MAR,093002,874cf3730ffffff
https://www.inaturalist.org/observations/194797841,4506332755,Roystonea borinquena,Roystonea borinquena O.F.Cook,Arecaceae,Roystonea,SPECIES,HUMAN_OBSERVATION,2023-11-26T08:53,2023,-69.457525,19.055495,NA,50c9509d-22c7-4a22-a47d-8c48425ef4a7,iNaturalist,Observations,30,02,SABANA DE LA MAR,093002,874cf3732ffffff
https://www.inaturalist.org/observations/194845688,4524955088,Desmodium incanum,Desmodium incanum (Sw.) DC.,Fabaceae,Desmodium,SPECIES,HUMAN_OBSERVATION,2023-11-26T09:50,2023,-69.456826,19.056125,NA,50c9509d-22c7-4a22-a47d-8c48425ef4a7,iNaturalist,Observations,30,02,SABANA DE LA MAR,093002,874cf3730ffffff
https://www.inaturalist.org/observations/194845695,4525047305,Paullinia pinnata,Paullinia pinnata L.,Sapindaceae,Paullinia,SPECIES,HUMAN_OBSERVATION,2023-11-26T10:07,2023,-69.456793,19.05609,NA,50c9509d-22c7-4a22-a47d-8c48425ef4a7,iNaturalist,Observations,30,02,SABANA DE LA MAR,093002,874cf3730ffffff
https://www.inaturalist.org/observations/194845710,4525081515,Melicoccus bijugatus,Melicoccus bijugatus Jacq.,Sapindaceae,Melicoccus,SPECIES,HUMAN_OBSERVATION,2023-11-26T10:19,2023,-69.456334,19.055628,NA,50c9509d-22c7-4a22-a47d-8c48425ef4a7,iNaturalist,Observations,30,02,SABANA DE LA MAR,093002,874cf3730ffffff
https://www.inaturalist.org/observations/194848518,4527925170,Pleopeltis polypodioides,Pleopeltis polypodioides (L.) E.G.Andrews & Windham,Polypodiaceae,Pleopeltis,SPECIES,HUMAN_OBSERVATION,2023-11-26T10:59,2023,-69.455168,19.056799,NA,50c9509d-22c7-4a22-a47d-8c48425ef4a7,iNaturalist,Observations,30,02,SABANA DE LA MAR,093002,874cf3730ffffff
https://www.inaturalist.org/observations/194848519,5238228371,Domingoa haematochila,Domingoa haematochila (Rchb.f.) Carabia,Orchidaceae,Domingoa,SPECIES,HUMAN_OBSERVATION,2023-11-26T10:59,2023,-69.455165,19.0568,NA,50c9509d-22c7-4a22-a47d-8c48425ef4a7,iNaturalist,Observations,30,02,SABANA DE LA MAR,093002,874cf3730ffffff
https://www.inaturalist.org/observations/194848520,4506524900,Peperomia circinnata,Peperomia circinnata Link,Piperaceae,Peperomia,SPECIES,HUMAN_OBSERVATION,2023-11-26T11:03,2023,-69.455161,19.056649,NA,50c9509d-22c7-4a22-a47d-8c48425ef4a7,iNaturalist,Observations,30,02,SABANA DE LA MAR,093002,874cf3730ffffff
https://www.inaturalist.org/observations/194848527,4528153182,Bidens alba,Bidens alba (L.) DC.,Asteraceae,Bidens,SPECIES,HUMAN_OBSERVATION,2023-11-26T11:10,2023,-69.455305,19.056549,NA,50c9509d-22c7-4a22-a47d-8c48425ef4a7,iNaturalist,Observations,30,02,SABANA DE LA MAR,093002,874cf3730ffffff
https://www.inaturalist.org/observations/194848534,4506502916,Pilea microphylla,Pilea microphylla (L.) Liebm.,Urticaceae,Pilea,SPECIES,HUMAN_OBSERVATION,2023-11-26T11:14,2023,-69.455119,19.056553,NA,50c9509d-22c7-4a22-a47d-8c48425ef4a7,iNaturalist,Observations,30,02,SABANA DE LA MAR,093002,874cf3730ffffff
https://www.inaturalist.org/observations/194848536,4506370870,Eulophia maculata,Eulophia maculata (Lindl.) Rchb.f.,Orchidaceae,Eulophia,SPECIES,HUMAN_OBSERVATION,2023-11-26T11:15,2023,-69.455064,19.05655,6,50c9509d-22c7-4a22-a47d-8c48425ef4a7,iNaturalist,Observations,30,02,SABANA DE LA MAR,093002,874cf3730ffffff
https://www.inaturalist.org/observations/194848538,4506514915,Tradescantia spathacea,Tradescantia spathacea Sw.,Commelinaceae,Tradescantia,SPECIES,HUMAN_OBSERVATION,2023-11-26T11:18,2023,-69.455053,19.0566,NA,50c9509d-22c7-4a22-a47d-8c48425ef4a7,iNaturalist,Observations,30,02,SABANA DE LA MAR,093002,874cf3730ffffff
https://www.inaturalist.org/observations/194848540,4507628512,Zamia pumila,Zamia pumila L.,Zamiaceae,Zamia,SPECIES,HUMAN_OBSERVATION,2023-11-26T11:19,2023,-69.455128,19.05658,4,50c9509d-22c7-4a22-a47d-8c48425ef4a7,iNaturalist,Observations,30,02,SABANA DE LA MAR,093002,874cf3730ffffff
https://www.inaturalist.org/observations/194848541,4507652477,Pleopeltis polypodioides,Pleopeltis polypodioides (L.) E.G.Andrews & Windham,Polypodiaceae,Pleopeltis,SPECIES,HUMAN_OBSERVATION,2023-11-26T11:18,2023,-69.455053,19.0566,NA,50c9509d-22c7-4a22-a47d-8c48425ef4a7,iNaturalist,Observations,30,02,SABANA DE LA MAR,093002,874cf3730ffffff
https://www.inaturalist.org/observations/194848545,5086982619,Adiantum tenerum,Adiantum tenerum Sw.,Pteridaceae,Adiantum,SPECIES,HUMAN_OBSERVATION,2023-11-26T11:19,2023,-69.455208,19.056631,NA,50c9509d-22c7-4a22-a47d-8c48425ef4a7,iNaturalist,Observations,30,02,SABANA DE LA MAR,093002,874cf3730ffffff
https://www.inaturalist.org/observations/194848548,4507665468,Pleopeltis polypodioides,Pleopeltis polypodioides (L.) E.G.Andrews & Windham,Polypodiaceae,Pleopeltis,SPECIES,HUMAN_OBSERVATION,2023-11-26T11:20,2023,-69.455192,19.056626,NA,50c9509d-22c7-4a22-a47d-8c48425ef4a7,iNaturalist,Observations,30,02,SABANA DE LA MAR,093002,874cf3730ffffff
https://www.inaturalist.org/observations/194848549,4506338848,Borreria remota,Spermacoce remota Lam.,Rubiaceae,Borreria,SPECIES,HUMAN_OBSERVATION,2023-11-26T11:21,2023,-69.455181,19.056647,NA,50c9509d-22c7-4a22-a47d-8c48425ef4a7,iNaturalist,Observations,30,02,SABANA DE LA MAR,093002,874cf3730ffffff
https://www.inaturalist.org/observations/194848555,4507637424,Pteris vittata,Pteris vittata L.,Pteridaceae,Pteris,SPECIES,HUMAN_OBSERVATION,2023-11-26T11:25,2023,-69.455573,19.05685,NA,50c9509d-22c7-4a22-a47d-8c48425ef4a7,iNaturalist,Observations,30,02,SABANA DE LA MAR,093002,874cf3730ffffff
https://www.inaturalist.org/observations/194848556,4506339947,Tradescantia zebrina,Tradescantia zebrina Bosse,Commelinaceae,Tradescantia,SPECIES,HUMAN_OBSERVATION,2023-11-26T11:27,2023,-69.455851,19.056847,NA,50c9509d-22c7-4a22-a47d-8c48425ef4a7,iNaturalist,Observations,30,02,SABANA DE LA MAR,093002,874cf3730ffffff
https://www.inaturalist.org/observations/194848558,4506509838,Hamelia patens,Hamelia patens Jacq.,Rubiaceae,Hamelia,SPECIES,HUMAN_OBSERVATION,2023-11-26T11:28,2023,-69.45583,19.056872,NA,50c9509d-22c7-4a22-a47d-8c48425ef4a7,iNaturalist,Observations,30,02,SABANA DE LA MAR,093002,874cf3730ffffff
https://www.inaturalist.org/observations/19546483,2397463559,Ipomoea L.,Ipomoea L.,Convolvulaceae,Ipomoea,GENUS,HUMAN_OBSERVATION,2019-01-02T11:06,2019,-69.451667,19.062083,5,50c9509d-22c7-4a22-a47d-8c48425ef4a7,iNaturalist,Observations,30,02,SABANA DE LA MAR,093002,874cf3730ffffff
https://www.inaturalist.org/observations/19546621,5904075930,Rhynchospora Vahl,Rhynchospora Vahl,Cyperaceae,Rhynchospora,GENUS,HUMAN_OBSERVATION,2019-01-02T11:06,2019,-69.451667,19.062056,5,50c9509d-22c7-4a22-a47d-8c48425ef4a7,iNaturalist,Observations,30,02,SABANA DE LA MAR,093002,874cf3730ffffff
https://www.inaturalist.org/observations/19546876,4952761613,Mimosa pudica,Mimosa pudica L.,Fabaceae,Mimosa,SPECIES,HUMAN_OBSERVATION,2019-01-02T11:13,2019,-69.453,19.058278,5,50c9509d-22c7-4a22-a47d-8c48425ef4a7,iNaturalist,Observations,30,02,SABANA DE LA MAR,093002,874cf3730ffffff
https://www.inaturalist.org/observations/19563972,1990470721,Ipomoea indica,Ipomoea indica (Burm.) Merr.,Convolvulaceae,Ipomoea,SPECIES,HUMAN_OBSERVATION,2019-01-02T13:13,2019,-69.45525,19.057167,5,50c9509d-22c7-4a22-a47d-8c48425ef4a7,iNaturalist,Observations,30,02,SABANA DE LA MAR,093002,874cf3730ffffff
https://www.inaturalist.org/observations/19564664,1990471153,Morinda citrifolia,Morinda citrifolia L.,Rubiaceae,Morinda,SPECIES,HUMAN_OBSERVATION,2019-01-02T13:27,2019,-69.454806,19.057472,5,50c9509d-22c7-4a22-a47d-8c48425ef4a7,iNaturalist,Observations,30,02,SABANA DE LA MAR,093002,874cf3730ffffff
https://www.inaturalist.org/observations/19572168,1990474131,Lantana camara,Lantana camara L.,Verbenaceae,Lantana,SPECIES,HUMAN_OBSERVATION,2019-01-02T14:05,2019,-69.45575,19.059806,5,50c9509d-22c7-4a22-a47d-8c48425ef4a7,iNaturalist,Observations,30,02,SABANA DE LA MAR,093002,874cf3736ffffff
https://www.inaturalist.org/observations/19572981,1990474289,Thunbergia alata,Thunbergia alata Bojer ex Sims,Acanthaceae,Thunbergia,SPECIES,HUMAN_OBSERVATION,2019-01-02T14:19,2019,-69.460694,19.063583,5,50c9509d-22c7-4a22-a47d-8c48425ef4a7,iNaturalist,Observations,30,02,SABANA DE LA MAR,093002,874cf3736ffffff
https://www.inaturalist.org/observations/19577404,4993932849,Costus L.,Costus L.,Costaceae,Costus,GENUS,HUMAN_OBSERVATION,2019-01-02T15:32,2019,-69.477556,19.072833,5,50c9509d-22c7-4a22-a47d-8c48425ef4a7,iNaturalist,Observations,30,02,SABANA DE LA MAR,093002,874cf346bffffff
https://www.inaturalist.org/observations/195870137,4510146392,Mimosa pudica,Mimosa pudica L.,Fabaceae,Mimosa,SPECIES,HUMAN_OBSERVATION,2020-02-29T12:18,2020,-69.455042,19.05668,15,50c9509d-22c7-4a22-a47d-8c48425ef4a7,iNaturalist,Observations,30,02,SABANA DE LA MAR,093002,874cf3730ffffff
https://www.inaturalist.org/observations/195870154,4510170408,Christella dentata,Christella dentata (Forssk.) Brownsey & Jermy,Thelypteridaceae,Christella,SPECIES,HUMAN_OBSERVATION,2020-02-29T06:33,2020,-69.383029,19.01324,31,50c9509d-22c7-4a22-a47d-8c48425ef4a7,iNaturalist,Observations,30,02,SABANA DE LA MAR,093002,874cf372affffff
https://www.inaturalist.org/observations/195870156,6159319865,Adiantum fragile,Adiantum fragile Sw.,Pteridaceae,Adiantum,SPECIES,HUMAN_OBSERVATION,2020-02-29T12:57,2020,-69.454934,19.056465,8,50c9509d-22c7-4a22-a47d-8c48425ef4a7,iNaturalist,Observations,30,02,SABANA DE LA MAR,093002,874cf3730ffffff
https://www.inaturalist.org/observations/195870157,4510172480,Adiantum pulverulentum,Adiantum pulverulentum L.,Pteridaceae,Adiantum,SPECIES,HUMAN_OBSERVATION,2020-02-29T06:44,2020,-69.382955,19.012136,61,50c9509d-22c7-4a22-a47d-8c48425ef4a7,iNaturalist,Observations,30,02,SABANA DE LA MAR,093002,874cf372affffff
https://www.inaturalist.org/observations/195870158,5139952927,Goniopteris tetragona,Goniopteris tetragona (Sw.) C.Presl,Thelypteridaceae,Goniopteris,SPECIES,HUMAN_OBSERVATION,2020-02-29T06:44,2020,-69.382496,19.013538,15,50c9509d-22c7-4a22-a47d-8c48425ef4a7,iNaturalist,Observations,30,02,SABANA DE LA MAR,093002,874cf372affffff
https://www.inaturalist.org/observations/195870159,4510150363,Amblovenatum opulentum,Amblovenatum opulentum (Kaulf.) J.P.Roux,Thelypteridaceae,Amblovenatum,SPECIES,HUMAN_OBSERVATION,2020-02-29T06:33,2020,-69.382626,19.012958,61,50c9509d-22c7-4a22-a47d-8c48425ef4a7,iNaturalist,Observations,30,02,SABANA DE LA MAR,093002,874cf372affffff
https://www.inaturalist.org/observations/195870160,4510165443,Adiantum latifolium,Adiantum latifolium Lam.,Pteridaceae,Adiantum,SPECIES,HUMAN_OBSERVATION,2020-02-29T13:07,2020,-69.455428,19.055988,8,50c9509d-22c7-4a22-a47d-8c48425ef4a7,iNaturalist,Observations,30,02,SABANA DE LA MAR,093002,874cf3730ffffff
https://www.inaturalist.org/observations/195870164,4510374467,Inga vera,Inga vera Willd.,Fabaceae,Inga,SPECIES,HUMAN_OBSERVATION,2020-02-29T13:47,2020,-69.454873,19.055424,8,50c9509d-22c7-4a22-a47d-8c48425ef4a7,iNaturalist,Observations,30,02,SABANA DE LA MAR,093002,874cf3730ffffff
https://www.inaturalist.org/observations/195870165,4510169394,Borreria remota,Spermacoce remota Lam.,Rubiaceae,Borreria,SPECIES,HUMAN_OBSERVATION,2020-02-29T12:51,2020,-69.456787,19.057961,15,50c9509d-22c7-4a22-a47d-8c48425ef4a7,iNaturalist,Observations,30,02,SABANA DE LA MAR,093002,874cf3736ffffff
https://www.inaturalist.org/observations/195870166,4510384405,Hamelia patens,Hamelia patens Jacq.,Rubiaceae,Hamelia,SPECIES,HUMAN_OBSERVATION,2020-02-29T12:55,2020,-69.456715,19.058011,15,50c9509d-22c7-4a22-a47d-8c48425ef4a7,iNaturalist,Observations,30,02,SABANA DE LA MAR,093002,874cf3736ffffff
https://www.inaturalist.org/observations/195870167,4510137463,Spathodea campanulata,Spathodea campanulata Beauverd,Bignoniaceae,Spathodea,SPECIES,HUMAN_OBSERVATION,2020-02-29T13:07,2020,-69.45629,19.056323,8,50c9509d-22c7-4a22-a47d-8c48425ef4a7,iNaturalist,Observations,30,02,SABANA DE LA MAR,093002,874cf3730ffffff
https://www.inaturalist.org/observations/195870173,4510149339,Palicourea crocea,Palicourea crocea (Sw.) Schult.,Rubiaceae,Palicourea,SPECIES,HUMAN_OBSERVATION,2020-02-29T13:07,2020,-69.455278,19.058184,15,50c9509d-22c7-4a22-a47d-8c48425ef4a7,iNaturalist,Observations,30,02,SABANA DE LA MAR,093002,874cf3736ffffff
https://www.inaturalist.org/observations/195870178,4510388432,Borreria remota,Spermacoce remota Lam.,Rubiaceae,Borreria,SPECIES,HUMAN_OBSERVATION,2020-02-29T13:07,2020,-69.456308,19.05794,15,50c9509d-22c7-4a22-a47d-8c48425ef4a7,iNaturalist,Observations,30,02,SABANA DE LA MAR,093002,874cf3736ffffff
https://www.inaturalist.org/observations/195870179,4510407463,Miconia crenata,Miconia crenata (Vahl) Michelang.,Melastomataceae,Miconia,SPECIES,HUMAN_OBSERVATION,2020-02-29T13:07,2020,-69.456222,19.057829,15,50c9509d-22c7-4a22-a47d-8c48425ef4a7,iNaturalist,Observations,30,02,SABANA DE LA MAR,093002,874cf3736ffffff
https://www.inaturalist.org/observations/195870181,4510181439,Malachra alceifolia,Malachra alceifolia Jacq.,Malvaceae,Malachra,SPECIES,HUMAN_OBSERVATION,2020-02-29T13:08,2020,-69.456265,19.05792,15,50c9509d-22c7-4a22-a47d-8c48425ef4a7,iNaturalist,Observations,30,02,SABANA DE LA MAR,093002,874cf3736ffffff
https://www.inaturalist.org/observations/195870182,5828252761,Dorstenia peltata,Dorstenia peltata Spreng.,Moraceae,Dorstenia,SPECIES,HUMAN_OBSERVATION,2020-02-29T13:10,2020,-69.454033,19.055142,15,50c9509d-22c7-4a22-a47d-8c48425ef4a7,iNaturalist,Observations,30,02,SABANA DE LA MAR,093002,874cf3730ffffff
https://www.inaturalist.org/observations/195870186,4510159431,Pleopeltis polypodioides,Pleopeltis polypodioides (L.) E.G.Andrews & Windham,Polypodiaceae,Pleopeltis,SPECIES,HUMAN_OBSERVATION,2020-02-29T08:57,2020,-69.454657,19.057866,4,50c9509d-22c7-4a22-a47d-8c48425ef4a7,iNaturalist,Observations,30,02,SABANA DE LA MAR,093002,874cf3730ffffff
https://www.inaturalist.org/observations/195870188,4510426343,Zanthoxylum martinicense,Zanthoxylum martinicense (Lam.) DC.,Rutaceae,Zanthoxylum,SPECIES,HUMAN_OBSERVATION,2020-02-29T13:08,2020,-69.455939,19.057905,15,50c9509d-22c7-4a22-a47d-8c48425ef4a7,iNaturalist,Observations,30,02,SABANA DE LA MAR,093002,874cf3736ffffff
https://www.inaturalist.org/observations/195870190,4510164471,Rhynchospora nervosa,Rhynchospora nervosa (Vahl) Boeckeler,Cyperaceae,Rhynchospora,SPECIES,HUMAN_OBSERVATION,2020-02-29T12:18,2020,-69.455253,19.056617,15,50c9509d-22c7-4a22-a47d-8c48425ef4a7,iNaturalist,Observations,30,02,SABANA DE LA MAR,093002,874cf3730ffffff
https://www.inaturalist.org/observations/195870197,4510150364,Dolichandra unguis-cati,Dolichandra unguis-cati (L.) L.G.Lohmann,Bignoniaceae,Dolichandra,SPECIES,HUMAN_OBSERVATION,2020-02-29T12:57,2020,-69.454698,19.057428,15,50c9509d-22c7-4a22-a47d-8c48425ef4a7,iNaturalist,Observations,30,02,SABANA DE LA MAR,093002,874cf3730ffffff
https://www.inaturalist.org/observations/195870199,4512216243,Paullinia pinnata,Paullinia pinnata L.,Sapindaceae,Paullinia,SPECIES,HUMAN_OBSERVATION,2020-02-29T13:49,2020,-69.45766,19.05469,15,50c9509d-22c7-4a22-a47d-8c48425ef4a7,iNaturalist,Observations,30,02,SABANA DE LA MAR,093002,874cf3732ffffff
https://www.inaturalist.org/observations/198165603,4519128939,Alocasia macrorrhizos,Alocasia macrorrhizos (L.) G.Don,Araceae,Alocasia,SPECIES,HUMAN_OBSERVATION,2024-02-01T12:39:46,2024,-69.455413,19.059331,4,50c9509d-22c7-4a22-a47d-8c48425ef4a7,iNaturalist,Observations,30,02,SABANA DE LA MAR,093002,874cf3736ffffff
https://www.inaturalist.org/observations/198165671,4519156864,Momordica charantia,Momordica charantia L.,Cucurbitaceae,Momordica,SPECIES,HUMAN_OBSERVATION,2024-02-01T12:07:35,2024,-69.456633,19.061208,4,50c9509d-22c7-4a22-a47d-8c48425ef4a7,iNaturalist,Observations,30,02,SABANA DE LA MAR,093002,874cf3736ffffff
https://www.inaturalist.org/observations/198165987,4519103199,Adiantum tenerum,Adiantum tenerum Sw.,Pteridaceae,Adiantum,SPECIES,HUMAN_OBSERVATION,2024-02-01T09:57:28,2024,-69.454813,19.056367,4,50c9509d-22c7-4a22-a47d-8c48425ef4a7,iNaturalist,Observations,30,02,SABANA DE LA MAR,093002,874cf3730ffffff
https://www.inaturalist.org/observations/198166045,4519204332,Mimosa pudica,Mimosa pudica L.,Fabaceae,Mimosa,SPECIES,HUMAN_OBSERVATION,2024-02-01T10:44:27,2024,-69.451513,19.055206,4,50c9509d-22c7-4a22-a47d-8c48425ef4a7,iNaturalist,Observations,30,02,SABANA DE LA MAR,093002,874cf3730ffffff
https://www.inaturalist.org/observations/198166068,4519180200,Ludwigia octovalvis,Ludwigia octovalvis (Jacq.) P.H.Raven,Onagraceae,Ludwigia,SPECIES,HUMAN_OBSERVATION,2024-02-01T12:13:18,2024,-69.457383,19.062422,4,50c9509d-22c7-4a22-a47d-8c48425ef4a7,iNaturalist,Observations,30,02,SABANA DE LA MAR,093002,874cf3736ffffff
https://www.inaturalist.org/observations/198166129,4519181144,Coffea arabica,Coffea arabica L.,Rubiaceae,Coffea,SPECIES,HUMAN_OBSERVATION,2024-02-01T12:10:25,2024,-69.456908,19.061625,4,50c9509d-22c7-4a22-a47d-8c48425ef4a7,iNaturalist,Observations,30,02,SABANA DE LA MAR,093002,874cf3736ffffff
https://www.inaturalist.org/observations/198171327,4519178268,Centrosema virginianum,Centrosema virginianum (L.) Benth.,Fabaceae,Centrosema,SPECIES,HUMAN_OBSERVATION,2024-02-01T10:44:15,2024,-69.451483,19.0552,4,50c9509d-22c7-4a22-a47d-8c48425ef4a7,iNaturalist,Observations,30,02,SABANA DE LA MAR,093002,874cf3730ffffff
https://www.inaturalist.org/observations/198171372,4519128029,Coccoloba uvifera,Coccoloba uvifera (L.) L.,Polygonaceae,Coccoloba,SPECIES,HUMAN_OBSERVATION,2024-02-01T10:05:09,2024,-69.453712,19.05662,4,50c9509d-22c7-4a22-a47d-8c48425ef4a7,iNaturalist,Observations,30,02,SABANA DE LA MAR,093002,874cf3730ffffff
https://www.inaturalist.org/observations/198171512,4519128031,Begonia nelumbiifolia,Begonia nelumbiifolia Cham. & Schltdl.,Begoniaceae,Begonia,SPECIES,HUMAN_OBSERVATION,2024-02-01T10:04:39,2024,-69.453797,19.056506,4,50c9509d-22c7-4a22-a47d-8c48425ef4a7,iNaturalist,Observations,30,02,SABANA DE LA MAR,093002,874cf3730ffffff
https://www.inaturalist.org/observations/198171596,4519170357,Pteris vittata,Pteris vittata L.,Pteridaceae,Pteris,SPECIES,HUMAN_OBSERVATION,2024-02-01T09:59:29,2024,-69.454887,19.056739,4,50c9509d-22c7-4a22-a47d-8c48425ef4a7,iNaturalist,Observations,30,02,SABANA DE LA MAR,093002,874cf3730ffffff
https://www.inaturalist.org/observations/198171618,4519123255,Peperomia circinnata,Peperomia circinnata Link,Piperaceae,Peperomia,SPECIES,HUMAN_OBSERVATION,2024-02-01T09:58:20,2024,-69.454788,19.056442,4,50c9509d-22c7-4a22-a47d-8c48425ef4a7,iNaturalist,Observations,30,02,SABANA DE LA MAR,093002,874cf3730ffffff
https://www.inaturalist.org/observations/198171708,4519104183,Borreria remota,Spermacoce remota Lam.,Rubiaceae,Borreria,SPECIES,HUMAN_OBSERVATION,2024-02-01T09:57:58,2024,-69.45478,19.056431,5,50c9509d-22c7-4a22-a47d-8c48425ef4a7,iNaturalist,Observations,30,02,SABANA DE LA MAR,093002,874cf3730ffffff
https://www.inaturalist.org/observations/198576927,4519321193,Stylosanthes hamata,Stylosanthes hamata (L.) Taub.,Fabaceae,Stylosanthes,SPECIES,HUMAN_OBSERVATION,2024-02-01T20:51,2024,-69.460533,19.054107,61,50c9509d-22c7-4a22-a47d-8c48425ef4a7,iNaturalist,Observations,30,02,SABANA DE LA MAR,093002,874cf3732ffffff
https://www.inaturalist.org/observations/199423464,4525157961,Urera baccifera,Urera baccifera (L.) Gaudich.,Urticaceae,Urera,SPECIES,HUMAN_OBSERVATION,2024-02-11T10:43:11,2024,-69.456764,19.061437,62,50c9509d-22c7-4a22-a47d-8c48425ef4a7,iNaturalist,Observations,30,02,SABANA DE LA MAR,093002,874cf3736ffffff
https://www.inaturalist.org/observations/199423945,5087011585,Jatropha gossypiifolia,Jatropha gossypiifolia L.,Euphorbiaceae,Jatropha,SPECIES,HUMAN_OBSERVATION,2024-02-11T10:16:10,2024,-69.458843,19.05809,355,50c9509d-22c7-4a22-a47d-8c48425ef4a7,iNaturalist,Observations,30,02,SABANA DE LA MAR,093002,874cf3736ffffff
https://www.inaturalist.org/observations/200916232,4535685049,Hura crepitans,Hura crepitans L.,Euphorbiaceae,Hura,SPECIES,HUMAN_OBSERVATION,2024-02-29T17:12:17,2024,-69.387017,19.047986,NA,50c9509d-22c7-4a22-a47d-8c48425ef4a7,iNaturalist,Observations,30,02,SABANA DE LA MAR,093002,874cf3720ffffff
https://www.inaturalist.org/observations/201206324,6184831912,Pitcairnia domingensis,Pitcairnia domingensis L.B.Sm.,Bromeliaceae,Pitcairnia,SPECIES,HUMAN_OBSERVATION,2024-03-02T11:23:57,2024,-69.477623,19.074419,NA,50c9509d-22c7-4a22-a47d-8c48425ef4a7,iNaturalist,Observations,30,02,SABANA DE LA MAR,093002,874cf346bffffff
https://www.inaturalist.org/observations/202531525,4597006199,Stachytarpheta jamaicensis,Stachytarpheta jamaicensis (L.) Vahl,Verbenaceae,Stachytarpheta,SPECIES,HUMAN_OBSERVATION,2024-03-15T10:05:49,2024,-69.455983,19.057062,NA,50c9509d-22c7-4a22-a47d-8c48425ef4a7,iNaturalist,Observations,30,02,SABANA DE LA MAR,093002,874cf3730ffffff
https://www.inaturalist.org/observations/203027044,4597606495,Cecropia schreberiana,Cecropia schreberiana Miq.,Urticaceae,Cecropia,SPECIES,HUMAN_OBSERVATION,2023-05-09T08:23,2023,-69.460404,19.056396,65,50c9509d-22c7-4a22-a47d-8c48425ef4a7,iNaturalist,Observations,30,02,SABANA DE LA MAR,093002,874cf3732ffffff
https://www.inaturalist.org/observations/207969637,4852139669,Theobroma cacao,Theobroma cacao L.,Malvaceae,Theobroma,SPECIES,HUMAN_OBSERVATION,2024-03-17T14:50,2024,-69.445323,19.040951,488,50c9509d-22c7-4a22-a47d-8c48425ef4a7,iNaturalist,Observations,30,02,SABANA DE LA MAR,093002,874cf3733ffffff
https://www.inaturalist.org/observations/213137813,4855156998,Bletia patula,Bletia patula Hook.,Orchidaceae,Bletia,SPECIES,HUMAN_OBSERVATION,2024-05-03T07:49:33,2024,-69.456453,19.057508,NA,50c9509d-22c7-4a22-a47d-8c48425ef4a7,iNaturalist,Observations,30,02,SABANA DE LA MAR,093002,874cf3736ffffff
https://www.inaturalist.org/observations/214105014,4854951867,Hippeastrum puniceum,Hippeastrum puniceum (Lam.) Voss,Amaryllidaceae,Hippeastrum,SPECIES,HUMAN_OBSERVATION,2024-05-03T07:19:25,2024,-69.456528,19.057697,2,50c9509d-22c7-4a22-a47d-8c48425ef4a7,iNaturalist,Observations,30,02,SABANA DE LA MAR,093002,874cf3736ffffff
https://www.inaturalist.org/observations/218013079,4872432544,Carica papaya,Carica papaya L.,Caricaceae,Carica,SPECIES,HUMAN_OBSERVATION,2024-05-24T11:39:44,2024,-69.466897,19.077747,4,50c9509d-22c7-4a22-a47d-8c48425ef4a7,iNaturalist,Observations,30,02,SABANA DE LA MAR,093002,874cf3469ffffff
https://www.inaturalist.org/observations/230021279,4908228750,Delonix regia,Delonix regia (Bojer ex Hook.) Raf.,Fabaceae,Delonix,SPECIES,HUMAN_OBSERVATION,2024-07-15T14:27:20,2024,-69.454912,19.056586,5,50c9509d-22c7-4a22-a47d-8c48425ef4a7,iNaturalist,Observations,30,02,SABANA DE LA MAR,093002,874cf3730ffffff
https://www.inaturalist.org/observations/230187765,4910920826,Roystonea borinquena,Roystonea borinquena O.F.Cook,Arecaceae,Roystonea,SPECIES,HUMAN_OBSERVATION,2024-07-16T17:57:52,2024,-69.45157,19.063111,3,50c9509d-22c7-4a22-a47d-8c48425ef4a7,iNaturalist,Observations,30,02,SABANA DE LA MAR,093002,874cf3736ffffff
https://www.inaturalist.org/observations/230188047,4910648736,Lagerstroemia speciosa,Lagerstroemia speciosa (L.) Martyn,Lythraceae,Lagerstroemia,SPECIES,HUMAN_OBSERVATION,2024-07-16T17:58:39,2024,-69.451713,19.063014,4,50c9509d-22c7-4a22-a47d-8c48425ef4a7,iNaturalist,Observations,30,02,SABANA DE LA MAR,093002,874cf3736ffffff
https://www.inaturalist.org/observations/230188362,4910778884,Zanthoxylum martinicense,Zanthoxylum martinicense (Lam.) DC.,Rutaceae,Zanthoxylum,SPECIES,HUMAN_OBSERVATION,2024-07-16T18:09:19,2024,-69.451653,19.061975,4,50c9509d-22c7-4a22-a47d-8c48425ef4a7,iNaturalist,Observations,30,02,SABANA DE LA MAR,093002,874cf3730ffffff
https://www.inaturalist.org/observations/231327604,4919457714,Pleopeltis polypodioides,Pleopeltis polypodioides (L.) E.G.Andrews & Windham,Polypodiaceae,Pleopeltis,SPECIES,HUMAN_OBSERVATION,2024-07-23T17:50:23,2024,-69.451312,19.063489,3,50c9509d-22c7-4a22-a47d-8c48425ef4a7,iNaturalist,Observations,30,02,SABANA DE LA MAR,093002,874cf3736ffffff
https://www.inaturalist.org/observations/231327718,4921437634,Miconia laevigata,Miconia laevigata (L.) DC.,Melastomataceae,Miconia,SPECIES,HUMAN_OBSERVATION,2024-07-23T17:50:36,2024,-69.451278,19.063511,4,50c9509d-22c7-4a22-a47d-8c48425ef4a7,iNaturalist,Observations,30,02,SABANA DE LA MAR,093002,874cf3736ffffff
https://www.inaturalist.org/observations/231327771,4919500220,Inga vera,Inga vera Willd.,Fabaceae,Inga,SPECIES,HUMAN_OBSERVATION,2024-07-23T17:50:40,2024,-69.451272,19.063506,4,50c9509d-22c7-4a22-a47d-8c48425ef4a7,iNaturalist,Observations,30,02,SABANA DE LA MAR,093002,874cf3736ffffff
https://www.inaturalist.org/observations/231327843,4919284738,Terminalia catappa,Terminalia catappa L.,Combretaceae,Terminalia,SPECIES,HUMAN_OBSERVATION,2024-07-23T17:50:59,2024,-69.451287,19.063367,4,50c9509d-22c7-4a22-a47d-8c48425ef4a7,iNaturalist,Observations,30,02,SABANA DE LA MAR,093002,874cf3736ffffff
https://www.inaturalist.org/observations/231327886,4919561102,Pteris vittata,Pteris vittata L.,Pteridaceae,Pteris,SPECIES,HUMAN_OBSERVATION,2024-07-23T18:43:24,2024,-69.45552,19.057592,3,50c9509d-22c7-4a22-a47d-8c48425ef4a7,iNaturalist,Observations,30,02,SABANA DE LA MAR,093002,874cf3730ffffff
https://www.inaturalist.org/observations/231328011,4919537702,Anemia adiantifolia,Anemia adiantifolia (L.) Sw.,Anemiaceae,Anemia,SPECIES,HUMAN_OBSERVATION,2024-07-23T18:43:34,2024,-69.455497,19.057586,4,50c9509d-22c7-4a22-a47d-8c48425ef4a7,iNaturalist,Observations,30,02,SABANA DE LA MAR,093002,874cf3730ffffff
https://www.inaturalist.org/observations/231328487,4919107183,Erithalis fruticosa,Erithalis fruticosa L.,Rubiaceae,Erithalis,SPECIES,HUMAN_OBSERVATION,2024-07-23T18:43:47,2024,-69.455488,19.057608,4,50c9509d-22c7-4a22-a47d-8c48425ef4a7,iNaturalist,Observations,30,02,SABANA DE LA MAR,093002,874cf3730ffffff
https://www.inaturalist.org/observations/231328722,4919285981,Hamelia patens,Hamelia patens Jacq.,Rubiaceae,Hamelia,SPECIES,HUMAN_OBSERVATION,2024-07-23T18:54:43,2024,-69.455353,19.056828,4,50c9509d-22c7-4a22-a47d-8c48425ef4a7,iNaturalist,Observations,30,02,SABANA DE LA MAR,093002,874cf3730ffffff
https://www.inaturalist.org/observations/231328914,6170852821,Lobelia salicina,Lobelia salicina Lam.,Campanulaceae,Lobelia,SPECIES,HUMAN_OBSERVATION,2024-07-23T18:54:47,2024,-69.455362,19.056811,4,50c9509d-22c7-4a22-a47d-8c48425ef4a7,iNaturalist,Observations,30,02,SABANA DE LA MAR,093002,874cf3730ffffff
https://www.inaturalist.org/observations/231329434,4919624761,Adiantum tenerum,Adiantum tenerum Sw.,Pteridaceae,Adiantum,SPECIES,HUMAN_OBSERVATION,2024-07-23T18:54:10,2024,-69.45552,19.05685,19,50c9509d-22c7-4a22-a47d-8c48425ef4a7,iNaturalist,Observations,30,02,SABANA DE LA MAR,093002,874cf3730ffffff
https://www.inaturalist.org/observations/231381424,4919481558,Andira inermis,Andira inermis (W.Wright) Kunth ex DC.,Fabaceae,Andira,SPECIES,HUMAN_OBSERVATION,2024-07-24T06:35:11,2024,-69.454758,19.057725,4,50c9509d-22c7-4a22-a47d-8c48425ef4a7,iNaturalist,Observations,30,02,SABANA DE LA MAR,093002,874cf3730ffffff
https://www.inaturalist.org/observations/231381519,4919101661,Pilea microphylla,Pilea microphylla (L.) Liebm.,Urticaceae,Pilea,SPECIES,HUMAN_OBSERVATION,2024-07-24T06:31:05,2024,-69.454955,19.057239,5,50c9509d-22c7-4a22-a47d-8c48425ef4a7,iNaturalist,Observations,30,02,SABANA DE LA MAR,093002,874cf3730ffffff
https://www.inaturalist.org/observations/232704401,4919415231,Rhizophora mangle,Rhizophora mangle L.,Rhizophoraceae,Rhizophora,SPECIES,HUMAN_OBSERVATION,2024-07-15T10:58:45,2024,-69.450272,19.067697,4,50c9509d-22c7-4a22-a47d-8c48425ef4a7,iNaturalist,Observations,30,02,SABANA DE LA MAR,093002,874cf3734ffffff
https://www.inaturalist.org/observations/234732412,4923882549,Flemingia strobilifera,Flemingia strobilifera (L.) W.T.Aiton,Fabaceae,Flemingia,SPECIES,HUMAN_OBSERVATION,2024-08-09T12:33:25,2024,-69.463412,18.992917,6,50c9509d-22c7-4a22-a47d-8c48425ef4a7,iNaturalist,Observations,30,02,SABANA DE LA MAR,093002,874cf3713ffffff
https://www.inaturalist.org/observations/234732454,4923871189,Varronia polycephala,Varronia polycephala Lam.,Cordiaceae,Varronia,SPECIES,HUMAN_OBSERVATION,2024-08-09T12:34:19,2024,-69.46361,18.993015,4,50c9509d-22c7-4a22-a47d-8c48425ef4a7,iNaturalist,Observations,30,02,SABANA DE LA MAR,093002,874cf3713ffffff
https://www.inaturalist.org/observations/234732466,4923951781,Gonzalagunia hirsuta,Gonzalagunia hirsuta (Jacq.) K.Schum.,Rubiaceae,Gonzalagunia,SPECIES,HUMAN_OBSERVATION,2024-08-09T12:34:49,2024,-69.463487,18.992933,5,50c9509d-22c7-4a22-a47d-8c48425ef4a7,iNaturalist,Observations,30,02,SABANA DE LA MAR,093002,874cf3713ffffff
https://www.inaturalist.org/observations/234732481,4923606149,Carapa guianensis,Carapa guianensis Aubl.,Meliaceae,Carapa,SPECIES,HUMAN_OBSERVATION,2024-08-09T12:40:09,2024,-69.46506,18.992408,6,50c9509d-22c7-4a22-a47d-8c48425ef4a7,iNaturalist,Observations,30,02,SABANA DE LA MAR,093002,874cf3713ffffff
https://www.inaturalist.org/observations/234732575,4923990894,Miconia impetiolaris,Miconia impetiolaris (Sw.) D.Don,Melastomataceae,Miconia,SPECIES,HUMAN_OBSERVATION,2024-08-09T12:46:19,2024,-69.465158,18.992403,6,50c9509d-22c7-4a22-a47d-8c48425ef4a7,iNaturalist,Observations,30,02,SABANA DE LA MAR,093002,874cf3713ffffff
https://www.inaturalist.org/observations/234732765,4923894011,Hirtella triandra,Hirtella triandra Sw.,Chrysobalanaceae,Hirtella,SPECIES,HUMAN_OBSERVATION,2024-08-09T12:51:27,2024,-69.46517,18.992357,5,50c9509d-22c7-4a22-a47d-8c48425ef4a7,iNaturalist,Observations,30,02,SABANA DE LA MAR,093002,874cf3713ffffff
https://www.inaturalist.org/observations/234733164,4923970261,Wallenia laurifolia,Wallenia laurifolia (Jacq.) Sw.,Primulaceae,Wallenia,SPECIES,HUMAN_OBSERVATION,2024-08-09T12:52:04,2024,-69.465137,18.992263,5,50c9509d-22c7-4a22-a47d-8c48425ef4a7,iNaturalist,Observations,30,02,SABANA DE LA MAR,093002,874cf3713ffffff
https://www.inaturalist.org/observations/234733214,4923741556,Pseudolmedia spuria,Pseudolmedia spuria (Sw.) Griseb.,Moraceae,Pseudolmedia,SPECIES,HUMAN_OBSERVATION,2024-08-09T12:53:09,2024,-69.465242,18.99227,5,50c9509d-22c7-4a22-a47d-8c48425ef4a7,iNaturalist,Observations,30,02,SABANA DE LA MAR,093002,874cf3713ffffff
https://www.inaturalist.org/observations/234733255,4923576971,Marcgravia rectiflora,Marcgravia rectiflora Triana & Planch.,Marcgraviaceae,Marcgravia,SPECIES,HUMAN_OBSERVATION,2024-08-09T12:55:22,2024,-69.465345,18.992233,6,50c9509d-22c7-4a22-a47d-8c48425ef4a7,iNaturalist,Observations,30,02,SABANA DE LA MAR,093002,874cf3713ffffff
https://www.inaturalist.org/observations/234733291,4923669282,Sloanea berteroana,Sloanea berteroana Choisy ex DC.,Elaeocarpaceae,Sloanea,SPECIES,HUMAN_OBSERVATION,2024-08-09T13:01:50,2024,-69.465635,18.99219,7,50c9509d-22c7-4a22-a47d-8c48425ef4a7,iNaturalist,Observations,30,02,SABANA DE LA MAR,093002,874cf3713ffffff
https://www.inaturalist.org/observations/234733372,4923775283,Guatteria blainii,Guatteria blainii (Griseb.) Urb.,Annonaceae,Guatteria,SPECIES,HUMAN_OBSERVATION,2024-08-09T13:05:46,2024,-69.465575,18.992233,6,50c9509d-22c7-4a22-a47d-8c48425ef4a7,iNaturalist,Observations,30,02,SABANA DE LA MAR,093002,874cf3713ffffff
https://www.inaturalist.org/observations/234733398,4924035724,Peperomia rotundifolia,Peperomia rotundifolia (L.) Kunth,Piperaceae,Peperomia,SPECIES,HUMAN_OBSERVATION,2024-08-09T13:12:14,2024,-69.46566,18.992298,6,50c9509d-22c7-4a22-a47d-8c48425ef4a7,iNaturalist,Observations,30,02,SABANA DE LA MAR,093002,874cf3713ffffff
https://www.inaturalist.org/observations/234733463,4923763422,Byrsonima spicata,Byrsonima spicata (Cav.) DC.,Malpighiaceae,Byrsonima,SPECIES,HUMAN_OBSERVATION,2024-08-09T13:18:31,2024,-69.46513,18.992908,6,50c9509d-22c7-4a22-a47d-8c48425ef4a7,iNaturalist,Observations,30,02,SABANA DE LA MAR,093002,874cf3713ffffff
https://www.inaturalist.org/observations/234771281,4923714263,Cyperus odoratus,Cyperus odoratus L.,Cyperaceae,Cyperus,SPECIES,HUMAN_OBSERVATION,2024-08-09T17:07:55,2024,-69.3856,19.045315,5,50c9509d-22c7-4a22-a47d-8c48425ef4a7,iNaturalist,Observations,30,02,SABANA DE LA MAR,093002,874cf3720ffffff
https://www.inaturalist.org/observations/234771341,4924056016,Fimbristylis littoralis,Fimbristylis littoralis Gaudich.,Cyperaceae,Fimbristylis,SPECIES,HUMAN_OBSERVATION,2024-08-09T17:13:06,2024,-69.385785,19.044772,4,50c9509d-22c7-4a22-a47d-8c48425ef4a7,iNaturalist,Observations,30,02,SABANA DE LA MAR,093002,874cf3720ffffff
https://www.inaturalist.org/observations/234771448,4923606233,Spigelia anthelmia,Spigelia anthelmia L.,Loganiaceae,Spigelia,SPECIES,HUMAN_OBSERVATION,2024-08-09T17:16:50,2024,-69.385733,19.044833,6,50c9509d-22c7-4a22-a47d-8c48425ef4a7,iNaturalist,Observations,30,02,SABANA DE LA MAR,093002,874cf3720ffffff
https://www.inaturalist.org/observations/234771465,4923761050,Hippobroma longiflora,Hippobroma longiflora (L.) G.Don,Campanulaceae,Hippobroma,SPECIES,HUMAN_OBSERVATION,2024-08-09T17:27:41,2024,-69.387922,19.044197,7,50c9509d-22c7-4a22-a47d-8c48425ef4a7,iNaturalist,Observations,30,02,SABANA DE LA MAR,093002,874cf3720ffffff
https://www.inaturalist.org/observations/234771510,4923758186,Calophyllum antillanum,Calophyllum brasiliense var. antillanum (Britton) Standl.,Calophyllaceae,Calophyllum,VARIETY,HUMAN_OBSERVATION,2024-08-09T17:34:20,2024,-69.38915,19.045148,4,50c9509d-22c7-4a22-a47d-8c48425ef4a7,iNaturalist,Observations,30,02,SABANA DE LA MAR,093002,874cf3720ffffff
https://www.inaturalist.org/observations/234771601,4923808796,Clitoria fairchildiana,Clitoria fairchildiana R.A.Howard,Fabaceae,Clitoria,SPECIES,HUMAN_OBSERVATION,2024-06-08,2024,-69.388607,19.046498,8,50c9509d-22c7-4a22-a47d-8c48425ef4a7,iNaturalist,Observations,30,02,SABANA DE LA MAR,093002,874cf3720ffffff
https://www.inaturalist.org/observations/234771658,4924088277,Clitoria fairchildiana,Clitoria fairchildiana R.A.Howard,Fabaceae,Clitoria,SPECIES,HUMAN_OBSERVATION,2024-08-09T17:45:03,2024,-69.388512,19.046802,5,50c9509d-22c7-4a22-a47d-8c48425ef4a7,iNaturalist,Observations,30,02,SABANA DE LA MAR,093002,874cf3720ffffff
https://www.inaturalist.org/observations/234771763,6185722021,Cissus verticillata,Cissus verticillata (L.) Nicolson & C.E.Jarvis,Vitaceae,Cissus,SPECIES,HUMAN_OBSERVATION,2024-08-09T18:04:50,2024,-69.385403,19.047107,6,50c9509d-22c7-4a22-a47d-8c48425ef4a7,iNaturalist,Observations,30,02,SABANA DE LA MAR,093002,874cf3720ffffff
https://www.inaturalist.org/observations/234771794,4924056019,Calophyllum antillanum,Calophyllum brasiliense var. antillanum (Britton) Standl.,Calophyllaceae,Calophyllum,VARIETY,HUMAN_OBSERVATION,2024-08-09T18:05:15,2024,-69.385493,19.047255,7,50c9509d-22c7-4a22-a47d-8c48425ef4a7,iNaturalist,Observations,30,02,SABANA DE LA MAR,093002,874cf3720ffffff
https://www.inaturalist.org/observations/234771886,4924028151,Caperonia palustris,Caperonia palustris (L.) A.St.-Hil.,Euphorbiaceae,Caperonia,SPECIES,HUMAN_OBSERVATION,2024-08-09T18:09:23,2024,-69.385437,19.047145,7,50c9509d-22c7-4a22-a47d-8c48425ef4a7,iNaturalist,Observations,30,02,SABANA DE LA MAR,093002,874cf3720ffffff
https://www.inaturalist.org/observations/234772021,4924081389,Micranthemum umbrosum,Micranthemum umbrosum (J.F.Gmel.) S.F.Blake,Linderniaceae,Micranthemum,SPECIES,HUMAN_OBSERVATION,2024-08-09T18:14:13,2024,-69.385223,19.046838,3,50c9509d-22c7-4a22-a47d-8c48425ef4a7,iNaturalist,Observations,30,02,SABANA DE LA MAR,093002,874cf3720ffffff
https://www.inaturalist.org/observations/234955870,4923646836,Inga vera,Inga vera Willd.,Fabaceae,Inga,SPECIES,HUMAN_OBSERVATION,2024-08-10T08:30:04,2024,-69.451783,19.063292,3,50c9509d-22c7-4a22-a47d-8c48425ef4a7,iNaturalist,Observations,30,02,SABANA DE LA MAR,093002,874cf3736ffffff
https://www.inaturalist.org/observations/234955897,4923946721,Rhizophora mangle,Rhizophora mangle L.,Rhizophoraceae,Rhizophora,SPECIES,HUMAN_OBSERVATION,2024-08-10T08:39:44,2024,-69.451423,19.064815,4,50c9509d-22c7-4a22-a47d-8c48425ef4a7,iNaturalist,Observations,30,02,SABANA DE LA MAR,093002,874cf3736ffffff
https://www.inaturalist.org/observations/234955967,5007237581,Manilkara bidentata,Manilkara bidentata (A.DC.) Chev.,Sapotaceae,Manilkara,SPECIES,HUMAN_OBSERVATION,2024-08-10T09:08:23,2024,-69.505132,19.086675,9,50c9509d-22c7-4a22-a47d-8c48425ef4a7,iNaturalist,Observations,30,02,SABANA DE LA MAR,093002,874cf346affffff
https://www.inaturalist.org/observations/234956037,5008028605,Manilkara bidentata,Manilkara bidentata (A.DC.) Chev.,Sapotaceae,Manilkara,SPECIES,HUMAN_OBSERVATION,2024-08-10T09:09:19,2024,-69.505262,19.086648,5,50c9509d-22c7-4a22-a47d-8c48425ef4a7,iNaturalist,Observations,30,02,SABANA DE LA MAR,093002,874cf346affffff
https://www.inaturalist.org/observations/234956086,6185944067,Dalbergia ecastaphyllum,Dalbergia ecastaphyllum (L.) Taub.,Fabaceae,Dalbergia,SPECIES,HUMAN_OBSERVATION,2024-08-10T09:10:08,2024,-69.505262,19.086665,5,50c9509d-22c7-4a22-a47d-8c48425ef4a7,iNaturalist,Observations,30,02,SABANA DE LA MAR,093002,874cf346affffff
https://www.inaturalist.org/observations/234956124,4923823511,Thespesia populnea,Thespesia populnea (L.) Sol. ex Corrêa,Malvaceae,Thespesia,SPECIES,HUMAN_OBSERVATION,2024-08-10T09:10:52,2024,-69.505278,19.086733,4,50c9509d-22c7-4a22-a47d-8c48425ef4a7,iNaturalist,Observations,30,02,SABANA DE LA MAR,093002,874cf346affffff
https://www.inaturalist.org/observations/234956168,4923755054,Zamia pumila,Zamia pumila L.,Zamiaceae,Zamia,SPECIES,HUMAN_OBSERVATION,2024-08-10T09:11:38,2024,-69.505443,19.086695,5,50c9509d-22c7-4a22-a47d-8c48425ef4a7,iNaturalist,Observations,30,02,SABANA DE LA MAR,093002,874cf346affffff
https://www.inaturalist.org/observations/234956602,6185665536,Zamia pumila,Zamia pumila L.,Zamiaceae,Zamia,SPECIES,HUMAN_OBSERVATION,2024-08-10T09:19:35,2024,-69.506355,19.086662,5,50c9509d-22c7-4a22-a47d-8c48425ef4a7,iNaturalist,Observations,30,02,SABANA DE LA MAR,093002,874cf3441ffffff
https://www.inaturalist.org/observations/234956715,4923738849,Clusia rosea,Clusia rosea Jacq.,Clusiaceae,Clusia,SPECIES,HUMAN_OBSERVATION,2024-08-10T09:26:37,2024,-69.506217,19.086623,4,50c9509d-22c7-4a22-a47d-8c48425ef4a7,iNaturalist,Observations,30,02,SABANA DE LA MAR,093002,874cf3441ffffff
https://www.inaturalist.org/observations/234956896,4924176183,Coccoloba diversifolia,Coccoloba diversifolia Jacq.,Polygonaceae,Coccoloba,SPECIES,HUMAN_OBSERVATION,2024-08-10T09:34:45,2024,-69.505807,19.086638,3,50c9509d-22c7-4a22-a47d-8c48425ef4a7,iNaturalist,Observations,30,02,SABANA DE LA MAR,093002,874cf346affffff
https://www.inaturalist.org/observations/234956990,6184919284,Ximenia americana,Ximenia americana L.,Ximeniaceae,Ximenia,SPECIES,HUMAN_OBSERVATION,2024-08-10T09:38:32,2024,-69.505573,19.086707,3,50c9509d-22c7-4a22-a47d-8c48425ef4a7,iNaturalist,Observations,30,02,SABANA DE LA MAR,093002,874cf346affffff
https://www.inaturalist.org/observations/234957154,4923883056,Canavalia rosea,Canavalia rosea (Sw.) DC.,Fabaceae,Canavalia,SPECIES,HUMAN_OBSERVATION,2024-08-10T09:41:09,2024,-69.505418,19.086642,4,50c9509d-22c7-4a22-a47d-8c48425ef4a7,iNaturalist,Observations,30,02,SABANA DE LA MAR,093002,874cf346affffff
https://www.inaturalist.org/observations/234958770,4925876076,Tillandsia balbisiana,Tillandsia balbisiana Schult. & Schult.f.,Bromeliaceae,Tillandsia,SPECIES,HUMAN_OBSERVATION,2024-08-10T09:51:54,2024,-69.505002,19.086792,5,50c9509d-22c7-4a22-a47d-8c48425ef4a7,iNaturalist,Observations,30,02,SABANA DE LA MAR,093002,874cf346affffff
https://www.inaturalist.org/observations/234959132,4923676719,Metopium toxiferum,Metopium toxiferum (L.) Krug & Urb.,Anacardiaceae,Metopium,SPECIES,HUMAN_OBSERVATION,2024-08-10T10:03:06,2024,-69.505002,19.086837,4,50c9509d-22c7-4a22-a47d-8c48425ef4a7,iNaturalist,Observations,30,02,SABANA DE LA MAR,093002,874cf346affffff
https://www.inaturalist.org/observations/234959654,4923814398,Tabebuia maxonii,Tabebuia maxonii Urb.,Bignoniaceae,Tabebuia,SPECIES,HUMAN_OBSERVATION,2024-08-10T10:10:12,2024,-69.50482,19.08703,5,50c9509d-22c7-4a22-a47d-8c48425ef4a7,iNaturalist,Observations,30,02,SABANA DE LA MAR,093002,874cf346affffff
https://www.inaturalist.org/observations/234959697,4923883610,Coccothrinax montgomeryana,"Coccothrinax montgomeryana A.J.Hend., Elad.Fernández & C.D.Bacon",Arecaceae,Coccothrinax,SPECIES,HUMAN_OBSERVATION,2024-08-10T10:12:23,2024,-69.504898,19.087058,3,50c9509d-22c7-4a22-a47d-8c48425ef4a7,iNaturalist,Observations,30,02,SABANA DE LA MAR,093002,874cf346affffff
https://www.inaturalist.org/observations/234959770,4924158812,Passiflora bilobata,Passiflora bilobata Juss.,Passifloraceae,Passiflora,SPECIES,HUMAN_OBSERVATION,2024-08-10T10:14:08,2024,-69.50482,19.087093,4,50c9509d-22c7-4a22-a47d-8c48425ef4a7,iNaturalist,Observations,30,02,SABANA DE LA MAR,093002,874cf346affffff
https://www.inaturalist.org/observations/234959792,5007946427,Coccoloba incrassata,Coccoloba incrassata Urb.,Polygonaceae,Coccoloba,SPECIES,HUMAN_OBSERVATION,2024-08-10T10:15:02,2024,-69.504845,19.087105,4,50c9509d-22c7-4a22-a47d-8c48425ef4a7,iNaturalist,Observations,30,02,SABANA DE LA MAR,093002,874cf346affffff
https://www.inaturalist.org/observations/234959854,6195613726,Psychotria ligustrifolia,Psychotria ligustrifolia (Northr.) Millsp.,Rubiaceae,Psychotria,SPECIES,HUMAN_OBSERVATION,2024-08-10T10:15:58,2024,-69.504808,19.087118,3,50c9509d-22c7-4a22-a47d-8c48425ef4a7,iNaturalist,Observations,30,02,SABANA DE LA MAR,093002,874cf346affffff
https://www.inaturalist.org/observations/234959902,4923600841,Passiflora bilobata,Passiflora bilobata Juss.,Passifloraceae,Passiflora,SPECIES,HUMAN_OBSERVATION,2024-08-10T10:16:31,2024,-69.504793,19.08714,3,50c9509d-22c7-4a22-a47d-8c48425ef4a7,iNaturalist,Observations,30,02,SABANA DE LA MAR,093002,874cf346affffff
https://www.inaturalist.org/observations/234959993,5840445819,Sideroxylon salicifolium,Sideroxylon salicifolium (L.) Lam.,Sapotaceae,Sideroxylon,SPECIES,HUMAN_OBSERVATION,2024-08-10T10:17:56,2024,-69.504837,19.08712,3,50c9509d-22c7-4a22-a47d-8c48425ef4a7,iNaturalist,Observations,30,02,SABANA DE LA MAR,093002,874cf346affffff
https://www.inaturalist.org/observations/234960368,5839970713,Xylosma domingensis,Xylosma domingensis (Urb.) M.H.Alford,Salicaceae,Xylosma,SPECIES,HUMAN_OBSERVATION,2024-08-10T10:26:26,2024,-69.5049,19.08714,3,50c9509d-22c7-4a22-a47d-8c48425ef4a7,iNaturalist,Observations,30,02,SABANA DE LA MAR,093002,874cf346affffff
https://www.inaturalist.org/observations/234960715,4923993390,Randia aculeata,Randia aculeata L.,Rubiaceae,Randia,SPECIES,HUMAN_OBSERVATION,2024-08-10T10:35:34,2024,-69.504822,19.08708,3,50c9509d-22c7-4a22-a47d-8c48425ef4a7,iNaturalist,Observations,30,02,SABANA DE LA MAR,093002,874cf346affffff
https://www.inaturalist.org/observations/234960919,4923860148,Guzmania monostachia,Guzmania monostachia (L.) Rusby ex Mez,Bromeliaceae,Guzmania,SPECIES,HUMAN_OBSERVATION,2024-08-10T10:45:54,2024,-69.505144,19.081216,2600,50c9509d-22c7-4a22-a47d-8c48425ef4a7,iNaturalist,Observations,30,02,SABANA DE LA MAR,093002,874cf3441ffffff
https://www.inaturalist.org/observations/234961291,6185402431,Pitcairnia domingensis,Pitcairnia domingensis L.B.Sm.,Bromeliaceae,Pitcairnia,SPECIES,HUMAN_OBSERVATION,2024-08-10T11:09:39,2024,-69.5038,19.084587,5,50c9509d-22c7-4a22-a47d-8c48425ef4a7,iNaturalist,Observations,30,02,SABANA DE LA MAR,093002,874cf346affffff
https://www.inaturalist.org/observations/234961468,4923645965,Dorstenia peltata,Dorstenia peltata Spreng.,Moraceae,Dorstenia,SPECIES,HUMAN_OBSERVATION,2024-08-10T11:10:59,2024,-69.50387,19.084595,6,50c9509d-22c7-4a22-a47d-8c48425ef4a7,iNaturalist,Observations,30,02,SABANA DE LA MAR,093002,874cf346affffff
https://www.inaturalist.org/observations/234961579,4923813778,Garciadelia abbottii,Garciadelia abbottii Jestrow & Jiménez Rodr.,Euphorbiaceae,Garciadelia,SPECIES,HUMAN_OBSERVATION,2024-08-10T11:13:45,2024,-69.503925,19.0848,6,50c9509d-22c7-4a22-a47d-8c48425ef4a7,iNaturalist,Observations,30,02,SABANA DE LA MAR,093002,874cf346affffff
https://www.inaturalist.org/observations/234962029,4924096271,Adiantum melanoleucum,Adiantum melanoleucum Willd.,Pteridaceae,Adiantum,SPECIES,HUMAN_OBSERVATION,2024-08-10T11:22:20,2024,-69.503992,19.08499,10,50c9509d-22c7-4a22-a47d-8c48425ef4a7,iNaturalist,Observations,30,02,SABANA DE LA MAR,093002,874cf346affffff
https://www.inaturalist.org/observations/234962125,4924154954,Sideroxylon dominicanum,Sideroxylon dominicanum (Whetstone & T.A.Atk.) T.D.Penn.,Sapotaceae,Sideroxylon,SPECIES,HUMAN_OBSERVATION,2024-08-10T11:25:05,2024,-69.50382,19.084735,6,50c9509d-22c7-4a22-a47d-8c48425ef4a7,iNaturalist,Observations,30,02,SABANA DE LA MAR,093002,874cf346affffff
https://www.inaturalist.org/observations/234962532,4924120676,Coccoloba costata,Coccoloba costata C.Wright,Polygonaceae,Coccoloba,SPECIES,HUMAN_OBSERVATION,2024-08-10T11:29:02,2024,-69.503872,19.084612,7,50c9509d-22c7-4a22-a47d-8c48425ef4a7,iNaturalist,Observations,30,02,SABANA DE LA MAR,093002,874cf346affffff
https://www.inaturalist.org/observations/234962666,4924164320,Zanthoxylum bifoliolatum,Zanthoxylum bifoliolatum Leonard,Rutaceae,Zanthoxylum,SPECIES,HUMAN_OBSERVATION,2024-08-10T11:33:11,2024,-69.503543,19.084742,9,50c9509d-22c7-4a22-a47d-8c48425ef4a7,iNaturalist,Observations,30,02,SABANA DE LA MAR,093002,874cf346affffff
https://www.inaturalist.org/observations/234962926,4924038991,Tillandsia pruinosa,Tillandsia pruinosa Sw.,Bromeliaceae,Tillandsia,SPECIES,HUMAN_OBSERVATION,2024-08-10T11:34:56,2024,-69.503843,19.084655,5,50c9509d-22c7-4a22-a47d-8c48425ef4a7,iNaturalist,Observations,30,02,SABANA DE LA MAR,093002,874cf346affffff
https://www.inaturalist.org/observations/234963012,4954291829,Miconia cordilamina,Miconia cordilamina Judd & Bécquer,Melastomataceae,Miconia,SPECIES,HUMAN_OBSERVATION,2024-08-10T11:35:53,2024,-69.503838,19.084642,4,50c9509d-22c7-4a22-a47d-8c48425ef4a7,iNaturalist,Observations,30,02,SABANA DE LA MAR,093002,874cf346affffff
https://www.inaturalist.org/observations/234963507,4923895677,Passiflora bilobata,Passiflora bilobata Juss.,Passifloraceae,Passiflora,SPECIES,HUMAN_OBSERVATION,2024-08-10T11:44:34,2024,-69.503887,19.084517,6,50c9509d-22c7-4a22-a47d-8c48425ef4a7,iNaturalist,Observations,30,02,SABANA DE LA MAR,093002,874cf346affffff
https://www.inaturalist.org/observations/234963675,4924008840,Coccoloba costata,Coccoloba costata C.Wright,Polygonaceae,Coccoloba,SPECIES,HUMAN_OBSERVATION,2024-08-10T11:47:43,2024,-69.503845,19.084557,6,50c9509d-22c7-4a22-a47d-8c48425ef4a7,iNaturalist,Observations,30,02,SABANA DE LA MAR,093002,874cf346affffff
https://www.inaturalist.org/observations/234963704,4923608432,Chiococca alba,Chiococca alba (L.) Hitchc.,Rubiaceae,Chiococca,SPECIES,HUMAN_OBSERVATION,2024-08-10T11:48:11,2024,-69.503812,19.08452,5,50c9509d-22c7-4a22-a47d-8c48425ef4a7,iNaturalist,Observations,30,02,SABANA DE LA MAR,093002,874cf346affffff
https://www.inaturalist.org/observations/234964020,6184955720,Pitcairnia domingensis,Pitcairnia domingensis L.B.Sm.,Bromeliaceae,Pitcairnia,SPECIES,HUMAN_OBSERVATION,2024-08-10T12:20:59,2024,-69.496215,19.082595,8,50c9509d-22c7-4a22-a47d-8c48425ef4a7,iNaturalist,Observations,30,02,SABANA DE LA MAR,093002,874cf346affffff
https://www.inaturalist.org/observations/234966463,4923646867,Clusia picardae,Clusia picardae Urb.,Clusiaceae,Clusia,SPECIES,HUMAN_OBSERVATION,2024-08-10T13:51:53,2024,-69.472978,19.078112,7,50c9509d-22c7-4a22-a47d-8c48425ef4a7,iNaturalist,Observations,30,02,SABANA DE LA MAR,093002,874cf346bffffff
https://www.inaturalist.org/observations/234966527,4923654325,Miconia elaeagnoides,Miconia elaeagnoides (Sw.) Griseb.,Melastomataceae,Miconia,SPECIES,HUMAN_OBSERVATION,2024-08-10T13:53:39,2024,-69.473023,19.078257,6,50c9509d-22c7-4a22-a47d-8c48425ef4a7,iNaturalist,Observations,30,02,SABANA DE LA MAR,093002,874cf346bffffff
https://www.inaturalist.org/observations/234967016,4923608441,Rhizophora mangle,Rhizophora mangle L.,Rhizophoraceae,Rhizophora,SPECIES,HUMAN_OBSERVATION,2024-08-10T14:36:51,2024,-69.449877,19.0677,8,50c9509d-22c7-4a22-a47d-8c48425ef4a7,iNaturalist,Observations,30,02,SABANA DE LA MAR,093002,874cf3734ffffff
https://www.inaturalist.org/observations/234967054,4924046542,Pavonia paludicola,Pavonia paludicola Nicolson ex Fryxell,Malvaceae,Pavonia,SPECIES,HUMAN_OBSERVATION,2024-08-10T14:37:21,2024,-69.450758,19.066268,5,50c9509d-22c7-4a22-a47d-8c48425ef4a7,iNaturalist,Observations,30,02,SABANA DE LA MAR,093002,874cf3734ffffff
https://www.inaturalist.org/observations/234967083,4924146537,Pavonia paludicola,Pavonia paludicola Nicolson ex Fryxell,Malvaceae,Pavonia,SPECIES,HUMAN_OBSERVATION,2024-08-10T14:39:18,2024,-69.451232,19.06574,5,50c9509d-22c7-4a22-a47d-8c48425ef4a7,iNaturalist,Observations,30,02,SABANA DE LA MAR,093002,874cf3736ffffff
https://www.inaturalist.org/observations/234967104,4924075447,Pavonia paludicola,Pavonia paludicola Nicolson ex Fryxell,Malvaceae,Pavonia,SPECIES,HUMAN_OBSERVATION,2024-08-10T14:42:51,2024,-69.451803,19.064295,6,50c9509d-22c7-4a22-a47d-8c48425ef4a7,iNaturalist,Observations,30,02,SABANA DE LA MAR,093002,874cf3736ffffff
https://www.inaturalist.org/observations/234967138,4924182991,Pavonia paludicola,Pavonia paludicola Nicolson ex Fryxell,Malvaceae,Pavonia,SPECIES,HUMAN_OBSERVATION,2024-08-10T14:56:39,2024,-69.451598,19.064003,8,50c9509d-22c7-4a22-a47d-8c48425ef4a7,iNaturalist,Observations,30,02,SABANA DE LA MAR,093002,874cf3736ffffff
https://www.inaturalist.org/observations/235011826,4924013140,Tillandsia bulbosa,Tillandsia bulbosa Hook.,Bromeliaceae,Tillandsia,SPECIES,HUMAN_OBSERVATION,2024-08-10T09:58:17,2024,-69.504987,19.086702,7,50c9509d-22c7-4a22-a47d-8c48425ef4a7,iNaturalist,Observations,30,02,SABANA DE LA MAR,093002,874cf346affffff
https://www.inaturalist.org/observations/235457901,5062866380,Rhizophora mangle,Rhizophora mangle L.,Rhizophoraceae,Rhizophora,SPECIES,HUMAN_OBSERVATION,2024-08-10T12:30:35,2024,-69.496428,19.083383,NA,50c9509d-22c7-4a22-a47d-8c48425ef4a7,iNaturalist,Observations,30,02,SABANA DE LA MAR,093002,874cf346affffff
https://www.inaturalist.org/observations/235458036,5062863305,Coccothrinax montgomeryana,"Coccothrinax montgomeryana A.J.Hend., Elad.Fernández & C.D.Bacon",Arecaceae,Coccothrinax,SPECIES,HUMAN_OBSERVATION,2024-08-10T10:11:13,2024,-69.504905,19.086727,NA,50c9509d-22c7-4a22-a47d-8c48425ef4a7,iNaturalist,Observations,30,02,SABANA DE LA MAR,093002,874cf346affffff
https://www.inaturalist.org/observations/235927638,5062824393,Carapa guianensis,Carapa guianensis Aubl.,Meliaceae,Carapa,SPECIES,HUMAN_OBSERVATION,2024-08-09T12:42:21,2024,-69.464963,18.992325,NA,50c9509d-22c7-4a22-a47d-8c48425ef4a7,iNaturalist,Observations,30,02,SABANA DE LA MAR,093002,874cf3713ffffff
https://www.inaturalist.org/observations/236044596,4926359667,Erythroxylum urbanii,Erythroxylum urbanii O.E.Schulz,Erythroxylaceae,Erythroxylum,SPECIES,HUMAN_OBSERVATION,2024-08-10T10:21:37,2024,-69.504873,19.087147,3,50c9509d-22c7-4a22-a47d-8c48425ef4a7,iNaturalist,Observations,30,02,SABANA DE LA MAR,093002,874cf346affffff
https://www.inaturalist.org/observations/236044757,4926055306,Erythroxylum urbanii,Erythroxylum urbanii O.E.Schulz,Erythroxylaceae,Erythroxylum,SPECIES,HUMAN_OBSERVATION,2024-08-10T10:19:53,2024,-69.504872,19.08721,5,50c9509d-22c7-4a22-a47d-8c48425ef4a7,iNaturalist,Observations,30,02,SABANA DE LA MAR,093002,874cf346affffff
https://www.inaturalist.org/observations/238153683,4936133399,Chrysophyllum oliviforme,Chrysophyllum oliviforme L.,Sapotaceae,Chrysophyllum,SPECIES,HUMAN_OBSERVATION,2024-08-22T11:58:20,2024,-69.466683,19.077483,19,50c9509d-22c7-4a22-a47d-8c48425ef4a7,iNaturalist,Observations,30,02,SABANA DE LA MAR,093002,874cf3469ffffff
https://www.inaturalist.org/observations/247379515,4954741579,Begonia nelumbiifolia,Begonia nelumbiifolia Cham. & Schltdl.,Begoniaceae,Begonia,SPECIES,HUMAN_OBSERVATION,2024-10-14T17:17:04,2024,-69.454308,19.057133,50,50c9509d-22c7-4a22-a47d-8c48425ef4a7,iNaturalist,Observations,30,02,SABANA DE LA MAR,093002,874cf3730ffffff
https://www.inaturalist.org/observations/247469021,4954475918,Bursera simaruba,Bursera simaruba (L.) Sarg.,Burseraceae,Bursera,SPECIES,HUMAN_OBSERVATION,2024-10-15T08:30:45,2024,-69.450797,19.064,8,50c9509d-22c7-4a22-a47d-8c48425ef4a7,iNaturalist,Observations,30,02,SABANA DE LA MAR,093002,874cf3736ffffff
https://www.inaturalist.org/observations/247481104,4954603279,Rhizophora mangle,Rhizophora mangle L.,Rhizophoraceae,Rhizophora,SPECIES,HUMAN_OBSERVATION,2024-10-15T06:51:06,2024,-69.450837,19.066583,10,50c9509d-22c7-4a22-a47d-8c48425ef4a7,iNaturalist,Observations,30,02,SABANA DE LA MAR,093002,874cf3734ffffff
https://www.inaturalist.org/observations/247502570,4954420439,Mimosa pudica,Mimosa pudica L.,Fabaceae,Mimosa,SPECIES,HUMAN_OBSERVATION,2024-10-15T06:35:56,2024,-69.451133,19.063558,14,50c9509d-22c7-4a22-a47d-8c48425ef4a7,iNaturalist,Observations,30,02,SABANA DE LA MAR,093002,874cf3736ffffff
https://www.inaturalist.org/observations/249741783,4978234073,Pteris vittata,Pteris vittata L.,Pteridaceae,Pteris,SPECIES,HUMAN_OBSERVATION,2024-10-29T08:43,2024,-69.506446,19.065102,488,50c9509d-22c7-4a22-a47d-8c48425ef4a7,iNaturalist,Observations,30,02,SABANA DE LA MAR,093002,874cf344effffff
https://www.inaturalist.org/observations/249743035,4978598362,Hippeastrum puniceum,Hippeastrum puniceum (Lam.) Voss,Amaryllidaceae,Hippeastrum,SPECIES,HUMAN_OBSERVATION,2024-10-29T08:44,2024,-69.506446,19.065102,488,50c9509d-22c7-4a22-a47d-8c48425ef4a7,iNaturalist,Observations,30,02,SABANA DE LA MAR,093002,874cf344effffff
https://www.inaturalist.org/observations/249743118,4978443365,Stigmaphyllon angulosum,Stigmaphyllon angulosum (L.) A.Juss.,Malpighiaceae,Stigmaphyllon,SPECIES,HUMAN_OBSERVATION,2024-10-29T08:44,2024,-69.506446,19.065102,488,50c9509d-22c7-4a22-a47d-8c48425ef4a7,iNaturalist,Observations,30,02,SABANA DE LA MAR,093002,874cf344effffff
https://www.inaturalist.org/observations/249743354,4978317598,Ipomoea indica,Ipomoea indica (Burm.) Merr.,Convolvulaceae,Ipomoea,SPECIES,HUMAN_OBSERVATION,2024-10-29T08:45,2024,-69.506446,19.065102,488,50c9509d-22c7-4a22-a47d-8c48425ef4a7,iNaturalist,Observations,30,02,SABANA DE LA MAR,093002,874cf344effffff
https://www.inaturalist.org/observations/249743442,4978281459,Hamelia patens,Hamelia patens Jacq.,Rubiaceae,Hamelia,SPECIES,HUMAN_OBSERVATION,2024-10-29T08:46,2024,-69.506446,19.065102,488,50c9509d-22c7-4a22-a47d-8c48425ef4a7,iNaturalist,Observations,30,02,SABANA DE LA MAR,093002,874cf344effffff
https://www.inaturalist.org/observations/249743555,5237800433,Bletia patula,Bletia patula Hook.,Orchidaceae,Bletia,SPECIES,HUMAN_OBSERVATION,2024-10-29T09:01,2024,-69.506446,19.065102,488,50c9509d-22c7-4a22-a47d-8c48425ef4a7,iNaturalist,Observations,30,02,SABANA DE LA MAR,093002,874cf344effffff
https://www.inaturalist.org/observations/249744213,4978196183,Genipa americana,Genipa americana L.,Rubiaceae,Genipa,SPECIES,HUMAN_OBSERVATION,2024-10-29T09:25,2024,-69.506446,19.065102,488,50c9509d-22c7-4a22-a47d-8c48425ef4a7,iNaturalist,Observations,30,02,SABANA DE LA MAR,093002,874cf344effffff
https://www.inaturalist.org/observations/249744605,4978244075,Thunbergia alata,Thunbergia alata Bojer ex Sims,Acanthaceae,Thunbergia,SPECIES,HUMAN_OBSERVATION,2024-10-29T09:57,2024,-69.506446,19.065102,488,50c9509d-22c7-4a22-a47d-8c48425ef4a7,iNaturalist,Observations,30,02,SABANA DE LA MAR,093002,874cf344effffff
https://www.inaturalist.org/observations/249744659,4978540556,Desmodium incanum,Desmodium incanum (Sw.) DC.,Fabaceae,Desmodium,SPECIES,HUMAN_OBSERVATION,2024-10-29T10:12,2024,-69.506446,19.065102,488,50c9509d-22c7-4a22-a47d-8c48425ef4a7,iNaturalist,Observations,30,02,SABANA DE LA MAR,093002,874cf344effffff
https://www.inaturalist.org/observations/254242542,4994299892,Byrsonima spicata,Byrsonima spicata (Cav.) DC.,Malpighiaceae,Byrsonima,SPECIES,HUMAN_OBSERVATION,2024-12-05T13:38:35,2024,-69.457628,18.989185,6,50c9509d-22c7-4a22-a47d-8c48425ef4a7,iNaturalist,Observations,30,02,SABANA DE LA MAR,093002,874cf371effffff
https://www.inaturalist.org/observations/254244261,6184965810,Miconia impetiolaris,Miconia impetiolaris (Sw.) D.Don,Melastomataceae,Miconia,SPECIES,HUMAN_OBSERVATION,2024-12-05T13:45:42,2024,-69.4575,18.990098,6,50c9509d-22c7-4a22-a47d-8c48425ef4a7,iNaturalist,Observations,30,02,SABANA DE LA MAR,093002,874cf371effffff
https://www.inaturalist.org/observations/254244325,4993922924,Miconia umbellata,Miconia umbellata (Mill.) Judd & Ionta,Melastomataceae,Miconia,SPECIES,HUMAN_OBSERVATION,2024-12-05T14:09:15,2024,-69.467008,18.991663,7,50c9509d-22c7-4a22-a47d-8c48425ef4a7,iNaturalist,Observations,30,02,SABANA DE LA MAR,093002,874cf3713ffffff
https://www.inaturalist.org/observations/254244370,4994388940,Miconia crenata,Miconia crenata (Vahl) Michelang.,Melastomataceae,Miconia,SPECIES,HUMAN_OBSERVATION,2024-12-05T14:09:36,2024,-69.466962,18.991718,5,50c9509d-22c7-4a22-a47d-8c48425ef4a7,iNaturalist,Observations,30,02,SABANA DE LA MAR,093002,874cf3713ffffff
https://www.inaturalist.org/observations/254244429,5844353403,Selaginella tenella,Selaginella tenella (P.Beauv.) Spring,Selaginellaceae,Selaginella,SPECIES,HUMAN_OBSERVATION,2024-12-05T14:16:21,2024,-69.467542,18.991613,8,50c9509d-22c7-4a22-a47d-8c48425ef4a7,iNaturalist,Observations,30,02,SABANA DE LA MAR,093002,874cf3713ffffff
https://www.inaturalist.org/observations/254244432,5007396067,Allophylus cominia,Allophylus cominia (L.) Sw.,Sapindaceae,Allophylus,SPECIES,HUMAN_OBSERVATION,2024-12-05T15:33:43,2024,-69.474861,18.997077,7,50c9509d-22c7-4a22-a47d-8c48425ef4a7,iNaturalist,Observations,30,02,SABANA DE LA MAR,093002,874cf3713ffffff
https://www.inaturalist.org/observations/254244471,4993855557,Marcgravia rectiflora,Marcgravia rectiflora Triana & Planch.,Marcgraviaceae,Marcgravia,SPECIES,HUMAN_OBSERVATION,2024-12-05T14:17:13,2024,-69.467458,18.991657,5,50c9509d-22c7-4a22-a47d-8c48425ef4a7,iNaturalist,Observations,30,02,SABANA DE LA MAR,093002,874cf3713ffffff
https://www.inaturalist.org/observations/254244648,4993842756,Roystonea borinquena,Roystonea borinquena O.F.Cook,Arecaceae,Roystonea,SPECIES,HUMAN_OBSERVATION,2024-12-05T14:21:49,2024,-69.467653,18.991642,7,50c9509d-22c7-4a22-a47d-8c48425ef4a7,iNaturalist,Observations,30,02,SABANA DE LA MAR,093002,874cf3713ffffff
https://www.inaturalist.org/observations/254244971,4994304636,Marcgravia rectiflora,Marcgravia rectiflora Triana & Planch.,Marcgraviaceae,Marcgravia,SPECIES,HUMAN_OBSERVATION,2024-12-05T14:30:14,2024,-69.467562,18.99184,5,50c9509d-22c7-4a22-a47d-8c48425ef4a7,iNaturalist,Observations,30,02,SABANA DE LA MAR,093002,874cf3713ffffff
https://www.inaturalist.org/observations/254245070,4994040713,Geophila repens,Geophila repens (L.) I.M.Johnst.,Rubiaceae,Geophila,SPECIES,HUMAN_OBSERVATION,2024-12-05T14:35:19,2024,-69.467288,18.991898,5,50c9509d-22c7-4a22-a47d-8c48425ef4a7,iNaturalist,Observations,30,02,SABANA DE LA MAR,093002,874cf3713ffffff
https://www.inaturalist.org/observations/254245084,4994373995,Ficus maxima,Ficus maxima Mill.,Moraceae,Ficus,SPECIES,HUMAN_OBSERVATION,2024-12-05T14:36:22,2024,-69.467297,18.991917,4,50c9509d-22c7-4a22-a47d-8c48425ef4a7,iNaturalist,Observations,30,02,SABANA DE LA MAR,093002,874cf3713ffffff
https://www.inaturalist.org/observations/254245100,4994150251,Marcgravia rectiflora,Marcgravia rectiflora Triana & Planch.,Marcgraviaceae,Marcgravia,SPECIES,HUMAN_OBSERVATION,2024-12-05T14:39:22,2024,-69.467468,18.991868,6,50c9509d-22c7-4a22-a47d-8c48425ef4a7,iNaturalist,Observations,30,02,SABANA DE LA MAR,093002,874cf3713ffffff
https://www.inaturalist.org/observations/254245437,4994218260,Oxandra laurifolia,Oxandra laurifolia (Sw.) A.Rich.,Annonaceae,Oxandra,SPECIES,HUMAN_OBSERVATION,2024-12-05T14:45:57,2024,-69.468103,18.99222,4,50c9509d-22c7-4a22-a47d-8c48425ef4a7,iNaturalist,Observations,30,02,SABANA DE LA MAR,093002,874cf3713ffffff
https://www.inaturalist.org/observations/254245556,4994218261,Dioscorea chondrocarpa,Dioscorea chondrocarpa Griseb.,Dioscoreaceae,Dioscorea,SPECIES,HUMAN_OBSERVATION,2024-12-05T15:00:15,2024,-69.468345,18.99214,5,50c9509d-22c7-4a22-a47d-8c48425ef4a7,iNaturalist,Observations,30,02,SABANA DE LA MAR,093002,874cf3713ffffff
https://www.inaturalist.org/observations/254337179,4994248934,Tillandsia usneoides,Tillandsia usneoides (L.) L.,Bromeliaceae,Tillandsia,SPECIES,HUMAN_OBSERVATION,2024-12-06T09:21:41,2024,-69.44959,19.058423,3191,50c9509d-22c7-4a22-a47d-8c48425ef4a7,iNaturalist,Observations,30,02,SABANA DE LA MAR,093002,874cf3730ffffff
https://www.inaturalist.org/observations/254337530,6195429492,Guettarda abbottii,Guettarda abbottii Urb.,Rubiaceae,Guettarda,SPECIES,HUMAN_OBSERVATION,2024-12-06T10:11:56,2024,-69.470187,19.07885,8,50c9509d-22c7-4a22-a47d-8c48425ef4a7,iNaturalist,Observations,30,02,SABANA DE LA MAR,093002,874cf346bffffff
https://www.inaturalist.org/observations/254337564,6187901890,Gyminda latifolia,Gyminda latifolia (Sw.) Urb.,Celastraceae,Gyminda,SPECIES,HUMAN_OBSERVATION,2024-12-06T10:12:56,2024,-69.470163,19.078843,7,50c9509d-22c7-4a22-a47d-8c48425ef4a7,iNaturalist,Observations,30,02,SABANA DE LA MAR,093002,874cf346bffffff
https://www.inaturalist.org/observations/254337605,5238131414,Vanilla poitaei,Vanilla poitaei Rchb.f.,Orchidaceae,Vanilla,SPECIES,HUMAN_OBSERVATION,2024-12-06T10:21:04,2024,-69.47309,19.078293,7,50c9509d-22c7-4a22-a47d-8c48425ef4a7,iNaturalist,Observations,30,02,SABANA DE LA MAR,093002,874cf346bffffff
https://www.inaturalist.org/observations/254340158,5008009736,Manilkara bidentata,Manilkara bidentata (A.DC.) Chev.,Sapotaceae,Manilkara,SPECIES,HUMAN_OBSERVATION,2024-12-06T14:45:14,2024,-69.496695,19.083645,4,50c9509d-22c7-4a22-a47d-8c48425ef4a7,iNaturalist,Observations,30,02,SABANA DE LA MAR,093002,874cf346affffff
https://www.inaturalist.org/observations/254340228,4994320343,Dorstenia peltata,Dorstenia peltata Spreng.,Moraceae,Dorstenia,SPECIES,HUMAN_OBSERVATION,2024-12-06T14:59:27,2024,-69.496693,19.08369,5,50c9509d-22c7-4a22-a47d-8c48425ef4a7,iNaturalist,Observations,30,02,SABANA DE LA MAR,093002,874cf346affffff
https://www.inaturalist.org/observations/254340272,4994224025,Andira inermis,Andira inermis (W.Wright) Kunth ex DC.,Fabaceae,Andira,SPECIES,HUMAN_OBSERVATION,2024-12-06T17:05:36,2024,-69.418783,19.046613,8,50c9509d-22c7-4a22-a47d-8c48425ef4a7,iNaturalist,Observations,30,02,SABANA DE LA MAR,093002,874cf3722ffffff
https://www.inaturalist.org/observations/254405751,4993843161,Terminalia tetraphylla,Terminalia tetraphylla (Aubl.) Gere & Boatwr.,Combretaceae,Terminalia,SPECIES,HUMAN_OBSERVATION,2024-12-07T07:42:07,2024,-69.364963,18.996567,3,50c9509d-22c7-4a22-a47d-8c48425ef4a7,iNaturalist,Observations,30,02,SABANA DE LA MAR,093002,874cf372bffffff
https://www.inaturalist.org/observations/254426768,4994357356,Terminalia tetraphylla,Terminalia tetraphylla (Aubl.) Gere & Boatwr.,Combretaceae,Terminalia,SPECIES,HUMAN_OBSERVATION,2024-12-07T07:34:30,2024,-69.365128,18.99642,6,50c9509d-22c7-4a22-a47d-8c48425ef4a7,iNaturalist,Observations,30,02,SABANA DE LA MAR,093002,874cf372bffffff
https://www.inaturalist.org/observations/254426815,4994088372,Dolichandra unguis-cati,Dolichandra unguis-cati (L.) L.G.Lohmann,Bignoniaceae,Dolichandra,SPECIES,HUMAN_OBSERVATION,2024-12-07T07:55:44,2024,-69.364853,18.996522,9,50c9509d-22c7-4a22-a47d-8c48425ef4a7,iNaturalist,Observations,30,02,SABANA DE LA MAR,093002,874cf372bffffff
https://www.inaturalist.org/observations/254520271,4994644247,Oxandra laurifolia,Oxandra laurifolia (Sw.) A.Rich.,Annonaceae,Oxandra,SPECIES,HUMAN_OBSERVATION,2024-12-05T14:45:44,2024,-69.468367,18.991897,NA,50c9509d-22c7-4a22-a47d-8c48425ef4a7,iNaturalist,Observations,30,02,SABANA DE LA MAR,093002,874cf3713ffffff
https://www.inaturalist.org/observations/254621929,5062880001,Oxandra laurifolia,Oxandra laurifolia (Sw.) A.Rich.,Annonaceae,Oxandra,SPECIES,HUMAN_OBSERVATION,2024-12-05T14:46:51,2024,-69.46847,18.991685,4,50c9509d-22c7-4a22-a47d-8c48425ef4a7,iNaturalist,Observations,30,02,SABANA DE LA MAR,093002,874cf3713ffffff
https://www.inaturalist.org/observations/254631338,4994417464,Ximenia americana,Ximenia americana L.,Ximeniaceae,Ximenia,SPECIES,HUMAN_OBSERVATION,2024-12-06T12:10:15,2024,-69.505293,19.086688,5,50c9509d-22c7-4a22-a47d-8c48425ef4a7,iNaturalist,Observations,30,02,SABANA DE LA MAR,093002,874cf346affffff
https://www.inaturalist.org/observations/254632698,4994088843,Exothea paniculata,Exothea paniculata (Juss.) Walp.,Sapindaceae,Exothea,SPECIES,HUMAN_OBSERVATION,2024-12-06T10:23:25,2024,-69.473113,19.07828,7,50c9509d-22c7-4a22-a47d-8c48425ef4a7,iNaturalist,Observations,30,02,SABANA DE LA MAR,093002,874cf346bffffff
https://www.inaturalist.org/observations/255088830,5008342311,Thunbergia fragrans,Thunbergia fragrans Roxb.,Acanthaceae,Thunbergia,SPECIES,HUMAN_OBSERVATION,2024-02-02T16:33:13,2024,-69.251808,19.004969,NA,50c9509d-22c7-4a22-a47d-8c48425ef4a7,iNaturalist,Observations,30,02,SABANA DE LA MAR,093002,874cf30c8ffffff
https://www.inaturalist.org/observations/255088943,5008085751,Thunbergia alata,Thunbergia alata Bojer ex Sims,Acanthaceae,Thunbergia,SPECIES,HUMAN_OBSERVATION,2024-02-02T15:39:04,2024,-69.389763,18.998686,NA,50c9509d-22c7-4a22-a47d-8c48425ef4a7,iNaturalist,Observations,30,02,SABANA DE LA MAR,093002,874cf3701ffffff
https://www.inaturalist.org/observations/255089014,5006730987,Ipomoea indica,Ipomoea indica (Burm.) Merr.,Convolvulaceae,Ipomoea,SPECIES,HUMAN_OBSERVATION,2024-02-02T13:52:22,2024,-69.428139,19.041668,NA,50c9509d-22c7-4a22-a47d-8c48425ef4a7,iNaturalist,Observations,30,02,SABANA DE LA MAR,093002,874cf3731ffffff
https://www.inaturalist.org/observations/255089071,5008314250,Camonea umbellata,Camonea umbellata (L.) A.R.Simões & Staples,Convolvulaceae,Camonea,SPECIES,HUMAN_OBSERVATION,2024-02-02T13:51:40,2024,-69.428246,19.041714,NA,50c9509d-22c7-4a22-a47d-8c48425ef4a7,iNaturalist,Observations,30,02,SABANA DE LA MAR,093002,874cf3731ffffff
https://www.inaturalist.org/observations/255089129,5007207530,Ipomoea setifera,Ipomoea setifera Poir.,Convolvulaceae,Ipomoea,SPECIES,HUMAN_OBSERVATION,2024-02-02T12:44:45,2024,-69.449417,19.055349,NA,50c9509d-22c7-4a22-a47d-8c48425ef4a7,iNaturalist,Observations,30,02,SABANA DE LA MAR,093002,874cf3730ffffff
https://www.inaturalist.org/observations/255089272,5007323838,Ludwigia octovalvis,Ludwigia octovalvis (Jacq.) P.H.Raven,Onagraceae,Ludwigia,SPECIES,HUMAN_OBSERVATION,2024-02-02T12:30:06,2024,-69.451721,19.062387,NA,50c9509d-22c7-4a22-a47d-8c48425ef4a7,iNaturalist,Observations,30,02,SABANA DE LA MAR,093002,874cf3736ffffff
https://www.inaturalist.org/observations/257978324,5216803534,Allophylus cominia,Allophylus cominia (L.) Sw.,Sapindaceae,Allophylus,SPECIES,HUMAN_OBSERVATION,2025-01-09T16:12:30,2025,-69.455947,19.057128,14,50c9509d-22c7-4a22-a47d-8c48425ef4a7,iNaturalist,Observations,30,02,SABANA DE LA MAR,093002,874cf3730ffffff
https://www.inaturalist.org/observations/257978477,5036933701,Chromolaena odorata,Chromolaena odorata (L.) R.M.King & H.Rob.,Asteraceae,Chromolaena,SPECIES,HUMAN_OBSERVATION,2025-01-09T15:54:40,2025,-69.455467,19.057261,30,50c9509d-22c7-4a22-a47d-8c48425ef4a7,iNaturalist,Observations,30,02,SABANA DE LA MAR,093002,874cf3730ffffff
https://www.inaturalist.org/observations/258034163,5036848737,Centrosema pubescens,Centrosema pubescens Benth.,Fabaceae,Centrosema,SPECIES,HUMAN_OBSERVATION,2025-01-10T10:08:41,2025,-69.422355,19.071,2703,50c9509d-22c7-4a22-a47d-8c48425ef4a7,iNaturalist,Observations,30,02,SABANA DE LA MAR,093002,874cf309bffffff
https://www.inaturalist.org/observations/258034620,5036965497,Jasminum fluminense,Jasminum fluminense Vell.,Oleaceae,Jasminum,SPECIES,HUMAN_OBSERVATION,2025-01-10T10:14:53,2025,-69.455947,19.057025,28,50c9509d-22c7-4a22-a47d-8c48425ef4a7,iNaturalist,Observations,30,02,SABANA DE LA MAR,093002,874cf3730ffffff
https://www.inaturalist.org/observations/258070955,5036941950,Flemingia strobilifera,Flemingia strobilifera (L.) W.T.Aiton,Fabaceae,Flemingia,SPECIES,HUMAN_OBSERVATION,2025-01-10T10:40:17,2025,-69.456208,19.057153,14,50c9509d-22c7-4a22-a47d-8c48425ef4a7,iNaturalist,Observations,30,02,SABANA DE LA MAR,093002,874cf3736ffffff
https://www.inaturalist.org/observations/260670825,5063753279,Bletia patula,Bletia patula Hook.,Orchidaceae,Bletia,SPECIES,HUMAN_OBSERVATION,2025-01-12T17:46,2025,-69.457062,19.059519,244,50c9509d-22c7-4a22-a47d-8c48425ef4a7,iNaturalist,Observations,30,02,SABANA DE LA MAR,093002,874cf3736ffffff
https://www.inaturalist.org/observations/260753102,5069859219,Centrosema pubescens,Centrosema pubescens Benth.,Fabaceae,Centrosema,SPECIES,HUMAN_OBSERVATION,2025-01-13T12:08,2025,-69.456719,19.059194,244,50c9509d-22c7-4a22-a47d-8c48425ef4a7,iNaturalist,Observations,30,02,SABANA DE LA MAR,093002,874cf3736ffffff
https://www.inaturalist.org/observations/260867578,5063958341,Spathodea campanulata,Spathodea campanulata Beauverd,Bignoniaceae,Spathodea,SPECIES,HUMAN_OBSERVATION,2025-01-14T09:54,2025,-69.460667,19.06033,244,50c9509d-22c7-4a22-a47d-8c48425ef4a7,iNaturalist,Observations,30,02,SABANA DE LA MAR,093002,874cf3736ffffff
https://www.inaturalist.org/observations/260912309,5063976643,Tridax procumbens,Tridax procumbens L.,Asteraceae,Tridax,SPECIES,HUMAN_OBSERVATION,2025-01-14T11:19,2025,-69.460152,19.060492,244,50c9509d-22c7-4a22-a47d-8c48425ef4a7,iNaturalist,Observations,30,02,SABANA DE LA MAR,093002,874cf3736ffffff
https://www.inaturalist.org/observations/261041513,5064035554,Hippobroma longiflora,Hippobroma longiflora (L.) G.Don,Campanulaceae,Hippobroma,SPECIES,HUMAN_OBSERVATION,2025-01-14T16:24,2025,-69.456032,19.059843,244,50c9509d-22c7-4a22-a47d-8c48425ef4a7,iNaturalist,Observations,30,02,SABANA DE LA MAR,093002,874cf3736ffffff
https://www.inaturalist.org/observations/262341614,5076876184,Crescentia cujete,Crescentia cujete L.,Bignoniaceae,Crescentia,SPECIES,HUMAN_OBSERVATION,2025-02-19T13:46:13,2025,-69.42727,19.040036,4,50c9509d-22c7-4a22-a47d-8c48425ef4a7,iNaturalist,Observations,30,02,SABANA DE LA MAR,093002,874cf3731ffffff
https://www.inaturalist.org/observations/262437173,5076925622,Clusia rosea,Clusia rosea Jacq.,Clusiaceae,Clusia,SPECIES,HUMAN_OBSERVATION,2025-02-19T14:32:56,2025,-69.454765,19.05707,87,50c9509d-22c7-4a22-a47d-8c48425ef4a7,iNaturalist,Observations,30,02,SABANA DE LA MAR,093002,874cf3730ffffff
https://www.inaturalist.org/observations/263562708,5830748351,Miconia hispidula,"Miconia hispidula (Cogn.) Judd, Bécquer & Majure",Melastomataceae,Miconia,SPECIES,HUMAN_OBSERVATION,2025-03-01T11:38:31,2025,-69.461097,18.959637,23,50c9509d-22c7-4a22-a47d-8c48425ef4a7,iNaturalist,Observations,30,02,SABANA DE LA MAR,093002,874cf37a9ffffff
https://www.inaturalist.org/observations/263806807,5889434290,Acisanthera quadrata,Acisanthera quadrata Juss. ex Poir.,Melastomataceae,Acisanthera,SPECIES,HUMAN_OBSERVATION,2025-03-02T07:28:20,2025,-69.386025,19.04502,8,50c9509d-22c7-4a22-a47d-8c48425ef4a7,iNaturalist,Observations,30,02,SABANA DE LA MAR,093002,874cf3720ffffff
https://www.inaturalist.org/observations/269010548,5134483058,Urera baccifera,Urera baccifera (L.) Gaudich.,Urticaceae,Urera,SPECIES,HUMAN_OBSERVATION,2025-04-06T17:03:36,2025,-69.460137,19.056933,3,50c9509d-22c7-4a22-a47d-8c48425ef4a7,iNaturalist,Observations,30,02,SABANA DE LA MAR,093002,874cf3736ffffff
https://www.inaturalist.org/observations/269097607,5134613884,Bletia patula,Bletia patula Hook.,Orchidaceae,Bletia,SPECIES,HUMAN_OBSERVATION,2025-04-06T18:04:43,2025,-69.456467,19.057486,13,50c9509d-22c7-4a22-a47d-8c48425ef4a7,iNaturalist,Observations,30,02,SABANA DE LA MAR,093002,874cf3736ffffff
https://www.inaturalist.org/observations/269097671,5134761698,Jatropha gossypiifolia,Jatropha gossypiifolia L.,Euphorbiaceae,Jatropha,SPECIES,HUMAN_OBSERVATION,2025-04-06T17:59:47,2025,-69.456558,19.057031,14,50c9509d-22c7-4a22-a47d-8c48425ef4a7,iNaturalist,Observations,30,02,SABANA DE LA MAR,093002,874cf3736ffffff
https://www.inaturalist.org/observations/269097778,5134509762,Cyperus luzulae,Cyperus luzulae (L.) Retz.,Cyperaceae,Cyperus,SPECIES,HUMAN_OBSERVATION,2025-04-06T17:52:36,2025,-69.455933,19.056242,4,50c9509d-22c7-4a22-a47d-8c48425ef4a7,iNaturalist,Observations,30,02,SABANA DE LA MAR,093002,874cf3730ffffff
https://www.inaturalist.org/observations/269097833,5134761701,Urera baccifera,Urera baccifera (L.) Gaudich.,Urticaceae,Urera,SPECIES,HUMAN_OBSERVATION,2025-04-06T17:46:44,2025,-69.456733,19.05545,15,50c9509d-22c7-4a22-a47d-8c48425ef4a7,iNaturalist,Observations,30,02,SABANA DE LA MAR,093002,874cf3732ffffff
https://www.inaturalist.org/observations/269102768,5134472968,Kalanchoe houghtonii,Kalanchoe × houghtonii D.B.Ward,Crassulaceae,Kalanchoe,SPECIES,HUMAN_OBSERVATION,2025-04-07T06:32:59,2025,-69.455488,19.057533,4,50c9509d-22c7-4a22-a47d-8c48425ef4a7,iNaturalist,Observations,30,02,SABANA DE LA MAR,093002,874cf3730ffffff
https://www.inaturalist.org/observations/269103970,5134474744,Hippobroma longiflora,Hippobroma longiflora (L.) G.Don,Campanulaceae,Hippobroma,SPECIES,HUMAN_OBSERVATION,2025-04-07T07:00:15,2025,-69.457055,19.061818,4,50c9509d-22c7-4a22-a47d-8c48425ef4a7,iNaturalist,Observations,30,02,SABANA DE LA MAR,093002,874cf3736ffffff
https://www.inaturalist.org/observations/269109268,5134354086,Pteris vittata,Pteris vittata L.,Pteridaceae,Pteris,SPECIES,HUMAN_OBSERVATION,2025-04-07T06:33:51,2025,-69.455505,19.057517,4,50c9509d-22c7-4a22-a47d-8c48425ef4a7,iNaturalist,Observations,30,02,SABANA DE LA MAR,093002,874cf3730ffffff
https://www.inaturalist.org/observations/269109549,5134254902,Hippobroma longiflora,Hippobroma longiflora (L.) G.Don,Campanulaceae,Hippobroma,SPECIES,HUMAN_OBSERVATION,2025-04-07T07:00:47,2025,-69.457062,19.061822,4,50c9509d-22c7-4a22-a47d-8c48425ef4a7,iNaturalist,Observations,30,02,SABANA DE LA MAR,093002,874cf3736ffffff
https://www.inaturalist.org/observations/269128481,5134696194,Mimosa pudica,Mimosa pudica L.,Fabaceae,Mimosa,SPECIES,HUMAN_OBSERVATION,2025-04-07T09:11:11,2025,-69.456803,19.056147,4,50c9509d-22c7-4a22-a47d-8c48425ef4a7,iNaturalist,Observations,30,02,SABANA DE LA MAR,093002,874cf3730ffffff
https://www.inaturalist.org/observations/269130100,5134533932,Adiantum tenerum,Adiantum tenerum Sw.,Pteridaceae,Adiantum,SPECIES,HUMAN_OBSERVATION,2025-04-07T10:48:47,2025,-69.455529,19.056763,4,50c9509d-22c7-4a22-a47d-8c48425ef4a7,iNaturalist,Observations,30,02,SABANA DE LA MAR,093002,874cf3730ffffff
https://www.inaturalist.org/observations/269130177,5167177810,Adiantum pyramidale,Adiantum pyramidale (L.) Willd.,Pteridaceae,Adiantum,SPECIES,HUMAN_OBSERVATION,2025-04-07T10:49:22,2025,-69.45546,19.057036,293,50c9509d-22c7-4a22-a47d-8c48425ef4a7,iNaturalist,Observations,30,02,SABANA DE LA MAR,093002,874cf3730ffffff
https://www.inaturalist.org/observations/270510162,5133670833,Psychotria nervosa,Psychotria nervosa Sw.,Rubiaceae,Psychotria,SPECIES,HUMAN_OBSERVATION,2025-04-06T12:00,2025,-69.466658,19.077636,431,50c9509d-22c7-4a22-a47d-8c48425ef4a7,iNaturalist,Observations,30,02,SABANA DE LA MAR,093002,874cf3469ffffff
https://www.inaturalist.org/observations/270709020,5133973422,Inga vera,Inga vera Willd.,Fabaceae,Inga,SPECIES,HUMAN_OBSERVATION,2025-04-07T09:28,2025,-69.458083,19.057081,11,50c9509d-22c7-4a22-a47d-8c48425ef4a7,iNaturalist,Observations,30,02,SABANA DE LA MAR,093002,874cf3736ffffff
https://www.inaturalist.org/observations/272257817,5134777742,Coccothrinax montgomeryana,"Coccothrinax montgomeryana A.J.Hend., Elad.Fernández & C.D.Bacon",Arecaceae,Coccothrinax,SPECIES,HUMAN_OBSERVATION,2024-08-10T10:08,2024,-69.489294,19.076105,176,50c9509d-22c7-4a22-a47d-8c48425ef4a7,iNaturalist,Observations,30,02,SABANA DE LA MAR,093002,874cf346bffffff
https://www.inaturalist.org/observations/282791941,5167952675,Euphorbia hypericifolia,Euphorbia hypericifolia L.,Euphorbiaceae,Euphorbia,SPECIES,HUMAN_OBSERVATION,2025-05-20T09:59:53,2025,-69.455447,19.057339,12,50c9509d-22c7-4a22-a47d-8c48425ef4a7,iNaturalist,Observations,30,02,SABANA DE LA MAR,093002,874cf3730ffffff
https://www.inaturalist.org/observations/282792026,5168411338,Stylosanthes hamata,Stylosanthes hamata (L.) Taub.,Fabaceae,Stylosanthes,SPECIES,HUMAN_OBSERVATION,2025-05-20T10:00:15,2025,-69.455481,19.057525,13,50c9509d-22c7-4a22-a47d-8c48425ef4a7,iNaturalist,Observations,30,02,SABANA DE LA MAR,093002,874cf3730ffffff
https://www.inaturalist.org/observations/282792073,5167667706,Stachytarpheta jamaicensis,Stachytarpheta jamaicensis (L.) Vahl,Verbenaceae,Stachytarpheta,SPECIES,HUMAN_OBSERVATION,2025-05-20T10:00:55,2025,-69.455315,19.05726,24,50c9509d-22c7-4a22-a47d-8c48425ef4a7,iNaturalist,Observations,30,02,SABANA DE LA MAR,093002,874cf3730ffffff
https://www.inaturalist.org/observations/282792106,5168151875,Bidens alba,Bidens alba (L.) DC.,Asteraceae,Bidens,SPECIES,HUMAN_OBSERVATION,2025-05-20T10:01:25,2025,-69.455333,19.057234,27,50c9509d-22c7-4a22-a47d-8c48425ef4a7,iNaturalist,Observations,30,02,SABANA DE LA MAR,093002,874cf3730ffffff
https://www.inaturalist.org/observations/282792127,5176419714,Kalanchoe houghtonii,Kalanchoe × houghtonii D.B.Ward,Crassulaceae,Kalanchoe,SPECIES,HUMAN_OBSERVATION,2025-05-20T10:01:52,2025,-69.455344,19.057213,19,50c9509d-22c7-4a22-a47d-8c48425ef4a7,iNaturalist,Observations,30,02,SABANA DE LA MAR,093002,874cf3730ffffff
https://www.inaturalist.org/observations/282792142,5168213446,Borreria remota,Spermacoce remota Lam.,Rubiaceae,Borreria,SPECIES,HUMAN_OBSERVATION,2025-05-20T10:02:54,2025,-69.455328,19.05722,25,50c9509d-22c7-4a22-a47d-8c48425ef4a7,iNaturalist,Observations,30,02,SABANA DE LA MAR,093002,874cf3730ffffff
https://www.inaturalist.org/observations/282792245,5168346339,Anemia adiantifolia,Anemia adiantifolia (L.) Sw.,Anemiaceae,Anemia,SPECIES,HUMAN_OBSERVATION,2025-05-20T12:52,2025,-69.455331,19.057227,161,50c9509d-22c7-4a22-a47d-8c48425ef4a7,iNaturalist,Observations,30,02,SABANA DE LA MAR,093002,874cf3730ffffff
https://www.inaturalist.org/observations/282985340,5168367407,Leonotis nepetifolia,Leonotis nepetifolia (L.) R.Br.,Lamiaceae,Leonotis,SPECIES,HUMAN_OBSERVATION,2025-05-21T10:48:02,2025,-69.407456,19.050481,113,50c9509d-22c7-4a22-a47d-8c48425ef4a7,iNaturalist,Observations,30,02,SABANA DE LA MAR,093002,874cf3722ffffff
https://www.inaturalist.org/observations/282985385,5167678915,Cecropia schreberiana,Cecropia schreberiana Miq.,Urticaceae,Cecropia,SPECIES,HUMAN_OBSERVATION,2025-05-21T16:42:33,2025,-69.455264,19.057209,31,50c9509d-22c7-4a22-a47d-8c48425ef4a7,iNaturalist,Observations,30,02,SABANA DE LA MAR,093002,874cf3730ffffff
https://www.inaturalist.org/observations/283193455,5167242404,Hura crepitans,Hura crepitans L.,Euphorbiaceae,Hura,SPECIES,HUMAN_OBSERVATION,2025-05-22T10:51:23,2025,-69.455546,19.057338,214,50c9509d-22c7-4a22-a47d-8c48425ef4a7,iNaturalist,Observations,30,02,SABANA DE LA MAR,093002,874cf3730ffffff
https://www.inaturalist.org/observations/283193800,5167222460,Commelina diffusa,Commelina diffusa Burm.f.,Commelinaceae,Commelina,SPECIES,HUMAN_OBSERVATION,2025-05-22T12:07:34,2025,-69.455247,19.059143,24,50c9509d-22c7-4a22-a47d-8c48425ef4a7,iNaturalist,Observations,30,02,SABANA DE LA MAR,093002,874cf3736ffffff
https://www.inaturalist.org/observations/283416086,5166854894,Pilea microphylla,Pilea microphylla (L.) Liebm.,Urticaceae,Pilea,SPECIES,HUMAN_OBSERVATION,2025-05-23T12:38:32,2025,-69.455531,19.057143,23,50c9509d-22c7-4a22-a47d-8c48425ef4a7,iNaturalist,Observations,30,02,SABANA DE LA MAR,093002,874cf3730ffffff
https://www.inaturalist.org/observations/283419969,5759672341,Coccoloba uvifera,Coccoloba uvifera (L.) L.,Polygonaceae,Coccoloba,SPECIES,HUMAN_OBSERVATION,2025-05-23T12:42:36,2025,-69.455631,19.057385,7,50c9509d-22c7-4a22-a47d-8c48425ef4a7,iNaturalist,Observations,30,02,SABANA DE LA MAR,093002,874cf3730ffffff
https://www.inaturalist.org/observations/283420113,5168292117,Sphagneticola trilobata,Sphagneticola trilobata (L.) Pruski,Asteraceae,Sphagneticola,SPECIES,HUMAN_OBSERVATION,2025-05-23T12:48:55,2025,-69.455347,19.05735,9,50c9509d-22c7-4a22-a47d-8c48425ef4a7,iNaturalist,Observations,30,02,SABANA DE LA MAR,093002,874cf3730ffffff
https://www.inaturalist.org/observations/283420141,5167363777,Serjania polyphylla,Serjania polyphylla (L.) Poir. ex Steud.,Sapindaceae,Serjania,SPECIES,HUMAN_OBSERVATION,2025-05-23T12:50:27,2025,-69.45538,19.057226,18,50c9509d-22c7-4a22-a47d-8c48425ef4a7,iNaturalist,Observations,30,02,SABANA DE LA MAR,093002,874cf3730ffffff
https://www.inaturalist.org/observations/283420177,5168494739,Chrysothemis pulchella,Chrysothemis pulchella (Donn.Sm. ex Sims) Decne.,Gesneriaceae,Chrysothemis,SPECIES,HUMAN_OBSERVATION,2025-05-23T12:52:28,2025,-69.455435,19.057211,11,50c9509d-22c7-4a22-a47d-8c48425ef4a7,iNaturalist,Observations,30,02,SABANA DE LA MAR,093002,874cf3730ffffff
https://www.inaturalist.org/observations/286090976,5176526040,Hippobroma longiflora,Hippobroma longiflora (L.) G.Don,Campanulaceae,Hippobroma,SPECIES,HUMAN_OBSERVATION,2025-06-01T17:16:33,2025,-69.454437,19.05703,32,50c9509d-22c7-4a22-a47d-8c48425ef4a7,iNaturalist,Observations,30,02,SABANA DE LA MAR,093002,874cf3730ffffff
https://www.inaturalist.org/observations/286654109,5188234809,Clusia rosea,Clusia rosea Jacq.,Clusiaceae,Clusia,SPECIES,HUMAN_OBSERVATION,2025-05-20T14:13,2025,-69.469098,19.075762,2551,50c9509d-22c7-4a22-a47d-8c48425ef4a7,iNaturalist,Observations,30,02,SABANA DE LA MAR,093002,874cf346bffffff
https://www.inaturalist.org/observations/286654112,5187551782,Plumeria obtusa,Plumeria obtusa L.,Apocynaceae,Plumeria,SPECIES,HUMAN_OBSERVATION,2025-05-20T14:18,2025,-69.469098,19.075762,2551,50c9509d-22c7-4a22-a47d-8c48425ef4a7,iNaturalist,Observations,30,02,SABANA DE LA MAR,093002,874cf346bffffff
https://www.inaturalist.org/observations/286930970,5187874473,Eclipta prostrata,Eclipta prostrata (L.) L.,Asteraceae,Eclipta,SPECIES,HUMAN_OBSERVATION,2025-05-21T06:47,2025,-69.455966,19.057408,1271,50c9509d-22c7-4a22-a47d-8c48425ef4a7,iNaturalist,Observations,30,02,SABANA DE LA MAR,093002,874cf3736ffffff
https://www.inaturalist.org/observations/286930975,5187793411,Hippobroma longiflora,Hippobroma longiflora (L.) G.Don,Campanulaceae,Hippobroma,SPECIES,HUMAN_OBSERVATION,2025-05-21T06:59,2025,-69.455966,19.057408,1271,50c9509d-22c7-4a22-a47d-8c48425ef4a7,iNaturalist,Observations,30,02,SABANA DE LA MAR,093002,874cf3736ffffff
https://www.inaturalist.org/observations/286930977,5188289103,Momordica charantia,Momordica charantia L.,Cucurbitaceae,Momordica,SPECIES,HUMAN_OBSERVATION,2025-05-21T07:03,2025,-69.455966,19.057408,1271,50c9509d-22c7-4a22-a47d-8c48425ef4a7,iNaturalist,Observations,30,02,SABANA DE LA MAR,093002,874cf3736ffffff
https://www.inaturalist.org/observations/287152351,5188056737,Delonix regia,Delonix regia (Bojer ex Hook.) Raf.,Fabaceae,Delonix,SPECIES,HUMAN_OBSERVATION,2025-05-21T11:00,2025,-69.437427,19.049478,2596,50c9509d-22c7-4a22-a47d-8c48425ef4a7,iNaturalist,Observations,30,02,SABANA DE LA MAR,093002,874cf3730ffffff
https://www.inaturalist.org/observations/287152355,5187734248,Sphagneticola trilobata,Sphagneticola trilobata (L.) Pruski,Asteraceae,Sphagneticola,SPECIES,HUMAN_OBSERVATION,2025-05-21T11:23,2025,-69.437427,19.049478,2596,50c9509d-22c7-4a22-a47d-8c48425ef4a7,iNaturalist,Observations,30,02,SABANA DE LA MAR,093002,874cf3730ffffff
https://www.inaturalist.org/observations/287152357,5187508063,Stachytarpheta jamaicensis,Stachytarpheta jamaicensis (L.) Vahl,Verbenaceae,Stachytarpheta,SPECIES,HUMAN_OBSERVATION,2025-05-21T11:23,2025,-69.437427,19.049478,2596,50c9509d-22c7-4a22-a47d-8c48425ef4a7,iNaturalist,Observations,30,02,SABANA DE LA MAR,093002,874cf3730ffffff
https://www.inaturalist.org/observations/287152361,5187793858,Lantana camara,Lantana camara L.,Verbenaceae,Lantana,SPECIES,HUMAN_OBSERVATION,2025-05-21T11:24,2025,-69.437427,19.049478,2596,50c9509d-22c7-4a22-a47d-8c48425ef4a7,iNaturalist,Observations,30,02,SABANA DE LA MAR,093002,874cf3730ffffff
https://www.inaturalist.org/observations/287730847,5188351601,Asclepias curassavica,Asclepias curassavica L.,Apocynaceae,Asclepias,SPECIES,HUMAN_OBSERVATION,2025-05-22T11:09,2025,-69.436568,19.04891,2569,50c9509d-22c7-4a22-a47d-8c48425ef4a7,iNaturalist,Observations,30,02,SABANA DE LA MAR,093002,874cf3730ffffff
https://www.inaturalist.org/observations/287730848,5187927360,Centrosema virginianum,Centrosema virginianum (L.) Benth.,Fabaceae,Centrosema,SPECIES,HUMAN_OBSERVATION,2025-05-22T06:16,2025,-69.455966,19.057408,1271,50c9509d-22c7-4a22-a47d-8c48425ef4a7,iNaturalist,Observations,30,02,SABANA DE LA MAR,093002,874cf3736ffffff
https://www.inaturalist.org/observations/288596803,5198781672,Rhizophora mangle,Rhizophora mangle L.,Rhizophoraceae,Rhizophora,SPECIES,HUMAN_OBSERVATION,2025-06-10T12:31:45,2025,-69.553772,19.084608,3,50c9509d-22c7-4a22-a47d-8c48425ef4a7,iNaturalist,Observations,30,02,SABANA DE LA MAR,093002,874cf3442ffffff
https://www.inaturalist.org/observations/288596844,5892773803,Pavonia paludicola,Pavonia paludicola Nicolson ex Fryxell,Malvaceae,Pavonia,SPECIES,HUMAN_OBSERVATION,2025-06-10T12:33:08,2025,-69.555275,19.083386,4,50c9509d-22c7-4a22-a47d-8c48425ef4a7,iNaturalist,Observations,30,02,SABANA DE LA MAR,093002,874cf3442ffffff
https://www.inaturalist.org/observations/288596945,5198626696,Rhizophora mangle,Rhizophora mangle L.,Rhizophoraceae,Rhizophora,SPECIES,HUMAN_OBSERVATION,2025-06-10T12:35:19,2025,-69.554755,19.08282,4,50c9509d-22c7-4a22-a47d-8c48425ef4a7,iNaturalist,Observations,30,02,SABANA DE LA MAR,093002,874cf3442ffffff
https://www.inaturalist.org/observations/288597078,5198573677,Cocos nucifera,Cocos nucifera L.,Arecaceae,Cocos,SPECIES,HUMAN_OBSERVATION,2025-06-10T13:58:30,2025,-69.571122,19.086861,13,50c9509d-22c7-4a22-a47d-8c48425ef4a7,iNaturalist,Observations,30,02,SABANA DE LA MAR,093002,874cf3451ffffff
https://www.inaturalist.org/observations/288597205,5237531486,Domingoa haematochila,Domingoa haematochila (Rchb.f.) Carabia,Orchidaceae,Domingoa,SPECIES,HUMAN_OBSERVATION,2025-06-10T14:13:05,2025,-69.570847,19.086883,4,50c9509d-22c7-4a22-a47d-8c48425ef4a7,iNaturalist,Observations,30,02,SABANA DE LA MAR,093002,874cf3451ffffff
https://www.inaturalist.org/observations/293864495,6188508517,Schultesia brachyptera,Schultesia brachyptera Cham.,Gentianaceae,Schultesia,SPECIES,HUMAN_OBSERVATION,2025-06-29T14:48:28,2025,-69.38234,19.049022,NA,50c9509d-22c7-4a22-a47d-8c48425ef4a7,iNaturalist,Observations,30,02,SABANA DE LA MAR,093002,874cf3720ffffff
https://www.inaturalist.org/observations/293865007,5844242263,Chamaecrista diphylla,Chamaecrista diphylla (L.) Greene,Fabaceae,Chamaecrista,SPECIES,HUMAN_OBSERVATION,2025-06-29T14:45:22,2025,-69.382145,19.049298,NA,50c9509d-22c7-4a22-a47d-8c48425ef4a7,iNaturalist,Observations,30,02,SABANA DE LA MAR,093002,874cf3720ffffff
https://www.inaturalist.org/observations/293865237,5216282890,Bacopa monnieri,Bacopa monnieri (L.) Pennell,Plantaginaceae,Bacopa,SPECIES,HUMAN_OBSERVATION,2025-06-29T14:30:23,2025,-69.38201,19.050401,NA,50c9509d-22c7-4a22-a47d-8c48425ef4a7,iNaturalist,Observations,30,02,SABANA DE LA MAR,093002,874cf3720ffffff
https://www.inaturalist.org/observations/294342839,5230211898,Theobroma cacao,Theobroma cacao L.,Malvaceae,Theobroma,SPECIES,HUMAN_OBSERVATION,2025-06-30T11:44,2025,-69.550696,19.082908,1877,50c9509d-22c7-4a22-a47d-8c48425ef4a7,iNaturalist,Observations,30,02,SABANA DE LA MAR,093002,874cf3442ffffff
https://www.inaturalist.org/observations/294433505,5291832761,Urena lobata,Urena lobata L.,Malvaceae,Urena,SPECIES,HUMAN_OBSERVATION,2025-07-01T15:37:03,2025,-69.544328,19.073061,13,50c9509d-22c7-4a22-a47d-8c48425ef4a7,iNaturalist,Observations,30,02,SABANA DE LA MAR,093002,874cf345cffffff
https://www.inaturalist.org/observations/294464464,5892519047,Triumfetta semitriloba,Triumfetta semitriloba Jacq.,Malvaceae,Triumfetta,SPECIES,HUMAN_OBSERVATION,2025-07-01T15:19:18,2025,-69.54438,19.073136,3,50c9509d-22c7-4a22-a47d-8c48425ef4a7,iNaturalist,Observations,30,02,SABANA DE LA MAR,093002,874cf345cffffff
https://www.inaturalist.org/observations/294466510,5216735229,Cecropia schreberiana,Cecropia schreberiana Miq.,Urticaceae,Cecropia,SPECIES,HUMAN_OBSERVATION,2025-07-01T15:03:11,2025,-69.544813,19.073928,14,50c9509d-22c7-4a22-a47d-8c48425ef4a7,iNaturalist,Observations,30,02,SABANA DE LA MAR,093002,874cf345cffffff
https://www.inaturalist.org/observations/294630376,5215894308,Spondias mombin,Spondias mombin Jacq.,Anacardiaceae,Spondias,SPECIES,HUMAN_OBSERVATION,2025-07-01T14:47:20,2025,-69.545312,19.076164,10,50c9509d-22c7-4a22-a47d-8c48425ef4a7,iNaturalist,Observations,30,02,SABANA DE LA MAR,093002,874cf345cffffff
https://www.inaturalist.org/observations/308511163,5760512189,Begonia brachypoda,Begonia brachypoda O.E.Schulz,Begoniaceae,Begonia,SPECIES,HUMAN_OBSERVATION,2023-03-04T11:43,2023,-69.476753,19.073544,6,50c9509d-22c7-4a22-a47d-8c48425ef4a7,iNaturalist,Observations,30,02,SABANA DE LA MAR,093002,874cf346bffffff
https://www.inaturalist.org/observations/308511173,5759960637,Costus scaber,Costus scaber Ruiz & Pav.,Costaceae,Costus,SPECIES,HUMAN_OBSERVATION,2023-03-04T11:09,2023,-69.472183,19.069911,5,50c9509d-22c7-4a22-a47d-8c48425ef4a7,iNaturalist,Observations,30,02,SABANA DE LA MAR,093002,874cf3736ffffff
https://www.inaturalist.org/observations/308511180,5760306822,Campyloneurum phyllitidis,Campyloneurum phyllitidis (L.) C.Presl,Polypodiaceae,Campyloneurum,SPECIES,HUMAN_OBSERVATION,2023-03-04T11:05,2023,-69.471817,19.069564,4,50c9509d-22c7-4a22-a47d-8c48425ef4a7,iNaturalist,Observations,30,02,SABANA DE LA MAR,093002,874cf3736ffffff
https://www.inaturalist.org/observations/308511182,5760183987,Geophila repens,Geophila repens (L.) I.M.Johnst.,Rubiaceae,Geophila,SPECIES,HUMAN_OBSERVATION,2023-03-04T10:46,2023,-69.471214,19.069192,4,50c9509d-22c7-4a22-a47d-8c48425ef4a7,iNaturalist,Observations,30,02,SABANA DE LA MAR,093002,874cf3736ffffff
https://www.inaturalist.org/observations/308511187,5760720302,Zanthoxylum martinicense,Zanthoxylum martinicense (Lam.) DC.,Rutaceae,Zanthoxylum,SPECIES,HUMAN_OBSERVATION,2023-03-04T10:32,2023,-69.469253,19.068614,4,50c9509d-22c7-4a22-a47d-8c48425ef4a7,iNaturalist,Observations,30,02,SABANA DE LA MAR,093002,874cf3736ffffff
https://www.inaturalist.org/observations/308511192,5760525400,Lobelia salicina,Lobelia salicina Lam.,Campanulaceae,Lobelia,SPECIES,HUMAN_OBSERVATION,2023-03-04T09:23,2023,-69.457603,19.062278,4,50c9509d-22c7-4a22-a47d-8c48425ef4a7,iNaturalist,Observations,30,02,SABANA DE LA MAR,093002,874cf3736ffffff
https://www.inaturalist.org/observations/308511202,5760959078,Asclepias curassavica,Asclepias curassavica L.,Apocynaceae,Asclepias,SPECIES,HUMAN_OBSERVATION,2023-03-04T09:14,2023,-69.456781,19.061458,4,50c9509d-22c7-4a22-a47d-8c48425ef4a7,iNaturalist,Observations,30,02,SABANA DE LA MAR,093002,874cf3736ffffff
https://www.inaturalist.org/observations/308511203,5760766759,Psychotria nervosa,Psychotria nervosa Sw.,Rubiaceae,Psychotria,SPECIES,HUMAN_OBSERVATION,2023-03-04T09:11,2023,-69.455406,19.059303,616,50c9509d-22c7-4a22-a47d-8c48425ef4a7,iNaturalist,Observations,30,02,SABANA DE LA MAR,093002,874cf3736ffffff
https://www.inaturalist.org/observations/308511208,5760801165,Peperomia serpens,Peperomia serpens (Sw.) G.Don,Piperaceae,Peperomia,SPECIES,HUMAN_OBSERVATION,2023-02-18T11:28,2023,-69.471664,19.069522,22,50c9509d-22c7-4a22-a47d-8c48425ef4a7,iNaturalist,Observations,30,02,SABANA DE LA MAR,093002,874cf3736ffffff
https://www.inaturalist.org/observations/308511212,5760344697,Nymphoides humboldtiana,Nymphoides humboldtiana (Kunth) Kuntze,Menyanthaceae,Nymphoides,SPECIES,HUMAN_OBSERVATION,2023-02-11T16:31,2023,-69.388436,19.049514,5,50c9509d-22c7-4a22-a47d-8c48425ef4a7,iNaturalist,Observations,30,02,SABANA DE LA MAR,093002,874cf3720ffffff
https://www.inaturalist.org/observations/308511216,5761122931,Peperomia serpens,Peperomia serpens (Sw.) G.Don,Piperaceae,Peperomia,SPECIES,HUMAN_OBSERVATION,2023-02-11T12:04,2023,-69.473289,19.071464,86,50c9509d-22c7-4a22-a47d-8c48425ef4a7,iNaturalist,Observations,30,02,SABANA DE LA MAR,093002,874cf346bffffff
https://www.inaturalist.org/observations/308511218,5760932925,Peperomia magnoliifolia,Peperomia magnoliifolia (Jacq.) A.Dietr.,Piperaceae,Peperomia,SPECIES,HUMAN_OBSERVATION,2023-02-11T11:31,2023,-69.468886,19.068133,5,50c9509d-22c7-4a22-a47d-8c48425ef4a7,iNaturalist,Observations,30,02,SABANA DE LA MAR,093002,874cf3736ffffff
https://www.inaturalist.org/observations/308511219,5760726219,Philodendron consanguineum,Philodendron consanguineum Schott,Araceae,Philodendron,SPECIES,HUMAN_OBSERVATION,2023-02-04T13:12,2023,-69.476547,19.073358,60,50c9509d-22c7-4a22-a47d-8c48425ef4a7,iNaturalist,Observations,30,02,SABANA DE LA MAR,093002,874cf346bffffff
https://www.inaturalist.org/observations/308511228,5761133399,Tradescantia zebrina,Tradescantia zebrina Bosse,Commelinaceae,Tradescantia,SPECIES,HUMAN_OBSERVATION,2023-02-04T11:30,2023,-69.468431,19.067914,19,50c9509d-22c7-4a22-a47d-8c48425ef4a7,iNaturalist,Observations,30,02,SABANA DE LA MAR,093002,874cf3736ffffff
https://www.inaturalist.org/observations/308511416,5760546593,Philodendron consanguineum,Philodendron consanguineum Schott,Araceae,Philodendron,SPECIES,HUMAN_OBSERVATION,2022-02-26T12:40,2022,-69.477578,19.073917,10,50c9509d-22c7-4a22-a47d-8c48425ef4a7,iNaturalist,Observations,30,02,SABANA DE LA MAR,093002,874cf346bffffff
https://www.inaturalist.org/observations/308511426,5760274183,Tectaria incisa,Tectaria incisa Cav.,Tectariaceae,Tectaria,SPECIES,HUMAN_OBSERVATION,2022-02-26T11:24,2022,-69.471261,19.069294,18,50c9509d-22c7-4a22-a47d-8c48425ef4a7,iNaturalist,Observations,30,02,SABANA DE LA MAR,093002,874cf3736ffffff
https://www.inaturalist.org/observations/308511429,5760819615,Pharus parvifolius,Pharus parvifolius Nash,Poaceae,Pharus,SPECIES,HUMAN_OBSERVATION,2022-02-26T11:24,2022,-69.471183,19.069272,81,50c9509d-22c7-4a22-a47d-8c48425ef4a7,iNaturalist,Observations,30,02,SABANA DE LA MAR,093002,874cf3736ffffff
https://www.inaturalist.org/observations/308511431,5760521665,Peperomia serpens,Peperomia serpens (Sw.) G.Don,Piperaceae,Peperomia,SPECIES,HUMAN_OBSERVATION,2022-02-26T11:22,2022,-69.471244,19.069114,36,50c9509d-22c7-4a22-a47d-8c48425ef4a7,iNaturalist,Observations,30,02,SABANA DE LA MAR,093002,874cf3736ffffff
https://www.inaturalist.org/observations/308511433,5760175755,Pilea dispar,Pilea dispar Urb.,Urticaceae,Pilea,SPECIES,HUMAN_OBSERVATION,2022-02-26T11:22,2022,-69.471231,19.069122,32,50c9509d-22c7-4a22-a47d-8c48425ef4a7,iNaturalist,Observations,30,02,SABANA DE LA MAR,093002,874cf3736ffffff
https://www.inaturalist.org/observations/308511435,5760315739,Pharus parvifolius,Pharus parvifolius Nash,Poaceae,Pharus,SPECIES,HUMAN_OBSERVATION,2022-02-12T12:15,2022,-69.472931,19.071408,5,50c9509d-22c7-4a22-a47d-8c48425ef4a7,iNaturalist,Observations,30,02,SABANA DE LA MAR,093002,874cf346bffffff
https://www.inaturalist.org/observations/31589456,2422885195,Roystonea borinquena,Roystonea borinquena O.F.Cook,Arecaceae,Roystonea,SPECIES,HUMAN_OBSERVATION,2019-08-10T08:30,2019,-69.455982,19.056439,NA,50c9509d-22c7-4a22-a47d-8c48425ef4a7,iNaturalist,Observations,30,02,SABANA DE LA MAR,093002,874cf3730ffffff
https://www.inaturalist.org/observations/31590091,2451589868,Cecropia schreberiana,Cecropia schreberiana Miq.,Urticaceae,Cecropia,SPECIES,HUMAN_OBSERVATION,2019-08-10T06:36,2019,-69.458537,19.054502,NA,50c9509d-22c7-4a22-a47d-8c48425ef4a7,iNaturalist,Observations,30,02,SABANA DE LA MAR,093002,874cf3732ffffff
https://www.inaturalist.org/observations/31595532,2460080708,Passiflora murucuja,Passiflora murucuja L.,Passifloraceae,Passiflora,SPECIES,HUMAN_OBSERVATION,2019-03-26T16:13:43,2019,-69.466897,19.077761,10,50c9509d-22c7-4a22-a47d-8c48425ef4a7,iNaturalist,Observations,30,02,SABANA DE LA MAR,093002,874cf3469ffffff
https://www.inaturalist.org/observations/31600645,3465977365,Bletia patula,Bletia patula Hook.,Orchidaceae,Bletia,SPECIES,HUMAN_OBSERVATION,2019-03-26T16:17:55,2019,-69.467117,19.077825,10,50c9509d-22c7-4a22-a47d-8c48425ef4a7,iNaturalist,Observations,30,02,SABANA DE LA MAR,093002,874cf3469ffffff
https://www.inaturalist.org/observations/323509046,5889317507,Urera baccifera,Urera baccifera (L.) Gaudich.,Urticaceae,Urera,SPECIES,HUMAN_OBSERVATION,2024-07-17T08:41:44,2024,-69.454995,19.056083,5,50c9509d-22c7-4a22-a47d-8c48425ef4a7,iNaturalist,Observations,30,02,SABANA DE LA MAR,093002,874cf3730ffffff
https://www.inaturalist.org/observations/323509090,5889229138,Bletia patula,Bletia patula Hook.,Orchidaceae,Bletia,SPECIES,HUMAN_OBSERVATION,2024-07-17T08:00:36,2024,-69.456938,19.057608,4,50c9509d-22c7-4a22-a47d-8c48425ef4a7,iNaturalist,Observations,30,02,SABANA DE LA MAR,093002,874cf3736ffffff
https://www.inaturalist.org/observations/323636819,5890345100,Tectaria heracleifolia,Tectaria heracleifolia (Willd.) Underw.,Tectariaceae,Tectaria,SPECIES,HUMAN_OBSERVATION,2025-10-19T07:47:45,2025,-69.456605,19.055596,NA,50c9509d-22c7-4a22-a47d-8c48425ef4a7,iNaturalist,Observations,30,02,SABANA DE LA MAR,093002,874cf3730ffffff
https://www.inaturalist.org/observations/323636883,5889328991,Christella dentata,Christella dentata (Forssk.) Brownsey & Jermy,Thelypteridaceae,Christella,SPECIES,HUMAN_OBSERVATION,2025-10-19T07:47:48,2025,-69.456599,19.055595,NA,50c9509d-22c7-4a22-a47d-8c48425ef4a7,iNaturalist,Observations,30,02,SABANA DE LA MAR,093002,874cf3730ffffff
https://www.inaturalist.org/observations/323636959,5889845451,Nephrolepis brownii,Nephrolepis brownii (Desv.) Hovenkamp & Miyam.,Nephrolepidaceae,Nephrolepis,SPECIES,HUMAN_OBSERVATION,2025-10-19T07:48:31,2025,-69.456506,19.055597,NA,50c9509d-22c7-4a22-a47d-8c48425ef4a7,iNaturalist,Observations,30,02,SABANA DE LA MAR,093002,874cf3730ffffff
https://www.inaturalist.org/observations/323637377,5889215944,Mimosa pudica,Mimosa pudica L.,Fabaceae,Mimosa,SPECIES,HUMAN_OBSERVATION,2025-10-19T07:53:28,2025,-69.455944,19.056086,NA,50c9509d-22c7-4a22-a47d-8c48425ef4a7,iNaturalist,Observations,30,02,SABANA DE LA MAR,093002,874cf3730ffffff
https://www.inaturalist.org/observations/323637552,5889881204,Hura crepitans,Hura crepitans L.,Euphorbiaceae,Hura,SPECIES,HUMAN_OBSERVATION,2025-10-19T07:56:46,2025,-69.456296,19.056375,NA,50c9509d-22c7-4a22-a47d-8c48425ef4a7,iNaturalist,Observations,30,02,SABANA DE LA MAR,093002,874cf3730ffffff
https://www.inaturalist.org/observations/325627211,6159540047,Adiantum tenerum,Adiantum tenerum Sw.,Pteridaceae,Adiantum,SPECIES,HUMAN_OBSERVATION,2025-10-19T08:26,2025,-69.455761999999993,19.057398,27,50c9509d-22c7-4a22-a47d-8c48425ef4a7,iNaturalist,Observations,30,02,SABANA DE LA MAR,093002,874cf3730ffffff
https://www.inaturalist.org/observations/325627223,5892492510,Borreria remota,Spermacoce remota Lam.,Rubiaceae,Borreria,SPECIES,HUMAN_OBSERVATION,2025-10-19T08:22,2025,-69.455761999999993,19.057398,27,50c9509d-22c7-4a22-a47d-8c48425ef4a7,iNaturalist,Observations,30,02,SABANA DE LA MAR,093002,874cf3730ffffff
https://www.inaturalist.org/observations/325627224,5892643387,Stachytarpheta jamaicensis,Stachytarpheta jamaicensis (L.) Vahl,Verbenaceae,Stachytarpheta,SPECIES,HUMAN_OBSERVATION,2025-10-19T08:22,2025,-69.455761999999993,19.057398,27,50c9509d-22c7-4a22-a47d-8c48425ef4a7,iNaturalist,Observations,30,02,SABANA DE LA MAR,093002,874cf3730ffffff
https://www.inaturalist.org/observations/325627231,5892611428,Adiantum tenerum,Adiantum tenerum Sw.,Pteridaceae,Adiantum,SPECIES,HUMAN_OBSERVATION,2025-10-19T08:25,2025,-69.455761999999993,19.057398,27,50c9509d-22c7-4a22-a47d-8c48425ef4a7,iNaturalist,Observations,30,02,SABANA DE LA MAR,093002,874cf3730ffffff
https://www.inaturalist.org/observations/327399067,5903853863,Urera baccifera,Urera baccifera (L.) Gaudich.,Urticaceae,Urera,SPECIES,HUMAN_OBSERVATION,2017-04-01T09:53,2017,-69.457733,19.051004,1117,50c9509d-22c7-4a22-a47d-8c48425ef4a7,iNaturalist,Observations,30,02,SABANA DE LA MAR,093002,874cf3732ffffff
https://www.inaturalist.org/observations/327399068,5904061591,Mimosa pudica,Mimosa pudica L.,Fabaceae,Mimosa,SPECIES,HUMAN_OBSERVATION,2017-04-01T10:15,2017,-69.457733,19.051004,1117,50c9509d-22c7-4a22-a47d-8c48425ef4a7,iNaturalist,Observations,30,02,SABANA DE LA MAR,093002,874cf3732ffffff
https://www.inaturalist.org/observations/329443783,5920078659,Hura crepitans,Hura crepitans L.,Euphorbiaceae,Hura,SPECIES,HUMAN_OBSERVATION,2025-12-03T07:48:50,2025,-69.454955,19.057097,4,50c9509d-22c7-4a22-a47d-8c48425ef4a7,iNaturalist,Observations,30,02,SABANA DE LA MAR,093002,874cf3730ffffff
https://www.inaturalist.org/observations/329485490,6179148021,Chrysothemis pulchella,Chrysothemis pulchella (Donn.Sm. ex Sims) Decne.,Gesneriaceae,Chrysothemis,SPECIES,HUMAN_OBSERVATION,2025-12-03T07:32:27,2025,-69.455247,19.05712,5,50c9509d-22c7-4a22-a47d-8c48425ef4a7,iNaturalist,Observations,30,02,SABANA DE LA MAR,093002,874cf3730ffffff
https://www.inaturalist.org/observations/331668746,5935463361,Tradescantia spathacea,Tradescantia spathacea Sw.,Commelinaceae,Tradescantia,SPECIES,HUMAN_OBSERVATION,2025-12-15T10:58:18,2025,-69.428815,19.039859,279,50c9509d-22c7-4a22-a47d-8c48425ef4a7,iNaturalist,Observations,30,02,SABANA DE LA MAR,093002,874cf3731ffffff
https://www.inaturalist.org/observations/332216030,5935988677,Oxalis corniculata,Oxalis corniculata L.,Oxalidaceae,Oxalis,SPECIES,HUMAN_OBSERVATION,2025-12-15T13:50:19,2025,-69.454483,19.057024,235,50c9509d-22c7-4a22-a47d-8c48425ef4a7,iNaturalist,Observations,30,02,SABANA DE LA MAR,093002,874cf3730ffffff
https://www.inaturalist.org/observations/332216081,5935237576,Mirabilis jalapa,Mirabilis jalapa L.,Nyctaginaceae,Mirabilis,SPECIES,HUMAN_OBSERVATION,2025-12-15T13:50:43,2025,-69.454483,19.057024,235,50c9509d-22c7-4a22-a47d-8c48425ef4a7,iNaturalist,Observations,30,02,SABANA DE LA MAR,093002,874cf3730ffffff
https://www.inaturalist.org/observations/332216233,5935672356,Clusia rosea,Clusia rosea Jacq.,Clusiaceae,Clusia,SPECIES,HUMAN_OBSERVATION,2025-12-15T13:56:04,2025,-69.454483,19.057024,235,50c9509d-22c7-4a22-a47d-8c48425ef4a7,iNaturalist,Observations,30,02,SABANA DE LA MAR,093002,874cf3730ffffff
https://www.inaturalist.org/observations/332217125,5936057203,Thunbergia alata,Thunbergia alata Bojer ex Sims,Acanthaceae,Thunbergia,SPECIES,HUMAN_OBSERVATION,2025-12-15T15:27:20,2025,-69.428815,19.039859,279,50c9509d-22c7-4a22-a47d-8c48425ef4a7,iNaturalist,Observations,30,02,SABANA DE LA MAR,093002,874cf3731ffffff
https://www.inaturalist.org/observations/332217156,5935919659,Genipa americana,Genipa americana L.,Rubiaceae,Genipa,SPECIES,HUMAN_OBSERVATION,2025-12-15T15:29:08,2025,-69.428815,19.039859,279,50c9509d-22c7-4a22-a47d-8c48425ef4a7,iNaturalist,Observations,30,02,SABANA DE LA MAR,093002,874cf3731ffffff
https://www.inaturalist.org/observations/332217208,5935475695,Palicourea crocea,Palicourea crocea (Sw.) Schult.,Rubiaceae,Palicourea,SPECIES,HUMAN_OBSERVATION,2025-12-15T15:29:37,2025,-69.428815,19.039859,279,50c9509d-22c7-4a22-a47d-8c48425ef4a7,iNaturalist,Observations,30,02,SABANA DE LA MAR,093002,874cf3731ffffff
https://www.inaturalist.org/observations/332217353,5935551717,Spondias mombin,Spondias mombin Jacq.,Anacardiaceae,Spondias,SPECIES,HUMAN_OBSERVATION,2025-12-15T15:46:46,2025,-69.428815,19.039859,279,50c9509d-22c7-4a22-a47d-8c48425ef4a7,iNaturalist,Observations,30,02,SABANA DE LA MAR,093002,874cf3731ffffff
https://www.inaturalist.org/observations/332217439,5935782581,Chromolaena odorata,Chromolaena odorata (L.) R.M.King & H.Rob.,Asteraceae,Chromolaena,SPECIES,HUMAN_OBSERVATION,2025-12-15T16:11:22,2025,-69.428815,19.039859,279,50c9509d-22c7-4a22-a47d-8c48425ef4a7,iNaturalist,Observations,30,02,SABANA DE LA MAR,093002,874cf3731ffffff
https://www.inaturalist.org/observations/332217652,5936269886,Morinda citrifolia,Morinda citrifolia L.,Rubiaceae,Morinda,SPECIES,HUMAN_OBSERVATION,2025-12-15T16:29:07,2025,-69.428815,19.039859,279,50c9509d-22c7-4a22-a47d-8c48425ef4a7,iNaturalist,Observations,30,02,SABANA DE LA MAR,093002,874cf3731ffffff
https://www.inaturalist.org/observations/333223240,6178417435,Chrysothemis pulchella,Chrysothemis pulchella (Donn.Sm. ex Sims) Decne.,Gesneriaceae,Chrysothemis,SPECIES,HUMAN_OBSERVATION,2025-12-03T07:32:27,2025,-69.455247,19.05712,5,50c9509d-22c7-4a22-a47d-8c48425ef4a7,iNaturalist,Observations,30,02,SABANA DE LA MAR,093002,874cf3730ffffff
https://www.inaturalist.org/observations/333223958,5938370546,Bletia patula,Bletia patula Hook.,Orchidaceae,Bletia,SPECIES,HUMAN_OBSERVATION,2025-12-02T16:30:42,2025,-69.456672,19.056689,4,50c9509d-22c7-4a22-a47d-8c48425ef4a7,iNaturalist,Observations,30,02,SABANA DE LA MAR,093002,874cf3736ffffff
https://www.inaturalist.org/observations/333226909,5938385114,Rhynchospora nervosa,Rhynchospora nervosa (Vahl) Boeckeler,Cyperaceae,Rhynchospora,SPECIES,HUMAN_OBSERVATION,2025-12-02T16:30:49,2025,-69.456663,19.056692,4,50c9509d-22c7-4a22-a47d-8c48425ef4a7,iNaturalist,Observations,30,02,SABANA DE LA MAR,093002,874cf3736ffffff
https://www.inaturalist.org/observations/333228045,5938321209,Jatropha gossypiifolia,Jatropha gossypiifolia L.,Euphorbiaceae,Jatropha,SPECIES,HUMAN_OBSERVATION,2025-12-02T16:17:29,2025,-69.456688,19.056939,4,50c9509d-22c7-4a22-a47d-8c48425ef4a7,iNaturalist,Observations,30,02,SABANA DE LA MAR,093002,874cf3736ffffff
https://www.inaturalist.org/observations/333228510,5938619561,Urera baccifera,Urera baccifera (L.) Gaudich.,Urticaceae,Urera,SPECIES,HUMAN_OBSERVATION,2025-12-02T16:16:57,2025,-69.456688,19.056956,4,50c9509d-22c7-4a22-a47d-8c48425ef4a7,iNaturalist,Observations,30,02,SABANA DE LA MAR,093002,874cf3736ffffff
https://www.inaturalist.org/observations/334239904,6130778809,Pharus latifolius,Pharus latifolius L.,Poaceae,Pharus,SPECIES,HUMAN_OBSERVATION,2026-01-09T12:14:54,2026,-69.477348,19.073898,NA,50c9509d-22c7-4a22-a47d-8c48425ef4a7,iNaturalist,Observations,30,02,SABANA DE LA MAR,093002,874cf346bffffff
https://www.inaturalist.org/observations/334240159,6129963541,Geophila repens,Geophila repens (L.) I.M.Johnst.,Rubiaceae,Geophila,SPECIES,HUMAN_OBSERVATION,2026-01-09T11:19:52,2026,-69.47757,19.072699,NA,50c9509d-22c7-4a22-a47d-8c48425ef4a7,iNaturalist,Observations,30,02,SABANA DE LA MAR,093002,874cf346bffffff
https://www.inaturalist.org/observations/334252376,6130139207,Dorstenia peltata,Dorstenia peltata Spreng.,Moraceae,Dorstenia,SPECIES,HUMAN_OBSERVATION,2026-01-08T12:49:11,2026,-69.476662,19.07369,NA,50c9509d-22c7-4a22-a47d-8c48425ef4a7,iNaturalist,Observations,30,02,SABANA DE LA MAR,093002,874cf346bffffff
https://www.inaturalist.org/observations/337900146,6147615536,Crescentia cujete,Crescentia cujete L.,Bignoniaceae,Crescentia,SPECIES,HUMAN_OBSERVATION,2026-02-08T15:22:45,2026,-69.42733,19.039911,21,50c9509d-22c7-4a22-a47d-8c48425ef4a7,iNaturalist,Observations,30,02,SABANA DE LA MAR,093002,874cf3731ffffff
https://www.inaturalist.org/observations/33862980,3333165325,Cajanus cajan,Cajanus cajan (L.) Huth,Fabaceae,Cajanus,SPECIES,HUMAN_OBSERVATION,2019-10-04T17:54:44Z,2019,-69.391595,19.041032,5,50c9509d-22c7-4a22-a47d-8c48425ef4a7,iNaturalist,Observations,30,02,SABANA DE LA MAR,093002,874cf3723ffffff
https://www.inaturalist.org/observations/33863305,2563465702,Coccoloba uvifera,Coccoloba uvifera (L.) L.,Polygonaceae,Coccoloba,SPECIES,HUMAN_OBSERVATION,2019-10-04T17:55:36Z,2019,-69.391325,19.041106,5,50c9509d-22c7-4a22-a47d-8c48425ef4a7,iNaturalist,Observations,30,02,SABANA DE LA MAR,093002,874cf3723ffffff
https://www.inaturalist.org/observations/33863674,2574208320,Roystonea borinquena,Roystonea borinquena O.F.Cook,Arecaceae,Roystonea,SPECIES,HUMAN_OBSERVATION,2019-10-04T18:01:19Z,2019,-69.39172,19.040935,5,50c9509d-22c7-4a22-a47d-8c48425ef4a7,iNaturalist,Observations,30,02,SABANA DE LA MAR,093002,874cf3723ffffff
https://www.inaturalist.org/observations/33863776,2988557400,Coccoloba uvifera,Coccoloba uvifera (L.) L.,Polygonaceae,Coccoloba,SPECIES,HUMAN_OBSERVATION,2019-10-04T18:03:02Z,2019,-69.391626,19.040955,5,50c9509d-22c7-4a22-a47d-8c48425ef4a7,iNaturalist,Observations,30,02,SABANA DE LA MAR,093002,874cf3723ffffff
https://www.inaturalist.org/observations/33870386,2429382072,Mangifera indica,Mangifera indica L.,Anacardiaceae,Mangifera,SPECIES,HUMAN_OBSERVATION,2019-10-04T17:56:38Z,2019,-69.390962,19.04132,5,50c9509d-22c7-4a22-a47d-8c48425ef4a7,iNaturalist,Observations,30,02,SABANA DE LA MAR,093002,874cf3723ffffff
https://www.inaturalist.org/observations/34041016,2603328775,Adonidia merrillii,Adonidia merrillii (Becc.) Becc.,Arecaceae,Adonidia,SPECIES,HUMAN_OBSERVATION,2019-10-04T18:09:57Z,2019,-69.391339,19.041092,5,50c9509d-22c7-4a22-a47d-8c48425ef4a7,iNaturalist,Observations,30,02,SABANA DE LA MAR,093002,874cf3723ffffff
https://www.inaturalist.org/observations/340451301,6171433658,Bletia patula,Bletia patula Hook.,Orchidaceae,Bletia,SPECIES,HUMAN_OBSERVATION,2026-02-27T11:20:22,2026,-69.456698,19.05756,5,50c9509d-22c7-4a22-a47d-8c48425ef4a7,iNaturalist,Observations,30,02,SABANA DE LA MAR,093002,874cf3736ffffff
https://www.inaturalist.org/observations/341177595,6178735513,Rhizophora mangle,Rhizophora mangle L.,Rhizophoraceae,Rhizophora,SPECIES,HUMAN_OBSERVATION,2026-03-03T16:57,2026,-69.457367,19.074255,NA,50c9509d-22c7-4a22-a47d-8c48425ef4a7,iNaturalist,Observations,30,02,SABANA DE LA MAR,093002,874cf3469ffffff
https://www.inaturalist.org/observations/341731728,6179111023,Rhizophora mangle,Rhizophora mangle L.,Rhizophoraceae,Rhizophora,SPECIES,HUMAN_OBSERVATION,2013-03-14T19:23,2013,-69.428814,19.039859,72,50c9509d-22c7-4a22-a47d-8c48425ef4a7,iNaturalist,Observations,30,02,SABANA DE LA MAR,093002,874cf3731ffffff
https://www.inaturalist.org/observations/34223525,2826363397,Jatropha multifida,Jatropha multifida L.,Euphorbiaceae,Jatropha,SPECIES,HUMAN_OBSERVATION,2019-10-11T18:37:50Z,2019,-69.391008,19.042058,5,50c9509d-22c7-4a22-a47d-8c48425ef4a7,iNaturalist,Observations,30,02,SABANA DE LA MAR,093002,874cf3723ffffff
https://www.inaturalist.org/observations/34223625,3384303428,Plumeria pudica,Plumeria pudica Jacq.,Apocynaceae,Plumeria,SPECIES,HUMAN_OBSERVATION,2019-10-11T18:40:39Z,2019,-69.391176,19.042117,5,50c9509d-22c7-4a22-a47d-8c48425ef4a7,iNaturalist,Observations,30,02,SABANA DE LA MAR,093002,874cf3723ffffff
https://www.inaturalist.org/observations/342554390,6179356050,Thunbergia alata,Thunbergia alata Bojer ex Sims,Acanthaceae,Thunbergia,SPECIES,HUMAN_OBSERVATION,2013-03-14T03:10,2013,-69.388418,19.053988,2652,50c9509d-22c7-4a22-a47d-8c48425ef4a7,iNaturalist,Observations,30,02,SABANA DE LA MAR,093002,874cf3720ffffff
https://www.inaturalist.org/observations/350139403,6235583514,Borreria remota,Spermacoce remota Lam.,Rubiaceae,Borreria,SPECIES,HUMAN_OBSERVATION,2026-03-04T08:18,2026,-69.456268,19.057512,NA,50c9509d-22c7-4a22-a47d-8c48425ef4a7,iNaturalist,Observations,30,02,SABANA DE LA MAR,093002,874cf3736ffffff
https://www.inaturalist.org/observations/350139426,6234979962,Cecropia schreberiana,Cecropia schreberiana Miq.,Urticaceae,Cecropia,SPECIES,HUMAN_OBSERVATION,2026-03-04T08:59,2026,-69.457612,19.056235,NA,50c9509d-22c7-4a22-a47d-8c48425ef4a7,iNaturalist,Observations,30,02,SABANA DE LA MAR,093002,874cf3732ffffff
https://www.inaturalist.org/observations/350139463,6236133652,Ricinus communis,Ricinus communis L.,Euphorbiaceae,Ricinus,SPECIES,HUMAN_OBSERVATION,2026-03-04T14:20,2026,-69.455528,19.057218,NA,50c9509d-22c7-4a22-a47d-8c48425ef4a7,iNaturalist,Observations,30,02,SABANA DE LA MAR,093002,874cf3730ffffff
https://www.inaturalist.org/observations/358709076,6273261326,Domingoa haematochila,Domingoa haematochila (Rchb.f.) Carabia,Orchidaceae,Domingoa,SPECIES,HUMAN_OBSERVATION,2007-10-21T08:26,2007,-69.455083,19.057144,4,50c9509d-22c7-4a22-a47d-8c48425ef4a7,iNaturalist,Observations,30,02,SABANA DE LA MAR,093002,874cf3730ffffff
https://www.inaturalist.org/observations/378270705,6431711579,Stigmaphyllon emarginatum,Stigmaphyllon emarginatum (Cav.) A.Juss.,Malpighiaceae,Stigmaphyllon,SPECIES,HUMAN_OBSERVATION,2026-03-19T14:19,2026,-69.455285,19.057658,15,50c9509d-22c7-4a22-a47d-8c48425ef4a7,iNaturalist,Observations,30,02,SABANA DE LA MAR,093002,874cf3730ffffff
https://www.inaturalist.org/observations/378625726,6431870894,Stachytarpheta jamaicensis,Stachytarpheta jamaicensis (L.) Vahl,Verbenaceae,Stachytarpheta,SPECIES,HUMAN_OBSERVATION,2026-03-19T14:20,2026,-69.45564,19.058093,31,50c9509d-22c7-4a22-a47d-8c48425ef4a7,iNaturalist,Observations,30,02,SABANA DE LA MAR,093002,874cf3736ffffff
https://www.inaturalist.org/observations/378627807,6431386657,Tridax procumbens,Tridax procumbens L.,Asteraceae,Tridax,SPECIES,HUMAN_OBSERVATION,2026-03-19T14:20,2026,-69.455729,19.057445,15,50c9509d-22c7-4a22-a47d-8c48425ef4a7,iNaturalist,Observations,30,02,SABANA DE LA MAR,093002,874cf3730ffffff
https://www.inaturalist.org/observations/378628741,6430818118,Pleopeltis polypodioides,Pleopeltis polypodioides (L.) E.G.Andrews & Windham,Polypodiaceae,Pleopeltis,SPECIES,HUMAN_OBSERVATION,2026-03-19T14:27,2026,-69.45589,19.056998,15,50c9509d-22c7-4a22-a47d-8c48425ef4a7,iNaturalist,Observations,30,02,SABANA DE LA MAR,093002,874cf3730ffffff
https://www.inaturalist.org/observations/38181152,2603416080,Cocos nucifera,Cocos nucifera L.,Arecaceae,Cocos,SPECIES,HUMAN_OBSERVATION,2020-01-25T12:11,2020,-69.462143,19.076812,NA,50c9509d-22c7-4a22-a47d-8c48425ef4a7,iNaturalist,Observations,30,02,SABANA DE LA MAR,093002,874cf3469ffffff
https://www.inaturalist.org/observations/38498579,2574028585,Rhizophora mangle,Rhizophora mangle L.,Rhizophoraceae,Rhizophora,SPECIES,HUMAN_OBSERVATION,2007-10-21T09:57,2007,-69.450154,19.06676,8,50c9509d-22c7-4a22-a47d-8c48425ef4a7,iNaturalist,Observations,30,02,SABANA DE LA MAR,093002,874cf3734ffffff
https://www.inaturalist.org/observations/39187019,4407081311,Canna indica,Canna indica L.,Cannaceae,Canna,SPECIES,HUMAN_OBSERVATION,2020-02-22T09:56:32Z,2020,-69.458267,19.062125,NA,50c9509d-22c7-4a22-a47d-8c48425ef4a7,iNaturalist,Observations,30,02,SABANA DE LA MAR,093002,874cf3736ffffff
https://www.inaturalist.org/observations/39190097,4507596360,Jatropha gossypiifolia,Jatropha gossypiifolia L.,Euphorbiaceae,Jatropha,SPECIES,HUMAN_OBSERVATION,2020-02-22T09:34:56Z,2020,-69.41063,19.064221,3044,50c9509d-22c7-4a22-a47d-8c48425ef4a7,iNaturalist,Observations,30,02,SABANA DE LA MAR,093002,874cf3726ffffff
https://www.inaturalist.org/observations/39217908,2850612482,Piper peltatum,Piper peltatum L.,Piperaceae,Piper,SPECIES,HUMAN_OBSERVATION,2020-02-22T10:19:25Z,2020,-69.461692,19.065017,10,50c9509d-22c7-4a22-a47d-8c48425ef4a7,iNaturalist,Observations,30,02,SABANA DE LA MAR,093002,874cf3736ffffff
https://www.inaturalist.org/observations/39217933,3330759332,Rivina humilis,Rivina humilis L.,Petiveriaceae,Rivina,SPECIES,HUMAN_OBSERVATION,2020-02-22T10:23:52Z,2020,-69.461875,19.065017,30,50c9509d-22c7-4a22-a47d-8c48425ef4a7,iNaturalist,Observations,30,02,SABANA DE LA MAR,093002,874cf3736ffffff
https://www.inaturalist.org/observations/39218078,4407324318,Canna indica,Canna indica L.,Cannaceae,Canna,SPECIES,HUMAN_OBSERVATION,2020-02-22T10:10:47Z,2020,-69.460425,19.063328,5,50c9509d-22c7-4a22-a47d-8c48425ef4a7,iNaturalist,Observations,30,02,SABANA DE LA MAR,093002,874cf3736ffffff
https://www.inaturalist.org/observations/39223513,3013879396,Dieffenbachia seguine,Dieffenbachia seguine (Jacq.) Schott,Araceae,Dieffenbachia,SPECIES,HUMAN_OBSERVATION,2020-02-22T09:49:14Z,2020,-69.457292,19.062142,5,50c9509d-22c7-4a22-a47d-8c48425ef4a7,iNaturalist,Observations,30,02,SABANA DE LA MAR,093002,874cf3736ffffff
https://www.inaturalist.org/observations/39706124,3499562353,Theobroma cacao,Theobroma cacao L.,Malvaceae,Theobroma,SPECIES,HUMAN_OBSERVATION,2020-03-07T10:13:48Z,2020,-69.466522,19.067878,24,50c9509d-22c7-4a22-a47d-8c48425ef4a7,iNaturalist,Observations,30,02,SABANA DE LA MAR,093002,874cf3736ffffff
https://www.inaturalist.org/observations/39709713,2597714873,Thunbergia alata,Thunbergia alata Bojer ex Sims,Acanthaceae,Thunbergia,SPECIES,HUMAN_OBSERVATION,2020-03-07T09:25:01Z,2020,-69.45378,18.983332,349,50c9509d-22c7-4a22-a47d-8c48425ef4a7,iNaturalist,Observations,30,02,SABANA DE LA MAR,093002,874cf371effffff
https://www.inaturalist.org/observations/39716959,5216854308,Hura crepitans,Hura crepitans L.,Euphorbiaceae,Hura,SPECIES,HUMAN_OBSERVATION,2020-03-07T09:32:58Z,2020,-69.45378,18.983332,349,50c9509d-22c7-4a22-a47d-8c48425ef4a7,iNaturalist,Observations,30,02,SABANA DE LA MAR,093002,874cf371effffff
https://www.inaturalist.org/observations/39724127,3698218342,Hippobroma longiflora,Hippobroma longiflora (L.) G.Don,Campanulaceae,Hippobroma,SPECIES,HUMAN_OBSERVATION,2020-03-07T09:36:36Z,2020,-69.45378,18.983332,349,50c9509d-22c7-4a22-a47d-8c48425ef4a7,iNaturalist,Observations,30,02,SABANA DE LA MAR,093002,874cf371effffff
https://www.inaturalist.org/observations/39724379,2579247148,Asclepias curassavica,Asclepias curassavica L.,Apocynaceae,Asclepias,SPECIES,HUMAN_OBSERVATION,2020-03-07T09:46:50Z,2020,-69.45378,18.983332,349,50c9509d-22c7-4a22-a47d-8c48425ef4a7,iNaturalist,Observations,30,02,SABANA DE LA MAR,093002,874cf371effffff
https://www.inaturalist.org/observations/39724491,3343783352,Rivina humilis,Rivina humilis L.,Petiveriaceae,Rivina,SPECIES,HUMAN_OBSERVATION,2020-03-07T09:45:09Z,2020,-69.45378,18.983332,349,50c9509d-22c7-4a22-a47d-8c48425ef4a7,iNaturalist,Observations,30,02,SABANA DE LA MAR,093002,874cf371effffff
https://www.inaturalist.org/observations/39724537,4430391385,Adiantum pyramidale,Adiantum pyramidale (L.) Willd.,Pteridaceae,Adiantum,SPECIES,HUMAN_OBSERVATION,2020-03-07T09:48:32Z,2020,-69.45378,18.983332,349,50c9509d-22c7-4a22-a47d-8c48425ef4a7,iNaturalist,Observations,30,02,SABANA DE LA MAR,093002,874cf371effffff
https://www.inaturalist.org/observations/39724602,3018116392,Cocos nucifera,Cocos nucifera L.,Arecaceae,Cocos,SPECIES,HUMAN_OBSERVATION,2020-03-07T09:49:54Z,2020,-69.45378,18.983332,349,50c9509d-22c7-4a22-a47d-8c48425ef4a7,iNaturalist,Observations,30,02,SABANA DE LA MAR,093002,874cf371effffff
https://www.inaturalist.org/observations/39724981,4954762784,Heterotis rotundifolia,Heterotis rotundifolia (Sm.) Jacq.-Fél.,Melastomataceae,Heterotis,SPECIES,HUMAN_OBSERVATION,2020-03-07T09:53:10Z,2020,-69.45378,18.983332,349,50c9509d-22c7-4a22-a47d-8c48425ef4a7,iNaturalist,Observations,30,02,SABANA DE LA MAR,093002,874cf371effffff
https://www.inaturalist.org/observations/39725540,5215954317,Cocos nucifera,Cocos nucifera L.,Arecaceae,Cocos,SPECIES,HUMAN_OBSERVATION,2020-03-07T09:59:22Z,2020,-69.45378,18.983332,349,50c9509d-22c7-4a22-a47d-8c48425ef4a7,iNaturalist,Observations,30,02,SABANA DE LA MAR,093002,874cf371effffff
https://www.inaturalist.org/observations/39725621,4080938319,Piper peltatum,Piper peltatum L.,Piperaceae,Piper,SPECIES,HUMAN_OBSERVATION,2020-03-07T10:04:33Z,2020,-69.45378,18.983332,349,50c9509d-22c7-4a22-a47d-8c48425ef4a7,iNaturalist,Observations,30,02,SABANA DE LA MAR,093002,874cf371effffff
https://www.inaturalist.org/observations/39777185,3784804317,Canna indica,Canna indica L.,Cannaceae,Canna,SPECIES,HUMAN_OBSERVATION,2020-03-07T09:43:47Z,2020,-69.45378,18.983332,349,50c9509d-22c7-4a22-a47d-8c48425ef4a7,iNaturalist,Observations,30,02,SABANA DE LA MAR,093002,874cf371effffff
https://www.inaturalist.org/observations/39800098,4596797435,Jatropha gossypiifolia,Jatropha gossypiifolia L.,Euphorbiaceae,Jatropha,SPECIES,HUMAN_OBSERVATION,2020-03-07T09:24:32Z,2020,-69.454942,19.058514,5,50c9509d-22c7-4a22-a47d-8c48425ef4a7,iNaturalist,Observations,30,02,SABANA DE LA MAR,093002,874cf3730ffffff
https://www.inaturalist.org/observations/39814309,3005236382,Thunbergia alata,Thunbergia alata Bojer ex Sims,Acanthaceae,Thunbergia,SPECIES,HUMAN_OBSERVATION,2020-03-07T09:28:05Z,2020,-69.455397,19.059208,10,50c9509d-22c7-4a22-a47d-8c48425ef4a7,iNaturalist,Observations,30,02,SABANA DE LA MAR,093002,874cf3736ffffff
https://www.inaturalist.org/observations/39814482,2579362495,Coccoloba uvifera,Coccoloba uvifera (L.) L.,Polygonaceae,Coccoloba,SPECIES,HUMAN_OBSERVATION,2020-03-07T09:29:30Z,2020,-69.455545,19.059475,10,50c9509d-22c7-4a22-a47d-8c48425ef4a7,iNaturalist,Observations,30,02,SABANA DE LA MAR,093002,874cf3736ffffff
https://www.inaturalist.org/observations/39814646,3005193380,Thunbergia alata,Thunbergia alata Bojer ex Sims,Acanthaceae,Thunbergia,SPECIES,HUMAN_OBSERVATION,2020-03-07T09:28:05Z,2020,-69.455397,19.059208,10,50c9509d-22c7-4a22-a47d-8c48425ef4a7,iNaturalist,Observations,30,02,SABANA DE LA MAR,093002,874cf3736ffffff
https://www.inaturalist.org/observations/39814846,3391712342,Carica papaya,Carica papaya L.,Caricaceae,Carica,SPECIES,HUMAN_OBSERVATION,2020-03-07T09:32:40Z,2020,-69.455938,19.060075,5,50c9509d-22c7-4a22-a47d-8c48425ef4a7,iNaturalist,Observations,30,02,SABANA DE LA MAR,093002,874cf3736ffffff
https://www.inaturalist.org/observations/39817062,3698069314,Hippobroma longiflora,Hippobroma longiflora (L.) G.Don,Campanulaceae,Hippobroma,SPECIES,HUMAN_OBSERVATION,2020-03-07T09:39:39Z,2020,-69.457053,19.061889,5,50c9509d-22c7-4a22-a47d-8c48425ef4a7,iNaturalist,Observations,30,02,SABANA DE LA MAR,093002,874cf3736ffffff
https://www.inaturalist.org/observations/39819519,3784808315,Canna indica,Canna indica L.,Cannaceae,Canna,SPECIES,HUMAN_OBSERVATION,2020-03-07T09:46:35Z,2020,-69.458533,19.062183,10,50c9509d-22c7-4a22-a47d-8c48425ef4a7,iNaturalist,Observations,30,02,SABANA DE LA MAR,093002,874cf3736ffffff
https://www.inaturalist.org/observations/39855174,2882935351,Thunbergia alata,Thunbergia alata Bojer ex Sims,Acanthaceae,Thunbergia,SPECIES,HUMAN_OBSERVATION,2020-03-07T09:47:07Z,2020,-69.458642,19.062181,10,50c9509d-22c7-4a22-a47d-8c48425ef4a7,iNaturalist,Observations,30,02,SABANA DE LA MAR,093002,874cf3736ffffff
https://www.inaturalist.org/observations/39857325,3355412350,Rivina humilis,Rivina humilis L.,Petiveriaceae,Rivina,SPECIES,HUMAN_OBSERVATION,2020-03-07T09:54:43Z,2020,-69.459655,19.062514,5,50c9509d-22c7-4a22-a47d-8c48425ef4a7,iNaturalist,Observations,30,02,SABANA DE LA MAR,093002,874cf3736ffffff
https://www.inaturalist.org/observations/39857334,2580253278,Cyperus mindorensis,Cyperus mindorensis (Steud.) Huygh,Cyperaceae,Cyperus,SPECIES,HUMAN_OBSERVATION,2020-03-07T09:55:22Z,2020,-69.459778,19.062656,10,50c9509d-22c7-4a22-a47d-8c48425ef4a7,iNaturalist,Observations,30,02,SABANA DE LA MAR,093002,874cf3736ffffff
https://www.inaturalist.org/observations/39857344,3017994381,Cocos nucifera,Cocos nucifera L.,Arecaceae,Cocos,SPECIES,HUMAN_OBSERVATION,2020-03-07T09:57:22Z,2020,-69.460183,19.063125,5,50c9509d-22c7-4a22-a47d-8c48425ef4a7,iNaturalist,Observations,30,02,SABANA DE LA MAR,093002,874cf3736ffffff
https://www.inaturalist.org/observations/39857367,3499404356,Cocos nucifera,Cocos nucifera L.,Arecaceae,Cocos,SPECIES,HUMAN_OBSERVATION,2020-03-07T09:58:09Z,2020,-69.460342,19.063314,5,50c9509d-22c7-4a22-a47d-8c48425ef4a7,iNaturalist,Observations,30,02,SABANA DE LA MAR,093002,874cf3736ffffff
https://www.inaturalist.org/observations/39857473,2988341421,Tectaria incisa,Tectaria incisa Cav.,Tectariaceae,Tectaria,SPECIES,HUMAN_OBSERVATION,2020-03-07T10:55:54Z,2020,-69.4711,19.06912,5,50c9509d-22c7-4a22-a47d-8c48425ef4a7,iNaturalist,Observations,30,02,SABANA DE LA MAR,093002,874cf3736ffffff
https://www.inaturalist.org/observations/39857544,2641308411,Tectaria incisa,Tectaria incisa Cav.,Tectariaceae,Tectaria,SPECIES,HUMAN_OBSERVATION,2020-03-07T10:56:24Z,2020,-69.47117,19.069156,10,50c9509d-22c7-4a22-a47d-8c48425ef4a7,iNaturalist,Observations,30,02,SABANA DE LA MAR,093002,874cf3736ffffff
https://www.inaturalist.org/observations/39857576,6184818897,Pitcairnia domingensis,Pitcairnia domingensis L.B.Sm.,Bromeliaceae,Pitcairnia,SPECIES,HUMAN_OBSERVATION,2020-03-07T11:29:53Z,2020,-69.476592,19.073411,10,50c9509d-22c7-4a22-a47d-8c48425ef4a7,iNaturalist,Observations,30,02,SABANA DE LA MAR,093002,874cf346bffffff
https://www.inaturalist.org/observations/5282511,1571066890,Cajanus cajan,Cajanus cajan (L.) Huth,Fabaceae,Cajanus,SPECIES,HUMAN_OBSERVATION,2017-03-09,2017,-69.483032,19.014085,1104,50c9509d-22c7-4a22-a47d-8c48425ef4a7,iNaturalist,Observations,30,02,SABANA DE LA MAR,093002,874cf3712ffffff
https://www.inaturalist.org/observations/5282582,1571066889,Musa paradisiaca,Musa × paradisiaca L.,Musaceae,Musa,SPECIES,HUMAN_OBSERVATION,2017-03-09,2017,-69.370422,19.01019,NA,50c9509d-22c7-4a22-a47d-8c48425ef4a7,iNaturalist,Observations,30,02,SABANA DE LA MAR,093002,874cf372affffff
https://www.inaturalist.org/observations/5282636,1571066891,Citrus limon,Citrus × limon (L.) Osbeck,Rutaceae,Citrus,SPECIES,HUMAN_OBSERVATION,2017-03-09,2017,-69.378662,18.997206,NA,50c9509d-22c7-4a22-a47d-8c48425ef4a7,iNaturalist,Observations,30,02,SABANA DE LA MAR,093002,874cf370cffffff
https://www.inaturalist.org/observations/5396397,2864665303,Carica papaya,Carica papaya L.,Caricaceae,Carica,SPECIES,HUMAN_OBSERVATION,2017-03-09T15:42,2017,-69.392167,19.039975,NA,50c9509d-22c7-4a22-a47d-8c48425ef4a7,iNaturalist,Observations,30,02,SABANA DE LA MAR,093002,874cf3723ffffff
https://www.inaturalist.org/observations/5396398,1986634112,Carica papaya,Carica papaya L.,Caricaceae,Carica,SPECIES,HUMAN_OBSERVATION,2017-03-09T15:43,2017,-69.392189,19.040047,NA,50c9509d-22c7-4a22-a47d-8c48425ef4a7,iNaturalist,Observations,30,02,SABANA DE LA MAR,093002,874cf3723ffffff
https://www.inaturalist.org/observations/5446567,1571067576,Crescentia cujete,Crescentia cujete L.,Bignoniaceae,Crescentia,SPECIES,HUMAN_OBSERVATION,2017-03-24T09:21:09,2017,-69.39098,19.041563,20,50c9509d-22c7-4a22-a47d-8c48425ef4a7,iNaturalist,Observations,30,02,SABANA DE LA MAR,093002,874cf3723ffffff
https://www.inaturalist.org/observations/6744340,3031831327,Hura crepitans,Hura crepitans L.,Euphorbiaceae,Hura,SPECIES,HUMAN_OBSERVATION,2017-03-24T13:16,2017,-69.390389,19.038381,NA,50c9509d-22c7-4a22-a47d-8c48425ef4a7,iNaturalist,Observations,30,02,SABANA DE LA MAR,093002,874cf3723ffffff
https://www.inaturalist.org/observations/6745147,1802623288,Thunbergia alata,Thunbergia alata Bojer ex Sims,Acanthaceae,Thunbergia,SPECIES,HUMAN_OBSERVATION,2017-03-24T14:25,2017,-69.390489,19.037931,NA,50c9509d-22c7-4a22-a47d-8c48425ef4a7,iNaturalist,Observations,30,02,SABANA DE LA MAR,093002,874cf3723ffffff
https://www.inaturalist.org/observations/6764930,4076223306,Carica papaya,Carica papaya L.,Caricaceae,Carica,SPECIES,HUMAN_OBSERVATION,2016-11-04T08:33,2016,-69.392883,19.04132,NA,50c9509d-22c7-4a22-a47d-8c48425ef4a7,iNaturalist,Observations,30,02,SABANA DE LA MAR,093002,874cf3723ffffff
https://www.inaturalist.org/observations/6765125,1805369786,Urena lobata,Urena lobata L.,Malvaceae,Urena,SPECIES,HUMAN_OBSERVATION,2016-10-23T09:19,2016,-69.389584,19.047573,NA,50c9509d-22c7-4a22-a47d-8c48425ef4a7,iNaturalist,Observations,30,02,SABANA DE LA MAR,093002,874cf3720ffffff
https://www.inaturalist.org/observations/6765126,2243023388,Psidium guajava,Psidium guajava L.,Myrtaceae,Psidium,SPECIES,HUMAN_OBSERVATION,2016-10-23T09:19,2016,-69.389584,19.047573,NA,50c9509d-22c7-4a22-a47d-8c48425ef4a7,iNaturalist,Observations,30,02,SABANA DE LA MAR,093002,874cf3720ffffff
https://www.inaturalist.org/observations/6765127,2540789716,Urena lobata,Urena lobata L.,Malvaceae,Urena,SPECIES,HUMAN_OBSERVATION,2016-10-23T09:19,2016,-69.389584,19.047573,NA,50c9509d-22c7-4a22-a47d-8c48425ef4a7,iNaturalist,Observations,30,02,SABANA DE LA MAR,093002,874cf3720ffffff
https://www.inaturalist.org/observations/6765420,1802623416,Mimosa pudica,Mimosa pudica L.,Fabaceae,Mimosa,SPECIES,HUMAN_OBSERVATION,2016-10-23T10:04,2016,-69.390899,19.040005,NA,50c9509d-22c7-4a22-a47d-8c48425ef4a7,iNaturalist,Observations,30,02,SABANA DE LA MAR,093002,874cf3723ffffff
https://www.inaturalist.org/observations/6765421,3881721302,Cyanthillium cinereum,Cyanthillium cinereum (L.) H.Rob.,Asteraceae,Cyanthillium,SPECIES,HUMAN_OBSERVATION,2016-10-23T10:04,2016,-69.390899,19.040005,NA,50c9509d-22c7-4a22-a47d-8c48425ef4a7,iNaturalist,Observations,30,02,SABANA DE LA MAR,093002,874cf3723ffffff
https://www.inaturalist.org/observations/6765422,1802623413,Urena lobata,Urena lobata L.,Malvaceae,Urena,SPECIES,HUMAN_OBSERVATION,2016-10-23T10:04,2016,-69.390899,19.040005,NA,50c9509d-22c7-4a22-a47d-8c48425ef4a7,iNaturalist,Observations,30,02,SABANA DE LA MAR,093002,874cf3723ffffff
https://www.inaturalist.org/observations/6765424,3005073311,Cissus verticillata,Cissus verticillata (L.) Nicolson & C.E.Jarvis,Vitaceae,Cissus,SPECIES,HUMAN_OBSERVATION,2016-10-23T10:04,2016,-69.390899,19.040005,NA,50c9509d-22c7-4a22-a47d-8c48425ef4a7,iNaturalist,Observations,30,02,SABANA DE LA MAR,093002,874cf3723ffffff
https://www.inaturalist.org/observations/6765427,1802623420,Carica papaya,Carica papaya L.,Caricaceae,Carica,SPECIES,HUMAN_OBSERVATION,2016-10-23T10:04,2016,-69.390899,19.040005,NA,50c9509d-22c7-4a22-a47d-8c48425ef4a7,iNaturalist,Observations,30,02,SABANA DE LA MAR,093002,874cf3723ffffff
https://www.inaturalist.org/observations/6807113,1986635485,Cissus verticillata,Cissus verticillata (L.) Nicolson & C.E.Jarvis,Vitaceae,Cissus,SPECIES,HUMAN_OBSERVATION,2016-10-23T08:36,2016,-69.389584,19.047573,NA,50c9509d-22c7-4a22-a47d-8c48425ef4a7,iNaturalist,Observations,30,02,SABANA DE LA MAR,093002,874cf3720ffffff
https://www.inaturalist.org/observations/9533765,1986637984,Euphorbia heterophylla,Euphorbia heterophylla L.,Euphorbiaceae,Euphorbia,SPECIES,HUMAN_OBSERVATION,2018-01-19T10:20:22,2018,-69.391747,19.040413,NA,50c9509d-22c7-4a22-a47d-8c48425ef4a7,iNaturalist,Observations,30,02,SABANA DE LA MAR,093002,874cf3723ffffff
https://www.inaturalist.org/observations/95886824,4075661547,Rhizophora mangle,Rhizophora mangle L.,Rhizophoraceae,Rhizophora,SPECIES,HUMAN_OBSERVATION,2021-09-23T09:13:16,2021,-69.450447,19.068236,7,50c9509d-22c7-4a22-a47d-8c48425ef4a7,iNaturalist,Observations,30,02,SABANA DE LA MAR,093002,874cf3734ffffff
https://www.inaturalist.org/observations/9590443,1806351413,Crescentia cujete,Crescentia cujete L.,Bignoniaceae,Crescentia,SPECIES,HUMAN_OBSERVATION,2018-01-19,2018,-69.389067,19.053356,2595,50c9509d-22c7-4a22-a47d-8c48425ef4a7,iNaturalist,Observations,30,02,SABANA DE LA MAR,093002,874cf3720ffffff
https://www.inaturalist.org/observations/9590636,1806351575,Mimosa pudica,Mimosa pudica L.,Fabaceae,Mimosa,SPECIES,HUMAN_OBSERVATION,2018-01-19,2018,-69.389067,19.053356,2595,50c9509d-22c7-4a22-a47d-8c48425ef4a7,iNaturalist,Observations,30,02,SABANA DE LA MAR,093002,874cf3720ffffff
https://www.inaturalist.org/observations/99376285,3456914342,Jatropha gossypiifolia,Jatropha gossypiifolia L.,Euphorbiaceae,Jatropha,SPECIES,HUMAN_OBSERVATION,2021-10-11T10:15,2021,-69.45654,19.060741,31,50c9509d-22c7-4a22-a47d-8c48425ef4a7,iNaturalist,Observations,30,02,SABANA DE LA MAR,093002,874cf3736ffffff
o-1010840153,5109234919,Coccoloba uvifera,Coccoloba uvifera (L.) L.,Polygonaceae,Coccoloba,SPECIES,HUMAN_OBSERVATION,2016-03-24T13:23:17Z,2016,-69.447308,19.061578,NA,7a3679ef-5582-4aaa-81f0-8c2545cafc81,,,30,02,SABANA DE LA MAR,093002,874cf3730ffffff
o-1012798343,5109273377,Coffea arabica,Coffea arabica L.,Rubiaceae,Coffea,SPECIES,HUMAN_OBSERVATION,2022-03-02T17:12:03Z,2022,-69.2,18.96,1051,7a3679ef-5582-4aaa-81f0-8c2545cafc81,,,30,02,SABANA DE LA MAR,093002,874cf3391ffffff
o-1013230176,5109306144,Hippobroma longiflora,Hippobroma longiflora (L.) G.Don,Campanulaceae,Hippobroma,SPECIES,HUMAN_OBSERVATION,2022-05-05T18:02:20Z,2022,-69.390991,19.041258,NA,7a3679ef-5582-4aaa-81f0-8c2545cafc81,,,30,02,SABANA DE LA MAR,093002,874cf3723ffffff
o-1020884582,5109808334,Ceiba pentandra,Ceiba pentandra (L.) Gaertn.,Malvaceae,Ceiba,SPECIES,HUMAN_OBSERVATION,2024-02-05T18:48:12.688Z,2024,-69.454712,19.056395,5,7a3679ef-5582-4aaa-81f0-8c2545cafc81,,,30,02,SABANA DE LA MAR,093002,874cf3730ffffff
q-10136171385,2647110904,Coccoloba uvifera,Coccoloba uvifera (L.) L.,Polygonaceae,Coccoloba,SPECIES,HUMAN_OBSERVATION,2020-03-16T18:36:53.050Z,2020,-69.451667,19.063056,NA,14d5676a-2c54-4f94-9023-1e8dcd822aa0,,,30,02,SABANA DE LA MAR,093002,874cf3736ffffff
q-10289572875,3956347330,Pilea microphylla,Pilea microphylla (L.) Liebm.,Urticaceae,Pilea,SPECIES,HUMAN_OBSERVATION,2020-12-26T12:44:31.975Z,2020,-69.396466,19.061643,NA,14d5676a-2c54-4f94-9023-1e8dcd822aa0,,,30,02,SABANA DE LA MAR,093002,874cf3720ffffff
q-10310278243,3959175748,Thespesia populnea,Thespesia populnea (L.) Sol. ex Corrêa,Malvaceae,Thespesia,SPECIES,HUMAN_OBSERVATION,2021-03-17T21:34:12.657Z,2021,-69.47805,19.093228,NA,14d5676a-2c54-4f94-9023-1e8dcd822aa0,,,30,02,SABANA DE LA MAR,093002,874cf3468ffffff
q-10310824525,3959175921,Spathodea campanulata,Spathodea campanulata Beauverd,Bignoniaceae,Spathodea,SPECIES,HUMAN_OBSERVATION,2021-03-19T15:37:20.478Z,2021,-69.451805,19.062057,NA,14d5676a-2c54-4f94-9023-1e8dcd822aa0,,,30,02,SABANA DE LA MAR,093002,874cf3730ffffff
q-10310916738,3959175955,Rhizophora mangle,Rhizophora mangle L.,Rhizophoraceae,Rhizophora,SPECIES,HUMAN_OBSERVATION,2021-03-19T20:33:00.047Z,2021,-69.456544,19.09892,NA,14d5676a-2c54-4f94-9023-1e8dcd822aa0,,,30,02,SABANA DE LA MAR,093002,874cf346dffffff
q-10310916987,3954106772,Rhizophora mangle,Rhizophora mangle L.,Rhizophoraceae,Rhizophora,SPECIES,HUMAN_OBSERVATION,2021-03-19T20:34:03.047Z,2021,-69.456544,19.09892,NA,14d5676a-2c54-4f94-9023-1e8dcd822aa0,,,30,02,SABANA DE LA MAR,093002,874cf346dffffff
q-10368913114,3955804463,Spathodea campanulata,Spathodea campanulata Beauverd,Bignoniaceae,Spathodea,SPECIES,HUMAN_OBSERVATION,2021-05-28T15:36:00.938Z,2021,-69.452057,19.059512,NA,14d5676a-2c54-4f94-9023-1e8dcd822aa0,,,30,02,SABANA DE LA MAR,093002,874cf3730ffffff
q-10445777045,3954642181,Jatropha curcas,Jatropha curcas L.,Euphorbiaceae,Jatropha,SPECIES,HUMAN_OBSERVATION,2021-08-05T17:47:45.277Z,2021,-69.419942,19.033072,48,14d5676a-2c54-4f94-9023-1e8dcd822aa0,,,30,02,SABANA DE LA MAR,093002,874cf3704ffffff
q-10575247328,3954468297,Hippobroma longiflora,Hippobroma longiflora (L.) G.Don,Campanulaceae,Hippobroma,SPECIES,HUMAN_OBSERVATION,2022-05-05T22:24:08.685Z,2022,-69.390991,19.041258,NA,14d5676a-2c54-4f94-9023-1e8dcd822aa0,,,30,02,SABANA DE LA MAR,093002,874cf3723ffffff
urn:PROECOMAR:HISPABIOTA:Almodóvar_Alvarez05,3909624821,"Bostrychia Montagne in Sagra, 1842","Bostrychia Montagne in Sagra, 1842",Rhodomelaceae,Bostrychia,GENUS,MATERIAL_CITATION,1977-07-11,1977,-69.381464,19.062022,NA,be02c483-3b01-4a78-93d0-9ba41c364828,,,30,02,SABANA DE LA MAR,093002,874cf3725ffffff
urn:PROECOMAR:HISPABIOTA:Almodóvar_Alvarez12,3909624828,Derbesia vaucheriaeformis,Derbesia vaucheriaeformis (Harvey) J. Agardh,Derbesiaceae,Derbesia,SPECIES,MATERIAL_CITATION,1977-07-11,1977,-69.381464,19.062022,NA,be02c483-3b01-4a78-93d0-9ba41c364828,,,30,02,SABANA DE LA MAR,093002,874cf3725ffffff
urn:PROECOMAR:HISPABIOTA:Almodóvar_Alvarez21,3909624779,Neomeris annulata,Neomeris annulata Dickie,Dasycladaceae,Neomeris,SPECIES,MATERIAL_CITATION,1977-07-11,1977,-69.381464,19.062022,NA,be02c483-3b01-4a78-93d0-9ba41c364828,,,30,02,SABANA DE LA MAR,093002,874cf3725ffffff
urn:catalog:CAS:BOT-BC:1461614,6408983412,Persicaria punctata,Persicaria punctata (Elliott) Small,Polygonaceae,Persicaria,SPECIES,PRESERVED_SPECIMEN,1988-06-15,1988,-69.233333,19,NA,f934f8e2-32ca-46a7-b2f8-b032a4740454,CAS,BOT-BC,30,02,SABANA DE LA MAR,093002,874cf30c9ffffff
urn:catalog:CAS:BOT-BC:601045,1950894481,Anthurium scandens,Anthurium scandens (Aubl.) Engl.,Araceae,Anthurium,SPECIES,PRESERVED_SPECIMEN,1988-06-14,1988,-69.466667,18.966667,NA,f934f8e2-32ca-46a7-b2f8-b032a4740454,CAS,BOT-BC,30,02,SABANA DE LA MAR,093002,874cf37a9ffffff
urn:catalog:MO:Tropicos:100199607,1257552813,Passiflora murucuja,Passiflora murucuja L.,Passifloraceae,Passiflora,SPECIES,PRESERVED_SPECIMEN,1928-03-01,1928,-69.466667,19.066667,NA,e053ff53-c156-4e2e-b9b5-4462e9625424,US,Tropicos,30,02,SABANA DE LA MAR,093002,874cf3736ffffff
urn:catalog:MO:Tropicos:100449856,1257796768,Chiococca P.Browne,Chiococca P.Browne,Rubiaceae,Chiococca,GENUS,PRESERVED_SPECIMEN,1992-07-08,1992,-69.466667,19.066667,NA,7bd65a7a-f762-11e1-a439-00145eb45e9a,MO,Tropicos,30,02,SABANA DE LA MAR,093002,874cf3736ffffff
urn:catalog:MO:Tropicos:101195706,2806583588,Diospyros crassinervis,Diospyros crassinervis subsp. urbaniana (Leonard) Alain,Ebenaceae,Diospyros,SUBSPECIES,PRESERVED_SPECIMEN,1922-04-26,1922,-69.433333,19.083333,NA,e053ff53-c156-4e2e-b9b5-4462e9625424,C,Tropicos,30,02,SABANA DE LA MAR,093002,874cf309affffff
urn:catalog:MO:Tropicos:101195917,2806582594,Diospyros crassinervis,Diospyros crassinervis subsp. urbaniana (Leonard) Alain,Ebenaceae,Diospyros,SUBSPECIES,PRESERVED_SPECIMEN,1930-06-23,1930,-69.5,19.083333,NA,e053ff53-c156-4e2e-b9b5-4462e9625424,F,Tropicos,30,02,SABANA DE LA MAR,093002,874cf346affffff
urn:catalog:MO:Tropicos:101396312,3946847235,Anthurium scandens,Anthurium scandens subsp. scandens,Araceae,Anthurium,SUBSPECIES,PRESERVED_SPECIMEN,1980-08-20,1980,-69.383333,19.016667,NA,7bd65a7a-f762-11e1-a439-00145eb45e9a,MO,Tropicos,30,02,SABANA DE LA MAR,093002,874cf3705ffffff
urn:catalog:MO:Tropicos:101397630,3946855484,Anthurium gracile,Anthurium gracile (Rudge) Lindl.,Araceae,Anthurium,SPECIES,PRESERVED_SPECIMEN,1982-06-28,1982,-69.4,19.066667,NA,7bd65a7a-f762-11e1-a439-00145eb45e9a,MO,Tropicos,30,02,SABANA DE LA MAR,093002,874cf3726ffffff
urn:catalog:MO:Tropicos:101459235,4061765821,Sida rhombifolia,Sida rhombifolia L.,Malvaceae,Sida,SPECIES,PRESERVED_SPECIMEN,1988-06-14,1988,-69.466667,18.966667,NA,e053ff53-c156-4e2e-b9b5-4462e9625424,ILLS,Tropicos,30,02,SABANA DE LA MAR,093002,874cf37a9ffffff
urn:catalog:MO:Tropicos:101459236,4031878352,Sida rhombifolia,Sida rhombifolia L.,Malvaceae,Sida,SPECIES,PRESERVED_SPECIMEN,1988-06-14,1988,-69.466667,18.966667,NA,7bd65a7a-f762-11e1-a439-00145eb45e9a,MO,Tropicos,30,02,SABANA DE LA MAR,093002,874cf37a9ffffff
urn:catalog:MO:Tropicos:101509632,4061170370,Anthurium scandens,Anthurium scandens subsp. scandens,Araceae,Anthurium,SUBSPECIES,PRESERVED_SPECIMEN,1988-06-14,1988,-69.466667,18.966667,NA,e053ff53-c156-4e2e-b9b5-4462e9625424,IBE,Tropicos,30,02,SABANA DE LA MAR,093002,874cf37a9ffffff
urn:catalog:MO:Tropicos:103145031,4062085833,Diospyros crassinervis,Diospyros crassinervis subsp. urbaniana (Leonard) Alain,Ebenaceae,Diospyros,SUBSPECIES,PRESERVED_SPECIMEN,1922-04-26,1922,-69.433333,19.083333,NA,e053ff53-c156-4e2e-b9b5-4462e9625424,F,Tropicos,30,02,SABANA DE LA MAR,093002,874cf309affffff
urn:catalog:MO:Tropicos:103145032,4061369106,Diospyros crassinervis,Diospyros crassinervis subsp. urbaniana (Leonard) Alain,Ebenaceae,Diospyros,SUBSPECIES,PRESERVED_SPECIMEN,1922-04-26,1922,-69.433333,19.083333,NA,e053ff53-c156-4e2e-b9b5-4462e9625424,BM,Tropicos,30,02,SABANA DE LA MAR,093002,874cf309affffff
urn:catalog:MO:Tropicos:103145033,4061385457,Diospyros crassinervis,Diospyros crassinervis subsp. urbaniana (Leonard) Alain,Ebenaceae,Diospyros,SUBSPECIES,PRESERVED_SPECIMEN,1922-04-26,1922,-69.433333,19.083333,NA,e053ff53-c156-4e2e-b9b5-4462e9625424,GH,Tropicos,30,02,SABANA DE LA MAR,093002,874cf309affffff
urn:catalog:MO:Tropicos:103145034,4062056415,Diospyros crassinervis,Diospyros crassinervis subsp. urbaniana (Leonard) Alain,Ebenaceae,Diospyros,SUBSPECIES,PRESERVED_SPECIMEN,1922-04-26,1922,-69.433333,19.083333,NA,e053ff53-c156-4e2e-b9b5-4462e9625424,NY,Tropicos,30,02,SABANA DE LA MAR,093002,874cf309affffff
urn:catalog:MO:Tropicos:103145035,4061857357,Diospyros crassinervis,Diospyros crassinervis subsp. urbaniana (Leonard) Alain,Ebenaceae,Diospyros,SUBSPECIES,PRESERVED_SPECIMEN,1922-04-26,1922,-69.433333,19.083333,NA,e053ff53-c156-4e2e-b9b5-4462e9625424,US,Tropicos,30,02,SABANA DE LA MAR,093002,874cf309affffff
urn:catalog:MO:Tropicos:103145182,4061350305,Diospyros crassinervis,Diospyros crassinervis subsp. urbaniana (Leonard) Alain,Ebenaceae,Diospyros,SUBSPECIES,PRESERVED_SPECIMEN,1930-06-23,1930,-69.5,19.083333,NA,e053ff53-c156-4e2e-b9b5-4462e9625424,G,Tropicos,30,02,SABANA DE LA MAR,093002,874cf346affffff
urn:catalog:MO:Tropicos:103145183,4061946175,Diospyros crassinervis,Diospyros crassinervis subsp. urbaniana (Leonard) Alain,Ebenaceae,Diospyros,SUBSPECIES,PRESERVED_SPECIMEN,1930-06-23,1930,-69.5,19.083333,NA,e053ff53-c156-4e2e-b9b5-4462e9625424,K,Tropicos,30,02,SABANA DE LA MAR,093002,874cf346affffff
urn:catalog:MO:Tropicos:103145184,4061327202,Diospyros crassinervis,Diospyros crassinervis subsp. urbaniana (Leonard) Alain,Ebenaceae,Diospyros,SUBSPECIES,PRESERVED_SPECIMEN,1930-06-23,1930,-69.5,19.083333,NA,e053ff53-c156-4e2e-b9b5-4462e9625424,S,Tropicos,30,02,SABANA DE LA MAR,093002,874cf346affffff
urn:catalog:MO:Tropicos:103145185,4062085843,Diospyros crassinervis,Diospyros crassinervis subsp. urbaniana (Leonard) Alain,Ebenaceae,Diospyros,SUBSPECIES,PRESERVED_SPECIMEN,1930-06-23,1930,-69.5,19.083333,NA,e053ff53-c156-4e2e-b9b5-4462e9625424,GH,Tropicos,30,02,SABANA DE LA MAR,093002,874cf346affffff
urn:catalog:MO:Tropicos:103145186,4061369114,Diospyros crassinervis,Diospyros crassinervis subsp. urbaniana (Leonard) Alain,Ebenaceae,Diospyros,SUBSPECIES,PRESERVED_SPECIMEN,1930-06-23,1930,-69.5,19.083333,NA,e053ff53-c156-4e2e-b9b5-4462e9625424,LL,Tropicos,30,02,SABANA DE LA MAR,093002,874cf346affffff
urn:catalog:MO:Tropicos:103145187,4061385468,Diospyros crassinervis,Diospyros crassinervis subsp. urbaniana (Leonard) Alain,Ebenaceae,Diospyros,SUBSPECIES,PRESERVED_SPECIMEN,1930-06-23,1930,-69.5,19.083333,NA,e053ff53-c156-4e2e-b9b5-4462e9625424,NY,Tropicos,30,02,SABANA DE LA MAR,093002,874cf346affffff
urn:catalog:MO:Tropicos:103145188,4062056426,Diospyros crassinervis,Diospyros crassinervis subsp. urbaniana (Leonard) Alain,Ebenaceae,Diospyros,SUBSPECIES,PRESERVED_SPECIMEN,1930-06-23,1930,-69.5,19.083333,NA,e053ff53-c156-4e2e-b9b5-4462e9625424,US,Tropicos,30,02,SABANA DE LA MAR,093002,874cf346affffff
urn:catalog:MO:Tropicos:103349429,4167766340,Dieffenbachia seguine,Dieffenbachia seguine (Jacq.) Schott,Araceae,Dieffenbachia,SPECIES,PRESERVED_SPECIMEN,1988-06-14,1988,-69.46666,18.96666,NA,7bd65a7a-f762-11e1-a439-00145eb45e9a,MO,Tropicos,30,02,SABANA DE LA MAR,093002,874cf37a9ffffff
urn:catalog:MO:Tropicos:1048019,1258254093,Tabebuia maxonii,Tabebuia maxonii Urb.,Bignoniaceae,Tabebuia,SPECIES,PRESERVED_SPECIMEN,1982-02,1982,-69.5,19.083333,NA,e053ff53-c156-4e2e-b9b5-4462e9625424,JBSD,Tropicos,30,02,SABANA DE LA MAR,093002,874cf346affffff
urn:catalog:MO:Tropicos:1048029,1258254126,Tabebuia acrophylla,Tabebuia acrophylla (Urb.) Britton,Bignoniaceae,Tabebuia,SPECIES,PRESERVED_SPECIMEN,1982-10-28,1982,-69.58333,19.08333,NA,e053ff53-c156-4e2e-b9b5-4462e9625424,JBSD,Tropicos,30,02,SABANA DE LA MAR,093002,874cf3453ffffff
urn:catalog:MO:Tropicos:105200183,6250085411,Callisia monandra,Callisia monandra (Sw.) Schult. & Schult.f.,Commelinaceae,Callisia,SPECIES,PRESERVED_SPECIMEN,1981-01-14,1981,-69.275,19.016667,NA,7bd65a7a-f762-11e1-a439-00145eb45e9a,MO,Tropicos,30,02,SABANA DE LA MAR,093002,874cf30ddffffff
urn:catalog:MO:Tropicos:105210497,6249904424,Pilea parietaria,Pilea parietaria (L.) Blume,Urticaceae,Pilea,SPECIES,PRESERVED_SPECIMEN,1985-08-06,1985,-69.5,19,NA,7bd65a7a-f762-11e1-a439-00145eb45e9a,MO,Tropicos,30,02,SABANA DE LA MAR,093002,874cf37a1ffffff
urn:catalog:MO:Tropicos:117986,4061433454,Zanthoxylum martinicense,Zanthoxylum martinicense (Lam.) DC.,Rutaceae,Zanthoxylum,SPECIES,PRESERVED_SPECIMEN,1993-05-01,1993,-69.5,19.08333,NA,e053ff53-c156-4e2e-b9b5-4462e9625424,,Tropicos,30,02,SABANA DE LA MAR,093002,874cf346affffff
urn:catalog:MO:Tropicos:126966,4060863441,Guarea guidonia,Guarea guidonia (L.) Sleumer,Meliaceae,Guarea,SPECIES,PRESERVED_SPECIMEN,1993-05-01,1993,-69.5,19.08333,NA,e053ff53-c156-4e2e-b9b5-4462e9625424,,Tropicos,30,02,SABANA DE LA MAR,093002,874cf346affffff
urn:catalog:MO:Tropicos:126978,4061610428,Meliaceae Juss.,Meliaceae Juss.,Meliaceae,,FAMILY,PRESERVED_SPECIMEN,1993-05-01,1993,-69.5,19.08333,NA,e053ff53-c156-4e2e-b9b5-4462e9625424,,Tropicos,30,02,SABANA DE LA MAR,093002,874cf346affffff
urn:catalog:MO:Tropicos:126984,4061433463,Guarea guidonia,Guarea guidonia (L.) Sleumer,Meliaceae,Guarea,SPECIES,PRESERVED_SPECIMEN,1993-05-02,1993,-69.5,19.08333,NA,e053ff53-c156-4e2e-b9b5-4462e9625424,,Tropicos,30,02,SABANA DE LA MAR,093002,874cf346affffff
urn:catalog:MO:Tropicos:128132,1258494794,Guarea guidonia,Guarea guidonia (L.) Sleumer,Meliaceae,Guarea,SPECIES,PRESERVED_SPECIMEN,1988-06-15,1988,-69.23333,19,NA,7bd65a7a-f762-11e1-a439-00145eb45e9a,MO,Tropicos,30,02,SABANA DE LA MAR,093002,874cf30c9ffffff
urn:catalog:MO:Tropicos:143768,4060876451,Euphorbiaceae A.Juss.,Euphorbiaceae A.Juss.,Euphorbiaceae,,FAMILY,PRESERVED_SPECIMEN,1993-05-01,1993,-69.5,19.08333,NA,e053ff53-c156-4e2e-b9b5-4462e9625424,,Tropicos,30,02,SABANA DE LA MAR,093002,874cf346affffff
urn:catalog:MO:Tropicos:143774,4060863461,Euphorbiaceae A.Juss.,Euphorbiaceae A.Juss.,Euphorbiaceae,,FAMILY,PRESERVED_SPECIMEN,1993-05-02,1993,-69.5,19.08333,NA,e053ff53-c156-4e2e-b9b5-4462e9625424,,Tropicos,30,02,SABANA DE LA MAR,093002,874cf346affffff
urn:catalog:MO:Tropicos:158593,4061569489,Spondias L.,Spondias L.,Anacardiaceae,Spondias,GENUS,PRESERVED_SPECIMEN,1993-05-01,1993,-69.5,19.08333,NA,e053ff53-c156-4e2e-b9b5-4462e9625424,,Tropicos,30,02,SABANA DE LA MAR,093002,874cf346affffff
urn:catalog:MO:Tropicos:165286,1258890134,Turpinia occidentalis,Turpinia occidentalis (Sw.) G.Don,Staphyleaceae,Turpinia,SPECIES,PRESERVED_SPECIMEN,1988-06-14,1988,-69.46666,18.96666,NA,7bd65a7a-f762-11e1-a439-00145eb45e9a,MO,Tropicos,30,02,SABANA DE LA MAR,093002,874cf37a9ffffff
urn:catalog:MO:Tropicos:175508,4060866515,Gouania Jacq.,Gouania Jacq.,Rhamnaceae,Gouania,GENUS,PRESERVED_SPECIMEN,1993-05-02,1993,-69.5,19.08333,NA,e053ff53-c156-4e2e-b9b5-4462e9625424,,Tropicos,30,02,SABANA DE LA MAR,093002,874cf346affffff
urn:catalog:MO:Tropicos:177727,4061569520,Cissus L.,Cissus L.,Vitaceae,Cissus,GENUS,PRESERVED_SPECIMEN,1993-05-01,1993,-69.5,19.08333,NA,e053ff53-c156-4e2e-b9b5-4462e9625424,,Tropicos,30,02,SABANA DE LA MAR,093002,874cf346affffff
urn:catalog:MO:Tropicos:178586,1259034842,Cissus verticillata,Cissus verticillata subsp. oblongolanceolata (Urb.) Lombardi,Vitaceae,Cissus,SUBSPECIES,PRESERVED_SPECIMEN,1988-06-14,1988,-69.466667,18.966667,NA,7bd65a7a-f762-11e1-a439-00145eb45e9a,MO,Tropicos,30,02,SABANA DE LA MAR,093002,874cf37a9ffffff
urn:catalog:MO:Tropicos:179874,1259048657,Muntingia calabura,Muntingia calabura L.,Muntingiaceae,Muntingia,SPECIES,PRESERVED_SPECIMEN,1988-06-14,1988,-69.46666,18.96666,NA,7bd65a7a-f762-11e1-a439-00145eb45e9a,MO,Tropicos,30,02,SABANA DE LA MAR,093002,874cf37a9ffffff
urn:catalog:MO:Tropicos:184513,1259099975,Sida rhombifolia,Sida rhombifolia L.,Malvaceae,Sida,SPECIES,PRESERVED_SPECIMEN,1988-06-14,1988,-69.466667,18.966667,NA,e053ff53-c156-4e2e-b9b5-4462e9625424,RSA,Tropicos,30,02,SABANA DE LA MAR,093002,874cf37a9ffffff
urn:catalog:MO:Tropicos:184522,1259100087,Pavonia fruticosa,Pavonia fruticosa (Mill.) Fawc. & Rendle,Malvaceae,Pavonia,SPECIES,PRESERVED_SPECIMEN,1988-06-14,1988,-69.46666,18.96666,NA,7bd65a7a-f762-11e1-a439-00145eb45e9a,MO,Tropicos,30,02,SABANA DE LA MAR,093002,874cf37a9ffffff
urn:catalog:MO:Tropicos:190078,4060876528,Pochota Ram.Goyena,Pochota Ram.Goyena,Malvaceae,Pochota,GENUS,PRESERVED_SPECIMEN,1993-05-01,1993,-69.5,19.08333,NA,e053ff53-c156-4e2e-b9b5-4462e9625424,,Tropicos,30,02,SABANA DE LA MAR,093002,874cf346affffff
urn:catalog:MO:Tropicos:191727,4061469556,Theobroma cacao,Theobroma cacao L.,Malvaceae,Theobroma,SPECIES,PRESERVED_SPECIMEN,1993-05-01,1993,-69.5,19.08333,NA,e053ff53-c156-4e2e-b9b5-4462e9625424,,Tropicos,30,02,SABANA DE LA MAR,093002,874cf346affffff
urn:catalog:MO:Tropicos:198843,4060869540,Marcgravia L.,Marcgravia L.,Marcgraviaceae,Marcgravia,GENUS,PRESERVED_SPECIMEN,1993-05-01,1993,-69.5,19.08333,NA,e053ff53-c156-4e2e-b9b5-4462e9625424,,Tropicos,30,02,SABANA DE LA MAR,093002,874cf346affffff
urn:catalog:MO:Tropicos:202075,4060875509,Clusia L.,Clusia L.,Clusiaceae,Clusia,GENUS,PRESERVED_SPECIMEN,1993-05-01,1993,-69.5,19.08333,NA,e053ff53-c156-4e2e-b9b5-4462e9625424,,Tropicos,30,02,SABANA DE LA MAR,093002,874cf346affffff
urn:catalog:MO:Tropicos:202082,4060867545,Calophyllum L.,Calophyllum L.,Calophyllaceae,Calophyllum,GENUS,PRESERVED_SPECIMEN,1993-05-02,1993,-69.5,19.08333,NA,e053ff53-c156-4e2e-b9b5-4462e9625424,,Tropicos,30,02,SABANA DE LA MAR,093002,874cf346affffff
urn:catalog:MO:Tropicos:231143,1259613137,Paspalum conjugatum,Paspalum conjugatum P.J.Bergius,Poaceae,Paspalum,SPECIES,PRESERVED_SPECIMEN,1988-06-14,1988,-69.46666,18.96666,NA,7bd65a7a-f762-11e1-a439-00145eb45e9a,MO,Tropicos,30,02,SABANA DE LA MAR,093002,874cf37a9ffffff
urn:catalog:MO:Tropicos:2318679,1259620904,Pharus lappulaceus,Pharus lappulaceus Aubl.,Poaceae,Pharus,SPECIES,PRESERVED_SPECIMEN,1992-07-07,1992,-69.48333,19.06666,NA,7bd65a7a-f762-11e1-a439-00145eb45e9a,MO,Tropicos,30,02,SABANA DE LA MAR,093002,874cf344dffffff
urn:catalog:MO:Tropicos:2321880,1259624120,Pharus latifolius,Pharus latifolius L.,Poaceae,Pharus,SPECIES,PRESERVED_SPECIMEN,1992-07-07,1992,-69.48333,19.06666,NA,7bd65a7a-f762-11e1-a439-00145eb45e9a,MO,Tropicos,30,02,SABANA DE LA MAR,093002,874cf344dffffff
urn:catalog:MO:Tropicos:2323433,1259626161,Pharus lappulaceus,Pharus lappulaceus Aubl.,Poaceae,Pharus,SPECIES,PRESERVED_SPECIMEN,1992-07-07,1992,-69.48333,19.06666,NA,7bd65a7a-f762-11e1-a439-00145eb45e9a,MO,Tropicos,30,02,SABANA DE LA MAR,093002,874cf344dffffff
urn:catalog:MO:Tropicos:2324283,1259626927,Cyperus laxus,Cyperus laxus Lam.,Cyperaceae,Cyperus,SPECIES,PRESERVED_SPECIMEN,1997-01-28,1997,-69.48333,19.06666,NA,7bd65a7a-f762-11e1-a439-00145eb45e9a,MO,Tropicos,30,02,SABANA DE LA MAR,093002,874cf344dffffff
urn:catalog:MO:Tropicos:2335096,1259639039,Tillandsia setacea,Tillandsia setacea Sw.,Bromeliaceae,Tillandsia,SPECIES,PRESERVED_SPECIMEN,1981-01-14,1981,-69.38333,19.03333,NA,7bd65a7a-f762-11e1-a439-00145eb45e9a,MO,Tropicos,30,02,SABANA DE LA MAR,093002,874cf3723ffffff
urn:catalog:MO:Tropicos:2336415,1259640637,Plantae,Plantae,,,KINGDOM,PRESERVED_SPECIMEN,1985-08-06,1985,-69.5,19,NA,7bd65a7a-f762-11e1-a439-00145eb45e9a,MO,Tropicos,30,02,SABANA DE LA MAR,093002,874cf37a1ffffff
urn:catalog:MO:Tropicos:2347594,1259653163,Dioscorea Plum. ex L.,Dioscorea Plum. ex L.,Dioscoreaceae,Dioscorea,GENUS,PRESERVED_SPECIMEN,1992-07-07,1992,-69.5,18.98333,NA,7bd65a7a-f762-11e1-a439-00145eb45e9a,MO,Tropicos,30,02,SABANA DE LA MAR,093002,874cf37aeffffff
urn:catalog:MO:Tropicos:2369523,1259676499,Mucuna urens,Mucuna urens (L.) Medik.,Fabaceae,Mucuna,SPECIES,PRESERVED_SPECIMEN,1986-02-20,1986,-69.5,19,NA,7bd65a7a-f762-11e1-a439-00145eb45e9a,MO,Tropicos,30,02,SABANA DE LA MAR,093002,874cf37a1ffffff
urn:catalog:MO:Tropicos:2371813,1259678606,Hymenasplenium laetum,Asplenium laetum Sw.,Aspleniaceae,Hymenasplenium,SPECIES,PRESERVED_SPECIMEN,1997-01-27,1997,-69.5,19.009722,NA,7bd65a7a-f762-11e1-a439-00145eb45e9a,MO,Tropicos,30,02,SABANA DE LA MAR,093002,874cf37a1ffffff
urn:catalog:MO:Tropicos:2410433,1259721487,Bursera simaruba,Bursera simaruba (L.) Sarg.,Burseraceae,Bursera,SPECIES,PRESERVED_SPECIMEN,1982-06-30,1982,-69.5,19.08333,NA,7bd65a7a-f762-11e1-a439-00145eb45e9a,MO,Tropicos,30,02,SABANA DE LA MAR,093002,874cf346affffff
urn:catalog:MO:Tropicos:2434004,1259747483,Tragia biflora,Tragia biflora Urb. & Ekman,Euphorbiaceae,Tragia,SPECIES,PRESERVED_SPECIMEN,1985,1985,-69.5,19,NA,7bd65a7a-f762-11e1-a439-00145eb45e9a,MO,Tropicos,30,02,SABANA DE LA MAR,093002,874cf37a1ffffff
urn:catalog:MO:Tropicos:2508183,1259829405,Zanthoxylum caribaeum,Zanthoxylum caribaeum Lam.,Rutaceae,Zanthoxylum,SPECIES,PRESERVED_SPECIMEN,1985-04-26,1985,-69.5,19.08333,NA,7bd65a7a-f762-11e1-a439-00145eb45e9a,MO,Tropicos,30,02,SABANA DE LA MAR,093002,874cf346affffff
urn:catalog:MO:Tropicos:2510114,1259831515,Amyris metopioides,Amyris metopioides Zanoni & M.M.Mejía,Rutaceae,Amyris,SPECIES,PRESERVED_SPECIMEN,1985-08-06,1985,-69.5,19,NA,7bd65a7a-f762-11e1-a439-00145eb45e9a,MO,Tropicos,30,02,SABANA DE LA MAR,093002,874cf37a1ffffff
urn:catalog:MO:Tropicos:2565908,1259893171,Cordia fitchii,Cordia fitchii Urb.,Cordiaceae,Cordia,SPECIES,PRESERVED_SPECIMEN,1930,1930,-69.592896,19.043945,NA,7bd65a7a-f762-11e1-a439-00145eb45e9a,MO,Tropicos,30,02,SABANA DE LA MAR,093002,874cf34e9ffffff
urn:catalog:MO:Tropicos:2574825,1259903010,Vandellia diffusa,Lindernia diffusa (L.) Wettst.,Linderniaceae,Vandellia,SPECIES,PRESERVED_SPECIMEN,1986-02-21,1986,-69.5,19,NA,7bd65a7a-f762-11e1-a439-00145eb45e9a,MO,Tropicos,30,02,SABANA DE LA MAR,093002,874cf37a1ffffff
urn:catalog:MO:Tropicos:2575309,1259903595,Isidorea veris,Isidorea veris Ekman ex Aiello & Borhidi,Rubiaceae,Isidorea,SPECIES,PRESERVED_SPECIMEN,1997-01-27,1997,-69.5,19.009722,NA,7bd65a7a-f762-11e1-a439-00145eb45e9a,MO,Tropicos,30,02,SABANA DE LA MAR,093002,874cf37a1ffffff
urn:catalog:MO:Tropicos:258096,4061605621,Casearia Jacq.,Casearia Jacq.,Salicaceae,Casearia,GENUS,PRESERVED_SPECIMEN,1993-05-01,1993,-69.5,19.08333,NA,e053ff53-c156-4e2e-b9b5-4462e9625424,,Tropicos,30,02,SABANA DE LA MAR,093002,874cf346affffff
urn:catalog:MO:Tropicos:2586899,1259916388,Borreria remota,Borreria remota (Lam.) Bacigalupo & E.L.Cabral,Rubiaceae,Borreria,SPECIES,PRESERVED_SPECIMEN,1997-01-28,1997,-69.46666,19.06666,NA,7bd65a7a-f762-11e1-a439-00145eb45e9a,MO,Tropicos,30,02,SABANA DE LA MAR,093002,874cf3736ffffff
urn:catalog:MO:Tropicos:264444,1259980067,Rhynchospora holoschoenoides,Rhynchospora holoschoenoides (Rich.) Herter,Cyperaceae,Rhynchospora,SPECIES,PRESERVED_SPECIMEN,1988-06-14,1988,-69.46666,18.96666,NA,7bd65a7a-f762-11e1-a439-00145eb45e9a,MO,Tropicos,30,02,SABANA DE LA MAR,093002,874cf37a9ffffff
urn:catalog:MO:Tropicos:264455,1259980191,Fimbristylis littoralis,Fimbristylis littoralis Gaudich.,Cyperaceae,Fimbristylis,SPECIES,PRESERVED_SPECIMEN,1988-06-15,1988,-69.23333,19,NA,7bd65a7a-f762-11e1-a439-00145eb45e9a,MO,Tropicos,30,02,SABANA DE LA MAR,093002,874cf30c9ffffff
urn:catalog:MO:Tropicos:305566,4061942662,Combretum Loefl.,Combretum Loefl.,Combretaceae,Combretum,GENUS,PRESERVED_SPECIMEN,1993-05-01,1993,-69.5,19.08333,NA,e053ff53-c156-4e2e-b9b5-4462e9625424,,Tropicos,30,02,SABANA DE LA MAR,093002,874cf346affffff
urn:catalog:MO:Tropicos:309026,4061605662,Eugenia P.Micheli ex L.,Eugenia P.Micheli ex L.,Myrtaceae,Eugenia,GENUS,PRESERVED_SPECIMEN,1993-05-01,1993,-69.5,19.08333,NA,e053ff53-c156-4e2e-b9b5-4462e9625424,,Tropicos,30,02,SABANA DE LA MAR,093002,874cf346affffff
urn:catalog:MO:Tropicos:309034,4061610655,Myrtaceae Juss.,Myrtaceae Juss.,Myrtaceae,,FAMILY,PRESERVED_SPECIMEN,1993-05-01,1993,-69.5,19.08333,NA,e053ff53-c156-4e2e-b9b5-4462e9625424,,Tropicos,30,02,SABANA DE LA MAR,093002,874cf346affffff
urn:catalog:MO:Tropicos:309048,4061605663,Eugenia P.Micheli ex L.,Eugenia P.Micheli ex L.,Myrtaceae,Eugenia,GENUS,PRESERVED_SPECIMEN,1993-05-01,1993,-69.5,19.08333,NA,e053ff53-c156-4e2e-b9b5-4462e9625424,,Tropicos,30,02,SABANA DE LA MAR,093002,874cf346affffff
urn:catalog:MO:Tropicos:3288852,1260690161,Casearia arborea,Casearia arborea (Rich.) Urb.,Salicaceae,Casearia,SPECIES,PRESERVED_SPECIMEN,1994-12-15,1994,-69.15,18.91666,NA,7bd65a7a-f762-11e1-a439-00145eb45e9a,MO,Tropicos,30,02,SABANA DE LA MAR,093002,874cf338affffff
urn:catalog:MO:Tropicos:3357566,1260766450,Didymoglossum krausii,Trichomanes krausii Hook. & Grev.,Hymenophyllaceae,Didymoglossum,SPECIES,PRESERVED_SPECIMEN,1997-01-28,1997,-69.483333,19.066667,NA,7bd65a7a-f762-11e1-a439-00145eb45e9a,MO,Tropicos,30,02,SABANA DE LA MAR,093002,874cf344dffffff
urn:catalog:MO:Tropicos:340404,1260817799,Ludwigia octovalvis,Ludwigia octovalvis (Jacq.) P.H.Raven,Onagraceae,Ludwigia,SPECIES,PRESERVED_SPECIMEN,1988-06-15,1988,-69.23333,19,NA,7bd65a7a-f762-11e1-a439-00145eb45e9a,MO,Tropicos,30,02,SABANA DE LA MAR,093002,874cf30c9ffffff
urn:catalog:MO:Tropicos:3406092,1260820091,Miconia mirabilis,Miconia mirabilis (Aubl.) L.O.Williams,Melastomataceae,Miconia,SPECIES,PRESERVED_SPECIMEN,1990-06-27,1990,-69.15,18.91666,NA,7bd65a7a-f762-11e1-a439-00145eb45e9a,MO,Tropicos,30,02,SABANA DE LA MAR,093002,874cf338affffff
urn:catalog:MO:Tropicos:340889,1260823140,Dendropanax arboreus,Dendropanax arboreus (L.) Decne. & Planch.,Araliaceae,Dendropanax,SPECIES,PRESERVED_SPECIMEN,1988-06-14,1988,-69.46666,18.96666,NA,7bd65a7a-f762-11e1-a439-00145eb45e9a,MO,Tropicos,30,02,SABANA DE LA MAR,093002,874cf37a9ffffff
urn:catalog:MO:Tropicos:340896,1260823170,Dendropanax arboreus,Dendropanax arboreus (L.) Decne. & Planch.,Araliaceae,Dendropanax,SPECIES,PRESERVED_SPECIMEN,1988-06-15,1988,-69.23333,19,NA,7bd65a7a-f762-11e1-a439-00145eb45e9a,MO,Tropicos,30,02,SABANA DE LA MAR,093002,874cf30c9ffffff
urn:catalog:MO:Tropicos:340967,4061569679,Dendropanax arboreus,Dendropanax arboreus (L.) Decne. & Planch.,Araliaceae,Dendropanax,SPECIES,PRESERVED_SPECIMEN,1993-05-01,1993,-69.5,19.08333,NA,e053ff53-c156-4e2e-b9b5-4462e9625424,,Tropicos,30,02,SABANA DE LA MAR,093002,874cf346affffff
urn:catalog:MO:Tropicos:3411482,1260826033,Guarea glabra,Guarea glabra Vahl,Meliaceae,Guarea,SPECIES,PRESERVED_SPECIMEN,1986-02-20,1986,-69.5,19,NA,7bd65a7a-f762-11e1-a439-00145eb45e9a,MO,Tropicos,30,02,SABANA DE LA MAR,093002,874cf37a1ffffff
urn:catalog:MO:Tropicos:354963,1260978446,Anthurium scandens,Anthurium scandens subsp. scandens,Araceae,Anthurium,SUBSPECIES,PRESERVED_SPECIMEN,1988-06-14,1988,-69.466667,18.966667,NA,7bd65a7a-f762-11e1-a439-00145eb45e9a,MO,Tropicos,30,02,SABANA DE LA MAR,093002,874cf37a9ffffff
urn:catalog:MO:Tropicos:363281,1261061546,Dieffenbachia seguine,Dieffenbachia seguine (Jacq.) Schott,Araceae,Dieffenbachia,SPECIES,PRESERVED_SPECIMEN,1988-06-14,1988,-69.46666,18.96666,NA,7bd65a7a-f762-11e1-a439-00145eb45e9a,MO,Tropicos,30,02,SABANA DE LA MAR,093002,874cf37a9ffffff
urn:catalog:MO:Tropicos:375733,1261074416,Anthurium crenatum,Anthurium crenatum (L.) Kunth,Araceae,Anthurium,SPECIES,PRESERVED_SPECIMEN,,NA,-69.46666,18.96666,NA,e053ff53-c156-4e2e-b9b5-4462e9625424,JBSD,Tropicos,30,02,SABANA DE LA MAR,093002,874cf37a9ffffff
urn:catalog:MO:Tropicos:399595,4060866728,Theophrasta L.,Theophrasta L.,Primulaceae,Theophrasta,GENUS,PRESERVED_SPECIMEN,1993-05-02,1993,-69.5,19.08333,NA,e053ff53-c156-4e2e-b9b5-4462e9625424,,Tropicos,30,02,SABANA DE LA MAR,093002,874cf346affffff
urn:catalog:MO:Tropicos:401502,4060870691,Ardisia Sw.,Ardisia Sw.,Primulaceae,Ardisia,GENUS,PRESERVED_SPECIMEN,1993-05-01,1993,-69.5,19.08333,NA,e053ff53-c156-4e2e-b9b5-4462e9625424,,Tropicos,30,02,SABANA DE LA MAR,093002,874cf346affffff
urn:catalog:MO:Tropicos:406488,4060875682,Sapotaceae Juss.,Sapotaceae Juss.,Sapotaceae,,FAMILY,PRESERVED_SPECIMEN,1993-05-01,1993,-69.5,19.08333,NA,e053ff53-c156-4e2e-b9b5-4462e9625424,,Tropicos,30,02,SABANA DE LA MAR,093002,874cf346affffff
urn:catalog:MO:Tropicos:406491,4060870694,Sapotaceae Juss.,Sapotaceae Juss.,Sapotaceae,,FAMILY,PRESERVED_SPECIMEN,1993-05-02,1993,-69.5,19.08333,NA,e053ff53-c156-4e2e-b9b5-4462e9625424,,Tropicos,30,02,SABANA DE LA MAR,093002,874cf346affffff
urn:catalog:MO:Tropicos:40921,1261109730,Adiantum tenerum,Adiantum tenerum Sw.,Pteridaceae,Adiantum,SPECIES,PRESERVED_SPECIMEN,1988-06-14,1988,-69.46666,18.96666,NA,7bd65a7a-f762-11e1-a439-00145eb45e9a,MO,Tropicos,30,02,SABANA DE LA MAR,093002,874cf37a9ffffff
urn:catalog:MO:Tropicos:40951,1261110057,Pityrogramma calomelanos,Pityrogramma calomelanos (L.) Link,Pteridaceae,Pityrogramma,SPECIES,PRESERVED_SPECIMEN,1988-06-15,1988,-69.23333,19,NA,7bd65a7a-f762-11e1-a439-00145eb45e9a,MO,Tropicos,30,02,SABANA DE LA MAR,093002,874cf30c9ffffff
urn:catalog:MO:Tropicos:432041,4060875710,Convolvulaceae Juss.,Convolvulaceae Juss.,Convolvulaceae,,FAMILY,PRESERVED_SPECIMEN,1993-05-02,1993,-69.5,19.08333,NA,e053ff53-c156-4e2e-b9b5-4462e9625424,,Tropicos,30,02,SABANA DE LA MAR,093002,874cf346affffff
urn:catalog:MO:Tropicos:43868,4060863319,Zamia L.,Zamia L.,Zamiaceae,Zamia,GENUS,PRESERVED_SPECIMEN,1993-05-02,1993,-69.5,19.08333,NA,e053ff53-c156-4e2e-b9b5-4462e9625424,,Tropicos,30,02,SABANA DE LA MAR,093002,874cf346affffff
urn:catalog:MO:Tropicos:446248,1261149357,Lantana camara,Lantana camara L.,Verbenaceae,Lantana,SPECIES,PRESERVED_SPECIMEN,1988-06-14,1988,-69.46666,18.96666,NA,7bd65a7a-f762-11e1-a439-00145eb45e9a,MO,Tropicos,30,02,SABANA DE LA MAR,093002,874cf37a9ffffff
urn:catalog:MO:Tropicos:446255,1261149355,Stachytarpheta cayennensis,Stachytarpheta cayennensis (Rich.) Vahl,Verbenaceae,Stachytarpheta,SPECIES,PRESERVED_SPECIMEN,1988-06-15,1988,-69.23333,19,NA,7bd65a7a-f762-11e1-a439-00145eb45e9a,MO,Tropicos,30,02,SABANA DE LA MAR,093002,874cf30c9ffffff
urn:catalog:MO:Tropicos:456548,1262239410,Solanum torvum,Solanum torvum Sw.,Solanaceae,Solanum,SPECIES,PRESERVED_SPECIMEN,1988-06-15,1988,-69.23333,19,NA,7bd65a7a-f762-11e1-a439-00145eb45e9a,MO,Tropicos,30,02,SABANA DE LA MAR,093002,874cf30c9ffffff
urn:catalog:MO:Tropicos:484220,4061433843,Jacaranda Juss.,Jacaranda Juss.,Bignoniaceae,Jacaranda,GENUS,PRESERVED_SPECIMEN,1993-05-01,1993,-69.5,19.08333,NA,e053ff53-c156-4e2e-b9b5-4462e9625424,,Tropicos,30,02,SABANA DE LA MAR,093002,874cf346affffff
urn:catalog:MO:Tropicos:484233,1261189725,Spirotecoma (Baill.) Dalla Torre & Harms,Spirotecoma (Baill.) Dalla Torre & Harms,Bignoniaceae,Spirotecoma,GENUS,PRESERVED_SPECIMEN,1993-05-01,1993,-69.5,19.08333,NA,7bd65a7a-f762-11e1-a439-00145eb45e9a,MO,Tropicos,30,02,SABANA DE LA MAR,093002,874cf346affffff
urn:catalog:MO:Tropicos:484247,4061610810,Dolichandra unguis-cati,Macfadyena unguis-cati (L.) A.H.Gentry,Bignoniaceae,Dolichandra,SPECIES,PRESERVED_SPECIMEN,1993-05-02,1993,-69.5,19.08333,NA,e053ff53-c156-4e2e-b9b5-4462e9625424,,Tropicos,30,02,SABANA DE LA MAR,093002,874cf346affffff
urn:catalog:MO:Tropicos:484256,4061469863,Bignonia aequinoctialis,Cydista aequinoctialis (L.) Miers,Bignoniaceae,Bignonia,SPECIES,PRESERVED_SPECIMEN,1993-05-02,1993,-69.5,19.08333,NA,e053ff53-c156-4e2e-b9b5-4462e9625424,,Tropicos,30,02,SABANA DE LA MAR,093002,874cf346affffff
urn:catalog:MO:Tropicos:484295,4060866829,Tabebuia Gomes,Tabebuia Gomes,Bignoniaceae,Tabebuia,GENUS,PRESERVED_SPECIMEN,1993-05-01,1993,-69.5,19.08333,NA,e053ff53-c156-4e2e-b9b5-4462e9625424,,Tropicos,30,02,SABANA DE LA MAR,093002,874cf346affffff
urn:catalog:MO:Tropicos:51459,4061610321,Lauraceae Juss.,Lauraceae Juss.,Lauraceae,,FAMILY,PRESERVED_SPECIMEN,1993-05-01,1993,-69.5,19.08333,NA,e053ff53-c156-4e2e-b9b5-4462e9625424,,Tropicos,30,02,SABANA DE LA MAR,093002,874cf346affffff
urn:catalog:MO:Tropicos:51508,4060875315,Lauraceae Juss.,Lauraceae Juss.,Lauraceae,,FAMILY,PRESERVED_SPECIMEN,1993-05-01,1993,-69.5,19.08333,NA,e053ff53-c156-4e2e-b9b5-4462e9625424,,Tropicos,30,02,SABANA DE LA MAR,093002,874cf346affffff
urn:catalog:MO:Tropicos:51514,4061610322,Lauraceae Juss.,Lauraceae Juss.,Lauraceae,,FAMILY,PRESERVED_SPECIMEN,1993-05-02,1993,-69.5,19.08333,NA,e053ff53-c156-4e2e-b9b5-4462e9625424,,Tropicos,30,02,SABANA DE LA MAR,093002,874cf346affffff
urn:catalog:MO:Tropicos:51522,4060870319,Lauraceae Juss.,Lauraceae Juss.,Lauraceae,,FAMILY,PRESERVED_SPECIMEN,1993-05-02,1993,-69.5,19.08333,NA,e053ff53-c156-4e2e-b9b5-4462e9625424,,Tropicos,30,02,SABANA DE LA MAR,093002,874cf346affffff
urn:catalog:MO:Tropicos:542873,1261253438,Gonzalagunia hirsuta,Gonzalagunia spicata (Lam.) M.Gómez,Rubiaceae,Gonzalagunia,SPECIES,PRESERVED_SPECIMEN,1988-06-14,1988,-69.46666,18.96666,NA,7bd65a7a-f762-11e1-a439-00145eb45e9a,MO,Tropicos,30,02,SABANA DE LA MAR,093002,874cf37a9ffffff
urn:catalog:MO:Tropicos:542881,1261253464,Palicourea pubescens,Palicourea pubescens (Sw.) Borhidi,Rubiaceae,Palicourea,SPECIES,PRESERVED_SPECIMEN,1988-06-14,1988,-69.46666,18.96666,NA,7bd65a7a-f762-11e1-a439-00145eb45e9a,MO,Tropicos,30,02,SABANA DE LA MAR,093002,874cf37a9ffffff
urn:catalog:MO:Tropicos:542889,1261253499,Palicourea domingensis,Palicourea domingensis (Jacq.) DC.,Rubiaceae,Palicourea,SPECIES,PRESERVED_SPECIMEN,1988-06-14,1988,-69.466667,18.966667,NA,7bd65a7a-f762-11e1-a439-00145eb45e9a,MO,Tropicos,30,02,SABANA DE LA MAR,093002,874cf37a9ffffff
urn:catalog:MO:Tropicos:544596,1261255353,Exostema longiflorum,Solenandra longiflora (Lamb.) Paudyal & Delprete,Rubiaceae,Exostema,SPECIES,PRESERVED_SPECIMEN,1988-06-14,1988,-69.466667,18.966667,NA,7bd65a7a-f762-11e1-a439-00145eb45e9a,MO,Tropicos,30,02,SABANA DE LA MAR,093002,874cf37a9ffffff
urn:catalog:MO:Tropicos:550294,4061942918,Cucurbitaceae Juss.,Cucurbitaceae Juss.,Cucurbitaceae,,FAMILY,PRESERVED_SPECIMEN,1993-05-02,1993,-69.5,19.08333,NA,e053ff53-c156-4e2e-b9b5-4462e9625424,,Tropicos,30,02,SABANA DE LA MAR,093002,874cf346affffff
urn:catalog:MO:Tropicos:594188,1261307687,Erechtites valerianifolius,Erechtites valerianifolius (Wolf ex Rchb.) DC.,Asteraceae,Erechtites,SPECIES,PRESERVED_SPECIMEN,1988-06-15,1988,-69.233333,19,NA,7bd65a7a-f762-11e1-a439-00145eb45e9a,MO,Tropicos,30,02,SABANA DE LA MAR,093002,874cf30c9ffffff
urn:catalog:MO:Tropicos:626344,1261342772,Costus spicatus,Costus spicatus (Jacq.) Sw.,Costaceae,Costus,SPECIES,PRESERVED_SPECIMEN,1988-06-14,1988,-69.46666,18.96666,NA,7bd65a7a-f762-11e1-a439-00145eb45e9a,MO,Tropicos,30,02,SABANA DE LA MAR,093002,874cf37a9ffffff
urn:catalog:MO:Tropicos:653758,1261369121,Epidendrum anceps,Epidendrum anceps Jacq.,Orchidaceae,Epidendrum,SPECIES,PRESERVED_SPECIMEN,1988-06-14,1988,-69.46666,18.96666,NA,7bd65a7a-f762-11e1-a439-00145eb45e9a,MO,Tropicos,30,02,SABANA DE LA MAR,093002,874cf37a9ffffff
urn:catalog:MO:Tropicos:686218,4061611163,Piper amalago,Piper medium Jacq.,Piperaceae,Piper,SPECIES,PRESERVED_SPECIMEN,1993-05-01,1993,-69.5,19.08333,NA,e053ff53-c156-4e2e-b9b5-4462e9625424,,Tropicos,30,02,SABANA DE LA MAR,093002,874cf346affffff
urn:catalog:MO:Tropicos:686252,4061570167,Peperomia Ruiz & Pav.,Peperomia Ruiz & Pav.,Piperaceae,Peperomia,GENUS,PRESERVED_SPECIMEN,1993-05-02,1993,-69.5,19.08333,NA,e053ff53-c156-4e2e-b9b5-4462e9625424,,Tropicos,30,02,SABANA DE LA MAR,093002,874cf346affffff
urn:catalog:MO:Tropicos:686814,1261402980,Piper L.,Piper L.,Piperaceae,Piper,GENUS,PRESERVED_SPECIMEN,1988-06-14,1988,-69.46666,18.96666,NA,7bd65a7a-f762-11e1-a439-00145eb45e9a,MO,Tropicos,30,02,SABANA DE LA MAR,093002,874cf37a9ffffff
urn:catalog:MO:Tropicos:686821,1261402992,Piper L.,Piper L.,Piperaceae,Piper,GENUS,PRESERVED_SPECIMEN,1988-06-14,1988,-69.46666,18.96666,NA,7bd65a7a-f762-11e1-a439-00145eb45e9a,MO,Tropicos,30,02,SABANA DE LA MAR,093002,874cf37a9ffffff
urn:catalog:MO:Tropicos:714608,4060864230,Ficus L.,Ficus L.,Moraceae,Ficus,GENUS,PRESERVED_SPECIMEN,1993-05-01,1993,-69.5,19.08333,NA,e053ff53-c156-4e2e-b9b5-4462e9625424,,Tropicos,30,02,SABANA DE LA MAR,093002,874cf346affffff
urn:catalog:MO:Tropicos:717072,1261435853,Pilea Lindl.,Pilea Lindl.,Urticaceae,Pilea,GENUS,PRESERVED_SPECIMEN,1988-06-14,1988,-69.46666,18.96666,NA,7bd65a7a-f762-11e1-a439-00145eb45e9a,MO,Tropicos,30,02,SABANA DE LA MAR,093002,874cf37a9ffffff
urn:catalog:MO:Tropicos:717705,4061611314,Urera baccifera,Urera baccifera (L.) Gaudich.,Urticaceae,Urera,SPECIES,PRESERVED_SPECIMEN,1993-05-01,1993,-69.5,19.08333,NA,e053ff53-c156-4e2e-b9b5-4462e9625424,,Tropicos,30,02,SABANA DE LA MAR,093002,874cf346affffff
urn:catalog:MO:Tropicos:728309,4061611332,Olacaceae Juss. ex R.Br.,Olacaceae Juss. ex R.Br.,Olacaceae,,FAMILY,PRESERVED_SPECIMEN,1993-05-01,1993,-69.5,19.08333,NA,e053ff53-c156-4e2e-b9b5-4462e9625424,,Tropicos,30,02,SABANA DE LA MAR,093002,874cf346affffff
urn:catalog:MO:Tropicos:732758,1261452839,Persicaria punctata,Persicaria punctata (Elliott) Small,Polygonaceae,Persicaria,SPECIES,PRESERVED_SPECIMEN,1988-06-15,1988,-69.233333,19,NA,7bd65a7a-f762-11e1-a439-00145eb45e9a,MO,Tropicos,30,02,SABANA DE LA MAR,093002,874cf30c9ffffff
urn:catalog:MO:Tropicos:735774,4061570215,Chamissoa altissima,Chamissoa altissima (Jacq.) Kunth,Amaranthaceae,Chamissoa,SPECIES,PRESERVED_SPECIMEN,1993-05-01,1993,-69.5,19.08333,NA,e053ff53-c156-4e2e-b9b5-4462e9625424,,Tropicos,30,02,SABANA DE LA MAR,093002,874cf346affffff
urn:catalog:MO:Tropicos:7462,1261467289,Adiantum tetraphyllum,Adiantum tetraphyllum Humb. & Bonpl. ex Willd.,Pteridaceae,Adiantum,SPECIES,PRESERVED_SPECIMEN,1988-06-14,1988,-69.46666,18.96666,NA,7bd65a7a-f762-11e1-a439-00145eb45e9a,MO,Tropicos,30,02,SABANA DE LA MAR,093002,874cf37a9ffffff
urn:catalog:MO:Tropicos:7471,1261468196,Adiantum pyramidale,Adiantum pyramidale (L.) Willd.,Pteridaceae,Adiantum,SPECIES,PRESERVED_SPECIMEN,1988-06-14,1988,-69.46666,18.96666,NA,7bd65a7a-f762-11e1-a439-00145eb45e9a,MO,Tropicos,30,02,SABANA DE LA MAR,093002,874cf37a9ffffff
urn:catalog:MO:Tropicos:7480,1261469129,Meniscium reticulatum,Thelypteris reticulata (L.) Proctor,Thelypteridaceae,Meniscium,SPECIES,PRESERVED_SPECIMEN,1988-06-14,1988,-69.46666,18.96666,NA,7bd65a7a-f762-11e1-a439-00145eb45e9a,MO,Tropicos,30,02,SABANA DE LA MAR,093002,874cf37a9ffffff
urn:catalog:MO:Tropicos:748576,1261469752,Cissampelos pareira,Cissampelos pareira L.,Menispermaceae,Cissampelos,SPECIES,PRESERVED_SPECIMEN,1988-06-14,1988,-69.46666,18.96666,NA,7bd65a7a-f762-11e1-a439-00145eb45e9a,MO,Tropicos,30,02,SABANA DE LA MAR,093002,874cf37a9ffffff
urn:catalog:MO:Tropicos:7498,1261471072,Campyloneurum phyllitidis,Campyloneurum phyllitidis (L.) C.Presl,Polypodiaceae,Campyloneurum,SPECIES,PRESERVED_SPECIMEN,1988-06-15,1988,-69.233333,19,NA,7bd65a7a-f762-11e1-a439-00145eb45e9a,MO,Tropicos,30,02,SABANA DE LA MAR,093002,874cf30c9ffffff
urn:catalog:MO:Tropicos:758188,4060870254,Oxandra A.Rich.,Oxandra A.Rich.,Annonaceae,Oxandra,GENUS,PRESERVED_SPECIMEN,1993-05-01,1993,-69.5,19.08333,NA,e053ff53-c156-4e2e-b9b5-4462e9625424,,Tropicos,30,02,SABANA DE LA MAR,093002,874cf346affffff
urn:catalog:MO:Tropicos:772727,1261495390,Plantae,Plantae,,,KINGDOM,PRESERVED_SPECIMEN,1988-06-15,1988,-69.23333,19,NA,7bd65a7a-f762-11e1-a439-00145eb45e9a,MO,Tropicos,30,02,SABANA DE LA MAR,093002,874cf30c9ffffff
urn:catalog:MO:Tropicos:788538,4061485334,Plantae,Plantae,,,KINGDOM,PRESERVED_SPECIMEN,1993-05-01,1993,-69.5,19.08333,NA,e053ff53-c156-4e2e-b9b5-4462e9625424,,Tropicos,30,02,SABANA DE LA MAR,093002,874cf346affffff
urn:catalog:MO:Tropicos:82163,4061942375,Entada gigas,Entada gigas (L.) Fawc. & Rendle,Fabaceae,Entada,SPECIES,PRESERVED_SPECIMEN,1993-05-01,1993,-69.5,19.08333,NA,e053ff53-c156-4e2e-b9b5-4462e9625424,,Tropicos,30,02,SABANA DE LA MAR,093002,874cf346affffff
urn:catalog:MO:Tropicos:82197,4060866365,Inga Mill.,Inga Mill.,Fabaceae,Inga,GENUS,PRESERVED_SPECIMEN,1993-05-01,1993,-69.5,19.08333,NA,e053ff53-c156-4e2e-b9b5-4462e9625424,,Tropicos,30,02,SABANA DE LA MAR,093002,874cf346affffff
urn:catalog:MO:Tropicos:82212,4060870357,Inga vera,Inga vera Willd.,Fabaceae,Inga,SPECIES,PRESERVED_SPECIMEN,1993-05-02,1993,-69.5,19.08333,NA,e053ff53-c156-4e2e-b9b5-4462e9625424,,Tropicos,30,02,SABANA DE LA MAR,093002,874cf346affffff
