occurrenceID,gbifID,especie,scientificName,family,genus,taxonRank,basisOfRecord,eventDate,year,decimalLongitude,decimalLatitude,coordinateUncertaintyInMeters,datasetKey,institutionCode,collectionCode,provincia_codigo,municipio_codigo,municipio,id_municipio,hex_id
00253c0c-71e9-4b26-bfdc-febb5b7c110b,1304608093,Solanum erianthum,Solanum erianthum D.Don,Solanaceae,Solanum,SPECIES,OCCURRENCE,1980-07-16,1980,-70.483333,19.783333,NA,07044577-bd82-4089-9f3a-f4a9d2170b2e,Bioversity,,18,07,SOSÚA,011807,874cf2423ffffff
013c084c-b5ec-4569-8cc5-a158f4c330de,1927785173,Coccoloba uvifera,Coccoloba uvifera (L.) L.,Polygonaceae,Coccoloba,SPECIES,PRESERVED_SPECIMEN,1980-07-16,1980,-70.55,19.75,NA,d415c253-4d61-4459-9d25-4015b9084fb0,NY,NY,18,07,SOSÚA,011807,874cf2411ffffff
06613759-f071-4a55-80f7-89f6e2680a93,1927857787,Lantana involucrata,Lantana involucrata L.,Verbenaceae,Lantana,SPECIES,PRESERVED_SPECIMEN,1987-06-26,1987,-70.42,19.75,NA,d415c253-4d61-4459-9d25-4015b9084fb0,NY,NY,18,07,SOSÚA,011807,874cf255affffff
0a24aad7-0aca-4d9f-855a-24c77e533cec,1927910650,Gouania polygama,Gouania polygama (Jacq.) Urb.,Rhamnaceae,Gouania,SPECIES,PRESERVED_SPECIMEN,1983-11-11,1983,-70.47,19.73,NA,d415c253-4d61-4459-9d25-4015b9084fb0,NY,NY,18,07,SOSÚA,011807,874cf2408ffffff
0d876cea-c965-4790-9f78-887ffc1a1049,1927959136,Piper marginatum,Piper marginatum Jacq.,Piperaceae,Piper,SPECIES,PRESERVED_SPECIMEN,1983-11-11,1983,-70.47,19.73,NA,d415c253-4d61-4459-9d25-4015b9084fb0,NY,NY,18,07,SOSÚA,011807,874cf2408ffffff
0f10fcd9-79f0-4181-8ecf-3fdceb062d6a,1927980837,Moeroris amara,Phyllanthus amarus Schumach. & Thonn.,Phyllanthaceae,Moeroris,SPECIES,PRESERVED_SPECIMEN,1963-08-01,1963,-70.517189,19.757551,478.57,d415c253-4d61-4459-9d25-4015b9084fb0,NY,NY,18,07,SOSÚA,011807,874cf2402ffffff
102b7fcb-5f1d-4e1f-8a37-9be11136ee0a,1457749257,Celtis iguanaea,Celtis iguanaea (Jacq.) Sarg.,Cannabaceae,Celtis,SPECIES,PRESERVED_SPECIMEN,1998-04-01,1998,-70.416667,19.708333,NA,b89d52a2-861d-4388-adad-c0da3d55fc78,UF,,18,07,SOSÚA,011807,874cf2473ffffff
11721362-fe03-4023-bcdc-9503a358b1ae,1928013367,Scaevola plumieri,Scaevola plumieri (L.) Vahl,Goodeniaceae,Scaevola,SPECIES,PRESERVED_SPECIMEN,1984-05-08,1984,-70.47,19.78,NA,d415c253-4d61-4459-9d25-4015b9084fb0,NY,NY,18,07,SOSÚA,011807,874cf242effffff
167ead32-d1aa-4775-b82f-10357d439b33,4079747510,Erechtites hieraciifolius,Erechtites hieraciifolius (L.) Raf. ex DC.,Asteraceae,Erechtites,SPECIES,PRESERVED_SPECIMEN,2000-04-02,2000,-70.475,19.716497,64,3b040a48-deae-485c-95b1-2ac80b7fdc54,IIBZ,USD,18,07,SOSÚA,011807,874cf2408ffffff
1f1e6da0-6386-4876-adb8-8da8e4db6438,4079747413,Tillandsia schiedeana,Tillandsia schiedeana Steud.,Bromeliaceae,Tillandsia,SPECIES,PRESERVED_SPECIMEN,1999-01-20,1999,-70.475,19.716497,64,3b040a48-deae-485c-95b1-2ac80b7fdc54,IIBZ,USD,18,07,SOSÚA,011807,874cf2408ffffff
21c1ce88-ff21-4289-ac24-8e6a028f69eb,1928247148,Gesneria cubensis,Gesneria cubensis (Decne.) Baill.,Gesneriaceae,Gesneria,SPECIES,PRESERVED_SPECIMEN,1983-11-11,1983,-70.47,19.73,NA,d415c253-4d61-4459-9d25-4015b9084fb0,NY,NY,18,07,SOSÚA,011807,874cf2408ffffff
2467fcde-be4f-41ef-b194-52bb9ecc6ae5,4079747600,Neurolaena lobata,Neurolaena lobata (L.) R.Br.,Asteraceae,Neurolaena,SPECIES,PRESERVED_SPECIMEN,1999-03-01,1999,-70.475,19.716497,64,3b040a48-deae-485c-95b1-2ac80b7fdc54,IIBZ,USD,18,07,SOSÚA,011807,874cf2408ffffff
2519073b-75d0-4c2b-8763-d93491715824,4079748048,Eugenia P.Micheli ex L.,Eugenia P.Micheli ex L.,Myrtaceae,Eugenia,GENUS,PRESERVED_SPECIMEN,1999-03-01,1999,-70.453333,19.753333,NA,3b040a48-deae-485c-95b1-2ac80b7fdc54,IIBZ,USD,18,07,SOSÚA,011807,874cf242bffffff
29650553-d5ef-48f2-8e89-01e62638eabf,4079747587,Mikania micrantha,Mikania micrantha Kunth,Asteraceae,Mikania,SPECIES,PRESERVED_SPECIMEN,1999-01-20,1999,-70.475,19.716497,64,3b040a48-deae-485c-95b1-2ac80b7fdc54,IIBZ,USD,18,07,SOSÚA,011807,874cf2408ffffff
2a1beb9b-155d-49f9-9792-26d47437f698,1928364768,Piper aduncum,Piper aduncum L.,Piperaceae,Piper,SPECIES,PRESERVED_SPECIMEN,1983-11-11,1983,-70.47,19.73,NA,d415c253-4d61-4459-9d25-4015b9084fb0,NY,NY,18,07,SOSÚA,011807,874cf2408ffffff
2b292db7-e912-40ea-a2b6-2ac81e587f0f,1928380286,Stemodia durantifolia,Stemodia durantifolia (L.) Sw.,Plantaginaceae,Stemodia,SPECIES,PRESERVED_SPECIMEN,1992-11-16,1992,-70.38,19.7,NA,d415c253-4d61-4459-9d25-4015b9084fb0,NY,NY,18,07,SOSÚA,011807,874cf2444ffffff
2e89b50d-d76c-4458-bc05-0020b1705bff,4079748195,Dalbergia monetaria,Dalbergia ovalis (L.) P.L.R.Moraes & L.P.Queiroz,Fabaceae,Dalbergia,SPECIES,PRESERVED_SPECIMEN,1999-01-19,1999,-70.431875,19.720461,3857,3b040a48-deae-485c-95b1-2ac80b7fdc54,IIBZ,USD,18,07,SOSÚA,011807,874cf2472ffffff
2f018549-f05a-4fd4-89ca-4d22fd61494f,1928433210,Laguncularia racemosa,Laguncularia racemosa (L.) C.F.Gaertn.,Combretaceae,Laguncularia,SPECIES,PRESERVED_SPECIMEN,1980-07-16,1980,-70.55,19.75,NA,d415c253-4d61-4459-9d25-4015b9084fb0,NY,NY,18,07,SOSÚA,011807,874cf2411ffffff
305c28fc-9757-4d75-9b29-68cba6683765,4079747563,Eugenia monticola,Eugenia monticola (Sw.) DC.,Myrtaceae,Eugenia,SPECIES,PRESERVED_SPECIMEN,1999-03-11,1999,-70.455,19.735,NA,3b040a48-deae-485c-95b1-2ac80b7fdc54,IIBZ,USD,18,07,SOSÚA,011807,874cf240dffffff
361ba13f-45fe-440c-b71d-cca6293b8f17,5896890340,Stigmaphyllon bannisterioides,Stigmaphyllon bannisterioides (L.) C.E.Anderson,Malpighiaceae,Stigmaphyllon,SPECIES,PRESERVED_SPECIMEN,1992-11-16,1992,-70.383333,19.7,NA,b89d52a2-861d-4388-adad-c0da3d55fc78,UF,,18,07,SOSÚA,011807,874cf2444ffffff
37032f5a-7b74-4f37-b9b7-0e633441690f,4079747810,Centrosema pubescens,Centrosema pubescens Benth.,Fabaceae,Centrosema,SPECIES,PRESERVED_SPECIMEN,2000-04-02,2000,-70.428276,19.684864,858,3b040a48-deae-485c-95b1-2ac80b7fdc54,IIBZ,USD,18,07,SOSÚA,011807,874cf2455ffffff
37ca218b-fe46-4c90-bad4-d469efbf067c,4079747799,Bidens cynapiifolia,Bidens cynapiifolia Kunth,Asteraceae,Bidens,SPECIES,PRESERVED_SPECIMEN,2000-04-02,2000,-70.475,19.716497,64,3b040a48-deae-485c-95b1-2ac80b7fdc54,IIBZ,USD,18,07,SOSÚA,011807,874cf2408ffffff
385c825d-6450-4928-a058-90665f25de01,4079747931,Chamaecrista diphylla,Chamaecrista diphylla (L.) Greene,Fabaceae,Chamaecrista,SPECIES,PRESERVED_SPECIMEN,1999-03-01,1999,-70.426802,19.749685,1998,3b040a48-deae-485c-95b1-2ac80b7fdc54,IIBZ,USD,18,07,SOSÚA,011807,874cf2429ffffff
39fef55b-2d1f-4b55-bd39-200eccfb248e,1928588344,Cinnamodendron ekmanii,Cinnamodendron ekmanii Sleumer,Canellaceae,Cinnamodendron,SPECIES,PRESERVED_SPECIMEN,1992-11-16,1992,-70.43,19.75,NA,d415c253-4d61-4459-9d25-4015b9084fb0,NY,NY,18,07,SOSÚA,011807,874cf2429ffffff
3D320CCD-F1DC-415E-9AF1-654F9C6BD15C,153278183,Lippia L.,Lippia L.,Verbenaceae,Lippia,GENUS,PRESERVED_SPECIMEN,1984-05-08,1984,-70.4667,19.7833,NA,832cb04e-f762-11e1-a439-00145eb45e9a,FTG,Herbarium,18,07,SOSÚA,011807,874cf2421ffffff
3fa2d556-2324-478f-b55f-23d360e49fe6,2270467581,Eugenia pseudopsidium,Eugenia pseudopsidium Jacq.,Myrtaceae,Eugenia,SPECIES,PRESERVED_SPECIMEN,1991-01-24,1991,-70.5333,19.75,NA,e05fd4c2-4d77-4c50-880e-1b22096af300,ASU,Plants,18,07,SOSÚA,011807,874cf2411ffffff
48291199-e716-4014-bf0a-d87eb7a7f633,4079747775,Pluchea carolinensis,Pluchea carolinensis (Jacq.) G.Don,Asteraceae,Pluchea,SPECIES,PRESERVED_SPECIMEN,1999-03-03,1999,-70.463199,19.738218,281,3b040a48-deae-485c-95b1-2ac80b7fdc54,IIBZ,USD,18,07,SOSÚA,011807,874cf240cffffff
49ddc04d-d8f1-40bb-b1f8-41a84ae3cda3,4079747363,Rhynchosia phaseoloides,Rhynchosia phaseoloides (Sw.) DC.,Fabaceae,Rhynchosia,SPECIES,PRESERVED_SPECIMEN,1999-03-02,1999,-70.431875,19.720461,3857,3b040a48-deae-485c-95b1-2ac80b7fdc54,IIBZ,USD,18,07,SOSÚA,011807,874cf2472ffffff
4b5a71d4-a339-4b12-b056-770d6864dde1,1457769572,Exothea paniculata,Exothea paniculata (Juss.) Radlk.,Sapindaceae,Exothea,SPECIES,PRESERVED_SPECIMEN,1998-04-01,1998,-70.416667,19.708333,NA,b89d52a2-861d-4388-adad-c0da3d55fc78,UF,,18,07,SOSÚA,011807,874cf2473ffffff
4fa21067-16dd-40f0-820d-6d4d88463da9,1928894060,Dodonaea viscosa,Dodonaea viscosa subsp. viscosa,Sapindaceae,Dodonaea,SUBSPECIES,PRESERVED_SPECIMEN,1987-06-26,1987,-70.42,19.75,NA,d415c253-4d61-4459-9d25-4015b9084fb0,NY,NY,18,07,SOSÚA,011807,874cf255affffff
5136265b-8363-488c-aa67-898d31dc0eeb,1928916177,Rhizophora mangle,Rhizophora mangle L.,Rhizophoraceae,Rhizophora,SPECIES,PRESERVED_SPECIMEN,1980-07-16,1980,-70.55,19.75,NA,d415c253-4d61-4459-9d25-4015b9084fb0,NY,NY,18,07,SOSÚA,011807,874cf2411ffffff
513b4b53-dd9e-4cdf-ad21-3a8626b8e011,4079747359,Rhynchosia pyramidalis,Rhynchosia pyramidalis (Lam.) Urb.,Fabaceae,Rhynchosia,SPECIES,PRESERVED_SPECIMEN,1954-08-19,1954,-70.431875,19.720461,4020,3b040a48-deae-485c-95b1-2ac80b7fdc54,IIBZ,USD,18,07,SOSÚA,011807,874cf2472ffffff
516b9e87-2561-47f9-bbc5-0a4ebe0c6425,4079747828,Clitoria falcata,Clitoria falcata Lam.,Fabaceae,Clitoria,SPECIES,PRESERVED_SPECIMEN,1999-01-20,1999,-70.431517,19.723746,4151,3b040a48-deae-485c-95b1-2ac80b7fdc54,IIBZ,USD,18,07,SOSÚA,011807,874cf2472ffffff
5654405f-5084-442b-ae8c-87d29350d5ee,4079747631,Eugenia monticola,Eugenia monticola (Sw.) DC.,Myrtaceae,Eugenia,SPECIES,PRESERVED_SPECIMEN,1999-01-20,1999,-70.471667,19.736667,NA,3b040a48-deae-485c-95b1-2ac80b7fdc54,IIBZ,USD,18,07,SOSÚA,011807,874cf240cffffff
5659c618-cc98-4023-96c0-b90212803e95,1928988488,Ernodea littoralis,Ernodea littoralis Sw.,Rubiaceae,Ernodea,SPECIES,PRESERVED_SPECIMEN,1987-06-26,1987,-70.42,19.75,NA,d415c253-4d61-4459-9d25-4015b9084fb0,NY,NY,18,07,SOSÚA,011807,874cf255affffff
579fe6fb-ba7b-413a-bb0f-7f301ee52a80,4079747566,Myrcia chytraculia,Myrcia chytraculia var. zuzygium (L.) G.P.Burton & E.Lucas,Myrtaceae,Myrcia,VARIETY,PRESERVED_SPECIMEN,1999-03-15,1999,-70.468333,19.733333,NA,3b040a48-deae-485c-95b1-2ac80b7fdc54,IIBZ,USD,18,07,SOSÚA,011807,874cf240cffffff
5C197EB0-F2E5-4378-B17F-9032AEDBDB48,122974681,Morinda citrifolia,Morinda citrifolia L.,Rubiaceae,Morinda,SPECIES,PRESERVED_SPECIMEN,1980-07-16,1980,-70.55,19.75,NA,832cb04e-f762-11e1-a439-00145eb45e9a,FTG,Herbarium,18,07,SOSÚA,011807,874cf2411ffffff
5b425137-8b58-4e87-8e22-e6f769f88e34,1929058218,Philodendron consanguineum,Philodendron consanguineum Schott,Araceae,Philodendron,SPECIES,PRESERVED_SPECIMEN,1983-11-11,1983,-70.47,19.73,NA,d415c253-4d61-4459-9d25-4015b9084fb0,NY,NY,18,07,SOSÚA,011807,874cf2408ffffff
5bd911d5-2874-40ed-9b50-852eb9bdedd2,4079747864,Teramnus labialis,Teramnus labialis (L.f.) Spreng.,Fabaceae,Teramnus,SPECIES,PRESERVED_SPECIMEN,1999-01-20,1999,-70.431875,19.720461,3857,3b040a48-deae-485c-95b1-2ac80b7fdc54,IIBZ,USD,18,07,SOSÚA,011807,874cf2472ffffff
5ccc01b3-a266-4426-9fc7-3a01a8e4390e,1929079200,Ficus crocata,Ficus crocata (Miq.) Mart. ex Miq.,Moraceae,Ficus,SPECIES,PRESERVED_SPECIMEN,1984-02-15,1984,-70.47,19.73,NA,d415c253-4d61-4459-9d25-4015b9084fb0,NY,NY,18,07,SOSÚA,011807,874cf2408ffffff
5cf7a772-c97b-48ad-a88a-bc4c66830545,4079748040,Indigofera subulata,Indigofera subulata var. scabra (Roth) Meikle,Fabaceae,Indigofera,VARIETY,PRESERVED_SPECIMEN,1999-01-19,1999,-70.426802,19.749685,1998,3b040a48-deae-485c-95b1-2ac80b7fdc54,IIBZ,USD,18,07,SOSÚA,011807,874cf2429ffffff
5d5e2f35-9dc9-4491-a5f4-45e5026aacd8,2573564641,Scirpus Tourn. ex L.,Scirpus Tourn. ex L.,Cyperaceae,Scirpus,GENUS,PRESERVED_SPECIMEN,2004-01-20,2004,-70.3819,19.7164,NA,d415c253-4d61-4459-9d25-4015b9084fb0,NY,NY,18,07,SOSÚA,011807,874cf2462ffffff
5dac309c-d234-4aae-9f54-79f44e1468c5,1929092024,Goniopteris reptans,Thelypteris reptans (J.F.Gmel.) C.V.Morton,Thelypteridaceae,Goniopteris,SPECIES,PRESERVED_SPECIMEN,1983-11-11,1983,-70.47,19.73,NA,d415c253-4d61-4459-9d25-4015b9084fb0,NY,NY,18,07,SOSÚA,011807,874cf2408ffffff
5df05a00-86f0-4a9f-a574-e0a2d3a5e1de,4079747576,Eugenia P.Micheli ex L.,Eugenia P.Micheli ex L.,Myrtaceae,Eugenia,GENUS,PRESERVED_SPECIMEN,1999-03-01,1999,-70.453333,19.753333,NA,3b040a48-deae-485c-95b1-2ac80b7fdc54,IIBZ,USD,18,07,SOSÚA,011807,874cf242bffffff
64155cb7-f7aa-4966-993f-cabcbb9a9b43,1457778007,Chionanthus ligustrinus,Chionanthus ligustrinus (Sw.) Pers.,Oleaceae,Chionanthus,SPECIES,PRESERVED_SPECIMEN,1999-03-12,1999,-70.473333,19.725,NA,b89d52a2-861d-4388-adad-c0da3d55fc78,UF,,18,07,SOSÚA,011807,874cf2408ffffff
6eb4968c-6f8b-4f3c-aafb-58d1f6100e57,4079747694,Pluchea odorata,Pluchea odorata (L.) Cass.,Asteraceae,Pluchea,SPECIES,PRESERVED_SPECIMEN,1999-03-14,1999,-70.465022,19.736558,230,3b040a48-deae-485c-95b1-2ac80b7fdc54,IIBZ,USD,18,07,SOSÚA,011807,874cf240cffffff
723a3362-d01b-4912-8b4f-b9c876d3d67d,1929381495,Goniopteris reptans,Thelypteris reptans (J.F.Gmel.) C.V.Morton,Thelypteridaceae,Goniopteris,SPECIES,PRESERVED_SPECIMEN,1983-11-11,1983,-70.47,19.73,NA,d415c253-4d61-4459-9d25-4015b9084fb0,NY,NY,18,07,SOSÚA,011807,874cf2408ffffff
7305255c-be49-41f1-883e-041a87ebb305,4079747843,Cajanus cajan,Cajanus cajan (L.) Millsp.,Fabaceae,Cajanus,SPECIES,PRESERVED_SPECIMEN,2000-04-02,2000,-70.428276,19.684864,858,3b040a48-deae-485c-95b1-2ac80b7fdc54,IIBZ,USD,18,07,SOSÚA,011807,874cf2455ffffff
758fdeaf-3570-49e2-ac0a-22cbfed6f11d,4079747559,Eugenia monticola,Eugenia monticola (Sw.) DC.,Myrtaceae,Eugenia,SPECIES,PRESERVED_SPECIMEN,1999-03-15,1999,-70.45,19.716667,NA,3b040a48-deae-485c-95b1-2ac80b7fdc54,IIBZ,USD,18,07,SOSÚA,011807,874cf2409ffffff
773c5665-98b2-40fb-923a-37cb19f7e7b0,1929452326,Phyla nodiflora,Phyla nodiflora (L.) Greene,Verbenaceae,Phyla,SPECIES,PRESERVED_SPECIMEN,1984-05-08,1984,-70.47,19.78,NA,d415c253-4d61-4459-9d25-4015b9084fb0,NY,NY,18,07,SOSÚA,011807,874cf242effffff
77c3f98f-ded2-4c51-947d-f2f6aa77cfae,4079747969,Senna siamea,Senna siamea (Lam.) H.S.Irwin & Barneby,Fabaceae,Senna,SPECIES,PRESERVED_SPECIMEN,2000-04-02,2000,-70.428276,19.684864,858,3b040a48-deae-485c-95b1-2ac80b7fdc54,IIBZ,USD,18,07,SOSÚA,011807,874cf2455ffffff
77f1cc97-5ad7-4d9d-889f-ac3a58145f32,4079747643,Melanthera nivea,Melanthera aspera (Jacq.) Rich. ex Spreng.,Asteraceae,Melanthera,SPECIES,PRESERVED_SPECIMEN,1999-03-14,1999,-70.465022,19.736558,230,3b040a48-deae-485c-95b1-2ac80b7fdc54,IIBZ,USD,18,07,SOSÚA,011807,874cf240cffffff
783c087c-8fde-4d6d-88df-77ba39cd73ba,4079747858,Teramnus labialis,Teramnus labialis (L.f.) Spreng.,Fabaceae,Teramnus,SPECIES,PRESERVED_SPECIMEN,2000-04-02,2000,-70.431875,19.720461,3857,3b040a48-deae-485c-95b1-2ac80b7fdc54,IIBZ,USD,18,07,SOSÚA,011807,874cf2472ffffff
81a29742-7f38-4f6a-b5aa-6bc23c3f0723,4079747390,Samanea saman,Samanea saman (Jacq.) Merr.,Fabaceae,Samanea,SPECIES,PRESERVED_SPECIMEN,2000-04-02,2000,-70.428276,19.684864,858,3b040a48-deae-485c-95b1-2ac80b7fdc54,IIBZ,USD,18,07,SOSÚA,011807,874cf2455ffffff
85dd6bb8-db89-4373-9789-00c195a6d37e,4079747564,Eugenia monticola,Eugenia monticola (Sw.) DC.,Myrtaceae,Eugenia,SPECIES,PRESERVED_SPECIMEN,1999-03-11,1999,-70.455,19.735,NA,3b040a48-deae-485c-95b1-2ac80b7fdc54,IIBZ,USD,18,07,SOSÚA,011807,874cf240dffffff
86fe3a4f-dba8-439f-8a2a-9e94600e7ddd,1929674808,Sphagneticola gracilis,Sphagneticola gracilis (Rich.) Pruski,Asteraceae,Sphagneticola,SPECIES,PRESERVED_SPECIMEN,1983-02-21,1983,-70.48,19.75,NA,d415c253-4d61-4459-9d25-4015b9084fb0,NY,NY,18,07,SOSÚA,011807,874cf2401ffffff
89592e89-3c4e-46ae-92d4-4af9e5f87390,1929707686,Cornutia pyramidata,Cornutia pyramidata L.,Lamiaceae,Cornutia,SPECIES,PRESERVED_SPECIMEN,1987-06-26,1987,-70.42,19.75,NA,d415c253-4d61-4459-9d25-4015b9084fb0,NY,NY,18,07,SOSÚA,011807,874cf255affffff
89f8a38b-63c3-4d03-8cbc-3776fa48c822,2270676568,Eugenia foetida,Eugenia foetida Pers.,Myrtaceae,Eugenia,SPECIES,PRESERVED_SPECIMEN,1984-05-08,1984,-70.4667,19.7833,NA,e05fd4c2-4d77-4c50-880e-1b22096af300,ASU,Plants,18,07,SOSÚA,011807,874cf2421ffffff
8f723734-46bb-4225-b757-79d99fec9142,1929794164,Malpighia cnide,Malpighia cnide Spreng.,Malpighiaceae,Malpighia,SPECIES,PRESERVED_SPECIMEN,1980-07-16,1980,-70.48,19.78,NA,d415c253-4d61-4459-9d25-4015b9084fb0,NY,NY,18,07,SOSÚA,011807,874cf2423ffffff
9047c39a-0094-4be5-b15c-c29836dfc845,1929805340,Terminalia buceras,Bucida buceras L.,Combretaceae,Terminalia,SPECIES,PRESERVED_SPECIMEN,1980-07-16,1980,-70.55,19.75,NA,d415c253-4d61-4459-9d25-4015b9084fb0,NY,NY,18,07,SOSÚA,011807,874cf2411ffffff
910caabd-2994-4e04-ac77-d5bff652ef22,1929815650,Adiantum fragile,Adiantum fragile Sw.,Pteridaceae,Adiantum,SPECIES,PRESERVED_SPECIMEN,1983-11-11,1983,-70.47,19.73,NA,d415c253-4d61-4459-9d25-4015b9084fb0,NY,NY,18,07,SOSÚA,011807,874cf2408ffffff
9156c298-56ea-4166-83a4-8569580e7351,1929820460,Piper marginatum,Piper marginatum Jacq.,Piperaceae,Piper,SPECIES,PRESERVED_SPECIMEN,1983-11-11,1983,-70.47,19.73,NA,d415c253-4d61-4459-9d25-4015b9084fb0,NY,NY,18,07,SOSÚA,011807,874cf2408ffffff
9264526f-b38b-4f97-948f-4b1d4a4d1cee,1929834765,Spondias mombin,Spondias mambin L.,Anacardiaceae,Spondias,SPECIES,PRESERVED_SPECIMEN,1980-07-17,1980,-70.42,19.67,NA,d415c253-4d61-4459-9d25-4015b9084fb0,NY,NY,18,07,SOSÚA,011807,874cf2451ffffff
92d1c10645c546125cfbb678751edf8e,2629751591,Phyla Lour.,Phyla Lour.,Verbenaceae,Phyla,GENUS,PRESERVED_SPECIMEN,2007-10-02,2007,-70.39,19.738333,NA,98c51784-da02-4f0e-81a4-f3635cb3cba7,INECOL,XAL,18,07,SOSÚA,011807,874cf255bffffff
96f630d7-4e33-4469-8af9-78d394dc535f,1929899069,Solanum erianthum,Solanum erianthum D.Don,Solanaceae,Solanum,SPECIES,PRESERVED_SPECIMEN,1980-07-16,1980,-70.48,19.78,NA,d415c253-4d61-4459-9d25-4015b9084fb0,NY,NY,18,07,SOSÚA,011807,874cf2423ffffff
9F53751C-19E2-4DBD-BDA5-6541A8EC584B,1503214418,Schaefferia frutescens,Schaefferia frutescens Jacq.,Celastraceae,Schaefferia,SPECIES,PRESERVED_SPECIMEN,1971-02-06,1971,-70.4721,19.7216,NA,af1b4db0-c8ce-4a95-b700-8a6a02bed9d6,USF,Herb,18,07,SOSÚA,011807,874cf2408ffffff
9a5172b0-9f4e-434a-a426-391f71cb8ce5,1929946781,Paullinia pinnata,Paullinia pinnata L.,Sapindaceae,Paullinia,SPECIES,PRESERVED_SPECIMEN,1980-07-16,1980,-70.48,19.78,NA,d415c253-4d61-4459-9d25-4015b9084fb0,NY,NY,18,07,SOSÚA,011807,874cf2423ffffff
9c806f8d-0d8f-477e-b132-ad0e6e7eff17,4415563359,Gesneria cubensis,Gesneria cubensis (Decne.) Baill.,Gesneriaceae,Gesneria,SPECIES,PRESERVED_SPECIMEN,2023-02-12,2023,-70.424658,19.701936,NA,b89d52a2-861d-4388-adad-c0da3d55fc78,UF,,18,07,SOSÚA,011807,874cf2473ffffff
9d34ba29-47f3-4810-abbc-d6bffe014099,1929987101,Adiantum melanoleucum,Adiantum melanoleucum Willd.,Pteridaceae,Adiantum,SPECIES,PRESERVED_SPECIMEN,1983-11-11,1983,-70.47,19.73,NA,d415c253-4d61-4459-9d25-4015b9084fb0,NY,NY,18,07,SOSÚA,011807,874cf2408ffffff
9f5e154b-227d-439f-a5e2-4f7822172c2c,4517447334,Chionanthus ligustrinus,Chionanthus ligustrinus (Sw.) Pers.,Oleaceae,Chionanthus,SPECIES,PRESERVED_SPECIMEN,2000-04-02,2000,-70.465,19.74,NA,b89d52a2-861d-4388-adad-c0da3d55fc78,UF,,18,07,SOSÚA,011807,874cf240cffffff
A818D4D6-0C2C-4FF4-9737-6F0A12D3A108,1503214985,Prunus myrtifolia,Prunus myrtifolia (L.) Urb.,Rosaceae,Prunus,SPECIES,PRESERVED_SPECIMEN,1971-02-06,1971,-70.4721,19.7216,NA,af1b4db0-c8ce-4a95-b700-8a6a02bed9d6,USF,Herb,18,07,SOSÚA,011807,874cf2408ffffff
BCC797EE-9DBF-45A3-BFB6-53B5595FF3BB,1852052415,Tecomaria capensis,Tecomaria capensis (Thunb.) Spach,Bignoniaceae,Tecomaria,SPECIES,PRESERVED_SPECIMEN,2008-05-11,2008,-70.4,19.75,NA,af1b4db0-c8ce-4a95-b700-8a6a02bed9d6,USF,Herb,18,07,SOSÚA,011807,874cf255bffffff
C919B6EB-CDF6-40DC-876B-330457FD3D29,122964875,Lantana L.,Lantana L.,Verbenaceae,Lantana,GENUS,PRESERVED_SPECIMEN,1984-05-08,1984,-70.4667,19.7833,NA,832cb04e-f762-11e1-a439-00145eb45e9a,FTG,Herbarium,18,07,SOSÚA,011807,874cf2421ffffff
S:VascularPlants:S09-7659,1096712020,Guarea guidonia,Guarea guidonia (L.) Sleumer,Meliaceae,Guarea,SPECIES,PRESERVED_SPECIMEN,1980-07-17,1980,-70.466667,19.733333,NA,0943f690-fde5-11dd-83f4-b8a03c50a862,S,VascularPlants,18,07,SOSÚA,011807,874cf240cffffff
S:VascularPlants:S15-19433,1096892486,Cinnamodendron ekmanii,Cinnamodendron ekmanii Sleumer,Canellaceae,Cinnamodendron,SPECIES,PRESERVED_SPECIMEN,1992-11-16,1992,-70.433333,19.75,NA,0943f690-fde5-11dd-83f4-b8a03c50a862,S,VascularPlants,18,07,SOSÚA,011807,874cf2429ffffff
S:VascularPlants:S15-8392,1096913747,Solanum erianthum,Solanum erianthum D.Don,Solanaceae,Solanum,SPECIES,PRESERVED_SPECIMEN,1980-07-16,1980,-70.483333,19.783333,NA,0943f690-fde5-11dd-83f4-b8a03c50a862,S,VascularPlants,18,07,SOSÚA,011807,874cf2423ffffff
S:VascularPlants:S16-34371,2618407405,Cestrum daphnoides,Cestrum daphnoides Griseb.,Solanaceae,Cestrum,SPECIES,PRESERVED_SPECIMEN,1992-11-16,1992,-70.466667,19.733333,NA,0943f690-fde5-11dd-83f4-b8a03c50a862,S,VascularPlants,18,07,SOSÚA,011807,874cf240cffffff
S:VascularPlants:S17-35857,2618419809,Xanthium strumarium,Xanthium strumarium L.,Asteraceae,Xanthium,SPECIES,PRESERVED_SPECIMEN,1992-11-16,1992,-70.383333,19.7,NA,0943f690-fde5-11dd-83f4-b8a03c50a862,S,VascularPlants,18,07,SOSÚA,011807,874cf2444ffffff
S:VascularPlants:S26-5220,6393591351,Myriopteris microphylla,Cheilanthes microphylla (Sw.) Sw.,Pteridaceae,Myriopteris,SPECIES,PRESERVED_SPECIMEN,1983-02-21,1983,-70.483333,19.75,NA,0943f690-fde5-11dd-83f4-b8a03c50a862,S,VascularPlants,18,07,SOSÚA,011807,874cf2401ffffff
UCJEPS:UC:UC1954437,4857041766,Dendropemon elegans,Dendropemon elegans Kuijt,Loranthaceae,Dendropemon,SPECIES,PRESERVED_SPECIMEN,1983-11-11,1983,-70.466667,19.733333,NA,83a49751-4282-481e-a847-1c5c224a0551,,UC,18,07,SOSÚA,011807,874cf240cffffff
UCJEPS:UC:UC1960953,4857058023,Phoradendron berteroanum,Phoradendron berteroanum (DC.) Griseb.,Viscaceae,Phoradendron,SPECIES,PRESERVED_SPECIMEN,1982-10-21,1982,-70.466667,19.666667,NA,83a49751-4282-481e-a847-1c5c224a0551,,UC,18,07,SOSÚA,011807,874cf24e1ffffff
UCJEPS:UC:UC1961083,4856866061,Phoradendron racemosum,Phoradendron racemosum (Aubl.) Krug & Urb.,Viscaceae,Phoradendron,SPECIES,PRESERVED_SPECIMEN,1980-07-17,1980,-70.416667,19.666667,NA,83a49751-4282-481e-a847-1c5c224a0551,,UC,18,07,SOSÚA,011807,874cf2451ffffff
a469e3fa-2209-4ca4-b680-88ce681b9c13,1930091928,Canavalia rosea,Canavalia rosea (Sw.) DC.,Fabaceae,Canavalia,SPECIES,PRESERVED_SPECIMEN,1984-05-08,1984,-70.47,19.78,NA,d415c253-4d61-4459-9d25-4015b9084fb0,NY,NY,18,07,SOSÚA,011807,874cf242effffff
a69864bf-2fc4-495f-b321-9c76c26816d4,1930125761,Myriopteris microphylla,Myriopteris microphylla (Sw.) Grusz & Windham,Pteridaceae,Myriopteris,SPECIES,PRESERVED_SPECIMEN,1983-02-21,1983,-70.48,19.75,NA,d415c253-4d61-4459-9d25-4015b9084fb0,NY,NY,18,07,SOSÚA,011807,874cf2401ffffff
a8428cc0-01f5-42ec-aa6c-d8ee4c3cfc7e,1930145757,"Chara Linnaeus, 1753","Chara Linnaeus, 1753",Characeae,Chara,GENUS,PRESERVED_SPECIMEN,1969-10-28,1969,-70.430923,19.723575,NA,d415c253-4d61-4459-9d25-4015b9084fb0,NY,NY,18,07,SOSÚA,011807,874cf2472ffffff
aa517261-8f85-4d28-a75a-9408642d43fd,4079748128,Wedelia ehrenbergii,Wedelia ehrenbergii Less.,Asteraceae,Wedelia,SPECIES,PRESERVED_SPECIMEN,1954-04-05,1954,-70.426802,19.749685,1998,3b040a48-deae-485c-95b1-2ac80b7fdc54,IIBZ,USD,18,07,SOSÚA,011807,874cf2429ffffff
ac6ecd1c-c220-44ec-a959-517e75a3d003,1930205619,Malpighia wrightiana,Malpighia wrightiana Acuña & Roig,Malpighiaceae,Malpighia,SPECIES,PRESERVED_SPECIMEN,1984-05-08,1984,-70.47,19.78,NA,d415c253-4d61-4459-9d25-4015b9084fb0,NY,NY,18,07,SOSÚA,011807,874cf242effffff
b0fdf404e585e16c35a20c63fae9eb6c,5101798808,Phyla Lour.,Phyla Lour.,Verbenaceae,Phyla,GENUS,PRESERVED_SPECIMEN,2007-10-02,2007,-70.39,19.738333,NA,356b321d-7d47-4380-89e2-87bae6d8c250,INECOL,XAL,18,07,SOSÚA,011807,874cf255bffffff
b200a7bf-195b-4b78-9257-a0c93f87c65c,1930284276,Randia aculeata,Randia aculeata L.,Rubiaceae,Randia,SPECIES,PRESERVED_SPECIMEN,1984-05-08,1984,-70.47,19.78,NA,d415c253-4d61-4459-9d25-4015b9084fb0,NY,NY,18,07,SOSÚA,011807,874cf242effffff
b4b148ed-6fb2-4fee-ad51-86fc7db826c4,1930323968,Tillandsia fasciculata,Tillandsia fasciculata Sw.,Bromeliaceae,Tillandsia,SPECIES,PRESERVED_SPECIMEN,1980-07-17,1980,-70.47,19.75,NA,d415c253-4d61-4459-9d25-4015b9084fb0,NY,NY,18,07,SOSÚA,011807,874cf242affffff
b56adbf0-b655-454d-91c8-b6d4f7c1fbf4,1930331876,"Chara Linnaeus, 1753","Chara Linnaeus, 1753",Characeae,Chara,GENUS,PRESERVED_SPECIMEN,1969-10-28,1969,-70.430923,19.723575,NA,d415c253-4d61-4459-9d25-4015b9084fb0,NY,NY,18,07,SOSÚA,011807,874cf2472ffffff
b5dab18c-93f0-464d-9800-2c746330d5c2,1930338044,Cyperus planifolius,Cyperus planifolius Rich.,Cyperaceae,Cyperus,SPECIES,PRESERVED_SPECIMEN,1980-07-16,1980,-70.48,19.78,NA,d415c253-4d61-4459-9d25-4015b9084fb0,NY,NY,18,07,SOSÚA,011807,874cf2423ffffff
b9f12106-9d84-4aea-bbfc-7b57ab3736c3,4079747794,Inga ruiziana,Inga ruiziana G.Don,Fabaceae,Inga,SPECIES,PRESERVED_SPECIMEN,2000-04-02,2000,-70.431875,19.720461,3857,3b040a48-deae-485c-95b1-2ac80b7fdc54,IIBZ,USD,18,07,SOSÚA,011807,874cf2472ffffff
bc3f47a4-dd99-496d-9abc-abc9c79f6c48,1930428739,Euphorbia pergamena,Euphorbia pergamena Small,Euphorbiaceae,Euphorbia,SPECIES,PRESERVED_SPECIMEN,1963-08-01,1963,-70.517189,19.757551,478.57,d415c253-4d61-4459-9d25-4015b9084fb0,NY,NY,18,07,SOSÚA,011807,874cf2402ffffff
c65b9fa3-63f5-4be5-aaa7-bd2e288fdcc7,1930572268,Malpighia urens,Malpighia urens subsp. ovatifolia (Nied.) F.K.Mey.,Malpighiaceae,Malpighia,SUBSPECIES,PRESERVED_SPECIMEN,1984-05-08,1984,-70.47,19.78,NA,d415c253-4d61-4459-9d25-4015b9084fb0,NY,NY,18,07,SOSÚA,011807,874cf242effffff
c723c920-e5bc-4ff1-bdce-7ad368154df5,1930583156,Agave L.,Agave L.,Asparagaceae,Agave,GENUS,PRESERVED_SPECIMEN,1980-07-16,1980,-70.48,19.78,NA,d415c253-4d61-4459-9d25-4015b9084fb0,NY,NY,18,07,SOSÚA,011807,874cf2423ffffff
c9c839c0-12a6-4bb1-a603-ed26f085312b,1457812626,Cyperus pedunculatus,Cyperus pedunculatus (R.Br.) J.Kern,Cyperaceae,Cyperus,SPECIES,PRESERVED_SPECIMEN,1987-06-26,1987,-70.416667,19.75,NA,b89d52a2-861d-4388-adad-c0da3d55fc78,UF,,18,07,SOSÚA,011807,874cf255affffff
cb3ea6be-fe64-4bfb-8938-7449e6b7b186,4079747718,Tillandsia setacea,Tillandsia setacea Sw.,Bromeliaceae,Tillandsia,SPECIES,PRESERVED_SPECIMEN,1999-01-20,1999,-70.475,19.716497,64,3b040a48-deae-485c-95b1-2ac80b7fdc54,IIBZ,USD,18,07,SOSÚA,011807,874cf2408ffffff
cbea2a7d-7c92-4987-99bc-f698056aa8aa,4079747309,Erigeron bonariensis,Erigeron bonariensis L.,Asteraceae,Erigeron,SPECIES,PRESERVED_SPECIMEN,1999-03-12,1999,-70.473302,19.724926,186,3b040a48-deae-485c-95b1-2ac80b7fdc54,IIBZ,USD,18,07,SOSÚA,011807,874cf2408ffffff
cdc9e377-472f-4bf2-95a5-833ea8fb2e70,1989369655,Malpighia urens,Malpighia urens L.,Malpighiaceae,Malpighia,SPECIES,PRESERVED_SPECIMEN,1984-05-08,1984,-70.466667,19.783333,NA,c8d12f8a-7e39-4e2c-92d7-825d590ad15b,MICH,Angiosperms,18,07,SOSÚA,011807,874cf2421ffffff
cff8647b-2250-43c0-8299-a7d11a2ab11d,4079747995,Eugenia procera,Eugenia procera (Sw.) Poir.,Myrtaceae,Eugenia,SPECIES,PRESERVED_SPECIMEN,1999-03-15,1999,-70.468333,19.733333,NA,3b040a48-deae-485c-95b1-2ac80b7fdc54,IIBZ,USD,18,07,SOSÚA,011807,874cf240cffffff
d57377ff-38bf-4cf3-b7c7-db832538884b,1930784905,Sophora tomentosa,Sophora tomentosa L.,Fabaceae,Sophora,SPECIES,PRESERVED_SPECIMEN,1984-05-08,1984,-70.47,19.78,NA,d415c253-4d61-4459-9d25-4015b9084fb0,NY,NY,18,07,SOSÚA,011807,874cf242effffff
d58cf9e3-18b0-41eb-8826-79e02774840f,4079748189,Dalbergia monetaria,Dalbergia ovalis (L.) P.L.R.Moraes & L.P.Queiroz,Fabaceae,Dalbergia,SPECIES,PRESERVED_SPECIMEN,1999-01-20,1999,-70.431875,19.720461,3857,3b040a48-deae-485c-95b1-2ac80b7fdc54,IIBZ,USD,18,07,SOSÚA,011807,874cf2472ffffff
d8d737bb-8b92-4f65-8f62-1305473e7d11,1930833143,Goniopteris reptans,Thelypteris reptans (J.F.Gmel.) C.V.Morton,Thelypteridaceae,Goniopteris,SPECIES,PRESERVED_SPECIMEN,1983-11-11,1983,-70.47,19.73,NA,d415c253-4d61-4459-9d25-4015b9084fb0,NY,NY,18,07,SOSÚA,011807,874cf2408ffffff
dcf3e85f-4862-4a52-827a-de89f4f1c49b,4079747650,Eugenia pseudopsidium,Eugenia pseudopsidium Jacq.,Myrtaceae,Eugenia,SPECIES,PRESERVED_SPECIMEN,1999-03-01,1999,-70.453333,19.753333,NA,3b040a48-deae-485c-95b1-2ac80b7fdc54,IIBZ,USD,18,07,SOSÚA,011807,874cf242bffffff
dfb9b6ee-1688-477f-a904-b14a1d88e93c,4079748261,Desmodium ospriostreblum,Desmodium ospriostreblum Chiov.,Fabaceae,Desmodium,SPECIES,PRESERVED_SPECIMEN,1976-11-28,1976,-70.425476,19.761581,3609,3b040a48-deae-485c-95b1-2ac80b7fdc54,IIBZ,USD,18,07,SOSÚA,011807,874cf242dffffff
e0e9785d-abb8-4490-acab-69bbe3fe2902,4079747371,Tillandsia tenuifolia,Tillandsia tenuifolia L.,Bromeliaceae,Tillandsia,SPECIES,PRESERVED_SPECIMEN,1999-03-01,1999,-70.450023,19.721481,139,3b040a48-deae-485c-95b1-2ac80b7fdc54,IIBZ,USD,18,07,SOSÚA,011807,874cf240dffffff
e2cf144a-50c0-40af-aadb-90464fbc0ea3,4079748013,Myrcia amazonica,Myrcia amazonica DC.,Myrtaceae,Myrcia,SPECIES,PRESERVED_SPECIMEN,1999-03-01,1999,-70.453333,19.753333,NA,3b040a48-deae-485c-95b1-2ac80b7fdc54,IIBZ,USD,18,07,SOSÚA,011807,874cf242bffffff
e4609bf1-2273-45e9-b9e0-cf81a5937888,1302311525,Ipomoea batatas,Ipomoea batatas (L.) Lam.,Convolvulaceae,Ipomoea,SPECIES,OCCURRENCE,,NA,-70.5,19.6,NA,07044577-bd82-4089-9f3a-f4a9d2170b2e,Bioversity,,18,07,SOSÚA,011807,874cf24caffffff
e4a75973-b868-47e1-9f3c-719995bb04e4,1931000182,Scaevola plumieri,Scaevola plumieri (L.) Vahl,Goodeniaceae,Scaevola,SPECIES,PRESERVED_SPECIMEN,1987-06-26,1987,-70.42,19.75,NA,d415c253-4d61-4459-9d25-4015b9084fb0,NY,NY,18,07,SOSÚA,011807,874cf255affffff
e6e6ef56-eca0-47d6-b285-d77441e2c34d,1931032107,Zanthoxylum martinicense,Zanthoxylum martinicense (Lam.) DC.,Rutaceae,Zanthoxylum,SPECIES,PRESERVED_SPECIMEN,1980-07-17,1980,-70.47,19.75,NA,d415c253-4d61-4459-9d25-4015b9084fb0,NY,NY,18,07,SOSÚA,011807,874cf242affffff
e92f6722-bdab-4430-a5ee-7e84c38675e5,4079747894,Poitea galegoides,Poitea galegoides Vent.,Fabaceae,Poitea,SPECIES,PRESERVED_SPECIMEN,1940-03-16,1940,-70.555257,19.747962,632,3b040a48-deae-485c-95b1-2ac80b7fdc54,IIBZ,USD,18,07,SOSÚA,011807,874cf2413ffffff
ea332ab8-77af-4ee1-8061-f9337f7463d8,4079748132,Myrcia garciae,Myrcia garciae (Alain & M.M.Mejía) K.Campbell & Peguero,Myrtaceae,Myrcia,SPECIES,PRESERVED_SPECIMEN,1999-03-13,1999,-70.46,19.725,NA,3b040a48-deae-485c-95b1-2ac80b7fdc54,IIBZ,USD,18,07,SOSÚA,011807,874cf240dffffff
ecbbc323-9765-4978-8de0-4fb46bf635bd,4079748240,Tithonia rotundifolia,Tithonia rotundifolia (Mill.) S.F.Blake,Asteraceae,Tithonia,SPECIES,PRESERVED_SPECIMEN,1999-03-03,1999,-70.475,19.716497,64,3b040a48-deae-485c-95b1-2ac80b7fdc54,IIBZ,USD,18,07,SOSÚA,011807,874cf2408ffffff
ef3116da-ee73-4edc-b1af-8dbf5ade5a2e,1931148134,Hexasepalum serrulatum,Diodia serrulata (P.Beauv.) G.Taylor,Rubiaceae,Hexasepalum,SPECIES,PRESERVED_SPECIMEN,1984-05-08,1984,-70.47,19.78,NA,d415c253-4d61-4459-9d25-4015b9084fb0,NY,NY,18,07,SOSÚA,011807,874cf242effffff
f0161078-9b6b-44cc-8805-dadbca0f7aa5,4079748200,Dalbergia ecastaphyllum,Dalbergia ecastaphyllum (L.) Taub.,Fabaceae,Dalbergia,SPECIES,PRESERVED_SPECIMEN,1950-04-05,1950,-70.425476,19.761581,3609,3b040a48-deae-485c-95b1-2ac80b7fdc54,IIBZ,USD,18,07,SOSÚA,011807,874cf242dffffff
f45e116d-3736-4ab0-8d05-36a2216c8920,4523215359,Oplonia spinosa,Oplonia spinosa (Jacq.) Raf.,Acanthaceae,Oplonia,SPECIES,PRESERVED_SPECIMEN,2000-04-02,2000,-70.465,19.74,NA,b89d52a2-861d-4388-adad-c0da3d55fc78,UF,,18,07,SOSÚA,011807,874cf240cffffff
f7eaf3f1-4c7a-4722-9db8-580418237c8b,1931271530,Cyperus pedunculatus,Remirea maritima Aubl.,Cyperaceae,Cyperus,SPECIES,PRESERVED_SPECIMEN,1987-06-26,1987,-70.42,19.75,NA,d415c253-4d61-4459-9d25-4015b9084fb0,NY,NY,18,07,SOSÚA,011807,874cf255affffff
fa9c6098-ebce-4fa1-88b4-1bd91d339aa5,1302311556,Ipomoea batatas,Ipomoea batatas (L.) Lam.,Convolvulaceae,Ipomoea,SPECIES,OCCURRENCE,,NA,-70.5,19.6,NA,07044577-bd82-4089-9f3a-f4a9d2170b2e,Bioversity,,18,07,SOSÚA,011807,874cf24caffffff
fad8333f-b97a-4aef-98cf-722718458765,4079747512,Ageratina havanensis,Ageratina havanensis (Kunth) R.M.King & H.Rob.,Asteraceae,Ageratina,SPECIES,PRESERVED_SPECIMEN,1999-01-19,1999,-70.475,19.716497,64,3b040a48-deae-485c-95b1-2ac80b7fdc54,IIBZ,USD,18,07,SOSÚA,011807,874cf2408ffffff
fb205f32-447b-4845-b40e-4b7722a53397,4079748045,Eugenia P.Micheli ex L.,Eugenia P.Micheli ex L.,Myrtaceae,Eugenia,GENUS,PRESERVED_SPECIMEN,1999-03-03,1999,-70.458333,19.73,NA,3b040a48-deae-485c-95b1-2ac80b7fdc54,IIBZ,USD,18,07,SOSÚA,011807,874cf240dffffff
fc44ef4f-1287-462a-98b4-7347b935e7f3,1931332096,Thouinia tomentosa,Thouinia tomentosa DC.,Sapindaceae,Thouinia,SPECIES,PRESERVED_SPECIMEN,1984-02-15,1984,-70.47,19.73,NA,d415c253-4d61-4459-9d25-4015b9084fb0,NY,NY,18,07,SOSÚA,011807,874cf2408ffffff
fc6d55b1-efa3-46e6-b45d-002d8c6f4312,4079747870,Centrosema pubescens,Centrosema pubescens Benth.,Fabaceae,Centrosema,SPECIES,PRESERVED_SPECIMEN,1999-01-19,1999,-70.431517,19.723746,4151,3b040a48-deae-485c-95b1-2ac80b7fdc54,IIBZ,USD,18,07,SOSÚA,011807,874cf2472ffffff
http://n2t.net/ark:/65665/306a62028-a1cc-4118-9dae-77829dc30ed6,1317352942,Terminalia buceras,Terminalia buceras (L.) C.Wright,Combretaceae,Terminalia,SPECIES,PRESERVED_SPECIMEN,1980-07-16,1980,-70.55,19.75,NA,821cc27a-e3bb-4bc5-ac34-89ada245069d,US,US,18,07,SOSÚA,011807,874cf2411ffffff
http://n2t.net/ark:/65665/31432dc05-7c28-4e91-ba60-2b1ece255dc6,2512748150,Gesneria cubensis,Gesneria cubensis (Decne.) Baill.,Gesneriaceae,Gesneria,SPECIES,PRESERVED_SPECIMEN,1983-11-11,1983,-70.47,19.73,NA,821cc27a-e3bb-4bc5-ac34-89ada245069d,US,US,18,07,SOSÚA,011807,874cf2408ffffff
http://n2t.net/ark:/65665/32457b359-7464-4635-be29-c5b9a6afb3e3,1318024347,Cyperus pedunculatus,Cyperus pedunculatus (R.Br.) J.Kern,Cyperaceae,Cyperus,SPECIES,PRESERVED_SPECIMEN,1987-06-26,1987,-70.42,19.75,NA,821cc27a-e3bb-4bc5-ac34-89ada245069d,US,US,18,07,SOSÚA,011807,874cf255affffff
http://n2t.net/ark:/65665/32ba0a65c-2240-462f-aab3-0e4f419b80ca,6341172405,Gesneria cubensis,Gesneria cubensis (Decne.) Baill.,Gesneriaceae,Gesneria,SPECIES,PRESERVED_SPECIMEN,2023-02-12,2023,-70.4247,19.7019,NA,821cc27a-e3bb-4bc5-ac34-89ada245069d,US,US,18,07,SOSÚA,011807,874cf2473ffffff
http://n2t.net/ark:/65665/33a75115d-1e69-4f2a-89ff-b99a9f72429a,1318524137,Cornutia pyramidata,Cornutia pyramidata L.,Lamiaceae,Cornutia,SPECIES,PRESERVED_SPECIMEN,1987-06-26,1987,-70.42,19.75,NA,821cc27a-e3bb-4bc5-ac34-89ada245069d,US,US,18,07,SOSÚA,011807,874cf255affffff
http://n2t.net/ark:/65665/372056609-f6a2-4e2a-ac5a-7c50f1a1f8cf,1319779995,Dodonaea viscosa,Dodonaea viscosa (L.) Jacq.,Sapindaceae,Dodonaea,SPECIES,PRESERVED_SPECIMEN,1987-06-26,1987,-70.42,19.75,NA,821cc27a-e3bb-4bc5-ac34-89ada245069d,US,US,18,07,SOSÚA,011807,874cf255affffff
http://n2t.net/ark:/65665/37436ea2c-a820-420d-b0f9-b46621e52238,1319829828,Cyperus brunneus,Cyperus brunneus Sw.,Cyperaceae,Cyperus,SPECIES,PRESERVED_SPECIMEN,1980-07-16,1980,-70.48,19.78,NA,821cc27a-e3bb-4bc5-ac34-89ada245069d,US,US,18,07,SOSÚA,011807,874cf2423ffffff
http://n2t.net/ark:/65665/37750db3e-7322-4632-ab4f-d81f80be5205,1319899591,Scaevola plumieri,Scaevola plumieri (L.) Vahl,Goodeniaceae,Scaevola,SPECIES,PRESERVED_SPECIMEN,1987-06-26,1987,-70.42,19.75,NA,821cc27a-e3bb-4bc5-ac34-89ada245069d,US,US,18,07,SOSÚA,011807,874cf255affffff
http://n2t.net/ark:/65665/38fd52b05-b70d-4337-bc18-28d3fd1eb17a,1320453753,Phoradendron racemosum,Phoradendron racemosum (Aubl.) Krug & Urb.,Viscaceae,Phoradendron,SPECIES,PRESERVED_SPECIMEN,1980-07-17,1980,-70.42,19.67,NA,821cc27a-e3bb-4bc5-ac34-89ada245069d,US,US,18,07,SOSÚA,011807,874cf2451ffffff
http://n2t.net/ark:/65665/39619fff1-76d6-461c-bf7e-4f58100ab371,1320595523,Paullinia pinnata,Paullinia pinnata L.,Sapindaceae,Paullinia,SPECIES,PRESERVED_SPECIMEN,1980-07-16,1980,-70.48,19.78,NA,821cc27a-e3bb-4bc5-ac34-89ada245069d,US,US,18,07,SOSÚA,011807,874cf2423ffffff
http://n2t.net/ark:/65665/3a03d17d5-3145-4319-875c-4c677c1cb801,1320824739,Gesneria cubensis,Gesneria cubensis (Decne.) Baill.,Gesneriaceae,Gesneria,SPECIES,PRESERVED_SPECIMEN,2004-06-15,2004,-70.42,19.7,NA,821cc27a-e3bb-4bc5-ac34-89ada245069d,US,US,18,07,SOSÚA,011807,874cf2473ffffff
http://n2t.net/ark:/65665/3b675f36d-168b-448a-aade-3af82f69bb32,1321327859,Zanthoxylum martinicense,Zanthoxylum martinicense (Lam.) DC.,Rutaceae,Zanthoxylum,SPECIES,PRESERVED_SPECIMEN,1980-07-17,1980,-70.47,19.75,NA,821cc27a-e3bb-4bc5-ac34-89ada245069d,US,US,18,07,SOSÚA,011807,874cf242affffff
http://n2t.net/ark:/65665/3c7f8623f-d356-45e7-b222-6975120f321a,1321723877,Agave sisalana,Agave sisalana Perrine,Asparagaceae,Agave,SPECIES,PRESERVED_SPECIMEN,1980-07-16,1980,-70.48,19.78,NA,821cc27a-e3bb-4bc5-ac34-89ada245069d,US,US,18,07,SOSÚA,011807,874cf2423ffffff
http://n2t.net/ark:/65665/3fd48b111-4a5f-4d43-841d-f13d63b1dce0,1322927152,Spondias mombin,Spondias mambin L.,Anacardiaceae,Spondias,SPECIES,PRESERVED_SPECIMEN,1980-07-17,1980,-70.42,19.67,NA,821cc27a-e3bb-4bc5-ac34-89ada245069d,US,US,18,07,SOSÚA,011807,874cf2451ffffff
http://specimens.kew.org/herbarium/K000703815,5060678434,Bourreria succulenta,Bourreria succulenta Jacq.,Ehretiaceae,Bourreria,SPECIES,PRESERVED_SPECIMEN,1930-03-26T00:00,1930,-70.521783,19.751896,NA,cd6e21c8-9e8a-493a-8a76-fbf7862069e5,K,Herbarium,18,07,SOSÚA,011807,874cf2402ffffff
http://specimens.kew.org/herbarium/K000774267,5060681455,Rachicallis americana,Rachicallis americana (Jacq.) Hitchc.,Rubiaceae,Rachicallis,SPECIES,PRESERVED_SPECIMEN,1930-03-19T00:00,1930,-70.547312,19.753684,NA,cd6e21c8-9e8a-493a-8a76-fbf7862069e5,K,Herbarium,18,07,SOSÚA,011807,874cf2411ffffff
http://specimens.kew.org/herbarium/K000774514,5060679477,Hernandia sonora,Hernandia sonora L.,Hernandiaceae,Hernandia,SPECIES,PRESERVED_SPECIMEN,1930-03-26T00:00,1930,-70.473546,19.77948,NA,cd6e21c8-9e8a-493a-8a76-fbf7862069e5,K,Herbarium,18,07,SOSÚA,011807,874cf242effffff
http://specimens.kew.org/herbarium/K000774675,5060682495,Uniola virgata,Uniola virgata (Poir.) Griseb.,Poaceae,Uniola,SPECIES,PRESERVED_SPECIMEN,1930-03-20T00:00,1930,-70.521783,19.751896,NA,cd6e21c8-9e8a-493a-8a76-fbf7862069e5,K,Herbarium,18,07,SOSÚA,011807,874cf2402ffffff
http://specimens.kew.org/herbarium/K000819491,5060677763,Melanthera nivea,Melanthera nivea (L.) Small,Asteraceae,Melanthera,SPECIES,PRESERVED_SPECIMEN,1930-03-26T00:00,1930,-70.402635,19.749472,NA,cd6e21c8-9e8a-493a-8a76-fbf7862069e5,K,Herbarium,18,07,SOSÚA,011807,874cf255bffffff
http://specimens.kew.org/herbarium/K000862392,5060686848,Cordia sulcata,Cordia sulcata A.DC.,Cordiaceae,Cordia,SPECIES,PRESERVED_SPECIMEN,2010-10-22T00:00,2010,-70.402635,19.749472,NA,cd6e21c8-9e8a-493a-8a76-fbf7862069e5,K,Herbarium,18,07,SOSÚA,011807,874cf255bffffff
http://specimens.kew.org/herbarium/K000862887,5060683846,Malpighia coccigera,Malpighia coccigera L.,Malpighiaceae,Malpighia,SPECIES,PRESERVED_SPECIMEN,1887-06-22T00:00,1887,-70.521783,19.751896,NA,cd6e21c8-9e8a-493a-8a76-fbf7862069e5,K,Herbarium,18,07,SOSÚA,011807,874cf2402ffffff
http://specimens.kew.org/herbarium/K004545132,4519514997,Vitex petitia,Petitia domingensis Jacq.,Lamiaceae,Vitex,SPECIES,PRESERVED_SPECIMEN,2011-09-29T00:00,2011,-70.542222,19.746111,NA,cd6e21c8-9e8a-493a-8a76-fbf7862069e5,K,Herbarium,18,07,SOSÚA,011807,874cf2411ffffff
http://www.inaturalist.org/observations/393068,2465241301,Crossandra infundibuliformis,Crossandra infundibuliformis (L.) Nees,Acanthaceae,Crossandra,SPECIES,HUMAN_OBSERVATION,2013-09-09T13:50:40,2013,-70.427,19.764333,NA,50c9509d-22c7-4a22-a47d-8c48425ef4a7,iNaturalist,Observations,18,07,SOSÚA,011807,874cf242dffffff
http://www.inaturalist.org/observations/393069,1306576181,Thunbergia fragrans,Thunbergia fragrans Roxb.,Acanthaceae,Thunbergia,SPECIES,HUMAN_OBSERVATION,2013-09-09T13:50:14,2013,-70.427,19.764333,NA,50c9509d-22c7-4a22-a47d-8c48425ef4a7,iNaturalist,Observations,18,07,SOSÚA,011807,874cf242dffffff
http://www.inaturalist.org/observations/393070,2423253411,Cocos nucifera,Cocos nucifera L.,Arecaceae,Cocos,SPECIES,HUMAN_OBSERVATION,2013-09-09T13:48:17,2013,-70.425667,19.7645,NA,50c9509d-22c7-4a22-a47d-8c48425ef4a7,iNaturalist,Observations,18,07,SOSÚA,011807,874cf242dffffff
https://data.biodiversitydata.nl/naturalis/specimen/U%20%200089776,2517640645,Annona glabra,Annona glabra L.,Annonaceae,Annona,SPECIES,PRESERVED_SPECIMEN,1992-11-16,1992,-70.38333,19.7,NA,15f819bd-6612-4447-854b-14d12ee1022d,,Botany,18,07,SOSÚA,011807,874cf2444ffffff
https://data.biodiversitydata.nl/naturalis/specimen/U.1071592,2517300523,Annona glabra,Annona glabra L.,Annonaceae,Annona,SPECIES,PRESERVED_SPECIMEN,1992-11-16,1992,-70.38333,19.7,NA,15f819bd-6612-4447-854b-14d12ee1022d,,Botany,18,07,SOSÚA,011807,874cf2444ffffff
https://data.biodiversitydata.nl/naturalis/specimen/U.1217460,2517392678,Laguncularia racemosa,Laguncularia racemosa (L.) C.F.Gaertn.,Combretaceae,Laguncularia,SPECIES,PRESERVED_SPECIMEN,1980-07-16,1980,-70.55,19.75,NA,15f819bd-6612-4447-854b-14d12ee1022d,,Botany,18,07,SOSÚA,011807,874cf2411ffffff
https://data.biodiversitydata.nl/naturalis/specimen/U.1285516,2515286179,Cyperus pedunculatus,Cyperus pedunculatus (R.Br.) J.Kern,Cyperaceae,Cyperus,SPECIES,PRESERVED_SPECIMEN,1987-06-26,1987,-70.41667,19.75,NA,15f819bd-6612-4447-854b-14d12ee1022d,,Botany,18,07,SOSÚA,011807,874cf255affffff
https://data.biodiversitydata.nl/naturalis/specimen/U.1340970,2515320267,Gesneria cubensis,Gesneria heteroclada Urb.,Gesneriaceae,Gesneria,SPECIES,PRESERVED_SPECIMEN,1983-11-11,1983,-70.46667,19.73333,NA,15f819bd-6612-4447-854b-14d12ee1022d,,Botany,18,07,SOSÚA,011807,874cf240cffffff
https://data.biodiversitydata.nl/naturalis/specimen/U.1365350,2515533405,Mitreola petiolata,Mitreola petiolata (J.F.Gmel.) Torr. & A.Gray,Loganiaceae,Mitreola,SPECIES,PRESERVED_SPECIMEN,1992-11-16,1992,-70.43333,19.75,NA,15f819bd-6612-4447-854b-14d12ee1022d,,Botany,18,07,SOSÚA,011807,874cf2429ffffff
https://data.biodiversitydata.nl/naturalis/specimen/U.1368172,2517434880,Stigmaphyllon bannisterioides,Stigmaphyllon bannisterioides (L.) C.E.Anderson,Malpighiaceae,Stigmaphyllon,SPECIES,PRESERVED_SPECIMEN,1992-11-16,1992,-70.38333,19.7,NA,15f819bd-6612-4447-854b-14d12ee1022d,,Botany,18,07,SOSÚA,011807,874cf2444ffffff
https://data.biodiversitydata.nl/naturalis/specimen/U.1490512,2517103893,Piper marginatum,Piper marginatum Jacq.,Piperaceae,Piper,SPECIES,PRESERVED_SPECIMEN,1983-11-11,1983,-70.46667,19.73333,NA,15f819bd-6612-4447-854b-14d12ee1022d,,Botany,18,07,SOSÚA,011807,874cf240cffffff
https://data.biodiversitydata.nl/naturalis/specimen/U.1561580,2515669818,Hamelia patens,Hamelia patens Jacq.,Rubiaceae,Hamelia,SPECIES,PRESERVED_SPECIMEN,1980-07-16,1980,-70.48333,19.78333,NA,15f819bd-6612-4447-854b-14d12ee1022d,,Botany,18,07,SOSÚA,011807,874cf2423ffffff
https://data.biodiversitydata.nl/naturalis/specimen/U.1730160,2515713841,Dodonaea viscosa,Dodonaea viscosa (L.) Jacq.,Sapindaceae,Dodonaea,SPECIES,PRESERVED_SPECIMEN,1987-06-26,1987,-70.41667,19.75,NA,15f819bd-6612-4447-854b-14d12ee1022d,,Botany,18,07,SOSÚA,011807,874cf255affffff
https://data.biodiversitydata.nl/naturalis/specimen/U.1760852,2515682792,Cornutia pyramidata,Cornutia pyramidata L.,Lamiaceae,Cornutia,SPECIES,PRESERVED_SPECIMEN,1987-06-26,1987,-70.41667,19.75,NA,15f819bd-6612-4447-854b-14d12ee1022d,,Botany,18,07,SOSÚA,011807,874cf255affffff
https://www.inaturalist.org/observations/100819381,3499631398,Thunbergia grandiflora,Thunbergia grandiflora f. alba Leonard,Acanthaceae,Thunbergia,FORM,HUMAN_OBSERVATION,2021-11-07T08:46:22Z,2021,-70.512672,19.763527,3275,50c9509d-22c7-4a22-a47d-8c48425ef4a7,iNaturalist,Observations,18,07,SOSÚA,011807,874cf2400ffffff
https://www.inaturalist.org/observations/102077631,3456434021,Passiflora edulis,Passiflora edulis f. flavicarpa O.Deg.,Passifloraceae,Passiflora,FORM,HUMAN_OBSERVATION,2021-11-27T16:19:09Z,2021,-70.400712,19.750125,13,50c9509d-22c7-4a22-a47d-8c48425ef4a7,iNaturalist,Observations,18,07,SOSÚA,011807,874cf255bffffff
https://www.inaturalist.org/observations/104074401,3902645558,Tecomaria capensis,Tecomaria capensis (Thunb.) Spach,Bignoniaceae,Tecomaria,SPECIES,HUMAN_OBSERVATION,2021-12-31T17:10:24,2021,-70.52137,19.751468,7,50c9509d-22c7-4a22-a47d-8c48425ef4a7,iNaturalist,Observations,18,07,SOSÚA,011807,874cf2402ffffff
https://www.inaturalist.org/observations/104194065,4080513393,Roystonea borinquena,Roystonea borinquena O.F.Cook,Arecaceae,Roystonea,SPECIES,HUMAN_OBSERVATION,2022-01-02T11:41:11,2022,-70.52399,19.752018,8,50c9509d-22c7-4a22-a47d-8c48425ef4a7,iNaturalist,Observations,18,07,SOSÚA,011807,874cf2402ffffff
https://www.inaturalist.org/observations/104365501,4596798658,Hylocereus triangularis,Selenicereus triangularis (L.) D.R.Hunt,Cactaceae,Hylocereus,SPECIES,HUMAN_OBSERVATION,2022-01-04T12:27:27,2022,-70.418988,19.74247,4,50c9509d-22c7-4a22-a47d-8c48425ef4a7,iNaturalist,Observations,18,07,SOSÚA,011807,874cf2474ffffff
https://www.inaturalist.org/observations/104365529,4453943498,Terminalia buceras,Terminalia buceras (L.) C.Wright,Combretaceae,Terminalia,SPECIES,HUMAN_OBSERVATION,2022-01-04T12:30:06,2022,-70.418925,19.742425,6,50c9509d-22c7-4a22-a47d-8c48425ef4a7,iNaturalist,Observations,18,07,SOSÚA,011807,874cf2474ffffff
https://www.inaturalist.org/observations/104367303,3456400912,Tradescantia spathacea,Tradescantia spathacea Sw.,Commelinaceae,Tradescantia,SPECIES,HUMAN_OBSERVATION,2022-01-04T13:36:58,2022,-70.42055,19.741695,9,50c9509d-22c7-4a22-a47d-8c48425ef4a7,iNaturalist,Observations,18,07,SOSÚA,011807,874cf2474ffffff
https://www.inaturalist.org/observations/104367362,3455739578,Conocarpus erectus,Conocarpus erectus L.,Combretaceae,Conocarpus,SPECIES,HUMAN_OBSERVATION,2022-01-04T14:15:35,2022,-70.418553,19.743247,8,50c9509d-22c7-4a22-a47d-8c48425ef4a7,iNaturalist,Observations,18,07,SOSÚA,011807,874cf2474ffffff
https://www.inaturalist.org/observations/104367411,4121013384,Calophyllum antillanum,Calophyllum brasiliense var. antillanum (Britton) Standl.,Calophyllaceae,Calophyllum,VARIETY,HUMAN_OBSERVATION,2022-01-04T14:25:09,2022,-70.415782,19.74709,8,50c9509d-22c7-4a22-a47d-8c48425ef4a7,iNaturalist,Observations,18,07,SOSÚA,011807,874cf2474ffffff
https://www.inaturalist.org/observations/104367427,5007697963,Monstera adansonii,Monstera adansonii subsp. laniata (Schott) Mayo & I.M.Andrade,Araceae,Monstera,SUBSPECIES,HUMAN_OBSERVATION,2022-01-04T14:25:18,2022,-70.415818,19.74712,3,50c9509d-22c7-4a22-a47d-8c48425ef4a7,iNaturalist,Observations,18,07,SOSÚA,011807,874cf2474ffffff
https://www.inaturalist.org/observations/104367445,3455969126,Coccoloba uvifera,Coccoloba uvifera (L.) L.,Polygonaceae,Coccoloba,SPECIES,HUMAN_OBSERVATION,2022-01-04T15:14:30,2022,-70.421043,19.762718,8,50c9509d-22c7-4a22-a47d-8c48425ef4a7,iNaturalist,Observations,18,07,SOSÚA,011807,874cf255affffff
https://www.inaturalist.org/observations/104471094,3698153495,Chrysobalanus icaco,Chrysobalanus icaco L.,Chrysobalanaceae,Chrysobalanus,SPECIES,HUMAN_OBSERVATION,2022-01-06T13:00:25,2022,-70.431978,19.76838,10,50c9509d-22c7-4a22-a47d-8c48425ef4a7,iNaturalist,Observations,18,07,SOSÚA,011807,874cf242dffffff
https://www.inaturalist.org/observations/104471107,3456145174,Coccoloba uvifera,Coccoloba uvifera (L.) L.,Polygonaceae,Coccoloba,SPECIES,HUMAN_OBSERVATION,2022-01-06T13:00:37,2022,-70.432155,19.768662,7,50c9509d-22c7-4a22-a47d-8c48425ef4a7,iNaturalist,Observations,18,07,SOSÚA,011807,874cf242dffffff
https://www.inaturalist.org/observations/104471110,3858209892,Ipomoea imperati,Ipomoea imperati (Vahl) Griseb.,Convolvulaceae,Ipomoea,SPECIES,HUMAN_OBSERVATION,2022-01-06T13:00:46,2022,-70.431842,19.768515,8,50c9509d-22c7-4a22-a47d-8c48425ef4a7,iNaturalist,Observations,18,07,SOSÚA,011807,874cf242dffffff
https://www.inaturalist.org/observations/104882193,3986019513,Psychotria nervosa,Psychotria nervosa Sw.,Rubiaceae,Psychotria,SPECIES,HUMAN_OBSERVATION,2022-01-13T11:58:48,2022,-70.417135,19.754037,9,50c9509d-22c7-4a22-a47d-8c48425ef4a7,iNaturalist,Observations,18,07,SOSÚA,011807,874cf255affffff
https://www.inaturalist.org/observations/104882229,3457207175,Caladium bicolor,Caladium bicolor (Aiton) Vent.,Araceae,Caladium,SPECIES,HUMAN_OBSERVATION,2022-01-13T12:01,2022,-70.417182,19.753932,8,50c9509d-22c7-4a22-a47d-8c48425ef4a7,iNaturalist,Observations,18,07,SOSÚA,011807,874cf255affffff
https://www.inaturalist.org/observations/104882242,4091773390,Calophyllum antillanum,Calophyllum brasiliense var. antillanum (Britton) Standl.,Calophyllaceae,Calophyllum,VARIETY,HUMAN_OBSERVATION,2022-01-13T12:01,2022,-70.417182,19.753932,8,50c9509d-22c7-4a22-a47d-8c48425ef4a7,iNaturalist,Observations,18,07,SOSÚA,011807,874cf255affffff
https://www.inaturalist.org/observations/104882275,3925457447,Coccoloba uvifera,Coccoloba uvifera (L.) L.,Polygonaceae,Coccoloba,SPECIES,HUMAN_OBSERVATION,2022-01-13T12:04:27,2022,-70.417297,19.754123,9,50c9509d-22c7-4a22-a47d-8c48425ef4a7,iNaturalist,Observations,18,07,SOSÚA,011807,874cf255affffff
https://www.inaturalist.org/observations/104882310,4126849904,Cecropia schreberiana,Cecropia schreberiana Miq.,Urticaceae,Cecropia,SPECIES,HUMAN_OBSERVATION,2022-01-13T12:09:02,2022,-70.41779,19.753813,8,50c9509d-22c7-4a22-a47d-8c48425ef4a7,iNaturalist,Observations,18,07,SOSÚA,011807,874cf255affffff
https://www.inaturalist.org/observations/104882345,4129965367,Dieffenbachia seguine,Dieffenbachia seguine (Jacq.) Schott,Araceae,Dieffenbachia,SPECIES,HUMAN_OBSERVATION,2022-01-13T12:10:04,2022,-70.41776,19.753867,7,50c9509d-22c7-4a22-a47d-8c48425ef4a7,iNaturalist,Observations,18,07,SOSÚA,011807,874cf255affffff
https://www.inaturalist.org/observations/104882401,3466123699,Senna siamea,Senna siamea (Lam.) H.S.Irwin & Barneby,Fabaceae,Senna,SPECIES,HUMAN_OBSERVATION,2022-01-13T12:18:31,2022,-70.417382,19.75431,8,50c9509d-22c7-4a22-a47d-8c48425ef4a7,iNaturalist,Observations,18,07,SOSÚA,011807,874cf255affffff
https://www.inaturalist.org/observations/104882436,3456171717,Ipomoea pes-caprae,Ipomoea pes-caprae (L.) R.Br.,Convolvulaceae,Ipomoea,SPECIES,HUMAN_OBSERVATION,2022-01-13T12:24:30,2022,-70.41552,19.755017,8,50c9509d-22c7-4a22-a47d-8c48425ef4a7,iNaturalist,Observations,18,07,SOSÚA,011807,874cf255affffff
https://www.inaturalist.org/observations/104882446,3924991452,Coccoloba uvifera,Coccoloba uvifera (L.) L.,Polygonaceae,Coccoloba,SPECIES,HUMAN_OBSERVATION,2022-01-13T12:27,2022,-70.41572,19.755165,7,50c9509d-22c7-4a22-a47d-8c48425ef4a7,iNaturalist,Observations,18,07,SOSÚA,011807,874cf255affffff
https://www.inaturalist.org/observations/104882569,4039166387,Sesuvium portulacastrum,Sesuvium portulacastrum (L.) L.,Aizoaceae,Sesuvium,SPECIES,HUMAN_OBSERVATION,2022-01-13T12:35:06,2022,-70.415705,19.755107,6,50c9509d-22c7-4a22-a47d-8c48425ef4a7,iNaturalist,Observations,18,07,SOSÚA,011807,874cf255affffff
https://www.inaturalist.org/observations/104882600,3466121692,Scaevola plumieri,Scaevola plumieri (L.) Vahl,Goodeniaceae,Scaevola,SPECIES,HUMAN_OBSERVATION,2022-01-13T12:40:46,2022,-70.415865,19.755655,6,50c9509d-22c7-4a22-a47d-8c48425ef4a7,iNaturalist,Observations,18,07,SOSÚA,011807,874cf255affffff
https://www.inaturalist.org/observations/104882782,3455568516,Ipomoea imperati,Ipomoea imperati (Vahl) Griseb.,Convolvulaceae,Ipomoea,SPECIES,HUMAN_OBSERVATION,2022-01-13T12:43:29,2022,-70.415905,19.755722,8,50c9509d-22c7-4a22-a47d-8c48425ef4a7,iNaturalist,Observations,18,07,SOSÚA,011807,874cf255affffff
https://www.inaturalist.org/observations/104882807,3468917432,Suriana maritima,Suriana maritima L.,Surianaceae,Suriana,SPECIES,HUMAN_OBSERVATION,2022-01-13T12:45:40,2022,-70.41597,19.755785,9,50c9509d-22c7-4a22-a47d-8c48425ef4a7,iNaturalist,Observations,18,07,SOSÚA,011807,874cf255affffff
https://www.inaturalist.org/observations/104929191,3456442981,Bacopa monnieri,Bacopa monnieri (L.) Pennell,Plantaginaceae,Bacopa,SPECIES,HUMAN_OBSERVATION,2022-01-14T12:24:54,2022,-70.414292,19.743247,9,50c9509d-22c7-4a22-a47d-8c48425ef4a7,iNaturalist,Observations,18,07,SOSÚA,011807,874cf2474ffffff
https://www.inaturalist.org/observations/104929264,6185818946,Nymphaea ampla,Nymphaea ampla (Salisb.) DC.,Nymphaeaceae,Nymphaea,SPECIES,HUMAN_OBSERVATION,2022-01-14T13:02:58,2022,-70.408087,19.748113,4,50c9509d-22c7-4a22-a47d-8c48425ef4a7,iNaturalist,Observations,18,07,SOSÚA,011807,874cf255affffff
https://www.inaturalist.org/observations/104929303,3802539403,Aristolochia trilobata,Aristolochia trilobata L.,Aristolochiaceae,Aristolochia,SPECIES,HUMAN_OBSERVATION,2022-01-14T13:09:59,2022,-70.407623,19.748553,4,50c9509d-22c7-4a22-a47d-8c48425ef4a7,iNaturalist,Observations,18,07,SOSÚA,011807,874cf255affffff
https://www.inaturalist.org/observations/104934487,4028622654,Barringtonia asiatica,Barringtonia asiatica (L.) Kurz,Lecythidaceae,Barringtonia,SPECIES,HUMAN_OBSERVATION,2022-01-14T17:28:50,2022,-70.399363,19.749122,7,50c9509d-22c7-4a22-a47d-8c48425ef4a7,iNaturalist,Observations,18,07,SOSÚA,011807,874cf255bffffff
https://www.inaturalist.org/observations/105055724,4453723486,Cyperus ligularis,Cyperus ligularis L.,Cyperaceae,Cyperus,SPECIES,HUMAN_OBSERVATION,2022-01-16T13:19:21,2022,-70.418523,19.743672,6,50c9509d-22c7-4a22-a47d-8c48425ef4a7,iNaturalist,Observations,18,07,SOSÚA,011807,874cf2474ffffff
https://www.inaturalist.org/observations/105056286,4453713523,Asplenium dentatum,Asplenium dentatum L.,Aspleniaceae,Asplenium,SPECIES,HUMAN_OBSERVATION,2022-01-16T13:46,2022,-70.419212,19.740977,9,50c9509d-22c7-4a22-a47d-8c48425ef4a7,iNaturalist,Observations,18,07,SOSÚA,011807,874cf2474ffffff
https://www.inaturalist.org/observations/105056341,3743169426,Cyclopeltis semicordata,Cyclopeltis semicordata (Sw.) J.Sm.,Lomariopsidaceae,Cyclopeltis,SPECIES,HUMAN_OBSERVATION,2022-01-16T13:55:29,2022,-70.419047,19.741012,9,50c9509d-22c7-4a22-a47d-8c48425ef4a7,iNaturalist,Observations,18,07,SOSÚA,011807,874cf2474ffffff
https://www.inaturalist.org/observations/105056362,4597250700,Tectaria heracleifolia,Tectaria heracleifolia (Willd.) Underw.,Tectariaceae,Tectaria,SPECIES,HUMAN_OBSERVATION,2022-01-16T13:57:15,2022,-70.419132,19.740905,6,50c9509d-22c7-4a22-a47d-8c48425ef4a7,iNaturalist,Observations,18,07,SOSÚA,011807,874cf2474ffffff
https://www.inaturalist.org/observations/105056595,3468727568,Psychotria nervosa,Psychotria nervosa Sw.,Rubiaceae,Psychotria,SPECIES,HUMAN_OBSERVATION,2022-01-16T14:25:30,2022,-70.418877,19.740488,9,50c9509d-22c7-4a22-a47d-8c48425ef4a7,iNaturalist,Observations,18,07,SOSÚA,011807,874cf2474ffffff
https://www.inaturalist.org/observations/105056639,3902140601,Evolvulus nummularius,Evolvulus nummularius (L.) L.,Convolvulaceae,Evolvulus,SPECIES,HUMAN_OBSERVATION,2022-01-16T14:31:29,2022,-70.418907,19.740232,9,50c9509d-22c7-4a22-a47d-8c48425ef4a7,iNaturalist,Observations,18,07,SOSÚA,011807,874cf2474ffffff
https://www.inaturalist.org/observations/105056696,3468667496,Psychotria nervosa,Psychotria nervosa Sw.,Rubiaceae,Psychotria,SPECIES,HUMAN_OBSERVATION,2022-01-16T14:46:54,2022,-70.419097,19.739945,7,50c9509d-22c7-4a22-a47d-8c48425ef4a7,iNaturalist,Observations,18,07,SOSÚA,011807,874cf2474ffffff
https://www.inaturalist.org/observations/105056828,4034850380,Nama jamaicensis,Nama jamaicensis L.,Namaceae,Nama,SPECIES,HUMAN_OBSERVATION,2022-01-16T14:53:09,2022,-70.41917,19.740037,8,50c9509d-22c7-4a22-a47d-8c48425ef4a7,iNaturalist,Observations,18,07,SOSÚA,011807,874cf2474ffffff
https://www.inaturalist.org/observations/105056884,4153459362,Hamelia patens,Hamelia patens Jacq.,Rubiaceae,Hamelia,SPECIES,HUMAN_OBSERVATION,2022-01-16T15:01:55,2022,-70.41925,19.73949,9,50c9509d-22c7-4a22-a47d-8c48425ef4a7,iNaturalist,Observations,18,07,SOSÚA,011807,874cf2474ffffff
https://www.inaturalist.org/observations/105056973,4121122343,Pouteria sapota,Pouteria sapota (Jacq.) H.E.Moore & Stearn,Sapotaceae,Pouteria,SPECIES,HUMAN_OBSERVATION,2022-01-16T15:14:30,2022,-70.418468,19.737647,7,50c9509d-22c7-4a22-a47d-8c48425ef4a7,iNaturalist,Observations,18,07,SOSÚA,011807,874cf2474ffffff
https://www.inaturalist.org/observations/105057066,4458318559,Aristolochia ringens,Aristolochia ringens Vahl,Aristolochiaceae,Aristolochia,SPECIES,HUMAN_OBSERVATION,2022-01-16T15:29:46,2022,-70.417928,19.737257,6,50c9509d-22c7-4a22-a47d-8c48425ef4a7,iNaturalist,Observations,18,07,SOSÚA,011807,874cf2474ffffff
https://www.inaturalist.org/observations/105057089,3457190894,"Paraleonurus M.L.Qian, C.L.Xiang & Bo Li","Paraleonurus M.L.Qian, C.L.Xiang & Bo Li",Lamiaceae,Paraleonurus,GENUS,HUMAN_OBSERVATION,2022-01-16T15:31:06,2022,-70.418227,19.737088,8,50c9509d-22c7-4a22-a47d-8c48425ef4a7,iNaturalist,Observations,18,07,SOSÚA,011807,874cf2474ffffff
https://www.inaturalist.org/observations/105057095,4080976393,Dolichandra unguis-cati,Dolichandra unguis-cati (L.) L.G.Lohmann,Bignoniaceae,Dolichandra,SPECIES,HUMAN_OBSERVATION,2022-01-16T15:37:38,2022,-70.417195,19.736963,8,50c9509d-22c7-4a22-a47d-8c48425ef4a7,iNaturalist,Observations,18,07,SOSÚA,011807,874cf2474ffffff
https://www.inaturalist.org/observations/105057304,6234541057,Dioscorea alainii,Dioscorea alainii Raz,Dioscoreaceae,Dioscorea,SPECIES,HUMAN_OBSERVATION,2022-01-16T15:58:26,2022,-70.41828,19.736175,9,50c9509d-22c7-4a22-a47d-8c48425ef4a7,iNaturalist,Observations,18,07,SOSÚA,011807,874cf2474ffffff
https://www.inaturalist.org/observations/105057354,3456881912,Passiflora multiflora,Passiflora multiflora L.,Passifloraceae,Passiflora,SPECIES,HUMAN_OBSERVATION,2022-01-16T16:01:48,2022,-70.418298,19.736222,8,50c9509d-22c7-4a22-a47d-8c48425ef4a7,iNaturalist,Observations,18,07,SOSÚA,011807,874cf2474ffffff
https://www.inaturalist.org/observations/105057459,3457213894,Abrus precatorius,Abrus precatorius L.,Fabaceae,Abrus,SPECIES,HUMAN_OBSERVATION,2022-01-16T16:13:02,2022,-70.419513,19.7349,9,50c9509d-22c7-4a22-a47d-8c48425ef4a7,iNaturalist,Observations,18,07,SOSÚA,011807,874cf2474ffffff
https://www.inaturalist.org/observations/105057474,6234560407,Dioscorea alainii,Dioscorea alainii Raz,Dioscoreaceae,Dioscorea,SPECIES,HUMAN_OBSERVATION,2022-01-16T16:14:48,2022,-70.419533,19.73488,8,50c9509d-22c7-4a22-a47d-8c48425ef4a7,iNaturalist,Observations,18,07,SOSÚA,011807,874cf2474ffffff
https://www.inaturalist.org/observations/105057491,3455937453,Solanum seaforthianum,Solanum seaforthianum Andrews,Solanaceae,Solanum,SPECIES,HUMAN_OBSERVATION,2022-01-16T16:21:31,2022,-70.42001,19.734318,6,50c9509d-22c7-4a22-a47d-8c48425ef4a7,iNaturalist,Observations,18,07,SOSÚA,011807,874cf2474ffffff
https://www.inaturalist.org/observations/105057574,3985619557,Microsorum grossum,Microsorum grossum (Langsd. & Fisch.) S.B.Andrews,Polypodiaceae,Microsorum,SPECIES,HUMAN_OBSERVATION,2022-01-16T16:31:08,2022,-70.419907,19.731235,8,50c9509d-22c7-4a22-a47d-8c48425ef4a7,iNaturalist,Observations,18,07,SOSÚA,011807,874cf2474ffffff
https://www.inaturalist.org/observations/105057597,3456989647,Schaefferia frutescens,Schaefferia frutescens Jacq.,Celastraceae,Schaefferia,SPECIES,HUMAN_OBSERVATION,2022-01-16T16:32:27,2022,-70.419913,19.73127,9,50c9509d-22c7-4a22-a47d-8c48425ef4a7,iNaturalist,Observations,18,07,SOSÚA,011807,874cf2474ffffff
https://www.inaturalist.org/observations/105057768,3457005702,Rivina humilis,Rivina humilis L.,Petiveriaceae,Rivina,SPECIES,HUMAN_OBSERVATION,2022-01-16T16:45:24,2022,-70.419613,19.729653,8,50c9509d-22c7-4a22-a47d-8c48425ef4a7,iNaturalist,Observations,18,07,SOSÚA,011807,874cf2470ffffff
https://www.inaturalist.org/observations/105058122,4453695474,Sterculia apetala,Sterculia apetala (Jacq.) H.Karst.,Malvaceae,Sterculia,SPECIES,HUMAN_OBSERVATION,2022-01-16T16:55:07,2022,-70.419308,19.729445,6,50c9509d-22c7-4a22-a47d-8c48425ef4a7,iNaturalist,Observations,18,07,SOSÚA,011807,874cf2470ffffff
https://www.inaturalist.org/observations/105114268,3466200779,Scaevola taccada,Scaevola taccada (Gaertn.) Roxb.,Goodeniaceae,Scaevola,SPECIES,HUMAN_OBSERVATION,2022-01-13T12:52:21,2022,-70.416635,19.757008,9,50c9509d-22c7-4a22-a47d-8c48425ef4a7,iNaturalist,Observations,18,07,SOSÚA,011807,874cf255affffff
https://www.inaturalist.org/observations/105272363,4453846501,Paullinia pinnata,Paullinia pinnata L.,Sapindaceae,Paullinia,SPECIES,HUMAN_OBSERVATION,2022-01-20T12:53:53,2022,-70.41923,19.740835,9,50c9509d-22c7-4a22-a47d-8c48425ef4a7,iNaturalist,Observations,18,07,SOSÚA,011807,874cf2474ffffff
https://www.inaturalist.org/observations/105282615,3466011658,Urera baccifera,Urera baccifera (L.) Gaudich.,Urticaceae,Urera,SPECIES,HUMAN_OBSERVATION,2022-01-20T14:18:12,2022,-70.418872,19.738905,9,50c9509d-22c7-4a22-a47d-8c48425ef4a7,iNaturalist,Observations,18,07,SOSÚA,011807,874cf2474ffffff
https://www.inaturalist.org/observations/105282663,3466118572,Serjania polyphylla,Serjania polyphylla (L.) Poir. ex Steud.,Sapindaceae,Serjania,SPECIES,HUMAN_OBSERVATION,2022-01-20T14:20:37,2022,-70.41904,19.738193,8,50c9509d-22c7-4a22-a47d-8c48425ef4a7,iNaturalist,Observations,18,07,SOSÚA,011807,874cf2474ffffff
https://www.inaturalist.org/observations/105282735,3456141860,Eulophia maculata,Eulophia maculata (Lindl.) Rchb.f.,Orchidaceae,Eulophia,SPECIES,HUMAN_OBSERVATION,2022-01-20T14:35:54,2022,-70.419755,19.738578,8,50c9509d-22c7-4a22-a47d-8c48425ef4a7,iNaturalist,Observations,18,07,SOSÚA,011807,874cf2474ffffff
https://www.inaturalist.org/observations/105282769,4516390859,Dorstenia peltata,Dorstenia peltata Spreng.,Moraceae,Dorstenia,SPECIES,HUMAN_OBSERVATION,2022-01-20T14:43:09,2022,-70.421185,19.738173,9,50c9509d-22c7-4a22-a47d-8c48425ef4a7,iNaturalist,Observations,18,07,SOSÚA,011807,874cf2474ffffff
https://www.inaturalist.org/observations/105282864,3466134550,Peperomia rotundifolia,Peperomia rotundifolia (L.) Kunth,Piperaceae,Peperomia,SPECIES,HUMAN_OBSERVATION,2022-01-20T15:03:09,2022,-70.419825,19.738235,8,50c9509d-22c7-4a22-a47d-8c48425ef4a7,iNaturalist,Observations,18,07,SOSÚA,011807,874cf2474ffffff
https://www.inaturalist.org/observations/105282897,3466337577,Bursera simaruba,Bursera simaruba (L.) Sarg.,Burseraceae,Bursera,SPECIES,HUMAN_OBSERVATION,2022-01-20T15:08:53,2022,-70.419195,19.73889,9,50c9509d-22c7-4a22-a47d-8c48425ef4a7,iNaturalist,Observations,18,07,SOSÚA,011807,874cf2474ffffff
https://www.inaturalist.org/observations/105282902,5139934529,Microgramma heterophylla,Microgramma heterophylla (L.) Wherry,Polypodiaceae,Microgramma,SPECIES,HUMAN_OBSERVATION,2022-01-20T15:10:04,2022,-70.419088,19.738788,8,50c9509d-22c7-4a22-a47d-8c48425ef4a7,iNaturalist,Observations,18,07,SOSÚA,011807,874cf2474ffffff
https://www.inaturalist.org/observations/105282914,3465972755,Philodendron lacerum,Philodendron lacerum (Jacq.) Schott,Araceae,Philodendron,SPECIES,HUMAN_OBSERVATION,2022-01-20T15:12:17,2022,-70.419858,19.738593,8,50c9509d-22c7-4a22-a47d-8c48425ef4a7,iNaturalist,Observations,18,07,SOSÚA,011807,874cf2474ffffff
https://www.inaturalist.org/observations/105282954,4597159705,Hylocereus triangularis,Selenicereus triangularis (L.) D.R.Hunt,Cactaceae,Hylocereus,SPECIES,HUMAN_OBSERVATION,2022-01-20T15:21:09,2022,-70.419178,19.738643,9,50c9509d-22c7-4a22-a47d-8c48425ef4a7,iNaturalist,Observations,18,07,SOSÚA,011807,874cf2474ffffff
https://www.inaturalist.org/observations/105282976,3466202592,Guaiacum sanctum,Guaiacum sanctum L.,Zygophyllaceae,Guaiacum,SPECIES,HUMAN_OBSERVATION,2022-01-20T15:23:46,2022,-70.419355,19.738835,9,50c9509d-22c7-4a22-a47d-8c48425ef4a7,iNaturalist,Observations,18,07,SOSÚA,011807,874cf2474ffffff
https://www.inaturalist.org/observations/105282981,3466258583,Hylocereus triangularis,Selenicereus triangularis (L.) D.R.Hunt,Cactaceae,Hylocereus,SPECIES,HUMAN_OBSERVATION,2022-01-20T15:31:45,2022,-70.419177,19.738558,10,50c9509d-22c7-4a22-a47d-8c48425ef4a7,iNaturalist,Observations,18,07,SOSÚA,011807,874cf2474ffffff
https://www.inaturalist.org/observations/105283014,4034748383,Calophyllum antillanum,Calophyllum brasiliense var. antillanum (Britton) Standl.,Calophyllaceae,Calophyllum,VARIETY,HUMAN_OBSERVATION,2022-01-20T15:46:30,2022,-70.418073,19.738445,9,50c9509d-22c7-4a22-a47d-8c48425ef4a7,iNaturalist,Observations,18,07,SOSÚA,011807,874cf2474ffffff
https://www.inaturalist.org/observations/105283102,4028641448,Cupania americana,Cupania americana L.,Sapindaceae,Cupania,SPECIES,HUMAN_OBSERVATION,2022-01-20T15:50:42,2022,-70.418277,19.738425,8,50c9509d-22c7-4a22-a47d-8c48425ef4a7,iNaturalist,Observations,18,07,SOSÚA,011807,874cf2474ffffff
https://www.inaturalist.org/observations/105283131,3465943717,Tradescantia zebrina,Tradescantia zebrina Bosse,Commelinaceae,Tradescantia,SPECIES,HUMAN_OBSERVATION,2022-01-20T15:57:52,2022,-70.417113,19.737675,8,50c9509d-22c7-4a22-a47d-8c48425ef4a7,iNaturalist,Observations,18,07,SOSÚA,011807,874cf2474ffffff
https://www.inaturalist.org/observations/105283136,3465896593,Roystonea borinquena,Roystonea borinquena O.F.Cook,Arecaceae,Roystonea,SPECIES,HUMAN_OBSERVATION,2022-01-20T15:58:25,2022,-70.417122,19.73768,7,50c9509d-22c7-4a22-a47d-8c48425ef4a7,iNaturalist,Observations,18,07,SOSÚA,011807,874cf2474ffffff
https://www.inaturalist.org/observations/105283141,3466073774,Euphorbia pulcherrima,Euphorbia pulcherrima Willd. ex Klotzsch,Euphorbiaceae,Euphorbia,SPECIES,HUMAN_OBSERVATION,2022-01-20T15:59:25,2022,-70.417093,19.737733,7,50c9509d-22c7-4a22-a47d-8c48425ef4a7,iNaturalist,Observations,18,07,SOSÚA,011807,874cf2474ffffff
https://www.inaturalist.org/observations/105283163,3466199807,Asplenium dentatum,Asplenium dentatum L.,Aspleniaceae,Asplenium,SPECIES,HUMAN_OBSERVATION,2022-01-20T16:14:27,2022,-70.417115,19.737612,8,50c9509d-22c7-4a22-a47d-8c48425ef4a7,iNaturalist,Observations,18,07,SOSÚA,011807,874cf2474ffffff
https://www.inaturalist.org/observations/105283216,3457037454,Spathodea campanulata,Spathodea campanulata Beauverd,Bignoniaceae,Spathodea,SPECIES,HUMAN_OBSERVATION,2022-01-20T16:35:18,2022,-70.41689,19.736603,9,50c9509d-22c7-4a22-a47d-8c48425ef4a7,iNaturalist,Observations,18,07,SOSÚA,011807,874cf2474ffffff
https://www.inaturalist.org/observations/105283221,3455790343,Jatropha gossypiifolia,Jatropha gossypiifolia L.,Euphorbiaceae,Jatropha,SPECIES,HUMAN_OBSERVATION,2022-01-20T16:44:46,2022,-70.419472,19.739337,9,50c9509d-22c7-4a22-a47d-8c48425ef4a7,iNaturalist,Observations,18,07,SOSÚA,011807,874cf2474ffffff
https://www.inaturalist.org/observations/105283228,3465970581,Syzygium malaccense,Syzygium malaccense (L.) Merr. & L.M.Perry,Myrtaceae,Syzygium,SPECIES,HUMAN_OBSERVATION,2022-01-20T16:50:57,2022,-70.420847,19.741347,9,50c9509d-22c7-4a22-a47d-8c48425ef4a7,iNaturalist,Observations,18,07,SOSÚA,011807,874cf2474ffffff
https://www.inaturalist.org/observations/105638049,4510245598,Euphorbia hypericifolia,Euphorbia hypericifolia L.,Euphorbiaceae,Euphorbia,SPECIES,HUMAN_OBSERVATION,2022-01-26T17:28:53,2022,-70.419745,19.75105,7,50c9509d-22c7-4a22-a47d-8c48425ef4a7,iNaturalist,Observations,18,07,SOSÚA,011807,874cf255affffff
https://www.inaturalist.org/observations/105638196,3902190975,Telmatoblechnum serrulatum,"Telmatoblechnum serrulatum (Rich.) Perrie, D.J.Ohlsen & Brownsey",Blechnaceae,Telmatoblechnum,SPECIES,HUMAN_OBSERVATION,2022-01-26T17:46:02,2022,-70.42141,19.75167,8,50c9509d-22c7-4a22-a47d-8c48425ef4a7,iNaturalist,Observations,18,07,SOSÚA,011807,874cf255affffff
https://www.inaturalist.org/observations/105638499,4954757364,Sphagneticola trilobata,Sphagneticola trilobata (L.) Pruski,Asteraceae,Sphagneticola,SPECIES,HUMAN_OBSERVATION,2022-01-26T18:03:43,2022,-70.422645,19.753267,4,50c9509d-22c7-4a22-a47d-8c48425ef4a7,iNaturalist,Observations,18,07,SOSÚA,011807,874cf255affffff
https://www.inaturalist.org/observations/105638614,3466254811,Momordica charantia,Momordica charantia L.,Cucurbitaceae,Momordica,SPECIES,HUMAN_OBSERVATION,2022-01-26T18:16:36,2022,-70.422875,19.753832,4,50c9509d-22c7-4a22-a47d-8c48425ef4a7,iNaturalist,Observations,18,07,SOSÚA,011807,874cf255affffff
https://www.inaturalist.org/observations/105638633,3698157521,Chrysobalanus icaco,Chrysobalanus icaco L.,Chrysobalanaceae,Chrysobalanus,SPECIES,HUMAN_OBSERVATION,2022-01-26T18:17:20,2022,-70.422768,19.754197,8,50c9509d-22c7-4a22-a47d-8c48425ef4a7,iNaturalist,Observations,18,07,SOSÚA,011807,874cf255affffff
https://www.inaturalist.org/observations/105638714,3925172475,Chrysobalanus icaco,Chrysobalanus icaco L.,Chrysobalanaceae,Chrysobalanus,SPECIES,HUMAN_OBSERVATION,2022-01-26T18:22:13,2022,-70.422807,19.753833,5,50c9509d-22c7-4a22-a47d-8c48425ef4a7,iNaturalist,Observations,18,07,SOSÚA,011807,874cf255affffff
https://www.inaturalist.org/observations/105638744,4129885400,Calophyllum antillanum,Calophyllum brasiliense var. antillanum (Britton) Standl.,Calophyllaceae,Calophyllum,VARIETY,HUMAN_OBSERVATION,2022-01-26T18:25:06,2022,-70.422795,19.75385,6,50c9509d-22c7-4a22-a47d-8c48425ef4a7,iNaturalist,Observations,18,07,SOSÚA,011807,874cf255affffff
https://www.inaturalist.org/observations/105639347,4597223709,Aristolochia trilobata,Aristolochia trilobata L.,Aristolochiaceae,Aristolochia,SPECIES,HUMAN_OBSERVATION,2022-01-26T18:38:27,2022,-70.422953,19.754423,7,50c9509d-22c7-4a22-a47d-8c48425ef4a7,iNaturalist,Observations,18,07,SOSÚA,011807,874cf255affffff
https://www.inaturalist.org/observations/105639511,3923406445,Bursera simaruba,Bursera simaruba (L.) Sarg.,Burseraceae,Bursera,SPECIES,HUMAN_OBSERVATION,2022-01-26T18:53:32,2022,-70.416485,19.75246,5,50c9509d-22c7-4a22-a47d-8c48425ef4a7,iNaturalist,Observations,18,07,SOSÚA,011807,874cf255affffff
https://www.inaturalist.org/observations/105739260,4126759667,Gliricidia sepium,Gliricidia sepium (Jacq.) Kunth,Fabaceae,Gliricidia,SPECIES,HUMAN_OBSERVATION,2022-01-28T12:24:11,2022,-70.417118,19.73755,8,50c9509d-22c7-4a22-a47d-8c48425ef4a7,iNaturalist,Observations,18,07,SOSÚA,011807,874cf2474ffffff
https://www.inaturalist.org/observations/105739270,3466313767,Passiflora murucuja,Passiflora murucuja L.,Passifloraceae,Passiflora,SPECIES,HUMAN_OBSERVATION,2022-01-28T12:39:46,2022,-70.419843,19.729672,9,50c9509d-22c7-4a22-a47d-8c48425ef4a7,iNaturalist,Observations,18,07,SOSÚA,011807,874cf2470ffffff
https://www.inaturalist.org/observations/105739306,3499444618,Annona muricata,Annona muricata L.,Annonaceae,Annona,SPECIES,HUMAN_OBSERVATION,2022-01-28T12:47:50,2022,-70.418695,19.72847,9,50c9509d-22c7-4a22-a47d-8c48425ef4a7,iNaturalist,Observations,18,07,SOSÚA,011807,874cf2470ffffff
https://www.inaturalist.org/observations/105739314,6185293940,Pitcairnia jimenezii,Pitcairnia jimenezii L.B.Sm.,Bromeliaceae,Pitcairnia,SPECIES,HUMAN_OBSERVATION,2022-01-28T12:53:16,2022,-70.418187,19.728082,9,50c9509d-22c7-4a22-a47d-8c48425ef4a7,iNaturalist,Observations,18,07,SOSÚA,011807,874cf2470ffffff
https://www.inaturalist.org/observations/105739544,3499521617,Caladium bicolor,Caladium bicolor (Aiton) Vent.,Araceae,Caladium,SPECIES,HUMAN_OBSERVATION,2022-01-28T13:13:51,2022,-70.416958,19.726643,5,50c9509d-22c7-4a22-a47d-8c48425ef4a7,iNaturalist,Observations,18,07,SOSÚA,011807,874cf2470ffffff
https://www.inaturalist.org/observations/105739664,4453718507,Jasminum fluminense,Jasminum fluminense Vell.,Oleaceae,Jasminum,SPECIES,HUMAN_OBSERVATION,2022-01-28T13:43:07,2022,-70.415867,19.724902,7,50c9509d-22c7-4a22-a47d-8c48425ef4a7,iNaturalist,Observations,18,07,SOSÚA,011807,874cf2470ffffff
https://www.inaturalist.org/observations/105739739,4075713585,Dieffenbachia seguine,Dieffenbachia seguine (Jacq.) Schott,Araceae,Dieffenbachia,SPECIES,HUMAN_OBSERVATION,2022-01-28T13:52:50,2022,-70.415803,19.724392,8,50c9509d-22c7-4a22-a47d-8c48425ef4a7,iNaturalist,Observations,18,07,SOSÚA,011807,874cf2470ffffff
https://www.inaturalist.org/observations/105739776,3499649631,Rivina humilis,Rivina humilis L.,Petiveriaceae,Rivina,SPECIES,HUMAN_OBSERVATION,2022-01-28T14:01:54,2022,-70.415588,19.724447,9,50c9509d-22c7-4a22-a47d-8c48425ef4a7,iNaturalist,Observations,18,07,SOSÚA,011807,874cf2470ffffff
https://www.inaturalist.org/observations/105739909,4034618384,Campyloneurum phyllitidis,Campyloneurum phyllitidis (L.) C.Presl,Polypodiaceae,Campyloneurum,SPECIES,HUMAN_OBSERVATION,2022-01-28T14:13:36,2022,-70.415955,19.723503,8,50c9509d-22c7-4a22-a47d-8c48425ef4a7,iNaturalist,Observations,18,07,SOSÚA,011807,874cf2470ffffff
https://www.inaturalist.org/observations/105739934,4516158765,Miconia laevigata,Miconia laevigata (L.) DC.,Melastomataceae,Miconia,SPECIES,HUMAN_OBSERVATION,2022-01-28T14:18:12,2022,-70.415647,19.722403,8,50c9509d-22c7-4a22-a47d-8c48425ef4a7,iNaturalist,Observations,18,07,SOSÚA,011807,874cf2470ffffff
https://www.inaturalist.org/observations/105740018,4067629541,Wallenia laurifolia,Wallenia laurifolia (Jacq.) Sw.,Primulaceae,Wallenia,SPECIES,HUMAN_OBSERVATION,2022-01-28T14:25:50,2022,-70.415002,19.721682,6,50c9509d-22c7-4a22-a47d-8c48425ef4a7,iNaturalist,Observations,18,07,SOSÚA,011807,874cf2470ffffff
https://www.inaturalist.org/observations/105740028,4096429445,Cecropia schreberiana,Cecropia schreberiana subsp. antillarum (Snethl.) C.C.Berg & P.Franco,Urticaceae,Cecropia,SUBSPECIES,HUMAN_OBSERVATION,2022-01-28T14:30:36,2022,-70.415167,19.720908,7,50c9509d-22c7-4a22-a47d-8c48425ef4a7,iNaturalist,Observations,18,07,SOSÚA,011807,874cf2470ffffff
https://www.inaturalist.org/observations/105740040,4062710390,Cupania americana,Cupania americana L.,Sapindaceae,Cupania,SPECIES,HUMAN_OBSERVATION,2022-01-28T14:31:57,2022,-70.415167,19.720887,8,50c9509d-22c7-4a22-a47d-8c48425ef4a7,iNaturalist,Observations,18,07,SOSÚA,011807,874cf2470ffffff
https://www.inaturalist.org/observations/105740238,4028976466,Roystonea borinquena,Roystonea borinquena O.F.Cook,Arecaceae,Roystonea,SPECIES,HUMAN_OBSERVATION,2022-01-28T15:09:04,2022,-70.413957,19.716262,7,50c9509d-22c7-4a22-a47d-8c48425ef4a7,iNaturalist,Observations,18,07,SOSÚA,011807,874cf2470ffffff
https://www.inaturalist.org/observations/105740276,3858270898,Cornutia pyramidata,Cornutia pyramidata L.,Lamiaceae,Cornutia,SPECIES,HUMAN_OBSERVATION,2022-01-28T15:15:33,2022,-70.412438,19.716202,9,50c9509d-22c7-4a22-a47d-8c48425ef4a7,iNaturalist,Observations,18,07,SOSÚA,011807,874cf2470ffffff
https://www.inaturalist.org/observations/105740319,4126951531,Calophyllum antillanum,Calophyllum brasiliense var. antillanum (Britton) Standl.,Calophyllaceae,Calophyllum,VARIETY,HUMAN_OBSERVATION,2022-01-28T15:19:36,2022,-70.411932,19.716017,6,50c9509d-22c7-4a22-a47d-8c48425ef4a7,iNaturalist,Observations,18,07,SOSÚA,011807,874cf2470ffffff
https://www.inaturalist.org/observations/105740362,3743186428,Bromelia pinguin,Bromelia pinguin L.,Bromeliaceae,Bromelia,SPECIES,HUMAN_OBSERVATION,2022-01-28T15:25:13,2022,-70.410823,19.715592,7,50c9509d-22c7-4a22-a47d-8c48425ef4a7,iNaturalist,Observations,18,07,SOSÚA,011807,874cf2470ffffff
https://www.inaturalist.org/observations/105740367,3499665529,Gliricidia sepium,Gliricidia sepium (Jacq.) Kunth,Fabaceae,Gliricidia,SPECIES,HUMAN_OBSERVATION,2022-01-28T15:27:30,2022,-70.410097,19.715698,9,50c9509d-22c7-4a22-a47d-8c48425ef4a7,iNaturalist,Observations,18,07,SOSÚA,011807,874cf2470ffffff
https://www.inaturalist.org/observations/105740384,3466270086,Centrosema pubescens,Centrosema pubescens Benth.,Fabaceae,Centrosema,SPECIES,HUMAN_OBSERVATION,2022-01-28T15:29:15,2022,-70.409867,19.715698,6,50c9509d-22c7-4a22-a47d-8c48425ef4a7,iNaturalist,Observations,18,07,SOSÚA,011807,874cf2470ffffff
https://www.inaturalist.org/observations/105740426,3466265387,Tradescantia spathacea,Tradescantia spathacea Sw.,Commelinaceae,Tradescantia,SPECIES,HUMAN_OBSERVATION,2022-01-28T15:40:20,2022,-70.407617,19.715043,7,50c9509d-22c7-4a22-a47d-8c48425ef4a7,iNaturalist,Observations,18,07,SOSÚA,011807,874cf2471ffffff
https://www.inaturalist.org/observations/105740502,6171131372,Theophrasta L.,Theophrasta L.,Primulaceae,Theophrasta,GENUS,HUMAN_OBSERVATION,2022-01-28T15:53:14,2022,-70.405413,19.712735,8,50c9509d-22c7-4a22-a47d-8c48425ef4a7,iNaturalist,Observations,18,07,SOSÚA,011807,874cf2471ffffff
https://www.inaturalist.org/observations/105740552,3466503103,Eulophia maculata,Eulophia maculata (Lindl.) Rchb.f.,Orchidaceae,Eulophia,SPECIES,HUMAN_OBSERVATION,2022-01-28T15:53:41,2022,-70.405368,19.712717,8,50c9509d-22c7-4a22-a47d-8c48425ef4a7,iNaturalist,Observations,18,07,SOSÚA,011807,874cf2471ffffff
https://www.inaturalist.org/observations/105740639,3468900434,Psychotria nervosa,Psychotria nervosa Sw.,Rubiaceae,Psychotria,SPECIES,HUMAN_OBSERVATION,2022-01-28T15:57:04,2022,-70.404937,19.712268,8,50c9509d-22c7-4a22-a47d-8c48425ef4a7,iNaturalist,Observations,18,07,SOSÚA,011807,874cf2471ffffff
https://www.inaturalist.org/observations/105741078,3499382607,Pavonia spinifex,Pavonia spinifex (L.) Cav.,Malvaceae,Pavonia,SPECIES,HUMAN_OBSERVATION,2022-01-28T16:04:27,2022,-70.403378,19.71258,8,50c9509d-22c7-4a22-a47d-8c48425ef4a7,iNaturalist,Observations,18,07,SOSÚA,011807,874cf2471ffffff
https://www.inaturalist.org/observations/105741113,4921810998,Casearia sylvestris,Casearia sylvestris Sw.,Salicaceae,Casearia,SPECIES,HUMAN_OBSERVATION,2022-01-28T16:09:09,2022,-70.402108,19.712738,3,50c9509d-22c7-4a22-a47d-8c48425ef4a7,iNaturalist,Observations,18,07,SOSÚA,011807,874cf2471ffffff
https://www.inaturalist.org/observations/105741210,3499493588,Cupania americana,Cupania americana L.,Sapindaceae,Cupania,SPECIES,HUMAN_OBSERVATION,2022-01-28T16:10:54,2022,-70.401977,19.712833,5,50c9509d-22c7-4a22-a47d-8c48425ef4a7,iNaturalist,Observations,18,07,SOSÚA,011807,874cf2471ffffff
https://www.inaturalist.org/observations/105741415,3499500466,Cupania americana,Cupania americana L.,Sapindaceae,Cupania,SPECIES,HUMAN_OBSERVATION,2022-01-28T16:24:08,2022,-70.401338,19.711928,7,50c9509d-22c7-4a22-a47d-8c48425ef4a7,iNaturalist,Observations,18,07,SOSÚA,011807,874cf2471ffffff
https://www.inaturalist.org/observations/105741483,6185473411,Coccoloba diversifolia,Coccoloba diversifolia Jacq.,Polygonaceae,Coccoloba,SPECIES,HUMAN_OBSERVATION,2022-01-28T16:32:03,2022,-70.40189,19.710582,4,50c9509d-22c7-4a22-a47d-8c48425ef4a7,iNaturalist,Observations,18,07,SOSÚA,011807,874cf2471ffffff
https://www.inaturalist.org/observations/105742044,3499654615,Epipremnum aureum,Epipremnum aureum (Linden & André) G.S.Bunting,Araceae,Epipremnum,SPECIES,HUMAN_OBSERVATION,2022-01-28T16:50:33,2022,-70.398152,19.705952,8,50c9509d-22c7-4a22-a47d-8c48425ef4a7,iNaturalist,Observations,18,07,SOSÚA,011807,874cf2471ffffff
https://www.inaturalist.org/observations/105742243,3499658616,Piper peltatum,Piper peltatum L.,Piperaceae,Piper,SPECIES,HUMAN_OBSERVATION,2022-01-28T16:59:15,2022,-70.396538,19.705382,7,50c9509d-22c7-4a22-a47d-8c48425ef4a7,iNaturalist,Observations,18,07,SOSÚA,011807,874cf2471ffffff
https://www.inaturalist.org/observations/105742316,4096496459,Terminalia buceras,Terminalia buceras (L.) C.Wright,Combretaceae,Terminalia,SPECIES,HUMAN_OBSERVATION,2022-01-28T17:07:50,2022,-70.392005,19.703943,4,50c9509d-22c7-4a22-a47d-8c48425ef4a7,iNaturalist,Observations,18,07,SOSÚA,011807,874cf2471ffffff
https://www.inaturalist.org/observations/105742590,3499472629,Roystonea borinquena,Roystonea borinquena O.F.Cook,Arecaceae,Roystonea,SPECIES,HUMAN_OBSERVATION,2022-01-28T17:14:46,2022,-70.389875,19.703945,9,50c9509d-22c7-4a22-a47d-8c48425ef4a7,iNaturalist,Observations,18,07,SOSÚA,011807,874cf2444ffffff
https://www.inaturalist.org/observations/105742662,3499382608,Samanea saman,Samanea saman (Jacq.) Merr.,Fabaceae,Samanea,SPECIES,HUMAN_OBSERVATION,2022-01-28T17:21:22,2022,-70.387547,19.704412,10,50c9509d-22c7-4a22-a47d-8c48425ef4a7,iNaturalist,Observations,18,07,SOSÚA,011807,874cf2444ffffff
https://www.inaturalist.org/observations/105742777,3466162654,Stigmaphyllon emarginatum,Stigmaphyllon emarginatum (Cav.) A.Juss.,Malpighiaceae,Stigmaphyllon,SPECIES,HUMAN_OBSERVATION,2022-01-28T17:26:27,2022,-70.387605,19.704367,9,50c9509d-22c7-4a22-a47d-8c48425ef4a7,iNaturalist,Observations,18,07,SOSÚA,011807,874cf2444ffffff
https://www.inaturalist.org/observations/105742847,3466444314,Hyptis capitata,Hyptis capitata Jacq.,Lamiaceae,Hyptis,SPECIES,HUMAN_OBSERVATION,2022-01-28T17:30:45,2022,-70.38623,19.704383,9,50c9509d-22c7-4a22-a47d-8c48425ef4a7,iNaturalist,Observations,18,07,SOSÚA,011807,874cf2444ffffff
https://www.inaturalist.org/observations/105742944,3466465684,Thunbergia fragrans,Thunbergia fragrans Roxb.,Acanthaceae,Thunbergia,SPECIES,HUMAN_OBSERVATION,2022-01-28T17:33:35,2022,-70.384923,19.703345,8,50c9509d-22c7-4a22-a47d-8c48425ef4a7,iNaturalist,Observations,18,07,SOSÚA,011807,874cf2444ffffff
https://www.inaturalist.org/observations/105803579,3466243950,Elaeis guineensis,Elaeis guineensis Jacq.,Arecaceae,Elaeis,SPECIES,HUMAN_OBSERVATION,2022-01-29T18:02,2022,-70.418485,19.74479,6,50c9509d-22c7-4a22-a47d-8c48425ef4a7,iNaturalist,Observations,18,07,SOSÚA,011807,874cf2474ffffff
https://www.inaturalist.org/observations/105803639,4133656360,Calophyllum antillanum,Calophyllum brasiliense var. antillanum (Britton) Standl.,Calophyllaceae,Calophyllum,VARIETY,HUMAN_OBSERVATION,2022-01-29T18:06:37,2022,-70.418175,19.745012,9,50c9509d-22c7-4a22-a47d-8c48425ef4a7,iNaturalist,Observations,18,07,SOSÚA,011807,874cf2474ffffff
https://www.inaturalist.org/observations/105803672,3698199516,Chrysobalanus icaco,Chrysobalanus icaco L.,Chrysobalanaceae,Chrysobalanus,SPECIES,HUMAN_OBSERVATION,2022-01-29T18:10:12,2022,-70.417605,19.745612,8,50c9509d-22c7-4a22-a47d-8c48425ef4a7,iNaturalist,Observations,18,07,SOSÚA,011807,874cf2474ffffff
https://www.inaturalist.org/observations/105803705,4535575550,Conocarpus erectus,Conocarpus erectus L.,Combretaceae,Conocarpus,SPECIES,HUMAN_OBSERVATION,2022-01-29T18:11:16,2022,-70.417767,19.745673,7,50c9509d-22c7-4a22-a47d-8c48425ef4a7,iNaturalist,Observations,18,07,SOSÚA,011807,874cf2474ffffff
https://www.inaturalist.org/observations/105803778,4127259983,Ceiba pentandra,Ceiba pentandra (L.) Gaertn.,Malvaceae,Ceiba,SPECIES,HUMAN_OBSERVATION,2022-01-29T18:17,2022,-70.417867,19.745908,9,50c9509d-22c7-4a22-a47d-8c48425ef4a7,iNaturalist,Observations,18,07,SOSÚA,011807,874cf2474ffffff
https://www.inaturalist.org/observations/105804110,3499645595,Senna alata,Senna alata (L.) Roxb.,Fabaceae,Senna,SPECIES,HUMAN_OBSERVATION,2022-01-29T18:35:09,2022,-70.417718,19.746113,8,50c9509d-22c7-4a22-a47d-8c48425ef4a7,iNaturalist,Observations,18,07,SOSÚA,011807,874cf2474ffffff
https://www.inaturalist.org/observations/105804135,3499338634,Muntingia calabura,Muntingia calabura L.,Muntingiaceae,Muntingia,SPECIES,HUMAN_OBSERVATION,2022-01-29T18:41:07,2022,-70.417743,19.746353,9,50c9509d-22c7-4a22-a47d-8c48425ef4a7,iNaturalist,Observations,18,07,SOSÚA,011807,874cf2474ffffff
https://www.inaturalist.org/observations/106018228,3466470432,Morinda citrifolia,Morinda citrifolia L.,Rubiaceae,Morinda,SPECIES,HUMAN_OBSERVATION,2022-02-02T09:51:50,2022,-70.465025,19.783737,200,50c9509d-22c7-4a22-a47d-8c48425ef4a7,iNaturalist,Observations,18,07,SOSÚA,011807,874cf2421ffffff
https://www.inaturalist.org/observations/106689739,3499542670,Asparagus setaceus,Asparagus setaceus (Kunth) Jessop,Asparagaceae,Asparagus,SPECIES,HUMAN_OBSERVATION,2022-02-12T18:39:58,2022,-70.421525,19.742287,6,50c9509d-22c7-4a22-a47d-8c48425ef4a7,iNaturalist,Observations,18,07,SOSÚA,011807,874cf2474ffffff
https://www.inaturalist.org/observations/106744781,3499578051,Eulophia maculata,Eulophia maculata (Lindl.) Rchb.f.,Orchidaceae,Eulophia,SPECIES,HUMAN_OBSERVATION,2022-02-13T18:40:30,2022,-70.419437,19.729808,8,50c9509d-22c7-4a22-a47d-8c48425ef4a7,iNaturalist,Observations,18,07,SOSÚA,011807,874cf2470ffffff
https://www.inaturalist.org/observations/106744804,3499672849,Bocconia frutescens,Bocconia frutescens L.,Papaveraceae,Bocconia,SPECIES,HUMAN_OBSERVATION,2022-02-13T18:47:11,2022,-70.419452,19.729787,5,50c9509d-22c7-4a22-a47d-8c48425ef4a7,iNaturalist,Observations,18,07,SOSÚA,011807,874cf2470ffffff
https://www.inaturalist.org/observations/106826486,4028819680,Oxalis corniculata,Oxalis corniculata L.,Oxalidaceae,Oxalis,SPECIES,HUMAN_OBSERVATION,2022-02-15T12:27:12,2022,-70.412382,19.749523,8,50c9509d-22c7-4a22-a47d-8c48425ef4a7,iNaturalist,Observations,18,07,SOSÚA,011807,874cf255affffff
https://www.inaturalist.org/observations/106826550,3499562863,Andrographis paniculata,Andrographis paniculata (Burm.fil.) Nees,Acanthaceae,Andrographis,SPECIES,HUMAN_OBSERVATION,2022-02-15T15:44:47,2022,-70.417618,19.738288,4,50c9509d-22c7-4a22-a47d-8c48425ef4a7,iNaturalist,Observations,18,07,SOSÚA,011807,874cf2474ffffff
https://www.inaturalist.org/observations/107107270,4872083244,Eclipta prostrata,Eclipta prostrata (L.) L.,Asteraceae,Eclipta,SPECIES,HUMAN_OBSERVATION,2022-02-19T07:52:18,2022,-70.419132,19.74289,5,50c9509d-22c7-4a22-a47d-8c48425ef4a7,iNaturalist,Observations,18,07,SOSÚA,011807,874cf2474ffffff
https://www.inaturalist.org/observations/107116993,3698206746,Oldenlandiopsis callitrichoides,Oldenlandiopsis callitrichoides (Griseb.) Terrell & W.H.Lewis,Rubiaceae,Oldenlandiopsis,SPECIES,HUMAN_OBSERVATION,2022-02-20T12:22:45,2022,-70.503837,19.769408,4,50c9509d-22c7-4a22-a47d-8c48425ef4a7,iNaturalist,Observations,18,07,SOSÚA,011807,874cf2400ffffff
https://www.inaturalist.org/observations/107117245,3698193758,Ipomoea quamoclit,Ipomoea quamoclit L.,Convolvulaceae,Ipomoea,SPECIES,HUMAN_OBSERVATION,2022-02-20T12:30:59,2022,-70.49971,19.76692,4,50c9509d-22c7-4a22-a47d-8c48425ef4a7,iNaturalist,Observations,18,07,SOSÚA,011807,874cf2400ffffff
https://www.inaturalist.org/observations/107136231,3698350807,Bursera simaruba,Bursera simaruba (L.) Sarg.,Burseraceae,Bursera,SPECIES,HUMAN_OBSERVATION,2022-02-20T15:56:25,2022,-70.503458,19.769605,5,50c9509d-22c7-4a22-a47d-8c48425ef4a7,iNaturalist,Observations,18,07,SOSÚA,011807,874cf2400ffffff
https://www.inaturalist.org/observations/107136583,3985762517,Psychotria nervosa,Psychotria nervosa Sw.,Rubiaceae,Psychotria,SPECIES,HUMAN_OBSERVATION,2022-02-20T16:08:20,2022,-70.50373,19.768992,6,50c9509d-22c7-4a22-a47d-8c48425ef4a7,iNaturalist,Observations,18,07,SOSÚA,011807,874cf2400ffffff
https://www.inaturalist.org/observations/107136692,4096462466,Cupania americana,Cupania americana L.,Sapindaceae,Cupania,SPECIES,HUMAN_OBSERVATION,2022-02-20T16:13:28,2022,-70.503668,19.768812,5,50c9509d-22c7-4a22-a47d-8c48425ef4a7,iNaturalist,Observations,18,07,SOSÚA,011807,874cf2400ffffff
https://www.inaturalist.org/observations/107136720,3698312899,Serjania polyphylla,Serjania polyphylla (L.) Poir. ex Steud.,Sapindaceae,Serjania,SPECIES,HUMAN_OBSERVATION,2022-02-20T16:14:45,2022,-70.503635,19.768745,5,50c9509d-22c7-4a22-a47d-8c48425ef4a7,iNaturalist,Observations,18,07,SOSÚA,011807,874cf2400ffffff
https://www.inaturalist.org/observations/107136746,3698383776,Chiococca alba,Chiococca alba (L.) Hitchc.,Rubiaceae,Chiococca,SPECIES,HUMAN_OBSERVATION,2022-02-20T16:17:24,2022,-70.503482,19.76848,6,50c9509d-22c7-4a22-a47d-8c48425ef4a7,iNaturalist,Observations,18,07,SOSÚA,011807,874cf2400ffffff
https://www.inaturalist.org/observations/107136771,3698186825,Paullinia pinnata,Paullinia pinnata L.,Sapindaceae,Paullinia,SPECIES,HUMAN_OBSERVATION,2022-02-20T16:18:19,2022,-70.503485,19.768482,4,50c9509d-22c7-4a22-a47d-8c48425ef4a7,iNaturalist,Observations,18,07,SOSÚA,011807,874cf2400ffffff
https://www.inaturalist.org/observations/107136867,3698084705,Hamelia patens,Hamelia patens Jacq.,Rubiaceae,Hamelia,SPECIES,HUMAN_OBSERVATION,2022-02-20T16:22:40,2022,-70.503342,19.768732,3,50c9509d-22c7-4a22-a47d-8c48425ef4a7,iNaturalist,Observations,18,07,SOSÚA,011807,874cf2400ffffff
https://www.inaturalist.org/observations/107136993,3698109764,Leucaena leucocephala,Leucaena leucocephala (Lam.) de Wit,Fabaceae,Leucaena,SPECIES,HUMAN_OBSERVATION,2022-02-20T16:24:50,2022,-70.503413,19.768698,3,50c9509d-22c7-4a22-a47d-8c48425ef4a7,iNaturalist,Observations,18,07,SOSÚA,011807,874cf2400ffffff
https://www.inaturalist.org/observations/107137123,3698363864,Muntingia calabura,Muntingia calabura L.,Muntingiaceae,Muntingia,SPECIES,HUMAN_OBSERVATION,2022-02-20T16:29:19,2022,-70.503158,19.768903,3,50c9509d-22c7-4a22-a47d-8c48425ef4a7,iNaturalist,Observations,18,07,SOSÚA,011807,874cf2400ffffff
https://www.inaturalist.org/observations/107137454,3902025886,Desmodium tortuosum,Desmodium tortuosum (Sw.) DC.,Fabaceae,Desmodium,SPECIES,HUMAN_OBSERVATION,2022-02-20T16:38:56,2022,-70.502948,19.76897,3,50c9509d-22c7-4a22-a47d-8c48425ef4a7,iNaturalist,Observations,18,07,SOSÚA,011807,874cf2400ffffff
https://www.inaturalist.org/observations/107527503,3705454730,Plumeria rubra,Plumeria rubra L.,Apocynaceae,Plumeria,SPECIES,HUMAN_OBSERVATION,2022-02-24T17:26,2022,-70.412936,19.748151,NA,50c9509d-22c7-4a22-a47d-8c48425ef4a7,iNaturalist,Observations,18,07,SOSÚA,011807,874cf255affffff
https://www.inaturalist.org/observations/107529281,4126948773,Barringtonia asiatica,Barringtonia asiatica (L.) Kurz,Lecythidaceae,Barringtonia,SPECIES,HUMAN_OBSERVATION,2022-02-24T17:58,2022,-70.41284,19.748274,NA,50c9509d-22c7-4a22-a47d-8c48425ef4a7,iNaturalist,Observations,18,07,SOSÚA,011807,874cf255affffff
https://www.inaturalist.org/observations/107555045,3743023462,Terminalia catappa,Terminalia catappa L.,Combretaceae,Terminalia,SPECIES,HUMAN_OBSERVATION,2022-02-25T07:52,2022,-70.41359,19.748635,338,50c9509d-22c7-4a22-a47d-8c48425ef4a7,iNaturalist,Observations,18,07,SOSÚA,011807,874cf255affffff
https://www.inaturalist.org/observations/107555049,4908889006,Consolea moniliformis,Consolea moniliformis (L.) A.Berger,Cactaceae,Consolea,SPECIES,HUMAN_OBSERVATION,2022-02-25T17:26,2022,-70.410072,19.750927,NA,50c9509d-22c7-4a22-a47d-8c48425ef4a7,iNaturalist,Observations,18,07,SOSÚA,011807,874cf255affffff
https://www.inaturalist.org/observations/107555050,4075667613,Hibiscus archeri,Hibiscus × archeri Watson,Malvaceae,Hibiscus,SPECIES,HUMAN_OBSERVATION,2022-02-25T10:12,2022,-70.414673,19.748822,169,50c9509d-22c7-4a22-a47d-8c48425ef4a7,iNaturalist,Observations,18,07,SOSÚA,011807,874cf255affffff
https://www.inaturalist.org/observations/107555054,3912125500,Spathodea campanulata,Spathodea campanulata Beauverd,Bignoniaceae,Spathodea,SPECIES,HUMAN_OBSERVATION,2022-02-25T07:58,2022,-70.415732,19.751263,1356,50c9509d-22c7-4a22-a47d-8c48425ef4a7,iNaturalist,Observations,18,07,SOSÚA,011807,874cf255affffff
https://www.inaturalist.org/observations/107555059,4518974498,Dracaena trifasciata,Sansevieria trifasciata Prain,Asparagaceae,Dracaena,SPECIES,HUMAN_OBSERVATION,2022-02-25T07:08,2022,-70.435249,19.718784,NA,50c9509d-22c7-4a22-a47d-8c48425ef4a7,iNaturalist,Observations,18,07,SOSÚA,011807,874cf2472ffffff
https://www.inaturalist.org/observations/107721373,3986072526,Psychotria nervosa,Psychotria nervosa Sw.,Rubiaceae,Psychotria,SPECIES,HUMAN_OBSERVATION,2022-02-28T18:23:55,2022,-70.41898,19.740618,7,50c9509d-22c7-4a22-a47d-8c48425ef4a7,iNaturalist,Observations,18,07,SOSÚA,011807,874cf2474ffffff
https://www.inaturalist.org/observations/107721796,3705488022,Eulophia maculata,Eulophia maculata (Lindl.) Rchb.f.,Orchidaceae,Eulophia,SPECIES,HUMAN_OBSERVATION,2022-02-28T18:36:02,2022,-70.418915,19.739937,4,50c9509d-22c7-4a22-a47d-8c48425ef4a7,iNaturalist,Observations,18,07,SOSÚA,011807,874cf2474ffffff
https://www.inaturalist.org/observations/107724631,3705733031,Passiflora multiflora,Passiflora multiflora L.,Passifloraceae,Passiflora,SPECIES,HUMAN_OBSERVATION,2022-03-01T09:47:44,2022,-70.418798,19.737615,5,50c9509d-22c7-4a22-a47d-8c48425ef4a7,iNaturalist,Observations,18,07,SOSÚA,011807,874cf2474ffffff
https://www.inaturalist.org/observations/107724975,4453700492,Capsicum annuum,Capsicum annuum var. glabriusculum (Dunal) Heiser & Pickersgill,Solanaceae,Capsicum,VARIETY,HUMAN_OBSERVATION,2022-03-01T10:12:14,2022,-70.41906,19.737808,6,50c9509d-22c7-4a22-a47d-8c48425ef4a7,iNaturalist,Observations,18,07,SOSÚA,011807,874cf2474ffffff
https://www.inaturalist.org/observations/107725942,4039261492,Terminalia buceras,Terminalia buceras (L.) C.Wright,Combretaceae,Terminalia,SPECIES,HUMAN_OBSERVATION,2022-03-01T10:58:12,2022,-70.418823,19.738413,7,50c9509d-22c7-4a22-a47d-8c48425ef4a7,iNaturalist,Observations,18,07,SOSÚA,011807,874cf2474ffffff
https://www.inaturalist.org/observations/107725968,4522443554,Myriopteris microphylla,Myriopteris microphylla (Sw.) Grusz & Windham,Pteridaceae,Myriopteris,SPECIES,HUMAN_OBSERVATION,2022-03-01T11:02:46,2022,-70.420118,19.739908,7,50c9509d-22c7-4a22-a47d-8c48425ef4a7,iNaturalist,Observations,18,07,SOSÚA,011807,874cf2474ffffff
https://www.inaturalist.org/observations/107726191,4453677466,Hamelia patens,Hamelia patens Jacq.,Rubiaceae,Hamelia,SPECIES,HUMAN_OBSERVATION,2022-03-01T11:04:25,2022,-70.420505,19.7398,5,50c9509d-22c7-4a22-a47d-8c48425ef4a7,iNaturalist,Observations,18,07,SOSÚA,011807,874cf2474ffffff
https://www.inaturalist.org/observations/107726253,6171387411,Theophrasta L.,Theophrasta L.,Primulaceae,Theophrasta,GENUS,HUMAN_OBSERVATION,2022-03-01T11:10:57,2022,-70.421482,19.74116,7,50c9509d-22c7-4a22-a47d-8c48425ef4a7,iNaturalist,Observations,18,07,SOSÚA,011807,874cf2474ffffff
https://www.inaturalist.org/observations/107726501,5760107645,Philodendron consanguineum,Philodendron consanguineum Schott,Araceae,Philodendron,SPECIES,HUMAN_OBSERVATION,2022-03-01T11:13:50,2022,-70.421512,19.741172,5,50c9509d-22c7-4a22-a47d-8c48425ef4a7,iNaturalist,Observations,18,07,SOSÚA,011807,874cf2474ffffff
https://www.inaturalist.org/observations/107726569,6170848545,Theophrasta L.,Theophrasta L.,Primulaceae,Theophrasta,GENUS,HUMAN_OBSERVATION,2022-03-01T11:15:09,2022,-70.421507,19.741178,5,50c9509d-22c7-4a22-a47d-8c48425ef4a7,iNaturalist,Observations,18,07,SOSÚA,011807,874cf2474ffffff
https://www.inaturalist.org/observations/107726607,6171043717,Theophrasta L.,Theophrasta L.,Primulaceae,Theophrasta,GENUS,HUMAN_OBSERVATION,2022-03-01T11:16:10,2022,-70.421658,19.740922,6,50c9509d-22c7-4a22-a47d-8c48425ef4a7,iNaturalist,Observations,18,07,SOSÚA,011807,874cf2474ffffff
https://www.inaturalist.org/observations/107726663,3705714073,Securidaca virgata,Securidaca virgata Sw.,Polygalaceae,Securidaca,SPECIES,HUMAN_OBSERVATION,2022-03-01T11:21:35,2022,-70.42185,19.740983,7,50c9509d-22c7-4a22-a47d-8c48425ef4a7,iNaturalist,Observations,18,07,SOSÚA,011807,874cf2474ffffff
https://www.inaturalist.org/observations/107726687,3705770808,Coccothrinax argentea,Coccothrinax argentea (Lodd. ex Schult. & Schult.f.) Sarg. ex K.Schum.,Arecaceae,Coccothrinax,SPECIES,HUMAN_OBSERVATION,2022-03-01T11:24:40,2022,-70.423443,19.741032,8,50c9509d-22c7-4a22-a47d-8c48425ef4a7,iNaturalist,Observations,18,07,SOSÚA,011807,874cf2474ffffff
https://www.inaturalist.org/observations/107726753,3705443111,Passiflora pallida,Passiflora pallida L.,Passifloraceae,Passiflora,SPECIES,HUMAN_OBSERVATION,2022-03-01T11:26:10,2022,-70.423707,19.740707,5,50c9509d-22c7-4a22-a47d-8c48425ef4a7,iNaturalist,Observations,18,07,SOSÚA,011807,874cf2474ffffff
https://www.inaturalist.org/observations/107726826,6171033051,Theophrasta L.,Theophrasta L.,Primulaceae,Theophrasta,GENUS,HUMAN_OBSERVATION,2022-03-01T11:28:54,2022,-70.424205,19.74069,9,50c9509d-22c7-4a22-a47d-8c48425ef4a7,iNaturalist,Observations,18,07,SOSÚA,011807,874cf2474ffffff
https://www.inaturalist.org/observations/107727576,4528177547,Cupania americana,Cupania americana L.,Sapindaceae,Cupania,SPECIES,HUMAN_OBSERVATION,2022-03-01T11:44:55,2022,-70.4251,19.740353,7,50c9509d-22c7-4a22-a47d-8c48425ef4a7,iNaturalist,Observations,18,07,SOSÚA,011807,874cf2474ffffff
https://www.inaturalist.org/observations/107727646,3892699382,Annona muricata,Annona muricata L.,Annonaceae,Annona,SPECIES,HUMAN_OBSERVATION,2022-03-01T11:49:10,2022,-70.426025,19.740805,9,50c9509d-22c7-4a22-a47d-8c48425ef4a7,iNaturalist,Observations,18,07,SOSÚA,011807,874cf2474ffffff
https://www.inaturalist.org/observations/107728333,3747047510,Passiflora pallida,Passiflora pallida L.,Passifloraceae,Passiflora,SPECIES,HUMAN_OBSERVATION,2022-03-01T12:06:14,2022,-70.425822,19.74205,8,50c9509d-22c7-4a22-a47d-8c48425ef4a7,iNaturalist,Observations,18,07,SOSÚA,011807,874cf2474ffffff
https://www.inaturalist.org/observations/107836009,4923913472,Quararibea turbinata,Quararibea turbinata (Sw.) Poir.,Malvaceae,Quararibea,SPECIES,HUMAN_OBSERVATION,2022-03-03T10:32:26,2022,-70.419265,19.737655,5,50c9509d-22c7-4a22-a47d-8c48425ef4a7,iNaturalist,Observations,18,07,SOSÚA,011807,874cf2474ffffff
https://www.inaturalist.org/observations/108111701,3712549619,Passiflora edulis,Passiflora edulis Sims,Passifloraceae,Passiflora,SPECIES,HUMAN_OBSERVATION,2022-03-07T10:22:17,2022,-70.41469,19.748717,2,50c9509d-22c7-4a22-a47d-8c48425ef4a7,iNaturalist,Observations,18,07,SOSÚA,011807,874cf255affffff
https://www.inaturalist.org/observations/108320460,3712521834,Utricularia gibba,Utricularia gibba L.,Lentibulariaceae,Utricularia,SPECIES,HUMAN_OBSERVATION,2022-03-10T12:33:53,2022,-70.424317,19.753236,5,50c9509d-22c7-4a22-a47d-8c48425ef4a7,iNaturalist,Observations,18,07,SOSÚA,011807,874cf2429ffffff
https://www.inaturalist.org/observations/109039439,4946103545,Celosia argentea,Celosia argentea L.,Amaranthaceae,Celosia,SPECIES,HUMAN_OBSERVATION,2022-03-20T08:47:45Z,2022,-70.508859,19.75715,4,50c9509d-22c7-4a22-a47d-8c48425ef4a7,iNaturalist,Observations,18,07,SOSÚA,011807,874cf2400ffffff
https://www.inaturalist.org/observations/109086953,3747246910,Clusia rosea,Clusia rosea Jacq.,Clusiaceae,Clusia,SPECIES,HUMAN_OBSERVATION,2022-03-20T08:21:55,2022,-70.424897,19.73994,9,50c9509d-22c7-4a22-a47d-8c48425ef4a7,iNaturalist,Observations,18,07,SOSÚA,011807,874cf2474ffffff
https://www.inaturalist.org/observations/109087068,3985632510,Psychotria nervosa,Psychotria nervosa Sw.,Rubiaceae,Psychotria,SPECIES,HUMAN_OBSERVATION,2022-03-20T08:26:06,2022,-70.425242,19.73914,9,50c9509d-22c7-4a22-a47d-8c48425ef4a7,iNaturalist,Observations,18,07,SOSÚA,011807,874cf2474ffffff
https://www.inaturalist.org/observations/109087236,3759857863,Tillandsia balbisiana,Tillandsia balbisiana Schult. & Schult.f.,Bromeliaceae,Tillandsia,SPECIES,HUMAN_OBSERVATION,2022-03-20T08:34:02,2022,-70.425482,19.738945,7,50c9509d-22c7-4a22-a47d-8c48425ef4a7,iNaturalist,Observations,18,07,SOSÚA,011807,874cf2474ffffff
https://www.inaturalist.org/observations/109087323,4597233709,Hylocereus triangularis,Selenicereus triangularis (L.) D.R.Hunt,Cactaceae,Hylocereus,SPECIES,HUMAN_OBSERVATION,2022-03-20T08:35:43,2022,-70.425505,19.739062,6,50c9509d-22c7-4a22-a47d-8c48425ef4a7,iNaturalist,Observations,18,07,SOSÚA,011807,874cf2474ffffff
https://www.inaturalist.org/observations/109089608,4453685486,Roystonea borinquena,Roystonea borinquena O.F.Cook,Arecaceae,Roystonea,SPECIES,HUMAN_OBSERVATION,2022-03-20T09:03:24,2022,-70.42483,19.736813,8,50c9509d-22c7-4a22-a47d-8c48425ef4a7,iNaturalist,Observations,18,07,SOSÚA,011807,874cf2474ffffff
https://www.inaturalist.org/observations/109090297,3923467434,Bursera simaruba,Bursera simaruba (L.) Sarg.,Burseraceae,Bursera,SPECIES,HUMAN_OBSERVATION,2022-03-20T09:20:02,2022,-70.424898,19.737598,7,50c9509d-22c7-4a22-a47d-8c48425ef4a7,iNaturalist,Observations,18,07,SOSÚA,011807,874cf2474ffffff
https://www.inaturalist.org/observations/109090351,4596761747,Hylocereus triangularis,Selenicereus triangularis (L.) D.R.Hunt,Cactaceae,Hylocereus,SPECIES,HUMAN_OBSERVATION,2022-03-20T09:20:34,2022,-70.42487,19.737562,7,50c9509d-22c7-4a22-a47d-8c48425ef4a7,iNaturalist,Observations,18,07,SOSÚA,011807,874cf2474ffffff
https://www.inaturalist.org/observations/109090730,3747204765,Tradescantia spathacea,Tradescantia spathacea Sw.,Commelinaceae,Tradescantia,SPECIES,HUMAN_OBSERVATION,2022-03-20T09:36:38,2022,-70.425048,19.73696,9,50c9509d-22c7-4a22-a47d-8c48425ef4a7,iNaturalist,Observations,18,07,SOSÚA,011807,874cf2474ffffff
https://www.inaturalist.org/observations/109090786,4028746593,Cassytha filiformis,Cassytha filiformis L.,Lauraceae,Cassytha,SPECIES,HUMAN_OBSERVATION,2022-03-20T09:39,2022,-70.425333,19.736307,9,50c9509d-22c7-4a22-a47d-8c48425ef4a7,iNaturalist,Observations,18,07,SOSÚA,011807,874cf2476ffffff
https://www.inaturalist.org/observations/109090836,4133685389,Cupania americana,Cupania americana L.,Sapindaceae,Cupania,SPECIES,HUMAN_OBSERVATION,2022-03-20T09:48:38,2022,-70.425212,19.735215,9,50c9509d-22c7-4a22-a47d-8c48425ef4a7,iNaturalist,Observations,18,07,SOSÚA,011807,874cf2476ffffff
https://www.inaturalist.org/observations/109135435,4994519085,Dorstenia peltata,Dorstenia peltata Spreng.,Moraceae,Dorstenia,SPECIES,HUMAN_OBSERVATION,2022-03-20T09:49:44,2022,-70.425412,19.735097,9,50c9509d-22c7-4a22-a47d-8c48425ef4a7,iNaturalist,Observations,18,07,SOSÚA,011807,874cf2476ffffff
https://www.inaturalist.org/observations/109135485,4524997606,Psiguria pedata,Psiguria pedata (L.) R.A.Howard,Cucurbitaceae,Psiguria,SPECIES,HUMAN_OBSERVATION,2022-03-20T10:08:09,2022,-70.425167,19.733032,7,50c9509d-22c7-4a22-a47d-8c48425ef4a7,iNaturalist,Observations,18,07,SOSÚA,011807,874cf2476ffffff
https://www.inaturalist.org/observations/109135523,6170945699,Theophrasta L.,Theophrasta L.,Primulaceae,Theophrasta,GENUS,HUMAN_OBSERVATION,2022-03-20T10:13:15,2022,-70.425503,19.732537,8,50c9509d-22c7-4a22-a47d-8c48425ef4a7,iNaturalist,Observations,18,07,SOSÚA,011807,874cf2476ffffff
https://www.inaturalist.org/observations/109135643,4120919349,Wallenia laurifolia,Wallenia laurifolia (Jacq.) Sw.,Primulaceae,Wallenia,SPECIES,HUMAN_OBSERVATION,2022-03-20T10:44:57,2022,-70.42296,19.729888,7,50c9509d-22c7-4a22-a47d-8c48425ef4a7,iNaturalist,Observations,18,07,SOSÚA,011807,874cf2470ffffff
https://www.inaturalist.org/observations/109135774,3747054002,Annona muricata,Annona muricata L.,Annonaceae,Annona,SPECIES,HUMAN_OBSERVATION,2022-03-20T11:39:50,2022,-70.426947,19.722627,7,50c9509d-22c7-4a22-a47d-8c48425ef4a7,iNaturalist,Observations,18,07,SOSÚA,011807,874cf2470ffffff
https://www.inaturalist.org/observations/109135781,5760460897,Philodendron consanguineum,Philodendron consanguineum Schott,Araceae,Philodendron,SPECIES,HUMAN_OBSERVATION,2022-03-20T11:43:52,2022,-70.427762,19.721723,8,50c9509d-22c7-4a22-a47d-8c48425ef4a7,iNaturalist,Observations,18,07,SOSÚA,011807,874cf2470ffffff
https://www.inaturalist.org/observations/109135782,4054791414,Dieffenbachia seguine,Dieffenbachia seguine (Jacq.) Schott,Araceae,Dieffenbachia,SPECIES,HUMAN_OBSERVATION,2022-03-20T11:45:48,2022,-70.427488,19.720717,9,50c9509d-22c7-4a22-a47d-8c48425ef4a7,iNaturalist,Observations,18,07,SOSÚA,011807,874cf2470ffffff
https://www.inaturalist.org/observations/109135796,6184880191,Pitcairnia jimenezii,Pitcairnia jimenezii L.B.Sm.,Bromeliaceae,Pitcairnia,SPECIES,HUMAN_OBSERVATION,2022-03-20T11:53:15,2022,-70.427602,19.719893,8,50c9509d-22c7-4a22-a47d-8c48425ef4a7,iNaturalist,Observations,18,07,SOSÚA,011807,874cf2472ffffff
https://www.inaturalist.org/observations/109135846,3747243983,Passiflora murucuja,Passiflora murucuja L.,Passifloraceae,Passiflora,SPECIES,HUMAN_OBSERVATION,2022-03-20T12:04:22,2022,-70.42831,19.721362,6,50c9509d-22c7-4a22-a47d-8c48425ef4a7,iNaturalist,Observations,18,07,SOSÚA,011807,874cf2472ffffff
https://www.inaturalist.org/observations/109135877,4091738408,Bocconia frutescens,Bocconia frutescens L.,Papaveraceae,Bocconia,SPECIES,HUMAN_OBSERVATION,2022-03-20T12:14:11,2022,-70.427925,19.720485,8,50c9509d-22c7-4a22-a47d-8c48425ef4a7,iNaturalist,Observations,18,07,SOSÚA,011807,874cf2472ffffff
https://www.inaturalist.org/observations/109135883,4028855515,Cupania americana,Cupania americana L.,Sapindaceae,Cupania,SPECIES,HUMAN_OBSERVATION,2022-03-20T12:17:16,2022,-70.428273,19.719207,7,50c9509d-22c7-4a22-a47d-8c48425ef4a7,iNaturalist,Observations,18,07,SOSÚA,011807,874cf2472ffffff
https://www.inaturalist.org/observations/109135941,4126982581,Roystonea borinquena,Roystonea borinquena O.F.Cook,Arecaceae,Roystonea,SPECIES,HUMAN_OBSERVATION,2022-03-20T12:45:38,2022,-70.424272,19.718675,8,50c9509d-22c7-4a22-a47d-8c48425ef4a7,iNaturalist,Observations,18,07,SOSÚA,011807,874cf2470ffffff
https://www.inaturalist.org/observations/109135946,5007701973,Ovieda spinosa,Ovieda spinosa L.,Lamiaceae,Ovieda,SPECIES,HUMAN_OBSERVATION,2022-03-20T12:46:01,2022,-70.423793,19.71856,7,50c9509d-22c7-4a22-a47d-8c48425ef4a7,iNaturalist,Observations,18,07,SOSÚA,011807,874cf2470ffffff
https://www.inaturalist.org/observations/109135952,4126830590,Bocconia frutescens,Bocconia frutescens L.,Papaveraceae,Bocconia,SPECIES,HUMAN_OBSERVATION,2022-03-20T12:47:11,2022,-70.423343,19.718055,8,50c9509d-22c7-4a22-a47d-8c48425ef4a7,iNaturalist,Observations,18,07,SOSÚA,011807,874cf2470ffffff
https://www.inaturalist.org/observations/109135979,4596799724,Pteridium caudatum,Pteridium caudatum (L.) Maxon,Dennstaedtiaceae,Pteridium,SPECIES,HUMAN_OBSERVATION,2022-03-20T12:56:51,2022,-70.42295,19.716523,7,50c9509d-22c7-4a22-a47d-8c48425ef4a7,iNaturalist,Observations,18,07,SOSÚA,011807,874cf2470ffffff
https://www.inaturalist.org/observations/109136003,3961022441,Didymopanax morototoni,Didymopanax morototoni (Aubl.) Decne. & Planch.,Araliaceae,Didymopanax,SPECIES,HUMAN_OBSERVATION,2022-03-20T13:08:53,2022,-70.421688,19.714183,5,50c9509d-22c7-4a22-a47d-8c48425ef4a7,iNaturalist,Observations,18,07,SOSÚA,011807,874cf2470ffffff
https://www.inaturalist.org/observations/109136035,4055043407,Verbesina alata,Verbesina alata L.,Asteraceae,Verbesina,SPECIES,HUMAN_OBSERVATION,2022-03-20T13:16:14,2022,-70.420177,19.714727,6,50c9509d-22c7-4a22-a47d-8c48425ef4a7,iNaturalist,Observations,18,07,SOSÚA,011807,874cf2470ffffff
https://www.inaturalist.org/observations/109136064,4453711497,Artocarpus altilis,Artocarpus altilis (Parkinson) Fosberg,Moraceae,Artocarpus,SPECIES,HUMAN_OBSERVATION,2022-03-20T13:31:53,2022,-70.416935,19.714278,6,50c9509d-22c7-4a22-a47d-8c48425ef4a7,iNaturalist,Observations,18,07,SOSÚA,011807,874cf2470ffffff
https://www.inaturalist.org/observations/109136171,3912117508,Spathodea campanulata,Spathodea campanulata Beauverd,Bignoniaceae,Spathodea,SPECIES,HUMAN_OBSERVATION,2022-03-20T14:10:38,2022,-70.418668,19.728833,10,50c9509d-22c7-4a22-a47d-8c48425ef4a7,iNaturalist,Observations,18,07,SOSÚA,011807,874cf2470ffffff
https://www.inaturalist.org/observations/109136173,3747316892,Passiflora murucuja,Passiflora murucuja L.,Passifloraceae,Passiflora,SPECIES,HUMAN_OBSERVATION,2022-03-20T14:12:35,2022,-70.419457,19.72976,7,50c9509d-22c7-4a22-a47d-8c48425ef4a7,iNaturalist,Observations,18,07,SOSÚA,011807,874cf2470ffffff
https://www.inaturalist.org/observations/109138209,4046418445,Megaskepasma erythrochlamys,Megaskepasma erythrochlamys Lindau,Acanthaceae,Megaskepasma,SPECIES,HUMAN_OBSERVATION,2022-03-21T08:43:19Z,2022,-70.514439,19.761309,5,50c9509d-22c7-4a22-a47d-8c48425ef4a7,iNaturalist,Observations,18,07,SOSÚA,011807,874cf2400ffffff
https://www.inaturalist.org/observations/109338061,3747038292,Poitea galegoides,Poitea galegoides Vent.,Fabaceae,Poitea,SPECIES,HUMAN_OBSERVATION,2022-03-20T11:36:47,2022,-70.427243,19.723787,6,50c9509d-22c7-4a22-a47d-8c48425ef4a7,iNaturalist,Observations,18,07,SOSÚA,011807,874cf2470ffffff
https://www.inaturalist.org/observations/109561556,4973912785,Pontederia crassipes,Pontederia crassipes Mart.,Pontederiaceae,Pontederia,SPECIES,HUMAN_OBSERVATION,2001-11-10T20:31,2001,-70.375952,19.691946,244,50c9509d-22c7-4a22-a47d-8c48425ef4a7,iNaturalist,Observations,18,07,SOSÚA,011807,874cf2444ffffff
https://www.inaturalist.org/observations/109561561,4974303992,Pontederia crassipes,Pontederia crassipes Mart.,Pontederiaceae,Pontederia,SPECIES,HUMAN_OBSERVATION,2001-11-10T20:32,2001,-70.375823,19.690272,15,50c9509d-22c7-4a22-a47d-8c48425ef4a7,iNaturalist,Observations,18,07,SOSÚA,011807,874cf2444ffffff
https://www.inaturalist.org/observations/110972153,4994055554,Dorstenia peltata,Dorstenia peltata Spreng.,Moraceae,Dorstenia,SPECIES,HUMAN_OBSERVATION,2022-04-10T10:26:55,2022,-70.419215,19.737552,8,50c9509d-22c7-4a22-a47d-8c48425ef4a7,iNaturalist,Observations,18,07,SOSÚA,011807,874cf2474ffffff
https://www.inaturalist.org/observations/111044584,4091831421,Cupania americana,Cupania americana L.,Sapindaceae,Cupania,SPECIES,HUMAN_OBSERVATION,2022-04-10T18:35:32,2022,-70.410647,19.751299,1799,50c9509d-22c7-4a22-a47d-8c48425ef4a7,iNaturalist,Observations,18,07,SOSÚA,011807,874cf255affffff
https://www.inaturalist.org/observations/111715576,3988733445,Argemone mexicana,Argemone mexicana L.,Papaveraceae,Argemone,SPECIES,HUMAN_OBSERVATION,2022-04-16T14:04:10,2022,-70.514103,19.767083,8,50c9509d-22c7-4a22-a47d-8c48425ef4a7,iNaturalist,Observations,18,07,SOSÚA,011807,874cf2400ffffff
https://www.inaturalist.org/observations/114820280,3773339900,Ipomoea pes-caprae,Ipomoea pes-caprae (L.) R.Br.,Convolvulaceae,Ipomoea,SPECIES,HUMAN_OBSERVATION,2022-05-01T15:32:44,2022,-70.411793,19.750812,6,50c9509d-22c7-4a22-a47d-8c48425ef4a7,iNaturalist,Observations,18,07,SOSÚA,011807,874cf255affffff
https://www.inaturalist.org/observations/115590939,3872863601,Manilkara zapota,Manilkara zapota (L.) P.Royen,Sapotaceae,Manilkara,SPECIES,HUMAN_OBSERVATION,2022-05-05T08:55:33,2022,-70.532318,19.717657,8,50c9509d-22c7-4a22-a47d-8c48425ef4a7,iNaturalist,Observations,18,07,SOSÚA,011807,874cf2418ffffff
https://www.inaturalist.org/observations/117062910,5108075606,Solanum seaforthianum,Solanum seaforthianum Andrews,Solanaceae,Solanum,SPECIES,HUMAN_OBSERVATION,2022-05-14T18:06:19,2022,-70.41868,19.738325,10,50c9509d-22c7-4a22-a47d-8c48425ef4a7,iNaturalist,Observations,18,07,SOSÚA,011807,874cf2474ffffff
https://www.inaturalist.org/observations/117224973,4054992420,Barleria lupulina,Barleria lupulina Lindl.,Acanthaceae,Barleria,SPECIES,HUMAN_OBSERVATION,2022-05-15T13:20:39,2022,-70.490843,19.766401,5,50c9509d-22c7-4a22-a47d-8c48425ef4a7,iNaturalist,Observations,18,07,SOSÚA,011807,874cf2405ffffff
https://www.inaturalist.org/observations/122378930,3860464285,Tolumnia variegata,Tolumnia variegata (Sw.) Braem,Orchidaceae,Tolumnia,SPECIES,HUMAN_OBSERVATION,2022-06-18T17:02:16,2022,-70.41063,19.748865,18,50c9509d-22c7-4a22-a47d-8c48425ef4a7,iNaturalist,Observations,18,07,SOSÚA,011807,874cf255affffff
https://www.inaturalist.org/observations/125897025,4121170442,Urera baccifera,Urera baccifera (L.) Gaudich.,Urticaceae,Urera,SPECIES,HUMAN_OBSERVATION,2022-06-29T11:18:36,2022,-70.419753,19.742217,NA,50c9509d-22c7-4a22-a47d-8c48425ef4a7,iNaturalist,Observations,18,07,SOSÚA,011807,874cf2474ffffff
https://www.inaturalist.org/observations/129848166,3892281538,Rivina humilis,Rivina humilis L.,Petiveriaceae,Rivina,SPECIES,HUMAN_OBSERVATION,2022-08-07T08:51:27,2022,-70.525498,19.752815,8,50c9509d-22c7-4a22-a47d-8c48425ef4a7,iNaturalist,Observations,18,07,SOSÚA,011807,874cf2402ffffff
https://www.inaturalist.org/observations/129848684,3888789842,Adiantum deltoideum,Adiantum deltoideum Sw.,Pteridaceae,Adiantum,SPECIES,HUMAN_OBSERVATION,2022-08-07T09:31:44,2022,-70.528352,19.75343,6,50c9509d-22c7-4a22-a47d-8c48425ef4a7,iNaturalist,Observations,18,07,SOSÚA,011807,874cf2402ffffff
https://www.inaturalist.org/observations/129848767,3892474512,Erithalis fruticosa,Erithalis fruticosa L.,Rubiaceae,Erithalis,SPECIES,HUMAN_OBSERVATION,2022-08-07T09:31:44,2022,-70.528352,19.75343,6,50c9509d-22c7-4a22-a47d-8c48425ef4a7,iNaturalist,Observations,18,07,SOSÚA,011807,874cf2402ffffff
https://www.inaturalist.org/observations/129848829,3902298412,Plumeria tuberculata,Plumeria tuberculata Lodd.,Apocynaceae,Plumeria,SPECIES,HUMAN_OBSERVATION,2022-08-07T09:40:26,2022,-70.528453,19.753518,8,50c9509d-22c7-4a22-a47d-8c48425ef4a7,iNaturalist,Observations,18,07,SOSÚA,011807,874cf2402ffffff
https://www.inaturalist.org/observations/130696608,4080481479,Heliotropium verdcourtii,Heliotropium verdcourtii Craven,Heliotropiaceae,Heliotropium,SPECIES,HUMAN_OBSERVATION,2022-08-13T15:05:58,2022,-70.49418,19.77391,9,50c9509d-22c7-4a22-a47d-8c48425ef4a7,iNaturalist,Observations,18,07,SOSÚA,011807,874cf2405ffffff
https://www.inaturalist.org/observations/130696649,4453861563,Hylocereus undatus,Selenicereus undatus (Haw.) D.R.Hunt,Cactaceae,Hylocereus,SPECIES,HUMAN_OBSERVATION,2022-08-13T15:59:13,2022,-70.504837,19.765333,8,50c9509d-22c7-4a22-a47d-8c48425ef4a7,iNaturalist,Observations,18,07,SOSÚA,011807,874cf2400ffffff
https://www.inaturalist.org/observations/130862268,4039308632,Dalbergia ecastaphyllum,Dalbergia ecastaphyllum (L.) Taub.,Fabaceae,Dalbergia,SPECIES,HUMAN_OBSERVATION,2022-08-14T14:48:54,2022,-70.405068,19.750667,2500,50c9509d-22c7-4a22-a47d-8c48425ef4a7,iNaturalist,Observations,18,07,SOSÚA,011807,874cf255bffffff
https://www.inaturalist.org/observations/130868592,3923233595,Sphagneticola trilobata,Sphagneticola trilobata (L.) Pruski,Asteraceae,Sphagneticola,SPECIES,HUMAN_OBSERVATION,2022-08-14T15:02:47,2022,-70.401082,19.751952,3,50c9509d-22c7-4a22-a47d-8c48425ef4a7,iNaturalist,Observations,18,07,SOSÚA,011807,874cf255bffffff
https://www.inaturalist.org/observations/130868688,3892558110,Coccoloba uvifera,Coccoloba uvifera (L.) L.,Polygonaceae,Coccoloba,SPECIES,HUMAN_OBSERVATION,2022-08-14T15:03:48,2022,-70.401058,19.751937,4,50c9509d-22c7-4a22-a47d-8c48425ef4a7,iNaturalist,Observations,18,07,SOSÚA,011807,874cf255bffffff
https://www.inaturalist.org/observations/130868708,3892588122,Ipomoea pes-caprae,Ipomoea pes-caprae (L.) R.Br.,Convolvulaceae,Ipomoea,SPECIES,HUMAN_OBSERVATION,2022-08-14T15:05:46,2022,-70.400517,19.751533,2,50c9509d-22c7-4a22-a47d-8c48425ef4a7,iNaturalist,Observations,18,07,SOSÚA,011807,874cf255bffffff
https://www.inaturalist.org/observations/130868730,3915383495,Sesuvium portulacastrum,Sesuvium portulacastrum (L.) L.,Aizoaceae,Sesuvium,SPECIES,HUMAN_OBSERVATION,2022-08-14T15:06:09,2022,-70.400523,19.751537,2,50c9509d-22c7-4a22-a47d-8c48425ef4a7,iNaturalist,Observations,18,07,SOSÚA,011807,874cf255bffffff
https://www.inaturalist.org/observations/130873912,4510314734,Euphorbia mesembryanthemifolia,Euphorbia mesembryanthemifolia Jacq.,Euphorbiaceae,Euphorbia,SPECIES,HUMAN_OBSERVATION,2022-08-14T16:09:39,2022,-70.385788,19.732515,3,50c9509d-22c7-4a22-a47d-8c48425ef4a7,iNaturalist,Observations,18,07,SOSÚA,011807,874cf2466ffffff
https://www.inaturalist.org/observations/130873942,3966627506,Scaevola plumieri,Scaevola plumieri (L.) Vahl,Goodeniaceae,Scaevola,SPECIES,HUMAN_OBSERVATION,2022-08-14T16:10:17,2022,-70.385807,19.732513,3,50c9509d-22c7-4a22-a47d-8c48425ef4a7,iNaturalist,Observations,18,07,SOSÚA,011807,874cf2466ffffff
https://www.inaturalist.org/observations/130873977,4923800576,Dalbergia ecastaphyllum,Dalbergia ecastaphyllum (L.) Taub.,Fabaceae,Dalbergia,SPECIES,HUMAN_OBSERVATION,2022-08-14T16:12:26,2022,-70.386092,19.732398,9,50c9509d-22c7-4a22-a47d-8c48425ef4a7,iNaturalist,Observations,18,07,SOSÚA,011807,874cf2466ffffff
https://www.inaturalist.org/observations/130874091,4506396671,Cornutia pyramidata,Cornutia pyramidata L.,Lamiaceae,Cornutia,SPECIES,HUMAN_OBSERVATION,2022-08-14T16:13:14,2022,-70.386123,19.73247,4,50c9509d-22c7-4a22-a47d-8c48425ef4a7,iNaturalist,Observations,18,07,SOSÚA,011807,874cf2466ffffff
https://www.inaturalist.org/observations/130874120,3915488542,Aristolochia trilobata,Aristolochia trilobata L.,Aristolochiaceae,Aristolochia,SPECIES,HUMAN_OBSERVATION,2022-08-14T16:14:48,2022,-70.386167,19.732442,5,50c9509d-22c7-4a22-a47d-8c48425ef4a7,iNaturalist,Observations,18,07,SOSÚA,011807,874cf2466ffffff
https://www.inaturalist.org/observations/130874218,4506402666,Cornutia pyramidata,Cornutia pyramidata L.,Lamiaceae,Cornutia,SPECIES,HUMAN_OBSERVATION,2022-08-14T16:16:48,2022,-70.386292,19.73247,4,50c9509d-22c7-4a22-a47d-8c48425ef4a7,iNaturalist,Observations,18,07,SOSÚA,011807,874cf2466ffffff
https://www.inaturalist.org/observations/138042156,3925441286,Coccoloba uvifera,Coccoloba uvifera (L.) L.,Polygonaceae,Coccoloba,SPECIES,HUMAN_OBSERVATION,2022-09-08T06:53:31,2022,-70.518295,19.765847,16,50c9509d-22c7-4a22-a47d-8c48425ef4a7,iNaturalist,Observations,18,07,SOSÚA,011807,874cf2406ffffff
https://www.inaturalist.org/observations/138616936,4524889032,Psiguria pedata,Psiguria pedata (L.) R.A.Howard,Cucurbitaceae,Psiguria,SPECIES,HUMAN_OBSERVATION,2022-10-13T09:40:52,2022,-70.52097,19.752418,7,50c9509d-22c7-4a22-a47d-8c48425ef4a7,iNaturalist,Observations,18,07,SOSÚA,011807,874cf2402ffffff
https://www.inaturalist.org/observations/138617022,3947743258,Syngonium podophyllum,Syngonium podophyllum Schott,Araceae,Syngonium,SPECIES,HUMAN_OBSERVATION,2022-10-13T09:42:52,2022,-70.520872,19.752393,7,50c9509d-22c7-4a22-a47d-8c48425ef4a7,iNaturalist,Observations,18,07,SOSÚA,011807,874cf2402ffffff
https://www.inaturalist.org/observations/138617072,4453689592,Ficus benjamina,Ficus benjamina L.,Moraceae,Ficus,SPECIES,HUMAN_OBSERVATION,2022-10-13T09:43:45,2022,-70.521067,19.752343,6,50c9509d-22c7-4a22-a47d-8c48425ef4a7,iNaturalist,Observations,18,07,SOSÚA,011807,874cf2402ffffff
https://www.inaturalist.org/observations/138617097,3947810275,Passiflora edulis,Passiflora edulis f. flavicarpa O.Deg.,Passifloraceae,Passiflora,FORM,HUMAN_OBSERVATION,2022-10-13T09:44:30,2022,-70.521073,19.752342,5,50c9509d-22c7-4a22-a47d-8c48425ef4a7,iNaturalist,Observations,18,07,SOSÚA,011807,874cf2402ffffff
https://www.inaturalist.org/observations/138617359,4067325630,Petiveria alliacea,Petiveria alliacea L.,Petiveriaceae,Petiveria,SPECIES,HUMAN_OBSERVATION,2022-10-13T09:47:17,2022,-70.521043,19.752368,5,50c9509d-22c7-4a22-a47d-8c48425ef4a7,iNaturalist,Observations,18,07,SOSÚA,011807,874cf2402ffffff
https://www.inaturalist.org/observations/138617390,4121017379,Cecropia schreberiana,Cecropia schreberiana Miq.,Urticaceae,Cecropia,SPECIES,HUMAN_OBSERVATION,2022-10-13T09:48:09,2022,-70.521032,19.752372,5,50c9509d-22c7-4a22-a47d-8c48425ef4a7,iNaturalist,Observations,18,07,SOSÚA,011807,874cf2402ffffff
https://www.inaturalist.org/observations/138617547,3947405205,Carica papaya,Carica papaya L.,Caricaceae,Carica,SPECIES,HUMAN_OBSERVATION,2022-10-13T09:52:14,2022,-70.521132,19.75243,8,50c9509d-22c7-4a22-a47d-8c48425ef4a7,iNaturalist,Observations,18,07,SOSÚA,011807,874cf2402ffffff
https://www.inaturalist.org/observations/138617611,3966411581,Morinda citrifolia,Morinda citrifolia L.,Rubiaceae,Morinda,SPECIES,HUMAN_OBSERVATION,2022-10-13T09:53:53,2022,-70.521168,19.75236,6,50c9509d-22c7-4a22-a47d-8c48425ef4a7,iNaturalist,Observations,18,07,SOSÚA,011807,874cf2402ffffff
https://www.inaturalist.org/observations/138617876,4018279709,Piper peltatum,Piper peltatum L.,Piperaceae,Piper,SPECIES,HUMAN_OBSERVATION,2022-10-13T09:58:10,2022,-70.521392,19.752328,6,50c9509d-22c7-4a22-a47d-8c48425ef4a7,iNaturalist,Observations,18,07,SOSÚA,011807,874cf2402ffffff
https://www.inaturalist.org/observations/138617929,4133674403,Calophyllum antillanum,Calophyllum brasiliense var. antillanum (Britton) Standl.,Calophyllaceae,Calophyllum,VARIETY,HUMAN_OBSERVATION,2022-10-13T09:59:07,2022,-70.52154,19.752318,5,50c9509d-22c7-4a22-a47d-8c48425ef4a7,iNaturalist,Observations,18,07,SOSÚA,011807,874cf2402ffffff
https://www.inaturalist.org/observations/138617964,3947739256,Melicoccus bijugatus,Melicoccus bijugatus Jacq.,Sapindaceae,Melicoccus,SPECIES,HUMAN_OBSERVATION,2022-10-13T09:59:31,2022,-70.521555,19.752325,5,50c9509d-22c7-4a22-a47d-8c48425ef4a7,iNaturalist,Observations,18,07,SOSÚA,011807,874cf2402ffffff
https://www.inaturalist.org/observations/138618089,3947101235,Terminalia catappa,Terminalia catappa L.,Combretaceae,Terminalia,SPECIES,HUMAN_OBSERVATION,2022-10-13T10:02:55,2022,-70.521913,19.752283,8,50c9509d-22c7-4a22-a47d-8c48425ef4a7,iNaturalist,Observations,18,07,SOSÚA,011807,874cf2402ffffff
https://www.inaturalist.org/observations/138618298,3947347185,Mangifera indica,Mangifera indica L.,Anacardiaceae,Mangifera,SPECIES,HUMAN_OBSERVATION,2022-10-13T10:06:36,2022,-70.522318,19.752088,6,50c9509d-22c7-4a22-a47d-8c48425ef4a7,iNaturalist,Observations,18,07,SOSÚA,011807,874cf2402ffffff
https://www.inaturalist.org/observations/138618356,3947493223,Epipremnum aureum,Epipremnum aureum (Linden & André) G.S.Bunting,Araceae,Epipremnum,SPECIES,HUMAN_OBSERVATION,2022-10-13T10:07:18,2022,-70.522377,19.752108,7,50c9509d-22c7-4a22-a47d-8c48425ef4a7,iNaturalist,Observations,18,07,SOSÚA,011807,874cf2402ffffff
https://www.inaturalist.org/observations/138618409,3947265228,Azadirachta indica,Azadirachta indica A.Juss.,Meliaceae,Azadirachta,SPECIES,HUMAN_OBSERVATION,2022-10-13T10:07:37,2022,-70.52228,19.752422,6,50c9509d-22c7-4a22-a47d-8c48425ef4a7,iNaturalist,Observations,18,07,SOSÚA,011807,874cf2402ffffff
https://www.inaturalist.org/observations/138618460,3947268281,Coccoloba uvifera,Coccoloba uvifera (L.) L.,Polygonaceae,Coccoloba,SPECIES,HUMAN_OBSERVATION,2022-10-13T10:08:49,2022,-70.52231,19.752345,6,50c9509d-22c7-4a22-a47d-8c48425ef4a7,iNaturalist,Observations,18,07,SOSÚA,011807,874cf2402ffffff
https://www.inaturalist.org/observations/138618502,3947469249,Ceiba pentandra,Ceiba pentandra (L.) Gaertn.,Malvaceae,Ceiba,SPECIES,HUMAN_OBSERVATION,2022-10-13T10:10:54,2022,-70.522813,19.752123,7,50c9509d-22c7-4a22-a47d-8c48425ef4a7,iNaturalist,Observations,18,07,SOSÚA,011807,874cf2402ffffff
https://www.inaturalist.org/observations/138618833,4028745113,Crescentia cujete,Crescentia cujete L.,Bignoniaceae,Crescentia,SPECIES,HUMAN_OBSERVATION,2022-10-13T10:13:26,2022,-70.522892,19.752178,9,50c9509d-22c7-4a22-a47d-8c48425ef4a7,iNaturalist,Observations,18,07,SOSÚA,011807,874cf2402ffffff
https://www.inaturalist.org/observations/138618934,3947386234,Roystonea borinquena,Roystonea borinquena O.F.Cook,Arecaceae,Roystonea,SPECIES,HUMAN_OBSERVATION,2022-10-13T10:15:56,2022,-70.523112,19.752213,7,50c9509d-22c7-4a22-a47d-8c48425ef4a7,iNaturalist,Observations,18,07,SOSÚA,011807,874cf2402ffffff
https://www.inaturalist.org/observations/138618983,3947113214,Serjania polyphylla,Serjania polyphylla (L.) Poir. ex Steud.,Sapindaceae,Serjania,SPECIES,HUMAN_OBSERVATION,2022-10-13T10:21:40,2022,-70.524542,19.752217,7,50c9509d-22c7-4a22-a47d-8c48425ef4a7,iNaturalist,Observations,18,07,SOSÚA,011807,874cf2402ffffff
https://www.inaturalist.org/observations/138619558,4046263584,Drymaria cordata,Drymaria cordata (L.) Willd. ex Schult.,Caryophyllaceae,Drymaria,SPECIES,HUMAN_OBSERVATION,2022-10-13T10:33:28,2022,-70.525108,19.752335,9,50c9509d-22c7-4a22-a47d-8c48425ef4a7,iNaturalist,Observations,18,07,SOSÚA,011807,874cf2402ffffff
https://www.inaturalist.org/observations/139021896,5139980653,Poitea galegoides,Poitea galegoides Vent.,Fabaceae,Poitea,SPECIES,HUMAN_OBSERVATION,2022-10-16T15:16:50,2022,-70.542293,19.649657,5,50c9509d-22c7-4a22-a47d-8c48425ef4a7,iNaturalist,Observations,18,07,SOSÚA,011807,874cf24c6ffffff
https://www.inaturalist.org/observations/139176894,3947219895,Roystonea borinquena,Roystonea borinquena O.F.Cook,Arecaceae,Roystonea,SPECIES,HUMAN_OBSERVATION,2022-10-17T13:05:31,2022,-70.521092,19.74789,7,50c9509d-22c7-4a22-a47d-8c48425ef4a7,iNaturalist,Observations,18,07,SOSÚA,011807,874cf241cffffff
https://www.inaturalist.org/observations/139176963,3947430824,Paullinia pinnata,Paullinia pinnata L.,Sapindaceae,Paullinia,SPECIES,HUMAN_OBSERVATION,2022-10-17T13:07:48,2022,-70.52106,19.747912,7,50c9509d-22c7-4a22-a47d-8c48425ef4a7,iNaturalist,Observations,18,07,SOSÚA,011807,874cf241cffffff
https://www.inaturalist.org/observations/139176993,3947433837,Terminalia catappa,Terminalia catappa L.,Combretaceae,Terminalia,SPECIES,HUMAN_OBSERVATION,2022-10-17T13:13:54,2022,-70.521845,19.7485,4,50c9509d-22c7-4a22-a47d-8c48425ef4a7,iNaturalist,Observations,18,07,SOSÚA,011807,874cf241cffffff
https://www.inaturalist.org/observations/139351599,3947342044,Turnera ulmifolia,Turnera ulmifolia L.,Passifloraceae,Turnera,SPECIES,HUMAN_OBSERVATION,2022-10-19T06:58:39,2022,-70.520715,19.753737,9,50c9509d-22c7-4a22-a47d-8c48425ef4a7,iNaturalist,Observations,18,07,SOSÚA,011807,874cf2402ffffff
https://www.inaturalist.org/observations/139697998,4102654460,Schinus terebinthifolia,Schinus terebinthifolia Raddi,Anacardiaceae,Schinus,SPECIES,HUMAN_OBSERVATION,2022-10-22T17:54:50,2022,-70.48389,19.770165,6,50c9509d-22c7-4a22-a47d-8c48425ef4a7,iNaturalist,Observations,18,07,SOSÚA,011807,874cf2405ffffff
https://www.inaturalist.org/observations/140386018,3966597598,Hamelia patens,Hamelia patens Jacq.,Rubiaceae,Hamelia,SPECIES,HUMAN_OBSERVATION,2022-10-29T08:46:02,2022,-70.510717,19.77052,9,50c9509d-22c7-4a22-a47d-8c48425ef4a7,iNaturalist,Observations,18,07,SOSÚA,011807,874cf2400ffffff
https://www.inaturalist.org/observations/140386047,3961006181,Jatropha gossypiifolia,Jatropha gossypiifolia L.,Euphorbiaceae,Jatropha,SPECIES,HUMAN_OBSERVATION,2022-10-29T08:50:11,2022,-70.510562,19.770477,5,50c9509d-22c7-4a22-a47d-8c48425ef4a7,iNaturalist,Observations,18,07,SOSÚA,011807,874cf2400ffffff
https://www.inaturalist.org/observations/140386058,3961099143,Momordica charantia,Momordica charantia L.,Cucurbitaceae,Momordica,SPECIES,HUMAN_OBSERVATION,2022-10-29T08:50:57,2022,-70.51055,19.770407,6,50c9509d-22c7-4a22-a47d-8c48425ef4a7,iNaturalist,Observations,18,07,SOSÚA,011807,874cf2400ffffff
https://www.inaturalist.org/observations/140443431,4597255909,Pseudobombax ellipticum,Pseudobombax ellipticum (Kunth) Dugand,Malvaceae,Pseudobombax,SPECIES,HUMAN_OBSERVATION,2022-10-29T18:01:33,2022,-70.513166,19.761685,64,50c9509d-22c7-4a22-a47d-8c48425ef4a7,iNaturalist,Observations,18,07,SOSÚA,011807,874cf2400ffffff
https://www.inaturalist.org/observations/140443654,3985666907,Gmelina arborea,Gmelina arborea Roxb. ex Sm.,Lamiaceae,Gmelina,SPECIES,HUMAN_OBSERVATION,2022-10-29T18:11:33,2022,-70.517011,19.755113,1899,50c9509d-22c7-4a22-a47d-8c48425ef4a7,iNaturalist,Observations,18,07,SOSÚA,011807,874cf2402ffffff
https://www.inaturalist.org/observations/140679288,3961157396,Centratherum punctatum,Centratherum punctatum Cass.,Asteraceae,Centratherum,SPECIES,HUMAN_OBSERVATION,2022-10-31T11:15:48,2022,-70.506653,19.710452,6,50c9509d-22c7-4a22-a47d-8c48425ef4a7,iNaturalist,Observations,18,07,SOSÚA,011807,874cf2419ffffff
https://www.inaturalist.org/observations/141168359,3966556622,Spathodea campanulata,Spathodea campanulata Beauverd,Bignoniaceae,Spathodea,SPECIES,HUMAN_OBSERVATION,2022-11-05T09:26:25,2022,-70.478842,19.777165,3,50c9509d-22c7-4a22-a47d-8c48425ef4a7,iNaturalist,Observations,18,07,SOSÚA,011807,874cf242effffff
https://www.inaturalist.org/observations/141168403,3966364669,Jasminum fluminense,Jasminum fluminense Vell.,Oleaceae,Jasminum,SPECIES,HUMAN_OBSERVATION,2022-11-05T09:35:19,2022,-70.4783,19.772317,2,50c9509d-22c7-4a22-a47d-8c48425ef4a7,iNaturalist,Observations,18,07,SOSÚA,011807,874cf2405ffffff
https://www.inaturalist.org/observations/141168510,3966646649,Cassytha filiformis,Cassytha filiformis L.,Lauraceae,Cassytha,SPECIES,HUMAN_OBSERVATION,2022-11-05T09:42:59,2022,-70.478302,19.771622,2,50c9509d-22c7-4a22-a47d-8c48425ef4a7,iNaturalist,Observations,18,07,SOSÚA,011807,874cf2405ffffff
https://www.inaturalist.org/observations/141168525,3963252032,Guazuma ulmifolia,Guazuma ulmifolia Lam.,Malvaceae,Guazuma,SPECIES,HUMAN_OBSERVATION,2022-11-05T09:45:06,2022,-70.478213,19.771523,4,50c9509d-22c7-4a22-a47d-8c48425ef4a7,iNaturalist,Observations,18,07,SOSÚA,011807,874cf2405ffffff
https://www.inaturalist.org/observations/141168539,3966755617,Bursera simaruba,Bursera simaruba (L.) Sarg.,Burseraceae,Bursera,SPECIES,HUMAN_OBSERVATION,2022-11-05T09:46:32,2022,-70.478215,19.771512,9,50c9509d-22c7-4a22-a47d-8c48425ef4a7,iNaturalist,Observations,18,07,SOSÚA,011807,874cf2405ffffff
https://www.inaturalist.org/observations/141168579,3966594683,Hamelia patens,Hamelia patens Jacq.,Rubiaceae,Hamelia,SPECIES,HUMAN_OBSERVATION,2022-11-05T09:48:25,2022,-70.478188,19.771023,7,50c9509d-22c7-4a22-a47d-8c48425ef4a7,iNaturalist,Observations,18,07,SOSÚA,011807,874cf2405ffffff
https://www.inaturalist.org/observations/141168594,3966558656,Stigmaphyllon emarginatum,Stigmaphyllon emarginatum (Cav.) A.Juss.,Malpighiaceae,Stigmaphyllon,SPECIES,HUMAN_OBSERVATION,2022-11-05T09:49:38,2022,-70.478192,19.771005,9,50c9509d-22c7-4a22-a47d-8c48425ef4a7,iNaturalist,Observations,18,07,SOSÚA,011807,874cf2405ffffff
https://www.inaturalist.org/observations/142025333,3985701042,Verbesina alata,Verbesina alata L.,Asteraceae,Verbesina,SPECIES,HUMAN_OBSERVATION,2022-11-14T12:53:42,2022,-70.501187,19.71155,5,50c9509d-22c7-4a22-a47d-8c48425ef4a7,iNaturalist,Observations,18,07,SOSÚA,011807,874cf2419ffffff
https://www.inaturalist.org/observations/142677273,4028895770,Anemia adiantifolia,Anemia adiantifolia (L.) Sw.,Anemiaceae,Anemia,SPECIES,HUMAN_OBSERVATION,2022-11-22T14:08:39,2022,-70.538985,19.646873,4,50c9509d-22c7-4a22-a47d-8c48425ef4a7,iNaturalist,Observations,18,07,SOSÚA,011807,874cf24c6ffffff
https://www.inaturalist.org/observations/142677457,4028781147,Myriopteris microphylla,Myriopteris microphylla (Sw.) Grusz & Windham,Pteridaceae,Myriopteris,SPECIES,HUMAN_OBSERVATION,2022-11-22T14:09:44,2022,-70.538982,19.646815,5,50c9509d-22c7-4a22-a47d-8c48425ef4a7,iNaturalist,Observations,18,07,SOSÚA,011807,874cf24c6ffffff
https://www.inaturalist.org/observations/142677579,4926201143,Pleopeltis polypodioides,Pleopeltis polypodioides (L.) E.G.Andrews & Windham,Polypodiaceae,Pleopeltis,SPECIES,HUMAN_OBSERVATION,2022-11-22T14:10:46,2022,-70.538955,19.646802,5,50c9509d-22c7-4a22-a47d-8c48425ef4a7,iNaturalist,Observations,18,07,SOSÚA,011807,874cf24c6ffffff
https://www.inaturalist.org/observations/142677981,5139968672,Poitea galegoides,Poitea galegoides Vent.,Fabaceae,Poitea,SPECIES,HUMAN_OBSERVATION,2022-11-22T14:17:47,2022,-70.539092,19.64677,4,50c9509d-22c7-4a22-a47d-8c48425ef4a7,iNaturalist,Observations,18,07,SOSÚA,011807,874cf24c6ffffff
https://www.inaturalist.org/observations/142678301,4453891624,Vitex petitia,Petitia domingensis Jacq.,Lamiaceae,Vitex,SPECIES,HUMAN_OBSERVATION,2022-11-22T14:44,2022,-70.538455,19.644502,5,50c9509d-22c7-4a22-a47d-8c48425ef4a7,iNaturalist,Observations,18,07,SOSÚA,011807,874cf24c2ffffff
https://www.inaturalist.org/observations/142751667,3985899861,Poitea galegoides,Poitea galegoides Vent.,Fabaceae,Poitea,SPECIES,HUMAN_OBSERVATION,2022-11-22T14:43:35,2022,-70.538553,19.64445,6,50c9509d-22c7-4a22-a47d-8c48425ef4a7,iNaturalist,Observations,18,07,SOSÚA,011807,874cf24c2ffffff
https://www.inaturalist.org/observations/143192288,4525038644,Miconia calycopteris,"Miconia calycopteris (Rich.) Judd, Bécquer & Majure",Melastomataceae,Miconia,SPECIES,HUMAN_OBSERVATION,2022-11-28T11:01:34,2022,-70.539207,19.644362,7,50c9509d-22c7-4a22-a47d-8c48425ef4a7,iNaturalist,Observations,18,07,SOSÚA,011807,874cf24c2ffffff
https://www.inaturalist.org/observations/143192486,5830552829,Miconia portoricensis,"Miconia portoricensis (Alain) Ionta, Judd & Skean",Melastomataceae,Miconia,SPECIES,HUMAN_OBSERVATION,2022-11-28T11:11:39,2022,-70.540945,19.643097,6,50c9509d-22c7-4a22-a47d-8c48425ef4a7,iNaturalist,Observations,18,07,SOSÚA,011807,874cf24c2ffffff
https://www.inaturalist.org/observations/143193997,4525036637,Castilla elastica,Castilla elastica Cerv.,Moraceae,Castilla,SPECIES,HUMAN_OBSERVATION,2022-11-28T11:30:54,2022,-70.543997,19.642718,8,50c9509d-22c7-4a22-a47d-8c48425ef4a7,iNaturalist,Observations,18,07,SOSÚA,011807,874cf24d5ffffff
https://www.inaturalist.org/observations/143194021,4028793243,Oxalis debilis,Oxalis debilis Kunth,Oxalidaceae,Oxalis,SPECIES,HUMAN_OBSERVATION,2022-11-28T11:43:16,2022,-70.544872,19.644735,8,50c9509d-22c7-4a22-a47d-8c48425ef4a7,iNaturalist,Observations,18,07,SOSÚA,011807,874cf24d5ffffff
https://www.inaturalist.org/observations/143194041,4453721599,Castilla elastica,Castilla elastica Cerv.,Moraceae,Castilla,SPECIES,HUMAN_OBSERVATION,2022-11-28T11:51:21,2022,-70.543552,19.647157,9,50c9509d-22c7-4a22-a47d-8c48425ef4a7,iNaturalist,Observations,18,07,SOSÚA,011807,874cf24d5ffffff
https://www.inaturalist.org/observations/143194163,3986369388,Epidendrum rigidum,Epidendrum rigidum Jacq.,Orchidaceae,Epidendrum,SPECIES,HUMAN_OBSERVATION,2022-11-28T12:07:47,2022,-70.54288,19.649183,7,50c9509d-22c7-4a22-a47d-8c48425ef4a7,iNaturalist,Observations,18,07,SOSÚA,011807,874cf24c6ffffff
https://www.inaturalist.org/observations/143278740,5062569201,Tillandsia kuzmae,Tillandsia kuzmae Ehlers,Bromeliaceae,Tillandsia,SPECIES,HUMAN_OBSERVATION,2022-11-29T11:38:31,2022,-70.541467,19.650942,3,50c9509d-22c7-4a22-a47d-8c48425ef4a7,iNaturalist,Observations,18,07,SOSÚA,011807,874cf24c6ffffff
https://www.inaturalist.org/observations/143296288,3986092413,Genipa americana,Genipa americana L.,Rubiaceae,Genipa,SPECIES,HUMAN_OBSERVATION,2022-11-29T11:42:32,2022,-70.542042,19.649998,6,50c9509d-22c7-4a22-a47d-8c48425ef4a7,iNaturalist,Observations,18,07,SOSÚA,011807,874cf24c6ffffff
https://www.inaturalist.org/observations/143296348,4413912607,Tolumnia Raf.,Tolumnia Raf.,Orchidaceae,Tolumnia,GENUS,HUMAN_OBSERVATION,2022-11-29T11:44:08,2022,-70.541993,19.650023,7,50c9509d-22c7-4a22-a47d-8c48425ef4a7,iNaturalist,Observations,18,07,SOSÚA,011807,874cf24c6ffffff
https://www.inaturalist.org/observations/143655164,4453681605,Turbina corymbosa,Ipomoea corymbosa (L.) Roth,Convolvulaceae,Turbina,SPECIES,HUMAN_OBSERVATION,2022-12-04T12:11:19,2022,-70.498373,19.693835,8,50c9509d-22c7-4a22-a47d-8c48425ef4a7,iNaturalist,Observations,18,07,SOSÚA,011807,874cf24e4ffffff
https://www.inaturalist.org/observations/144880494,4126847158,Piper marginatum,Piper marginatum Jacq.,Piperaceae,Piper,SPECIES,HUMAN_OBSERVATION,2022-12-22T16:34:18,2022,-70.541253,19.646747,8,50c9509d-22c7-4a22-a47d-8c48425ef4a7,iNaturalist,Observations,18,07,SOSÚA,011807,874cf24c6ffffff
https://www.inaturalist.org/observations/144932706,4028874050,Coccoloba uvifera,Coccoloba uvifera (L.) L.,Polygonaceae,Coccoloba,SPECIES,HUMAN_OBSERVATION,2022-12-23T13:42:38,2022,-70.462462,19.783958,20,50c9509d-22c7-4a22-a47d-8c48425ef4a7,iNaturalist,Observations,18,07,SOSÚA,011807,874cf2421ffffff
https://www.inaturalist.org/observations/144932942,4014914709,Terminalia catappa,Terminalia catappa L.,Combretaceae,Terminalia,SPECIES,HUMAN_OBSERVATION,2022-12-23T13:47:08,2022,-70.462415,19.78383,4,50c9509d-22c7-4a22-a47d-8c48425ef4a7,iNaturalist,Observations,18,07,SOSÚA,011807,874cf2421ffffff
https://www.inaturalist.org/observations/144982887,4014831762,Spathodea campanulata,Spathodea campanulata Beauverd,Bignoniaceae,Spathodea,SPECIES,HUMAN_OBSERVATION,2022-12-22T16:46:46,2022,-70.540597,19.646633,6,50c9509d-22c7-4a22-a47d-8c48425ef4a7,iNaturalist,Observations,18,07,SOSÚA,011807,874cf24c6ffffff
https://www.inaturalist.org/observations/144983140,4111756416,Cupania americana,Cupania americana L.,Sapindaceae,Cupania,SPECIES,HUMAN_OBSERVATION,2022-12-22T16:49:48,2022,-70.540728,19.646532,5,50c9509d-22c7-4a22-a47d-8c48425ef4a7,iNaturalist,Observations,18,07,SOSÚA,011807,874cf24c6ffffff
https://www.inaturalist.org/observations/144983868,4015002758,Pteris vittata,Pteris vittata L.,Pteridaceae,Pteris,SPECIES,HUMAN_OBSERVATION,2022-12-22T17:01:17,2022,-70.540875,19.646272,4,50c9509d-22c7-4a22-a47d-8c48425ef4a7,iNaturalist,Observations,18,07,SOSÚA,011807,874cf24c6ffffff
https://www.inaturalist.org/observations/144984013,4121317520,Adiantum tenerum,Adiantum tenerum Sw.,Pteridaceae,Adiantum,SPECIES,HUMAN_OBSERVATION,2022-12-22T17:02:48,2022,-70.540855,19.6462,4,50c9509d-22c7-4a22-a47d-8c48425ef4a7,iNaturalist,Observations,18,07,SOSÚA,011807,874cf24c6ffffff
https://www.inaturalist.org/observations/144993037,4453831644,Castilla elastica,Castilla elastica Cerv.,Moraceae,Castilla,SPECIES,HUMAN_OBSERVATION,2022-12-22T17:07:38,2022,-70.540857,19.64601,4,50c9509d-22c7-4a22-a47d-8c48425ef4a7,iNaturalist,Observations,18,07,SOSÚA,011807,874cf24c6ffffff
https://www.inaturalist.org/observations/144993124,4453817632,Castilla elastica,Castilla elastica Cerv.,Moraceae,Castilla,SPECIES,HUMAN_OBSERVATION,2022-12-22T17:13:01,2022,-70.540742,19.645832,4,50c9509d-22c7-4a22-a47d-8c48425ef4a7,iNaturalist,Observations,18,07,SOSÚA,011807,874cf24c6ffffff
https://www.inaturalist.org/observations/144994030,4015216700,Guarea guidonia,Guarea guidonia (L.) Sleumer,Meliaceae,Guarea,SPECIES,HUMAN_OBSERVATION,2022-12-22T17:15:31,2022,-70.540697,19.645785,4,50c9509d-22c7-4a22-a47d-8c48425ef4a7,iNaturalist,Observations,18,07,SOSÚA,011807,874cf24c6ffffff
https://www.inaturalist.org/observations/144994061,4028798843,Macrothelypteris torresiana,Macrothelypteris torresiana (Gaudich.) Ching,Thelypteridaceae,Macrothelypteris,SPECIES,HUMAN_OBSERVATION,2022-12-22T17:24:36,2022,-70.54059,19.645765,4,50c9509d-22c7-4a22-a47d-8c48425ef4a7,iNaturalist,Observations,18,07,SOSÚA,011807,874cf24c6ffffff
https://www.inaturalist.org/observations/144994104,4014901716,Piper peltatum,Piper peltatum L.,Piperaceae,Piper,SPECIES,HUMAN_OBSERVATION,2022-12-22T17:26:13,2022,-70.540912,19.646055,6,50c9509d-22c7-4a22-a47d-8c48425ef4a7,iNaturalist,Observations,18,07,SOSÚA,011807,874cf24c6ffffff
https://www.inaturalist.org/observations/145456415,4014825722,Picramnia pentandra,Picramnia pentandra Sw.,Picramniaceae,Picramnia,SPECIES,HUMAN_OBSERVATION,2022-12-29T17:01:53,2022,-70.495658,19.69637,6,50c9509d-22c7-4a22-a47d-8c48425ef4a7,iNaturalist,Observations,18,07,SOSÚA,011807,874cf24e4ffffff
https://www.inaturalist.org/observations/145456465,4014852753,Picramnia pentandra,Picramnia pentandra Sw.,Picramniaceae,Picramnia,SPECIES,HUMAN_OBSERVATION,2022-12-29T17:03:02,2022,-70.495707,19.69647,3,50c9509d-22c7-4a22-a47d-8c48425ef4a7,iNaturalist,Observations,18,07,SOSÚA,011807,874cf24e4ffffff
https://www.inaturalist.org/observations/145506496,4046615600,Dolichandra unguis-cati,Dolichandra unguis-cati (L.) L.G.Lohmann,Bignoniaceae,Dolichandra,SPECIES,HUMAN_OBSERVATION,2022-12-30T11:00:13,2022,-70.478428,19.782637,4,50c9509d-22c7-4a22-a47d-8c48425ef4a7,iNaturalist,Observations,18,07,SOSÚA,011807,874cf2423ffffff
https://www.inaturalist.org/observations/145506548,4014903735,Morinda citrifolia,Morinda citrifolia L.,Rubiaceae,Morinda,SPECIES,HUMAN_OBSERVATION,2022-12-30T11:08,2022,-70.477917,19.78452,6,50c9509d-22c7-4a22-a47d-8c48425ef4a7,iNaturalist,Observations,18,07,SOSÚA,011807,874cf2423ffffff
https://www.inaturalist.org/observations/145506730,4015012771,Bursera simaruba,Bursera simaruba (L.) Sarg.,Burseraceae,Bursera,SPECIES,HUMAN_OBSERVATION,2022-12-30T11:18:39,2022,-70.475448,19.783213,4,50c9509d-22c7-4a22-a47d-8c48425ef4a7,iNaturalist,Observations,18,07,SOSÚA,011807,874cf2423ffffff
https://www.inaturalist.org/observations/145506900,4908063239,Ipomoea obscura,Ipomoea obscura (L.) Ker Gawl.,Convolvulaceae,Ipomoea,SPECIES,HUMAN_OBSERVATION,2022-12-30T11:31:59,2022,-70.475315,19.778862,3,50c9509d-22c7-4a22-a47d-8c48425ef4a7,iNaturalist,Observations,18,07,SOSÚA,011807,874cf242effffff
https://www.inaturalist.org/observations/145981097,4028647289,Andrographis paniculata,Andrographis paniculata (Burm.fil.) Nees,Acanthaceae,Andrographis,SPECIES,HUMAN_OBSERVATION,2023-01-06T11:36:53,2023,-70.516727,19.752077,5,50c9509d-22c7-4a22-a47d-8c48425ef4a7,iNaturalist,Observations,18,07,SOSÚA,011807,874cf2402ffffff
https://www.inaturalist.org/observations/145981174,5086957756,Scutellaria havanensis,Scutellaria havanensis Jacq.,Lamiaceae,Scutellaria,SPECIES,HUMAN_OBSERVATION,2023-01-06T11:42:13,2023,-70.516353,19.75187,5,50c9509d-22c7-4a22-a47d-8c48425ef4a7,iNaturalist,Observations,18,07,SOSÚA,011807,874cf2402ffffff
https://www.inaturalist.org/observations/145981205,5086945751,Scutellaria havanensis,Scutellaria havanensis Jacq.,Lamiaceae,Scutellaria,SPECIES,HUMAN_OBSERVATION,2023-01-06T11:46:53,2023,-70.515672,19.751215,5,50c9509d-22c7-4a22-a47d-8c48425ef4a7,iNaturalist,Observations,18,07,SOSÚA,011807,874cf2403ffffff
https://www.inaturalist.org/observations/145981240,4014944087,Tecoma stans,Tecoma stans (L.) Juss. ex Kunth,Bignoniaceae,Tecoma,SPECIES,HUMAN_OBSERVATION,2023-01-06T11:51:37,2023,-70.514973,19.750243,6,50c9509d-22c7-4a22-a47d-8c48425ef4a7,iNaturalist,Observations,18,07,SOSÚA,011807,874cf2403ffffff
https://www.inaturalist.org/observations/145981348,4015101102,Asparagus setaceus,Asparagus setaceus (Kunth) Jessop,Asparagaceae,Asparagus,SPECIES,HUMAN_OBSERVATION,2023-01-06T11:59:41,2023,-70.516063,19.750468,5,50c9509d-22c7-4a22-a47d-8c48425ef4a7,iNaturalist,Observations,18,07,SOSÚA,011807,874cf2403ffffff
https://www.inaturalist.org/observations/145981455,4014833041,Piper peltatum,Piper peltatum L.,Piperaceae,Piper,SPECIES,HUMAN_OBSERVATION,2023-01-06T12:03:07,2023,-70.516463,19.75048,8,50c9509d-22c7-4a22-a47d-8c48425ef4a7,iNaturalist,Observations,18,07,SOSÚA,011807,874cf2403ffffff
https://www.inaturalist.org/observations/146140469,4014826281,Nama jamaicensis,Nama jamaicensis L.,Namaceae,Nama,SPECIES,HUMAN_OBSERVATION,2023-01-08T14:47:56,2023,-70.524058,19.751853,6,50c9509d-22c7-4a22-a47d-8c48425ef4a7,iNaturalist,Observations,18,07,SOSÚA,011807,874cf2402ffffff
https://www.inaturalist.org/observations/146467301,4018283078,Prosthechea cochleata,Prosthechea cochleata (L.) W.E.Higgins,Orchidaceae,Prosthechea,SPECIES,HUMAN_OBSERVATION,2023-01-11T13:27:06,2023,-70.53876,19.651772,6,50c9509d-22c7-4a22-a47d-8c48425ef4a7,iNaturalist,Observations,18,07,SOSÚA,011807,874cf24c6ffffff
https://www.inaturalist.org/observations/146467320,4018233073,Oldenlandiopsis callitrichoides,Oldenlandiopsis callitrichoides (Griseb.) Terrell & W.H.Lewis,Rubiaceae,Oldenlandiopsis,SPECIES,HUMAN_OBSERVATION,2023-01-12T15:24:58,2023,-70.402328,19.748717,6,50c9509d-22c7-4a22-a47d-8c48425ef4a7,iNaturalist,Observations,18,07,SOSÚA,011807,874cf255bffffff
https://www.inaturalist.org/observations/147112556,4926207444,Dianthera pectoralis,Justicia pectoralis Jacq.,Acanthaceae,Dianthera,SPECIES,HUMAN_OBSERVATION,2023-01-22T10:07:06,2023,-70.522995,19.752752,8,50c9509d-22c7-4a22-a47d-8c48425ef4a7,iNaturalist,Observations,18,07,SOSÚA,011807,874cf2402ffffff
https://www.inaturalist.org/observations/147324292,4028794060,Tectaria heracleifolia,Tectaria heracleifolia (Willd.) Underw.,Tectariaceae,Tectaria,SPECIES,HUMAN_OBSERVATION,2023-01-24T08:09:38,2023,-70.536942,19.646117,7,50c9509d-22c7-4a22-a47d-8c48425ef4a7,iNaturalist,Observations,18,07,SOSÚA,011807,874cf24c6ffffff
https://www.inaturalist.org/observations/147324327,6170842077,Theophrasta L.,Theophrasta L.,Primulaceae,Theophrasta,GENUS,HUMAN_OBSERVATION,2023-01-24T08:13:22,2023,-70.536815,19.646095,6,50c9509d-22c7-4a22-a47d-8c48425ef4a7,iNaturalist,Observations,18,07,SOSÚA,011807,874cf24c6ffffff
https://www.inaturalist.org/observations/147456035,4028900772,"Paraleonurus M.L.Qian, C.L.Xiang & Bo Li","Paraleonurus M.L.Qian, C.L.Xiang & Bo Li",Lamiaceae,Paraleonurus,GENUS,HUMAN_OBSERVATION,2023-01-27T08:54:05,2023,-70.53371,19.655055,6,50c9509d-22c7-4a22-a47d-8c48425ef4a7,iNaturalist,Observations,18,07,SOSÚA,011807,874cf24c6ffffff
https://www.inaturalist.org/observations/147467159,4029072773,Heliotropium indicum,Heliotropium indicum L.,Heliotropiaceae,Heliotropium,SPECIES,HUMAN_OBSERVATION,2023-01-27T08:59:30,2023,-70.533403,19.65509,5,50c9509d-22c7-4a22-a47d-8c48425ef4a7,iNaturalist,Observations,18,07,SOSÚA,011807,874cf24c6ffffff
https://www.inaturalist.org/observations/147467319,4952451406,Senna occidentalis,Senna occidentalis (L.) Link,Fabaceae,Senna,SPECIES,HUMAN_OBSERVATION,2023-01-27T09:15:22,2023,-70.533712,19.655413,5,50c9509d-22c7-4a22-a47d-8c48425ef4a7,iNaturalist,Observations,18,07,SOSÚA,011807,874cf24c6ffffff
https://www.inaturalist.org/observations/147965660,4127280054,Cocos nucifera,Cocos nucifera L.,Arecaceae,Cocos,SPECIES,HUMAN_OBSERVATION,2023-02-03T14:59:32,2023,-70.393045,19.74417,4,50c9509d-22c7-4a22-a47d-8c48425ef4a7,iNaturalist,Observations,18,07,SOSÚA,011807,874cf255bffffff
https://www.inaturalist.org/observations/148105135,4076234817,Xanthosoma sagittifolium,Xanthosoma violaceum Schott,Araceae,Xanthosoma,SPECIES,HUMAN_OBSERVATION,2023-02-05T11:17:34,2023,-70.536805,19.652055,5,50c9509d-22c7-4a22-a47d-8c48425ef4a7,iNaturalist,Observations,18,07,SOSÚA,011807,874cf24c6ffffff
https://www.inaturalist.org/observations/148105492,4453891640,Xanthosoma sagittifolium,Xanthosoma sagittifolium (L.) Schott,Araceae,Xanthosoma,SPECIES,HUMAN_OBSERVATION,2023-02-05T11:31:42,2023,-70.535982,19.652863,3,50c9509d-22c7-4a22-a47d-8c48425ef4a7,iNaturalist,Observations,18,07,SOSÚA,011807,874cf24c6ffffff
https://www.inaturalist.org/observations/148292378,4524889761,Coccoloba costata,Coccoloba costata C.Wright,Polygonaceae,Coccoloba,SPECIES,HUMAN_OBSERVATION,2023-02-07T13:52:33,2023,-70.528932,19.754707,4,50c9509d-22c7-4a22-a47d-8c48425ef4a7,iNaturalist,Observations,18,07,SOSÚA,011807,874cf2402ffffff
https://www.inaturalist.org/observations/148292470,4034734778,Plumeria tuberculata,Plumeria tuberculata Lodd.,Apocynaceae,Plumeria,SPECIES,HUMAN_OBSERVATION,2023-02-07T14:09:11,2023,-70.528567,19.753587,4,50c9509d-22c7-4a22-a47d-8c48425ef4a7,iNaturalist,Observations,18,07,SOSÚA,011807,874cf2402ffffff
https://www.inaturalist.org/observations/148318236,4034622808,Allamanda cathartica,Allamanda cathartica L.,Apocynaceae,Allamanda,SPECIES,HUMAN_OBSERVATION,2023-02-08T10:22:46,2023,-70.405052,19.74675,4,50c9509d-22c7-4a22-a47d-8c48425ef4a7,iNaturalist,Observations,18,07,SOSÚA,011807,874cf255bffffff
https://www.inaturalist.org/observations/148469417,4453961624,Youngia japonica,Youngia japonica (L.) DC.,Asteraceae,Youngia,SPECIES,HUMAN_OBSERVATION,2023-02-10T14:28:38,2023,-70.542347,19.649032,6,50c9509d-22c7-4a22-a47d-8c48425ef4a7,iNaturalist,Observations,18,07,SOSÚA,011807,874cf24c6ffffff
https://www.inaturalist.org/observations/148469455,4046629611,Goniopteris fuertesii,"Goniopteris fuertesii (Brause) S.E.Fawc., A.R.Sm. & Y.Y.Pina",Thelypteridaceae,Goniopteris,SPECIES,HUMAN_OBSERVATION,2023-02-10T14:31:57,2023,-70.542307,19.649022,6,50c9509d-22c7-4a22-a47d-8c48425ef4a7,iNaturalist,Observations,18,07,SOSÚA,011807,874cf24c6ffffff
https://www.inaturalist.org/observations/148469609,5827946515,Gesneria reticulata,Gesneria reticulata (Griseb.) Urb.,Gesneriaceae,Gesneria,SPECIES,HUMAN_OBSERVATION,2023-02-10T14:36:56,2023,-70.542328,19.649013,5,50c9509d-22c7-4a22-a47d-8c48425ef4a7,iNaturalist,Observations,18,07,SOSÚA,011807,874cf24c6ffffff
https://www.inaturalist.org/observations/148553423,4034931405,Bletia patula,Bletia patula Hook.,Orchidaceae,Bletia,SPECIES,HUMAN_OBSERVATION,2023-02-11T14:27:02,2023,-70.528987,19.66392,7,50c9509d-22c7-4a22-a47d-8c48425ef4a7,iNaturalist,Observations,18,07,SOSÚA,011807,874cf24f1ffffff
https://www.inaturalist.org/observations/148553621,4034994391,Bletia patula,Bletia patula Hook.,Orchidaceae,Bletia,SPECIES,HUMAN_OBSERVATION,2023-02-11T15:46:17,2023,-70.529227,19.664155,6,50c9509d-22c7-4a22-a47d-8c48425ef4a7,iNaturalist,Observations,18,07,SOSÚA,011807,874cf24f1ffffff
https://www.inaturalist.org/observations/148780732,4453884615,Flemingia strobilifera,Flemingia strobilifera (L.) W.T.Aiton,Fabaceae,Flemingia,SPECIES,HUMAN_OBSERVATION,2023-02-14T16:19:07,2023,-70.538658,19.651903,5,50c9509d-22c7-4a22-a47d-8c48425ef4a7,iNaturalist,Observations,18,07,SOSÚA,011807,874cf24c6ffffff
https://www.inaturalist.org/observations/149728463,5760694750,Teramnus labialis,Teramnus labialis (L.f.) Spreng.,Fabaceae,Teramnus,SPECIES,HUMAN_OBSERVATION,2023-02-24T10:03:04,2023,-70.516215,19.763167,9,50c9509d-22c7-4a22-a47d-8c48425ef4a7,iNaturalist,Observations,18,07,SOSÚA,011807,874cf2400ffffff
https://www.inaturalist.org/observations/150417153,4987673704,Gesneria reticulata,Gesneria reticulata (Griseb.) Urb.,Gesneriaceae,Gesneria,SPECIES,HUMAN_OBSERVATION,2023-03-06T12:17:11,2023,-70.542212,19.649165,9,50c9509d-22c7-4a22-a47d-8c48425ef4a7,iNaturalist,Observations,18,07,SOSÚA,011807,874cf24c6ffffff
https://www.inaturalist.org/observations/153123366,4458369775,Exostema longiflorum,Exostema longiflorum (Lamb.) Roem. & Schult.,Rubiaceae,Exostema,SPECIES,HUMAN_OBSERVATION,2023-04-01T10:12:32,2023,-70.542608,19.649185,10,50c9509d-22c7-4a22-a47d-8c48425ef4a7,iNaturalist,Observations,18,07,SOSÚA,011807,874cf24c6ffffff
https://www.inaturalist.org/observations/153123757,4080510566,Piper peltatum,Piper peltatum L.,Piperaceae,Piper,SPECIES,HUMAN_OBSERVATION,2023-04-01T10:19:10,2023,-70.542528,19.64884,11,50c9509d-22c7-4a22-a47d-8c48425ef4a7,iNaturalist,Observations,18,07,SOSÚA,011807,874cf24c6ffffff
https://www.inaturalist.org/observations/153124282,4076452459,Anemia adiantifolia,Anemia adiantifolia (L.) Sw.,Anemiaceae,Anemia,SPECIES,HUMAN_OBSERVATION,2023-04-01T10:27:56,2023,-70.54232,19.648547,5,50c9509d-22c7-4a22-a47d-8c48425ef4a7,iNaturalist,Observations,18,07,SOSÚA,011807,874cf24c6ffffff
https://www.inaturalist.org/observations/153124345,4080976579,Piper aduncum,Piper aduncum L.,Piperaceae,Piper,SPECIES,HUMAN_OBSERVATION,2023-04-01T10:28:33,2023,-70.542355,19.648512,5,50c9509d-22c7-4a22-a47d-8c48425ef4a7,iNaturalist,Observations,18,07,SOSÚA,011807,874cf24c6ffffff
https://www.inaturalist.org/observations/153743017,4510311824,Euphorbia cyathophora,Euphorbia cyathophora Murray,Euphorbiaceae,Euphorbia,SPECIES,HUMAN_OBSERVATION,2023-04-06T16:10:38,2023,-70.535997,19.71374,5,50c9509d-22c7-4a22-a47d-8c48425ef4a7,iNaturalist,Observations,18,07,SOSÚA,011807,874cf241bffffff
https://www.inaturalist.org/observations/153743163,4091407571,Psychotria nervosa,Psychotria nervosa Sw.,Rubiaceae,Psychotria,SPECIES,HUMAN_OBSERVATION,2023-04-06T16:37:40,2023,-70.544103,19.699778,5,50c9509d-22c7-4a22-a47d-8c48425ef4a7,iNaturalist,Observations,18,07,SOSÚA,011807,874cf24f4ffffff
https://www.inaturalist.org/observations/153743549,4080930933,Parthenium hysterophorus,Parthenium hysterophorus L.,Asteraceae,Parthenium,SPECIES,HUMAN_OBSERVATION,2023-04-06T17:28:06,2023,-70.542675,19.67229,4,50c9509d-22c7-4a22-a47d-8c48425ef4a7,iNaturalist,Observations,18,07,SOSÚA,011807,874cf24f1ffffff
https://www.inaturalist.org/observations/153743637,4091773538,Hydrilla verticillata,Hydrilla verticillata (L.f.) Royle,Hydrocharitaceae,Hydrilla,SPECIES,HUMAN_OBSERVATION,2023-04-06T17:53:59,2023,-70.534477999999993,19.658408,7,50c9509d-22c7-4a22-a47d-8c48425ef4a7,iNaturalist,Observations,18,07,SOSÚA,011807,874cf24c6ffffff
https://www.inaturalist.org/observations/154096888,4597228042,Tabernaemontana divaricata,Tabernaemontana divaricata (L.) R.Br. ex Roem. & Schult.,Apocynaceae,Tabernaemontana,SPECIES,HUMAN_OBSERVATION,2012-01-01T17:12,2012,-70.415722,19.753528,204,50c9509d-22c7-4a22-a47d-8c48425ef4a7,iNaturalist,Observations,18,07,SOSÚA,011807,874cf255affffff
https://www.inaturalist.org/observations/155224315,4528212771,Euphorbia milii,Euphorbia milii Des Moul.,Euphorbiaceae,Euphorbia,SPECIES,HUMAN_OBSERVATION,2023-04-16T15:46:04,2023,-70.409845,19.746787,1312,50c9509d-22c7-4a22-a47d-8c48425ef4a7,iNaturalist,Observations,18,07,SOSÚA,011807,874cf2474ffffff
https://www.inaturalist.org/observations/155850186,4096549035,Ruellia simplex,Ruellia simplex C.Wright,Acanthaceae,Ruellia,SPECIES,HUMAN_OBSERVATION,2023-04-15T14:18:10,2023,-70.44876,19.781458,8,50c9509d-22c7-4a22-a47d-8c48425ef4a7,iNaturalist,Observations,18,07,SOSÚA,011807,874cf242cffffff
https://www.inaturalist.org/observations/156023231,4096849178,Momordica charantia,Momordica charantia L.,Cucurbitaceae,Momordica,SPECIES,HUMAN_OBSERVATION,2023-04-18T18:39:40,2023,-70.404442,19.748999,230,50c9509d-22c7-4a22-a47d-8c48425ef4a7,iNaturalist,Observations,18,07,SOSÚA,011807,874cf255bffffff
https://www.inaturalist.org/observations/156345042,4096935545,Mangifera indica,Mangifera indica L.,Anacardiaceae,Mangifera,SPECIES,HUMAN_OBSERVATION,2023-04-18T18:52:14,2023,-70.404199,19.74791,70,50c9509d-22c7-4a22-a47d-8c48425ef4a7,iNaturalist,Observations,18,07,SOSÚA,011807,874cf255bffffff
https://www.inaturalist.org/observations/156503229,4126853207,Zinnia elegans,Zinnia elegans Jacq.,Asteraceae,Zinnia,SPECIES,HUMAN_OBSERVATION,2023-04-18T18:48:18,2023,-70.404325,19.748619,22,50c9509d-22c7-4a22-a47d-8c48425ef4a7,iNaturalist,Observations,18,07,SOSÚA,011807,874cf255bffffff
https://www.inaturalist.org/observations/156503447,4453692677,Thunbergia grandiflora,Thunbergia grandiflora (Roxb. ex Rottler) Roxb.,Acanthaceae,Thunbergia,SPECIES,HUMAN_OBSERVATION,2023-04-23T12:02:28,2023,-70.4042,19.748648,23,50c9509d-22c7-4a22-a47d-8c48425ef4a7,iNaturalist,Observations,18,07,SOSÚA,011807,874cf255bffffff
https://www.inaturalist.org/observations/156505406,4096657705,Passiflora pallida,Passiflora pallida L.,Passifloraceae,Passiflora,SPECIES,HUMAN_OBSERVATION,2023-04-18T18:34:06,2023,-70.403911,19.748813,60,50c9509d-22c7-4a22-a47d-8c48425ef4a7,iNaturalist,Observations,18,07,SOSÚA,011807,874cf255bffffff
https://www.inaturalist.org/observations/159153364,4111655760,Passiflora vesicaria,Passiflora vesicaria L.,Passifloraceae,Passiflora,SPECIES,HUMAN_OBSERVATION,2023-05-02T09:24:11,2023,-70.538113,19.651422,5,50c9509d-22c7-4a22-a47d-8c48425ef4a7,iNaturalist,Observations,18,07,SOSÚA,011807,874cf24c6ffffff
https://www.inaturalist.org/observations/163563898,4126970624,Pilea microphylla,Pilea microphylla (L.) Liebm.,Urticaceae,Pilea,SPECIES,HUMAN_OBSERVATION,2023-04-01T10:27:56,2023,-70.54232,19.648547,5,50c9509d-22c7-4a22-a47d-8c48425ef4a7,iNaturalist,Observations,18,07,SOSÚA,011807,874cf24c6ffffff
https://www.inaturalist.org/observations/163693353,4126911179,Martynia annua,Martynia annua L.,Martyniaceae,Martynia,SPECIES,HUMAN_OBSERVATION,2023-05-25T14:40:19,2023,-70.537892,19.651447,3,50c9509d-22c7-4a22-a47d-8c48425ef4a7,iNaturalist,Observations,18,07,SOSÚA,011807,874cf24c6ffffff
https://www.inaturalist.org/observations/163880760,4137739032,Castilla elastica,Castilla elastica Cerv.,Moraceae,Castilla,SPECIES,HUMAN_OBSERVATION,2023-05-26T14:45:22,2023,-70.538657,19.651127,8,50c9509d-22c7-4a22-a47d-8c48425ef4a7,iNaturalist,Observations,18,07,SOSÚA,011807,874cf24c6ffffff
https://www.inaturalist.org/observations/164134542,4137570070,Ficus religiosa,Ficus religiosa L.,Moraceae,Ficus,SPECIES,HUMAN_OBSERVATION,2023-05-27T17:36:46,2023,-70.520862,19.753753,4,50c9509d-22c7-4a22-a47d-8c48425ef4a7,iNaturalist,Observations,18,07,SOSÚA,011807,874cf2402ffffff
https://www.inaturalist.org/observations/166902909,4162287493,Coccoloba uvifera,Coccoloba uvifera (L.) L.,Polygonaceae,Coccoloba,SPECIES,HUMAN_OBSERVATION,2023-06-11T18:01:43,2023,-70.418373,19.758372,28,50c9509d-22c7-4a22-a47d-8c48425ef4a7,iNaturalist,Observations,18,07,SOSÚA,011807,874cf255affffff
https://www.inaturalist.org/observations/168140671,4138113342,Delonix regia,Delonix regia (Bojer ex Hook.) Raf.,Fabaceae,Delonix,SPECIES,HUMAN_OBSERVATION,2023-06-18T14:23,2023,-70.518318,19.766005,NA,50c9509d-22c7-4a22-a47d-8c48425ef4a7,iNaturalist,Observations,18,07,SOSÚA,011807,874cf2406ffffff
https://www.inaturalist.org/observations/168210759,4137773337,Cocos nucifera,Cocos nucifera L.,Arecaceae,Cocos,SPECIES,HUMAN_OBSERVATION,2023-06-18T16:49:29,2023,-70.518094,19.765119,NA,50c9509d-22c7-4a22-a47d-8c48425ef4a7,iNaturalist,Observations,18,07,SOSÚA,011807,874cf2402ffffff
https://www.inaturalist.org/observations/170707925,4145660834,Sphagneticola trilobata,Sphagneticola trilobata (L.) Pruski,Asteraceae,Sphagneticola,SPECIES,HUMAN_OBSERVATION,2023-06-22T14:11,2023,-70.41914,19.74235,21,50c9509d-22c7-4a22-a47d-8c48425ef4a7,iNaturalist,Observations,18,07,SOSÚA,011807,874cf2474ffffff
https://www.inaturalist.org/observations/172041040,4162191837,Macroptilium lathyroides,Macroptilium lathyroides (L.) Urb.,Fabaceae,Macroptilium,SPECIES,HUMAN_OBSERVATION,2023-04-04T12:58,2023,-70.416033,19.742419,NA,50c9509d-22c7-4a22-a47d-8c48425ef4a7,iNaturalist,Observations,18,07,SOSÚA,011807,874cf2474ffffff
https://www.inaturalist.org/observations/172041042,4162090833,Sphagneticola trilobata,Sphagneticola trilobata (L.) Pruski,Asteraceae,Sphagneticola,SPECIES,HUMAN_OBSERVATION,2023-04-04T12:56,2023,-70.416047,19.742786,NA,50c9509d-22c7-4a22-a47d-8c48425ef4a7,iNaturalist,Observations,18,07,SOSÚA,011807,874cf2474ffffff
https://www.inaturalist.org/observations/172041047,4162279816,Typha domingensis,Typha domingensis Pers.,Typhaceae,Typha,SPECIES,HUMAN_OBSERVATION,2023-04-04T13:06,2023,-70.419458,19.745075,NA,50c9509d-22c7-4a22-a47d-8c48425ef4a7,iNaturalist,Observations,18,07,SOSÚA,011807,874cf2474ffffff
https://www.inaturalist.org/observations/172041074,4430940592,Pluchea carolinensis,Pluchea carolinensis (Jacq.) G.Don,Asteraceae,Pluchea,SPECIES,HUMAN_OBSERVATION,2023-04-04T13:15,2023,-70.419061,19.746642,NA,50c9509d-22c7-4a22-a47d-8c48425ef4a7,iNaturalist,Observations,18,07,SOSÚA,011807,874cf2474ffffff
https://www.inaturalist.org/observations/172041083,4162142768,Coccoloba uvifera,Coccoloba uvifera (L.) L.,Polygonaceae,Coccoloba,SPECIES,HUMAN_OBSERVATION,2023-04-04T14:49,2023,-70.518617,19.764056,NA,50c9509d-22c7-4a22-a47d-8c48425ef4a7,iNaturalist,Observations,18,07,SOSÚA,011807,874cf2402ffffff
https://www.inaturalist.org/observations/175652547,4171812552,Pseudogynoxys chenopodioides,Pseudogynoxys chenopodioides (Kunth) Cabrera,Asteraceae,Pseudogynoxys,SPECIES,HUMAN_OBSERVATION,2023-07-29T14:37:42,2023,-70.545245,19.696757,6,50c9509d-22c7-4a22-a47d-8c48425ef4a7,iNaturalist,Observations,18,07,SOSÚA,011807,874cf24f4ffffff
https://www.inaturalist.org/observations/186442016,4430538518,Euphorbia heterophylla,Euphorbia heterophylla L.,Euphorbiaceae,Euphorbia,SPECIES,HUMAN_OBSERVATION,2023-10-06T13:23:50,2023,-70.52543,19.741445,4,50c9509d-22c7-4a22-a47d-8c48425ef4a7,iNaturalist,Observations,18,07,SOSÚA,011807,874cf241cffffff
https://www.inaturalist.org/observations/186442026,4954730289,Arivela viscosa,Cleome viscosa L.,Cleomaceae,Arivela,SPECIES,HUMAN_OBSERVATION,2023-10-06T13:24:52,2023,-70.525423,19.741493,4,50c9509d-22c7-4a22-a47d-8c48425ef4a7,iNaturalist,Observations,18,07,SOSÚA,011807,874cf241cffffff
https://www.inaturalist.org/observations/188047056,4430717581,Casearia guianensis,Casearia guianensis (Aubl.) Urb.,Salicaceae,Casearia,SPECIES,HUMAN_OBSERVATION,2023-10-18T11:19:26,2023,-70.561133,19.752193,6,50c9509d-22c7-4a22-a47d-8c48425ef4a7,iNaturalist,Observations,18,07,SOSÚA,011807,874cf2413ffffff
https://www.inaturalist.org/observations/188047093,4430675580,Capraria biflora,Capraria biflora L.,Scrophulariaceae,Capraria,SPECIES,HUMAN_OBSERVATION,2023-10-18T11:21:54,2023,-70.56118,19.75284,7,50c9509d-22c7-4a22-a47d-8c48425ef4a7,iNaturalist,Observations,18,07,SOSÚA,011807,874cf2413ffffff
https://www.inaturalist.org/observations/188047108,4430696628,Ipomoea obscura,Ipomoea obscura (L.) Ker Gawl.,Convolvulaceae,Ipomoea,SPECIES,HUMAN_OBSERVATION,2023-10-18T11:23:29,2023,-70.559952,19.75285,7,50c9509d-22c7-4a22-a47d-8c48425ef4a7,iNaturalist,Observations,18,07,SOSÚA,011807,874cf2413ffffff
https://www.inaturalist.org/observations/188047132,4430669545,Vachellia macracantha,Vachellia macracantha (Humb. & Bonpl. ex Willd.) Seigler & Ebinger,Fabaceae,Vachellia,SPECIES,HUMAN_OBSERVATION,2023-10-18T11:31:36,2023,-70.55761,19.75298,9,50c9509d-22c7-4a22-a47d-8c48425ef4a7,iNaturalist,Observations,18,07,SOSÚA,011807,874cf2413ffffff
https://www.inaturalist.org/observations/188047218,4430701537,Heliotropium verdcourtii,Heliotropium verdcourtii Craven,Heliotropiaceae,Heliotropium,SPECIES,HUMAN_OBSERVATION,2023-10-18T11:43:20,2023,-70.552887,19.752593,2,50c9509d-22c7-4a22-a47d-8c48425ef4a7,iNaturalist,Observations,18,07,SOSÚA,011807,874cf2411ffffff
https://www.inaturalist.org/observations/188047239,4431186490,Heliotropium verdcourtii,Heliotropium verdcourtii Craven,Heliotropiaceae,Heliotropium,SPECIES,HUMAN_OBSERVATION,2023-10-18T11:44:20,2023,-70.552905,19.752973,2,50c9509d-22c7-4a22-a47d-8c48425ef4a7,iNaturalist,Observations,18,07,SOSÚA,011807,874cf2411ffffff
https://www.inaturalist.org/observations/188047264,4430676594,Trichostigma octandrum,Trichostigma octandrum (L.) H.Walter,Petiveriaceae,Trichostigma,SPECIES,HUMAN_OBSERVATION,2023-10-18T11:48:01,2023,-70.552762,19.754123,3,50c9509d-22c7-4a22-a47d-8c48425ef4a7,iNaturalist,Observations,18,07,SOSÚA,011807,874cf2411ffffff
https://www.inaturalist.org/observations/188047328,4431150575,Stigmaphyllon emarginatum,Stigmaphyllon emarginatum (Cav.) A.Juss.,Malpighiaceae,Stigmaphyllon,SPECIES,HUMAN_OBSERVATION,2023-10-18T11:52:48,2023,-70.553045,19.755455,4,50c9509d-22c7-4a22-a47d-8c48425ef4a7,iNaturalist,Observations,18,07,SOSÚA,011807,874cf2411ffffff
https://www.inaturalist.org/observations/188047370,4431188513,Guazuma ulmifolia,Guazuma ulmifolia Lam.,Malvaceae,Guazuma,SPECIES,HUMAN_OBSERVATION,2023-10-18T11:53:55,2023,-70.553182,19.755842,5,50c9509d-22c7-4a22-a47d-8c48425ef4a7,iNaturalist,Observations,18,07,SOSÚA,011807,874cf2411ffffff
https://www.inaturalist.org/observations/188047387,4430682675,Chrysophyllum oliviforme,Chrysophyllum oliviforme L.,Sapotaceae,Chrysophyllum,SPECIES,HUMAN_OBSERVATION,2023-10-18T11:54:19,2023,-70.553205,19.755843,9,50c9509d-22c7-4a22-a47d-8c48425ef4a7,iNaturalist,Observations,18,07,SOSÚA,011807,874cf2411ffffff
https://www.inaturalist.org/observations/188047435,4430700452,Chiococca alba,Chiococca alba (L.) Hitchc.,Rubiaceae,Chiococca,SPECIES,HUMAN_OBSERVATION,2023-10-18T11:56:17,2023,-70.552775,19.75587,5,50c9509d-22c7-4a22-a47d-8c48425ef4a7,iNaturalist,Observations,18,07,SOSÚA,011807,874cf2411ffffff
https://www.inaturalist.org/observations/188047557,4431161666,Coccoloba diversifolia,Coccoloba diversifolia Jacq.,Polygonaceae,Coccoloba,SPECIES,HUMAN_OBSERVATION,2023-10-18T12:00:14,2023,-70.553072,19.756312,9,50c9509d-22c7-4a22-a47d-8c48425ef4a7,iNaturalist,Observations,18,07,SOSÚA,011807,874cf2411ffffff
https://www.inaturalist.org/observations/188047576,4436068291,Eugenia foetida,Eugenia foetida Pers.,Myrtaceae,Eugenia,SPECIES,HUMAN_OBSERVATION,2023-10-18T12:01:10,2023,-70.552933,19.756193,8,50c9509d-22c7-4a22-a47d-8c48425ef4a7,iNaturalist,Observations,18,07,SOSÚA,011807,874cf2411ffffff
https://www.inaturalist.org/observations/188047610,4436182211,Myriopus volubilis,Myriopus volubilis (L.) Small,Heliotropiaceae,Myriopus,SPECIES,HUMAN_OBSERVATION,2023-10-18T12:02:29,2023,-70.552723,19.756327,7,50c9509d-22c7-4a22-a47d-8c48425ef4a7,iNaturalist,Observations,18,07,SOSÚA,011807,874cf2411ffffff
https://www.inaturalist.org/observations/188047630,4436262160,Chrysophyllum oliviforme,Chrysophyllum oliviforme L.,Sapotaceae,Chrysophyllum,SPECIES,HUMAN_OBSERVATION,2023-10-18T12:03:14,2023,-70.552498,19.756532,6,50c9509d-22c7-4a22-a47d-8c48425ef4a7,iNaturalist,Observations,18,07,SOSÚA,011807,874cf2411ffffff
https://www.inaturalist.org/observations/188047660,4436375264,Psychotria nervosa,Psychotria nervosa Sw.,Rubiaceae,Psychotria,SPECIES,HUMAN_OBSERVATION,2023-10-18T12:03:50,2023,-70.5525,19.756552,6,50c9509d-22c7-4a22-a47d-8c48425ef4a7,iNaturalist,Observations,18,07,SOSÚA,011807,874cf2411ffffff
https://www.inaturalist.org/observations/188047674,4430706595,Coccoloba uvifera,Coccoloba uvifera (L.) L.,Polygonaceae,Coccoloba,SPECIES,HUMAN_OBSERVATION,2023-10-18T12:04:18,2023,-70.552395,19.756797,6,50c9509d-22c7-4a22-a47d-8c48425ef4a7,iNaturalist,Observations,18,07,SOSÚA,011807,874cf2411ffffff
https://www.inaturalist.org/observations/188047698,4431180611,Cissus verticillata,Cissus verticillata (L.) Nicolson & C.E.Jarvis,Vitaceae,Cissus,SPECIES,HUMAN_OBSERVATION,2023-10-18T12:04:42,2023,-70.552493,19.756563,6,50c9509d-22c7-4a22-a47d-8c48425ef4a7,iNaturalist,Observations,18,07,SOSÚA,011807,874cf2411ffffff
https://www.inaturalist.org/observations/188047781,4436081280,Sida cordifolia,Sida cordifolia L.,Malvaceae,Sida,SPECIES,HUMAN_OBSERVATION,2023-10-18T12:23:55,2023,-70.551145,19.755207,2,50c9509d-22c7-4a22-a47d-8c48425ef4a7,iNaturalist,Observations,18,07,SOSÚA,011807,874cf2411ffffff
https://www.inaturalist.org/observations/188047800,4431186494,Terminalia buceras,Terminalia buceras (L.) C.Wright,Combretaceae,Terminalia,SPECIES,HUMAN_OBSERVATION,2023-10-18T12:28:31,2023,-70.550063,19.753713,4,50c9509d-22c7-4a22-a47d-8c48425ef4a7,iNaturalist,Observations,18,07,SOSÚA,011807,874cf2411ffffff
https://www.inaturalist.org/observations/188047875,4431206496,Conocarpus erectus,Conocarpus erectus L.,Combretaceae,Conocarpus,SPECIES,HUMAN_OBSERVATION,2023-10-18T12:34:12,2023,-70.54928,19.754483,7,50c9509d-22c7-4a22-a47d-8c48425ef4a7,iNaturalist,Observations,18,07,SOSÚA,011807,874cf2411ffffff
https://www.inaturalist.org/observations/188047898,4430711540,Suriana maritima,Suriana maritima L.,Surianaceae,Suriana,SPECIES,HUMAN_OBSERVATION,2023-10-18T12:35,2023,-70.5493,19.754535,7,50c9509d-22c7-4a22-a47d-8c48425ef4a7,iNaturalist,Observations,18,07,SOSÚA,011807,874cf2411ffffff
https://www.inaturalist.org/observations/188047942,5007129090,Baccharis dioica,Baccharis dioica Vahl,Asteraceae,Baccharis,SPECIES,HUMAN_OBSERVATION,2023-10-18T12:36:11,2023,-70.549215,19.754815,4,50c9509d-22c7-4a22-a47d-8c48425ef4a7,iNaturalist,Observations,18,07,SOSÚA,011807,874cf2411ffffff
https://www.inaturalist.org/observations/188047982,4436109236,Passiflora suberosa,Passiflora suberosa L.,Passifloraceae,Passiflora,SPECIES,HUMAN_OBSERVATION,2023-10-18T12:37:15,2023,-70.54921,19.754772,8,50c9509d-22c7-4a22-a47d-8c48425ef4a7,iNaturalist,Observations,18,07,SOSÚA,011807,874cf2411ffffff
https://www.inaturalist.org/observations/188048021,4430683616,Borrichia arborescens,Borrichia arborescens (L.) DC.,Asteraceae,Borrichia,SPECIES,HUMAN_OBSERVATION,2023-10-18T12:41:10,2023,-70.549213,19.755495,2,50c9509d-22c7-4a22-a47d-8c48425ef4a7,iNaturalist,Observations,18,07,SOSÚA,011807,874cf2411ffffff
https://www.inaturalist.org/observations/188048043,4436095156,Rachicallis americana,Rachicallis americana (Jacq.) Hitchc.,Rubiaceae,Rachicallis,SPECIES,HUMAN_OBSERVATION,2023-10-18T12:41:40,2023,-70.549208,19.75548,4,50c9509d-22c7-4a22-a47d-8c48425ef4a7,iNaturalist,Observations,18,07,SOSÚA,011807,874cf2411ffffff
https://www.inaturalist.org/observations/188048056,4430680548,Suriana maritima,Suriana maritima L.,Surianaceae,Suriana,SPECIES,HUMAN_OBSERVATION,2023-10-18T12:42:43,2023,-70.549133,19.755461,NA,50c9509d-22c7-4a22-a47d-8c48425ef4a7,iNaturalist,Observations,18,07,SOSÚA,011807,874cf2411ffffff
https://www.inaturalist.org/observations/188048097,4436425307,Eugenia foetida,Eugenia foetida Pers.,Myrtaceae,Eugenia,SPECIES,HUMAN_OBSERVATION,2023-10-18T12:47:25,2023,-70.549037,19.754983,9,50c9509d-22c7-4a22-a47d-8c48425ef4a7,iNaturalist,Observations,18,07,SOSÚA,011807,874cf2411ffffff
https://www.inaturalist.org/observations/188048139,4431173615,Erithalis fruticosa,Erithalis fruticosa L.,Rubiaceae,Erithalis,SPECIES,HUMAN_OBSERVATION,2023-10-18T12:52:22,2023,-70.549375,19.75476,8,50c9509d-22c7-4a22-a47d-8c48425ef4a7,iNaturalist,Observations,18,07,SOSÚA,011807,874cf2411ffffff
https://www.inaturalist.org/observations/188048238,4431191615,Avicennia germinans,Avicennia germinans (L.) L.,Acanthaceae,Avicennia,SPECIES,HUMAN_OBSERVATION,2023-10-18T12:59:26,2023,-70.549022,19.754067,6,50c9509d-22c7-4a22-a47d-8c48425ef4a7,iNaturalist,Observations,18,07,SOSÚA,011807,874cf2411ffffff
https://www.inaturalist.org/observations/188048263,4430703568,Gymnanthes lucida,Gymnanthes lucida Sw.,Euphorbiaceae,Gymnanthes,SPECIES,HUMAN_OBSERVATION,2023-10-18T13:00:32,2023,-70.549058,19.754085,7,50c9509d-22c7-4a22-a47d-8c48425ef4a7,iNaturalist,Observations,18,07,SOSÚA,011807,874cf2411ffffff
https://www.inaturalist.org/observations/189012686,4436411966,Tradescantia spathacea,Tradescantia spathacea Sw.,Commelinaceae,Tradescantia,SPECIES,HUMAN_OBSERVATION,2023-10-26T10:58:44,2023,-70.499809,19.765639,20,50c9509d-22c7-4a22-a47d-8c48425ef4a7,iNaturalist,Observations,18,07,SOSÚA,011807,874cf2400ffffff
https://www.inaturalist.org/observations/189013229,4436153446,Mangifera indica,Mangifera indica L.,Anacardiaceae,Mangifera,SPECIES,HUMAN_OBSERVATION,2023-10-26T11:02:54,2023,-70.50028,19.765438,8,50c9509d-22c7-4a22-a47d-8c48425ef4a7,iNaturalist,Observations,18,07,SOSÚA,011807,874cf2400ffffff
https://www.inaturalist.org/observations/189013472,4436341463,Adonidia merrillii,Adonidia merrillii (Becc.) Becc.,Arecaceae,Adonidia,SPECIES,HUMAN_OBSERVATION,2023-10-26T11:06:53,2023,-70.500176,19.765511,7,50c9509d-22c7-4a22-a47d-8c48425ef4a7,iNaturalist,Observations,18,07,SOSÚA,011807,874cf2400ffffff
https://www.inaturalist.org/observations/189013753,4436111552,Coccoloba uvifera,Coccoloba uvifera (L.) L.,Polygonaceae,Coccoloba,SPECIES,HUMAN_OBSERVATION,2023-10-26T11:09:11,2023,-70.499809,19.765639,20,50c9509d-22c7-4a22-a47d-8c48425ef4a7,iNaturalist,Observations,18,07,SOSÚA,011807,874cf2400ffffff
https://www.inaturalist.org/observations/189014475,4453693129,Adonidia merrillii,Adonidia merrillii (Becc.) Becc.,Arecaceae,Adonidia,SPECIES,HUMAN_OBSERVATION,2023-10-26T11:16:34,2023,-70.499763,19.765358,8,50c9509d-22c7-4a22-a47d-8c48425ef4a7,iNaturalist,Observations,18,07,SOSÚA,011807,874cf2400ffffff
https://www.inaturalist.org/observations/189014943,4436239797,Tradescantia spathacea,Tradescantia spathacea Sw.,Commelinaceae,Tradescantia,SPECIES,HUMAN_OBSERVATION,2023-10-26T11:19:05,2023,-70.499163,19.765184,9,50c9509d-22c7-4a22-a47d-8c48425ef4a7,iNaturalist,Observations,18,07,SOSÚA,011807,874cf2400ffffff
https://www.inaturalist.org/observations/189015226,4518990282,Syngonium podophyllum,Syngonium podophyllum Schott,Araceae,Syngonium,SPECIES,HUMAN_OBSERVATION,2023-10-26T11:23:14,2023,-70.499248,19.765137,8,50c9509d-22c7-4a22-a47d-8c48425ef4a7,iNaturalist,Observations,18,07,SOSÚA,011807,874cf2400ffffff
https://www.inaturalist.org/observations/189015758,4500521609,Delonix regia,Delonix regia (Bojer ex Hook.) Raf.,Fabaceae,Delonix,SPECIES,HUMAN_OBSERVATION,2023-10-26T11:26:22,2023,-70.499277,19.76505,4,50c9509d-22c7-4a22-a47d-8c48425ef4a7,iNaturalist,Observations,18,07,SOSÚA,011807,874cf2400ffffff
https://www.inaturalist.org/observations/189989467,4438989479,Pistia stratiotes,Pistia stratiotes L.,Araceae,Pistia,SPECIES,HUMAN_OBSERVATION,2023-11-04T15:00:12,2023,-70.414115,19.749718,7,50c9509d-22c7-4a22-a47d-8c48425ef4a7,iNaturalist,Observations,18,07,SOSÚA,011807,874cf255affffff
https://www.inaturalist.org/observations/190107335,4453683164,Tecoma stans,Tecoma stans (L.) Juss. ex Kunth,Bignoniaceae,Tecoma,SPECIES,HUMAN_OBSERVATION,2023-11-05T14:02:39,2023,-70.52931,19.746225,4,50c9509d-22c7-4a22-a47d-8c48425ef4a7,iNaturalist,Observations,18,07,SOSÚA,011807,874cf241cffffff
https://www.inaturalist.org/observations/190107376,4453672202,Castilla elastica,Castilla elastica Cerv.,Moraceae,Castilla,SPECIES,HUMAN_OBSERVATION,2023-11-05T14:04:45,2023,-70.529957,19.746857,5,50c9509d-22c7-4a22-a47d-8c48425ef4a7,iNaturalist,Observations,18,07,SOSÚA,011807,874cf241cffffff
https://www.inaturalist.org/observations/190108462,4458669332,Adiantum deltoideum,Adiantum deltoideum Sw.,Pteridaceae,Adiantum,SPECIES,HUMAN_OBSERVATION,2023-11-05T14:40:19,2023,-70.528418,19.753108,7,50c9509d-22c7-4a22-a47d-8c48425ef4a7,iNaturalist,Observations,18,07,SOSÚA,011807,874cf2402ffffff
https://www.inaturalist.org/observations/191686395,4442559955,Hamelia patens,Hamelia patens Jacq.,Rubiaceae,Hamelia,SPECIES,HUMAN_OBSERVATION,2023-11-21T11:47:42,2023,-70.524947,19.74188,7,50c9509d-22c7-4a22-a47d-8c48425ef4a7,iNaturalist,Observations,18,07,SOSÚA,011807,874cf241cffffff
https://www.inaturalist.org/observations/191686415,4527952162,Stigmaphyllon angulosum,Stigmaphyllon angulosum (L.) A.Juss.,Malpighiaceae,Stigmaphyllon,SPECIES,HUMAN_OBSERVATION,2023-11-21T11:48:09,2023,-70.524987,19.741883,6,50c9509d-22c7-4a22-a47d-8c48425ef4a7,iNaturalist,Observations,18,07,SOSÚA,011807,874cf241cffffff
https://www.inaturalist.org/observations/192256577,4454039162,Vitex petitia,Petitia domingensis Jacq.,Lamiaceae,Vitex,SPECIES,HUMAN_OBSERVATION,2023-11-26T15:30:07,2023,-70.529237,19.74836,5,50c9509d-22c7-4a22-a47d-8c48425ef4a7,iNaturalist,Observations,18,07,SOSÚA,011807,874cf241cffffff
https://www.inaturalist.org/observations/192932302,4518976982,Oldenlandia corymbosa,Oldenlandia corymbosa L.,Rubiaceae,Oldenlandia,SPECIES,HUMAN_OBSERVATION,2023-12-03T10:15:15,2023,-70.52159,19.752373,5,50c9509d-22c7-4a22-a47d-8c48425ef4a7,iNaturalist,Observations,18,07,SOSÚA,011807,874cf2402ffffff
https://www.inaturalist.org/observations/192932557,4458740954,Oxalis corniculata,Oxalis corniculata L.,Oxalidaceae,Oxalis,SPECIES,HUMAN_OBSERVATION,2023-12-03T10:35:24,2023,-70.520847,19.752918,5,50c9509d-22c7-4a22-a47d-8c48425ef4a7,iNaturalist,Observations,18,07,SOSÚA,011807,874cf2402ffffff
https://www.inaturalist.org/observations/193315787,4465679019,Talipariti tiliaceum,Hibiscus tiliaceus L.,Malvaceae,Talipariti,SPECIES,HUMAN_OBSERVATION,2023-12-05T16:57:09,2023,-70.525087,19.743673,5,50c9509d-22c7-4a22-a47d-8c48425ef4a7,iNaturalist,Observations,18,07,SOSÚA,011807,874cf241cffffff
https://www.inaturalist.org/observations/193330890,4465676048,Arivela viscosa,Cleome viscosa L.,Cleomaceae,Arivela,SPECIES,HUMAN_OBSERVATION,2023-12-06T17:21:20,2023,-70.525977,19.740693,7,50c9509d-22c7-4a22-a47d-8c48425ef4a7,iNaturalist,Observations,18,07,SOSÚA,011807,874cf241cffffff
https://www.inaturalist.org/observations/193400158,4465665224,Tecoma stans,Tecoma stans (L.) Juss. ex Kunth,Bignoniaceae,Tecoma,SPECIES,HUMAN_OBSERVATION,2023-12-08T11:10:43,2023,-70.525902,19.741593,5,50c9509d-22c7-4a22-a47d-8c48425ef4a7,iNaturalist,Observations,18,07,SOSÚA,011807,874cf241cffffff
https://www.inaturalist.org/observations/193400196,4525034230,Melothria pendula,Melothria pendula L.,Cucurbitaceae,Melothria,SPECIES,HUMAN_OBSERVATION,2023-12-08T11:13:05,2023,-70.525208,19.74223,4,50c9509d-22c7-4a22-a47d-8c48425ef4a7,iNaturalist,Observations,18,07,SOSÚA,011807,874cf241cffffff
https://www.inaturalist.org/observations/193963410,4500794286,Portulaca oleracea,Portulaca oleracea L.,Portulacaceae,Portulaca,SPECIES,HUMAN_OBSERVATION,2023-12-14T14:21:57,2023,-70.525203,19.742222,3,50c9509d-22c7-4a22-a47d-8c48425ef4a7,iNaturalist,Observations,18,07,SOSÚA,011807,874cf241cffffff
https://www.inaturalist.org/observations/194040673,4500871479,Camonea umbellata,Camonea umbellata (L.) A.R.Simões & Staples,Convolvulaceae,Camonea,SPECIES,HUMAN_OBSERVATION,2023-12-15T13:08:40,2023,-70.524653,19.741813,7,50c9509d-22c7-4a22-a47d-8c48425ef4a7,iNaturalist,Observations,18,07,SOSÚA,011807,874cf241cffffff
https://www.inaturalist.org/observations/194455906,4506476669,Oldenlandiopsis callitrichoides,Oldenlandiopsis callitrichoides (Griseb.) Terrell & W.H.Lewis,Rubiaceae,Oldenlandiopsis,SPECIES,HUMAN_OBSERVATION,2023-12-20T15:31:32,2023,-70.516463,19.76347,9,50c9509d-22c7-4a22-a47d-8c48425ef4a7,iNaturalist,Observations,18,07,SOSÚA,011807,874cf2400ffffff
https://www.inaturalist.org/observations/194513321,4518963240,Erpodium domingense,Erpodium domingense (Spreng.) Brid.,Erpodiaceae,Erpodium,SPECIES,HUMAN_OBSERVATION,2023-12-21T12:13:33,2023,-70.529472,19.742498,9,50c9509d-22c7-4a22-a47d-8c48425ef4a7,iNaturalist,Observations,18,07,SOSÚA,011807,874cf241cffffff
https://www.inaturalist.org/observations/195211893,4507929359,Sphagneticola trilobata,Sphagneticola trilobata (L.) Pruski,Asteraceae,Sphagneticola,SPECIES,HUMAN_OBSERVATION,2023-12-28T15:34:15,2023,-70.449325,19.773833,NA,50c9509d-22c7-4a22-a47d-8c48425ef4a7,iNaturalist,Observations,18,07,SOSÚA,011807,874cf242cffffff
https://www.inaturalist.org/observations/195219786,4507909378,Ipomoea pes-caprae,Ipomoea pes-caprae (L.) R.Br.,Convolvulaceae,Ipomoea,SPECIES,HUMAN_OBSERVATION,2023-12-28T15:32,2023,-70.449325,19.773833,NA,50c9509d-22c7-4a22-a47d-8c48425ef4a7,iNaturalist,Observations,18,07,SOSÚA,011807,874cf242cffffff
https://www.inaturalist.org/observations/195383581,4507967872,Petiveria alliacea,Petiveria alliacea L.,Petiveriaceae,Petiveria,SPECIES,HUMAN_OBSERVATION,2023-12-31T10:20:37,2023,-70.525827,19.739497,4,50c9509d-22c7-4a22-a47d-8c48425ef4a7,iNaturalist,Observations,18,07,SOSÚA,011807,874cf241cffffff
https://www.inaturalist.org/observations/195390542,4507988915,Laportea aestuans,Laportea aestuans (L.) Chew,Urticaceae,Laportea,SPECIES,HUMAN_OBSERVATION,2023-12-31T10:33:52,2023,-70.525347,19.738638,6,50c9509d-22c7-4a22-a47d-8c48425ef4a7,iNaturalist,Observations,18,07,SOSÚA,011807,874cf241cffffff
https://www.inaturalist.org/observations/195390680,4510321507,Camonea umbellata,Camonea umbellata (L.) A.R.Simões & Staples,Convolvulaceae,Camonea,SPECIES,HUMAN_OBSERVATION,2023-12-31T10:37:55,2023,-70.525453,19.737897,5,50c9509d-22c7-4a22-a47d-8c48425ef4a7,iNaturalist,Observations,18,07,SOSÚA,011807,874cf241cffffff
https://www.inaturalist.org/observations/195390774,4507738817,Turbina corymbosa,Ipomoea corymbosa (L.) Roth,Convolvulaceae,Turbina,SPECIES,HUMAN_OBSERVATION,2023-12-31T10:42:48,2023,-70.526025,19.73687,5,50c9509d-22c7-4a22-a47d-8c48425ef4a7,iNaturalist,Observations,18,07,SOSÚA,011807,874cf241cffffff
https://www.inaturalist.org/observations/195390880,4924032478,Cyperus alternifolius,Cyperus alternifolius subsp. flabelliformis Kük.,Cyperaceae,Cyperus,SUBSPECIES,HUMAN_OBSERVATION,2023-12-31T10:44:27,2023,-70.525997,19.736882,4,50c9509d-22c7-4a22-a47d-8c48425ef4a7,iNaturalist,Observations,18,07,SOSÚA,011807,874cf241cffffff
https://www.inaturalist.org/observations/195390980,4507694943,Chromolaena odorata,Chromolaena odorata (L.) R.M.King & H.Rob.,Asteraceae,Chromolaena,SPECIES,HUMAN_OBSERVATION,2023-12-31T10:45:53,2023,-70.525982,19.73673,5,50c9509d-22c7-4a22-a47d-8c48425ef4a7,iNaturalist,Observations,18,07,SOSÚA,011807,874cf241cffffff
https://www.inaturalist.org/observations/195391102,4507721814,Castilla elastica,Castilla elastica Cerv.,Moraceae,Castilla,SPECIES,HUMAN_OBSERVATION,2023-12-31T10:54:07,2023,-70.526183,19.736432,6,50c9509d-22c7-4a22-a47d-8c48425ef4a7,iNaturalist,Observations,18,07,SOSÚA,011807,874cf241cffffff
https://www.inaturalist.org/observations/195391267,4525013064,Melothria pendula,Melothria pendula L.,Cucurbitaceae,Melothria,SPECIES,HUMAN_OBSERVATION,2023-12-31T10:55:16,2023,-70.5261,19.736355,4,50c9509d-22c7-4a22-a47d-8c48425ef4a7,iNaturalist,Observations,18,07,SOSÚA,011807,874cf241cffffff
https://www.inaturalist.org/observations/195391408,4507733822,Hamelia patens,Hamelia patens Jacq.,Rubiaceae,Hamelia,SPECIES,HUMAN_OBSERVATION,2023-12-31T10:58:08,2023,-70.526105,19.736415,5,50c9509d-22c7-4a22-a47d-8c48425ef4a7,iNaturalist,Observations,18,07,SOSÚA,011807,874cf241cffffff
https://www.inaturalist.org/observations/195391503,4507901766,Gomphocarpus physocarpus,Gomphocarpus physocarpus E.Mey.,Apocynaceae,Gomphocarpus,SPECIES,HUMAN_OBSERVATION,2023-12-31T10:59:40,2023,-70.526058,19.736323,4,50c9509d-22c7-4a22-a47d-8c48425ef4a7,iNaturalist,Observations,18,07,SOSÚA,011807,874cf241cffffff
https://www.inaturalist.org/observations/195391536,4507945865,Dianthera secunda,Dianthera secunda (Lam.) Griseb.,Acanthaceae,Dianthera,SPECIES,HUMAN_OBSERVATION,2023-12-31T11:01:21,2023,-70.526163,19.736175,4,50c9509d-22c7-4a22-a47d-8c48425ef4a7,iNaturalist,Observations,18,07,SOSÚA,011807,874cf241cffffff
https://www.inaturalist.org/observations/195391640,4507717911,Gomphocarpus physocarpus,Gomphocarpus physocarpus E.Mey.,Apocynaceae,Gomphocarpus,SPECIES,HUMAN_OBSERVATION,2023-12-31T11:03:04,2023,-70.526058,19.736018,4,50c9509d-22c7-4a22-a47d-8c48425ef4a7,iNaturalist,Observations,18,07,SOSÚA,011807,874cf241cffffff
https://www.inaturalist.org/observations/195391701,5007957861,Senna sophera,Senna sophera (L.) Roxb.,Fabaceae,Senna,SPECIES,HUMAN_OBSERVATION,2023-12-31T11:04:05,2023,-70.526108,19.736087,3,50c9509d-22c7-4a22-a47d-8c48425ef4a7,iNaturalist,Observations,18,07,SOSÚA,011807,874cf241cffffff
https://www.inaturalist.org/observations/195399071,4507934913,Sicyos edulis,Sicyos edulis Jacq.,Cucurbitaceae,Sicyos,SPECIES,HUMAN_OBSERVATION,2023-12-31T11:32:02,2023,-70.524805,19.732593,4,50c9509d-22c7-4a22-a47d-8c48425ef4a7,iNaturalist,Observations,18,07,SOSÚA,011807,874cf241cffffff
https://www.inaturalist.org/observations/195399210,4507729902,Cissus verticillata,Cissus verticillata (L.) Nicolson & C.E.Jarvis,Vitaceae,Cissus,SPECIES,HUMAN_OBSERVATION,2023-12-31T11:37:47,2023,-70.524523,19.73326,8,50c9509d-22c7-4a22-a47d-8c48425ef4a7,iNaturalist,Observations,18,07,SOSÚA,011807,874cf241cffffff
https://www.inaturalist.org/observations/195399793,4507967926,Rivina humilis,Rivina humilis L.,Petiveriaceae,Rivina,SPECIES,HUMAN_OBSERVATION,2023-12-31T11:39:05,2023,-70.524568,19.733248,5,50c9509d-22c7-4a22-a47d-8c48425ef4a7,iNaturalist,Observations,18,07,SOSÚA,011807,874cf241cffffff
https://www.inaturalist.org/observations/195399814,4599949284,Euphorbia prostrata,Euphorbia prostrata Aiton,Euphorbiaceae,Euphorbia,SPECIES,HUMAN_OBSERVATION,2023-12-31T11:42:54,2023,-70.524425,19.734483,6,50c9509d-22c7-4a22-a47d-8c48425ef4a7,iNaturalist,Observations,18,07,SOSÚA,011807,874cf241cffffff
https://www.inaturalist.org/observations/195400002,4507929899,Momordica charantia,Momordica charantia L.,Cucurbitaceae,Momordica,SPECIES,HUMAN_OBSERVATION,2023-12-31T12:00,2023,-70.524455,19.738252,6,50c9509d-22c7-4a22-a47d-8c48425ef4a7,iNaturalist,Observations,18,07,SOSÚA,011807,874cf241cffffff
https://www.inaturalist.org/observations/195400127,4507895866,Guazuma ulmifolia,Guazuma ulmifolia Lam.,Malvaceae,Guazuma,SPECIES,HUMAN_OBSERVATION,2023-12-31T12:21:31,2023,-70.522435,19.74003,5,50c9509d-22c7-4a22-a47d-8c48425ef4a7,iNaturalist,Observations,18,07,SOSÚA,011807,874cf241cffffff
https://www.inaturalist.org/observations/195400303,4507918893,Oldenlandia corymbosa,Oldenlandia corymbosa L.,Rubiaceae,Oldenlandia,SPECIES,HUMAN_OBSERVATION,2023-12-31T12:30:52,2023,-70.522398,19.741,6,50c9509d-22c7-4a22-a47d-8c48425ef4a7,iNaturalist,Observations,18,07,SOSÚA,011807,874cf241cffffff
https://www.inaturalist.org/observations/195400953,4921706391,Portulaca oleracea,Portulaca oleracea L.,Portulacaceae,Portulaca,SPECIES,HUMAN_OBSERVATION,2023-12-31T12:32:21,2023,-70.522303,19.741147,6,50c9509d-22c7-4a22-a47d-8c48425ef4a7,iNaturalist,Observations,18,07,SOSÚA,011807,874cf241cffffff
https://www.inaturalist.org/observations/195498560,4507930219,Theobroma cacao,Theobroma cacao L.,Malvaceae,Theobroma,SPECIES,HUMAN_OBSERVATION,2024-01-01T11:07:23,2024,-70.524843,19.741184,149,50c9509d-22c7-4a22-a47d-8c48425ef4a7,iNaturalist,Observations,18,07,SOSÚA,011807,874cf241cffffff
https://www.inaturalist.org/observations/195498618,4507705219,Theobroma cacao,Theobroma cacao L.,Malvaceae,Theobroma,SPECIES,HUMAN_OBSERVATION,2024-01-01T11:15:03,2024,-70.525883,19.739402,5,50c9509d-22c7-4a22-a47d-8c48425ef4a7,iNaturalist,Observations,18,07,SOSÚA,011807,874cf241cffffff
https://www.inaturalist.org/observations/195498690,4507919191,Theobroma cacao,Theobroma cacao L.,Malvaceae,Theobroma,SPECIES,HUMAN_OBSERVATION,2024-01-01T11:19:52,2024,-70.52504,19.740572,4,50c9509d-22c7-4a22-a47d-8c48425ef4a7,iNaturalist,Observations,18,07,SOSÚA,011807,874cf241cffffff
https://www.inaturalist.org/observations/195498748,4507970167,Theobroma cacao,Theobroma cacao L.,Malvaceae,Theobroma,SPECIES,HUMAN_OBSERVATION,2024-01-01T11:24:19,2024,-70.524952,19.740635,5,50c9509d-22c7-4a22-a47d-8c48425ef4a7,iNaturalist,Observations,18,07,SOSÚA,011807,874cf241cffffff
https://www.inaturalist.org/observations/195498876,4508006165,Theobroma cacao,Theobroma cacao L.,Malvaceae,Theobroma,SPECIES,HUMAN_OBSERVATION,2024-01-01T11:31:49,2024,-70.525802,19.739638,8,50c9509d-22c7-4a22-a47d-8c48425ef4a7,iNaturalist,Observations,18,07,SOSÚA,011807,874cf241cffffff
https://www.inaturalist.org/observations/197380154,4516515760,Antigonon leptopus,Antigonon leptopus Hook. & Arn.,Polygonaceae,Antigonon,SPECIES,HUMAN_OBSERVATION,2024-01-21T14:49:52,2024,-70.491069,19.770514,NA,50c9509d-22c7-4a22-a47d-8c48425ef4a7,iNaturalist,Observations,18,07,SOSÚA,011807,874cf2405ffffff
https://www.inaturalist.org/observations/197544597,4516786363,Moringa oleifera,Moringa oleifera Lam.,Moringaceae,Moringa,SPECIES,HUMAN_OBSERVATION,2024-01-22T13:30,2024,-70.443288,19.776456,15,50c9509d-22c7-4a22-a47d-8c48425ef4a7,iNaturalist,Observations,18,07,SOSÚA,011807,874cf242cffffff
https://www.inaturalist.org/observations/197544887,4516786367,Mangifera indica,Mangifera indica L.,Anacardiaceae,Mangifera,SPECIES,HUMAN_OBSERVATION,2024-01-22T13:38,2024,-70.446845,19.775704,2,50c9509d-22c7-4a22-a47d-8c48425ef4a7,iNaturalist,Observations,18,07,SOSÚA,011807,874cf242cffffff
https://www.inaturalist.org/observations/197649984,4516773442,Momordica charantia,Momordica charantia L.,Cucurbitaceae,Momordica,SPECIES,HUMAN_OBSERVATION,2024-01-23T15:56:20,2024,-70.421501,19.755939,928,50c9509d-22c7-4a22-a47d-8c48425ef4a7,iNaturalist,Observations,18,07,SOSÚA,011807,874cf255affffff
https://www.inaturalist.org/observations/197791572,4516825208,Pleopeltis polypodioides,Pleopeltis polypodioides (L.) E.G.Andrews & Windham,Polypodiaceae,Pleopeltis,SPECIES,HUMAN_OBSERVATION,2024-01-28T09:40:24,2024,-70.38237,19.721189,NA,50c9509d-22c7-4a22-a47d-8c48425ef4a7,iNaturalist,Observations,18,07,SOSÚA,011807,874cf2462ffffff
https://www.inaturalist.org/observations/197892496,4516617915,Adiantum tenerum,Adiantum tenerum Sw.,Pteridaceae,Adiantum,SPECIES,HUMAN_OBSERVATION,2024-01-29T10:45:22,2024,-70.419551,19.742256,NA,50c9509d-22c7-4a22-a47d-8c48425ef4a7,iNaturalist,Observations,18,07,SOSÚA,011807,874cf2474ffffff
https://www.inaturalist.org/observations/198046416,4519061089,Acrostichum danaeifolium,Acrostichum danaeifolium Langsd. & Fisch.,Pteridaceae,Acrostichum,SPECIES,HUMAN_OBSERVATION,2024-01-29T10:42:04,2024,-70.419494,19.742267,NA,50c9509d-22c7-4a22-a47d-8c48425ef4a7,iNaturalist,Observations,18,07,SOSÚA,011807,874cf2474ffffff
https://www.inaturalist.org/observations/199492413,4528288377,Kalanchoe pinnata,Kalanchoe pinnata (Lam.) Pers.,Crassulaceae,Kalanchoe,SPECIES,HUMAN_OBSERVATION,2024-02-16T16:40:39,2024,-70.418817,19.737573,NA,50c9509d-22c7-4a22-a47d-8c48425ef4a7,iNaturalist,Observations,18,07,SOSÚA,011807,874cf2474ffffff
https://www.inaturalist.org/observations/200025746,4527985647,Sterculia apetala,Sterculia apetala (Jacq.) H.Karst.,Malvaceae,Sterculia,SPECIES,HUMAN_OBSERVATION,2024-02-20T12:07,2024,-70.416857,19.731757,122,50c9509d-22c7-4a22-a47d-8c48425ef4a7,iNaturalist,Observations,18,07,SOSÚA,011807,874cf2474ffffff
https://www.inaturalist.org/observations/20011175,1993722478,Kalanchoe pinnata,Kalanchoe pinnata (Lam.) Pers.,Crassulaceae,Kalanchoe,SPECIES,HUMAN_OBSERVATION,2019-02-01T09:39:27,2019,-70.469187,19.696958,6,50c9509d-22c7-4a22-a47d-8c48425ef4a7,iNaturalist,Observations,18,07,SOSÚA,011807,874cf240bffffff
https://www.inaturalist.org/observations/20029969,1993728974,Thunbergia alata,Thunbergia alata Bojer ex Sims,Acanthaceae,Thunbergia,SPECIES,HUMAN_OBSERVATION,2019-02-01T09:39:05,2019,-70.469187,19.697013,6,50c9509d-22c7-4a22-a47d-8c48425ef4a7,iNaturalist,Observations,18,07,SOSÚA,011807,874cf240bffffff
https://www.inaturalist.org/observations/200816238,4535679686,Ruellia simplex,Ruellia simplex C.Wright,Acanthaceae,Ruellia,SPECIES,HUMAN_OBSERVATION,2024-02-29T10:18:11,2024,-70.463898,19.78035,4,50c9509d-22c7-4a22-a47d-8c48425ef4a7,iNaturalist,Observations,18,07,SOSÚA,011807,874cf242effffff
https://www.inaturalist.org/observations/200817887,4846788226,Turnera ulmifolia,Turnera ulmifolia L.,Passifloraceae,Turnera,SPECIES,HUMAN_OBSERVATION,2024-02-29T10:43:17,2024,-70.463959,19.779953,4,50c9509d-22c7-4a22-a47d-8c48425ef4a7,iNaturalist,Observations,18,07,SOSÚA,011807,874cf242effffff
https://www.inaturalist.org/observations/200818077,4535894706,Tithonia diversifolia,Tithonia diversifolia (Hemsl.) A.Gray,Asteraceae,Tithonia,SPECIES,HUMAN_OBSERVATION,2024-02-29T10:46:22,2024,-70.463707,19.781006,4,50c9509d-22c7-4a22-a47d-8c48425ef4a7,iNaturalist,Observations,18,07,SOSÚA,011807,874cf242effffff
https://www.inaturalist.org/observations/200818202,4535923783,Hamelia patens,Hamelia patens Jacq.,Rubiaceae,Hamelia,SPECIES,HUMAN_OBSERVATION,2024-02-29T10:48:24,2024,-70.463028,19.781906,4,50c9509d-22c7-4a22-a47d-8c48425ef4a7,iNaturalist,Observations,18,07,SOSÚA,011807,874cf242effffff
https://www.inaturalist.org/observations/200818453,4535915746,Thunbergia grandiflora,Thunbergia grandiflora (Roxb. ex Rottler) Roxb.,Acanthaceae,Thunbergia,SPECIES,HUMAN_OBSERVATION,2024-02-29T10:52:08,2024,-70.463142,19.782364,4,50c9509d-22c7-4a22-a47d-8c48425ef4a7,iNaturalist,Observations,18,07,SOSÚA,011807,874cf242effffff
https://www.inaturalist.org/observations/200818500,4535934724,Ipomoea indica,Ipomoea indica (Burm.) Merr.,Convolvulaceae,Ipomoea,SPECIES,HUMAN_OBSERVATION,2024-02-29T10:52:56,2024,-70.463074,19.782074,4,50c9509d-22c7-4a22-a47d-8c48425ef4a7,iNaturalist,Observations,18,07,SOSÚA,011807,874cf242effffff
https://www.inaturalist.org/observations/202741512,4597085676,Chloris barbata,Chloris barbata Sw.,Poaceae,Chloris,SPECIES,HUMAN_OBSERVATION,2024-03-16T15:00:42,2024,-70.446736,19.775224,15,50c9509d-22c7-4a22-a47d-8c48425ef4a7,iNaturalist,Observations,18,07,SOSÚA,011807,874cf242cffffff
https://www.inaturalist.org/observations/204851673,4606918904,Caesalpinia pulcherrima,Caesalpinia pulcherrima (L.) Sw.,Fabaceae,Caesalpinia,SPECIES,HUMAN_OBSERVATION,2024-03-31T17:38,2024,-70.453108,19.781452,2,50c9509d-22c7-4a22-a47d-8c48425ef4a7,iNaturalist,Observations,18,07,SOSÚA,011807,874cf242cffffff
https://www.inaturalist.org/observations/212471868,4855339815,Antigonon leptopus,Antigonon leptopus Hook. & Arn.,Polygonaceae,Antigonon,SPECIES,HUMAN_OBSERVATION,2024-04-30T14:15:42,2024,-70.515792,19.75958,4,50c9509d-22c7-4a22-a47d-8c48425ef4a7,iNaturalist,Observations,18,07,SOSÚA,011807,874cf2402ffffff
https://www.inaturalist.org/observations/225322369,6400930515,Psychotria nervosa,Psychotria nervosa Sw.,Rubiaceae,Psychotria,SPECIES,HUMAN_OBSERVATION,2024-06-26T11:31:22,2024,-70.472004,19.712355,23,50c9509d-22c7-4a22-a47d-8c48425ef4a7,iNaturalist,Observations,18,07,SOSÚA,011807,874cf240bffffff
https://www.inaturalist.org/observations/234305756,4923999381,Chrysophyllum oliviforme,Chrysophyllum oliviforme L.,Sapotaceae,Chrysophyllum,SPECIES,HUMAN_OBSERVATION,2022-01-28T13:40:07,2022,-70.415852,19.724928,8,50c9509d-22c7-4a22-a47d-8c48425ef4a7,iNaturalist,Observations,18,07,SOSÚA,011807,874cf2470ffffff
https://www.inaturalist.org/observations/25062178,3747223332,Tillandsia juncea,Tillandsia juncea (Ruiz & Pav.) Poir.,Bromeliaceae,Tillandsia,SPECIES,HUMAN_OBSERVATION,2019-05-06T13:50,2019,-70.521168,19.661042,1500,50c9509d-22c7-4a22-a47d-8c48425ef4a7,iNaturalist,Observations,18,07,SOSÚA,011807,874cf24c4ffffff
https://www.inaturalist.org/observations/252020091,4982245988,Peperomia pellucida,Peperomia pellucida (L.) Kunth,Piperaceae,Peperomia,SPECIES,HUMAN_OBSERVATION,2024-11-17T10:35:23,2024,-70.478643,19.767418,7,50c9509d-22c7-4a22-a47d-8c48425ef4a7,iNaturalist,Observations,18,07,SOSÚA,011807,874cf2405ffffff
https://www.inaturalist.org/observations/256203000,5007001796,Stigmaphyllon emarginatum,Stigmaphyllon emarginatum (Cav.) A.Juss.,Malpighiaceae,Stigmaphyllon,SPECIES,HUMAN_OBSERVATION,2024-12-24T15:56:06,2024,-70.518304,19.767073,44,50c9509d-22c7-4a22-a47d-8c48425ef4a7,iNaturalist,Observations,18,07,SOSÚA,011807,874cf2406ffffff
https://www.inaturalist.org/observations/256205122,5007388509,Coccoloba uvifera,Coccoloba uvifera (L.) L.,Polygonaceae,Coccoloba,SPECIES,HUMAN_OBSERVATION,2024-12-24T15:55:42,2024,-70.518486,19.766569,24,50c9509d-22c7-4a22-a47d-8c48425ef4a7,iNaturalist,Observations,18,07,SOSÚA,011807,874cf2406ffffff
https://www.inaturalist.org/observations/256205177,5006955135,Coccoloba uvifera,Coccoloba uvifera (L.) L.,Polygonaceae,Coccoloba,SPECIES,HUMAN_OBSERVATION,2024-12-24T16:01:02,2024,-70.517289,19.766592,32,50c9509d-22c7-4a22-a47d-8c48425ef4a7,iNaturalist,Observations,18,07,SOSÚA,011807,874cf2406ffffff
https://www.inaturalist.org/observations/256205310,5008290986,Cocos nucifera,Cocos nucifera L.,Arecaceae,Cocos,SPECIES,HUMAN_OBSERVATION,2024-12-24T15:46:15,2024,-70.518388,19.766546,21,50c9509d-22c7-4a22-a47d-8c48425ef4a7,iNaturalist,Observations,18,07,SOSÚA,011807,874cf2406ffffff
https://www.inaturalist.org/observations/256206357,5008059236,Ipomoea pes-caprae,Ipomoea pes-caprae (L.) R.Br.,Convolvulaceae,Ipomoea,SPECIES,HUMAN_OBSERVATION,2024-12-19,2024,-70.518644,19.764464,35,50c9509d-22c7-4a22-a47d-8c48425ef4a7,iNaturalist,Observations,18,07,SOSÚA,011807,874cf2402ffffff
https://www.inaturalist.org/observations/256227425,5008376182,Coccoloba uvifera,Coccoloba uvifera (L.) L.,Polygonaceae,Coccoloba,SPECIES,HUMAN_OBSERVATION,2024-12-21,2024,-70.518519,19.766071,20,50c9509d-22c7-4a22-a47d-8c48425ef4a7,iNaturalist,Observations,18,07,SOSÚA,011807,874cf2406ffffff
https://www.inaturalist.org/observations/260316220,5063786383,Bursera simaruba,Bursera simaruba (L.) Sarg.,Burseraceae,Bursera,SPECIES,HUMAN_OBSERVATION,2025-02-01T16:41:19,2025,-70.470773,19.708607,10,50c9509d-22c7-4a22-a47d-8c48425ef4a7,iNaturalist,Observations,18,07,SOSÚA,011807,874cf240bffffff
https://www.inaturalist.org/observations/260316731,6236410975,Dioscorea pilosiuscula,Dioscorea pilosiuscula Bertero ex Spreng.,Dioscoreaceae,Dioscorea,SPECIES,HUMAN_OBSERVATION,2025-02-01T17:06:29,2025,-70.440192,19.700248,9,50c9509d-22c7-4a22-a47d-8c48425ef4a7,iNaturalist,Observations,18,07,SOSÚA,011807,874cf2454ffffff
https://www.inaturalist.org/observations/260316833,5909162680,Roystonea borinquena,Roystonea borinquena O.F.Cook,Arecaceae,Roystonea,SPECIES,HUMAN_OBSERVATION,2025-02-01T17:56:31,2025,-70.443287,19.693987,6,50c9509d-22c7-4a22-a47d-8c48425ef4a7,iNaturalist,Observations,18,07,SOSÚA,011807,874cf2454ffffff
https://www.inaturalist.org/observations/260316839,5166817900,Kalanchoe pinnata,Kalanchoe pinnata (Lam.) Pers.,Crassulaceae,Kalanchoe,SPECIES,HUMAN_OBSERVATION,2025-02-01T18:03:05,2025,-70.437278,19.69163,3,50c9509d-22c7-4a22-a47d-8c48425ef4a7,iNaturalist,Observations,18,07,SOSÚA,011807,874cf2454ffffff
https://www.inaturalist.org/observations/260372859,5063788783,Thunbergia alata,Thunbergia alata Bojer ex Sims,Acanthaceae,Thunbergia,SPECIES,HUMAN_OBSERVATION,2025-02-01T18:02:05,2025,-70.437453,19.691627,6,50c9509d-22c7-4a22-a47d-8c48425ef4a7,iNaturalist,Observations,18,07,SOSÚA,011807,874cf2454ffffff
https://www.inaturalist.org/observations/260757321,5840288576,Adonidia merrillii,Adonidia merrillii (Becc.) Becc.,Arecaceae,Adonidia,SPECIES,HUMAN_OBSERVATION,2025-02-05T20:09:52,2025,-70.516174,19.764822,100,50c9509d-22c7-4a22-a47d-8c48425ef4a7,iNaturalist,Observations,18,07,SOSÚA,011807,874cf2400ffffff
https://www.inaturalist.org/observations/264530600,5087760863,Oldenlandiopsis callitrichoides,Oldenlandiopsis callitrichoides (Griseb.) Terrell & W.H.Lewis,Rubiaceae,Oldenlandiopsis,SPECIES,HUMAN_OBSERVATION,2025-03-08T12:13:07,2025,-70.51615,19.763283,7,50c9509d-22c7-4a22-a47d-8c48425ef4a7,iNaturalist,Observations,18,07,SOSÚA,011807,874cf2400ffffff
https://www.inaturalist.org/observations/264653320,5087777628,Priva lappulacea,Priva lappulacea (L.) Pers.,Verbenaceae,Priva,SPECIES,HUMAN_OBSERVATION,2025-03-09T09:05:28,2025,-70.514252,19.764279,95,50c9509d-22c7-4a22-a47d-8c48425ef4a7,iNaturalist,Observations,18,07,SOSÚA,011807,874cf2400ffffff
https://www.inaturalist.org/observations/264653360,5087761783,Parthenium hysterophorus,Parthenium hysterophorus L.,Asteraceae,Parthenium,SPECIES,HUMAN_OBSERVATION,2025-03-09T09:06:58,2025,-70.514495,19.764172,3,50c9509d-22c7-4a22-a47d-8c48425ef4a7,iNaturalist,Observations,18,07,SOSÚA,011807,874cf2400ffffff
https://www.inaturalist.org/observations/264653369,5087716660,Pilea microphylla,Pilea microphylla (L.) Liebm.,Urticaceae,Pilea,SPECIES,HUMAN_OBSERVATION,2025-03-09T09:07:17,2025,-70.514405,19.764158,3,50c9509d-22c7-4a22-a47d-8c48425ef4a7,iNaturalist,Observations,18,07,SOSÚA,011807,874cf2400ffffff
https://www.inaturalist.org/observations/264653386,5104339408,Euphorbia hypericifolia,Euphorbia hypericifolia L.,Euphorbiaceae,Euphorbia,SPECIES,HUMAN_OBSERVATION,2025-03-09T09:08:07,2025,-70.514273,19.764093,4,50c9509d-22c7-4a22-a47d-8c48425ef4a7,iNaturalist,Observations,18,07,SOSÚA,011807,874cf2400ffffff
https://www.inaturalist.org/observations/264653426,5087689642,Hamelia patens,Hamelia patens Jacq.,Rubiaceae,Hamelia,SPECIES,HUMAN_OBSERVATION,2025-03-09T09:09:41,2025,-70.51477,19.764193,4,50c9509d-22c7-4a22-a47d-8c48425ef4a7,iNaturalist,Observations,18,07,SOSÚA,011807,874cf2400ffffff
https://www.inaturalist.org/observations/264667198,5087752716,Portulaca L.,Portulaca L.,Portulacaceae,Portulaca,GENUS,HUMAN_OBSERVATION,2025-03-09T09:56:11,2025,-70.515098,19.763742,6,50c9509d-22c7-4a22-a47d-8c48425ef4a7,iNaturalist,Observations,18,07,SOSÚA,011807,874cf2400ffffff
https://www.inaturalist.org/observations/264667326,5087783914,Azadirachta indica,Azadirachta indica A.Juss.,Meliaceae,Azadirachta,SPECIES,HUMAN_OBSERVATION,2025-03-09T09:58,2025,-70.515248,19.76371,5,50c9509d-22c7-4a22-a47d-8c48425ef4a7,iNaturalist,Observations,18,07,SOSÚA,011807,874cf2400ffffff
https://www.inaturalist.org/observations/264667354,5087656690,Nama jamaicensis,Nama jamaicensis L.,Namaceae,Nama,SPECIES,HUMAN_OBSERVATION,2025-03-09T10:00:09,2025,-70.515743,19.763433,4,50c9509d-22c7-4a22-a47d-8c48425ef4a7,iNaturalist,Observations,18,07,SOSÚA,011807,874cf2400ffffff
https://www.inaturalist.org/observations/264667372,5087665951,Oxalis corniculata,Oxalis corniculata L.,Oxalidaceae,Oxalis,SPECIES,HUMAN_OBSERVATION,2025-03-09T10:00:35,2025,-70.515737,19.76345,5,50c9509d-22c7-4a22-a47d-8c48425ef4a7,iNaturalist,Observations,18,07,SOSÚA,011807,874cf2400ffffff
https://www.inaturalist.org/observations/264667388,5087767941,Euphorbia hypericifolia,Euphorbia hypericifolia L.,Euphorbiaceae,Euphorbia,SPECIES,HUMAN_OBSERVATION,2025-03-09T10:01:01,2025,-70.515685,19.763413,5,50c9509d-22c7-4a22-a47d-8c48425ef4a7,iNaturalist,Observations,18,07,SOSÚA,011807,874cf2400ffffff
https://www.inaturalist.org/observations/264667434,5087585591,Euphorbia ophthalmica,Euphorbia ophthalmica Pers.,Euphorbiaceae,Euphorbia,SPECIES,HUMAN_OBSERVATION,2025-03-09T10:01:33,2025,-70.515744,19.763469,67,50c9509d-22c7-4a22-a47d-8c48425ef4a7,iNaturalist,Observations,18,07,SOSÚA,011807,874cf2400ffffff
https://www.inaturalist.org/observations/264667472,5087893875,Portulaca L.,Portulaca L.,Portulacaceae,Portulaca,GENUS,HUMAN_OBSERVATION,2025-03-09T10:02,2025,-70.515783,19.763357,4,50c9509d-22c7-4a22-a47d-8c48425ef4a7,iNaturalist,Observations,18,07,SOSÚA,011807,874cf2400ffffff
https://www.inaturalist.org/observations/264667492,5087785852,Boerhavia erecta,Boerhavia erecta L.,Nyctaginaceae,Boerhavia,SPECIES,HUMAN_OBSERVATION,2025-03-09T10:02:46,2025,-70.515768,19.763385,4,50c9509d-22c7-4a22-a47d-8c48425ef4a7,iNaturalist,Observations,18,07,SOSÚA,011807,874cf2400ffffff
https://www.inaturalist.org/observations/264667602,5087745824,Euphorbia ophthalmica,Euphorbia ophthalmica Pers.,Euphorbiaceae,Euphorbia,SPECIES,HUMAN_OBSERVATION,2025-03-09T10:03:37,2025,-70.515805,19.763362,4,50c9509d-22c7-4a22-a47d-8c48425ef4a7,iNaturalist,Observations,18,07,SOSÚA,011807,874cf2400ffffff
https://www.inaturalist.org/observations/264667665,5087671739,Euphorbia hirta,Euphorbia hirta L.,Euphorbiaceae,Euphorbia,SPECIES,HUMAN_OBSERVATION,2025-03-09T10:03:55,2025,-70.515768,19.763412,80,50c9509d-22c7-4a22-a47d-8c48425ef4a7,iNaturalist,Observations,18,07,SOSÚA,011807,874cf2400ffffff
https://www.inaturalist.org/observations/264667688,5087671740,Tridax procumbens,Tridax procumbens L.,Asteraceae,Tridax,SPECIES,HUMAN_OBSERVATION,2025-03-09T10:04:13,2025,-70.51575,19.763378,4,50c9509d-22c7-4a22-a47d-8c48425ef4a7,iNaturalist,Observations,18,07,SOSÚA,011807,874cf2400ffffff
https://www.inaturalist.org/observations/264667763,5087783917,Euphorbia thymifolia,Euphorbia thymifolia L.,Euphorbiaceae,Euphorbia,SPECIES,HUMAN_OBSERVATION,2025-03-09T10:06:06,2025,-70.515712,19.763278,5,50c9509d-22c7-4a22-a47d-8c48425ef4a7,iNaturalist,Observations,18,07,SOSÚA,011807,874cf2400ffffff
https://www.inaturalist.org/observations/264667863,5087685698,Tridax procumbens,Tridax procumbens L.,Asteraceae,Tridax,SPECIES,HUMAN_OBSERVATION,2025-03-09T10:07:48,2025,-70.515688,19.763235,5,50c9509d-22c7-4a22-a47d-8c48425ef4a7,iNaturalist,Observations,18,07,SOSÚA,011807,874cf2400ffffff
https://www.inaturalist.org/observations/264667879,5087763767,Commelina erecta,Commelina erecta L.,Commelinaceae,Commelina,SPECIES,HUMAN_OBSERVATION,2025-03-09T10:08:14,2025,-70.515673,19.763038,4,50c9509d-22c7-4a22-a47d-8c48425ef4a7,iNaturalist,Observations,18,07,SOSÚA,011807,874cf2400ffffff
https://www.inaturalist.org/observations/264667889,5087660695,Heliotropium angiospermum,Heliotropium angiospermum Murray,Heliotropiaceae,Heliotropium,SPECIES,HUMAN_OBSERVATION,2025-03-09T10:08:59,2025,-70.515475,19.762817,4,50c9509d-22c7-4a22-a47d-8c48425ef4a7,iNaturalist,Observations,18,07,SOSÚA,011807,874cf2400ffffff
https://www.inaturalist.org/observations/264667908,5087685699,Kallstroemia maxima,Kallstroemia maxima (L.) Hook. & Arn.,Zygophyllaceae,Kallstroemia,SPECIES,HUMAN_OBSERVATION,2025-03-09T10:09:27,2025,-70.515493,19.762902,63,50c9509d-22c7-4a22-a47d-8c48425ef4a7,iNaturalist,Observations,18,07,SOSÚA,011807,874cf2400ffffff
https://www.inaturalist.org/observations/264667934,5087724710,Euphorbia prostrata,Euphorbia prostrata Aiton,Euphorbiaceae,Euphorbia,SPECIES,HUMAN_OBSERVATION,2025-03-09T10:10:39,2025,-70.516125,19.763043,5,50c9509d-22c7-4a22-a47d-8c48425ef4a7,iNaturalist,Observations,18,07,SOSÚA,011807,874cf2400ffffff
https://www.inaturalist.org/observations/264668056,5087656696,Peperomia pellucida,Peperomia pellucida (L.) Kunth,Piperaceae,Peperomia,SPECIES,HUMAN_OBSERVATION,2025-03-09T10:11:58,2025,-70.516131,19.762861,111,50c9509d-22c7-4a22-a47d-8c48425ef4a7,iNaturalist,Observations,18,07,SOSÚA,011807,874cf2400ffffff
https://www.inaturalist.org/observations/264668104,5087611729,Pilea microphylla,Pilea microphylla (L.) Liebm.,Urticaceae,Pilea,SPECIES,HUMAN_OBSERVATION,2025-03-09T10:12:48,2025,-70.516385,19.762847,5,50c9509d-22c7-4a22-a47d-8c48425ef4a7,iNaturalist,Observations,18,07,SOSÚA,011807,874cf2400ffffff
https://www.inaturalist.org/observations/264668194,5087785855,Eragrostis tenella,Eragrostis tenella (L.) P.Beauv. ex Roem. & Schult.,Poaceae,Eragrostis,SPECIES,HUMAN_OBSERVATION,2025-03-09T10:13:44,2025,-70.516308,19.76272,6,50c9509d-22c7-4a22-a47d-8c48425ef4a7,iNaturalist,Observations,18,07,SOSÚA,011807,874cf2400ffffff
https://www.inaturalist.org/observations/264668233,5087883758,Oldenlandia corymbosa,Oldenlandia corymbosa L.,Rubiaceae,Oldenlandia,SPECIES,HUMAN_OBSERVATION,2025-03-09T10:15:59,2025,-70.516277,19.762958,6,50c9509d-22c7-4a22-a47d-8c48425ef4a7,iNaturalist,Observations,18,07,SOSÚA,011807,874cf2400ffffff
https://www.inaturalist.org/observations/264668258,5087783922,Oldenlandia corymbosa,Oldenlandia corymbosa L.,Rubiaceae,Oldenlandia,SPECIES,HUMAN_OBSERVATION,2025-03-09T10:16:28,2025,-70.516153,19.76322,4,50c9509d-22c7-4a22-a47d-8c48425ef4a7,iNaturalist,Observations,18,07,SOSÚA,011807,874cf2400ffffff
https://www.inaturalist.org/observations/264668281,5087665957,Euphorbia ophthalmica,Euphorbia ophthalmica Pers.,Euphorbiaceae,Euphorbia,SPECIES,HUMAN_OBSERVATION,2025-03-09T10:18:32,2025,-70.515993,19.763117,5,50c9509d-22c7-4a22-a47d-8c48425ef4a7,iNaturalist,Observations,18,07,SOSÚA,011807,874cf2400ffffff
https://www.inaturalist.org/observations/264668340,5087911714,Tridax procumbens,Tridax procumbens L.,Asteraceae,Tridax,SPECIES,HUMAN_OBSERVATION,2025-03-09T10:19:14,2025,-70.516164,19.763049,126,50c9509d-22c7-4a22-a47d-8c48425ef4a7,iNaturalist,Observations,18,07,SOSÚA,011807,874cf2400ffffff
https://www.inaturalist.org/observations/264668352,5087593712,Oldenlandia corymbosa,Oldenlandia corymbosa L.,Rubiaceae,Oldenlandia,SPECIES,HUMAN_OBSERVATION,2025-03-09T10:23:34,2025,-70.516518,19.763918,4,50c9509d-22c7-4a22-a47d-8c48425ef4a7,iNaturalist,Observations,18,07,SOSÚA,011807,874cf2400ffffff
https://www.inaturalist.org/observations/264668487,5087677867,Pleopeltis polypodioides,Pleopeltis polypodioides (L.) E.G.Andrews & Windham,Polypodiaceae,Pleopeltis,SPECIES,HUMAN_OBSERVATION,2025-03-09T10:26:19,2025,-70.516327,19.764657,6,50c9509d-22c7-4a22-a47d-8c48425ef4a7,iNaturalist,Observations,18,07,SOSÚA,011807,874cf2400ffffff
https://www.inaturalist.org/observations/264668968,5087883765,Eragrostis tenella,Eragrostis tenella (L.) P.Beauv. ex Roem. & Schult.,Poaceae,Eragrostis,SPECIES,HUMAN_OBSERVATION,2025-03-09T10:33:23,2025,-70.515988,19.765077,7,50c9509d-22c7-4a22-a47d-8c48425ef4a7,iNaturalist,Observations,18,07,SOSÚA,011807,874cf2400ffffff
https://www.inaturalist.org/observations/264669120,5087677873,Cyanthillium cinereum,Cyanthillium cinereum (L.) H.Rob.,Asteraceae,Cyanthillium,SPECIES,HUMAN_OBSERVATION,2025-03-09T10:33:58,2025,-70.51596,19.76503,87,50c9509d-22c7-4a22-a47d-8c48425ef4a7,iNaturalist,Observations,18,07,SOSÚA,011807,874cf2400ffffff
https://www.inaturalist.org/observations/264669273,5087866540,Turnera ulmifolia,Turnera ulmifolia L.,Passifloraceae,Turnera,SPECIES,HUMAN_OBSERVATION,2025-03-09T10:33:40,2025,-70.515948,19.765073,6,50c9509d-22c7-4a22-a47d-8c48425ef4a7,iNaturalist,Observations,18,07,SOSÚA,011807,874cf2400ffffff
https://www.inaturalist.org/observations/266387350,5104569934,Roystonea borinquena,Roystonea borinquena O.F.Cook,Arecaceae,Roystonea,SPECIES,HUMAN_OBSERVATION,2025-03-21T10:28:38,2025,-70.528294,19.75259,3,50c9509d-22c7-4a22-a47d-8c48425ef4a7,iNaturalist,Observations,18,07,SOSÚA,011807,874cf2402ffffff
https://www.inaturalist.org/observations/267773110,5152991923,Thespesia populnea,Thespesia populnea (L.) Sol. ex Corrêa,Malvaceae,Thespesia,SPECIES,HUMAN_OBSERVATION,2025-03-30T14:08:47,2025,-70.58711,19.755307,9,50c9509d-22c7-4a22-a47d-8c48425ef4a7,iNaturalist,Observations,18,07,SOSÚA,011807,874cf2412ffffff
https://www.inaturalist.org/observations/267774307,5139999622,Murraya paniculata,Murraya paniculata (L.) Jacq.,Rutaceae,Murraya,SPECIES,HUMAN_OBSERVATION,2025-03-30T14:22:18,2025,-70.586998,19.75552,8,50c9509d-22c7-4a22-a47d-8c48425ef4a7,iNaturalist,Observations,18,07,SOSÚA,011807,874cf2412ffffff
https://www.inaturalist.org/observations/267777659,5108351151,Rhizophora mangle,Rhizophora mangle L.,Rhizophoraceae,Rhizophora,SPECIES,HUMAN_OBSERVATION,2025-03-30T14:08:05,2025,-70.587307,19.755473,7,50c9509d-22c7-4a22-a47d-8c48425ef4a7,iNaturalist,Observations,18,07,SOSÚA,011807,874cf2412ffffff
https://www.inaturalist.org/observations/267777727,5108485196,Hamelia patens,Hamelia patens Jacq.,Rubiaceae,Hamelia,SPECIES,HUMAN_OBSERVATION,2025-03-30T14:14:50,2025,-70.586682,19.755285,6,50c9509d-22c7-4a22-a47d-8c48425ef4a7,iNaturalist,Observations,18,07,SOSÚA,011807,874cf2412ffffff
https://www.inaturalist.org/observations/275160657,5140720609,Consolea moniliformis,Consolea moniliformis (L.) A.Berger,Cactaceae,Consolea,SPECIES,HUMAN_OBSERVATION,2025-04-27T19:07:36,2025,-70.402062,19.751687,3,50c9509d-22c7-4a22-a47d-8c48425ef4a7,iNaturalist,Observations,18,07,SOSÚA,011807,874cf255bffffff
https://www.inaturalist.org/observations/286036799,5177210922,Cocos nucifera,Cocos nucifera L.,Arecaceae,Cocos,SPECIES,HUMAN_OBSERVATION,2025-05-30T10:08:11,2025,-70.467453,19.704538,3604,50c9509d-22c7-4a22-a47d-8c48425ef4a7,iNaturalist,Observations,18,07,SOSÚA,011807,874cf240bffffff
https://www.inaturalist.org/observations/290927448,5759737094,Coccoloba uvifera,Coccoloba uvifera (L.) L.,Polygonaceae,Coccoloba,SPECIES,HUMAN_OBSERVATION,2025-01-16T12:43,2025,-70.444582,19.77718,102,50c9509d-22c7-4a22-a47d-8c48425ef4a7,iNaturalist,Observations,18,07,SOSÚA,011807,874cf242cffffff
https://www.inaturalist.org/observations/290927452,5217005866,Rivina humilis,Rivina humilis L.,Petiveriaceae,Rivina,SPECIES,HUMAN_OBSERVATION,2025-01-16T13:37,2025,-70.445258,19.776869,NA,50c9509d-22c7-4a22-a47d-8c48425ef4a7,iNaturalist,Observations,18,07,SOSÚA,011807,874cf242cffffff
https://www.inaturalist.org/observations/29141254,3415414374,Tamarix L.,Tamarix L.,Tamaricaceae,Tamarix,GENUS,HUMAN_OBSERVATION,2019-07-13T18:27:51,2019,-70.387179,19.734216,3123,50c9509d-22c7-4a22-a47d-8c48425ef4a7,iNaturalist,Observations,18,07,SOSÚA,011807,874cf2466ffffff
https://www.inaturalist.org/observations/291538114,5760392090,Coccoloba uvifera,Coccoloba uvifera (L.) L.,Polygonaceae,Coccoloba,SPECIES,HUMAN_OBSERVATION,2025-01-17T10:52,2025,-70.443686,19.777567,NA,50c9509d-22c7-4a22-a47d-8c48425ef4a7,iNaturalist,Observations,18,07,SOSÚA,011807,874cf242cffffff
https://www.inaturalist.org/observations/291538117,5205842277,Canna indica,Canna indica L.,Cannaceae,Canna,SPECIES,HUMAN_OBSERVATION,2025-01-17T12:30,2025,-70.443586,19.778167,NA,50c9509d-22c7-4a22-a47d-8c48425ef4a7,iNaturalist,Observations,18,07,SOSÚA,011807,874cf242cffffff
https://www.inaturalist.org/observations/291538120,5206123333,Tithonia diversifolia,Tithonia diversifolia (Hemsl.) A.Gray,Asteraceae,Tithonia,SPECIES,HUMAN_OBSERVATION,2025-01-17T12:30,2025,-70.443311,19.778744,NA,50c9509d-22c7-4a22-a47d-8c48425ef4a7,iNaturalist,Observations,18,07,SOSÚA,011807,874cf242cffffff
https://www.inaturalist.org/observations/291538126,5293169448,Ipomoea obscura,Ipomoea obscura (L.) Ker Gawl.,Convolvulaceae,Ipomoea,SPECIES,HUMAN_OBSERVATION,2025-01-17T12:30,2025,-70.443311,19.778744,NA,50c9509d-22c7-4a22-a47d-8c48425ef4a7,iNaturalist,Observations,18,07,SOSÚA,011807,874cf242cffffff
https://www.inaturalist.org/observations/291540136,5206364379,Chromolaena odorata,Chromolaena odorata (L.) R.M.King & H.Rob.,Asteraceae,Chromolaena,SPECIES,HUMAN_OBSERVATION,2025-01-17T14:15,2025,-70.447478,19.780967,NA,50c9509d-22c7-4a22-a47d-8c48425ef4a7,iNaturalist,Observations,18,07,SOSÚA,011807,874cf242cffffff
https://www.inaturalist.org/observations/291540137,5206496298,Ipomoea pes-caprae,Ipomoea pes-caprae (L.) R.Br.,Convolvulaceae,Ipomoea,SPECIES,HUMAN_OBSERVATION,2025-01-17T14:18,2025,-70.445828,19.780456,NA,50c9509d-22c7-4a22-a47d-8c48425ef4a7,iNaturalist,Observations,18,07,SOSÚA,011807,874cf242cffffff
https://www.inaturalist.org/observations/291540143,5205922339,Lantana camara,Lantana camara L.,Verbenaceae,Lantana,SPECIES,HUMAN_OBSERVATION,2025-01-17T14:24,2025,-70.443242,19.779133,NA,50c9509d-22c7-4a22-a47d-8c48425ef4a7,iNaturalist,Observations,18,07,SOSÚA,011807,874cf242cffffff
https://www.inaturalist.org/observations/291541029,5206789334,Urena lobata,Urena lobata L.,Malvaceae,Urena,SPECIES,HUMAN_OBSERVATION,2025-01-18T12:13,2025,-70.440928,19.778258,NA,50c9509d-22c7-4a22-a47d-8c48425ef4a7,iNaturalist,Observations,18,07,SOSÚA,011807,874cf242cffffff
https://www.inaturalist.org/observations/293006739,5217462357,Mimosa pudica,Mimosa pudica L.,Fabaceae,Mimosa,SPECIES,HUMAN_OBSERVATION,2025-01-18T12:19,2025,-70.440472,19.778017,NA,50c9509d-22c7-4a22-a47d-8c48425ef4a7,iNaturalist,Observations,18,07,SOSÚA,011807,874cf242cffffff
https://www.inaturalist.org/observations/293006745,5889785349,Morinda citrifolia,Morinda citrifolia L.,Rubiaceae,Morinda,SPECIES,HUMAN_OBSERVATION,2025-01-18T12:18,2025,-70.440472,19.778017,NA,50c9509d-22c7-4a22-a47d-8c48425ef4a7,iNaturalist,Observations,18,07,SOSÚA,011807,874cf242cffffff
https://www.inaturalist.org/observations/293008258,5217487315,Tridax procumbens,Tridax procumbens L.,Asteraceae,Tridax,SPECIES,HUMAN_OBSERVATION,2025-01-18T14:22,2025,-70.443953,19.779583,NA,50c9509d-22c7-4a22-a47d-8c48425ef4a7,iNaturalist,Observations,18,07,SOSÚA,011807,874cf242cffffff
https://www.inaturalist.org/observations/293008259,5216919322,Cissus verticillata,Cissus verticillata (L.) Nicolson & C.E.Jarvis,Vitaceae,Cissus,SPECIES,HUMAN_OBSERVATION,2025-01-18T14:19,2025,-70.444542,19.779986,NA,50c9509d-22c7-4a22-a47d-8c48425ef4a7,iNaturalist,Observations,18,07,SOSÚA,011807,874cf242cffffff
https://www.inaturalist.org/observations/293008283,5215827310,Morinda citrifolia,Morinda citrifolia L.,Rubiaceae,Morinda,SPECIES,HUMAN_OBSERVATION,2025-01-18T12:37,2025,-70.440392,19.778022,NA,50c9509d-22c7-4a22-a47d-8c48425ef4a7,iNaturalist,Observations,18,07,SOSÚA,011807,874cf242cffffff
https://www.inaturalist.org/observations/293090680,5217443362,Canavalia rosea,Canavalia rosea (Sw.) DC.,Fabaceae,Canavalia,SPECIES,HUMAN_OBSERVATION,2025-01-19T08:28,2025,-70.440739,19.778411,NA,50c9509d-22c7-4a22-a47d-8c48425ef4a7,iNaturalist,Observations,18,07,SOSÚA,011807,874cf242cffffff
https://www.inaturalist.org/observations/293090698,5216111384,Ipomoea pes-caprae,Ipomoea pes-caprae (L.) R.Br.,Convolvulaceae,Ipomoea,SPECIES,HUMAN_OBSERVATION,2025-01-19T08:21,2025,-70.441097,19.778486,NA,50c9509d-22c7-4a22-a47d-8c48425ef4a7,iNaturalist,Observations,18,07,SOSÚA,011807,874cf242cffffff
https://www.inaturalist.org/observations/293090710,5215821388,Sesuvium portulacastrum,Sesuvium portulacastrum (L.) L.,Aizoaceae,Sesuvium,SPECIES,HUMAN_OBSERVATION,2025-01-19T08:18,2025,-70.441264,19.778778,NA,50c9509d-22c7-4a22-a47d-8c48425ef4a7,iNaturalist,Observations,18,07,SOSÚA,011807,874cf242cffffff
https://www.inaturalist.org/observations/293090711,5215817339,Ipomoea imperati,Ipomoea imperati (Vahl) Griseb.,Convolvulaceae,Ipomoea,SPECIES,HUMAN_OBSERVATION,2025-01-19T08:18,2025,-70.441222,19.778728,NA,50c9509d-22c7-4a22-a47d-8c48425ef4a7,iNaturalist,Observations,18,07,SOSÚA,011807,874cf242cffffff
https://www.inaturalist.org/observations/293166293,5215841456,Cocos nucifera,Cocos nucifera L.,Arecaceae,Cocos,SPECIES,HUMAN_OBSERVATION,2025-01-19T08:42,2025,-70.437169,19.775372,NA,50c9509d-22c7-4a22-a47d-8c48425ef4a7,iNaturalist,Observations,18,07,SOSÚA,011807,874cf242dffffff
https://www.inaturalist.org/observations/293166301,6185926134,Borrichia arborescens,Borrichia arborescens (L.) DC.,Asteraceae,Borrichia,SPECIES,HUMAN_OBSERVATION,2025-01-19T08:30,2025,-70.440444,19.778272,NA,50c9509d-22c7-4a22-a47d-8c48425ef4a7,iNaturalist,Observations,18,07,SOSÚA,011807,874cf242cffffff
https://www.inaturalist.org/observations/293166305,5216889430,Sphagneticola trilobata,Sphagneticola trilobata (L.) Pruski,Asteraceae,Sphagneticola,SPECIES,HUMAN_OBSERVATION,2025-01-19T08:29,2025,-70.440739,19.778411,NA,50c9509d-22c7-4a22-a47d-8c48425ef4a7,iNaturalist,Observations,18,07,SOSÚA,011807,874cf242cffffff
https://www.inaturalist.org/observations/293166893,5216734381,Mimosa pudica,Mimosa pudica L.,Fabaceae,Mimosa,SPECIES,HUMAN_OBSERVATION,2025-01-19T08:52,2025,-70.437842,19.776022,NA,50c9509d-22c7-4a22-a47d-8c48425ef4a7,iNaturalist,Observations,18,07,SOSÚA,011807,874cf242dffffff
https://www.inaturalist.org/observations/293166897,5216413378,Urena lobata,Urena lobata L.,Malvaceae,Urena,SPECIES,HUMAN_OBSERVATION,2025-01-19T08:49,2025,-70.437842,19.776022,NA,50c9509d-22c7-4a22-a47d-8c48425ef4a7,iNaturalist,Observations,18,07,SOSÚA,011807,874cf242dffffff
https://www.inaturalist.org/observations/293174785,5217030415,Momordica charantia,Momordica charantia L.,Cucurbitaceae,Momordica,SPECIES,HUMAN_OBSERVATION,2025-01-20T17:35,2025,-70.446356,19.776453,NA,50c9509d-22c7-4a22-a47d-8c48425ef4a7,iNaturalist,Observations,18,07,SOSÚA,011807,874cf242cffffff
https://www.inaturalist.org/observations/293174790,5217470439,Rivina humilis,Rivina humilis L.,Petiveriaceae,Rivina,SPECIES,HUMAN_OBSERVATION,2025-01-20T17:33,2025,-70.444967,19.776217,NA,50c9509d-22c7-4a22-a47d-8c48425ef4a7,iNaturalist,Observations,18,07,SOSÚA,011807,874cf242cffffff
https://www.inaturalist.org/observations/295263376,5292222354,Urena lobata,Urena lobata L.,Malvaceae,Urena,SPECIES,HUMAN_OBSERVATION,2025-01-24T14:05,2025,-70.441569,19.778861,NA,50c9509d-22c7-4a22-a47d-8c48425ef4a7,iNaturalist,Observations,18,07,SOSÚA,011807,874cf242cffffff
https://www.inaturalist.org/observations/295264324,5237628562,Piper peltatum,Piper peltatum L.,Piperaceae,Piper,SPECIES,HUMAN_OBSERVATION,2025-01-24T15:57,2025,-70.443603,19.77755,NA,50c9509d-22c7-4a22-a47d-8c48425ef4a7,iNaturalist,Observations,18,07,SOSÚA,011807,874cf242cffffff
https://www.inaturalist.org/observations/295265234,5217587760,Momordica charantia,Momordica charantia L.,Cucurbitaceae,Momordica,SPECIES,HUMAN_OBSERVATION,2025-01-25T10:29,2025,-70.442772,19.779597,NA,50c9509d-22c7-4a22-a47d-8c48425ef4a7,iNaturalist,Observations,18,07,SOSÚA,011807,874cf242cffffff
https://www.inaturalist.org/observations/295265245,6431595333,Sphagneticola trilobata,Sphagneticola trilobata (L.) Pruski,Asteraceae,Sphagneticola,SPECIES,HUMAN_OBSERVATION,2025-01-25T10:18,2025,-70.442772,19.779597,NA,50c9509d-22c7-4a22-a47d-8c48425ef4a7,iNaturalist,Observations,18,07,SOSÚA,011807,874cf242cffffff
https://www.inaturalist.org/observations/295267105,5216495680,Momordica charantia,Momordica charantia L.,Cucurbitaceae,Momordica,SPECIES,HUMAN_OBSERVATION,2025-01-25T10:40,2025,-70.440222,19.777814,NA,50c9509d-22c7-4a22-a47d-8c48425ef4a7,iNaturalist,Observations,18,07,SOSÚA,011807,874cf242cffffff
https://www.inaturalist.org/observations/310239189,5760223684,Spathodea campanulata,Spathodea campanulata Beauverd,Bignoniaceae,Spathodea,SPECIES,HUMAN_OBSERVATION,2025-08-25T12:07:26,2025,-70.464638,19.782045,19,50c9509d-22c7-4a22-a47d-8c48425ef4a7,iNaturalist,Observations,18,07,SOSÚA,011807,874cf242effffff
https://www.inaturalist.org/observations/314847508,5830773020,Hamelia patens,Hamelia patens Jacq.,Rubiaceae,Hamelia,SPECIES,HUMAN_OBSERVATION,2025-09-18T11:50:19,2025,-70.46392,19.780392,4,50c9509d-22c7-4a22-a47d-8c48425ef4a7,iNaturalist,Observations,18,07,SOSÚA,011807,874cf242effffff
https://www.inaturalist.org/observations/322032139,5868154269,Annona muricata,Annona muricata L.,Annonaceae,Annona,SPECIES,HUMAN_OBSERVATION,2025-10-20T08:07:43,2025,-70.4617,19.778158,3,50c9509d-22c7-4a22-a47d-8c48425ef4a7,iNaturalist,Observations,18,07,SOSÚA,011807,874cf242effffff
https://www.inaturalist.org/observations/323973683,5889928398,Vitex petitia,Petitia domingensis Jacq.,Lamiaceae,Vitex,SPECIES,HUMAN_OBSERVATION,2025-10-29T15:44:30,2025,-70.465257,19.694891,3,50c9509d-22c7-4a22-a47d-8c48425ef4a7,iNaturalist,Observations,18,07,SOSÚA,011807,874cf2456ffffff
https://www.inaturalist.org/observations/331921784,5935410509,Moringa oleifera,Moringa oleifera Lam.,Moringaceae,Moringa,SPECIES,HUMAN_OBSERVATION,2025-12-23T21:38:21,2025,-70.495435,19.780615,46,50c9509d-22c7-4a22-a47d-8c48425ef4a7,iNaturalist,Observations,18,07,SOSÚA,011807,874cf2404ffffff
https://www.inaturalist.org/observations/333238454,6273640304,Hibiscus archeri,Hibiscus × archeri Watson,Malvaceae,Hibiscus,SPECIES,HUMAN_OBSERVATION,2026-01-01T14:49:49,2026,-70.512353,19.760838,5,50c9509d-22c7-4a22-a47d-8c48425ef4a7,iNaturalist,Observations,18,07,SOSÚA,011807,874cf2400ffffff
https://www.inaturalist.org/observations/335079551,6131190564,Terminalia catappa,Terminalia catappa L.,Combretaceae,Terminalia,SPECIES,HUMAN_OBSERVATION,2026-01-13T12:07:44,2026,-70.43023,19.743808,65,50c9509d-22c7-4a22-a47d-8c48425ef4a7,iNaturalist,Observations,18,07,SOSÚA,011807,874cf2429ffffff
https://www.inaturalist.org/observations/335079888,6130518217,Mimosa pudica,Mimosa pudica L.,Fabaceae,Mimosa,SPECIES,HUMAN_OBSERVATION,2026-01-13T11:57:31,2026,-70.432105,19.744513,5,50c9509d-22c7-4a22-a47d-8c48425ef4a7,iNaturalist,Observations,18,07,SOSÚA,011807,874cf2429ffffff
https://www.inaturalist.org/observations/335079998,6131117498,Caladium bicolor,Caladium bicolor (Aiton) Vent.,Araceae,Caladium,SPECIES,HUMAN_OBSERVATION,2026-01-13T11:54:45,2026,-70.432525,19.744767,4,50c9509d-22c7-4a22-a47d-8c48425ef4a7,iNaturalist,Observations,18,07,SOSÚA,011807,874cf2429ffffff
https://www.inaturalist.org/observations/335080015,6130630889,Clusia rosea,Clusia rosea Jacq.,Clusiaceae,Clusia,SPECIES,HUMAN_OBSERVATION,2026-01-13T11:53:48,2026,-70.432695,19.744738,4,50c9509d-22c7-4a22-a47d-8c48425ef4a7,iNaturalist,Observations,18,07,SOSÚA,011807,874cf2429ffffff
https://www.inaturalist.org/observations/335146718,6130840920,Tradescantia spathacea,Tradescantia spathacea Sw.,Commelinaceae,Tradescantia,SPECIES,HUMAN_OBSERVATION,2026-01-16T08:43:20,2026,-70.462188,19.776803,12,50c9509d-22c7-4a22-a47d-8c48425ef4a7,iNaturalist,Observations,18,07,SOSÚA,011807,874cf242effffff
https://www.inaturalist.org/observations/336743842,6133229405,Urena lobata,Urena lobata L.,Malvaceae,Urena,SPECIES,HUMAN_OBSERVATION,2026-01-17T13:20,2026,-70.440072,19.777767,NA,50c9509d-22c7-4a22-a47d-8c48425ef4a7,iNaturalist,Observations,18,07,SOSÚA,011807,874cf242cffffff
https://www.inaturalist.org/observations/336743845,6133530637,Cissus verticillata,Cissus verticillata (L.) Nicolson & C.E.Jarvis,Vitaceae,Cissus,SPECIES,HUMAN_OBSERVATION,2026-01-17T13:21,2026,-70.439453,19.777378,NA,50c9509d-22c7-4a22-a47d-8c48425ef4a7,iNaturalist,Observations,18,07,SOSÚA,011807,874cf242cffffff
https://www.inaturalist.org/observations/336743848,6133188707,Terminalia catappa,Terminalia catappa L.,Combretaceae,Terminalia,SPECIES,HUMAN_OBSERVATION,2026-01-17T13:21,2026,-70.439453,19.777378,NA,50c9509d-22c7-4a22-a47d-8c48425ef4a7,iNaturalist,Observations,18,07,SOSÚA,011807,874cf242cffffff
https://www.inaturalist.org/observations/336743851,6133194164,Ipomoea imperati,Ipomoea imperati (Vahl) Griseb.,Convolvulaceae,Ipomoea,SPECIES,HUMAN_OBSERVATION,2026-01-17T13:34,2026,-70.435508,19.773519,NA,50c9509d-22c7-4a22-a47d-8c48425ef4a7,iNaturalist,Observations,18,07,SOSÚA,011807,874cf242dffffff
https://www.inaturalist.org/observations/336745242,6133417456,Echites umbellatus,Echites umbellatus Jacq.,Apocynaceae,Echites,SPECIES,HUMAN_OBSERVATION,2026-01-22T13:52,2026,-70.440856,19.778211,NA,50c9509d-22c7-4a22-a47d-8c48425ef4a7,iNaturalist,Observations,18,07,SOSÚA,011807,874cf242cffffff
https://www.inaturalist.org/observations/33856621,3039390441,Coccoloba diversifolia,Coccoloba diversifolia Jacq.,Polygonaceae,Coccoloba,SPECIES,HUMAN_OBSERVATION,2017-10-20T12:46,2017,-70.511358,19.772933,20,50c9509d-22c7-4a22-a47d-8c48425ef4a7,iNaturalist,Observations,18,07,SOSÚA,011807,874cf2400ffffff
https://www.inaturalist.org/observations/339155807,6163269690,Pontederia crassipes,Pontederia crassipes Mart.,Pontederiaceae,Pontederia,SPECIES,HUMAN_OBSERVATION,2026-02-17T16:32,2026,-70.38415,19.702978,NA,50c9509d-22c7-4a22-a47d-8c48425ef4a7,iNaturalist,Observations,18,07,SOSÚA,011807,874cf2444ffffff
https://www.inaturalist.org/observations/339155888,6171111773,Cupania americana,Cupania americana L.,Sapindaceae,Cupania,SPECIES,HUMAN_OBSERVATION,2026-02-17T16:15:28,2026,-70.392994,19.704217,NA,50c9509d-22c7-4a22-a47d-8c48425ef4a7,iNaturalist,Observations,18,07,SOSÚA,011807,874cf2471ffffff
https://www.inaturalist.org/observations/339155922,6171224836,Argemone mexicana,Argemone mexicana L.,Papaveraceae,Argemone,SPECIES,HUMAN_OBSERVATION,2026-02-17T16:11:55,2026,-70.394192,19.704931,NA,50c9509d-22c7-4a22-a47d-8c48425ef4a7,iNaturalist,Observations,18,07,SOSÚA,011807,874cf2471ffffff
https://www.inaturalist.org/observations/339155937,6162924731,Tillandsia balbisiana,Tillandsia balbisiana Schult. & Schult.f.,Bromeliaceae,Tillandsia,SPECIES,HUMAN_OBSERVATION,2026-02-17T16:11:05,2026,-70.394206,19.704953,NA,50c9509d-22c7-4a22-a47d-8c48425ef4a7,iNaturalist,Observations,18,07,SOSÚA,011807,874cf2471ffffff
https://www.inaturalist.org/observations/339156015,6163270388,Hippobroma longiflora,Hippobroma longiflora (L.) G.Don,Campanulaceae,Hippobroma,SPECIES,HUMAN_OBSERVATION,2026-02-17T16:04:04,2026,-70.397544,19.705303,NA,50c9509d-22c7-4a22-a47d-8c48425ef4a7,iNaturalist,Observations,18,07,SOSÚA,011807,874cf2471ffffff
https://www.inaturalist.org/observations/339156032,6188508580,Piper peltatum,Piper peltatum L.,Piperaceae,Piper,SPECIES,HUMAN_OBSERVATION,2026-02-17T16:01:47,2026,-70.398017,19.705633,NA,50c9509d-22c7-4a22-a47d-8c48425ef4a7,iNaturalist,Observations,18,07,SOSÚA,011807,874cf2471ffffff
https://www.inaturalist.org/observations/339156040,6170821210,Rousselia humilis,Rousselia humilis (Sw.) Urb.,Urticaceae,Rousselia,SPECIES,HUMAN_OBSERVATION,2026-02-17T15:55:50,2026,-70.399769,19.704511,NA,50c9509d-22c7-4a22-a47d-8c48425ef4a7,iNaturalist,Observations,18,07,SOSÚA,011807,874cf2471ffffff
https://www.inaturalist.org/observations/339157231,6195950651,Piper marginatum,Piper marginatum Jacq.,Piperaceae,Piper,SPECIES,HUMAN_OBSERVATION,2026-02-17T15:39:13,2026,-70.401919,19.707356,NA,50c9509d-22c7-4a22-a47d-8c48425ef4a7,iNaturalist,Observations,18,07,SOSÚA,011807,874cf2471ffffff
https://www.inaturalist.org/observations/344447821,6185684786,Coccoloba uvifera,Coccoloba uvifera (L.) L.,Polygonaceae,Coccoloba,SPECIES,HUMAN_OBSERVATION,2026-03-22T08:26:17,2026,-70.499907,19.781986,4,50c9509d-22c7-4a22-a47d-8c48425ef4a7,iNaturalist,Observations,18,07,SOSÚA,011807,874cf2404ffffff
https://www.inaturalist.org/observations/345067302,6184834152,Tarenaya aculeata,Cleome aculeata L.,Cleomaceae,Tarenaya,SPECIES,HUMAN_OBSERVATION,2026-03-25T07:02:35,2026,-70.46408,19.782637,13,50c9509d-22c7-4a22-a47d-8c48425ef4a7,iNaturalist,Observations,18,07,SOSÚA,011807,874cf242effffff
https://www.inaturalist.org/observations/345278679,6185505776,Tradescantia spathacea,Tradescantia spathacea Sw.,Commelinaceae,Tradescantia,SPECIES,HUMAN_OBSERVATION,2026-03-26T10:00:18,2026,-70.49924,19.781356,45,50c9509d-22c7-4a22-a47d-8c48425ef4a7,iNaturalist,Observations,18,07,SOSÚA,011807,874cf2404ffffff
https://www.inaturalist.org/observations/347885557,6188544536,Eryngium foetidum,Eryngium foetidum L.,Apiaceae,Eryngium,SPECIES,HUMAN_OBSERVATION,2026-03-26T15:52:23,2026,-70.46318,19.777697,874,50c9509d-22c7-4a22-a47d-8c48425ef4a7,iNaturalist,Observations,18,07,SOSÚA,011807,874cf242effffff
https://www.inaturalist.org/observations/351357281,6236111260,Scaevola plumieri,Scaevola plumieri (L.) Vahl,Goodeniaceae,Scaevola,SPECIES,HUMAN_OBSERVATION,2026-04-18T17:57,2026,-70.431652,19.76928,2,50c9509d-22c7-4a22-a47d-8c48425ef4a7,iNaturalist,Observations,18,07,SOSÚA,011807,874cf242dffffff
https://www.inaturalist.org/observations/351357282,6236175606,Scaevola taccada,Scaevola taccada (Gaertn.) Roxb.,Goodeniaceae,Scaevola,SPECIES,HUMAN_OBSERVATION,2026-04-18T18:02,2026,-70.431879,19.769665,2,50c9509d-22c7-4a22-a47d-8c48425ef4a7,iNaturalist,Observations,18,07,SOSÚA,011807,874cf242dffffff
https://www.inaturalist.org/observations/351357285,6235698609,Aristolochia trilobata,Aristolochia trilobata L.,Aristolochiaceae,Aristolochia,SPECIES,HUMAN_OBSERVATION,2026-04-18T18:52,2026,-70.440945,19.778253,8,50c9509d-22c7-4a22-a47d-8c48425ef4a7,iNaturalist,Observations,18,07,SOSÚA,011807,874cf242cffffff
https://www.inaturalist.org/observations/361390356,6320943468,Morinda citrifolia,Morinda citrifolia L.,Rubiaceae,Morinda,SPECIES,HUMAN_OBSERVATION,2026-05-13T08:18,2026,-70.513508,19.762308,3624,50c9509d-22c7-4a22-a47d-8c48425ef4a7,iNaturalist,Observations,18,07,SOSÚA,011807,874cf2400ffffff
https://www.inaturalist.org/observations/361960534,6321249446,Pluchea odorata,Pluchea odorata (L.) Cass.,Asteraceae,Pluchea,SPECIES,HUMAN_OBSERVATION,2026-05-16T07:06:38,2026,-70.462805,19.7772,15,50c9509d-22c7-4a22-a47d-8c48425ef4a7,iNaturalist,Observations,18,07,SOSÚA,011807,874cf242effffff
https://www.inaturalist.org/observations/362049106,6320730630,Conocarpus erectus,Conocarpus erectus L.,Combretaceae,Conocarpus,SPECIES,HUMAN_OBSERVATION,2026-05-16T12:31:52,2026,-70.463355,19.77885,11,50c9509d-22c7-4a22-a47d-8c48425ef4a7,iNaturalist,Observations,18,07,SOSÚA,011807,874cf242effffff
https://www.inaturalist.org/observations/36540904,2529323089,Morinda citrifolia,Morinda citrifolia L.,Rubiaceae,Morinda,SPECIES,HUMAN_OBSERVATION,2019-12-10T08:28,2019,-70.372984,19.673438,50,50c9509d-22c7-4a22-a47d-8c48425ef4a7,iNaturalist,Observations,18,07,SOSÚA,011807,874cf2441ffffff
https://www.inaturalist.org/observations/36540908,2573968343,Hura crepitans,Hura crepitans L.,Euphorbiaceae,Hura,SPECIES,HUMAN_OBSERVATION,2019-12-10T08:29,2019,-70.372984,19.673438,50,50c9509d-22c7-4a22-a47d-8c48425ef4a7,iNaturalist,Observations,18,07,SOSÚA,011807,874cf2441ffffff
https://www.inaturalist.org/observations/36542055,2814229415,Hura crepitans,Hura crepitans L.,Euphorbiaceae,Hura,SPECIES,HUMAN_OBSERVATION,2019-12-10T08:37,2019,-70.372984,19.673438,50,50c9509d-22c7-4a22-a47d-8c48425ef4a7,iNaturalist,Observations,18,07,SOSÚA,011807,874cf2441ffffff
https://www.inaturalist.org/observations/36542057,2557723863,Syngonium podophyllum,Syngonium podophyllum Schott,Araceae,Syngonium,SPECIES,HUMAN_OBSERVATION,2019-12-10T08:32,2019,-70.372984,19.673438,50,50c9509d-22c7-4a22-a47d-8c48425ef4a7,iNaturalist,Observations,18,07,SOSÚA,011807,874cf2441ffffff
https://www.inaturalist.org/observations/36542857,2540906275,Guazuma ulmifolia,Guazuma ulmifolia Lam.,Malvaceae,Guazuma,SPECIES,HUMAN_OBSERVATION,2019-12-10T08:39,2019,-70.372984,19.673438,50,50c9509d-22c7-4a22-a47d-8c48425ef4a7,iNaturalist,Observations,18,07,SOSÚA,011807,874cf2441ffffff
https://www.inaturalist.org/observations/36542859,2529399158,Terminalia catappa,Terminalia catappa L.,Combretaceae,Terminalia,SPECIES,HUMAN_OBSERVATION,2019-12-10T08:41,2019,-70.372984,19.673438,50,50c9509d-22c7-4a22-a47d-8c48425ef4a7,iNaturalist,Observations,18,07,SOSÚA,011807,874cf2441ffffff
https://www.inaturalist.org/observations/36542862,2517988027,Morinda citrifolia,Morinda citrifolia L.,Rubiaceae,Morinda,SPECIES,HUMAN_OBSERVATION,2019-12-10T08:42,2019,-70.372984,19.673438,50,50c9509d-22c7-4a22-a47d-8c48425ef4a7,iNaturalist,Observations,18,07,SOSÚA,011807,874cf2441ffffff
https://www.inaturalist.org/observations/36543706,2518014660,Petiveria alliacea,Petiveria alliacea L.,Petiveriaceae,Petiveria,SPECIES,HUMAN_OBSERVATION,2019-12-10T08:47,2019,-70.372984,19.673438,50,50c9509d-22c7-4a22-a47d-8c48425ef4a7,iNaturalist,Observations,18,07,SOSÚA,011807,874cf2441ffffff
https://www.inaturalist.org/observations/36543707,2518026625,Alocasia cucullata,Alocasia cucullata (Lour.) G.Don,Araceae,Alocasia,SPECIES,HUMAN_OBSERVATION,2019-12-10T08:47,2019,-70.372984,19.673438,50,50c9509d-22c7-4a22-a47d-8c48425ef4a7,iNaturalist,Observations,18,07,SOSÚA,011807,874cf2441ffffff
https://www.inaturalist.org/observations/36543710,3355050368,Astraea lobatum,Astraea lobatum (L.) Klotzsch,Euphorbiaceae,Astraea,SPECIES,HUMAN_OBSERVATION,2019-12-10T08:53,2019,-70.372984,19.673438,50,50c9509d-22c7-4a22-a47d-8c48425ef4a7,iNaturalist,Observations,18,07,SOSÚA,011807,874cf2441ffffff
https://www.inaturalist.org/observations/36543711,3335091327,Urena lobata,Urena lobata L.,Malvaceae,Urena,SPECIES,HUMAN_OBSERVATION,2019-12-10T08:54,2019,-70.372984,19.673438,50,50c9509d-22c7-4a22-a47d-8c48425ef4a7,iNaturalist,Observations,18,07,SOSÚA,011807,874cf2441ffffff
https://www.inaturalist.org/observations/36543714,2860114356,Solanum torvum,Solanum torvum Sw.,Solanaceae,Solanum,SPECIES,HUMAN_OBSERVATION,2019-12-10T08:56,2019,-70.372984,19.673438,50,50c9509d-22c7-4a22-a47d-8c48425ef4a7,iNaturalist,Observations,18,07,SOSÚA,011807,874cf2441ffffff
https://www.inaturalist.org/observations/36543719,2517994178,Ricinus communis,Ricinus communis L.,Euphorbiaceae,Ricinus,SPECIES,HUMAN_OBSERVATION,2019-12-10T08:58,2019,-70.372984,19.673438,50,50c9509d-22c7-4a22-a47d-8c48425ef4a7,iNaturalist,Observations,18,07,SOSÚA,011807,874cf2441ffffff
https://www.inaturalist.org/observations/36543724,3039370434,Chromolaena odorata,Chromolaena odorata (L.) R.M.King & H.Rob.,Asteraceae,Chromolaena,SPECIES,HUMAN_OBSERVATION,2019-12-10T09:04,2019,-70.372984,19.673438,50,50c9509d-22c7-4a22-a47d-8c48425ef4a7,iNaturalist,Observations,18,07,SOSÚA,011807,874cf2441ffffff
https://www.inaturalist.org/observations/36543726,3923615326,Sphagneticola trilobata,Sphagneticola trilobata (L.) Pruski,Asteraceae,Sphagneticola,SPECIES,HUMAN_OBSERVATION,2019-12-10T09:03,2019,-70.372984,19.673438,50,50c9509d-22c7-4a22-a47d-8c48425ef4a7,iNaturalist,Observations,18,07,SOSÚA,011807,874cf2441ffffff
https://www.inaturalist.org/observations/36544715,3335372323,Pavonia fruticosa,Pavonia fruticosa (Mill.) Fawc. & Rendle,Malvaceae,Pavonia,SPECIES,HUMAN_OBSERVATION,2019-12-10T09:10,2019,-70.372984,19.673438,50,50c9509d-22c7-4a22-a47d-8c48425ef4a7,iNaturalist,Observations,18,07,SOSÚA,011807,874cf2441ffffff
https://www.inaturalist.org/observations/36544716,2573976370,Parthenium hysterophorus,Parthenium hysterophorus L.,Asteraceae,Parthenium,SPECIES,HUMAN_OBSERVATION,2019-12-10T09:12,2019,-70.372984,19.673438,50,50c9509d-22c7-4a22-a47d-8c48425ef4a7,iNaturalist,Observations,18,07,SOSÚA,011807,874cf2441ffffff
https://www.inaturalist.org/observations/36544717,2573975419,Parthenium hysterophorus,Parthenium hysterophorus L.,Asteraceae,Parthenium,SPECIES,HUMAN_OBSERVATION,2019-12-10T09:12,2019,-70.372984,19.673438,50,50c9509d-22c7-4a22-a47d-8c48425ef4a7,iNaturalist,Observations,18,07,SOSÚA,011807,874cf2441ffffff
https://www.inaturalist.org/observations/36545746,3335323341,Turnera ulmifolia,Turnera ulmifolia L.,Passifloraceae,Turnera,SPECIES,HUMAN_OBSERVATION,2019-12-10T09:23,2019,-70.374068,19.671973,100,50c9509d-22c7-4a22-a47d-8c48425ef4a7,iNaturalist,Observations,18,07,SOSÚA,011807,874cf2441ffffff
https://www.inaturalist.org/observations/36545747,2529307223,Jatropha gossypiifolia,Jatropha gossypiifolia L.,Euphorbiaceae,Jatropha,SPECIES,HUMAN_OBSERVATION,2019-12-10T09:23,2019,-70.374068,19.671973,100,50c9509d-22c7-4a22-a47d-8c48425ef4a7,iNaturalist,Observations,18,07,SOSÚA,011807,874cf2441ffffff
https://www.inaturalist.org/observations/36545751,2574065473,Senna alata,Senna alata (L.) Roxb.,Fabaceae,Senna,SPECIES,HUMAN_OBSERVATION,2019-12-10T09:26,2019,-70.374068,19.671973,100,50c9509d-22c7-4a22-a47d-8c48425ef4a7,iNaturalist,Observations,18,07,SOSÚA,011807,874cf2441ffffff
https://www.inaturalist.org/observations/36545753,3966413322,Crotalaria pallida,Crotalaria pallida Aiton,Fabaceae,Crotalaria,SPECIES,HUMAN_OBSERVATION,2019-12-10T09:28,2019,-70.374068,19.671973,100,50c9509d-22c7-4a22-a47d-8c48425ef4a7,iNaturalist,Observations,18,07,SOSÚA,011807,874cf2441ffffff
https://www.inaturalist.org/observations/36545761,2898346358,Muntingia calabura,Muntingia calabura L.,Muntingiaceae,Muntingia,SPECIES,HUMAN_OBSERVATION,2019-12-10T09:45,2019,-70.374068,19.671973,100,50c9509d-22c7-4a22-a47d-8c48425ef4a7,iNaturalist,Observations,18,07,SOSÚA,011807,874cf2441ffffff
https://www.inaturalist.org/observations/36545764,2898343337,Muntingia calabura,Muntingia calabura L.,Muntingiaceae,Muntingia,SPECIES,HUMAN_OBSERVATION,2019-12-10T09:48,2019,-70.374068,19.671973,100,50c9509d-22c7-4a22-a47d-8c48425ef4a7,iNaturalist,Observations,18,07,SOSÚA,011807,874cf2441ffffff
https://www.inaturalist.org/observations/36545766,3384640421,Ruellia simplex,Ruellia simplex C.Wright,Acanthaceae,Ruellia,SPECIES,HUMAN_OBSERVATION,2019-12-10T09:50,2019,-70.374068,19.671973,100,50c9509d-22c7-4a22-a47d-8c48425ef4a7,iNaturalist,Observations,18,07,SOSÚA,011807,874cf2441ffffff
https://www.inaturalist.org/observations/36545767,2563475007,Passiflora edulis,Passiflora edulis f. flavicarpa O.Deg.,Passifloraceae,Passiflora,FORM,HUMAN_OBSERVATION,2019-12-10T09:51,2019,-70.373435,19.673232,30,50c9509d-22c7-4a22-a47d-8c48425ef4a7,iNaturalist,Observations,18,07,SOSÚA,011807,874cf2441ffffff
https://www.inaturalist.org/observations/36545771,2603454071,Ruellia simplex,Ruellia simplex C.Wright,Acanthaceae,Ruellia,SPECIES,HUMAN_OBSERVATION,2019-12-10T09:53,2019,-70.373435,19.673232,30,50c9509d-22c7-4a22-a47d-8c48425ef4a7,iNaturalist,Observations,18,07,SOSÚA,011807,874cf2441ffffff
https://www.inaturalist.org/observations/36545773,6186012322,Terminalia catappa,Terminalia catappa L.,Combretaceae,Terminalia,SPECIES,HUMAN_OBSERVATION,2019-12-10T09:19,2019,-70.374068,19.671973,100,50c9509d-22c7-4a22-a47d-8c48425ef4a7,iNaturalist,Observations,18,07,SOSÚA,011807,874cf2441ffffff
https://www.inaturalist.org/observations/36545777,2596234036,Scoparia dulcis,Scoparia dulcis L.,Plantaginaceae,Scoparia,SPECIES,HUMAN_OBSERVATION,2019-12-10T09:21,2019,-70.374068,19.671973,100,50c9509d-22c7-4a22-a47d-8c48425ef4a7,iNaturalist,Observations,18,07,SOSÚA,011807,874cf2441ffffff
https://www.inaturalist.org/observations/36546109,2860063364,Xanthium strumarium,Xanthium strumarium L.,Asteraceae,Xanthium,SPECIES,HUMAN_OBSERVATION,2019-12-10T09:21,2019,-70.374068,19.671973,100,50c9509d-22c7-4a22-a47d-8c48425ef4a7,iNaturalist,Observations,18,07,SOSÚA,011807,874cf2441ffffff
https://www.inaturalist.org/observations/36562658,2826208411,Conocarpus erectus,Conocarpus erectus L.,Combretaceae,Conocarpus,SPECIES,HUMAN_OBSERVATION,2019-12-11T06:19,2019,-70.418571,19.7491,50,50c9509d-22c7-4a22-a47d-8c48425ef4a7,iNaturalist,Observations,18,07,SOSÚA,011807,874cf255affffff
https://www.inaturalist.org/observations/36562660,2529267277,Thespesia populnea,Thespesia populnea (L.) Sol. ex Corrêa,Malvaceae,Thespesia,SPECIES,HUMAN_OBSERVATION,2019-12-11T06:27,2019,-70.418571,19.7491,50,50c9509d-22c7-4a22-a47d-8c48425ef4a7,iNaturalist,Observations,18,07,SOSÚA,011807,874cf255affffff
https://www.inaturalist.org/observations/36567238,2860185364,Typha domingensis,Typha domingensis Pers.,Typhaceae,Typha,SPECIES,HUMAN_OBSERVATION,2019-12-11T06:08,2019,-70.418571,19.7491,50,50c9509d-22c7-4a22-a47d-8c48425ef4a7,iNaturalist,Observations,18,07,SOSÚA,011807,874cf255affffff
https://www.inaturalist.org/observations/36736194,2529365223,Eleocharis R.Br.,Eleocharis R.Br.,Cyperaceae,Eleocharis,GENUS,HUMAN_OBSERVATION,2019-12-17T11:11,2019,-70.518784,19.736795,20,50c9509d-22c7-4a22-a47d-8c48425ef4a7,iNaturalist,Observations,18,07,SOSÚA,011807,874cf241cffffff
https://www.inaturalist.org/observations/36736195,2540869315,Guazuma ulmifolia,Guazuma ulmifolia Lam.,Malvaceae,Guazuma,SPECIES,HUMAN_OBSERVATION,2019-12-17T10:59,2019,-70.520404,19.738577,20,50c9509d-22c7-4a22-a47d-8c48425ef4a7,iNaturalist,Observations,18,07,SOSÚA,011807,874cf241cffffff
https://www.inaturalist.org/observations/36736196,2860168351,Heteranthera reniformis,Heteranthera reniformis Ruiz & Pav.,Pontederiaceae,Heteranthera,SPECIES,HUMAN_OBSERVATION,2019-12-17T11:12,2019,-70.518784,19.736795,20,50c9509d-22c7-4a22-a47d-8c48425ef4a7,iNaturalist,Observations,18,07,SOSÚA,011807,874cf241cffffff
https://www.inaturalist.org/observations/36736986,6195813895,Sphagneticola gracilis,Sphagneticola gracilis (Rich.) Pruski,Asteraceae,Sphagneticola,SPECIES,HUMAN_OBSERVATION,2019-12-17T11:51,2019,-70.518854,19.736755,20,50c9509d-22c7-4a22-a47d-8c48425ef4a7,iNaturalist,Observations,18,07,SOSÚA,011807,874cf241cffffff
https://www.inaturalist.org/observations/36736987,4080938317,Piper aduncum,Piper aduncum L.,Piperaceae,Piper,SPECIES,HUMAN_OBSERVATION,2019-12-17T12:09,2019,-70.518854,19.736755,20,50c9509d-22c7-4a22-a47d-8c48425ef4a7,iNaturalist,Observations,18,07,SOSÚA,011807,874cf241cffffff
https://www.inaturalist.org/observations/36736989,2999124365,Asystasia gangetica,Asystasia gangetica (L.) T.Anderson,Acanthaceae,Asystasia,SPECIES,HUMAN_OBSERVATION,2019-12-17T12:27,2019,-70.519938,19.729216,20,50c9509d-22c7-4a22-a47d-8c48425ef4a7,iNaturalist,Observations,18,07,SOSÚA,011807,874cf241dffffff
https://www.inaturalist.org/observations/36736991,3858281442,Heliotropium verdcourtii,Heliotropium verdcourtii Craven,Heliotropiaceae,Heliotropium,SPECIES,HUMAN_OBSERVATION,2019-12-17T12:27,2019,-70.519938,19.729216,20,50c9509d-22c7-4a22-a47d-8c48425ef4a7,iNaturalist,Observations,18,07,SOSÚA,011807,874cf241dffffff
https://www.inaturalist.org/observations/36736992,4453792355,Jasminum fluminense,Jasminum fluminense Vell.,Oleaceae,Jasminum,SPECIES,HUMAN_OBSERVATION,2019-12-17T12:28,2019,-70.519938,19.729216,20,50c9509d-22c7-4a22-a47d-8c48425ef4a7,iNaturalist,Observations,18,07,SOSÚA,011807,874cf241dffffff
https://www.inaturalist.org/observations/36738128,3039302468,Chromolaena odorata,Chromolaena odorata (L.) R.M.King & H.Rob.,Asteraceae,Chromolaena,SPECIES,HUMAN_OBSERVATION,2019-12-17T12:30,2019,-70.519595,19.728837,50,50c9509d-22c7-4a22-a47d-8c48425ef4a7,iNaturalist,Observations,18,07,SOSÚA,011807,874cf241dffffff
https://www.inaturalist.org/observations/36738132,2860144363,Chrysothemis pulchella,Chrysothemis pulchella (Donn.Sm. ex Sims) Decne.,Gesneriaceae,Chrysothemis,SPECIES,HUMAN_OBSERVATION,2019-12-17T12:46,2019,-70.517737,19.720411,20,50c9509d-22c7-4a22-a47d-8c48425ef4a7,iNaturalist,Observations,18,07,SOSÚA,011807,874cf2418ffffff
https://www.inaturalist.org/observations/36738133,2574074466,Centrosema pubescens,Centrosema pubescens Benth.,Fabaceae,Centrosema,SPECIES,HUMAN_OBSERVATION,2019-12-17T12:49,2019,-70.517737,19.720411,20,50c9509d-22c7-4a22-a47d-8c48425ef4a7,iNaturalist,Observations,18,07,SOSÚA,011807,874cf2418ffffff
https://www.inaturalist.org/observations/36760057,3499474369,Waltheria indica,Waltheria indica L.,Malvaceae,Waltheria,SPECIES,HUMAN_OBSERVATION,2019-12-18T10:01,2019,-70.532581,19.746171,30,50c9509d-22c7-4a22-a47d-8c48425ef4a7,iNaturalist,Observations,18,07,SOSÚA,011807,874cf241cffffff
https://www.inaturalist.org/observations/36760060,5108028389,Gaya occidentalis,Gaya occidentalis (L.) Sweet,Malvaceae,Gaya,SPECIES,HUMAN_OBSERVATION,2019-12-18T10:07,2019,-70.532581,19.746171,30,50c9509d-22c7-4a22-a47d-8c48425ef4a7,iNaturalist,Observations,18,07,SOSÚA,011807,874cf241cffffff
https://www.inaturalist.org/observations/36760061,3391666335,Melochia pyramidata,Melochia pyramidata L.,Malvaceae,Melochia,SPECIES,HUMAN_OBSERVATION,2019-12-18T10:09,2019,-70.532581,19.746171,30,50c9509d-22c7-4a22-a47d-8c48425ef4a7,iNaturalist,Observations,18,07,SOSÚA,011807,874cf241cffffff
https://www.inaturalist.org/observations/36760411,3747014336,Bromelia pinguin,Bromelia pinguin L.,Bromeliaceae,Bromelia,SPECIES,HUMAN_OBSERVATION,2019-12-18T10:14,2019,-70.53389,19.746878,20,50c9509d-22c7-4a22-a47d-8c48425ef4a7,iNaturalist,Observations,18,07,SOSÚA,011807,874cf241cffffff
https://www.inaturalist.org/observations/36761902,4421177325,Melicoccus bijugatus,Melicoccus bijugatus Jacq.,Sapindaceae,Melicoccus,SPECIES,HUMAN_OBSERVATION,2019-12-18T10:28,2019,-70.534298,19.747767,20,50c9509d-22c7-4a22-a47d-8c48425ef4a7,iNaturalist,Observations,18,07,SOSÚA,011807,874cf2411ffffff
https://www.inaturalist.org/observations/36761903,2529275236,Epipremnum pinnatum,Epipremnum pinnatum (L.) Engl.,Araceae,Epipremnum,SPECIES,HUMAN_OBSERVATION,2019-12-18T10:29,2019,-70.534867,19.748191,20,50c9509d-22c7-4a22-a47d-8c48425ef4a7,iNaturalist,Observations,18,07,SOSÚA,011807,874cf2411ffffff
https://www.inaturalist.org/observations/36761904,3698055319,Barleria lupulina,Barleria lupulina Lindl.,Acanthaceae,Barleria,SPECIES,HUMAN_OBSERVATION,2019-12-18T10:32,2019,-70.534867,19.748191,20,50c9509d-22c7-4a22-a47d-8c48425ef4a7,iNaturalist,Observations,18,07,SOSÚA,011807,874cf2411ffffff
https://www.inaturalist.org/observations/36761905,2573834363,Calyptocarpus vialis,Calyptocarpus vialis Less.,Asteraceae,Calyptocarpus,SPECIES,HUMAN_OBSERVATION,2019-12-18T10:36,2019,-70.534867,19.748191,20,50c9509d-22c7-4a22-a47d-8c48425ef4a7,iNaturalist,Observations,18,07,SOSÚA,011807,874cf2411ffffff
https://www.inaturalist.org/observations/36761906,2596261029,Scoparia dulcis,Scoparia dulcis L.,Plantaginaceae,Scoparia,SPECIES,HUMAN_OBSERVATION,2019-12-18T10:40,2019,-70.536916,19.750301,20,50c9509d-22c7-4a22-a47d-8c48425ef4a7,iNaturalist,Observations,18,07,SOSÚA,011807,874cf2411ffffff
https://www.inaturalist.org/observations/36761910,3039155454,Tithonia diversifolia,Tithonia diversifolia (Hemsl.) A.Gray,Asteraceae,Tithonia,SPECIES,HUMAN_OBSERVATION,2019-12-18T10:42,2019,-70.536916,19.750301,20,50c9509d-22c7-4a22-a47d-8c48425ef4a7,iNaturalist,Observations,18,07,SOSÚA,011807,874cf2411ffffff
https://www.inaturalist.org/observations/36761911,4954407134,Urena procumbens,Urena lobata subsp. sinuata (L.) Borss.Waalk.,Malvaceae,Urena,SUBSPECIES,HUMAN_OBSERVATION,2019-12-18T10:43,2019,-70.536916,19.750301,20,50c9509d-22c7-4a22-a47d-8c48425ef4a7,iNaturalist,Observations,18,07,SOSÚA,011807,874cf2411ffffff
https://www.inaturalist.org/observations/36763001,3355519350,Chromolaena odorata,Chromolaena odorata (L.) R.M.King & H.Rob.,Asteraceae,Chromolaena,SPECIES,HUMAN_OBSERVATION,2019-12-18T10:44,2019,-70.536916,19.750301,20,50c9509d-22c7-4a22-a47d-8c48425ef4a7,iNaturalist,Observations,18,07,SOSÚA,011807,874cf2411ffffff
https://www.inaturalist.org/observations/36763004,4453976344,Senna siamea,Senna siamea (Lam.) H.S.Irwin & Barneby,Fabaceae,Senna,SPECIES,HUMAN_OBSERVATION,2019-12-18T10:46,2019,-70.536916,19.750301,20,50c9509d-22c7-4a22-a47d-8c48425ef4a7,iNaturalist,Observations,18,07,SOSÚA,011807,874cf2411ffffff
https://www.inaturalist.org/observations/36763006,2574203462,Urena lobata,Urena lobata L.,Malvaceae,Urena,SPECIES,HUMAN_OBSERVATION,2019-12-18T10:49,2019,-70.536691,19.750957,20,50c9509d-22c7-4a22-a47d-8c48425ef4a7,iNaturalist,Observations,18,07,SOSÚA,011807,874cf2411ffffff
https://www.inaturalist.org/observations/36765121,2563476104,Coccoloba diversifolia,Coccoloba diversifolia Jacq.,Polygonaceae,Coccoloba,SPECIES,HUMAN_OBSERVATION,2019-12-18T11:11,2019,-70.536412,19.754088,50,50c9509d-22c7-4a22-a47d-8c48425ef4a7,iNaturalist,Observations,18,07,SOSÚA,011807,874cf2411ffffff
https://www.inaturalist.org/observations/36765128,2540815866,Microsorum grossum,Microsorum grossum (Langsd. & Fisch.) S.B.Andrews,Polypodiaceae,Microsorum,SPECIES,HUMAN_OBSERVATION,2019-12-18T11:20,2019,-70.536326,19.755067,50,50c9509d-22c7-4a22-a47d-8c48425ef4a7,iNaturalist,Observations,18,07,SOSÚA,011807,874cf2411ffffff
https://www.inaturalist.org/observations/36767465,2540760656,Echites umbellatus,Echites umbellatus Jacq.,Apocynaceae,Echites,SPECIES,HUMAN_OBSERVATION,2019-12-18T11:27,2019,-70.53645,19.755391,20,50c9509d-22c7-4a22-a47d-8c48425ef4a7,iNaturalist,Observations,18,07,SOSÚA,011807,874cf2411ffffff
https://www.inaturalist.org/observations/36767500,3039118462,Bursera simaruba,Bursera simaruba (L.) Sarg.,Burseraceae,Bursera,SPECIES,HUMAN_OBSERVATION,2019-12-18T12:07,2019,-70.53645,19.755391,20,50c9509d-22c7-4a22-a47d-8c48425ef4a7,iNaturalist,Observations,18,07,SOSÚA,011807,874cf2411ffffff
https://www.inaturalist.org/observations/36770730,4923768910,Coccoloba diversifolia,Coccoloba diversifolia Jacq.,Polygonaceae,Coccoloba,SPECIES,HUMAN_OBSERVATION,2019-12-18T12:09,2019,-70.536369,19.7553,NA,50c9509d-22c7-4a22-a47d-8c48425ef4a7,iNaturalist,Observations,18,07,SOSÚA,011807,874cf2411ffffff
https://www.inaturalist.org/observations/36770733,3335439329,Chromolaena odorata,Chromolaena odorata (L.) R.M.King & H.Rob.,Asteraceae,Chromolaena,SPECIES,HUMAN_OBSERVATION,2019-12-18T12:14,2019,-70.536895,19.754391,20,50c9509d-22c7-4a22-a47d-8c48425ef4a7,iNaturalist,Observations,18,07,SOSÚA,011807,874cf2411ffffff
https://www.inaturalist.org/observations/36770737,2540833430,Rachicallis americana,Rachicallis americana (Jacq.) Hitchc.,Rubiaceae,Rachicallis,SPECIES,HUMAN_OBSERVATION,2019-12-18T12:25,2019,-70.537908,19.754532,30,50c9509d-22c7-4a22-a47d-8c48425ef4a7,iNaturalist,Observations,18,07,SOSÚA,011807,874cf2411ffffff
https://www.inaturalist.org/observations/36770739,2540824334,Terminalia catappa,Terminalia catappa L.,Combretaceae,Terminalia,SPECIES,HUMAN_OBSERVATION,2019-12-18T12:22,2019,-70.537908,19.754532,30,50c9509d-22c7-4a22-a47d-8c48425ef4a7,iNaturalist,Observations,18,07,SOSÚA,011807,874cf2411ffffff
https://www.inaturalist.org/observations/36770740,2529349731,Coccoloba uvifera,Coccoloba uvifera (L.) L.,Polygonaceae,Coccoloba,SPECIES,HUMAN_OBSERVATION,2019-12-18T12:23,2019,-70.537908,19.754532,30,50c9509d-22c7-4a22-a47d-8c48425ef4a7,iNaturalist,Observations,18,07,SOSÚA,011807,874cf2411ffffff
https://www.inaturalist.org/observations/36770741,3335183327,Chromolaena odorata,Chromolaena odorata (L.) R.M.King & H.Rob.,Asteraceae,Chromolaena,SPECIES,HUMAN_OBSERVATION,2019-12-18T12:30,2019,-70.538525,19.754472,30,50c9509d-22c7-4a22-a47d-8c48425ef4a7,iNaturalist,Observations,18,07,SOSÚA,011807,874cf2411ffffff
https://www.inaturalist.org/observations/36770744,6353136976,Heliotropium angiospermum,Heliotropium angiospermum Murray,Heliotropiaceae,Heliotropium,SPECIES,HUMAN_OBSERVATION,2019-12-18T12:32,2019,-70.538986,19.754603,30,50c9509d-22c7-4a22-a47d-8c48425ef4a7,iNaturalist,Observations,18,07,SOSÚA,011807,874cf2411ffffff
https://www.inaturalist.org/observations/36770750,2529402800,Euphorbia cyathophora,Euphorbia cyathophora Murray,Euphorbiaceae,Euphorbia,SPECIES,HUMAN_OBSERVATION,2019-12-18T12:37,2019,-70.538986,19.754603,30,50c9509d-22c7-4a22-a47d-8c48425ef4a7,iNaturalist,Observations,18,07,SOSÚA,011807,874cf2411ffffff
https://www.inaturalist.org/observations/36770751,2540906497,Ceiba pentandra,Ceiba pentandra (L.) Gaertn.,Malvaceae,Ceiba,SPECIES,HUMAN_OBSERVATION,2019-12-18T13:16,2019,-70.526245,19.744362,20,50c9509d-22c7-4a22-a47d-8c48425ef4a7,iNaturalist,Observations,18,07,SOSÚA,011807,874cf241cffffff
https://www.inaturalist.org/observations/36770759,3407982349,Mecardonia procumbens,Mecardonia procumbens (Mill.) Small,Plantaginaceae,Mecardonia,SPECIES,HUMAN_OBSERVATION,2019-12-18T12:55,2019,-70.536558,19.749961,20,50c9509d-22c7-4a22-a47d-8c48425ef4a7,iNaturalist,Observations,18,07,SOSÚA,011807,874cf2411ffffff
https://www.inaturalist.org/observations/36770760,2540814861,Zephyranthes citrina,Zephyranthes citrina Baker,Amaryllidaceae,Zephyranthes,SPECIES,HUMAN_OBSERVATION,2019-12-18T13:09,2019,-70.530266,19.746008,20,50c9509d-22c7-4a22-a47d-8c48425ef4a7,iNaturalist,Observations,18,07,SOSÚA,011807,874cf241cffffff
https://www.inaturalist.org/observations/36785639,2529324445,Petiveria alliacea,Petiveria alliacea L.,Petiveriaceae,Petiveria,SPECIES,HUMAN_OBSERVATION,2019-12-18T10:28,2019,-70.534298,19.747767,20,50c9509d-22c7-4a22-a47d-8c48425ef4a7,iNaturalist,Observations,18,07,SOSÚA,011807,874cf2411ffffff
https://www.inaturalist.org/observations/36984135,2540852804,Achyranthes aspera,Achyranthes aspera L.,Amaranthaceae,Achyranthes,SPECIES,HUMAN_OBSERVATION,2019-12-26T14:54,2019,-70.520415,19.745475,20,50c9509d-22c7-4a22-a47d-8c48425ef4a7,iNaturalist,Observations,18,07,SOSÚA,011807,874cf241cffffff
https://www.inaturalist.org/observations/36984136,2540851681,Euphorbia hirta,Euphorbia hirta L.,Euphorbiaceae,Euphorbia,SPECIES,HUMAN_OBSERVATION,2019-12-26T14:54,2019,-70.520415,19.745475,20,50c9509d-22c7-4a22-a47d-8c48425ef4a7,iNaturalist,Observations,18,07,SOSÚA,011807,874cf241cffffff
https://www.inaturalist.org/observations/36984142,3039301465,Trichostigma octandrum,Trichostigma octandrum (L.) H.Walter,Petiveriaceae,Trichostigma,SPECIES,HUMAN_OBSERVATION,2019-12-26T15:00,2019,-70.520007,19.746596,20,50c9509d-22c7-4a22-a47d-8c48425ef4a7,iNaturalist,Observations,18,07,SOSÚA,011807,874cf241cffffff
https://www.inaturalist.org/observations/36985712,2634357485,Myriopteris microphylla,Myriopteris microphylla (Sw.) Grusz & Windham,Pteridaceae,Myriopteris,SPECIES,HUMAN_OBSERVATION,2019-12-26T15:17,2019,-70.518344,19.752967,20,50c9509d-22c7-4a22-a47d-8c48425ef4a7,iNaturalist,Observations,18,07,SOSÚA,011807,874cf2402ffffff
https://www.inaturalist.org/observations/36985713,2540793261,Myriopteris microphylla,Myriopteris microphylla (Sw.) Grusz & Windham,Pteridaceae,Myriopteris,SPECIES,HUMAN_OBSERVATION,2019-12-26T15:17,2019,-70.518344,19.752967,20,50c9509d-22c7-4a22-a47d-8c48425ef4a7,iNaturalist,Observations,18,07,SOSÚA,011807,874cf2402ffffff
https://www.inaturalist.org/observations/36985714,2540811189,Talinum paniculatum,Talinum paniculatum (Jacq.) Gaertn.,Talinaceae,Talinum,SPECIES,HUMAN_OBSERVATION,2019-12-26T15:18,2019,-70.518344,19.752967,20,50c9509d-22c7-4a22-a47d-8c48425ef4a7,iNaturalist,Observations,18,07,SOSÚA,011807,874cf2402ffffff
https://www.inaturalist.org/observations/36985719,2540832596,Thespesia populnea,Thespesia populnea (L.) Sol. ex Corrêa,Malvaceae,Thespesia,SPECIES,HUMAN_OBSERVATION,2019-12-26T15:25,2019,-70.517655,19.755281,20,50c9509d-22c7-4a22-a47d-8c48425ef4a7,iNaturalist,Observations,18,07,SOSÚA,011807,874cf2402ffffff
https://www.inaturalist.org/observations/36985720,2540851688,Delonix regia,Delonix regia (Bojer ex Hook.) Raf.,Fabaceae,Delonix,SPECIES,HUMAN_OBSERVATION,2019-12-26T15:27,2019,-70.517655,19.755281,20,50c9509d-22c7-4a22-a47d-8c48425ef4a7,iNaturalist,Observations,18,07,SOSÚA,011807,874cf2402ffffff
https://www.inaturalist.org/observations/36985721,2543021528,Cocos nucifera,Cocos nucifera L.,Arecaceae,Cocos,SPECIES,HUMAN_OBSERVATION,2019-12-26T15:28,2019,-70.517655,19.755281,20,50c9509d-22c7-4a22-a47d-8c48425ef4a7,iNaturalist,Observations,18,07,SOSÚA,011807,874cf2402ffffff
https://www.inaturalist.org/observations/36985724,3039111457,Terminalia catappa,Terminalia catappa L.,Combretaceae,Terminalia,SPECIES,HUMAN_OBSERVATION,2019-12-26T15:29,2019,-70.517229,19.756233,NA,50c9509d-22c7-4a22-a47d-8c48425ef4a7,iNaturalist,Observations,18,07,SOSÚA,011807,874cf2402ffffff
https://www.inaturalist.org/observations/36985727,2540860454,Thespesia populnea,Thespesia populnea (L.) Sol. ex Corrêa,Malvaceae,Thespesia,SPECIES,HUMAN_OBSERVATION,2019-12-26T15:30,2019,-70.517229,19.756233,NA,50c9509d-22c7-4a22-a47d-8c48425ef4a7,iNaturalist,Observations,18,07,SOSÚA,011807,874cf2402ffffff
https://www.inaturalist.org/observations/36987729,2543020064,Barringtonia asiatica,Barringtonia asiatica (L.) Kurz,Lecythidaceae,Barringtonia,SPECIES,HUMAN_OBSERVATION,2019-12-26T15:31,2019,-70.517189,19.756501,20,50c9509d-22c7-4a22-a47d-8c48425ef4a7,iNaturalist,Observations,18,07,SOSÚA,011807,874cf2402ffffff
https://www.inaturalist.org/observations/36987730,2543021151,Coccoloba uvifera,Coccoloba uvifera (L.) L.,Polygonaceae,Coccoloba,SPECIES,HUMAN_OBSERVATION,2019-12-26T15:33,2019,-70.517189,19.756501,20,50c9509d-22c7-4a22-a47d-8c48425ef4a7,iNaturalist,Observations,18,07,SOSÚA,011807,874cf2402ffffff
https://www.inaturalist.org/observations/36987731,2573918419,Adonidia merrillii,Adonidia merrillii (Becc.) Becc.,Arecaceae,Adonidia,SPECIES,HUMAN_OBSERVATION,2019-12-26T15:37,2019,-70.517189,19.756501,20,50c9509d-22c7-4a22-a47d-8c48425ef4a7,iNaturalist,Observations,18,07,SOSÚA,011807,874cf2402ffffff
https://www.inaturalist.org/observations/36987734,3039159450,Senna siamea,Senna siamea (Lam.) H.S.Irwin & Barneby,Fabaceae,Senna,SPECIES,HUMAN_OBSERVATION,2019-12-26T15:42,2019,-70.517029,19.757444,20,50c9509d-22c7-4a22-a47d-8c48425ef4a7,iNaturalist,Observations,18,07,SOSÚA,011807,874cf2402ffffff
https://www.inaturalist.org/observations/36987737,3039206452,Ficus benjamina,Ficus benjamina L.,Moraceae,Ficus,SPECIES,HUMAN_OBSERVATION,2019-12-26T15:52,2019,-70.516483,19.758906,20,50c9509d-22c7-4a22-a47d-8c48425ef4a7,iNaturalist,Observations,18,07,SOSÚA,011807,874cf2402ffffff
https://www.inaturalist.org/observations/36987738,2543020267,Casuarina equisetifolia,Casuarina equisetifolia L.,Casuarinaceae,Casuarina,SPECIES,HUMAN_OBSERVATION,2019-12-26T15:53,2019,-70.516598,19.759101,20,50c9509d-22c7-4a22-a47d-8c48425ef4a7,iNaturalist,Observations,18,07,SOSÚA,011807,874cf2402ffffff
https://www.inaturalist.org/observations/36987745,3039154454,Breynia disticha,Breynia disticha J.R.Forst. & G.Forst.,Phyllanthaceae,Breynia,SPECIES,HUMAN_OBSERVATION,2019-12-26T15:56,2019,-70.516628,19.7598,20,50c9509d-22c7-4a22-a47d-8c48425ef4a7,iNaturalist,Observations,18,07,SOSÚA,011807,874cf2402ffffff
https://www.inaturalist.org/observations/36987747,2859903365,Terminalia buceras,Terminalia buceras (L.) C.Wright,Combretaceae,Terminalia,SPECIES,HUMAN_OBSERVATION,2019-12-26T15:58,2019,-70.516628,19.7598,20,50c9509d-22c7-4a22-a47d-8c48425ef4a7,iNaturalist,Observations,18,07,SOSÚA,011807,874cf2402ffffff
https://www.inaturalist.org/observations/36987748,2603463086,Calophyllum antillanum,Calophyllum brasiliense var. antillanum (Britton) Standl.,Calophyllaceae,Calophyllum,VARIETY,HUMAN_OBSERVATION,2019-12-26T15:57,2019,-70.516628,19.7598,20,50c9509d-22c7-4a22-a47d-8c48425ef4a7,iNaturalist,Observations,18,07,SOSÚA,011807,874cf2402ffffff
https://www.inaturalist.org/observations/36987749,3039177452,Ficus maclellandii,Ficus maclellandii King,Moraceae,Ficus,SPECIES,HUMAN_OBSERVATION,2019-12-26T16:00,2019,-70.516743,19.760242,20,50c9509d-22c7-4a22-a47d-8c48425ef4a7,iNaturalist,Observations,18,07,SOSÚA,011807,874cf2402ffffff
https://www.inaturalist.org/observations/36987752,2543022124,Cocos nucifera,Cocos nucifera L.,Arecaceae,Cocos,SPECIES,HUMAN_OBSERVATION,2019-12-26T16:03,2019,-70.516759,19.760858,20,50c9509d-22c7-4a22-a47d-8c48425ef4a7,iNaturalist,Observations,18,07,SOSÚA,011807,874cf2402ffffff
https://www.inaturalist.org/observations/36987753,3039259478,Azadirachta indica,Azadirachta indica A.Juss.,Meliaceae,Azadirachta,SPECIES,HUMAN_OBSERVATION,2019-12-26T16:04,2019,-70.516708,19.761302,20,50c9509d-22c7-4a22-a47d-8c48425ef4a7,iNaturalist,Observations,18,07,SOSÚA,011807,874cf2402ffffff
https://www.inaturalist.org/observations/36987755,2543021058,Dracaena fragrans,Dracaena fragrans (L.) Ker Gawl.,Asparagaceae,Dracaena,SPECIES,HUMAN_OBSERVATION,2019-12-26T16:05,2019,-70.516708,19.761302,20,50c9509d-22c7-4a22-a47d-8c48425ef4a7,iNaturalist,Observations,18,07,SOSÚA,011807,874cf2402ffffff
https://www.inaturalist.org/observations/36987756,2603280786,Calophyllum antillanum,Calophyllum brasiliense var. antillanum (Britton) Standl.,Calophyllaceae,Calophyllum,VARIETY,HUMAN_OBSERVATION,2019-12-26T16:07,2019,-70.516708,19.761302,20,50c9509d-22c7-4a22-a47d-8c48425ef4a7,iNaturalist,Observations,18,07,SOSÚA,011807,874cf2402ffffff
https://www.inaturalist.org/observations/37421535,4519088407,Callisia repens,Callisia repens (Jacq.) L.,Commelinaceae,Callisia,SPECIES,HUMAN_OBSERVATION,2019-12-29T02:50,2019,-70.525071,19.752401,20,50c9509d-22c7-4a22-a47d-8c48425ef4a7,iNaturalist,Observations,18,07,SOSÚA,011807,874cf2402ffffff
https://www.inaturalist.org/observations/37421536,4430898388,Goniopteris reptans,Goniopteris reptans (J.F.Gmel.) C.Presl,Thelypteridaceae,Goniopteris,SPECIES,HUMAN_OBSERVATION,2019-12-29T02:50,2019,-70.525071,19.752401,20,50c9509d-22c7-4a22-a47d-8c48425ef4a7,iNaturalist,Observations,18,07,SOSÚA,011807,874cf2402ffffff
https://www.inaturalist.org/observations/37421537,6178953478,Pithecellobium unguis-cati,Pithecellobium unguis-cati (L.) Benth.,Fabaceae,Pithecellobium,SPECIES,HUMAN_OBSERVATION,2019-12-29T02:50,2019,-70.525071,19.752401,20,50c9509d-22c7-4a22-a47d-8c48425ef4a7,iNaturalist,Observations,18,07,SOSÚA,011807,874cf2402ffffff
https://www.inaturalist.org/observations/37421538,4596754409,Adiantum tenerum,Adiantum tenerum Sw.,Pteridaceae,Adiantum,SPECIES,HUMAN_OBSERVATION,2019-12-29T02:50,2019,-70.525071,19.752401,20,50c9509d-22c7-4a22-a47d-8c48425ef4a7,iNaturalist,Observations,18,07,SOSÚA,011807,874cf2402ffffff
https://www.inaturalist.org/observations/37421539,3039404460,Laportea aestuans,Laportea aestuans (L.) Chew,Urticaceae,Laportea,SPECIES,HUMAN_OBSERVATION,2019-12-29T02:50,2019,-70.525071,19.752401,20,50c9509d-22c7-4a22-a47d-8c48425ef4a7,iNaturalist,Observations,18,07,SOSÚA,011807,874cf2402ffffff
https://www.inaturalist.org/observations/37421540,2573816423,Petiveria alliacea,Petiveria alliacea L.,Petiveriaceae,Petiveria,SPECIES,HUMAN_OBSERVATION,2019-12-29T02:50,2019,-70.525071,19.752401,20,50c9509d-22c7-4a22-a47d-8c48425ef4a7,iNaturalist,Observations,18,07,SOSÚA,011807,874cf2402ffffff
https://www.inaturalist.org/observations/37421625,3039260463,Jatropha gossypiifolia,Jatropha gossypiifolia L.,Euphorbiaceae,Jatropha,SPECIES,HUMAN_OBSERVATION,2019-12-31T15:19,2019,-70.529963,19.74712,30,50c9509d-22c7-4a22-a47d-8c48425ef4a7,iNaturalist,Observations,18,07,SOSÚA,011807,874cf241cffffff
https://www.inaturalist.org/observations/37421626,2860090350,Inga vera,Inga vera Willd.,Fabaceae,Inga,SPECIES,HUMAN_OBSERVATION,2019-12-31T15:20,2019,-70.529963,19.74712,30,50c9509d-22c7-4a22-a47d-8c48425ef4a7,iNaturalist,Observations,18,07,SOSÚA,011807,874cf241cffffff
https://www.inaturalist.org/observations/37421629,3039258464,Chromolaena odorata,Chromolaena odorata (L.) R.M.King & H.Rob.,Asteraceae,Chromolaena,SPECIES,HUMAN_OBSERVATION,2019-12-31T15:23,2019,-70.529963,19.74712,30,50c9509d-22c7-4a22-a47d-8c48425ef4a7,iNaturalist,Observations,18,07,SOSÚA,011807,874cf241cffffff
https://www.inaturalist.org/observations/37421633,3039304444,Rivina humilis,Rivina humilis L.,Petiveriaceae,Rivina,SPECIES,HUMAN_OBSERVATION,2019-12-31T15:26,2019,-70.529963,19.74712,30,50c9509d-22c7-4a22-a47d-8c48425ef4a7,iNaturalist,Observations,18,07,SOSÚA,011807,874cf241cffffff
https://www.inaturalist.org/observations/37421636,4413439341,Heliotropium verdcourtii,Heliotropium verdcourtii Craven,Heliotropiaceae,Heliotropium,SPECIES,HUMAN_OBSERVATION,2019-12-31T15:24,2019,-70.529963,19.74712,30,50c9509d-22c7-4a22-a47d-8c48425ef4a7,iNaturalist,Observations,18,07,SOSÚA,011807,874cf241cffffff
https://www.inaturalist.org/observations/37421810,3039384496,Hamelia patens,Hamelia patens Jacq.,Rubiaceae,Hamelia,SPECIES,HUMAN_OBSERVATION,2019-12-31T15:29,2019,-70.530467,19.747261,30,50c9509d-22c7-4a22-a47d-8c48425ef4a7,iNaturalist,Observations,18,07,SOSÚA,011807,874cf241cffffff
https://www.inaturalist.org/observations/37421811,3039395455,Melochia nodiflora,Melochia nodiflora Sw.,Malvaceae,Melochia,SPECIES,HUMAN_OBSERVATION,2019-12-31T15:30,2019,-70.530467,19.747261,30,50c9509d-22c7-4a22-a47d-8c48425ef4a7,iNaturalist,Observations,18,07,SOSÚA,011807,874cf241cffffff
https://www.inaturalist.org/observations/37421812,4950151996,Palicourea pubescens,Palicourea pubescens (Sw.) Borhidi,Rubiaceae,Palicourea,SPECIES,HUMAN_OBSERVATION,2019-12-31T15:31,2019,-70.530467,19.747261,30,50c9509d-22c7-4a22-a47d-8c48425ef4a7,iNaturalist,Observations,18,07,SOSÚA,011807,874cf241cffffff
https://www.inaturalist.org/observations/37421815,2563482889,Chiococca alba,Chiococca alba (L.) Hitchc.,Rubiaceae,Chiococca,SPECIES,HUMAN_OBSERVATION,2019-12-31T15:31,2019,-70.530467,19.747261,30,50c9509d-22c7-4a22-a47d-8c48425ef4a7,iNaturalist,Observations,18,07,SOSÚA,011807,874cf241cffffff
https://www.inaturalist.org/observations/37421816,3039408453,Guazuma ulmifolia,Guazuma ulmifolia Lam.,Malvaceae,Guazuma,SPECIES,HUMAN_OBSERVATION,2019-12-31T15:32,2019,-70.530467,19.747261,30,50c9509d-22c7-4a22-a47d-8c48425ef4a7,iNaturalist,Observations,18,07,SOSÚA,011807,874cf241cffffff
https://www.inaturalist.org/observations/37421818,3039406459,Chiococca alba,Chiococca alba (L.) Hitchc.,Rubiaceae,Chiococca,SPECIES,HUMAN_OBSERVATION,2019-12-31T15:35,2019,-70.530467,19.747261,30,50c9509d-22c7-4a22-a47d-8c48425ef4a7,iNaturalist,Observations,18,07,SOSÚA,011807,874cf241cffffff
https://www.inaturalist.org/observations/37421820,3039147456,Borreria verticillata,Spermacoce verticillata L.,Rubiaceae,Borreria,SPECIES,HUMAN_OBSERVATION,2019-12-31T15:40,2019,-70.531057,19.747009,30,50c9509d-22c7-4a22-a47d-8c48425ef4a7,iNaturalist,Observations,18,07,SOSÚA,011807,874cf241cffffff
https://www.inaturalist.org/observations/37421822,3039202479,Capraria biflora,Capraria biflora L.,Scrophulariaceae,Capraria,SPECIES,HUMAN_OBSERVATION,2019-12-31T15:41,2019,-70.531057,19.747009,30,50c9509d-22c7-4a22-a47d-8c48425ef4a7,iNaturalist,Observations,18,07,SOSÚA,011807,874cf241cffffff
https://www.inaturalist.org/observations/37422279,2859955354,Psidium guajava,Psidium guajava L.,Myrtaceae,Psidium,SPECIES,HUMAN_OBSERVATION,2019-12-31T15:48,2019,-70.531304,19.747185,30,50c9509d-22c7-4a22-a47d-8c48425ef4a7,iNaturalist,Observations,18,07,SOSÚA,011807,874cf241cffffff
https://www.inaturalist.org/observations/37422281,3039157473,Chromolaena odorata,Chromolaena odorata (L.) R.M.King & H.Rob.,Asteraceae,Chromolaena,SPECIES,HUMAN_OBSERVATION,2019-12-31T15:50,2019,-70.531304,19.747185,30,50c9509d-22c7-4a22-a47d-8c48425ef4a7,iNaturalist,Observations,18,07,SOSÚA,011807,874cf241cffffff
https://www.inaturalist.org/observations/37422285,2550021070,Gouania polygama,Gouania polygama (Jacq.) Urb.,Rhamnaceae,Gouania,SPECIES,HUMAN_OBSERVATION,2019-12-31T15:54,2019,-70.531159,19.74762,30,50c9509d-22c7-4a22-a47d-8c48425ef4a7,iNaturalist,Observations,18,07,SOSÚA,011807,874cf241cffffff
https://www.inaturalist.org/observations/37422290,3039196471,Cissampelos pareira,Cissampelos pareira L.,Menispermaceae,Cissampelos,SPECIES,HUMAN_OBSERVATION,2019-12-31T15:59,2019,-70.531159,19.74762,30,50c9509d-22c7-4a22-a47d-8c48425ef4a7,iNaturalist,Observations,18,07,SOSÚA,011807,874cf241cffffff
https://www.inaturalist.org/observations/37422737,2549997958,Caladium bicolor,Caladium bicolor (Aiton) Vent.,Araceae,Caladium,SPECIES,HUMAN_OBSERVATION,2019-12-31T16:02,2019,-70.530934,19.74765,30,50c9509d-22c7-4a22-a47d-8c48425ef4a7,iNaturalist,Observations,18,07,SOSÚA,011807,874cf241cffffff
https://www.inaturalist.org/observations/37422738,3039122457,Guazuma ulmifolia,Guazuma ulmifolia Lam.,Malvaceae,Guazuma,SPECIES,HUMAN_OBSERVATION,2019-12-31T16:03,2019,-70.530934,19.74765,30,50c9509d-22c7-4a22-a47d-8c48425ef4a7,iNaturalist,Observations,18,07,SOSÚA,011807,874cf241cffffff
https://www.inaturalist.org/observations/37422743,2860115358,Cupania americana,Cupania americana L.,Sapindaceae,Cupania,SPECIES,HUMAN_OBSERVATION,2019-12-31T16:05,2019,-70.530934,19.74765,30,50c9509d-22c7-4a22-a47d-8c48425ef4a7,iNaturalist,Observations,18,07,SOSÚA,011807,874cf241cffffff
https://www.inaturalist.org/observations/37422745,3039247461,Jasminum fluminense,Jasminum fluminense Vell.,Oleaceae,Jasminum,SPECIES,HUMAN_OBSERVATION,2019-12-31T16:09,2019,-70.530934,19.74765,30,50c9509d-22c7-4a22-a47d-8c48425ef4a7,iNaturalist,Observations,18,07,SOSÚA,011807,874cf241cffffff
https://www.inaturalist.org/observations/37422748,3039268435,Senna obtusifolia,Senna obtusifolia (L.) H.S.Irwin & Barneby,Fabaceae,Senna,SPECIES,HUMAN_OBSERVATION,2019-12-31T16:15,2019,-70.531208,19.748266,30,50c9509d-22c7-4a22-a47d-8c48425ef4a7,iNaturalist,Observations,18,07,SOSÚA,011807,874cf241cffffff
https://www.inaturalist.org/observations/37422749,3384636417,Senna occidentalis,Senna occidentalis (L.) Link,Fabaceae,Senna,SPECIES,HUMAN_OBSERVATION,2019-12-31T04:49,2019,-70.531208,19.748266,30,50c9509d-22c7-4a22-a47d-8c48425ef4a7,iNaturalist,Observations,18,07,SOSÚA,011807,874cf241cffffff
https://www.inaturalist.org/observations/37422752,4525043470,Varronia haitiensis,Varronia haitiensis (Urb.) Borhidi,Cordiaceae,Varronia,SPECIES,HUMAN_OBSERVATION,2019-12-31T04:49,2019,-70.531635,19.74825,30,50c9509d-22c7-4a22-a47d-8c48425ef4a7,iNaturalist,Observations,18,07,SOSÚA,011807,874cf241cffffff
https://www.inaturalist.org/observations/37422758,3039356475,Pavonia spinifex,Pavonia spinifex (L.) Cav.,Malvaceae,Pavonia,SPECIES,HUMAN_OBSERVATION,2019-12-31T04:49,2019,-70.531903,19.747331,30,50c9509d-22c7-4a22-a47d-8c48425ef4a7,iNaturalist,Observations,18,07,SOSÚA,011807,874cf241cffffff
https://www.inaturalist.org/observations/37422759,2573923412,Leucaena leucocephala,Leucaena leucocephala (Lam.) de Wit,Fabaceae,Leucaena,SPECIES,HUMAN_OBSERVATION,2019-12-31T04:49,2019,-70.531549,19.746377,30,50c9509d-22c7-4a22-a47d-8c48425ef4a7,iNaturalist,Observations,18,07,SOSÚA,011807,874cf241cffffff
https://www.inaturalist.org/observations/37422895,3039142440,Guazuma ulmifolia,Guazuma ulmifolia Lam.,Malvaceae,Guazuma,SPECIES,HUMAN_OBSERVATION,2019-12-31T04:49,2019,-70.531208,19.748266,30,50c9509d-22c7-4a22-a47d-8c48425ef4a7,iNaturalist,Observations,18,07,SOSÚA,011807,874cf241cffffff
https://www.inaturalist.org/observations/37422918,3039357473,Achyranthes aspera,Achyranthes aspera L.,Amaranthaceae,Achyranthes,SPECIES,HUMAN_OBSERVATION,2019-12-31T04:49,2019,-70.531635,19.74825,30,50c9509d-22c7-4a22-a47d-8c48425ef4a7,iNaturalist,Observations,18,07,SOSÚA,011807,874cf241cffffff
https://www.inaturalist.org/observations/37437855,2563483056,Gouania polygama,Gouania polygama (Jacq.) Urb.,Rhamnaceae,Gouania,SPECIES,HUMAN_OBSERVATION,2020-01-09T16:12,2020,-70.529159,19.745928,30,50c9509d-22c7-4a22-a47d-8c48425ef4a7,iNaturalist,Observations,18,07,SOSÚA,011807,874cf241cffffff
https://www.inaturalist.org/observations/37437860,2603396098,Stigmaphyllon angulosum,Stigmaphyllon angulosum (L.) A.Juss.,Malpighiaceae,Stigmaphyllon,SPECIES,HUMAN_OBSERVATION,2020-01-09T16:12,2020,-70.531262,19.748947,30,50c9509d-22c7-4a22-a47d-8c48425ef4a7,iNaturalist,Observations,18,07,SOSÚA,011807,874cf241cffffff
https://www.inaturalist.org/observations/37437865,3039171454,Jasminum fluminense,Jasminum fluminense Vell.,Oleaceae,Jasminum,SPECIES,HUMAN_OBSERVATION,2020-01-09T16:12,2020,-70.531262,19.748947,30,50c9509d-22c7-4a22-a47d-8c48425ef4a7,iNaturalist,Observations,18,07,SOSÚA,011807,874cf241cffffff
https://www.inaturalist.org/observations/37437866,3039136434,Jasminum fluminense,Jasminum fluminense Vell.,Oleaceae,Jasminum,SPECIES,HUMAN_OBSERVATION,2020-01-09T16:12,2020,-70.531026,19.74929,20,50c9509d-22c7-4a22-a47d-8c48425ef4a7,iNaturalist,Observations,18,07,SOSÚA,011807,874cf241cffffff
https://www.inaturalist.org/observations/37437873,3302243373,Rivina humilis,Rivina humilis L.,Petiveriaceae,Rivina,SPECIES,HUMAN_OBSERVATION,2020-01-09T16:12,2020,-70.528756,19.7519,20,50c9509d-22c7-4a22-a47d-8c48425ef4a7,iNaturalist,Observations,18,07,SOSÚA,011807,874cf2402ffffff
https://www.inaturalist.org/observations/37437875,2574220556,Thunbergia fragrans,Thunbergia fragrans Roxb.,Acanthaceae,Thunbergia,SPECIES,HUMAN_OBSERVATION,2020-01-09T16:12,2020,-70.528756,19.7519,20,50c9509d-22c7-4a22-a47d-8c48425ef4a7,iNaturalist,Observations,18,07,SOSÚA,011807,874cf2402ffffff
https://www.inaturalist.org/observations/37437879,2981084349,Coccoloba uvifera,Coccoloba uvifera (L.) L.,Polygonaceae,Coccoloba,SPECIES,HUMAN_OBSERVATION,2020-01-09T16:12,2020,-70.528262,19.752213,20,50c9509d-22c7-4a22-a47d-8c48425ef4a7,iNaturalist,Observations,18,07,SOSÚA,011807,874cf2402ffffff
https://www.inaturalist.org/observations/37437886,2883106357,Amphitecna latifolia,Amphitecna latifolia (Mill.) A.H.Gentry,Bignoniaceae,Amphitecna,SPECIES,HUMAN_OBSERVATION,2020-01-09T16:12,2020,-70.528397,19.752068,30,50c9509d-22c7-4a22-a47d-8c48425ef4a7,iNaturalist,Observations,18,07,SOSÚA,011807,874cf2402ffffff
https://www.inaturalist.org/observations/37437888,3039137458,Strumpfia maritima,Strumpfia maritima Jacq.,Rubiaceae,Strumpfia,SPECIES,HUMAN_OBSERVATION,2020-01-09T16:12,2020,-70.528469,19.753949,30,50c9509d-22c7-4a22-a47d-8c48425ef4a7,iNaturalist,Observations,18,07,SOSÚA,011807,874cf2402ffffff
https://www.inaturalist.org/observations/37439111,2550009706,Asplenium dentatum,Asplenium dentatum L.,Aspleniaceae,Asplenium,SPECIES,HUMAN_OBSERVATION,2020-01-09T16:51,2020,-70.528469,19.753949,30,50c9509d-22c7-4a22-a47d-8c48425ef4a7,iNaturalist,Observations,18,07,SOSÚA,011807,874cf2402ffffff
https://www.inaturalist.org/observations/37439112,2603477178,Roystonea borinquena,Roystonea borinquena O.F.Cook,Arecaceae,Roystonea,SPECIES,HUMAN_OBSERVATION,2020-01-09T16:51,2020,-70.528469,19.753949,30,50c9509d-22c7-4a22-a47d-8c48425ef4a7,iNaturalist,Observations,18,07,SOSÚA,011807,874cf2402ffffff
https://www.inaturalist.org/observations/37439115,2603481201,Roystonea borinquena,Roystonea borinquena O.F.Cook,Arecaceae,Roystonea,SPECIES,HUMAN_OBSERVATION,2020-01-09T16:51,2020,-70.528469,19.753949,30,50c9509d-22c7-4a22-a47d-8c48425ef4a7,iNaturalist,Observations,18,07,SOSÚA,011807,874cf2402ffffff
https://www.inaturalist.org/observations/37439116,5086913465,Scutellaria havanensis,Scutellaria havanensis Jacq.,Lamiaceae,Scutellaria,SPECIES,HUMAN_OBSERVATION,2020-01-09T16:51,2020,-70.528469,19.753949,30,50c9509d-22c7-4a22-a47d-8c48425ef4a7,iNaturalist,Observations,18,07,SOSÚA,011807,874cf2402ffffff
https://www.inaturalist.org/observations/37439119,3039268436,Sanchezia parvibracteata,Sanchezia parvibracteata Sprague & Hutch.,Acanthaceae,Sanchezia,SPECIES,HUMAN_OBSERVATION,2020-01-09T16:51,2020,-70.528708,19.751412,30,50c9509d-22c7-4a22-a47d-8c48425ef4a7,iNaturalist,Observations,18,07,SOSÚA,011807,874cf2402ffffff
https://www.inaturalist.org/observations/37439130,3039399455,Terminalia catappa,Terminalia catappa L.,Combretaceae,Terminalia,SPECIES,HUMAN_OBSERVATION,2020-01-09T16:51,2020,-70.528912,19.751089,30,50c9509d-22c7-4a22-a47d-8c48425ef4a7,iNaturalist,Observations,18,07,SOSÚA,011807,874cf2402ffffff
https://www.inaturalist.org/observations/37439141,2574127514,Triumfetta semitriloba,Triumfetta semitriloba Jacq.,Malvaceae,Triumfetta,SPECIES,HUMAN_OBSERVATION,2020-01-09T16:51,2020,-70.529416,19.750524,30,50c9509d-22c7-4a22-a47d-8c48425ef4a7,iNaturalist,Observations,18,07,SOSÚA,011807,874cf2402ffffff
https://www.inaturalist.org/observations/37439142,2550114833,Oplismenus hirtellus,Oplismenus hirtellus (L.) P.Beauv.,Poaceae,Oplismenus,SPECIES,HUMAN_OBSERVATION,2020-01-09T16:51,2020,-70.529416,19.750524,30,50c9509d-22c7-4a22-a47d-8c48425ef4a7,iNaturalist,Observations,18,07,SOSÚA,011807,874cf2402ffffff
https://www.inaturalist.org/observations/37439149,2859983357,Chrysothemis pulchella,Chrysothemis pulchella (Donn.Sm. ex Sims) Decne.,Gesneriaceae,Chrysothemis,SPECIES,HUMAN_OBSERVATION,2020-01-09T12:48,2020,-70.528526,19.749807,30,50c9509d-22c7-4a22-a47d-8c48425ef4a7,iNaturalist,Observations,18,07,SOSÚA,011807,874cf2402ffffff
https://www.inaturalist.org/observations/37439155,2550010704,Muntingia calabura,Muntingia calabura L.,Muntingiaceae,Muntingia,SPECIES,HUMAN_OBSERVATION,2020-01-09T13:04,2020,-70.527142,19.74932,30,50c9509d-22c7-4a22-a47d-8c48425ef4a7,iNaturalist,Observations,18,07,SOSÚA,011807,874cf241cffffff
https://www.inaturalist.org/observations/37439157,2603468082,Stigmaphyllon angulosum,Stigmaphyllon angulosum (L.) A.Juss.,Malpighiaceae,Stigmaphyllon,SPECIES,HUMAN_OBSERVATION,2020-01-09T13:05,2020,-70.527142,19.74932,30,50c9509d-22c7-4a22-a47d-8c48425ef4a7,iNaturalist,Observations,18,07,SOSÚA,011807,874cf241cffffff
https://www.inaturalist.org/observations/37441260,2550089814,Petiveria alliacea,Petiveria alliacea L.,Petiveriaceae,Petiveria,SPECIES,HUMAN_OBSERVATION,2020-01-09T13:35,2020,-70.526778,19.746558,30,50c9509d-22c7-4a22-a47d-8c48425ef4a7,iNaturalist,Observations,18,07,SOSÚA,011807,874cf241cffffff
https://www.inaturalist.org/observations/37441261,3499404353,Mangifera indica,Mangifera indica L.,Anacardiaceae,Mangifera,SPECIES,HUMAN_OBSERVATION,2020-01-09T13:38,2020,-70.52828,19.746144,30,50c9509d-22c7-4a22-a47d-8c48425ef4a7,iNaturalist,Observations,18,07,SOSÚA,011807,874cf241cffffff
https://www.inaturalist.org/observations/37441269,2550171547,Guazuma ulmifolia,Guazuma ulmifolia Lam.,Malvaceae,Guazuma,SPECIES,HUMAN_OBSERVATION,2020-01-09T13:17,2020,-70.525372,19.748785,30,50c9509d-22c7-4a22-a47d-8c48425ef4a7,iNaturalist,Observations,18,07,SOSÚA,011807,874cf241cffffff
https://www.inaturalist.org/observations/37441271,2550138633,Wallenia laurifolia,Wallenia laurifolia (Jacq.) Sw.,Primulaceae,Wallenia,SPECIES,HUMAN_OBSERVATION,2020-01-09T13:22,2020,-70.525372,19.748785,30,50c9509d-22c7-4a22-a47d-8c48425ef4a7,iNaturalist,Observations,18,07,SOSÚA,011807,874cf241cffffff
https://www.inaturalist.org/observations/37441272,2550126596,Sterculia apetala,Sterculia apetala (Jacq.) H.Karst.,Malvaceae,Sterculia,SPECIES,HUMAN_OBSERVATION,2020-01-09T13:25,2020,-70.525195,19.74829,20,50c9509d-22c7-4a22-a47d-8c48425ef4a7,iNaturalist,Observations,18,07,SOSÚA,011807,874cf241cffffff
https://www.inaturalist.org/observations/37546992,6185618214,Bidens alba,Bidens alba (L.) DC.,Asteraceae,Bidens,SPECIES,HUMAN_OBSERVATION,2020-01-11T10:24,2020,-70.52434,19.741629,20,50c9509d-22c7-4a22-a47d-8c48425ef4a7,iNaturalist,Observations,18,07,SOSÚA,011807,874cf241cffffff
https://www.inaturalist.org/observations/37546999,2634349495,Ruellia simplex,Ruellia simplex C.Wright,Acanthaceae,Ruellia,SPECIES,HUMAN_OBSERVATION,2020-01-11T10:40,2020,-70.52434,19.741629,20,50c9509d-22c7-4a22-a47d-8c48425ef4a7,iNaturalist,Observations,18,07,SOSÚA,011807,874cf241cffffff
https://www.inaturalist.org/observations/37547001,4453891348,Cnidoscolus aconitifolius,Cnidoscolus aconitifolius (Mill.) I.M.Johnst.,Euphorbiaceae,Cnidoscolus,SPECIES,HUMAN_OBSERVATION,2020-01-11T10:49,2020,-70.52434,19.741629,20,50c9509d-22c7-4a22-a47d-8c48425ef4a7,iNaturalist,Observations,18,07,SOSÚA,011807,874cf241cffffff
https://www.inaturalist.org/observations/37547004,2573908479,Roystonea borinquena,Roystonea borinquena O.F.Cook,Arecaceae,Roystonea,SPECIES,HUMAN_OBSERVATION,2020-01-11T10:50,2020,-70.52434,19.741629,20,50c9509d-22c7-4a22-a47d-8c48425ef4a7,iNaturalist,Observations,18,07,SOSÚA,011807,874cf241cffffff
https://www.inaturalist.org/observations/37547007,3031652603,Euphorbia heterophylla,Euphorbia heterophylla L.,Euphorbiaceae,Euphorbia,SPECIES,HUMAN_OBSERVATION,2020-01-11T10:17,2020,-70.52434,19.741629,20,50c9509d-22c7-4a22-a47d-8c48425ef4a7,iNaturalist,Observations,18,07,SOSÚA,011807,874cf241cffffff
https://www.inaturalist.org/observations/37547008,3384639435,Hamelia patens,Hamelia patens Jacq.,Rubiaceae,Hamelia,SPECIES,HUMAN_OBSERVATION,2020-01-11T10:17,2020,-70.52434,19.741629,20,50c9509d-22c7-4a22-a47d-8c48425ef4a7,iNaturalist,Observations,18,07,SOSÚA,011807,874cf241cffffff
https://www.inaturalist.org/observations/37547052,2574041504,Roystonea borinquena,Roystonea borinquena O.F.Cook,Arecaceae,Roystonea,SPECIES,HUMAN_OBSERVATION,2020-01-11T10:50,2020,-70.52434,19.741629,20,50c9509d-22c7-4a22-a47d-8c48425ef4a7,iNaturalist,Observations,18,07,SOSÚA,011807,874cf241cffffff
https://www.inaturalist.org/observations/37547073,2573816441,Roystonea borinquena,Roystonea borinquena O.F.Cook,Arecaceae,Roystonea,SPECIES,HUMAN_OBSERVATION,2020-01-11T10:50,2020,-70.52434,19.741629,20,50c9509d-22c7-4a22-a47d-8c48425ef4a7,iNaturalist,Observations,18,07,SOSÚA,011807,874cf241cffffff
https://www.inaturalist.org/observations/37547084,2573902450,Roystonea borinquena,Roystonea borinquena O.F.Cook,Arecaceae,Roystonea,SPECIES,HUMAN_OBSERVATION,2020-01-11T10:50,2020,-70.52434,19.741629,20,50c9509d-22c7-4a22-a47d-8c48425ef4a7,iNaturalist,Observations,18,07,SOSÚA,011807,874cf241cffffff
https://www.inaturalist.org/observations/37547105,2574127526,Roystonea borinquena,Roystonea borinquena O.F.Cook,Arecaceae,Roystonea,SPECIES,HUMAN_OBSERVATION,2020-01-11T10:50,2020,-70.52434,19.741629,20,50c9509d-22c7-4a22-a47d-8c48425ef4a7,iNaturalist,Observations,18,07,SOSÚA,011807,874cf241cffffff
https://www.inaturalist.org/observations/37547230,3383936429,Hamelia patens,Hamelia patens Jacq.,Rubiaceae,Hamelia,SPECIES,HUMAN_OBSERVATION,2020-01-11T10:18,2020,-70.52434,19.741629,20,50c9509d-22c7-4a22-a47d-8c48425ef4a7,iNaturalist,Observations,18,07,SOSÚA,011807,874cf241cffffff
https://www.inaturalist.org/observations/37547606,2574131549,Roystonea borinquena,Roystonea borinquena O.F.Cook,Arecaceae,Roystonea,SPECIES,HUMAN_OBSERVATION,2020-01-11T10:50,2020,-70.52434,19.741629,20,50c9509d-22c7-4a22-a47d-8c48425ef4a7,iNaturalist,Observations,18,07,SOSÚA,011807,874cf241cffffff
https://www.inaturalist.org/observations/37548541,2557781712,Syngonium auritum,Syngonium auritum (L.) Schott,Araceae,Syngonium,SPECIES,HUMAN_OBSERVATION,2020-01-11T11:22,2020,-70.521172000000007,19.740394,30,50c9509d-22c7-4a22-a47d-8c48425ef4a7,iNaturalist,Observations,18,07,SOSÚA,011807,874cf241cffffff
https://www.inaturalist.org/observations/37548542,3017987366,Hura crepitans,Hura crepitans L.,Euphorbiaceae,Hura,SPECIES,HUMAN_OBSERVATION,2020-01-11T11:24,2020,-70.521172000000007,19.740394,30,50c9509d-22c7-4a22-a47d-8c48425ef4a7,iNaturalist,Observations,18,07,SOSÚA,011807,874cf241cffffff
https://www.inaturalist.org/observations/37548543,3337676369,Ceiba pentandra,Ceiba pentandra (L.) Gaertn.,Malvaceae,Ceiba,SPECIES,HUMAN_OBSERVATION,2020-01-11T11:25,2020,-70.521172000000007,19.740394,30,50c9509d-22c7-4a22-a47d-8c48425ef4a7,iNaturalist,Observations,18,07,SOSÚA,011807,874cf241cffffff
https://www.inaturalist.org/observations/37548545,2573974459,Hura crepitans,Hura crepitans L.,Euphorbiaceae,Hura,SPECIES,HUMAN_OBSERVATION,2020-01-11T11:26,2020,-70.521172000000007,19.740394,30,50c9509d-22c7-4a22-a47d-8c48425ef4a7,iNaturalist,Observations,18,07,SOSÚA,011807,874cf241cffffff
https://www.inaturalist.org/observations/37548546,2860096360,Dianthera pectoralis,Justicia pectoralis Jacq.,Acanthaceae,Dianthera,SPECIES,HUMAN_OBSERVATION,2020-01-11T12:41,2020,-70.520251,19.749201,20,50c9509d-22c7-4a22-a47d-8c48425ef4a7,iNaturalist,Observations,18,07,SOSÚA,011807,874cf2402ffffff
https://www.inaturalist.org/observations/38135198,2573824525,Gliricidia sepium,Gliricidia sepium (Jacq.) Kunth,Fabaceae,Gliricidia,SPECIES,HUMAN_OBSERVATION,2020-01-27,2020,-70.520234,19.748768,10,50c9509d-22c7-4a22-a47d-8c48425ef4a7,iNaturalist,Observations,18,07,SOSÚA,011807,874cf2402ffffff
https://www.inaturalist.org/observations/38135199,2563657413,Syngonium podophyllum,Syngonium podophyllum Schott,Araceae,Syngonium,SPECIES,HUMAN_OBSERVATION,2020-01-27,2020,-70.520234,19.748768,10,50c9509d-22c7-4a22-a47d-8c48425ef4a7,iNaturalist,Observations,18,07,SOSÚA,011807,874cf2402ffffff
https://www.inaturalist.org/observations/38135647,3355109360,Euphorbia umbellata,Euphorbia umbellata (Pax) Bruyns,Euphorbiaceae,Euphorbia,SPECIES,HUMAN_OBSERVATION,2020-01-27,2020,-70.520858,19.745085,10,50c9509d-22c7-4a22-a47d-8c48425ef4a7,iNaturalist,Observations,18,07,SOSÚA,011807,874cf241cffffff
https://www.inaturalist.org/observations/38135648,2574135596,Spathodea campanulata,Spathodea campanulata Beauverd,Bignoniaceae,Spathodea,SPECIES,HUMAN_OBSERVATION,2020-01-27,2020,-70.52019,19.747854,40,50c9509d-22c7-4a22-a47d-8c48425ef4a7,iNaturalist,Observations,18,07,SOSÚA,011807,874cf241cffffff
https://www.inaturalist.org/observations/38135652,2999152380,Parmentiera aculeata,Parmentiera aculeata (Kunth) L.O.Williams,Bignoniaceae,Parmentiera,SPECIES,HUMAN_OBSERVATION,2020-01-27,2020,-70.520858,19.745085,10,50c9509d-22c7-4a22-a47d-8c48425ef4a7,iNaturalist,Observations,18,07,SOSÚA,011807,874cf241cffffff
https://www.inaturalist.org/observations/38136232,4924033424,Coccoloba diversifolia,Coccoloba diversifolia Jacq.,Polygonaceae,Coccoloba,SPECIES,HUMAN_OBSERVATION,2020-01-28,2020,-70.508578,19.77887,5,50c9509d-22c7-4a22-a47d-8c48425ef4a7,iNaturalist,Observations,18,07,SOSÚA,011807,874cf2404ffffff
https://www.inaturalist.org/observations/38136233,3355217348,Astraea lobatum,Astraea lobatum (L.) Klotzsch,Euphorbiaceae,Astraea,SPECIES,HUMAN_OBSERVATION,2020-01-28,2020,-70.508615,19.779229,10,50c9509d-22c7-4a22-a47d-8c48425ef4a7,iNaturalist,Observations,18,07,SOSÚA,011807,874cf2404ffffff
https://www.inaturalist.org/observations/38136234,2573804573,Parthenium hysterophorus,Parthenium hysterophorus L.,Asteraceae,Parthenium,SPECIES,HUMAN_OBSERVATION,2020-01-28,2020,-70.508615,19.779229,10,50c9509d-22c7-4a22-a47d-8c48425ef4a7,iNaturalist,Observations,18,07,SOSÚA,011807,874cf2404ffffff
https://www.inaturalist.org/observations/38136236,2573805600,Bidens alba,Bidens alba (L.) DC.,Asteraceae,Bidens,SPECIES,HUMAN_OBSERVATION,2020-01-28,2020,-70.508615,19.779229,10,50c9509d-22c7-4a22-a47d-8c48425ef4a7,iNaturalist,Observations,18,07,SOSÚA,011807,874cf2404ffffff
https://www.inaturalist.org/observations/38136238,4453723340,Macroptilium atropurpureum,Macroptilium atropurpureum (DC.) Urb.,Fabaceae,Macroptilium,SPECIES,HUMAN_OBSERVATION,2020-01-28,2020,-70.508819,19.778981,10,50c9509d-22c7-4a22-a47d-8c48425ef4a7,iNaturalist,Observations,18,07,SOSÚA,011807,874cf2404ffffff
https://www.inaturalist.org/observations/38136240,2573920549,Euphorbia hyssopifolia,Euphorbia hyssopifolia L.,Euphorbiaceae,Euphorbia,SPECIES,HUMAN_OBSERVATION,2020-01-28,2020,-70.508744,19.778981,10,50c9509d-22c7-4a22-a47d-8c48425ef4a7,iNaturalist,Observations,18,07,SOSÚA,011807,874cf2404ffffff
https://www.inaturalist.org/observations/38136242,3947101339,Emilia fosbergii,Emilia fosbergii Nicolson,Asteraceae,Emilia,SPECIES,HUMAN_OBSERVATION,2020-01-28,2020,-70.508744,19.778981,10,50c9509d-22c7-4a22-a47d-8c48425ef4a7,iNaturalist,Observations,18,07,SOSÚA,011807,874cf2404ffffff
https://www.inaturalist.org/observations/38136244,2573904533,Euphorbia heterophylla,Euphorbia heterophylla L.,Euphorbiaceae,Euphorbia,SPECIES,HUMAN_OBSERVATION,2020-01-28,2020,-70.508744,19.778981,10,50c9509d-22c7-4a22-a47d-8c48425ef4a7,iNaturalist,Observations,18,07,SOSÚA,011807,874cf2404ffffff
https://www.inaturalist.org/observations/38136250,3337440357,Emilia fosbergii,Emilia fosbergii Nicolson,Asteraceae,Emilia,SPECIES,HUMAN_OBSERVATION,2020-01-28,2020,-70.508819,19.778981,10,50c9509d-22c7-4a22-a47d-8c48425ef4a7,iNaturalist,Observations,18,07,SOSÚA,011807,874cf2404ffffff
https://www.inaturalist.org/observations/38170574,2574017611,Oldenlandiopsis callitrichoides,Oldenlandiopsis callitrichoides (Griseb.) Terrell & W.H.Lewis,Rubiaceae,Oldenlandiopsis,SPECIES,HUMAN_OBSERVATION,2020-01-30T11:34,2020,-70.506682,19.77315,40,50c9509d-22c7-4a22-a47d-8c48425ef4a7,iNaturalist,Observations,18,07,SOSÚA,011807,874cf2404ffffff
https://www.inaturalist.org/observations/38170584,2574144752,Coccoloba uvifera,Coccoloba uvifera (L.) L.,Polygonaceae,Coccoloba,SPECIES,HUMAN_OBSERVATION,2020-01-30T15:58,2020,-70.508852,19.779882,20,50c9509d-22c7-4a22-a47d-8c48425ef4a7,iNaturalist,Observations,18,07,SOSÚA,011807,874cf2404ffffff
https://www.inaturalist.org/observations/38170585,2826365422,Conocarpus erectus,Conocarpus erectus L.,Combretaceae,Conocarpus,SPECIES,HUMAN_OBSERVATION,2020-01-30T15:58,2020,-70.508852,19.779882,20,50c9509d-22c7-4a22-a47d-8c48425ef4a7,iNaturalist,Observations,18,07,SOSÚA,011807,874cf2404ffffff
https://www.inaturalist.org/observations/38170590,3337861358,Calophyllum antillanum,Calophyllum brasiliense var. antillanum (Britton) Standl.,Calophyllaceae,Calophyllum,VARIETY,HUMAN_OBSERVATION,2020-01-30T16:04,2020,-70.508433,19.779746,20,50c9509d-22c7-4a22-a47d-8c48425ef4a7,iNaturalist,Observations,18,07,SOSÚA,011807,874cf2404ffffff
https://www.inaturalist.org/observations/38170591,3947426350,Calophyllum antillanum,Calophyllum brasiliense var. antillanum (Britton) Standl.,Calophyllaceae,Calophyllum,VARIETY,HUMAN_OBSERVATION,2020-01-30T16:05,2020,-70.508433,19.779746,20,50c9509d-22c7-4a22-a47d-8c48425ef4a7,iNaturalist,Observations,18,07,SOSÚA,011807,874cf2404ffffff
https://www.inaturalist.org/observations/38170594,2574244712,Stigmaphyllon angulosum,Stigmaphyllon angulosum (L.) A.Juss.,Malpighiaceae,Stigmaphyllon,SPECIES,HUMAN_OBSERVATION,2020-01-30T16:23,2020,-70.50743,19.773517,40,50c9509d-22c7-4a22-a47d-8c48425ef4a7,iNaturalist,Observations,18,07,SOSÚA,011807,874cf2404ffffff
https://www.inaturalist.org/observations/38170598,2596269068,Delonix regia,Delonix regia (Bojer ex Hook.) Raf.,Fabaceae,Delonix,SPECIES,HUMAN_OBSERVATION,2020-01-30T16:29,2020,-70.506668,19.773143,60,50c9509d-22c7-4a22-a47d-8c48425ef4a7,iNaturalist,Observations,18,07,SOSÚA,011807,874cf2404ffffff
https://www.inaturalist.org/observations/38170600,2596081965,Delonix regia,Delonix regia (Bojer ex Hook.) Raf.,Fabaceae,Delonix,SPECIES,HUMAN_OBSERVATION,2020-01-30T16:36,2020,-70.509672,19.768701,10,50c9509d-22c7-4a22-a47d-8c48425ef4a7,iNaturalist,Observations,18,07,SOSÚA,011807,874cf2400ffffff
https://www.inaturalist.org/observations/38170902,3337374354,Callisia fragrans,Callisia fragrans (Lindl.) Woodson,Commelinaceae,Callisia,SPECIES,HUMAN_OBSERVATION,2020-01-30T11:24,2020,-70.504469,19.769148,20,50c9509d-22c7-4a22-a47d-8c48425ef4a7,iNaturalist,Observations,18,07,SOSÚA,011807,874cf2400ffffff
https://www.inaturalist.org/observations/38171672,2574282764,Piper peltatum,Piper peltatum L.,Piperaceae,Piper,SPECIES,HUMAN_OBSERVATION,2020-01-28,2020,-70.528813,19.749438,20,50c9509d-22c7-4a22-a47d-8c48425ef4a7,iNaturalist,Observations,18,07,SOSÚA,011807,874cf241cffffff
https://www.inaturalist.org/observations/38171676,2574279715,Thunbergia alata,Thunbergia alata Bojer ex Sims,Acanthaceae,Thunbergia,SPECIES,HUMAN_OBSERVATION,2020-01-28,2020,-70.529929,19.746701,20,50c9509d-22c7-4a22-a47d-8c48425ef4a7,iNaturalist,Observations,18,07,SOSÚA,011807,874cf241cffffff
https://www.inaturalist.org/observations/38171677,2574292762,Sterculia apetala,Sterculia apetala (Jacq.) H.Karst.,Malvaceae,Sterculia,SPECIES,HUMAN_OBSERVATION,2020-01-28,2020,-70.529511,19.745934,20,50c9509d-22c7-4a22-a47d-8c48425ef4a7,iNaturalist,Observations,18,07,SOSÚA,011807,874cf241cffffff
https://www.inaturalist.org/observations/38173480,2574149761,Thunbergia fragrans,Thunbergia fragrans Roxb.,Acanthaceae,Thunbergia,SPECIES,HUMAN_OBSERVATION,2020-01-28,2020,-70.511755,19.774814,40,50c9509d-22c7-4a22-a47d-8c48425ef4a7,iNaturalist,Observations,18,07,SOSÚA,011807,874cf2404ffffff
https://www.inaturalist.org/observations/38173482,2574162767,Rivina humilis,Rivina humilis L.,Petiveriaceae,Rivina,SPECIES,HUMAN_OBSERVATION,2020-01-28,2020,-70.511755,19.774814,40,50c9509d-22c7-4a22-a47d-8c48425ef4a7,iNaturalist,Observations,18,07,SOSÚA,011807,874cf2404ffffff
https://www.inaturalist.org/observations/38173483,2574154741,Thunbergia fragrans,Thunbergia fragrans Roxb.,Acanthaceae,Thunbergia,SPECIES,HUMAN_OBSERVATION,2020-01-28,2020,-70.507807,19.773476,40,50c9509d-22c7-4a22-a47d-8c48425ef4a7,iNaturalist,Observations,18,07,SOSÚA,011807,874cf2404ffffff
https://www.inaturalist.org/observations/38173484,4453715343,Terminalia buceras,Terminalia buceras (L.) C.Wright,Combretaceae,Terminalia,SPECIES,HUMAN_OBSERVATION,2020-01-28,2020,-70.510483,19.778191,20,50c9509d-22c7-4a22-a47d-8c48425ef4a7,iNaturalist,Observations,18,07,SOSÚA,011807,874cf2404ffffff
https://www.inaturalist.org/observations/38173486,2574165763,Guazuma ulmifolia,Guazuma ulmifolia Lam.,Malvaceae,Guazuma,SPECIES,HUMAN_OBSERVATION,2020-01-28,2020,-70.511933,19.777789,20,50c9509d-22c7-4a22-a47d-8c48425ef4a7,iNaturalist,Observations,18,07,SOSÚA,011807,874cf2404ffffff
https://www.inaturalist.org/observations/38173495,2574292771,Terminalia catappa,Terminalia catappa L.,Combretaceae,Terminalia,SPECIES,HUMAN_OBSERVATION,2020-01-28,2020,-70.512542,19.778312,20,50c9509d-22c7-4a22-a47d-8c48425ef4a7,iNaturalist,Observations,18,07,SOSÚA,011807,874cf2404ffffff
https://www.inaturalist.org/observations/38173496,2574291744,Coccoloba uvifera,Coccoloba uvifera (L.) L.,Polygonaceae,Coccoloba,SPECIES,HUMAN_OBSERVATION,2020-01-28,2020,-70.512542,19.778312,20,50c9509d-22c7-4a22-a47d-8c48425ef4a7,iNaturalist,Observations,18,07,SOSÚA,011807,874cf2404ffffff
https://www.inaturalist.org/observations/38173498,2826137407,Conocarpus erectus,Conocarpus erectus L.,Combretaceae,Conocarpus,SPECIES,HUMAN_OBSERVATION,2020-01-28,2020,-70.512542,19.778312,20,50c9509d-22c7-4a22-a47d-8c48425ef4a7,iNaturalist,Observations,18,07,SOSÚA,011807,874cf2404ffffff
https://www.inaturalist.org/observations/38173504,2573840635,Terminalia catappa,Terminalia catappa L.,Combretaceae,Terminalia,SPECIES,HUMAN_OBSERVATION,2020-01-28,2020,-70.512499,19.778574,20,50c9509d-22c7-4a22-a47d-8c48425ef4a7,iNaturalist,Observations,18,07,SOSÚA,011807,874cf2404ffffff
https://www.inaturalist.org/observations/38173505,2826359426,Conocarpus erectus,Conocarpus erectus L.,Combretaceae,Conocarpus,SPECIES,HUMAN_OBSERVATION,2020-01-28,2020,-70.512499,19.778574,20,50c9509d-22c7-4a22-a47d-8c48425ef4a7,iNaturalist,Observations,18,07,SOSÚA,011807,874cf2404ffffff
https://www.inaturalist.org/observations/38173508,2573924702,Ipomoea pes-caprae,Ipomoea pes-caprae (L.) R.Br.,Convolvulaceae,Ipomoea,SPECIES,HUMAN_OBSERVATION,2020-01-28,2020,-70.512499,19.778574,20,50c9509d-22c7-4a22-a47d-8c48425ef4a7,iNaturalist,Observations,18,07,SOSÚA,011807,874cf2404ffffff
https://www.inaturalist.org/observations/38173509,2603294809,Calophyllum antillanum,Calophyllum brasiliense var. antillanum (Britton) Standl.,Calophyllaceae,Calophyllum,VARIETY,HUMAN_OBSERVATION,2020-01-28,2020,-70.512335,19.778253,20,50c9509d-22c7-4a22-a47d-8c48425ef4a7,iNaturalist,Observations,18,07,SOSÚA,011807,874cf2404ffffff
https://www.inaturalist.org/observations/38173511,3947425343,Calophyllum antillanum,Calophyllum brasiliense var. antillanum (Britton) Standl.,Calophyllaceae,Calophyllum,VARIETY,HUMAN_OBSERVATION,2020-01-28,2020,-70.512335,19.778253,20,50c9509d-22c7-4a22-a47d-8c48425ef4a7,iNaturalist,Observations,18,07,SOSÚA,011807,874cf2404ffffff
https://www.inaturalist.org/observations/38173512,3039249464,Bursera simaruba,Bursera simaruba (L.) Sarg.,Burseraceae,Bursera,SPECIES,HUMAN_OBSERVATION,2020-01-28,2020,-70.512335,19.778253,20,50c9509d-22c7-4a22-a47d-8c48425ef4a7,iNaturalist,Observations,18,07,SOSÚA,011807,874cf2404ffffff
https://www.inaturalist.org/observations/38173516,3892485322,Aristolochia trilobata,Aristolochia trilobata L.,Aristolochiaceae,Aristolochia,SPECIES,HUMAN_OBSERVATION,2020-01-28,2020,-70.51234,19.777955,20,50c9509d-22c7-4a22-a47d-8c48425ef4a7,iNaturalist,Observations,18,07,SOSÚA,011807,874cf2404ffffff
https://www.inaturalist.org/observations/38173520,2574143779,Dolichandra unguis-cati,Dolichandra unguis-cati (L.) L.G.Lohmann,Bignoniaceae,Dolichandra,SPECIES,HUMAN_OBSERVATION,2020-01-28,2020,-70.51234,19.777955,20,50c9509d-22c7-4a22-a47d-8c48425ef4a7,iNaturalist,Observations,18,07,SOSÚA,011807,874cf2404ffffff
https://www.inaturalist.org/observations/38173521,2574141714,Dolichandra unguis-cati,Dolichandra unguis-cati (L.) L.G.Lohmann,Bignoniaceae,Dolichandra,SPECIES,HUMAN_OBSERVATION,2020-01-28,2020,-70.511933,19.777789,20,50c9509d-22c7-4a22-a47d-8c48425ef4a7,iNaturalist,Observations,18,07,SOSÚA,011807,874cf2404ffffff
https://www.inaturalist.org/observations/38173522,2574066680,Epipremnum aureum,Epipremnum aureum (Linden & André) G.S.Bunting,Araceae,Epipremnum,SPECIES,HUMAN_OBSERVATION,2020-01-28,2020,-70.512099,19.77637,20,50c9509d-22c7-4a22-a47d-8c48425ef4a7,iNaturalist,Observations,18,07,SOSÚA,011807,874cf2404ffffff
https://www.inaturalist.org/observations/38241996,2597705843,Psychotria nervosa,Psychotria nervosa Sw.,Rubiaceae,Psychotria,SPECIES,HUMAN_OBSERVATION,2020-02-02T15:30,2020,-70.519862,19.751765,30,50c9509d-22c7-4a22-a47d-8c48425ef4a7,iNaturalist,Observations,18,07,SOSÚA,011807,874cf2402ffffff
https://www.inaturalist.org/observations/38242002,4453683366,Tecoma stans,Tecoma stans (L.) Juss. ex Kunth,Bignoniaceae,Tecoma,SPECIES,HUMAN_OBSERVATION,2020-02-02T15:34,2020,-70.519862,19.751765,30,50c9509d-22c7-4a22-a47d-8c48425ef4a7,iNaturalist,Observations,18,07,SOSÚA,011807,874cf2402ffffff
https://www.inaturalist.org/observations/38242005,2573928854,Guazuma ulmifolia,Guazuma ulmifolia Lam.,Malvaceae,Guazuma,SPECIES,HUMAN_OBSERVATION,2020-02-02T15:36,2020,-70.519862,19.751765,30,50c9509d-22c7-4a22-a47d-8c48425ef4a7,iNaturalist,Observations,18,07,SOSÚA,011807,874cf2402ffffff
https://www.inaturalist.org/observations/38242007,2597709827,Hamelia patens,Hamelia patens Jacq.,Rubiaceae,Hamelia,SPECIES,HUMAN_OBSERVATION,2020-02-02T15:37,2020,-70.519862,19.751765,30,50c9509d-22c7-4a22-a47d-8c48425ef4a7,iNaturalist,Observations,18,07,SOSÚA,011807,874cf2402ffffff
https://www.inaturalist.org/observations/38242012,2826363422,Asparagus setaceus,Asparagus setaceus (Kunth) Jessop,Asparagaceae,Asparagus,SPECIES,HUMAN_OBSERVATION,2020-02-02T15:41,2020,-70.519862,19.751765,30,50c9509d-22c7-4a22-a47d-8c48425ef4a7,iNaturalist,Observations,18,07,SOSÚA,011807,874cf2402ffffff
https://www.inaturalist.org/observations/38242013,2574084937,Passiflora murucuja,Passiflora murucuja L.,Passifloraceae,Passiflora,SPECIES,HUMAN_OBSERVATION,2020-02-02T15:42,2020,-70.519862,19.751765,30,50c9509d-22c7-4a22-a47d-8c48425ef4a7,iNaturalist,Observations,18,07,SOSÚA,011807,874cf2402ffffff
https://www.inaturalist.org/observations/38242015,2574098905,Eulophia maculata,Eulophia maculata (Lindl.) Rchb.f.,Orchidaceae,Eulophia,SPECIES,HUMAN_OBSERVATION,2020-02-02T15:43,2020,-70.519862,19.751765,30,50c9509d-22c7-4a22-a47d-8c48425ef4a7,iNaturalist,Observations,18,07,SOSÚA,011807,874cf2402ffffff
https://www.inaturalist.org/observations/38242027,2574243936,Eulophia maculata,Eulophia maculata (Lindl.) Rchb.f.,Orchidaceae,Eulophia,SPECIES,HUMAN_OBSERVATION,2020-02-02T15:47,2020,-70.519862,19.751765,30,50c9509d-22c7-4a22-a47d-8c48425ef4a7,iNaturalist,Observations,18,07,SOSÚA,011807,874cf2402ffffff
https://www.inaturalist.org/observations/38242033,2826425417,Asparagus setaceus,Asparagus setaceus (Kunth) Jessop,Asparagaceae,Asparagus,SPECIES,HUMAN_OBSERVATION,2020-02-02T15:49,2020,-70.519862,19.751765,30,50c9509d-22c7-4a22-a47d-8c48425ef4a7,iNaturalist,Observations,18,07,SOSÚA,011807,874cf2402ffffff
https://www.inaturalist.org/observations/38242038,2573920871,Stigmaphyllon angulosum,Stigmaphyllon angulosum (L.) A.Juss.,Malpighiaceae,Stigmaphyllon,SPECIES,HUMAN_OBSERVATION,2020-02-02T15:54,2020,-70.519862,19.751765,30,50c9509d-22c7-4a22-a47d-8c48425ef4a7,iNaturalist,Observations,18,07,SOSÚA,011807,874cf2402ffffff
https://www.inaturalist.org/observations/38243547,4080488325,Piper marginatum,Piper marginatum Jacq.,Piperaceae,Piper,SPECIES,HUMAN_OBSERVATION,2020-02-02T15:57,2020,-70.519863,19.751764,30,50c9509d-22c7-4a22-a47d-8c48425ef4a7,iNaturalist,Observations,18,07,SOSÚA,011807,874cf2402ffffff
https://www.inaturalist.org/observations/38243563,3337399360,Anemia adiantifolia,Anemia adiantifolia (L.) Sw.,Anemiaceae,Anemia,SPECIES,HUMAN_OBSERVATION,2020-02-02T16:05,2020,-70.519863,19.751764,30,50c9509d-22c7-4a22-a47d-8c48425ef4a7,iNaturalist,Observations,18,07,SOSÚA,011807,874cf2402ffffff
https://www.inaturalist.org/observations/38243564,3337499353,Anemia adiantifolia,Anemia adiantifolia (L.) Sw.,Anemiaceae,Anemia,SPECIES,HUMAN_OBSERVATION,2020-02-02T16:06,2020,-70.519863,19.751764,30,50c9509d-22c7-4a22-a47d-8c48425ef4a7,iNaturalist,Observations,18,07,SOSÚA,011807,874cf2402ffffff
https://www.inaturalist.org/observations/38243565,2859934370,Cecropia schreberiana,Cecropia schreberiana subsp. antillarum (Snethl.) C.C.Berg & P.Franco,Urticaceae,Cecropia,SUBSPECIES,HUMAN_OBSERVATION,2020-02-02T16:10,2020,-70.519863,19.751764,30,50c9509d-22c7-4a22-a47d-8c48425ef4a7,iNaturalist,Observations,18,07,SOSÚA,011807,874cf2402ffffff
https://www.inaturalist.org/observations/38243572,2859922362,Cecropia schreberiana,Cecropia schreberiana subsp. antillarum (Snethl.) C.C.Berg & P.Franco,Urticaceae,Cecropia,SUBSPECIES,HUMAN_OBSERVATION,2020-02-02T16:11,2020,-70.519863,19.751764,30,50c9509d-22c7-4a22-a47d-8c48425ef4a7,iNaturalist,Observations,18,07,SOSÚA,011807,874cf2402ffffff
https://www.inaturalist.org/observations/38243573,3337450355,Callisia fragrans,Callisia fragrans (Lindl.) Woodson,Commelinaceae,Callisia,SPECIES,HUMAN_OBSERVATION,2020-02-02T16:13,2020,-70.519863,19.751764,30,50c9509d-22c7-4a22-a47d-8c48425ef4a7,iNaturalist,Observations,18,07,SOSÚA,011807,874cf2402ffffff
https://www.inaturalist.org/observations/38243581,2597869822,Abrus precatorius,Abrus precatorius L.,Fabaceae,Abrus,SPECIES,HUMAN_OBSERVATION,2020-02-02T16:15,2020,-70.519863,19.751764,30,50c9509d-22c7-4a22-a47d-8c48425ef4a7,iNaturalist,Observations,18,07,SOSÚA,011807,874cf2402ffffff
https://www.inaturalist.org/observations/38243594,3915306340,Amblovenatum opulentum,Amblovenatum opulentum (Kaulf.) J.P.Roux,Thelypteridaceae,Amblovenatum,SPECIES,HUMAN_OBSERVATION,2020-02-02T16:26,2020,-70.519863,19.751764,30,50c9509d-22c7-4a22-a47d-8c48425ef4a7,iNaturalist,Observations,18,07,SOSÚA,011807,874cf2402ffffff
https://www.inaturalist.org/observations/38243595,4453717361,Begonia nelumbiifolia,Begonia nelumbiifolia Cham. & Schltdl.,Begoniaceae,Begonia,SPECIES,HUMAN_OBSERVATION,2020-02-02T16:28,2020,-70.519863,19.751764,30,50c9509d-22c7-4a22-a47d-8c48425ef4a7,iNaturalist,Observations,18,07,SOSÚA,011807,874cf2402ffffff
https://www.inaturalist.org/observations/38243596,2574193942,Piper peltatum,Piper peltatum L.,Piperaceae,Piper,SPECIES,HUMAN_OBSERVATION,2020-02-02T16:28,2020,-70.519863,19.751764,30,50c9509d-22c7-4a22-a47d-8c48425ef4a7,iNaturalist,Observations,18,07,SOSÚA,011807,874cf2402ffffff
https://www.inaturalist.org/observations/40608829,2603422144,Lantana camara,Lantana camara L.,Verbenaceae,Lantana,SPECIES,HUMAN_OBSERVATION,2020-03-23T18:31:19Z,2020,-70.451861,19.782296,65,50c9509d-22c7-4a22-a47d-8c48425ef4a7,iNaturalist,Observations,18,07,SOSÚA,011807,874cf242cffffff
https://www.inaturalist.org/observations/42155205,2603474067,Passiflora edulis,Passiflora edulis Sims,Passifloraceae,Passiflora,SPECIES,HUMAN_OBSERVATION,2020-04-08T14:11:03Z,2020,-70.45208,19.782095,32,50c9509d-22c7-4a22-a47d-8c48425ef4a7,iNaturalist,Observations,18,07,SOSÚA,011807,874cf242cffffff
https://www.inaturalist.org/observations/66467541,3039200785,Guazuma ulmifolia,Guazuma ulmifolia Lam.,Malvaceae,Guazuma,SPECIES,HUMAN_OBSERVATION,2020-12-12T11:34:01,2020,-70.525357,19.741778,6,50c9509d-22c7-4a22-a47d-8c48425ef4a7,iNaturalist,Observations,18,07,SOSÚA,011807,874cf241cffffff
https://www.inaturalist.org/observations/66569851,3039244750,Hydrocotyle hirsuta,Hydrocotyle hirsuta Sw.,Araliaceae,Hydrocotyle,SPECIES,HUMAN_OBSERVATION,2020-12-14T10:14:44,2020,-70.525157,19.741848,4,50c9509d-22c7-4a22-a47d-8c48425ef4a7,iNaturalist,Observations,18,07,SOSÚA,011807,874cf241cffffff
https://www.inaturalist.org/observations/66579200,3039255768,Trichostigma octandrum,Trichostigma octandrum (L.) H.Walter,Petiveriaceae,Trichostigma,SPECIES,HUMAN_OBSERVATION,2020-12-14T14:46:05,2020,-70.509543,19.768922,10,50c9509d-22c7-4a22-a47d-8c48425ef4a7,iNaturalist,Observations,18,07,SOSÚA,011807,874cf2400ffffff
https://www.inaturalist.org/observations/66579473,3039163755,Petiveria alliacea,Petiveria alliacea L.,Petiveriaceae,Petiveria,SPECIES,HUMAN_OBSERVATION,2020-12-14T14:54:58,2020,-70.506483,19.77168,8,50c9509d-22c7-4a22-a47d-8c48425ef4a7,iNaturalist,Observations,18,07,SOSÚA,011807,874cf2400ffffff
https://www.inaturalist.org/observations/66580052,3005104967,Ipomoea quamoclit,Ipomoea quamoclit L.,Convolvulaceae,Ipomoea,SPECIES,HUMAN_OBSERVATION,2020-12-14T15:10:18,2020,-70.502427,19.768483,10,50c9509d-22c7-4a22-a47d-8c48425ef4a7,iNaturalist,Observations,18,07,SOSÚA,011807,874cf2400ffffff
https://www.inaturalist.org/observations/66580132,3005123926,Chiococca alba,Chiococca alba (L.) Hitchc.,Rubiaceae,Chiococca,SPECIES,HUMAN_OBSERVATION,2020-12-14T15:11:51,2020,-70.50193,19.768157,10,50c9509d-22c7-4a22-a47d-8c48425ef4a7,iNaturalist,Observations,18,07,SOSÚA,011807,874cf2400ffffff
https://www.inaturalist.org/observations/66580148,3039118755,Asystasia gangetica,Asystasia gangetica (L.) T.Anderson,Acanthaceae,Asystasia,SPECIES,HUMAN_OBSERVATION,2020-12-14T15:13:08,2020,-70.501679,19.768136,7,50c9509d-22c7-4a22-a47d-8c48425ef4a7,iNaturalist,Observations,18,07,SOSÚA,011807,874cf2400ffffff
https://www.inaturalist.org/observations/66580181,4133618357,Trema micranthum,Trema micranthum (L.) Blume,Cannabaceae,Trema,SPECIES,HUMAN_OBSERVATION,2020-12-14T15:13:53,2020,-70.50178,19.768121,10,50c9509d-22c7-4a22-a47d-8c48425ef4a7,iNaturalist,Observations,18,07,SOSÚA,011807,874cf2400ffffff
https://www.inaturalist.org/observations/66580542,3039269734,Chiococca alba,Chiococca alba (L.) Hitchc.,Rubiaceae,Chiococca,SPECIES,HUMAN_OBSERVATION,2020-12-14T15:24:44,2020,-70.499335,19.765272,77,50c9509d-22c7-4a22-a47d-8c48425ef4a7,iNaturalist,Observations,18,07,SOSÚA,011807,874cf2400ffffff
https://www.inaturalist.org/observations/66580589,3039163756,Guazuma ulmifolia,Guazuma ulmifolia Lam.,Malvaceae,Guazuma,SPECIES,HUMAN_OBSERVATION,2020-12-14T15:26:17,2020,-70.498318,19.765114,5,50c9509d-22c7-4a22-a47d-8c48425ef4a7,iNaturalist,Observations,18,07,SOSÚA,011807,874cf2400ffffff
https://www.inaturalist.org/observations/66749899,6184852718,Camonea umbellata,Camonea umbellata (L.) A.R.Simões & Staples,Convolvulaceae,Camonea,SPECIES,HUMAN_OBSERVATION,2020-12-18T14:20:44,2020,-70.503169,19.775936,3,50c9509d-22c7-4a22-a47d-8c48425ef4a7,iNaturalist,Observations,18,07,SOSÚA,011807,874cf2404ffffff
https://www.inaturalist.org/observations/66750074,3915382387,Solanum torvum,Solanum torvum Sw.,Solanaceae,Solanum,SPECIES,HUMAN_OBSERVATION,2020-12-18T14:26:38,2020,-70.502158,19.776991,9,50c9509d-22c7-4a22-a47d-8c48425ef4a7,iNaturalist,Observations,18,07,SOSÚA,011807,874cf2404ffffff
https://www.inaturalist.org/observations/66750111,3039270761,Antigonon leptopus,Antigonon leptopus Hook. & Arn.,Polygonaceae,Antigonon,SPECIES,HUMAN_OBSERVATION,2020-12-18T14:29:15,2020,-70.501451,19.777487,7,50c9509d-22c7-4a22-a47d-8c48425ef4a7,iNaturalist,Observations,18,07,SOSÚA,011807,874cf2404ffffff
https://www.inaturalist.org/observations/66750128,3455287803,Camonea umbellata,Camonea umbellata (L.) A.R.Simões & Staples,Convolvulaceae,Camonea,SPECIES,HUMAN_OBSERVATION,2020-12-18T14:30:25,2020,-70.501248,19.777536,7,50c9509d-22c7-4a22-a47d-8c48425ef4a7,iNaturalist,Observations,18,07,SOSÚA,011807,874cf2404ffffff
https://www.inaturalist.org/observations/66750153,3008559626,Momordica charantia,Momordica charantia L.,Cucurbitaceae,Momordica,SPECIES,HUMAN_OBSERVATION,2020-12-18T14:37:54,2020,-70.497117,19.778179,9,50c9509d-22c7-4a22-a47d-8c48425ef4a7,iNaturalist,Observations,18,07,SOSÚA,011807,874cf2404ffffff
https://www.inaturalist.org/observations/66750196,3039391737,Distimake dissectus,Distimake dissectus (Jacq.) A.R.Simões & Staples,Convolvulaceae,Distimake,SPECIES,HUMAN_OBSERVATION,2020-12-18T14:47:19,2020,-70.495214,19.778236,8,50c9509d-22c7-4a22-a47d-8c48425ef4a7,iNaturalist,Observations,18,07,SOSÚA,011807,874cf2404ffffff
https://www.inaturalist.org/observations/66750275,4924050092,Cyperus ligularis,Cyperus ligularis L.,Cyperaceae,Cyperus,SPECIES,HUMAN_OBSERVATION,2020-12-18T15:10:49,2020,-70.49763,19.776925,6,50c9509d-22c7-4a22-a47d-8c48425ef4a7,iNaturalist,Observations,18,07,SOSÚA,011807,874cf2404ffffff
https://www.inaturalist.org/observations/66750302,3923308378,Phyla nodiflora,Phyla nodiflora (L.) Greene,Verbenaceae,Phyla,SPECIES,HUMAN_OBSERVATION,2020-12-18T15:12:37,2020,-70.497593,19.77691,8,50c9509d-22c7-4a22-a47d-8c48425ef4a7,iNaturalist,Observations,18,07,SOSÚA,011807,874cf2404ffffff
https://www.inaturalist.org/observations/66750345,3039316754,Pluchea carolinensis,Pluchea carolinensis (Jacq.) G.Don,Asteraceae,Pluchea,SPECIES,HUMAN_OBSERVATION,2020-12-18T15:19:49,2020,-70.497534,19.776812,7,50c9509d-22c7-4a22-a47d-8c48425ef4a7,iNaturalist,Observations,18,07,SOSÚA,011807,874cf2404ffffff
https://www.inaturalist.org/observations/66750362,4091674351,Mikania micrantha,Mikania micrantha Kunth,Asteraceae,Mikania,SPECIES,HUMAN_OBSERVATION,2020-12-18T15:20:21,2020,-70.497529,19.776524,5,50c9509d-22c7-4a22-a47d-8c48425ef4a7,iNaturalist,Observations,18,07,SOSÚA,011807,874cf2404ffffff
https://www.inaturalist.org/observations/66750447,3031816176,Leucaena leucocephala,Leucaena leucocephala (Lam.) de Wit,Fabaceae,Leucaena,SPECIES,HUMAN_OBSERVATION,2020-12-18T15:24:18,2020,-70.49758,19.77694,8,50c9509d-22c7-4a22-a47d-8c48425ef4a7,iNaturalist,Observations,18,07,SOSÚA,011807,874cf2404ffffff
https://www.inaturalist.org/observations/66750487,3008483606,Roystonea borinquena,Roystonea borinquena O.F.Cook,Arecaceae,Roystonea,SPECIES,HUMAN_OBSERVATION,2020-12-18T15:24:49,2020,-70.497467,19.77692,8,50c9509d-22c7-4a22-a47d-8c48425ef4a7,iNaturalist,Observations,18,07,SOSÚA,011807,874cf2404ffffff
https://www.inaturalist.org/observations/66750511,3039386741,Catalpa longissima,Catalpa longissima (Jacq.) Dum.Cours.,Bignoniaceae,Catalpa,SPECIES,HUMAN_OBSERVATION,2020-12-18T15:25:46,2020,-70.497616,19.776957,9,50c9509d-22c7-4a22-a47d-8c48425ef4a7,iNaturalist,Observations,18,07,SOSÚA,011807,874cf2404ffffff
https://www.inaturalist.org/observations/66750580,3039405778,Cissus verticillata,Cissus verticillata (L.) Nicolson & C.E.Jarvis,Vitaceae,Cissus,SPECIES,HUMAN_OBSERVATION,2020-12-18T15:26:21,2020,-70.497707,19.776962,3,50c9509d-22c7-4a22-a47d-8c48425ef4a7,iNaturalist,Observations,18,07,SOSÚA,011807,874cf2404ffffff
https://www.inaturalist.org/observations/66750661,4034663428,Typha domingensis,Typha domingensis Pers.,Typhaceae,Typha,SPECIES,HUMAN_OBSERVATION,2020-12-18T15:29:26,2020,-70.49773,19.776553,7,50c9509d-22c7-4a22-a47d-8c48425ef4a7,iNaturalist,Observations,18,07,SOSÚA,011807,874cf2404ffffff
https://www.inaturalist.org/observations/66750671,3031833142,Tridax procumbens,Tridax procumbens L.,Asteraceae,Tridax,SPECIES,HUMAN_OBSERVATION,2020-12-18T15:29:55,2020,-70.497797,19.776592,8,50c9509d-22c7-4a22-a47d-8c48425ef4a7,iNaturalist,Observations,18,07,SOSÚA,011807,874cf2404ffffff
https://www.inaturalist.org/observations/66750719,3039203744,Achyranthes aspera,Achyranthes aspera L.,Amaranthaceae,Achyranthes,SPECIES,HUMAN_OBSERVATION,2020-12-18T15:55:19,2020,-70.504209,19.774678,10,50c9509d-22c7-4a22-a47d-8c48425ef4a7,iNaturalist,Observations,18,07,SOSÚA,011807,874cf2404ffffff
https://www.inaturalist.org/observations/66750737,3039354773,Leonotis nepetifolia,Leonotis nepetifolia (L.) R.Br.,Lamiaceae,Leonotis,SPECIES,HUMAN_OBSERVATION,2020-12-18T15:58:17,2020,-70.505153,19.773677,7,50c9509d-22c7-4a22-a47d-8c48425ef4a7,iNaturalist,Observations,18,07,SOSÚA,011807,874cf2404ffffff
https://www.inaturalist.org/observations/66750753,3039182750,Celosia argentea,Celosia argentea L.,Amaranthaceae,Celosia,SPECIES,HUMAN_OBSERVATION,2020-12-18T15:59:01,2020,-70.505165,19.77368,8,50c9509d-22c7-4a22-a47d-8c48425ef4a7,iNaturalist,Observations,18,07,SOSÚA,011807,874cf2404ffffff
https://www.inaturalist.org/observations/66750780,3039242752,Petiveria alliacea,Petiveria alliacea L.,Petiveriaceae,Petiveria,SPECIES,HUMAN_OBSERVATION,2020-12-18T15:59:44,2020,-70.505149,19.77368,8,50c9509d-22c7-4a22-a47d-8c48425ef4a7,iNaturalist,Observations,18,07,SOSÚA,011807,874cf2404ffffff
https://www.inaturalist.org/observations/66750816,3039183754,Guazuma ulmifolia,Guazuma ulmifolia Lam.,Malvaceae,Guazuma,SPECIES,HUMAN_OBSERVATION,2020-12-18T16:03:04,2020,-70.505283,19.773709,33,50c9509d-22c7-4a22-a47d-8c48425ef4a7,iNaturalist,Observations,18,07,SOSÚA,011807,874cf2404ffffff
https://www.inaturalist.org/observations/66750839,3039246748,Inga vera,Inga vera Willd.,Fabaceae,Inga,SPECIES,HUMAN_OBSERVATION,2020-12-18T16:04:08,2020,-70.505419,19.773205,14,50c9509d-22c7-4a22-a47d-8c48425ef4a7,iNaturalist,Observations,18,07,SOSÚA,011807,874cf2404ffffff
https://www.inaturalist.org/observations/7117351,1805370278,Heliconia rostrata,Heliconia rostrata Ruiz & Pav.,Heliconiaceae,Heliconia,SPECIES,HUMAN_OBSERVATION,2017-07-12T09:09,2017,-70.414421,19.750923,3880,50c9509d-22c7-4a22-a47d-8c48425ef4a7,iNaturalist,Observations,18,07,SOSÚA,011807,874cf255affffff
https://www.inaturalist.org/observations/7117353,1802626611,Crescentia cujete,Crescentia cujete L.,Bignoniaceae,Crescentia,SPECIES,HUMAN_OBSERVATION,2017-07-12T09:23,2017,-70.414421,19.750923,3880,50c9509d-22c7-4a22-a47d-8c48425ef4a7,iNaturalist,Observations,18,07,SOSÚA,011807,874cf255affffff
https://www.inaturalist.org/observations/7117356,2603394020,Crescentia cujete,Crescentia cujete L.,Bignoniaceae,Crescentia,SPECIES,HUMAN_OBSERVATION,2017-07-12T09:38,2017,-70.414421,19.750923,3880,50c9509d-22c7-4a22-a47d-8c48425ef4a7,iNaturalist,Observations,18,07,SOSÚA,011807,874cf255affffff
https://www.inaturalist.org/observations/7117358,1805370275,Cocos nucifera,Cocos nucifera L.,Arecaceae,Cocos,SPECIES,HUMAN_OBSERVATION,2017-07-12T10:25,2017,-70.414421,19.750923,3880,50c9509d-22c7-4a22-a47d-8c48425ef4a7,iNaturalist,Observations,18,07,SOSÚA,011807,874cf255affffff
https://www.inaturalist.org/observations/7117359,1837792485,Alpinia purpurata,Alpinia purpurata (Vieill.) K.Schum.,Zingiberaceae,Alpinia,SPECIES,HUMAN_OBSERVATION,2017-07-12T09:09,2017,-70.414421,19.750923,3880,50c9509d-22c7-4a22-a47d-8c48425ef4a7,iNaturalist,Observations,18,07,SOSÚA,011807,874cf255affffff
https://www.inaturalist.org/observations/7117360,1586099243,Cocos nucifera,Cocos nucifera L.,Arecaceae,Cocos,SPECIES,HUMAN_OBSERVATION,2017-07-12T09:39,2017,-70.414421,19.750923,3880,50c9509d-22c7-4a22-a47d-8c48425ef4a7,iNaturalist,Observations,18,07,SOSÚA,011807,874cf255affffff
https://www.inaturalist.org/observations/7117361,4516609348,Musa acuminata,Musa acuminata Colla,Musaceae,Musa,SPECIES,HUMAN_OBSERVATION,2017-07-12T09:50,2017,-70.414421,19.750923,3880,50c9509d-22c7-4a22-a47d-8c48425ef4a7,iNaturalist,Observations,18,07,SOSÚA,011807,874cf255affffff
https://www.inaturalist.org/observations/7117365,1802626580,Carica papaya,Carica papaya L.,Caricaceae,Carica,SPECIES,HUMAN_OBSERVATION,2017-07-12T09:45,2017,-70.414421,19.750923,3880,50c9509d-22c7-4a22-a47d-8c48425ef4a7,iNaturalist,Observations,18,07,SOSÚA,011807,874cf255affffff
https://www.inaturalist.org/observations/7117366,4516301342,Musa acuminata,Musa acuminata Colla,Musaceae,Musa,SPECIES,HUMAN_OBSERVATION,2017-07-12T09:47,2017,-70.414421,19.750923,3880,50c9509d-22c7-4a22-a47d-8c48425ef4a7,iNaturalist,Observations,18,07,SOSÚA,011807,874cf255affffff
https://www.inaturalist.org/observations/7117368,1805370274,Bixa orellana,Bixa orellana L.,Bixaceae,Bixa,SPECIES,HUMAN_OBSERVATION,2017-07-12T09:51,2017,-70.414421,19.750923,3880,50c9509d-22c7-4a22-a47d-8c48425ef4a7,iNaturalist,Observations,18,07,SOSÚA,011807,874cf255affffff
https://www.inaturalist.org/observations/7117370,3005243305,Musa acuminata,Musa acuminata Colla,Musaceae,Musa,SPECIES,HUMAN_OBSERVATION,2017-07-12T09:59,2017,-70.414421,19.750923,3880,50c9509d-22c7-4a22-a47d-8c48425ef4a7,iNaturalist,Observations,18,07,SOSÚA,011807,874cf255affffff
https://www.inaturalist.org/observations/78702419,4112101337,Phyla nodiflora,Phyla nodiflora (L.) Greene,Verbenaceae,Phyla,SPECIES,HUMAN_OBSERVATION,2021-05-14T14:51:46Z,2021,-70.424108,19.756801,5,50c9509d-22c7-4a22-a47d-8c48425ef4a7,iNaturalist,Observations,18,07,SOSÚA,011807,874cf255affffff
https://www.inaturalist.org/observations/78879605,3872945425,Pontederia crassipes,Pontederia crassipes Mart.,Pontederiaceae,Pontederia,SPECIES,HUMAN_OBSERVATION,2021-05-15T17:50:48Z,2021,-70.405974,19.749452,427,50c9509d-22c7-4a22-a47d-8c48425ef4a7,iNaturalist,Observations,18,07,SOSÚA,011807,874cf255bffffff
https://www.inaturalist.org/observations/99210063,3398949975,Urena lobata,Urena lobata L.,Malvaceae,Urena,SPECIES,HUMAN_OBSERVATION,2021-10-24T08:51:58,2021,-70.443138,19.779255,5,50c9509d-22c7-4a22-a47d-8c48425ef4a7,iNaturalist,Observations,18,07,SOSÚA,011807,874cf242cffffff
https://www.inaturalist.org/observations/99223461,3398878970,Turnera ulmifolia,Turnera ulmifolia L.,Passifloraceae,Turnera,SPECIES,HUMAN_OBSERVATION,2021-10-24T10:22:26,2021,-70.418525,19.749445,10,50c9509d-22c7-4a22-a47d-8c48425ef4a7,iNaturalist,Observations,18,07,SOSÚA,011807,874cf255affffff
https://www.inaturalist.org/observations/99481899,3456094133,Clusia rosea,Clusia rosea Jacq.,Clusiaceae,Clusia,SPECIES,HUMAN_OBSERVATION,2021-10-13T11:08,2021,-70.420673,19.740001,NA,50c9509d-22c7-4a22-a47d-8c48425ef4a7,iNaturalist,Observations,18,07,SOSÚA,011807,874cf2474ffffff
https://www.zobodat.at/belege.php?id=101791655,3885856329,Bryophyta Schimp.,Bryophyta Schimp.,,,PHYLUM,PRESERVED_SPECIMEN,1998-03-16,1998,-70.514116,19.750992,5000,857bce66-f762-11e1-a439-00145eb45e9a,LI,ZOBODAT,18,07,SOSÚA,011807,874cf2403ffffff
o-1012360397,5109252473,Canavalia rosea,Canavalia rosea (Sw.) DC.,Fabaceae,Canavalia,SPECIES,HUMAN_OBSERVATION,2021-12-01T16:22:18.821Z,2021,-70.441278,19.778438,38,7a3679ef-5582-4aaa-81f0-8c2545cafc81,,,18,07,SOSÚA,011807,874cf242cffffff
o-1012363514,3949785200,Euphorbia tithymaloides,Euphorbia tithymaloides L.,Euphorbiaceae,Euphorbia,SPECIES,HUMAN_OBSERVATION,2021-12-02T21:27:38.703Z,2021,-70.47712,19.767258000000002,53,7a3679ef-5582-4aaa-81f0-8c2545cafc81,,,18,07,SOSÚA,011807,874cf2405ffffff
o-1012437727,5109283741,Ipomoea carnea,Ipomoea carnea Jacq.,Convolvulaceae,Ipomoea,SPECIES,HUMAN_OBSERVATION,2022-01-01T15:09:09.216Z,2022,-70.489074,19.764272,35,7a3679ef-5582-4aaa-81f0-8c2545cafc81,,,18,07,SOSÚA,011807,874cf2405ffffff
o-1012561122,5109254077,Urera baccifera,Urera baccifera (L.) Gaudich.,Urticaceae,Urera,SPECIES,HUMAN_OBSERVATION,2022-02-13T08:57:08Z,2022,-70.435833,19.734722,34,7a3679ef-5582-4aaa-81f0-8c2545cafc81,,,18,07,SOSÚA,011807,874cf2476ffffff
o-1012998346,5109324334,Cocos nucifera,Cocos nucifera L.,Arecaceae,Cocos,SPECIES,HUMAN_OBSERVATION,2022-04-21T18:07:03Z,2022,-70.384877,19.722825,9,7a3679ef-5582-4aaa-81f0-8c2545cafc81,,,18,07,SOSÚA,011807,874cf2462ffffff
o-1014154790,5109304417,Delonix regia,Delonix regia (Bojer ex Hook.) Raf.,Fabaceae,Delonix,SPECIES,HUMAN_OBSERVATION,2022-06-15T17:34:26.714Z,2022,-70.493431,19.770159,5,7a3679ef-5582-4aaa-81f0-8c2545cafc81,,,18,07,SOSÚA,011807,874cf2405ffffff
o-1015723597,5109361323,Punica granatum,Punica granatum L.,Lythraceae,Punica,SPECIES,HUMAN_OBSERVATION,2022-10-08T16:56:11.954Z,2022,-70.492993,19.773514,37,7a3679ef-5582-4aaa-81f0-8c2545cafc81,,,18,07,SOSÚA,011807,874cf2405ffffff
o-1015876658,5109411977,Gossypium barbadense,Gossypium barbadense L.,Malvaceae,Gossypium,SPECIES,HUMAN_OBSERVATION,2022-10-24T15:38:23.926Z,2022,-70.462667,19.783173,41,7a3679ef-5582-4aaa-81f0-8c2545cafc81,,,18,07,SOSÚA,011807,874cf2421ffffff
o-1016207413,5109454157,Ricinus communis,Ricinus communis L.,Euphorbiaceae,Ricinus,SPECIES,HUMAN_OBSERVATION,2022-12-25T16:57:17Z,2022,-70.515754,19.759392,8,7a3679ef-5582-4aaa-81f0-8c2545cafc81,,,18,07,SOSÚA,011807,874cf2402ffffff
o-1016249702,5109463352,Euphorbia milii,Euphorbia milii Des Moul.,Euphorbiaceae,Euphorbia,SPECIES,HUMAN_OBSERVATION,2023-01-04T14:19:06.752Z,2023,-70.491679,19.767681,4,7a3679ef-5582-4aaa-81f0-8c2545cafc81,,,18,07,SOSÚA,011807,874cf2405ffffff
o-1016260527,5109444542,Thunbergia grandiflora,Thunbergia grandiflora (Roxb. ex Rottler) Roxb.,Acanthaceae,Thunbergia,SPECIES,HUMAN_OBSERVATION,2023-01-05T15:32:53Z,2023,-70.444504,19.77606,NA,7a3679ef-5582-4aaa-81f0-8c2545cafc81,,,18,07,SOSÚA,011807,874cf242cffffff
o-1020029325,5109777364,Antigonon leptopus,Antigonon leptopus Hook. & Arn.,Polygonaceae,Antigonon,SPECIES,HUMAN_OBSERVATION,2023-09-23T15:30:11.185Z,2023,-70.494637,19.778025,148,7a3679ef-5582-4aaa-81f0-8c2545cafc81,,,18,07,SOSÚA,011807,874cf2404ffffff
o-1020562831,5109783245,Bougainvillea glabra,Bougainvillea glabra Choisy,Nyctaginaceae,Bougainvillea,SPECIES,HUMAN_OBSERVATION,2023-12-05T02:18:39.663Z,2023,-70.541183,19.737197,5,7a3679ef-5582-4aaa-81f0-8c2545cafc81,,,18,07,SOSÚA,011807,874cf241effffff
o-1020848765,5109997363,Canavalia rosea,Canavalia rosea (Sw.) DC.,Fabaceae,Canavalia,SPECIES,HUMAN_OBSERVATION,2024-01-29T17:28:36.273Z,2024,-70.510247,19.779263,200,7a3679ef-5582-4aaa-81f0-8c2545cafc81,,,18,07,SOSÚA,011807,874cf2404ffffff
o-1020903042,5109997840,Portulaca pilosa,Portulaca pilosa L.,Portulacaceae,Portulaca,SPECIES,HUMAN_OBSERVATION,2024-02-09T16:35:08.624Z,2024,-70.400995,19.751078,18,7a3679ef-5582-4aaa-81f0-8c2545cafc81,,,18,07,SOSÚA,011807,874cf255bffffff
o-1020990637,5109817542,Coccoloba uvifera,Coccoloba uvifera (L.) L.,Polygonaceae,Coccoloba,SPECIES,HUMAN_OBSERVATION,2024-02-23T17:21:15.937Z,2024,-70.451296,19.782756,5,7a3679ef-5582-4aaa-81f0-8c2545cafc81,,,18,07,SOSÚA,011807,874cf242cffffff
o-1021101453,5109828497,Psychotria nervosa,Psychotria nervosa Sw.,Rubiaceae,Psychotria,SPECIES,HUMAN_OBSERVATION,2024-03-09T17:51:30.264Z,2024,-70.514947,19.758705,33,7a3679ef-5582-4aaa-81f0-8c2545cafc81,,,18,07,SOSÚA,011807,874cf2402ffffff
o-1021109371,5110023687,Crotalaria spectabilis,Crotalaria spectabilis Roth,Fabaceae,Crotalaria,SPECIES,HUMAN_OBSERVATION,2024-03-10T14:36:49.059Z,2024,-70.48143,19.77138,7,7a3679ef-5582-4aaa-81f0-8c2545cafc81,,,18,07,SOSÚA,011807,874cf2405ffffff
o-1024767628,5110254112,Prosthechea cochleata,Prosthechea cochleata (L.) W.E.Higgins,Orchidaceae,Prosthechea,SPECIES,HUMAN_OBSERVATION,2024-09-27T11:44:00.756Z,2024,-70.488233,19.761666,6,7a3679ef-5582-4aaa-81f0-8c2545cafc81,,,18,07,SOSÚA,011807,874cf2405ffffff
o-1025211114,5110490085,Cuphea hyssopifolia,Cuphea hyssopifolia Kunth,Lythraceae,Cuphea,SPECIES,HUMAN_OBSERVATION,2024-11-12T12:54:38Z,2024,-70.450188,19.778912,5,7a3679ef-5582-4aaa-81f0-8c2545cafc81,,,18,07,SOSÚA,011807,874cf242cffffff
o-1025211138,5110270112,Tamarindus indica,Tamarindus indica L.,Fabaceae,Tamarindus,SPECIES,HUMAN_OBSERVATION,2024-11-11T18:40:31Z,2024,-70.450203,19.779617,4,7a3679ef-5582-4aaa-81f0-8c2545cafc81,,,18,07,SOSÚA,011807,874cf242cffffff
o-1025211142,5110452394,Sphagneticola trilobata,Sphagneticola trilobata (L.) Pruski,Asteraceae,Sphagneticola,SPECIES,HUMAN_OBSERVATION,2024-11-11T19:28:19Z,2024,-70.447937,19.778463,4,7a3679ef-5582-4aaa-81f0-8c2545cafc81,,,18,07,SOSÚA,011807,874cf242cffffff
o-1025211146,5110300632,Crotalaria retusa,Crotalaria retusa L.,Fabaceae,Crotalaria,SPECIES,HUMAN_OBSERVATION,2024-11-11T19:38:11Z,2024,-70.446542,19.776753,4,7a3679ef-5582-4aaa-81f0-8c2545cafc81,,,18,07,SOSÚA,011807,874cf242cffffff
o-1025211157,5110435235,Codiaeum variegatum,Codiaeum variegatum (L.) Rumph. ex A.Juss.,Euphorbiaceae,Codiaeum,SPECIES,HUMAN_OBSERVATION,2024-11-11T18:38:59Z,2024,-70.450287,19.77928,4,7a3679ef-5582-4aaa-81f0-8c2545cafc81,,,18,07,SOSÚA,011807,874cf242cffffff
o-1025211179,5110452397,Tabernaemontana divaricata,Tabernaemontana divaricata (L.) R.Br. ex Roem. & Schult.,Apocynaceae,Tabernaemontana,SPECIES,HUMAN_OBSERVATION,2024-11-11T18:37:33Z,2024,-70.450097,19.778983,4,7a3679ef-5582-4aaa-81f0-8c2545cafc81,,,18,07,SOSÚA,011807,874cf242cffffff
o-1025220790,5110490179,Piper hispidum,Piper hispidum Sw.,Piperaceae,Piper,SPECIES,HUMAN_OBSERVATION,2024-11-12T13:38:10Z,2024,-70.453003,19.778862,4,7a3679ef-5582-4aaa-81f0-8c2545cafc81,,,18,07,SOSÚA,011807,874cf242cffffff
o-1025957581,5110360935,Ptychosperma propinquum,Ptychosperma macarthurii (H.Wendl. ex H.J.Veitch) H.Wendl. ex Hook.f.,Arecaceae,Ptychosperma,SPECIES,HUMAN_OBSERVATION,2025-03-17T21:42:19Z,2025,-70.414369,19.751047,16,7a3679ef-5582-4aaa-81f0-8c2545cafc81,,,18,07,SOSÚA,011807,874cf255affffff
o-1026055068,5110370182,Coccoloba uvifera,Coccoloba uvifera (L.) L.,Polygonaceae,Coccoloba,SPECIES,HUMAN_OBSERVATION,2025-03-26T16:17:26Z,2025,-70.409345,19.750383,4,7a3679ef-5582-4aaa-81f0-8c2545cafc81,,,18,07,SOSÚA,011807,874cf255affffff
o-1026055114,5110486872,Terminalia catappa,Terminalia catappa L.,Combretaceae,Terminalia,SPECIES,HUMAN_OBSERVATION,2025-03-26T16:18:10Z,2025,-70.409761,19.750644,18,7a3679ef-5582-4aaa-81f0-8c2545cafc81,,,18,07,SOSÚA,011807,874cf255affffff
q-10003103842,3956641686,Morinda citrifolia,Morinda citrifolia L.,Rubiaceae,Morinda,SPECIES,HUMAN_OBSERVATION,2016-03-31T15:47:59.407Z,2016,-70.518424,19.766486,NA,14d5676a-2c54-4f94-9023-1e8dcd822aa0,,,18,07,SOSÚA,011807,874cf2406ffffff
q-10003103844,3951368656,Morinda citrifolia,Morinda citrifolia L.,Rubiaceae,Morinda,SPECIES,HUMAN_OBSERVATION,2016-03-31T15:48:11.731Z,2016,-70.518424,19.766486,NA,14d5676a-2c54-4f94-9023-1e8dcd822aa0,,,18,07,SOSÚA,011807,874cf2406ffffff
q-10012370747,3997884306,Jatropha gossypiifolia,Jatropha gossypiifolia L.,Euphorbiaceae,Jatropha,SPECIES,HUMAN_OBSERVATION,2017-05-07T01:22:57.999Z,2017,-70.489528,19.780649,NA,14d5676a-2c54-4f94-9023-1e8dcd822aa0,,,18,07,SOSÚA,011807,874cf2423ffffff
q-10012370838,3997903302,Jatropha gossypiifolia,Jatropha gossypiifolia L.,Euphorbiaceae,Jatropha,SPECIES,HUMAN_OBSERVATION,2017-05-07T01:27:15.674Z,2017,-70.489527,19.780651,NA,14d5676a-2c54-4f94-9023-1e8dcd822aa0,,,18,07,SOSÚA,011807,874cf2423ffffff
q-10012370881,3957025146,Jatropha gossypiifolia,Jatropha gossypiifolia L.,Euphorbiaceae,Jatropha,SPECIES,HUMAN_OBSERVATION,2017-05-07T01:29:19.817Z,2017,-70.489527,19.780651,NA,14d5676a-2c54-4f94-9023-1e8dcd822aa0,,,18,07,SOSÚA,011807,874cf2423ffffff
q-10049193833,2644295691,Terminalia catappa,Terminalia catappa L.,Combretaceae,Terminalia,SPECIES,HUMAN_OBSERVATION,2018-11-24T18:41:55.100Z,2018,-70.516591,19.759112,7,14d5676a-2c54-4f94-9023-1e8dcd822aa0,,,18,07,SOSÚA,011807,874cf2402ffffff
q-10062825428,3956123216,Cucumis sativus,Cucumis sativus L.,Cucurbitaceae,Cucumis,SPECIES,HUMAN_OBSERVATION,2019-03-06T11:56:32.857Z,2019,-70.511649,19.762922,4,14d5676a-2c54-4f94-9023-1e8dcd822aa0,,,18,07,SOSÚA,011807,874cf2400ffffff
q-10067104769,2644675991,Catharanthus roseus,Catharanthus roseus (L.) G.Don,Apocynaceae,Catharanthus,SPECIES,HUMAN_OBSERVATION,2019-04-12T21:24:59.704Z,2019,-70.444816,19.77207,8,14d5676a-2c54-4f94-9023-1e8dcd822aa0,,,18,07,SOSÚA,011807,874cf242cffffff
q-10068802098,3951668027,Spathodea campanulata,Spathodea campanulata Beauverd,Bignoniaceae,Spathodea,SPECIES,HUMAN_OBSERVATION,2019-04-21T00:25:11.390Z,2019,-70.506887,19.769536,NA,14d5676a-2c54-4f94-9023-1e8dcd822aa0,,,18,07,SOSÚA,011807,874cf2400ffffff
q-10090654141,2645955318,Alpinia zerumbet,Alpinia zerumbet (Pers.) B.L.Burtt & R.M.Sm.,Zingiberaceae,Alpinia,SPECIES,HUMAN_OBSERVATION,2019-06-28T14:18:31.372Z,2019,-70.407486,19.749928,15,14d5676a-2c54-4f94-9023-1e8dcd822aa0,,,18,07,SOSÚA,011807,874cf255affffff
q-10122122172,2649308226,Tradescantia pallida,Tradescantia pallida (Rose) D.R.Hunt,Commelinaceae,Tradescantia,SPECIES,HUMAN_OBSERVATION,2019-11-16T19:39:21.524Z,2019,-70.512147,19.760815,NA,14d5676a-2c54-4f94-9023-1e8dcd822aa0,,,18,07,SOSÚA,011807,874cf2400ffffff
q-10124417209,2650078220,Barringtonia asiatica,Barringtonia asiatica (L.) Kurz,Lecythidaceae,Barringtonia,SPECIES,HUMAN_OBSERVATION,2019-12-07T13:52:39.056Z,2019,-70.407501,19.749922,NA,14d5676a-2c54-4f94-9023-1e8dcd822aa0,,,18,07,SOSÚA,011807,874cf255affffff
q-10130345745,2649652980,Terminalia catappa,Terminalia catappa L.,Combretaceae,Terminalia,SPECIES,HUMAN_OBSERVATION,2020-02-07T22:28:47.104Z,2020,-70.515533,19.765681,NA,14d5676a-2c54-4f94-9023-1e8dcd822aa0,,,18,07,SOSÚA,011807,874cf2400ffffff
q-10136623595,2649738547,Artocarpus altilis,Artocarpus altilis (Parkinson) Fosberg,Moraceae,Artocarpus,SPECIES,HUMAN_OBSERVATION,2020-03-18T23:02:42.715Z,2020,-70.460732,19.773721,65,14d5676a-2c54-4f94-9023-1e8dcd822aa0,,,18,07,SOSÚA,011807,874cf242effffff
q-10136837055,3953612979,Rivina humilis,Rivina humilis L.,Petiveriaceae,Rivina,SPECIES,HUMAN_OBSERVATION,2020-03-19T20:37:28.397Z,2020,-70.464204,19.781927,NA,14d5676a-2c54-4f94-9023-1e8dcd822aa0,,,18,07,SOSÚA,011807,874cf242effffff
q-10157008708,3952237869,Jatropha integerrima,Jatropha integerrima Jacq.,Euphorbiaceae,Jatropha,SPECIES,HUMAN_OBSERVATION,2020-05-02T20:56:55.767Z,2020,-70.40397,19.746579,5,14d5676a-2c54-4f94-9023-1e8dcd822aa0,,,18,07,SOSÚA,011807,874cf255bffffff
q-10211250083,3958329739,Ficus benjamina,Ficus benjamina L.,Moraceae,Ficus,SPECIES,HUMAN_OBSERVATION,2020-07-06T19:14:05.860Z,2020,-70.407658,19.744645,NA,14d5676a-2c54-4f94-9023-1e8dcd822aa0,,,18,07,SOSÚA,011807,874cf255bffffff
q-10253945597,3953136862,Tithonia rotundifolia,Tithonia rotundifolia (Mill.) S.F.Blake,Asteraceae,Tithonia,SPECIES,HUMAN_OBSERVATION,2020-09-13T23:01:30.943Z,2020,-70.511548,19.762736,6,14d5676a-2c54-4f94-9023-1e8dcd822aa0,,,18,07,SOSÚA,011807,874cf2400ffffff
q-10273552416,3958489438,Jatropha gossypiifolia,Jatropha gossypiifolia L.,Euphorbiaceae,Jatropha,SPECIES,HUMAN_OBSERVATION,2020-10-26T20:19:12.040Z,2020,-70.504484,19.779573,10,14d5676a-2c54-4f94-9023-1e8dcd822aa0,,,18,07,SOSÚA,011807,874cf2404ffffff
q-10296910704,3954650863,Laportea aestuans,Laportea aestuans (L.) Chew,Urticaceae,Laportea,SPECIES,HUMAN_OBSERVATION,2021-01-30T21:13:25.667Z,2021,-70.520713,19.752634,NA,14d5676a-2c54-4f94-9023-1e8dcd822aa0,,,18,07,SOSÚA,011807,874cf2402ffffff
q-10302740762,3958615294,Melicoccus bijugatus,Melicoccus bijugatus Jacq.,Sapindaceae,Melicoccus,SPECIES,HUMAN_OBSERVATION,2021-02-23T13:50:38.178Z,2021,-70.518636,19.751759,NA,14d5676a-2c54-4f94-9023-1e8dcd822aa0,,,18,07,SOSÚA,011807,874cf2402ffffff
q-10303495128,3952659705,Thunbergia alata,Thunbergia alata Bojer ex Sims,Acanthaceae,Thunbergia,SPECIES,HUMAN_OBSERVATION,2021-02-26T01:25:52.126Z,2021,-70.58241,19.748736,NA,14d5676a-2c54-4f94-9023-1e8dcd822aa0,,,18,07,SOSÚA,011807,874cf24acffffff
q-10303499933,3953064615,Tecoma stans,Tecoma stans (L.) Juss. ex Kunth,Bignoniaceae,Tecoma,SPECIES,HUMAN_OBSERVATION,2021-02-26T02:18:06.204Z,2021,-70.58361,19.750934,NA,14d5676a-2c54-4f94-9023-1e8dcd822aa0,,,18,07,SOSÚA,011807,874cf2412ffffff
q-10325081053,3953423500,Terminalia catappa,Terminalia catappa L.,Combretaceae,Terminalia,SPECIES,HUMAN_OBSERVATION,2021-04-13T22:43:59.871Z,2021,-70.444541,19.77991,17,14d5676a-2c54-4f94-9023-1e8dcd822aa0,,,18,07,SOSÚA,011807,874cf242cffffff
q-10325126706,3952772810,Coccoloba uvifera,Coccoloba uvifera (L.) L.,Polygonaceae,Coccoloba,SPECIES,HUMAN_OBSERVATION,2021-04-14T03:48:29.994Z,2021,-70.443038,19.77951,16,14d5676a-2c54-4f94-9023-1e8dcd822aa0,,,18,07,SOSÚA,011807,874cf242cffffff
q-10327236141,3954603657,Azadirachta indica,Azadirachta indica A.Juss.,Meliaceae,Azadirachta,SPECIES,HUMAN_OBSERVATION,2021-04-17T13:25:49.252Z,2021,-70.44576,19.775836,65,14d5676a-2c54-4f94-9023-1e8dcd822aa0,,,18,07,SOSÚA,011807,874cf242cffffff
q-10375841733,3955552834,Mangifera indica,Mangifera indica L.,Anacardiaceae,Mangifera,SPECIES,HUMAN_OBSERVATION,2021-06-02T20:08:52.821Z,2021,-70.450987,19.778933,NA,14d5676a-2c54-4f94-9023-1e8dcd822aa0,,,18,07,SOSÚA,011807,874cf242cffffff
q-10379256579,3957796287,Guazuma ulmifolia,Guazuma ulmifolia Lam.,Malvaceae,Guazuma,SPECIES,HUMAN_OBSERVATION,2021-06-05T16:37:04.271Z,2021,-70.450228,19.779025,NA,14d5676a-2c54-4f94-9023-1e8dcd822aa0,,,18,07,SOSÚA,011807,874cf242cffffff
q-10404171754,3958976104,Carica papaya,Carica papaya L.,Caricaceae,Carica,SPECIES,HUMAN_OBSERVATION,2021-06-24T11:44:50.638Z,2021,-70.421944,19.668945,NA,14d5676a-2c54-4f94-9023-1e8dcd822aa0,,,18,07,SOSÚA,011807,874cf2451ffffff
q-10404172046,3953408034,Carica papaya,Carica papaya L.,Caricaceae,Carica,SPECIES,HUMAN_OBSERVATION,2021-06-24T11:45:06.870Z,2021,-70.421944,19.668945,NA,14d5676a-2c54-4f94-9023-1e8dcd822aa0,,,18,07,SOSÚA,011807,874cf2451ffffff
q-10412050789,3953208626,Euphorbia milii,Euphorbia milii Des Moul.,Euphorbiaceae,Euphorbia,SPECIES,HUMAN_OBSERVATION,2021-06-30T17:21:13.271Z,2021,-70.509539,19.770772,NA,14d5676a-2c54-4f94-9023-1e8dcd822aa0,,,18,07,SOSÚA,011807,874cf2400ffffff
q-10447422078,3952941777,Jatropha gossypiifolia,Jatropha gossypiifolia L.,Euphorbiaceae,Jatropha,SPECIES,HUMAN_OBSERVATION,2021-08-07T20:05:15.064Z,2021,-70.417552,19.749142,11,14d5676a-2c54-4f94-9023-1e8dcd822aa0,,,18,07,SOSÚA,011807,874cf255affffff
q-10447474697,3955281350,Psychotria nervosa,Psychotria nervosa Sw.,Rubiaceae,Psychotria,SPECIES,HUMAN_OBSERVATION,2021-08-07T22:22:24.437Z,2021,-70.416,19.737263,14,14d5676a-2c54-4f94-9023-1e8dcd822aa0,,,18,07,SOSÚA,011807,874cf2474ffffff
q-10483026270,3958776346,Terminalia catappa,Terminalia catappa L.,Combretaceae,Terminalia,SPECIES,HUMAN_OBSERVATION,2021-09-26T17:33:45.867Z,2021,-70.519242,19.751801,400,14d5676a-2c54-4f94-9023-1e8dcd822aa0,,,18,07,SOSÚA,011807,874cf2402ffffff
q-10484630484,3952420729,Petrea volubilis,Petrea volubilis L.,Verbenaceae,Petrea,SPECIES,HUMAN_OBSERVATION,2021-09-29T15:23:16.850Z,2021,-70.471672,19.753749,27,14d5676a-2c54-4f94-9023-1e8dcd822aa0,,,18,07,SOSÚA,011807,874cf242affffff
q-10510874303,3958252015,Sphagneticola trilobata,Sphagneticola trilobata (L.) Pruski,Asteraceae,Sphagneticola,SPECIES,HUMAN_OBSERVATION,2021-11-30T16:03:43.560Z,2021,-70.446403,19.776675,9,14d5676a-2c54-4f94-9023-1e8dcd822aa0,,,18,07,SOSÚA,011807,874cf242cffffff
q-10510874654,3958612268,Sphagneticola trilobata,Sphagneticola trilobata (L.) Pruski,Asteraceae,Sphagneticola,SPECIES,HUMAN_OBSERVATION,2021-11-30T16:05:13.470Z,2021,-70.44647,19.77669,10,14d5676a-2c54-4f94-9023-1e8dcd822aa0,,,18,07,SOSÚA,011807,874cf242cffffff
q-10510876844,3958252016,Tridax procumbens,Tridax procumbens L.,Asteraceae,Tridax,SPECIES,HUMAN_OBSERVATION,2021-11-30T16:14:06.223Z,2021,-70.446435,19.776885,12,14d5676a-2c54-4f94-9023-1e8dcd822aa0,,,18,07,SOSÚA,011807,874cf242cffffff
q-10510877325,3953986694,Tridax procumbens,Tridax procumbens L.,Asteraceae,Tridax,SPECIES,HUMAN_OBSERVATION,2021-11-30T16:16:07.928Z,2021,-70.446492,19.776672,4,14d5676a-2c54-4f94-9023-1e8dcd822aa0,,,18,07,SOSÚA,011807,874cf242cffffff
q-10510877818,3959609577,Tridax procumbens,Tridax procumbens L.,Asteraceae,Tridax,SPECIES,HUMAN_OBSERVATION,2021-11-30T16:18:04.586Z,2021,-70.446575,19.77674,4,14d5676a-2c54-4f94-9023-1e8dcd822aa0,,,18,07,SOSÚA,011807,874cf242cffffff
q-10510880583,3954040863,Urena lobata,Urena lobata L.,Malvaceae,Urena,SPECIES,HUMAN_OBSERVATION,2021-11-30T16:29:29.312Z,2021,-70.446402,19.77669,5,14d5676a-2c54-4f94-9023-1e8dcd822aa0,,,18,07,SOSÚA,011807,874cf242cffffff
q-10516373317,3956909275,Rhynchospora nervosa,Rhynchospora nervosa (Vahl) Boeckeler,Cyperaceae,Rhynchospora,SPECIES,HUMAN_OBSERVATION,2021-12-26T18:51:57.678Z,2021,-70.472842,19.756019,48,14d5676a-2c54-4f94-9023-1e8dcd822aa0,,,18,07,SOSÚA,011807,874cf242affffff
q-10519156753,3954005154,Callisia fragrans,Callisia fragrans (Lindl.) Woodson,Commelinaceae,Callisia,SPECIES,HUMAN_OBSERVATION,2022-01-08T05:31:19.500Z,2022,-70.463517,19.781125,5,14d5676a-2c54-4f94-9023-1e8dcd822aa0,,,18,07,SOSÚA,011807,874cf242effffff
q-10527305370,3953216241,Barringtonia asiatica,Barringtonia asiatica (L.) Kurz,Lecythidaceae,Barringtonia,SPECIES,HUMAN_OBSERVATION,2022-02-12T16:23:33.060Z,2022,-70.44282,19.779523,11,14d5676a-2c54-4f94-9023-1e8dcd822aa0,,,18,07,SOSÚA,011807,874cf242cffffff
q-10527305969,3960248878,Barringtonia asiatica,Barringtonia asiatica (L.) Kurz,Lecythidaceae,Barringtonia,SPECIES,HUMAN_OBSERVATION,2022-02-12T16:24:56.750Z,2022,-70.442882,19.779508,8,14d5676a-2c54-4f94-9023-1e8dcd822aa0,,,18,07,SOSÚA,011807,874cf242cffffff
q-10533433170,3956172644,Carica papaya,Carica papaya L.,Caricaceae,Carica,SPECIES,HUMAN_OBSERVATION,2022-03-04T20:48:53.631Z,2022,-70.450187,19.778919,NA,14d5676a-2c54-4f94-9023-1e8dcd822aa0,,,18,07,SOSÚA,011807,874cf242cffffff
q-10533433954,3952579654,Carica papaya,Carica papaya L.,Caricaceae,Carica,SPECIES,HUMAN_OBSERVATION,2022-03-04T20:53:17.585Z,2022,-70.450187,19.778919,NA,14d5676a-2c54-4f94-9023-1e8dcd822aa0,,,18,07,SOSÚA,011807,874cf242cffffff
q-10534610345,3958455169,Terminalia catappa,Terminalia catappa L.,Combretaceae,Terminalia,SPECIES,HUMAN_OBSERVATION,2022-03-08T01:04:19.606Z,2022,-70.445472,19.780083,8,14d5676a-2c54-4f94-9023-1e8dcd822aa0,,,18,07,SOSÚA,011807,874cf242cffffff
q-10543771572,3997892768,Caryota mitis,Caryota mitis Lour.,Arecaceae,Caryota,SPECIES,HUMAN_OBSERVATION,2022-03-27T20:40:05.205Z,2022,-70.517883,19.766288,56,14d5676a-2c54-4f94-9023-1e8dcd822aa0,,,18,07,SOSÚA,011807,874cf2406ffffff
q-10578779774,3955380254,Codiaeum variegatum,Codiaeum variegatum (L.) Rumph. ex A.Juss.,Euphorbiaceae,Codiaeum,SPECIES,HUMAN_OBSERVATION,2022-05-08T15:24:12.622Z,2022,-70.415353,19.749293,19,14d5676a-2c54-4f94-9023-1e8dcd822aa0,,,18,07,SOSÚA,011807,874cf255affffff
q-10583072601,3958298805,Caladium bicolor,Caladium bicolor (Aiton) Vent.,Araceae,Caladium,SPECIES,HUMAN_OBSERVATION,2022-05-12T12:34:08.581Z,2022,-70.415899,19.753409,11,14d5676a-2c54-4f94-9023-1e8dcd822aa0,,,18,07,SOSÚA,011807,874cf255affffff
q-10583074921,3952491613,Caladium bicolor,Caladium bicolor (Aiton) Vent.,Araceae,Caladium,SPECIES,HUMAN_OBSERVATION,2022-05-12T12:36:08.398Z,2022,-70.415899,19.753409,NA,14d5676a-2c54-4f94-9023-1e8dcd822aa0,,,18,07,SOSÚA,011807,874cf255affffff
q-10583078485,3956746253,Euphorbia milii,Euphorbia milii Des Moul.,Euphorbiaceae,Euphorbia,SPECIES,HUMAN_OBSERVATION,2022-05-12T12:39:04.399Z,2022,-70.415632,19.753036,11,14d5676a-2c54-4f94-9023-1e8dcd822aa0,,,18,07,SOSÚA,011807,874cf255affffff
q-10650504782,3956619775,Morinda citrifolia,Morinda citrifolia L.,Rubiaceae,Morinda,SPECIES,HUMAN_OBSERVATION,2022-07-15T22:33:30.680Z,2022,-70.516249,19.764797,8,14d5676a-2c54-4f94-9023-1e8dcd822aa0,,,18,07,SOSÚA,011807,874cf2400ffffff
q-10650986934,3952424137,Coccoloba uvifera,Coccoloba uvifera (L.) L.,Polygonaceae,Coccoloba,SPECIES,HUMAN_OBSERVATION,2022-07-16T14:19:28.603Z,2022,-70.462755,19.784124,5,14d5676a-2c54-4f94-9023-1e8dcd822aa0,,,18,07,SOSÚA,011807,874cf2421ffffff
q-10653520824,3953997101,Coccoloba uvifera,Coccoloba uvifera (L.) L.,Polygonaceae,Coccoloba,SPECIES,HUMAN_OBSERVATION,2022-07-19T16:24:00.995Z,2022,-70.518066,19.766754,11,14d5676a-2c54-4f94-9023-1e8dcd822aa0,,,18,07,SOSÚA,011807,874cf2406ffffff
q-10660060692,3957175171,Jatropha podagrica,Jatropha podagrica Hook.,Euphorbiaceae,Jatropha,SPECIES,HUMAN_OBSERVATION,2022-07-28T13:38:36.303Z,2022,-70.532599,19.742747,46,14d5676a-2c54-4f94-9023-1e8dcd822aa0,,,18,07,SOSÚA,011807,874cf241cffffff
q-10669122354,3998431575,Senna alata,Senna alata (L.) Roxb.,Fabaceae,Senna,SPECIES,HUMAN_OBSERVATION,2022-08-09T19:42:43.303Z,2022,-70.458206,19.657386,5,14d5676a-2c54-4f94-9023-1e8dcd822aa0,,,18,07,SOSÚA,011807,874cf24ecffffff
q-10669176739,3998719271,Chromolaena odorata,Chromolaena odorata (L.) R.M.King & H.Rob.,Asteraceae,Chromolaena,SPECIES,HUMAN_OBSERVATION,2022-08-09T22:53:20.627Z,2022,-70.507287,19.669847,12,14d5676a-2c54-4f94-9023-1e8dcd822aa0,,,18,07,SOSÚA,011807,874cf24e2ffffff
q-10671786114,3998979222,Cocos nucifera,Cocos nucifera L.,Arecaceae,Cocos,SPECIES,HUMAN_OBSERVATION,2022-08-13T20:40:12.507Z,2022,-70.415864,19.753895,32,14d5676a-2c54-4f94-9023-1e8dcd822aa0,,,18,07,SOSÚA,011807,874cf255affffff
q-10702579859,3998567917,Crossandra infundibuliformis,Crossandra infundibuliformis (L.) Nees,Acanthaceae,Crossandra,SPECIES,HUMAN_OBSERVATION,2022-10-03T18:01:14.556Z,2022,-70.495,19.768333,8,14d5676a-2c54-4f94-9023-1e8dcd822aa0,,,18,07,SOSÚA,011807,874cf2405ffffff
q-10706652685,3998710947,Coccoloba uvifera,Coccoloba uvifera (L.) L.,Polygonaceae,Coccoloba,SPECIES,HUMAN_OBSERVATION,2022-10-11T12:42:31.873Z,2022,-70.437408,19.775837,10,14d5676a-2c54-4f94-9023-1e8dcd822aa0,,,18,07,SOSÚA,011807,874cf242dffffff
q-10706653774,3998710948,Coccoloba uvifera,Coccoloba uvifera (L.) L.,Polygonaceae,Coccoloba,SPECIES,HUMAN_OBSERVATION,2022-10-11T12:44:22.953Z,2022,-70.43743,19.77582,5,14d5676a-2c54-4f94-9023-1e8dcd822aa0,,,18,07,SOSÚA,011807,874cf242dffffff
q-10706655055,3998533555,Morinda citrifolia,Morinda citrifolia L.,Rubiaceae,Morinda,SPECIES,HUMAN_OBSERVATION,2022-10-11T12:46:29.928Z,2022,-70.437432,19.775772,7,14d5676a-2c54-4f94-9023-1e8dcd822aa0,,,18,07,SOSÚA,011807,874cf242dffffff
q-10709459988,3999173698,Carica papaya,Carica papaya L.,Caricaceae,Carica,SPECIES,HUMAN_OBSERVATION,2022-10-16T19:23:31.508Z,2022,-70.450107,19.778875,26,14d5676a-2c54-4f94-9023-1e8dcd822aa0,,,18,07,SOSÚA,011807,874cf242cffffff
q-10710192732,3998404835,Psidium guajava,Psidium guajava L.,Myrtaceae,Psidium,SPECIES,HUMAN_OBSERVATION,2022-10-18T13:16:06.328Z,2022,-70.447107,19.778017,4,14d5676a-2c54-4f94-9023-1e8dcd822aa0,,,18,07,SOSÚA,011807,874cf242cffffff
q-10710210488,3999048578,Phyla nodiflora,Phyla nodiflora (L.) Greene,Verbenaceae,Phyla,SPECIES,HUMAN_OBSERVATION,2022-10-18T13:45:38.582Z,2022,-70.437079,19.775454,5,14d5676a-2c54-4f94-9023-1e8dcd822aa0,,,18,07,SOSÚA,011807,874cf242dffffff
q-10717257190,3998457902,Psidium guajava,Psidium guajava L.,Myrtaceae,Psidium,SPECIES,HUMAN_OBSERVATION,2022-11-02T15:19:23.149Z,2022,-70.416227,19.741249,1200,14d5676a-2c54-4f94-9023-1e8dcd822aa0,,,18,07,SOSÚA,011807,874cf2474ffffff
q-10717261659,3998611550,Bixa orellana,Bixa orellana L.,Bixaceae,Bixa,SPECIES,HUMAN_OBSERVATION,2022-11-02T15:26:59.355Z,2022,-70.416227,19.745521,1700,14d5676a-2c54-4f94-9023-1e8dcd822aa0,,,18,07,SOSÚA,011807,874cf2474ffffff
q-10724608514,3998665006,Lippia micromera,Lippia micromera Schauer,Verbenaceae,Lippia,SPECIES,HUMAN_OBSERVATION,2022-11-25T20:21:46.658Z,2022,-70.480129,19.76767,4,14d5676a-2c54-4f94-9023-1e8dcd822aa0,,,18,07,SOSÚA,011807,874cf2405ffffff
urn:catalog:MO:Tropicos:103711740,4945456067,Cyperus pedunculatus,Cyperus pedunculatus (R.Br.) J.Kern,Cyperaceae,Cyperus,SPECIES,PRESERVED_SPECIMEN,1987-06-26,1987,-70.416667,19.75,NA,7bd65a7a-f762-11e1-a439-00145eb45e9a,MO,Tropicos,18,07,SOSÚA,011807,874cf255affffff
urn:catalog:MO:Tropicos:2365986,1259672213,Lonchocarpus sericeus,Lonchocarpus domingensis (Turpin ex Pers.) DC.,Fabaceae,Lonchocarpus,SPECIES,PRESERVED_SPECIMEN,1992-11-16,1992,-70.38333,19.7,NA,7bd65a7a-f762-11e1-a439-00145eb45e9a,MO,Tropicos,18,07,SOSÚA,011807,874cf2444ffffff
urn:catalog:MO:Tropicos:2417021,1259728723,Stigmaphyllon bannisterioides,Stigmaphyllon bannisterioides (L.) C.E.Anderson,Malpighiaceae,Stigmaphyllon,SPECIES,PRESERVED_SPECIMEN,1992-11-16,1992,-70.38333,19.7,NA,7bd65a7a-f762-11e1-a439-00145eb45e9a,MO,Tropicos,18,07,SOSÚA,011807,874cf2444ffffff
urn:catalog:MO:Tropicos:2570283,1259897922,Cornutia pyramidata,Cornutia pyramidata L.,Lamiaceae,Cornutia,SPECIES,PRESERVED_SPECIMEN,1987-06-26,1987,-70.41666,19.75,NA,7bd65a7a-f762-11e1-a439-00145eb45e9a,MO,Tropicos,18,07,SOSÚA,011807,874cf255affffff
urn:catalog:MO:Tropicos:2570892,1259898677,Cornutia pyramidata,Cornutia pyramidata L.,Lamiaceae,Cornutia,SPECIES,PRESERVED_SPECIMEN,1987-06-26,1987,-70.41666,19.75,NA,7bd65a7a-f762-11e1-a439-00145eb45e9a,MO,Tropicos,18,07,SOSÚA,011807,874cf255affffff
urn:catalog:MO:Tropicos:2586192,1259915602,Scaevola plumieri,Scaevola plumieri (L.) Vahl,Goodeniaceae,Scaevola,SPECIES,PRESERVED_SPECIMEN,1987-06-26,1987,-70.41666,19.75,NA,7bd65a7a-f762-11e1-a439-00145eb45e9a,MO,Tropicos,18,07,SOSÚA,011807,874cf255affffff
urn:catalog:MO:Tropicos:3407886,1260821986,Urera sinuata,Urera sinuata Wedd.,Urticaceae,Urera,SPECIES,PRESERVED_SPECIMEN,1992-11-16,1992,-70.43333,19.75,NA,7bd65a7a-f762-11e1-a439-00145eb45e9a,MO,Tropicos,18,07,SOSÚA,011807,874cf2429ffffff
urn:catalog:MO:Tropicos:3461686,1260881566,Andrographis paniculata,Andrographis paniculata (Burm.fil.) Nees,Acanthaceae,Andrographis,SPECIES,PRESERVED_SPECIMEN,1999-03-01,1999,-70.45,19.7175,NA,7bd65a7a-f762-11e1-a439-00145eb45e9a,MO,Tropicos,18,07,SOSÚA,011807,874cf2409ffffff
urn:uuid:d812f9c4-106b-4df6-9eb6-80a19e369da3,1563614499,Ipomoea batatas,Ipomoea batatas (L.) Lam.,Convolvulaceae,Ipomoea,SPECIES,LIVING_SPECIMEN,1986-07,1986,-70.5,19.6,NA,33795d9d-3f94-4b0e-a2f6-d3a03cfce7aa,ITAl001|PER0001,,18,07,SOSÚA,011807,874cf24caffffff
urn:uuid:e0ad5c70-c355-490c-a0d4-7f1ae12209cf,1563619743,Ipomoea batatas,Ipomoea batatas (L.) Lam.,Convolvulaceae,Ipomoea,SPECIES,LIVING_SPECIMEN,1986-07,1986,-70.5,19.6,NA,33795d9d-3f94-4b0e-a2f6-d3a03cfce7aa,ITAl001|PER0001,,18,07,SOSÚA,011807,874cf24caffffff
