occurrenceID,gbifID,especie,scientificName,family,genus,taxonRank,basisOfRecord,eventDate,year,decimalLongitude,decimalLatitude,coordinateUncertaintyInMeters,datasetKey,institutionCode,collectionCode,provincia_codigo,municipio_codigo,municipio,id_municipio,hex_id
005693BD-967E-4F66-AAA2-DE9DEFBB21AE,1503210909,Cyperus luzulae,Cyperus luzulae (L.) Retz.,Cyperaceae,Cyperus,SPECIES,PRESERVED_SPECIMEN,1980-05-07,1980,-68.8833,18.4333,NA,af1b4db0-c8ce-4a95-b700-8a6a02bed9d6,USF,Herb,11,02,SAN RAFAEL DEL YUMA,081102,874cd5b2dffffff
009D4EFA-C9AD-4E11-9587-F951A19C1BA8,1503210890,Ficus citrifolia,Ficus citrifolia Mill.,Moraceae,Ficus,SPECIES,PRESERVED_SPECIMEN,1980-05-07,1980,-68.8833,18.4333,NA,af1b4db0-c8ce-4a95-b700-8a6a02bed9d6,USF,Herb,11,02,SAN RAFAEL DEL YUMA,081102,874cd5b2dffffff
00aa83fd-de38-4e60-8bb8-05cb60bf88b8,1927778366,Ficus citrifolia,Ficus citrifolia Mill.,Moraceae,Ficus,SPECIES,PRESERVED_SPECIMEN,1981-02-06,1981,-68.58,18.375,NA,d415c253-4d61-4459-9d25-4015b9084fb0,NY,NY,11,02,SAN RAFAEL DEL YUMA,081102,874cc6718ffffff
01ca5573-5c4d-4af4-a605-3c372d5f6faa,1927792599,Fissidens zollingeri,Fissidens zollingeri Mont.,Fissidentaceae,Fissidens,SPECIES,PRESERVED_SPECIMEN,1981-03-30,1981,-68.62,18.35,NA,d415c253-4d61-4459-9d25-4015b9084fb0,NY,NY,11,02,SAN RAFAEL DEL YUMA,081102,874cc6636ffffff
02722383-2fc2-4270-84f6-c0abf2df5e0e,1927805774,Cynophalla amplissima,Cynophalla amplissima (Lam.) Iltis & Cornejo,Capparaceae,Cynophalla,SPECIES,PRESERVED_SPECIMEN,1981-02-05,1981,-68.62,18.38,NA,d415c253-4d61-4459-9d25-4015b9084fb0,NY,NY,11,02,SAN RAFAEL DEL YUMA,081102,874cc67adffffff
02779e99-7edc-48f1-b98a-7ab8a7fb97a7,1927802339,Senna mexicana,Senna mexicana var. berteriana (Balb. ex DC.) H.S.Irwin & Barneby,Fabaceae,Senna,VARIETY,PRESERVED_SPECIMEN,1991-01-22,1991,-68.83,18.38,NA,d415c253-4d61-4459-9d25-4015b9084fb0,NY,NY,11,02,SAN RAFAEL DEL YUMA,081102,874cd5b62ffffff
031af14e-fe66-4350-8a86-d8c247728b52,1927811131,Theophrasta americana,Theophrasta americana L.,Primulaceae,Theophrasta,SPECIES,PRESERVED_SPECIMEN,1980-04-14,1980,-68.72,18.47,NA,d415c253-4d61-4459-9d25-4015b9084fb0,NY,NY,11,02,SAN RAFAEL DEL YUMA,081102,874cc645effffff
03270165-81EF-4C3A-834B-944C39765872,123023914,Zanthoxylum flavum,Zanthoxylum flavum Vahl,Rutaceae,Zanthoxylum,SPECIES,PRESERVED_SPECIMEN,1981-07-07,1981,-68.8833,18.4167,NA,832cb04e-f762-11e1-a439-00145eb45e9a,FTG,Herbarium,11,02,SAN RAFAEL DEL YUMA,081102,874cd5b29ffffff
0348ce66-d729-41af-b4c0-e9543beed7c9,1927815549,Zanthoxylum schreberi,Zanthoxylum monophyllum (Lam.) P.Wilson,Rutaceae,Zanthoxylum,SPECIES,PRESERVED_SPECIMEN,1981-10-07,1981,-68.77,18.2583,NA,d415c253-4d61-4459-9d25-4015b9084fb0,NY,NY,11,02,SAN RAFAEL DEL YUMA,081102,874cc6690ffffff
03cb3c62-9d63-4a0c-8013-5c6e2ecd9cb4,1927822488,Entodontopsis leucostega,Entodontopsis leucostega (Brid.) W.R. Buck & Ireland,Stereophyllaceae,Entodontopsis,SPECIES,PRESERVED_SPECIMEN,1981-03-30,1981,-68.62,18.35,NA,d415c253-4d61-4459-9d25-4015b9084fb0,NY,NY,11,02,SAN RAFAEL DEL YUMA,081102,874cc6636ffffff
04261920-194d-4f18-988f-0e305f449dd4,4075503486,Gracilaria mammillaris,Gracilaria mammillaris (Mont.) M. Howe,Gracilariaceae,Gracilaria,SPECIES,PRESERVED_SPECIMEN,1972-05-03,1972,-68.603686,18.379103,2000,63e79196-626f-41a5-9871-0c29135ccd09,PH,,11,02,SAN RAFAEL DEL YUMA,081102,874cc671affffff
04671124-e31e-4063-892b-d57607f15fc2,1927830262,Sapindus saponaria,Sapindus saponaria L.,Sapindaceae,Sapindus,SPECIES,PRESERVED_SPECIMEN,1981-02-04,1981,-68.62,18.35,NA,d415c253-4d61-4459-9d25-4015b9084fb0,NY,NY,11,02,SAN RAFAEL DEL YUMA,081102,874cc6636ffffff
04B5A6D4-C131-4B45-B0FE-964AF17D1B03,122939592,Duranta erecta,Duranta erecta L.,Verbenaceae,Duranta,SPECIES,PRESERVED_SPECIMEN,1981-02-06,1981,-68.5833,18.375,NA,832cb04e-f762-11e1-a439-00145eb45e9a,FTG,Herbarium,11,02,SAN RAFAEL DEL YUMA,081102,874cc6718ffffff
04d6f1a2-65c2-4f48-8f37-dce4749ad26a,1927836138,Sideroxylon salicifolium,Sideroxylon salicifolium (L.) Lam.,Sapotaceae,Sideroxylon,SPECIES,PRESERVED_SPECIMEN,1980-05-07,1980,-68.83,18.35,NA,d415c253-4d61-4459-9d25-4015b9084fb0,NY,NY,11,02,SAN RAFAEL DEL YUMA,081102,874cd5b40ffffff
050b0c23-8f91-412f-ae10-eeee43cb27b1,1927838829,Sideroxylon foetidissimum,Sideroxylon foetidissimum Jacq.,Sapotaceae,Sideroxylon,SPECIES,PRESERVED_SPECIMEN,1987-05-15,1987,-68.88,18.4,NA,d415c253-4d61-4459-9d25-4015b9084fb0,NY,NY,11,02,SAN RAFAEL DEL YUMA,081102,874cd5b76ffffff
0562a79a-2884-40e5-8794-8f89c3a90708,1927843822,Zanthoxylum schreberi,Zanthoxylum monophyllum (Lam.) P.Wilson,Rutaceae,Zanthoxylum,SPECIES,PRESERVED_SPECIMEN,1987-05-15,1987,-68.88,18.4,NA,d415c253-4d61-4459-9d25-4015b9084fb0,NY,NY,11,02,SAN RAFAEL DEL YUMA,081102,874cd5b76ffffff
087c4c89-bb7c-443c-adb1-f2634871de43,1927887493,Scoparia dulcis,Scoparia dulcis L.,Plantaginaceae,Scoparia,SPECIES,PRESERVED_SPECIMEN,1981-02-05,1981,-68.62,18.4,NA,d415c253-4d61-4459-9d25-4015b9084fb0,NY,NY,11,02,SAN RAFAEL DEL YUMA,081102,874cc6713ffffff
0896c392-030e-4d8d-a967-f5dabf5d50f3,1927889613,Aristolochia adiastola,Aristolochia adiastola G.A.Romero & Elad.Fernández,Aristolochiaceae,Aristolochia,SPECIES,PRESERVED_SPECIMEN,1981-02-05,1981,-68.62,18.38,NA,d415c253-4d61-4459-9d25-4015b9084fb0,NY,NY,11,02,SAN RAFAEL DEL YUMA,081102,874cc67adffffff
0918d71c-3fb6-4e32-bc2f-d10f23036e3f,1927896306,Pavonia fruticosa,Pavonia fruticosa (Mill.) Fawc. & Rendle,Malvaceae,Pavonia,SPECIES,PRESERVED_SPECIMEN,1981-02-05,1981,-68.62,18.4,NA,d415c253-4d61-4459-9d25-4015b9084fb0,NY,NY,11,02,SAN RAFAEL DEL YUMA,081102,874cc6713ffffff
091c42f1-8aa6-4d06-b9db-78dc9c22a367,1927896476,Fissidens zollingeri,Fissidens zollingeri Mont.,Fissidentaceae,Fissidens,SPECIES,PRESERVED_SPECIMEN,1981-03-30,1981,-68.62,18.38,NA,d415c253-4d61-4459-9d25-4015b9084fb0,NY,NY,11,02,SAN RAFAEL DEL YUMA,081102,874cc67adffffff
09454778-f932-43b4-980c-25da93bbb09a,1927898798,Paramollugo nudicaulis,Mollugo nudicaulis Lam.,Molluginaceae,Paramollugo,SPECIES,PRESERVED_SPECIMEN,1968-08-22,1968,-68.614383,18.377242,1662,d415c253-4d61-4459-9d25-4015b9084fb0,NY,NY,11,02,SAN RAFAEL DEL YUMA,081102,874cc671affffff
09D84E52-4032-4675-BF14-C1FE793B57FD,1503275453,Reynosia jamaicensis,Reynosia jamaicensis M.C.Johnst.,Rhamnaceae,Reynosia,SPECIES,PRESERVED_SPECIMEN,2001-07-26,2001,-68.6161,18.3575,NA,af1b4db0-c8ce-4a95-b700-8a6a02bed9d6,USF,Herb,11,02,SAN RAFAEL DEL YUMA,081102,874cc6634ffffff
09b4b0ef-1606-45e2-a170-7c5896f7ed61,1927904491,Euphorbia prostrata,Euphorbia prostrata Aiton,Euphorbiaceae,Euphorbia,SPECIES,PRESERVED_SPECIMEN,1981-02-04,1981,-68.6,18.38,NA,d415c253-4d61-4459-9d25-4015b9084fb0,NY,NY,11,02,SAN RAFAEL DEL YUMA,081102,874cc671affffff
09d4e206-d14e-4d5d-acd2-d1129d48ea94,4528435310,Asclepias nivea,Asclepias nivea L.,Apocynaceae,Asclepias,SPECIES,PRESERVED_SPECIMEN,2007-01-11,2007,-68.60176,18.38897,NA,cd096ec0-a8a0-4c65-92cc-48b00fb934ce,TEX,TEX,11,02,SAN RAFAEL DEL YUMA,081102,874cc671effffff
09e34ebb-e6fe-4750-b718-ba3f72694033,1927907962,Eugenia axillaris,Eugenia axillaris (Sw.) Willd.,Myrtaceae,Eugenia,SPECIES,PRESERVED_SPECIMEN,1981-10-08,1981,-68.6417,18.22,NA,d415c253-4d61-4459-9d25-4015b9084fb0,NY,NY,11,02,SAN RAFAEL DEL YUMA,081102,874cc668dffffff
0a11ed7b-a81d-47aa-a26d-9f520db3114a,1927909734,Erythroxylum brevipes,Erythroxylum brevipes DC.,Erythroxylaceae,Erythroxylum,SPECIES,PRESERVED_SPECIMEN,2004-05-27,2004,-68.8117,18.3328,NA,d415c253-4d61-4459-9d25-4015b9084fb0,NY,NY,11,02,SAN RAFAEL DEL YUMA,081102,874cd5b41ffffff
0a33e6af-deb5-464f-93ce-86102cc5e17c,1927912444,Rousselia humilis,Rousselia humilis (Sw.) Urb.,Urticaceae,Rousselia,SPECIES,PRESERVED_SPECIMEN,1968-08-22,1968,-68.614383,18.377242,1662,d415c253-4d61-4459-9d25-4015b9084fb0,NY,NY,11,02,SAN RAFAEL DEL YUMA,081102,874cc671affffff
0abceef7-7b0e-48cd-9217-c0d5075efa22,1927919690,Adiantum fragile,Adiantum fragile Sw.,Pteridaceae,Adiantum,SPECIES,PRESERVED_SPECIMEN,1981-02-05,1981,-68.6,18.38,NA,d415c253-4d61-4459-9d25-4015b9084fb0,NY,NY,11,02,SAN RAFAEL DEL YUMA,081102,874cc671affffff
0aef14b9-0a2e-489d-9894-1dcf7e6b5e29,1927921673,Weissia breutelii,Weissia breutelii Müll. Hal.,Pottiaceae,Weissia,SPECIES,PRESERVED_SPECIMEN,1981-02-05,1981,-68.62,18.4,NA,d415c253-4d61-4459-9d25-4015b9084fb0,NY,NY,11,02,SAN RAFAEL DEL YUMA,081102,874cc6713ffffff
0b1e798d-d1b3-4456-8b00-cdf2181163e3,1927924682,Cynophalla flexuosa,Cynophalla flexuosa (L.) J.Presl,Capparaceae,Cynophalla,SPECIES,PRESERVED_SPECIMEN,1981-02-04,1981,-68.62,18.35,NA,d415c253-4d61-4459-9d25-4015b9084fb0,NY,NY,11,02,SAN RAFAEL DEL YUMA,081102,874cc6636ffffff
0b4ce7ea-ba6f-482e-b0b6-82053de9af9e,1927927410,Guapira brevipetiolata,Guapira brevipetiolata (Heimerl) Alain,Nyctaginaceae,Guapira,SPECIES,PRESERVED_SPECIMEN,1985-10-25,1985,-68.75,18.23,NA,d415c253-4d61-4459-9d25-4015b9084fb0,NY,NY,11,02,SAN RAFAEL DEL YUMA,081102,874cc669effffff
0cd812b1-3711-43aa-a9b9-06b8c4c4d144,1927948963,Broughtonia domingensis,Broughtonia domingensis (Lindl.) Rolfe,Orchidaceae,Broughtonia,SPECIES,PRESERVED_SPECIMEN,1981-02-06,1981,-68.58,18.375,NA,d415c253-4d61-4459-9d25-4015b9084fb0,NY,NY,11,02,SAN RAFAEL DEL YUMA,081102,874cc6718ffffff
0d0f6a44-d0ec-4edd-a2ea-13d24ea8e448,1927952411,Codium isthmocladum,"Codium isthmocladum Vickers, 1905",Codiaceae,Codium,SPECIES,PRESERVED_SPECIMEN,1972-05-03,1972,-68.610919,18.373696,1091.57,d415c253-4d61-4459-9d25-4015b9084fb0,NY,NY,11,02,SAN RAFAEL DEL YUMA,081102,874cc671affffff
0d713bbc-9b56-49df-87ac-821c7c9bc607,1927958160,Sida rhombifolia,Sida rhombifolia L.,Malvaceae,Sida,SPECIES,PRESERVED_SPECIMEN,1981-02-05,1981,-68.62,18.4,NA,d415c253-4d61-4459-9d25-4015b9084fb0,NY,NY,11,02,SAN RAFAEL DEL YUMA,081102,874cc6713ffffff
0e2247fd-1e71-4254-b250-82bff846eb40,1927967379,Microtea debilis,Microtea debilis Sw.,Microteaceae,Microtea,SPECIES,PRESERVED_SPECIMEN,1975-05-31,1975,-68.615723,18.37727,1551.57,d415c253-4d61-4459-9d25-4015b9084fb0,NY,NY,11,02,SAN RAFAEL DEL YUMA,081102,874cc671affffff
0e8890b8-92e3-48f1-8140-4da78622768d,1927973318,Senna mexicana,Senna mexicana var. mexicana,Fabaceae,Senna,VARIETY,PRESERVED_SPECIMEN,1985-01-10,1985,-68.83,18.37,NA,d415c253-4d61-4459-9d25-4015b9084fb0,NY,NY,11,02,SAN RAFAEL DEL YUMA,081102,874cd5b44ffffff
0f747bc0-840a-4510-bd7b-e2061dcfd1e3,1927985821,Pavonia paludicola,Pavonia paludicola Nicolson ex Fryxell,Malvaceae,Pavonia,SPECIES,PRESERVED_SPECIMEN,1981-02-05,1981,-68.6,18.38,NA,d415c253-4d61-4459-9d25-4015b9084fb0,NY,NY,11,02,SAN RAFAEL DEL YUMA,081102,874cc671affffff
0f95f0e4-4ef3-4551-b815-85e4961764fa,1927988341,Guazuma ulmifolia,Guazuma ulmifolia Lam.,Malvaceae,Guazuma,SPECIES,PRESERVED_SPECIMEN,1980-04-14,1980,-68.72,18.47,NA,d415c253-4d61-4459-9d25-4015b9084fb0,NY,NY,11,02,SAN RAFAEL DEL YUMA,081102,874cc645effffff
0fcba2b9-90ac-402a-adcd-4ff27056529a,1927990312,Cyperus alternifolius,Cyperus alternifolius L.,Cyperaceae,Cyperus,SPECIES,PRESERVED_SPECIMEN,1983-11-22,1983,-68.88,18.43,NA,d415c253-4d61-4459-9d25-4015b9084fb0,NY,NY,11,02,SAN RAFAEL DEL YUMA,081102,874cd5b2dffffff
103a1759-c6c0-4585-8c40-18c8dabfc758,1927997005,Cubanola domingensis,Cubanola domingensis (Britton) Aiello,Rubiaceae,Cubanola,SPECIES,PRESERVED_SPECIMEN,1981-10-06,1981,-68.8,18.325,NA,d415c253-4d61-4459-9d25-4015b9084fb0,NY,NY,11,02,SAN RAFAEL DEL YUMA,081102,874cd5b4cffffff
1131EC4A-BAB7-4B69-96AB-3BC83EB77668,123018106,Trichostigma octandrum,Trichostigma octandrum (L.) H.Walter,Petiveriaceae,Trichostigma,SPECIES,PRESERVED_SPECIMEN,1981-02-05,1981,-68.6167,18.3833,NA,832cb04e-f762-11e1-a439-00145eb45e9a,FTG,Herbarium,11,02,SAN RAFAEL DEL YUMA,081102,874cc67adffffff
1236703c-d25e-49bb-ae8b-c7f9a97c7e24,1928024915,Ruehssia linearis,Marsdenia linearis Decne.,Apocynaceae,Ruehssia,SPECIES,PRESERVED_SPECIMEN,1981-02-05,1981,-68.6,18.38,NA,d415c253-4d61-4459-9d25-4015b9084fb0,NY,NY,11,02,SAN RAFAEL DEL YUMA,081102,874cc671affffff
13200ca6-d146-43c4-8f67-5354fc461e66,1928037537,Crossopetalum rhacoma,Crossopetalum rhacoma Crantz,Celastraceae,Crossopetalum,SPECIES,PRESERVED_SPECIMEN,1981-02-05,1981,-68.6,18.38,NA,d415c253-4d61-4459-9d25-4015b9084fb0,NY,NY,11,02,SAN RAFAEL DEL YUMA,081102,874cc671affffff
142a49ac-6677-4057-a1e5-a16bf42f54ae,1928052803,Hyophiladelphus agrarius,Hyophiladelphus agrarius (Hedw.) R.H. Zander,Pottiaceae,Hyophiladelphus,SPECIES,PRESERVED_SPECIMEN,1981-03-30,1981,-68.83,18.42,NA,d415c253-4d61-4459-9d25-4015b9084fb0,NY,NY,11,02,SAN RAFAEL DEL YUMA,081102,874cc64d8ffffff
14523d3b-6d25-4406-b057-aa4cfad47c5a,1928054478,Pecluma M.G.Price,Pecluma M.G.Price,Polypodiaceae,Pecluma,GENUS,PRESERVED_SPECIMEN,1982-01-28,1982,-68.83,18.38,NA,d415c253-4d61-4459-9d25-4015b9084fb0,NY,NY,11,02,SAN RAFAEL DEL YUMA,081102,874cd5b62ffffff
145f3bc5-7a94-4522-b529-72ed733acf92,1928056045,Trichostigma octandrum,Trichostigma octandrum (L.) H.Walter,Petiveriaceae,Trichostigma,SPECIES,PRESERVED_SPECIMEN,1980-05-07,1980,-68.88,18.43,NA,d415c253-4d61-4459-9d25-4015b9084fb0,NY,NY,11,02,SAN RAFAEL DEL YUMA,081102,874cd5b2dffffff
146b32ff-361e-489f-bcae-c8f35a79b450,1928056567,Echites umbellatus,Echites umbellatus Jacq.,Apocynaceae,Echites,SPECIES,PRESERVED_SPECIMEN,1981-02-04,1981,-68.6,18.38,NA,d415c253-4d61-4459-9d25-4015b9084fb0,NY,NY,11,02,SAN RAFAEL DEL YUMA,081102,874cc671affffff
152182d5-56dc-4a3a-b3a5-44c7833ab5c2,1928065689,Cojoba arborea,Cojoba arborea var. cubensis (Bisse) Barneby & J.W.Grimes,Fabaceae,Cojoba,VARIETY,PRESERVED_SPECIMEN,1986-01-18,1986,-68.62,18.375,NA,d415c253-4d61-4459-9d25-4015b9084fb0,NY,NY,11,02,SAN RAFAEL DEL YUMA,081102,874cc67a9ffffff
15bcb795-b2ae-4a4c-abb4-3a138d0d8e9a,1928074650,Eleusine indica,Eleusine indica (L.) Gaertn.,Poaceae,Eleusine,SPECIES,PRESERVED_SPECIMEN,1980-05-07,1980,-68.88,18.43,NA,d415c253-4d61-4459-9d25-4015b9084fb0,NY,NY,11,02,SAN RAFAEL DEL YUMA,081102,874cd5b2dffffff
1611ea5a-1f20-4083-a484-be3b8aab617e,1928079139,Zapoteca portoricensis,Zapoteca portoricensis subsp. portoricensis,Fabaceae,Zapoteca,SUBSPECIES,PRESERVED_SPECIMEN,1968-08-22,1968,-68.614383,18.377242,1662,d415c253-4d61-4459-9d25-4015b9084fb0,NY,NY,11,02,SAN RAFAEL DEL YUMA,081102,874cc671affffff
1688bc74-cf94-4850-892e-37c553928168,1928085606,Plumeria obtusa,Plumeria obtusa L.,Apocynaceae,Plumeria,SPECIES,PRESERVED_SPECIMEN,1981-02-06,1981,-68.58,18.375,NA,d415c253-4d61-4459-9d25-4015b9084fb0,NY,NY,11,02,SAN RAFAEL DEL YUMA,081102,874cc6718ffffff
170ae1c9-e1fd-405d-9db6-cb60eab7a93c,1928092918,Erythroxylum areolatum,Erythroxylum areolatum L.,Erythroxylaceae,Erythroxylum,SPECIES,PRESERVED_SPECIMEN,1985-06-20,1985,-68.62,18.3681,NA,d415c253-4d61-4459-9d25-4015b9084fb0,NY,NY,11,02,SAN RAFAEL DEL YUMA,081102,874cc67a9ffffff
1779C226-6257-4AD4-8FA9-4DB688F9E866,123003054,Sapindus saponaria,Sapindus saponaria L.,Sapindaceae,Sapindus,SPECIES,PRESERVED_SPECIMEN,,NA,-68.673,18.43,301,832cb04e-f762-11e1-a439-00145eb45e9a,FTG,Herbarium,11,02,SAN RAFAEL DEL YUMA,081102,874cc67a0ffffff
183ee9e8-59d5-41c3-a717-32fab4335aa2,1928110736,Adenanthera pavonina,Adenanthera pavonina L.,Fabaceae,Adenanthera,SPECIES,PRESERVED_SPECIMEN,1978-07-23,1978,-68.61539,18.377341,1601.57,d415c253-4d61-4459-9d25-4015b9084fb0,NY,NY,11,02,SAN RAFAEL DEL YUMA,081102,874cc671affffff
186dc169-fae1-4692-be73-f873ee9df8c6,1928111918,Hymenachne amplexicaulis,Hymenachne amplexicaulis (Rudge) Nees,Poaceae,Hymenachne,SPECIES,PRESERVED_SPECIMEN,1980-05-07,1980,-68.88,18.43,NA,d415c253-4d61-4459-9d25-4015b9084fb0,NY,NY,11,02,SAN RAFAEL DEL YUMA,081102,874cd5b2dffffff
1890415c-d531-48fd-a89e-809590d78bfc,1928115286,Heliotropium angiospermum,Heliotropium angiospermum Murray,Heliotropiaceae,Heliotropium,SPECIES,PRESERVED_SPECIMEN,1981-02-05,1981,-68.62,18.38,NA,d415c253-4d61-4459-9d25-4015b9084fb0,NY,NY,11,02,SAN RAFAEL DEL YUMA,081102,874cc67adffffff
18DB70C3-247B-483A-B206-173C036E79BF,122954331,Hamelia patens,Hamelia patens Jacq.,Rubiaceae,Hamelia,SPECIES,PRESERVED_SPECIMEN,1980-11-21,1980,-68.8333,18.3667,NA,832cb04e-f762-11e1-a439-00145eb45e9a,FTG,Herbarium,11,02,SAN RAFAEL DEL YUMA,081102,874cd5b44ffffff
18a83b40-11e0-46e4-9e7b-c1fe37b09ba1,1928115520,Paraleonurus sibiricus,Leonurus sibiricus L.,Lamiaceae,Paraleonurus,SPECIES,PRESERVED_SPECIMEN,1981-02-05,1981,-68.62,18.4,NA,d415c253-4d61-4459-9d25-4015b9084fb0,NY,NY,11,02,SAN RAFAEL DEL YUMA,081102,874cc6713ffffff
18b93d81-0386-4a22-a5fe-df9354d7f6e9,1928116078,Siphonocladus tropicus,"Siphonocladus tropicus Schmitz, 1879",Siphonocladaceae,Siphonocladus,SPECIES,PRESERVED_SPECIMEN,1972-05-03,1972,-68.610919,18.373696,1091.57,d415c253-4d61-4459-9d25-4015b9084fb0,NY,NY,11,02,SAN RAFAEL DEL YUMA,081102,874cc671affffff
1935ed0b-7b54-46fa-8f36-468ad0a0b452,1928122898,Hypnea spinella,Hypnea spinella (C. Agardh) Kuetzing,Cystocloniaceae,Hypnea,SPECIES,PRESERVED_SPECIMEN,1972-05-03,1972,-68.610919,18.373696,1091.57,d415c253-4d61-4459-9d25-4015b9084fb0,NY,NY,11,02,SAN RAFAEL DEL YUMA,081102,874cc671affffff
1970dc7e-c387-4bde-b356-f40687091d0e,1928127913,Synedrella nodiflora,Synedrella nodiflora (L.) Gaertn.,Asteraceae,Synedrella,SPECIES,PRESERVED_SPECIMEN,1983-11-22,1983,-68.62,18.4,NA,d415c253-4d61-4459-9d25-4015b9084fb0,NY,NY,11,02,SAN RAFAEL DEL YUMA,081102,874cc6713ffffff
19e19c09-f823-4924-a4ea-4f9ef2a09468,1928132341,Schaefferia frutescens,Schaefferia frutescens Jacq.,Celastraceae,Schaefferia,SPECIES,PRESERVED_SPECIMEN,1981-10-06,1981,-68.78,18.325,NA,d415c253-4d61-4459-9d25-4015b9084fb0,NY,NY,11,02,SAN RAFAEL DEL YUMA,081102,874cd5b6bffffff
1DFDFAD9-3596-45C5-B2E7-420FB8B46AF9,123005066,Savia sessiliflora,Savia sessiliflora (Sw.) Willd.,Phyllanthaceae,Savia,SPECIES,PRESERVED_SPECIMEN,1981-02-05,1981,-68.6167,18.4,NA,832cb04e-f762-11e1-a439-00145eb45e9a,FTG,Herbarium,11,02,SAN RAFAEL DEL YUMA,081102,874cc6713ffffff
1FADFB8E-63C0-4E5D-A949-E4D258A8EA68,2859247510,Campyloneurum phyllitidis,Campyloneurum phyllitidis (L.) C.Presl,Polypodiaceae,Campyloneurum,SPECIES,PRESERVED_SPECIMEN,1992-07-04,1992,-68.85,18.383333,NA,f3f03cbf-1a01-4739-ae15-c1355b8c2dbf,CM,botany,11,02,SAN RAFAEL DEL YUMA,081102,874cd5b70ffffff
1ad128fd-f483-4811-9e96-c0bcab02d532,1928145749,Crescentia cujete,Crescentia cujete L.,Bignoniaceae,Crescentia,SPECIES,PRESERVED_SPECIMEN,1981-02-04,1981,-68.62,18.35,NA,d415c253-4d61-4459-9d25-4015b9084fb0,NY,NY,11,02,SAN RAFAEL DEL YUMA,081102,874cc6636ffffff
1b2a3a8d-cec5-4867-9c65-778aacbf6bce,1928150707,Asplenium dentatum,Asplenium dentatum L.,Aspleniaceae,Asplenium,SPECIES,PRESERVED_SPECIMEN,1981-02-05,1981,-68.62,18.4,NA,d415c253-4d61-4459-9d25-4015b9084fb0,NY,NY,11,02,SAN RAFAEL DEL YUMA,081102,874cc6713ffffff
1b76d99c-b2e3-4178-bb77-43ecafbfc1b1,1928154534,Sida acuta,Sida acuta Burm.fil.,Malvaceae,Sida,SPECIES,PRESERVED_SPECIMEN,1981-02-04,1981,-68.62,18.35,NA,d415c253-4d61-4459-9d25-4015b9084fb0,NY,NY,11,02,SAN RAFAEL DEL YUMA,081102,874cc6636ffffff
1d0355ce-328d-42fd-b478-fb4b38e68f34,1928179890,Guilandina bonduc,Guilandina bonduc L.,Fabaceae,Guilandina,SPECIES,PRESERVED_SPECIMEN,1981-10-07,1981,-68.77,18.2583,NA,d415c253-4d61-4459-9d25-4015b9084fb0,NY,NY,11,02,SAN RAFAEL DEL YUMA,081102,874cc6690ffffff
1d85fecd-3af4-462a-991d-37c6fc2d0659,1928187162,Cissus obovata,Cissus obovata Vahl,Vitaceae,Cissus,SPECIES,PRESERVED_SPECIMEN,1968-08-22,1968,-68.614383,18.377242,1662,d415c253-4d61-4459-9d25-4015b9084fb0,NY,NY,11,02,SAN RAFAEL DEL YUMA,081102,874cc671affffff
1f8e6366-1f08-4733-9687-4109b69a7227,1928215854,Psychilis truncata,Psychilis truncata (Cogn.) Sauleda,Orchidaceae,Psychilis,SPECIES,PRESERVED_SPECIMEN,1981-02-06,1981,-68.58,18.375,NA,d415c253-4d61-4459-9d25-4015b9084fb0,NY,NY,11,02,SAN RAFAEL DEL YUMA,081102,874cc6718ffffff
1fa5f27c-6f53-4660-aafd-897c98bbc5d1,1928217067,Gouania lupuloides,Gouania lupuloides (L.) Urb.,Rhamnaceae,Gouania,SPECIES,PRESERVED_SPECIMEN,1981-02-05,1981,-68.62,18.38,NA,d415c253-4d61-4459-9d25-4015b9084fb0,NY,NY,11,02,SAN RAFAEL DEL YUMA,081102,874cc67adffffff
202d54cf-6b76-419c-9222-55b39532907b,1928224749,Crotalaria retusa,Crotalaria retusa L.,Fabaceae,Crotalaria,SPECIES,PRESERVED_SPECIMEN,1981-02-05,1981,-68.62,18.4,NA,d415c253-4d61-4459-9d25-4015b9084fb0,NY,NY,11,02,SAN RAFAEL DEL YUMA,081102,874cc6713ffffff
2097f12a-9204-49f2-bc00-3e32bb05d884,1928230839,Corchorus aestuans,Corchorus aestuans L.,Malvaceae,Corchorus,SPECIES,PRESERVED_SPECIMEN,1981-02-04,1981,-68.6,18.38,NA,d415c253-4d61-4459-9d25-4015b9084fb0,NY,NY,11,02,SAN RAFAEL DEL YUMA,081102,874cc671affffff
20e7dc40-5457-47bf-ba0e-5f17dc283b96,1928235128,Parthenium hysterophorus,Parthenium hysterophorus L.,Asteraceae,Parthenium,SPECIES,PRESERVED_SPECIMEN,1981-02-04,1981,-68.6,18.38,NA,d415c253-4d61-4459-9d25-4015b9084fb0,NY,NY,11,02,SAN RAFAEL DEL YUMA,081102,874cc671affffff
2104dfcf-aefb-416a-915d-6f06b3c7bb0d,1928236801,Combretum laxum,Combretum laxum Jacq.,Combretaceae,Combretum,SPECIES,PRESERVED_SPECIMEN,1981-02-05,1981,-68.62,18.38,NA,d415c253-4d61-4459-9d25-4015b9084fb0,NY,NY,11,02,SAN RAFAEL DEL YUMA,081102,874cc67adffffff
21056a4a-58b5-45b8-adb1-46839d70d7c9,1928236544,Oplonia spinosa,Oplonia spinosa (Jacq.) Raf.,Acanthaceae,Oplonia,SPECIES,PRESERVED_SPECIMEN,1981-02-05,1981,-68.6,18.38,NA,d415c253-4d61-4459-9d25-4015b9084fb0,NY,NY,11,02,SAN RAFAEL DEL YUMA,081102,874cc671affffff
218f39a2-f5b6-4b68-bc67-af4b20daa6f4,1928244377,Peperomia magnoliifolia,Peperomia magnoliifolia var. rostrata Dahlst.,Piperaceae,Peperomia,VARIETY,PRESERVED_SPECIMEN,1985-06-20,1985,-68.62,18.375,NA,d415c253-4d61-4459-9d25-4015b9084fb0,NY,NY,11,02,SAN RAFAEL DEL YUMA,081102,874cc67a9ffffff
21bba09f-1a8d-43c4-abc6-1fa9370e3ac2,1928246621,Rauvolfia tetraphylla,Rauvolfia tetraphylla L.,Apocynaceae,Rauvolfia,SPECIES,PRESERVED_SPECIMEN,1981-07-07,1981,-68.88,18.4083,NA,d415c253-4d61-4459-9d25-4015b9084fb0,NY,NY,11,02,SAN RAFAEL DEL YUMA,081102,874cd5b29ffffff
21bf5dd9-a84d-475a-899a-17f4b32168b2,1928247503,Pseudophoenix sargentii,Pseudophoenix sargentii H.Wendl. ex Sarg.,Arecaceae,Pseudophoenix,SPECIES,PRESERVED_SPECIMEN,1981-10-06,1981,-68.8,18.325,NA,d415c253-4d61-4459-9d25-4015b9084fb0,NY,NY,11,02,SAN RAFAEL DEL YUMA,081102,874cd5b4cffffff
2335cf9e-663b-4123-b8aa-6efc7dfe50ea,4079747622,Eugenia monticola,Eugenia monticola (Sw.) DC.,Myrtaceae,Eugenia,SPECIES,PRESERVED_SPECIMEN,1977-10-22,1977,-68.870769,18.388222,2766,3b040a48-deae-485c-95b1-2ac80b7fdc54,IIBZ,USD,11,02,SAN RAFAEL DEL YUMA,081102,874cd5b76ffffff
235bcbe5-05ea-416a-be17-300aed819094,1300518044,Ipomoea tiliacea,Ipomoea tiliacea (Willd.) Choisy,Convolvulaceae,Ipomoea,SPECIES,OCCURRENCE,1981-02-04,1981,-68.616667,18.35,NA,07044577-bd82-4089-9f3a-f4a9d2170b2e,NY,,11,02,SAN RAFAEL DEL YUMA,081102,874cc6636ffffff
239064d1-5d81-48ec-841c-411b0c2e4a44,1928272152,Zanthoxylum schreberi,Zanthoxylum monophyllum (Lam.) P.Wilson,Rutaceae,Zanthoxylum,SPECIES,PRESERVED_SPECIMEN,1975-05-31,1975,-68.61539,18.377341,1601.57,d415c253-4d61-4459-9d25-4015b9084fb0,NY,NY,11,02,SAN RAFAEL DEL YUMA,081102,874cc671affffff
23998a3e-c4bc-4ac0-ba0e-bc7d74afe34a,4075502777,Gracilaria debilis,Gracilaria debilis (Forssk.) Børgesen,Gracilariaceae,Gracilaria,SPECIES,PRESERVED_SPECIMEN,1972-05-03,1972,-68.609003,18.378249,3036,63e79196-626f-41a5-9871-0c29135ccd09,PH,,11,02,SAN RAFAEL DEL YUMA,081102,874cc671affffff
23b3d146-d9b1-4edd-9908-ab35956c6e4b,1928274286,Sesuvium portulacastrum,Sesuvium portulacastrum (L.) L.,Aizoaceae,Sesuvium,SPECIES,PRESERVED_SPECIMEN,1981-02-04,1981,-68.6,18.38,NA,d415c253-4d61-4459-9d25-4015b9084fb0,NY,NY,11,02,SAN RAFAEL DEL YUMA,081102,874cc671affffff
23dc0a98-ab19-4cec-9fa3-eb2c4118cf5f,1928276454,Fissidens pallidinervis,Fissidens pallidinervis Mitt.,Fissidentaceae,Fissidens,SPECIES,PRESERVED_SPECIMEN,1981-03-30,1981,-68.82,18.37,NA,d415c253-4d61-4459-9d25-4015b9084fb0,NY,NY,11,02,SAN RAFAEL DEL YUMA,081102,874cd5b62ffffff
23f10064-93e7-422e-adf3-349693c2e071,1928277766,Macroptilium lathyroides,Macroptilium lathyroides (L.) Urb.,Fabaceae,Macroptilium,SPECIES,PRESERVED_SPECIMEN,1981-02-06,1981,-68.6083,18.38,NA,d415c253-4d61-4459-9d25-4015b9084fb0,NY,NY,11,02,SAN RAFAEL DEL YUMA,081102,874cc671affffff
241ab294-0bfa-4e61-a9bd-b3d80add2774,1928280768,Pseudocryphaea domingensis,Pseudocryphaea domingensis (Spreng.) W.R. Buck,Rutenbergiaceae,Pseudocryphaea,SPECIES,PRESERVED_SPECIMEN,1981-03-30,1981,-68.83,18.42,NA,d415c253-4d61-4459-9d25-4015b9084fb0,NY,NY,11,02,SAN RAFAEL DEL YUMA,081102,874cc64d8ffffff
24E4833E-9CDA-49F2-8013-4FF4590FFCB8,122964892,Lantana L.,Lantana L.,Verbenaceae,Lantana,GENUS,PRESERVED_SPECIMEN,1981-02-05,1981,-68.6167,18.3833,NA,832cb04e-f762-11e1-a439-00145eb45e9a,FTG,Herbarium,11,02,SAN RAFAEL DEL YUMA,081102,874cc67adffffff
24bdc2d1-86ea-460a-be6a-3178e9c597e7,1928288818,Lantana involucrata,Lantana involucrata L.,Verbenaceae,Lantana,SPECIES,PRESERVED_SPECIMEN,2004-05-27,2004,-68.6181,18.3645,NA,d415c253-4d61-4459-9d25-4015b9084fb0,NY,NY,11,02,SAN RAFAEL DEL YUMA,081102,874cc67a9ffffff
24c34b57-8751-4c0d-8036-a8e6aac8fc27,1928289103,Tradescantia spathacea,Tradescantia spathacea Sw.,Commelinaceae,Tradescantia,SPECIES,PRESERVED_SPECIMEN,1981-02-05,1981,-68.6,18.38,NA,d415c253-4d61-4459-9d25-4015b9084fb0,NY,NY,11,02,SAN RAFAEL DEL YUMA,081102,874cc671affffff
24cf30e3-5e7d-41c6-99da-635e99076ea5,1928290355,Chara zeylanica,Chara zeylanica Willdenow,Characeae,Chara,SPECIES,PRESERVED_SPECIMEN,1981-03-30,1981,-68.85,18.38,NA,d415c253-4d61-4459-9d25-4015b9084fb0,NY,NY,11,02,SAN RAFAEL DEL YUMA,081102,874cd5b70ffffff
259A47F7-7814-4FA7-94EF-60BF512364DA,122981977,Passiflora suberosa,Passiflora suberosa L.,Passifloraceae,Passiflora,SPECIES,PRESERVED_SPECIMEN,1981-02-05,1981,-68.6167,18.3833,NA,832cb04e-f762-11e1-a439-00145eb45e9a,FTG,Herbarium,11,02,SAN RAFAEL DEL YUMA,081102,874cc67adffffff
25c7c43e-f659-4327-a05b-9334bd389a6b,1928303461,Bacopa monnieri,Bacopa monnieri (L.) Pennell,Plantaginaceae,Bacopa,SPECIES,PRESERVED_SPECIMEN,1981-10-08,1981,-68.6417,18.22,NA,d415c253-4d61-4459-9d25-4015b9084fb0,NY,NY,11,02,SAN RAFAEL DEL YUMA,081102,874cc668dffffff
25d71dec-def1-4563-8f3d-a72a5fca9f41,1928304188,Cladophora fuliginosa,Cladophora fuliginosa Kütz.,Cladophoraceae,Cladophora,SPECIES,PRESERVED_SPECIMEN,1972-05-03,1972,-68.610919,18.373696,1091.57,d415c253-4d61-4459-9d25-4015b9084fb0,NY,NY,11,02,SAN RAFAEL DEL YUMA,081102,874cc671affffff
266629d7-610e-4674-83a5-a28f74e35ba0,1928312731,Tillandsia balbisiana,Tillandsia balbisiana Schult. & Schult.f.,Bromeliaceae,Tillandsia,SPECIES,PRESERVED_SPECIMEN,1981-02-05,1981,-68.6,18.38,NA,d415c253-4d61-4459-9d25-4015b9084fb0,NY,NY,11,02,SAN RAFAEL DEL YUMA,081102,874cc671affffff
26877f8b-4732-4c33-8856-e6f9d6c04f62,3978717644,Amyris elemifera,Amyris elemifera L.,Rutaceae,Amyris,SPECIES,PRESERVED_SPECIMEN,1993-07-14,1993,-68.827031,18.427204,1000,abba37fc-a9c3-4de2-bba2-7f929abc937d,BAYLU,BAYLU,11,02,SAN RAFAEL DEL YUMA,081102,874cc64ddffffff
275305ca-328e-4029-ba35-f0cb5aacafbe,4027072648,Erythroxylum rotundifolium,Erythroxylum rotundifolium Lunan,Erythroxylaceae,Erythroxylum,SPECIES,PRESERVED_SPECIMEN,2009-04-27,2009,-68.814217,18.3426,NA,89c53edb-0fac-4118-bdc0-d70ca50953dc,DBG,KHD,11,02,SAN RAFAEL DEL YUMA,081102,874cd5b45ffffff
279ee089-c8c8-4e26-a0f7-8c9fe075d32f,1928329390,Thouinidium pinnatum,Thouinidium pinnatum (Turpin) Radlk.,Sapindaceae,Thouinidium,SPECIES,PRESERVED_SPECIMEN,1992-03-27,1992,-68.62,18.37,NA,d415c253-4d61-4459-9d25-4015b9084fb0,NY,NY,11,02,SAN RAFAEL DEL YUMA,081102,874cc67a9ffffff
279f5bd4-c6b9-4f25-a1e1-0a84ee63b7f7,2028413479,Cladophoropsis membranacea,Cladophoropsis membranacea (C. Aghardh) Borgesen,Boodleaceae,Cladophoropsis,SPECIES,PRESERVED_SPECIMEN,1972-05-03,1972,-68.595194,18.380503,2774,31b346f9-1a91-4688-af40-5a50a261c572,DUKE,,11,02,SAN RAFAEL DEL YUMA,081102,874cc6718ffffff
27ba6b88-fe87-4e6a-996b-256caba83183,1928330774,Piper peltatum,Piper peltatum L.,Piperaceae,Piper,SPECIES,PRESERVED_SPECIMEN,1981-03-30,1981,-68.63,18.32,NA,d415c253-4d61-4459-9d25-4015b9084fb0,NY,NY,11,02,SAN RAFAEL DEL YUMA,081102,874cc6614ffffff
27f28eff-f256-46f9-b90e-2525590bbd11,1928334229,Savia sessiliflora,Savia sessiliflora (Sw.) Willd.,Phyllanthaceae,Savia,SPECIES,PRESERVED_SPECIMEN,2004-05-27,2004,-68.8118,18.3329,NA,d415c253-4d61-4459-9d25-4015b9084fb0,NY,NY,11,02,SAN RAFAEL DEL YUMA,081102,874cd5b41ffffff
27f49fa4-6593-4f57-8b1b-145262f7c1be,1928334263,Gonzalagunia hirsuta,Gonzalagunia hirsuta (Jacq.) K.Schum.,Rubiaceae,Gonzalagunia,SPECIES,PRESERVED_SPECIMEN,1983-11-22,1983,-68.62,18.4,NA,d415c253-4d61-4459-9d25-4015b9084fb0,NY,NY,11,02,SAN RAFAEL DEL YUMA,081102,874cc6713ffffff
280865d5-b525-46e5-8902-0f49b03d382c,1928335151,Tillandsia recurvata,Tillandsia recurvata (L.) L.,Bromeliaceae,Tillandsia,SPECIES,PRESERVED_SPECIMEN,1981-10-08,1981,-68.6417,18.22,NA,d415c253-4d61-4459-9d25-4015b9084fb0,NY,NY,11,02,SAN RAFAEL DEL YUMA,081102,874cc668dffffff
281f1ade-6d9b-4383-bce6-d34e7241197b,1928336822,Centrosema virginianum,Centrosema virginianum (L.) Benth.,Fabaceae,Centrosema,SPECIES,PRESERVED_SPECIMEN,1981-02-05,1981,-68.62,18.38,NA,d415c253-4d61-4459-9d25-4015b9084fb0,NY,NY,11,02,SAN RAFAEL DEL YUMA,081102,874cc67adffffff
2824170e-e0c2-4cf1-908e-ea0e72886587,1928337786,Oplonia microphylla,Oplonia microphylla (Lam.) Stearn,Acanthaceae,Oplonia,SPECIES,PRESERVED_SPECIMEN,1980-05-07,1980,-68.83,18.35,NA,d415c253-4d61-4459-9d25-4015b9084fb0,NY,NY,11,02,SAN RAFAEL DEL YUMA,081102,874cd5b40ffffff
28c31f25-dd11-47ff-99b5-c65c5639816d,1928346825,Waltheria indica,Waltheria indica L.,Malvaceae,Waltheria,SPECIES,PRESERVED_SPECIMEN,1981-02-04,1981,-68.62,18.35,NA,d415c253-4d61-4459-9d25-4015b9084fb0,NY,NY,11,02,SAN RAFAEL DEL YUMA,081102,874cc6636ffffff
29037c99-553f-4138-bffd-a3121e19ca27,1928349337,Cissus obovata,Cissus obovata Vahl,Vitaceae,Cissus,SPECIES,PRESERVED_SPECIMEN,1981-10-07,1981,-68.77,18.2583,NA,d415c253-4d61-4459-9d25-4015b9084fb0,NY,NY,11,02,SAN RAFAEL DEL YUMA,081102,874cc6690ffffff
2BA3A96D-AE90-427E-B86B-FE8342E8DE69,3699189301,Quadrella cynophallophora,Quadrella jamaicensis (Jacq.) J.Presl,Capparaceae,Quadrella,SPECIES,PRESERVED_SPECIMEN,1981-02-05,1981,-68.6,18.3833,NA,af1b4db0-c8ce-4a95-b700-8a6a02bed9d6,USF,Herb,11,02,SAN RAFAEL DEL YUMA,081102,874cc671effffff
2BB5DCBD-D38E-46F2-AB64-A548FB076C85,1503210914,Cyperus odoratus,Cyperus odoratus L.,Cyperaceae,Cyperus,SPECIES,PRESERVED_SPECIMEN,1980-05-07,1980,-68.8833,18.4333,NA,af1b4db0-c8ce-4a95-b700-8a6a02bed9d6,USF,Herb,11,02,SAN RAFAEL DEL YUMA,081102,874cd5b2dffffff
2EB482C8-FC52-4501-960B-E0708C292CF2,123018074,Trichostigma octandrum,Trichostigma octandrum (L.) H.Walter,Petiveriaceae,Trichostigma,SPECIES,PRESERVED_SPECIMEN,1981-02-04,1981,-68.6167,18.35,NA,832cb04e-f762-11e1-a439-00145eb45e9a,FTG,Herbarium,11,02,SAN RAFAEL DEL YUMA,081102,874cc6636ffffff
2EB5A422-A8A0-4464-9BF9-A12EF2B21A5A,122900036,Amyris elemifera,Amyris elemifera L.,Rutaceae,Amyris,SPECIES,PRESERVED_SPECIMEN,1981-07-07,1981,-68.8833,18.4083,NA,832cb04e-f762-11e1-a439-00145eb45e9a,FTG,Herbarium,11,02,SAN RAFAEL DEL YUMA,081102,874cd5b2bffffff
2a5b5ce9-fc57-4fbc-a266-5dc1e3ec77da,3978722087,Sideroxylon foetidissimum,Sideroxylon foetidissimum Jacq.,Sapotaceae,Sideroxylon,SPECIES,PRESERVED_SPECIMEN,1993-07-14,1993,-68.827031,18.427204,1000,abba37fc-a9c3-4de2-bba2-7f929abc937d,BAYLU,BAYLU,11,02,SAN RAFAEL DEL YUMA,081102,874cc64ddffffff
2ae51a22-98cc-453a-8822-d7d74e4bc080,1928375862,Cyperus ochraceus,Cyperus ochraceus Vahl,Cyperaceae,Cyperus,SPECIES,PRESERVED_SPECIMEN,1980-05-07,1980,-68.88,18.43,NA,d415c253-4d61-4459-9d25-4015b9084fb0,NY,NY,11,02,SAN RAFAEL DEL YUMA,081102,874cd5b2dffffff
2b676a01-0b97-4631-9f62-661081eb97f1,1928383235,Allosidastrum pyramidatum,"Allosidastrum pyramidatum (Cav.) Krapov., Fryxell & D.M.Bates",Malvaceae,Allosidastrum,SPECIES,PRESERVED_SPECIMEN,1981-02-05,1981,-68.62,18.4,NA,d415c253-4d61-4459-9d25-4015b9084fb0,NY,NY,11,02,SAN RAFAEL DEL YUMA,081102,874cc6713ffffff
2b94e357-d7ff-4d8d-9270-27af63aaedb0,4432717304,Celtis trinervia,Celtis trinervia Lam.,Cannabaceae,Celtis,SPECIES,PRESERVED_SPECIMEN,2004-11-20,2004,-68.607444,18.388333,NA,b89d52a2-861d-4388-adad-c0da3d55fc78,UF,,11,02,SAN RAFAEL DEL YUMA,081102,874cc671effffff
2bb17f79-d690-4737-87c2-f48f922256f4,1928387959,Pecluma struthionis,Pecluma plumula (Humb. & Bonpl. ex Willd.) M.G.Price,Polypodiaceae,Pecluma,SPECIES,PRESERVED_SPECIMEN,2004-05-27,2004,-68.8118,18.3329,NA,d415c253-4d61-4459-9d25-4015b9084fb0,NY,NY,11,02,SAN RAFAEL DEL YUMA,081102,874cd5b41ffffff
2bf9c9b7-8a30-47af-bc2f-ee87b05ae8a5,1928391806,Solanum erianthum,Solanum erianthum D.Don,Solanaceae,Solanum,SPECIES,PRESERVED_SPECIMEN,1981-02-06,1981,-68.58,18.375,NA,d415c253-4d61-4459-9d25-4015b9084fb0,NY,NY,11,02,SAN RAFAEL DEL YUMA,081102,874cc6718ffffff
2c5c1bb6-cce0-4980-8aa1-cf8d7106ce41,1928396746,Wrangelia argus,Wrangelia argus (Montagne) Montagne,Wrangeliaceae,Wrangelia,SPECIES,PRESERVED_SPECIMEN,1972-05-03,1972,-68.610919,18.373696,1091.57,d415c253-4d61-4459-9d25-4015b9084fb0,NY,NY,11,02,SAN RAFAEL DEL YUMA,081102,874cc671affffff
2caf647b-edbd-433c-8d24-44ed2ea0b200,1928402335,Hamelia patens,Hamelia patens Jacq.,Rubiaceae,Hamelia,SPECIES,PRESERVED_SPECIMEN,1981-10-06,1981,-68.78,18.325,NA,d415c253-4d61-4459-9d25-4015b9084fb0,NY,NY,11,02,SAN RAFAEL DEL YUMA,081102,874cd5b6bffffff
2d989cd8-7d75-4d7e-ab97-1b2fca83d6e8,1928414203,Heliotropium curassavicum,Heliotropium curassavicum L.,Heliotropiaceae,Heliotropium,SPECIES,PRESERVED_SPECIMEN,1981-10-08,1981,-68.6417,18.22,NA,d415c253-4d61-4459-9d25-4015b9084fb0,NY,NY,11,02,SAN RAFAEL DEL YUMA,081102,874cc668dffffff
2da2dc0b-3fdd-4339-a4ef-7ff740c74e70,1928414882,Dalechampia scandens,Dalechampia scandens L.,Euphorbiaceae,Dalechampia,SPECIES,PRESERVED_SPECIMEN,1981-02-05,1981,-68.62,18.38,NA,d415c253-4d61-4459-9d25-4015b9084fb0,NY,NY,11,02,SAN RAFAEL DEL YUMA,081102,874cc67adffffff
2eaeb936-14c9-4cf5-8793-96b4fb1406c2,1928429473,Domingoa haematochila,Domingoa haematochila (Rchb.f.) Carabia,Orchidaceae,Domingoa,SPECIES,PRESERVED_SPECIMEN,1992-03-07,1992,-68.62,18.375,NA,d415c253-4d61-4459-9d25-4015b9084fb0,NY,NY,11,02,SAN RAFAEL DEL YUMA,081102,874cc67a9ffffff
2ecf967e-1e16-46c9-a7d1-488654f5899a,1928432708,Artocarpus altilis,Artocarpus camansi Blanco,Moraceae,Artocarpus,SPECIES,PRESERVED_SPECIMEN,1981-02-05,1981,-68.6,18.38,NA,d415c253-4d61-4459-9d25-4015b9084fb0,NY,NY,11,02,SAN RAFAEL DEL YUMA,081102,874cc671affffff
2f0a07fa-7f92-4f6b-97e5-aa9a0ae579df,1928433633,Trichilia aquifolia,Trichilia aquifolia P.Wilson,Meliaceae,Trichilia,SPECIES,PRESERVED_SPECIMEN,1981-10-07,1981,-68.77,18.2583,NA,d415c253-4d61-4459-9d25-4015b9084fb0,NY,NY,11,02,SAN RAFAEL DEL YUMA,081102,874cc6690ffffff
30be5136-4dec-4903-83ba-ce13b7a2f533,4075525936,Gelidium pusillum,Gelidium pusillum (Stackhouse) Le Jolis,Gelidiaceae,Gelidium,SPECIES,PRESERVED_SPECIMEN,1972-05-03,1972,-68.603686,18.379103,2000,63e79196-626f-41a5-9871-0c29135ccd09,PH,,11,02,SAN RAFAEL DEL YUMA,081102,874cc671affffff
319e7f1c-ae76-46ca-9301-911bace55e47,1928470400,Peperomia pellucida,Peperomia pellucida (L.) Kunth,Piperaceae,Peperomia,SPECIES,PRESERVED_SPECIMEN,1981-02-05,1981,-68.62,18.4,NA,d415c253-4d61-4459-9d25-4015b9084fb0,NY,NY,11,02,SAN RAFAEL DEL YUMA,081102,874cc6713ffffff
31c1076c01563211045ee9caa14150f7,3308718769,Rhynchosia reticulata,Rhynchosia reticulata (Sw.) DC.,Fabaceae,Rhynchosia,SPECIES,PRESERVED_SPECIMEN,2006-06-26,2006,-68.88539,18.42703,NA,8016518a-f762-11e1-a439-00145eb45e9a,IBUNAM,MEXU,11,02,SAN RAFAEL DEL YUMA,081102,874cd5b28ffffff
330c078a-5f34-4455-9803-33c7bb17d932,1928490169,Zapoteca portoricensis,Zapoteca portoricensis subsp. portoricensis,Fabaceae,Zapoteca,SUBSPECIES,PRESERVED_SPECIMEN,1981-02-06,1981,-68.58,18.375,NA,d415c253-4d61-4459-9d25-4015b9084fb0,NY,NY,11,02,SAN RAFAEL DEL YUMA,081102,874cc6718ffffff
33cb0d8d-cb1c-4a2b-8efd-9a7c3a0f7462,1928502267,Erpodium cubense,Erpodium cubense E. Britton,Erpodiaceae,Erpodium,SPECIES,PRESERVED_SPECIMEN,1981-10-07,1981,-68.77,18.2583,NA,d415c253-4d61-4459-9d25-4015b9084fb0,NY,NY,11,02,SAN RAFAEL DEL YUMA,081102,874cc6690ffffff
33e58334-09f0-4c91-84f0-6612257147e1,1928502170,Picramnia pentandra,Picramnia pentandra Sw.,Picramniaceae,Picramnia,SPECIES,PRESERVED_SPECIMEN,1980-10-30,1980,-68.85,18.4,NA,d415c253-4d61-4459-9d25-4015b9084fb0,NY,NY,11,02,SAN RAFAEL DEL YUMA,081102,874cd5b74ffffff
33fb0b5a-f312-47ba-a675-3da6e36c9876,1928503736,Pectis tenuicaulis,Pectis tenuicaulis Urb.,Asteraceae,Pectis,SPECIES,PRESERVED_SPECIMEN,1968-08-22,1968,-68.614383,18.377242,1662,d415c253-4d61-4459-9d25-4015b9084fb0,NY,NY,11,02,SAN RAFAEL DEL YUMA,081102,874cc671affffff
342d72cc-922f-4113-bc76-c014f802402d,1928506346,Tolumnia variegata,Tolumnia variegata (Sw.) Braem,Orchidaceae,Tolumnia,SPECIES,PRESERVED_SPECIMEN,2004-05-27,2004,-68.8118,18.3329,NA,d415c253-4d61-4459-9d25-4015b9084fb0,NY,NY,11,02,SAN RAFAEL DEL YUMA,081102,874cd5b41ffffff
3594B246-A634-47E5-ABD3-963505A81BD7,122986014,Picramnia pentandra,Picramnia pentandra Sw.,Picramniaceae,Picramnia,SPECIES,PRESERVED_SPECIMEN,1980-10-30,1980,-68.85,18.4,NA,832cb04e-f762-11e1-a439-00145eb45e9a,FTG,Herbarium,11,02,SAN RAFAEL DEL YUMA,081102,874cd5b74ffffff
35ada83b-1dcb-477d-b92a-89e892dbd37f,1928527345,Catharanthus roseus,Catharanthus roseus (L.) G.Don,Apocynaceae,Catharanthus,SPECIES,PRESERVED_SPECIMEN,2004-05-27,2004,-68.6181,18.3644,NA,d415c253-4d61-4459-9d25-4015b9084fb0,NY,NY,11,02,SAN RAFAEL DEL YUMA,081102,874cc67a9ffffff
35bc884a-990e-4b22-9d66-1c24d002e01f,1928527979,Tectaria heracleifolia,Tectaria heracleifolia (Willd.) Underw.,Tectariaceae,Tectaria,SPECIES,PRESERVED_SPECIMEN,1981-03-30,1981,-68.63,18.32,NA,d415c253-4d61-4459-9d25-4015b9084fb0,NY,NY,11,02,SAN RAFAEL DEL YUMA,081102,874cc6614ffffff
3608c129-3dfc-4c64-8888-876287de1e2d,2028413531,Agardhiella ramosissima,Agardhiella ramosissima (Harvey) Kylin,Solieriaceae,Agardhiella,SPECIES,PRESERVED_SPECIMEN,1972-05-03,1972,-68.603686,18.379103,2000,31b346f9-1a91-4688-af40-5a50a261c572,DUKE,,11,02,SAN RAFAEL DEL YUMA,081102,874cc671affffff
36faeb0a-0ea0-4660-8d59-8206347de786,1928545814,Quadrella cynophallophora,Quadrella cynophallophora (L.) Hutch.,Capparaceae,Quadrella,SPECIES,PRESERVED_SPECIMEN,1981-02-05,1981,-68.6,18.38,NA,d415c253-4d61-4459-9d25-4015b9084fb0,NY,NY,11,02,SAN RAFAEL DEL YUMA,081102,874cc671affffff
37ab211c-86b4-476f-a18b-17b4934cc5db,1928555647,Erythrina berteroana,Erythrina berteroana Urb.,Fabaceae,Erythrina,SPECIES,PRESERVED_SPECIMEN,1981-02-06,1981,-68.58,18.375,NA,d415c253-4d61-4459-9d25-4015b9084fb0,NY,NY,11,02,SAN RAFAEL DEL YUMA,081102,874cc6718ffffff
38eb0455-e161-468b-ac99-a9e44f73994d,1928575175,Indigofera suffruticosa,Indigofera suffruticosa Mill.,Fabaceae,Indigofera,SPECIES,PRESERVED_SPECIMEN,1981-02-05,1981,-68.6,18.38,NA,d415c253-4d61-4459-9d25-4015b9084fb0,NY,NY,11,02,SAN RAFAEL DEL YUMA,081102,874cc671affffff
38f594df-f491-4cdc-bb45-19d2cf758979,1928573203,Malpighia coccigera,Malpighia coccigera L.,Malpighiaceae,Malpighia,SPECIES,PRESERVED_SPECIMEN,1981-10-08,1981,-68.6417,18.22,NA,d415c253-4d61-4459-9d25-4015b9084fb0,NY,NY,11,02,SAN RAFAEL DEL YUMA,081102,874cc668dffffff
3918ebb1-6851-4c0b-9041-ac6ceb54bebb,1928575294,Hirtella triandra,Hirtella triandra Sw.,Chrysobalanaceae,Hirtella,SPECIES,PRESERVED_SPECIMEN,1981-03-30,1981,-68.63,18.32,NA,d415c253-4d61-4459-9d25-4015b9084fb0,NY,NY,11,02,SAN RAFAEL DEL YUMA,081102,874cc6614ffffff
396de48b-cab9-4c28-9d25-8994521b3426,1928580290,Terminalia buceras,Bucida buceras L.,Combretaceae,Terminalia,SPECIES,PRESERVED_SPECIMEN,1981-02-05,1981,-68.62,18.38,NA,d415c253-4d61-4459-9d25-4015b9084fb0,NY,NY,11,02,SAN RAFAEL DEL YUMA,081102,874cc67adffffff
3A81593E-923F-4006-B38D-AE6909CD22CA,122916797,Capsicum annuum,Capsicum annuum L.,Solanaceae,Capsicum,SPECIES,PRESERVED_SPECIMEN,1980-10-30,1980,-68.85,18.4,NA,832cb04e-f762-11e1-a439-00145eb45e9a,FTG,Herbarium,11,02,SAN RAFAEL DEL YUMA,081102,874cd5b74ffffff
3C808F16-4C98-4422-AC71-C3F1B5C85C6A,123005049,Savia sessiliflora,Savia sessiliflora (Sw.) Willd.,Phyllanthaceae,Savia,SPECIES,PRESERVED_SPECIMEN,1980-10-30,1980,-68.85,18.4,NA,832cb04e-f762-11e1-a439-00145eb45e9a,FTG,Herbarium,11,02,SAN RAFAEL DEL YUMA,081102,874cd5b74ffffff
3E5375A5-43D3-478E-BE98-CDB94785B080,122953123,Guettarda prenleloupii,Guettarda prenleloupii Urb.,Rubiaceae,Guettarda,SPECIES,PRESERVED_SPECIMEN,1981-07-07,1981,-68.8833,18.4167,NA,832cb04e-f762-11e1-a439-00145eb45e9a,FTG,Herbarium,11,02,SAN RAFAEL DEL YUMA,081102,874cd5b29ffffff
3E96A6C0-6C39-4157-A451-62A7566EA5CB,122984009,Petiveria alliacea,Petiveria alliacea L.,Petiveriaceae,Petiveria,SPECIES,PRESERVED_SPECIMEN,1981-02-04,1981,-68.6167,18.35,NA,832cb04e-f762-11e1-a439-00145eb45e9a,FTG,Herbarium,11,02,SAN RAFAEL DEL YUMA,081102,874cc6636ffffff
3EC2EDDB-0975-4A3E-94A4-023F896EE10C,153273907,Stenostomum lucidum,Antirhea lucida (Sw.) Benth. & Hook.,Rubiaceae,Stenostomum,SPECIES,PRESERVED_SPECIMEN,2001-07-26,2001,-68.6161,18.3575,NA,832cb04e-f762-11e1-a439-00145eb45e9a,FTG,Herbarium,11,02,SAN RAFAEL DEL YUMA,081102,874cc6634ffffff
3a4ca072-98fd-427f-8791-2ad82a441997,1928592729,Capsicum annuum,Capsicum annuum var. glabriusculum (Dunal) Heiser & Pickersgill,Solanaceae,Capsicum,VARIETY,PRESERVED_SPECIMEN,1980-10-30,1980,-68.85,18.4,NA,d415c253-4d61-4459-9d25-4015b9084fb0,NY,NY,11,02,SAN RAFAEL DEL YUMA,081102,874cd5b74ffffff
3a6786f2-0539-40be-8eed-0469e5710dbe,1928594306,Abrus precatorius,Abrus precatorius L.,Fabaceae,Abrus,SPECIES,PRESERVED_SPECIMEN,1981-02-04,1981,-68.62,18.35,NA,d415c253-4d61-4459-9d25-4015b9084fb0,NY,NY,11,02,SAN RAFAEL DEL YUMA,081102,874cc6636ffffff
3da28e0b-a629-42f8-8674-89c8e05cf38a,1928639653,Eulophia maculata,Oeceoclades maculata (Lindl.) Lindl.,Orchidaceae,Eulophia,SPECIES,PRESERVED_SPECIMEN,1981-02-05,1981,-68.62,18.38,NA,d415c253-4d61-4459-9d25-4015b9084fb0,NY,NY,11,02,SAN RAFAEL DEL YUMA,081102,874cc67adffffff
3e118d1c-ed08-43ce-990b-b9dbc524fd15,1928645648,Peperomia pellucida,Peperomia pellucida (L.) Kunth,Piperaceae,Peperomia,SPECIES,PRESERVED_SPECIMEN,1983-11-22,1983,-68.62,18.4,NA,d415c253-4d61-4459-9d25-4015b9084fb0,NY,NY,11,02,SAN RAFAEL DEL YUMA,081102,874cc6713ffffff
3eb77d28-2cb7-4259-8ca4-b3e075c55943,1928655575,Quadrella indica,Quadrella indica (L.) Iltis & Cornejo,Capparaceae,Quadrella,SPECIES,PRESERVED_SPECIMEN,1981-07-07,1981,-68.88,18.4083,NA,d415c253-4d61-4459-9d25-4015b9084fb0,NY,NY,11,02,SAN RAFAEL DEL YUMA,081102,874cd5b29ffffff
3f69ab4f-c6ef-4d38-926a-1c1abcd28d31,1928664651,Polysiphonia ferulacea,Polysiphonia ferulacea,Rhodomelaceae,Polysiphonia,SPECIES,PRESERVED_SPECIMEN,1972-05-03,1972,-68.604033,18.379162,161.79,d415c253-4d61-4459-9d25-4015b9084fb0,NY,NY,11,02,SAN RAFAEL DEL YUMA,081102,874cc671affffff
40ee3d8b-0bee-4733-b088-b98e6210f1d5,3969698236,Consolea picardae,Consolea picardae (Urb.) Areces,Cactaceae,Consolea,SPECIES,PRESERVED_SPECIMEN,2000-08-16,2000,-68.844635,18.409807,NA,defb9a47-c1a7-4fb2-9a0b-2da7c5260cad,BRIT,BRIT,11,02,SAN RAFAEL DEL YUMA,081102,874cc64dbffffff
40fdd7ac-0ba3-4fe3-994a-13aff3bb7958,1928687191,Oxandra lanceolata,Oxandra lanceolata (Sw.) Baill.,Annonaceae,Oxandra,SPECIES,PRESERVED_SPECIMEN,1985-10-25,1985,-68.75,18.233333,NA,d415c253-4d61-4459-9d25-4015b9084fb0,NY,NY,11,02,SAN RAFAEL DEL YUMA,081102,874cc669effffff
41178003-fa48-4dd1-9646-3dbe5e12bd44,1928688514,Piper amalago,Piper amalago L.,Piperaceae,Piper,SPECIES,PRESERVED_SPECIMEN,1980-05-07,1980,-68.88,18.43,NA,d415c253-4d61-4459-9d25-4015b9084fb0,NY,NY,11,02,SAN RAFAEL DEL YUMA,081102,874cd5b2dffffff
417aad6b-4a6f-4f9d-912c-cc5a213473a4,1928693940,Cassia grandis,Cassia grandis L.f.,Fabaceae,Cassia,SPECIES,PRESERVED_SPECIMEN,1981-02-05,1981,-68.62,18.4,NA,d415c253-4d61-4459-9d25-4015b9084fb0,NY,NY,11,02,SAN RAFAEL DEL YUMA,081102,874cc6713ffffff
4204412e-39b6-4f02-b666-b320f344589c,1928701809,Syrrhopodon parasiticus,Syrrhopodon parasiticus (Sw. ex Brid.) Besch.,Calymperaceae,Syrrhopodon,SPECIES,PRESERVED_SPECIMEN,1981-03-30,1981,-68.83,18.42,NA,d415c253-4d61-4459-9d25-4015b9084fb0,NY,NY,11,02,SAN RAFAEL DEL YUMA,081102,874cc64d8ffffff
43bd5335-6b94-455a-b20d-747e7b4c1370,1928726636,Hura crepitans,Hura crepitans L.,Euphorbiaceae,Hura,SPECIES,PRESERVED_SPECIMEN,1981-02-05,1981,-68.62,18.4,NA,d415c253-4d61-4459-9d25-4015b9084fb0,NY,NY,11,02,SAN RAFAEL DEL YUMA,081102,874cc6713ffffff
444e3003-24ec-47a4-ad3c-e557d2f49a9a,1928733858,Stenostomum lucidum,Stenostomum lucidum (Sw.) C.F.Gaertn.,Rubiaceae,Stenostomum,SPECIES,PRESERVED_SPECIMEN,1981-02-06,1981,-68.58,18.375,NA,d415c253-4d61-4459-9d25-4015b9084fb0,NY,NY,11,02,SAN RAFAEL DEL YUMA,081102,874cc6718ffffff
450462e3-e842-487e-99eb-b51ffdbcc25c,1928744226,Erythroxylum brevipes,Erythroxylum brevipes DC.,Erythroxylaceae,Erythroxylum,SPECIES,PRESERVED_SPECIMEN,1975-05-31,1975,-68.61539,18.377341,1601.57,d415c253-4d61-4459-9d25-4015b9084fb0,NY,NY,11,02,SAN RAFAEL DEL YUMA,081102,874cc671affffff
456e9642-af5b-44e2-8e51-ece2d18c5806,1928750127,Pilosocereus polygonus,Pilosocereus royenii (L.) Byles & G.D.Rowley,Cactaceae,Pilosocereus,SPECIES,PRESERVED_SPECIMEN,1986-01-21,1986,-68.78,18.325,NA,d415c253-4d61-4459-9d25-4015b9084fb0,NY,NY,11,02,SAN RAFAEL DEL YUMA,081102,874cd5b6bffffff
45a205b8-bcf7-4f98-9aa6-81e100ecbecd,1928753214,Tillandsia balbisiana,Tillandsia balbisiana Schult. & Schult.f.,Bromeliaceae,Tillandsia,SPECIES,PRESERVED_SPECIMEN,1981-10-08,1981,-68.6417,18.22,NA,d415c253-4d61-4459-9d25-4015b9084fb0,NY,NY,11,02,SAN RAFAEL DEL YUMA,081102,874cc668dffffff
46898ba4-3ae3-4429-97ca-a36ab98319de,1928765534,Piper amalago,Piper amalago L.,Piperaceae,Piper,SPECIES,PRESERVED_SPECIMEN,2004-05-27,2004,-68.6181,18.3645,NA,d415c253-4d61-4459-9d25-4015b9084fb0,NY,NY,11,02,SAN RAFAEL DEL YUMA,081102,874cc67a9ffffff
46b8c262-b415-4a39-81b1-04bad1419fb8,2270466716,Eugenia procera,Eugenia procera (Sw.) Poir.,Myrtaceae,Eugenia,SPECIES,PRESERVED_SPECIMEN,1992-05-21,1992,-68.7833,18.3167,NA,e05fd4c2-4d77-4c50-880e-1b22096af300,ASU,Plants,11,02,SAN RAFAEL DEL YUMA,081102,874cd5b4cffffff
46e53fdd-a842-4c7b-b694-7551173f97a1,1928770559,Phyllanthus juglandifolius,Phyllanthus juglandifolius Willd.,Phyllanthaceae,Phyllanthus,SPECIES,PRESERVED_SPECIMEN,1968-08-22,1968,-68.614383,18.377242,1662,d415c253-4d61-4459-9d25-4015b9084fb0,NY,NY,11,02,SAN RAFAEL DEL YUMA,081102,874cc671affffff
4716F6DE-6016-415D-97E1-D22CD14B10A7,1503210771,Guazuma ulmifolia,Guazuma ulmifolia Lam.,Malvaceae,Guazuma,SPECIES,PRESERVED_SPECIMEN,1981-02-05,1981,-68.6167,18.4,NA,af1b4db0-c8ce-4a95-b700-8a6a02bed9d6,USF,Herb,11,02,SAN RAFAEL DEL YUMA,081102,874cc6713ffffff
472e2180-f538-4d4d-a6e9-aa4dd0537c5a,1928774957,Guaiacum sanctum,Guaiacum sanctum L.,Zygophyllaceae,Guaiacum,SPECIES,PRESERVED_SPECIMEN,1981-10-06,1981,-68.8,18.325,NA,d415c253-4d61-4459-9d25-4015b9084fb0,NY,NY,11,02,SAN RAFAEL DEL YUMA,081102,874cd5b4cffffff
47ee821d-b6f6-4574-8474-6ca3a322d2b5,1928785765,Tillandsia balbisiana,Tillandsia balbisiana Schult. & Schult.f.,Bromeliaceae,Tillandsia,SPECIES,PRESERVED_SPECIMEN,1980-10-30,1980,-68.85,18.4,NA,d415c253-4d61-4459-9d25-4015b9084fb0,NY,NY,11,02,SAN RAFAEL DEL YUMA,081102,874cd5b74ffffff
47f96b3e-7f3d-437e-9596-33aea7a83fee,1928786398,Anacardium occidentale,Anacardium occidentale L.,Anacardiaceae,Anacardium,SPECIES,PRESERVED_SPECIMEN,1981-02-04,1981,-68.62,18.35,NA,d415c253-4d61-4459-9d25-4015b9084fb0,NY,NY,11,02,SAN RAFAEL DEL YUMA,081102,874cc6636ffffff
48e3275a-2395-4cc0-ba6d-70bde24a9886,1928799205,Tectaria heracleifolia,Tectaria heracleifolia (Willd.) Underw.,Tectariaceae,Tectaria,SPECIES,PRESERVED_SPECIMEN,1983-11-22,1983,-68.62,18.4,NA,d415c253-4d61-4459-9d25-4015b9084fb0,NY,NY,11,02,SAN RAFAEL DEL YUMA,081102,874cc6713ffffff
48ef5a2a-4e5c-4dc5-a5ad-1df8592cc085,1928799586,Calymperes palisotii,Calymperes palisotii Schwägr.,Calymperaceae,Calymperes,SPECIES,PRESERVED_SPECIMEN,1981-02-05,1981,-68.6,18.38,NA,d415c253-4d61-4459-9d25-4015b9084fb0,NY,NY,11,02,SAN RAFAEL DEL YUMA,081102,874cc671affffff
49abda2a-4b3f-4711-b82d-614bfb9790be,1928809905,Tillandsia usneoides,Tillandsia usneoides (L.) L.,Bromeliaceae,Tillandsia,SPECIES,PRESERVED_SPECIMEN,2004-05-27,2004,-68.8118,18.3329,NA,d415c253-4d61-4459-9d25-4015b9084fb0,NY,NY,11,02,SAN RAFAEL DEL YUMA,081102,874cd5b41ffffff
49c2866d-f41e-46d2-aa54-f2cf4004b727,2270675091,Eugenia axillaris,Eugenia axillaris (Sw.) Willd.,Myrtaceae,Eugenia,SPECIES,PRESERVED_SPECIMEN,1991-01-22,1991,-68.8333,18.3833,NA,e05fd4c2-4d77-4c50-880e-1b22096af300,ASU,Plants,11,02,SAN RAFAEL DEL YUMA,081102,874cd5b75ffffff
4B6C7A38-68ED-4EE2-B3B9-18B276006A2F,122991999,Cubanola domingensis,Portlandia domingensis Britton,Rubiaceae,Cubanola,SPECIES,PRESERVED_SPECIMEN,1980-10-30,1980,-68.8333,18.3667,NA,832cb04e-f762-11e1-a439-00145eb45e9a,FTG,Herbarium,11,02,SAN RAFAEL DEL YUMA,081102,874cd5b44ffffff
4C216CEE-9BBF-4B3A-AAA5-DB7CA7DED7EB,1503214868,Eugenia monticola,Eugenia monticola (Sw.) DC.,Myrtaceae,Eugenia,SPECIES,PRESERVED_SPECIMEN,1968-08-23,1968,-68.608,18.378,NA,af1b4db0-c8ce-4a95-b700-8a6a02bed9d6,USF,Herb,11,02,SAN RAFAEL DEL YUMA,081102,874cc671affffff
4D727D5E-207C-4C6C-A857-950650718EB9,1503214200,Myriopus volubilis,Myriopus volubilis (L.) Small,Heliotropiaceae,Myriopus,SPECIES,PRESERVED_SPECIMEN,1968-08-22,1968,-68.608,18.378,NA,af1b4db0-c8ce-4a95-b700-8a6a02bed9d6,USF,Herb,11,02,SAN RAFAEL DEL YUMA,081102,874cc671affffff
4a19df78-41d0-4299-af39-f3ba5b04de22,1928815792,Gracilaria mammillaris,Gracilaria mammillaris (Mont.) M. Howe,Gracilariaceae,Gracilaria,SPECIES,PRESERVED_SPECIMEN,1972-05-03,1972,-68.604033,18.379162,161.79,d415c253-4d61-4459-9d25-4015b9084fb0,NY,NY,11,02,SAN RAFAEL DEL YUMA,081102,874cc671affffff
4a36bdef-92f7-4bcd-88e2-9026dfd872b8,1928817629,Piper amalago,Piper amalago L.,Piperaceae,Piper,SPECIES,PRESERVED_SPECIMEN,1981-02-05,1981,-68.62,18.4,NA,d415c253-4d61-4459-9d25-4015b9084fb0,NY,NY,11,02,SAN RAFAEL DEL YUMA,081102,874cc6713ffffff
4a6d2ff0-0eb2-4dd0-8284-a2265cd932c9,1928820443,Hyptis capitata,Hyptis capitata Jacq.,Lamiaceae,Hyptis,SPECIES,PRESERVED_SPECIMEN,1981-02-05,1981,-68.62,18.4,NA,d415c253-4d61-4459-9d25-4015b9084fb0,NY,NY,11,02,SAN RAFAEL DEL YUMA,081102,874cc6713ffffff
4aef0bb4-6b31-4056-a329-bb2eac399976,1928827432,Clusia rosea,Clusia rosea Jacq.,Clusiaceae,Clusia,SPECIES,PRESERVED_SPECIMEN,1981-02-06,1981,-68.58,18.375,NA,d415c253-4d61-4459-9d25-4015b9084fb0,NY,NY,11,02,SAN RAFAEL DEL YUMA,081102,874cc6718ffffff
4b390ba5-2e0a-4015-b1d8-96cdcc7e4b45,2028413485,Neosiphonia ferulacea,"Neosiphonia ferulacea (Suhr ex J.Agardh) S.M.Guimarães & M.T.Fujii, 2004",Rhodomelaceae,Neosiphonia,SPECIES,PRESERVED_SPECIMEN,1972-05-03,1972,-68.603686,18.379103,2000,31b346f9-1a91-4688-af40-5a50a261c572,DUKE,,11,02,SAN RAFAEL DEL YUMA,081102,874cc671affffff
4b885fb2-5025-4acc-b612-b4b9026ca678,1928836149,Laurencia obtusa,Laurencia obtusa (Hudson) Lamouroux,Rhodomelaceae,Laurencia,SPECIES,PRESERVED_SPECIMEN,1972-05-03,1972,-68.610919,18.373696,1091.57,d415c253-4d61-4459-9d25-4015b9084fb0,NY,NY,11,02,SAN RAFAEL DEL YUMA,081102,874cc671affffff
4b93a2b4-70b9-45b1-ad27-8050f1dd14ec,1928836646,Guazuma ulmifolia,Guazuma ulmifolia Lam.,Malvaceae,Guazuma,SPECIES,PRESERVED_SPECIMEN,1981-02-05,1981,-68.62,18.4,NA,d415c253-4d61-4459-9d25-4015b9084fb0,NY,NY,11,02,SAN RAFAEL DEL YUMA,081102,874cc6713ffffff
4bea2c3e-b8ea-4d98-b805-58ad8c2b37e6,1928841086,Broughtonia domingensis,Broughtonia domingensis (Lindl.) Rolfe,Orchidaceae,Broughtonia,SPECIES,PRESERVED_SPECIMEN,2004-05-27,2004,-68.8118,18.3329,NA,d415c253-4d61-4459-9d25-4015b9084fb0,NY,NY,11,02,SAN RAFAEL DEL YUMA,081102,874cd5b41ffffff
4bf6f089-ddef-4eb2-8749-eb50a74ca5bd,1928842094,Stictocardia tiliifolia,Stictocardia tiliifolia (Desr.) Hallier fil.,Convolvulaceae,Stictocardia,SPECIES,PRESERVED_SPECIMEN,1975-05-31,1975,-68.61539,18.377341,1601.57,d415c253-4d61-4459-9d25-4015b9084fb0,NY,NY,11,02,SAN RAFAEL DEL YUMA,081102,874cc671affffff
4c2daac5-96d5-4e69-a91a-963f82acc804,1928845833,Corchorus siliquosus,Corchorus siliquosus L.,Malvaceae,Corchorus,SPECIES,PRESERVED_SPECIMEN,1981-02-04,1981,-68.62,18.35,NA,d415c253-4d61-4459-9d25-4015b9084fb0,NY,NY,11,02,SAN RAFAEL DEL YUMA,081102,874cc6636ffffff
4c33dccf-1169-451d-a88c-7467bbf86273,1928845350,Myrcia neopallens,Calyptranthes pallens (Poir.) Griseb.,Myrtaceae,Myrcia,SPECIES,PRESERVED_SPECIMEN,1968-08-22,1968,-68.614383,18.377242,1662,d415c253-4d61-4459-9d25-4015b9084fb0,NY,NY,11,02,SAN RAFAEL DEL YUMA,081102,874cc671affffff
4c63d9bf-3652-4ecd-bc4a-5f57d93929bc,1928847890,Pilea microphylla,Pilea peperomiifolia Liebm.,Urticaceae,Pilea,SPECIES,PRESERVED_SPECIMEN,1981-02-05,1981,-68.6,18.38,NA,d415c253-4d61-4459-9d25-4015b9084fb0,NY,NY,11,02,SAN RAFAEL DEL YUMA,081102,874cc671affffff
4c6c12fb-35a3-4bcc-aadf-b7f51d38dfd2,1928848476,Ammannia latifolia,Ammannia latifolia L.,Lythraceae,Ammannia,SPECIES,PRESERVED_SPECIMEN,1980-05-07,1980,-68.88,18.43,NA,d415c253-4d61-4459-9d25-4015b9084fb0,NY,NY,11,02,SAN RAFAEL DEL YUMA,081102,874cd5b2dffffff
4d225ada-d5f8-4184-b524-dbbf2dbb5b24,1928858433,Citharexylum spinosum,Citharexylum spinosum L.,Verbenaceae,Citharexylum,SPECIES,PRESERVED_SPECIMEN,1986-02-20,1986,-68.62,18.375,NA,d415c253-4d61-4459-9d25-4015b9084fb0,NY,NY,11,02,SAN RAFAEL DEL YUMA,081102,874cc67a9ffffff
4dc7444c-eab3-4da8-8411-8ae2aa638e45,1928867824,Calymperes palisotii,Calymperes palisotii Schwägr.,Calymperaceae,Calymperes,SPECIES,PRESERVED_SPECIMEN,1981-03-30,1981,-68.83,18.42,NA,d415c253-4d61-4459-9d25-4015b9084fb0,NY,NY,11,02,SAN RAFAEL DEL YUMA,081102,874cc64d8ffffff
4de1d1c3-957d-4ef8-97b7-c336b0f0e705,1928869096,Neckeropsis undulata,Neckeropsis undulata (Hedw.) Reichardt,Neckeraceae,Neckeropsis,SPECIES,PRESERVED_SPECIMEN,1981-02-05,1981,-68.62,18.4,NA,d415c253-4d61-4459-9d25-4015b9084fb0,NY,NY,11,02,SAN RAFAEL DEL YUMA,081102,874cc6713ffffff
4e09aca1-21ce-44de-80ff-5523c06ce669,1928871424,Calymperes palisotii,Calymperes palisotii Schwägr.,Calymperaceae,Calymperes,SPECIES,PRESERVED_SPECIMEN,1981-03-30,1981,-68.62,18.35,NA,d415c253-4d61-4459-9d25-4015b9084fb0,NY,NY,11,02,SAN RAFAEL DEL YUMA,081102,874cc6636ffffff
4ef53ca1-012c-4af3-8a2c-13c5c9f63394,1928884485,Pereskia aculeata,Pereskia aculeata Mill.,Cactaceae,Pereskia,SPECIES,PRESERVED_SPECIMEN,1986-01-19,1986,-68.675,18.2583,NA,d415c253-4d61-4459-9d25-4015b9084fb0,NY,NY,11,02,SAN RAFAEL DEL YUMA,081102,874cc66aaffffff
4f307b50-e5e0-418b-8ea3-a4434a5b44d7,1928887973,Plagiochila distinctifolia,Plagiochila distinctifolia Lindenb.,Plagiochilaceae,Plagiochila,SPECIES,PRESERVED_SPECIMEN,1981-03-30,1981,-68.62,18.38,NA,d415c253-4d61-4459-9d25-4015b9084fb0,NY,NY,11,02,SAN RAFAEL DEL YUMA,081102,874cc67adffffff
4f4d21fe-e55b-4815-8d69-c2ab8d0ca9bc,1928889496,Fissidens pallidinervis,Fissidens pallidinervis Mitt.,Fissidentaceae,Fissidens,SPECIES,PRESERVED_SPECIMEN,1981-03-30,1981,-68.62,18.38,NA,d415c253-4d61-4459-9d25-4015b9084fb0,NY,NY,11,02,SAN RAFAEL DEL YUMA,081102,874cc67adffffff
4fd2bd02-44e6-47e0-91a4-6dfafe9e759a,2270674161,Eugenia axillaris,Eugenia axillaris (Sw.) Willd.,Myrtaceae,Eugenia,SPECIES,PRESERVED_SPECIMEN,1985-04-04,1985,-68.7833,18.325,NA,e05fd4c2-4d77-4c50-880e-1b22096af300,ASU,Plants,11,02,SAN RAFAEL DEL YUMA,081102,874cd5b6bffffff
5037b958-991e-4387-90d6-339a92870baf,1928902298,Myriopteris microphylla,Myriopteris microphylla (Sw.) Grusz & Windham,Pteridaceae,Myriopteris,SPECIES,PRESERVED_SPECIMEN,1981-07-07,1981,-68.88,18.4083,NA,d415c253-4d61-4459-9d25-4015b9084fb0,NY,NY,11,02,SAN RAFAEL DEL YUMA,081102,874cd5b29ffffff
504a3676-3a05-418e-9a24-3477a29392b2,1928903742,Stigmaphyllon emarginatum,Stigmaphyllon emarginatum (Cav.) A.Juss.,Malpighiaceae,Stigmaphyllon,SPECIES,PRESERVED_SPECIMEN,1981-02-06,1981,-68.58,18.375,NA,d415c253-4d61-4459-9d25-4015b9084fb0,NY,NY,11,02,SAN RAFAEL DEL YUMA,081102,874cc6718ffffff
5121d5ae-08d0-437e-b933-82f6ec195fb4,1928915321,Aristolochia adiastola,Aristolochia adiastola G.A.Romero & Elad.Fernández,Aristolochiaceae,Aristolochia,SPECIES,PRESERVED_SPECIMEN,1968-08-22,1968,-68.614383,18.377242,1662,d415c253-4d61-4459-9d25-4015b9084fb0,NY,NY,11,02,SAN RAFAEL DEL YUMA,081102,874cc671affffff
5122d7f5-dde6-42c5-81d9-b57fc655f53f,1928915872,Gracilaria debilis,Gracilaria debilis (Forssk.) Børgesen,Gracilariaceae,Gracilaria,SPECIES,PRESERVED_SPECIMEN,1972-05-03,1972,-68.610919,18.373696,1091.57,d415c253-4d61-4459-9d25-4015b9084fb0,NY,NY,11,02,SAN RAFAEL DEL YUMA,081102,874cc671affffff
514246bc-f7af-4e49-bebc-d75934834667,1928917214,Agardhiella subulata,Agardhiella subulata (C. Agardh) Kraft & Wynne,Solieriaceae,Agardhiella,SPECIES,PRESERVED_SPECIMEN,1972-05-03,1972,-68.604033,18.379162,161.79,d415c253-4d61-4459-9d25-4015b9084fb0,NY,NY,11,02,SAN RAFAEL DEL YUMA,081102,874cc671affffff
51b50286-8ed3-41a1-8f32-192af2c32f77,1928923423,Passiflora wrightiana,Passiflora ciliata var. riparia C.Wright ex Griseb.,Passifloraceae,Passiflora,VARIETY,PRESERVED_SPECIMEN,1981-02-04,1981,-68.62,18.35,NA,d415c253-4d61-4459-9d25-4015b9084fb0,NY,NY,11,02,SAN RAFAEL DEL YUMA,081102,874cc6636ffffff
51efe87f-86b5-4747-a7f6-41fbfb4c6746,1928927708,Erigeron bellioides,Erigeron bellioides DC.,Asteraceae,Erigeron,SPECIES,PRESERVED_SPECIMEN,1981-02-05,1981,-68.62,18.4,NA,d415c253-4d61-4459-9d25-4015b9084fb0,NY,NY,11,02,SAN RAFAEL DEL YUMA,081102,874cc6713ffffff
51f1b959-c4be-430a-a157-e145f4b8e247,1928926708,Euphorbia hypericifolia,Euphorbia hypericifolia L.,Euphorbiaceae,Euphorbia,SPECIES,PRESERVED_SPECIMEN,2004-05-27,2004,-68.6181,18.3644,NA,d415c253-4d61-4459-9d25-4015b9084fb0,NY,NY,11,02,SAN RAFAEL DEL YUMA,081102,874cc67a9ffffff
5219B99E-8F9D-4FC8-A980-EA18EB12C3D8,122992034,Priva lappulacea,Priva lappulacea (L.) Pers.,Verbenaceae,Priva,SPECIES,PRESERVED_SPECIMEN,1981-07-19,1981,-68.75,18.25,NA,832cb04e-f762-11e1-a439-00145eb45e9a,FTG,Herbarium,11,02,SAN RAFAEL DEL YUMA,081102,874cc6691ffffff
523ebcfa-08bd-4fe8-b8d8-4d9c7ebcee22,1928930657,Indigofera suffruticosa,Indigofera suffruticosa Mill.,Fabaceae,Indigofera,SPECIES,PRESERVED_SPECIMEN,1980-05-07,1980,-68.88,18.43,NA,d415c253-4d61-4459-9d25-4015b9084fb0,NY,NY,11,02,SAN RAFAEL DEL YUMA,081102,874cd5b2dffffff
52834eb2-3ef3-4320-b944-2543da91cc29,1928934646,Senna alata,Senna alata (L.) Roxb.,Fabaceae,Senna,SPECIES,PRESERVED_SPECIMEN,1981-02-06,1981,-68.6083,18.38,NA,d415c253-4d61-4459-9d25-4015b9084fb0,NY,NY,11,02,SAN RAFAEL DEL YUMA,081102,874cc671affffff
52a7a02e-a8b2-4786-875c-dbebd708e25c,1928936903,Tragia volubilis,Tragia volubilis L.,Euphorbiaceae,Tragia,SPECIES,PRESERVED_SPECIMEN,2004-05-27,2004,-68.6181,18.3644,NA,d415c253-4d61-4459-9d25-4015b9084fb0,NY,NY,11,02,SAN RAFAEL DEL YUMA,081102,874cc67a9ffffff
5476f6a9-4f5d-4ead-a3ae-894033619ac4,1928962142,Guapira brevipetiolata,Guapira brevipetiolata (Heimerl) Alain,Nyctaginaceae,Guapira,SPECIES,PRESERVED_SPECIMEN,2004-05-27,2004,-68.81181,18.33286,NA,d415c253-4d61-4459-9d25-4015b9084fb0,NY,NY,11,02,SAN RAFAEL DEL YUMA,081102,874cd5b41ffffff
54B9CC84-2549-4FDE-A306-A11796393174,122986003,Picramnia pentandra,Picramnia pentandra Sw.,Picramniaceae,Picramnia,SPECIES,PRESERVED_SPECIMEN,1981-07-07,1981,-68.8833,18.4083,NA,832cb04e-f762-11e1-a439-00145eb45e9a,FTG,Herbarium,11,02,SAN RAFAEL DEL YUMA,081102,874cd5b2bffffff
54BF6D3B-59C2-4AAF-99D5-49BF8963A9A5,1503218852,Peperomia pellucida,Peperomia pellucida (L.) Kunth,Piperaceae,Peperomia,SPECIES,PRESERVED_SPECIMEN,1983-11-22,1983,-68.6167,18.4,NA,af1b4db0-c8ce-4a95-b700-8a6a02bed9d6,USF,Herb,11,02,SAN RAFAEL DEL YUMA,081102,874cc6713ffffff
557700d8-4392-4148-b595-b35d4f916298,1928975969,Hyperbaena brevipes,Hyperbaena brevipes Urb. & Ekman,Menispermaceae,Hyperbaena,SPECIES,PRESERVED_SPECIMEN,1975-05-31,1975,-68.61539,18.377341,1601.57,d415c253-4d61-4459-9d25-4015b9084fb0,NY,NY,11,02,SAN RAFAEL DEL YUMA,081102,874cc671affffff
55e4946a-ff0b-48c4-bf2c-6921ac12d8c9,1928982329,Manihot esculenta,Manihot esculenta Crantz,Euphorbiaceae,Manihot,SPECIES,PRESERVED_SPECIMEN,1980-05-07,1980,-68.88,18.43,NA,d415c253-4d61-4459-9d25-4015b9084fb0,NY,NY,11,02,SAN RAFAEL DEL YUMA,081102,874cd5b2dffffff
55e4b060-e866-4be5-8fd1-86d18dd18f04,1304582097,Capsicum annuum,Capsicum annuum var. glabriusculum (Dunal) Heiser & Pickersgill,Solanaceae,Capsicum,VARIETY,OCCURRENCE,1980-10-30,1980,-68.85,18.4,NA,07044577-bd82-4089-9f3a-f4a9d2170b2e,Bioversity,,11,02,SAN RAFAEL DEL YUMA,081102,874cd5b74ffffff
560fee59-e775-4bb3-8a80-8b047b91d2eb,1928984558,Tillandsia setacea,Tillandsia setacea Sw.,Bromeliaceae,Tillandsia,SPECIES,PRESERVED_SPECIMEN,1980-10-30,1980,-68.85,18.4,NA,d415c253-4d61-4459-9d25-4015b9084fb0,NY,NY,11,02,SAN RAFAEL DEL YUMA,081102,874cd5b74ffffff
561ff822-e56e-4c8c-a037-11d15e6d2f43,1928985431,Myriopus volubilis,Myriopus volubilis (L.) Small,Heliotropiaceae,Myriopus,SPECIES,PRESERVED_SPECIMEN,1981-02-06,1981,-68.58,18.375,NA,d415c253-4d61-4459-9d25-4015b9084fb0,NY,NY,11,02,SAN RAFAEL DEL YUMA,081102,874cc6718ffffff
5656b8de-066d-41b2-b834-eb05825883dd,1928989263,Terminalia buceras,Bucida buceras L.,Combretaceae,Terminalia,SPECIES,PRESERVED_SPECIMEN,1978-07-23,1978,-68.614383,18.377242,1662,d415c253-4d61-4459-9d25-4015b9084fb0,NY,NY,11,02,SAN RAFAEL DEL YUMA,081102,874cc671affffff
56ADC73D-9A73-4A59-9D3B-EFF54C74601D,123018087,Trichostigma octandrum,Trichostigma octandrum (L.) H.Walter,Petiveriaceae,Trichostigma,SPECIES,PRESERVED_SPECIMEN,1980-04-14,1980,-68.7167,18.4667,NA,832cb04e-f762-11e1-a439-00145eb45e9a,FTG,Herbarium,11,02,SAN RAFAEL DEL YUMA,081102,874cc6458ffffff
5752093F-5EBF-404C-B986-C5115214519D,1503210925,Ammannia latifolia,Ammannia latifolia L.,Lythraceae,Ammannia,SPECIES,PRESERVED_SPECIMEN,1980-05-07,1980,-68.8833,18.4333,NA,af1b4db0-c8ce-4a95-b700-8a6a02bed9d6,USF,Herb,11,02,SAN RAFAEL DEL YUMA,081102,874cd5b2dffffff
57D6B9ED-472C-435E-91FD-33D360F81A15,122954336,Hamelia patens,Hamelia patens Jacq.,Rubiaceae,Hamelia,SPECIES,PRESERVED_SPECIMEN,1981-02-04,1981,-68.6167,18.35,NA,832cb04e-f762-11e1-a439-00145eb45e9a,FTG,Herbarium,11,02,SAN RAFAEL DEL YUMA,081102,874cc6636ffffff
57cba7c2-a1b6-449e-ada0-0e93d354c800,1929008854,Trichostigma octandrum,Trichostigma octandrum (L.) H.Walter,Petiveriaceae,Trichostigma,SPECIES,PRESERVED_SPECIMEN,1981-02-04,1981,-68.62,18.35,NA,d415c253-4d61-4459-9d25-4015b9084fb0,NY,NY,11,02,SAN RAFAEL DEL YUMA,081102,874cc6636ffffff
5813A216-DC76-4FC1-A742-C37936CC039E,1503214409,Myrcianthes fragrans,Myrcianthes fragrans (Sw.) McVaugh,Myrtaceae,Myrcianthes,SPECIES,PRESERVED_SPECIMEN,1969-08-22,1969,-68.608,18.378,NA,af1b4db0-c8ce-4a95-b700-8a6a02bed9d6,USF,Herb,11,02,SAN RAFAEL DEL YUMA,081102,874cc671affffff
58286c16-eae6-4fd4-a3bf-d5aefd744f8b,1929014179,Tillandsia juncea,Tillandsia juncea (Ruiz & Pav.) Poir.,Bromeliaceae,Tillandsia,SPECIES,PRESERVED_SPECIMEN,1980-10-30,1980,-68.85,18.4,NA,d415c253-4d61-4459-9d25-4015b9084fb0,NY,NY,11,02,SAN RAFAEL DEL YUMA,081102,874cd5b74ffffff
5838377a-4545-40fc-a289-a02844fdf8db,1929015926,Pouteria dictyoneura,Pouteria dictyoneura subsp. fuertesii (Urb.) Cronquist,Sapotaceae,Pouteria,SUBSPECIES,PRESERVED_SPECIMEN,1981-07-07,1981,-68.88,18.4083,NA,d415c253-4d61-4459-9d25-4015b9084fb0,NY,NY,11,02,SAN RAFAEL DEL YUMA,081102,874cd5b29ffffff
587d1edc-4d88-4890-a0f5-0d8c48ae9e65,4421592304,Erythroxylum brennae,Erythroxylum brennae D'Arcy & Schanen,Erythroxylaceae,Erythroxylum,SPECIES,PRESERVED_SPECIMEN,2009-04-27,2009,-68.842217,18.415733,NA,89c53edb-0fac-4118-bdc0-d70ca50953dc,DBG,KHD,11,02,SAN RAFAEL DEL YUMA,081102,874cc64dbffffff
58f69505-40c2-47b6-aee7-bb40da77d83e,1929026254,Erpodium cubense,Erpodium cubense E. Britton,Erpodiaceae,Erpodium,SPECIES,PRESERVED_SPECIMEN,1981-03-30,1981,-68.62,18.38,NA,d415c253-4d61-4459-9d25-4015b9084fb0,NY,NY,11,02,SAN RAFAEL DEL YUMA,081102,874cc67adffffff
5945aba6-7f22-4eb9-a448-854737dd0708,1929030344,Trichostigma octandrum,Trichostigma octandrum (L.) H.Walter,Petiveriaceae,Trichostigma,SPECIES,PRESERVED_SPECIMEN,1980-04-14,1980,-68.72,18.47,NA,d415c253-4d61-4459-9d25-4015b9084fb0,NY,NY,11,02,SAN RAFAEL DEL YUMA,081102,874cc645effffff
5C145C6F-E4A7-4969-A15B-6FADC1AB768B,1503215006,Sideroxylon obovatum,Sideroxylon obovatum Lam.,Sapotaceae,Sideroxylon,SPECIES,PRESERVED_SPECIMEN,1972-07-14,1972,-68.8395,18.368,NA,af1b4db0-c8ce-4a95-b700-8a6a02bed9d6,USF,Herb,11,02,SAN RAFAEL DEL YUMA,081102,874cd5b71ffffff
5FC85521-DD36-4B05-8485-86AF5576F70C,1503210770,Catharanthus roseus,Catharanthus roseus (L.) G.Don,Apocynaceae,Catharanthus,SPECIES,PRESERVED_SPECIMEN,1981-02-05,1981,-68.6,18.3833,NA,af1b4db0-c8ce-4a95-b700-8a6a02bed9d6,USF,Herb,11,02,SAN RAFAEL DEL YUMA,081102,874cc671effffff
5a8503d8-e9d1-4448-84dc-d1aee1f46379,1929047164,Argemone mexicana,Argemone mexicana L.,Papaveraceae,Argemone,SPECIES,PRESERVED_SPECIMEN,1981-02-06,1981,-68.58,18.375,NA,d415c253-4d61-4459-9d25-4015b9084fb0,NY,NY,11,02,SAN RAFAEL DEL YUMA,081102,874cc6718ffffff
5b038668-bbe7-41bc-8b87-ca827c475372,1929054656,Dactyloctenium aegyptium,Dactyloctenium aegyptium (L.) Willd.,Poaceae,Dactyloctenium,SPECIES,PRESERVED_SPECIMEN,1981-02-04,1981,-68.6,18.38,NA,d415c253-4d61-4459-9d25-4015b9084fb0,NY,NY,11,02,SAN RAFAEL DEL YUMA,081102,874cc671affffff
5b6876e9-e9e3-4256-9406-4ccb4d1b7f2d,1929060078,Cyperus ligularis,Cyperus ligularis L.,Cyperaceae,Cyperus,SPECIES,PRESERVED_SPECIMEN,1980-05-07,1980,-68.88,18.43,NA,d415c253-4d61-4459-9d25-4015b9084fb0,NY,NY,11,02,SAN RAFAEL DEL YUMA,081102,874cd5b2dffffff
5b68d8f0-1c75-43b8-9698-f9a707f032ab,2028413487,Cladophora catenata,"Cladophora catenata (Linnaeus) Kützing, 1843",Cladophoraceae,Cladophora,SPECIES,PRESERVED_SPECIMEN,1972-05-03,1972,-68.595194,18.380503,2774,31b346f9-1a91-4688-af40-5a50a261c572,DUKE,,11,02,SAN RAFAEL DEL YUMA,081102,874cc6718ffffff
5c11b28c-4779-4d47-b914-cdf9e9a6c45d,1929069603,Fissidens pallidinervis,Fissidens pallidinervis Mitt.,Fissidentaceae,Fissidens,SPECIES,PRESERVED_SPECIMEN,1981-03-30,1981,-68.62,18.35,NA,d415c253-4d61-4459-9d25-4015b9084fb0,NY,NY,11,02,SAN RAFAEL DEL YUMA,081102,874cc6636ffffff
5c7a28d2-aa2d-4680-accb-44fa167c4f64,1929075888,Celosia nitida,Celosia nitida Vahl,Amaranthaceae,Celosia,SPECIES,PRESERVED_SPECIMEN,1981-10-07,1981,-68.77,18.2583,NA,d415c253-4d61-4459-9d25-4015b9084fb0,NY,NY,11,02,SAN RAFAEL DEL YUMA,081102,874cc6690ffffff
5c9cb617-095b-48bd-99d4-120ad34bd52a,1929077035,Clusia rosea,Clusia rosea Jacq.,Clusiaceae,Clusia,SPECIES,PRESERVED_SPECIMEN,1981-02-05,1981,-68.6,18.38,NA,d415c253-4d61-4459-9d25-4015b9084fb0,NY,NY,11,02,SAN RAFAEL DEL YUMA,081102,874cc671affffff
5d1c4206-3ebd-4c69-97c0-1b9103d8ef87,1929084203,Serjania polyphylla,Serjania polyphylla (L.) Poir. ex Steud.,Sapindaceae,Serjania,SPECIES,PRESERVED_SPECIMEN,1981-02-04,1981,-68.62,18.35,NA,d415c253-4d61-4459-9d25-4015b9084fb0,NY,NY,11,02,SAN RAFAEL DEL YUMA,081102,874cc6636ffffff
5dff7fbf-d6fa-4206-b13f-46ff73631122,1929096993,Pseudalbizzia berteroana,Albizia berteroana (Balb. ex DC.) Fawc. & Rendle,Fabaceae,Pseudalbizzia,SPECIES,PRESERVED_SPECIMEN,1985-06-20,1985,-68.62,18.37,NA,d415c253-4d61-4459-9d25-4015b9084fb0,NY,NY,11,02,SAN RAFAEL DEL YUMA,081102,874cc67a9ffffff
5e2da398-b8e3-441c-81dd-8214e7e62433,1929099797,Asplenium pumilum,Asplenium pumilum Sw.,Aspleniaceae,Asplenium,SPECIES,PRESERVED_SPECIMEN,1981-02-05,1981,-68.62,18.4,NA,d415c253-4d61-4459-9d25-4015b9084fb0,NY,NY,11,02,SAN RAFAEL DEL YUMA,081102,874cc6713ffffff
5f60212a-895f-4d4d-9fcc-f3d153288acf,5896890434,Zanthoxylum schreberi,Zanthoxylum monophyllum (Lam.) P.Wilson,Rutaceae,Zanthoxylum,SPECIES,PRESERVED_SPECIMEN,1987-05-15,1987,-68.883333,18.4,NA,b89d52a2-861d-4388-adad-c0da3d55fc78,UF,,11,02,SAN RAFAEL DEL YUMA,081102,874cd5b76ffffff
5fa1a0a5-f0be-4652-86f5-3a6d2f1ef2c2,1929120523,Ruehssia linearis,Marsdenia linearis Decne.,Apocynaceae,Ruehssia,SPECIES,PRESERVED_SPECIMEN,1968-08-22,1968,-68.614383,18.377242,1662,d415c253-4d61-4459-9d25-4015b9084fb0,NY,NY,11,02,SAN RAFAEL DEL YUMA,081102,874cc671affffff
5fad3ed0-d9e6-41a1-8952-f7d9574ab098,1929120742,Paullinia pinnata,Paullinia pinnata L.,Sapindaceae,Paullinia,SPECIES,PRESERVED_SPECIMEN,1983-11-22,1983,-68.62,18.4,NA,d415c253-4d61-4459-9d25-4015b9084fb0,NY,NY,11,02,SAN RAFAEL DEL YUMA,081102,874cc6713ffffff
608f277a-2795-47f2-91a9-859337140096,1929133108,Terminalia catappa,Terminalia catappa L.,Combretaceae,Terminalia,SPECIES,PRESERVED_SPECIMEN,1981-10-07,1981,-68.77,18.2583,NA,d415c253-4d61-4459-9d25-4015b9084fb0,NY,NY,11,02,SAN RAFAEL DEL YUMA,081102,874cc6690ffffff
6113D94F-5796-4DCB-BA84-D99090258CC0,122993082,Eumachia microdon,Psychotria microdon (DC.) Urb.,Rubiaceae,Eumachia,SPECIES,PRESERVED_SPECIMEN,1976-02-21,1976,-68.8395,18.368,3036,832cb04e-f762-11e1-a439-00145eb45e9a,FTG,Herbarium,11,02,SAN RAFAEL DEL YUMA,081102,874cd5b71ffffff
61511583-4a3f-48d7-9307-1fb1f8574845,1929143809,Eulophia maculata,Oeceoclades maculata (Lindl.) Lindl.,Orchidaceae,Eulophia,SPECIES,PRESERVED_SPECIMEN,1981-02-05,1981,-68.62,18.4,NA,d415c253-4d61-4459-9d25-4015b9084fb0,NY,NY,11,02,SAN RAFAEL DEL YUMA,081102,874cc6713ffffff
6178607d-5744-40d2-b13b-64bb2f5f0f5c,1929146027,Melochia pyramidata,Melochia pyramidata L.,Malvaceae,Melochia,SPECIES,PRESERVED_SPECIMEN,1981-02-04,1981,-68.62,18.35,NA,d415c253-4d61-4459-9d25-4015b9084fb0,NY,NY,11,02,SAN RAFAEL DEL YUMA,081102,874cc6636ffffff
6199259b-10fb-4507-a6c2-9aebc0ed85d1,1929148803,Euphorbia mesembryanthemifolia,Euphorbia mesembryanthemifolia Jacq.,Euphorbiaceae,Euphorbia,SPECIES,PRESERVED_SPECIMEN,2004-05-27,2004,-68.6181,18.3644,NA,d415c253-4d61-4459-9d25-4015b9084fb0,NY,NY,11,02,SAN RAFAEL DEL YUMA,081102,874cc67a9ffffff
61B76B55-7358-4E5D-893B-3501CC1DC931,122953206,Gouania lupuloides,Gouania lupuloides (L.) Urb.,Rhamnaceae,Gouania,SPECIES,PRESERVED_SPECIMEN,1981-02-05,1981,-68.6167,18.3833,NA,832cb04e-f762-11e1-a439-00145eb45e9a,FTG,Herbarium,11,02,SAN RAFAEL DEL YUMA,081102,874cc67adffffff
61ac5c92-7d8c-4153-bbfa-21041c1468d3,1929148986,Chryso-hypnum diminutivum,Chryso-hypnum diminutivum (Hampe) W.R. Buck,Hypnaceae,Chryso-hypnum,SPECIES,PRESERVED_SPECIMEN,1981-03-30,1981,-68.62,18.38,NA,d415c253-4d61-4459-9d25-4015b9084fb0,NY,NY,11,02,SAN RAFAEL DEL YUMA,081102,874cc67adffffff
622489fe-51c9-4c90-b054-50df8ea9f171,1929155608,Weissia jamaicensis,Weissia jamaicensis (Mitt.) Grout,Pottiaceae,Weissia,SPECIES,PRESERVED_SPECIMEN,1981-07-07,1981,-68.88,18.408333,NA,d415c253-4d61-4459-9d25-4015b9084fb0,NY,NY,11,02,SAN RAFAEL DEL YUMA,081102,874cd5b29ffffff
627af493-7122-437d-9501-7d2ab9a50bbb,1929160090,Myriopus volubilis,Myriopus volubilis (L.) Small,Heliotropiaceae,Myriopus,SPECIES,PRESERVED_SPECIMEN,1981-02-04,1981,-68.62,18.35,NA,d415c253-4d61-4459-9d25-4015b9084fb0,NY,NY,11,02,SAN RAFAEL DEL YUMA,081102,874cc6636ffffff
62d5376e-77f0-48b7-9680-ba8659ad1745,1929166909,Paspalum fimbriatum,Paspalum fimbriatum Kunth,Poaceae,Paspalum,SPECIES,PRESERVED_SPECIMEN,1980-05-07,1980,-68.88,18.43,NA,d415c253-4d61-4459-9d25-4015b9084fb0,NY,NY,11,02,SAN RAFAEL DEL YUMA,081102,874cd5b2dffffff
630d7204-abdd-4cdc-83e1-cd1f66fb4d6b,1929168006,Exostema caribaeum,Exostema caribaeum (Jacq.) Roem. & Schult.,Rubiaceae,Exostema,SPECIES,PRESERVED_SPECIMEN,1981-07-07,1981,-68.88,18.4083,NA,d415c253-4d61-4459-9d25-4015b9084fb0,NY,NY,11,02,SAN RAFAEL DEL YUMA,081102,874cd5b29ffffff
6349E99E-3AAC-41BF-B445-707CBEFD0908,1503210847,Cyperus ligularis,Cyperus ligularis L.,Cyperaceae,Cyperus,SPECIES,PRESERVED_SPECIMEN,1980-05-07,1980,-68.8833,18.4333,NA,af1b4db0-c8ce-4a95-b700-8a6a02bed9d6,USF,Herb,11,02,SAN RAFAEL DEL YUMA,081102,874cd5b2dffffff
63892772-b4a3-4b2a-9e50-e994ba2f6f97,1929175025,Trianthema portulacastrum,Trianthema portulacastrum L.,Aizoaceae,Trianthema,SPECIES,PRESERVED_SPECIMEN,1981-02-04,1981,-68.6,18.38,NA,d415c253-4d61-4459-9d25-4015b9084fb0,NY,NY,11,02,SAN RAFAEL DEL YUMA,081102,874cc671affffff
6395cec1-6819-49ce-8484-7965ef729ec2,2028413474,Ulva lactuca,"Ulva lactuca Linnaeus, 1753",Ulvaceae,Ulva,SPECIES,PRESERVED_SPECIMEN,1972-05-03,1972,-68.609003,18.378249,3036,31b346f9-1a91-4688-af40-5a50a261c572,DUKE,,11,02,SAN RAFAEL DEL YUMA,081102,874cc671affffff
65D8EED4-D968-438B-84CB-D1168DA97E73,122924222,Chrysophyllum oliviforme,Chrysophyllum oliviforme L.,Sapotaceae,Chrysophyllum,SPECIES,PRESERVED_SPECIMEN,1981-07-19,1981,-68.75,18.25,NA,832cb04e-f762-11e1-a439-00145eb45e9a,FTG,Herbarium,11,02,SAN RAFAEL DEL YUMA,081102,874cc6691ffffff
67c3af15-376a-4b86-99f9-4646ebcdd178,2028413500,Palisada perforata,"Palisada perforata (Bory de Saint-Vincent) K.W.Nam, 2007",Rhodomelaceae,Palisada,SPECIES,PRESERVED_SPECIMEN,1972-05-03,1972,-68.603686,18.379103,2000,31b346f9-1a91-4688-af40-5a50a261c572,DUKE,,11,02,SAN RAFAEL DEL YUMA,081102,874cc671affffff
68a7c33c-80f9-4140-85d4-c132b33af63f,1929246654,Thysananthus auriculatus,Mastigolejeunea auriculata (Wilson & Hook.) Steph.,Lejeuneaceae,Thysananthus,SPECIES,PRESERVED_SPECIMEN,2001-07-25,2001,-68.6178,18.3644,NA,d415c253-4d61-4459-9d25-4015b9084fb0,NY,NY,11,02,SAN RAFAEL DEL YUMA,081102,874cc67a9ffffff
694162ce-1a1d-4080-a7ea-9ba3b708be2f,1929255377,Damburneya coriacea,Nectandra coriacea (Sw.) Griseb.,Lauraceae,Damburneya,SPECIES,PRESERVED_SPECIMEN,1983-11-22,1983,-68.62,18.4,NA,d415c253-4d61-4459-9d25-4015b9084fb0,NY,NY,11,02,SAN RAFAEL DEL YUMA,081102,874cc6713ffffff
69a200c1-aaec-4986-932c-bc8a6d6c4a1d,1929261138,Erpodium cubense,Erpodium cubense E. Britton,Erpodiaceae,Erpodium,SPECIES,PRESERVED_SPECIMEN,1981-03-30,1981,-68.83,18.42,NA,d415c253-4d61-4459-9d25-4015b9084fb0,NY,NY,11,02,SAN RAFAEL DEL YUMA,081102,874cc64d8ffffff
6C076987-34D4-4EB3-BFFB-16EA40C753AA,122983461,Phyla nodiflora,Phyla nodiflora (L.) Greene,Verbenaceae,Phyla,SPECIES,PRESERVED_SPECIMEN,2001-04-28,2001,-68.8356,18.3675,NA,832cb04e-f762-11e1-a439-00145eb45e9a,FTG,Herbarium,11,02,SAN RAFAEL DEL YUMA,081102,874cd5b71ffffff
6a3931b3-7951-4474-846d-0b432f759c51,2028413489,Gracilaria debilis,Gracilaria debilis (Forssk.) Børgesen,Gracilariaceae,Gracilaria,SPECIES,PRESERVED_SPECIMEN,1972-05-03,1972,-68.609003,18.378249,2000,31b346f9-1a91-4688-af40-5a50a261c572,DUKE,,11,02,SAN RAFAEL DEL YUMA,081102,874cc671affffff
6b7ae96c-50fe-4bac-b06d-a3681447d715,1929286905,Terminalia buceras,Bucida buceras L.,Combretaceae,Terminalia,SPECIES,PRESERVED_SPECIMEN,1981-02-05,1981,-68.6,18.38,NA,d415c253-4d61-4459-9d25-4015b9084fb0,NY,NY,11,02,SAN RAFAEL DEL YUMA,081102,874cc671affffff
6b7ce3d6-ae25-4b8a-9da6-4ce940cb92e2,1929287076,Cyperus odoratus,Cyperus odoratus L.,Cyperaceae,Cyperus,SPECIES,PRESERVED_SPECIMEN,1980-05-07,1980,-68.88,18.43,NA,d415c253-4d61-4459-9d25-4015b9084fb0,NY,NY,11,02,SAN RAFAEL DEL YUMA,081102,874cd5b2dffffff
6cb2c556-df26-45b6-b254-542b06ecaccf,1929303699,Commicarpus scandens,Boerhavia scandens L.,Nyctaginaceae,Commicarpus,SPECIES,PRESERVED_SPECIMEN,1981-10-07,1981,-68.77,18.2583,NA,d415c253-4d61-4459-9d25-4015b9084fb0,NY,NY,11,02,SAN RAFAEL DEL YUMA,081102,874cc6690ffffff
6cf74844-c57b-428c-8cba-a9385223c43d,1929308288,Serjania polyphylla,Serjania polyphylla (L.) Poir. ex Steud.,Sapindaceae,Serjania,SPECIES,PRESERVED_SPECIMEN,1981-02-06,1981,-68.58,18.375,NA,d415c253-4d61-4459-9d25-4015b9084fb0,NY,NY,11,02,SAN RAFAEL DEL YUMA,081102,874cc6718ffffff
6d1f5808-dfc5-4219-9f39-79f118da518d,1929309819,Syrrhopodon parasiticus,Syrrhopodon parasiticus (Sw. ex Brid.) Besch.,Calymperaceae,Syrrhopodon,SPECIES,PRESERVED_SPECIMEN,1981-10-07,1981,-68.77,18.2583,NA,d415c253-4d61-4459-9d25-4015b9084fb0,NY,NY,11,02,SAN RAFAEL DEL YUMA,081102,874cc6690ffffff
6dc04d0c-02b7-439c-ba70-0f14ecfe6acf,1929319827,Quadrella ferruginea,Quadrella ferruginea (L.) Iltis & Cornejo,Capparaceae,Quadrella,SPECIES,PRESERVED_SPECIMEN,1981-10-07,1981,-68.77,18.2583,NA,d415c253-4d61-4459-9d25-4015b9084fb0,NY,NY,11,02,SAN RAFAEL DEL YUMA,081102,874cc6690ffffff
6e8c96f3-6921-4637-a3dd-c03fcc8ccf81,1929329073,Calymperes erosum,Calymperes erosum Müll. Hal.,Calymperaceae,Calymperes,SPECIES,PRESERVED_SPECIMEN,1981-02-04,1981,-68.62,18.35,NA,d415c253-4d61-4459-9d25-4015b9084fb0,NY,NY,11,02,SAN RAFAEL DEL YUMA,081102,874cc6636ffffff
6e9abbf7-2d16-412b-8711-8825463e8f6e,1929330433,Pseudocryphaea domingensis,Pseudocryphaea domingensis (Spreng.) W.R. Buck,Rutenbergiaceae,Pseudocryphaea,SPECIES,PRESERVED_SPECIMEN,1981-03-30,1981,-68.83,18.42,NA,d415c253-4d61-4459-9d25-4015b9084fb0,NY,NY,11,02,SAN RAFAEL DEL YUMA,081102,874cc64d8ffffff
6f1fcb71-ba8f-454e-ab3a-a03f8edef56d,1929337859,Laurencia papillosa,Laurencia papillosa (C. Agardh) Greville,Rhodomelaceae,Laurencia,SPECIES,PRESERVED_SPECIMEN,1972-05-03,1972,-68.604033,18.379162,161.79,d415c253-4d61-4459-9d25-4015b9084fb0,NY,NY,11,02,SAN RAFAEL DEL YUMA,081102,874cc671affffff
6f21f041-26c7-488d-b57a-60ad923ffc8e,1929338078,Casearia aculeata,Casearia aculeata Jacq.,Salicaceae,Casearia,SPECIES,PRESERVED_SPECIMEN,1984-05-04,1984,-68.85,18.38,NA,d415c253-4d61-4459-9d25-4015b9084fb0,NY,NY,11,02,SAN RAFAEL DEL YUMA,081102,874cd5b70ffffff
6f3948b1-c66b-4592-9eb0-4de1105cfb96,1929340092,Chiococca alba,Chiococca alba (L.) Hitchc.,Rubiaceae,Chiococca,SPECIES,PRESERVED_SPECIMEN,1981-07-07,1981,-68.88,18.4083,NA,d415c253-4d61-4459-9d25-4015b9084fb0,NY,NY,11,02,SAN RAFAEL DEL YUMA,081102,874cd5b29ffffff
6f60dccd-4747-41ac-96a0-45b0ac484ec7,1929342611,Sapindus saponaria,Sapindus saponaria L.,Sapindaceae,Sapindus,SPECIES,PRESERVED_SPECIMEN,1980-05-07,1980,-68.83,18.37,NA,d415c253-4d61-4459-9d25-4015b9084fb0,NY,NY,11,02,SAN RAFAEL DEL YUMA,081102,874cd5b44ffffff
6f9ab92a-686b-474c-8158-4b36bf0967ad,1929344620,Guapira brevipetiolata,Guapira brevipetiolata (Heimerl) Alain,Nyctaginaceae,Guapira,SPECIES,PRESERVED_SPECIMEN,2004-05-27,2004,-68.6181,18.3645,NA,d415c253-4d61-4459-9d25-4015b9084fb0,NY,NY,11,02,SAN RAFAEL DEL YUMA,081102,874cc67a9ffffff
6fe76311-41eb-47b8-82c0-1edd6720cd3e,1929348989,Myrcianthes fragrans,Myrcianthes fragrans (Sw.) McVaugh,Myrtaceae,Myrcianthes,SPECIES,PRESERVED_SPECIMEN,1969-08-22,1969,-68.61539,18.377341,1601.57,d415c253-4d61-4459-9d25-4015b9084fb0,NY,NY,11,02,SAN RAFAEL DEL YUMA,081102,874cc671affffff
711ca1b6-664a-4739-8919-dda6cfd8522b,1929365784,Cynophalla flexuosa,Cynophalla flexuosa (L.) J.Presl,Capparaceae,Cynophalla,SPECIES,PRESERVED_SPECIMEN,1981-02-06,1981,-68.58,18.375,NA,d415c253-4d61-4459-9d25-4015b9084fb0,NY,NY,11,02,SAN RAFAEL DEL YUMA,081102,874cc6718ffffff
7133b04e-fd92-4f00-95bb-9bacf3852b8e,1929366998,Spondias mombin,Spondias mambin L.,Anacardiaceae,Spondias,SPECIES,PRESERVED_SPECIMEN,1981-07-07,1981,-68.88,18.4083,NA,d415c253-4d61-4459-9d25-4015b9084fb0,NY,NY,11,02,SAN RAFAEL DEL YUMA,081102,874cd5b29ffffff
717cb5cc-142b-4ee9-bad3-1bbc0feea2ba,1929371554,Hypnea musciformis,Hypnea musciformis (Wulfen) Lamouroux,Cystocloniaceae,Hypnea,SPECIES,PRESERVED_SPECIMEN,1972-05-03,1972,-68.604033,18.379162,161.79,d415c253-4d61-4459-9d25-4015b9084fb0,NY,NY,11,02,SAN RAFAEL DEL YUMA,081102,874cc671affffff
71888f2d-5655-4372-a221-c115753bf7de,1929371495,Plagiochila distinctifolia,Plagiochila distinctifolia Lindenb.,Plagiochilaceae,Plagiochila,SPECIES,PRESERVED_SPECIMEN,1981-03-30,1981,-68.62,18.38,NA,d415c253-4d61-4459-9d25-4015b9084fb0,NY,NY,11,02,SAN RAFAEL DEL YUMA,081102,874cc67adffffff
71c0f58e-3c56-4789-9801-5c1d021845ab,1929375048,Trichilia pallida,Trichilia pallida Sw.,Meliaceae,Trichilia,SPECIES,PRESERVED_SPECIMEN,1980-04-14,1980,-68.72,18.47,NA,d415c253-4d61-4459-9d25-4015b9084fb0,NY,NY,11,02,SAN RAFAEL DEL YUMA,081102,874cc645effffff
729bb0e4-e51a-4ae8-960b-aee837b49bd5,1929387340,Tabebuia obovata,Tabebuia obovata Urb.,Bignoniaceae,Tabebuia,SPECIES,PRESERVED_SPECIMEN,1981-02-05,1981,-68.6,18.38,NA,d415c253-4d61-4459-9d25-4015b9084fb0,NY,NY,11,02,SAN RAFAEL DEL YUMA,081102,874cc671affffff
7339924c-1702-4efe-9903-4d0229af002a,1929395918,Piper amalago,Piper amalago L.,Piperaceae,Piper,SPECIES,PRESERVED_SPECIMEN,1983-11-22,1983,-68.62,18.4,NA,d415c253-4d61-4459-9d25-4015b9084fb0,NY,NY,11,02,SAN RAFAEL DEL YUMA,081102,874cc6713ffffff
74749479-fc8e-4487-80a6-431407e1598f,2028413497,Cladophora vagabunda,Cladophora vagabunda (Linnaeus) Van Den Hoek,Cladophoraceae,Cladophora,SPECIES,PRESERVED_SPECIMEN,1972-05-03,1972,-68.609003,18.378249,3036,31b346f9-1a91-4688-af40-5a50a261c572,DUKE,,11,02,SAN RAFAEL DEL YUMA,081102,874cc671affffff
74cd6606-10fe-45dc-bf46-f247ca5413a9,1929418427,Myriopus volubilis,Myriopus volubilis (L.) Small,Heliotropiaceae,Myriopus,SPECIES,PRESERVED_SPECIMEN,1968-08-22,1968,-68.61539,18.377341,1601.57,d415c253-4d61-4459-9d25-4015b9084fb0,NY,NY,11,02,SAN RAFAEL DEL YUMA,081102,874cc671affffff
75003450-9149-4e9e-99f1-08330389efc3,1929421000,Microtea debilis,Microtea debilis Sw.,Microteaceae,Microtea,SPECIES,PRESERVED_SPECIMEN,1968-08-22,1968,-68.614383,18.377242,1662,d415c253-4d61-4459-9d25-4015b9084fb0,NY,NY,11,02,SAN RAFAEL DEL YUMA,081102,874cc671affffff
751f676c-5516-406d-8477-1ec2963516ee,1929422929,Pavonia spinifex,Pavonia spinifex (L.) Cav.,Malvaceae,Pavonia,SPECIES,PRESERVED_SPECIMEN,1981-02-06,1981,-68.58,18.375,NA,d415c253-4d61-4459-9d25-4015b9084fb0,NY,NY,11,02,SAN RAFAEL DEL YUMA,081102,874cc6718ffffff
759c3f50-7c8c-4a38-918b-b60205a0436b,1929429740,Tillandsia bulbosa,Tillandsia bulbosa Hook.,Bromeliaceae,Tillandsia,SPECIES,PRESERVED_SPECIMEN,1986-01-20,1986,-68.72,18.23,NA,d415c253-4d61-4459-9d25-4015b9084fb0,NY,NY,11,02,SAN RAFAEL DEL YUMA,081102,874cc669cffffff
75a8be1a-3c63-4bf3-ae4b-169c445605b4,1929430336,Sarcomphalus domingensis,Ziziphus rignonii Delponte,Rhamnaceae,Sarcomphalus,SPECIES,PRESERVED_SPECIMEN,1981-10-06,1981,-68.8,18.325,NA,d415c253-4d61-4459-9d25-4015b9084fb0,NY,NY,11,02,SAN RAFAEL DEL YUMA,081102,874cd5b4cffffff
75b9f96d-84cb-4262-a5a2-a6bd09e55e15,1929431357,Thouinia trifoliata,Thouinia trifoliata Poit.,Sapindaceae,Thouinia,SPECIES,PRESERVED_SPECIMEN,1981-02-05,1981,-68.6,18.38,NA,d415c253-4d61-4459-9d25-4015b9084fb0,NY,NY,11,02,SAN RAFAEL DEL YUMA,081102,874cc671affffff
75ebe6b3-7dde-466d-a027-40dfc236472d,1929434318,Lippia micromera,Lippia micromera var. helleri (Britton) Moldenke,Verbenaceae,Lippia,VARIETY,PRESERVED_SPECIMEN,1981-02-04,1981,-68.6,18.38,NA,d415c253-4d61-4459-9d25-4015b9084fb0,NY,NY,11,02,SAN RAFAEL DEL YUMA,081102,874cc671affffff
760ec522-0d96-466c-a1ff-6c805037ab02,1929435772,Amyris elemifera,Amyris elemifera L.,Rutaceae,Amyris,SPECIES,PRESERVED_SPECIMEN,1981-07-07,1981,-68.88,18.4083,NA,d415c253-4d61-4459-9d25-4015b9084fb0,NY,NY,11,02,SAN RAFAEL DEL YUMA,081102,874cd5b29ffffff
76f277b7-1aab-4e7c-b2c1-7eb12e884775,1929447882,Ludwigia octovalvis,Ludwigia octovalvis (Jacq.) P.H.Raven,Onagraceae,Ludwigia,SPECIES,PRESERVED_SPECIMEN,1980-05-07,1980,-68.88,18.43,NA,d415c253-4d61-4459-9d25-4015b9084fb0,NY,NY,11,02,SAN RAFAEL DEL YUMA,081102,874cd5b2dffffff
77006c57-3a72-4b69-80d2-6d949f3c3448,1929449279,Triumfetta semitriloba,Triumfetta semitriloba Jacq.,Malvaceae,Triumfetta,SPECIES,PRESERVED_SPECIMEN,1981-02-04,1981,-68.62,18.35,NA,d415c253-4d61-4459-9d25-4015b9084fb0,NY,NY,11,02,SAN RAFAEL DEL YUMA,081102,874cc6636ffffff
774a11ad-4906-4da7-b18f-b1e7c76d5434,1929453326,Drypetes alba,Drypetes alba Poit.,Putranjivaceae,Drypetes,SPECIES,PRESERVED_SPECIMEN,2004-05-27,2004,-68.6181,18.3645,NA,d415c253-4d61-4459-9d25-4015b9084fb0,NY,NY,11,02,SAN RAFAEL DEL YUMA,081102,874cc67a9ffffff
77E87B3B-27CA-4DAF-BEA7-E36F4C79A0EC,1503210882,Corchorus siliquosus,Corchorus siliquosus L.,Malvaceae,Corchorus,SPECIES,PRESERVED_SPECIMEN,1980-05-07,1980,-68.8833,18.4333,NA,af1b4db0-c8ce-4a95-b700-8a6a02bed9d6,USF,Herb,11,02,SAN RAFAEL DEL YUMA,081102,874cd5b2dffffff
77a33e1f-4752-415a-af5c-e0c9940736ff,2028413525,Jania cubensis,"Jania cubensis Montagne ex Kützing, 1849",Corallinaceae,Jania,SPECIES,PRESERVED_SPECIMEN,1972-05-03,1972,-68.609003,18.378249,2000,31b346f9-1a91-4688-af40-5a50a261c572,DUKE,,11,02,SAN RAFAEL DEL YUMA,081102,874cc671affffff
790b040a-c876-428d-860e-e67daa156bcd,1929477793,Senegalia angustifolia,Senegalia angustifolia (Lam.) Britton & Rose,Fabaceae,Senegalia,SPECIES,PRESERVED_SPECIMEN,1987-05-15,1987,-68.88,18.4,NA,d415c253-4d61-4459-9d25-4015b9084fb0,NY,NY,11,02,SAN RAFAEL DEL YUMA,081102,874cd5b76ffffff
79e8ee10-702c-42d6-bc68-2ab7277a450f,1929490260,Psiguria pedata,Psiguria pedata (L.) R.A.Howard,Cucurbitaceae,Psiguria,SPECIES,PRESERVED_SPECIMEN,1981-02-06,1981,-68.58,18.375,NA,d415c253-4d61-4459-9d25-4015b9084fb0,NY,NY,11,02,SAN RAFAEL DEL YUMA,081102,874cc6718ffffff
7A3C9CC9-1985-4E4F-AD50-BCAB54A3AB27,5082355312,Pilea Lindl.,Pilea Lindl.,Urticaceae,Pilea,GENUS,PRESERVED_SPECIMEN,1992-07-04,1992,-68.85,18.383333,NA,f3f03cbf-1a01-4739-ae15-c1355b8c2dbf,CM,Botany,11,02,SAN RAFAEL DEL YUMA,081102,874cd5b70ffffff
7B24E650-2308-4ACC-BDB6-5093E6AF3D03,122947445,Exostema acuminatum,Exostema acuminatum Urb.,Rubiaceae,Exostema,SPECIES,PRESERVED_SPECIMEN,1981-02-06,1981,-68.5833,18.375,NA,832cb04e-f762-11e1-a439-00145eb45e9a,FTG,Herbarium,11,02,SAN RAFAEL DEL YUMA,081102,874cc6718ffffff
7a12ebde-38f9-4de7-9176-ab4d4b0a69e3,1929492950,Chromolaena odorata,Chromolaena odorata (L.) R.M.King & H.Rob.,Asteraceae,Chromolaena,SPECIES,PRESERVED_SPECIMEN,1981-02-05,1981,-68.62,18.38,NA,d415c253-4d61-4459-9d25-4015b9084fb0,NY,NY,11,02,SAN RAFAEL DEL YUMA,081102,874cc67adffffff
7a3e91ea-3183-4be3-96fc-2d2af477c0df,1929494985,Amyris elemifera,Amyris elemifera L.,Rutaceae,Amyris,SPECIES,PRESERVED_SPECIMEN,1980-10-30,1980,-68.85,18.4,NA,d415c253-4d61-4459-9d25-4015b9084fb0,NY,NY,11,02,SAN RAFAEL DEL YUMA,081102,874cd5b74ffffff
7aa281e7-ed05-4d76-9d14-8652a3002554,1929500550,Broughtonia domingensis,Broughtonia domingensis (Lindl.) Rolfe,Orchidaceae,Broughtonia,SPECIES,PRESERVED_SPECIMEN,1981-02-05,1981,-68.6,18.38,NA,d415c253-4d61-4459-9d25-4015b9084fb0,NY,NY,11,02,SAN RAFAEL DEL YUMA,081102,874cc671affffff
7ac88ed4-825b-4a30-b967-32086e58c7ac,1929502071,Tabebuia obovata,Tabebuia obovata Urb.,Bignoniaceae,Tabebuia,SPECIES,PRESERVED_SPECIMEN,1975-05-31,1975,-68.614383,18.377242,1662,d415c253-4d61-4459-9d25-4015b9084fb0,NY,NY,11,02,SAN RAFAEL DEL YUMA,081102,874cc671affffff
7aea3dfa-4592-4baf-90e7-e10842bdf509,1929504392,Gomphrena muscoides,Lithophila muscoides Sw.,Amaranthaceae,Gomphrena,SPECIES,PRESERVED_SPECIMEN,1975-05-31,1975,-68.61539,18.377341,1601.57,d415c253-4d61-4459-9d25-4015b9084fb0,NY,NY,11,02,SAN RAFAEL DEL YUMA,081102,874cc671affffff
7b53c901-3cf5-4b94-ab9f-18ce0d8e78d9,1929510011,Tillandsia juncea,Tillandsia juncea (Ruiz & Pav.) Poir.,Bromeliaceae,Tillandsia,SPECIES,PRESERVED_SPECIMEN,1981-02-05,1981,-68.62,18.38,NA,d415c253-4d61-4459-9d25-4015b9084fb0,NY,NY,11,02,SAN RAFAEL DEL YUMA,081102,874cc67adffffff
7b7ca31a-54f7-40ae-b5fa-0cfa78a5c477,1929512260,Trichilia pallida,Trichilia pallida Sw.,Meliaceae,Trichilia,SPECIES,PRESERVED_SPECIMEN,1981-02-04,1981,-68.62,18.35,NA,d415c253-4d61-4459-9d25-4015b9084fb0,NY,NY,11,02,SAN RAFAEL DEL YUMA,081102,874cc6636ffffff
7c688c36-7c53-4884-895d-d84c5e85eb31,1929525258,Quadrella ferruginea,Quadrella ferruginea (L.) Iltis & Cornejo,Capparaceae,Quadrella,SPECIES,PRESERVED_SPECIMEN,1981-10-08,1981,-68.6417,18.22,NA,d415c253-4d61-4459-9d25-4015b9084fb0,NY,NY,11,02,SAN RAFAEL DEL YUMA,081102,874cc668dffffff
7d6c6797-cf63-4205-8fe5-58284e1a62be,1929540009,Ipomoea tiliacea,Ipomoea tiliacea (Willd.) Choisy,Convolvulaceae,Ipomoea,SPECIES,PRESERVED_SPECIMEN,1981-02-04,1981,-68.62,18.35,NA,d415c253-4d61-4459-9d25-4015b9084fb0,NY,NY,11,02,SAN RAFAEL DEL YUMA,081102,874cc6636ffffff
7e15c80a-7879-4be1-92ef-0b2dcdd30fb6,1929549379,Sematophyllum adnatum,Sematophyllum adnatum (Michx.) E. Britton,Sematophyllaceae,Sematophyllum,SPECIES,PRESERVED_SPECIMEN,1981-03-30,1981,-68.62,18.38,NA,d415c253-4d61-4459-9d25-4015b9084fb0,NY,NY,11,02,SAN RAFAEL DEL YUMA,081102,874cc67adffffff
7e46254b-7463-4141-9874-b28cf3649d15,1929551880,Coccoloba uvifera,Coccoloba uvifera (L.) L.,Polygonaceae,Coccoloba,SPECIES,PRESERVED_SPECIMEN,1981-02-04,1981,-68.6,18.38,NA,d415c253-4d61-4459-9d25-4015b9084fb0,NY,NY,11,02,SAN RAFAEL DEL YUMA,081102,874cc671affffff
7e6779c1-803b-4e37-82d0-57446ec948a7,1929553727,Hyophiladelphus agrarius,Hyophiladelphus agrarius (Hedw.) R.H. Zander,Pottiaceae,Hyophiladelphus,SPECIES,PRESERVED_SPECIMEN,1981-10-08,1981,-68.6417,18.22,NA,d415c253-4d61-4459-9d25-4015b9084fb0,NY,NY,11,02,SAN RAFAEL DEL YUMA,081102,874cc668dffffff
7f4ef45d-c97d-4db7-a450-13c623b0b00e,1929566259,Guaiacum sanctum,Guaiacum sanctum L.,Zygophyllaceae,Guaiacum,SPECIES,PRESERVED_SPECIMEN,1985-04-04,1985,-68.78,18.325,NA,d415c253-4d61-4459-9d25-4015b9084fb0,NY,NY,11,02,SAN RAFAEL DEL YUMA,081102,874cd5b6bffffff
7f713c68-a5e7-4cc2-8941-51889e4b2450,1929568032,Pireella cymbifolia,Pireella cymbifolia (Sull.) Cardot,Pterobryaceae,Pireella,SPECIES,PRESERVED_SPECIMEN,2001-07-25,2001,-68.6178,18.3644,NA,d415c253-4d61-4459-9d25-4015b9084fb0,NY,NY,11,02,SAN RAFAEL DEL YUMA,081102,874cc67a9ffffff
7f9c8a18-9d79-4313-8c51-4db78940a4ee,1929570192,Adiantum fragile,Adiantum fragile Sw.,Pteridaceae,Adiantum,SPECIES,PRESERVED_SPECIMEN,1981-02-05,1981,-68.6,18.38,NA,d415c253-4d61-4459-9d25-4015b9084fb0,NY,NY,11,02,SAN RAFAEL DEL YUMA,081102,874cc671affffff
7f9dbacc-9e34-4f61-b65a-d54936dc15d2,1929570654,Guaiacum officinale,Guaiacum officinale L.,Zygophyllaceae,Guaiacum,SPECIES,PRESERVED_SPECIMEN,1981-10-07,1981,-68.77,18.2583,NA,d415c253-4d61-4459-9d25-4015b9084fb0,NY,NY,11,02,SAN RAFAEL DEL YUMA,081102,874cc6690ffffff
8091a233-0623-4b8d-a297-59041e1f4505,1929584343,Corchorus siliquosus,Corchorus siliquosus L.,Malvaceae,Corchorus,SPECIES,PRESERVED_SPECIMEN,1981-02-05,1981,-68.62,18.4,NA,d415c253-4d61-4459-9d25-4015b9084fb0,NY,NY,11,02,SAN RAFAEL DEL YUMA,081102,874cc6713ffffff
80bb4592-c252-461e-860f-dd8efd276367,1929586646,Casearia guianensis,Casearia guianensis (Aubl.) Urb.,Salicaceae,Casearia,SPECIES,PRESERVED_SPECIMEN,1983-11-22,1983,-68.62,18.4,NA,d415c253-4d61-4459-9d25-4015b9084fb0,NY,NY,11,02,SAN RAFAEL DEL YUMA,081102,874cc6713ffffff
8171dd28-f747-4eee-b344-13c74d5f2205,1929596228,Peperomia magnoliifolia,Peperomia magnoliifolia (Jacq.) A.Dietr.,Piperaceae,Peperomia,SPECIES,PRESERVED_SPECIMEN,2004-05-27,2004,-68.6181,18.3645,NA,d415c253-4d61-4459-9d25-4015b9084fb0,NY,NY,11,02,SAN RAFAEL DEL YUMA,081102,874cc67a9ffffff
817df557-3f05-45ab-a151-a393be48ec8c,1929597201,Distimake aegyptius,Merremia aegyptia (L.) Urb.,Convolvulaceae,Distimake,SPECIES,PRESERVED_SPECIMEN,1981-02-06,1981,-68.67,18.43,NA,d415c253-4d61-4459-9d25-4015b9084fb0,NY,NY,11,02,SAN RAFAEL DEL YUMA,081102,874cc67a0ffffff
81cad3d3-4b9b-47b9-82f7-157dd81dd73e,1929601391,Neckeropsis disticha,Neckeropsis disticha (Hedw.) Kindb.,Neckeraceae,Neckeropsis,SPECIES,PRESERVED_SPECIMEN,1981-03-30,1981,-68.62,18.38,NA,d415c253-4d61-4459-9d25-4015b9084fb0,NY,NY,11,02,SAN RAFAEL DEL YUMA,081102,874cc67adffffff
82366764-68b9-4bf1-b14a-6124aaa26be8,1929606776,Goniopteris domingensis,Thelypteris guadalupensis (Wikstr.) Proctor,Thelypteridaceae,Goniopteris,SPECIES,PRESERVED_SPECIMEN,1981-03-30,1981,-68.63,18.32,NA,d415c253-4d61-4459-9d25-4015b9084fb0,NY,NY,11,02,SAN RAFAEL DEL YUMA,081102,874cc6614ffffff
82a06695-fb48-437d-a247-2a52021c12c0,1929613213,Thysananthus auriculatus,Mastigolejeunea auriculata (Wilson & Hook.) Steph.,Lejeuneaceae,Thysananthus,SPECIES,PRESERVED_SPECIMEN,1981-10-07,1981,-68.77,18.2583,NA,d415c253-4d61-4459-9d25-4015b9084fb0,NY,NY,11,02,SAN RAFAEL DEL YUMA,081102,874cc6690ffffff
8327C753-798A-4809-A816-D9F938E89FA0,122938564,Drypetes alba,Drypetes alba Poit.,Putranjivaceae,Drypetes,SPECIES,PRESERVED_SPECIMEN,1980-04-14,1980,-68.7167,18.4667,NA,832cb04e-f762-11e1-a439-00145eb45e9a,FTG,Herbarium,11,02,SAN RAFAEL DEL YUMA,081102,874cc6458ffffff
83bc1acf-8840-4d5a-9845-d3a9bfce17a3,1929628464,Tolumnia calochila,Tolumnia calochila (Cogn.) Braem,Orchidaceae,Tolumnia,SPECIES,PRESERVED_SPECIMEN,1999-06-06,1999,-68.839217,18.388683,NA,d415c253-4d61-4459-9d25-4015b9084fb0,NY,NY,11,02,SAN RAFAEL DEL YUMA,081102,874cd5b75ffffff
83eaf777-3dbe-4707-93c2-380b3faf32a3,2270559237,Mosiera longipes,Mosiera longipes (O.Berg) Small,Myrtaceae,Mosiera,SPECIES,PRESERVED_SPECIMEN,1994-03-14,1994,-68.75,18.3167,NA,e05fd4c2-4d77-4c50-880e-1b22096af300,ASU,Plants,11,02,SAN RAFAEL DEL YUMA,081102,874cc66b6ffffff
84a2dfc4-52df-4548-b83d-5a2200444f13,1929641097,Cissus obovata,Cissus obovata Vahl,Vitaceae,Cissus,SPECIES,PRESERVED_SPECIMEN,1968-08-22,1968,-68.614383,18.377242,1662,d415c253-4d61-4459-9d25-4015b9084fb0,NY,NY,11,02,SAN RAFAEL DEL YUMA,081102,874cc671affffff
8501c6b2-12a4-43da-a709-65d6f6d46e1a,1929646477,Microgramma heterophylla,Microgramma heterophylla (L.) Wherry,Polypodiaceae,Microgramma,SPECIES,PRESERVED_SPECIMEN,1981-10-06,1981,-68.78,18.325,NA,d415c253-4d61-4459-9d25-4015b9084fb0,NY,NY,11,02,SAN RAFAEL DEL YUMA,081102,874cd5b6bffffff
853a9d74-7586-4001-afc6-a28f638b3b24,1929649552,Damburneya coriacea,Nectandra coriacea (Sw.) Griseb.,Lauraceae,Damburneya,SPECIES,PRESERVED_SPECIMEN,1981-10-06,1981,-68.78,18.325,NA,d415c253-4d61-4459-9d25-4015b9084fb0,NY,NY,11,02,SAN RAFAEL DEL YUMA,081102,874cd5b6bffffff
85915f41-0c2d-4686-8daf-0a37bf301358,1929655190,Thysananthus auriculatus,Mastigolejeunea auriculata (Wilson & Hook.) Steph.,Lejeuneaceae,Thysananthus,SPECIES,PRESERVED_SPECIMEN,1981-07-07,1981,-68.88,18.408333,NA,d415c253-4d61-4459-9d25-4015b9084fb0,NY,NY,11,02,SAN RAFAEL DEL YUMA,081102,874cd5b29ffffff
8621af52-a7bb-4c35-8884-f04bb1a6c226,1929663310,Celosia nitida,Celosia nitida Vahl,Amaranthaceae,Celosia,SPECIES,PRESERVED_SPECIMEN,1981-02-04,1981,-68.62,18.35,NA,d415c253-4d61-4459-9d25-4015b9084fb0,NY,NY,11,02,SAN RAFAEL DEL YUMA,081102,874cc6636ffffff
8778bc73-626e-4322-a675-6bf6bf8c66e8,1929681015,Achyranthes aspera,Achyranthes aspera var. aspera,Amaranthaceae,Achyranthes,VARIETY,PRESERVED_SPECIMEN,1980-05-07,1980,-68.88,18.43,NA,d415c253-4d61-4459-9d25-4015b9084fb0,NY,NY,11,02,SAN RAFAEL DEL YUMA,081102,874cd5b2dffffff
878d454a-716d-47a3-9882-d33ee8ac954f,1929682261,Damburneya coriacea,Nectandra coriacea (Sw.) Griseb.,Lauraceae,Damburneya,SPECIES,PRESERVED_SPECIMEN,1981-02-05,1981,-68.6,18.38,NA,d415c253-4d61-4459-9d25-4015b9084fb0,NY,NY,11,02,SAN RAFAEL DEL YUMA,081102,874cc671affffff
883d6f92-2e9d-44e4-b3e4-d896a2e71515,1929691867,Varronia curassavica,Varronia curassavica Jacq.,Cordiaceae,Varronia,SPECIES,PRESERVED_SPECIMEN,1981-07-07,1981,-68.88,18.4083,NA,d415c253-4d61-4459-9d25-4015b9084fb0,NY,NY,11,02,SAN RAFAEL DEL YUMA,081102,874cd5b29ffffff
887fe24f-bbdb-4779-acec-74b4202fc765,1929695298,Euphorbia cowellii,Euphorbia cowellii (Millsp. ex Britton) Oudejans,Euphorbiaceae,Euphorbia,SPECIES,PRESERVED_SPECIMEN,1975-05-31,1975,-68.615723,18.37727,1551.57,d415c253-4d61-4459-9d25-4015b9084fb0,NY,NY,11,02,SAN RAFAEL DEL YUMA,081102,874cc671affffff
8895ea83-3790-41d8-b43c-f81c87556cce,1929696755,Digitaria insularis,Digitaria insularis (L.) Mez ex Ekman,Poaceae,Digitaria,SPECIES,PRESERVED_SPECIMEN,1981-07-07,1981,-68.88,18.4083,NA,d415c253-4d61-4459-9d25-4015b9084fb0,NY,NY,11,02,SAN RAFAEL DEL YUMA,081102,874cd5b29ffffff
88ae6947-e65d-41d4-8396-a7d9788cad10,1929697894,Psiguria pedata,Psiguria pedata (L.) R.A.Howard,Cucurbitaceae,Psiguria,SPECIES,PRESERVED_SPECIMEN,1981-02-04,1981,-68.62,18.35,NA,d415c253-4d61-4459-9d25-4015b9084fb0,NY,NY,11,02,SAN RAFAEL DEL YUMA,081102,874cc6636ffffff
890AA327-16CC-4F4F-B380-3681186E2EC9,123021432,Ximenia americana,Ximenia americana L.,Ximeniaceae,Ximenia,SPECIES,PRESERVED_SPECIMEN,2001-04-28,2001,-68.7839,18.3358,NA,832cb04e-f762-11e1-a439-00145eb45e9a,FTG,Herbarium,11,02,SAN RAFAEL DEL YUMA,081102,874cd5b6affffff
8948c2a8-d2f8-436c-b7e9-bfc432dbaf76,2270674942,Eugenia axillaris,Eugenia axillaris (Sw.) Willd.,Myrtaceae,Eugenia,SPECIES,PRESERVED_SPECIMEN,1993-06-20,1993,-68.75,18.2417,NA,e05fd4c2-4d77-4c50-880e-1b22096af300,ASU,Plants,11,02,SAN RAFAEL DEL YUMA,081102,874cc6691ffffff
894c4c3e-0e3c-4e73-985b-9a24fd5cd530,1929706870,Entodontopsis leucostega,Entodontopsis leucostega (Brid.) W.R. Buck & Ireland,Stereophyllaceae,Entodontopsis,SPECIES,PRESERVED_SPECIMEN,1981-03-30,1981,-68.83,18.42,NA,d415c253-4d61-4459-9d25-4015b9084fb0,NY,NY,11,02,SAN RAFAEL DEL YUMA,081102,874cc64d8ffffff
89ddbf2c-7899-4d3a-beef-44debbbe22e5,1929714346,Annona dumetorum,Annona dumetorum R.E.Fr.,Annonaceae,Annona,SPECIES,PRESERVED_SPECIMEN,1986-01-18,1986,-68.62,18.3681,NA,d415c253-4d61-4459-9d25-4015b9084fb0,NY,NY,11,02,SAN RAFAEL DEL YUMA,081102,874cc67a9ffffff
8B0A979B-737A-4BA4-8C46-44F10D30CF36,122924117,Chiococca alba,Chiococca alba (L.) Hitchc.,Rubiaceae,Chiococca,SPECIES,PRESERVED_SPECIMEN,1981-07-07,1981,-68.8833,18.4083,NA,832cb04e-f762-11e1-a439-00145eb45e9a,FTG,Herbarium,11,02,SAN RAFAEL DEL YUMA,081102,874cd5b2bffffff
8DDC83A8-998B-49A3-89D1-2C48DCED69CB,123010010,Solanum erianthum,Solanum erianthum D.Don,Solanaceae,Solanum,SPECIES,PRESERVED_SPECIMEN,1981-07-19,1981,-68.75,18.25,NA,832cb04e-f762-11e1-a439-00145eb45e9a,FTG,Herbarium,11,02,SAN RAFAEL DEL YUMA,081102,874cc6691ffffff
8a3bf450-6aa9-461e-8aa0-b585e7674ace,1929719967,Wissadula hernandioides,Wissadula hernandioides (L'Hér.) Garcke,Malvaceae,Wissadula,SPECIES,PRESERVED_SPECIMEN,1981-02-04,1981,-68.62,18.35,NA,d415c253-4d61-4459-9d25-4015b9084fb0,NY,NY,11,02,SAN RAFAEL DEL YUMA,081102,874cc6636ffffff
8a53cf5e-6c5d-4b17-97a2-6d8d2af35e97,1929721247,Zapoteca portoricensis,Zapoteca portoricensis subsp. portoricensis,Fabaceae,Zapoteca,SUBSPECIES,PRESERVED_SPECIMEN,1991-01-22,1991,-68.83,18.38,NA,d415c253-4d61-4459-9d25-4015b9084fb0,NY,NY,11,02,SAN RAFAEL DEL YUMA,081102,874cd5b62ffffff
8b254bce-bfb6-4778-8acb-7b70f7cc254d,2028413483,Siphonocladus tropicus,"Siphonocladus tropicus Schmitz, 1879",Siphonocladaceae,Siphonocladus,SPECIES,PRESERVED_SPECIMEN,1972-05-03,1972,-68.595194,18.380503,2774,31b346f9-1a91-4688-af40-5a50a261c572,DUKE,,11,02,SAN RAFAEL DEL YUMA,081102,874cc6718ffffff
8b50d713-cc7c-4bbd-b4e2-aacbdcc055af,1929736816,Erythroxylum areolatum,Erythroxylum areolatum L.,Erythroxylaceae,Erythroxylum,SPECIES,PRESERVED_SPECIMEN,2004-05-27,2004,-68.6181,18.3644,NA,d415c253-4d61-4459-9d25-4015b9084fb0,NY,NY,11,02,SAN RAFAEL DEL YUMA,081102,874cc67a9ffffff
8b73deeb-485b-495a-9e45-b34cff0cbde1,2028413504,Udotea flabellum,Udotea flabellum (J. Ellis & D. Solander) Howe,Udoteaceae,Udotea,SPECIES,PRESERVED_SPECIMEN,1972-05-03,1972,-68.595194,18.380503,2774,31b346f9-1a91-4688-af40-5a50a261c572,DUKE,,11,02,SAN RAFAEL DEL YUMA,081102,874cc6718ffffff
8c006807-7bf8-46a6-bf7d-665f918115f7,1929745596,Zanthoxylum martinicense,Zanthoxylum martinicense (Lam.) DC.,Rutaceae,Zanthoxylum,SPECIES,PRESERVED_SPECIMEN,1981-02-05,1981,-68.62,18.4,NA,d415c253-4d61-4459-9d25-4015b9084fb0,NY,NY,11,02,SAN RAFAEL DEL YUMA,081102,874cc6713ffffff
8c3f252c-0c6d-4f61-99f8-d463c8720170,1929748855,Urera baccifera,Urera baccifera (L.) Gaudich.,Urticaceae,Urera,SPECIES,PRESERVED_SPECIMEN,1982-01-28,1982,-68.83,18.38,NA,d415c253-4d61-4459-9d25-4015b9084fb0,NY,NY,11,02,SAN RAFAEL DEL YUMA,081102,874cd5b62ffffff
8d12dd3c-9af8-4435-b73a-b0a04f4ef242,1929759823,Urera baccifera,Urera baccifera (L.) Gaudich.,Urticaceae,Urera,SPECIES,PRESERVED_SPECIMEN,1982-01-28,1982,-68.83,18.38,NA,d415c253-4d61-4459-9d25-4015b9084fb0,NY,NY,11,02,SAN RAFAEL DEL YUMA,081102,874cd5b62ffffff
8d342c08-5ac1-4d89-b4ea-81d8b1956c27,1929762291,Adiantum fragile,Adiantum fragile Sw.,Pteridaceae,Adiantum,SPECIES,PRESERVED_SPECIMEN,1981-03-30,1981,-68.63,18.32,NA,d415c253-4d61-4459-9d25-4015b9084fb0,NY,NY,11,02,SAN RAFAEL DEL YUMA,081102,874cc6614ffffff
8d49fa51-8a19-48e5-b459-a08551779aa8,1929763363,Annona glabra,Annona glabra L.,Annonaceae,Annona,SPECIES,PRESERVED_SPECIMEN,1981-03-30,1981,-68.85,18.38,NA,d415c253-4d61-4459-9d25-4015b9084fb0,NY,NY,11,02,SAN RAFAEL DEL YUMA,081102,874cd5b70ffffff
8d61d852-e1ae-4138-932e-97aeee4fffba,1929764931,Stictolejeunea squamata,Stictolejeunea squamata (Willd. ex F. Weber) Schiffn.,Lejeuneaceae,Stictolejeunea,SPECIES,PRESERVED_SPECIMEN,1981-03-30,1981,-68.62,18.38,NA,d415c253-4d61-4459-9d25-4015b9084fb0,NY,NY,11,02,SAN RAFAEL DEL YUMA,081102,874cc67adffffff
8e0c8ed0-d913-46b4-b4a6-af166a4bc30a,1929773717,Turbina corymbosa,Turbina corymbosa (L.) Raf.,Convolvulaceae,Turbina,SPECIES,PRESERVED_SPECIMEN,1981-02-05,1981,-68.62,18.4,NA,d415c253-4d61-4459-9d25-4015b9084fb0,NY,NY,11,02,SAN RAFAEL DEL YUMA,081102,874cc6713ffffff
8e6f45f0-629c-4b5a-af49-ab9b8cd6b8ee,1929779498,Borrichia arborescens,Borrichia arborescens (L.) DC.,Asteraceae,Borrichia,SPECIES,PRESERVED_SPECIMEN,1981-10-08,1981,-68.6417,18.22,NA,d415c253-4d61-4459-9d25-4015b9084fb0,NY,NY,11,02,SAN RAFAEL DEL YUMA,081102,874cc668dffffff
8e9e6ae3-6e1f-4a37-9202-18ba913694b8,1929781413,Iresine diffusa,Iresine diffusa Humb. & Bonpl. ex Willd.,Amaranthaceae,Iresine,SPECIES,PRESERVED_SPECIMEN,1980-05-07,1980,-68.88,18.43,NA,d415c253-4d61-4459-9d25-4015b9084fb0,NY,NY,11,02,SAN RAFAEL DEL YUMA,081102,874cd5b2dffffff
8f074d1d-f7a2-49e3-83b5-46d54603e099,1929787462,Manilkara zapota,Manilkara zapota (L.) P.Royen,Sapotaceae,Manilkara,SPECIES,PRESERVED_SPECIMEN,1981-07-07,1981,-68.88,18.4083,NA,d415c253-4d61-4459-9d25-4015b9084fb0,NY,NY,11,02,SAN RAFAEL DEL YUMA,081102,874cd5b29ffffff
902b02eb-f092-4909-8c4f-b07346d8276c,1929803181,Pseudocryphaea domingensis,Pseudocryphaea domingensis (Spreng.) W.R. Buck,Rutenbergiaceae,Pseudocryphaea,SPECIES,PRESERVED_SPECIMEN,1981-03-30,1981,-68.83,18.42,NA,d415c253-4d61-4459-9d25-4015b9084fb0,NY,NY,11,02,SAN RAFAEL DEL YUMA,081102,874cc64d8ffffff
90507cb1-6c8d-4512-a17d-a9512f620aca,1929805445,Hylocereus triangularis,Hylocereus triangularis (L.) Britton & Rose,Cactaceae,Hylocereus,SPECIES,PRESERVED_SPECIMEN,1986-01-21,1986,-68.78,18.325,NA,d415c253-4d61-4459-9d25-4015b9084fb0,NY,NY,11,02,SAN RAFAEL DEL YUMA,081102,874cd5b6bffffff
9064c2f3-5a3a-435e-8982-624675eaa3d6,1929806587,Crotalaria lotifolia,Crotalaria lotifolia L.,Fabaceae,Crotalaria,SPECIES,PRESERVED_SPECIMEN,2004-05-27,2004,-68.6181,18.3644,NA,d415c253-4d61-4459-9d25-4015b9084fb0,NY,NY,11,02,SAN RAFAEL DEL YUMA,081102,874cc67a9ffffff
90711787-da44-4dac-a5a0-587d1fa7c5bd,4075520143,Amansia multifida,Amansia multifida J. V. F. Lamouroux,Rhodomelaceae,Amansia,SPECIES,PRESERVED_SPECIMEN,1972-05-03,1972,-68.609003,18.378249,2000,63e79196-626f-41a5-9871-0c29135ccd09,PH,,11,02,SAN RAFAEL DEL YUMA,081102,874cc671affffff
90ebec1b-f93a-4faa-a493-31d379210467,1929814092,Eulophia maculata,Oeceoclades maculata (Lindl.) Lindl.,Orchidaceae,Eulophia,SPECIES,PRESERVED_SPECIMEN,1980-10-30,1980,-68.85,18.4,NA,d415c253-4d61-4459-9d25-4015b9084fb0,NY,NY,11,02,SAN RAFAEL DEL YUMA,081102,874cd5b74ffffff
91d3faf9-4fd1-482f-ac1d-95e3929721ab,1929827821,Echinochloa colona,Echinochloa colona (L.) Link,Poaceae,Echinochloa,SPECIES,PRESERVED_SPECIMEN,1980-05-07,1980,-68.88,18.43,NA,d415c253-4d61-4459-9d25-4015b9084fb0,NY,NY,11,02,SAN RAFAEL DEL YUMA,081102,874cd5b2dffffff
91ec3468-9240-46ea-97a4-5433a26e1abd,1929828321,Sematophyllum adnatum,Sematophyllum adnatum (Michx.) E. Britton,Sematophyllaceae,Sematophyllum,SPECIES,PRESERVED_SPECIMEN,1981-03-30,1981,-68.83,18.42,NA,d415c253-4d61-4459-9d25-4015b9084fb0,NY,NY,11,02,SAN RAFAEL DEL YUMA,081102,874cc64d8ffffff
9208b207-1246-4b13-aa75-ef53987ffbff,1929829875,Eugenia axillaris,Eugenia axillaris (Sw.) Willd.,Myrtaceae,Eugenia,SPECIES,PRESERVED_SPECIMEN,1991-01-22,1991,-68.83,18.38,NA,d415c253-4d61-4459-9d25-4015b9084fb0,NY,NY,11,02,SAN RAFAEL DEL YUMA,081102,874cd5b62ffffff
924a763e-21bc-4b43-85d3-dbd0d74fc83c,1929834154,Guaiacum sanctum,Guaiacum sanctum L.,Zygophyllaceae,Guaiacum,SPECIES,PRESERVED_SPECIMEN,2004-05-27,2004,-68.8117,18.3328,NA,d415c253-4d61-4459-9d25-4015b9084fb0,NY,NY,11,02,SAN RAFAEL DEL YUMA,081102,874cd5b41ffffff
92876f61-a493-4555-98ff-eb7ffb40fc49,1929837437,Borreria remota,Spermacoce remota Lam.,Rubiaceae,Borreria,SPECIES,PRESERVED_SPECIMEN,1981-02-05,1981,-68.62,18.38,NA,d415c253-4d61-4459-9d25-4015b9084fb0,NY,NY,11,02,SAN RAFAEL DEL YUMA,081102,874cc67adffffff
92E16EDA-C063-4505-A243-E7F84A9F85F0,153281994,Stachytarpheta jamaicensis,Stachytarpheta jamaicensis (L.) Vahl,Verbenaceae,Stachytarpheta,SPECIES,PRESERVED_SPECIMEN,1981-07-19,1981,-68.75,18.25,NA,832cb04e-f762-11e1-a439-00145eb45e9a,FTG,Herbarium,11,02,SAN RAFAEL DEL YUMA,081102,874cc6691ffffff
92a394a8-3ab2-4269-b89e-12cdff8d2aee,1929838646,Cyperus odoratus,Cyperus eggersii Boeckeler,Cyperaceae,Cyperus,SPECIES,PRESERVED_SPECIMEN,1980-05-07,1980,-68.88,18.43,NA,d415c253-4d61-4459-9d25-4015b9084fb0,NY,NY,11,02,SAN RAFAEL DEL YUMA,081102,874cd5b2dffffff
92c2aa6d-80ea-45d5-95ed-a6193d52300a,1929840458,Jacquemontia havanensis,Jacquemontia havanensis (Jacq.) Urb.,Convolvulaceae,Jacquemontia,SPECIES,PRESERVED_SPECIMEN,1981-02-05,1981,-68.6,18.38,NA,d415c253-4d61-4459-9d25-4015b9084fb0,NY,NY,11,02,SAN RAFAEL DEL YUMA,081102,874cc671affffff
92d7526f-46a7-44c5-9c6a-2a5d6b4e705e,1929841652,Echinochloa polystachya,Echinochloa polystachya (Kunth) Hitchc.,Poaceae,Echinochloa,SPECIES,PRESERVED_SPECIMEN,1980-05-07,1980,-68.88,18.43,NA,d415c253-4d61-4459-9d25-4015b9084fb0,NY,NY,11,02,SAN RAFAEL DEL YUMA,081102,874cd5b2dffffff
92f6ba2616c4db492b875991f2b82db9,3308094751,Vitaceae Juss.,Vitaceae Juss.,Vitaceae,,FAMILY,PRESERVED_SPECIMEN,2006-06-27,2006,-68.8386,18.38842,NA,8016518a-f762-11e1-a439-00145eb45e9a,IBUNAM,MEXU,11,02,SAN RAFAEL DEL YUMA,081102,874cd5b75ffffff
941b06c9-314f-40fa-b0b4-08288fbee5cf,1929859495,Heliotropium indicum,Heliotropium indicum L.,Heliotropiaceae,Heliotropium,SPECIES,PRESERVED_SPECIMEN,1981-02-04,1981,-68.6,18.38,NA,d415c253-4d61-4459-9d25-4015b9084fb0,NY,NY,11,02,SAN RAFAEL DEL YUMA,081102,874cc671affffff
946187cd-5727-4ad3-a922-74860311f267,1929862935,Peltophorum dubium,Peltophorum dubium var. berteroanum (Urb.) Barneby,Fabaceae,Peltophorum,VARIETY,PRESERVED_SPECIMEN,1981-07-07,1981,-68.88,18.4083,NA,d415c253-4d61-4459-9d25-4015b9084fb0,NY,NY,11,02,SAN RAFAEL DEL YUMA,081102,874cd5b29ffffff
948fb6d3-07c4-4bd5-9686-ed0b2f73625c,1929865681,Microgramma lycopodioides,Microgramma lycopodioides (L.) Copel.,Polypodiaceae,Microgramma,SPECIES,PRESERVED_SPECIMEN,2004-05-27,2004,-68.8118,18.3329,NA,d415c253-4d61-4459-9d25-4015b9084fb0,NY,NY,11,02,SAN RAFAEL DEL YUMA,081102,874cd5b41ffffff
94CA5A74-9B31-44F9-B0C8-0A27C868567B,122953110,Guettarda prenleloupii,Guettarda prenleloupii Urb.,Rubiaceae,Guettarda,SPECIES,PRESERVED_SPECIMEN,1981-07-07,1981,-68.8833,18.4083,NA,832cb04e-f762-11e1-a439-00145eb45e9a,FTG,Herbarium,11,02,SAN RAFAEL DEL YUMA,081102,874cd5b2bffffff
94a74bb7-49d8-4d95-ba67-d16d8bac7cf4,1929867105,Adelia ricinella,Adelia ricinella L.,Euphorbiaceae,Adelia,SPECIES,PRESERVED_SPECIMEN,1981-02-05,1981,-68.6,18.38,NA,d415c253-4d61-4459-9d25-4015b9084fb0,NY,NY,11,02,SAN RAFAEL DEL YUMA,081102,874cc671affffff
9526f264-6d4b-4e0a-827c-c13b9680283f,1929874051,Heliotropium lamarckii,Tournefortia scabra Lam.,Heliotropiaceae,Heliotropium,SPECIES,PRESERVED_SPECIMEN,1986-01-18,1986,-68.62,18.375,NA,d415c253-4d61-4459-9d25-4015b9084fb0,NY,NY,11,02,SAN RAFAEL DEL YUMA,081102,874cc67a9ffffff
952c64e9-96c9-4523-90ea-b50c2dc275b7,4421592635,Erythroxylum brevipes,Erythroxylum brevipes DC.,Erythroxylaceae,Erythroxylum,SPECIES,PRESERVED_SPECIMEN,2009-04-27,2009,-68.842217,18.415733,NA,89c53edb-0fac-4118-bdc0-d70ca50953dc,DBG,KHD,11,02,SAN RAFAEL DEL YUMA,081102,874cc64dbffffff
95dc6665-6a42-4e4d-825b-28f6dc029710,1929883579,Sarcomphalus rhodoxylon,Ziziphus rhodoxylon Urb.,Rhamnaceae,Sarcomphalus,SPECIES,PRESERVED_SPECIMEN,1985-06-20,1985,-68.62,18.375,NA,d415c253-4d61-4459-9d25-4015b9084fb0,NY,NY,11,02,SAN RAFAEL DEL YUMA,081102,874cc67a9ffffff
963308b2-9d75-4b14-a873-7ed4f1fd213a,1929888806,Tillandsia setacea,Tillandsia setacea Sw.,Bromeliaceae,Tillandsia,SPECIES,PRESERVED_SPECIMEN,1981-02-05,1981,-68.62,18.38,NA,d415c253-4d61-4459-9d25-4015b9084fb0,NY,NY,11,02,SAN RAFAEL DEL YUMA,081102,874cc67adffffff
966cad3e-c690-4650-8c41-9394a95e930f,1929891664,Pisonia aculeata,Pisonia aculeata L.,Nyctaginaceae,Pisonia,SPECIES,PRESERVED_SPECIMEN,1981-02-05,1981,-68.6,18.38,NA,d415c253-4d61-4459-9d25-4015b9084fb0,NY,NY,11,02,SAN RAFAEL DEL YUMA,081102,874cc671affffff
96fdb7ae-e5dd-49e4-9a04-8624cf065c38,1929899575,Thouinidium pinnatum,Thouinidium pinnatum (Turpin) Radlk.,Sapindaceae,Thouinidium,SPECIES,PRESERVED_SPECIMEN,1986-01-18,1986,-68.62,18.375,NA,d415c253-4d61-4459-9d25-4015b9084fb0,NY,NY,11,02,SAN RAFAEL DEL YUMA,081102,874cc67a9ffffff
97e589f7-1349-45d8-9b71-e11b681f1283,1929912407,Achyranthes aspera,Achyranthes aspera L.,Amaranthaceae,Achyranthes,SPECIES,PRESERVED_SPECIMEN,1981-10-07,1981,-68.77,18.2583,NA,d415c253-4d61-4459-9d25-4015b9084fb0,NY,NY,11,02,SAN RAFAEL DEL YUMA,081102,874cc6690ffffff
980f5fd8-5ad5-42ec-bb78-11662eaba14a,1929914929,Gymnanthes lucida,Gymnanthes lucida Sw.,Euphorbiaceae,Gymnanthes,SPECIES,PRESERVED_SPECIMEN,1986-02-20,1986,-68.62,18.375,NA,d415c253-4d61-4459-9d25-4015b9084fb0,NY,NY,11,02,SAN RAFAEL DEL YUMA,081102,874cc67a9ffffff
9853faaf-6aae-4723-8696-3257e629123f,1929918487,Bostrychia tenella,Bostrychia tenella (Vahl) J. Agardh,Rhodomelaceae,Bostrychia,SPECIES,PRESERVED_SPECIMEN,1972-05-03,1972,-68.604033,18.379162,161.79,d415c253-4d61-4459-9d25-4015b9084fb0,NY,NY,11,02,SAN RAFAEL DEL YUMA,081102,874cc671affffff
985C8A37-B7ED-4EE6-A41E-FC94427941AF,122953166,Guaiacum officinale,Guaiacum officinale L.,Zygophyllaceae,Guaiacum,SPECIES,PRESERVED_SPECIMEN,1981-10-07,1981,-68.7667,18.25,NA,832cb04e-f762-11e1-a439-00145eb45e9a,FTG,Herbarium,11,02,SAN RAFAEL DEL YUMA,081102,874cc6693ffffff
985f1a9c-5b11-42a5-b5c5-6eda28d582ac,4079748088,Lonchocarpus neurophyllus,Lonchocarpus neurophyllus Urb.,Fabaceae,Lonchocarpus,SPECIES,PRESERVED_SPECIMEN,1977-10-21,1977,-68.896369000000007,18.404507,1018,3b040a48-deae-485c-95b1-2ac80b7fdc54,IIBZ,USD,11,02,SAN RAFAEL DEL YUMA,081102,874cd5b2bffffff
98B23B2E-0E22-4AF0-8898-88C770A925EF,1503210907,Cyperus odoratus,Cyperus odoratus L.,Cyperaceae,Cyperus,SPECIES,PRESERVED_SPECIMEN,1980-05-07,1980,-68.8833,18.4333,NA,af1b4db0-c8ce-4a95-b700-8a6a02bed9d6,USF,Herb,11,02,SAN RAFAEL DEL YUMA,081102,874cd5b2dffffff
98bb91f6-b83f-456a-9ebe-ab0f4f0febc7,1929924060,Cubanola domingensis,Cubanola domingensis (Britton) Aiello,Rubiaceae,Cubanola,SPECIES,PRESERVED_SPECIMEN,1982-01-28,1982,-68.83,18.38,NA,d415c253-4d61-4459-9d25-4015b9084fb0,NY,NY,11,02,SAN RAFAEL DEL YUMA,081102,874cd5b62ffffff
9912eb16-a964-4aa0-acae-5199f27b0ab8,1929929706,Senna occidentalis,Senna occidentalis (L.) Link,Fabaceae,Senna,SPECIES,PRESERVED_SPECIMEN,1980-05-07,1980,-68.88,18.43,NA,d415c253-4d61-4459-9d25-4015b9084fb0,NY,NY,11,02,SAN RAFAEL DEL YUMA,081102,874cd5b2dffffff
991e39d4-3853-4c0b-a2ff-68b63f6472a4,1929929945,Aristolochia trilobata,Aristolochia trilobata L.,Aristolochiaceae,Aristolochia,SPECIES,PRESERVED_SPECIMEN,1981-02-05,1981,-68.62,18.4,NA,d415c253-4d61-4459-9d25-4015b9084fb0,NY,NY,11,02,SAN RAFAEL DEL YUMA,081102,874cc6713ffffff
9956a25b-00a1-4a8e-bab9-f7ea37658957,1929932633,Casearia guianensis,Casearia guianensis (Aubl.) Urb.,Salicaceae,Casearia,SPECIES,PRESERVED_SPECIMEN,1981-02-05,1981,-68.62,18.38,NA,d415c253-4d61-4459-9d25-4015b9084fb0,NY,NY,11,02,SAN RAFAEL DEL YUMA,081102,874cc67adffffff
9A9FF408-A54C-4069-87BE-95FCE34727B8,122954314,Hamelia patens,Hamelia patens Jacq.,Rubiaceae,Hamelia,SPECIES,PRESERVED_SPECIMEN,1981-10-06,1981,-68.7833,18.325,NA,832cb04e-f762-11e1-a439-00145eb45e9a,FTG,Herbarium,11,02,SAN RAFAEL DEL YUMA,081102,874cd5b6bffffff
9B1DE52D-F7A3-4F21-A858-03502F11C634,1503218840,Gonzalagunia hirsuta,Gonzalagunia spicata (Lam.) M.Gómez,Rubiaceae,Gonzalagunia,SPECIES,PRESERVED_SPECIMEN,1983-11-22,1983,-68.6167,18.4,NA,af1b4db0-c8ce-4a95-b700-8a6a02bed9d6,USF,Herb,11,02,SAN RAFAEL DEL YUMA,081102,874cc6713ffffff
9BA3C479-EEA4-4113-9B5E-BE2934E1AE96,122924052,Chionanthus domingensis,Chionanthus domingensis Lam.Tabl.,Oleaceae,Chionanthus,SPECIES,PRESERVED_SPECIMEN,1981-02-06,1981,-68.5833,18.375,NA,832cb04e-f762-11e1-a439-00145eb45e9a,FTG,Herbarium,11,02,SAN RAFAEL DEL YUMA,081102,874cc6718ffffff
9C1F24EA-6555-4AF0-B89E-216D04CBE41F,153276701,Krugiodendron ferreum,Krugiodendron ferreum (Vahl) Urb.,Rhamnaceae,Krugiodendron,SPECIES,PRESERVED_SPECIMEN,2001-07-26,2001,-68.6161,18.3575,NA,832cb04e-f762-11e1-a439-00145eb45e9a,FTG,Herbarium,11,02,SAN RAFAEL DEL YUMA,081102,874cc6634ffffff
9C827666-87C3-41F1-A413-8E6E17DBAE1B,122952955,Guaiacum officinale,Guaiacum officinale L.,Zygophyllaceae,Guaiacum,SPECIES,PRESERVED_SPECIMEN,1981-10-07,1981,-68.7667,18.2514,NA,832cb04e-f762-11e1-a439-00145eb45e9a,FTG,Herbarium,11,02,SAN RAFAEL DEL YUMA,081102,874cc6690ffffff
9DF2CC75-D570-43F0-B684-7EB849A7ACC9,123007833,Sideroxylon foetidissimum,Sideroxylon foetidissimum Jacq.,Sapotaceae,Sideroxylon,SPECIES,PRESERVED_SPECIMEN,1976-02-21,1976,-68.8395,18.368,3036,832cb04e-f762-11e1-a439-00145eb45e9a,FTG,Herbarium,11,02,SAN RAFAEL DEL YUMA,081102,874cd5b71ffffff
9a8aaec7-d57e-4dc9-9e09-1596bfb80692,2270683635,Eugenia foetida,Eugenia foetida Pers.,Myrtaceae,Eugenia,SPECIES,PRESERVED_SPECIMEN,1981-10-06,1981,-68.8,18.325,NA,e05fd4c2-4d77-4c50-880e-1b22096af300,ASU,Plants,11,02,SAN RAFAEL DEL YUMA,081102,874cd5b4cffffff
9b605516-8d75-4a3a-b3a0-9acde1e55d24,1929961976,Phyllanthus juglandifolius,Phyllanthus juglandifolius Willd.,Phyllanthaceae,Phyllanthus,SPECIES,PRESERVED_SPECIMEN,1981-02-06,1981,-68.58,18.375,NA,d415c253-4d61-4459-9d25-4015b9084fb0,NY,NY,11,02,SAN RAFAEL DEL YUMA,081102,874cc6718ffffff
9be89260-0bcb-4e74-a659-14e0218f8232,1929969070,Trichilia pallida,Trichilia pallida Sw.,Meliaceae,Trichilia,SPECIES,PRESERVED_SPECIMEN,1980-04-14,1980,-68.72,18.47,NA,d415c253-4d61-4459-9d25-4015b9084fb0,NY,NY,11,02,SAN RAFAEL DEL YUMA,081102,874cc645effffff
9ca09078-4141-42e7-ab8a-cc2902d2a654,4079747814,Centrosema virginianum,Centrosema virginianum (L.) Benth.,Fabaceae,Centrosema,SPECIES,PRESERVED_SPECIMEN,1977-10-22,1977,-68.869637,18.388724,1072,3b040a48-deae-485c-95b1-2ac80b7fdc54,IIBZ,USD,11,02,SAN RAFAEL DEL YUMA,081102,874cd5b70ffffff
9d311467-f7f2-40b0-8e24-311c970c43ef,1929987346,Pelekium involvens,Cyrto-hypnum involvens (Hedw.) W.R. Buck & H.A. Crum,Thuidiaceae,Pelekium,SPECIES,PRESERVED_SPECIMEN,1981-03-30,1981,-68.62,18.35,NA,d415c253-4d61-4459-9d25-4015b9084fb0,NY,NY,11,02,SAN RAFAEL DEL YUMA,081102,874cc6636ffffff
9d5eb58a-4ddd-495b-b501-244b3c8ac702,1929989718,Schaefferia frutescens,Schaefferia frutescens Jacq.,Celastraceae,Schaefferia,SPECIES,PRESERVED_SPECIMEN,1981-10-08,1981,-68.6417,18.22,NA,d415c253-4d61-4459-9d25-4015b9084fb0,NY,NY,11,02,SAN RAFAEL DEL YUMA,081102,874cc668dffffff
9d711787-fc4f-4715-8dfd-20f023aad67b,1929991016,Comocladia cuneata,Comocladia cuneata Britton,Anacardiaceae,Comocladia,SPECIES,PRESERVED_SPECIMEN,1980-04-14,1980,-68.72,18.47,NA,d415c253-4d61-4459-9d25-4015b9084fb0,NY,NY,11,02,SAN RAFAEL DEL YUMA,081102,874cc645effffff
9d735e46-8e37-43e1-ba67-8fa8b00e5b34,1929990683,Picramnia pentandra,Picramnia pentandra Sw.,Picramniaceae,Picramnia,SPECIES,PRESERVED_SPECIMEN,1981-07-07,1981,-68.88,18.4083,NA,d415c253-4d61-4459-9d25-4015b9084fb0,NY,NY,11,02,SAN RAFAEL DEL YUMA,081102,874cd5b29ffffff
9dd90c4a-e93a-4a54-b5cd-9845d6d1c094,1929996291,Senna obtusifolia,Senna obtusifolia (L.) H.S.Irwin & Barneby,Fabaceae,Senna,SPECIES,PRESERVED_SPECIMEN,1981-02-05,1981,-68.62,18.4,NA,d415c253-4d61-4459-9d25-4015b9084fb0,NY,NY,11,02,SAN RAFAEL DEL YUMA,081102,874cc6713ffffff
9dfeb20a-5acc-4b68-b060-d300252a9b4a,1929998704,Amaranthus polygonoides,Amaranthus polygonoides L.,Amaranthaceae,Amaranthus,SPECIES,PRESERVED_SPECIMEN,1981-02-04,1981,-68.6,18.38,NA,d415c253-4d61-4459-9d25-4015b9084fb0,NY,NY,11,02,SAN RAFAEL DEL YUMA,081102,874cc671affffff
9ec68fda-c40b-4fc3-af14-eee34335487d,1930009339,Bursera simaruba,Bursera simaruba (L.) Sarg.,Burseraceae,Bursera,SPECIES,PRESERVED_SPECIMEN,1981-10-08,1981,-68.6417,18.22,NA,d415c253-4d61-4459-9d25-4015b9084fb0,NY,NY,11,02,SAN RAFAEL DEL YUMA,081102,874cc668dffffff
9ff14623-aa2a-4ff8-9648-a60adc85bdbe,1930025565,Euphorbia hirta,Euphorbia hirta L.,Euphorbiaceae,Euphorbia,SPECIES,PRESERVED_SPECIMEN,1981-02-04,1981,-68.6,18.38,NA,d415c253-4d61-4459-9d25-4015b9084fb0,NY,NY,11,02,SAN RAFAEL DEL YUMA,081102,874cc671affffff
A6DD207D-D1B8-44FD-A4FF-9A244C98D342,123012966,Talinum paniculatum,Talinum paniculatum (Jacq.) Gaertn.,Talinaceae,Talinum,SPECIES,PRESERVED_SPECIMEN,1981-02-04,1981,-68.6167,18.35,NA,832cb04e-f762-11e1-a439-00145eb45e9a,FTG,Herbarium,11,02,SAN RAFAEL DEL YUMA,081102,874cc6636ffffff
A6EF5157-C622-49F3-BFFB-AC3B670E9741,1503210796,Adelia ricinella,Adelia ricinella L.,Euphorbiaceae,Adelia,SPECIES,PRESERVED_SPECIMEN,1981-02-05,1981,-68.6167,18.4,NA,af1b4db0-c8ce-4a95-b700-8a6a02bed9d6,USF,Herb,11,02,SAN RAFAEL DEL YUMA,081102,874cc6713ffffff
A754045C-0EEA-42B5-880C-0C115413A49A,122991990,Cubanola domingensis,Portlandia domingensis Britton,Rubiaceae,Cubanola,SPECIES,PRESERVED_SPECIMEN,1982-01-28,1982,-68.8333,18.3833,NA,832cb04e-f762-11e1-a439-00145eb45e9a,FTG,Herbarium,11,02,SAN RAFAEL DEL YUMA,081102,874cd5b75ffffff
A763DF00-7985-4343-8E57-14C2BFE979E7,122983993,Phyla nodiflora,Phyla nodiflora (L.) Greene,Verbenaceae,Phyla,SPECIES,PRESERVED_SPECIMEN,1981-10-06,1981,-68.8,18.325,NA,832cb04e-f762-11e1-a439-00145eb45e9a,FTG,Herbarium,11,02,SAN RAFAEL DEL YUMA,081102,874cd5b4cffffff
A7A3131B-2287-47F3-9EF8-2B0EAC838FA5,1503214478,Eumachia microdon,Psychotria microdon (DC.) Urb.,Rubiaceae,Eumachia,SPECIES,PRESERVED_SPECIMEN,1968-08-22,1968,-68.608,18.378,NA,af1b4db0-c8ce-4a95-b700-8a6a02bed9d6,USF,Herb,11,02,SAN RAFAEL DEL YUMA,081102,874cc671affffff
A926B47B-15CD-4E97-8FE7-C2A0275F66D8,1503275514,Stenostomum lucidum,Antirhea lucida (Sw.) Benth. & Hook.,Rubiaceae,Stenostomum,SPECIES,PRESERVED_SPECIMEN,2001-07-26,2001,-68.6161,18.3575,NA,af1b4db0-c8ce-4a95-b700-8a6a02bed9d6,USF,Herb,11,02,SAN RAFAEL DEL YUMA,081102,874cc6634ffffff
A92D85B1-03E7-4A75-8B16-4E2D9BB7C5B0,1503211528,Gouania lupuloides,Gouania lupuloides (L.) Urb.,Rhamnaceae,Gouania,SPECIES,PRESERVED_SPECIMEN,1981-02-05,1981,-68.6167,18.3833,NA,af1b4db0-c8ce-4a95-b700-8a6a02bed9d6,USF,Herb,11,02,SAN RAFAEL DEL YUMA,081102,874cc67adffffff
AA297491-A7D3-4118-BBF7-5C5F480FE0BE,1503275449,Randia parvifolia,Randia parvifolia Lam.,Rubiaceae,Randia,SPECIES,PRESERVED_SPECIMEN,2001-07-26,2001,-68.6161,18.3575,NA,af1b4db0-c8ce-4a95-b700-8a6a02bed9d6,USF,Herb,11,02,SAN RAFAEL DEL YUMA,081102,874cc6634ffffff
AB179B82-DFEF-4FCA-B2C6-EACC4342FF82,153275290,Eugenia axillaris,Eugenia axillaris (Sw.) Willd.,Myrtaceae,Eugenia,SPECIES,PRESERVED_SPECIMEN,1981-07-19,1981,-68.75,18.25,NA,832cb04e-f762-11e1-a439-00145eb45e9a,FTG,Herbarium,11,02,SAN RAFAEL DEL YUMA,081102,874cc6691ffffff
ABA04808-EA08-446C-B538-7FAA3F0B1FCB,1503211478,Melochia nodiflora,Melochia nodiflora Sw.,Malvaceae,Melochia,SPECIES,PRESERVED_SPECIMEN,1981-02-05,1981,-68.6167,18.3833,NA,af1b4db0-c8ce-4a95-b700-8a6a02bed9d6,USF,Herb,11,02,SAN RAFAEL DEL YUMA,081102,874cc67adffffff
ABB4920A-A8F3-4012-B56C-66EE636FD7BB,122899981,Amyris elemifera,Amyris elemifera L.,Rutaceae,Amyris,SPECIES,PRESERVED_SPECIMEN,1980-10-30,1980,-68.85,18.4,NA,832cb04e-f762-11e1-a439-00145eb45e9a,FTG,Herbarium,11,02,SAN RAFAEL DEL YUMA,081102,874cd5b74ffffff
AD2A6BC2-3C93-497F-B436-035783A85A0B,1503218845,Pouteria dictyoneura,Pouteria dictyoneura subsp. fuertesii (Urb.) Cronquist,Sapotaceae,Pouteria,SUBSPECIES,PRESERVED_SPECIMEN,1981-07-07,1981,-68.8833,18.4083,NA,af1b4db0-c8ce-4a95-b700-8a6a02bed9d6,USF,Herb,11,02,SAN RAFAEL DEL YUMA,081102,874cd5b2bffffff
B8427F86-66D7-46C1-A314-8284FEDF0E69,122992001,Cubanola domingensis,Portlandia domingensis Britton,Rubiaceae,Cubanola,SPECIES,PRESERVED_SPECIMEN,1981-10-07,1981,-68.7667,18.25,NA,832cb04e-f762-11e1-a439-00145eb45e9a,FTG,Herbarium,11,02,SAN RAFAEL DEL YUMA,081102,874cc6693ffffff
BDEB3C74-3AC8-4F24-81D7-884BF869D2C2,1503211438,Alternanthera brasiliana,Alternanthera brasiliana (L.) Kuntze,Amaranthaceae,Alternanthera,SPECIES,PRESERVED_SPECIMEN,1981-02-05,1981,-68.6,18.3833,NA,af1b4db0-c8ce-4a95-b700-8a6a02bed9d6,USF,Herb,11,02,SAN RAFAEL DEL YUMA,081102,874cc671effffff
C3120C30-4164-44EC-8850-849914CA4E71,123003082,Sapindus saponaria,Sapindus saponaria L.,Sapindaceae,Sapindus,SPECIES,PRESERVED_SPECIMEN,1950-05-07,1950,-68.8333,18.3667,NA,832cb04e-f762-11e1-a439-00145eb45e9a,FTG,Herbarium,11,02,SAN RAFAEL DEL YUMA,081102,874cd5b44ffffff
C46079C2-A197-46B6-83AD-BFFDAAEEC3F3,5082352416,Psychotria L.,Psychotria L.,Rubiaceae,Psychotria,GENUS,PRESERVED_SPECIMEN,1992-07-03,1992,-68.866667,18.466667,NA,f3f03cbf-1a01-4739-ae15-c1355b8c2dbf,CM,Botany,11,02,SAN RAFAEL DEL YUMA,081102,874cc64d0ffffff
C6649B5F-C929-4D5D-A111-4BC3316EF646,122953073,Guaiacum sanctum,Guaiacum sanctum L.,Zygophyllaceae,Guaiacum,SPECIES,PRESERVED_SPECIMEN,1981-10-06,1981,-68.7,18.3167,NA,832cb04e-f762-11e1-a439-00145eb45e9a,FTG,Herbarium,11,02,SAN RAFAEL DEL YUMA,081102,874cc66a6ffffff
C6E706B3-D586-4FB4-8925-51D39FEB7160,123016039,Thouinia trifoliata,Thouinia trifoliata Poit.,Sapindaceae,Thouinia,SPECIES,PRESERVED_SPECIMEN,1981-02-05,1981,-68.6,18.3833,NA,832cb04e-f762-11e1-a439-00145eb45e9a,FTG,Herbarium,11,02,SAN RAFAEL DEL YUMA,081102,874cc671effffff
CADA7F71-32D4-4B77-941C-52507FC0E972,1503218841,Mikania micrantha,Mikania micrantha Kunth,Asteraceae,Mikania,SPECIES,PRESERVED_SPECIMEN,1983-11-22,1983,-68.6167,18.4,NA,af1b4db0-c8ce-4a95-b700-8a6a02bed9d6,USF,Herb,11,02,SAN RAFAEL DEL YUMA,081102,874cc6713ffffff
D07EB0D6-23DF-40ED-B725-EE75D0CC635D,1503210786,Cayaponia racemosa,Cayaponia racemosa (Mill.) Cogn.,Cucurbitaceae,Cayaponia,SPECIES,PRESERVED_SPECIMEN,1980-05-07,1980,-68.8833,18.4333,NA,af1b4db0-c8ce-4a95-b700-8a6a02bed9d6,USF,Herb,11,02,SAN RAFAEL DEL YUMA,081102,874cd5b2dffffff
D141C1C0-C6C9-42E4-B9F2-26054A2B3C3D,1563182527,Trichostigma octandrum,Trichostigma octandrum (L.) H.Walter,Petiveriaceae,Trichostigma,SPECIES,PRESERVED_SPECIMEN,1981-02-05,1981,-68.6167,18.3833,NA,af1b4db0-c8ce-4a95-b700-8a6a02bed9d6,USF,Herb,11,02,SAN RAFAEL DEL YUMA,081102,874cc67adffffff
D2357162-053B-46B0-8F15-289D02D4CE5A,1503211454,Vitex petitia,Petitia domingensis Jacq.,Lamiaceae,Vitex,SPECIES,PRESERVED_SPECIMEN,1981-02-05,1981,-68.6,18.3833,NA,af1b4db0-c8ce-4a95-b700-8a6a02bed9d6,USF,Herb,11,02,SAN RAFAEL DEL YUMA,081102,874cc671effffff
D351CF72-8F72-4AFA-92B7-37138F1FD872,153280916,Randia parvifolia,Randia parvifolia Lam.,Rubiaceae,Randia,SPECIES,PRESERVED_SPECIMEN,2001-07-26,2001,-68.6161,18.3575,NA,832cb04e-f762-11e1-a439-00145eb45e9a,FTG,Herbarium,11,02,SAN RAFAEL DEL YUMA,081102,874cc6634ffffff
D99534E4-C534-4877-88D5-5AAF3AA1137A,153275270,Eugenia axillaris,Eugenia axillaris (Sw.) Willd.,Myrtaceae,Eugenia,SPECIES,PRESERVED_SPECIMEN,1981-07-07,1981,-68.8833,18.4083,NA,832cb04e-f762-11e1-a439-00145eb45e9a,FTG,Herbarium,11,02,SAN RAFAEL DEL YUMA,081102,874cd5b2bffffff
DAA22471-409D-4C86-9690-A91F7E7B84E5,123001051,Rivina humilis,Rivina humilis L.,Petiveriaceae,Rivina,SPECIES,PRESERVED_SPECIMEN,1981-02-04,1981,-68.6167,18.35,NA,832cb04e-f762-11e1-a439-00145eb45e9a,FTG,Herbarium,11,02,SAN RAFAEL DEL YUMA,081102,874cc6636ffffff
DFC3A8A4-99C7-4F4A-BEBA-CD47AAE4ED1A,1503211539,Chromolaena odorata,Chromolaena odorata (L.) R.M.King & H.Rob.,Asteraceae,Chromolaena,SPECIES,PRESERVED_SPECIMEN,1997-02-05,1997,-68.6167,18.3833,NA,af1b4db0-c8ce-4a95-b700-8a6a02bed9d6,USF,Herb,11,02,SAN RAFAEL DEL YUMA,081102,874cc67adffffff
E347348B-A805-4359-9659-97FEC1A4553A,123007077,Serjania polyphylla,Serjania polyphylla (L.) Poir. ex Steud.,Sapindaceae,Serjania,SPECIES,PRESERVED_SPECIMEN,1981-02-04,1981,-68.6167,18.35,NA,832cb04e-f762-11e1-a439-00145eb45e9a,FTG,Herbarium,11,02,SAN RAFAEL DEL YUMA,081102,874cc6636ffffff
E3E58889-A90A-4E96-88B5-A79E8F6F0B4B,1503211506,Stylosanthes hamata,Stylosanthes hamata (L.) Taub.,Fabaceae,Stylosanthes,SPECIES,PRESERVED_SPECIMEN,1981-02-05,1981,-68.6167,18.3833,NA,af1b4db0-c8ce-4a95-b700-8a6a02bed9d6,USF,Herb,11,02,SAN RAFAEL DEL YUMA,081102,874cc67adffffff
E4E78BAE-2001-492E-9ADF-D69A9ACAD09F,122986016,Piper amalago,Piper amalago L.,Piperaceae,Piper,SPECIES,PRESERVED_SPECIMEN,1981-02-05,1981,-68.6167,18.4,NA,832cb04e-f762-11e1-a439-00145eb45e9a,FTG,Herbarium,11,02,SAN RAFAEL DEL YUMA,081102,874cc6713ffffff
EA70288A-FC54-41CD-8385-7921096EA37D,1503218844,Paullinia pinnata,Paullinia pinnata L.,Sapindaceae,Paullinia,SPECIES,PRESERVED_SPECIMEN,1983-11-22,1983,-68.6167,18.4,NA,af1b4db0-c8ce-4a95-b700-8a6a02bed9d6,USF,Herb,11,02,SAN RAFAEL DEL YUMA,081102,874cc6713ffffff
EAAAEEF5-3A98-4D66-9C85-8EDF9C09F94D,122926680,Citrus aurantiifolia,Citrus × aurantiifolia (Christm.) Swingle,Rutaceae,Citrus,SPECIES,PRESERVED_SPECIMEN,1981-07-19,1981,-68.75,18.25,NA,832cb04e-f762-11e1-a439-00145eb45e9a,FTG,Herbarium,11,02,SAN RAFAEL DEL YUMA,081102,874cc6691ffffff
ED3DF622-8723-4EFA-BB76-5FCAED45FEF1,1503210868,Eleocharis interstincta,Eleocharis interstincta (Vahl) Roem. & Schult.,Cyperaceae,Eleocharis,SPECIES,PRESERVED_SPECIMEN,1980-05-07,1980,-68.8833,18.4333,NA,af1b4db0-c8ce-4a95-b700-8a6a02bed9d6,USF,Herb,11,02,SAN RAFAEL DEL YUMA,081102,874cd5b2dffffff
EE5FDC4B-FA3B-4C1E-A396-2D0EECA382D9,122986010,Piper amalago,Piper amalago L.,Piperaceae,Piper,SPECIES,PRESERVED_SPECIMEN,1981-02-04,1981,-68.6167,18.35,NA,832cb04e-f762-11e1-a439-00145eb45e9a,FTG,Herbarium,11,02,SAN RAFAEL DEL YUMA,081102,874cc6636ffffff
EEF7E500-3AF5-482A-98C8-5A2C04CABA16,122993553,Eumachia microdon,Psychotria microdon (DC.) Urb.,Rubiaceae,Eumachia,SPECIES,PRESERVED_SPECIMEN,1968-08-25,1968,-68.608,18.378,301,832cb04e-f762-11e1-a439-00145eb45e9a,FTG,Herbarium,11,02,SAN RAFAEL DEL YUMA,081102,874cc671affffff
F011C3F0-7F4E-4B44-97EB-7D93E3550344,122953146,Guaiacum sanctum,Guaiacum sanctum L.,Zygophyllaceae,Guaiacum,SPECIES,PRESERVED_SPECIMEN,1981-10-06,1981,-68.8,18.325,NA,832cb04e-f762-11e1-a439-00145eb45e9a,FTG,Herbarium,11,02,SAN RAFAEL DEL YUMA,081102,874cd5b4cffffff
F2A4ABD1-7B1F-4342-ACB9-A38DB96ECF43,1503209243,Zamia pumila,Zamia pumila subsp. pumila,Zamiaceae,Zamia,SUBSPECIES,PRESERVED_SPECIMEN,1981-07-19,1981,-68.75,18.25,NA,af1b4db0-c8ce-4a95-b700-8a6a02bed9d6,USF,Herb,11,02,SAN RAFAEL DEL YUMA,081102,874cc6691ffffff
F75CEBA2-514F-4181-A18F-CDD18A312423,1503210902,Sideroxylon salicifolium,Sideroxylon salicifolium (L.) Lam.,Sapotaceae,Sideroxylon,SPECIES,PRESERVED_SPECIMEN,1980-05-07,1980,-68.8333,18.35,NA,af1b4db0-c8ce-4a95-b700-8a6a02bed9d6,USF,Herb,11,02,SAN RAFAEL DEL YUMA,081102,874cd5b40ffffff
FBCA6892-C0B1-483E-B40F-BD3D0EE98703,5146608312,Microgramma heterophylla,Microgramma heterophylla (L.) Wherry,Polypodiaceae,Microgramma,SPECIES,PRESERVED_SPECIMEN,1992-07-04,1992,-68.85,18.383333,NA,f3f03cbf-1a01-4739-ae15-c1355b8c2dbf,CM,Botany,11,02,SAN RAFAEL DEL YUMA,081102,874cd5b70ffffff
FC829C0E-4B0E-48E2-AFA5-346E8D6CA9B5,1503214680,Stenostomum lucidum,Antirhea lucida (Sw.) Benth. & Hook.,Rubiaceae,Stenostomum,SPECIES,PRESERVED_SPECIMEN,1968-08-22,1968,-68.608,18.378,NA,af1b4db0-c8ce-4a95-b700-8a6a02bed9d6,USF,Herb,11,02,SAN RAFAEL DEL YUMA,081102,874cc671affffff
FD54E5BB-9F92-4DBB-8D11-2B581F546673,1503202728,Melicoccus jimenezii,Talisia jimenezii Alain,Sapindaceae,Melicoccus,SPECIES,PRESERVED_SPECIMEN,1976-10-02,1976,-68.8395,18.368,NA,af1b4db0-c8ce-4a95-b700-8a6a02bed9d6,USF,Herb,11,02,SAN RAFAEL DEL YUMA,081102,874cd5b71ffffff
S:VascularPlants:S10-13008,1096717237,Cayaponia racemosa,Cayaponia racemosa (Mill.) Cogn.,Cucurbitaceae,Cayaponia,SPECIES,PRESERVED_SPECIMEN,1992-03-06,1992,-68.616667,18.368056,NA,0943f690-fde5-11dd-83f4-b8a03c50a862,S,VascularPlants,11,02,SAN RAFAEL DEL YUMA,081102,874cc67a9ffffff
S:VascularPlants:S10-14064,1096718083,Capsicum annuum,Capsicum annuum L.,Solanaceae,Capsicum,SPECIES,PRESERVED_SPECIMEN,1981-10-07,1981,-68.766667,18.258333,NA,0943f690-fde5-11dd-83f4-b8a03c50a862,S,VascularPlants,11,02,SAN RAFAEL DEL YUMA,081102,874cc6690ffffff
S:VascularPlants:S10-14065,1096718114,Capsicum annuum,Capsicum annuum L.,Solanaceae,Capsicum,SPECIES,PRESERVED_SPECIMEN,1981-10-06,1981,-68.783333,18.325,NA,0943f690-fde5-11dd-83f4-b8a03c50a862,S,VascularPlants,11,02,SAN RAFAEL DEL YUMA,081102,874cd5b6bffffff
S:VascularPlants:S17-12079,2618579791,Oxandra lanceolata,Oxandra lanceolata (Sw.) Baill.,Annonaceae,Oxandra,SPECIES,PRESERVED_SPECIMEN,1992-03-06,1992,-68.616667,18.375,NA,0943f690-fde5-11dd-83f4-b8a03c50a862,S,VascularPlants,11,02,SAN RAFAEL DEL YUMA,081102,874cc67a9ffffff
S:VascularPlants:S18-39051,2618447084,Zapoteca portoricensis,Zapoteca portoricensis (Jacq.) H.M.Hern.,Fabaceae,Zapoteca,SPECIES,PRESERVED_SPECIMEN,1991-01-22,1991,-68.833333,18.383333,NA,0943f690-fde5-11dd-83f4-b8a03c50a862,S,VascularPlants,11,02,SAN RAFAEL DEL YUMA,081102,874cd5b75ffffff
UCJEPS:UC:UC1450558,4856764162,Gelidium pusillum,Gelidium pusillum (Stackhouse) Le Jolis,Gelidiaceae,Gelidium,SPECIES,PRESERVED_SPECIMEN,,NA,-68.603686,18.379103,2000,e3dca178-5cef-456e-b3b0-6dc4b02bbd16,,UC,11,02,SAN RAFAEL DEL YUMA,081102,874cc671affffff
UCJEPS:UC:UC1450560,4856518060,Gymnogongrus tenuis,Gymnogongrus tenuis (J. Agardh) J. Agardh,Phyllophoraceae,Gymnogongrus,SPECIES,PRESERVED_SPECIMEN,,NA,-68.603686,18.379103,2000,e3dca178-5cef-456e-b3b0-6dc4b02bbd16,,UC,11,02,SAN RAFAEL DEL YUMA,081102,874cc671affffff
UCJEPS:UC:UC1450565,4856764164,Udotea flabellum,Udotea flabellum (J. Ellis & D. Solander) Howe,Udoteaceae,Udotea,SPECIES,PRESERVED_SPECIMEN,,NA,-68.600499,18.380086,498,e3dca178-5cef-456e-b3b0-6dc4b02bbd16,,UC,11,02,SAN RAFAEL DEL YUMA,081102,874cc671affffff
UCJEPS:UC:UC1450569,4856764165,Codium intertextum,"Codium intertextum Collins & Hervey, 1917",Codiaceae,Codium,SPECIES,PRESERVED_SPECIMEN,,NA,-68.595194,18.380503,2774,e3dca178-5cef-456e-b3b0-6dc4b02bbd16,,UC,11,02,SAN RAFAEL DEL YUMA,081102,874cc6718ffffff
UCJEPS:UC:UC1450572,4856764166,"Palisada K.W. Nam, 2007","Palisada K.W. Nam, 2007",Rhodomelaceae,Palisada,GENUS,PRESERVED_SPECIMEN,,NA,-68.603686,18.379103,2000,e3dca178-5cef-456e-b3b0-6dc4b02bbd16,,UC,11,02,SAN RAFAEL DEL YUMA,081102,874cc671affffff
UCJEPS:UC:UC1450573,4856514000,Gracilaria mammillaris,Gracilaria mammillaris (Mont.) M. Howe,Gracilariaceae,Gracilaria,SPECIES,PRESERVED_SPECIMEN,,NA,-68.603686,18.379103,2000,e3dca178-5cef-456e-b3b0-6dc4b02bbd16,,UC,11,02,SAN RAFAEL DEL YUMA,081102,874cc671affffff
UCJEPS:UC:UC1961787,4856574466,Phoradendron quadrangulare,Phoradendron quadrangulare (Kunth) Griseb.,Viscaceae,Phoradendron,SPECIES,PRESERVED_SPECIMEN,1982-01-28,1982,-68.833333,18.383333,NA,83a49751-4282-481e-a847-1c5c224a0551,,UC,11,02,SAN RAFAEL DEL YUMA,081102,874cd5b75ffffff
a03b4ef0-eb84-4707-bdd8-ba48d7aec889,1930029692,Syrrhopodon parasiticus,Syrrhopodon parasiticus (Sw. ex Brid.) Besch.,Calymperaceae,Syrrhopodon,SPECIES,PRESERVED_SPECIMEN,1981-03-30,1981,-68.83,18.42,NA,d415c253-4d61-4459-9d25-4015b9084fb0,NY,NY,11,02,SAN RAFAEL DEL YUMA,081102,874cc64d8ffffff
a05e899b-2722-4777-a9b7-93e384ae68a7,1930031858,Cissus verticillata,Cissus verticillata subsp. oblongolanceolata (Urb.) Lombardi,Vitaceae,Cissus,SUBSPECIES,PRESERVED_SPECIMEN,1968-08-22,1968,-68.614383,18.377242,1662,d415c253-4d61-4459-9d25-4015b9084fb0,NY,NY,11,02,SAN RAFAEL DEL YUMA,081102,874cc671affffff
a06ad1ca-eda0-45f6-8cf4-5807cfecda5a,1930032622,Sida ciliaris,Sida ciliaris L.,Malvaceae,Sida,SPECIES,PRESERVED_SPECIMEN,1981-02-04,1981,-68.6,18.38,NA,d415c253-4d61-4459-9d25-4015b9084fb0,NY,NY,11,02,SAN RAFAEL DEL YUMA,081102,874cc671affffff
a093be24-8a89-4a41-bfe8-feaa43aa076d,1930035335,Crescentia cujete,Crescentia cujete L.,Bignoniaceae,Crescentia,SPECIES,PRESERVED_SPECIMEN,1981-02-04,1981,-68.62,18.35,NA,d415c253-4d61-4459-9d25-4015b9084fb0,NY,NY,11,02,SAN RAFAEL DEL YUMA,081102,874cc6636ffffff
a10cfb90-1f1d-43a9-99cc-8bca7bf927d9,1930041188,Chascotheca neopeltandra,Chascotheca neopeltandra (Griseb.) Urb.,Phyllanthaceae,Chascotheca,SPECIES,PRESERVED_SPECIMEN,2004-05-27,2004,-68.8118,18.3329,NA,d415c253-4d61-4459-9d25-4015b9084fb0,NY,NY,11,02,SAN RAFAEL DEL YUMA,081102,874cd5b41ffffff
a118d40e-f8b6-47fd-8326-158bbc206451,1457798744,Amyris elemifera,Amyris elemifera L.,Rutaceae,Amyris,SPECIES,PRESERVED_SPECIMEN,2001-03-22,2001,-68.8395,18.3885,NA,b89d52a2-861d-4388-adad-c0da3d55fc78,UF,,11,02,SAN RAFAEL DEL YUMA,081102,874cd5b75ffffff
a1c64dd5-f0bb-4eb1-b527-113729406833,1930051685,Polysiphonia subtilissima,Polysiphonia subtilissima Montagne,Rhodomelaceae,Polysiphonia,SPECIES,PRESERVED_SPECIMEN,1972-05-03,1972,-68.604033,18.379162,161.79,d415c253-4d61-4459-9d25-4015b9084fb0,NY,NY,11,02,SAN RAFAEL DEL YUMA,081102,874cc671affffff
a1de0c16-7320-4d21-b9b8-1c6367ad9223,1930053318,Thysananthus auriculatus,Mastigolejeunea auriculata (Wilson & Hook.) Steph.,Lejeuneaceae,Thysananthus,SPECIES,PRESERVED_SPECIMEN,1981-03-30,1981,-68.62,18.35,NA,d415c253-4d61-4459-9d25-4015b9084fb0,NY,NY,11,02,SAN RAFAEL DEL YUMA,081102,874cc6636ffffff
a1f3e83c-4f99-417d-8a3c-193612d532f3,5077550505,Drypetes alba,Drypetes alba Poit.,Putranjivaceae,Drypetes,SPECIES,PRESERVED_SPECIMEN,1986-01-20,1986,-68.75025,18.248718,3728,13dacd48-5790-4b99-bf04-08b23922e8aa,WIS,,11,02,SAN RAFAEL DEL YUMA,081102,874cc6691ffffff
a20f7833-8db3-4673-92d6-2c062de4cef8,1930055855,Uniola virgata,Uniola virgata (Poir.) Griseb.,Poaceae,Uniola,SPECIES,PRESERVED_SPECIMEN,1981-02-04,1981,-68.6,18.38,NA,d415c253-4d61-4459-9d25-4015b9084fb0,NY,NY,11,02,SAN RAFAEL DEL YUMA,081102,874cc671affffff
a274fd7c-b387-4a71-abd4-72e45985eeb2,1930064576,Spondias mombin,Spondias mambin L.,Anacardiaceae,Spondias,SPECIES,PRESERVED_SPECIMEN,1981-07-07,1981,-68.88,18.4083,NA,d415c253-4d61-4459-9d25-4015b9084fb0,NY,NY,11,02,SAN RAFAEL DEL YUMA,081102,874cd5b29ffffff
a35dd422-b8de-4b4f-9888-8a95cca62842,4511527336,Buxus glomerata,Buxus glomerata (Griseb.) Müll.Arg.,Buxaceae,Buxus,SPECIES,PRESERVED_SPECIMEN,2018-09-05,2018,-68.83975,18.372861,NA,b89d52a2-861d-4388-adad-c0da3d55fc78,UF,,11,02,SAN RAFAEL DEL YUMA,081102,874cd5b71ffffff
a36e9442-f760-4fa8-b563-c0646157e81f,1930078536,Peperomia serpens,Peperomia serpens (Sw.) G.Don,Piperaceae,Peperomia,SPECIES,PRESERVED_SPECIMEN,1981-03-30,1981,-68.63,18.32,NA,d415c253-4d61-4459-9d25-4015b9084fb0,NY,NY,11,02,SAN RAFAEL DEL YUMA,081102,874cc6614ffffff
a496dd87-a3d1-48e9-a3ae-8f0051c90ba8,1930094589,Cubanola domingensis,Cubanola domingensis (Britton) Aiello,Rubiaceae,Cubanola,SPECIES,PRESERVED_SPECIMEN,1981-10-08,1981,-68.6417,18.22,NA,d415c253-4d61-4459-9d25-4015b9084fb0,NY,NY,11,02,SAN RAFAEL DEL YUMA,081102,874cc668dffffff
a4a1e4f1-3fcf-4a67-bd01-94ccaaf31250,2270466338,Eugenia P.Micheli ex L.,Eugenia P.Micheli ex L.,Myrtaceae,Eugenia,GENUS,PRESERVED_SPECIMEN,1981-07-07,1981,-68.8833,18.4083,NA,e05fd4c2-4d77-4c50-880e-1b22096af300,ASU,Plants,11,02,SAN RAFAEL DEL YUMA,081102,874cd5b2bffffff
a50b2897-07a2-4f3b-94e0-53743a64a53d,3328198641,Rhipsalis baccifera,Rhipsalis baccifera (J.S.Muell.) Stearn,Cactaceae,Rhipsalis,SPECIES,PRESERVED_SPECIMEN,2004-05-27,2004,-68.8118,18.3329,NA,d415c253-4d61-4459-9d25-4015b9084fb0,NY,NY,11,02,SAN RAFAEL DEL YUMA,081102,874cd5b41ffffff
a52254b2-1978-44bf-84f4-65e3773ef5ec,4079747695,Pluchea carolinensis,Pluchea carolinensis (Jacq.) G.Don,Asteraceae,Pluchea,SPECIES,PRESERVED_SPECIMEN,1996-08-04,1996,-68.836917,18.368935,497,3b040a48-deae-485c-95b1-2ac80b7fdc54,IIBZ,USD,11,02,SAN RAFAEL DEL YUMA,081102,874cd5b71ffffff
a57c18e3-2778-4676-bea5-c96a45276435,4027072684,Erythroxylum rotundifolium,Erythroxylum rotundifolium Lunan,Erythroxylaceae,Erythroxylum,SPECIES,PRESERVED_SPECIMEN,2009-04-27,2009,-68.811567,18.3333,NA,89c53edb-0fac-4118-bdc0-d70ca50953dc,DBG,KHD,11,02,SAN RAFAEL DEL YUMA,081102,874cd5b41ffffff
a6b985fd-c2de-4bea-92ec-a78cfe724792,1930124174,Palicourea justiciifolia,Psychotria nervosa Benth.,Rubiaceae,Palicourea,SPECIES,PRESERVED_SPECIMEN,1983-11-22,1983,-68.62,18.4,NA,d415c253-4d61-4459-9d25-4015b9084fb0,NY,NY,11,02,SAN RAFAEL DEL YUMA,081102,874cc6713ffffff
a70a5934-493f-4f84-90d4-36ab73923a68,1930128911,Triumfetta lappula,Triumfetta lappula L.,Malvaceae,Triumfetta,SPECIES,PRESERVED_SPECIMEN,1981-02-05,1981,-68.62,18.4,NA,d415c253-4d61-4459-9d25-4015b9084fb0,NY,NY,11,02,SAN RAFAEL DEL YUMA,081102,874cc6713ffffff
a76e3037-7cd7-4f79-af09-f758483c751d,1930133957,Rondeletia berteroana,Rondeletia berteroana DC.,Rubiaceae,Rondeletia,SPECIES,PRESERVED_SPECIMEN,1981-02-05,1981,-68.6,18.38,NA,d415c253-4d61-4459-9d25-4015b9084fb0,NY,NY,11,02,SAN RAFAEL DEL YUMA,081102,874cc671affffff
a7cee679-a389-4f0e-8322-ab13a66e3744,1930143430,Adiantum melanoleucum,Adiantum melanoleucum Willd.,Pteridaceae,Adiantum,SPECIES,PRESERVED_SPECIMEN,1977-06-09,1977,-68.614383,18.377242,1662,d415c253-4d61-4459-9d25-4015b9084fb0,NY,NY,11,02,SAN RAFAEL DEL YUMA,081102,874cc671affffff
a8076011-a58c-49ce-a691-a4f3d27a74b8,1930141974,Neckeropsis undulata,Neckeropsis undulata (Hedw.) Reichardt,Neckeraceae,Neckeropsis,SPECIES,PRESERVED_SPECIMEN,1981-03-30,1981,-68.62,18.38,NA,d415c253-4d61-4459-9d25-4015b9084fb0,NY,NY,11,02,SAN RAFAEL DEL YUMA,081102,874cc67adffffff
a83a15b6-9d1e-448e-9ba6-19f717259ecc,1930145518,Pilea microphylla,Pilea microphylla var. nanophylla Groult,Urticaceae,Pilea,VARIETY,PRESERVED_SPECIMEN,1981-02-05,1981,-68.62,18.4,NA,d415c253-4d61-4459-9d25-4015b9084fb0,NY,NY,11,02,SAN RAFAEL DEL YUMA,081102,874cc6713ffffff
a94f4954-fc73-481d-b3d7-5050fa6c0bd3,1930161094,Sesuvium portulacastrum,Sesuvium portulacastrum (L.) L.,Aizoaceae,Sesuvium,SPECIES,PRESERVED_SPECIMEN,1981-10-07,1981,-68.77,18.2583,NA,d415c253-4d61-4459-9d25-4015b9084fb0,NY,NY,11,02,SAN RAFAEL DEL YUMA,081102,874cc6690ffffff
a9a55705-b442-49f4-a2dc-52d3136191c7,1930165882,Vitex petitia,Petitia domingensis Jacq.,Lamiaceae,Vitex,SPECIES,PRESERVED_SPECIMEN,1981-02-05,1981,-68.6,18.38,NA,d415c253-4d61-4459-9d25-4015b9084fb0,NY,NY,11,02,SAN RAFAEL DEL YUMA,081102,874cc671affffff
a9b45598-bbaa-41b8-b7a8-fa73e91afb42,1930166774,Thunbergia alata,Thunbergia alata Bojer ex Sims,Acanthaceae,Thunbergia,SPECIES,PRESERVED_SPECIMEN,1981-02-05,1981,-68.62,18.4,NA,d415c253-4d61-4459-9d25-4015b9084fb0,NY,NY,11,02,SAN RAFAEL DEL YUMA,081102,874cc6713ffffff
aa8f35ef-1ff3-431e-ba2e-8a0ad5b349fa,1930179326,Passiflora suberosa,Passiflora suberosa L.,Passifloraceae,Passiflora,SPECIES,PRESERVED_SPECIMEN,1981-02-05,1981,-68.62,18.38,NA,d415c253-4d61-4459-9d25-4015b9084fb0,NY,NY,11,02,SAN RAFAEL DEL YUMA,081102,874cc67adffffff
aaf830e7-da20-41d5-ac9c-c676be8a09e4,1930184522,Eleocharis interstincta,Eleocharis interstincta (Vahl) Roem. & Schult.,Cyperaceae,Eleocharis,SPECIES,PRESERVED_SPECIMEN,1980-05-07,1980,-68.88,18.43,NA,d415c253-4d61-4459-9d25-4015b9084fb0,NY,NY,11,02,SAN RAFAEL DEL YUMA,081102,874cd5b2dffffff
ab532412-2d11-4dc4-8b6b-e7a19306aca8,1930189260,Crotalaria retusa,Crotalaria retusa L.,Fabaceae,Crotalaria,SPECIES,PRESERVED_SPECIMEN,1981-02-06,1981,-68.6083,18.38,NA,d415c253-4d61-4459-9d25-4015b9084fb0,NY,NY,11,02,SAN RAFAEL DEL YUMA,081102,874cc671affffff
af0f3912-c6c2-4932-823d-5e1b343a7545,2028413491,Gelidium pusillum,Gelidium pusillum (Stackhouse) Le Jolis,Gelidiaceae,Gelidium,SPECIES,PRESERVED_SPECIMEN,1972-05-03,1972,-68.603686,18.379103,2000,31b346f9-1a91-4688-af40-5a50a261c572,DUKE,,11,02,SAN RAFAEL DEL YUMA,081102,874cc671affffff
af1a8632-e350-4eed-a4f3-0e7494672de8,1930244931,Guaiacum sanctum,Guaiacum sanctum L.,Zygophyllaceae,Guaiacum,SPECIES,PRESERVED_SPECIMEN,1981-10-06,1981,-68.8,18.325,NA,d415c253-4d61-4459-9d25-4015b9084fb0,NY,NY,11,02,SAN RAFAEL DEL YUMA,081102,874cd5b4cffffff
af71369b-7e3f-4f9c-9fb0-c07ceeb27c90,1930249353,Pithecellobium unguis-cati,Pithecellobium unguis-cati (L.) Benth.,Fabaceae,Pithecellobium,SPECIES,PRESERVED_SPECIMEN,1981-10-07,1981,-68.7667,18.25,NA,d415c253-4d61-4459-9d25-4015b9084fb0,NY,NY,11,02,SAN RAFAEL DEL YUMA,081102,874cc6693ffffff
afb77355-b44b-4e8b-afa6-5f5217df70de,1930251378,Trichilia pallida,Trichilia pallida Sw.,Meliaceae,Trichilia,SPECIES,PRESERVED_SPECIMEN,1981-02-05,1981,-68.6,18.38,NA,d415c253-4d61-4459-9d25-4015b9084fb0,NY,NY,11,02,SAN RAFAEL DEL YUMA,081102,874cc671affffff
afbabc39-9315-4a60-9564-60a6cce61ac7,1930251776,Duranta erecta,Duranta erecta L.,Verbenaceae,Duranta,SPECIES,PRESERVED_SPECIMEN,1981-02-06,1981,-68.58,18.375,NA,d415c253-4d61-4459-9d25-4015b9084fb0,NY,NY,11,02,SAN RAFAEL DEL YUMA,081102,874cc6718ffffff
afdbdd1f-321b-4299-9c02-6b6a0f6665cb,1930253178,Clusia minor,Clusia minor L.,Clusiaceae,Clusia,SPECIES,PRESERVED_SPECIMEN,1981-02-06,1981,-68.58,18.375,NA,d415c253-4d61-4459-9d25-4015b9084fb0,NY,NY,11,02,SAN RAFAEL DEL YUMA,081102,874cc6718ffffff
afff1d6d-92bb-47d5-beff-be084e5cdfc6,1930255195,Tillandsia fasciculata,Tillandsia fasciculata Sw.,Bromeliaceae,Tillandsia,SPECIES,PRESERVED_SPECIMEN,1980-10-30,1980,-68.85,18.4,NA,d415c253-4d61-4459-9d25-4015b9084fb0,NY,NY,11,02,SAN RAFAEL DEL YUMA,081102,874cd5b74ffffff
b048caf3-6817-4ea5-bfc8-34e5dd3ccfa3,1930259124,Rivina humilis,Rivina humilis L.,Petiveriaceae,Rivina,SPECIES,PRESERVED_SPECIMEN,1981-02-04,1981,-68.62,18.35,NA,d415c253-4d61-4459-9d25-4015b9084fb0,NY,NY,11,02,SAN RAFAEL DEL YUMA,081102,874cc6636ffffff
b06123bc-7fb6-4a0b-825d-0f0e7950c8ad,1930264003,Pilea Lindl.,Pilea Lindl.,Urticaceae,Pilea,GENUS,PRESERVED_SPECIMEN,1983-11-22,1983,-68.62,18.4,NA,d415c253-4d61-4459-9d25-4015b9084fb0,NY,NY,11,02,SAN RAFAEL DEL YUMA,081102,874cc6713ffffff
b07182a3-1aa5-4d21-a333-bb513e240de7,1930261520,Microgramma heterophylla,Microgramma heterophylla (L.) Wherry,Polypodiaceae,Microgramma,SPECIES,PRESERVED_SPECIMEN,1983-11-22,1983,-68.62,18.4,NA,d415c253-4d61-4459-9d25-4015b9084fb0,NY,NY,11,02,SAN RAFAEL DEL YUMA,081102,874cc6713ffffff
b0889f2c-1079-4ce9-a1ca-f48908ac1bb3,1930262923,Picramnia pentandra,Picramnia pentandra Sw.,Picramniaceae,Picramnia,SPECIES,PRESERVED_SPECIMEN,1981-10-07,1981,-68.77,18.2583,NA,d415c253-4d61-4459-9d25-4015b9084fb0,NY,NY,11,02,SAN RAFAEL DEL YUMA,081102,874cc6690ffffff
b107cfd9-002d-4da2-a023-601fba4d4f88,1930269600,Pilea Lindl.,Pilea Lindl.,Urticaceae,Pilea,GENUS,PRESERVED_SPECIMEN,1991-01-22,1991,-68.83,18.38,NA,d415c253-4d61-4459-9d25-4015b9084fb0,NY,NY,11,02,SAN RAFAEL DEL YUMA,081102,874cd5b62ffffff
b11e1537-e27a-4df4-8bfc-9a9a4e84d61e,1930270941,Fissidens pallidinervis,Fissidens pallidinervis Mitt.,Fissidentaceae,Fissidens,SPECIES,PRESERVED_SPECIMEN,1981-03-30,1981,-68.62,18.35,NA,d415c253-4d61-4459-9d25-4015b9084fb0,NY,NY,11,02,SAN RAFAEL DEL YUMA,081102,874cc6636ffffff
b2fe394c-044b-4285-9080-e8c153f82728,1930298652,Pithecellobium unguis-cati,Pithecellobium unguis-cati (L.) Benth.,Fabaceae,Pithecellobium,SPECIES,PRESERVED_SPECIMEN,1981-10-08,1981,-68.6417,18.22,NA,d415c253-4d61-4459-9d25-4015b9084fb0,NY,NY,11,02,SAN RAFAEL DEL YUMA,081102,874cc668dffffff
b393469c-b8fd-4d80-8155-bfa2646430d9,1930306122,Ochtodes secundiramea,Ochtodes secundiramea (Montagne) Howe,Rhizophyllidaceae,Ochtodes,SPECIES,PRESERVED_SPECIMEN,1972-05-03,1972,-68.610919,18.373696,1091.57,d415c253-4d61-4459-9d25-4015b9084fb0,NY,NY,11,02,SAN RAFAEL DEL YUMA,081102,874cc671affffff
b3aa3d28-2cc3-4e82-8119-c681e25fcdb6,2028413521,Codium repens,Codium repens P. & H. Crouan ex Vickers,Codiaceae,Codium,SPECIES,PRESERVED_SPECIMEN,1972-05-03,1972,-68.595194,18.380503,2774,31b346f9-1a91-4688-af40-5a50a261c572,DUKE,,11,02,SAN RAFAEL DEL YUMA,081102,874cc6718ffffff
b41404d3-72db-4373-be57-902013ba0887,1930313212,Chamaecrista lineata,Chamaecrista lineata var. brachyloba (Griseb.) H.S.Irwin & Barneby,Fabaceae,Chamaecrista,VARIETY,PRESERVED_SPECIMEN,2004-05-27,2004,-68.6181,18.3645,NA,d415c253-4d61-4459-9d25-4015b9084fb0,NY,NY,11,02,SAN RAFAEL DEL YUMA,081102,874cc67a9ffffff
b4455911-ae00-4f87-9843-d94bae10b61d,1930317570,Argythamnia candicans,Argythamnia candicans Sw.,Euphorbiaceae,Argythamnia,SPECIES,PRESERVED_SPECIMEN,2004-05-27,2004,-68.8117,18.3328,NA,d415c253-4d61-4459-9d25-4015b9084fb0,NY,NY,11,02,SAN RAFAEL DEL YUMA,081102,874cd5b41ffffff
b45227d4-d7a3-4267-b0ca-a1ce9ea3f885,1930316294,Annona glabra,Annona glabra L.,Annonaceae,Annona,SPECIES,PRESERVED_SPECIMEN,1984-05-04,1984,-68.85,18.38,NA,d415c253-4d61-4459-9d25-4015b9084fb0,NY,NY,11,02,SAN RAFAEL DEL YUMA,081102,874cd5b70ffffff
b459fb18-91ae-40a6-8b89-d5e195dba4de,1930318189,Grateloupia cuneifolia,Grateloupia cuneifolia J.Agardh ex Kütz.,Halymeniaceae,Grateloupia,SPECIES,PRESERVED_SPECIMEN,1972-05-03,1972,-68.604033,18.379162,161.79,d415c253-4d61-4459-9d25-4015b9084fb0,NY,NY,11,02,SAN RAFAEL DEL YUMA,081102,874cc671affffff
b4726cf1-3969-4814-8900-af3df9b45297,1930318449,Kalanchoe pinnata,Kalanchoe pinnata (Lam.) Pers.,Crassulaceae,Kalanchoe,SPECIES,PRESERVED_SPECIMEN,1982-01-28,1982,-68.83,18.38,NA,d415c253-4d61-4459-9d25-4015b9084fb0,NY,NY,11,02,SAN RAFAEL DEL YUMA,081102,874cd5b62ffffff
b487b129-83f7-4a0b-a357-663c59c7c45a,1930319062,Pireella cymbifolia,Pireella cymbifolia (Sull.) Cardot,Pterobryaceae,Pireella,SPECIES,PRESERVED_SPECIMEN,1981-02-05,1981,-68.6,18.38,NA,d415c253-4d61-4459-9d25-4015b9084fb0,NY,NY,11,02,SAN RAFAEL DEL YUMA,081102,874cc671affffff
b4eb3a89-5d69-42bf-a475-745d010e0623,1930327143,Corallina cubensis,Corallina cubensis,Corallinaceae,Corallina,SPECIES,PRESERVED_SPECIMEN,1972-05-03,1972,-68.610919,18.373696,1091.57,d415c253-4d61-4459-9d25-4015b9084fb0,NY,NY,11,02,SAN RAFAEL DEL YUMA,081102,874cc671affffff
b5ac46b3-254c-4e20-84d5-a3eccb910138,1930335370,Cyperus ochraceus,Cyperus ochraceus Vahl,Cyperaceae,Cyperus,SPECIES,PRESERVED_SPECIMEN,1980-05-07,1980,-68.88,18.43,NA,d415c253-4d61-4459-9d25-4015b9084fb0,NY,NY,11,02,SAN RAFAEL DEL YUMA,081102,874cd5b2dffffff
b5f01d03-b8be-4b2f-b96b-6a48bb5a7274,1930339142,Borrichia arborescens,Borrichia arborescens (L.) DC.,Asteraceae,Borrichia,SPECIES,PRESERVED_SPECIMEN,1981-10-08,1981,-68.6417,18.22,NA,d415c253-4d61-4459-9d25-4015b9084fb0,NY,NY,11,02,SAN RAFAEL DEL YUMA,081102,874cc668dffffff
b6972ebb-ee43-4915-b7b7-7aeed5400974,1930348447,Tillandsia setacea,Tillandsia setacea Sw.,Bromeliaceae,Tillandsia,SPECIES,PRESERVED_SPECIMEN,1981-02-05,1981,-68.6,18.38,NA,d415c253-4d61-4459-9d25-4015b9084fb0,NY,NY,11,02,SAN RAFAEL DEL YUMA,081102,874cc671affffff
b72314f5-07c7-4c1a-82a6-50afce514f19,1930356513,Urera baccifera,Urera baccifera (L.) Gaudich.,Urticaceae,Urera,SPECIES,PRESERVED_SPECIMEN,1981-02-05,1981,-68.62,18.4,NA,d415c253-4d61-4459-9d25-4015b9084fb0,NY,NY,11,02,SAN RAFAEL DEL YUMA,081102,874cc6713ffffff
b7245ee0-4bdb-410f-81bc-4447f7b5eab7,1930356394,Zapoteca portoricensis,Zapoteca portoricensis subsp. portoricensis,Fabaceae,Zapoteca,SUBSPECIES,PRESERVED_SPECIMEN,1981-02-04,1981,-68.62,18.35,NA,d415c253-4d61-4459-9d25-4015b9084fb0,NY,NY,11,02,SAN RAFAEL DEL YUMA,081102,874cc6636ffffff
b72a9853-ab5f-44e9-88f9-97b90a2e7cd8,1930357568,Aristolochia adiastola,Aristolochia adiastola G.A.Romero & Elad.Fernández,Aristolochiaceae,Aristolochia,SPECIES,PRESERVED_SPECIMEN,1981-02-06,1981,-68.58,18.375,NA,d415c253-4d61-4459-9d25-4015b9084fb0,NY,NY,11,02,SAN RAFAEL DEL YUMA,081102,874cc6718ffffff
b7329d49-fe87-478f-9db5-c722ccaf94e9,1930357343,Leptocereus weingartianus,Leptocereus weingartianus (E.Hartmann ex Dams) Britton & Rose,Cactaceae,Leptocereus,SPECIES,PRESERVED_SPECIMEN,1986-01-21,1986,-68.78,18.325,NA,d415c253-4d61-4459-9d25-4015b9084fb0,NY,NY,11,02,SAN RAFAEL DEL YUMA,081102,874cd5b6bffffff
b7669e9b-6818-4e50-93c5-34315134e89e,1457806301,Eugenia ligustrina,Eugenia ligustrina (Sw.) Willd.,Myrtaceae,Eugenia,SPECIES,PRESERVED_SPECIMEN,2002-07-10,2002,-68.839222,18.3885,NA,b89d52a2-861d-4388-adad-c0da3d55fc78,UF,,11,02,SAN RAFAEL DEL YUMA,081102,874cd5b75ffffff
b9514ee0-2c83-4d26-a48b-c56dbcd5d9aa,1930387053,Sida cordifolia,Sida cordifolia L.,Malvaceae,Sida,SPECIES,PRESERVED_SPECIMEN,1981-02-04,1981,-68.6,18.38,NA,d415c253-4d61-4459-9d25-4015b9084fb0,NY,NY,11,02,SAN RAFAEL DEL YUMA,081102,874cc671affffff
b97f7895-772f-4bb1-a3ae-9f9442128cc3,1930390172,Celtis iguanaea,Celtis iguanaea (Jacq.) Sarg.,Cannabaceae,Celtis,SPECIES,PRESERVED_SPECIMEN,1981-02-06,1981,-68.58,18.375,NA,d415c253-4d61-4459-9d25-4015b9084fb0,NY,NY,11,02,SAN RAFAEL DEL YUMA,081102,874cc6718ffffff
b9d54640-e11f-43e9-a824-f29e6c000c9d,1930394756,Conocarpus erectus,Conocarpus erectus L.,Combretaceae,Conocarpus,SPECIES,PRESERVED_SPECIMEN,1981-10-06,1981,-68.8,18.325,NA,d415c253-4d61-4459-9d25-4015b9084fb0,NY,NY,11,02,SAN RAFAEL DEL YUMA,081102,874cd5b4cffffff
ba9ad841-0487-4b4f-9ccf-5eb5dd345fbf,1930405698,Hura crepitans,Hura crepitans L.,Euphorbiaceae,Hura,SPECIES,PRESERVED_SPECIMEN,1981-02-05,1981,-68.62,18.4,NA,d415c253-4d61-4459-9d25-4015b9084fb0,NY,NY,11,02,SAN RAFAEL DEL YUMA,081102,874cc6713ffffff
bb17d864-52bf-42cf-a699-43edae09b0c6,4166231320,Erythroxylum brevipes,Erythroxylum brevipes DC.,Erythroxylaceae,Erythroxylum,SPECIES,PRESERVED_SPECIMEN,2009-04-27,2009,-68.842217,18.415733,NA,89c53edb-0fac-4118-bdc0-d70ca50953dc,DBG,KHD,11,02,SAN RAFAEL DEL YUMA,081102,874cc64dbffffff
bb7c61ef-171a-41bd-b2cf-cc6d79947986,1930418336,Cubanola domingensis,Cubanola domingensis (Britton) Aiello,Rubiaceae,Cubanola,SPECIES,PRESERVED_SPECIMEN,1981-10-06,1981,-68.8,18.325,NA,d415c253-4d61-4459-9d25-4015b9084fb0,NY,NY,11,02,SAN RAFAEL DEL YUMA,081102,874cd5b4cffffff
bbc3738e-4fe3-40c0-8982-7759cc453f6a,1930422516,Pseudocryphaea domingensis,Pseudocryphaea domingensis (Spreng.) W.R. Buck,Rutenbergiaceae,Pseudocryphaea,SPECIES,PRESERVED_SPECIMEN,1981-03-30,1981,-68.83,18.42,NA,d415c253-4d61-4459-9d25-4015b9084fb0,NY,NY,11,02,SAN RAFAEL DEL YUMA,081102,874cc64d8ffffff
bc14652e-40c3-4d9c-a0d4-22d726eec25a,1930426537,Ocimum campechianum,Ocimum campechianum Mill.,Lamiaceae,Ocimum,SPECIES,PRESERVED_SPECIMEN,1981-02-04,1981,-68.62,18.35,NA,d415c253-4d61-4459-9d25-4015b9084fb0,NY,NY,11,02,SAN RAFAEL DEL YUMA,081102,874cc6636ffffff
bc15f9ed-14ae-44cc-aa42-1bd69dd9ba5c,1930426580,Fissidens guianensis,Fissidens guianensis Mont.,Fissidentaceae,Fissidens,SPECIES,PRESERVED_SPECIMEN,1981-03-30,1981,-68.62,18.35,NA,d415c253-4d61-4459-9d25-4015b9084fb0,NY,NY,11,02,SAN RAFAEL DEL YUMA,081102,874cc6636ffffff
bc373cc0-d85b-4708-81c8-b3f20a4cf88d,1930428216,Crotalaria purdieana,Crotalaria purdieana Senn,Fabaceae,Crotalaria,SPECIES,PRESERVED_SPECIMEN,1968-08-22,1968,-68.614383,18.377242,1662,d415c253-4d61-4459-9d25-4015b9084fb0,NY,NY,11,02,SAN RAFAEL DEL YUMA,081102,874cc671affffff
bc8d77d3-7a2b-4cf4-9d69-71bad7c4fbf0,1930433391,Catharanthus roseus,Catharanthus roseus (L.) G.Don,Apocynaceae,Catharanthus,SPECIES,PRESERVED_SPECIMEN,1981-02-05,1981,-68.6,18.38,NA,d415c253-4d61-4459-9d25-4015b9084fb0,NY,NY,11,02,SAN RAFAEL DEL YUMA,081102,874cc671affffff
bd5be690-eb0a-40ba-ae7d-04849e38a0c7,1930445061,Coccoloba diversifolia,Coccoloba diversifolia Jacq.,Polygonaceae,Coccoloba,SPECIES,PRESERVED_SPECIMEN,1981-10-06,1981,-68.78,18.325,NA,d415c253-4d61-4459-9d25-4015b9084fb0,NY,NY,11,02,SAN RAFAEL DEL YUMA,081102,874cd5b6bffffff
bd663d16-4a73-457a-a407-dc4aed15f086,4519992354,Zapoteca portoricensis,Zapoteca portoricensis (Jacq.) H.M.Hern.,Fabaceae,Zapoteca,SPECIES,PRESERVED_SPECIMEN,1991-01-22,1991,-68.833333,18.383333,NA,b89d52a2-861d-4388-adad-c0da3d55fc78,UF,,11,02,SAN RAFAEL DEL YUMA,081102,874cd5b75ffffff
be185edd-82f3-4b40-8893-d3f590ea7666,1930454975,Pisonia aculeata,Pisonia aculeata L.,Nyctaginaceae,Pisonia,SPECIES,PRESERVED_SPECIMEN,1981-02-04,1981,-68.62,18.35,NA,d415c253-4d61-4459-9d25-4015b9084fb0,NY,NY,11,02,SAN RAFAEL DEL YUMA,081102,874cc6636ffffff
be5786cd-9a7d-48f7-95ce-cfe36573b1e5,1930459020,Rhynchosia minima,Rhynchosia minima (L.) DC.,Fabaceae,Rhynchosia,SPECIES,PRESERVED_SPECIMEN,1981-02-06,1981,-68.6083,18.38,NA,d415c253-4d61-4459-9d25-4015b9084fb0,NY,NY,11,02,SAN RAFAEL DEL YUMA,081102,874cc671affffff
bf30462c-89ea-4881-a776-736c89e78973,1930470844,Palicourea justiciifolia,Psychotria nervosa Benth.,Rubiaceae,Palicourea,SPECIES,PRESERVED_SPECIMEN,1983-11-22,1983,-68.62,18.4,NA,d415c253-4d61-4459-9d25-4015b9084fb0,NY,NY,11,02,SAN RAFAEL DEL YUMA,081102,874cc6713ffffff
bf458de4-a668-412e-8f71-2a0b2f936cdb,1930471347,Bacopa monnieri,Bacopa monnieri (L.) Pennell,Plantaginaceae,Bacopa,SPECIES,PRESERVED_SPECIMEN,1981-03-30,1981,-68.85,18.38,NA,d415c253-4d61-4459-9d25-4015b9084fb0,NY,NY,11,02,SAN RAFAEL DEL YUMA,081102,874cd5b70ffffff
bf7394bd-3eb7-404d-9871-1c656c958a28,1930474841,Cyperus alternifolius,Cyperus alternifolius L.,Cyperaceae,Cyperus,SPECIES,PRESERVED_SPECIMEN,1981-02-05,1981,-68.62,18.4,NA,d415c253-4d61-4459-9d25-4015b9084fb0,NY,NY,11,02,SAN RAFAEL DEL YUMA,081102,874cc6713ffffff
bf9c5407-304a-4d13-89dc-97d115d12a98,1930476494,Crotalaria lotifolia,Crotalaria lotifolia L.,Fabaceae,Crotalaria,SPECIES,PRESERVED_SPECIMEN,1985-04-05,1985,-68.78,18.3283,NA,d415c253-4d61-4459-9d25-4015b9084fb0,NY,NY,11,02,SAN RAFAEL DEL YUMA,081102,874cd5b6bffffff
c09099b9-93d0-4157-8213-a1f33234c0a9,1930490819,Exostema acuminatum,Exostema acuminatum Urb.,Rubiaceae,Exostema,SPECIES,PRESERVED_SPECIMEN,1981-02-06,1981,-68.58,18.375,NA,d415c253-4d61-4459-9d25-4015b9084fb0,NY,NY,11,02,SAN RAFAEL DEL YUMA,081102,874cc6718ffffff
c139e1cd-68cf-4480-82d0-3fbe6fe588a4,2270558360,Eugenia procera,Eugenia procera (Sw.) Poir.,Myrtaceae,Eugenia,SPECIES,PRESERVED_SPECIMEN,1981-02-04,1981,-68.6167,18.35,NA,e05fd4c2-4d77-4c50-880e-1b22096af300,ASU,Plants,11,02,SAN RAFAEL DEL YUMA,081102,874cc6636ffffff
c16fd444-e038-4f29-9153-0ef28cfd57ca,1930502480,Piper marginatum,Piper marginatum Jacq.,Piperaceae,Piper,SPECIES,PRESERVED_SPECIMEN,1981-02-05,1981,-68.6,18.38,NA,d415c253-4d61-4459-9d25-4015b9084fb0,NY,NY,11,02,SAN RAFAEL DEL YUMA,081102,874cc671affffff
c1a93401-74fe-4695-a3de-f2556b7a43da,1930505631,Casearia aculeata,Casearia aculeata Jacq.,Salicaceae,Casearia,SPECIES,PRESERVED_SPECIMEN,1981-02-05,1981,-68.62,18.4,NA,d415c253-4d61-4459-9d25-4015b9084fb0,NY,NY,11,02,SAN RAFAEL DEL YUMA,081102,874cc6713ffffff
c2dfc2ae-8cfc-4df7-a28b-fb2283dba680,1930522955,Crotalaria lotifolia,Crotalaria lotifolia L.,Fabaceae,Crotalaria,SPECIES,PRESERVED_SPECIMEN,1986-01-18,1986,-68.62,18.375,NA,d415c253-4d61-4459-9d25-4015b9084fb0,NY,NY,11,02,SAN RAFAEL DEL YUMA,081102,874cc67a9ffffff
c307aa63-09b3-467f-b1a2-9b0e2974cd41,1930525130,Crossopetalum rhacoma,Crossopetalum rhacoma Crantz,Celastraceae,Crossopetalum,SPECIES,PRESERVED_SPECIMEN,1981-10-08,1981,-68.6417,18.22,NA,d415c253-4d61-4459-9d25-4015b9084fb0,NY,NY,11,02,SAN RAFAEL DEL YUMA,081102,874cc668dffffff
c331cc4e-f47a-4b4e-9470-e2c92e2030be,1930527639,Guettarda prenleloupii,Guettarda prenleloupii Urb.,Rubiaceae,Guettarda,SPECIES,PRESERVED_SPECIMEN,1981-07-07,1981,-68.88,18.4083,NA,d415c253-4d61-4459-9d25-4015b9084fb0,NY,NY,11,02,SAN RAFAEL DEL YUMA,081102,874cd5b29ffffff
c70e1b70-0e1d-4127-b067-80172d2aafb3,1930581569,Ochroma pyramidale,Ochroma pyramidale (Cav.) Urb.,Malvaceae,Ochroma,SPECIES,PRESERVED_SPECIMEN,1981-02-06,1981,-68.6083,18.38,NA,d415c253-4d61-4459-9d25-4015b9084fb0,NY,NY,11,02,SAN RAFAEL DEL YUMA,081102,874cc671affffff
c72f2efb-fbb6-4c2b-8fe8-de85a2ace527,1930584041,Hyperbaena laurifolia,Hyperbaena laurifolia (Poir.) Urb.,Menispermaceae,Hyperbaena,SPECIES,PRESERVED_SPECIMEN,1968-08-22,1968,-68.614383,18.377242,1662,d415c253-4d61-4459-9d25-4015b9084fb0,NY,NY,11,02,SAN RAFAEL DEL YUMA,081102,874cc671affffff
c737cb8c-db17-4a2b-b9ee-465a3054f152,1930583918,Erpodium cubense,Erpodium cubense E. Britton,Erpodiaceae,Erpodium,SPECIES,PRESERVED_SPECIMEN,1981-03-30,1981,-68.83,18.42,NA,d415c253-4d61-4459-9d25-4015b9084fb0,NY,NY,11,02,SAN RAFAEL DEL YUMA,081102,874cc64d8ffffff
c743cb47-82df-48f4-8f19-0862fd3d6f58,1930584815,Sematophyllum adnatum,Sematophyllum adnatum (Michx.) E. Britton,Sematophyllaceae,Sematophyllum,SPECIES,PRESERVED_SPECIMEN,1981-03-30,1981,-68.63,18.32,NA,d415c253-4d61-4459-9d25-4015b9084fb0,NY,NY,11,02,SAN RAFAEL DEL YUMA,081102,874cc6614ffffff
c8bb4435-b382-4820-bab0-2ee1cad02658,1930605225,Sideroxylon foetidissimum,Sideroxylon foetidissimum Jacq.,Sapotaceae,Sideroxylon,SPECIES,PRESERVED_SPECIMEN,1983-11-22,1983,-68.62,18.4,NA,d415c253-4d61-4459-9d25-4015b9084fb0,NY,NY,11,02,SAN RAFAEL DEL YUMA,081102,874cc6713ffffff
c948ae5a-b184-4c48-897d-9ac5fa31cd62,1930613317,Tolumnia guianensis,Tolumnia guianensis (Aubl.) Braem,Orchidaceae,Tolumnia,SPECIES,PRESERVED_SPECIMEN,2004-05-27,2004,-68.8118,18.3329,NA,d415c253-4d61-4459-9d25-4015b9084fb0,NY,NY,11,02,SAN RAFAEL DEL YUMA,081102,874cd5b41ffffff
ca2d0e2a-8c63-41f1-9196-2325cc258c2c,1930626025,Tolumnia calochila,Tolumnia calochila (Cogn.) Braem,Orchidaceae,Tolumnia,SPECIES,PRESERVED_SPECIMEN,1999-05-30,1999,-68.8389,18.37,NA,d415c253-4d61-4459-9d25-4015b9084fb0,NY,NY,11,02,SAN RAFAEL DEL YUMA,081102,874cd5b71ffffff
caa4fb04-7b6b-4b65-a3ad-ae2b0f3020a4,1930632366,Stylosanthes hamata,Stylosanthes hamata (L.) Taub.,Fabaceae,Stylosanthes,SPECIES,PRESERVED_SPECIMEN,1981-02-05,1981,-68.62,18.38,NA,d415c253-4d61-4459-9d25-4015b9084fb0,NY,NY,11,02,SAN RAFAEL DEL YUMA,081102,874cc67adffffff
cae254ea-6000-4141-8042-45fbc79e7648,1930635568,Chloris barbata,Chloris barbata Sw.,Poaceae,Chloris,SPECIES,PRESERVED_SPECIMEN,1980-05-07,1980,-68.88,18.43,NA,d415c253-4d61-4459-9d25-4015b9084fb0,NY,NY,11,02,SAN RAFAEL DEL YUMA,081102,874cd5b2dffffff
cb417d3b-3f45-45e2-bbf6-5d6ce402067d,1930640537,Capsicum annuum,Capsicum annuum var. glabriusculum (Dunal) Heiser & Pickersgill,Solanaceae,Capsicum,VARIETY,PRESERVED_SPECIMEN,1981-10-06,1981,-68.78,18.325,NA,d415c253-4d61-4459-9d25-4015b9084fb0,NY,NY,11,02,SAN RAFAEL DEL YUMA,081102,874cd5b6bffffff
cbc92f8c-5233-4f10-865c-daf7be4d131c,1930648342,Chamaecrista nictitans,Chamaecrista nictitans var. diffusa (DC.) H.S.Irwin & Barneby,Fabaceae,Chamaecrista,VARIETY,PRESERVED_SPECIMEN,1981-02-06,1981,-68.6083,18.38,NA,d415c253-4d61-4459-9d25-4015b9084fb0,NY,NY,11,02,SAN RAFAEL DEL YUMA,081102,874cc671affffff
cc18654a-cb52-4a59-ac6d-680aed6c63f7,4075505261,Gymnogongrus tenuis,Gymnogongrus tenuis (J. Agardh) J. Agardh,Phyllophoraceae,Gymnogongrus,SPECIES,PRESERVED_SPECIMEN,1972-05-03,1972,-68.603686,18.379103,2000,63e79196-626f-41a5-9871-0c29135ccd09,PH,,11,02,SAN RAFAEL DEL YUMA,081102,874cc671affffff
ccddc02c-ecfa-4110-848c-d868fa617375,1930663600,Thysananthus auriculatus,Mastigolejeunea auriculata (Wilson & Hook.) Steph.,Lejeuneaceae,Thysananthus,SPECIES,PRESERVED_SPECIMEN,1981-02-04,1981,-68.62,18.35,NA,d415c253-4d61-4459-9d25-4015b9084fb0,NY,NY,11,02,SAN RAFAEL DEL YUMA,081102,874cc6636ffffff
cd12b0ff-8a8b-4953-847d-71e3979712c1,1930666437,Monteverdia laevigata,Maytenus laevigata (Vahl) Grisebach ex Eggers,Celastraceae,Monteverdia,SPECIES,PRESERVED_SPECIMEN,1992-03-27,1992,-68.62,18.37,NA,d415c253-4d61-4459-9d25-4015b9084fb0,NY,NY,11,02,SAN RAFAEL DEL YUMA,081102,874cc67a9ffffff
cdcd0b5e-2239-4ab3-8992-3e5ebf7fa9d7,1930676901,Cubanola domingensis,Cubanola domingensis (Britton) Aiello,Rubiaceae,Cubanola,SPECIES,PRESERVED_SPECIMEN,1980-10-30,1980,-68.83,18.37,NA,d415c253-4d61-4459-9d25-4015b9084fb0,NY,NY,11,02,SAN RAFAEL DEL YUMA,081102,874cd5b44ffffff
ce38c495-27c0-4dc5-8c87-afb7d9d64234,3969698235,Consolea picardae,Consolea picardae (Urb.) Areces,Cactaceae,Consolea,SPECIES,PRESERVED_SPECIMEN,2000-08-16,2000,-68.844635,18.409807,NA,defb9a47-c1a7-4fb2-9a0b-2da7c5260cad,BRIT,BRIT,11,02,SAN RAFAEL DEL YUMA,081102,874cc64dbffffff
cec6e73f-6f8a-4f8b-8395-03e8da7678f9,1930690667,Pityrogramma calomelanos,Pityrogramma calomelanos (L.) Link,Pteridaceae,Pityrogramma,SPECIES,PRESERVED_SPECIMEN,1981-02-05,1981,-68.62,18.4,NA,d415c253-4d61-4459-9d25-4015b9084fb0,NY,NY,11,02,SAN RAFAEL DEL YUMA,081102,874cc6713ffffff
cf59c751-4b33-4b41-91b9-59171072d321,2028413494,Hypnea musciformis,Hypnea musciformis (Wulfen) Lamouroux,Cystocloniaceae,Hypnea,SPECIES,PRESERVED_SPECIMEN,1972-05-03,1972,-68.603686,18.379103,2000,31b346f9-1a91-4688-af40-5a50a261c572,DUKE,,11,02,SAN RAFAEL DEL YUMA,081102,874cc671affffff
cf9e46e4-c2e7-4fbc-9aa1-0b20612d6bf1,1930702602,Fimbristylis cymosa,Fimbristylis cymosa var. cymosa,Cyperaceae,Fimbristylis,VARIETY,PRESERVED_SPECIMEN,1981-10-07,1981,-68.77,18.2583,NA,d415c253-4d61-4459-9d25-4015b9084fb0,NY,NY,11,02,SAN RAFAEL DEL YUMA,081102,874cc6690ffffff
cfdc2603-3c59-43a3-a4b6-27c3101e459f,1930704780,Epidendrum rigidum,Epidendrum rigidum Jacq.,Orchidaceae,Epidendrum,SPECIES,PRESERVED_SPECIMEN,1981-02-05,1981,-68.6,18.38,NA,d415c253-4d61-4459-9d25-4015b9084fb0,NY,NY,11,02,SAN RAFAEL DEL YUMA,081102,874cc671affffff
cff63ac5-97eb-403b-8edd-6f1afd309b47,1304341373,Prunus myrtifolia,Prunus myrtifolia (L.) Urb.,Rosaceae,Prunus,SPECIES,OCCURRENCE,1992-03-07,1992,-68.616667,18.366667,NA,07044577-bd82-4089-9f3a-f4a9d2170b2e,Bioversity,,11,02,SAN RAFAEL DEL YUMA,081102,874cc67a9ffffff
d045f9e8-da6b-40c3-a050-63c792cf6e0b,1930711378,Cladophora fascicularis,"Cladophora fascicularis (Mertens ex C.Agardh Kuetzing, 1843)",Cladophoraceae,Cladophora,SPECIES,PRESERVED_SPECIMEN,1972-05-03,1972,-68.610919,18.373696,1091.57,d415c253-4d61-4459-9d25-4015b9084fb0,NY,NY,11,02,SAN RAFAEL DEL YUMA,081102,874cc671affffff
d12ba46c-1bdf-4d9e-aef1-199a4e562417,1930723734,Clusia minor,Clusia minor L.,Clusiaceae,Clusia,SPECIES,PRESERVED_SPECIMEN,1981-10-06,1981,-68.78,18.325,NA,d415c253-4d61-4459-9d25-4015b9084fb0,NY,NY,11,02,SAN RAFAEL DEL YUMA,081102,874cd5b6bffffff
d18365e6-a018-48ee-8fad-bc2f4474b312,2028413501,Polysiphonia subtilissima,Polysiphonia subtilissima Montagne,Rhodomelaceae,Polysiphonia,SPECIES,PRESERVED_SPECIMEN,1972-05-03,1972,-68.603686,18.379103,2000,31b346f9-1a91-4688-af40-5a50a261c572,DUKE,,11,02,SAN RAFAEL DEL YUMA,081102,874cc671affffff
d2662921-761e-4552-a77f-9c25f3306258,1304606336,Solanum erianthum,Solanum erianthum D.Don,Solanaceae,Solanum,SPECIES,OCCURRENCE,1981-02-06,1981,-68.583333,18.383333,NA,07044577-bd82-4089-9f3a-f4a9d2170b2e,Bioversity,,11,02,SAN RAFAEL DEL YUMA,081102,874cc6718ffffff
d275a64d-483d-476a-ad08-41989dc22c87,1930742426,Pithecellobium unguis-cati,Pithecellobium unguis-cati (L.) Benth.,Fabaceae,Pithecellobium,SPECIES,PRESERVED_SPECIMEN,1981-10-08,1981,-68.6417,18.22,NA,d415c253-4d61-4459-9d25-4015b9084fb0,NY,NY,11,02,SAN RAFAEL DEL YUMA,081102,874cc668dffffff
d27b6b61-3ba9-49b0-bd8d-281f3f05f8b7,1930742609,Heliotropium lamarckii,Tournefortia scabra Lam.,Heliotropiaceae,Heliotropium,SPECIES,PRESERVED_SPECIMEN,1981-02-04,1981,-68.6,18.38,NA,d415c253-4d61-4459-9d25-4015b9084fb0,NY,NY,11,02,SAN RAFAEL DEL YUMA,081102,874cc671affffff
d294b338-2ad0-4e0b-b323-3d3f4b16e5eb,1930743705,Zanthoxylum martinicense,Zanthoxylum martinicense (Lam.) DC.,Rutaceae,Zanthoxylum,SPECIES,PRESERVED_SPECIMEN,1980-05-07,1980,-68.88,18.43,NA,d415c253-4d61-4459-9d25-4015b9084fb0,NY,NY,11,02,SAN RAFAEL DEL YUMA,081102,874cd5b2dffffff
d29ecbf1-1eb6-4dd6-8054-b84a6055d79e,1930744192,Hyparrhenia rufa,Hyparrhenia rufa (Nees) Stapf,Poaceae,Hyparrhenia,SPECIES,PRESERVED_SPECIMEN,1983-11-22,1983,-68.88,18.43,NA,d415c253-4d61-4459-9d25-4015b9084fb0,NY,NY,11,02,SAN RAFAEL DEL YUMA,081102,874cd5b2dffffff
d2e7d060-e8b0-4976-8beb-9dfe65459006,1930750653,Peperomia magnoliifolia,Peperomia magnoliifolia (Jacq.) A.Dietr.,Piperaceae,Peperomia,SPECIES,PRESERVED_SPECIMEN,1981-02-05,1981,-68.6,18.38,NA,d415c253-4d61-4459-9d25-4015b9084fb0,NY,NY,11,02,SAN RAFAEL DEL YUMA,081102,874cc671affffff
d303d250-f21a-409e-b594-a2f8025a7b1f,1930750224,Gonzalagunia hirsuta,Gonzalagunia hirsuta (Jacq.) K.Schum.,Rubiaceae,Gonzalagunia,SPECIES,PRESERVED_SPECIMEN,1981-03-30,1981,-68.63,18.32,NA,d415c253-4d61-4459-9d25-4015b9084fb0,NY,NY,11,02,SAN RAFAEL DEL YUMA,081102,874cc6614ffffff
d3bee787-a696-46a6-b5b7-6172cfcc6fde,1930760565,Pleopeltis marginata,Pleopeltis marginata A.R.Sm. & Tejero,Polypodiaceae,Pleopeltis,SPECIES,PRESERVED_SPECIMEN,1981-02-05,1981,-68.6,18.38,NA,d415c253-4d61-4459-9d25-4015b9084fb0,NY,NY,11,02,SAN RAFAEL DEL YUMA,081102,874cc671affffff
d3d9079f-d632-4902-aa12-6874f3717463,1930761637,Pseudophoenix sargentii,Pseudophoenix sargentii H.Wendl. ex Sarg.,Arecaceae,Pseudophoenix,SPECIES,PRESERVED_SPECIMEN,1981-10-06,1981,-68.8,18.325,NA,d415c253-4d61-4459-9d25-4015b9084fb0,NY,NY,11,02,SAN RAFAEL DEL YUMA,081102,874cd5b4cffffff
d4279ecf-4869-413d-b4e2-a97cd6063833,1930766362,Trichostigma octandrum,Trichostigma octandrum (L.) H.Walter,Petiveriaceae,Trichostigma,SPECIES,PRESERVED_SPECIMEN,1981-02-05,1981,-68.6,18.38,NA,d415c253-4d61-4459-9d25-4015b9084fb0,NY,NY,11,02,SAN RAFAEL DEL YUMA,081102,874cc671affffff
d477a022-1128-424f-b128-bc5a0e6303cd,1930773686,Campyloneurum phyllitidis,Campyloneurum phyllitidis (L.) C.Presl,Polypodiaceae,Campyloneurum,SPECIES,PRESERVED_SPECIMEN,2004-05-27,2004,-68.8118,18.3329,NA,d415c253-4d61-4459-9d25-4015b9084fb0,NY,NY,11,02,SAN RAFAEL DEL YUMA,081102,874cd5b41ffffff
d4dff313-075c-426c-91f9-fcbad2b9e913,1930776412,Senna mexicana,Senna mexicana var. berteriana (Balb. ex DC.) H.S.Irwin & Barneby,Fabaceae,Senna,VARIETY,PRESERVED_SPECIMEN,1981-02-04,1981,-68.62,18.35,NA,d415c253-4d61-4459-9d25-4015b9084fb0,NY,NY,11,02,SAN RAFAEL DEL YUMA,081102,874cc6636ffffff
d4febd30-8703-4a47-beaf-b23a19b2944c,1930778040,Senna occidentalis,Senna occidentalis (L.) Link,Fabaceae,Senna,SPECIES,PRESERVED_SPECIMEN,1981-02-05,1981,-68.6,18.38,NA,d415c253-4d61-4459-9d25-4015b9084fb0,NY,NY,11,02,SAN RAFAEL DEL YUMA,081102,874cc671affffff
d551d269-ace5-4849-b655-e86ea76c0ad5,1930783021,Jatropha hernandiifolia,Jatropha hernandiifolia Vent.,Euphorbiaceae,Jatropha,SPECIES,PRESERVED_SPECIMEN,1975-05-31,1975,-68.61539,18.377341,1601.57,d415c253-4d61-4459-9d25-4015b9084fb0,NY,NY,11,02,SAN RAFAEL DEL YUMA,081102,874cc671affffff
d5700e90-631d-46cc-b6a3-4f78bdbae7f4,1930784567,Varronia polycephala,Varronia polycephala Lam.,Cordiaceae,Varronia,SPECIES,PRESERVED_SPECIMEN,1981-07-07,1981,-68.88,18.4083,NA,d415c253-4d61-4459-9d25-4015b9084fb0,NY,NY,11,02,SAN RAFAEL DEL YUMA,081102,874cd5b29ffffff
d5c88aa0-56f4-4120-8c99-15b89c5038a1,1930789644,Eleocharis R.Br.,Eleocharis R.Br.,Cyperaceae,Eleocharis,GENUS,PRESERVED_SPECIMEN,1981-03-30,1981,-68.85,18.38,NA,d415c253-4d61-4459-9d25-4015b9084fb0,NY,NY,11,02,SAN RAFAEL DEL YUMA,081102,874cd5b70ffffff
d5f8aaec-7121-4e15-8322-f7f2add2ac86,1930792228,Morinda citrifolia,Morinda citrifolia L.,Rubiaceae,Morinda,SPECIES,PRESERVED_SPECIMEN,1981-10-08,1981,-68.6417,18.22,NA,d415c253-4d61-4459-9d25-4015b9084fb0,NY,NY,11,02,SAN RAFAEL DEL YUMA,081102,874cc668dffffff
d67f2866-76b4-4db3-9e8c-8c578b5b89c8,1930799744,Clusia rosea,Clusia rosea Jacq.,Clusiaceae,Clusia,SPECIES,PRESERVED_SPECIMEN,1981-07-07,1981,-68.88,18.4083,NA,d415c253-4d61-4459-9d25-4015b9084fb0,NY,NY,11,02,SAN RAFAEL DEL YUMA,081102,874cd5b29ffffff
d6feaf4c-b447-4543-be69-7c3fe40726fb,1930806753,Alternanthera brasiliana,Alternanthera brasiliana (L.) Kuntze,Amaranthaceae,Alternanthera,SPECIES,PRESERVED_SPECIMEN,1981-02-05,1981,-68.6,18.38,NA,d415c253-4d61-4459-9d25-4015b9084fb0,NY,NY,11,02,SAN RAFAEL DEL YUMA,081102,874cc671affffff
d74451c2-538b-4604-a870-31e5db5053eb,1930810676,Citharexylum spinosum,Citharexylum spinosum L.,Verbenaceae,Citharexylum,SPECIES,PRESERVED_SPECIMEN,1981-02-05,1981,-68.62,18.38,NA,d415c253-4d61-4459-9d25-4015b9084fb0,NY,NY,11,02,SAN RAFAEL DEL YUMA,081102,874cc67adffffff
d822a7c2-bcf1-4f25-b1f4-997c1d620eb9,1930822917,Condea urbanii,Hyptis escobilla Urb.,Lamiaceae,Condea,SPECIES,PRESERVED_SPECIMEN,1983-11-22,1983,-68.62,18.4,NA,d415c253-4d61-4459-9d25-4015b9084fb0,NY,NY,11,02,SAN RAFAEL DEL YUMA,081102,874cc6713ffffff
d868b35d-100a-47c0-869e-5d4668d0e0f1,1930826680,Guaiacum sanctum,Guaiacum sanctum L.,Zygophyllaceae,Guaiacum,SPECIES,PRESERVED_SPECIMEN,1981-10-08,1981,-68.6417,18.22,NA,d415c253-4d61-4459-9d25-4015b9084fb0,NY,NY,11,02,SAN RAFAEL DEL YUMA,081102,874cc668dffffff
d95e2480-ed86-4ce8-a79a-20009a5bdbf8,1930840411,Eugenia axillaris,Eugenia axillaris (Sw.) Willd.,Myrtaceae,Eugenia,SPECIES,PRESERVED_SPECIMEN,1981-07-07,1981,-68.88,18.4083,NA,d415c253-4d61-4459-9d25-4015b9084fb0,NY,NY,11,02,SAN RAFAEL DEL YUMA,081102,874cd5b29ffffff
d9c864cd-07df-42ef-99b2-fb30571388cc,1930845769,Senegalia angustifolia,Senegalia angustifolia (Lam.) Britton & Rose,Fabaceae,Senegalia,SPECIES,PRESERVED_SPECIMEN,1986-01-21,1986,-68.78,18.325,NA,d415c253-4d61-4459-9d25-4015b9084fb0,NY,NY,11,02,SAN RAFAEL DEL YUMA,081102,874cd5b6bffffff
da492311-84ca-4fdb-9be4-55738c53f25f,1930853188,Salvia rosmarinus,Salvia rosmarinus Spenn.,Lamiaceae,Salvia,SPECIES,PRESERVED_SPECIMEN,1981-02-04,1981,-68.6,18.38,NA,d415c253-4d61-4459-9d25-4015b9084fb0,NY,NY,11,02,SAN RAFAEL DEL YUMA,081102,874cc671affffff
db58a56f-28a5-41b2-a03f-5dfa0d311f0c,1930869129,Iresine diffusa,Iresine diffusa Humb. & Bonpl. ex Willd.,Amaranthaceae,Iresine,SPECIES,PRESERVED_SPECIMEN,1980-04-14,1980,-68.72,18.47,NA,d415c253-4d61-4459-9d25-4015b9084fb0,NY,NY,11,02,SAN RAFAEL DEL YUMA,081102,874cc645effffff
db7f6a59-cb55-4a21-93af-cd1919a1e62e,1930869995,Savia sessiliflora,Savia sessiliflora (Sw.) Willd.,Phyllanthaceae,Savia,SPECIES,PRESERVED_SPECIMEN,1980-10-30,1980,-68.85,18.4,NA,d415c253-4d61-4459-9d25-4015b9084fb0,NY,NY,11,02,SAN RAFAEL DEL YUMA,081102,874cd5b74ffffff
dc1d900e-cefb-4b4b-b9fd-a125d75ecd3f,1930878395,Christella hispidula,Thelypteris hispidula (Decne.) C.F.Reed,Thelypteridaceae,Christella,SPECIES,PRESERVED_SPECIMEN,1981-03-30,1981,-68.63,18.32,NA,d415c253-4d61-4459-9d25-4015b9084fb0,NY,NY,11,02,SAN RAFAEL DEL YUMA,081102,874cc6614ffffff
dd7acf3e-35a3-4306-8b9d-e07b7adc59f3,1930898733,Pimenta yumana,Eugenia yumana Alain,Myrtaceae,Pimenta,SPECIES,PRESERVED_SPECIMEN,1992-03-27,1992,-68.62,18.37,NA,d415c253-4d61-4459-9d25-4015b9084fb0,NY,NY,11,02,SAN RAFAEL DEL YUMA,081102,874cc67a9ffffff
de53cea5-a293-435c-aed5-943f667b7d27,1930910838,Eulophia maculata,Oeceoclades maculata (Lindl.) Lindl.,Orchidaceae,Eulophia,SPECIES,PRESERVED_SPECIMEN,1982-01-28,1982,-68.83,18.38,NA,d415c253-4d61-4459-9d25-4015b9084fb0,NY,NY,11,02,SAN RAFAEL DEL YUMA,081102,874cd5b62ffffff
df1e87f6-377c-456a-88be-3c48e4290323,1930922020,Cubanola domingensis,Cubanola domingensis (Britton) Aiello,Rubiaceae,Cubanola,SPECIES,PRESERVED_SPECIMEN,1983-11-22,1983,-68.62,18.4,NA,d415c253-4d61-4459-9d25-4015b9084fb0,NY,NY,11,02,SAN RAFAEL DEL YUMA,081102,874cc6713ffffff
e01cf4c3-d247-4d56-8241-f7bb907aa159,1930936402,Trichostigma octandrum,Trichostigma octandrum (L.) H.Walter,Petiveriaceae,Trichostigma,SPECIES,PRESERVED_SPECIMEN,1981-02-05,1981,-68.62,18.38,NA,d415c253-4d61-4459-9d25-4015b9084fb0,NY,NY,11,02,SAN RAFAEL DEL YUMA,081102,874cc67adffffff
e07b7d23-f76e-4a22-a5e1-451c8d21fdaa,1930941416,Randia aculeata,Randia aculeata L.,Rubiaceae,Randia,SPECIES,PRESERVED_SPECIMEN,1981-02-04,1981,-68.62,18.35,NA,d415c253-4d61-4459-9d25-4015b9084fb0,NY,NY,11,02,SAN RAFAEL DEL YUMA,081102,874cc6636ffffff
e18b025b-04b7-4e3d-a523-b2dd8dc263c0,1930956174,Tephrosia purpurea,Tephrosia purpurea (L.) Pers.,Fabaceae,Tephrosia,SPECIES,PRESERVED_SPECIMEN,1981-02-04,1981,-68.6,18.38,NA,d415c253-4d61-4459-9d25-4015b9084fb0,NY,NY,11,02,SAN RAFAEL DEL YUMA,081102,874cc671affffff
e1a050f9-560f-4429-be32-2c554a634711,1930957826,Selaginella armata,Selaginella armata Baker,Selaginellaceae,Selaginella,SPECIES,PRESERVED_SPECIMEN,1981-02-05,1981,-68.62,18.4,NA,d415c253-4d61-4459-9d25-4015b9084fb0,NY,NY,11,02,SAN RAFAEL DEL YUMA,081102,874cc6713ffffff
e24bc621-db11-41b5-9cbc-2d7e17e11dad,1930966947,Stereophyllum radiculosum,Stereophyllum radiculosum (Hook.) Mitt.,Stereophyllaceae,Stereophyllum,SPECIES,PRESERVED_SPECIMEN,2001-07-25,2001,-68.6178,18.3644,NA,d415c253-4d61-4459-9d25-4015b9084fb0,NY,NY,11,02,SAN RAFAEL DEL YUMA,081102,874cc67a9ffffff
e281b168-eef1-484e-8ef5-f5115b0e9032,4075534282,Agardhiella ramosissima,Agardhiella ramosissima (Harvey) Kylin,Solieriaceae,Agardhiella,SPECIES,PRESERVED_SPECIMEN,1972-05-03,1972,-68.603686,18.379103,2000,63e79196-626f-41a5-9871-0c29135ccd09,PH,,11,02,SAN RAFAEL DEL YUMA,081102,874cc671affffff
e28b02af-b447-4ac2-b219-12bff85acdc0,4517017732,Erythroxylum brevipes,Erythroxylum brevipes DC.,Erythroxylaceae,Erythroxylum,SPECIES,PRESERVED_SPECIMEN,2009-04-27,2009,-68.842217,18.415733,NA,89c53edb-0fac-4118-bdc0-d70ca50953dc,DBG,KHD,11,02,SAN RAFAEL DEL YUMA,081102,874cc64dbffffff
e2e7ef59-6c43-4fcd-aa5f-e259d29f0819,1930975818,Vernonanthura buxifolia,Vernonanthura buxifolia (Less.) H.Rob.,Asteraceae,Vernonanthura,SPECIES,PRESERVED_SPECIMEN,1981-02-06,1981,-68.58,18.375,NA,d415c253-4d61-4459-9d25-4015b9084fb0,NY,NY,11,02,SAN RAFAEL DEL YUMA,081102,874cc6718ffffff
e2f3d7fc-bf36-4a42-a00e-be2489b5ed76,1930976362,Annona glabra,Annona glabra L.,Annonaceae,Annona,SPECIES,PRESERVED_SPECIMEN,1984-05-04,1984,-68.85,18.38,NA,d415c253-4d61-4459-9d25-4015b9084fb0,NY,NY,11,02,SAN RAFAEL DEL YUMA,081102,874cd5b70ffffff
e3327fa3-d40d-4efa-ac58-db8ad4cac1cf,1930979818,Gymnogongrus tenuis,Gymnogongrus tenuis (J. Agardh) J. Agardh,Phyllophoraceae,Gymnogongrus,SPECIES,PRESERVED_SPECIMEN,1972-05-03,1972,-68.604033,18.379162,161.79,d415c253-4d61-4459-9d25-4015b9084fb0,NY,NY,11,02,SAN RAFAEL DEL YUMA,081102,874cc671affffff
e4ad2dca78f4c55b44cbfbd793c1012d,3307987781,Leucaena leucocephala,Leucaena leucocephala (Lam.) de Wit,Fabaceae,Leucaena,SPECIES,PRESERVED_SPECIMEN,2001-03-22,2001,-68.8433,18.39194,NA,8016518a-f762-11e1-a439-00145eb45e9a,IBUNAM,MEXU,11,02,SAN RAFAEL DEL YUMA,081102,874cd5b75ffffff
e4ed6257-25be-4e18-aa41-dd7a53c97a69,1931004344,Clusia rosea,Clusia rosea Jacq.,Clusiaceae,Clusia,SPECIES,PRESERVED_SPECIMEN,1983-11-22,1983,-68.62,18.4,NA,d415c253-4d61-4459-9d25-4015b9084fb0,NY,NY,11,02,SAN RAFAEL DEL YUMA,081102,874cc6713ffffff
e55bdb12-73b9-4274-8d13-cdfb769c6de7,1931010258,Cojoba arborea,Cojoba arborea (L.) Britton & Rose,Fabaceae,Cojoba,SPECIES,PRESERVED_SPECIMEN,1992-03-07,1992,-68.62,18.375,NA,d415c253-4d61-4459-9d25-4015b9084fb0,NY,NY,11,02,SAN RAFAEL DEL YUMA,081102,874cc67a9ffffff
e6373f60-6139-4b0b-a6f1-b6aabe0d9363,1931021985,Udotea flabellum,Udotea flabellum (J. Ellis & D. Solander) Howe,Udoteaceae,Udotea,SPECIES,PRESERVED_SPECIMEN,1972-05-03,1972,-68.610919,18.373696,1091.57,d415c253-4d61-4459-9d25-4015b9084fb0,NY,NY,11,02,SAN RAFAEL DEL YUMA,081102,874cc671affffff
e63f55f6-4a21-4dc5-adf1-a237689550fc,1931022493,Mesosphaerum suaveolens,Hyptis suaveolens (L.) Poit.,Lamiaceae,Mesosphaerum,SPECIES,PRESERVED_SPECIMEN,1981-02-04,1981,-68.62,18.35,NA,d415c253-4d61-4459-9d25-4015b9084fb0,NY,NY,11,02,SAN RAFAEL DEL YUMA,081102,874cc6636ffffff
e6c53ad5-81a9-4e63-80cd-b11d9e21f25c,1931029990,Mecardonia procumbens,Mecardonia procumbens (Mill.) Small,Plantaginaceae,Mecardonia,SPECIES,PRESERVED_SPECIMEN,1981-02-05,1981,-68.62,18.4,NA,d415c253-4d61-4459-9d25-4015b9084fb0,NY,NY,11,02,SAN RAFAEL DEL YUMA,081102,874cc6713ffffff
e778bb4e-7b8f-40f6-9596-68a6a0d0db01,1931040067,Spyridia hypnoides,Spyridia aculeata (C.Agardh ex Decaisne) Kützing,Spyridiaceae,Spyridia,SPECIES,PRESERVED_SPECIMEN,1972-05-03,1972,-68.610919,18.373696,1091.57,d415c253-4d61-4459-9d25-4015b9084fb0,NY,NY,11,02,SAN RAFAEL DEL YUMA,081102,874cc671affffff
e7d36e53-0b38-4523-a66c-216199d2fdb9,1931045202,Pinnatella minuta,Pinnatella minuta (Mitt.) Broth.,Neckeraceae,Pinnatella,SPECIES,PRESERVED_SPECIMEN,1981-03-30,1981,-68.62,18.38,NA,d415c253-4d61-4459-9d25-4015b9084fb0,NY,NY,11,02,SAN RAFAEL DEL YUMA,081102,874cc67adffffff
e80fdcc4-1dca-4e03-a9ad-a9647b8f96f1,1457823102,Evolvulus alsinoides,Evolvulus alsinoides (L.) L.,Convolvulaceae,Evolvulus,SPECIES,PRESERVED_SPECIMEN,1991-01-22,1991,-68.833333,18.383333,NA,b89d52a2-861d-4388-adad-c0da3d55fc78,UF,,11,02,SAN RAFAEL DEL YUMA,081102,874cd5b75ffffff
e88a6eec-17f4-4a23-bbc6-821905759cb6,1931054680,Chionanthus domingensis,Chionanthus domingensis Lam.Tabl.,Oleaceae,Chionanthus,SPECIES,PRESERVED_SPECIMEN,1981-02-06,1981,-68.58,18.375,NA,d415c253-4d61-4459-9d25-4015b9084fb0,NY,NY,11,02,SAN RAFAEL DEL YUMA,081102,874cc6718ffffff
e8d24a71-0cd1-4482-a040-8b90cb633d7e,1931058902,Jatropha multifida,Jatropha multifida L.,Euphorbiaceae,Jatropha,SPECIES,PRESERVED_SPECIMEN,1981-02-06,1981,-68.58,18.375,NA,d415c253-4d61-4459-9d25-4015b9084fb0,NY,NY,11,02,SAN RAFAEL DEL YUMA,081102,874cc6718ffffff
e95bba40-1804-4e28-943c-3d30068b41ff,1931066385,Capsicum annuum,Capsicum annuum var. glabriusculum (Dunal) Heiser & Pickersgill,Solanaceae,Capsicum,VARIETY,PRESERVED_SPECIMEN,1981-10-07,1981,-68.77,18.2583,NA,d415c253-4d61-4459-9d25-4015b9084fb0,NY,NY,11,02,SAN RAFAEL DEL YUMA,081102,874cc6690ffffff
e9b60045-451a-4073-a658-02b678296e51,1931071403,Corchorus siliquosus,Corchorus siliquosus L.,Malvaceae,Corchorus,SPECIES,PRESERVED_SPECIMEN,1980-05-07,1980,-68.88,18.43,NA,d415c253-4d61-4459-9d25-4015b9084fb0,NY,NY,11,02,SAN RAFAEL DEL YUMA,081102,874cd5b2dffffff
e9e8259f-1643-40f3-84c8-34ee8d6f64a4,2270673746,Eugenia foetida,Eugenia foetida Pers.,Myrtaceae,Eugenia,SPECIES,PRESERVED_SPECIMEN,1981-10-07,1981,-68.7667,18.25,NA,e05fd4c2-4d77-4c50-880e-1b22096af300,ASU,Plants,11,02,SAN RAFAEL DEL YUMA,081102,874cc6693ffffff
eab71aba-3d8b-4f2d-a85a-ba5b55fd5f79,2028413519,Gracilaria mammillaris,Gracilaria mammillaris (Mont.) M. Howe,Gracilariaceae,Gracilaria,SPECIES,PRESERVED_SPECIMEN,1972-05-03,1972,-68.603686,18.379103,2000,31b346f9-1a91-4688-af40-5a50a261c572,DUKE,,11,02,SAN RAFAEL DEL YUMA,081102,874cc671affffff
ead40096-d81e-40bc-94df-0e3fb44eaa0d,1931086925,Melanthera nivea,Melanthera nivea (L.) Small,Asteraceae,Melanthera,SPECIES,PRESERVED_SPECIMEN,1980-05-07,1980,-68.88,18.43,NA,d415c253-4d61-4459-9d25-4015b9084fb0,NY,NY,11,02,SAN RAFAEL DEL YUMA,081102,874cd5b2dffffff
ebf5b703-3181-4516-8b81-7c89e7aea701,1931102893,Savia sessiliflora,Savia sessiliflora (Sw.) Willd.,Phyllanthaceae,Savia,SPECIES,PRESERVED_SPECIMEN,1981-02-06,1981,-68.58,18.375,NA,d415c253-4d61-4459-9d25-4015b9084fb0,NY,NY,11,02,SAN RAFAEL DEL YUMA,081102,874cc6718ffffff
ed64bde9-62d2-4cd7-872b-c5ff239742ac,1931122688,Zanthoxylum flavum,Zanthoxylum flavum Vahl,Rutaceae,Zanthoxylum,SPECIES,PRESERVED_SPECIMEN,1981-07-07,1981,-68.88,18.4083,NA,d415c253-4d61-4459-9d25-4015b9084fb0,NY,NY,11,02,SAN RAFAEL DEL YUMA,081102,874cd5b29ffffff
ede4591d-e1b6-46fa-a151-81e71cf17c5b,1931128980,Varronia serrata,Varronia serrata (L.) Borhidi,Cordiaceae,Varronia,SPECIES,PRESERVED_SPECIMEN,1981-07-07,1981,-68.88,18.4083,NA,d415c253-4d61-4459-9d25-4015b9084fb0,NY,NY,11,02,SAN RAFAEL DEL YUMA,081102,874cd5b29ffffff
ee381ef1-b2cd-423c-a4f1-e642be38cb83,1931134026,Trichilia hirta,Trichilia hirta L.,Meliaceae,Trichilia,SPECIES,PRESERVED_SPECIMEN,1981-02-04,1981,-68.62,18.35,NA,d415c253-4d61-4459-9d25-4015b9084fb0,NY,NY,11,02,SAN RAFAEL DEL YUMA,081102,874cc6636ffffff
eecdd50e-b442-4262-9173-7b3fe8036958,1931142478,Heteropterys laurifolia,Heteropterys laurifolia (L.) A.Juss.,Malpighiaceae,Heteropterys,SPECIES,PRESERVED_SPECIMEN,1980-04-14,1980,-68.72,18.47,NA,d415c253-4d61-4459-9d25-4015b9084fb0,NY,NY,11,02,SAN RAFAEL DEL YUMA,081102,874cc645effffff
efbb1e96-ddcb-4594-8d20-29c9b152026d,1931155145,Adiantum pyramidale,Adiantum pyramidale (L.) Willd.,Pteridaceae,Adiantum,SPECIES,PRESERVED_SPECIMEN,1981-02-05,1981,-68.62,18.4,NA,d415c253-4d61-4459-9d25-4015b9084fb0,NY,NY,11,02,SAN RAFAEL DEL YUMA,081102,874cc6713ffffff
eff0fa15-1181-40b2-9c88-929dbefb1386,1931157680,Stereophyllum radiculosum,Stereophyllum radiculosum (Hook.) Mitt.,Stereophyllaceae,Stereophyllum,SPECIES,PRESERVED_SPECIMEN,1981-03-30,1981,-68.83,18.42,NA,d415c253-4d61-4459-9d25-4015b9084fb0,NY,NY,11,02,SAN RAFAEL DEL YUMA,081102,874cc64d8ffffff
f12a2dfc-573d-41f4-89bc-cc667ff556e3,1931176166,Ruellia blechum,Ruellia blechum L.,Acanthaceae,Ruellia,SPECIES,PRESERVED_SPECIMEN,1981-02-04,1981,-68.62,18.35,NA,d415c253-4d61-4459-9d25-4015b9084fb0,NY,NY,11,02,SAN RAFAEL DEL YUMA,081102,874cc6636ffffff
f140d6a7-a845-4106-8969-c7b7e5d41141,1931177246,Gymnanthes pallens,Gymnanthes pallens (Griseb.) Müll.Arg.,Euphorbiaceae,Gymnanthes,SPECIES,PRESERVED_SPECIMEN,2004-05-27,2004,-68.6181,18.3644,NA,d415c253-4d61-4459-9d25-4015b9084fb0,NY,NY,11,02,SAN RAFAEL DEL YUMA,081102,874cc67a9ffffff
f154d15b-7791-40c2-85d1-fcc6741bc255,1931178180,Gelidium pusillum,Gelidium pusillum (Stackhouse) Le Jolis,Gelidiaceae,Gelidium,SPECIES,PRESERVED_SPECIMEN,1972-05-03,1972,-68.604033,18.379162,161.79,d415c253-4d61-4459-9d25-4015b9084fb0,NY,NY,11,02,SAN RAFAEL DEL YUMA,081102,874cc671affffff
f1f2ae1a-f486-4787-a619-fc6688532b05,1931186424,Neckeropsis undulata,Neckeropsis undulata (Hedw.) Reichardt,Neckeraceae,Neckeropsis,SPECIES,PRESERVED_SPECIMEN,1981-03-30,1981,-68.63,18.32,NA,d415c253-4d61-4459-9d25-4015b9084fb0,NY,NY,11,02,SAN RAFAEL DEL YUMA,081102,874cc6614ffffff
f259f756-1300-4263-96b3-25d5b51c10af,1931192858,Adelia ricinella,Adelia ricinella L.,Euphorbiaceae,Adelia,SPECIES,PRESERVED_SPECIMEN,1981-02-05,1981,-68.62,18.4,NA,d415c253-4d61-4459-9d25-4015b9084fb0,NY,NY,11,02,SAN RAFAEL DEL YUMA,081102,874cc6713ffffff
f261654f-5fb0-460b-9e34-287a8ac5abaa,1931193728,Peperomia glabella,Peperomia glabella (Sw.) A.Dietr.,Piperaceae,Peperomia,SPECIES,PRESERVED_SPECIMEN,2004-05-27,2004,-68.6181,18.3645,NA,d415c253-4d61-4459-9d25-4015b9084fb0,NY,NY,11,02,SAN RAFAEL DEL YUMA,081102,874cc67a9ffffff
f276391e-6a92-4881-a7b0-f8734ae7d55e,1931194740,Cyperus luzulae,Cyperus luzulae (L.) Retz.,Cyperaceae,Cyperus,SPECIES,PRESERVED_SPECIMEN,1980-05-07,1980,-68.88,18.43,NA,d415c253-4d61-4459-9d25-4015b9084fb0,NY,NY,11,02,SAN RAFAEL DEL YUMA,081102,874cd5b2dffffff
f2a40345-bd19-4403-948a-4d4692df354f,1931197229,Schaefferia frutescens,Schaefferia frutescens Jacq.,Celastraceae,Schaefferia,SPECIES,PRESERVED_SPECIMEN,1981-02-04,1981,-68.62,18.35,NA,d415c253-4d61-4459-9d25-4015b9084fb0,NY,NY,11,02,SAN RAFAEL DEL YUMA,081102,874cc6636ffffff
f3aa16a8-6de6-4184-86e3-dd931ae54863,1931211611,Cladophoropsis membranacea,Cladophoropsis membranacea (C. Aghardh) Borgesen,Boodleaceae,Cladophoropsis,SPECIES,PRESERVED_SPECIMEN,1972-05-03,1972,-68.610919,18.373696,1091.57,d415c253-4d61-4459-9d25-4015b9084fb0,NY,NY,11,02,SAN RAFAEL DEL YUMA,081102,874cc671affffff
f4084380-bb09-4c11-903a-3f60af9344e9,1931214779,Zapoteca portoricensis,Zapoteca portoricensis subsp. portoricensis,Fabaceae,Zapoteca,SUBSPECIES,PRESERVED_SPECIMEN,1968-08-22,1968,-68.614383,18.377242,1662,d415c253-4d61-4459-9d25-4015b9084fb0,NY,NY,11,02,SAN RAFAEL DEL YUMA,081102,874cc671affffff
f4a552c5-1200-41af-8bd0-85623d1ecd68,1931224585,Pireella cymbifolia,Pireella cymbifolia (Sull.) Cardot,Pterobryaceae,Pireella,SPECIES,PRESERVED_SPECIMEN,1981-03-30,1981,-68.62,18.38,NA,d415c253-4d61-4459-9d25-4015b9084fb0,NY,NY,11,02,SAN RAFAEL DEL YUMA,081102,874cc67adffffff
f54c1313-566b-45d8-97de-419ac49b0de3,1931234321,Cassia grandis,Cassia grandis L.f.,Fabaceae,Cassia,SPECIES,PRESERVED_SPECIMEN,1981-02-05,1981,-68.62,18.4,NA,d415c253-4d61-4459-9d25-4015b9084fb0,NY,NY,11,02,SAN RAFAEL DEL YUMA,081102,874cc6713ffffff
f5df1fad-75b2-47ad-8672-9878f28f10e0,1931242563,Pireella cymbifolia,Pireella cymbifolia (Sull.) Cardot,Pterobryaceae,Pireella,SPECIES,PRESERVED_SPECIMEN,1981-03-30,1981,-68.62,18.38,NA,d415c253-4d61-4459-9d25-4015b9084fb0,NY,NY,11,02,SAN RAFAEL DEL YUMA,081102,874cc67adffffff
f5f13db1-c4fe-4f0d-9aab-2d57a7c9b7c3,2270558052,Eugenia procera,Eugenia procera (Sw.) Poir.,Myrtaceae,Eugenia,SPECIES,PRESERVED_SPECIMEN,1992-05-21,1992,-68.7833,18.3167,NA,e05fd4c2-4d77-4c50-880e-1b22096af300,ASU,Plants,11,02,SAN RAFAEL DEL YUMA,081102,874cd5b4cffffff
f613e015-fda6-4d94-9b95-d5ecc727ae44,1931245897,Cardiospermum corindum,Cardiospermum corindum L.,Sapindaceae,Cardiospermum,SPECIES,PRESERVED_SPECIMEN,1981-02-05,1981,-68.62,18.38,NA,d415c253-4d61-4459-9d25-4015b9084fb0,NY,NY,11,02,SAN RAFAEL DEL YUMA,081102,874cc67adffffff
f6778b91-934f-4822-a845-26dda034303d,2028413488,Codium isthmocladum,"Codium isthmocladum Vickers, 1905",Codiaceae,Codium,SPECIES,PRESERVED_SPECIMEN,1972-05-03,1972,-68.595194,18.380503,2774,31b346f9-1a91-4688-af40-5a50a261c572,DUKE,,11,02,SAN RAFAEL DEL YUMA,081102,874cc6718ffffff
f6dd6bdc-aa5a-4491-b9a6-0d84563f577c,1931256126,Codium repens,Codium repens P. & H. Crouan ex Vickers,Codiaceae,Codium,SPECIES,PRESERVED_SPECIMEN,1972-05-03,1972,-68.610919,18.373696,1091.57,d415c253-4d61-4459-9d25-4015b9084fb0,NY,NY,11,02,SAN RAFAEL DEL YUMA,081102,874cc671affffff
f6f12347-530c-4a75-b237-924bd080474f,1931257405,Ficus citrifolia,Ficus citrifolia Mill.,Moraceae,Ficus,SPECIES,PRESERVED_SPECIMEN,1981-03-30,1981,-68.85,18.38,NA,d415c253-4d61-4459-9d25-4015b9084fb0,NY,NY,11,02,SAN RAFAEL DEL YUMA,081102,874cd5b70ffffff
f7b725ee-314d-4e7c-a8db-8d0d4d21a4bf,1931269307,Annona urbaniana,Annona urbaniana R.E.Fr.,Annonaceae,Annona,SPECIES,PRESERVED_SPECIMEN,1986-01-18,1986,-68.62,18.375,NA,d415c253-4d61-4459-9d25-4015b9084fb0,NY,NY,11,02,SAN RAFAEL DEL YUMA,081102,874cc67a9ffffff
f81e8ec9-8855-41cc-a22e-0d957cc875a8,1931273993,Corchorus hirsutus,Corchorus hirsutus L.,Malvaceae,Corchorus,SPECIES,PRESERVED_SPECIMEN,1981-10-07,1981,-68.77,18.2583,NA,d415c253-4d61-4459-9d25-4015b9084fb0,NY,NY,11,02,SAN RAFAEL DEL YUMA,081102,874cc6690ffffff
f84936f7-78be-4705-8595-e82e43c5ee3f,1931276213,Echites agglutinatus,Allotoonia agglutinata (Jacq.) J.F.Morales & J.K.Williams,Apocynaceae,Echites,SPECIES,PRESERVED_SPECIMEN,1968-08-22,1968,-68.614383,18.377242,1662,d415c253-4d61-4459-9d25-4015b9084fb0,NY,NY,11,02,SAN RAFAEL DEL YUMA,081102,874cc671affffff
fabe6c83-9f5c-42eb-a809-993bb0281731,1931312901,Pavonia spinifex,Pavonia spinifex (L.) Cav.,Malvaceae,Pavonia,SPECIES,PRESERVED_SPECIMEN,1981-02-05,1981,-68.62,18.38,NA,d415c253-4d61-4459-9d25-4015b9084fb0,NY,NY,11,02,SAN RAFAEL DEL YUMA,081102,874cc67adffffff
fb9f6421-617d-4f36-b763-5a2d8ccf77bb,1931323557,Alternanthera caracasana,Alternanthera caracasana Kunth,Amaranthaceae,Alternanthera,SPECIES,PRESERVED_SPECIMEN,1975-05-31,1975,-68.61539,18.377341,1601.57,d415c253-4d61-4459-9d25-4015b9084fb0,NY,NY,11,02,SAN RAFAEL DEL YUMA,081102,874cc671affffff
fc4cbe66-6a59-4c84-9068-154cb0a4fda2,1931335857,Jatropha hernandiifolia,Jatropha hernandiifolia Vent.,Euphorbiaceae,Jatropha,SPECIES,PRESERVED_SPECIMEN,2004-05-27,2004,-68.8117,18.3328,NA,d415c253-4d61-4459-9d25-4015b9084fb0,NY,NY,11,02,SAN RAFAEL DEL YUMA,081102,874cd5b41ffffff
fc71b627-cf20-49f9-871f-f104d2e74b0f,1931334392,Hyperbaena brevipes,Hyperbaena brevipes Urb. & Ekman,Menispermaceae,Hyperbaena,SPECIES,PRESERVED_SPECIMEN,1978-07-23,1978,-68.61539,18.377341,1601.57,d415c253-4d61-4459-9d25-4015b9084fb0,NY,NY,11,02,SAN RAFAEL DEL YUMA,081102,874cc671affffff
fcf1e0a2-9fcc-4296-beef-3e3049870d49,1931341627,Amansia multifida,Amansia multifida J. V. F. Lamouroux,Rhodomelaceae,Amansia,SPECIES,PRESERVED_SPECIMEN,1972-05-03,1972,-68.610919,18.373696,1091.57,d415c253-4d61-4459-9d25-4015b9084fb0,NY,NY,11,02,SAN RAFAEL DEL YUMA,081102,874cc671affffff
fd8baff0-4452-4113-acbb-861e4cdae9c1,1931348567,Rhizophora mangle,Rhizophora mangle L.,Rhizophoraceae,Rhizophora,SPECIES,PRESERVED_SPECIMEN,1981-10-08,1981,-68.6417,18.22,NA,d415c253-4d61-4459-9d25-4015b9084fb0,NY,NY,11,02,SAN RAFAEL DEL YUMA,081102,874cc668dffffff
fdb205e4-995a-44f1-bf00-3b81dce6da28,2270677486,Myrcianthes fragrans,Myrcianthes fragrans (Sw.) McVaugh,Myrtaceae,Myrcianthes,SPECIES,PRESERVED_SPECIMEN,1986-02-20,1986,-68.6167,18.375,NA,e05fd4c2-4d77-4c50-880e-1b22096af300,ASU,Plants,11,02,SAN RAFAEL DEL YUMA,081102,874cc67a9ffffff
fdf4d6f0-7c18-470d-b8c8-5cc33acc4305,2028413539,Gymnogongrus tenuis,Gymnogongrus tenuis (J. Agardh) J. Agardh,Phyllophoraceae,Gymnogongrus,SPECIES,PRESERVED_SPECIMEN,1972-05-03,1972,-68.603686,18.379103,2000,31b346f9-1a91-4688-af40-5a50a261c572,DUKE,,11,02,SAN RAFAEL DEL YUMA,081102,874cc671affffff
fe136245-f508-48eb-a5cd-c78116942248,1931358026,Terminalia buceras,Bucida buceras L.,Combretaceae,Terminalia,SPECIES,PRESERVED_SPECIMEN,1981-10-06,1981,-68.8,18.325,NA,d415c253-4d61-4459-9d25-4015b9084fb0,NY,NY,11,02,SAN RAFAEL DEL YUMA,081102,874cd5b4cffffff
fe500b5a-e10b-4b84-972a-ba1d96457238,1931361123,Tradescantia spathacea,Tradescantia spathacea Sw.,Commelinaceae,Tradescantia,SPECIES,PRESERVED_SPECIMEN,1981-10-06,1981,-68.78,18.325,NA,d415c253-4d61-4459-9d25-4015b9084fb0,NY,NY,11,02,SAN RAFAEL DEL YUMA,081102,874cd5b6bffffff
fe6d630a-344c-44bc-85b3-b2a6940fe110,1931362177,Pireella cymbifolia,Pireella cymbifolia (Sull.) Cardot,Pterobryaceae,Pireella,SPECIES,PRESERVED_SPECIMEN,1981-03-30,1981,-68.83,18.42,NA,d415c253-4d61-4459-9d25-4015b9084fb0,NY,NY,11,02,SAN RAFAEL DEL YUMA,081102,874cc64d8ffffff
feabeaf1-06f7-42da-947e-21d3a63a6a01,1931365910,Vachellia macracantha,Vachellia macracantha (Humb. & Bonpl. ex Willd.) Seigler & Ebinger,Fabaceae,Vachellia,SPECIES,PRESERVED_SPECIMEN,1981-02-04,1981,-68.62,18.35,NA,d415c253-4d61-4459-9d25-4015b9084fb0,NY,NY,11,02,SAN RAFAEL DEL YUMA,081102,874cc6636ffffff
ff886ace-48b2-4fb2-a984-9f307e480493,1931378025,Stereophyllum radiculosum,Stereophyllum radiculosum (Hook.) Mitt.,Stereophyllaceae,Stereophyllum,SPECIES,PRESERVED_SPECIMEN,1981-03-30,1981,-68.83,18.42,NA,d415c253-4d61-4459-9d25-4015b9084fb0,NY,NY,11,02,SAN RAFAEL DEL YUMA,081102,874cc64d8ffffff
fff363ea-be31-49db-8b83-dd004cb473f5,4506812396,Erythroxylum brevipes,Erythroxylum brevipes DC.,Erythroxylaceae,Erythroxylum,SPECIES,PRESERVED_SPECIMEN,2009-04-27,2009,-68.842217,18.415733,NA,89c53edb-0fac-4118-bdc0-d70ca50953dc,DBG,KHD,11,02,SAN RAFAEL DEL YUMA,081102,874cc64dbffffff
http://coldb.mnhn.fr/catalognumber/mnhn/p/p03904976,607681905,Rondeletia berteroana,Rondeletia berteroana DC.,Rubiaceae,Rondeletia,SPECIES,PRESERVED_SPECIMEN,1968-08-22,1968,-68.60889,18.37806,NA,b5cdf794-8fa4-4a85-8b26-755d087bf531,MNHN,P,11,02,SAN RAFAEL DEL YUMA,081102,874cc671affffff
http://coldb.mnhn.fr/catalognumber/mnhn/pc/pc0495386,464478660,Laurencia obtusa,Laurencia obtusa (Hudson) Lamouroux,Rhodomelaceae,Laurencia,SPECIES,PRESERVED_SPECIMEN,1977-07-09,1977,-68.842,18.3723,NA,fea77396-7b26-44cb-8580-aefadc8db276,MNHN,PC,11,02,SAN RAFAEL DEL YUMA,081102,874cd5b71ffffff
http://n2t.net/ark:/65665/300a4f9a4-0e12-4b1c-94de-79c808f1cc57,1317217066,Cyperus elegans,Cyperus elegans L.,Cyperaceae,Cyperus,SPECIES,PRESERVED_SPECIMEN,2004-05-27,2004,-68.8118,18.3329,NA,821cc27a-e3bb-4bc5-ac34-89ada245069d,US,US,11,02,SAN RAFAEL DEL YUMA,081102,874cd5b41ffffff
http://n2t.net/ark:/65665/300bba41c-68b3-4a8c-865e-d47ce896f74a,1317219006,Ipomoea desrousseauxii,Ipomoea desrousseauxii Steud.,Convolvulaceae,Ipomoea,SPECIES,PRESERVED_SPECIMEN,2001-03-22,2001,-68.8394,18.3886,NA,821cc27a-e3bb-4bc5-ac34-89ada245069d,US,US,11,02,SAN RAFAEL DEL YUMA,081102,874cd5b75ffffff
http://n2t.net/ark:/65665/301b39b49-e655-4a5d-b355-297f89de3262,1317241082,Pecluma ptilotos,Pecluma ptilotos (Kunze) M.G.Price,Polypodiaceae,Pecluma,SPECIES,PRESERVED_SPECIMEN,2004-05-27,2004,-68.8118,18.3329,NA,821cc27a-e3bb-4bc5-ac34-89ada245069d,US,US,11,02,SAN RAFAEL DEL YUMA,081102,874cd5b41ffffff
http://n2t.net/ark:/65665/302ff2db1-c007-4dcb-b2db-5e99100b6a66,1317270123,Canella winterana,Canella winterana (L.) Gaertn.,Canellaceae,Canella,SPECIES,PRESERVED_SPECIMEN,2004-05-27,2004,-68.8118,18.3329,NA,821cc27a-e3bb-4bc5-ac34-89ada245069d,US,US,11,02,SAN RAFAEL DEL YUMA,081102,874cd5b41ffffff
http://n2t.net/ark:/65665/307291bf4-13d5-4e25-93e4-745c0867e705,1317364618,Malpighia setosa,Malpighia setosa Spreng.,Malpighiaceae,Malpighia,SPECIES,PRESERVED_SPECIMEN,2004-05-27,2004,-68.6181,18.3645,NA,821cc27a-e3bb-4bc5-ac34-89ada245069d,US,US,11,02,SAN RAFAEL DEL YUMA,081102,874cc67a9ffffff
http://n2t.net/ark:/65665/307f54162-9f5a-4fae-8e6b-0c6192ec081d,1317382681,Talinum fruticosum,Talinum fruticosum (L.) Juss.,Talinaceae,Talinum,SPECIES,PRESERVED_SPECIMEN,2004-05-27,2004,-68.8118,18.3329,NA,821cc27a-e3bb-4bc5-ac34-89ada245069d,US,US,11,02,SAN RAFAEL DEL YUMA,081102,874cd5b41ffffff
http://n2t.net/ark:/65665/3088dff44-8f98-4627-9139-2cc60bcdbc66,1317396013,Varronia bullata,Cordia globosa subsp. humilis (Jacq.) Borhidi,Cordiaceae,Varronia,SUBSPECIES,PRESERVED_SPECIMEN,2004-05-27,2004,-68.8118,18.3329,NA,821cc27a-e3bb-4bc5-ac34-89ada245069d,US,US,11,02,SAN RAFAEL DEL YUMA,081102,874cd5b41ffffff
http://n2t.net/ark:/65665/308fa41b4-4e97-4738-aec5-8519f1cd6b0d,1317405519,Savia sessiliflora,Savia sessiliflora (Sw.) Willd.,Phyllanthaceae,Savia,SPECIES,PRESERVED_SPECIMEN,1981-02-05,1981,-68.62,18.4,NA,821cc27a-e3bb-4bc5-ac34-89ada245069d,US,US,11,02,SAN RAFAEL DEL YUMA,081102,874cc6713ffffff
http://n2t.net/ark:/65665/30a183280-bba3-43fd-bd08-f18bef717886,1317430459,Microgramma heterophylla,Microgramma heterophylla (L.) Wherry,Polypodiaceae,Microgramma,SPECIES,PRESERVED_SPECIMEN,2004-05-27,2004,-68.8118,18.3329,NA,821cc27a-e3bb-4bc5-ac34-89ada245069d,US,US,11,02,SAN RAFAEL DEL YUMA,081102,874cd5b41ffffff
http://n2t.net/ark:/65665/30d73bc33-fd7a-4ad0-9213-d7eb05e308f5,1317506135,Trichilia pallida,Trichilia pallida Sw.,Meliaceae,Trichilia,SPECIES,PRESERVED_SPECIMEN,2004-05-27,2004,-68.8118,18.3329,NA,821cc27a-e3bb-4bc5-ac34-89ada245069d,US,US,11,02,SAN RAFAEL DEL YUMA,081102,874cd5b41ffffff
http://n2t.net/ark:/65665/30dcdf468-dbbe-46ad-b546-69f3973ea30b,1317514108,Pictetia sulcata,Pictetia sulcata (P.Beauv.) Beyra & Lavin,Fabaceae,Pictetia,SPECIES,PRESERVED_SPECIMEN,1981-10-08,1981,-68.8,18.325,NA,821cc27a-e3bb-4bc5-ac34-89ada245069d,US,US,11,02,SAN RAFAEL DEL YUMA,081102,874cd5b4cffffff
http://n2t.net/ark:/65665/30f53d6d9-a880-4ae9-9a0f-c8a917889bed,1317548543,Cissus picardae,Cissus picardae Urb.,Vitaceae,Cissus,SPECIES,PRESERVED_SPECIMEN,2004-05-27,2004,-68.8118,18.3329,NA,821cc27a-e3bb-4bc5-ac34-89ada245069d,US,US,11,02,SAN RAFAEL DEL YUMA,081102,874cd5b41ffffff
http://n2t.net/ark:/65665/311c568be-1b4c-43d2-9e56-fbd8969af7c2,1317604244,Sigmoidotropis elegans,"Vigna elegans (Piper) Maréchal, Mascherpa & Stainier",Fabaceae,Sigmoidotropis,SPECIES,PRESERVED_SPECIMEN,2004-05-27,2004,-68.6181,18.3645,NA,821cc27a-e3bb-4bc5-ac34-89ada245069d,US,US,11,02,SAN RAFAEL DEL YUMA,081102,874cc67a9ffffff
http://n2t.net/ark:/65665/312746d36-f506-43cd-a615-ba5d577c0a0e,1317619705,Piper amalago,Piper amalago L.,Piperaceae,Piper,SPECIES,PRESERVED_SPECIMEN,1980-05-07,1980,-68.88,18.43,NA,821cc27a-e3bb-4bc5-ac34-89ada245069d,US,US,11,02,SAN RAFAEL DEL YUMA,081102,874cd5b2dffffff
http://n2t.net/ark:/65665/3153ff567-8e43-4b01-9f2b-87456a11af51,1317683159,Paspalum laxum,Paspalum laxum Lam.,Poaceae,Paspalum,SPECIES,PRESERVED_SPECIMEN,2004-05-27,2004,-68.8118,18.3329,NA,821cc27a-e3bb-4bc5-ac34-89ada245069d,US,US,11,02,SAN RAFAEL DEL YUMA,081102,874cd5b41ffffff
http://n2t.net/ark:/65665/315baba0d-3dc1-4728-b422-e991562b54d1,1317693886,Gyminda latifolia,Gyminda latifolia (Sw.) Urb.,Celastraceae,Gyminda,SPECIES,PRESERVED_SPECIMEN,2004-05-27,2004,-68.8118,18.3329,NA,821cc27a-e3bb-4bc5-ac34-89ada245069d,US,US,11,02,SAN RAFAEL DEL YUMA,081102,874cd5b41ffffff
http://n2t.net/ark:/65665/3163e0ba1-cf19-4e4c-b3b5-a811363724bd,1317705476,Erythroxylum areolatum,Erythroxylum areolatum L.,Erythroxylaceae,Erythroxylum,SPECIES,PRESERVED_SPECIMEN,2004-05-27,2004,-68.6181,18.3645,NA,821cc27a-e3bb-4bc5-ac34-89ada245069d,US,US,11,02,SAN RAFAEL DEL YUMA,081102,874cc67a9ffffff
http://n2t.net/ark:/65665/316c5cca4-5d12-414c-873e-a70bc9557667,1317717567,Amyris balsamifera,Amyris balsamifera L.,Rutaceae,Amyris,SPECIES,PRESERVED_SPECIMEN,2004-05-27,2004,-68.6181,18.3645,NA,821cc27a-e3bb-4bc5-ac34-89ada245069d,US,US,11,02,SAN RAFAEL DEL YUMA,081102,874cc67a9ffffff
http://n2t.net/ark:/65665/31c0a31b8-ca57-4c63-81d0-a27a16695bfd,1317836497,Tillandsia setacea,Tillandsia setacea Sw.,Bromeliaceae,Tillandsia,SPECIES,PRESERVED_SPECIMEN,1981-02-05,1981,-68.6,18.38,NA,821cc27a-e3bb-4bc5-ac34-89ada245069d,US,US,11,02,SAN RAFAEL DEL YUMA,081102,874cc671affffff
http://n2t.net/ark:/65665/31de1eef7-f82f-4ab0-a642-3f7885fe655a,1317878046,Picramnia pentandra,Picramnia pentandra Sw.,Picramniaceae,Picramnia,SPECIES,PRESERVED_SPECIMEN,2004-05-27,2004,-68.8118,18.3329,NA,821cc27a-e3bb-4bc5-ac34-89ada245069d,US,US,11,02,SAN RAFAEL DEL YUMA,081102,874cd5b41ffffff
http://n2t.net/ark:/65665/31deb1151-a6db-416a-9096-9c0f701d78ea,1317878865,Talinum paniculatum,Talinum paniculatum (Jacq.) Gaertn.,Talinaceae,Talinum,SPECIES,PRESERVED_SPECIMEN,2004-05-27,2004,-68.6181,18.3645,NA,821cc27a-e3bb-4bc5-ac34-89ada245069d,US,US,11,02,SAN RAFAEL DEL YUMA,081102,874cc67a9ffffff
http://n2t.net/ark:/65665/31df52878-5d86-42c0-b413-962e279fdbec,1317879780,Schaefferia frutescens,Schaefferia frutescens Jacq.,Celastraceae,Schaefferia,SPECIES,PRESERVED_SPECIMEN,2004-05-27,2004,-68.8118,18.3329,NA,821cc27a-e3bb-4bc5-ac34-89ada245069d,US,US,11,02,SAN RAFAEL DEL YUMA,081102,874cd5b41ffffff
http://n2t.net/ark:/65665/31e9b3ef3-00ce-4e04-9518-f33b35c87e6b,1317894519,Randia aculeata,Randia aculeata L.,Rubiaceae,Randia,SPECIES,PRESERVED_SPECIMEN,2004-05-27,2004,-68.8118,18.3329,NA,821cc27a-e3bb-4bc5-ac34-89ada245069d,US,US,11,02,SAN RAFAEL DEL YUMA,081102,874cd5b41ffffff
http://n2t.net/ark:/65665/31f0420ce-32b3-45f3-a96c-8f013bbf39c8,1317903827,Galactia dubia,Galactia dubia DC.,Fabaceae,Galactia,SPECIES,PRESERVED_SPECIMEN,2004-05-27,2004,-68.6181,18.3645,NA,821cc27a-e3bb-4bc5-ac34-89ada245069d,US,US,11,02,SAN RAFAEL DEL YUMA,081102,874cc67a9ffffff
http://n2t.net/ark:/65665/3214eab20-3150-444c-a9d2-d0a9ab60781b,1317955877,Pimenta yumana,Eugenia yumana Alain,Myrtaceae,Pimenta,SPECIES,PRESERVED_SPECIMEN,1992-03-27,1992,-68.62,18.37,NA,821cc27a-e3bb-4bc5-ac34-89ada245069d,US,US,11,02,SAN RAFAEL DEL YUMA,081102,874cc67a9ffffff
http://n2t.net/ark:/65665/322692857-7e1d-4ea1-94ae-8cf23b802c70,1317980661,Erythroxylum brevipes,Erythroxylum brevipes DC.,Erythroxylaceae,Erythroxylum,SPECIES,PRESERVED_SPECIMEN,2004-05-27,2004,-68.8118,18.3329,NA,821cc27a-e3bb-4bc5-ac34-89ada245069d,US,US,11,02,SAN RAFAEL DEL YUMA,081102,874cd5b41ffffff
http://n2t.net/ark:/65665/3285d82cd-8966-489d-a72f-eed557eb497d,1318115534,Rauvolfia nitida,Rauvolfia nitida Jacq.,Apocynaceae,Rauvolfia,SPECIES,PRESERVED_SPECIMEN,2004-05-27,2004,-68.6181,18.3645,NA,821cc27a-e3bb-4bc5-ac34-89ada245069d,US,US,11,02,SAN RAFAEL DEL YUMA,081102,874cc67a9ffffff
http://n2t.net/ark:/65665/32b5467db-dbf8-4b8a-acdc-37fd1e8c8747,1318182355,Amaranthus crassipes,Amaranthus crassipes Schltdl.,Amaranthaceae,Amaranthus,SPECIES,PRESERVED_SPECIMEN,2004-05-27,2004,-68.6181,18.3645,NA,821cc27a-e3bb-4bc5-ac34-89ada245069d,US,US,11,02,SAN RAFAEL DEL YUMA,081102,874cc67a9ffffff
http://n2t.net/ark:/65665/32bad9ad6-6b68-48e9-9de4-056644f7b648,1318190295,Zapoteca portoricensis,Zapoteca portoricensis subsp. portoricensis,Fabaceae,Zapoteca,SUBSPECIES,PRESERVED_SPECIMEN,2004-05-27,2004,-68.6181,18.3645,NA,821cc27a-e3bb-4bc5-ac34-89ada245069d,US,US,11,02,SAN RAFAEL DEL YUMA,081102,874cc67a9ffffff
http://n2t.net/ark:/65665/32c8b6b0b-8e0f-4daf-8c8d-ffbe0d358d4a,1318209738,Boerhavia diffusa,Boerhavia diffusa L.,Nyctaginaceae,Boerhavia,SPECIES,PRESERVED_SPECIMEN,2004-05-27,2004,-68.6181,18.3645,NA,821cc27a-e3bb-4bc5-ac34-89ada245069d,US,US,11,02,SAN RAFAEL DEL YUMA,081102,874cc67a9ffffff
http://n2t.net/ark:/65665/3302f7411-5ac9-452e-84fc-01cdfafea8f6,1318292045,Zanthoxylum fagara,Zanthoxylum fagara (L.) Sarg.,Rutaceae,Zanthoxylum,SPECIES,PRESERVED_SPECIMEN,2004-05-27,2004,-68.8118,18.3329,NA,821cc27a-e3bb-4bc5-ac34-89ada245069d,US,US,11,02,SAN RAFAEL DEL YUMA,081102,874cd5b41ffffff
http://n2t.net/ark:/65665/3323e0356-98ee-4bb7-98ab-3ecc3840959d,1318338466,Drypetes alba,Drypetes alba Poit.,Putranjivaceae,Drypetes,SPECIES,PRESERVED_SPECIMEN,2004-05-27,2004,-68.8118,18.3329,NA,821cc27a-e3bb-4bc5-ac34-89ada245069d,US,US,11,02,SAN RAFAEL DEL YUMA,081102,874cd5b41ffffff
http://n2t.net/ark:/65665/3383e0558-1038-4d9b-9e8c-5045a310ee82,1318473924,Serjania seriana,Serjania seriana (L.) Druce,Sapindaceae,Serjania,SPECIES,PRESERVED_SPECIMEN,2004-05-27,2004,-68.6181,18.3645,NA,821cc27a-e3bb-4bc5-ac34-89ada245069d,US,US,11,02,SAN RAFAEL DEL YUMA,081102,874cc67a9ffffff
http://n2t.net/ark:/65665/3392b2da8-5bf4-4a62-9460-3ea74705876b,1318494970,Euphorbia mesembryanthemifolia,Euphorbia mesembryanthemifolia Jacq.,Euphorbiaceae,Euphorbia,SPECIES,PRESERVED_SPECIMEN,2004-05-27,2004,-68.6181,18.3645,NA,821cc27a-e3bb-4bc5-ac34-89ada245069d,US,US,11,02,SAN RAFAEL DEL YUMA,081102,874cc67a9ffffff
http://n2t.net/ark:/65665/339302453-13d2-44ce-b0d6-f33572e03b10,1318495340,Allophylus racemosus,Allophylus racemosus (L.) Radlk.,Sapindaceae,Allophylus,SPECIES,PRESERVED_SPECIMEN,2004-05-27,2004,-68.6181,18.3645,NA,821cc27a-e3bb-4bc5-ac34-89ada245069d,US,US,11,02,SAN RAFAEL DEL YUMA,081102,874cc67a9ffffff
http://n2t.net/ark:/65665/33a43353a-de2f-4cba-b4c6-8b261bb2134b,1318519786,Justicia mirabiloides,Justicia mirabiloides Lam.,Acanthaceae,Justicia,SPECIES,PRESERVED_SPECIMEN,1986-01-18,1986,-68.62,18.3681,NA,821cc27a-e3bb-4bc5-ac34-89ada245069d,US,US,11,02,SAN RAFAEL DEL YUMA,081102,874cc67a9ffffff
http://n2t.net/ark:/65665/33fb1e9c8-69ce-4028-9c2a-f3a4cf94259a,1318642621,Guapira fragrans,Guapira fragrans (Dum.Cours.) Little,Nyctaginaceae,Guapira,SPECIES,PRESERVED_SPECIMEN,2004-05-27,2004,-68.6181,18.3645,NA,821cc27a-e3bb-4bc5-ac34-89ada245069d,US,US,11,02,SAN RAFAEL DEL YUMA,081102,874cc67a9ffffff
http://n2t.net/ark:/65665/340b37e03-861d-42c5-8a8b-941ec4bc6438,1318665213,Casearia guianensis,Casearia guianensis (Aubl.) Urb.,Salicaceae,Casearia,SPECIES,PRESERVED_SPECIMEN,1983-11-22,1983,-68.62,18.4,NA,821cc27a-e3bb-4bc5-ac34-89ada245069d,US,US,11,02,SAN RAFAEL DEL YUMA,081102,874cc6713ffffff
http://n2t.net/ark:/65665/343d47a44-24ba-495c-9f76-28124c950326,1318736142,Heliotropium angiospermum,Heliotropium angiospermum Murray,Heliotropiaceae,Heliotropium,SPECIES,PRESERVED_SPECIMEN,1981-02-04,1981,-68.62,18.35,NA,821cc27a-e3bb-4bc5-ac34-89ada245069d,US,US,11,02,SAN RAFAEL DEL YUMA,081102,874cc6636ffffff
http://n2t.net/ark:/65665/3441106d2-1741-490a-a775-9fe09b33b0af,1318741724,Myrcia neopallens,Myrcia neopallens A.R.Lourenço & E.Lucas,Myrtaceae,Myrcia,SPECIES,PRESERVED_SPECIMEN,2004-05-27,2004,-68.8118,18.3329,NA,821cc27a-e3bb-4bc5-ac34-89ada245069d,US,US,11,02,SAN RAFAEL DEL YUMA,081102,874cd5b41ffffff
http://n2t.net/ark:/65665/344c111d3-8cf1-437a-9520-b75178533e40,1318757161,Rivina humilis,Rivina humilis L.,Petiveriaceae,Rivina,SPECIES,PRESERVED_SPECIMEN,1981-02-04,1981,-68.62,18.35,NA,821cc27a-e3bb-4bc5-ac34-89ada245069d,US,US,11,02,SAN RAFAEL DEL YUMA,081102,874cc6636ffffff
http://n2t.net/ark:/65665/3471e631c-b842-4834-b5c6-acd0004a3725,1318810672,Gymnanthes lucida,Gymnanthes lucida Sw.,Euphorbiaceae,Gymnanthes,SPECIES,PRESERVED_SPECIMEN,2004-05-27,2004,-68.6181,18.3645,NA,821cc27a-e3bb-4bc5-ac34-89ada245069d,US,US,11,02,SAN RAFAEL DEL YUMA,081102,874cc67a9ffffff
http://n2t.net/ark:/65665/34773b027-30af-4d91-8356-e9d6b164d92a,1318818063,Pombalia linearifolia,Hybanthus linearifolius (Vahl) Urb.,Violaceae,Pombalia,SPECIES,PRESERVED_SPECIMEN,2004-05-27,2004,-68.6181,18.3645,NA,821cc27a-e3bb-4bc5-ac34-89ada245069d,US,US,11,02,SAN RAFAEL DEL YUMA,081102,874cc67a9ffffff
http://n2t.net/ark:/65665/34a1a4071-d2c1-4dd9-9c64-9214122efbde,1318878067,Amaranthus dubius,Amaranthus dubius Mart.,Amaranthaceae,Amaranthus,SPECIES,PRESERVED_SPECIMEN,2004-05-27,2004,-68.6181,18.3645,NA,821cc27a-e3bb-4bc5-ac34-89ada245069d,US,US,11,02,SAN RAFAEL DEL YUMA,081102,874cc67a9ffffff
http://n2t.net/ark:/65665/34a6e2366-20fd-49f3-8b7f-25778782efba,1318884890,Sophora tomentosa,Sophora tomentosa L.,Fabaceae,Sophora,SPECIES,PRESERVED_SPECIMEN,2004-05-27,2004,-68.6181,18.3645,NA,821cc27a-e3bb-4bc5-ac34-89ada245069d,US,US,11,02,SAN RAFAEL DEL YUMA,081102,874cc67a9ffffff
http://n2t.net/ark:/65665/34fe696b6-150a-4960-9e17-92351cc2d9dc,1319008864,Terminalia buceras,Terminalia buceras (L.) C.Wright,Combretaceae,Terminalia,SPECIES,PRESERVED_SPECIMEN,2004-05-27,2004,-68.8118,18.3329,NA,821cc27a-e3bb-4bc5-ac34-89ada245069d,US,US,11,02,SAN RAFAEL DEL YUMA,081102,874cd5b41ffffff
http://n2t.net/ark:/65665/3502631cc-15ce-418d-8778-67837548cc46,1319014554,Senna uniflora,Senna uniflora (Mill.) H.S.Irwin & Barneby,Fabaceae,Senna,SPECIES,PRESERVED_SPECIMEN,1981-07-19,1981,-68.75,18.25,NA,821cc27a-e3bb-4bc5-ac34-89ada245069d,US,US,11,02,SAN RAFAEL DEL YUMA,081102,874cc6691ffffff
http://n2t.net/ark:/65665/3503927b7-83cf-4221-baac-7446d19cb1f5,1319016239,Arivela viscosa,Arivela viscosa (L.) Raf.,Cleomaceae,Arivela,SPECIES,PRESERVED_SPECIMEN,2004-05-27,2004,-68.6181,18.3645,NA,821cc27a-e3bb-4bc5-ac34-89ada245069d,US,US,11,02,SAN RAFAEL DEL YUMA,081102,874cc67a9ffffff
http://n2t.net/ark:/65665/351f77c90-ac22-4f91-a79d-c9652eb1aa10,1319055788,Terminalia buceras,Terminalia buceras (L.) C.Wright,Combretaceae,Terminalia,SPECIES,PRESERVED_SPECIMEN,1981-02-05,1981,-68.6,18.38,NA,821cc27a-e3bb-4bc5-ac34-89ada245069d,US,US,11,02,SAN RAFAEL DEL YUMA,081102,874cc671affffff
http://n2t.net/ark:/65665/356ae4eb1-f1d0-4745-95ec-6ed98a455afd,1319161853,Cyperus planifolius,Cyperus planifolius Rich.,Cyperaceae,Cyperus,SPECIES,PRESERVED_SPECIMEN,2004-05-27,2004,-68.8118,18.3329,NA,821cc27a-e3bb-4bc5-ac34-89ada245069d,US,US,11,02,SAN RAFAEL DEL YUMA,081102,874cd5b41ffffff
http://n2t.net/ark:/65665/357bdd8b4-81e6-4908-acff-626b960c8ab6,1319185512,Echites umbellatus,Echites umbellatus Jacq.,Apocynaceae,Echites,SPECIES,PRESERVED_SPECIMEN,2004-05-27,2004,-68.6181,18.3645,NA,821cc27a-e3bb-4bc5-ac34-89ada245069d,US,US,11,02,SAN RAFAEL DEL YUMA,081102,874cc67a9ffffff
http://n2t.net/ark:/65665/358a5d915-08e4-4c9c-8a6b-4a5c5a8dbd8f,1319206283,Hippocratea volubilis,Hippocratea volubilis L.,Celastraceae,Hippocratea,SPECIES,PRESERVED_SPECIMEN,2004-05-27,2004,-68.6181,18.3645,NA,821cc27a-e3bb-4bc5-ac34-89ada245069d,US,US,11,02,SAN RAFAEL DEL YUMA,081102,874cc67a9ffffff
http://n2t.net/ark:/65665/358cc4270-5422-4a68-87ce-82d418561b09,1319209627,Schaefferia frutescens,Schaefferia frutescens Jacq.,Celastraceae,Schaefferia,SPECIES,PRESERVED_SPECIMEN,2004-05-27,2004,-68.8118,18.3329,NA,821cc27a-e3bb-4bc5-ac34-89ada245069d,US,US,11,02,SAN RAFAEL DEL YUMA,081102,874cd5b41ffffff
http://n2t.net/ark:/65665/358d34371-e7b2-43f7-a942-bbc20920fb12,1319210216,Senna occidentalis,Senna occidentalis (L.) Link,Fabaceae,Senna,SPECIES,PRESERVED_SPECIMEN,1981-07-19,1981,-68.75,18.25,NA,821cc27a-e3bb-4bc5-ac34-89ada245069d,US,US,11,02,SAN RAFAEL DEL YUMA,081102,874cc6691ffffff
http://n2t.net/ark:/65665/35921d46d-b4e4-4301-b64b-7d470b346e38,1319217107,Boerhavia diffusa,Boerhavia diffusa L.,Nyctaginaceae,Boerhavia,SPECIES,PRESERVED_SPECIMEN,2004-05-27,2004,-68.6181,18.3645,NA,821cc27a-e3bb-4bc5-ac34-89ada245069d,US,US,11,02,SAN RAFAEL DEL YUMA,081102,874cc67a9ffffff
http://n2t.net/ark:/65665/359ae5ba0-b5dd-4a99-a794-e613e6adc3f2,1319229570,Clusia minor,Clusia minor L.,Clusiaceae,Clusia,SPECIES,PRESERVED_SPECIMEN,1981-02-06,1981,-68.58,18.375,NA,821cc27a-e3bb-4bc5-ac34-89ada245069d,US,US,11,02,SAN RAFAEL DEL YUMA,081102,874cc6718ffffff
http://n2t.net/ark:/65665/35b035d25-d821-4cf6-bc11-600438aeb083,1319259669,Exostema acuminatum,Exostema acuminatum Urb.,Rubiaceae,Exostema,SPECIES,PRESERVED_SPECIMEN,2004-05-27,2004,-68.8118,18.3329,NA,821cc27a-e3bb-4bc5-ac34-89ada245069d,US,US,11,02,SAN RAFAEL DEL YUMA,081102,874cd5b41ffffff
http://n2t.net/ark:/65665/35c8c86d1-6c2d-4ff1-8780-2a9261a3baf9,1319294419,Senna atomaria,Senna atomaria (L.) H.S.Irwin & Barneby,Fabaceae,Senna,SPECIES,PRESERVED_SPECIMEN,2004-05-27,2004,-68.8118,18.3329,NA,821cc27a-e3bb-4bc5-ac34-89ada245069d,US,US,11,02,SAN RAFAEL DEL YUMA,081102,874cd5b41ffffff
http://n2t.net/ark:/65665/35e7debea-0158-44c1-8ea1-aa1e05dacfce,1319338420,Lantana involucrata,Lantana involucrata L.,Verbenaceae,Lantana,SPECIES,PRESERVED_SPECIMEN,2004-05-27,2004,-68.6181,18.3645,NA,821cc27a-e3bb-4bc5-ac34-89ada245069d,US,US,11,02,SAN RAFAEL DEL YUMA,081102,874cc67a9ffffff
http://n2t.net/ark:/65665/35f7152e7-704a-4ba8-b807-314f01631b07,1319360051,Pisonia aculeata,Pisonia aculeata L.,Nyctaginaceae,Pisonia,SPECIES,PRESERVED_SPECIMEN,2004-05-27,2004,-68.8118,18.3329,NA,821cc27a-e3bb-4bc5-ac34-89ada245069d,US,US,11,02,SAN RAFAEL DEL YUMA,081102,874cd5b41ffffff
http://n2t.net/ark:/65665/35fa28412-cd6a-4f25-ac53-dfdd06b7e82a,1319364169,Duranta erecta,Duranta erecta L.,Verbenaceae,Duranta,SPECIES,PRESERVED_SPECIMEN,1981-02-06,1981,-68.58,18.375,NA,821cc27a-e3bb-4bc5-ac34-89ada245069d,US,US,11,02,SAN RAFAEL DEL YUMA,081102,874cc6718ffffff
http://n2t.net/ark:/65665/3600d4c82-9d74-457b-bacc-3f8667fc5225,1319373312,Savia sessiliflora,Savia sessiliflora (Sw.) Willd.,Phyllanthaceae,Savia,SPECIES,PRESERVED_SPECIMEN,2004-05-27,2004,-68.8118,18.3329,NA,821cc27a-e3bb-4bc5-ac34-89ada245069d,US,US,11,02,SAN RAFAEL DEL YUMA,081102,874cd5b41ffffff
http://n2t.net/ark:/65665/360c178a7-0037-458e-985c-0cc2b1249091,1319389617,Pilea Lindl.,Pilea Lindl.,Urticaceae,Pilea,GENUS,PRESERVED_SPECIMEN,2004-05-27,2004,-68.8118,18.3329,NA,821cc27a-e3bb-4bc5-ac34-89ada245069d,US,US,11,02,SAN RAFAEL DEL YUMA,081102,874cd5b41ffffff
http://n2t.net/ark:/65665/3614a9c8f-36e9-4794-b8ba-c87fdef38c7c,1319402027,Stenostomum lucidum,Stenostomum lucidum (Sw.) C.F.Gaertn.,Rubiaceae,Stenostomum,SPECIES,PRESERVED_SPECIMEN,2004-05-27,2004,-68.8118,18.3329,NA,821cc27a-e3bb-4bc5-ac34-89ada245069d,US,US,11,02,SAN RAFAEL DEL YUMA,081102,874cd5b41ffffff
http://n2t.net/ark:/65665/362ccf08f-8eb1-454e-a28b-8e997564b8a4,1319436237,Monteverdia laevigata,Maytenus laevigata (Vahl) Grisebach ex Eggers,Celastraceae,Monteverdia,SPECIES,PRESERVED_SPECIMEN,1992-03-27,1992,-68.62,18.37,NA,821cc27a-e3bb-4bc5-ac34-89ada245069d,US,US,11,02,SAN RAFAEL DEL YUMA,081102,874cc67a9ffffff
http://n2t.net/ark:/65665/363244519-e79b-439d-a772-b4bfdb0193e3,1319443401,Zanthoxylum schreberi,Zanthoxylum monophyllum (Lam.) P.Wilson,Rutaceae,Zanthoxylum,SPECIES,PRESERVED_SPECIMEN,2004-05-27,2004,-68.8118,18.3329,NA,821cc27a-e3bb-4bc5-ac34-89ada245069d,US,US,11,02,SAN RAFAEL DEL YUMA,081102,874cd5b41ffffff
http://n2t.net/ark:/65665/36418b0a9-e362-4ab4-a959-5b97dc5d51f2,1319465746,Celosia nitida,Celosia nitida Vahl,Amaranthaceae,Celosia,SPECIES,PRESERVED_SPECIMEN,1981-02-04,1981,-68.62,18.35,NA,821cc27a-e3bb-4bc5-ac34-89ada245069d,US,US,11,02,SAN RAFAEL DEL YUMA,081102,874cc6636ffffff
http://n2t.net/ark:/65665/36490836d-3c15-4d6a-8558-cbafade858f0,1319475797,Sideroxylon foetidissimum,Sideroxylon foetidissimum Jacq.,Sapotaceae,Sideroxylon,SPECIES,PRESERVED_SPECIMEN,2004-05-27,2004,-68.8118,18.3329,NA,821cc27a-e3bb-4bc5-ac34-89ada245069d,US,US,11,02,SAN RAFAEL DEL YUMA,081102,874cd5b41ffffff
http://n2t.net/ark:/65665/3650fc56a-e750-48de-9f5f-1c24e9347a70,1319487174,Damburneya coriacea,Damburneya coriacea (Sw.) Trofimov & Rohwer,Lauraceae,Damburneya,SPECIES,PRESERVED_SPECIMEN,2004-05-27,2004,-68.8118,18.3329,NA,821cc27a-e3bb-4bc5-ac34-89ada245069d,US,US,11,02,SAN RAFAEL DEL YUMA,081102,874cd5b41ffffff
http://n2t.net/ark:/65665/3665aab75-88ec-468c-ad87-d65b747289ca,1319516403,Capraria biflora,Capraria biflora L.,Scrophulariaceae,Capraria,SPECIES,PRESERVED_SPECIMEN,2004-05-27,2004,-68.6181,18.3645,NA,821cc27a-e3bb-4bc5-ac34-89ada245069d,US,US,11,02,SAN RAFAEL DEL YUMA,081102,874cc67a9ffffff
http://n2t.net/ark:/65665/367414062-ee6e-47a1-abb2-b1c926a2163e,1319536968,Euphorbia hypericifolia,Euphorbia hypericifolia L.,Euphorbiaceae,Euphorbia,SPECIES,PRESERVED_SPECIMEN,2004-05-27,2004,-68.6181,18.3645,NA,821cc27a-e3bb-4bc5-ac34-89ada245069d,US,US,11,02,SAN RAFAEL DEL YUMA,081102,874cc67a9ffffff
http://n2t.net/ark:/65665/36816e42a-e0fa-4241-9d84-46a5eaa8c14d,1319555966,Guapira brevipetiolata,Guapira brevipetiolata (Heimerl) Alain,Nyctaginaceae,Guapira,SPECIES,PRESERVED_SPECIMEN,2004-05-27,2004,-68.8118,18.3329,NA,821cc27a-e3bb-4bc5-ac34-89ada245069d,US,US,11,02,SAN RAFAEL DEL YUMA,081102,874cd5b41ffffff
http://n2t.net/ark:/65665/3689aac65-2ccf-4a77-81d7-1507e84483b1,1319567256,Eumachia microdon,Margaritopsis microdon (DC.) C.M.Taylor,Rubiaceae,Eumachia,SPECIES,PRESERVED_SPECIMEN,2004-05-27,2004,-68.6181,18.3645,NA,821cc27a-e3bb-4bc5-ac34-89ada245069d,US,US,11,02,SAN RAFAEL DEL YUMA,081102,874cc67a9ffffff
http://n2t.net/ark:/65665/368e0052e-d5b1-4849-9440-ac074b1b78ef,1319573325,Fimbristylis cymosa,Fimbristylis cymosa R.Br.,Cyperaceae,Fimbristylis,SPECIES,PRESERVED_SPECIMEN,1981-10-07,1981,-68.7667,18.2514,NA,821cc27a-e3bb-4bc5-ac34-89ada245069d,US,US,11,02,SAN RAFAEL DEL YUMA,081102,874cc6690ffffff
http://n2t.net/ark:/65665/36a1a5511-6a12-4e9f-a696-813cd2ef6d3c,1319601248,Savia sessiliflora,Savia sessiliflora (Sw.) Willd.,Phyllanthaceae,Savia,SPECIES,PRESERVED_SPECIMEN,1980-10-30,1980,-68.85,18.4,NA,821cc27a-e3bb-4bc5-ac34-89ada245069d,US,US,11,02,SAN RAFAEL DEL YUMA,081102,874cd5b74ffffff
http://n2t.net/ark:/65665/36aae3b69-1bfa-42cd-888f-0db93452d362,1319614597,Portulaca pilosa,Portulaca pilosa L.,Portulacaceae,Portulaca,SPECIES,PRESERVED_SPECIMEN,2004-05-27,2004,-68.6181,18.3645,NA,821cc27a-e3bb-4bc5-ac34-89ada245069d,US,US,11,02,SAN RAFAEL DEL YUMA,081102,874cc67a9ffffff
http://n2t.net/ark:/65665/36c2209bf-d4d8-4e41-8782-dd484e6ea031,1319646948,Cardiospermum corindum,Cardiospermum corindum L.,Sapindaceae,Cardiospermum,SPECIES,PRESERVED_SPECIMEN,2004-05-27,2004,-68.8118,18.3329,NA,821cc27a-e3bb-4bc5-ac34-89ada245069d,US,US,11,02,SAN RAFAEL DEL YUMA,081102,874cd5b41ffffff
http://n2t.net/ark:/65665/36f8d06ea-ee25-4571-bc06-217003e134fc,1319724434,Thouinia trifoliata,Thouinia trifoliata Poit.,Sapindaceae,Thouinia,SPECIES,PRESERVED_SPECIMEN,2004-05-27,2004,-68.8118,18.3329,NA,821cc27a-e3bb-4bc5-ac34-89ada245069d,US,US,11,02,SAN RAFAEL DEL YUMA,081102,874cd5b41ffffff
http://n2t.net/ark:/65665/36f977b68-773f-45ca-88b0-cdb66542e57d,1319725349,Cubanola domingensis,Cubanola domingensis (Britton) Aiello,Rubiaceae,Cubanola,SPECIES,PRESERVED_SPECIMEN,2004-05-27,2004,-68.8118,18.3329,NA,821cc27a-e3bb-4bc5-ac34-89ada245069d,US,US,11,02,SAN RAFAEL DEL YUMA,081102,874cd5b41ffffff
http://n2t.net/ark:/65665/36fed2562-e8a1-4a70-9973-2e895bc103b5,1319732832,Serjania polyphylla,Serjania polyphylla (L.) Poir. ex Steud.,Sapindaceae,Serjania,SPECIES,PRESERVED_SPECIMEN,1981-02-04,1981,-68.6167,18.35,NA,821cc27a-e3bb-4bc5-ac34-89ada245069d,US,US,11,02,SAN RAFAEL DEL YUMA,081102,874cc6636ffffff
http://n2t.net/ark:/65665/37090f474-af0b-41cb-aa66-4f7ce9997efc,1319747208,Corchorus hirsutus,Corchorus hirsutus L.,Malvaceae,Corchorus,SPECIES,PRESERVED_SPECIMEN,2004-05-27,2004,-68.8118,18.3329,NA,821cc27a-e3bb-4bc5-ac34-89ada245069d,US,US,11,02,SAN RAFAEL DEL YUMA,081102,874cd5b41ffffff
http://n2t.net/ark:/65665/3749f953b-a9a3-4bc6-8086-30d38c50e726,1319839092,Eugenia biflora,Eugenia biflora (L.) DC.,Myrtaceae,Eugenia,SPECIES,PRESERVED_SPECIMEN,2004-05-27,2004,-68.8118,18.3329,NA,821cc27a-e3bb-4bc5-ac34-89ada245069d,US,US,11,02,SAN RAFAEL DEL YUMA,081102,874cd5b41ffffff
http://n2t.net/ark:/65665/375098e4c-1abc-4530-b089-5615a8074732,1319848391,Hyperbaena brevipes,Hyperbaena brevipes Urb. & Ekman,Menispermaceae,Hyperbaena,SPECIES,PRESERVED_SPECIMEN,2004-05-27,2004,-68.8118,18.3329,NA,821cc27a-e3bb-4bc5-ac34-89ada245069d,US,US,11,02,SAN RAFAEL DEL YUMA,081102,874cd5b41ffffff
http://n2t.net/ark:/65665/375a56630-f6d7-450c-a669-8090d72ce430,1319862081,Commicarpus scandens,Boerhavia scandens L.,Nyctaginaceae,Commicarpus,SPECIES,PRESERVED_SPECIMEN,2004-05-27,2004,-68.8118,18.3329,NA,821cc27a-e3bb-4bc5-ac34-89ada245069d,US,US,11,02,SAN RAFAEL DEL YUMA,081102,874cd5b41ffffff
http://n2t.net/ark:/65665/37620b2b4-68a0-4015-9adf-37bd62aa9c6f,1319872817,Piper amalago,Piper amalago L.,Piperaceae,Piper,SPECIES,PRESERVED_SPECIMEN,2004-05-27,2004,-68.6181,18.3645,NA,821cc27a-e3bb-4bc5-ac34-89ada245069d,US,US,11,02,SAN RAFAEL DEL YUMA,081102,874cc67a9ffffff
http://n2t.net/ark:/65665/37764f61e-79f0-48aa-921a-202e06b269de,1319901384,Heliotropium angiospermum,Heliotropium angiospermum Murray,Heliotropiaceae,Heliotropium,SPECIES,PRESERVED_SPECIMEN,2004-05-27,2004,-68.6181,18.3645,NA,821cc27a-e3bb-4bc5-ac34-89ada245069d,US,US,11,02,SAN RAFAEL DEL YUMA,081102,874cc67a9ffffff
http://n2t.net/ark:/65665/37790ed8d-9ff6-4c4e-a65e-30864d4ea068,1319905379,Capsicum annuum,Capsicum annuum var. glabriusculum (Dunal) Heiser & Pickersgill,Solanaceae,Capsicum,VARIETY,PRESERVED_SPECIMEN,2004-05-27,2004,-68.8118,18.3329,NA,821cc27a-e3bb-4bc5-ac34-89ada245069d,US,US,11,02,SAN RAFAEL DEL YUMA,081102,874cd5b41ffffff
http://n2t.net/ark:/65665/377db25ff-0962-448c-b2a2-8aacfd8515b3,1319911871,Rachicallis americana,Rachicallis americana (Jacq.) Hitchc.,Rubiaceae,Rachicallis,SPECIES,PRESERVED_SPECIMEN,2004-05-27,2004,-68.6181,18.3645,NA,821cc27a-e3bb-4bc5-ac34-89ada245069d,US,US,11,02,SAN RAFAEL DEL YUMA,081102,874cc67a9ffffff
http://n2t.net/ark:/65665/37be0515b-f168-40fd-8a76-55dcfbe74189,1320002860,Urochloa adspersa,Urochloa adspersa (Trin.) R.D.Webster,Poaceae,Urochloa,SPECIES,PRESERVED_SPECIMEN,2004-05-27,2004,-68.6181,18.3645,NA,821cc27a-e3bb-4bc5-ac34-89ada245069d,US,US,11,02,SAN RAFAEL DEL YUMA,081102,874cc67a9ffffff
http://n2t.net/ark:/65665/37bee4b03-bb64-436e-98da-332d0d6e1bd9,1320004025,Hamelia patens,Hamelia patens Jacq.,Rubiaceae,Hamelia,SPECIES,PRESERVED_SPECIMEN,2004-05-27,2004,-68.8118,18.3329,NA,821cc27a-e3bb-4bc5-ac34-89ada245069d,US,US,11,02,SAN RAFAEL DEL YUMA,081102,874cd5b41ffffff
http://n2t.net/ark:/65665/37c71a49e-a5fd-42c2-ae7f-47f7a8c10665,1320015737,Chionanthus domingensis,Chionanthus domingensis Lam.Tabl.,Oleaceae,Chionanthus,SPECIES,PRESERVED_SPECIMEN,2004-05-27,2004,-68.6181,18.3645,NA,821cc27a-e3bb-4bc5-ac34-89ada245069d,US,US,11,02,SAN RAFAEL DEL YUMA,081102,874cc67a9ffffff
http://n2t.net/ark:/65665/37ed4ae6c-b142-4ac3-97dd-4560ddd502df,1320070019,Morinda royoc,Morinda royoc L.,Rubiaceae,Morinda,SPECIES,PRESERVED_SPECIMEN,2004-05-27,2004,-68.6181,18.3645,NA,821cc27a-e3bb-4bc5-ac34-89ada245069d,US,US,11,02,SAN RAFAEL DEL YUMA,081102,874cc67a9ffffff
http://n2t.net/ark:/65665/37f138b3f-4e65-446b-af96-1102eec89e91,1320075642,Eumachia nutans,Margaritopsis nutans (Sw.) C.M.Taylor,Rubiaceae,Eumachia,SPECIES,PRESERVED_SPECIMEN,2004-05-27,2004,-68.8118,18.3329,NA,821cc27a-e3bb-4bc5-ac34-89ada245069d,US,US,11,02,SAN RAFAEL DEL YUMA,081102,874cd5b41ffffff
http://n2t.net/ark:/65665/37fd7fba7-00dd-4df8-8bf6-af754adca51d,1320093002,Hymenocallis latifolia,Hymenocallis latifolia (Mill.) M.Roem.,Amaryllidaceae,Hymenocallis,SPECIES,PRESERVED_SPECIMEN,2004-05-27,2004,-68.8118,18.3329,NA,821cc27a-e3bb-4bc5-ac34-89ada245069d,US,US,11,02,SAN RAFAEL DEL YUMA,081102,874cd5b41ffffff
http://n2t.net/ark:/65665/383d7dd46-7221-41be-a4fa-9f498c69d3e5,1320183320,Stachytarpheta cayennensis,Stachytarpheta cayennensis (Rich.) Vahl,Verbenaceae,Stachytarpheta,SPECIES,PRESERVED_SPECIMEN,2004-05-27,2004,-68.8118,18.3329,NA,821cc27a-e3bb-4bc5-ac34-89ada245069d,US,US,11,02,SAN RAFAEL DEL YUMA,081102,874cd5b41ffffff
http://n2t.net/ark:/65665/385489dec-9055-47f7-af46-601a4dfaa9da,1320215843,Conocarpus erectus,Conocarpus erectus L.,Combretaceae,Conocarpus,SPECIES,PRESERVED_SPECIMEN,2004-05-27,2004,-68.6181,18.3645,NA,821cc27a-e3bb-4bc5-ac34-89ada245069d,US,US,11,02,SAN RAFAEL DEL YUMA,081102,874cc67a9ffffff
http://n2t.net/ark:/65665/38575f0ca-361c-4faa-8b0f-575580e4e053,1320220028,Monteverdia buxifolia,Maytenus buxifolia (A.Rich.) Griseb.,Celastraceae,Monteverdia,SPECIES,PRESERVED_SPECIMEN,2004-05-27,2004,-68.8118,18.3329,NA,821cc27a-e3bb-4bc5-ac34-89ada245069d,US,US,11,02,SAN RAFAEL DEL YUMA,081102,874cd5b41ffffff
http://n2t.net/ark:/65665/38670323c-dcdc-4fc4-9f9d-df3ac2a2c72b,1320242085,Uniola virgata,Uniola virgata (Poir.) Griseb.,Poaceae,Uniola,SPECIES,PRESERVED_SPECIMEN,2004-05-27,2004,-68.6181,18.3645,NA,821cc27a-e3bb-4bc5-ac34-89ada245069d,US,US,11,02,SAN RAFAEL DEL YUMA,081102,874cc67a9ffffff
http://n2t.net/ark:/65665/38671d8c4-c327-4071-b1cb-28212771fc41,1320242240,Heliotropium lamarckii,Tournefortia scabra Lam.,Heliotropiaceae,Heliotropium,SPECIES,PRESERVED_SPECIMEN,2004-05-27,2004,-68.6181,18.3645,NA,821cc27a-e3bb-4bc5-ac34-89ada245069d,US,US,11,02,SAN RAFAEL DEL YUMA,081102,874cc67a9ffffff
http://n2t.net/ark:/65665/38739edbd-e32b-4bcb-bea4-c32852b2df61,1320259898,Chamaecrista lineata,Chamaecrista lineata var. brachyloba (Griseb.) H.S.Irwin & Barneby,Fabaceae,Chamaecrista,VARIETY,PRESERVED_SPECIMEN,2004-05-27,2004,-68.6181,18.3645,NA,821cc27a-e3bb-4bc5-ac34-89ada245069d,US,US,11,02,SAN RAFAEL DEL YUMA,081102,874cc67a9ffffff
http://n2t.net/ark:/65665/3875b41a3-6ab3-4fda-b065-262b188b2ad5,1320262807,Bourreria succulenta,Bourreria succulenta Jacq.,Ehretiaceae,Bourreria,SPECIES,PRESERVED_SPECIMEN,2004-05-27,2004,-68.6181,18.3645,NA,821cc27a-e3bb-4bc5-ac34-89ada245069d,US,US,11,02,SAN RAFAEL DEL YUMA,081102,874cc67a9ffffff
http://n2t.net/ark:/65665/387a1b1a6-753c-441d-9180-770dd77dece0,1320268904,Chiococca alba,Chiococca alba (L.) Hitchc.,Rubiaceae,Chiococca,SPECIES,PRESERVED_SPECIMEN,2004-05-27,2004,-68.8118,18.3329,NA,821cc27a-e3bb-4bc5-ac34-89ada245069d,US,US,11,02,SAN RAFAEL DEL YUMA,081102,874cd5b41ffffff
http://n2t.net/ark:/65665/38840f8ef-8403-4dea-9d18-b04e1deba35a,1320282787,Casearia dodecandra,Casearia dodecandra (Jacq.) T.Samar. & M.H.Alford,Salicaceae,Casearia,SPECIES,PRESERVED_SPECIMEN,2004-05-27,2004,-68.8118,18.3329,NA,821cc27a-e3bb-4bc5-ac34-89ada245069d,US,US,11,02,SAN RAFAEL DEL YUMA,081102,874cd5b41ffffff
http://n2t.net/ark:/65665/3886ebf40-c160-467f-833a-41111fc69bc6,1320286893,Vernonanthura fuertesii,Vernonia fuertesii (Urb.) H.Rob.,Asteraceae,Vernonanthura,SPECIES,PRESERVED_SPECIMEN,2004-05-27,2004,-68.6181,18.3645,NA,821cc27a-e3bb-4bc5-ac34-89ada245069d,US,US,11,02,SAN RAFAEL DEL YUMA,081102,874cc67a9ffffff
http://n2t.net/ark:/65665/388bb1640-21e4-4dea-bf04-ed6af01a12c8,1320293643,Guazuma ulmifolia,Guazuma ulmifolia Lam.,Malvaceae,Guazuma,SPECIES,PRESERVED_SPECIMEN,2004-05-27,2004,-68.6181,18.3645,NA,821cc27a-e3bb-4bc5-ac34-89ada245069d,US,US,11,02,SAN RAFAEL DEL YUMA,081102,874cc67a9ffffff
http://n2t.net/ark:/65665/389577d1d-cf0d-4102-ad7b-fcf66511187f,1320307191,Capsicum annuum,Capsicum annuum var. glabriusculum (Dunal) Heiser & Pickersgill,Solanaceae,Capsicum,VARIETY,PRESERVED_SPECIMEN,1981-10-07,1981,-68.77,18.2583,NA,821cc27a-e3bb-4bc5-ac34-89ada245069d,US,US,11,02,SAN RAFAEL DEL YUMA,081102,874cc6690ffffff
http://n2t.net/ark:/65665/38b1cd205-472c-431a-8bee-9cce4167cba0,1320347037,Sida acuta,Sida acuta Burm.fil.,Malvaceae,Sida,SPECIES,PRESERVED_SPECIMEN,1981-02-04,1981,-68.62,18.35,NA,821cc27a-e3bb-4bc5-ac34-89ada245069d,US,US,11,02,SAN RAFAEL DEL YUMA,081102,874cc6636ffffff
http://n2t.net/ark:/65665/38b49fce2-eefc-466f-83f9-339866b14ef4,1320350976,Tillandsia setacea,Tillandsia setacea Sw.,Bromeliaceae,Tillandsia,SPECIES,PRESERVED_SPECIMEN,1981-02-05,1981,-68.62,18.38,NA,821cc27a-e3bb-4bc5-ac34-89ada245069d,US,US,11,02,SAN RAFAEL DEL YUMA,081102,874cc67adffffff
http://n2t.net/ark:/65665/38bc1eacb-0835-4cf9-b000-3ed98e774786,1320361682,Cyperus elegans,Cyperus elegans L.,Cyperaceae,Cyperus,SPECIES,PRESERVED_SPECIMEN,2004-05-27,2004,-68.8118,18.3329,NA,821cc27a-e3bb-4bc5-ac34-89ada245069d,US,US,11,02,SAN RAFAEL DEL YUMA,081102,874cd5b41ffffff
http://n2t.net/ark:/65665/38c99502e-41d6-4b11-8650-efd02346ea00,1320380779,Quadrella ferruginea,Quadrella ferruginea subsp. ferruginea,Capparaceae,Quadrella,SUBSPECIES,PRESERVED_SPECIMEN,2004-05-27,2004,-68.8118,18.3329,NA,821cc27a-e3bb-4bc5-ac34-89ada245069d,US,US,11,02,SAN RAFAEL DEL YUMA,081102,874cd5b41ffffff
http://n2t.net/ark:/65665/38d48c020-b881-44ac-8402-512f0727d27e,1320396402,Microgramma heterophylla,Microgramma heterophylla (L.) Wherry,Polypodiaceae,Microgramma,SPECIES,PRESERVED_SPECIMEN,1983-11-22,1983,-68.62,18.4,NA,821cc27a-e3bb-4bc5-ac34-89ada245069d,US,US,11,02,SAN RAFAEL DEL YUMA,081102,874cc6713ffffff
http://n2t.net/ark:/65665/38d5ec4a2-e1a7-4eda-b27b-bf069c372595,1320398322,Sida ciliaris,Sida ciliaris L.,Malvaceae,Sida,SPECIES,PRESERVED_SPECIMEN,2004-05-27,2004,-68.8118,18.3329,NA,821cc27a-e3bb-4bc5-ac34-89ada245069d,US,US,11,02,SAN RAFAEL DEL YUMA,081102,874cd5b41ffffff
http://n2t.net/ark:/65665/38dd6534d-b8aa-4e11-b689-6edd6e700076,1320408835,Ricinus communis,Ricinus communis L.,Euphorbiaceae,Ricinus,SPECIES,PRESERVED_SPECIMEN,2004-05-27,2004,-68.6181,18.3645,NA,821cc27a-e3bb-4bc5-ac34-89ada245069d,US,US,11,02,SAN RAFAEL DEL YUMA,081102,874cc67a9ffffff
http://n2t.net/ark:/65665/38de1199f-b34d-4060-94ec-2368042a6d32,1320409743,Varronia polycephala,Varronia polycephala Lam.,Cordiaceae,Varronia,SPECIES,PRESERVED_SPECIMEN,1981-07-07,1981,-68.88,18.4014,NA,821cc27a-e3bb-4bc5-ac34-89ada245069d,US,US,11,02,SAN RAFAEL DEL YUMA,081102,874cd5b76ffffff
http://n2t.net/ark:/65665/39092f341-c5cd-4a59-9bbc-e4cec37fce1b,1320470634,Hirtella triandra,Hirtella triandra Sw.,Chrysobalanaceae,Hirtella,SPECIES,PRESERVED_SPECIMEN,1981-03-30,1981,-68.63,18.32,NA,821cc27a-e3bb-4bc5-ac34-89ada245069d,US,US,11,02,SAN RAFAEL DEL YUMA,081102,874cc6614ffffff
http://n2t.net/ark:/65665/390c016fe-4bda-40e0-bd3e-16acf029adeb,1320474756,Fimbristylis cymosa,Fimbristylis cymosa R.Br.,Cyperaceae,Fimbristylis,SPECIES,PRESERVED_SPECIMEN,1981-02-04,1981,-68.6,18.38,NA,821cc27a-e3bb-4bc5-ac34-89ada245069d,US,US,11,02,SAN RAFAEL DEL YUMA,081102,874cc671affffff
http://n2t.net/ark:/65665/3916540d4-f8d7-43cf-b514-c59cc3ff7bab,1320489442,Hymenocallis latifolia,Hymenocallis latifolia (Mill.) M.Roem.,Amaryllidaceae,Hymenocallis,SPECIES,PRESERVED_SPECIMEN,2004-05-27,2004,-68.8118,18.3329,NA,821cc27a-e3bb-4bc5-ac34-89ada245069d,US,US,11,02,SAN RAFAEL DEL YUMA,081102,874cd5b41ffffff
http://n2t.net/ark:/65665/39197d7a9-ae62-4e84-afc3-f7ea20844bac,1320494055,Quadrella indica,Quadrella indica (L.) Iltis & Cornejo,Capparaceae,Quadrella,SPECIES,PRESERVED_SPECIMEN,2004-05-27,2004,-68.8118,18.3329,NA,821cc27a-e3bb-4bc5-ac34-89ada245069d,US,US,11,02,SAN RAFAEL DEL YUMA,081102,874cd5b41ffffff
http://n2t.net/ark:/65665/3937da20f-733f-41a7-94cb-41c2ea287ea3,1320536832,Chionanthus ligustrinus,Chionanthus ligustrinus (Sw.) Pers.,Oleaceae,Chionanthus,SPECIES,PRESERVED_SPECIMEN,2004-05-27,2004,-68.8118,18.3329,NA,821cc27a-e3bb-4bc5-ac34-89ada245069d,US,US,11,02,SAN RAFAEL DEL YUMA,081102,874cd5b41ffffff
http://n2t.net/ark:/65665/393830bda-daf4-425a-86ff-73a942afef84,1320537248,Eugenia rhombea,Eugenia rhombea (O.Berg) Krug & Urb. ex Urb.,Myrtaceae,Eugenia,SPECIES,PRESERVED_SPECIMEN,2004-05-27,2004,-68.8118,18.3329,NA,821cc27a-e3bb-4bc5-ac34-89ada245069d,US,US,11,02,SAN RAFAEL DEL YUMA,081102,874cd5b41ffffff
http://n2t.net/ark:/65665/393fa5e6c-bb81-4fb8-890c-97a99eccd084,1320547627,Campyloneurum phyllitidis,Campyloneurum phyllitidis (L.) C.Presl,Polypodiaceae,Campyloneurum,SPECIES,PRESERVED_SPECIMEN,1992-07-04,1992,-68.85,18.38,NA,821cc27a-e3bb-4bc5-ac34-89ada245069d,US,US,11,02,SAN RAFAEL DEL YUMA,081102,874cd5b70ffffff
http://n2t.net/ark:/65665/3949a08d5-63da-4de9-8cf6-77331f3a7840,1320561554,Quadrella indica,Quadrella indica (L.) Iltis & Cornejo,Capparaceae,Quadrella,SPECIES,PRESERVED_SPECIMEN,2004-05-27,2004,-68.6181,18.3645,NA,821cc27a-e3bb-4bc5-ac34-89ada245069d,US,US,11,02,SAN RAFAEL DEL YUMA,081102,874cc67a9ffffff
http://n2t.net/ark:/65665/394dfd96f-5bab-47e7-b60a-431ec45ce4ff,1320567941,Crotalaria lotifolia,Crotalaria lotifolia L.,Fabaceae,Crotalaria,SPECIES,PRESERVED_SPECIMEN,2004-05-27,2004,-68.6181,18.3645,NA,821cc27a-e3bb-4bc5-ac34-89ada245069d,US,US,11,02,SAN RAFAEL DEL YUMA,081102,874cc67a9ffffff
http://n2t.net/ark:/65665/395c142d2-5f44-4286-accc-e0f89b033ba4,1320587748,Wissadula amplissima,Wissadula amplissima (L.) R.E.Fr.,Malvaceae,Wissadula,SPECIES,PRESERVED_SPECIMEN,1981-02-04,1981,-68.62,18.35,NA,821cc27a-e3bb-4bc5-ac34-89ada245069d,US,US,11,02,SAN RAFAEL DEL YUMA,081102,874cc6636ffffff
http://n2t.net/ark:/65665/3964ac185-1d65-4d12-b4ad-940c4a4438a7,1320599774,Adelia ricinella,Adelia ricinella L.,Euphorbiaceae,Adelia,SPECIES,PRESERVED_SPECIMEN,1981-02-05,1981,-68.6,18.38,NA,821cc27a-e3bb-4bc5-ac34-89ada245069d,US,US,11,02,SAN RAFAEL DEL YUMA,081102,874cc671affffff
http://n2t.net/ark:/65665/396b852ef-2ca9-4f96-b02a-f0c89f683b24,3467339648,Frullania ericoides,Frullania squarrosa (Nees ex Mont.) Nees,Frullaniaceae,Frullania,SPECIES,PRESERVED_SPECIMEN,1981-10-06,1981,-68.78,18.325,NA,821cc27a-e3bb-4bc5-ac34-89ada245069d,US,US,11,02,SAN RAFAEL DEL YUMA,081102,874cd5b6bffffff
http://n2t.net/ark:/65665/398731879-55e0-45ad-99e0-7b965241608e,1320648544,Myriopus microphyllus,Myriopus microphyllus (Bertero ex Spreng.) Feuillet,Heliotropiaceae,Myriopus,SPECIES,PRESERVED_SPECIMEN,2004-05-27,2004,-68.8118,18.3329,NA,821cc27a-e3bb-4bc5-ac34-89ada245069d,US,US,11,02,SAN RAFAEL DEL YUMA,081102,874cd5b41ffffff
http://n2t.net/ark:/65665/398c4c90a-df43-4603-b8c0-332ea5c4a3b8,1320655589,Eleusine indica,Eleusine indica (L.) Gaertn.,Poaceae,Eleusine,SPECIES,PRESERVED_SPECIMEN,2004-05-27,2004,-68.8118,18.3329,NA,821cc27a-e3bb-4bc5-ac34-89ada245069d,US,US,11,02,SAN RAFAEL DEL YUMA,081102,874cd5b41ffffff
http://n2t.net/ark:/65665/39aa95236-604b-4722-a445-7d48830eae12,1320698583,Tillandsia usneoides,Tillandsia usneoides (L.) L.,Bromeliaceae,Tillandsia,SPECIES,PRESERVED_SPECIMEN,2004-05-27,2004,-68.8118,18.3329,NA,821cc27a-e3bb-4bc5-ac34-89ada245069d,US,US,11,02,SAN RAFAEL DEL YUMA,081102,874cd5b41ffffff
http://n2t.net/ark:/65665/39ad38fe0-63a7-42fc-aaba-180021f031de,1320702461,Sida hederifolia,Sida hederifolia Cav.,Malvaceae,Sida,SPECIES,PRESERVED_SPECIMEN,2004-05-27,2004,-68.8118,18.3329,NA,821cc27a-e3bb-4bc5-ac34-89ada245069d,US,US,11,02,SAN RAFAEL DEL YUMA,081102,874cd5b41ffffff
http://n2t.net/ark:/65665/39ba42456-7f95-4947-b11e-ce55c6121fa2,1320720885,Phyla nodiflora,Phyla nodiflora (L.) Greene,Verbenaceae,Phyla,SPECIES,PRESERVED_SPECIMEN,2004-05-27,2004,-68.6181,18.3645,NA,821cc27a-e3bb-4bc5-ac34-89ada245069d,US,US,11,02,SAN RAFAEL DEL YUMA,081102,874cc67a9ffffff
http://n2t.net/ark:/65665/39d996282-f2d9-442f-b9c8-ad824d6b7ea3,1320765307,Myrcia guianensis,Myrcia guianensis (Aubl.) DC.,Myrtaceae,Myrcia,SPECIES,PRESERVED_SPECIMEN,2004-05-27,2004,-68.8118,18.3329,NA,821cc27a-e3bb-4bc5-ac34-89ada245069d,US,US,11,02,SAN RAFAEL DEL YUMA,081102,874cd5b41ffffff
http://n2t.net/ark:/65665/39e7ee2e9-215b-40de-afdb-dd00fb93b5f8,1320785415,Microtea debilis,Microtea debilis Sw.,Microteaceae,Microtea,SPECIES,PRESERVED_SPECIMEN,2004-05-27,2004,-68.8118,18.3329,NA,821cc27a-e3bb-4bc5-ac34-89ada245069d,US,US,11,02,SAN RAFAEL DEL YUMA,081102,874cd5b41ffffff
http://n2t.net/ark:/65665/39ef290a2-2fd4-4c00-bd3c-e7835c4b8fca,1320795840,Celosia nitida,Celosia nitida Vahl,Amaranthaceae,Celosia,SPECIES,PRESERVED_SPECIMEN,2004-05-27,2004,-68.8118,18.3329,NA,821cc27a-e3bb-4bc5-ac34-89ada245069d,US,US,11,02,SAN RAFAEL DEL YUMA,081102,874cd5b41ffffff
http://n2t.net/ark:/65665/3a101d8a7-870c-4841-911c-9ba44c5068e2,1320842433,Psiguria pedata,Psiguria pedata (L.) R.A.Howard,Cucurbitaceae,Psiguria,SPECIES,PRESERVED_SPECIMEN,2004-05-27,2004,-68.6181,18.3645,NA,821cc27a-e3bb-4bc5-ac34-89ada245069d,US,US,11,02,SAN RAFAEL DEL YUMA,081102,874cc67a9ffffff
http://n2t.net/ark:/65665/3a1baf202-172b-4225-b80a-a0a898df9a67,1320858815,Jacquinia arborea,Jacquinia arborea Vahl,Primulaceae,Jacquinia,SPECIES,PRESERVED_SPECIMEN,2004-05-27,2004,-68.8118,18.3329,NA,821cc27a-e3bb-4bc5-ac34-89ada245069d,US,US,11,02,SAN RAFAEL DEL YUMA,081102,874cd5b41ffffff
http://n2t.net/ark:/65665/3a1d0181c-e037-4700-9dd0-7725472f2c7d,1320860660,Strumpfia maritima,Strumpfia maritima Jacq.,Rubiaceae,Strumpfia,SPECIES,PRESERVED_SPECIMEN,2004-05-27,2004,-68.6181,18.3645,NA,821cc27a-e3bb-4bc5-ac34-89ada245069d,US,US,11,02,SAN RAFAEL DEL YUMA,081102,874cc67a9ffffff
http://n2t.net/ark:/65665/3a2329919-a7fe-4f37-8154-cc85a588f6a7,1320869589,Cubanola domingensis,Cubanola domingensis (Britton) Aiello,Rubiaceae,Cubanola,SPECIES,PRESERVED_SPECIMEN,1980-10-30,1980,-68.83,18.37,NA,821cc27a-e3bb-4bc5-ac34-89ada245069d,US,US,11,02,SAN RAFAEL DEL YUMA,081102,874cd5b44ffffff
http://n2t.net/ark:/65665/3a240a109-612b-4f63-b68d-f211ab74ea76,1320870907,Christella H.Lév.,Christella H.Lév.,Thelypteridaceae,Christella,GENUS,PRESERVED_SPECIMEN,1981-03-30,1981,-68.63,18.32,NA,821cc27a-e3bb-4bc5-ac34-89ada245069d,US,US,11,02,SAN RAFAEL DEL YUMA,081102,874cc6614ffffff
http://n2t.net/ark:/65665/3a3b8e751-0594-4521-bab9-332c0a6866b8,1320903849,Talinum fruticosum,Talinum fruticosum (L.) Juss.,Talinaceae,Talinum,SPECIES,PRESERVED_SPECIMEN,2004-05-27,2004,-68.8118,18.3329,NA,821cc27a-e3bb-4bc5-ac34-89ada245069d,US,US,11,02,SAN RAFAEL DEL YUMA,081102,874cd5b41ffffff
http://n2t.net/ark:/65665/3a5b0275a-7f47-496e-b54c-bdde20df5569,1320948355,Wedelia fruticosa,Wedelia calycina Rich.,Asteraceae,Wedelia,SPECIES,PRESERVED_SPECIMEN,2004-05-27,2004,-68.6181,18.3645,NA,821cc27a-e3bb-4bc5-ac34-89ada245069d,US,US,11,02,SAN RAFAEL DEL YUMA,081102,874cc67a9ffffff
http://n2t.net/ark:/65665/3a6148138-e0a6-4611-8570-eef9af90c5f2,1320957272,Desmodium incanum,Desmodium incanum (Sw.) DC.,Fabaceae,Desmodium,SPECIES,PRESERVED_SPECIMEN,2004-05-27,2004,-68.8118,18.3329,NA,821cc27a-e3bb-4bc5-ac34-89ada245069d,US,US,11,02,SAN RAFAEL DEL YUMA,081102,874cd5b41ffffff
http://n2t.net/ark:/65665/3a8cdad0f-4064-4ee3-9784-36f23a23f355,1321018936,Randia aculeata,Randia aculeata L.,Rubiaceae,Randia,SPECIES,PRESERVED_SPECIMEN,1981-02-04,1981,-68.62,18.35,NA,821cc27a-e3bb-4bc5-ac34-89ada245069d,US,US,11,02,SAN RAFAEL DEL YUMA,081102,874cc6636ffffff
http://n2t.net/ark:/65665/3a974ae89-970f-4ad5-b0de-ffb819c3e41d,1321033825,Chrysophyllum oliviforme,Chrysophyllum oliviforme L.,Sapotaceae,Chrysophyllum,SPECIES,PRESERVED_SPECIMEN,1981-07-19,1981,-68.75,18.25,NA,821cc27a-e3bb-4bc5-ac34-89ada245069d,US,US,11,02,SAN RAFAEL DEL YUMA,081102,874cc6691ffffff
http://n2t.net/ark:/65665/3a9785786-59e6-43d4-91ee-e7dbf1a1e117,1321034173,Peperomia humilis,Peperomia humilis (Vahl) A.Dietr.,Piperaceae,Peperomia,SPECIES,PRESERVED_SPECIMEN,2004-05-27,2004,-68.6181,18.3645,NA,821cc27a-e3bb-4bc5-ac34-89ada245069d,US,US,11,02,SAN RAFAEL DEL YUMA,081102,874cc67a9ffffff
http://n2t.net/ark:/65665/3aa15c212-9dc0-40a6-91b4-e27ee3a3fbad,1321048070,Amyris elemifera,Amyris elemifera L.,Rutaceae,Amyris,SPECIES,PRESERVED_SPECIMEN,2004-05-27,2004,-68.8118,18.3329,NA,821cc27a-e3bb-4bc5-ac34-89ada245069d,US,US,11,02,SAN RAFAEL DEL YUMA,081102,874cd5b41ffffff
http://n2t.net/ark:/65665/3acb197d5-b72e-4612-967d-d1e390889aef,1321107243,Picramnia pentandra,Picramnia pentandra Sw.,Picramniaceae,Picramnia,SPECIES,PRESERVED_SPECIMEN,1981-07-07,1981,-68.88,18.4083,NA,821cc27a-e3bb-4bc5-ac34-89ada245069d,US,US,11,02,SAN RAFAEL DEL YUMA,081102,874cd5b29ffffff
http://n2t.net/ark:/65665/3adfe1d98-a9a6-4a2b-a51b-d3203571e21c,1321136803,Sideroxylon obovatum,Sideroxylon obovatum Lam.,Sapotaceae,Sideroxylon,SPECIES,PRESERVED_SPECIMEN,2004-05-27,2004,-68.8118,18.3329,NA,821cc27a-e3bb-4bc5-ac34-89ada245069d,US,US,11,02,SAN RAFAEL DEL YUMA,081102,874cd5b41ffffff
http://n2t.net/ark:/65665/3ae294d43-7626-4b4c-a759-3ee643a18afa,1321140670,Crotalaria lotifolia,Crotalaria lotifolia L.,Fabaceae,Crotalaria,SPECIES,PRESERVED_SPECIMEN,2004-05-27,2004,-68.6181,18.3645,NA,821cc27a-e3bb-4bc5-ac34-89ada245069d,US,US,11,02,SAN RAFAEL DEL YUMA,081102,874cc67a9ffffff
http://n2t.net/ark:/65665/3aebe1422-ab43-40ed-9c67-0eeff5299160,1321153792,Eugenia foetida,Eugenia foetida Pers.,Myrtaceae,Eugenia,SPECIES,PRESERVED_SPECIMEN,2004-05-27,2004,-68.8118,18.3329,NA,821cc27a-e3bb-4bc5-ac34-89ada245069d,US,US,11,02,SAN RAFAEL DEL YUMA,081102,874cd5b41ffffff
http://n2t.net/ark:/65665/3af35ae10-46e1-49af-81a4-f7969644f038,1321164310,Monteverdia buxifolia,Maytenus buxifolia (A.Rich.) Griseb.,Celastraceae,Monteverdia,SPECIES,PRESERVED_SPECIMEN,2004-05-27,2004,-68.6181,18.3645,NA,821cc27a-e3bb-4bc5-ac34-89ada245069d,US,US,11,02,SAN RAFAEL DEL YUMA,081102,874cc67a9ffffff
http://n2t.net/ark:/65665/3af7e71b1-4a81-4949-ae90-d195ddedf662,1321170802,Barleriola solanifolia,Barleriola solanifolia (L.) Oerst. ex Lindau,Acanthaceae,Barleriola,SPECIES,PRESERVED_SPECIMEN,1981-03-30,1981,-68.63,18.32,NA,821cc27a-e3bb-4bc5-ac34-89ada245069d,US,US,11,02,SAN RAFAEL DEL YUMA,081102,874cc6614ffffff
http://n2t.net/ark:/65665/3afe1f758-7057-4359-9d06-fb375f4189b7,1321179488,Tetrapterys buxifolia,Tetrapterys buxifolia Cav.,Malpighiaceae,Tetrapterys,SPECIES,PRESERVED_SPECIMEN,2004-05-27,2004,-68.6181,18.3645,NA,821cc27a-e3bb-4bc5-ac34-89ada245069d,US,US,11,02,SAN RAFAEL DEL YUMA,081102,874cc67a9ffffff
http://n2t.net/ark:/65665/3b05525b4-4077-41eb-a357-ee3afa3533e1,1321189602,Tragia volubilis,Tragia volubilis L.,Euphorbiaceae,Tragia,SPECIES,PRESERVED_SPECIMEN,2004-05-27,2004,-68.6181,18.3645,NA,821cc27a-e3bb-4bc5-ac34-89ada245069d,US,US,11,02,SAN RAFAEL DEL YUMA,081102,874cc67a9ffffff
http://n2t.net/ark:/65665/3b0936d66-0acb-4d2a-928d-882c4260ae4a,1321195128,Catharanthus roseus,Catharanthus roseus (L.) G.Don,Apocynaceae,Catharanthus,SPECIES,PRESERVED_SPECIMEN,2004-05-27,2004,-68.6181,18.3645,NA,821cc27a-e3bb-4bc5-ac34-89ada245069d,US,US,11,02,SAN RAFAEL DEL YUMA,081102,874cc67a9ffffff
http://n2t.net/ark:/65665/3b2f38768-1608-41f3-8342-3eb805b377d4,1321249033,Ruehssia clausa,Marsdenia clausa R.Br.,Apocynaceae,Ruehssia,SPECIES,PRESERVED_SPECIMEN,2004-05-27,2004,-68.8118,18.3329,NA,821cc27a-e3bb-4bc5-ac34-89ada245069d,US,US,11,02,SAN RAFAEL DEL YUMA,081102,874cd5b41ffffff
http://n2t.net/ark:/65665/3b3b900b0-0cf5-4c4b-9bc5-a5b93a8956a9,1321266285,Tectaria heracleifolia,Tectaria heracleifolia (Willd.) Underw.,Tectariaceae,Tectaria,SPECIES,PRESERVED_SPECIMEN,1981-03-30,1981,-68.63,18.32,NA,821cc27a-e3bb-4bc5-ac34-89ada245069d,US,US,11,02,SAN RAFAEL DEL YUMA,081102,874cc6614ffffff
http://n2t.net/ark:/65665/3b486758d-32e5-4ab1-8e08-230ba289df5b,1321284401,Argythamnia candicans,Argythamnia candicans Sw.,Euphorbiaceae,Argythamnia,SPECIES,PRESERVED_SPECIMEN,2004-05-27,2004,-68.8118,18.3329,NA,821cc27a-e3bb-4bc5-ac34-89ada245069d,US,US,11,02,SAN RAFAEL DEL YUMA,081102,874cd5b41ffffff
http://n2t.net/ark:/65665/3b5399b04-00a4-4bcf-bfab-c6171f4d28f8,1321300397,Krugiodendron ferreum,Krugiodendron ferreum (Vahl) Urb.,Rhamnaceae,Krugiodendron,SPECIES,PRESERVED_SPECIMEN,2004-05-27,2004,-68.8118,18.3329,NA,821cc27a-e3bb-4bc5-ac34-89ada245069d,US,US,11,02,SAN RAFAEL DEL YUMA,081102,874cd5b41ffffff
http://n2t.net/ark:/65665/3b5d0752e-1b09-4ed0-bcd4-e7959739fe2e,1321313489,Exostema caribaeum,Exostema caribaeum (Jacq.) Roem. & Schult.,Rubiaceae,Exostema,SPECIES,PRESERVED_SPECIMEN,2004-05-27,2004,-68.8118,18.3329,NA,821cc27a-e3bb-4bc5-ac34-89ada245069d,US,US,11,02,SAN RAFAEL DEL YUMA,081102,874cd5b41ffffff
http://n2t.net/ark:/65665/3b6fe1131-00e8-4030-9156-861d103f61e9,1321339801,Eugenia rhombea,Eugenia rhombea (O.Berg) Krug & Urb. ex Urb.,Myrtaceae,Eugenia,SPECIES,PRESERVED_SPECIMEN,2004-05-27,2004,-68.8118,18.3329,NA,821cc27a-e3bb-4bc5-ac34-89ada245069d,US,US,11,02,SAN RAFAEL DEL YUMA,081102,874cd5b41ffffff
http://n2t.net/ark:/65665/3b7737e45-8139-4b55-8852-f80506d0d123,1321350089,Stenostomum lucidum,Stenostomum lucidum (Sw.) C.F.Gaertn.,Rubiaceae,Stenostomum,SPECIES,PRESERVED_SPECIMEN,2004-05-27,2004,-68.6181,18.3645,NA,821cc27a-e3bb-4bc5-ac34-89ada245069d,US,US,11,02,SAN RAFAEL DEL YUMA,081102,874cc67a9ffffff
http://n2t.net/ark:/65665/3bad40526-48d9-44e8-9b1f-6d9305d9f717,1321427089,Trichilia hirta,Trichilia hirta L.,Meliaceae,Trichilia,SPECIES,PRESERVED_SPECIMEN,1981-02-04,1981,-68.62,18.35,NA,821cc27a-e3bb-4bc5-ac34-89ada245069d,US,US,11,02,SAN RAFAEL DEL YUMA,081102,874cc6636ffffff
http://n2t.net/ark:/65665/3bd076faf-b50f-4427-b91d-fe7f252e4d46,1321477063,Zanthoxylum fagara,Zanthoxylum fagara (L.) Sarg.,Rutaceae,Zanthoxylum,SPECIES,PRESERVED_SPECIMEN,2004-05-27,2004,-68.8118,18.3329,NA,821cc27a-e3bb-4bc5-ac34-89ada245069d,US,US,11,02,SAN RAFAEL DEL YUMA,081102,874cd5b41ffffff
http://n2t.net/ark:/65665/3bda6cd77-2789-4a9a-80cd-55501f781027,1321491050,Isidorea leptantha,Isidorea leptantha Urb.,Rubiaceae,Isidorea,SPECIES,PRESERVED_SPECIMEN,2004-05-27,2004,-68.8118,18.3329,NA,821cc27a-e3bb-4bc5-ac34-89ada245069d,US,US,11,02,SAN RAFAEL DEL YUMA,081102,874cd5b41ffffff
http://n2t.net/ark:/65665/3bfe32e66-e024-4de1-b237-4118cc142249,1321541820,Solanum erianthum,Solanum erianthum D.Don,Solanaceae,Solanum,SPECIES,PRESERVED_SPECIMEN,1981-07-19,1981,-68.75,18.25,NA,821cc27a-e3bb-4bc5-ac34-89ada245069d,US,US,11,02,SAN RAFAEL DEL YUMA,081102,874cc6691ffffff
http://n2t.net/ark:/65665/3c020256e-1812-4d97-8fad-bcfb6a70e454,1321547242,Guettarda elliptica,Guettarda elliptica Sw.,Rubiaceae,Guettarda,SPECIES,PRESERVED_SPECIMEN,2004-05-27,2004,-68.6181,18.3645,NA,821cc27a-e3bb-4bc5-ac34-89ada245069d,US,US,11,02,SAN RAFAEL DEL YUMA,081102,874cc67a9ffffff
http://n2t.net/ark:/65665/3c2bf7d59-e08b-4e26-846c-bcb6de9b7647,1321606423,Varronia curassavica,Varronia curassavica Jacq.,Cordiaceae,Varronia,SPECIES,PRESERVED_SPECIMEN,1981-07-07,1981,-68.88,18.4083,NA,821cc27a-e3bb-4bc5-ac34-89ada245069d,US,US,11,02,SAN RAFAEL DEL YUMA,081102,874cd5b29ffffff
http://n2t.net/ark:/65665/3c45e6e05-eecd-471e-a488-f15fb4b15108,1321642929,Thouinia trifoliata,Thouinia trifoliata Poit.,Sapindaceae,Thouinia,SPECIES,PRESERVED_SPECIMEN,1992-07-04,1992,-68.85,18.3833,NA,821cc27a-e3bb-4bc5-ac34-89ada245069d,US,US,11,02,SAN RAFAEL DEL YUMA,081102,874cd5b70ffffff
http://n2t.net/ark:/65665/3c4f3fac1-9c67-4575-99d9-ac01a9ef9504,1321656201,Zanthoxylum flavum,Zanthoxylum flavum Vahl,Rutaceae,Zanthoxylum,SPECIES,PRESERVED_SPECIMEN,1981-07-07,1981,-68.88,18.4083,NA,821cc27a-e3bb-4bc5-ac34-89ada245069d,US,US,11,02,SAN RAFAEL DEL YUMA,081102,874cd5b29ffffff
http://n2t.net/ark:/65665/3c76eaeaf-4554-4c5d-bd77-caa05bb84485,1321711765,Cenchrus echinatus,Cenchrus echinatus L.,Poaceae,Cenchrus,SPECIES,PRESERVED_SPECIMEN,2004-05-27,2004,-68.6181,18.3645,NA,821cc27a-e3bb-4bc5-ac34-89ada245069d,US,US,11,02,SAN RAFAEL DEL YUMA,081102,874cc67a9ffffff
http://n2t.net/ark:/65665/3c8ad427e-b3fd-48b0-8b89-d643bbd2b567,1321739800,Ernodea littoralis,Ernodea littoralis Sw.,Rubiaceae,Ernodea,SPECIES,PRESERVED_SPECIMEN,2004-05-27,2004,-68.8118,18.3329,NA,821cc27a-e3bb-4bc5-ac34-89ada245069d,US,US,11,02,SAN RAFAEL DEL YUMA,081102,874cd5b41ffffff
http://n2t.net/ark:/65665/3ca3edf09-9c9a-4eb0-a598-d3527ef492d1,1321775111,Justicia mirabiloides,Justicia mirabiloides Lam.,Acanthaceae,Justicia,SPECIES,PRESERVED_SPECIMEN,1986-01-18,1986,-68.62,18.3681,NA,821cc27a-e3bb-4bc5-ac34-89ada245069d,US,US,11,02,SAN RAFAEL DEL YUMA,081102,874cc67a9ffffff
http://n2t.net/ark:/65665/3caa9889c-f65c-4352-baab-70461feda879,1321784523,Oplonia spinosa,Oplonia spinosa (Jacq.) Raf.,Acanthaceae,Oplonia,SPECIES,PRESERVED_SPECIMEN,2004-05-27,2004,-68.6181,18.3645,NA,821cc27a-e3bb-4bc5-ac34-89ada245069d,US,US,11,02,SAN RAFAEL DEL YUMA,081102,874cc67a9ffffff
http://n2t.net/ark:/65665/3cbb92c8a-72e2-467f-9c76-0c629feae20b,1321808134,Sideroxylon foetidissimum,Sideroxylon foetidissimum Jacq.,Sapotaceae,Sideroxylon,SPECIES,PRESERVED_SPECIMEN,2004-05-27,2004,-68.6181,18.3645,NA,821cc27a-e3bb-4bc5-ac34-89ada245069d,US,US,11,02,SAN RAFAEL DEL YUMA,081102,874cc67a9ffffff
http://n2t.net/ark:/65665/3cbdbdf01-d8d6-487c-bea3-7b97608459ad,1321811096,Pristimera celastroides,Pristimera celastroides (Kunth) A.C.Sm.,Celastraceae,Pristimera,SPECIES,PRESERVED_SPECIMEN,2004-05-27,2004,-68.6181,18.3645,NA,821cc27a-e3bb-4bc5-ac34-89ada245069d,US,US,11,02,SAN RAFAEL DEL YUMA,081102,874cc67a9ffffff
http://n2t.net/ark:/65665/3cd08aa7d-6e79-4938-9705-96206fdf8760,1321837866,Eugenia rhombea,Eugenia rhombea (O.Berg) Krug & Urb. ex Urb.,Myrtaceae,Eugenia,SPECIES,PRESERVED_SPECIMEN,2004-05-27,2004,-68.8118,18.3329,NA,821cc27a-e3bb-4bc5-ac34-89ada245069d,US,US,11,02,SAN RAFAEL DEL YUMA,081102,874cd5b41ffffff
http://n2t.net/ark:/65665/3cd5149c0-7aa9-412f-af35-a6979616d0ad,1321844045,Cardiospermum corindum,Cardiospermum corindum L.,Sapindaceae,Cardiospermum,SPECIES,PRESERVED_SPECIMEN,2004-05-27,2004,-68.8118,18.3329,NA,821cc27a-e3bb-4bc5-ac34-89ada245069d,US,US,11,02,SAN RAFAEL DEL YUMA,081102,874cd5b41ffffff
http://n2t.net/ark:/65665/3ce0d107f-604a-4aae-b139-b30d67fcb24e,1321860661,Cyanthillium cinereum,Cyanthillium cinereum (L.) H.Rob.,Asteraceae,Cyanthillium,SPECIES,PRESERVED_SPECIMEN,2004-05-27,2004,-68.6181,18.3645,NA,821cc27a-e3bb-4bc5-ac34-89ada245069d,US,US,11,02,SAN RAFAEL DEL YUMA,081102,874cc67a9ffffff
http://n2t.net/ark:/65665/3ce68eabf-b25a-492f-a998-036edfa13cf9,1321868821,Iresine diffusa,Iresine diffusa Humb. & Bonpl. ex Willd.,Amaranthaceae,Iresine,SPECIES,PRESERVED_SPECIMEN,1981-02-05,1981,-68.62,18.4,NA,821cc27a-e3bb-4bc5-ac34-89ada245069d,US,US,11,02,SAN RAFAEL DEL YUMA,081102,874cc6713ffffff
http://n2t.net/ark:/65665/3ced60603-c524-40a4-82f9-748b7c635cd8,1321878403,Eugenia biflora,Eugenia biflora (L.) DC.,Myrtaceae,Eugenia,SPECIES,PRESERVED_SPECIMEN,2004-05-27,2004,-68.8118,18.3329,NA,821cc27a-e3bb-4bc5-ac34-89ada245069d,US,US,11,02,SAN RAFAEL DEL YUMA,081102,874cd5b41ffffff
http://n2t.net/ark:/65665/3cee4b347-3838-43ec-b13e-2ffc421eff6c,1321879626,Corchorus siliquosus,Corchorus siliquosus L.,Malvaceae,Corchorus,SPECIES,PRESERVED_SPECIMEN,1981-02-04,1981,-68.6167,18.35,NA,821cc27a-e3bb-4bc5-ac34-89ada245069d,US,US,11,02,SAN RAFAEL DEL YUMA,081102,874cc6636ffffff
http://n2t.net/ark:/65665/3cf9b615a-3bec-4f40-aa8c-0e2279598ee7,1321895714,Guettarda barahonensis,Guettarda barahonensis Urb.,Rubiaceae,Guettarda,SPECIES,PRESERVED_SPECIMEN,2004-05-27,2004,-68.8118,18.3329,NA,821cc27a-e3bb-4bc5-ac34-89ada245069d,US,US,11,02,SAN RAFAEL DEL YUMA,081102,874cd5b41ffffff
http://n2t.net/ark:/65665/3d01baa20-8ac2-4d28-afa8-fa3f847f20a1,1321907069,Cyperus subtenuis,Cyperus subtenuis (Kük.) M.T.Strong,Cyperaceae,Cyperus,SPECIES,PRESERVED_SPECIMEN,2004-05-27,2004,-68.8118,18.3329,NA,821cc27a-e3bb-4bc5-ac34-89ada245069d,US,US,11,02,SAN RAFAEL DEL YUMA,081102,874cd5b41ffffff
http://n2t.net/ark:/65665/3d03bda45-8ba2-4fab-90a6-7863e5b79cce,2571476240,Piper amalago,Piper amalago L.,Piperaceae,Piper,SPECIES,PRESERVED_SPECIMEN,1981-02-05,1981,-68.62,18.4,NA,821cc27a-e3bb-4bc5-ac34-89ada245069d,US,US,11,02,SAN RAFAEL DEL YUMA,081102,874cc6713ffffff
http://n2t.net/ark:/65665/3d0e6108e-2096-4086-8690-e30a54b8f982,1321924911,Tillandsia balbisiana,Tillandsia balbisiana Schult. & Schult.f.,Bromeliaceae,Tillandsia,SPECIES,PRESERVED_SPECIMEN,1980-10-30,1980,-68.85,18.4,NA,821cc27a-e3bb-4bc5-ac34-89ada245069d,US,US,11,02,SAN RAFAEL DEL YUMA,081102,874cd5b74ffffff
http://n2t.net/ark:/65665/3d296ec9f-e1c3-4d99-8095-873d23b426a5,1321962975,Myrcianthes fragrans,Myrcianthes fragrans (Sw.) McVaugh,Myrtaceae,Myrcianthes,SPECIES,PRESERVED_SPECIMEN,2004-05-27,2004,-68.6181,18.3645,NA,821cc27a-e3bb-4bc5-ac34-89ada245069d,US,US,11,02,SAN RAFAEL DEL YUMA,081102,874cc67a9ffffff
http://n2t.net/ark:/65665/3d3a448c3-f0dd-43eb-bda5-4d8b62de8016,1321986495,Eugenia P.Micheli ex L.,Eugenia P.Micheli ex L.,Myrtaceae,Eugenia,GENUS,PRESERVED_SPECIMEN,2004-05-27,2004,-68.6181,18.3645,NA,821cc27a-e3bb-4bc5-ac34-89ada245069d,US,US,11,02,SAN RAFAEL DEL YUMA,081102,874cc67a9ffffff
http://n2t.net/ark:/65665/3d40caa5a-7441-409f-a689-8e9798c75735,1321995403,Tillandsia juncea,Tillandsia juncea (Ruiz & Pav.) Poir.,Bromeliaceae,Tillandsia,SPECIES,PRESERVED_SPECIMEN,1981-02-05,1981,-68.62,18.38,NA,821cc27a-e3bb-4bc5-ac34-89ada245069d,US,US,11,02,SAN RAFAEL DEL YUMA,081102,874cc67adffffff
http://n2t.net/ark:/65665/3d844313d-e4ec-4fac-83ea-4996c5994f7d,1322090894,Crescentia linearifolia,Crescentia linearifolia Miers,Bignoniaceae,Crescentia,SPECIES,PRESERVED_SPECIMEN,2004-05-27,2004,-68.8118,18.3329,NA,821cc27a-e3bb-4bc5-ac34-89ada245069d,US,US,11,02,SAN RAFAEL DEL YUMA,081102,874cd5b41ffffff
http://n2t.net/ark:/65665/3d9e6e8db-ea47-4743-a661-e7370e48f1f6,1322128033,Phoradendron quadrangulare,Phoradendron quadrangulare (Kunth) Griseb.,Viscaceae,Phoradendron,SPECIES,PRESERVED_SPECIMEN,1982-01-28,1982,-68.83,18.38,NA,821cc27a-e3bb-4bc5-ac34-89ada245069d,US,US,11,02,SAN RAFAEL DEL YUMA,081102,874cd5b62ffffff
http://n2t.net/ark:/65665/3da451865-dc6b-4ce6-a274-a19a8555449f,1322136401,Psychotria nervosa,Psychotria nervosa Sw.,Rubiaceae,Psychotria,SPECIES,PRESERVED_SPECIMEN,2004-05-27,2004,-68.8118,18.3329,NA,821cc27a-e3bb-4bc5-ac34-89ada245069d,US,US,11,02,SAN RAFAEL DEL YUMA,081102,874cd5b41ffffff
http://n2t.net/ark:/65665/3dacf8420-2ad6-42f4-a5df-56da77e59ab5,1322148345,Cynophalla flexuosa,Cynophalla flexuosa (L.) J.Presl,Capparaceae,Cynophalla,SPECIES,PRESERVED_SPECIMEN,2004-05-27,2004,-68.6181,18.3645,NA,821cc27a-e3bb-4bc5-ac34-89ada245069d,US,US,11,02,SAN RAFAEL DEL YUMA,081102,874cc67a9ffffff
http://n2t.net/ark:/65665/3db9f8a59-31f0-4399-aabe-bd307049c87d,1322166885,Adiantum pyramidale,Adiantum pyramidale (L.) Willd.,Pteridaceae,Adiantum,SPECIES,PRESERVED_SPECIMEN,1981-02-05,1981,-68.62,18.4,NA,821cc27a-e3bb-4bc5-ac34-89ada245069d,US,US,11,02,SAN RAFAEL DEL YUMA,081102,874cc6713ffffff
http://n2t.net/ark:/65665/3dbad5d67-9eeb-44a6-ad53-2ef1ab933c1a,1322168165,Hamelia patens,Hamelia patens Jacq.,Rubiaceae,Hamelia,SPECIES,PRESERVED_SPECIMEN,1981-02-04,1981,-68.62,18.35,NA,821cc27a-e3bb-4bc5-ac34-89ada245069d,US,US,11,02,SAN RAFAEL DEL YUMA,081102,874cc6636ffffff
http://n2t.net/ark:/65665/3dc93a333-9e65-4365-a086-7843b058aa8b,1322188737,Cassipourea obtusa,Cassipourea obtusa Urb.,Rhizophoraceae,Cassipourea,SPECIES,PRESERVED_SPECIMEN,2004-05-27,2004,-68.6181,18.3645,NA,821cc27a-e3bb-4bc5-ac34-89ada245069d,US,US,11,02,SAN RAFAEL DEL YUMA,081102,874cc67a9ffffff
http://n2t.net/ark:/65665/3dcab050c-7632-459b-a32e-40fe6ce18c4f,1322190708,Caesalpinia domingensis,Caesalpinia domingensis Urb.,Fabaceae,Caesalpinia,SPECIES,PRESERVED_SPECIMEN,2004-05-27,2004,-68.8118,18.3329,NA,821cc27a-e3bb-4bc5-ac34-89ada245069d,US,US,11,02,SAN RAFAEL DEL YUMA,081102,874cd5b41ffffff
http://n2t.net/ark:/65665/3dcd15929-c34d-4fbc-9926-ba1746a20ec7,1322194257,Heliotropium lamarckii,Tournefortia scabra Lam.,Heliotropiaceae,Heliotropium,SPECIES,PRESERVED_SPECIMEN,1986-06-18,1986,-68.62,18.37,NA,821cc27a-e3bb-4bc5-ac34-89ada245069d,US,US,11,02,SAN RAFAEL DEL YUMA,081102,874cc67a9ffffff
http://n2t.net/ark:/65665/3def737bf-239c-4a3c-af92-f04347cad9f4,1322242729,Eugenia monticola,Eugenia monticola (Sw.) DC.,Myrtaceae,Eugenia,SPECIES,PRESERVED_SPECIMEN,2004-05-27,2004,-68.8118,18.3329,NA,821cc27a-e3bb-4bc5-ac34-89ada245069d,US,US,11,02,SAN RAFAEL DEL YUMA,081102,874cd5b41ffffff
http://n2t.net/ark:/65665/3dfb1d08b-034f-48c6-9d92-dae576a25caa,2571422184,Piper amalago,Piper amalago L.,Piperaceae,Piper,SPECIES,PRESERVED_SPECIMEN,1981-02-04,1981,-68.62,18.35,NA,821cc27a-e3bb-4bc5-ac34-89ada245069d,US,US,11,02,SAN RAFAEL DEL YUMA,081102,874cc6636ffffff
http://n2t.net/ark:/65665/3dfd14864-9702-491b-958b-240e7a0c56b9,1322261946,Trichilia pallida,Trichilia pallida Sw.,Meliaceae,Trichilia,SPECIES,PRESERVED_SPECIMEN,1981-02-04,1981,-68.62,18.35,NA,821cc27a-e3bb-4bc5-ac34-89ada245069d,US,US,11,02,SAN RAFAEL DEL YUMA,081102,874cc6636ffffff
http://n2t.net/ark:/65665/3dff49dc9-697d-4ee0-88d8-e2e12cd53f53,1322265029,Guapira brevipetiolata,Guapira brevipetiolata (Heimerl) Alain,Nyctaginaceae,Guapira,SPECIES,PRESERVED_SPECIMEN,2004-05-27,2004,-68.6181,18.3645,NA,821cc27a-e3bb-4bc5-ac34-89ada245069d,US,US,11,02,SAN RAFAEL DEL YUMA,081102,874cc67a9ffffff
http://n2t.net/ark:/65665/3e1e6ea27-bd5c-4f5e-b4bc-b130b1dab5bc,1322308906,Borreria remota,Spermacoce remota Lam.,Rubiaceae,Borreria,SPECIES,PRESERVED_SPECIMEN,2004-05-27,2004,-68.6181,18.3645,NA,821cc27a-e3bb-4bc5-ac34-89ada245069d,US,US,11,02,SAN RAFAEL DEL YUMA,081102,874cc67a9ffffff
http://n2t.net/ark:/65665/3e40af5a6-5767-41fe-a1e9-3a12dd5f4677,1322357483,Passiflora multiflora,Passiflora multiflora L.,Passifloraceae,Passiflora,SPECIES,PRESERVED_SPECIMEN,2004-05-27,2004,-68.6181,18.3645,NA,821cc27a-e3bb-4bc5-ac34-89ada245069d,US,US,11,02,SAN RAFAEL DEL YUMA,081102,874cc67a9ffffff
http://n2t.net/ark:/65665/3e4d1a2d1-c141-4e9b-941e-e73fcba13c0e,1322375026,Canella winterana,Canella winterana (L.) Gaertn.,Canellaceae,Canella,SPECIES,PRESERVED_SPECIMEN,1981-02-04,1981,-68.62,18.35,NA,821cc27a-e3bb-4bc5-ac34-89ada245069d,US,US,11,02,SAN RAFAEL DEL YUMA,081102,874cc6636ffffff
http://n2t.net/ark:/65665/3e5e2ff5b-fddc-4b30-882e-5a34ab285c68,1322399054,Cyperus digitatus,Cyperus digitatus Roxb.,Cyperaceae,Cyperus,SPECIES,PRESERVED_SPECIMEN,1980-05-07,1980,-68.88,18.43,NA,821cc27a-e3bb-4bc5-ac34-89ada245069d,US,US,11,02,SAN RAFAEL DEL YUMA,081102,874cd5b2dffffff
http://n2t.net/ark:/65665/3e665430c-3d6c-4331-a49d-cc67cabfaad7,1322410509,Iresine angustifolia,Iresine angustifolia Euphrasén,Amaranthaceae,Iresine,SPECIES,PRESERVED_SPECIMEN,2004-05-27,2004,-68.6181,18.3645,NA,821cc27a-e3bb-4bc5-ac34-89ada245069d,US,US,11,02,SAN RAFAEL DEL YUMA,081102,874cc67a9ffffff
http://n2t.net/ark:/65665/3e92229fc-1334-4158-8b55-1a34cd5c9954,1322472694,Microgramma heterophylla,Microgramma heterophylla (L.) Wherry,Polypodiaceae,Microgramma,SPECIES,PRESERVED_SPECIMEN,1992-07-04,1992,-68.85,18.38,NA,821cc27a-e3bb-4bc5-ac34-89ada245069d,US,US,11,02,SAN RAFAEL DEL YUMA,081102,874cd5b70ffffff
http://n2t.net/ark:/65665/3e9546b36-da72-4bb1-918c-c627d9b8f34d,1322477250,Ipomoea pes-caprae,Ipomoea pes-caprae (L.) R.Br.,Convolvulaceae,Ipomoea,SPECIES,PRESERVED_SPECIMEN,2004-05-27,2004,-68.6181,18.3645,NA,821cc27a-e3bb-4bc5-ac34-89ada245069d,US,US,11,02,SAN RAFAEL DEL YUMA,081102,874cc67a9ffffff
http://n2t.net/ark:/65665/3eab0b29f-0cba-4026-a0a5-7e521c79a62f,1322507963,Phyllanthus juglandifolius,Phyllanthus juglandifolius Willd.,Phyllanthaceae,Phyllanthus,SPECIES,PRESERVED_SPECIMEN,1981-02-06,1981,-68.58,18.375,NA,821cc27a-e3bb-4bc5-ac34-89ada245069d,US,US,11,02,SAN RAFAEL DEL YUMA,081102,874cc6718ffffff
http://n2t.net/ark:/65665/3eae0ea1a-4f63-46f7-9683-6ddcdd436f11,1322512217,Chascotheca neopeltandra,Chascotheca neopeltandra (Griseb.) Urb.,Phyllanthaceae,Chascotheca,SPECIES,PRESERVED_SPECIMEN,2004-05-27,2004,-68.8118,18.3329,NA,821cc27a-e3bb-4bc5-ac34-89ada245069d,US,US,11,02,SAN RAFAEL DEL YUMA,081102,874cd5b41ffffff
http://n2t.net/ark:/65665/3ebb27061-081e-4534-9c65-80dff4ef415d,1322530634,Drypetes alba,Drypetes alba Poit.,Putranjivaceae,Drypetes,SPECIES,PRESERVED_SPECIMEN,2004-05-27,2004,-68.6181,18.3645,NA,821cc27a-e3bb-4bc5-ac34-89ada245069d,US,US,11,02,SAN RAFAEL DEL YUMA,081102,874cc67a9ffffff
http://n2t.net/ark:/65665/3ecf06523-74c4-42ce-b03b-b34ebb4d60a5,1322558882,Trichostigma octandrum,Trichostigma octandrum (L.) H.Walter,Petiveriaceae,Trichostigma,SPECIES,PRESERVED_SPECIMEN,2004-05-27,2004,-68.8118,18.3329,NA,821cc27a-e3bb-4bc5-ac34-89ada245069d,US,US,11,02,SAN RAFAEL DEL YUMA,081102,874cd5b41ffffff
http://n2t.net/ark:/65665/3ed99ab96-18c1-45ec-84a6-b9aa122a8a8f,1322573709,Aristolochia adiastola,Aristolochia adiastola G.A.Romero & Elad.Fernández,Aristolochiaceae,Aristolochia,SPECIES,PRESERVED_SPECIMEN,2004-05-27,2004,-68.8118,18.3329,NA,821cc27a-e3bb-4bc5-ac34-89ada245069d,US,US,11,02,SAN RAFAEL DEL YUMA,081102,874cd5b41ffffff
http://n2t.net/ark:/65665/3edebf216-c9c6-46c1-b75f-0e357e2e9d88,1322581024,Rivina humilis,Rivina humilis L.,Petiveriaceae,Rivina,SPECIES,PRESERVED_SPECIMEN,2004-05-27,2004,-68.6181,18.3645,NA,821cc27a-e3bb-4bc5-ac34-89ada245069d,US,US,11,02,SAN RAFAEL DEL YUMA,081102,874cc67a9ffffff
http://n2t.net/ark:/65665/3ee872ef8-3675-4736-b5d3-641f947d877a,1322594801,Cyperus alternifolius,Cyperus involucratus Rottb.,Cyperaceae,Cyperus,SPECIES,PRESERVED_SPECIMEN,1983-11-22,1983,-68.88,18.43,NA,821cc27a-e3bb-4bc5-ac34-89ada245069d,US,US,11,02,SAN RAFAEL DEL YUMA,081102,874cd5b2dffffff
http://n2t.net/ark:/65665/3efa5f406-4eb1-4952-bef8-70291bb0177a,1322619928,Campyloneurum phyllitidis,Campyloneurum phyllitidis (L.) C.Presl,Polypodiaceae,Campyloneurum,SPECIES,PRESERVED_SPECIMEN,2004-05-27,2004,-68.8118,18.3329,NA,821cc27a-e3bb-4bc5-ac34-89ada245069d,US,US,11,02,SAN RAFAEL DEL YUMA,081102,874cd5b41ffffff
http://n2t.net/ark:/65665/3f0067860-68c3-4d84-a10c-bf29ef73bcbe,1322628261,Cissus verticillata,Cissus verticillata subsp. oblongolanceolata (Urb.) Lombardi,Vitaceae,Cissus,SUBSPECIES,PRESERVED_SPECIMEN,2004-05-27,2004,-68.6181,18.3645,NA,821cc27a-e3bb-4bc5-ac34-89ada245069d,US,US,11,02,SAN RAFAEL DEL YUMA,081102,874cc67a9ffffff
http://n2t.net/ark:/65665/3f01e0e43-d7de-43c6-a093-69ced75a2cb0,1322630394,Eugenia ligustrina,Eugenia ligustrina (Sw.) Willd.,Myrtaceae,Eugenia,SPECIES,PRESERVED_SPECIMEN,2004-05-27,2004,-68.8118,18.3329,NA,821cc27a-e3bb-4bc5-ac34-89ada245069d,US,US,11,02,SAN RAFAEL DEL YUMA,081102,874cd5b41ffffff
http://n2t.net/ark:/65665/3f0f25969-3791-4391-80eb-9461dc167b3b,1322649161,Jatropha hernandiifolia,Jatropha hernandiifolia var. hernandiifolia,Euphorbiaceae,Jatropha,VARIETY,PRESERVED_SPECIMEN,2004-05-27,2004,-68.8118,18.3329,NA,821cc27a-e3bb-4bc5-ac34-89ada245069d,US,US,11,02,SAN RAFAEL DEL YUMA,081102,874cd5b41ffffff
http://n2t.net/ark:/65665/3f183b893-c173-4adc-862b-8c24d1d30f1c,1322662070,Peperomia glabella,Peperomia glabella (Sw.) A.Dietr.,Piperaceae,Peperomia,SPECIES,PRESERVED_SPECIMEN,2004-05-27,2004,-68.6181,18.3645,NA,821cc27a-e3bb-4bc5-ac34-89ada245069d,US,US,11,02,SAN RAFAEL DEL YUMA,081102,874cc67a9ffffff
http://n2t.net/ark:/65665/3f605bf93-f48d-4555-b993-9048efbca881,1322763593,Cakile lanceolata,Cakile lanceolata (Willd.) O.E.Schulz,Brassicaceae,Cakile,SPECIES,PRESERVED_SPECIMEN,2004-05-27,2004,-68.8118,18.3329,NA,821cc27a-e3bb-4bc5-ac34-89ada245069d,US,US,11,02,SAN RAFAEL DEL YUMA,081102,874cd5b41ffffff
http://n2t.net/ark:/65665/3f836e0e2-7a00-4938-b6b1-3d11b2e4b4b1,1322812718,Borrichia arborescens,Borrichia arborescens (L.) DC.,Asteraceae,Borrichia,SPECIES,PRESERVED_SPECIMEN,2004-05-27,2004,-68.6181,18.3645,NA,821cc27a-e3bb-4bc5-ac34-89ada245069d,US,US,11,02,SAN RAFAEL DEL YUMA,081102,874cc67a9ffffff
http://n2t.net/ark:/65665/3f85569df-1e8f-44ff-993e-8e17cb9155f7,1322815491,Stachytarpheta jamaicensis,Stachytarpheta jamaicensis (L.) Vahl,Verbenaceae,Stachytarpheta,SPECIES,PRESERVED_SPECIMEN,1981-07-19,1981,-68.75,18.25,NA,821cc27a-e3bb-4bc5-ac34-89ada245069d,US,US,11,02,SAN RAFAEL DEL YUMA,081102,874cc6691ffffff
http://n2t.net/ark:/65665/3fa35e799-4de6-4adc-ab39-42e2b879cf9e,1322857711,Picramnia pentandra,Picramnia pentandra Sw.,Picramniaceae,Picramnia,SPECIES,PRESERVED_SPECIMEN,1980-10-30,1980,-68.85,18.4,NA,821cc27a-e3bb-4bc5-ac34-89ada245069d,US,US,11,02,SAN RAFAEL DEL YUMA,081102,874cd5b74ffffff
http://n2t.net/ark:/65665/3fb77c763-489f-458a-97dc-c446dda46840,1322886200,Euphorbia hirta,Euphorbia hirta L.,Euphorbiaceae,Euphorbia,SPECIES,PRESERVED_SPECIMEN,2004-05-27,2004,-68.8118,18.3329,NA,821cc27a-e3bb-4bc5-ac34-89ada245069d,US,US,11,02,SAN RAFAEL DEL YUMA,081102,874cd5b41ffffff
http://n2t.net/ark:/65665/3fca48cae-fe4e-4875-a855-c333244321d3,1322912747,Triumfetta bogotensis,Triumfetta bogotensis DC.,Malvaceae,Triumfetta,SPECIES,PRESERVED_SPECIMEN,1981-02-05,1981,-68.6167,18.4,NA,821cc27a-e3bb-4bc5-ac34-89ada245069d,US,US,11,02,SAN RAFAEL DEL YUMA,081102,874cc6713ffffff
http://n2t.net/ark:/65665/3fe2681b9-0fa4-4299-abd6-c2ec43f06631,1322946732,Terminalia buceras,Terminalia buceras (L.) C.Wright,Combretaceae,Terminalia,SPECIES,PRESERVED_SPECIMEN,1981-03-30,1981,-68.62,18.37,NA,821cc27a-e3bb-4bc5-ac34-89ada245069d,US,US,11,02,SAN RAFAEL DEL YUMA,081102,874cc67a9ffffff
http://n2t.net/ark:/65665/3ff65ae25-be34-4748-8835-48ae0f297ca0,1322974871,Peperomia magnoliifolia,Peperomia magnoliifolia (Jacq.) A.Dietr.,Piperaceae,Peperomia,SPECIES,PRESERVED_SPECIMEN,2004-05-27,2004,-68.6181,18.3645,NA,821cc27a-e3bb-4bc5-ac34-89ada245069d,US,US,11,02,SAN RAFAEL DEL YUMA,081102,874cc67a9ffffff
http://n2t.net/ark:/65665/3ffbd1ce2-dda2-4f18-a3f2-4975d84a1262,1322982688,Ocimum campechianum,Ocimum campechianum Mill.,Lamiaceae,Ocimum,SPECIES,PRESERVED_SPECIMEN,2004-05-27,2004,-68.6181,18.3645,NA,821cc27a-e3bb-4bc5-ac34-89ada245069d,US,US,11,02,SAN RAFAEL DEL YUMA,081102,874cc67a9ffffff
http://n2t.net/ark:/65665/3fff8ee87-eb0e-4540-9bac-f9361815fbae,1322987990,Damburneya coriacea,Damburneya coriacea (Sw.) Trofimov & Rohwer,Lauraceae,Damburneya,SPECIES,PRESERVED_SPECIMEN,2004-05-27,2004,-68.6181,18.3645,NA,821cc27a-e3bb-4bc5-ac34-89ada245069d,US,US,11,02,SAN RAFAEL DEL YUMA,081102,874cc67a9ffffff
http://specimens.kew.org/herbarium/K000478752,912399616,Notopleura (Hook.fil.) Bremek.,Notopleura (Hook.fil.) Bremek.,Rubiaceae,Notopleura,GENUS,PRESERVED_SPECIMEN,2006-06-26T00:00,2006,-68.884445,18.425278,NA,cd6e21c8-9e8a-493a-8a76-fbf7862069e5,K,Herbarium,11,02,SAN RAFAEL DEL YUMA,081102,874cd5b28ffffff
http://specimens.kew.org/herbarium/K000478753,912399614,Psychotria L.,Psychotria L.,Rubiaceae,Psychotria,GENUS,PRESERVED_SPECIMEN,2006-06-26T00:00,2006,-68.884445,18.425278,NA,cd6e21c8-9e8a-493a-8a76-fbf7862069e5,K,Herbarium,11,02,SAN RAFAEL DEL YUMA,081102,874cd5b28ffffff
http://specimens.kew.org/herbarium/K000478754,912399619,Randia Houst. ex L.,Randia Houst. ex L.,Rubiaceae,Randia,GENUS,PRESERVED_SPECIMEN,2006-06-26T00:00,2006,-68.885278,18.426944,NA,cd6e21c8-9e8a-493a-8a76-fbf7862069e5,K,Herbarium,11,02,SAN RAFAEL DEL YUMA,081102,874cd5b28ffffff
http://specimens.kew.org/herbarium/K000478755,912399639,Rhynchosia Lour.,Rhynchosia Lour.,Fabaceae,Rhynchosia,GENUS,PRESERVED_SPECIMEN,2006-06-26T00:00,2006,-68.885278,18.426944,NA,cd6e21c8-9e8a-493a-8a76-fbf7862069e5,K,Herbarium,11,02,SAN RAFAEL DEL YUMA,081102,874cd5b28ffffff
http://specimens.kew.org/herbarium/K000478756,912399623,Acacia Mill.,Acacia Mill.,Fabaceae,Acacia,GENUS,PRESERVED_SPECIMEN,2006-06-26T00:00,2006,-68.885278,18.426944,NA,cd6e21c8-9e8a-493a-8a76-fbf7862069e5,K,Herbarium,11,02,SAN RAFAEL DEL YUMA,081102,874cd5b28ffffff
http://specimens.kew.org/herbarium/K000478757,912399677,Rubiaceae Juss.,Rubiaceae Juss.,Rubiaceae,,FAMILY,PRESERVED_SPECIMEN,2006-06-26T00:00,2006,-68.885278,18.426944,NA,cd6e21c8-9e8a-493a-8a76-fbf7862069e5,K,Herbarium,11,02,SAN RAFAEL DEL YUMA,081102,874cd5b28ffffff
http://specimens.kew.org/herbarium/K000478758,912399596,Guettarda L.,Guettarda L.,Rubiaceae,Guettarda,GENUS,PRESERVED_SPECIMEN,2006-06-26T00:00,2006,-68.885278,18.426944,NA,cd6e21c8-9e8a-493a-8a76-fbf7862069e5,K,Herbarium,11,02,SAN RAFAEL DEL YUMA,081102,874cd5b28ffffff
http://specimens.kew.org/herbarium/K000478759,912399633,Psychotria L.,Psychotria L.,Rubiaceae,Psychotria,GENUS,PRESERVED_SPECIMEN,2006-06-26T00:00,2006,-68.885278,18.426944,NA,cd6e21c8-9e8a-493a-8a76-fbf7862069e5,K,Herbarium,11,02,SAN RAFAEL DEL YUMA,081102,874cd5b28ffffff
http://specimens.kew.org/herbarium/K000478761,912399673,Eugenia foetida,Eugenia foetida Pers.,Myrtaceae,Eugenia,SPECIES,PRESERVED_SPECIMEN,2006-06-26T00:00,2006,-68.884445,18.425278,NA,cd6e21c8-9e8a-493a-8a76-fbf7862069e5,K,Herbarium,11,02,SAN RAFAEL DEL YUMA,081102,874cd5b28ffffff
http://specimens.kew.org/herbarium/K000478764,912399690,Vitaceae Juss.,Vitaceae Juss.,Vitaceae,,FAMILY,PRESERVED_SPECIMEN,2006-06-26T00:00,2006,-68.838611,18.388333,NA,cd6e21c8-9e8a-493a-8a76-fbf7862069e5,K,Herbarium,11,02,SAN RAFAEL DEL YUMA,081102,874cd5b75ffffff
http://specimens.kew.org/herbarium/K000648498,4873792069,Argythamnia candicans,Argythamnia candicans Sw.,Euphorbiaceae,Argythamnia,SPECIES,PRESERVED_SPECIMEN,2004-05-27T00:00,2004,-68.8118,18.332899,NA,cd6e21c8-9e8a-493a-8a76-fbf7862069e5,K,Herbarium,11,02,SAN RAFAEL DEL YUMA,081102,874cd5b41ffffff
http://specimens.kew.org/herbarium/K000679492,5060685337,Cynophalla amplissima,Capparis amplissima Lam.,Capparaceae,Cynophalla,SPECIES,PRESERVED_SPECIMEN,1929-04-15T00:00,1929,-68.720115,18.498832,NA,cd6e21c8-9e8a-493a-8a76-fbf7862069e5,K,Herbarium,11,02,SAN RAFAEL DEL YUMA,081102,874cc6451ffffff
http://specimens.kew.org/herbarium/K000752417,4519392808,Myrcia neomontana,Myrcia neomontana E.Lucas & C.E.Wilson,Myrtaceae,Myrcia,SPECIES,PRESERVED_SPECIMEN,2004-05-27T00:00,2004,-68.6181,18.3645,NA,cd6e21c8-9e8a-493a-8a76-fbf7862069e5,K,Herbarium,11,02,SAN RAFAEL DEL YUMA,081102,874cc67a9ffffff
http://specimens.kew.org/herbarium/K000775702,5060679568,Sideroxylon foetidissimum,Sideroxylon foetidissimum subsp. foetidissimum,Sapotaceae,Sideroxylon,SUBSPECIES,PRESERVED_SPECIMEN,1987-05-15T00:00,1987,-68.839456,18.367953,NA,cd6e21c8-9e8a-493a-8a76-fbf7862069e5,K,Herbarium,11,02,SAN RAFAEL DEL YUMA,081102,874cd5b71ffffff
http://specimens.kew.org/herbarium/K000775732,5060680585,Quadrella ferruginea,Capparis ferruginea L.,Capparaceae,Quadrella,SPECIES,PRESERVED_SPECIMEN,1996-09-19T00:00,1996,-68.839456,18.367953,NA,cd6e21c8-9e8a-493a-8a76-fbf7862069e5,K,Herbarium,11,02,SAN RAFAEL DEL YUMA,081102,874cd5b71ffffff
http://specimens.kew.org/herbarium/K000819861,5060681753,Zapoteca portoricensis,Zapoteca portoricensis (Jacq.) H.M.Hern.,Fabaceae,Zapoteca,SPECIES,PRESERVED_SPECIMEN,2004-05-27T00:00,2004,-68.6181,18.3645,NA,cd6e21c8-9e8a-493a-8a76-fbf7862069e5,K,Herbarium,11,02,SAN RAFAEL DEL YUMA,081102,874cc67a9ffffff
http://specimens.kew.org/herbarium/K000861079,4979585024,Zanthoxylum schreberi,Zanthoxylum monophyllum (Lam.) P.Wilson,Rutaceae,Zanthoxylum,SPECIES,PRESERVED_SPECIMEN,2004-05-27T00:00,2004,-68.8118,18.332899,NA,cd6e21c8-9e8a-493a-8a76-fbf7862069e5,K,Herbarium,11,02,SAN RAFAEL DEL YUMA,081102,874cd5b41ffffff
http://specimens.kew.org/herbarium/K000861122,4981605283,Zanthoxylum fagara,Zanthoxylum pterota (L.) Kunth,Rutaceae,Zanthoxylum,SPECIES,PRESERVED_SPECIMEN,2004-05-27T00:00,2004,-68.8118,18.332899,NA,cd6e21c8-9e8a-493a-8a76-fbf7862069e5,K,Herbarium,11,02,SAN RAFAEL DEL YUMA,081102,874cd5b41ffffff
http://specimens.kew.org/herbarium/K000862001,5060685848,Cordia collococca,Cordia collococca L.,Cordiaceae,Cordia,SPECIES,PRESERVED_SPECIMEN,2009-07-25T00:00,2009,-68.844889,18.428972,NA,cd6e21c8-9e8a-493a-8a76-fbf7862069e5,K,Herbarium,11,02,SAN RAFAEL DEL YUMA,081102,874cc64d8ffffff
http://specimens.kew.org/herbarium/K000862557,5089798401,Pisonia aculeata,Pisonia aculeata L.,Nyctaginaceae,Pisonia,SPECIES,PRESERVED_SPECIMEN,2004-05-27T00:00,2004,-68.8118,18.332899,NA,cd6e21c8-9e8a-493a-8a76-fbf7862069e5,K,Herbarium,11,02,SAN RAFAEL DEL YUMA,081102,874cd5b41ffffff
http://specimens.kew.org/herbarium/K000863676,5220543328,Guaiacum sanctum,Guaiacum sanctum L.,Zygophyllaceae,Guaiacum,SPECIES,PRESERVED_SPECIMEN,2004-05-27T00:00,2004,-68.8118,18.332899,NA,cd6e21c8-9e8a-493a-8a76-fbf7862069e5,K,Herbarium,11,02,SAN RAFAEL DEL YUMA,081102,874cd5b41ffffff
http://specimens.kew.org/herbarium/K000863754,5072748502,Malpighia setosa,Malpighia setosa Spreng.,Malpighiaceae,Malpighia,SPECIES,PRESERVED_SPECIMEN,2004-05-27T00:00,2004,-68.6181,18.364499,NA,cd6e21c8-9e8a-493a-8a76-fbf7862069e5,K,Herbarium,11,02,SAN RAFAEL DEL YUMA,081102,874cc67a9ffffff
http://specimens.kew.org/herbarium/K001002101,1451071575,Eugenia monticola,Eugenia monticola (Sw.) DC.,Myrtaceae,Eugenia,SPECIES,PRESERVED_SPECIMEN,2004-05-27T00:00,2004,-68.811666,18.332777,NA,cd6e21c8-9e8a-493a-8a76-fbf7862069e5,K,Herbarium,11,02,SAN RAFAEL DEL YUMA,081102,874cd5b41ffffff
http://specimens.kew.org/herbarium/K001002636,1451071785,Eugenia rhombea,Eugenia rhombea (O.Berg) Krug & Urb. ex Urb.,Myrtaceae,Eugenia,SPECIES,PRESERVED_SPECIMEN,2004-05-27T00:00,2004,-68.811666,18.332777,NA,cd6e21c8-9e8a-493a-8a76-fbf7862069e5,K,Herbarium,11,02,SAN RAFAEL DEL YUMA,081102,874cd5b41ffffff
http://specimens.kew.org/herbarium/K001002637,1451071797,Eugenia rhombea,Eugenia rhombea (O.Berg) Krug & Urb. ex Urb.,Myrtaceae,Eugenia,SPECIES,PRESERVED_SPECIMEN,2004-05-27T00:00,2004,-68.811666,18.332777,NA,cd6e21c8-9e8a-493a-8a76-fbf7862069e5,K,Herbarium,11,02,SAN RAFAEL DEL YUMA,081102,874cd5b41ffffff
http://specimens.kew.org/herbarium/K001002638,1451071809,Eugenia rhombea,Eugenia rhombea (O.Berg) Krug & Urb. ex Urb.,Myrtaceae,Eugenia,SPECIES,PRESERVED_SPECIMEN,2004-05-27T00:00,2004,-68.811666,18.332777,NA,cd6e21c8-9e8a-493a-8a76-fbf7862069e5,K,Herbarium,11,02,SAN RAFAEL DEL YUMA,081102,874cd5b41ffffff
http://specimens.kew.org/herbarium/K001002639,1451071820,Eugenia rhombea,Eugenia rhombea (O.Berg) Krug & Urb. ex Urb.,Myrtaceae,Eugenia,SPECIES,PRESERVED_SPECIMEN,2004-05-27T00:00,2004,-68.811666,18.332777,NA,cd6e21c8-9e8a-493a-8a76-fbf7862069e5,K,Herbarium,11,02,SAN RAFAEL DEL YUMA,081102,874cd5b41ffffff
http://specimens.kew.org/herbarium/K001016964,5843864495,Jacquinia arborea,Jacquinia arborea Vahl,Primulaceae,Jacquinia,SPECIES,PRESERVED_SPECIMEN,2004-05-27T00:00,2004,-68.8118,18.332899,NA,cd6e21c8-9e8a-493a-8a76-fbf7862069e5,K,Herbarium,11,02,SAN RAFAEL DEL YUMA,081102,874cd5b41ffffff
http://specimens.kew.org/herbarium/K001513119,4873121972,Isidorea pungens,Isidorea pungens (Lam.) B.L.Rob.,Rubiaceae,Isidorea,SPECIES,PRESERVED_SPECIMEN,2004-05-27T00:00,2004,-68.8,18.316945,NA,cd6e21c8-9e8a-493a-8a76-fbf7862069e5,K,Herbarium,11,02,SAN RAFAEL DEL YUMA,081102,874cd5b4cffffff
http://specimens.kew.org/herbarium/K001787368,6194760084,Capraria biflora,Capraria biflora L.,Scrophulariaceae,Capraria,SPECIES,PRESERVED_SPECIMEN,2004-05-27T00:00,2004,-68.6181,18.364499,NA,cd6e21c8-9e8a-493a-8a76-fbf7862069e5,K,Herbarium,11,02,SAN RAFAEL DEL YUMA,081102,874cc67a9ffffff
http://specimens.kew.org/herbarium/K001867624,5956029573,Eugenia pseudopsidium,Eugenia pseudopsidium Jacq.,Myrtaceae,Eugenia,SPECIES,PRESERVED_SPECIMEN,2015-04-11T00:00,2015,-68.838972,18.387667,NA,cd6e21c8-9e8a-493a-8a76-fbf7862069e5,K,Herbarium,11,02,SAN RAFAEL DEL YUMA,081102,874cd5b75ffffff
http://specimens.kew.org/herbarium/K001867625,5956068994,Eugenia biflora,Eugenia biflora (L.) DC.,Myrtaceae,Eugenia,SPECIES,PRESERVED_SPECIMEN,2015-04-11T00:00,2015,-68.838528,18.387639,NA,cd6e21c8-9e8a-493a-8a76-fbf7862069e5,K,Herbarium,11,02,SAN RAFAEL DEL YUMA,081102,874cd5b75ffffff
http://specimens.kew.org/herbarium/K001867626,5956007328,Eugenia rhombea,Eugenia rhombea (O.Berg) Krug & Urb. ex Urb.,Myrtaceae,Eugenia,SPECIES,PRESERVED_SPECIMEN,2015-04-11T00:00,2015,-68.837972,18.387528,NA,cd6e21c8-9e8a-493a-8a76-fbf7862069e5,K,Herbarium,11,02,SAN RAFAEL DEL YUMA,081102,874cd5b75ffffff
http://specimens.kew.org/herbarium/K001980329,5904909663,Eugenia foetida,Eugenia foetida Pers.,Myrtaceae,Eugenia,SPECIES,PRESERVED_SPECIMEN,2006-06-26T00:00,2006,-68.885389,18.427028,NA,cd6e21c8-9e8a-493a-8a76-fbf7862069e5,K,Herbarium,11,02,SAN RAFAEL DEL YUMA,081102,874cd5b28ffffff
http://specimens.kew.org/herbarium/K001980556,5904909168,Eugenia foetida,Eugenia foetida Pers.,Myrtaceae,Eugenia,SPECIES,PRESERVED_SPECIMEN,2006-06-26T00:00,2006,-68.885389,18.427028,NA,cd6e21c8-9e8a-493a-8a76-fbf7862069e5,K,Herbarium,11,02,SAN RAFAEL DEL YUMA,081102,874cd5b28ffffff
http://specimens.kew.org/herbarium/K001980557,5904909117,Eugenia foetida,Eugenia foetida Pers.,Myrtaceae,Eugenia,SPECIES,PRESERVED_SPECIMEN,2006-06-26T00:00,2006,-68.885389,18.427028,NA,cd6e21c8-9e8a-493a-8a76-fbf7862069e5,K,Herbarium,11,02,SAN RAFAEL DEL YUMA,081102,874cd5b28ffffff
http://specimens.kew.org/herbarium/K003177047,4906858302,Wedelia fruticosa,Wedelia calycina Rich.,Asteraceae,Wedelia,SPECIES,PRESERVED_SPECIMEN,2004-05-27T00:00,2004,-68.6181,18.364499,NA,cd6e21c8-9e8a-493a-8a76-fbf7862069e5,K,Herbarium,11,02,SAN RAFAEL DEL YUMA,081102,874cc67a9ffffff
http://specimens.kew.org/herbarium/K003314152,5145883690,Damburneya coriacea,Nectandra coriacea (Sw.) Griseb.,Lauraceae,Damburneya,SPECIES,PRESERVED_SPECIMEN,2004-05-27T00:00,2004,-68.8118,18.332899,NA,cd6e21c8-9e8a-493a-8a76-fbf7862069e5,K,Herbarium,11,02,SAN RAFAEL DEL YUMA,081102,874cd5b41ffffff
http://specimens.kew.org/herbarium/K003622871,4850433223,Paspalum laxum,Paspalum laxum Lam.,Poaceae,Paspalum,SPECIES,PRESERVED_SPECIMEN,2004-05-27T00:00,2004,-68.8118,18.332899,NA,cd6e21c8-9e8a-493a-8a76-fbf7862069e5,K,Herbarium,11,02,SAN RAFAEL DEL YUMA,081102,874cd5b41ffffff
http://specimens.kew.org/herbarium/K003873294,4850450197,Gymnanthes lucida,Gymnanthes lucida Sw.,Euphorbiaceae,Gymnanthes,SPECIES,PRESERVED_SPECIMEN,2004-05-27T00:00,2004,-68.6181,18.364499,NA,cd6e21c8-9e8a-493a-8a76-fbf7862069e5,K,Herbarium,11,02,SAN RAFAEL DEL YUMA,081102,874cc67a9ffffff
http://specimens.kew.org/herbarium/K004634319,4975182710,Cassipourea obtusa,Cassipourea obtusa Urb.,Rhizophoraceae,Cassipourea,SPECIES,PRESERVED_SPECIMEN,2004-05-27T00:00,2004,-68.6181,18.364499,NA,cd6e21c8-9e8a-493a-8a76-fbf7862069e5,K,Herbarium,11,02,SAN RAFAEL DEL YUMA,081102,874cc67a9ffffff
http://specimens.kew.org/herbarium/K004649009,4858945259,Terminalia buceras,Terminalia buceras (L.) C.Wright,Combretaceae,Terminalia,SPECIES,PRESERVED_SPECIMEN,2004-05-27T00:00,2004,-68.8118,18.332899,NA,cd6e21c8-9e8a-493a-8a76-fbf7862069e5,K,Herbarium,11,02,SAN RAFAEL DEL YUMA,081102,874cd5b41ffffff
http://specimens.kew.org/herbarium/K004681297,5060765962,Exostema acuminatum,Exostema acuminatum Urb.,Rubiaceae,Exostema,SPECIES,PRESERVED_SPECIMEN,2004-05-27T00:00,2004,-68.8118,18.332899,NA,cd6e21c8-9e8a-493a-8a76-fbf7862069e5,K,Herbarium,11,02,SAN RAFAEL DEL YUMA,081102,874cd5b41ffffff
http://specimens.kew.org/herbarium/K004681348,5103973568,Exostema caribaeum,Exostema caribaeum (Jacq.) Roem. & Schult.,Rubiaceae,Exostema,SPECIES,PRESERVED_SPECIMEN,2004-05-27T00:00,2004,-68.8118,18.332899,NA,cd6e21c8-9e8a-493a-8a76-fbf7862069e5,K,Herbarium,11,02,SAN RAFAEL DEL YUMA,081102,874cd5b41ffffff
http://specimens.kew.org/herbarium/K004683374,4873096638,Stenostomum lucidum,Stenostomum lucidum (Sw.) C.F.Gaertn.,Rubiaceae,Stenostomum,SPECIES,PRESERVED_SPECIMEN,2004-05-27T00:00,2004,-68.8118,18.332899,NA,cd6e21c8-9e8a-493a-8a76-fbf7862069e5,K,Herbarium,11,02,SAN RAFAEL DEL YUMA,081102,874cd5b41ffffff
http://specimens.kew.org/herbarium/K004722620,5843831821,Rachicallis americana,Rachicallis americana (Jacq.) Hitchc.,Rubiaceae,Rachicallis,SPECIES,PRESERVED_SPECIMEN,2004-05-27T00:00,2004,-68.6181,18.364499,NA,cd6e21c8-9e8a-493a-8a76-fbf7862069e5,K,Herbarium,11,02,SAN RAFAEL DEL YUMA,081102,874cc67a9ffffff
http://specimens.kew.org/herbarium/K004804414,4975178525,Drypetes alba,Drypetes alba Poit.,Putranjivaceae,Drypetes,SPECIES,PRESERVED_SPECIMEN,2004-05-27T00:00,2004,-68.6181,18.364499,NA,cd6e21c8-9e8a-493a-8a76-fbf7862069e5,K,Herbarium,11,02,SAN RAFAEL DEL YUMA,081102,874cc67a9ffffff
http://specimens.kew.org/herbarium/K004846379,4876595041,Trichilia pallida,Trichilia pallida Sw.,Meliaceae,Trichilia,SPECIES,PRESERVED_SPECIMEN,2004-05-27T00:00,2004,-68.8118,18.332899,NA,cd6e21c8-9e8a-493a-8a76-fbf7862069e5,K,Herbarium,11,02,SAN RAFAEL DEL YUMA,081102,874cd5b41ffffff
http://specimens.kew.org/herbarium/K004892577,4988857707,Randia Houst. ex L.,Randia Houst. ex L.,Rubiaceae,Randia,GENUS,PRESERVED_SPECIMEN,2006-06-26T00:00,2006,-68.885389,18.427028,NA,cd6e21c8-9e8a-493a-8a76-fbf7862069e5,K,Herbarium,11,02,SAN RAFAEL DEL YUMA,081102,874cd5b28ffffff
http://specimens.kew.org/herbarium/K004892578,4988899331,Randia Houst. ex L.,Randia Houst. ex L.,Rubiaceae,Randia,GENUS,PRESERVED_SPECIMEN,2006-06-26T00:00,2006,-68.885389,18.427028,NA,cd6e21c8-9e8a-493a-8a76-fbf7862069e5,K,Herbarium,11,02,SAN RAFAEL DEL YUMA,081102,874cd5b28ffffff
http://specimens.kew.org/herbarium/K004892579,4988853814,Randia Houst. ex L.,Randia Houst. ex L.,Rubiaceae,Randia,GENUS,PRESERVED_SPECIMEN,2006-06-26T00:00,2006,-68.885389,18.427028,NA,cd6e21c8-9e8a-493a-8a76-fbf7862069e5,K,Herbarium,11,02,SAN RAFAEL DEL YUMA,081102,874cd5b28ffffff
http://specimens.kew.org/herbarium/K005116803,5085141271,Sideroxylon foetidissimum,Sideroxylon foetidissimum subsp. foetidissimum,Sapotaceae,Sideroxylon,SUBSPECIES,PRESERVED_SPECIMEN,2004-05-27T00:00,2004,-68.6181,18.364499,NA,cd6e21c8-9e8a-493a-8a76-fbf7862069e5,K,Herbarium,11,02,SAN RAFAEL DEL YUMA,081102,874cc67a9ffffff
http://specimens.kew.org/herbarium/K005162442,4958506511,Schaefferia frutescens,Schaefferia frutescens Jacq.,Celastraceae,Schaefferia,SPECIES,PRESERVED_SPECIMEN,2004-05-27T00:00,2004,-68.8118,18.332899,NA,cd6e21c8-9e8a-493a-8a76-fbf7862069e5,K,Herbarium,11,02,SAN RAFAEL DEL YUMA,081102,874cd5b41ffffff
http://specimens.kew.org/herbarium/K005190522,4979582170,Amyris P.Browne,Amyris P.Browne,Rutaceae,Amyris,GENUS,PRESERVED_SPECIMEN,2004-05-27T00:00,2004,-68.8118,18.332899,NA,cd6e21c8-9e8a-493a-8a76-fbf7862069e5,K,Herbarium,11,02,SAN RAFAEL DEL YUMA,081102,874cd5b41ffffff
http://specimens.kew.org/herbarium/K005262519,5082980755,Morinda royoc,Morinda royoc L.,Rubiaceae,Morinda,SPECIES,PRESERVED_SPECIMEN,2004-05-27T00:00,2004,-68.6181,18.364499,NA,cd6e21c8-9e8a-493a-8a76-fbf7862069e5,K,Herbarium,11,02,SAN RAFAEL DEL YUMA,081102,874cc67a9ffffff
http://specimens.kew.org/herbarium/K005486211,4958541062,Savia sessiliflora,Savia sessiliflora (Sw.) Willd.,Phyllanthaceae,Savia,SPECIES,PRESERVED_SPECIMEN,2004-05-27T00:00,2004,-68.8118,18.332899,NA,cd6e21c8-9e8a-493a-8a76-fbf7862069e5,K,Herbarium,11,02,SAN RAFAEL DEL YUMA,081102,874cd5b41ffffff
http://specimens.kew.org/herbarium/K005497753,4954074774,Pristimera celastroides,Pristimera celastroides (Kunth) A.C.Sm.,Celastraceae,Pristimera,SPECIES,PRESERVED_SPECIMEN,2004-05-27T00:00,2004,-68.6181,18.364499,NA,cd6e21c8-9e8a-493a-8a76-fbf7862069e5,K,Herbarium,11,02,SAN RAFAEL DEL YUMA,081102,874cc67a9ffffff
http://specimens.kew.org/herbarium/K005656346,5000154651,Ruehssia clausa,"Ruehssia clausa (R.Br.) Liede, S.Reuss & Meve",Apocynaceae,Ruehssia,SPECIES,PRESERVED_SPECIMEN,2004-05-27T00:00,2004,-68.8118,18.332899,NA,cd6e21c8-9e8a-493a-8a76-fbf7862069e5,K,Herbarium,11,02,SAN RAFAEL DEL YUMA,081102,874cd5b41ffffff
http://specimens.kew.org/herbarium/K005724398,5085150747,Eumachia nutans,Margaritopsis nutans (Sw.) C.M.Taylor,Rubiaceae,Eumachia,SPECIES,PRESERVED_SPECIMEN,2004-05-27T00:00,2004,-68.8118,18.332899,NA,cd6e21c8-9e8a-493a-8a76-fbf7862069e5,K,Herbarium,11,02,SAN RAFAEL DEL YUMA,081102,874cd5b41ffffff
http://specimens.kew.org/herbarium/K005757918,5072821690,Quadrella ferruginea,Capparis ferruginea L.,Capparaceae,Quadrella,SPECIES,PRESERVED_SPECIMEN,2004-05-27T00:00,2004,-68.8118,18.332899,NA,cd6e21c8-9e8a-493a-8a76-fbf7862069e5,K,Herbarium,11,02,SAN RAFAEL DEL YUMA,081102,874cd5b41ffffff
http://specimens.kew.org/herbarium/K005757945,5072821693,Quadrella indica,Capparis indica (L.) Druce,Capparaceae,Quadrella,SPECIES,PRESERVED_SPECIMEN,2004-05-27T00:00,2004,-68.8118,18.332899,NA,cd6e21c8-9e8a-493a-8a76-fbf7862069e5,K,Herbarium,11,02,SAN RAFAEL DEL YUMA,081102,874cd5b41ffffff
http://specimens.kew.org/herbarium/K005757946,5072824677,Quadrella indica,Capparis indica (L.) Druce,Capparaceae,Quadrella,SPECIES,PRESERVED_SPECIMEN,2004-05-27T00:00,2004,-68.6181,18.364499,NA,cd6e21c8-9e8a-493a-8a76-fbf7862069e5,K,Herbarium,11,02,SAN RAFAEL DEL YUMA,081102,874cc67a9ffffff
http://specimens.kew.org/herbarium/K005895927,5072811992,Guettarda L.,Guettarda L.,Rubiaceae,Guettarda,GENUS,PRESERVED_SPECIMEN,2004-05-27T00:00,2004,-68.8118,18.332899,NA,cd6e21c8-9e8a-493a-8a76-fbf7862069e5,K,Herbarium,11,02,SAN RAFAEL DEL YUMA,081102,874cd5b41ffffff
http://specimens.kew.org/herbarium/K006083031,5004340942,Myriopus microphyllus,Myriopus microphyllus (Bertero ex Spreng.) Feuillet,Heliotropiaceae,Myriopus,SPECIES,PRESERVED_SPECIMEN,2004-05-27T00:00,2004,-68.8118,18.332899,NA,cd6e21c8-9e8a-493a-8a76-fbf7862069e5,K,Herbarium,11,02,SAN RAFAEL DEL YUMA,081102,874cd5b41ffffff
http://specimens.kew.org/herbarium/K006155334,5051856415,Chionanthus ligustrinus,Chionanthus ligustrinus (Sw.) Pers.,Oleaceae,Chionanthus,SPECIES,PRESERVED_SPECIMEN,2004-05-27T00:00,2004,-68.8118,18.332899,NA,cd6e21c8-9e8a-493a-8a76-fbf7862069e5,K,Herbarium,11,02,SAN RAFAEL DEL YUMA,081102,874cd5b41ffffff
http://www.botanicalcollections.be/specimen/BR0000009685666,4073041225,Peperomia humilis,Peperomia humilis (Vahl) A.Dietr.,Piperaceae,Peperomia,SPECIES,PRESERVED_SPECIMEN,2004-05-27,2004,-68.630666,18.3645,NA,b740eaa0-0679-41dc-acb7-990d562dfa37,MeiseBG,BR,11,02,SAN RAFAEL DEL YUMA,081102,874cc67a9ffffff
http://www.botanicalcollections.be/specimen/BR0000035867265,4072948804,Psychotria L.,Psychotria L.,Rubiaceae,Psychotria,GENUS,PRESERVED_SPECIMEN,2006-06-26,2006,-68.885388,18.427027,NA,b740eaa0-0679-41dc-acb7-990d562dfa37,MeiseBG,BR,11,02,SAN RAFAEL DEL YUMA,081102,874cd5b28ffffff
http://www.botanicalcollections.be/specimen/BR0000035867289,4073032109,Psychotria L.,Psychotria L.,Rubiaceae,Psychotria,GENUS,PRESERVED_SPECIMEN,2006-06-26,2006,-68.884388,18.425388,NA,b740eaa0-0679-41dc-acb7-990d562dfa37,MeiseBG,BR,11,02,SAN RAFAEL DEL YUMA,081102,874cd5b28ffffff
http://www.botanicalcollections.be/specimen/BR0000035887980,4073046359,Rubiaceae Juss.,Rubiaceae Juss.,Rubiaceae,,FAMILY,PRESERVED_SPECIMEN,2006-06-26,2006,-68.885388,18.427027,NA,b740eaa0-0679-41dc-acb7-990d562dfa37,MeiseBG,BR,11,02,SAN RAFAEL DEL YUMA,081102,874cd5b28ffffff
https://data.biodiversitydata.nl/naturalis/specimen/L%20%200298757,3710544396,Annona dumetorum,Annona dumetorum R.E.Fr.,Annonaceae,Annona,SPECIES,PRESERVED_SPECIMEN,1996-05-26,1996,-68.61667,18.36667,NA,15f819bd-6612-4447-854b-14d12ee1022d,,Botany,11,02,SAN RAFAEL DEL YUMA,081102,874cc67a9ffffff
https://data.biodiversitydata.nl/naturalis/specimen/U%20%200091713,2515747967,Calymperes erosum,Calymperes erosum Müll. Hal.,Calymperaceae,Calymperes,SPECIES,PRESERVED_SPECIMEN,1981-02-04,1981,-68.61667,18.35,NA,15f819bd-6612-4447-854b-14d12ee1022d,,Botany,11,02,SAN RAFAEL DEL YUMA,081102,874cc6636ffffff
https://data.biodiversitydata.nl/naturalis/specimen/U.1065624,2515426327,Anacardium occidentale,Anacardium occidentale L.,Anacardiaceae,Anacardium,SPECIES,PRESERVED_SPECIMEN,1981-02-04,1981,-68.61667,18.35,NA,15f819bd-6612-4447-854b-14d12ee1022d,,Botany,11,02,SAN RAFAEL DEL YUMA,081102,874cc6636ffffff
https://data.biodiversitydata.nl/naturalis/specimen/U.1071548,2515261620,Annona dumetorum,Annona dumetorum R.E.Fr.,Annonaceae,Annona,SPECIES,PRESERVED_SPECIMEN,1996-05-26,1996,-68.61667,18.36667,NA,15f819bd-6612-4447-854b-14d12ee1022d,,Botany,11,02,SAN RAFAEL DEL YUMA,081102,874cc67a9ffffff
https://data.biodiversitydata.nl/naturalis/specimen/U.1071549,2515301943,Annona dumetorum,Annona dumetorum R.E.Fr.,Annonaceae,Annona,SPECIES,PRESERVED_SPECIMEN,1996-05-26,1996,-68.61667,18.36667,NA,15f819bd-6612-4447-854b-14d12ee1022d,,Botany,11,02,SAN RAFAEL DEL YUMA,081102,874cc67a9ffffff
https://data.biodiversitydata.nl/naturalis/specimen/U.1071550,2515375498,Annona dumetorum,Annona dumetorum R.E.Fr.,Annonaceae,Annona,SPECIES,PRESERVED_SPECIMEN,1996-05-26,1996,-68.61667,18.36667,NA,15f819bd-6612-4447-854b-14d12ee1022d,,Botany,11,02,SAN RAFAEL DEL YUMA,081102,874cc67a9ffffff
https://data.biodiversitydata.nl/naturalis/specimen/U.1071551,2517313602,Annona dumetorum,Annona dumetorum R.E.Fr.,Annonaceae,Annona,SPECIES,PRESERVED_SPECIMEN,1996-05-26,1996,-68.61667,18.36667,NA,15f819bd-6612-4447-854b-14d12ee1022d,,Botany,11,02,SAN RAFAEL DEL YUMA,081102,874cc67a9ffffff
https://data.biodiversitydata.nl/naturalis/specimen/U.1071552,2517094668,Annona dumetorum,Annona dumetorum R.E.Fr.,Annonaceae,Annona,SPECIES,PRESERVED_SPECIMEN,1996-05-26,1996,-68.61667,18.36667,NA,15f819bd-6612-4447-854b-14d12ee1022d,,Botany,11,02,SAN RAFAEL DEL YUMA,081102,874cc67a9ffffff
https://data.biodiversitydata.nl/naturalis/specimen/U.1154924,2517329800,Heliotropium indicum,Heliotropium indicum L.,Heliotropiaceae,Heliotropium,SPECIES,PRESERVED_SPECIMEN,1981-02-04,1981,-68.6,18.38333,NA,15f819bd-6612-4447-854b-14d12ee1022d,,Botany,11,02,SAN RAFAEL DEL YUMA,081102,874cc671effffff
https://data.biodiversitydata.nl/naturalis/specimen/U.1163129,2515410633,Heliotropium lamarckii,Tournefortia scabra Lam.,Heliotropiaceae,Heliotropium,SPECIES,PRESERVED_SPECIMEN,1986-01-18,1986,-68.61667,18.375,NA,15f819bd-6612-4447-854b-14d12ee1022d,,Botany,11,02,SAN RAFAEL DEL YUMA,081102,874cc67a9ffffff
https://data.biodiversitydata.nl/naturalis/specimen/U.1178463,2515502364,Bromelia karatas,Bromelia karatas L.,Bromeliaceae,Bromelia,SPECIES,PRESERVED_SPECIMEN,1983-11-22,1983,-68.61667,18.4,NA,15f819bd-6612-4447-854b-14d12ee1022d,,Botany,11,02,SAN RAFAEL DEL YUMA,081102,874cc6713ffffff
https://data.biodiversitydata.nl/naturalis/specimen/U.1195690,2517135467,Gyminda latifolia,Gyminda latifolia (Sw.) Urb.,Celastraceae,Gyminda,SPECIES,PRESERVED_SPECIMEN,1996-05-26,1996,-68.55,18.36667,NA,15f819bd-6612-4447-854b-14d12ee1022d,,Botany,11,02,SAN RAFAEL DEL YUMA,081102,874cc670affffff
https://data.biodiversitydata.nl/naturalis/specimen/U.1197505,2517330445,Celtis iguanaea,Celtis iguanaea (Jacq.) Sarg.,Cannabaceae,Celtis,SPECIES,PRESERVED_SPECIMEN,1983-11-22,1983,-68.61667,18.4,NA,15f819bd-6612-4447-854b-14d12ee1022d,,Botany,11,02,SAN RAFAEL DEL YUMA,081102,874cc6713ffffff
https://data.biodiversitydata.nl/naturalis/specimen/U.1197986,2517120570,Schaefferia frutescens,Schaefferia frutescens Jacq.,Celastraceae,Schaefferia,SPECIES,PRESERVED_SPECIMEN,1996-05-26,1996,-68.61667,18.36667,NA,15f819bd-6612-4447-854b-14d12ee1022d,,Botany,11,02,SAN RAFAEL DEL YUMA,081102,874cc67a9ffffff
https://data.biodiversitydata.nl/naturalis/specimen/U.1208709,2517082559,Clusia rosea,Clusia rosea Jacq.,Clusiaceae,Clusia,SPECIES,PRESERVED_SPECIMEN,1983-11-22,1983,-68.61667,18.4,NA,15f819bd-6612-4447-854b-14d12ee1022d,,Botany,11,02,SAN RAFAEL DEL YUMA,081102,874cc6713ffffff
https://data.biodiversitydata.nl/naturalis/specimen/U.1259676,2517402365,Cojoba arborea,Cojoba arborea (L.) Britton & Rose,Fabaceae,Cojoba,SPECIES,PRESERVED_SPECIMEN,1992-03-07,1992,-68.61667,18.36667,NA,15f819bd-6612-4447-854b-14d12ee1022d,,Botany,11,02,SAN RAFAEL DEL YUMA,081102,874cc67a9ffffff
https://data.biodiversitydata.nl/naturalis/specimen/U.1276219,2517437566,Erythroxylum areolatum,Erythroxylum areolatum L.,Erythroxylaceae,Erythroxylum,SPECIES,PRESERVED_SPECIMEN,1996-05-26,1996,-68.61667,18.36667,NA,15f819bd-6612-4447-854b-14d12ee1022d,,Botany,11,02,SAN RAFAEL DEL YUMA,081102,874cc67a9ffffff
https://data.biodiversitydata.nl/naturalis/specimen/U.1278940,2517393563,Gymnanthes lucida,Ateramnus lucidus (Sw.) Rothm.,Euphorbiaceae,Gymnanthes,SPECIES,PRESERVED_SPECIMEN,1996-05-26,1996,-68.61667,18.36667,NA,15f819bd-6612-4447-854b-14d12ee1022d,,Botany,11,02,SAN RAFAEL DEL YUMA,081102,874cc67a9ffffff
https://data.biodiversitydata.nl/naturalis/specimen/U.1278966,2515386874,Argythamnia candicans,Argythamnia candicans Sw.,Euphorbiaceae,Argythamnia,SPECIES,PRESERVED_SPECIMEN,1992-03-06,1992,-68.61667,18.36667,NA,15f819bd-6612-4447-854b-14d12ee1022d,,Botany,11,02,SAN RAFAEL DEL YUMA,081102,874cc67a9ffffff
https://data.biodiversitydata.nl/naturalis/specimen/U.1325235,2517425201,Senna mexicana,Senna mexicana (Jacq.) H.S.Irwin & Barneby,Fabaceae,Senna,SPECIES,PRESERVED_SPECIMEN,1985-01-10,1985,-68.83333,18.36667,NA,15f819bd-6612-4447-854b-14d12ee1022d,,Botany,11,02,SAN RAFAEL DEL YUMA,081102,874cd5b44ffffff
https://data.biodiversitydata.nl/naturalis/specimen/U.1333527,2515573836,Zapoteca portoricensis,Zapoteca portoricensis (Jacq.) H.M.Hern.,Fabaceae,Zapoteca,SPECIES,PRESERVED_SPECIMEN,1992-03-07,1992,-68.61667,18.36667,NA,15f819bd-6612-4447-854b-14d12ee1022d,,Botany,11,02,SAN RAFAEL DEL YUMA,081102,874cc67a9ffffff
https://data.biodiversitydata.nl/naturalis/specimen/U.1343372,2515440634,Ottoschulzia rhodoxylon,Ottoschulzia rhodoxylon (Urb.) Urb.,Metteniusaceae,Ottoschulzia,SPECIES,PRESERVED_SPECIMEN,1992-03-07,1992,-68.61667,18.36667,NA,15f819bd-6612-4447-854b-14d12ee1022d,,Botany,11,02,SAN RAFAEL DEL YUMA,081102,874cc67a9ffffff
https://data.biodiversitydata.nl/naturalis/specimen/U.1378234,2517204008,Triumfetta semitriloba,Triumfetta semitriloba Jacq.,Malvaceae,Triumfetta,SPECIES,PRESERVED_SPECIMEN,1981-02-04,1981,-68.61667,18.35,NA,15f819bd-6612-4447-854b-14d12ee1022d,,Botany,11,02,SAN RAFAEL DEL YUMA,081102,874cc6636ffffff
https://data.biodiversitydata.nl/naturalis/specimen/U.1442963,2517477773,Pimenta yumana,Eugenia yumana Alain,Myrtaceae,Pimenta,SPECIES,PRESERVED_SPECIMEN,1992-03-08,1992,-68.61667,18.36667,NA,15f819bd-6612-4447-854b-14d12ee1022d,,Botany,11,02,SAN RAFAEL DEL YUMA,081102,874cc67a9ffffff
https://data.biodiversitydata.nl/naturalis/specimen/U.1490588,2517194537,Piper amalago,Piper amalago L.,Piperaceae,Piper,SPECIES,PRESERVED_SPECIMEN,1980-05-07,1980,-68.88333,18.43333,NA,15f819bd-6612-4447-854b-14d12ee1022d,,Botany,11,02,SAN RAFAEL DEL YUMA,081102,874cd5b2dffffff
https://data.biodiversitydata.nl/naturalis/specimen/U.1535698,2517459188,Coccoloba venosa,Coccoloba venosa L.,Polygonaceae,Coccoloba,SPECIES,PRESERVED_SPECIMEN,1992-03-07,1992,-68.61667,18.36667,NA,15f819bd-6612-4447-854b-14d12ee1022d,,Botany,11,02,SAN RAFAEL DEL YUMA,081102,874cc67a9ffffff
https://data.biodiversitydata.nl/naturalis/specimen/U.1541475,2517546307,Cassipourea guianensis,Cassipourea guianensis Aubl.,Rhizophoraceae,Cassipourea,SPECIES,PRESERVED_SPECIMEN,1992-03-07,1992,-68.61667,18.36667,NA,15f819bd-6612-4447-854b-14d12ee1022d,,Botany,11,02,SAN RAFAEL DEL YUMA,081102,874cc67a9ffffff
https://data.biodiversitydata.nl/naturalis/specimen/U.1551621,2517262532,Prunus myrtifolia,Prunus myrtifolia (L.) Urb.,Rosaceae,Prunus,SPECIES,PRESERVED_SPECIMEN,1992-03-07,1992,-68.61667,18.36667,NA,15f819bd-6612-4447-854b-14d12ee1022d,,Botany,11,02,SAN RAFAEL DEL YUMA,081102,874cc67a9ffffff
https://data.biodiversitydata.nl/naturalis/specimen/U.1566044,2515497362,Cubanola domingensis,Cubanola domingensis (Britton) Aiello,Rubiaceae,Cubanola,SPECIES,PRESERVED_SPECIMEN,1983-11-22,1983,-68.61667,18.4,NA,15f819bd-6612-4447-854b-14d12ee1022d,,Botany,11,02,SAN RAFAEL DEL YUMA,081102,874cc6713ffffff
https://data.biodiversitydata.nl/naturalis/specimen/U.1574734,2517548741,Amyris elemifera,Amyris elemifera L.,Rutaceae,Amyris,SPECIES,PRESERVED_SPECIMEN,1992-03-06,1992,-68.61667,18.36667,NA,15f819bd-6612-4447-854b-14d12ee1022d,,Botany,11,02,SAN RAFAEL DEL YUMA,081102,874cc67a9ffffff
https://data.biodiversitydata.nl/naturalis/specimen/U.1578559,2515678495,Zanthoxylum punctatum,Zanthoxylum obtriangulare (Urb.) Jiménez,Rutaceae,Zanthoxylum,SPECIES,PRESERVED_SPECIMEN,1992-03-07,1992,-68.61667,18.36667,NA,15f819bd-6612-4447-854b-14d12ee1022d,,Botany,11,02,SAN RAFAEL DEL YUMA,081102,874cc67a9ffffff
https://data.biodiversitydata.nl/naturalis/specimen/U.1591379,2515576760,Blighia sapida,Blighia sapida K.D.Koenig,Sapindaceae,Blighia,SPECIES,PRESERVED_SPECIMEN,1980-07-30,1980,-68.78333,18.48333,NA,15f819bd-6612-4447-854b-14d12ee1022d,,Botany,11,02,SAN RAFAEL DEL YUMA,081102,874cc64eeffffff
https://data.biodiversitydata.nl/naturalis/specimen/U.1749383,2515638873,Rousselia humilis,Rousselia humilis (Sw.) Urb.,Urticaceae,Rousselia,SPECIES,PRESERVED_SPECIMEN,1992-03-06,1992,-68.61667,18.36667,NA,15f819bd-6612-4447-854b-14d12ee1022d,,Botany,11,02,SAN RAFAEL DEL YUMA,081102,874cc67a9ffffff
https://observation.org/observation/167068488,4995579860,Kalanchoe pinnata,Kalanchoe pinnata (Lam.) Pers.,Crassulaceae,Kalanchoe,SPECIES,HUMAN_OBSERVATION,2019-01-23,2019,-68.836136,18.388573,25,8a863029-f435-446a-821e-275f4f641165,,,11,02,SAN RAFAEL DEL YUMA,081102,874cd5b75ffffff
https://observation.org/observation/167080833,2836778730,Argemone mexicana,Argemone mexicana L.,Papaveraceae,Argemone,SPECIES,HUMAN_OBSERVATION,2019-01-25,2019,-68.839325,18.402699,25,8a863029-f435-446a-821e-275f4f641165,,,11,02,SAN RAFAEL DEL YUMA,081102,874cc64dbffffff
https://observation.org/observation/167254240,2840915760,Hamelia patens,Hamelia patens Jacq.,Rubiaceae,Hamelia,SPECIES,HUMAN_OBSERVATION,2019-01-25,2019,-68.835693,18.405069,25,8a863029-f435-446a-821e-275f4f641165,,,11,02,SAN RAFAEL DEL YUMA,081102,874cc64dbffffff
https://observation.org/observation/167255595,2836399925,Parthenium hysterophorus,Parthenium hysterophorus L.,Asteraceae,Parthenium,SPECIES,HUMAN_OBSERVATION,2019-01-23,2019,-68.83593,18.388624,25,8a863029-f435-446a-821e-275f4f641165,,,11,02,SAN RAFAEL DEL YUMA,081102,874cd5b75ffffff
https://observation.org/observation/167255642,2837036809,Morinda citrifolia,Morinda citrifolia L.,Rubiaceae,Morinda,SPECIES,HUMAN_OBSERVATION,2019-01-24,2019,-68.839867,18.362556,25,8a863029-f435-446a-821e-275f4f641165,,,11,02,SAN RAFAEL DEL YUMA,081102,874cd5b46ffffff
https://observation.org/observation/167255668,2845178748,Rivina humilis,Rivina humilis L.,Petiveriaceae,Rivina,SPECIES,HUMAN_OBSERVATION,2019-01-24,2019,-68.840431,18.363565,25,8a863029-f435-446a-821e-275f4f641165,,,11,02,SAN RAFAEL DEL YUMA,081102,874cd5b71ffffff
https://observation.org/observation/167255681,4055857697,Waltheria indica,Waltheria indica L.,Malvaceae,Waltheria,SPECIES,HUMAN_OBSERVATION,2019-01-25,2019,-68.83535,18.405121,25,8a863029-f435-446a-821e-275f4f641165,,,11,02,SAN RAFAEL DEL YUMA,081102,874cc64dbffffff
https://observation.org/observation/167255682,2844163804,Ipomoea hederifolia,Ipomoea hederifolia L.,Convolvulaceae,Ipomoea,SPECIES,HUMAN_OBSERVATION,2019-01-25,2019,-68.835876,18.404919,25,8a863029-f435-446a-821e-275f4f641165,,,11,02,SAN RAFAEL DEL YUMA,081102,874cc64dbffffff
https://observation.org/observation/167385339,2841554870,Heliotropium curassavicum,Heliotropium curassavicum L.,Heliotropiaceae,Heliotropium,SPECIES,HUMAN_OBSERVATION,2019-01-25,2019,-68.840767,18.367826,25,8a863029-f435-446a-821e-275f4f641165,,,11,02,SAN RAFAEL DEL YUMA,081102,874cd5b71ffffff
https://observation.org/observation/167387312,2833311865,Catharanthus roseus,Catharanthus roseus (L.) G.Don,Apocynaceae,Catharanthus,SPECIES,HUMAN_OBSERVATION,2019-01-25,2019,-68.839821,18.367868,25,8a863029-f435-446a-821e-275f4f641165,,,11,02,SAN RAFAEL DEL YUMA,081102,874cd5b71ffffff
https://observation.org/observation/167527713,2833685434,Cocos nucifera,Cocos nucifera L.,Arecaceae,Cocos,SPECIES,HUMAN_OBSERVATION,2019-01-24,2019,-68.810768,18.330429,25,8a863029-f435-446a-821e-275f4f641165,,,11,02,SAN RAFAEL DEL YUMA,081102,874cd5b41ffffff
https://wu.jacq.org/WU0020156,1135431711,Annona dumetorum,Annona dumetorum R.E.Fr.,Annonaceae,Annona,SPECIES,PRESERVED_SPECIMEN,1996-05-26,1996,-68.61667,18.36667,500,0afba960-be3b-4202-a7de-736ae05aec9e,WU,Herbarium WU,11,02,SAN RAFAEL DEL YUMA,081102,874cc67a9ffffff
https://wu.jacq.org/WU0020157,1135431771,Annona dumetorum,Annona dumetorum R.E.Fr.,Annonaceae,Annona,SPECIES,PRESERVED_SPECIMEN,1996-05-26,1996,-68.61667,18.36667,500,0afba960-be3b-4202-a7de-736ae05aec9e,WU,Herbarium WU,11,02,SAN RAFAEL DEL YUMA,081102,874cc67a9ffffff
https://wu.jacq.org/WU0020158,1135431721,Annona dumetorum,Annona dumetorum R.E.Fr.,Annonaceae,Annona,SPECIES,PRESERVED_SPECIMEN,1996-05-26,1996,-68.61667,18.36667,500,0afba960-be3b-4202-a7de-736ae05aec9e,WU,Herbarium WU,11,02,SAN RAFAEL DEL YUMA,081102,874cc67a9ffffff
https://www.inaturalist.org/observations/101294086,3499616518,Cocos nucifera,Cocos nucifera L.,Arecaceae,Cocos,SPECIES,HUMAN_OBSERVATION,2021-11-16T23:09Z,2021,-68.819752,18.345508,209,50c9509d-22c7-4a22-a47d-8c48425ef4a7,iNaturalist,Observations,11,02,SAN RAFAEL DEL YUMA,081102,874cd5b40ffffff
https://www.inaturalist.org/observations/103960531,3456597205,Cocos nucifera,Cocos nucifera L.,Arecaceae,Cocos,SPECIES,HUMAN_OBSERVATION,2014-03-23,2014,-68.568944,18.367442,200,50c9509d-22c7-4a22-a47d-8c48425ef4a7,iNaturalist,Observations,11,02,SAN RAFAEL DEL YUMA,081102,874cc6719ffffff
https://www.inaturalist.org/observations/104358483,6133547709,Leptocereus bayahibensis,Leptocereus bayahibensis Hoxey & Gdaniec,Cactaceae,Leptocereus,SPECIES,HUMAN_OBSERVATION,2021-12-15T10:06:54Z,2021,-68.43312,18.444753,4,50c9509d-22c7-4a22-a47d-8c48425ef4a7,iNaturalist,Observations,11,02,SAN RAFAEL DEL YUMA,081102,874cc60c3ffffff
https://www.inaturalist.org/observations/110082742,3760301610,Tradescantia pallida,Tradescantia pallida (Rose) D.R.Hunt,Commelinaceae,Tradescantia,SPECIES,HUMAN_OBSERVATION,2022-02-06T17:11:39,2022,-68.864264,18.436196,NA,50c9509d-22c7-4a22-a47d-8c48425ef4a7,iNaturalist,Observations,11,02,SAN RAFAEL DEL YUMA,081102,874cc64deffffff
https://www.inaturalist.org/observations/131494274,3903032154,Coccoloba uvifera,Coccoloba uvifera (L.) L.,Polygonaceae,Coccoloba,SPECIES,HUMAN_OBSERVATION,2022-08-19T15:39:49,2022,-68.819047,18.340317,24,50c9509d-22c7-4a22-a47d-8c48425ef4a7,iNaturalist,Observations,11,02,SAN RAFAEL DEL YUMA,081102,874cd5b40ffffff
https://www.inaturalist.org/observations/131494305,3923382606,Bursera simaruba,Bursera simaruba (L.) Sarg.,Burseraceae,Bursera,SPECIES,HUMAN_OBSERVATION,2022-08-19T15:39:28,2022,-68.81917,18.3403,32,50c9509d-22c7-4a22-a47d-8c48425ef4a7,iNaturalist,Observations,11,02,SAN RAFAEL DEL YUMA,081102,874cd5b40ffffff
https://www.inaturalist.org/observations/131503235,3902435534,Cocos nucifera,Cocos nucifera L.,Arecaceae,Cocos,SPECIES,HUMAN_OBSERVATION,2022-08-19T17:24:04,2022,-68.821563,18.342817,32,50c9509d-22c7-4a22-a47d-8c48425ef4a7,iNaturalist,Observations,11,02,SAN RAFAEL DEL YUMA,081102,874cd5b40ffffff
https://www.inaturalist.org/observations/145359771,4028999105,Talinum fruticosum,Talinum fruticosum (L.) Juss.,Talinaceae,Talinum,SPECIES,HUMAN_OBSERVATION,2022-12-29T10:00:39,2022,-68.810813,18.330503,11,50c9509d-22c7-4a22-a47d-8c48425ef4a7,iNaturalist,Observations,11,02,SAN RAFAEL DEL YUMA,081102,874cd5b41ffffff
https://www.inaturalist.org/observations/149877324,4075654922,Kalanchoe pinnata,Kalanchoe pinnata (Lam.) Pers.,Crassulaceae,Kalanchoe,SPECIES,HUMAN_OBSERVATION,2023-02-21T12:19,2023,-68.809042,18.328701,8,50c9509d-22c7-4a22-a47d-8c48425ef4a7,iNaturalist,Observations,11,02,SAN RAFAEL DEL YUMA,081102,874cd5b41ffffff
https://www.inaturalist.org/observations/149877327,4054824611,Passiflora suberosa,Passiflora suberosa subsp. suberosa,Passifloraceae,Passiflora,SUBSPECIES,HUMAN_OBSERVATION,2023-02-21T12:37,2023,-68.809042,18.328701,8,50c9509d-22c7-4a22-a47d-8c48425ef4a7,iNaturalist,Observations,11,02,SAN RAFAEL DEL YUMA,081102,874cd5b41ffffff
https://www.inaturalist.org/observations/153034206,4076185381,Ipomoea pes-caprae,Ipomoea pes-caprae (L.) R.Br.,Convolvulaceae,Ipomoea,SPECIES,HUMAN_OBSERVATION,2023-04-01T08:48:31,2023,-68.81917,18.34015,NA,50c9509d-22c7-4a22-a47d-8c48425ef4a7,iNaturalist,Observations,11,02,SAN RAFAEL DEL YUMA,081102,874cd5b40ffffff
https://www.inaturalist.org/observations/153119321,4080467590,Guaiacum sanctum,Guaiacum sanctum L.,Zygophyllaceae,Guaiacum,SPECIES,HUMAN_OBSERVATION,2023-03-31T11:20:58,2023,-68.801578,18.329013,NA,50c9509d-22c7-4a22-a47d-8c48425ef4a7,iNaturalist,Observations,11,02,SAN RAFAEL DEL YUMA,081102,874cd5b41ffffff
https://www.inaturalist.org/observations/153231042,4453984664,Thunbergia grandiflora,Thunbergia grandiflora (Roxb. ex Rottler) Roxb.,Acanthaceae,Thunbergia,SPECIES,HUMAN_OBSERVATION,2023-03-30T17:12:58,2023,-68.864156,18.436702,3,50c9509d-22c7-4a22-a47d-8c48425ef4a7,iNaturalist,Observations,11,02,SAN RAFAEL DEL YUMA,081102,874cc64deffffff
https://www.inaturalist.org/observations/155462295,4091725661,Coccoloba uvifera,Coccoloba uvifera (L.) L.,Polygonaceae,Coccoloba,SPECIES,HUMAN_OBSERVATION,2023-04-18T09:10:44,2023,-68.824883,18.34482,30,50c9509d-22c7-4a22-a47d-8c48425ef4a7,iNaturalist,Observations,11,02,SAN RAFAEL DEL YUMA,081102,874cd5b40ffffff
https://www.inaturalist.org/observations/156627983,4096590813,Crescentia cujete,Crescentia cujete L.,Bignoniaceae,Crescentia,SPECIES,HUMAN_OBSERVATION,2023-04-25T15:44:09,2023,-68.843605,18.374313,3,50c9509d-22c7-4a22-a47d-8c48425ef4a7,iNaturalist,Observations,11,02,SAN RAFAEL DEL YUMA,081102,874cd5b71ffffff
https://www.inaturalist.org/observations/157235712,4103219148,Sphagneticola trilobata,Sphagneticola trilobata (L.) Pruski,Asteraceae,Sphagneticola,SPECIES,HUMAN_OBSERVATION,2023-04-28T10:30:47,2023,-68.843855,18.376,4,50c9509d-22c7-4a22-a47d-8c48425ef4a7,iNaturalist,Observations,11,02,SAN RAFAEL DEL YUMA,081102,874cd5b71ffffff
https://www.inaturalist.org/observations/157239654,4102687151,Ipomoea pes-caprae,Ipomoea pes-caprae (L.) R.Br.,Convolvulaceae,Ipomoea,SPECIES,HUMAN_OBSERVATION,2023-04-28T10:18:07,2023,-68.844003,18.374695,4,50c9509d-22c7-4a22-a47d-8c48425ef4a7,iNaturalist,Observations,11,02,SAN RAFAEL DEL YUMA,081102,874cd5b71ffffff
https://www.inaturalist.org/observations/164798861,4129687977,Cocos nucifera,Cocos nucifera L.,Arecaceae,Cocos,SPECIES,HUMAN_OBSERVATION,2023-05-31T09:12:49,2023,-68.843193,18.373539,35,50c9509d-22c7-4a22-a47d-8c48425ef4a7,iNaturalist,Observations,11,02,SAN RAFAEL DEL YUMA,081102,874cd5b71ffffff
https://www.inaturalist.org/observations/164803383,4129952532,Coccoloba uvifera,Coccoloba uvifera (L.) L.,Polygonaceae,Coccoloba,SPECIES,HUMAN_OBSERVATION,2023-05-31T09:47:53,2023,-68.842918,18.373819,500,50c9509d-22c7-4a22-a47d-8c48425ef4a7,iNaturalist,Observations,11,02,SAN RAFAEL DEL YUMA,081102,874cd5b71ffffff
https://www.inaturalist.org/observations/165485594,4130171966,Sesuvium portulacastrum,Sesuvium portulacastrum (L.) L.,Aizoaceae,Sesuvium,SPECIES,HUMAN_OBSERVATION,2023-06-04T07:59:09,2023,-68.843781,18.3745,98,50c9509d-22c7-4a22-a47d-8c48425ef4a7,iNaturalist,Observations,11,02,SAN RAFAEL DEL YUMA,081102,874cd5b71ffffff
https://www.inaturalist.org/observations/168110327,4453869774,Heliconia rostrata,Heliconia rostrata Ruiz & Pav.,Heliconiaceae,Heliconia,SPECIES,HUMAN_OBSERVATION,2023-06-18T12:07:20,2023,-68.883347,18.418915,3725,50c9509d-22c7-4a22-a47d-8c48425ef4a7,iNaturalist,Observations,11,02,SAN RAFAEL DEL YUMA,081102,874cd5b29ffffff
https://www.inaturalist.org/observations/168113721,4137923216,Terminalia catappa,Terminalia catappa L.,Combretaceae,Terminalia,SPECIES,HUMAN_OBSERVATION,2023-06-18T12:22:39,2023,-68.883766,18.418915,3725,50c9509d-22c7-4a22-a47d-8c48425ef4a7,iNaturalist,Observations,11,02,SAN RAFAEL DEL YUMA,081102,874cd5b29ffffff
https://www.inaturalist.org/observations/168114695,4138661117,Delonix regia,Delonix regia (Bojer ex Hook.) Raf.,Fabaceae,Delonix,SPECIES,HUMAN_OBSERVATION,2023-06-18T12:26:39,2023,-68.883766,18.418915,3725,50c9509d-22c7-4a22-a47d-8c48425ef4a7,iNaturalist,Observations,11,02,SAN RAFAEL DEL YUMA,081102,874cd5b29ffffff
https://www.inaturalist.org/observations/168513192,4137775411,Crescentia cujete,Crescentia cujete L.,Bignoniaceae,Crescentia,SPECIES,HUMAN_OBSERVATION,2023-06-20T13:01:07,2023,-68.883743,18.415039,3725,50c9509d-22c7-4a22-a47d-8c48425ef4a7,iNaturalist,Observations,11,02,SAN RAFAEL DEL YUMA,081102,874cd5b29ffffff
https://www.inaturalist.org/observations/173403224,4162421247,Arivela viscosa,Cleome viscosa L.,Cleomaceae,Arivela,SPECIES,HUMAN_OBSERVATION,2023-07-17T08:29:09,2023,-68.609612,18.374805,4,50c9509d-22c7-4a22-a47d-8c48425ef4a7,iNaturalist,Observations,11,02,SAN RAFAEL DEL YUMA,081102,874cc671affffff
https://www.inaturalist.org/observations/174522927,4165767448,Morinda citrifolia,Morinda citrifolia L.,Rubiaceae,Morinda,SPECIES,HUMAN_OBSERVATION,2023-07-17T18:39:06,2023,-68.607825,18.377205,4,50c9509d-22c7-4a22-a47d-8c48425ef4a7,iNaturalist,Observations,11,02,SAN RAFAEL DEL YUMA,081102,874cc671affffff
https://www.inaturalist.org/observations/187910017,4430618206,Cecropia schreberiana,Cecropia schreberiana Miq.,Urticaceae,Cecropia,SPECIES,HUMAN_OBSERVATION,2019-02-12T16:27,2019,-68.879919,18.449069,8,50c9509d-22c7-4a22-a47d-8c48425ef4a7,iNaturalist,Observations,11,02,SAN RAFAEL DEL YUMA,081102,874cc64d3ffffff
https://www.inaturalist.org/observations/18849017,5076755337,Megathyrsus maximus,Megathyrsus maximus (Jacq.) B.K.Simon & S.W.L.Jacobs,Poaceae,Megathyrsus,SPECIES,HUMAN_OBSERVATION,2018-11-14T13:02:58,2018,-68.890167,18.396672,2000,50c9509d-22c7-4a22-a47d-8c48425ef4a7,iNaturalist,Observations,11,02,SAN RAFAEL DEL YUMA,081102,874cd5b0dffffff
https://www.inaturalist.org/observations/18849036,5076719328,Melochia pyramidata,Melochia pyramidata L.,Malvaceae,Melochia,SPECIES,HUMAN_OBSERVATION,2018-11-14T12:45:48,2018,-68.88987,18.396487,32,50c9509d-22c7-4a22-a47d-8c48425ef4a7,iNaturalist,Observations,11,02,SAN RAFAEL DEL YUMA,081102,874cd5b0dffffff
https://www.inaturalist.org/observations/18849056,5076740339,Dactyloctenium aegyptium,Dactyloctenium aegyptium (L.) Willd.,Poaceae,Dactyloctenium,SPECIES,HUMAN_OBSERVATION,2018-11-14T12:43:19,2018,-68.889817,18.396555,8,50c9509d-22c7-4a22-a47d-8c48425ef4a7,iNaturalist,Observations,11,02,SAN RAFAEL DEL YUMA,081102,874cd5b0dffffff
https://www.inaturalist.org/observations/18849095,5076730343,Sesuvium portulacastrum,Sesuvium portulacastrum (L.) L.,Aizoaceae,Sesuvium,SPECIES,HUMAN_OBSERVATION,2018-11-14T12:19:01,2018,-68.89167,18.39573,6,50c9509d-22c7-4a22-a47d-8c48425ef4a7,iNaturalist,Observations,11,02,SAN RAFAEL DEL YUMA,081102,874cd5b0dffffff
https://www.inaturalist.org/observations/18849160,5076748334,Rachicallis americana,Rachicallis americana (Jacq.) Hitchc.,Rubiaceae,Rachicallis,SPECIES,HUMAN_OBSERVATION,2018-11-14T12:10:12,2018,-68.891175,18.395628,16,50c9509d-22c7-4a22-a47d-8c48425ef4a7,iNaturalist,Observations,11,02,SAN RAFAEL DEL YUMA,081102,874cd5b0dffffff
https://www.inaturalist.org/observations/189574939,4436453412,Sphagneticola trilobata,Sphagneticola trilobata (L.) Pruski,Asteraceae,Sphagneticola,SPECIES,HUMAN_OBSERVATION,2023-10-30T11:42:43,2023,-68.615892,18.35847,4,50c9509d-22c7-4a22-a47d-8c48425ef4a7,iNaturalist,Observations,11,02,SAN RAFAEL DEL YUMA,081102,874cc6634ffffff
https://www.inaturalist.org/observations/189859103,4440664415,Eulophia maculata,Eulophia maculata (Lindl.) Rchb.f.,Orchidaceae,Eulophia,SPECIES,HUMAN_OBSERVATION,2023-10-30T12:55,2023,-68.619037,18.362315,NA,50c9509d-22c7-4a22-a47d-8c48425ef4a7,iNaturalist,Observations,11,02,SAN RAFAEL DEL YUMA,081102,874cc67a9ffffff
https://www.inaturalist.org/observations/190148064,4438858623,Guaiacum sanctum,Guaiacum sanctum L.,Zygophyllaceae,Guaiacum,SPECIES,HUMAN_OBSERVATION,2023-10-30T11:02,2023,-68.61819,18.364002,NA,50c9509d-22c7-4a22-a47d-8c48425ef4a7,iNaturalist,Observations,11,02,SAN RAFAEL DEL YUMA,081102,874cc67a9ffffff
https://www.inaturalist.org/observations/193184059,4465704535,Consolea picardae,Consolea picardae (Urb.) Areces,Cactaceae,Consolea,SPECIES,HUMAN_OBSERVATION,2022-04-10T11:45,2022,-68.837746,18.372139,1869,50c9509d-22c7-4a22-a47d-8c48425ef4a7,iNaturalist,Observations,11,02,SAN RAFAEL DEL YUMA,081102,874cd5b71ffffff
https://www.inaturalist.org/observations/194351592,4500633639,Terminalia catappa,Terminalia catappa L.,Combretaceae,Terminalia,SPECIES,HUMAN_OBSERVATION,2013-03-10T22:13,2013,-68.818448,18.355431,977,50c9509d-22c7-4a22-a47d-8c48425ef4a7,iNaturalist,Observations,11,02,SAN RAFAEL DEL YUMA,081102,874cd5b44ffffff
https://www.inaturalist.org/observations/194351595,4500687371,Tillandsia usneoides,Tillandsia usneoides (L.) L.,Bromeliaceae,Tillandsia,SPECIES,HUMAN_OBSERVATION,2013-03-12T01:23,2013,-68.815015,18.357543,977,50c9509d-22c7-4a22-a47d-8c48425ef4a7,iNaturalist,Observations,11,02,SAN RAFAEL DEL YUMA,081102,874cd5b44ffffff
https://www.inaturalist.org/observations/194351610,4500915465,Tillandsia balbisiana,Tillandsia balbisiana Schult. & Schult.f.,Bromeliaceae,Tillandsia,SPECIES,HUMAN_OBSERVATION,2013-03-13T01:09,2013,-68.859416,18.395944,1953,50c9509d-22c7-4a22-a47d-8c48425ef4a7,iNaturalist,Observations,11,02,SAN RAFAEL DEL YUMA,081102,874cd5b74ffffff
https://www.inaturalist.org/observations/194383476,4506275437,Zamia pumila,Zamia pumila L.,Zamiaceae,Zamia,SPECIES,HUMAN_OBSERVATION,2013-03-12T19:38,2013,-68.840658,18.370955,128,50c9509d-22c7-4a22-a47d-8c48425ef4a7,iNaturalist,Observations,11,02,SAN RAFAEL DEL YUMA,081102,874cd5b71ffffff
https://www.inaturalist.org/observations/194383477,5237844359,Broughtonia domingensis,Broughtonia domingensis (Lindl.) Rolfe,Orchidaceae,Broughtonia,SPECIES,HUMAN_OBSERVATION,2013-03-12T01:26,2013,-68.839714,18.370466,182,50c9509d-22c7-4a22-a47d-8c48425ef4a7,iNaturalist,Observations,11,02,SAN RAFAEL DEL YUMA,081102,874cd5b71ffffff
https://www.inaturalist.org/observations/194383478,4512019013,Zamia pumila,Zamia pumila L.,Zamiaceae,Zamia,SPECIES,HUMAN_OBSERVATION,2013-03-12T19:38,2013,-68.840401,18.370955,182,50c9509d-22c7-4a22-a47d-8c48425ef4a7,iNaturalist,Observations,11,02,SAN RAFAEL DEL YUMA,081102,874cd5b71ffffff
https://www.inaturalist.org/observations/195117393,4507676143,Ceiba pentandra,Ceiba pentandra (L.) Gaertn.,Malvaceae,Ceiba,SPECIES,HUMAN_OBSERVATION,2023-12-28T17:50:48,2023,-68.84687,18.376528,4,50c9509d-22c7-4a22-a47d-8c48425ef4a7,iNaturalist,Observations,11,02,SAN RAFAEL DEL YUMA,081102,874cd5b71ffffff
https://www.inaturalist.org/observations/195117825,4507928078,Tecoma stans,Tecoma stans (L.) Juss. ex Kunth,Bignoniaceae,Tecoma,SPECIES,HUMAN_OBSERVATION,2023-12-28T18:00:32,2023,-68.847655,18.376367,4,50c9509d-22c7-4a22-a47d-8c48425ef4a7,iNaturalist,Observations,11,02,SAN RAFAEL DEL YUMA,081102,874cd5b71ffffff
https://www.inaturalist.org/observations/196296940,4512196539,Jasminum fluminense,Jasminum fluminense Vell.,Oleaceae,Jasminum,SPECIES,HUMAN_OBSERVATION,2024-01-10T10:58:21,2024,-68.885271,18.44174,231,50c9509d-22c7-4a22-a47d-8c48425ef4a7,iNaturalist,Observations,11,02,SAN RAFAEL DEL YUMA,081102,874cd5b2cffffff
https://www.inaturalist.org/observations/196297312,4512162643,Antigonon leptopus,Antigonon leptopus Hook. & Arn.,Polygonaceae,Antigonon,SPECIES,HUMAN_OBSERVATION,2024-01-10T10:09:14,2024,-68.885366,18.441738,231,50c9509d-22c7-4a22-a47d-8c48425ef4a7,iNaturalist,Observations,11,02,SAN RAFAEL DEL YUMA,081102,874cd5b2cffffff
https://www.inaturalist.org/observations/197734040,4525097678,Psiguria pedata,Psiguria pedata (L.) R.A.Howard,Cucurbitaceae,Psiguria,SPECIES,HUMAN_OBSERVATION,2024-01-20T13:50,2024,-68.812902,18.375381,62,50c9509d-22c7-4a22-a47d-8c48425ef4a7,iNaturalist,Observations,11,02,SAN RAFAEL DEL YUMA,081102,874cd5b62ffffff
https://www.inaturalist.org/observations/19904813,1990599775,Borrichia arborescens,Borrichia arborescens (L.) DC.,Asteraceae,Borrichia,SPECIES,HUMAN_OBSERVATION,2018-01-15T09:34,2018,-68.6107,18.351839,500,50c9509d-22c7-4a22-a47d-8c48425ef4a7,iNaturalist,Observations,11,02,SAN RAFAEL DEL YUMA,081102,874cc6634ffffff
https://www.inaturalist.org/observations/199306357,5006795224,Opuntia cochenillifera,Opuntia cochenillifera (L.) Mill.,Cactaceae,Opuntia,SPECIES,HUMAN_OBSERVATION,2024-02-08T16:38,2024,-68.69165,18.300725,1202,50c9509d-22c7-4a22-a47d-8c48425ef4a7,iNaturalist,Observations,11,02,SAN RAFAEL DEL YUMA,081102,874cc66a0ffffff
https://www.inaturalist.org/observations/199306360,5007278186,Melicoccus bijugatus,Melicoccus bijugatus Jacq.,Sapindaceae,Melicoccus,SPECIES,HUMAN_OBSERVATION,2024-02-08T16:38,2024,-68.69165,18.300725,1202,50c9509d-22c7-4a22-a47d-8c48425ef4a7,iNaturalist,Observations,11,02,SAN RAFAEL DEL YUMA,081102,874cc66a0ffffff
https://www.inaturalist.org/observations/199306361,5007273672,Antigonon leptopus,Antigonon leptopus Hook. & Arn.,Polygonaceae,Antigonon,SPECIES,HUMAN_OBSERVATION,2024-02-08T16:38,2024,-68.69165,18.300725,1202,50c9509d-22c7-4a22-a47d-8c48425ef4a7,iNaturalist,Observations,11,02,SAN RAFAEL DEL YUMA,081102,874cc66a0ffffff
https://www.inaturalist.org/observations/199306362,5008191927,Tecoma stans,Tecoma stans (L.) Juss. ex Kunth,Bignoniaceae,Tecoma,SPECIES,HUMAN_OBSERVATION,2024-02-08T16:38,2024,-68.69165,18.300725,1202,50c9509d-22c7-4a22-a47d-8c48425ef4a7,iNaturalist,Observations,11,02,SAN RAFAEL DEL YUMA,081102,874cc66a0ffffff
https://www.inaturalist.org/observations/199306366,5007720964,Rivina humilis,Rivina humilis L.,Petiveriaceae,Rivina,SPECIES,HUMAN_OBSERVATION,2024-02-08T16:38,2024,-68.69165,18.300725,1202,50c9509d-22c7-4a22-a47d-8c48425ef4a7,iNaturalist,Observations,11,02,SAN RAFAEL DEL YUMA,081102,874cc66a0ffffff
https://www.inaturalist.org/observations/199306369,5008033657,Zanthoxylum martinicense,Zanthoxylum martinicense (Lam.) DC.,Rutaceae,Zanthoxylum,SPECIES,HUMAN_OBSERVATION,2024-02-08T16:38,2024,-68.69165,18.300725,1202,50c9509d-22c7-4a22-a47d-8c48425ef4a7,iNaturalist,Observations,11,02,SAN RAFAEL DEL YUMA,081102,874cc66a0ffffff
https://www.inaturalist.org/observations/199306372,5006764302,Solandra maxima,Solandra maxima (Moc. & Sessé) P.S.Green,Solanaceae,Solandra,SPECIES,HUMAN_OBSERVATION,2024-02-08T16:38,2024,-68.69165,18.300725,1202,50c9509d-22c7-4a22-a47d-8c48425ef4a7,iNaturalist,Observations,11,02,SAN RAFAEL DEL YUMA,081102,874cc66a0ffffff
https://www.inaturalist.org/observations/199306384,6333846536,Stigmaphyllon emarginatum,Stigmaphyllon emarginatum (Cav.) A.Juss.,Malpighiaceae,Stigmaphyllon,SPECIES,HUMAN_OBSERVATION,2024-02-08T16:38,2024,-68.69165,18.300725,1202,50c9509d-22c7-4a22-a47d-8c48425ef4a7,iNaturalist,Observations,11,02,SAN RAFAEL DEL YUMA,081102,874cc66a0ffffff
https://www.inaturalist.org/observations/199306386,5008165936,Jatropha gossypiifolia,Jatropha gossypiifolia L.,Euphorbiaceae,Jatropha,SPECIES,HUMAN_OBSERVATION,2024-02-08T16:38,2024,-68.69165,18.300725,1202,50c9509d-22c7-4a22-a47d-8c48425ef4a7,iNaturalist,Observations,11,02,SAN RAFAEL DEL YUMA,081102,874cc66a0ffffff
https://www.inaturalist.org/observations/199306393,5007999557,Parthenium hysterophorus,Parthenium hysterophorus L.,Asteraceae,Parthenium,SPECIES,HUMAN_OBSERVATION,2024-02-08T16:38,2024,-68.69165,18.300725,1202,50c9509d-22c7-4a22-a47d-8c48425ef4a7,iNaturalist,Observations,11,02,SAN RAFAEL DEL YUMA,081102,874cc66a0ffffff
https://www.inaturalist.org/observations/199306394,5007957910,Plumbago zeylanica,Plumbago zeylanica L.,Plumbaginaceae,Plumbago,SPECIES,HUMAN_OBSERVATION,2024-02-08T16:38,2024,-68.69165,18.300725,1202,50c9509d-22c7-4a22-a47d-8c48425ef4a7,iNaturalist,Observations,11,02,SAN RAFAEL DEL YUMA,081102,874cc66a0ffffff
https://www.inaturalist.org/observations/199306395,5007963184,Carica papaya,Carica papaya L.,Caricaceae,Carica,SPECIES,HUMAN_OBSERVATION,2024-02-08T16:38,2024,-68.69165,18.300725,1202,50c9509d-22c7-4a22-a47d-8c48425ef4a7,iNaturalist,Observations,11,02,SAN RAFAEL DEL YUMA,081102,874cc66a0ffffff
https://www.inaturalist.org/observations/199306397,5007277190,Bursera simaruba,Bursera simaruba (L.) Sarg.,Burseraceae,Bursera,SPECIES,HUMAN_OBSERVATION,2024-02-08T16:38,2024,-68.69165,18.300725,1202,50c9509d-22c7-4a22-a47d-8c48425ef4a7,iNaturalist,Observations,11,02,SAN RAFAEL DEL YUMA,081102,874cc66a0ffffff
https://www.inaturalist.org/observations/199306398,5008032498,Roystonea borinquena,Roystonea borinquena O.F.Cook,Arecaceae,Roystonea,SPECIES,HUMAN_OBSERVATION,2024-02-08T16:38,2024,-68.69165,18.300725,1202,50c9509d-22c7-4a22-a47d-8c48425ef4a7,iNaturalist,Observations,11,02,SAN RAFAEL DEL YUMA,081102,874cc66a0ffffff
https://www.inaturalist.org/observations/199306399,5008247319,Distimake quinquefolius,Distimake quinquefolius (L.) A.R.Simões & Staples,Convolvulaceae,Distimake,SPECIES,HUMAN_OBSERVATION,2024-02-08T16:38,2024,-68.69165,18.300725,1202,50c9509d-22c7-4a22-a47d-8c48425ef4a7,iNaturalist,Observations,11,02,SAN RAFAEL DEL YUMA,081102,874cc66a0ffffff
https://www.inaturalist.org/observations/199306402,5006855995,Abutilon viscosum,Abutilon viscosum (L.) Dorr,Malvaceae,Abutilon,SPECIES,HUMAN_OBSERVATION,2024-02-08T16:38,2024,-68.69165,18.300725,1202,50c9509d-22c7-4a22-a47d-8c48425ef4a7,iNaturalist,Observations,11,02,SAN RAFAEL DEL YUMA,081102,874cc66a0ffffff
https://www.inaturalist.org/observations/199306403,5007759269,Rivina humilis,Rivina humilis L.,Petiveriaceae,Rivina,SPECIES,HUMAN_OBSERVATION,2024-02-08T16:38,2024,-68.69165,18.300725,1202,50c9509d-22c7-4a22-a47d-8c48425ef4a7,iNaturalist,Observations,11,02,SAN RAFAEL DEL YUMA,081102,874cc66a0ffffff
https://www.inaturalist.org/observations/199306406,5007774614,Pisonia aculeata,Pisonia aculeata L.,Nyctaginaceae,Pisonia,SPECIES,HUMAN_OBSERVATION,2024-02-08T16:38,2024,-68.69165,18.300725,1202,50c9509d-22c7-4a22-a47d-8c48425ef4a7,iNaturalist,Observations,11,02,SAN RAFAEL DEL YUMA,081102,874cc66a0ffffff
https://www.inaturalist.org/observations/199306407,5008215132,Plumbago zeylanica,Plumbago zeylanica L.,Plumbaginaceae,Plumbago,SPECIES,HUMAN_OBSERVATION,2024-02-08T16:38,2024,-68.69165,18.300725,1202,50c9509d-22c7-4a22-a47d-8c48425ef4a7,iNaturalist,Observations,11,02,SAN RAFAEL DEL YUMA,081102,874cc66a0ffffff
https://www.inaturalist.org/observations/199306408,5007327544,Gossypium hirsutum,Gossypium hirsutum L.,Malvaceae,Gossypium,SPECIES,HUMAN_OBSERVATION,2024-02-08T16:38,2024,-68.69165,18.300725,1202,50c9509d-22c7-4a22-a47d-8c48425ef4a7,iNaturalist,Observations,11,02,SAN RAFAEL DEL YUMA,081102,874cc66a0ffffff
https://www.inaturalist.org/observations/199306410,5007797357,Chromolaena odorata,Chromolaena odorata (L.) R.M.King & H.Rob.,Asteraceae,Chromolaena,SPECIES,HUMAN_OBSERVATION,2024-02-08T16:38,2024,-68.69165,18.300725,1202,50c9509d-22c7-4a22-a47d-8c48425ef4a7,iNaturalist,Observations,11,02,SAN RAFAEL DEL YUMA,081102,874cc66a0ffffff
https://www.inaturalist.org/observations/199306411,5007954021,Abutilon viscosum,Abutilon viscosum (L.) Dorr,Malvaceae,Abutilon,SPECIES,HUMAN_OBSERVATION,2024-02-08T16:38,2024,-68.69165,18.300725,1202,50c9509d-22c7-4a22-a47d-8c48425ef4a7,iNaturalist,Observations,11,02,SAN RAFAEL DEL YUMA,081102,874cc66a0ffffff
https://www.inaturalist.org/observations/199306412,5008165937,Gossypium hirsutum,Gossypium hirsutum L.,Malvaceae,Gossypium,SPECIES,HUMAN_OBSERVATION,2024-02-08T16:38,2024,-68.69165,18.300725,1202,50c9509d-22c7-4a22-a47d-8c48425ef4a7,iNaturalist,Observations,11,02,SAN RAFAEL DEL YUMA,081102,874cc66a0ffffff
https://www.inaturalist.org/observations/199306414,5006986575,Heliotropium angiospermum,Heliotropium angiospermum Murray,Heliotropiaceae,Heliotropium,SPECIES,HUMAN_OBSERVATION,2024-02-08T16:38,2024,-68.69165,18.300725,1202,50c9509d-22c7-4a22-a47d-8c48425ef4a7,iNaturalist,Observations,11,02,SAN RAFAEL DEL YUMA,081102,874cc66a0ffffff
https://www.inaturalist.org/observations/199306417,5007761846,Bidens alba,Bidens alba (L.) DC.,Asteraceae,Bidens,SPECIES,HUMAN_OBSERVATION,2024-02-08T16:38,2024,-68.69165,18.300725,1202,50c9509d-22c7-4a22-a47d-8c48425ef4a7,iNaturalist,Observations,11,02,SAN RAFAEL DEL YUMA,081102,874cc66a0ffffff
https://www.inaturalist.org/observations/199306419,5006771926,Opuntia cochenillifera,Opuntia cochenillifera (L.) Mill.,Cactaceae,Opuntia,SPECIES,HUMAN_OBSERVATION,2024-02-08T16:38,2024,-68.69165,18.300725,1202,50c9509d-22c7-4a22-a47d-8c48425ef4a7,iNaturalist,Observations,11,02,SAN RAFAEL DEL YUMA,081102,874cc66a0ffffff
https://www.inaturalist.org/observations/199306424,5008032499,Tillandsia usneoides,Tillandsia usneoides (L.) L.,Bromeliaceae,Tillandsia,SPECIES,HUMAN_OBSERVATION,2024-02-08T16:38,2024,-68.69165,18.300725,1202,50c9509d-22c7-4a22-a47d-8c48425ef4a7,iNaturalist,Observations,11,02,SAN RAFAEL DEL YUMA,081102,874cc66a0ffffff
https://www.inaturalist.org/observations/199306426,5007743520,Dolichandra unguis-cati,Dolichandra unguis-cati (L.) L.G.Lohmann,Bignoniaceae,Dolichandra,SPECIES,HUMAN_OBSERVATION,2024-02-08T16:38,2024,-68.69165,18.300725,1202,50c9509d-22c7-4a22-a47d-8c48425ef4a7,iNaturalist,Observations,11,02,SAN RAFAEL DEL YUMA,081102,874cc66a0ffffff
https://www.inaturalist.org/observations/199306428,5007917281,Stigmaphyllon emarginatum,Stigmaphyllon emarginatum (Cav.) A.Juss.,Malpighiaceae,Stigmaphyllon,SPECIES,HUMAN_OBSERVATION,2024-02-08T16:38,2024,-68.69165,18.300725,1202,50c9509d-22c7-4a22-a47d-8c48425ef4a7,iNaturalist,Observations,11,02,SAN RAFAEL DEL YUMA,081102,874cc66a0ffffff
https://www.inaturalist.org/observations/199306431,5007906697,Cojoba arborea,Cojoba arborea (L.) Britton & Rose,Fabaceae,Cojoba,SPECIES,HUMAN_OBSERVATION,2024-02-08T16:38,2024,-68.69165,18.300725,1202,50c9509d-22c7-4a22-a47d-8c48425ef4a7,iNaturalist,Observations,11,02,SAN RAFAEL DEL YUMA,081102,874cc66a0ffffff
https://www.inaturalist.org/observations/199306435,5008178434,Guaiacum sanctum,Guaiacum sanctum L.,Zygophyllaceae,Guaiacum,SPECIES,HUMAN_OBSERVATION,2024-02-08T16:38,2024,-68.69165,18.300725,1202,50c9509d-22c7-4a22-a47d-8c48425ef4a7,iNaturalist,Observations,11,02,SAN RAFAEL DEL YUMA,081102,874cc66a0ffffff
https://www.inaturalist.org/observations/199306441,5007816601,Tradescantia spathacea,Tradescantia spathacea Sw.,Commelinaceae,Tradescantia,SPECIES,HUMAN_OBSERVATION,2024-02-08T16:38,2024,-68.69165,18.300725,1202,50c9509d-22c7-4a22-a47d-8c48425ef4a7,iNaturalist,Observations,11,02,SAN RAFAEL DEL YUMA,081102,874cc66a0ffffff
https://www.inaturalist.org/observations/199306443,5007692929,Tradescantia spathacea,Tradescantia spathacea Sw.,Commelinaceae,Tradescantia,SPECIES,HUMAN_OBSERVATION,2024-02-08T16:38,2024,-68.69165,18.300725,1202,50c9509d-22c7-4a22-a47d-8c48425ef4a7,iNaturalist,Observations,11,02,SAN RAFAEL DEL YUMA,081102,874cc66a0ffffff
https://www.inaturalist.org/observations/199306446,5006853995,Ernodea littoralis,Ernodea littoralis Sw.,Rubiaceae,Ernodea,SPECIES,HUMAN_OBSERVATION,2024-02-08T16:38,2024,-68.69165,18.300725,1202,50c9509d-22c7-4a22-a47d-8c48425ef4a7,iNaturalist,Observations,11,02,SAN RAFAEL DEL YUMA,081102,874cc66a0ffffff
https://www.inaturalist.org/observations/199306450,6129963886,Leptocereus bayahibensis,Leptocereus bayahibensis Hoxey & Gdaniec,Cactaceae,Leptocereus,SPECIES,HUMAN_OBSERVATION,2024-02-08T16:38,2024,-68.69165,18.300725,1202,50c9509d-22c7-4a22-a47d-8c48425ef4a7,iNaturalist,Observations,11,02,SAN RAFAEL DEL YUMA,081102,874cc66a0ffffff
https://www.inaturalist.org/observations/199306454,5006930585,Tillandsia utriculata,Tillandsia utriculata L.,Bromeliaceae,Tillandsia,SPECIES,HUMAN_OBSERVATION,2024-02-08T16:38,2024,-68.69165,18.300725,1202,50c9509d-22c7-4a22-a47d-8c48425ef4a7,iNaturalist,Observations,11,02,SAN RAFAEL DEL YUMA,081102,874cc66a0ffffff
https://www.inaturalist.org/observations/199306456,5008186263,Bursera simaruba,Bursera simaruba (L.) Sarg.,Burseraceae,Bursera,SPECIES,HUMAN_OBSERVATION,2024-02-08T16:38,2024,-68.69165,18.300725,1202,50c9509d-22c7-4a22-a47d-8c48425ef4a7,iNaturalist,Observations,11,02,SAN RAFAEL DEL YUMA,081102,874cc66a0ffffff
https://www.inaturalist.org/observations/199306458,5008229302,Ernodea littoralis,Ernodea littoralis Sw.,Rubiaceae,Ernodea,SPECIES,HUMAN_OBSERVATION,2024-02-08T16:38,2024,-68.69165,18.300725,1202,50c9509d-22c7-4a22-a47d-8c48425ef4a7,iNaturalist,Observations,11,02,SAN RAFAEL DEL YUMA,081102,874cc66a0ffffff
https://www.inaturalist.org/observations/199306465,5007748482,Bursera simaruba,Bursera simaruba (L.) Sarg.,Burseraceae,Bursera,SPECIES,HUMAN_OBSERVATION,2024-02-08T16:38,2024,-68.69165,18.300725,1202,50c9509d-22c7-4a22-a47d-8c48425ef4a7,iNaturalist,Observations,11,02,SAN RAFAEL DEL YUMA,081102,874cc66a0ffffff
https://www.inaturalist.org/observations/199306468,5007136646,Kalanchoe pinnata,Kalanchoe pinnata (Lam.) Pers.,Crassulaceae,Kalanchoe,SPECIES,HUMAN_OBSERVATION,2024-02-08T16:38,2024,-68.69165,18.300725,1202,50c9509d-22c7-4a22-a47d-8c48425ef4a7,iNaturalist,Observations,11,02,SAN RAFAEL DEL YUMA,081102,874cc66a0ffffff
https://www.inaturalist.org/observations/199306471,5007917282,Ernodea littoralis,Ernodea littoralis Sw.,Rubiaceae,Ernodea,SPECIES,HUMAN_OBSERVATION,2024-02-08T16:38,2024,-68.69165,18.300725,1202,50c9509d-22c7-4a22-a47d-8c48425ef4a7,iNaturalist,Observations,11,02,SAN RAFAEL DEL YUMA,081102,874cc66a0ffffff
https://www.inaturalist.org/observations/199306472,5007764332,Cocos nucifera,Cocos nucifera L.,Arecaceae,Cocos,SPECIES,HUMAN_OBSERVATION,2024-02-08T16:38,2024,-68.69165,18.300725,1202,50c9509d-22c7-4a22-a47d-8c48425ef4a7,iNaturalist,Observations,11,02,SAN RAFAEL DEL YUMA,081102,874cc66a0ffffff
https://www.inaturalist.org/observations/199306772,5008165233,Allamanda blanchetii,Allamanda blanchetii A.DC.,Apocynaceae,Allamanda,SPECIES,HUMAN_OBSERVATION,2024-02-06T17:56,2024,-68.838684,18.368348,1869,50c9509d-22c7-4a22-a47d-8c48425ef4a7,iNaturalist,Observations,11,02,SAN RAFAEL DEL YUMA,081102,874cd5b71ffffff
https://www.inaturalist.org/observations/199306776,5006764303,Youngia japonica,Youngia japonica (L.) DC.,Asteraceae,Youngia,SPECIES,HUMAN_OBSERVATION,2024-02-06T17:56,2024,-68.838684,18.368348,1869,50c9509d-22c7-4a22-a47d-8c48425ef4a7,iNaturalist,Observations,11,02,SAN RAFAEL DEL YUMA,081102,874cd5b71ffffff
https://www.inaturalist.org/observations/199306777,5008221536,Carica papaya,Carica papaya L.,Caricaceae,Carica,SPECIES,HUMAN_OBSERVATION,2024-02-06T17:56,2024,-68.838684,18.368348,1869,50c9509d-22c7-4a22-a47d-8c48425ef4a7,iNaturalist,Observations,11,02,SAN RAFAEL DEL YUMA,081102,874cd5b71ffffff
https://www.inaturalist.org/observations/199846057,4525281711,Kalanchoe pinnata,Kalanchoe pinnata (Lam.) Pers.,Crassulaceae,Kalanchoe,SPECIES,HUMAN_OBSERVATION,2024-02-19T13:23,2024,-68.839408,18.361655,4,50c9509d-22c7-4a22-a47d-8c48425ef4a7,iNaturalist,Observations,11,02,SAN RAFAEL DEL YUMA,081102,874cd5b46ffffff
https://www.inaturalist.org/observations/200823962,5932407750,Bromelia pinguin,Bromelia pinguin L.,Bromeliaceae,Bromelia,SPECIES,HUMAN_OBSERVATION,2024-02-29T12:09:01,2024,-68.802912,18.328062,4,50c9509d-22c7-4a22-a47d-8c48425ef4a7,iNaturalist,Observations,11,02,SAN RAFAEL DEL YUMA,081102,874cd5b41ffffff
https://www.inaturalist.org/observations/200852771,4535641837,Guilandina bonduc,Guilandina bonduc L.,Fabaceae,Guilandina,SPECIES,HUMAN_OBSERVATION,2024-02-29T17:47:37,2024,-68.837578,18.36048,4,50c9509d-22c7-4a22-a47d-8c48425ef4a7,iNaturalist,Observations,11,02,SAN RAFAEL DEL YUMA,081102,874cd5b46ffffff
https://www.inaturalist.org/observations/201537270,4597293286,Sesuvium portulacastrum,Sesuvium portulacastrum (L.) L.,Aizoaceae,Sesuvium,SPECIES,HUMAN_OBSERVATION,2024-03-05T12:35:19,2024,-68.60698,18.376922,4,50c9509d-22c7-4a22-a47d-8c48425ef4a7,iNaturalist,Observations,11,02,SAN RAFAEL DEL YUMA,081102,874cc671affffff
https://www.inaturalist.org/observations/202528515,4597001132,Hura crepitans,Hura crepitans L.,Euphorbiaceae,Hura,SPECIES,HUMAN_OBSERVATION,2024-03-15T10:24:15,2024,-68.833471,18.494423,7,50c9509d-22c7-4a22-a47d-8c48425ef4a7,iNaturalist,Observations,11,02,SAN RAFAEL DEL YUMA,081102,874cc64f1ffffff
https://www.inaturalist.org/observations/204822580,4606733994,Delonix regia,Delonix regia (Bojer ex Hook.) Raf.,Fabaceae,Delonix,SPECIES,HUMAN_OBSERVATION,2024-03-31T18:15:09,2024,-68.826873,18.347407,3,50c9509d-22c7-4a22-a47d-8c48425ef4a7,iNaturalist,Observations,11,02,SAN RAFAEL DEL YUMA,081102,874cd5b40ffffff
https://www.inaturalist.org/observations/206254477,4607653808,Morinda citrifolia,Morinda citrifolia L.,Rubiaceae,Morinda,SPECIES,HUMAN_OBSERVATION,2024-04-01T13:20:14,2024,-68.840233,18.368195,5,50c9509d-22c7-4a22-a47d-8c48425ef4a7,iNaturalist,Observations,11,02,SAN RAFAEL DEL YUMA,081102,874cd5b71ffffff
https://www.inaturalist.org/observations/206422244,4607411741,Coccoloba uvifera,Coccoloba uvifera (L.) L.,Polygonaceae,Coccoloba,SPECIES,HUMAN_OBSERVATION,2024-02-13T18:43:28,2024,-68.837817,18.373914,1498,50c9509d-22c7-4a22-a47d-8c48425ef4a7,iNaturalist,Observations,11,02,SAN RAFAEL DEL YUMA,081102,874cd5b71ffffff
https://www.inaturalist.org/observations/208344864,4852877392,Mangifera indica,Mangifera indica L.,Anacardiaceae,Mangifera,SPECIES,HUMAN_OBSERVATION,2024-04-18T16:31:06,2024,-68.816611,18.340502999999998,NA,50c9509d-22c7-4a22-a47d-8c48425ef4a7,iNaturalist,Observations,11,02,SAN RAFAEL DEL YUMA,081102,874cd5b40ffffff
https://www.inaturalist.org/observations/208347215,4852798160,Cycas revoluta,Cycas revoluta Thunb.,Cycadaceae,Cycas,SPECIES,HUMAN_OBSERVATION,2024-04-18T16:04:47,2024,-68.816456,18.341606,NA,50c9509d-22c7-4a22-a47d-8c48425ef4a7,iNaturalist,Observations,11,02,SAN RAFAEL DEL YUMA,081102,874cd5b40ffffff
https://www.inaturalist.org/observations/208740483,4902071313,Dictyosphaeria cavernosa,Dictyosphaeria cavernosa (Forssk.) Boerg.,Siphonocladaceae,Dictyosphaeria,SPECIES,HUMAN_OBSERVATION,2024-04-22T11:07:26,2024,-68.817742,18.339269,NA,50c9509d-22c7-4a22-a47d-8c48425ef4a7,iNaturalist,Observations,11,02,SAN RAFAEL DEL YUMA,081102,874cd5b40ffffff
https://www.inaturalist.org/observations/212365199,4855044683,Parthenium hysterophorus,Parthenium hysterophorus L.,Asteraceae,Parthenium,SPECIES,HUMAN_OBSERVATION,2024-04-30T16:02:34,2024,-68.65046,18.405287,3,50c9509d-22c7-4a22-a47d-8c48425ef4a7,iNaturalist,Observations,11,02,SAN RAFAEL DEL YUMA,081102,874cc67a1ffffff
https://www.inaturalist.org/observations/219644379,4875113740,Echites umbellatus,Echites umbellatus Jacq.,Apocynaceae,Echites,SPECIES,HUMAN_OBSERVATION,2024-05-31T12:20:55,2024,-68.610062,18.374128,NA,50c9509d-22c7-4a22-a47d-8c48425ef4a7,iNaturalist,Observations,11,02,SAN RAFAEL DEL YUMA,081102,874cc671affffff
https://www.inaturalist.org/observations/219644393,4875212728,Coccoloba uvifera,Coccoloba uvifera (L.) L.,Polygonaceae,Coccoloba,SPECIES,HUMAN_OBSERVATION,2024-05-31T12:24:05,2024,-68.610344,18.373976,NA,50c9509d-22c7-4a22-a47d-8c48425ef4a7,iNaturalist,Observations,11,02,SAN RAFAEL DEL YUMA,081102,874cc671affffff
https://www.inaturalist.org/observations/219673000,6179385749,Broughtonia domingensis,Broughtonia domingensis (Lindl.) Rolfe,Orchidaceae,Broughtonia,SPECIES,HUMAN_OBSERVATION,2024-05-27T08:53,2024,-68.810682,18.3302,8,50c9509d-22c7-4a22-a47d-8c48425ef4a7,iNaturalist,Observations,11,02,SAN RAFAEL DEL YUMA,081102,874cd5b41ffffff
https://www.inaturalist.org/observations/219982221,4892207239,Coccoloba uvifera,Coccoloba uvifera (L.) L.,Polygonaceae,Coccoloba,SPECIES,HUMAN_OBSERVATION,2024-06-02T09:15:23,2024,-68.815384,18.337661,8,50c9509d-22c7-4a22-a47d-8c48425ef4a7,iNaturalist,Observations,11,02,SAN RAFAEL DEL YUMA,081102,874cd5b41ffffff
https://www.inaturalist.org/observations/229818281,4909140141,Coccoloba uvifera,Coccoloba uvifera (L.) L.,Polygonaceae,Coccoloba,SPECIES,HUMAN_OBSERVATION,2024-07-16T09:12:34,2024,-68.811867,18.332553,5,50c9509d-22c7-4a22-a47d-8c48425ef4a7,iNaturalist,Observations,11,02,SAN RAFAEL DEL YUMA,081102,874cd5b41ffffff
https://www.inaturalist.org/observations/230185002,4910905630,Rivina humilis,Rivina humilis L.,Petiveriaceae,Rivina,SPECIES,HUMAN_OBSERVATION,2024-07-16T09:45:48,2024,-68.810228,18.32882,24,50c9509d-22c7-4a22-a47d-8c48425ef4a7,iNaturalist,Observations,11,02,SAN RAFAEL DEL YUMA,081102,874cd5b41ffffff
https://www.inaturalist.org/observations/230185320,4910949006,Talinum fruticosum,Talinum fruticosum (L.) Juss.,Talinaceae,Talinum,SPECIES,HUMAN_OBSERVATION,2024-07-16T09:48:50,2024,-68.809775,18.328528,3,50c9509d-22c7-4a22-a47d-8c48425ef4a7,iNaturalist,Observations,11,02,SAN RAFAEL DEL YUMA,081102,874cd5b41ffffff
https://www.inaturalist.org/observations/230186045,5133429572,Opuntia stricta,Opuntia stricta (Haw.) Haw.,Cactaceae,Opuntia,SPECIES,HUMAN_OBSERVATION,2024-07-16T09:50:07,2024,-68.809647,18.328367,4,50c9509d-22c7-4a22-a47d-8c48425ef4a7,iNaturalist,Observations,11,02,SAN RAFAEL DEL YUMA,081102,874cd5b41ffffff
https://www.inaturalist.org/observations/230186184,4910920821,Lasiacis divaricata,Lasiacis divaricata (L.) Hitchc.,Poaceae,Lasiacis,SPECIES,HUMAN_OBSERVATION,2024-07-16T09:49:49,2024,-68.809625,18.328362,4,50c9509d-22c7-4a22-a47d-8c48425ef4a7,iNaturalist,Observations,11,02,SAN RAFAEL DEL YUMA,081102,874cd5b41ffffff
https://www.inaturalist.org/observations/230186427,4910702035,Bursera simaruba,Bursera simaruba (L.) Sarg.,Burseraceae,Bursera,SPECIES,HUMAN_OBSERVATION,2024-07-16T09:51:49,2024,-68.809555,18.328112,3,50c9509d-22c7-4a22-a47d-8c48425ef4a7,iNaturalist,Observations,11,02,SAN RAFAEL DEL YUMA,081102,874cd5b41ffffff
https://www.inaturalist.org/observations/230187106,4911115541,Vachellia macracantha,Vachellia macracantha (Humb. & Bonpl. ex Willd.) Seigler & Ebinger,Fabaceae,Vachellia,SPECIES,HUMAN_OBSERVATION,2024-07-16T10:14:26,2024,-68.810792,18.330563,3,50c9509d-22c7-4a22-a47d-8c48425ef4a7,iNaturalist,Observations,11,02,SAN RAFAEL DEL YUMA,081102,874cd5b41ffffff
https://www.inaturalist.org/observations/231259599,4911158130,Clusia rosea,Clusia rosea Jacq.,Clusiaceae,Clusia,SPECIES,HUMAN_OBSERVATION,2024-07-23T10:04:09,2024,-68.810342,18.329458,3,50c9509d-22c7-4a22-a47d-8c48425ef4a7,iNaturalist,Observations,11,02,SAN RAFAEL DEL YUMA,081102,874cd5b41ffffff
https://www.inaturalist.org/observations/231259771,4910828644,Coccoloba uvifera,Coccoloba uvifera (L.) L.,Polygonaceae,Coccoloba,SPECIES,HUMAN_OBSERVATION,2024-07-23T10:02:05,2024,-68.810387,18.32958,4,50c9509d-22c7-4a22-a47d-8c48425ef4a7,iNaturalist,Observations,11,02,SAN RAFAEL DEL YUMA,081102,874cd5b41ffffff
https://www.inaturalist.org/observations/231259846,4910881588,Eugenia axillaris,Eugenia axillaris (Sw.) Willd.,Myrtaceae,Eugenia,SPECIES,HUMAN_OBSERVATION,2024-07-23T10:02,2024,-68.810372,18.329605,4,50c9509d-22c7-4a22-a47d-8c48425ef4a7,iNaturalist,Observations,11,02,SAN RAFAEL DEL YUMA,081102,874cd5b41ffffff
https://www.inaturalist.org/observations/231259958,4911070745,Canella winterana,Canella winterana (L.) Gaertn.,Canellaceae,Canella,SPECIES,HUMAN_OBSERVATION,2024-07-23T09:59:01,2024,-68.8106,18.329955000000002,4,50c9509d-22c7-4a22-a47d-8c48425ef4a7,iNaturalist,Observations,11,02,SAN RAFAEL DEL YUMA,081102,874cd5b41ffffff
https://www.inaturalist.org/observations/231260141,4910895742,Bourreria succulenta,Bourreria succulenta Jacq.,Ehretiaceae,Bourreria,SPECIES,HUMAN_OBSERVATION,2024-07-23T09:56:47,2024,-68.810653,18.330155,4,50c9509d-22c7-4a22-a47d-8c48425ef4a7,iNaturalist,Observations,11,02,SAN RAFAEL DEL YUMA,081102,874cd5b41ffffff
https://www.inaturalist.org/observations/231318774,4919659726,Centrosema virginianum,Centrosema virginianum (L.) Benth.,Fabaceae,Centrosema,SPECIES,HUMAN_OBSERVATION,2024-07-23T08:16,2024,-68.807962,18.333153,4,50c9509d-22c7-4a22-a47d-8c48425ef4a7,iNaturalist,Observations,11,02,SAN RAFAEL DEL YUMA,081102,874cd5b41ffffff
https://www.inaturalist.org/observations/231318997,4919249676,Coccoloba diversifolia,Coccoloba diversifolia Jacq.,Polygonaceae,Coccoloba,SPECIES,HUMAN_OBSERVATION,2024-07-23T08:27:44,2024,-68.808137,18.333163,14,50c9509d-22c7-4a22-a47d-8c48425ef4a7,iNaturalist,Observations,11,02,SAN RAFAEL DEL YUMA,081102,874cd5b41ffffff
https://www.inaturalist.org/observations/231319137,4919326168,Cissus trifoliata,Cissus trifoliata (L.) L.,Vitaceae,Cissus,SPECIES,HUMAN_OBSERVATION,2024-07-23T08:55:22,2024,-68.810478,18.333212,3,50c9509d-22c7-4a22-a47d-8c48425ef4a7,iNaturalist,Observations,11,02,SAN RAFAEL DEL YUMA,081102,874cd5b41ffffff
https://www.inaturalist.org/observations/231320254,4919512907,Exostema caribaeum,Exostema caribaeum (Jacq.) Roem. & Schult.,Rubiaceae,Exostema,SPECIES,HUMAN_OBSERVATION,2024-07-23T09:36:47,2024,-68.811547,18.331903,3,50c9509d-22c7-4a22-a47d-8c48425ef4a7,iNaturalist,Observations,11,02,SAN RAFAEL DEL YUMA,081102,874cd5b41ffffff
https://www.inaturalist.org/observations/231321065,4919658704,Terminalia buceras,Terminalia buceras (L.) C.Wright,Combretaceae,Terminalia,SPECIES,HUMAN_OBSERVATION,2024-07-23T09:49:15,2024,-68.810853,18.330708,5,50c9509d-22c7-4a22-a47d-8c48425ef4a7,iNaturalist,Observations,11,02,SAN RAFAEL DEL YUMA,081102,874cd5b41ffffff
https://www.inaturalist.org/observations/232336386,4921581420,Pluchea carolinensis,Pluchea carolinensis (Jacq.) G.Don,Asteraceae,Pluchea,SPECIES,HUMAN_OBSERVATION,2024-07-20T08:29,2024,-68.807769,18.333342,5,50c9509d-22c7-4a22-a47d-8c48425ef4a7,iNaturalist,Observations,11,02,SAN RAFAEL DEL YUMA,081102,874cd5b41ffffff
https://www.inaturalist.org/observations/232336387,4921625930,Ipomoea triloba,Ipomoea triloba L.,Convolvulaceae,Ipomoea,SPECIES,HUMAN_OBSERVATION,2024-07-20T08:30,2024,-68.807739,18.333364,5,50c9509d-22c7-4a22-a47d-8c48425ef4a7,iNaturalist,Observations,11,02,SAN RAFAEL DEL YUMA,081102,874cd5b41ffffff
https://www.inaturalist.org/observations/232336388,4921939836,Dactyloctenium aegyptium,Dactyloctenium aegyptium (L.) Willd.,Poaceae,Dactyloctenium,SPECIES,HUMAN_OBSERVATION,2024-07-20T08:31,2024,-68.807747,18.333364,5,50c9509d-22c7-4a22-a47d-8c48425ef4a7,iNaturalist,Observations,11,02,SAN RAFAEL DEL YUMA,081102,874cd5b41ffffff
https://www.inaturalist.org/observations/232336390,4919504378,Centrosema virginianum,Centrosema virginianum (L.) Benth.,Fabaceae,Centrosema,SPECIES,HUMAN_OBSERVATION,2024-07-20T08:44,2024,-68.807878,18.333311,5,50c9509d-22c7-4a22-a47d-8c48425ef4a7,iNaturalist,Observations,11,02,SAN RAFAEL DEL YUMA,081102,874cd5b41ffffff
https://www.inaturalist.org/observations/232336396,4921979427,Varronia curassavica,Varronia curassavica Jacq.,Cordiaceae,Varronia,SPECIES,HUMAN_OBSERVATION,2024-07-20T08:45,2024,-68.807822,18.333294,5,50c9509d-22c7-4a22-a47d-8c48425ef4a7,iNaturalist,Observations,11,02,SAN RAFAEL DEL YUMA,081102,874cd5b41ffffff
https://www.inaturalist.org/observations/232336398,4921653918,Trichostigma octandrum,Trichostigma octandrum (L.) H.Walter,Petiveriaceae,Trichostigma,SPECIES,HUMAN_OBSERVATION,2024-07-20T08:45,2024,-68.807814,18.333303,5,50c9509d-22c7-4a22-a47d-8c48425ef4a7,iNaturalist,Observations,11,02,SAN RAFAEL DEL YUMA,081102,874cd5b41ffffff
https://www.inaturalist.org/observations/232336401,4919321983,Coccoloba diversifolia,Coccoloba diversifolia Jacq.,Polygonaceae,Coccoloba,SPECIES,HUMAN_OBSERVATION,2024-07-20T09:13,2024,-68.808336,18.333169,5,50c9509d-22c7-4a22-a47d-8c48425ef4a7,iNaturalist,Observations,11,02,SAN RAFAEL DEL YUMA,081102,874cd5b41ffffff
https://www.inaturalist.org/observations/232336402,4919304562,Tamarindus indica,Tamarindus indica L.,Fabaceae,Tamarindus,SPECIES,HUMAN_OBSERVATION,2024-07-20T09:15,2024,-68.809622,18.333225,5,50c9509d-22c7-4a22-a47d-8c48425ef4a7,iNaturalist,Observations,11,02,SAN RAFAEL DEL YUMA,081102,874cd5b41ffffff
https://www.inaturalist.org/observations/232336413,4919218979,Morinda citrifolia,Morinda citrifolia L.,Rubiaceae,Morinda,SPECIES,HUMAN_OBSERVATION,2024-07-20T10:07,2024,-68.811606,18.332461,5,50c9509d-22c7-4a22-a47d-8c48425ef4a7,iNaturalist,Observations,11,02,SAN RAFAEL DEL YUMA,081102,874cd5b41ffffff
https://www.inaturalist.org/observations/232336414,4919143225,Coccoloba uvifera,Coccoloba uvifera (L.) L.,Polygonaceae,Coccoloba,SPECIES,HUMAN_OBSERVATION,2024-07-20T10:09,2024,-68.811644,18.332189,5,50c9509d-22c7-4a22-a47d-8c48425ef4a7,iNaturalist,Observations,11,02,SAN RAFAEL DEL YUMA,081102,874cd5b41ffffff
https://www.inaturalist.org/observations/232336419,4919446977,Kalanchoe pinnata,Kalanchoe pinnata (Lam.) Pers.,Crassulaceae,Kalanchoe,SPECIES,HUMAN_OBSERVATION,2024-07-20T10:10,2024,-68.811639,18.332128,5,50c9509d-22c7-4a22-a47d-8c48425ef4a7,iNaturalist,Observations,11,02,SAN RAFAEL DEL YUMA,081102,874cd5b41ffffff
https://www.inaturalist.org/observations/232336422,4919429392,Echites umbellatus,Echites umbellatus Jacq.,Apocynaceae,Echites,SPECIES,HUMAN_OBSERVATION,2024-07-20T10:11,2024,-68.811631,18.332092,5,50c9509d-22c7-4a22-a47d-8c48425ef4a7,iNaturalist,Observations,11,02,SAN RAFAEL DEL YUMA,081102,874cd5b41ffffff
https://www.inaturalist.org/observations/232336423,5062789161,Guilandina bonduc,Guilandina bonduc L.,Fabaceae,Guilandina,SPECIES,HUMAN_OBSERVATION,2024-07-20T10:11,2024,-68.811553,18.331872,5,50c9509d-22c7-4a22-a47d-8c48425ef4a7,iNaturalist,Observations,11,02,SAN RAFAEL DEL YUMA,081102,874cd5b41ffffff
https://www.inaturalist.org/observations/232336428,4919225000,Rivina humilis,Rivina humilis L.,Petiveriaceae,Rivina,SPECIES,HUMAN_OBSERVATION,2024-07-20T10:12,2024,-68.811417,18.331575,5,50c9509d-22c7-4a22-a47d-8c48425ef4a7,iNaturalist,Observations,11,02,SAN RAFAEL DEL YUMA,081102,874cd5b41ffffff
https://www.inaturalist.org/observations/232336435,4919723722,Ernodea littoralis,Ernodea littoralis Sw.,Rubiaceae,Ernodea,SPECIES,HUMAN_OBSERVATION,2024-07-20T10:14,2024,-68.811386,18.331486,5,50c9509d-22c7-4a22-a47d-8c48425ef4a7,iNaturalist,Observations,11,02,SAN RAFAEL DEL YUMA,081102,874cd5b41ffffff
https://www.inaturalist.org/observations/232336463,4919477267,Rivina humilis,Rivina humilis L.,Petiveriaceae,Rivina,SPECIES,HUMAN_OBSERVATION,2024-07-20T10:57,2024,-68.810936,18.330769,5,50c9509d-22c7-4a22-a47d-8c48425ef4a7,iNaturalist,Observations,11,02,SAN RAFAEL DEL YUMA,081102,874cd5b41ffffff
https://www.inaturalist.org/observations/232336466,4919698410,Catharanthus roseus,Catharanthus roseus (L.) G.Don,Apocynaceae,Catharanthus,SPECIES,HUMAN_OBSERVATION,2024-07-20T10:57,2024,-68.810739,18.330397,5,50c9509d-22c7-4a22-a47d-8c48425ef4a7,iNaturalist,Observations,11,02,SAN RAFAEL DEL YUMA,081102,874cd5b41ffffff
https://www.inaturalist.org/observations/232336487,4919196282,Corchorus hirsutus,Corchorus hirsutus L.,Malvaceae,Corchorus,SPECIES,HUMAN_OBSERVATION,2024-07-20T11:16,2024,-68.810508,18.329867,5,50c9509d-22c7-4a22-a47d-8c48425ef4a7,iNaturalist,Observations,11,02,SAN RAFAEL DEL YUMA,081102,874cd5b41ffffff
https://www.inaturalist.org/observations/232336488,4919133844,Zanthoxylum fagara,Zanthoxylum fagara (L.) Sarg.,Rutaceae,Zanthoxylum,SPECIES,HUMAN_OBSERVATION,2024-07-20T11:16,2024,-68.810531,18.329897,5,50c9509d-22c7-4a22-a47d-8c48425ef4a7,iNaturalist,Observations,11,02,SAN RAFAEL DEL YUMA,081102,874cd5b41ffffff
https://www.inaturalist.org/observations/252223408,4982189401,Punica granatum,Punica granatum L.,Lythraceae,Punica,SPECIES,HUMAN_OBSERVATION,2024-11-17T11:03,2024,-68.611164,18.37854,1326,50c9509d-22c7-4a22-a47d-8c48425ef4a7,iNaturalist,Observations,11,02,SAN RAFAEL DEL YUMA,081102,874cc671affffff
https://www.inaturalist.org/observations/256024332,5008411514,Cocos nucifera,Cocos nucifera L.,Arecaceae,Cocos,SPECIES,HUMAN_OBSERVATION,2024-12-23T07:41:56,2024,-68.8107,18.329858,3,50c9509d-22c7-4a22-a47d-8c48425ef4a7,iNaturalist,Observations,11,02,SAN RAFAEL DEL YUMA,081102,874cd5b41ffffff
https://www.inaturalist.org/observations/256546000,5007538353,Valonia ventricosa,Valonia ventricosa J. Agardh,Valoniaceae,Valonia,SPECIES,HUMAN_OBSERVATION,2024-12-17T13:14:16,2024,-68.838684,18.368348,1871,50c9509d-22c7-4a22-a47d-8c48425ef4a7,iNaturalist,Observations,11,02,SAN RAFAEL DEL YUMA,081102,874cd5b71ffffff
https://www.inaturalist.org/observations/261277274,5064089630,Acalypha alopecuroidea,Acalypha alopecuroidea Jacq.,Euphorbiaceae,Acalypha,SPECIES,HUMAN_OBSERVATION,2022-06-23T16:08:37,2022,-68.876483,18.452125,NA,50c9509d-22c7-4a22-a47d-8c48425ef4a7,iNaturalist,Observations,11,02,SAN RAFAEL DEL YUMA,081102,874cc64d3ffffff
https://www.inaturalist.org/observations/261277314,5064097320,Achyranthes aspera,Achyranthes aspera L.,Amaranthaceae,Achyranthes,SPECIES,HUMAN_OBSERVATION,2022-07-06T17:48:03,2022,-68.87597,18.453741,NA,50c9509d-22c7-4a22-a47d-8c48425ef4a7,iNaturalist,Observations,11,02,SAN RAFAEL DEL YUMA,081102,874cc64d3ffffff
https://www.inaturalist.org/observations/261277340,5167199746,Adiantum tenerum,Adiantum tenerum Sw.,Pteridaceae,Adiantum,SPECIES,HUMAN_OBSERVATION,2022-07-06T18:08:16,2022,-68.876056,18.452639,NA,50c9509d-22c7-4a22-a47d-8c48425ef4a7,iNaturalist,Observations,11,02,SAN RAFAEL DEL YUMA,081102,874cc64d3ffffff
https://www.inaturalist.org/observations/261277400,5064113589,Adiantum pyramidale,Adiantum pyramidale (L.) Willd.,Pteridaceae,Adiantum,SPECIES,HUMAN_OBSERVATION,2022-06-23T16:02:55,2022,-68.876319,18.451206,NA,50c9509d-22c7-4a22-a47d-8c48425ef4a7,iNaturalist,Observations,11,02,SAN RAFAEL DEL YUMA,081102,874cc64d3ffffff
https://www.inaturalist.org/observations/261277868,5064075657,Adiantum tenerum,Adiantum tenerum Sw.,Pteridaceae,Adiantum,SPECIES,HUMAN_OBSERVATION,2022-06-23T15:56:19,2022,-68.876571,18.452475,NA,50c9509d-22c7-4a22-a47d-8c48425ef4a7,iNaturalist,Observations,11,02,SAN RAFAEL DEL YUMA,081102,874cc64d3ffffff
https://www.inaturalist.org/observations/261278019,5064086798,Amaranthus spinosus,Amaranthus spinosus L.,Amaranthaceae,Amaranthus,SPECIES,HUMAN_OBSERVATION,2022-07-06T17:41:49,2022,-68.876258000000007,18.452647,NA,50c9509d-22c7-4a22-a47d-8c48425ef4a7,iNaturalist,Observations,11,02,SAN RAFAEL DEL YUMA,081102,874cc64d3ffffff
https://www.inaturalist.org/observations/261282586,5064096741,Chiococca alba,Chiococca alba (L.) Hitchc.,Rubiaceae,Chiococca,SPECIES,HUMAN_OBSERVATION,2022-07-06T18:12:41,2022,-68.876231,18.449681000000002,NA,50c9509d-22c7-4a22-a47d-8c48425ef4a7,iNaturalist,Observations,11,02,SAN RAFAEL DEL YUMA,081102,874cc64d3ffffff
https://www.inaturalist.org/observations/261282628,5064075677,Chloris barbata,Chloris barbata Sw.,Poaceae,Chloris,SPECIES,HUMAN_OBSERVATION,2022-07-05T12:21:03,2022,-68.854193,18.433933,NA,50c9509d-22c7-4a22-a47d-8c48425ef4a7,iNaturalist,Observations,11,02,SAN RAFAEL DEL YUMA,081102,874cc64deffffff
https://www.inaturalist.org/observations/261282703,5064069763,Tarenaya spinosa,Cleome spinosa Jacq.,Cleomaceae,Tarenaya,SPECIES,HUMAN_OBSERVATION,2022-06-23T16:05:32,2022,-68.876945,18.452328,NA,50c9509d-22c7-4a22-a47d-8c48425ef4a7,iNaturalist,Observations,11,02,SAN RAFAEL DEL YUMA,081102,874cc64d3ffffff
https://www.inaturalist.org/observations/261282791,5064129587,Cnidoscolus aconitifolius,Cnidoscolus aconitifolius (Mill.) I.M.Johnst.,Euphorbiaceae,Cnidoscolus,SPECIES,HUMAN_OBSERVATION,2022-06-20T08:08:51,2022,-68.885122,18.442211,NA,50c9509d-22c7-4a22-a47d-8c48425ef4a7,iNaturalist,Observations,11,02,SAN RAFAEL DEL YUMA,081102,874cd5b2cffffff
https://www.inaturalist.org/observations/261282839,5064084668,Comocladia dodonaea,Comocladia dodonaea (L.) Britton,Anacardiaceae,Comocladia,SPECIES,HUMAN_OBSERVATION,2022-07-06T18:16:18,2022,-68.876283,18.449125,NA,50c9509d-22c7-4a22-a47d-8c48425ef4a7,iNaturalist,Observations,11,02,SAN RAFAEL DEL YUMA,081102,874cc64d3ffffff
https://www.inaturalist.org/observations/261282909,5064113629,Croton humilis,Croton humilis L.,Euphorbiaceae,Croton,SPECIES,HUMAN_OBSERVATION,2022-07-07T15:29:26,2022,-68.847503,18.404524,NA,50c9509d-22c7-4a22-a47d-8c48425ef4a7,iNaturalist,Observations,11,02,SAN RAFAEL DEL YUMA,081102,874cc64dbffffff
https://www.inaturalist.org/observations/261282970,5064037704,Cyclopeltis semicordata,Cyclopeltis semicordata (Sw.) J.Sm.,Lomariopsidaceae,Cyclopeltis,SPECIES,HUMAN_OBSERVATION,2022-06-23T15:53:58,2022,-68.876662,18.452376,NA,50c9509d-22c7-4a22-a47d-8c48425ef4a7,iNaturalist,Observations,11,02,SAN RAFAEL DEL YUMA,081102,874cc64d3ffffff
https://www.inaturalist.org/observations/261289822,5064117767,Digitaria insularis,Digitaria insularis (L.) Mez ex Ekman,Poaceae,Digitaria,SPECIES,HUMAN_OBSERVATION,2022-07-07T16:18:39,2022,-68.830086,18.380157,NA,50c9509d-22c7-4a22-a47d-8c48425ef4a7,iNaturalist,Observations,11,02,SAN RAFAEL DEL YUMA,081102,874cd5b62ffffff
https://www.inaturalist.org/observations/261289943,5064090765,Echites umbellatus,Echites umbellatus Jacq.,Apocynaceae,Echites,SPECIES,HUMAN_OBSERVATION,2022-07-05T19:06:29,2022,-68.877103,18.450044,NA,50c9509d-22c7-4a22-a47d-8c48425ef4a7,iNaturalist,Observations,11,02,SAN RAFAEL DEL YUMA,081102,874cc64d3ffffff
https://www.inaturalist.org/observations/261290004,5064106379,Euphorbia hypericifolia,Euphorbia hypericifolia L.,Euphorbiaceae,Euphorbia,SPECIES,HUMAN_OBSERVATION,2022-06-16T10:38:34,2022,-68.854483,18.433689,NA,50c9509d-22c7-4a22-a47d-8c48425ef4a7,iNaturalist,Observations,11,02,SAN RAFAEL DEL YUMA,081102,874cc64deffffff
https://www.inaturalist.org/observations/261299301,5064097438,Heliotropium angiospermum,Heliotropium angiospermum Murray,Heliotropiaceae,Heliotropium,SPECIES,HUMAN_OBSERVATION,2022-06-16T11:31:15,2022,-68.853864,18.434497,NA,50c9509d-22c7-4a22-a47d-8c48425ef4a7,iNaturalist,Observations,11,02,SAN RAFAEL DEL YUMA,081102,874cc64deffffff
https://www.inaturalist.org/observations/261299405,5064118807,Hura crepitans,Hura crepitans L.,Euphorbiaceae,Hura,SPECIES,HUMAN_OBSERVATION,2022-06-23T15:59:34,2022,-68.876571,18.452475,NA,50c9509d-22c7-4a22-a47d-8c48425ef4a7,iNaturalist,Observations,11,02,SAN RAFAEL DEL YUMA,081102,874cc64d3ffffff
https://www.inaturalist.org/observations/261299497,5064114761,Inga vera,Inga vera Willd.,Fabaceae,Inga,SPECIES,HUMAN_OBSERVATION,2022-06-23T15:48:27,2022,-68.876536,18.452616,NA,50c9509d-22c7-4a22-a47d-8c48425ef4a7,iNaturalist,Observations,11,02,SAN RAFAEL DEL YUMA,081102,874cc64d3ffffff
https://www.inaturalist.org/observations/261299513,5064089747,Inga vera,Inga vera Willd.,Fabaceae,Inga,SPECIES,HUMAN_OBSERVATION,2022-07-06T17:51:27,2022,-68.875652,18.453756,NA,50c9509d-22c7-4a22-a47d-8c48425ef4a7,iNaturalist,Observations,11,02,SAN RAFAEL DEL YUMA,081102,874cc64d3ffffff
https://www.inaturalist.org/observations/261299544,5064102719,Ipomoea obscura,Ipomoea obscura (L.) Ker Gawl.,Convolvulaceae,Ipomoea,SPECIES,HUMAN_OBSERVATION,2022-06-16T10:34:37,2022,-68.854317,18.433681,NA,50c9509d-22c7-4a22-a47d-8c48425ef4a7,iNaturalist,Observations,11,02,SAN RAFAEL DEL YUMA,081102,874cc64deffffff
https://www.inaturalist.org/observations/261300738,5064127912,Jasminum fluminense,Jasminum fluminense Vell.,Oleaceae,Jasminum,SPECIES,HUMAN_OBSERVATION,2022-06-16T10:30:59,2022,-68.853863,18.434493,NA,50c9509d-22c7-4a22-a47d-8c48425ef4a7,iNaturalist,Observations,11,02,SAN RAFAEL DEL YUMA,081102,874cc64deffffff
https://www.inaturalist.org/observations/261300828,5064096846,Euphorbia ophthalmica,Euphorbia ophthalmica Pers.,Euphorbiaceae,Euphorbia,SPECIES,HUMAN_OBSERVATION,2022-07-05T12:21:47,2022,-68.854242,18.433927,NA,50c9509d-22c7-4a22-a47d-8c48425ef4a7,iNaturalist,Observations,11,02,SAN RAFAEL DEL YUMA,081102,874cc64deffffff
https://www.inaturalist.org/observations/261300928,5064103923,Guarea guidonia,Guarea guidonia (L.) Sleumer,Meliaceae,Guarea,SPECIES,HUMAN_OBSERVATION,2022-06-23T16:21:21,2022,-68.875542,18.453219,NA,50c9509d-22c7-4a22-a47d-8c48425ef4a7,iNaturalist,Observations,11,02,SAN RAFAEL DEL YUMA,081102,874cc64d3ffffff
https://www.inaturalist.org/observations/261300957,5064010630,Jatropha gossypiifolia,Jatropha gossypiifolia L.,Euphorbiaceae,Jatropha,SPECIES,HUMAN_OBSERVATION,2022-07-07T15:39:13,2022,-68.847992,18.404989,NA,50c9509d-22c7-4a22-a47d-8c48425ef4a7,iNaturalist,Observations,11,02,SAN RAFAEL DEL YUMA,081102,874cc64dbffffff
https://www.inaturalist.org/observations/261301001,5064106437,Kalanchoe pinnata,Kalanchoe pinnata (Lam.) Pers.,Crassulaceae,Kalanchoe,SPECIES,HUMAN_OBSERVATION,2022-07-07T15:22:18,2022,-68.845886,18.418919,NA,50c9509d-22c7-4a22-a47d-8c48425ef4a7,iNaturalist,Observations,11,02,SAN RAFAEL DEL YUMA,081102,874cc64daffffff
https://www.inaturalist.org/observations/261302799,5064101027,Lantana involucrata,Lantana involucrata L.,Verbenaceae,Lantana,SPECIES,HUMAN_OBSERVATION,2022-06-20T08:35:27,2022,-68.876553,18.447989,NA,50c9509d-22c7-4a22-a47d-8c48425ef4a7,iNaturalist,Observations,11,02,SAN RAFAEL DEL YUMA,081102,874cc64d3ffffff
https://www.inaturalist.org/observations/261302851,5064095745,Laportea aestuans,Laportea aestuans (L.) Chew,Urticaceae,Laportea,SPECIES,HUMAN_OBSERVATION,2022-06-23T16:14:12,2022,-68.876081,18.452247,NA,50c9509d-22c7-4a22-a47d-8c48425ef4a7,iNaturalist,Observations,11,02,SAN RAFAEL DEL YUMA,081102,874cc64d3ffffff
https://www.inaturalist.org/observations/261308311,5064051774,Distimake dissectus,Distimake dissectus (Jacq.) A.R.Simões & Staples,Convolvulaceae,Distimake,SPECIES,HUMAN_OBSERVATION,2022-06-16T10:40:29,2022,-68.854422,18.433667,NA,50c9509d-22c7-4a22-a47d-8c48425ef4a7,iNaturalist,Observations,11,02,SAN RAFAEL DEL YUMA,081102,874cc64deffffff
https://www.inaturalist.org/observations/261308350,5064132831,Melanthera nivea,Melanthera nivea (L.) Small,Asteraceae,Melanthera,SPECIES,HUMAN_OBSERVATION,2022-06-20T08:03:29,2022,-68.885122,18.442211,NA,50c9509d-22c7-4a22-a47d-8c48425ef4a7,iNaturalist,Observations,11,02,SAN RAFAEL DEL YUMA,081102,874cd5b2cffffff
https://www.inaturalist.org/observations/261364349,5064122845,Passiflora suberosa,Passiflora suberosa L.,Passifloraceae,Passiflora,SPECIES,HUMAN_OBSERVATION,2022-07-08T11:10:14,2022,-68.854343,18.433784,NA,50c9509d-22c7-4a22-a47d-8c48425ef4a7,iNaturalist,Observations,11,02,SAN RAFAEL DEL YUMA,081102,874cc64deffffff
https://www.inaturalist.org/observations/261364480,5064113034,Piper peltatum,Piper peltatum L.,Piperaceae,Piper,SPECIES,HUMAN_OBSERVATION,2022-06-23T15:57:39,2022,-68.876571,18.452475,NA,50c9509d-22c7-4a22-a47d-8c48425ef4a7,iNaturalist,Observations,11,02,SAN RAFAEL DEL YUMA,081102,874cc64d3ffffff
https://www.inaturalist.org/observations/261364525,5064086044,Pluchea carolinensis,Pluchea carolinensis (Jacq.) G.Don,Asteraceae,Pluchea,SPECIES,HUMAN_OBSERVATION,2022-07-07T16:02:30,2022,-68.845367,18.405528,NA,50c9509d-22c7-4a22-a47d-8c48425ef4a7,iNaturalist,Observations,11,02,SAN RAFAEL DEL YUMA,081102,874cc64dbffffff
https://www.inaturalist.org/observations/261364595,5064110139,Priva lappulacea,Priva lappulacea (L.) Pers.,Verbenaceae,Priva,SPECIES,HUMAN_OBSERVATION,2022-07-05T19:10:22,2022,-68.876732,18.448855,NA,50c9509d-22c7-4a22-a47d-8c48425ef4a7,iNaturalist,Observations,11,02,SAN RAFAEL DEL YUMA,081102,874cc64d3ffffff
https://www.inaturalist.org/observations/261364785,5064132074,Borreria remota,Spermacoce remota Lam.,Rubiaceae,Borreria,SPECIES,HUMAN_OBSERVATION,2022-06-16T11:30:47,2022,-68.854072,18.435183,NA,50c9509d-22c7-4a22-a47d-8c48425ef4a7,iNaturalist,Observations,11,02,SAN RAFAEL DEL YUMA,081102,874cc64deffffff
https://www.inaturalist.org/observations/263180179,5087265161,Kalanchoe pinnata,Kalanchoe pinnata (Lam.) Pers.,Crassulaceae,Kalanchoe,SPECIES,HUMAN_OBSERVATION,2025-02-26T10:31:58,2025,-68.811834,18.332526,257,50c9509d-22c7-4a22-a47d-8c48425ef4a7,iNaturalist,Observations,11,02,SAN RAFAEL DEL YUMA,081102,874cd5b41ffffff
https://www.inaturalist.org/observations/263425515,5087312630,Coccoloba uvifera,Coccoloba uvifera (L.) L.,Polygonaceae,Coccoloba,SPECIES,HUMAN_OBSERVATION,2025-02-27T15:04,2025,-68.896261,18.398714,8,50c9509d-22c7-4a22-a47d-8c48425ef4a7,iNaturalist,Observations,11,02,SAN RAFAEL DEL YUMA,081102,874cd5b0dffffff
https://www.inaturalist.org/observations/266759357,6234205568,Crescentia cujete,Crescentia cujete L.,Bignoniaceae,Crescentia,SPECIES,HUMAN_OBSERVATION,2025-03-23T08:27:52,2025,-68.669277,18.270475,NA,50c9509d-22c7-4a22-a47d-8c48425ef4a7,iNaturalist,Observations,11,02,SAN RAFAEL DEL YUMA,081102,874cc66aeffffff
https://www.inaturalist.org/observations/27028792,2269249498,Cocos nucifera,Cocos nucifera L.,Arecaceae,Cocos,SPECIES,HUMAN_OBSERVATION,2018-04-01T15:00,2018,-68.835732,18.352129,8,50c9509d-22c7-4a22-a47d-8c48425ef4a7,iNaturalist,Observations,11,02,SAN RAFAEL DEL YUMA,081102,874cd5b46ffffff
https://www.inaturalist.org/observations/27315575,3335108327,Talinum fruticosum,Talinum fruticosum (L.) Juss.,Talinaceae,Talinum,SPECIES,HUMAN_OBSERVATION,2019-06-20T06:33:59Z,2019,-68.835034,18.354123,11,50c9509d-22c7-4a22-a47d-8c48425ef4a7,iNaturalist,Observations,11,02,SAN RAFAEL DEL YUMA,081102,874cd5b46ffffff
https://www.inaturalist.org/observations/282258667,5167307567,Rivina humilis,Rivina humilis L.,Petiveriaceae,Rivina,SPECIES,HUMAN_OBSERVATION,2025-05-15T11:30:29,2025,-68.808013,18.333288,15,50c9509d-22c7-4a22-a47d-8c48425ef4a7,iNaturalist,Observations,11,02,SAN RAFAEL DEL YUMA,081102,874cd5b41ffffff
https://www.inaturalist.org/observations/282259021,5167483180,Stigmaphyllon emarginatum,Stigmaphyllon emarginatum (Cav.) A.Juss.,Malpighiaceae,Stigmaphyllon,SPECIES,HUMAN_OBSERVATION,2025-05-15T11:09,2025,-68.811578,18.331825,7,50c9509d-22c7-4a22-a47d-8c48425ef4a7,iNaturalist,Observations,11,02,SAN RAFAEL DEL YUMA,081102,874cd5b41ffffff
https://www.inaturalist.org/observations/282259162,5167751182,Corchorus hirsutus,Corchorus hirsutus L.,Malvaceae,Corchorus,SPECIES,HUMAN_OBSERVATION,2025-05-15T11:00:47,2025,-68.810555,18.329912,7,50c9509d-22c7-4a22-a47d-8c48425ef4a7,iNaturalist,Observations,11,02,SAN RAFAEL DEL YUMA,081102,874cd5b41ffffff
https://www.inaturalist.org/observations/282259275,6179235998,Pithecellobium unguis-cati,Pithecellobium unguis-cati (L.) Benth.,Fabaceae,Pithecellobium,SPECIES,HUMAN_OBSERVATION,2025-05-15T10:58:13,2025,-68.810263,18.32927,7,50c9509d-22c7-4a22-a47d-8c48425ef4a7,iNaturalist,Observations,11,02,SAN RAFAEL DEL YUMA,081102,874cd5b41ffffff
https://www.inaturalist.org/observations/282259583,5166930571,Zamia pumila,Zamia pumila L.,Zamiaceae,Zamia,SPECIES,HUMAN_OBSERVATION,2025-05-15T10:54:13,2025,-68.809662,18.328408,7,50c9509d-22c7-4a22-a47d-8c48425ef4a7,iNaturalist,Observations,11,02,SAN RAFAEL DEL YUMA,081102,874cd5b41ffffff
https://www.inaturalist.org/observations/282259675,5166950471,Kalanchoe pinnata,Kalanchoe pinnata (Lam.) Pers.,Crassulaceae,Kalanchoe,SPECIES,HUMAN_OBSERVATION,2025-05-15T10:52:46,2025,-68.809503,18.327997,8,50c9509d-22c7-4a22-a47d-8c48425ef4a7,iNaturalist,Observations,11,02,SAN RAFAEL DEL YUMA,081102,874cd5b41ffffff
https://www.inaturalist.org/observations/282260298,5167907297,Cocos nucifera,Cocos nucifera L.,Arecaceae,Cocos,SPECIES,HUMAN_OBSERVATION,2025-05-15T10:04:49,2025,-68.81105,18.330862,8,50c9509d-22c7-4a22-a47d-8c48425ef4a7,iNaturalist,Observations,11,02,SAN RAFAEL DEL YUMA,081102,874cd5b41ffffff
https://www.inaturalist.org/observations/282260340,5168518503,Coccoloba uvifera,Coccoloba uvifera (L.) L.,Polygonaceae,Coccoloba,SPECIES,HUMAN_OBSERVATION,2025-05-15T09:57:52,2025,-68.811547,18.331805,7,50c9509d-22c7-4a22-a47d-8c48425ef4a7,iNaturalist,Observations,11,02,SAN RAFAEL DEL YUMA,081102,874cd5b41ffffff
https://www.inaturalist.org/observations/282923307,5216402646,Erythrina variegata,Erythrina variegata L.,Fabaceae,Erythrina,SPECIES,HUMAN_OBSERVATION,2025-03-20T12:59,2025,-68.620934,18.372413,1132,50c9509d-22c7-4a22-a47d-8c48425ef4a7,iNaturalist,Observations,11,02,SAN RAFAEL DEL YUMA,081102,874cc67a9ffffff
https://www.inaturalist.org/observations/285069065,5177211569,Acanthophora spicifera,Acanthophora spicifera (Vahl) Borgesen,Rhodomelaceae,Acanthophora,SPECIES,HUMAN_OBSERVATION,2025-05-28T13:42:40,2025,-68.843042,18.373696,311,50c9509d-22c7-4a22-a47d-8c48425ef4a7,iNaturalist,Observations,11,02,SAN RAFAEL DEL YUMA,081102,874cd5b71ffffff
https://www.inaturalist.org/observations/286806911,5188056083,Jasminum fluminense,Jasminum fluminense Vell.,Oleaceae,Jasminum,SPECIES,HUMAN_OBSERVATION,2025-05-29T11:33:02,2025,-68.823354,18.350633,101,50c9509d-22c7-4a22-a47d-8c48425ef4a7,iNaturalist,Observations,11,02,SAN RAFAEL DEL YUMA,081102,874cd5b40ffffff
https://www.inaturalist.org/observations/289549520,5198805213,Portulaca pilosa,Portulaca pilosa L.,Portulacaceae,Portulaca,SPECIES,HUMAN_OBSERVATION,2025-05-27T09:08,2025,-68.808944,18.33044,1790,50c9509d-22c7-4a22-a47d-8c48425ef4a7,iNaturalist,Observations,11,02,SAN RAFAEL DEL YUMA,081102,874cd5b41ffffff
https://www.inaturalist.org/observations/289549524,5198526275,Talinum fruticosum,Talinum fruticosum (L.) Juss.,Talinaceae,Talinum,SPECIES,HUMAN_OBSERVATION,2025-05-27T07:20,2025,-68.808944,18.33044,1790,50c9509d-22c7-4a22-a47d-8c48425ef4a7,iNaturalist,Observations,11,02,SAN RAFAEL DEL YUMA,081102,874cd5b41ffffff
https://www.inaturalist.org/observations/289549525,5198882211,Rivina humilis,Rivina humilis L.,Petiveriaceae,Rivina,SPECIES,HUMAN_OBSERVATION,2025-05-27T07:22,2025,-68.808944,18.33044,1790,50c9509d-22c7-4a22-a47d-8c48425ef4a7,iNaturalist,Observations,11,02,SAN RAFAEL DEL YUMA,081102,874cd5b41ffffff
https://www.inaturalist.org/observations/289549560,5205898645,Isidorea pungens,Isidorea pungens (Lam.) B.L.Rob.,Rubiaceae,Isidorea,SPECIES,HUMAN_OBSERVATION,2025-05-27T09:00,2025,-68.808944,18.33044,1790,50c9509d-22c7-4a22-a47d-8c48425ef4a7,iNaturalist,Observations,11,02,SAN RAFAEL DEL YUMA,081102,874cd5b41ffffff
https://www.inaturalist.org/observations/289616041,5206079629,Broughtonia domingensis,Broughtonia domingensis (Lindl.) Rolfe,Orchidaceae,Broughtonia,SPECIES,HUMAN_OBSERVATION,2025-05-28T09:15,2025,-68.808944,18.33044,1790,50c9509d-22c7-4a22-a47d-8c48425ef4a7,iNaturalist,Observations,11,02,SAN RAFAEL DEL YUMA,081102,874cd5b41ffffff
https://www.inaturalist.org/observations/289616061,5199022288,Portulaca oleracea,Portulaca oleracea L.,Portulacaceae,Portulaca,SPECIES,HUMAN_OBSERVATION,2025-05-28T08:30,2025,-68.808944,18.33044,1790,50c9509d-22c7-4a22-a47d-8c48425ef4a7,iNaturalist,Observations,11,02,SAN RAFAEL DEL YUMA,081102,874cd5b41ffffff
https://www.inaturalist.org/observations/289616067,5198825366,Centrosema virginianum,Centrosema virginianum (L.) Benth.,Fabaceae,Centrosema,SPECIES,HUMAN_OBSERVATION,2025-05-28T08:58,2025,-68.808944,18.33044,1790,50c9509d-22c7-4a22-a47d-8c48425ef4a7,iNaturalist,Observations,11,02,SAN RAFAEL DEL YUMA,081102,874cd5b41ffffff
https://www.inaturalist.org/observations/289616068,5199038322,Rivina humilis,Rivina humilis L.,Petiveriaceae,Rivina,SPECIES,HUMAN_OBSERVATION,2025-05-28T08:50,2025,-68.808944,18.33044,1790,50c9509d-22c7-4a22-a47d-8c48425ef4a7,iNaturalist,Observations,11,02,SAN RAFAEL DEL YUMA,081102,874cd5b41ffffff
https://www.inaturalist.org/observations/289616080,5198841269,Phyla nodiflora,Phyla nodiflora (L.) Greene,Verbenaceae,Phyla,SPECIES,HUMAN_OBSERVATION,2025-05-28T09:13,2025,-68.808944,18.33044,1790,50c9509d-22c7-4a22-a47d-8c48425ef4a7,iNaturalist,Observations,11,02,SAN RAFAEL DEL YUMA,081102,874cd5b41ffffff
https://www.inaturalist.org/observations/289616086,5198738320,Stachytarpheta jamaicensis,Stachytarpheta jamaicensis (L.) Vahl,Verbenaceae,Stachytarpheta,SPECIES,HUMAN_OBSERVATION,2025-05-28T09:13,2025,-68.808944,18.33044,1790,50c9509d-22c7-4a22-a47d-8c48425ef4a7,iNaturalist,Observations,11,02,SAN RAFAEL DEL YUMA,081102,874cd5b41ffffff
https://www.inaturalist.org/observations/289616088,5199229334,Sida ciliaris,Sida ciliaris L.,Malvaceae,Sida,SPECIES,HUMAN_OBSERVATION,2025-05-28T09:14,2025,-68.808944,18.33044,1790,50c9509d-22c7-4a22-a47d-8c48425ef4a7,iNaturalist,Observations,11,02,SAN RAFAEL DEL YUMA,081102,874cd5b41ffffff
https://www.inaturalist.org/observations/298478502,5231262342,Tillandsia usneoides,Tillandsia usneoides (L.) L.,Bromeliaceae,Tillandsia,SPECIES,HUMAN_OBSERVATION,2025-02-21T09:13,2025,-68.793607,18.33386,305,50c9509d-22c7-4a22-a47d-8c48425ef4a7,iNaturalist,Observations,11,02,SAN RAFAEL DEL YUMA,081102,874cd5b6affffff
https://www.inaturalist.org/observations/304958415,6398582117,Heliotropium indicum,Heliotropium indicum L.,Heliotropiaceae,Heliotropium,SPECIES,HUMAN_OBSERVATION,2025-08-08T17:46:43,2025,-68.875348,18.464976,46,50c9509d-22c7-4a22-a47d-8c48425ef4a7,iNaturalist,Observations,11,02,SAN RAFAEL DEL YUMA,081102,874cc64d0ffffff
https://www.inaturalist.org/observations/304958475,5293232723,Mimosa pudica,Mimosa pudica L.,Fabaceae,Mimosa,SPECIES,HUMAN_OBSERVATION,2025-08-08T17:49:10,2025,-68.875348,18.464976,46,50c9509d-22c7-4a22-a47d-8c48425ef4a7,iNaturalist,Observations,11,02,SAN RAFAEL DEL YUMA,081102,874cc64d0ffffff
https://www.inaturalist.org/observations/304958533,5291901270,Antigonon leptopus,Antigonon leptopus Hook. & Arn.,Polygonaceae,Antigonon,SPECIES,HUMAN_OBSERVATION,2025-08-08T17:50:43,2025,-68.876814,18.465376,96,50c9509d-22c7-4a22-a47d-8c48425ef4a7,iNaturalist,Observations,11,02,SAN RAFAEL DEL YUMA,081102,874cc64d0ffffff
https://www.inaturalist.org/observations/304958682,5292494163,Leonotis nepetifolia,Leonotis nepetifolia (L.) R.Br.,Lamiaceae,Leonotis,SPECIES,HUMAN_OBSERVATION,2025-08-08T17:56:38,2025,-68.876814,18.465376,130,50c9509d-22c7-4a22-a47d-8c48425ef4a7,iNaturalist,Observations,11,02,SAN RAFAEL DEL YUMA,081102,874cc64d0ffffff
https://www.inaturalist.org/observations/304961580,5292268239,Pilea nummulariifolia,Pilea nummulariifolia (Sw.) Wedd.,Urticaceae,Pilea,SPECIES,HUMAN_OBSERVATION,2025-08-09T09:52:12,2025,-68.875732,18.464508,19,50c9509d-22c7-4a22-a47d-8c48425ef4a7,iNaturalist,Observations,11,02,SAN RAFAEL DEL YUMA,081102,874cc64d0ffffff
https://www.inaturalist.org/observations/304962142,5291776831,Ricinus communis,Ricinus communis L.,Euphorbiaceae,Ricinus,SPECIES,HUMAN_OBSERVATION,2025-08-09T09:53:36,2025,-68.875732,18.464508,16,50c9509d-22c7-4a22-a47d-8c48425ef4a7,iNaturalist,Observations,11,02,SAN RAFAEL DEL YUMA,081102,874cc64d0ffffff
https://www.inaturalist.org/observations/307175734,5889260405,Tillandsia usneoides,Tillandsia usneoides (L.) L.,Bromeliaceae,Tillandsia,SPECIES,HUMAN_OBSERVATION,2022-06-10T17:26,2022,-68.809407,18.37333,NA,50c9509d-22c7-4a22-a47d-8c48425ef4a7,iNaturalist,Observations,11,02,SAN RAFAEL DEL YUMA,081102,874cd5b63ffffff
https://www.inaturalist.org/observations/307175749,5759608492,Cocos nucifera,Cocos nucifera L.,Arecaceae,Cocos,SPECIES,HUMAN_OBSERVATION,2022-06-09T19:49,2022,-68.829884,18.34946,NA,50c9509d-22c7-4a22-a47d-8c48425ef4a7,iNaturalist,Observations,11,02,SAN RAFAEL DEL YUMA,081102,874cd5b40ffffff
https://www.inaturalist.org/observations/307461675,5292823339,Centrosema pubescens,Centrosema pubescens Benth.,Fabaceae,Centrosema,SPECIES,HUMAN_OBSERVATION,2008-01-24T07:25,2008,-68.79056,18.355559,244,50c9509d-22c7-4a22-a47d-8c48425ef4a7,iNaturalist,Observations,11,02,SAN RAFAEL DEL YUMA,081102,874cd5b6effffff
https://www.inaturalist.org/observations/318807340,5839993919,Talipariti tiliaceum,Hibiscus tiliaceus L.,Malvaceae,Talipariti,SPECIES,HUMAN_OBSERVATION,2025-10-04T16:45:41,2025,-68.606583,18.38618,4,50c9509d-22c7-4a22-a47d-8c48425ef4a7,iNaturalist,Observations,11,02,SAN RAFAEL DEL YUMA,081102,874cc671effffff
https://www.inaturalist.org/observations/323509178,5889543586,Rivina humilis,Rivina humilis L.,Petiveriaceae,Rivina,SPECIES,HUMAN_OBSERVATION,2024-07-16T10:08:45,2024,-68.809983,18.328755,4,50c9509d-22c7-4a22-a47d-8c48425ef4a7,iNaturalist,Observations,11,02,SAN RAFAEL DEL YUMA,081102,874cd5b41ffffff
https://www.inaturalist.org/observations/323936195,5890318725,Talinum fruticosum,Talinum fruticosum (L.) Juss.,Talinaceae,Talinum,SPECIES,HUMAN_OBSERVATION,2025-10-24T07:56:33,2025,-68.808918,18.326097,NA,50c9509d-22c7-4a22-a47d-8c48425ef4a7,iNaturalist,Observations,11,02,SAN RAFAEL DEL YUMA,081102,874cd5b41ffffff
https://www.inaturalist.org/observations/323936568,6130452213,Kalanchoe pinnata,Kalanchoe pinnata (Lam.) Pers.,Crassulaceae,Kalanchoe,SPECIES,HUMAN_OBSERVATION,2025-10-24T08:23:59,2025,-68.809409,18.327763,NA,50c9509d-22c7-4a22-a47d-8c48425ef4a7,iNaturalist,Observations,11,02,SAN RAFAEL DEL YUMA,081102,874cd5b41ffffff
https://www.inaturalist.org/observations/323936623,5889892543,Rivina humilis,Rivina humilis L.,Petiveriaceae,Rivina,SPECIES,HUMAN_OBSERVATION,2025-10-24T08:24:09,2025,-68.809405,18.327763,NA,50c9509d-22c7-4a22-a47d-8c48425ef4a7,iNaturalist,Observations,11,02,SAN RAFAEL DEL YUMA,081102,874cd5b41ffffff
https://www.inaturalist.org/observations/323938029,5890450607,Tradescantia spathacea,Tradescantia spathacea Sw.,Commelinaceae,Tradescantia,SPECIES,HUMAN_OBSERVATION,2025-10-25T09:01:07,2025,-68.812116,18.340177,NA,50c9509d-22c7-4a22-a47d-8c48425ef4a7,iNaturalist,Observations,11,02,SAN RAFAEL DEL YUMA,081102,874cd5b41ffffff
https://www.inaturalist.org/observations/323938061,5889537506,Jasminum fluminense,Jasminum fluminense Vell.,Oleaceae,Jasminum,SPECIES,HUMAN_OBSERVATION,2025-10-25T09:01:12,2025,-68.812155,18.340185,NA,50c9509d-22c7-4a22-a47d-8c48425ef4a7,iNaturalist,Observations,11,02,SAN RAFAEL DEL YUMA,081102,874cd5b41ffffff
https://www.inaturalist.org/observations/323938127,5889932831,Hylocereus triangularis,Selenicereus triangularis (L.) D.R.Hunt,Cactaceae,Hylocereus,SPECIES,HUMAN_OBSERVATION,2025-10-25T09:01:21,2025,-68.812151,18.340183,NA,50c9509d-22c7-4a22-a47d-8c48425ef4a7,iNaturalist,Observations,11,02,SAN RAFAEL DEL YUMA,081102,874cd5b41ffffff
https://www.inaturalist.org/observations/323938181,5889638779,Leucaena leucocephala,Leucaena leucocephala (Lam.) de Wit,Fabaceae,Leucaena,SPECIES,HUMAN_OBSERVATION,2025-10-25T09:22:54,2025,-68.811207,18.338434,NA,50c9509d-22c7-4a22-a47d-8c48425ef4a7,iNaturalist,Observations,11,02,SAN RAFAEL DEL YUMA,081102,874cd5b41ffffff
https://www.inaturalist.org/observations/326775949,5897528668,Consolea moniliformis,Consolea moniliformis (L.) A.Berger,Cactaceae,Consolea,SPECIES,HUMAN_OBSERVATION,2025-06-27T10:12,2025,-68.812459,18.372578,4,50c9509d-22c7-4a22-a47d-8c48425ef4a7,iNaturalist,Observations,11,02,SAN RAFAEL DEL YUMA,081102,874cd5b63ffffff
https://www.inaturalist.org/observations/327951022,5903816684,Psiguria pedata,Psiguria pedata (L.) R.A.Howard,Cucurbitaceae,Psiguria,SPECIES,HUMAN_OBSERVATION,2025-10-24T11:01,2025,-68.810943,18.338104,44,50c9509d-22c7-4a22-a47d-8c48425ef4a7,iNaturalist,Observations,11,02,SAN RAFAEL DEL YUMA,081102,874cd5b41ffffff
https://www.inaturalist.org/observations/328907760,5908971926,Cocos nucifera,Cocos nucifera L.,Arecaceae,Cocos,SPECIES,HUMAN_OBSERVATION,2025-11-29T08:15:50,2025,-68.84018,18.36795,19,50c9509d-22c7-4a22-a47d-8c48425ef4a7,iNaturalist,Observations,11,02,SAN RAFAEL DEL YUMA,081102,874cd5b71ffffff
https://www.inaturalist.org/observations/329936828,5920245788,Coccoloba uvifera,Coccoloba uvifera (L.) L.,Polygonaceae,Coccoloba,SPECIES,HUMAN_OBSERVATION,2025-12-07T10:47:36,2025,-68.8313,18.349097,3,50c9509d-22c7-4a22-a47d-8c48425ef4a7,iNaturalist,Observations,11,02,SAN RAFAEL DEL YUMA,081102,874cd5b40ffffff
https://www.inaturalist.org/observations/331129896,5936091406,Ulva lactuca,"Ulva lactuca Linnaeus, 1753",Ulvaceae,Ulva,SPECIES,HUMAN_OBSERVATION,2025-12-17T18:02:26,2025,-68.827766,18.346634,9,50c9509d-22c7-4a22-a47d-8c48425ef4a7,iNaturalist,Observations,11,02,SAN RAFAEL DEL YUMA,081102,874cd5b40ffffff
https://www.inaturalist.org/observations/331371973,5935571379,Cyperus alternifolius,Cyperus alternifolius subsp. flabelliformis Kük.,Cyperaceae,Cyperus,SUBSPECIES,HUMAN_OBSERVATION,2022-09-02T09:27,2022,-68.669502,18.432035,NA,50c9509d-22c7-4a22-a47d-8c48425ef4a7,iNaturalist,Observations,11,02,SAN RAFAEL DEL YUMA,081102,874cc67a4ffffff
https://www.inaturalist.org/observations/332651506,5935186249,Jasminum fluminense,Jasminum fluminense Vell.,Oleaceae,Jasminum,SPECIES,HUMAN_OBSERVATION,2025-12-17T08:03:28,2025,-68.692592,18.300358,206,50c9509d-22c7-4a22-a47d-8c48425ef4a7,iNaturalist,Observations,11,02,SAN RAFAEL DEL YUMA,081102,874cc66a0ffffff
https://www.inaturalist.org/observations/332651859,5935904490,Bidens alba,Bidens alba (L.) DC.,Asteraceae,Bidens,SPECIES,HUMAN_OBSERVATION,2025-12-17T08:15:19,2025,-68.692592,18.300358,207,50c9509d-22c7-4a22-a47d-8c48425ef4a7,iNaturalist,Observations,11,02,SAN RAFAEL DEL YUMA,081102,874cc66a0ffffff
https://www.inaturalist.org/observations/332652090,6185895580,Pithecellobium unguis-cati,Pithecellobium unguis-cati (L.) Benth.,Fabaceae,Pithecellobium,SPECIES,HUMAN_OBSERVATION,2025-12-17T08:16:32,2025,-68.692592,18.300358,207,50c9509d-22c7-4a22-a47d-8c48425ef4a7,iNaturalist,Observations,11,02,SAN RAFAEL DEL YUMA,081102,874cc66a0ffffff
https://www.inaturalist.org/observations/332652391,5935941625,Sida ciliaris,Sida ciliaris L.,Malvaceae,Sida,SPECIES,HUMAN_OBSERVATION,2025-12-17T09:01:06,2025,-68.692592,18.300358,207,50c9509d-22c7-4a22-a47d-8c48425ef4a7,iNaturalist,Observations,11,02,SAN RAFAEL DEL YUMA,081102,874cc66a0ffffff
https://www.inaturalist.org/observations/332652505,5935899380,Rivina humilis,Rivina humilis L.,Petiveriaceae,Rivina,SPECIES,HUMAN_OBSERVATION,2025-12-17T09:19:55,2025,-68.692592,18.300358,207,50c9509d-22c7-4a22-a47d-8c48425ef4a7,iNaturalist,Observations,11,02,SAN RAFAEL DEL YUMA,081102,874cc66a0ffffff
https://www.inaturalist.org/observations/332653118,5938207705,Talinum fruticosum,Talinum fruticosum (L.) Juss.,Talinaceae,Talinum,SPECIES,HUMAN_OBSERVATION,2025-12-17T09:35:02,2025,-68.692592,18.300358,207,50c9509d-22c7-4a22-a47d-8c48425ef4a7,iNaturalist,Observations,11,02,SAN RAFAEL DEL YUMA,081102,874cc66a0ffffff
https://www.inaturalist.org/observations/332653329,5938253008,Bursera simaruba,Bursera simaruba (L.) Sarg.,Burseraceae,Bursera,SPECIES,HUMAN_OBSERVATION,2025-12-17T10:24:27,2025,-68.692592,18.300358,207,50c9509d-22c7-4a22-a47d-8c48425ef4a7,iNaturalist,Observations,11,02,SAN RAFAEL DEL YUMA,081102,874cc66a0ffffff
https://www.inaturalist.org/observations/333446453,5938459786,Eulophia maculata,Eulophia maculata (Lindl.) Rchb.f.,Orchidaceae,Eulophia,SPECIES,HUMAN_OBSERVATION,2023-07-17T11:28,2023,-68.793402,18.333537,189,50c9509d-22c7-4a22-a47d-8c48425ef4a7,iNaturalist,Observations,11,02,SAN RAFAEL DEL YUMA,081102,874cd5b6affffff
https://www.inaturalist.org/observations/334162571,6129926287,Valonia ventricosa,Valonia ventricosa J. Agardh,Valoniaceae,Valonia,SPECIES,HUMAN_OBSERVATION,2026-01-09T13:49:26,2026,-68.844005,18.37402,9,50c9509d-22c7-4a22-a47d-8c48425ef4a7,iNaturalist,Observations,11,02,SAN RAFAEL DEL YUMA,081102,874cd5b71ffffff
https://www.inaturalist.org/observations/334162628,6130818515,Acanthophora spicifera,Acanthophora spicifera (Vahl) Borgesen,Rhodomelaceae,Acanthophora,SPECIES,HUMAN_OBSERVATION,2026-01-09T13:50:54,2026,-68.843872,18.373967,9,50c9509d-22c7-4a22-a47d-8c48425ef4a7,iNaturalist,Observations,11,02,SAN RAFAEL DEL YUMA,081102,874cd5b71ffffff
https://www.inaturalist.org/observations/334348550,6130290996,Coccoloba uvifera,Coccoloba uvifera (L.) L.,Polygonaceae,Coccoloba,SPECIES,HUMAN_OBSERVATION,2026-01-10T11:11:38,2026,-68.818563,18.340021,3238,50c9509d-22c7-4a22-a47d-8c48425ef4a7,iNaturalist,Observations,11,02,SAN RAFAEL DEL YUMA,081102,874cd5b40ffffff
https://www.inaturalist.org/observations/335422561,6130821237,Coccoloba uvifera,Coccoloba uvifera (L.) L.,Polygonaceae,Coccoloba,SPECIES,HUMAN_OBSERVATION,2026-01-19T10:07:08,2026,-68.840217,18.368813,3,50c9509d-22c7-4a22-a47d-8c48425ef4a7,iNaturalist,Observations,11,02,SAN RAFAEL DEL YUMA,081102,874cd5b71ffffff
https://www.inaturalist.org/observations/336248237,6130482242,Jasminum fluminense,Jasminum fluminense Vell.,Oleaceae,Jasminum,SPECIES,HUMAN_OBSERVATION,2026-01-26T12:13:12,2026,-68.8106,18.333298,9,50c9509d-22c7-4a22-a47d-8c48425ef4a7,iNaturalist,Observations,11,02,SAN RAFAEL DEL YUMA,081102,874cd5b41ffffff
https://www.inaturalist.org/observations/336248561,6129895566,Rivina humilis,Rivina humilis L.,Petiveriaceae,Rivina,SPECIES,HUMAN_OBSERVATION,2026-01-26T12:17,2026,-68.809616,18.333282,12,50c9509d-22c7-4a22-a47d-8c48425ef4a7,iNaturalist,Observations,11,02,SAN RAFAEL DEL YUMA,081102,874cd5b41ffffff
https://www.inaturalist.org/observations/336248592,6130434651,Cenchrus echinatus,Cenchrus echinatus L.,Poaceae,Cenchrus,SPECIES,HUMAN_OBSERVATION,2026-01-26T12:17:27,2026,-68.809631,18.333221,7,50c9509d-22c7-4a22-a47d-8c48425ef4a7,iNaturalist,Observations,11,02,SAN RAFAEL DEL YUMA,081102,874cd5b41ffffff
https://www.inaturalist.org/observations/336248949,6129831298,Pithecellobium unguis-cati,Pithecellobium unguis-cati (L.) Benth.,Fabaceae,Pithecellobium,SPECIES,HUMAN_OBSERVATION,2026-01-26T12:21:34,2026,-68.80793,18.333313,10,50c9509d-22c7-4a22-a47d-8c48425ef4a7,iNaturalist,Observations,11,02,SAN RAFAEL DEL YUMA,081102,874cd5b41ffffff
https://www.inaturalist.org/observations/336250062,6130195129,Canavalia rosea,Canavalia rosea (Sw.) DC.,Fabaceae,Canavalia,SPECIES,HUMAN_OBSERVATION,2026-01-26T12:34:40,2026,-68.811668,18.331909,43,50c9509d-22c7-4a22-a47d-8c48425ef4a7,iNaturalist,Observations,11,02,SAN RAFAEL DEL YUMA,081102,874cd5b41ffffff
https://www.inaturalist.org/observations/336251383,6130824765,Conocarpus erectus,Conocarpus erectus L.,Combretaceae,Conocarpus,SPECIES,HUMAN_OBSERVATION,2026-01-26T12:47:05,2026,-68.809967,18.328293,36,50c9509d-22c7-4a22-a47d-8c48425ef4a7,iNaturalist,Observations,11,02,SAN RAFAEL DEL YUMA,081102,874cd5b41ffffff
https://www.inaturalist.org/observations/336251894,6131123986,Guilandina bonduc,Guilandina bonduc L.,Fabaceae,Guilandina,SPECIES,HUMAN_OBSERVATION,2026-01-26T12:51:53,2026,-68.809647,18.327667,10,50c9509d-22c7-4a22-a47d-8c48425ef4a7,iNaturalist,Observations,11,02,SAN RAFAEL DEL YUMA,081102,874cd5b41ffffff
https://www.inaturalist.org/observations/337418595,6147337877,Ipomoea pes-caprae,Ipomoea pes-caprae (L.) R.Br.,Convolvulaceae,Ipomoea,SPECIES,HUMAN_OBSERVATION,2026-02-01T12:50:33,2026,-68.820949,18.342001,57,50c9509d-22c7-4a22-a47d-8c48425ef4a7,iNaturalist,Observations,11,02,SAN RAFAEL DEL YUMA,081102,874cd5b40ffffff
https://www.inaturalist.org/observations/337419161,6147179463,Leucaena leucocephala,Leucaena leucocephala (Lam.) de Wit,Fabaceae,Leucaena,SPECIES,HUMAN_OBSERVATION,2026-02-01T13:12:37,2026,-68.820414,18.341716,59,50c9509d-22c7-4a22-a47d-8c48425ef4a7,iNaturalist,Observations,11,02,SAN RAFAEL DEL YUMA,081102,874cd5b40ffffff
https://www.inaturalist.org/observations/338655856,6163253379,Mangifera indica,Mangifera indica L.,Anacardiaceae,Mangifera,SPECIES,HUMAN_OBSERVATION,2026-02-14T15:17:06,2026,-68.821595,18.343733,4,50c9509d-22c7-4a22-a47d-8c48425ef4a7,iNaturalist,Observations,11,02,SAN RAFAEL DEL YUMA,081102,874cd5b40ffffff
https://www.inaturalist.org/observations/338655948,6159315636,Euphorbia tithymaloides,Euphorbia tithymaloides L.,Euphorbiaceae,Euphorbia,SPECIES,HUMAN_OBSERVATION,2026-02-14T18:11:16,2026,-68.822303,18.343445,4,50c9509d-22c7-4a22-a47d-8c48425ef4a7,iNaturalist,Observations,11,02,SAN RAFAEL DEL YUMA,081102,874cd5b40ffffff
https://www.inaturalist.org/observations/339088929,6422624782,Crescentia cujete,Crescentia cujete L.,Bignoniaceae,Crescentia,SPECIES,HUMAN_OBSERVATION,2026-02-16T07:25:19,2026,-68.816933,18.342066,17,50c9509d-22c7-4a22-a47d-8c48425ef4a7,iNaturalist,Observations,11,02,SAN RAFAEL DEL YUMA,081102,874cd5b40ffffff
https://www.inaturalist.org/observations/339088997,6163036754,Cocos nucifera,Cocos nucifera L.,Arecaceae,Cocos,SPECIES,HUMAN_OBSERVATION,2026-02-16T07:22:19,2026,-68.816467,18.341925,4,50c9509d-22c7-4a22-a47d-8c48425ef4a7,iNaturalist,Observations,11,02,SAN RAFAEL DEL YUMA,081102,874cd5b40ffffff
https://www.inaturalist.org/observations/339438122,6178672703,Megaskepasma erythrochlamys,Megaskepasma erythrochlamys Lindau,Acanthaceae,Megaskepasma,SPECIES,HUMAN_OBSERVATION,2026-02-20T11:24:31,2026,-68.824367,18.345414,NA,50c9509d-22c7-4a22-a47d-8c48425ef4a7,iNaturalist,Observations,11,02,SAN RAFAEL DEL YUMA,081102,874cd5b40ffffff
https://www.inaturalist.org/observations/339715264,6170828906,Delonix regia,Delonix regia (Bojer ex Hook.) Raf.,Fabaceae,Delonix,SPECIES,HUMAN_OBSERVATION,2026-02-22T07:28:31,2026,-68.822151,18.344515,6,50c9509d-22c7-4a22-a47d-8c48425ef4a7,iNaturalist,Observations,11,02,SAN RAFAEL DEL YUMA,081102,874cd5b40ffffff
https://www.inaturalist.org/observations/339720287,6163010056,Thunbergia grandiflora,Thunbergia grandiflora (Roxb. ex Rottler) Roxb.,Acanthaceae,Thunbergia,SPECIES,HUMAN_OBSERVATION,2026-02-21T15:27:21,2026,-68.823794,18.346311,NA,50c9509d-22c7-4a22-a47d-8c48425ef4a7,iNaturalist,Observations,11,02,SAN RAFAEL DEL YUMA,081102,874cd5b40ffffff
https://www.inaturalist.org/observations/339732171,6163020645,Coccoloba uvifera,Coccoloba uvifera (L.) L.,Polygonaceae,Coccoloba,SPECIES,HUMAN_OBSERVATION,2026-02-22T10:19:51,2026,-68.823326,18.343603,14,50c9509d-22c7-4a22-a47d-8c48425ef4a7,iNaturalist,Observations,11,02,SAN RAFAEL DEL YUMA,081102,874cd5b40ffffff
https://www.inaturalist.org/observations/339764998,6163255857,Oxalis corniculata,Oxalis corniculata L.,Oxalidaceae,Oxalis,SPECIES,HUMAN_OBSERVATION,2026-02-22T14:23:25,2026,-68.822052,18.344,13,50c9509d-22c7-4a22-a47d-8c48425ef4a7,iNaturalist,Observations,11,02,SAN RAFAEL DEL YUMA,081102,874cd5b40ffffff
https://www.inaturalist.org/observations/339944923,6171075083,Euphorbia pergamena,Euphorbia pergamena Small,Euphorbiaceae,Euphorbia,SPECIES,HUMAN_OBSERVATION,2026-02-23T17:43:09,2026,-68.822823,18.342888,2,50c9509d-22c7-4a22-a47d-8c48425ef4a7,iNaturalist,Observations,11,02,SAN RAFAEL DEL YUMA,081102,874cd5b40ffffff
https://www.inaturalist.org/observations/339947705,6163098149,Ipomoea pes-caprae,Ipomoea pes-caprae (L.) R.Br.,Convolvulaceae,Ipomoea,SPECIES,HUMAN_OBSERVATION,2026-02-23T17:47:40,2026,-68.820587,18.341608,14,50c9509d-22c7-4a22-a47d-8c48425ef4a7,iNaturalist,Observations,11,02,SAN RAFAEL DEL YUMA,081102,874cd5b40ffffff
https://www.inaturalist.org/observations/339947712,6185121134,Scaevola taccada,Scaevola taccada (Gaertn.) Roxb.,Goodeniaceae,Scaevola,SPECIES,HUMAN_OBSERVATION,2026-02-23T17:48:18,2026,-68.820572,18.341532,6,50c9509d-22c7-4a22-a47d-8c48425ef4a7,iNaturalist,Observations,11,02,SAN RAFAEL DEL YUMA,081102,874cd5b40ffffff
https://www.inaturalist.org/observations/340018730,6170868540,Epipremnum aureum,Epipremnum aureum (Linden & André) G.S.Bunting,Araceae,Epipremnum,SPECIES,HUMAN_OBSERVATION,2026-02-24T07:58:17,2026,-68.821747,18.345053,10,50c9509d-22c7-4a22-a47d-8c48425ef4a7,iNaturalist,Observations,11,02,SAN RAFAEL DEL YUMA,081102,874cd5b40ffffff
https://www.inaturalist.org/observations/340031173,6170948994,Ipomoea pes-caprae,Ipomoea pes-caprae (L.) R.Br.,Convolvulaceae,Ipomoea,SPECIES,HUMAN_OBSERVATION,2026-02-24T09:13:42,2026,-68.815186,18.337252,80,50c9509d-22c7-4a22-a47d-8c48425ef4a7,iNaturalist,Observations,11,02,SAN RAFAEL DEL YUMA,081102,874cd5b41ffffff
https://www.inaturalist.org/observations/340031179,6170949210,Sesuvium portulacastrum,Sesuvium portulacastrum (L.) L.,Aizoaceae,Sesuvium,SPECIES,HUMAN_OBSERVATION,2026-02-24T09:14:05,2026,-68.814819,18.33709,23,50c9509d-22c7-4a22-a47d-8c48425ef4a7,iNaturalist,Observations,11,02,SAN RAFAEL DEL YUMA,081102,874cd5b41ffffff
https://www.inaturalist.org/observations/340048470,6170931778,Cocos nucifera,Cocos nucifera L.,Arecaceae,Cocos,SPECIES,HUMAN_OBSERVATION,2026-02-24T13:25:47,2026,-68.822083,18.344227,12,50c9509d-22c7-4a22-a47d-8c48425ef4a7,iNaturalist,Observations,11,02,SAN RAFAEL DEL YUMA,081102,874cd5b40ffffff
https://www.inaturalist.org/observations/340545317,6178303260,Kalanchoe houghtonii,Kalanchoe × houghtonii D.B.Ward,Crassulaceae,Kalanchoe,SPECIES,HUMAN_OBSERVATION,2026-02-17T14:47,2026,-68.813361,18.374656,NA,50c9509d-22c7-4a22-a47d-8c48425ef4a7,iNaturalist,Observations,11,02,SAN RAFAEL DEL YUMA,081102,874cd5b62ffffff
https://www.inaturalist.org/observations/343474348,6431241302,Sapindus saponaria,Sapindus saponaria L.,Sapindaceae,Sapindus,SPECIES,HUMAN_OBSERVATION,2026-03-17T07:57:31,2026,-68.84005,18.369033,5,50c9509d-22c7-4a22-a47d-8c48425ef4a7,iNaturalist,Observations,11,02,SAN RAFAEL DEL YUMA,081102,874cd5b71ffffff
https://www.inaturalist.org/observations/343813811,6185232323,Guilandina bonduc,Guilandina bonduc L.,Fabaceae,Guilandina,SPECIES,HUMAN_OBSERVATION,2026-03-19T11:18:35,2026,-68.839689,18.361732,4,50c9509d-22c7-4a22-a47d-8c48425ef4a7,iNaturalist,Observations,11,02,SAN RAFAEL DEL YUMA,081102,874cd5b46ffffff
https://www.inaturalist.org/observations/344753481,6184744058,Ipomoea pes-caprae,Ipomoea pes-caprae (L.) R.Br.,Convolvulaceae,Ipomoea,SPECIES,HUMAN_OBSERVATION,2026-01-04T09:10:43,2026,-68.820603,18.341567,23,50c9509d-22c7-4a22-a47d-8c48425ef4a7,iNaturalist,Observations,11,02,SAN RAFAEL DEL YUMA,081102,874cd5b40ffffff
https://www.inaturalist.org/observations/344986762,6184803035,Pithecellobium dulce,Pithecellobium dulce (Roxb.) Benth.,Fabaceae,Pithecellobium,SPECIES,HUMAN_OBSERVATION,2026-03-24T11:17:45,2026,-68.836425,18.358288,2,50c9509d-22c7-4a22-a47d-8c48425ef4a7,iNaturalist,Observations,11,02,SAN RAFAEL DEL YUMA,081102,874cd5b46ffffff
https://www.inaturalist.org/observations/345044892,6186004111,Aechmea nudicaulis,Aechmea nudicaulis (L.) Griseb.,Bromeliaceae,Aechmea,SPECIES,HUMAN_OBSERVATION,2024-04-28T10:24,2024,-68.807036,18.327047,4,50c9509d-22c7-4a22-a47d-8c48425ef4a7,iNaturalist,Observations,11,02,SAN RAFAEL DEL YUMA,081102,874cd5b41ffffff
https://www.inaturalist.org/observations/346871949,6188323804,Kalanchoe houghtonii,Kalanchoe × houghtonii D.B.Ward,Crassulaceae,Kalanchoe,SPECIES,HUMAN_OBSERVATION,2026-04-02T11:24:49,2026,-68.809523,18.375709,NA,50c9509d-22c7-4a22-a47d-8c48425ef4a7,iNaturalist,Observations,11,02,SAN RAFAEL DEL YUMA,081102,874cd5b63ffffff
https://www.inaturalist.org/observations/346871977,6188034464,Pilosocereus excelsus,Pilosocereus excelsus Hoxey & Gdaniec,Cactaceae,Pilosocereus,SPECIES,HUMAN_OBSERVATION,2026-04-02T11:21:54,2026,-68.809267,18.375699,NA,50c9509d-22c7-4a22-a47d-8c48425ef4a7,iNaturalist,Observations,11,02,SAN RAFAEL DEL YUMA,081102,874cd5b63ffffff
https://www.inaturalist.org/observations/346872003,6188577207,Tradescantia spathacea,Tradescantia spathacea Sw.,Commelinaceae,Tradescantia,SPECIES,HUMAN_OBSERVATION,2026-04-02T11:21:36,2026,-68.809214,18.375531,NA,50c9509d-22c7-4a22-a47d-8c48425ef4a7,iNaturalist,Observations,11,02,SAN RAFAEL DEL YUMA,081102,874cd5b63ffffff
https://www.inaturalist.org/observations/352900626,6236125798,Talinum fruticosum,Talinum fruticosum (L.) Juss.,Talinaceae,Talinum,SPECIES,HUMAN_OBSERVATION,2026-04-24T10:14:13,2026,-68.835161,18.353453,58,50c9509d-22c7-4a22-a47d-8c48425ef4a7,iNaturalist,Observations,11,02,SAN RAFAEL DEL YUMA,081102,874cd5b46ffffff
https://www.inaturalist.org/observations/352901731,6235081070,Centrosema virginianum,Centrosema virginianum (L.) Benth.,Fabaceae,Centrosema,SPECIES,HUMAN_OBSERVATION,2026-04-24T10:24:29,2026,-68.83519,18.355357,100,50c9509d-22c7-4a22-a47d-8c48425ef4a7,iNaturalist,Observations,11,02,SAN RAFAEL DEL YUMA,081102,874cd5b46ffffff
https://www.inaturalist.org/observations/352907031,6236184018,Morinda citrifolia,Morinda citrifolia L.,Rubiaceae,Morinda,SPECIES,HUMAN_OBSERVATION,2026-04-24T10:38:40,2026,-68.835795,18.357192,23,50c9509d-22c7-4a22-a47d-8c48425ef4a7,iNaturalist,Observations,11,02,SAN RAFAEL DEL YUMA,081102,874cd5b46ffffff
https://www.inaturalist.org/observations/352919144,6234967452,Borrichia arborescens,Borrichia arborescens (L.) DC.,Asteraceae,Borrichia,SPECIES,HUMAN_OBSERVATION,2026-04-24T10:55:20,2026,-68.838914,18.360658,87,50c9509d-22c7-4a22-a47d-8c48425ef4a7,iNaturalist,Observations,11,02,SAN RAFAEL DEL YUMA,081102,874cd5b46ffffff
https://www.inaturalist.org/observations/353004612,6234906624,Ipomoea pes-caprae,Ipomoea pes-caprae (L.) R.Br.,Convolvulaceae,Ipomoea,SPECIES,HUMAN_OBSERVATION,2026-04-24T10:57:28,2026,-68.838876,18.36033,108,50c9509d-22c7-4a22-a47d-8c48425ef4a7,iNaturalist,Observations,11,02,SAN RAFAEL DEL YUMA,081102,874cd5b46ffffff
https://www.inaturalist.org/observations/353005864,6236245110,Canavalia rosea,Canavalia rosea (Sw.) DC.,Fabaceae,Canavalia,SPECIES,HUMAN_OBSERVATION,2026-04-24T10:57:53,2026,-68.838806,18.360497,97,50c9509d-22c7-4a22-a47d-8c48425ef4a7,iNaturalist,Observations,11,02,SAN RAFAEL DEL YUMA,081102,874cd5b46ffffff
https://www.inaturalist.org/observations/353008127,6274268059,Opuntia cochenillifera,Opuntia cochenillifera (L.) Mill.,Cactaceae,Opuntia,SPECIES,HUMAN_OBSERVATION,2026-04-24T11:10:49,2026,-68.835078,18.354882,40,50c9509d-22c7-4a22-a47d-8c48425ef4a7,iNaturalist,Observations,11,02,SAN RAFAEL DEL YUMA,081102,874cd5b46ffffff
https://www.inaturalist.org/observations/35691093,2460078520,Zamia pumila,Zamia pumila L.,Zamiaceae,Zamia,SPECIES,HUMAN_OBSERVATION,2010-09-26T13:57,2010,-68.894899,18.398836,209,50c9509d-22c7-4a22-a47d-8c48425ef4a7,iNaturalist,Observations,11,02,SAN RAFAEL DEL YUMA,081102,874cd5b0dffffff
https://www.inaturalist.org/observations/35691921,4596777410,Hylocereus triangularis,Selenicereus triangularis (L.) D.R.Hunt,Cactaceae,Hylocereus,SPECIES,HUMAN_OBSERVATION,2010-09-26T13:22,2010,-68.894899,18.398836,209,50c9509d-22c7-4a22-a47d-8c48425ef4a7,iNaturalist,Observations,11,02,SAN RAFAEL DEL YUMA,081102,874cd5b0dffffff
https://www.inaturalist.org/observations/35691992,2460153300,Rhipsalis baccifera,Rhipsalis baccifera (J.S.Muell.) Stearn,Cactaceae,Rhipsalis,SPECIES,HUMAN_OBSERVATION,2010-09-26T13:22,2010,-68.894899,18.398836,209,50c9509d-22c7-4a22-a47d-8c48425ef4a7,iNaturalist,Observations,11,02,SAN RAFAEL DEL YUMA,081102,874cd5b0dffffff
https://www.inaturalist.org/observations/358199199,6251570952,Coccoloba uvifera,Coccoloba uvifera (L.) L.,Polygonaceae,Coccoloba,SPECIES,HUMAN_OBSERVATION,2014-09-28T10:52,2014,-68.811846,18.332511,2,50c9509d-22c7-4a22-a47d-8c48425ef4a7,iNaturalist,Observations,11,02,SAN RAFAEL DEL YUMA,081102,874cd5b41ffffff
https://www.inaturalist.org/observations/358509066,6334532058,Talinum fruticosum,Talinum fruticosum (L.) Juss.,Talinaceae,Talinum,SPECIES,HUMAN_OBSERVATION,2014-05-14T11:06,2014,-68.810363,18.329429,15,50c9509d-22c7-4a22-a47d-8c48425ef4a7,iNaturalist,Observations,11,02,SAN RAFAEL DEL YUMA,081102,874cd5b41ffffff
https://www.inaturalist.org/observations/359365262,6422311443,Antigonon leptopus,Antigonon leptopus Hook. & Arn.,Polygonaceae,Antigonon,SPECIES,HUMAN_OBSERVATION,2026-05-07T17:46,2026,-68.815597,18.373388,8,50c9509d-22c7-4a22-a47d-8c48425ef4a7,iNaturalist,Observations,11,02,SAN RAFAEL DEL YUMA,081102,874cd5b62ffffff
https://www.inaturalist.org/observations/359365445,6273798510,Parthenium hysterophorus,Parthenium hysterophorus L.,Asteraceae,Parthenium,SPECIES,HUMAN_OBSERVATION,2026-05-07T16:46,2026,-68.814987,18.37303,7,50c9509d-22c7-4a22-a47d-8c48425ef4a7,iNaturalist,Observations,11,02,SAN RAFAEL DEL YUMA,081102,874cd5b62ffffff
https://www.inaturalist.org/observations/359365731,6273527143,Rivina humilis,Rivina humilis L.,Petiveriaceae,Rivina,SPECIES,HUMAN_OBSERVATION,2026-05-07T16:47,2026,-68.814858,18.373167,5,50c9509d-22c7-4a22-a47d-8c48425ef4a7,iNaturalist,Observations,11,02,SAN RAFAEL DEL YUMA,081102,874cd5b62ffffff
https://www.inaturalist.org/observations/359366409,6273972053,Heliotropium angiospermum,Heliotropium angiospermum Murray,Heliotropiaceae,Heliotropium,SPECIES,HUMAN_OBSERVATION,2026-05-07T16:51,2026,-68.81102,18.372983,4,50c9509d-22c7-4a22-a47d-8c48425ef4a7,iNaturalist,Observations,11,02,SAN RAFAEL DEL YUMA,081102,874cd5b63ffffff
https://www.inaturalist.org/observations/359368318,6422676076,Psychotria nervosa,Psychotria nervosa Sw.,Rubiaceae,Psychotria,SPECIES,HUMAN_OBSERVATION,2026-05-07T16:00,2026,-68.809625,18.375692,10,50c9509d-22c7-4a22-a47d-8c48425ef4a7,iNaturalist,Observations,11,02,SAN RAFAEL DEL YUMA,081102,874cd5b63ffffff
https://www.inaturalist.org/observations/359370693,6273941720,Tradescantia spathacea,Tradescantia spathacea Sw.,Commelinaceae,Tradescantia,SPECIES,HUMAN_OBSERVATION,2026-05-07T16:10,2026,-68.8125,18.374983,13,50c9509d-22c7-4a22-a47d-8c48425ef4a7,iNaturalist,Observations,11,02,SAN RAFAEL DEL YUMA,081102,874cd5b63ffffff
https://www.inaturalist.org/observations/359370792,6273872439,Pilosocereus polygonus,Pilosocereus polygonus (Lam.) Byles & G.D.Rowley,Cactaceae,Pilosocereus,SPECIES,HUMAN_OBSERVATION,2026-05-07T16:11,2026,-68.813933,18.374595,13,50c9509d-22c7-4a22-a47d-8c48425ef4a7,iNaturalist,Observations,11,02,SAN RAFAEL DEL YUMA,081102,874cd5b62ffffff
https://www.inaturalist.org/observations/359370960,6273408360,Hamelia patens,Hamelia patens Jacq.,Rubiaceae,Hamelia,SPECIES,HUMAN_OBSERVATION,2026-05-07T16:11,2026,-68.814033,18.374553,4,50c9509d-22c7-4a22-a47d-8c48425ef4a7,iNaturalist,Observations,11,02,SAN RAFAEL DEL YUMA,081102,874cd5b62ffffff
https://www.inaturalist.org/observations/359371028,6273761406,Casearia dodecandra,Casearia dodecandra (Jacq.) T.Samar. & M.H.Alford,Salicaceae,Casearia,SPECIES,HUMAN_OBSERVATION,2026-05-07T15:12,2026,-68.814208,18.374558,5,50c9509d-22c7-4a22-a47d-8c48425ef4a7,iNaturalist,Observations,11,02,SAN RAFAEL DEL YUMA,081102,874cd5b62ffffff
https://www.inaturalist.org/observations/359371144,6273343382,Jatropha gossypiifolia,Jatropha gossypiifolia L.,Euphorbiaceae,Jatropha,SPECIES,HUMAN_OBSERVATION,2026-05-07T15:12,2026,-68.814322,18.374522,7,50c9509d-22c7-4a22-a47d-8c48425ef4a7,iNaturalist,Observations,11,02,SAN RAFAEL DEL YUMA,081102,874cd5b62ffffff
https://www.inaturalist.org/observations/36033770,2859914355,Rhizophora mangle,Rhizophora mangle L.,Rhizophoraceae,Rhizophora,SPECIES,HUMAN_OBSERVATION,2019-11-24T09:17:43,2019,-68.840012,18.369869,47,50c9509d-22c7-4a22-a47d-8c48425ef4a7,iNaturalist,Observations,11,02,SAN RAFAEL DEL YUMA,081102,874cd5b71ffffff
https://www.inaturalist.org/observations/36042186,2465185055,Laguncularia racemosa,Laguncularia racemosa (L.) C.F.Gaertn.,Combretaceae,Laguncularia,SPECIES,HUMAN_OBSERVATION,2019-11-24T17:00:56,2019,-68.840237,18.370352,22,50c9509d-22c7-4a22-a47d-8c48425ef4a7,iNaturalist,Observations,11,02,SAN RAFAEL DEL YUMA,081102,874cd5b71ffffff
https://www.inaturalist.org/observations/360998118,6320412329,Pilosocereus excelsus,Pilosocereus excelsus Hoxey & Gdaniec,Cactaceae,Pilosocereus,SPECIES,HUMAN_OBSERVATION,2026-05-12T08:12:02,2026,-68.809676,18.328481,4,50c9509d-22c7-4a22-a47d-8c48425ef4a7,iNaturalist,Observations,11,02,SAN RAFAEL DEL YUMA,081102,874cd5b41ffffff
https://www.inaturalist.org/observations/360999038,6321074599,Isidorea pungens,Isidorea pungens (Lam.) B.L.Rob.,Rubiaceae,Isidorea,SPECIES,HUMAN_OBSERVATION,2026-05-12T12:45:22,2026,-68.80784,18.326513,86,50c9509d-22c7-4a22-a47d-8c48425ef4a7,iNaturalist,Observations,11,02,SAN RAFAEL DEL YUMA,081102,874cd5b41ffffff
https://www.inaturalist.org/observations/36500207,5062515615,Dodonaea viscosa,Dodonaea viscosa (L.) Jacq.,Sapindaceae,Dodonaea,SPECIES,HUMAN_OBSERVATION,2019-12-08T08:15:46,2019,-68.751407,18.240332,8,50c9509d-22c7-4a22-a47d-8c48425ef4a7,iNaturalist,Observations,11,02,SAN RAFAEL DEL YUMA,081102,874cc6693ffffff
https://www.inaturalist.org/observations/36500217,2518143178,Terminalia buceras,Terminalia buceras (L.) C.Wright,Combretaceae,Terminalia,SPECIES,HUMAN_OBSERVATION,2019-12-08T08:20:24,2019,-68.750914,18.240439,6,50c9509d-22c7-4a22-a47d-8c48425ef4a7,iNaturalist,Observations,11,02,SAN RAFAEL DEL YUMA,081102,874cc6693ffffff
https://www.inaturalist.org/observations/36500266,2518142988,Coccoloba diversifolia,Coccoloba diversifolia Jacq.,Polygonaceae,Coccoloba,SPECIES,HUMAN_OBSERVATION,2019-12-08T08:32:39,2019,-68.748879,18.239819,8,50c9509d-22c7-4a22-a47d-8c48425ef4a7,iNaturalist,Observations,11,02,SAN RAFAEL DEL YUMA,081102,874cc6691ffffff
https://www.inaturalist.org/observations/36500268,4039256352,Erithalis fruticosa,Erithalis fruticosa L.,Rubiaceae,Erithalis,SPECIES,HUMAN_OBSERVATION,2019-12-08T08:34:28,2019,-68.748607,18.239642,9,50c9509d-22c7-4a22-a47d-8c48425ef4a7,iNaturalist,Observations,11,02,SAN RAFAEL DEL YUMA,081102,874cc6691ffffff
https://www.inaturalist.org/observations/36500294,2517977144,Tradescantia spathacea,Tradescantia spathacea Sw.,Commelinaceae,Tradescantia,SPECIES,HUMAN_OBSERVATION,2019-12-08T09:08:20,2019,-68.743452,18.23552,9,50c9509d-22c7-4a22-a47d-8c48425ef4a7,iNaturalist,Observations,11,02,SAN RAFAEL DEL YUMA,081102,874cc669effffff
https://www.inaturalist.org/observations/36829677,3966355320,Crotalaria retusa,Crotalaria retusa L.,Fabaceae,Crotalaria,SPECIES,HUMAN_OBSERVATION,2018-01-15T08:49,2018,-68.617615,18.361526,500,50c9509d-22c7-4a22-a47d-8c48425ef4a7,iNaturalist,Observations,11,02,SAN RAFAEL DEL YUMA,081102,874cc67a9ffffff
https://www.inaturalist.org/observations/36829810,2540774895,Sesuvium portulacastrum,Sesuvium portulacastrum (L.) L.,Aizoaceae,Sesuvium,SPECIES,HUMAN_OBSERVATION,2018-01-15T08:54,2018,-68.616891,18.360787,500,50c9509d-22c7-4a22-a47d-8c48425ef4a7,iNaturalist,Observations,11,02,SAN RAFAEL DEL YUMA,081102,874cc67a9ffffff
https://www.inaturalist.org/observations/36844070,2540773787,Strumpfia maritima,Strumpfia maritima Jacq.,Rubiaceae,Strumpfia,SPECIES,HUMAN_OBSERVATION,2018-01-15T09:31,2018,-68.608077,18.348978,500,50c9509d-22c7-4a22-a47d-8c48425ef4a7,iNaturalist,Observations,11,02,SAN RAFAEL DEL YUMA,081102,874cc6634ffffff
https://www.inaturalist.org/observations/36844117,2540783937,Rachicallis americana,Rachicallis americana (Jacq.) Hitchc.,Rubiaceae,Rachicallis,SPECIES,HUMAN_OBSERVATION,2018-01-15T09:48,2018,-68.608398,18.349256,500,50c9509d-22c7-4a22-a47d-8c48425ef4a7,iNaturalist,Observations,11,02,SAN RAFAEL DEL YUMA,081102,874cc6634ffffff
https://www.inaturalist.org/observations/370167095,6398688827,Stigmaphyllon emarginatum,Stigmaphyllon emarginatum (Cav.) A.Juss.,Malpighiaceae,Stigmaphyllon,SPECIES,HUMAN_OBSERVATION,2026-03-09T10:00,2026,-68.604683,18.378594,6,50c9509d-22c7-4a22-a47d-8c48425ef4a7,iNaturalist,Observations,11,02,SAN RAFAEL DEL YUMA,081102,874cc671affffff
https://www.inaturalist.org/observations/370168113,6399012749,Terminalia catappa,Terminalia catappa L.,Combretaceae,Terminalia,SPECIES,HUMAN_OBSERVATION,2026-03-09T10:01,2026,-68.604775,18.378594,5,50c9509d-22c7-4a22-a47d-8c48425ef4a7,iNaturalist,Observations,11,02,SAN RAFAEL DEL YUMA,081102,874cc671affffff
https://www.inaturalist.org/observations/370174860,6399682491,Guazuma ulmifolia,Guazuma ulmifolia Lam.,Malvaceae,Guazuma,SPECIES,HUMAN_OBSERVATION,2026-03-09T11:21,2026,-68.6185,18.362844,5,50c9509d-22c7-4a22-a47d-8c48425ef4a7,iNaturalist,Observations,11,02,SAN RAFAEL DEL YUMA,081102,874cc67a9ffffff
https://www.inaturalist.org/observations/370175712,6400106430,Oxalis barrelieri,Oxalis barrelieri L.,Oxalidaceae,Oxalis,SPECIES,HUMAN_OBSERVATION,2026-03-09T11:42,2026,-68.617011,18.361114,4,50c9509d-22c7-4a22-a47d-8c48425ef4a7,iNaturalist,Observations,11,02,SAN RAFAEL DEL YUMA,081102,874cc67a9ffffff
https://www.inaturalist.org/observations/370343680,6400225767,Guaiacum sanctum,Guaiacum sanctum L.,Zygophyllaceae,Guaiacum,SPECIES,HUMAN_OBSERVATION,2026-03-09T12:01,2026,-68.61795,18.364736,5,50c9509d-22c7-4a22-a47d-8c48425ef4a7,iNaturalist,Observations,11,02,SAN RAFAEL DEL YUMA,081102,874cc67a9ffffff
https://www.inaturalist.org/observations/370344679,6399683060,Euphorbia lactea,Euphorbia lactea Haw.,Euphorbiaceae,Euphorbia,SPECIES,HUMAN_OBSERVATION,2026-03-09T12:16,2026,-68.616775,18.366472,5,50c9509d-22c7-4a22-a47d-8c48425ef4a7,iNaturalist,Observations,11,02,SAN RAFAEL DEL YUMA,081102,874cc67a9ffffff
https://www.inaturalist.org/observations/370359177,6399407876,Kalanchoe pinnata,Kalanchoe pinnata (Lam.) Pers.,Crassulaceae,Kalanchoe,SPECIES,HUMAN_OBSERVATION,2026-03-10T08:03,2026,-68.813928,18.374547,5,50c9509d-22c7-4a22-a47d-8c48425ef4a7,iNaturalist,Observations,11,02,SAN RAFAEL DEL YUMA,081102,874cd5b62ffffff
https://www.inaturalist.org/observations/370362013,6399278187,Talinum fruticosum,Talinum fruticosum (L.) Juss.,Talinaceae,Talinum,SPECIES,HUMAN_OBSERVATION,2026-03-10T07:59,2026,-68.813989,18.374514,NA,50c9509d-22c7-4a22-a47d-8c48425ef4a7,iNaturalist,Observations,11,02,SAN RAFAEL DEL YUMA,081102,874cd5b62ffffff
https://www.inaturalist.org/observations/370631536,6399558245,Plumbago zeylanica,Plumbago zeylanica L.,Plumbaginaceae,Plumbago,SPECIES,HUMAN_OBSERVATION,2026-03-10T08:00,2026,-68.813972,18.374519,NA,50c9509d-22c7-4a22-a47d-8c48425ef4a7,iNaturalist,Observations,11,02,SAN RAFAEL DEL YUMA,081102,874cd5b62ffffff
https://www.inaturalist.org/observations/370716384,6400190235,Tradescantia spathacea,Tradescantia spathacea Sw.,Commelinaceae,Tradescantia,SPECIES,HUMAN_OBSERVATION,2026-03-10T08:08,2026,-68.813486,18.374578,6,50c9509d-22c7-4a22-a47d-8c48425ef4a7,iNaturalist,Observations,11,02,SAN RAFAEL DEL YUMA,081102,874cd5b62ffffff
https://www.inaturalist.org/observations/370720144,6399374737,Vachellia macracantha,Vachellia macracantha (Humb. & Bonpl. ex Willd.) Seigler & Ebinger,Fabaceae,Vachellia,SPECIES,HUMAN_OBSERVATION,2026-03-10T08:11,2026,-68.813531,18.374586,6,50c9509d-22c7-4a22-a47d-8c48425ef4a7,iNaturalist,Observations,11,02,SAN RAFAEL DEL YUMA,081102,874cd5b62ffffff
https://www.inaturalist.org/observations/370754290,6400873405,Zamia pumila,Zamia pumila L.,Zamiaceae,Zamia,SPECIES,HUMAN_OBSERVATION,2026-03-10T08:13,2026,-68.8135,18.374578,7,50c9509d-22c7-4a22-a47d-8c48425ef4a7,iNaturalist,Observations,11,02,SAN RAFAEL DEL YUMA,081102,874cd5b62ffffff
https://www.inaturalist.org/observations/370759431,6398570392,Callisia repens,Callisia repens (Jacq.) L.,Commelinaceae,Callisia,SPECIES,HUMAN_OBSERVATION,2026-03-10T08:50,2026,-68.812003,18.375039,4,50c9509d-22c7-4a22-a47d-8c48425ef4a7,iNaturalist,Observations,11,02,SAN RAFAEL DEL YUMA,081102,874cd5b63ffffff
https://www.inaturalist.org/observations/370937275,6399203482,Rivina humilis,Rivina humilis L.,Petiveriaceae,Rivina,SPECIES,HUMAN_OBSERVATION,2026-03-10T15:18,2026,-68.811644,18.332131,4,50c9509d-22c7-4a22-a47d-8c48425ef4a7,iNaturalist,Observations,11,02,SAN RAFAEL DEL YUMA,081102,874cd5b41ffffff
https://www.inaturalist.org/observations/371350718,6399012452,Serjania polyphylla,Serjania polyphylla (L.) Poir. ex Steud.,Sapindaceae,Serjania,SPECIES,HUMAN_OBSERVATION,2026-03-10T15:33,2026,-68.811203,18.331281,9,50c9509d-22c7-4a22-a47d-8c48425ef4a7,iNaturalist,Observations,11,02,SAN RAFAEL DEL YUMA,081102,874cd5b41ffffff
https://www.inaturalist.org/observations/371354061,6399283504,Guilandina bonduc,Guilandina bonduc L.,Fabaceae,Guilandina,SPECIES,HUMAN_OBSERVATION,2026-03-10T16:04,2026,-68.810522,18.329922,6,50c9509d-22c7-4a22-a47d-8c48425ef4a7,iNaturalist,Observations,11,02,SAN RAFAEL DEL YUMA,081102,874cd5b41ffffff
https://www.inaturalist.org/observations/371359334,6400608484,Bourreria succulenta,Bourreria succulenta Jacq.,Ehretiaceae,Bourreria,SPECIES,HUMAN_OBSERVATION,2026-03-10T16:11,2026,-68.810386,18.329514,5,50c9509d-22c7-4a22-a47d-8c48425ef4a7,iNaturalist,Observations,11,02,SAN RAFAEL DEL YUMA,081102,874cd5b41ffffff
https://www.inaturalist.org/observations/371361417,6399180587,Cenchrus echinatus,Cenchrus echinatus L.,Poaceae,Cenchrus,SPECIES,HUMAN_OBSERVATION,2026-03-10T16:12,2026,-68.810386,18.329508,4,50c9509d-22c7-4a22-a47d-8c48425ef4a7,iNaturalist,Observations,11,02,SAN RAFAEL DEL YUMA,081102,874cd5b41ffffff
https://www.inaturalist.org/observations/371365082,6398903738,Bursera simaruba,Bursera simaruba (L.) Sarg.,Burseraceae,Bursera,SPECIES,HUMAN_OBSERVATION,2026-03-10T16:39,2026,-68.809075000000007,18.326986,3,50c9509d-22c7-4a22-a47d-8c48425ef4a7,iNaturalist,Observations,11,02,SAN RAFAEL DEL YUMA,081102,874cd5b41ffffff
https://www.inaturalist.org/observations/373890074,6413592922,Dracaena reflexa,Dracaena reflexa Lam.,Asparagaceae,Dracaena,SPECIES,HUMAN_OBSERVATION,2026-06-21T07:32:49,2026,-68.821785,18.346033,5,50c9509d-22c7-4a22-a47d-8c48425ef4a7,iNaturalist,Observations,11,02,SAN RAFAEL DEL YUMA,081102,874cd5b40ffffff
https://www.inaturalist.org/observations/373890176,6413744321,Ixora coccinea,Ixora coccinea L.,Rubiaceae,Ixora,SPECIES,HUMAN_OBSERVATION,2026-06-21T07:33:25,2026,-68.821754,18.346012,17,50c9509d-22c7-4a22-a47d-8c48425ef4a7,iNaturalist,Observations,11,02,SAN RAFAEL DEL YUMA,081102,874cd5b40ffffff
https://www.inaturalist.org/observations/373891049,6413403687,Epipremnum aureum,Epipremnum aureum (Linden & André) G.S.Bunting,Araceae,Epipremnum,SPECIES,HUMAN_OBSERVATION,2026-06-21T07:36:54,2026,-68.821709,18.344927,13,50c9509d-22c7-4a22-a47d-8c48425ef4a7,iNaturalist,Observations,11,02,SAN RAFAEL DEL YUMA,081102,874cd5b40ffffff
https://www.inaturalist.org/observations/373891442,6413464505,Delonix regia,Delonix regia (Bojer ex Hook.) Raf.,Fabaceae,Delonix,SPECIES,HUMAN_OBSERVATION,2026-06-21T07:38:31,2026,-68.822182,18.344379,3,50c9509d-22c7-4a22-a47d-8c48425ef4a7,iNaturalist,Observations,11,02,SAN RAFAEL DEL YUMA,081102,874cd5b40ffffff
https://www.inaturalist.org/observations/373891790,6413872886,Cocos nucifera,Cocos nucifera L.,Arecaceae,Cocos,SPECIES,HUMAN_OBSERVATION,2026-06-21T07:39:29,2026,-68.822189,18.343983,5,50c9509d-22c7-4a22-a47d-8c48425ef4a7,iNaturalist,Observations,11,02,SAN RAFAEL DEL YUMA,081102,874cd5b40ffffff
https://www.inaturalist.org/observations/373922044,6413944549,Philodendron bipinnatifidum,"Thaumatophyllum bipinnatifidum (Schott ex Endl.) Sakur., Calazans & Mayo",Araceae,Philodendron,SPECIES,HUMAN_OBSERVATION,2026-06-21T09:36:02,2026,-68.821648,18.345963,3,50c9509d-22c7-4a22-a47d-8c48425ef4a7,iNaturalist,Observations,11,02,SAN RAFAEL DEL YUMA,081102,874cd5b40ffffff
https://www.inaturalist.org/observations/374268888,6413564080,Coccoloba uvifera,Coccoloba uvifera (L.) L.,Polygonaceae,Coccoloba,SPECIES,HUMAN_OBSERVATION,2026-06-21T18:48:09,2026,-68.822433,18.343321,16,50c9509d-22c7-4a22-a47d-8c48425ef4a7,iNaturalist,Observations,11,02,SAN RAFAEL DEL YUMA,081102,874cd5b40ffffff
https://www.inaturalist.org/observations/374436386,6422525799,Coccoloba uvifera,Coccoloba uvifera (L.) L.,Polygonaceae,Coccoloba,SPECIES,HUMAN_OBSERVATION,2026-06-22T18:29:30,2026,-68.822403,18.343388,3,50c9509d-22c7-4a22-a47d-8c48425ef4a7,iNaturalist,Observations,11,02,SAN RAFAEL DEL YUMA,081102,874cd5b40ffffff
https://www.inaturalist.org/observations/375069473,6422447939,Canavalia rosea,Canavalia rosea (Sw.) DC.,Fabaceae,Canavalia,SPECIES,HUMAN_OBSERVATION,2026-06-24T18:58:51,2026,-68.818153,18.340204,NA,50c9509d-22c7-4a22-a47d-8c48425ef4a7,iNaturalist,Observations,11,02,SAN RAFAEL DEL YUMA,081102,874cd5b40ffffff
https://www.inaturalist.org/observations/375860724,6422917618,Kalanchoe houghtonii,Kalanchoe × houghtonii D.B.Ward,Crassulaceae,Kalanchoe,SPECIES,HUMAN_OBSERVATION,2026-04-28T09:22:04,2026,-68.814008,18.374442,3,50c9509d-22c7-4a22-a47d-8c48425ef4a7,iNaturalist,Observations,11,02,SAN RAFAEL DEL YUMA,081102,874cd5b62ffffff
https://www.inaturalist.org/observations/375860759,6422098509,Zamia pumila,Zamia pumila L.,Zamiaceae,Zamia,SPECIES,HUMAN_OBSERVATION,2026-04-28T09:29:08,2026,-68.81246,18.375102,4,50c9509d-22c7-4a22-a47d-8c48425ef4a7,iNaturalist,Observations,11,02,SAN RAFAEL DEL YUMA,081102,874cd5b62ffffff
https://www.inaturalist.org/observations/375860790,6422451547,Borreria remota,Spermacoce remota Lam.,Rubiaceae,Borreria,SPECIES,HUMAN_OBSERVATION,2026-04-28T09:29:40,2026,-68.812467,18.375069,8,50c9509d-22c7-4a22-a47d-8c48425ef4a7,iNaturalist,Observations,11,02,SAN RAFAEL DEL YUMA,081102,874cd5b62ffffff
https://www.inaturalist.org/observations/375860830,6422114897,Pilosocereus excelsus,Pilosocereus excelsus Hoxey & Gdaniec,Cactaceae,Pilosocereus,SPECIES,HUMAN_OBSERVATION,2026-04-28T09:30:51,2026,-68.812242,18.375068,8,50c9509d-22c7-4a22-a47d-8c48425ef4a7,iNaturalist,Observations,11,02,SAN RAFAEL DEL YUMA,081102,874cd5b63ffffff
https://www.inaturalist.org/observations/375860866,6422552621,Bursera simaruba,Bursera simaruba (L.) Sarg.,Burseraceae,Bursera,SPECIES,HUMAN_OBSERVATION,2026-04-28T09:31:18,2026,-68.812215,18.375114,7,50c9509d-22c7-4a22-a47d-8c48425ef4a7,iNaturalist,Observations,11,02,SAN RAFAEL DEL YUMA,081102,874cd5b63ffffff
https://www.inaturalist.org/observations/375860927,6422240840,Portulaca pilosa,Portulaca pilosa L.,Portulacaceae,Portulaca,SPECIES,HUMAN_OBSERVATION,2026-04-28T09:40:29,2026,-68.809761,18.375716,11,50c9509d-22c7-4a22-a47d-8c48425ef4a7,iNaturalist,Observations,11,02,SAN RAFAEL DEL YUMA,081102,874cd5b63ffffff
https://www.inaturalist.org/observations/37911374,2603312777,Randia aculeata,Randia aculeata L.,Rubiaceae,Randia,SPECIES,HUMAN_OBSERVATION,2020-01-23T11:11:09,2020,-68.811804,18.332565,263,50c9509d-22c7-4a22-a47d-8c48425ef4a7,iNaturalist,Observations,11,02,SAN RAFAEL DEL YUMA,081102,874cd5b41ffffff
https://www.inaturalist.org/observations/37911380,4039279319,Erithalis fruticosa,Erithalis fruticosa L.,Rubiaceae,Erithalis,SPECIES,HUMAN_OBSERVATION,2020-01-23T11:34:36,2020,-68.811804,18.332565,263,50c9509d-22c7-4a22-a47d-8c48425ef4a7,iNaturalist,Observations,11,02,SAN RAFAEL DEL YUMA,081102,874cd5b41ffffff
https://www.inaturalist.org/observations/37911412,2868130336,Plumeria obtusa,Plumeria obtusa L.,Apocynaceae,Plumeria,SPECIES,HUMAN_OBSERVATION,2020-01-23T12:36:20,2020,-68.811804,18.332565,263,50c9509d-22c7-4a22-a47d-8c48425ef4a7,iNaturalist,Observations,11,02,SAN RAFAEL DEL YUMA,081102,874cd5b41ffffff
https://www.inaturalist.org/observations/37911420,5237483312,Malpighia coccigera,Malpighia coccigera L.,Malpighiaceae,Malpighia,SPECIES,HUMAN_OBSERVATION,2020-01-23T12:54:08,2020,-68.811804,18.332565,263,50c9509d-22c7-4a22-a47d-8c48425ef4a7,iNaturalist,Observations,11,02,SAN RAFAEL DEL YUMA,081102,874cd5b41ffffff
https://www.inaturalist.org/observations/37964083,4458576365,Isidorea pungens,Isidorea pungens (Lam.) B.L.Rob.,Rubiaceae,Isidorea,SPECIES,HUMAN_OBSERVATION,2020-01-23T09:59,2020,-68.748993,18.236894,31,50c9509d-22c7-4a22-a47d-8c48425ef4a7,iNaturalist,Observations,11,02,SAN RAFAEL DEL YUMA,081102,874cc669effffff
https://www.inaturalist.org/observations/38239127,6179099476,Pithecellobium unguis-cati,Pithecellobium unguis-cati (L.) Benth.,Fabaceae,Pithecellobium,SPECIES,HUMAN_OBSERVATION,2020-02-02T09:01:09,2020,-68.811517,18.331948,4,50c9509d-22c7-4a22-a47d-8c48425ef4a7,iNaturalist,Observations,11,02,SAN RAFAEL DEL YUMA,081102,874cd5b41ffffff
https://www.inaturalist.org/observations/38239327,3061561387,Guilandina bonduc,Guilandina bonduc L.,Fabaceae,Guilandina,SPECIES,HUMAN_OBSERVATION,2020-02-02T09:12:36,2020,-68.811208,18.331089,6,50c9509d-22c7-4a22-a47d-8c48425ef4a7,iNaturalist,Observations,11,02,SAN RAFAEL DEL YUMA,081102,874cd5b41ffffff
https://www.inaturalist.org/observations/38241453,3090564633,Ernodea littoralis,Ernodea littoralis Sw.,Rubiaceae,Ernodea,SPECIES,HUMAN_OBSERVATION,2020-02-02T09:00:02Z,2020,-68.811378,18.331483,78,50c9509d-22c7-4a22-a47d-8c48425ef4a7,iNaturalist,Observations,11,02,SAN RAFAEL DEL YUMA,081102,874cd5b41ffffff
https://www.inaturalist.org/observations/38241474,4516361484,Kalanchoe pinnata,Kalanchoe pinnata (Lam.) Pers.,Crassulaceae,Kalanchoe,SPECIES,HUMAN_OBSERVATION,2020-02-02T09:00:25Z,2020,-68.811417,18.331467,10,50c9509d-22c7-4a22-a47d-8c48425ef4a7,iNaturalist,Observations,11,02,SAN RAFAEL DEL YUMA,081102,874cd5b41ffffff
https://www.inaturalist.org/observations/38244907,6185288263,Rivina humilis,Rivina humilis L.,Petiveriaceae,Rivina,SPECIES,HUMAN_OBSERVATION,2020-02-02T09:19:42,2020,-68.811025,18.330825,6,50c9509d-22c7-4a22-a47d-8c48425ef4a7,iNaturalist,Observations,11,02,SAN RAFAEL DEL YUMA,081102,874cd5b41ffffff
https://www.inaturalist.org/observations/38245137,4606546490,Kalanchoe pinnata,Kalanchoe pinnata (Lam.) Pers.,Crassulaceae,Kalanchoe,SPECIES,HUMAN_OBSERVATION,2020-02-02T09:44:22,2020,-68.81008,18.328871,7,50c9509d-22c7-4a22-a47d-8c48425ef4a7,iNaturalist,Observations,11,02,SAN RAFAEL DEL YUMA,081102,874cd5b41ffffff
https://www.inaturalist.org/observations/38245248,3746998348,Talinum fruticosum,Talinum fruticosum (L.) Juss.,Talinaceae,Talinum,SPECIES,HUMAN_OBSERVATION,2020-02-02T09:59:23,2020,-68.808645,18.326039,19,50c9509d-22c7-4a22-a47d-8c48425ef4a7,iNaturalist,Observations,11,02,SAN RAFAEL DEL YUMA,081102,874cd5b41ffffff
https://www.inaturalist.org/observations/38245318,4606557405,Zanthoxylum fagara,Zanthoxylum fagara (L.) Sarg.,Rutaceae,Zanthoxylum,SPECIES,HUMAN_OBSERVATION,2020-02-02T10:03:01,2020,-68.808398,18.326195,7,50c9509d-22c7-4a22-a47d-8c48425ef4a7,iNaturalist,Observations,11,02,SAN RAFAEL DEL YUMA,081102,874cd5b41ffffff
https://www.inaturalist.org/observations/38245367,2603320802,Crescentia cujete,Crescentia cujete L.,Bignoniaceae,Crescentia,SPECIES,HUMAN_OBSERVATION,2020-02-02T10:05:51,2020,-68.808267,18.326197,4,50c9509d-22c7-4a22-a47d-8c48425ef4a7,iNaturalist,Observations,11,02,SAN RAFAEL DEL YUMA,081102,874cd5b41ffffff
https://www.inaturalist.org/observations/38245535,4924078526,Coccoloba diversifolia,Coccoloba diversifolia Jacq.,Polygonaceae,Coccoloba,SPECIES,HUMAN_OBSERVATION,2020-02-02T10:23:24,2020,-68.807115,18.326976,9,50c9509d-22c7-4a22-a47d-8c48425ef4a7,iNaturalist,Observations,11,02,SAN RAFAEL DEL YUMA,081102,874cd5b41ffffff
https://www.inaturalist.org/observations/38245620,2610985465,Isidorea pungens,Isidorea pungens (Lam.) B.L.Rob.,Rubiaceae,Isidorea,SPECIES,HUMAN_OBSERVATION,2020-02-02T10:36:43,2020,-68.805784,18.327339,6,50c9509d-22c7-4a22-a47d-8c48425ef4a7,iNaturalist,Observations,11,02,SAN RAFAEL DEL YUMA,081102,874cd5b41ffffff
https://www.inaturalist.org/observations/38245674,2574245977,Sideroxylon foetidissimum,Sideroxylon foetidissimum Jacq.,Sapotaceae,Sideroxylon,SPECIES,HUMAN_OBSERVATION,2020-02-02T10:49:44,2020,-68.802721,18.328202,48,50c9509d-22c7-4a22-a47d-8c48425ef4a7,iNaturalist,Observations,11,02,SAN RAFAEL DEL YUMA,081102,874cd5b41ffffff
https://www.inaturalist.org/observations/38245796,5932315644,Bromelia karatas,Bromelia karatas L.,Bromeliaceae,Bromelia,SPECIES,HUMAN_OBSERVATION,2020-02-02T12:58:23,2020,-68.79492,18.332292,7,50c9509d-22c7-4a22-a47d-8c48425ef4a7,iNaturalist,Observations,11,02,SAN RAFAEL DEL YUMA,081102,874cd5b6affffff
https://www.inaturalist.org/observations/38245843,3067676786,Psychotria nervosa,Psychotria nervosa Sw.,Rubiaceae,Psychotria,SPECIES,HUMAN_OBSERVATION,2020-02-02T13:08:16,2020,-68.796983,18.331993,9,50c9509d-22c7-4a22-a47d-8c48425ef4a7,iNaturalist,Observations,11,02,SAN RAFAEL DEL YUMA,081102,874cd5b6affffff
https://www.inaturalist.org/observations/38252768,2574079961,Guaiacum sanctum,Guaiacum sanctum L.,Zygophyllaceae,Guaiacum,SPECIES,HUMAN_OBSERVATION,2020-02-02T14:03:09,2020,-68.804836,18.327621,10,50c9509d-22c7-4a22-a47d-8c48425ef4a7,iNaturalist,Observations,11,02,SAN RAFAEL DEL YUMA,081102,874cd5b41ffffff
https://www.inaturalist.org/observations/38252779,2574177979,Conocarpus erectus,Conocarpus erectus L.,Combretaceae,Conocarpus,SPECIES,HUMAN_OBSERVATION,2020-02-02T14:15:36,2020,-68.80819,18.326307,9,50c9509d-22c7-4a22-a47d-8c48425ef4a7,iNaturalist,Observations,11,02,SAN RAFAEL DEL YUMA,081102,874cd5b41ffffff
https://www.inaturalist.org/observations/38299891,4018473351,Tillandsia balbisiana,Tillandsia balbisiana Schult. & Schult.f.,Bromeliaceae,Tillandsia,SPECIES,HUMAN_OBSERVATION,2018-02-13T12:29:25,2018,-68.780914,18.334622,4940,50c9509d-22c7-4a22-a47d-8c48425ef4a7,iNaturalist,Observations,11,02,SAN RAFAEL DEL YUMA,081102,874cd5b6affffff
https://www.inaturalist.org/observations/38299899,4075763361,Kalanchoe pinnata,Kalanchoe pinnata (Lam.) Pers.,Crassulaceae,Kalanchoe,SPECIES,HUMAN_OBSERVATION,2018-02-10T12:10:58,2018,-68.817624,18.373085,1315,50c9509d-22c7-4a22-a47d-8c48425ef4a7,iNaturalist,Observations,11,02,SAN RAFAEL DEL YUMA,081102,874cd5b62ffffff
https://www.inaturalist.org/observations/38299909,4430892381,Campyloneurum phyllitidis,Campyloneurum phyllitidis (L.) C.Presl,Polypodiaceae,Campyloneurum,SPECIES,HUMAN_OBSERVATION,2018-02-10T11:58:24,2018,-68.817624,18.372597,1909,50c9509d-22c7-4a22-a47d-8c48425ef4a7,iNaturalist,Observations,11,02,SAN RAFAEL DEL YUMA,081102,874cd5b62ffffff
https://www.inaturalist.org/observations/38310281,3090547625,Kalanchoe pinnata,Kalanchoe pinnata (Lam.) Pers.,Crassulaceae,Kalanchoe,SPECIES,HUMAN_OBSERVATION,2020-02-02,2020,-68.811804,18.332761,121,50c9509d-22c7-4a22-a47d-8c48425ef4a7,iNaturalist,Observations,11,02,SAN RAFAEL DEL YUMA,081102,874cd5b41ffffff
https://www.inaturalist.org/observations/38334212,3923326332,Bixa orellana,Bixa orellana L.,Bixaceae,Bixa,SPECIES,HUMAN_OBSERVATION,2018-02-16T14:49:05,2018,-68.819858,18.34505,1028,50c9509d-22c7-4a22-a47d-8c48425ef4a7,iNaturalist,Observations,11,02,SAN RAFAEL DEL YUMA,081102,874cd5b40ffffff
https://www.inaturalist.org/observations/38334215,3923586335,Syzygium malaccense,Syzygium malaccense (L.) Merr. & L.M.Perry,Myrtaceae,Syzygium,SPECIES,HUMAN_OBSERVATION,2018-02-16T14:44:11,2018,-68.819858,18.34505,1028,50c9509d-22c7-4a22-a47d-8c48425ef4a7,iNaturalist,Observations,11,02,SAN RAFAEL DEL YUMA,081102,874cd5b40ffffff
https://www.inaturalist.org/observations/38334220,3923620326,Tamarindus indica,Tamarindus indica L.,Fabaceae,Tamarindus,SPECIES,HUMAN_OBSERVATION,2018-02-11T15:35:27,2018,-68.819858,18.34505,1028,50c9509d-22c7-4a22-a47d-8c48425ef4a7,iNaturalist,Observations,11,02,SAN RAFAEL DEL YUMA,081102,874cd5b40ffffff
https://www.inaturalist.org/observations/38797819,2574193497,Zamia pumila,Zamia pumila L.,Zamiaceae,Zamia,SPECIES,HUMAN_OBSERVATION,2020-02-02T11:24,2020,-68.7961,18.332048,200,50c9509d-22c7-4a22-a47d-8c48425ef4a7,iNaturalist,Observations,11,02,SAN RAFAEL DEL YUMA,081102,874cd5b6affffff
https://www.inaturalist.org/observations/38934465,2573956715,Kalanchoe pinnata,Kalanchoe pinnata (Lam.) Pers.,Crassulaceae,Kalanchoe,SPECIES,HUMAN_OBSERVATION,2020-02-20T14:30:25Z,2020,-68.809333,18.373397,10,50c9509d-22c7-4a22-a47d-8c48425ef4a7,iNaturalist,Observations,11,02,SAN RAFAEL DEL YUMA,081102,874cd5b63ffffff
https://www.inaturalist.org/observations/68177026,3031937989,Cocos nucifera,Cocos nucifera L.,Arecaceae,Cocos,SPECIES,HUMAN_OBSERVATION,2005-05-11T20:31,2005,-68.840993,18.371563,1585,50c9509d-22c7-4a22-a47d-8c48425ef4a7,iNaturalist,Observations,11,02,SAN RAFAEL DEL YUMA,081102,874cd5b71ffffff
https://www.inaturalist.org/observations/69782500,3044931573,Eulophia maculata,Eulophia maculata (Lindl.) Rchb.f.,Orchidaceae,Eulophia,SPECIES,HUMAN_OBSERVATION,2021-02-17T11:11,2021,-68.432891,18.445985,NA,50c9509d-22c7-4a22-a47d-8c48425ef4a7,iNaturalist,Observations,11,02,SAN RAFAEL DEL YUMA,081102,874cc60c3ffffff
https://www.inaturalist.org/observations/71296251,4039156382,Erithalis fruticosa,Erithalis fruticosa L.,Rubiaceae,Erithalis,SPECIES,HUMAN_OBSERVATION,2021-03-14T08:35:11,2021,-68.752285,18.240263,4,50c9509d-22c7-4a22-a47d-8c48425ef4a7,iNaturalist,Observations,11,02,SAN RAFAEL DEL YUMA,081102,874cc6693ffffff
https://www.inaturalist.org/observations/71296368,4039321437,Stachytarpheta jamaicensis,Stachytarpheta jamaicensis (L.) Vahl,Verbenaceae,Stachytarpheta,SPECIES,HUMAN_OBSERVATION,2021-03-14T08:41:46,2021,-68.750641,18.240422,6,50c9509d-22c7-4a22-a47d-8c48425ef4a7,iNaturalist,Observations,11,02,SAN RAFAEL DEL YUMA,081102,874cc6693ffffff
https://www.inaturalist.org/observations/71296578,3321090418,Psychotria nervosa,Psychotria nervosa Sw.,Rubiaceae,Psychotria,SPECIES,HUMAN_OBSERVATION,2021-03-14T09:28:21,2021,-68.744202,18.235761,6,50c9509d-22c7-4a22-a47d-8c48425ef4a7,iNaturalist,Observations,11,02,SAN RAFAEL DEL YUMA,081102,874cc669effffff
https://www.inaturalist.org/observations/71296687,3061676647,Amyris elemifera,Amyris elemifera L.,Rutaceae,Amyris,SPECIES,HUMAN_OBSERVATION,2021-03-14T09:37:59,2021,-68.74203,18.234745,8,50c9509d-22c7-4a22-a47d-8c48425ef4a7,iNaturalist,Observations,11,02,SAN RAFAEL DEL YUMA,081102,874cc669effffff
https://www.inaturalist.org/observations/71296714,3785081346,Comocladia dodonaea,Comocladia dodonaea (L.) Britton,Anacardiaceae,Comocladia,SPECIES,HUMAN_OBSERVATION,2021-03-14T09:42:32,2021,-68.741571,18.234072,8,50c9509d-22c7-4a22-a47d-8c48425ef4a7,iNaturalist,Observations,11,02,SAN RAFAEL DEL YUMA,081102,874cc669effffff
https://www.inaturalist.org/observations/71296967,3061611588,Ernodea littoralis,Ernodea littoralis Sw.,Rubiaceae,Ernodea,SPECIES,HUMAN_OBSERVATION,2021-03-14T10:39:52,2021,-68.731455,18.230319,8,50c9509d-22c7-4a22-a47d-8c48425ef4a7,iNaturalist,Observations,11,02,SAN RAFAEL DEL YUMA,081102,874cc669cffffff
https://www.inaturalist.org/observations/71297030,3061541233,Conocarpus erectus,Conocarpus erectus L.,Combretaceae,Conocarpus,SPECIES,HUMAN_OBSERVATION,2021-03-14T11:01:38,2021,-68.726865,18.229213,4,50c9509d-22c7-4a22-a47d-8c48425ef4a7,iNaturalist,Observations,11,02,SAN RAFAEL DEL YUMA,081102,874cc669cffffff
https://www.inaturalist.org/observations/71297075,4430867538,Byrsonima lucida,Byrsonima lucida (Mill.) DC.,Malpighiaceae,Byrsonima,SPECIES,HUMAN_OBSERVATION,2021-03-14T11:03:54,2021,-68.726222,18.229073,6,50c9509d-22c7-4a22-a47d-8c48425ef4a7,iNaturalist,Observations,11,02,SAN RAFAEL DEL YUMA,081102,874cc669cffffff
https://www.inaturalist.org/observations/71297274,3067866576,Chamaecrista lineata,Chamaecrista lineata var. brachyloba (Griseb.) H.S.Irwin & Barneby,Fabaceae,Chamaecrista,VARIETY,HUMAN_OBSERVATION,2021-03-14T12:24:43,2021,-68.72682,18.229201,4,50c9509d-22c7-4a22-a47d-8c48425ef4a7,iNaturalist,Observations,11,02,SAN RAFAEL DEL YUMA,081102,874cc669cffffff
https://www.inaturalist.org/observations/71297311,6159468718,Crossopetalum rhacoma,Crossopetalum rhacoma Crantz,Celastraceae,Crossopetalum,SPECIES,HUMAN_OBSERVATION,2021-03-14T12:27:36,2021,-68.72748,18.229244,8,50c9509d-22c7-4a22-a47d-8c48425ef4a7,iNaturalist,Observations,11,02,SAN RAFAEL DEL YUMA,081102,874cc669cffffff
https://www.inaturalist.org/observations/71297370,4923719187,Coccoloba diversifolia,Coccoloba diversifolia Jacq.,Polygonaceae,Coccoloba,SPECIES,HUMAN_OBSERVATION,2021-03-14T14:20:53,2021,-68.747368,18.237759,4,50c9509d-22c7-4a22-a47d-8c48425ef4a7,iNaturalist,Observations,11,02,SAN RAFAEL DEL YUMA,081102,874cc669effffff
https://www.inaturalist.org/observations/71297485,3067724479,Crossopetalum rhacoma,Crossopetalum rhacoma Crantz,Celastraceae,Crossopetalum,SPECIES,HUMAN_OBSERVATION,2021-03-14T14:54:23,2021,-68.752639,18.240169,8,50c9509d-22c7-4a22-a47d-8c48425ef4a7,iNaturalist,Observations,11,02,SAN RAFAEL DEL YUMA,081102,874cc6693ffffff
https://www.inaturalist.org/observations/71811184,4599724476,Kalanchoe gastonis-bonnieri,Kalanchoe gastonis-bonnieri Raym.-Hamet & H.Perrier,Crassulaceae,Kalanchoe,SPECIES,HUMAN_OBSERVATION,2021-03-21T16:53:33,2021,-68.809685,18.375647,NA,50c9509d-22c7-4a22-a47d-8c48425ef4a7,iNaturalist,Observations,11,02,SAN RAFAEL DEL YUMA,081102,874cd5b63ffffff
https://www.inaturalist.org/observations/74036240,5216175322,Chrysobalanus icaco,Chrysobalanus icaco L.,Chrysobalanaceae,Chrysobalanus,SPECIES,HUMAN_OBSERVATION,2021-04-14T11:02:29Z,2021,-68.758326,18.238739,5,50c9509d-22c7-4a22-a47d-8c48425ef4a7,iNaturalist,Observations,11,02,SAN RAFAEL DEL YUMA,081102,874cc6693ffffff
https://www.inaturalist.org/observations/75594501,3112654481,Thunbergia grandiflora,Thunbergia grandiflora (Roxb. ex Rottler) Roxb.,Acanthaceae,Thunbergia,SPECIES,HUMAN_OBSERVATION,2021-04-28T18:39:38Z,2021,-68.820738,18.34396,3,50c9509d-22c7-4a22-a47d-8c48425ef4a7,iNaturalist,Observations,11,02,SAN RAFAEL DEL YUMA,081102,874cd5b40ffffff
https://www.inaturalist.org/observations/75596970,3113291492,Coccoloba uvifera,Coccoloba uvifera (L.) L.,Polygonaceae,Coccoloba,SPECIES,HUMAN_OBSERVATION,2021-04-28T19:04:04Z,2021,-68.821297,18.342749,23,50c9509d-22c7-4a22-a47d-8c48425ef4a7,iNaturalist,Observations,11,02,SAN RAFAEL DEL YUMA,081102,874cd5b40ffffff
https://www.inaturalist.org/observations/75597248,3113346498,Coccoloba uvifera,Coccoloba uvifera (L.) L.,Polygonaceae,Coccoloba,SPECIES,HUMAN_OBSERVATION,2021-04-28T19:06:54Z,2021,-68.821066,18.343184,65,50c9509d-22c7-4a22-a47d-8c48425ef4a7,iNaturalist,Observations,11,02,SAN RAFAEL DEL YUMA,081102,874cd5b40ffffff
https://www.inaturalist.org/observations/85850086,4453715431,Cocos nucifera,Cocos nucifera L.,Arecaceae,Cocos,SPECIES,HUMAN_OBSERVATION,2021-07-05T19:55:05Z,2021,-68.758183,18.237358,NA,50c9509d-22c7-4a22-a47d-8c48425ef4a7,iNaturalist,Observations,11,02,SAN RAFAEL DEL YUMA,081102,874cc6693ffffff
https://www.inaturalist.org/observations/85850114,3325690136,Coccoloba uvifera,Coccoloba uvifera (L.) L.,Polygonaceae,Coccoloba,SPECIES,HUMAN_OBSERVATION,2021-07-05T13:14:19Z,2021,-68.842874,18.373573,NA,50c9509d-22c7-4a22-a47d-8c48425ef4a7,iNaturalist,Observations,11,02,SAN RAFAEL DEL YUMA,081102,874cd5b71ffffff
https://www.inaturalist.org/observations/85850152,3325517159,Coccoloba uvifera,Coccoloba uvifera (L.) L.,Polygonaceae,Coccoloba,SPECIES,HUMAN_OBSERVATION,2021-07-05T13:15:07Z,2021,-68.84282,18.373451,NA,50c9509d-22c7-4a22-a47d-8c48425ef4a7,iNaturalist,Observations,11,02,SAN RAFAEL DEL YUMA,081102,874cd5b71ffffff
https://www.inaturalist.org/observations/85850166,3325587167,Azadirachta indica,Azadirachta indica A.Juss.,Meliaceae,Azadirachta,SPECIES,HUMAN_OBSERVATION,2021-07-05T13:16:32Z,2021,-68.842814,18.373494,NA,50c9509d-22c7-4a22-a47d-8c48425ef4a7,iNaturalist,Observations,11,02,SAN RAFAEL DEL YUMA,081102,874cd5b71ffffff
https://www.inaturalist.org/observations/8873382,1847642605,Cynophalla flexuosa,Cynophalla flexuosa (L.) J.Presl,Capparaceae,Cynophalla,SPECIES,HUMAN_OBSERVATION,2017-11-17T11:42,2017,-68.835118,18.355096,31,50c9509d-22c7-4a22-a47d-8c48425ef4a7,iNaturalist,Observations,11,02,SAN RAFAEL DEL YUMA,081102,874cd5b46ffffff
https://www.inaturalist.org/observations/91474297,4054916394,Ipomoea pes-caprae,Ipomoea pes-caprae (L.) R.Br.,Convolvulaceae,Ipomoea,SPECIES,HUMAN_OBSERVATION,2021-08-16T11:59:58,2021,-68.500521,18.342646,40,50c9509d-22c7-4a22-a47d-8c48425ef4a7,iNaturalist,Observations,11,02,SAN RAFAEL DEL YUMA,081102,874cc6750ffffff
https://www.inaturalist.org/observations/9494590,6185041233,Uniola virgata,Uniola virgata (Poir.) Griseb.,Poaceae,Uniola,SPECIES,HUMAN_OBSERVATION,2018-01-15T09:56,2018,-68.610683,18.351691,500,50c9509d-22c7-4a22-a47d-8c48425ef4a7,iNaturalist,Observations,11,02,SAN RAFAEL DEL YUMA,081102,874cc6634ffffff
https://www.inaturalist.org/observations/9627369,3455331419,Neckeropsis undulata,Neckeropsis undulata (Hedw.) Reichardt,Neckeraceae,Neckeropsis,SPECIES,HUMAN_OBSERVATION,2018-01-15T14:16,2018,-68.615295,18.375685,100,50c9509d-22c7-4a22-a47d-8c48425ef4a7,iNaturalist,Observations,11,02,SAN RAFAEL DEL YUMA,081102,874cc671affffff
https://www.inaturalist.org/observations/9627381,1806364151,Coccoloba uvifera,Coccoloba uvifera (L.) L.,Polygonaceae,Coccoloba,SPECIES,HUMAN_OBSERVATION,2018-01-15T08:55,2018,-68.615812,18.358248,15,50c9509d-22c7-4a22-a47d-8c48425ef4a7,iNaturalist,Observations,11,02,SAN RAFAEL DEL YUMA,081102,874cc6634ffffff
https://www.inaturalist.org/observations/9650511,3456266325,Hyophiladelphus agrarius,Hyophiladelphus agrarius (Hedw.) R.H. Zander,Pottiaceae,Hyophiladelphus,SPECIES,HUMAN_OBSERVATION,2018-01-15T09:00,2018,-68.616014,18.357442,200,50c9509d-22c7-4a22-a47d-8c48425ef4a7,iNaturalist,Observations,11,02,SAN RAFAEL DEL YUMA,081102,874cc6634ffffff
https://www.inaturalist.org/observations/97027633,3961273404,Heptapleurum actinophyllum,Heptapleurum actinophyllum (Endl.) Lowry & G.M.Plunkett,Araliaceae,Heptapleurum,SPECIES,HUMAN_OBSERVATION,2021-10-03T11:48:08,2021,-68.826691,18.34668,30,50c9509d-22c7-4a22-a47d-8c48425ef4a7,iNaturalist,Observations,11,02,SAN RAFAEL DEL YUMA,081102,874cd5b40ffffff
https://www.inaturalist.org/observations/9712099,1831163385,Morinda citrifolia,Morinda citrifolia L.,Rubiaceae,Morinda,SPECIES,HUMAN_OBSERVATION,2018-01-15T08:55,2018,-68.615773,18.358305,31,50c9509d-22c7-4a22-a47d-8c48425ef4a7,iNaturalist,Observations,11,02,SAN RAFAEL DEL YUMA,081102,874cc6634ffffff
https://www.inaturalist.org/observations/97397809,3499465384,Cocos nucifera,Cocos nucifera L.,Arecaceae,Cocos,SPECIES,HUMAN_OBSERVATION,2021-05-24T07:20:09Z,2021,-68.822423,18.34441,725,50c9509d-22c7-4a22-a47d-8c48425ef4a7,iNaturalist,Observations,11,02,SAN RAFAEL DEL YUMA,081102,874cd5b40ffffff
https://www.inaturalist.org/observations/9834941,1847648295,Argemone mexicana,Argemone mexicana L.,Papaveraceae,Argemone,SPECIES,HUMAN_OBSERVATION,2018-02-10T09:54,2018,-68.818123,18.373709,54,50c9509d-22c7-4a22-a47d-8c48425ef4a7,iNaturalist,Observations,11,02,SAN RAFAEL DEL YUMA,081102,874cd5b62ffffff
https://www.inaturalist.org/observations/9834951,1847648407,Kalanchoe pinnata,Kalanchoe pinnata (Lam.) Pers.,Crassulaceae,Kalanchoe,SPECIES,HUMAN_OBSERVATION,2018-02-10T09:41,2018,-68.818123,18.373709,54,50c9509d-22c7-4a22-a47d-8c48425ef4a7,iNaturalist,Observations,11,02,SAN RAFAEL DEL YUMA,081102,874cd5b62ffffff
https://www.inaturalist.org/observations/9834953,3343807322,Centrosema pubescens,Centrosema pubescens Benth.,Fabaceae,Centrosema,SPECIES,HUMAN_OBSERVATION,2018-02-10T09:48,2018,-68.818123,18.373709,54,50c9509d-22c7-4a22-a47d-8c48425ef4a7,iNaturalist,Observations,11,02,SAN RAFAEL DEL YUMA,081102,874cd5b62ffffff
https://www.inaturalist.org/observations/99704476,4046242442,Coccoloba uvifera,Coccoloba uvifera (L.) L.,Polygonaceae,Coccoloba,SPECIES,HUMAN_OBSERVATION,2021-10-29T09:24:34Z,2021,-68.845847,18.375288,22,50c9509d-22c7-4a22-a47d-8c48425ef4a7,iNaturalist,Observations,11,02,SAN RAFAEL DEL YUMA,081102,874cd5b71ffffff
o-1002106850,2974463602,Plumbago auriculata,Plumbago auriculata Lam.,Plumbaginaceae,Plumbago,SPECIES,HUMAN_OBSERVATION,2018-06-02T22:00Z,2018,-68.826111,18.347778,NA,7a3679ef-5582-4aaa-81f0-8c2545cafc81,,,11,02,SAN RAFAEL DEL YUMA,081102,874cd5b40ffffff
o-1003182046,3948959220,Euphorbia milii,Euphorbia milii Des Moul.,Euphorbiaceae,Euphorbia,SPECIES,HUMAN_OBSERVATION,2019-01-06T23:00Z,2019,-68.846033,18.377533,8,7a3679ef-5582-4aaa-81f0-8c2545cafc81,,,11,02,SAN RAFAEL DEL YUMA,081102,874cd5b71ffffff
o-1012347654,5109301608,Passiflora edulis,Passiflora edulis Sims,Passifloraceae,Passiflora,SPECIES,HUMAN_OBSERVATION,2021-11-27T15:26:33.933Z,2021,-68.820687,18.34505,8,7a3679ef-5582-4aaa-81f0-8c2545cafc81,,,11,02,SAN RAFAEL DEL YUMA,081102,874cd5b40ffffff
o-1014169486,3949025793,Jasminum fluminense,Jasminum fluminense Vell.,Oleaceae,Jasminum,SPECIES,HUMAN_OBSERVATION,2022-06-16T10:30:59Z,2022,-68.853863,18.434493,NA,7a3679ef-5582-4aaa-81f0-8c2545cafc81,,,11,02,SAN RAFAEL DEL YUMA,081102,874cc64deffffff
o-1014169724,3949517936,Stachytarpheta jamaicensis,Stachytarpheta jamaicensis (L.) Vahl,Verbenaceae,Stachytarpheta,SPECIES,HUMAN_OBSERVATION,2022-06-16T11:06Z,2022,-68.866961,18.434224,NA,7a3679ef-5582-4aaa-81f0-8c2545cafc81,,,11,02,SAN RAFAEL DEL YUMA,081102,874cd5b2dffffff
o-1014170028,3949140764,Cenchrus echinatus,Cenchrus echinatus L.,Poaceae,Cenchrus,SPECIES,HUMAN_OBSERVATION,2022-06-16T10:35:21Z,2022,-68.853864,18.434497,NA,7a3679ef-5582-4aaa-81f0-8c2545cafc81,,,11,02,SAN RAFAEL DEL YUMA,081102,874cc64deffffff
o-1014170527,3949015233,Heliotropium angiospermum,Heliotropium angiospermum Murray,Heliotropiaceae,Heliotropium,SPECIES,HUMAN_OBSERVATION,2022-06-16T11:31:15Z,2022,-68.853864,18.434497,NA,7a3679ef-5582-4aaa-81f0-8c2545cafc81,,,11,02,SAN RAFAEL DEL YUMA,081102,874cc64deffffff
o-1014170769,3949015239,Borreria remota,Spermacoce remota Lam.,Rubiaceae,Borreria,SPECIES,HUMAN_OBSERVATION,2022-06-16T11:30:47Z,2022,-68.854072,18.435183,NA,7a3679ef-5582-4aaa-81f0-8c2545cafc81,,,11,02,SAN RAFAEL DEL YUMA,081102,874cc64deffffff
o-1014175054,3949015262,Ipomoea obscura,Ipomoea obscura (L.) Ker Gawl.,Convolvulaceae,Ipomoea,SPECIES,HUMAN_OBSERVATION,2022-06-16T10:34:37Z,2022,-68.854317,18.433681,NA,7a3679ef-5582-4aaa-81f0-8c2545cafc81,,,11,02,SAN RAFAEL DEL YUMA,081102,874cc64deffffff
o-1014175136,3949517975,Euphorbia hypericifolia,Euphorbia hypericifolia L.,Euphorbiaceae,Euphorbia,SPECIES,HUMAN_OBSERVATION,2022-06-16T10:38:34Z,2022,-68.854483,18.433689,NA,7a3679ef-5582-4aaa-81f0-8c2545cafc81,,,11,02,SAN RAFAEL DEL YUMA,081102,874cc64deffffff
o-1014176999,3949880588,Solanum torvum,Solanum torvum Sw.,Solanaceae,Solanum,SPECIES,HUMAN_OBSERVATION,2022-06-16T18:23:49Z,2022,-68.85436,18.433972,NA,7a3679ef-5582-4aaa-81f0-8c2545cafc81,,,11,02,SAN RAFAEL DEL YUMA,081102,874cc64deffffff
o-1014177032,3949025842,Crotalaria incana,Crotalaria incana L.,Fabaceae,Crotalaria,SPECIES,HUMAN_OBSERVATION,2022-06-16T18:25:28Z,2022,-68.85436,18.433972,NA,7a3679ef-5582-4aaa-81f0-8c2545cafc81,,,11,02,SAN RAFAEL DEL YUMA,081102,874cc64deffffff
o-1014191607,3949916425,Sphagneticola trilobata,Sphagneticola trilobata (L.) Pruski,Asteraceae,Sphagneticola,SPECIES,HUMAN_OBSERVATION,2022-06-17T18:05:01Z,2022,-68.853886,18.436564,NA,7a3679ef-5582-4aaa-81f0-8c2545cafc81,,,11,02,SAN RAFAEL DEL YUMA,081102,874cc64deffffff
o-1014191853,3949915713,Paspalum dilatatum,Paspalum dilatatum Poir.,Poaceae,Paspalum,SPECIES,HUMAN_OBSERVATION,2022-06-17T18:11:05Z,2022,-68.853861,18.436886,NA,7a3679ef-5582-4aaa-81f0-8c2545cafc81,,,11,02,SAN RAFAEL DEL YUMA,081102,874cc64deffffff
o-1014241236,3949879547,Hura crepitans,Hura crepitans L.,Euphorbiaceae,Hura,SPECIES,HUMAN_OBSERVATION,2022-06-20T07:58:08Z,2022,-68.884944,18.442078,NA,7a3679ef-5582-4aaa-81f0-8c2545cafc81,,,11,02,SAN RAFAEL DEL YUMA,081102,874cd5b2cffffff
o-1014241728,3949035360,Melanthera nivea,Melanthera nivea (L.) Small,Asteraceae,Melanthera,SPECIES,HUMAN_OBSERVATION,2022-06-20T08:03:29Z,2022,-68.885122,18.442211,NA,7a3679ef-5582-4aaa-81f0-8c2545cafc81,,,11,02,SAN RAFAEL DEL YUMA,081102,874cd5b2cffffff
o-1014242059,3949916797,Cnidoscolus aconitifolius,Cnidoscolus aconitifolius (Mill.) I.M.Johnst.,Euphorbiaceae,Cnidoscolus,SPECIES,HUMAN_OBSERVATION,2022-06-20T08:08:51Z,2022,-68.885122,18.442211,NA,7a3679ef-5582-4aaa-81f0-8c2545cafc81,,,11,02,SAN RAFAEL DEL YUMA,081102,874cd5b2cffffff
o-1014243604,3949881103,Antigonon leptopus,Antigonon leptopus Hook. & Arn.,Polygonaceae,Antigonon,SPECIES,HUMAN_OBSERVATION,2022-06-20T08:00:35Z,2022,-68.885122,18.442211,NA,7a3679ef-5582-4aaa-81f0-8c2545cafc81,,,11,02,SAN RAFAEL DEL YUMA,081102,874cd5b2cffffff
o-1014276720,3949917114,Chrysophyllum oliviforme,Chrysophyllum oliviforme L.,Sapotaceae,Chrysophyllum,SPECIES,HUMAN_OBSERVATION,2022-06-22T11:56:05Z,2022,-68.842008,18.422092,NA,7a3679ef-5582-4aaa-81f0-8c2545cafc81,,,11,02,SAN RAFAEL DEL YUMA,081102,874cc64d8ffffff
o-1014289316,3949529892,Oxalis corniculata,Oxalis corniculata L.,Oxalidaceae,Oxalis,SPECIES,HUMAN_OBSERVATION,2022-06-23T09:09:55Z,2022,-68.866961,18.434224,NA,7a3679ef-5582-4aaa-81f0-8c2545cafc81,,,11,02,SAN RAFAEL DEL YUMA,081102,874cd5b2dffffff
o-1014296691,3949028926,Melinis repens,Melinis repens (Willd.) Zizka,Poaceae,Melinis,SPECIES,HUMAN_OBSERVATION,2022-06-23T15:31:21Z,2022,-68.870203,18.443804,NA,7a3679ef-5582-4aaa-81f0-8c2545cafc81,,,11,02,SAN RAFAEL DEL YUMA,081102,874cc64d3ffffff
o-1014296783,3949505472,Piper peltatum,Piper peltatum L.,Piperaceae,Piper,SPECIES,HUMAN_OBSERVATION,2022-06-23T16:15:13Z,2022,-68.876346,18.452564,NA,7a3679ef-5582-4aaa-81f0-8c2545cafc81,,,11,02,SAN RAFAEL DEL YUMA,081102,874cc64d3ffffff
o-1014297043,5109308151,Argemone mexicana,Argemone mexicana L.,Papaveraceae,Argemone,SPECIES,HUMAN_OBSERVATION,2022-06-23T16:08:04Z,2022,-68.876528,18.452022,NA,7a3679ef-5582-4aaa-81f0-8c2545cafc81,,,11,02,SAN RAFAEL DEL YUMA,081102,874cc64d3ffffff
o-1014297107,3949879287,Tarenaya spinosa,Cleome spinosa Jacq.,Cleomaceae,Tarenaya,SPECIES,HUMAN_OBSERVATION,2022-06-23T16:07:08Z,2022,-68.876748,18.452889,NA,7a3679ef-5582-4aaa-81f0-8c2545cafc81,,,11,02,SAN RAFAEL DEL YUMA,081102,874cc64d3ffffff
o-1014297503,3949879290,Hura crepitans,Hura crepitans L.,Euphorbiaceae,Hura,SPECIES,HUMAN_OBSERVATION,2022-06-23T15:59:34Z,2022,-68.876571,18.452475,NA,7a3679ef-5582-4aaa-81f0-8c2545cafc81,,,11,02,SAN RAFAEL DEL YUMA,081102,874cc64d3ffffff
o-1014297852,3949529977,Cyclopeltis semicordata,Cyclopeltis semicordata (Sw.) J.Sm.,Lomariopsidaceae,Cyclopeltis,SPECIES,HUMAN_OBSERVATION,2022-06-23T15:54:20Z,2022,-68.876662,18.452376,NA,7a3679ef-5582-4aaa-81f0-8c2545cafc81,,,11,02,SAN RAFAEL DEL YUMA,081102,874cc64d3ffffff
o-1014297888,5109315850,Acalypha alopecuroidea,Acalypha alopecuroidea Jacq.,Euphorbiaceae,Acalypha,SPECIES,HUMAN_OBSERVATION,2022-06-23T16:08:37Z,2022,-68.876483,18.452125,NA,7a3679ef-5582-4aaa-81f0-8c2545cafc81,,,11,02,SAN RAFAEL DEL YUMA,081102,874cc64d3ffffff
o-1014298066,3949028930,Laportea aestuans,Laportea aestuans (L.) Chew,Urticaceae,Laportea,SPECIES,HUMAN_OBSERVATION,2022-06-23T16:14:12Z,2022,-68.876081,18.452247,NA,7a3679ef-5582-4aaa-81f0-8c2545cafc81,,,11,02,SAN RAFAEL DEL YUMA,081102,874cc64d3ffffff
o-1014298084,3949506305,Momordica charantia,Momordica charantia L.,Cucurbitaceae,Momordica,SPECIES,HUMAN_OBSERVATION,2022-06-23T16:16:26Z,2022,-68.876346,18.452564,NA,7a3679ef-5582-4aaa-81f0-8c2545cafc81,,,11,02,SAN RAFAEL DEL YUMA,081102,874cc64d3ffffff
o-1014298196,3949917538,Rivina humilis,Rivina humilis L.,Petiveriaceae,Rivina,SPECIES,HUMAN_OBSERVATION,2022-06-23T16:13:27Z,2022,-68.876131,18.452486,NA,7a3679ef-5582-4aaa-81f0-8c2545cafc81,,,11,02,SAN RAFAEL DEL YUMA,081102,874cc64d3ffffff
o-1014298247,3949917297,Desmodium tortuosum,Desmodium tortuosum (Sw.) DC.,Fabaceae,Desmodium,SPECIES,HUMAN_OBSERVATION,2022-06-23T16:15:42Z,2022,-68.876346,18.452564,NA,7a3679ef-5582-4aaa-81f0-8c2545cafc81,,,11,02,SAN RAFAEL DEL YUMA,081102,874cc64d3ffffff
o-1014298260,3949506306,Piper peltatum,Piper peltatum L.,Piperaceae,Piper,SPECIES,HUMAN_OBSERVATION,2022-06-23T15:57:48Z,2022,-68.876571,18.452475,NA,7a3679ef-5582-4aaa-81f0-8c2545cafc81,,,11,02,SAN RAFAEL DEL YUMA,081102,874cc64d3ffffff
o-1014362427,3949272854,Solanum torvum,Solanum torvum Sw.,Solanaceae,Solanum,SPECIES,HUMAN_OBSERVATION,2022-06-27T09:33:48Z,2022,-68.854467,18.433861,NA,7a3679ef-5582-4aaa-81f0-8c2545cafc81,,,11,02,SAN RAFAEL DEL YUMA,081102,874cc64deffffff
o-1014362533,3949884506,Jatropha gossypiifolia,Jatropha gossypiifolia L.,Euphorbiaceae,Jatropha,SPECIES,HUMAN_OBSERVATION,2022-06-27T09:34:48Z,2022,-68.854467,18.433861,NA,7a3679ef-5582-4aaa-81f0-8c2545cafc81,,,11,02,SAN RAFAEL DEL YUMA,081102,874cc64deffffff
o-1014362933,3949272861,Leucaena leucocephala,Leucaena leucocephala (Lam.) de Wit,Fabaceae,Leucaena,SPECIES,HUMAN_OBSERVATION,2022-06-27T09:37:53Z,2022,-68.854272,18.43389,NA,7a3679ef-5582-4aaa-81f0-8c2545cafc81,,,11,02,SAN RAFAEL DEL YUMA,081102,874cc64deffffff
o-1014495590,3949162143,Tamarindus indica,Tamarindus indica L.,Fabaceae,Tamarindus,SPECIES,HUMAN_OBSERVATION,2022-07-05T12:16:48Z,2022,-68.854394,18.433826,NA,7a3679ef-5582-4aaa-81f0-8c2545cafc81,,,11,02,SAN RAFAEL DEL YUMA,081102,874cc64deffffff
o-1014495678,3949512665,Chloris barbata,Chloris barbata Sw.,Poaceae,Chloris,SPECIES,HUMAN_OBSERVATION,2022-07-05T12:21:03Z,2022,-68.854193,18.433933,NA,7a3679ef-5582-4aaa-81f0-8c2545cafc81,,,11,02,SAN RAFAEL DEL YUMA,081102,874cc64deffffff
o-1014495898,3949512670,Euphorbia ophthalmica,Euphorbia ophthalmica Pers.,Euphorbiaceae,Euphorbia,SPECIES,HUMAN_OBSERVATION,2022-07-05T12:21:47Z,2022,-68.854242,18.433927,NA,7a3679ef-5582-4aaa-81f0-8c2545cafc81,,,11,02,SAN RAFAEL DEL YUMA,081102,874cc64deffffff
o-1014496532,3949516009,Passiflora suberosa,Passiflora suberosa L.,Passifloraceae,Passiflora,SPECIES,HUMAN_OBSERVATION,2022-07-05T12:23:35Z,2022,-68.854283,18.433952,NA,7a3679ef-5582-4aaa-81f0-8c2545cafc81,,,11,02,SAN RAFAEL DEL YUMA,081102,874cc64deffffff
o-1014500737,3949890570,Crossandra infundibuliformis,Crossandra infundibuliformis (L.) Nees,Acanthaceae,Crossandra,SPECIES,HUMAN_OBSERVATION,2022-07-05T19:10:01Z,2022,-68.876732,18.448855,NA,7a3679ef-5582-4aaa-81f0-8c2545cafc81,,,11,02,SAN RAFAEL DEL YUMA,081102,874cc64d3ffffff
o-1014501750,3949162171,Echites umbellatus,Echites umbellatus Jacq.,Apocynaceae,Echites,SPECIES,HUMAN_OBSERVATION,2022-07-05T19:06:29Z,2022,-68.877103,18.450044,NA,7a3679ef-5582-4aaa-81f0-8c2545cafc81,,,11,02,SAN RAFAEL DEL YUMA,081102,874cc64d3ffffff
o-1014501991,3949514878,Euphorbia heterophylla,Euphorbia heterophylla L.,Euphorbiaceae,Euphorbia,SPECIES,HUMAN_OBSERVATION,2022-07-05T19:03:44Z,2022,-68.877547,18.450519,NA,7a3679ef-5582-4aaa-81f0-8c2545cafc81,,,11,02,SAN RAFAEL DEL YUMA,081102,874cc64d3ffffff
o-1014508282,3949048637,Jasminum fluminense,Jasminum fluminense Vell.,Oleaceae,Jasminum,SPECIES,HUMAN_OBSERVATION,2022-07-05T18:54:11Z,2022,-68.87608,18.447284,NA,7a3679ef-5582-4aaa-81f0-8c2545cafc81,,,11,02,SAN RAFAEL DEL YUMA,081102,874cc64d3ffffff
o-1014509168,3949549622,Priva lappulacea,Priva lappulacea (L.) Pers.,Verbenaceae,Priva,SPECIES,HUMAN_OBSERVATION,2022-07-05T19:10:29Z,2022,-68.876732,18.448855,NA,7a3679ef-5582-4aaa-81f0-8c2545cafc81,,,11,02,SAN RAFAEL DEL YUMA,081102,874cc64d3ffffff
o-1014511738,3949512808,Hamelia patens,Hamelia patens Jacq.,Rubiaceae,Hamelia,SPECIES,HUMAN_OBSERVATION,2022-07-05T18:44:38Z,2022,-68.875174,18.451353,NA,7a3679ef-5582-4aaa-81f0-8c2545cafc81,,,11,02,SAN RAFAEL DEL YUMA,081102,874cc64d3ffffff
o-1014515912,3949658351,Amaranthus spinosus,Amaranthus spinosus L.,Amaranthaceae,Amaranthus,SPECIES,HUMAN_OBSERVATION,2022-07-06T17:41:49Z,2022,-68.876258000000007,18.452647,NA,7a3679ef-5582-4aaa-81f0-8c2545cafc81,,,11,02,SAN RAFAEL DEL YUMA,081102,874cc64d3ffffff
o-1014515958,3949516149,Inga vera,Inga vera Willd.,Fabaceae,Inga,SPECIES,HUMAN_OBSERVATION,2022-07-06T17:51:27Z,2022,-68.875652,18.453756,NA,7a3679ef-5582-4aaa-81f0-8c2545cafc81,,,11,02,SAN RAFAEL DEL YUMA,081102,874cc64d3ffffff
o-1014516026,3949283025,Achyranthes aspera,Achyranthes aspera L.,Amaranthaceae,Achyranthes,SPECIES,HUMAN_OBSERVATION,2022-07-06T17:47:51Z,2022,-68.875933,18.453707,NA,7a3679ef-5582-4aaa-81f0-8c2545cafc81,,,11,02,SAN RAFAEL DEL YUMA,081102,874cc64d3ffffff
o-1014516615,3949044976,Hura crepitans,Hura crepitans L.,Euphorbiaceae,Hura,SPECIES,HUMAN_OBSERVATION,2022-07-06T17:59:01Z,2022,-68.876169,18.453322,NA,7a3679ef-5582-4aaa-81f0-8c2545cafc81,,,11,02,SAN RAFAEL DEL YUMA,081102,874cc64d3ffffff
o-1014516625,3949048709,Comocladia dodonaea,Comocladia dodonaea (L.) Britton,Anacardiaceae,Comocladia,SPECIES,HUMAN_OBSERVATION,2022-07-06T18:16:18Z,2022,-68.876283,18.449125,NA,7a3679ef-5582-4aaa-81f0-8c2545cafc81,,,11,02,SAN RAFAEL DEL YUMA,081102,874cc64d3ffffff
o-1014516663,3949893209,Chiococca alba,Chiococca alba (L.) Hitchc.,Rubiaceae,Chiococca,SPECIES,HUMAN_OBSERVATION,2022-07-06T18:12:41Z,2022,-68.876231,18.449681000000002,NA,7a3679ef-5582-4aaa-81f0-8c2545cafc81,,,11,02,SAN RAFAEL DEL YUMA,081102,874cc64d3ffffff
o-1014522246,3949048746,Passiflora suberosa,Passiflora suberosa L.,Passifloraceae,Passiflora,SPECIES,HUMAN_OBSERVATION,2022-07-07T09:04:14Z,2022,-68.854365,18.433682,NA,7a3679ef-5582-4aaa-81f0-8c2545cafc81,,,11,02,SAN RAFAEL DEL YUMA,081102,874cc64deffffff
o-1014528814,3949045067,Croton humilis,Croton humilis L.,Euphorbiaceae,Croton,SPECIES,HUMAN_OBSERVATION,2022-07-07T15:29:22Z,2022,-68.847503,18.404524,NA,7a3679ef-5582-4aaa-81f0-8c2545cafc81,,,11,02,SAN RAFAEL DEL YUMA,081102,874cc64dbffffff
o-1014528956,3949048814,Jatropha gossypiifolia,Jatropha gossypiifolia L.,Euphorbiaceae,Jatropha,SPECIES,HUMAN_OBSERVATION,2022-07-07T15:39:13Z,2022,-68.847992,18.404989,NA,7a3679ef-5582-4aaa-81f0-8c2545cafc81,,,11,02,SAN RAFAEL DEL YUMA,081102,874cc64dbffffff
o-1014529004,3949892037,Euphorbia tithymaloides,Euphorbia tithymaloides L.,Euphorbiaceae,Euphorbia,SPECIES,HUMAN_OBSERVATION,2022-07-07T15:39:30Z,2022,-68.847992,18.404989,NA,7a3679ef-5582-4aaa-81f0-8c2545cafc81,,,11,02,SAN RAFAEL DEL YUMA,081102,874cc64dbffffff
o-1014529158,3949892040,Rivina humilis,Rivina humilis L.,Petiveriaceae,Rivina,SPECIES,HUMAN_OBSERVATION,2022-07-07T16:19:39Z,2022,-68.830086,18.380157,NA,7a3679ef-5582-4aaa-81f0-8c2545cafc81,,,11,02,SAN RAFAEL DEL YUMA,081102,874cd5b62ffffff
o-1014529178,3949890769,Capraria biflora,Capraria biflora L.,Scrophulariaceae,Capraria,SPECIES,HUMAN_OBSERVATION,2022-07-07T16:06:45Z,2022,-68.830605,18.379275,NA,7a3679ef-5582-4aaa-81f0-8c2545cafc81,,,11,02,SAN RAFAEL DEL YUMA,081102,874cd5b62ffffff
o-1014529249,3949515114,Lantana montevidensis,Lantana montevidensis (Spreng.) Briq.,Verbenaceae,Lantana,SPECIES,HUMAN_OBSERVATION,2022-07-07T15:22:04Z,2022,-68.846439,18.405611,NA,7a3679ef-5582-4aaa-81f0-8c2545cafc81,,,11,02,SAN RAFAEL DEL YUMA,081102,874cc64dbffffff
o-1014529363,3949921150,Pluchea carolinensis,Pluchea carolinensis (Jacq.) G.Don,Asteraceae,Pluchea,SPECIES,HUMAN_OBSERVATION,2022-07-07T16:02:30Z,2022,-68.845367,18.405528,NA,7a3679ef-5582-4aaa-81f0-8c2545cafc81,,,11,02,SAN RAFAEL DEL YUMA,081102,874cc64dbffffff
o-1014529523,3949283161,Waltheria indica,Waltheria indica L.,Malvaceae,Waltheria,SPECIES,HUMAN_OBSERVATION,2022-07-07T16:09:07Z,2022,-68.830492,18.379324,NA,7a3679ef-5582-4aaa-81f0-8c2545cafc81,,,11,02,SAN RAFAEL DEL YUMA,081102,874cd5b62ffffff
o-1014529562,3949549767,Chiococca alba,Chiococca alba (L.) Hitchc.,Rubiaceae,Chiococca,SPECIES,HUMAN_OBSERVATION,2022-07-07T16:16:03Z,2022,-68.829862,18.379994,NA,7a3679ef-5582-4aaa-81f0-8c2545cafc81,,,11,02,SAN RAFAEL DEL YUMA,081102,874cd5b62ffffff
o-1014537131,3949890830,Tillandsia usneoides,Tillandsia usneoides (L.) L.,Bromeliaceae,Tillandsia,SPECIES,HUMAN_OBSERVATION,2022-07-07T15:40:39Z,2022,-68.847992,18.404989,NA,7a3679ef-5582-4aaa-81f0-8c2545cafc81,,,11,02,SAN RAFAEL DEL YUMA,081102,874cc64dbffffff
o-1014537583,3949512963,Tillandsia utriculata,Tillandsia utriculata L.,Bromeliaceae,Tillandsia,SPECIES,HUMAN_OBSERVATION,2022-07-07T15:41:46Z,2022,-68.846336,18.405547,NA,7a3679ef-5582-4aaa-81f0-8c2545cafc81,,,11,02,SAN RAFAEL DEL YUMA,081102,874cc64dbffffff
o-1014538238,3949921400,Passiflora suberosa,Passiflora suberosa L.,Passifloraceae,Passiflora,SPECIES,HUMAN_OBSERVATION,2022-07-08T11:10:14Z,2022,-68.854343,18.433784,NA,7a3679ef-5582-4aaa-81f0-8c2545cafc81,,,11,02,SAN RAFAEL DEL YUMA,081102,874cc64deffffff
o-1015649915,3997803003,Morinda citrifolia,Morinda citrifolia L.,Rubiaceae,Morinda,SPECIES,HUMAN_OBSERVATION,2022-10-01T14:26:02.303Z,2022,-68.838945,18.360895,5,7a3679ef-5582-4aaa-81f0-8c2545cafc81,,,11,02,SAN RAFAEL DEL YUMA,081102,874cd5b46ffffff
o-1015919919,5109449752,Crescentia cujete,Crescentia cujete L.,Bignoniaceae,Crescentia,SPECIES,HUMAN_OBSERVATION,2022-10-29T12:37:51Z,2022,-68.817462,18.342227,29,7a3679ef-5582-4aaa-81f0-8c2545cafc81,,,11,02,SAN RAFAEL DEL YUMA,081102,874cd5b40ffffff
o-1016076904,5109389449,Coccoloba uvifera,Coccoloba uvifera (L.) L.,Polygonaceae,Coccoloba,SPECIES,HUMAN_OBSERVATION,2022-11-22T14:56:36.634Z,2022,-68.840639,18.368683,42,7a3679ef-5582-4aaa-81f0-8c2545cafc81,,,11,02,SAN RAFAEL DEL YUMA,081102,874cd5b71ffffff
o-1016340503,5109440318,Asystasia gangetica,Asystasia gangetica (L.) T.Anderson,Acanthaceae,Asystasia,SPECIES,HUMAN_OBSERVATION,2023-01-25T14:11:28Z,2023,-68.830933,18.349466,NA,7a3679ef-5582-4aaa-81f0-8c2545cafc81,,,11,02,SAN RAFAEL DEL YUMA,081102,874cd5b40ffffff
o-1016361403,5109468223,Coccoloba uvifera,Coccoloba uvifera (L.) L.,Polygonaceae,Coccoloba,SPECIES,HUMAN_OBSERVATION,2023-01-30T10:27:06Z,2023,-68.822547,18.342669,44,7a3679ef-5582-4aaa-81f0-8c2545cafc81,,,11,02,SAN RAFAEL DEL YUMA,081102,874cd5b40ffffff
o-1016601384,5109467102,Coccoloba uvifera,Coccoloba uvifera (L.) L.,Polygonaceae,Coccoloba,SPECIES,HUMAN_OBSERVATION,2023-03-13T22:17:47.221Z,2023,-68.827234,18.34785,37,7a3679ef-5582-4aaa-81f0-8c2545cafc81,,,11,02,SAN RAFAEL DEL YUMA,081102,874cd5b40ffffff
o-1016601397,5109417074,Coccoloba uvifera,Coccoloba uvifera (L.) L.,Polygonaceae,Coccoloba,SPECIES,HUMAN_OBSERVATION,2023-03-13T22:22:04.287Z,2023,-68.826867,18.347951,11,7a3679ef-5582-4aaa-81f0-8c2545cafc81,,,11,02,SAN RAFAEL DEL YUMA,081102,874cd5b40ffffff
o-1017112926,5109529730,Coccoloba uvifera,Coccoloba uvifera (L.) L.,Polygonaceae,Coccoloba,SPECIES,HUMAN_OBSERVATION,2023-04-20T13:42:22Z,2023,-68.824722,18.344722,NA,7a3679ef-5582-4aaa-81f0-8c2545cafc81,,,11,02,SAN RAFAEL DEL YUMA,081102,874cd5b40ffffff
o-1021618768,5110074493,Coccoloba uvifera,Coccoloba uvifera (L.) L.,Polygonaceae,Coccoloba,SPECIES,HUMAN_OBSERVATION,2024-04-14T12:53:38Z,2024,-68.821204,18.343184,14,7a3679ef-5582-4aaa-81f0-8c2545cafc81,,,11,02,SAN RAFAEL DEL YUMA,081102,874cd5b40ffffff
o-1021660811,5109875137,Thunbergia grandiflora,Thunbergia grandiflora (Roxb. ex Rottler) Roxb.,Acanthaceae,Thunbergia,SPECIES,HUMAN_OBSERVATION,2024-04-16T12:44:09Z,2024,-68.820795,18.343922,11,7a3679ef-5582-4aaa-81f0-8c2545cafc81,,,11,02,SAN RAFAEL DEL YUMA,081102,874cd5b40ffffff
o-1021899111,5110076552,Coccoloba uvifera,Coccoloba uvifera (L.) L.,Polygonaceae,Coccoloba,SPECIES,HUMAN_OBSERVATION,2024-04-28T12:34:33Z,2024,-68.823923,18.343567,11,7a3679ef-5582-4aaa-81f0-8c2545cafc81,,,11,02,SAN RAFAEL DEL YUMA,081102,874cd5b40ffffff
o-1022755327,5110052732,Coccoloba uvifera,Coccoloba uvifera (L.) L.,Polygonaceae,Coccoloba,SPECIES,HUMAN_OBSERVATION,2024-06-02T21:36:42Z,2024,-68.82935,18.348181,6,7a3679ef-5582-4aaa-81f0-8c2545cafc81,,,11,02,SAN RAFAEL DEL YUMA,081102,874cd5b40ffffff
o-1022856925,5110256645,Coccoloba uvifera,Coccoloba uvifera (L.) L.,Polygonaceae,Coccoloba,SPECIES,HUMAN_OBSERVATION,2024-06-07T11:21:54Z,2024,-68.826555,18.345391,9,7a3679ef-5582-4aaa-81f0-8c2545cafc81,,,11,02,SAN RAFAEL DEL YUMA,081102,874cd5b40ffffff
o-1023274529,5110338568,Asystasia gangetica,Asystasia gangetica (L.) T.Anderson,Acanthaceae,Asystasia,SPECIES,HUMAN_OBSERVATION,2024-06-26T11:21:28Z,2024,-68.836453,18.367471,18,7a3679ef-5582-4aaa-81f0-8c2545cafc81,,,11,02,SAN RAFAEL DEL YUMA,081102,874cd5b71ffffff
o-1023274549,5110089045,Euphorbia milii,Euphorbia milii Des Moul.,Euphorbiaceae,Euphorbia,SPECIES,HUMAN_OBSERVATION,2024-06-26T11:22:18Z,2024,-68.836036000000007,18.367643,13,7a3679ef-5582-4aaa-81f0-8c2545cafc81,,,11,02,SAN RAFAEL DEL YUMA,081102,874cd5b71ffffff
o-1024146089,5110361794,Codiaeum variegatum,Codiaeum variegatum (L.) Rumph. ex A.Juss.,Euphorbiaceae,Codiaeum,SPECIES,HUMAN_OBSERVATION,2024-08-14T20:57:27.061Z,2024,-68.826516,18.347916,36,7a3679ef-5582-4aaa-81f0-8c2545cafc81,,,11,02,SAN RAFAEL DEL YUMA,081102,874cd5b40ffffff
o-1024188706,5110456654,Epipremnum aureum,Epipremnum aureum (Linden & André) G.S.Bunting,Araceae,Epipremnum,SPECIES,HUMAN_OBSERVATION,2024-08-17T16:47:30.838Z,2024,-68.827477,18.346869,9,7a3679ef-5582-4aaa-81f0-8c2545cafc81,,,11,02,SAN RAFAEL DEL YUMA,081102,874cd5b40ffffff
o-1025166915,5110491509,Coccoloba uvifera,Coccoloba uvifera (L.) L.,Polygonaceae,Coccoloba,SPECIES,HUMAN_OBSERVATION,2024-11-06T19:29:37Z,2024,-68.832395,18.349361,12,7a3679ef-5582-4aaa-81f0-8c2545cafc81,,,11,02,SAN RAFAEL DEL YUMA,081102,874cd5b40ffffff
o-1025884828,5110526544,Psidium guajava,Psidium guajava L.,Myrtaceae,Psidium,SPECIES,HUMAN_OBSERVATION,2025-03-07T17:51:09Z,2025,-68.82418,18.344963,13,7a3679ef-5582-4aaa-81f0-8c2545cafc81,,,11,02,SAN RAFAEL DEL YUMA,081102,874cd5b40ffffff
o-1025891042,5110322680,Jasminum fluminense,Jasminum fluminense Vell.,Oleaceae,Jasminum,SPECIES,HUMAN_OBSERVATION,2025-03-09T22:46:41Z,2025,-68.869792,18.448137,14,7a3679ef-5582-4aaa-81f0-8c2545cafc81,,,11,02,SAN RAFAEL DEL YUMA,081102,874cc64d3ffffff
o-1026046684,5110549285,Ficus elastica,Ficus elastica Roxb.,Moraceae,Ficus,SPECIES,HUMAN_OBSERVATION,2025-03-25T21:42:17Z,2025,-68.825027,18.347739,12,7a3679ef-5582-4aaa-81f0-8c2545cafc81,,,11,02,SAN RAFAEL DEL YUMA,081102,874cd5b40ffffff
o-1026056857,5110403956,Ipomoea pes-caprae,Ipomoea pes-caprae (L.) R.Br.,Convolvulaceae,Ipomoea,SPECIES,HUMAN_OBSERVATION,2025-03-26T12:15:51Z,2025,-68.8221,18.342479,NA,7a3679ef-5582-4aaa-81f0-8c2545cafc81,,,11,02,SAN RAFAEL DEL YUMA,081102,874cd5b40ffffff
o-1026056860,5110347726,Canavalia rosea,Canavalia rosea (Sw.) DC.,Fabaceae,Canavalia,SPECIES,HUMAN_OBSERVATION,2025-03-26T12:16:27Z,2025,-68.825502,18.344882,NA,7a3679ef-5582-4aaa-81f0-8c2545cafc81,,,11,02,SAN RAFAEL DEL YUMA,081102,874cd5b40ffffff
o-1026056867,5110540844,Coccoloba uvifera,Coccoloba uvifera (L.) L.,Polygonaceae,Coccoloba,SPECIES,HUMAN_OBSERVATION,2025-03-26T12:09:24Z,2025,-68.812484,18.334343,NA,7a3679ef-5582-4aaa-81f0-8c2545cafc81,,,11,02,SAN RAFAEL DEL YUMA,081102,874cd5b41ffffff
o-1026249133,5110549325,Leuenbergeria quisqueyana,Leuenbergeria quisqueyana (Alain) Lodé,Cactaceae,Leuenbergeria,SPECIES,HUMAN_OBSERVATION,2024-10-19T13:54:05Z,2024,-68.821861,18.348303,NA,7a3679ef-5582-4aaa-81f0-8c2545cafc81,,,11,02,SAN RAFAEL DEL YUMA,081102,874cd5b40ffffff
o-1026249156,5110543150,Tecoma stans,Tecoma stans (L.) Juss. ex Kunth,Bignoniaceae,Tecoma,SPECIES,HUMAN_OBSERVATION,2024-10-16T20:28:17Z,2024,-68.82415,18.345055,NA,7a3679ef-5582-4aaa-81f0-8c2545cafc81,,,11,02,SAN RAFAEL DEL YUMA,081102,874cd5b40ffffff
o-1026249157,5110552886,Cananga odorata,Cananga odorata (Lam.) Hook.fil. & Thomson,Annonaceae,Cananga,SPECIES,HUMAN_OBSERVATION,2024-10-17T13:45:14Z,2024,-68.824081,18.345785,NA,7a3679ef-5582-4aaa-81f0-8c2545cafc81,,,11,02,SAN RAFAEL DEL YUMA,081102,874cd5b40ffffff
q-10004084432,3955442769,Theobroma cacao,Theobroma cacao L.,Malvaceae,Theobroma,SPECIES,HUMAN_OBSERVATION,2016-05-15T20:06:34.875Z,2016,-68.821312,18.345062,NA,14d5676a-2c54-4f94-9023-1e8dcd822aa0,,,11,02,SAN RAFAEL DEL YUMA,081102,874cd5b40ffffff
q-10021814925,3952980032,Coccoloba uvifera,Coccoloba uvifera (L.) L.,Polygonaceae,Coccoloba,SPECIES,HUMAN_OBSERVATION,2017-11-12T13:38:02.953Z,2017,-68.827753,18.347403,20,14d5676a-2c54-4f94-9023-1e8dcd822aa0,,,11,02,SAN RAFAEL DEL YUMA,081102,874cd5b40ffffff
q-10022207369,3951520150,Euphorbia milii,Euphorbia milii Des Moul.,Euphorbiaceae,Euphorbia,SPECIES,HUMAN_OBSERVATION,2017-12-01T14:45:09.465Z,2017,-68.824107,18.3443,6,14d5676a-2c54-4f94-9023-1e8dcd822aa0,,,11,02,SAN RAFAEL DEL YUMA,081102,874cd5b40ffffff
q-10022207398,3951492584,Asystasia gangetica,Asystasia gangetica (L.) T.Anderson,Acanthaceae,Asystasia,SPECIES,HUMAN_OBSERVATION,2017-12-01T14:46:26.589Z,2017,-68.824107,18.3443,14,14d5676a-2c54-4f94-9023-1e8dcd822aa0,,,11,02,SAN RAFAEL DEL YUMA,081102,874cd5b40ffffff
q-10023123863,3956323644,Coccoloba uvifera,Coccoloba uvifera (L.) L.,Polygonaceae,Coccoloba,SPECIES,HUMAN_OBSERVATION,2018-02-03T13:53:01.091Z,2018,-68.843549,18.374078,20,14d5676a-2c54-4f94-9023-1e8dcd822aa0,,,11,02,SAN RAFAEL DEL YUMA,081102,874cd5b71ffffff
q-10033517919,3957251570,Euphorbia milii,Euphorbia milii Des Moul. ex Boiss.,Euphorbiaceae,Euphorbia,SPECIES,HUMAN_OBSERVATION,2018-06-21T13:41:27.462Z,2018,-68.823613,18.346756,10,14d5676a-2c54-4f94-9023-1e8dcd822aa0,,,11,02,SAN RAFAEL DEL YUMA,081102,874cd5b40ffffff
q-10036894546,3951714021,Carica papaya,Carica papaya L.,Caricaceae,Carica,SPECIES,HUMAN_OBSERVATION,2018-07-19T21:00:27.118Z,2018,-68.823408,18.344571,11,14d5676a-2c54-4f94-9023-1e8dcd822aa0,,,11,02,SAN RAFAEL DEL YUMA,081102,874cd5b40ffffff
q-10045394193,2644151724,Coccoloba uvifera,Coccoloba uvifera (L.) L.,Polygonaceae,Coccoloba,SPECIES,HUMAN_OBSERVATION,2018-10-06T01:21:22.144Z,2018,-68.821152,18.343024,10,14d5676a-2c54-4f94-9023-1e8dcd822aa0,,,11,02,SAN RAFAEL DEL YUMA,081102,874cd5b40ffffff
q-10047978569,3951899103,Delonix regia,Delonix regia (Bojer ex Hook.) Raf.,Fabaceae,Delonix,SPECIES,HUMAN_OBSERVATION,2018-11-04T15:28:06.330Z,2018,-68.846133,18.375887,12,14d5676a-2c54-4f94-9023-1e8dcd822aa0,,,11,02,SAN RAFAEL DEL YUMA,081102,874cd5b71ffffff
q-10048216276,3951849597,Coccoloba uvifera,Coccoloba uvifera (L.) L.,Polygonaceae,Coccoloba,SPECIES,HUMAN_OBSERVATION,2018-11-07T22:10:57.983Z,2018,-68.816831,18.338835,6,14d5676a-2c54-4f94-9023-1e8dcd822aa0,,,11,02,SAN RAFAEL DEL YUMA,081102,874cd5b40ffffff
q-10048529155,3951624819,Morinda citrifolia,Morinda citrifolia L.,Rubiaceae,Morinda,SPECIES,HUMAN_OBSERVATION,2018-11-12T13:30:16.180Z,2018,-68.840792,18.366946,16,14d5676a-2c54-4f94-9023-1e8dcd822aa0,,,11,02,SAN RAFAEL DEL YUMA,081102,874cd5b71ffffff
q-10048772756,3957147535,Morinda citrifolia,Morinda citrifolia L.,Rubiaceae,Morinda,SPECIES,HUMAN_OBSERVATION,2018-11-16T16:58:22.542Z,2018,-68.840792,18.366946,16,14d5676a-2c54-4f94-9023-1e8dcd822aa0,,,11,02,SAN RAFAEL DEL YUMA,081102,874cd5b71ffffff
q-10049639869,3951881066,Coccoloba uvifera,Coccoloba uvifera (L.) L.,Polygonaceae,Coccoloba,SPECIES,HUMAN_OBSERVATION,2018-12-03T20:56:19.749Z,2018,-68.843395,18.373793,18,14d5676a-2c54-4f94-9023-1e8dcd822aa0,,,11,02,SAN RAFAEL DEL YUMA,081102,874cd5b71ffffff
q-10050594746,3956580239,Coccoloba uvifera,Coccoloba uvifera (L.) L.,Polygonaceae,Coccoloba,SPECIES,HUMAN_OBSERVATION,2016-04-10T17:07:43.055Z,2016,-68.843322,18.373792,NA,14d5676a-2c54-4f94-9023-1e8dcd822aa0,,,11,02,SAN RAFAEL DEL YUMA,081102,874cd5b71ffffff
q-10054885560,3951691101,Mangifera indica,Mangifera indica L.,Anacardiaceae,Mangifera,SPECIES,HUMAN_OBSERVATION,2018-05-03T18:02:05.582Z,2018,-68.829747,18.349616,10,14d5676a-2c54-4f94-9023-1e8dcd822aa0,,,11,02,SAN RAFAEL DEL YUMA,081102,874cd5b40ffffff
q-10059285676,2647911742,Coccoloba uvifera,Coccoloba uvifera (L.) L.,Polygonaceae,Coccoloba,SPECIES,HUMAN_OBSERVATION,2018-12-23T15:36:01.616Z,2018,-68.823157,18.343486,4,14d5676a-2c54-4f94-9023-1e8dcd822aa0,,,11,02,SAN RAFAEL DEL YUMA,081102,874cd5b40ffffff
q-10059507923,3956302886,Coccoloba uvifera,Coccoloba uvifera (L.) L.,Polygonaceae,Coccoloba,SPECIES,HUMAN_OBSERVATION,2018-12-28T14:03:47.038Z,2018,-68.823113,18.343644,6,14d5676a-2c54-4f94-9023-1e8dcd822aa0,,,11,02,SAN RAFAEL DEL YUMA,081102,874cd5b40ffffff
q-10059878654,3953410305,Acalypha wilkesiana,Acalypha wilkesiana Müll.Arg.,Euphorbiaceae,Acalypha,SPECIES,HUMAN_OBSERVATION,2019-01-05T15:45:54.405Z,2019,-68.820595,18.345763,NA,14d5676a-2c54-4f94-9023-1e8dcd822aa0,,,11,02,SAN RAFAEL DEL YUMA,081102,874cd5b40ffffff
q-10060277228,3956653607,Coccoloba uvifera,Coccoloba uvifera (L.) L.,Polygonaceae,Coccoloba,SPECIES,HUMAN_OBSERVATION,2019-01-14T20:43:41.543Z,2019,-68.82802,18.347528,NA,14d5676a-2c54-4f94-9023-1e8dcd822aa0,,,11,02,SAN RAFAEL DEL YUMA,081102,874cd5b40ffffff
q-10060776960,2647405738,Morinda citrifolia,Morinda citrifolia L.,Rubiaceae,Morinda,SPECIES,HUMAN_OBSERVATION,2019-01-26T18:58:40.312Z,2019,-68.843262,18.373711,NA,14d5676a-2c54-4f94-9023-1e8dcd822aa0,,,11,02,SAN RAFAEL DEL YUMA,081102,874cd5b71ffffff
q-10061799686,2644374276,Carica papaya,Carica papaya L.,Caricaceae,Carica,SPECIES,HUMAN_OBSERVATION,2019-02-17T18:30:37.540Z,2019,-68.438767,18.441383,NA,14d5676a-2c54-4f94-9023-1e8dcd822aa0,,,11,02,SAN RAFAEL DEL YUMA,081102,874cc60c3ffffff
q-10068498962,3956781636,Anacardium occidentale,Anacardium occidentale L.,Anacardiaceae,Anacardium,SPECIES,HUMAN_OBSERVATION,2019-04-19T19:12:52.965Z,2019,-68.820583,18.346625,3,14d5676a-2c54-4f94-9023-1e8dcd822aa0,,,11,02,SAN RAFAEL DEL YUMA,081102,874cd5b40ffffff
q-10073102838,2647751489,Lantana camara,Lantana camara L.,Verbenaceae,Lantana,SPECIES,HUMAN_OBSERVATION,2019-05-05T19:29:42.715Z,2019,-68.845509,18.376458,65,14d5676a-2c54-4f94-9023-1e8dcd822aa0,,,11,02,SAN RAFAEL DEL YUMA,081102,874cd5b71ffffff
q-10074061908,3951618311,Coccoloba uvifera,Coccoloba uvifera (L.) L.,Polygonaceae,Coccoloba,SPECIES,HUMAN_OBSERVATION,2019-05-09T15:49:08.083Z,2019,-68.827222,18.346667,NA,14d5676a-2c54-4f94-9023-1e8dcd822aa0,,,11,02,SAN RAFAEL DEL YUMA,081102,874cd5b40ffffff
q-10078857775,2648168207,Coccoloba uvifera,Coccoloba uvifera (L.) L.,Polygonaceae,Coccoloba,SPECIES,HUMAN_OBSERVATION,2019-05-24T15:29:45.353Z,2019,-68.821033,18.345182,65,14d5676a-2c54-4f94-9023-1e8dcd822aa0,,,11,02,SAN RAFAEL DEL YUMA,081102,874cd5b40ffffff
q-10079840269,3956041674,Morinda citrifolia,Morinda citrifolia L.,Rubiaceae,Morinda,SPECIES,HUMAN_OBSERVATION,2019-05-26T19:22:52.761Z,2019,-68.840752,18.366899,NA,14d5676a-2c54-4f94-9023-1e8dcd822aa0,,,11,02,SAN RAFAEL DEL YUMA,081102,874cd5b71ffffff
q-10081228747,2648032735,Coccoloba uvifera,Coccoloba uvifera (L.) L.,Polygonaceae,Coccoloba,SPECIES,HUMAN_OBSERVATION,2019-05-30T20:53:51.888Z,2019,-68.827587,18.347614,65,14d5676a-2c54-4f94-9023-1e8dcd822aa0,,,11,02,SAN RAFAEL DEL YUMA,081102,874cd5b40ffffff
q-10081228997,2645199034,Coccoloba uvifera,Coccoloba uvifera (L.) L.,Polygonaceae,Coccoloba,SPECIES,HUMAN_OBSERVATION,2019-05-30T20:55:27.468Z,2019,-68.827646,18.347458,6,14d5676a-2c54-4f94-9023-1e8dcd822aa0,,,11,02,SAN RAFAEL DEL YUMA,081102,874cd5b40ffffff
q-10093684386,2646033806,Etlingera elatior,Etlingera elatior (Jack) R.M.Sm.,Zingiberaceae,Etlingera,SPECIES,HUMAN_OBSERVATION,2019-07-10T15:40:35.314Z,2019,-68.818082,18.340496,37,14d5676a-2c54-4f94-9023-1e8dcd822aa0,,,11,02,SAN RAFAEL DEL YUMA,081102,874cd5b40ffffff
q-10095838406,2646075215,Tradescantia pallida,Tradescantia pallida (Rose) D.R.Hunt,Commelinaceae,Tradescantia,SPECIES,HUMAN_OBSERVATION,2019-07-18T13:34:18.566Z,2019,-68.829481,18.348049,24,14d5676a-2c54-4f94-9023-1e8dcd822aa0,,,11,02,SAN RAFAEL DEL YUMA,081102,874cd5b40ffffff
q-10097032418,3957358466,Morinda citrifolia,Morinda citrifolia L.,Rubiaceae,Morinda,SPECIES,HUMAN_OBSERVATION,2019-07-22T15:58:00.452Z,2019,-68.595143,18.380906,4520,14d5676a-2c54-4f94-9023-1e8dcd822aa0,,,11,02,SAN RAFAEL DEL YUMA,081102,874cc6718ffffff
q-10103429667,2648824350,Tradescantia pallida,Tradescantia pallida (Rose) D.R.Hunt,Commelinaceae,Tradescantia,SPECIES,HUMAN_OBSERVATION,2019-08-17T12:38:04.987Z,2019,-68.823333,18.346389,NA,14d5676a-2c54-4f94-9023-1e8dcd822aa0,,,11,02,SAN RAFAEL DEL YUMA,081102,874cd5b40ffffff
q-10106176804,2646555442,Tradescantia pallida,Tradescantia pallida (Rose) D.R.Hunt,Commelinaceae,Tradescantia,SPECIES,HUMAN_OBSERVATION,2019-08-27T22:43:14.581Z,2019,-68.82996,18.34936,12,14d5676a-2c54-4f94-9023-1e8dcd822aa0,,,11,02,SAN RAFAEL DEL YUMA,081102,874cd5b40ffffff
q-10108110625,2646470525,Coccoloba uvifera,Coccoloba uvifera (L.) L.,Polygonaceae,Coccoloba,SPECIES,HUMAN_OBSERVATION,2019-09-05T13:41:43.013Z,2019,-68.824167,18.343889,NA,14d5676a-2c54-4f94-9023-1e8dcd822aa0,,,11,02,SAN RAFAEL DEL YUMA,081102,874cd5b40ffffff
q-10110209510,3952216379,Coccoloba uvifera,Coccoloba uvifera (L.) L.,Polygonaceae,Coccoloba,SPECIES,HUMAN_OBSERVATION,2019-09-14T21:52:28.550Z,2019,-68.824585,18.344002,NA,14d5676a-2c54-4f94-9023-1e8dcd822aa0,,,11,02,SAN RAFAEL DEL YUMA,081102,874cd5b40ffffff
q-10114959352,3952046152,Morinda citrifolia,Morinda citrifolia L.,Rubiaceae,Morinda,SPECIES,HUMAN_OBSERVATION,2019-10-06T18:36:38.235Z,2019,-68.844511,18.375061,65,14d5676a-2c54-4f94-9023-1e8dcd822aa0,,,11,02,SAN RAFAEL DEL YUMA,081102,874cd5b71ffffff
q-10114959754,3952433206,Morinda citrifolia,Morinda citrifolia L.,Rubiaceae,Morinda,SPECIES,HUMAN_OBSERVATION,2019-10-06T18:38:51.318Z,2019,-68.84451,18.375061,65,14d5676a-2c54-4f94-9023-1e8dcd822aa0,,,11,02,SAN RAFAEL DEL YUMA,081102,874cd5b71ffffff
q-10118412099,3957278203,Crescentia cujete,Crescentia cujete L.,Bignoniaceae,Crescentia,SPECIES,HUMAN_OBSERVATION,2019-10-24T11:40:58.765Z,2019,-68.8175,18.342222,NA,14d5676a-2c54-4f94-9023-1e8dcd822aa0,,,11,02,SAN RAFAEL DEL YUMA,081102,874cd5b40ffffff
q-10121779846,2650097538,Coccoloba uvifera,Coccoloba uvifera (L.) L.,Polygonaceae,Coccoloba,SPECIES,HUMAN_OBSERVATION,2019-11-13T20:32:57.022Z,2019,-68.844214,18.374278,48,14d5676a-2c54-4f94-9023-1e8dcd822aa0,,,11,02,SAN RAFAEL DEL YUMA,081102,874cd5b71ffffff
q-10124584129,3952056627,Coccoloba uvifera,Coccoloba uvifera (L.) L.,Polygonaceae,Coccoloba,SPECIES,HUMAN_OBSERVATION,2019-12-08T22:39:50.842Z,2019,-68.819431,18.345974,18,14d5676a-2c54-4f94-9023-1e8dcd822aa0,,,11,02,SAN RAFAEL DEL YUMA,081102,874cd5b40ffffff
q-10127353027,2647076928,Cocos nucifera,Cocos nucifera L.,Arecaceae,Cocos,SPECIES,HUMAN_OBSERVATION,2020-01-09T13:45:42.501Z,2020,-68.828266,18.347544,NA,14d5676a-2c54-4f94-9023-1e8dcd822aa0,,,11,02,SAN RAFAEL DEL YUMA,081102,874cd5b40ffffff
q-10127678364,2649786008,Coccoloba uvifera,Coccoloba uvifera (L.) L.,Polygonaceae,Coccoloba,SPECIES,HUMAN_OBSERVATION,2020-01-12T17:12:35.321Z,2020,-68.844365,18.374282,7,14d5676a-2c54-4f94-9023-1e8dcd822aa0,,,11,02,SAN RAFAEL DEL YUMA,081102,874cd5b71ffffff
q-10128048966,3958320804,Coccoloba uvifera,Coccoloba uvifera (L.) L.,Polygonaceae,Coccoloba,SPECIES,HUMAN_OBSERVATION,2020-01-16T16:20:43.357Z,2020,-68.824609,18.344089,16,14d5676a-2c54-4f94-9023-1e8dcd822aa0,,,11,02,SAN RAFAEL DEL YUMA,081102,874cd5b40ffffff
q-10129155448,2646890944,Tecoma stans,Tecoma stans (L.) Juss. ex Kunth,Bignoniaceae,Tecoma,SPECIES,HUMAN_OBSERVATION,2020-01-27T16:13:56.567Z,2020,-68.823889,18.345556,NA,14d5676a-2c54-4f94-9023-1e8dcd822aa0,,,11,02,SAN RAFAEL DEL YUMA,081102,874cd5b40ffffff
q-10131954634,2650019438,Coccoloba uvifera,Coccoloba uvifera (L.) L.,Polygonaceae,Coccoloba,SPECIES,HUMAN_OBSERVATION,2020-02-20T16:02:26.935Z,2020,-68.817001,18.338837,12,14d5676a-2c54-4f94-9023-1e8dcd822aa0,,,11,02,SAN RAFAEL DEL YUMA,081102,874cd5b40ffffff
q-10131969516,2647099834,Coccoloba uvifera,Coccoloba uvifera (L.) L.,Polygonaceae,Coccoloba,SPECIES,HUMAN_OBSERVATION,2020-02-20T17:56:15.350Z,2020,-68.808708,18.324631,NA,14d5676a-2c54-4f94-9023-1e8dcd822aa0,,,11,02,SAN RAFAEL DEL YUMA,081102,874cd5b41ffffff
q-10134224812,3952376898,Hymenocallis latifolia,Hymenocallis latifolia (Mill.) M.Roem.,Amaryllidaceae,Hymenocallis,SPECIES,HUMAN_OBSERVATION,2016-12-20T20:33:45.481Z,2016,-68.8118,18.3329,NA,14d5676a-2c54-4f94-9023-1e8dcd822aa0,,,11,02,SAN RAFAEL DEL YUMA,081102,874cd5b41ffffff
q-10134447148,2650125214,Coccoloba uvifera,Coccoloba uvifera (L.) L.,Polygonaceae,Coccoloba,SPECIES,HUMAN_OBSERVATION,2020-03-07T18:16:59.928Z,2020,-68.827901,18.348407,38,14d5676a-2c54-4f94-9023-1e8dcd822aa0,,,11,02,SAN RAFAEL DEL YUMA,081102,874cd5b40ffffff
q-10273549607,2978039338,Graptophyllum pictum,Graptophyllum pictum (L.) Griff.,Acanthaceae,Graptophyllum,SPECIES,HUMAN_OBSERVATION,2020-10-26T20:07:28.345Z,2020,-68.820789,18.345614,65,14d5676a-2c54-4f94-9023-1e8dcd822aa0,,,11,02,SAN RAFAEL DEL YUMA,081102,874cd5b40ffffff
q-10293139448,3954275308,Coccoloba uvifera,Coccoloba uvifera (L.) L.,Polygonaceae,Coccoloba,SPECIES,HUMAN_OBSERVATION,2021-01-12T22:04:10.196Z,2021,-68.820815,18.343104,NA,14d5676a-2c54-4f94-9023-1e8dcd822aa0,,,11,02,SAN RAFAEL DEL YUMA,081102,874cd5b40ffffff
q-10293139737,3955582243,Chrysalidocarpus lutescens,Dypsis lutescens (H.Wendl.) Beentje & J.Dransf.,Arecaceae,Chrysalidocarpus,SPECIES,HUMAN_OBSERVATION,2021-01-12T22:06:21.104Z,2021,-68.82081,18.343338,NA,14d5676a-2c54-4f94-9023-1e8dcd822aa0,,,11,02,SAN RAFAEL DEL YUMA,081102,874cd5b40ffffff
q-10293140246,3958972903,Coccoloba uvifera,Coccoloba uvifera (L.) L.,Polygonaceae,Coccoloba,SPECIES,HUMAN_OBSERVATION,2021-01-12T22:09:52.389Z,2021,-68.820737,18.343173,6,14d5676a-2c54-4f94-9023-1e8dcd822aa0,,,11,02,SAN RAFAEL DEL YUMA,081102,874cd5b40ffffff
q-10297601045,3959393683,Dovyalis hebecarpa,Dovyalis hebecarpa (Gardner) Warb.,Salicaceae,Dovyalis,SPECIES,HUMAN_OBSERVATION,2021-02-02T21:37:55.844Z,2021,-68.833572,18.441847,19,14d5676a-2c54-4f94-9023-1e8dcd822aa0,,,11,02,SAN RAFAEL DEL YUMA,081102,874cc64dcffffff
q-10333957253,3958124397,Graptophyllum pictum,Graptophyllum pictum (L.) Griff.,Acanthaceae,Graptophyllum,SPECIES,HUMAN_OBSERVATION,2021-04-25T11:15:01.872Z,2021,-68.822023,18.345829,20,14d5676a-2c54-4f94-9023-1e8dcd822aa0,,,11,02,SAN RAFAEL DEL YUMA,081102,874cd5b40ffffff
q-10360748798,3958374786,Tradescantia pallida,Tradescantia pallida (Rose) D.R.Hunt,Commelinaceae,Tradescantia,SPECIES,HUMAN_OBSERVATION,2021-05-21T15:51:52.489Z,2021,-68.822952,18.345389,5,14d5676a-2c54-4f94-9023-1e8dcd822aa0,,,11,02,SAN RAFAEL DEL YUMA,081102,874cd5b40ffffff
q-10360922775,3953947422,Coccoloba uvifera,Coccoloba uvifera (L.) L.,Polygonaceae,Coccoloba,SPECIES,HUMAN_OBSERVATION,2021-05-21T18:31:32.696Z,2021,-68.824334,18.343925,64,14d5676a-2c54-4f94-9023-1e8dcd822aa0,,,11,02,SAN RAFAEL DEL YUMA,081102,874cd5b40ffffff
q-10374289125,3951514215,Sphagneticola trilobata,Sphagneticola trilobata (L.) Pruski,Asteraceae,Sphagneticola,SPECIES,HUMAN_OBSERVATION,2021-06-01T14:41:00.735Z,2021,-68.843886,18.37606,16,14d5676a-2c54-4f94-9023-1e8dcd822aa0,,,11,02,SAN RAFAEL DEL YUMA,081102,874cd5b71ffffff
q-10375097696,3959311331,Coccoloba uvifera,Coccoloba uvifera (L.) L.,Polygonaceae,Coccoloba,SPECIES,HUMAN_OBSERVATION,2021-06-02T10:22:39.570Z,2021,-68.82523,18.345003,5,14d5676a-2c54-4f94-9023-1e8dcd822aa0,,,11,02,SAN RAFAEL DEL YUMA,081102,874cd5b40ffffff
q-10381285152,3954912199,Crossandra infundibuliformis,Crossandra infundibuliformis (L.) Nees,Acanthaceae,Crossandra,SPECIES,HUMAN_OBSERVATION,2021-06-07T21:21:20.031Z,2021,-68.833838,18.350636,30,14d5676a-2c54-4f94-9023-1e8dcd822aa0,,,11,02,SAN RAFAEL DEL YUMA,081102,874cd5b46ffffff
q-10429832236,3955378018,Crescentia cujete,Crescentia cujete L.,Bignoniaceae,Crescentia,SPECIES,HUMAN_OBSERVATION,2021-07-17T22:26:06.678Z,2021,-68.830669,18.348632,55,14d5676a-2c54-4f94-9023-1e8dcd822aa0,,,11,02,SAN RAFAEL DEL YUMA,081102,874cd5b40ffffff
q-10435126954,3955519359,Coccoloba uvifera,Coccoloba uvifera (L.) L.,Polygonaceae,Coccoloba,SPECIES,HUMAN_OBSERVATION,2021-07-23T21:45:17.946Z,2021,-68.828219,18.34793,4,14d5676a-2c54-4f94-9023-1e8dcd822aa0,,,11,02,SAN RAFAEL DEL YUMA,081102,874cd5b40ffffff
q-10438758142,3956229799,Coccoloba uvifera,Coccoloba uvifera (L.) L.,Polygonaceae,Coccoloba,SPECIES,HUMAN_OBSERVATION,2021-07-28T00:07:42.332Z,2021,-68.828571,18.34801,4,14d5676a-2c54-4f94-9023-1e8dcd822aa0,,,11,02,SAN RAFAEL DEL YUMA,081102,874cd5b40ffffff
q-10448125259,3955281784,Coccoloba uvifera,Coccoloba uvifera (L.) L.,Polygonaceae,Coccoloba,SPECIES,HUMAN_OBSERVATION,2021-08-08T15:07:15.865Z,2021,-68.823011,18.347657,17,14d5676a-2c54-4f94-9023-1e8dcd822aa0,,,11,02,SAN RAFAEL DEL YUMA,081102,874cd5b40ffffff
q-10464679276,3955863149,Tradescantia pallida,Tradescantia pallida (Rose) D.R.Hunt,Commelinaceae,Tradescantia,SPECIES,HUMAN_OBSERVATION,2021-08-29T21:58:35.714Z,2021,-68.831436,18.349687,48,14d5676a-2c54-4f94-9023-1e8dcd822aa0,,,11,02,SAN RAFAEL DEL YUMA,081102,874cd5b40ffffff
q-10468396354,3957894840,Coccoloba uvifera,Coccoloba uvifera (L.) L.,Polygonaceae,Coccoloba,SPECIES,HUMAN_OBSERVATION,2021-09-04T19:23:46.463Z,2021,-68.822433,18.343383,14,14d5676a-2c54-4f94-9023-1e8dcd822aa0,,,11,02,SAN RAFAEL DEL YUMA,081102,874cd5b40ffffff
q-10470033085,3960232716,Morinda citrifolia,Morinda citrifolia L.,Rubiaceae,Morinda,SPECIES,HUMAN_OBSERVATION,2021-09-06T21:48:54.170Z,2021,-68.822423,18.345815,17,14d5676a-2c54-4f94-9023-1e8dcd822aa0,,,11,02,SAN RAFAEL DEL YUMA,081102,874cd5b40ffffff
q-10471187451,3956854562,Coccoloba uvifera,Coccoloba uvifera (L.) L.,Polygonaceae,Coccoloba,SPECIES,HUMAN_OBSERVATION,2021-09-08T18:01:58.915Z,2021,-68.823908,18.345551,32,14d5676a-2c54-4f94-9023-1e8dcd822aa0,,,11,02,SAN RAFAEL DEL YUMA,081102,874cd5b40ffffff
q-10472125543,3956678888,Heptapleurum actinophyllum,Schefflera actinophylla (Endl.) Harms,Araliaceae,Heptapleurum,SPECIES,HUMAN_OBSERVATION,2021-09-10T12:37:35.639Z,2021,-68.822237,18.343835,NA,14d5676a-2c54-4f94-9023-1e8dcd822aa0,,,11,02,SAN RAFAEL DEL YUMA,081102,874cd5b40ffffff
q-10475297580,3955212229,Coccoloba uvifera,Coccoloba uvifera (L.) L.,Polygonaceae,Coccoloba,SPECIES,HUMAN_OBSERVATION,2021-09-14T20:14:45.158Z,2021,-68.824601,18.344099,11,14d5676a-2c54-4f94-9023-1e8dcd822aa0,,,11,02,SAN RAFAEL DEL YUMA,081102,874cd5b40ffffff
q-10475676791,3951885149,Morinda citrifolia,Morinda citrifolia L.,Rubiaceae,Morinda,SPECIES,HUMAN_OBSERVATION,2021-09-15T14:35:14.038Z,2021,-68.836132,18.368548,3,14d5676a-2c54-4f94-9023-1e8dcd822aa0,,,11,02,SAN RAFAEL DEL YUMA,081102,874cd5b71ffffff
q-10479614469,3953706328,Delonix regia,Delonix regia (Bojer ex Hook.) Raf.,Fabaceae,Delonix,SPECIES,HUMAN_OBSERVATION,2021-09-21T15:25:27.882Z,2021,-68.823555,18.345685,32,14d5676a-2c54-4f94-9023-1e8dcd822aa0,,,11,02,SAN RAFAEL DEL YUMA,081102,874cd5b40ffffff
q-10480714615,3951984342,Coccoloba uvifera,Coccoloba uvifera (L.) L.,Polygonaceae,Coccoloba,SPECIES,HUMAN_OBSERVATION,2021-09-23T14:22:36.416Z,2021,-68.827753,18.347462,8,14d5676a-2c54-4f94-9023-1e8dcd822aa0,,,11,02,SAN RAFAEL DEL YUMA,081102,874cd5b40ffffff
q-10482292781,3958506114,Morinda citrifolia,Morinda citrifolia L.,Rubiaceae,Morinda,SPECIES,HUMAN_OBSERVATION,2021-09-25T22:12:15.478Z,2021,-68.811465,18.333291,8,14d5676a-2c54-4f94-9023-1e8dcd822aa0,,,11,02,SAN RAFAEL DEL YUMA,081102,874cd5b41ffffff
q-10483161004,3952840262,Tradescantia pallida,Tradescantia pallida (Rose) D.R.Hunt,Commelinaceae,Tradescantia,SPECIES,HUMAN_OBSERVATION,2021-09-26T22:04:37.800Z,2021,-68.830987,18.349315,15,14d5676a-2c54-4f94-9023-1e8dcd822aa0,,,11,02,SAN RAFAEL DEL YUMA,081102,874cd5b40ffffff
q-10485865164,3955271792,Cestrum nocturnum,Cestrum nocturnum L.,Solanaceae,Cestrum,SPECIES,HUMAN_OBSERVATION,2021-10-02T00:35:36.629Z,2021,-68.827426,18.34758,13,14d5676a-2c54-4f94-9023-1e8dcd822aa0,,,11,02,SAN RAFAEL DEL YUMA,081102,874cd5b40ffffff
q-10486083234,3957076329,Tradescantia pallida,Tradescantia pallida (Rose) D.R.Hunt,Commelinaceae,Tradescantia,SPECIES,HUMAN_OBSERVATION,2021-10-02T11:39:54.081Z,2021,-68.82885,18.349237,65,14d5676a-2c54-4f94-9023-1e8dcd822aa0,,,11,02,SAN RAFAEL DEL YUMA,081102,874cd5b40ffffff
q-10492194579,3958486109,Coccoloba uvifera,Coccoloba uvifera (L.) L.,Polygonaceae,Coccoloba,SPECIES,HUMAN_OBSERVATION,2021-10-15T00:42:41.325Z,2021,-68.610523,18.373859,NA,14d5676a-2c54-4f94-9023-1e8dcd822aa0,,,11,02,SAN RAFAEL DEL YUMA,081102,874cc671affffff
q-10495835632,3956029675,Coccoloba uvifera,Coccoloba uvifera (L.) L.,Polygonaceae,Coccoloba,SPECIES,HUMAN_OBSERVATION,2021-10-21T18:31:49.154Z,2021,-68.817918,18.339611,16,14d5676a-2c54-4f94-9023-1e8dcd822aa0,,,11,02,SAN RAFAEL DEL YUMA,081102,874cd5b40ffffff
q-10496319104,3956029752,Morinda citrifolia,Morinda citrifolia L.,Rubiaceae,Morinda,SPECIES,HUMAN_OBSERVATION,2021-10-22T21:54:37.915Z,2021,-68.841405,18.372438,19,14d5676a-2c54-4f94-9023-1e8dcd822aa0,,,11,02,SAN RAFAEL DEL YUMA,081102,874cd5b71ffffff
q-10496338834,3958171331,Morinda citrifolia,Morinda citrifolia L.,Rubiaceae,Morinda,SPECIES,HUMAN_OBSERVATION,2021-10-23T00:01:59.676Z,2021,-68.835733,18.437939,NA,14d5676a-2c54-4f94-9023-1e8dcd822aa0,,,11,02,SAN RAFAEL DEL YUMA,081102,874cc64dcffffff
q-10501830722,3958220245,Plumeria rubra,Plumeria rubra L.,Apocynaceae,Plumeria,SPECIES,HUMAN_OBSERVATION,2021-11-03T11:40:51.265Z,2021,-68.823655,18.346425,9,14d5676a-2c54-4f94-9023-1e8dcd822aa0,,,11,02,SAN RAFAEL DEL YUMA,081102,874cd5b40ffffff
q-10502252410,3959540845,Morinda citrifolia,Morinda citrifolia L.,Rubiaceae,Morinda,SPECIES,HUMAN_OBSERVATION,2021-11-04T14:04:46.339Z,2021,-68.824824,18.346512,7,14d5676a-2c54-4f94-9023-1e8dcd822aa0,,,11,02,SAN RAFAEL DEL YUMA,081102,874cd5b40ffffff
q-10504674843,3959629547,Tecoma stans,Tecoma stans (L.) Juss. ex Kunth,Bignoniaceae,Tecoma,SPECIES,HUMAN_OBSERVATION,2021-11-10T14:59:23.242Z,2021,-68.823988,18.344903,6,14d5676a-2c54-4f94-9023-1e8dcd822aa0,,,11,02,SAN RAFAEL DEL YUMA,081102,874cd5b40ffffff
q-10506242820,3953790607,Tradescantia pallida,Tradescantia pallida (Rose) D.R.Hunt,Commelinaceae,Tradescantia,SPECIES,HUMAN_OBSERVATION,2021-11-14T15:36:53.599Z,2021,-68.826832,18.346667,35,14d5676a-2c54-4f94-9023-1e8dcd822aa0,,,11,02,SAN RAFAEL DEL YUMA,081102,874cd5b40ffffff
q-10506322419,3956908597,Acalypha wilkesiana,Acalypha wilkesiana Müll.Arg.,Euphorbiaceae,Acalypha,SPECIES,HUMAN_OBSERVATION,2021-11-14T18:35:47.503Z,2021,-68.846152,18.37601,65,14d5676a-2c54-4f94-9023-1e8dcd822aa0,,,11,02,SAN RAFAEL DEL YUMA,081102,874cd5b71ffffff
q-10506345200,3955175499,Graptophyllum pictum,Graptophyllum pictum (L.) Griff.,Acanthaceae,Graptophyllum,SPECIES,HUMAN_OBSERVATION,2021-11-14T19:41:21.124Z,2021,-68.846171,18.376915,65,14d5676a-2c54-4f94-9023-1e8dcd822aa0,,,11,02,SAN RAFAEL DEL YUMA,081102,874cd5b71ffffff
q-10507002200,3960323206,Morinda citrifolia,Morinda citrifolia L.,Rubiaceae,Morinda,SPECIES,HUMAN_OBSERVATION,2021-11-16T21:58:34.885Z,2021,-68.845122,18.375117,673,14d5676a-2c54-4f94-9023-1e8dcd822aa0,,,11,02,SAN RAFAEL DEL YUMA,081102,874cd5b71ffffff
q-10508544416,3953791004,Crescentia cujete,Crescentia cujete L.,Bignoniaceae,Crescentia,SPECIES,HUMAN_OBSERVATION,2021-11-21T21:48:58.950Z,2021,-68.817205,18.341933,NA,14d5676a-2c54-4f94-9023-1e8dcd822aa0,,,11,02,SAN RAFAEL DEL YUMA,081102,874cd5b40ffffff
q-10509225011,3955176017,Crescentia cujete,Crescentia cujete L.,Bignoniaceae,Crescentia,SPECIES,HUMAN_OBSERVATION,2021-11-24T12:23:09.549Z,2021,-68.83157,18.348617,32,14d5676a-2c54-4f94-9023-1e8dcd822aa0,,,11,02,SAN RAFAEL DEL YUMA,081102,874cd5b40ffffff
q-10509615062,3958466322,Coccoloba uvifera,Coccoloba uvifera (L.) L.,Polygonaceae,Coccoloba,SPECIES,HUMAN_OBSERVATION,2021-11-25T20:13:48.818Z,2021,-68.817792,18.339697,11,14d5676a-2c54-4f94-9023-1e8dcd822aa0,,,11,02,SAN RAFAEL DEL YUMA,081102,874cd5b40ffffff
q-10510580950,3959609557,Carica papaya,Carica papaya L.,Caricaceae,Carica,SPECIES,HUMAN_OBSERVATION,2021-11-29T12:23:05.991Z,2021,-68.830195,18.349173,10,14d5676a-2c54-4f94-9023-1e8dcd822aa0,,,11,02,SAN RAFAEL DEL YUMA,081102,874cd5b40ffffff
q-10510674343,3957783837,Coccoloba uvifera,Coccoloba uvifera (L.) L.,Polygonaceae,Coccoloba,SPECIES,HUMAN_OBSERVATION,2021-11-29T18:49:14.203Z,2021,-68.824513,18.34509,48,14d5676a-2c54-4f94-9023-1e8dcd822aa0,,,11,02,SAN RAFAEL DEL YUMA,081102,874cd5b40ffffff
q-10510938303,3952244249,Coccoloba uvifera,Coccoloba uvifera (L.) L.,Polygonaceae,Coccoloba,SPECIES,HUMAN_OBSERVATION,2021-11-30T21:14:13.090Z,2021,-68.817615,18.339553,12,14d5676a-2c54-4f94-9023-1e8dcd822aa0,,,11,02,SAN RAFAEL DEL YUMA,081102,874cd5b40ffffff
q-10512465361,3954012330,Coccoloba uvifera,Coccoloba uvifera (L.) L.,Polygonaceae,Coccoloba,SPECIES,HUMAN_OBSERVATION,2021-12-07T13:24:43.742Z,2021,-68.821285,18.343096,13,14d5676a-2c54-4f94-9023-1e8dcd822aa0,,,11,02,SAN RAFAEL DEL YUMA,081102,874cd5b40ffffff
q-10513080892,3958249809,Morinda citrifolia,Morinda citrifolia L.,Rubiaceae,Morinda,SPECIES,HUMAN_OBSERVATION,2021-12-10T14:01:17.621Z,2021,-68.845037,18.375426,27,14d5676a-2c54-4f94-9023-1e8dcd822aa0,,,11,02,SAN RAFAEL DEL YUMA,081102,874cd5b71ffffff
q-10514372054,3952325245,Mangifera indica,Mangifera indica L.,Anacardiaceae,Mangifera,SPECIES,HUMAN_OBSERVATION,2021-12-16T14:40:17.546Z,2021,-68.823763,18.345718,65,14d5676a-2c54-4f94-9023-1e8dcd822aa0,,,11,02,SAN RAFAEL DEL YUMA,081102,874cd5b40ffffff
q-10515206614,3957283295,Coccoloba uvifera,Coccoloba uvifera (L.) L.,Polygonaceae,Coccoloba,SPECIES,HUMAN_OBSERVATION,2021-12-20T18:00:28.055Z,2021,-68.82424,18.345009,48,14d5676a-2c54-4f94-9023-1e8dcd822aa0,,,11,02,SAN RAFAEL DEL YUMA,081102,874cd5b40ffffff
q-10515615602,3953194879,Russelia equisetiformis,Russelia equisetiformis Schltdl. & Cham.,Plantaginaceae,Russelia,SPECIES,HUMAN_OBSERVATION,2021-12-23T01:03:29.336Z,2021,-68.826243,18.346179,8,14d5676a-2c54-4f94-9023-1e8dcd822aa0,,,11,02,SAN RAFAEL DEL YUMA,081102,874cd5b40ffffff
q-10518392428,3955968474,Mangifera indica,Mangifera indica L.,Anacardiaceae,Mangifera,SPECIES,HUMAN_OBSERVATION,2022-01-04T13:58:17.490Z,2022,-68.826709,18.348493,65,14d5676a-2c54-4f94-9023-1e8dcd822aa0,,,11,02,SAN RAFAEL DEL YUMA,081102,874cd5b40ffffff
q-10519927105,3958336452,Mangifera indica,Mangifera indica L.,Anacardiaceae,Mangifera,SPECIES,HUMAN_OBSERVATION,2022-01-11T12:48:40.482Z,2022,-68.823982,18.345785,6,14d5676a-2c54-4f94-9023-1e8dcd822aa0,,,11,02,SAN RAFAEL DEL YUMA,081102,874cd5b40ffffff
q-10520659370,3954010684,Morinda citrifolia,Morinda citrifolia L.,Rubiaceae,Morinda,SPECIES,HUMAN_OBSERVATION,2022-01-14T22:04:16.603Z,2022,-68.822179,18.345522,6,14d5676a-2c54-4f94-9023-1e8dcd822aa0,,,11,02,SAN RAFAEL DEL YUMA,081102,874cd5b40ffffff
q-10523470295,3953381933,Sesuvium portulacastrum,Sesuvium portulacastrum (L.) L.,Aizoaceae,Sesuvium,SPECIES,HUMAN_OBSERVATION,2022-01-27T17:53:20.419Z,2022,-68.831878,18.348768,9,14d5676a-2c54-4f94-9023-1e8dcd822aa0,,,11,02,SAN RAFAEL DEL YUMA,081102,874cd5b40ffffff
q-10523841797,3959210165,Coccoloba uvifera,Coccoloba uvifera (L.) L.,Polygonaceae,Coccoloba,SPECIES,HUMAN_OBSERVATION,2022-01-29T14:01:24.064Z,2022,-68.834719,18.351518,NA,14d5676a-2c54-4f94-9023-1e8dcd822aa0,,,11,02,SAN RAFAEL DEL YUMA,081102,874cd5b46ffffff
q-10523914468,3958515016,Coccoloba uvifera,Coccoloba uvifera (L.) L.,Polygonaceae,Coccoloba,SPECIES,HUMAN_OBSERVATION,2022-01-29T18:09:01.233Z,2022,-68.824348,18.344948,10,14d5676a-2c54-4f94-9023-1e8dcd822aa0,,,11,02,SAN RAFAEL DEL YUMA,081102,874cd5b40ffffff
q-10524878379,3957880030,Cestrum nocturnum,Cestrum nocturnum L.,Solanaceae,Cestrum,SPECIES,HUMAN_OBSERVATION,2022-02-03T01:44:37.086Z,2022,-68.828995,18.348233,5,14d5676a-2c54-4f94-9023-1e8dcd822aa0,,,11,02,SAN RAFAEL DEL YUMA,081102,874cd5b40ffffff
q-10524950261,3958515158,Coccoloba uvifera,Coccoloba uvifera (L.) L.,Polygonaceae,Coccoloba,SPECIES,HUMAN_OBSERVATION,2022-02-03T12:19:02.318Z,2022,-68.824722,18.344722,32,14d5676a-2c54-4f94-9023-1e8dcd822aa0,,,11,02,SAN RAFAEL DEL YUMA,081102,874cd5b40ffffff
q-10526429843,3958376842,Tradescantia pallida,Tradescantia pallida (Rose) D.R.Hunt,Commelinaceae,Tradescantia,SPECIES,HUMAN_OBSERVATION,2022-02-09T13:11:10.895Z,2022,-68.831318,18.349762,5,14d5676a-2c54-4f94-9023-1e8dcd822aa0,,,11,02,SAN RAFAEL DEL YUMA,081102,874cd5b40ffffff
q-10527915386,3957379119,Coccoloba uvifera,Coccoloba uvifera (L.) L.,Polygonaceae,Coccoloba,SPECIES,HUMAN_OBSERVATION,2022-02-14T14:53:11.570Z,2022,-68.818735,18.340028,11,14d5676a-2c54-4f94-9023-1e8dcd822aa0,,,11,02,SAN RAFAEL DEL YUMA,081102,874cd5b40ffffff
q-10528535719,3959568467,Bougainvillea glabra,Bougainvillea glabra Choisy,Nyctaginaceae,Bougainvillea,SPECIES,HUMAN_OBSERVATION,2022-02-17T01:39:34.267Z,2022,-68.829804,18.348713,48,14d5676a-2c54-4f94-9023-1e8dcd822aa0,,,11,02,SAN RAFAEL DEL YUMA,081102,874cd5b40ffffff
q-10528881860,3959039300,Acalypha wilkesiana,Acalypha wilkesiana Müll.Arg.,Euphorbiaceae,Acalypha,SPECIES,HUMAN_OBSERVATION,2022-02-18T11:54:59.875Z,2022,-68.845025,18.376308,32,14d5676a-2c54-4f94-9023-1e8dcd822aa0,,,11,02,SAN RAFAEL DEL YUMA,081102,874cd5b71ffffff
q-10529725128,3955387113,Coccoloba uvifera,Coccoloba uvifera (L.) L.,Polygonaceae,Coccoloba,SPECIES,HUMAN_OBSERVATION,2022-02-20T20:04:43.202Z,2022,-68.823977,18.343612,16,14d5676a-2c54-4f94-9023-1e8dcd822aa0,,,11,02,SAN RAFAEL DEL YUMA,081102,874cd5b40ffffff
q-10530274777,3957487682,Coccoloba uvifera,Coccoloba uvifera (L.) L.,Polygonaceae,Coccoloba,SPECIES,HUMAN_OBSERVATION,2022-02-22T19:35:12.956Z,2022,-68.823971,18.343573,16,14d5676a-2c54-4f94-9023-1e8dcd822aa0,,,11,02,SAN RAFAEL DEL YUMA,081102,874cd5b40ffffff
q-10530634288,3952717066,Codiaeum variegatum,Codiaeum variegatum (L.) Rumph. ex A.Juss.,Euphorbiaceae,Codiaeum,SPECIES,HUMAN_OBSERVATION,2022-02-24T01:18:00.614Z,2022,-68.823505,18.346556,18,14d5676a-2c54-4f94-9023-1e8dcd822aa0,,,11,02,SAN RAFAEL DEL YUMA,081102,874cd5b40ffffff
q-10531653871,3954034798,Coccoloba uvifera,Coccoloba uvifera (L.) L.,Polygonaceae,Coccoloba,SPECIES,HUMAN_OBSERVATION,2022-02-27T11:44:45.059Z,2022,-68.822988,18.343779,16,14d5676a-2c54-4f94-9023-1e8dcd822aa0,,,11,02,SAN RAFAEL DEL YUMA,081102,874cd5b40ffffff
q-10532084850,3951544480,Mangifera indica,Mangifera indica L.,Anacardiaceae,Mangifera,SPECIES,HUMAN_OBSERVATION,2022-02-28T12:53:16.090Z,2022,-68.824073,18.345832,8,14d5676a-2c54-4f94-9023-1e8dcd822aa0,,,11,02,SAN RAFAEL DEL YUMA,081102,874cd5b40ffffff
q-10534504613,3958455160,Cocos nucifera,Cocos nucifera L.,Arecaceae,Cocos,SPECIES,HUMAN_OBSERVATION,2022-03-07T16:13:00.477Z,2022,-68.828035,18.347347,6,14d5676a-2c54-4f94-9023-1e8dcd822aa0,,,11,02,SAN RAFAEL DEL YUMA,081102,874cd5b40ffffff
q-10534704116,3954081739,Carica papaya,Carica papaya L.,Caricaceae,Carica,SPECIES,HUMAN_OBSERVATION,2022-03-08T11:36:25.892Z,2022,-68.817352,18.342253,10,14d5676a-2c54-4f94-9023-1e8dcd822aa0,,,11,02,SAN RAFAEL DEL YUMA,081102,874cd5b40ffffff
q-10534704542,3957478343,Mangifera indica,Mangifera indica L.,Anacardiaceae,Mangifera,SPECIES,HUMAN_OBSERVATION,2022-03-08T11:37:55.335Z,2022,-68.81752,18.342312,10,14d5676a-2c54-4f94-9023-1e8dcd822aa0,,,11,02,SAN RAFAEL DEL YUMA,081102,874cd5b40ffffff
q-10534738620,3957478357,Bougainvillea glabra,Bougainvillea glabra Choisy,Nyctaginaceae,Bougainvillea,SPECIES,HUMAN_OBSERVATION,2022-03-08T13:17:52.299Z,2022,-68.846474,18.375643,10,14d5676a-2c54-4f94-9023-1e8dcd822aa0,,,11,02,SAN RAFAEL DEL YUMA,081102,874cd5b71ffffff
q-10537263160,3959123209,Manilkara zapota,Manilkara zapota (L.) P.Royen,Sapotaceae,Manilkara,SPECIES,HUMAN_OBSERVATION,2022-03-15T13:04:19.987Z,2022,-68.830376,18.457547,NA,14d5676a-2c54-4f94-9023-1e8dcd822aa0,,,11,02,SAN RAFAEL DEL YUMA,081102,874cc64c2ffffff
q-10537263288,3960345982,Manilkara zapota,Manilkara zapota (L.) P.Royen,Sapotaceae,Manilkara,SPECIES,HUMAN_OBSERVATION,2022-03-15T13:04:41.106Z,2022,-68.83036,18.457694,16,14d5676a-2c54-4f94-9023-1e8dcd822aa0,,,11,02,SAN RAFAEL DEL YUMA,081102,874cc64c2ffffff
q-10544611837,3951730518,Mangifera indica,Mangifera indica L.,Anacardiaceae,Mangifera,SPECIES,HUMAN_OBSERVATION,2022-03-29T12:11:12.867Z,2022,-68.817319,18.34225,4,14d5676a-2c54-4f94-9023-1e8dcd822aa0,,,11,02,SAN RAFAEL DEL YUMA,081102,874cd5b40ffffff
q-10547967110,3953469723,Asystasia gangetica,Asystasia gangetica (L.) T.Anderson,Acanthaceae,Asystasia,SPECIES,HUMAN_OBSERVATION,2022-04-05T12:51:04.415Z,2022,-68.830278,18.349167,96,14d5676a-2c54-4f94-9023-1e8dcd822aa0,,,11,02,SAN RAFAEL DEL YUMA,081102,874cd5b40ffffff
q-10548144797,3997889826,Plumbago auriculata,Plumbago auriculata Lam.,Plumbaginaceae,Plumbago,SPECIES,HUMAN_OBSERVATION,2022-04-05T17:49:51.785Z,2022,-68.827778,18.348056,8,14d5676a-2c54-4f94-9023-1e8dcd822aa0,,,11,02,SAN RAFAEL DEL YUMA,081102,874cd5b40ffffff
q-10548157653,3952361189,Coccoloba uvifera,Coccoloba uvifera (L.) L.,Polygonaceae,Coccoloba,SPECIES,HUMAN_OBSERVATION,2022-04-05T18:23:57.893Z,2022,-68.824697,18.344233,6,14d5676a-2c54-4f94-9023-1e8dcd822aa0,,,11,02,SAN RAFAEL DEL YUMA,081102,874cd5b40ffffff
q-10548668177,3998742135,Coccoloba uvifera,Coccoloba uvifera (L.) L.,Polygonaceae,Coccoloba,SPECIES,HUMAN_OBSERVATION,2022-04-06T18:30:04.099Z,2022,-68.820105,18.345765,20,14d5676a-2c54-4f94-9023-1e8dcd822aa0,,,11,02,SAN RAFAEL DEL YUMA,081102,874cd5b40ffffff
q-10556989393,3955669407,Coccoloba uvifera,Coccoloba uvifera (L.) L.,Polygonaceae,Coccoloba,SPECIES,HUMAN_OBSERVATION,2022-04-17T19:19:08.101Z,2022,-68.817609,18.339595,14,14d5676a-2c54-4f94-9023-1e8dcd822aa0,,,11,02,SAN RAFAEL DEL YUMA,081102,874cd5b40ffffff
q-10558188098,3998684334,Crescentia cujete,Crescentia cujete L.,Bignoniaceae,Crescentia,SPECIES,HUMAN_OBSERVATION,2022-04-18T18:36:19.823Z,2022,-68.830552,18.348832,12,14d5676a-2c54-4f94-9023-1e8dcd822aa0,,,11,02,SAN RAFAEL DEL YUMA,081102,874cd5b40ffffff
q-10561292463,3959828766,Coccoloba uvifera,Coccoloba uvifera (L.) L.,Polygonaceae,Coccoloba,SPECIES,HUMAN_OBSERVATION,2022-04-22T18:15:29.939Z,2022,-68.821397,18.343508,12,14d5676a-2c54-4f94-9023-1e8dcd822aa0,,,11,02,SAN RAFAEL DEL YUMA,081102,874cd5b40ffffff
q-10564203363,3953815268,Coccoloba uvifera,Coccoloba uvifera (L.) L.,Polygonaceae,Coccoloba,SPECIES,HUMAN_OBSERVATION,2022-04-25T15:02:19.722Z,2022,-68.824251,18.344927,11,14d5676a-2c54-4f94-9023-1e8dcd822aa0,,,11,02,SAN RAFAEL DEL YUMA,081102,874cd5b40ffffff
q-10571728495,3957648684,Coccoloba uvifera,Coccoloba uvifera (L.) L.,Polygonaceae,Coccoloba,SPECIES,HUMAN_OBSERVATION,2022-05-02T13:53:16.937Z,2022,-68.824066,18.345148,83,14d5676a-2c54-4f94-9023-1e8dcd822aa0,,,11,02,SAN RAFAEL DEL YUMA,081102,874cd5b40ffffff
q-10571907391,3952973304,Coccoloba uvifera,Coccoloba uvifera (L.) L.,Polygonaceae,Coccoloba,SPECIES,HUMAN_OBSERVATION,2022-05-02T15:47:08.574Z,2022,-68.823974,18.345572,10,14d5676a-2c54-4f94-9023-1e8dcd822aa0,,,11,02,SAN RAFAEL DEL YUMA,081102,874cd5b40ffffff
q-10575238622,3998938368,Cocos nucifera,Cocos nucifera L.,Arecaceae,Cocos,SPECIES,HUMAN_OBSERVATION,2022-05-05T21:56:18.242Z,2022,-68.822445,18.34507,4,14d5676a-2c54-4f94-9023-1e8dcd822aa0,,,11,02,SAN RAFAEL DEL YUMA,081102,874cd5b40ffffff
q-10580166789,3955629319,Coccoloba uvifera,Coccoloba uvifera (L.) L.,Polygonaceae,Coccoloba,SPECIES,HUMAN_OBSERVATION,2022-05-09T16:30:13.218Z,2022,-68.827342,18.346194,NA,14d5676a-2c54-4f94-9023-1e8dcd822aa0,,,11,02,SAN RAFAEL DEL YUMA,081102,874cd5b40ffffff
q-10581492634,3959816398,Bambusa multiplex,Bambusa multiplex (Lour.) Raeusch. ex Schult.f.,Poaceae,Bambusa,SPECIES,HUMAN_OBSERVATION,2022-05-10T19:43:58.920Z,2022,-68.81732,18.342285,10,14d5676a-2c54-4f94-9023-1e8dcd822aa0,,,11,02,SAN RAFAEL DEL YUMA,081102,874cd5b40ffffff
q-10581514750,3959853437,Plumbago auriculata,Plumbago auriculata Lam.,Plumbaginaceae,Plumbago,SPECIES,HUMAN_OBSERVATION,2022-05-10T20:24:59.135Z,2022,-68.817212,18.341072,11,14d5676a-2c54-4f94-9023-1e8dcd822aa0,,,11,02,SAN RAFAEL DEL YUMA,081102,874cd5b40ffffff
q-10590025063,3960170338,Coccoloba uvifera,Coccoloba uvifera (L.) L.,Polygonaceae,Coccoloba,SPECIES,HUMAN_OBSERVATION,2022-05-17T22:53:16.716Z,2022,-68.824167,18.345556,NA,14d5676a-2c54-4f94-9023-1e8dcd822aa0,,,11,02,SAN RAFAEL DEL YUMA,081102,874cd5b40ffffff
q-10590471311,3955543915,Mangifera indica,Mangifera indica L.,Anacardiaceae,Mangifera,SPECIES,HUMAN_OBSERVATION,2022-05-18T12:15:18.819Z,2022,-68.815817,18.34122,NA,14d5676a-2c54-4f94-9023-1e8dcd822aa0,,,11,02,SAN RAFAEL DEL YUMA,081102,874cd5b40ffffff
q-10590773924,3955879435,Coccoloba uvifera,Coccoloba uvifera (L.) L.,Polygonaceae,Coccoloba,SPECIES,HUMAN_OBSERVATION,2022-05-18T16:13:00.538Z,2022,-68.839643,18.369317,88,14d5676a-2c54-4f94-9023-1e8dcd822aa0,,,11,02,SAN RAFAEL DEL YUMA,081102,874cd5b71ffffff
q-10600445589,3955082760,Coccoloba uvifera,Coccoloba uvifera (L.) L.,Polygonaceae,Coccoloba,SPECIES,HUMAN_OBSERVATION,2022-05-26T16:55:14.489Z,2022,-68.824815,18.34431,8,14d5676a-2c54-4f94-9023-1e8dcd822aa0,,,11,02,SAN RAFAEL DEL YUMA,081102,874cd5b40ffffff
q-10600680207,3954537582,Coccoloba uvifera,Coccoloba uvifera (L.) L.,Polygonaceae,Coccoloba,SPECIES,HUMAN_OBSERVATION,2022-05-26T20:00:34.646Z,2022,-68.824254,18.343749,NA,14d5676a-2c54-4f94-9023-1e8dcd822aa0,,,11,02,SAN RAFAEL DEL YUMA,081102,874cd5b40ffffff
q-10602861633,3952787369,Coccoloba uvifera,Coccoloba uvifera (L.) L.,Polygonaceae,Coccoloba,SPECIES,HUMAN_OBSERVATION,2022-05-28T15:59:04.633Z,2022,-68.822824,18.34396,72,14d5676a-2c54-4f94-9023-1e8dcd822aa0,,,11,02,SAN RAFAEL DEL YUMA,081102,874cd5b40ffffff
q-10609577401,3955293537,Conocarpus erectus,Conocarpus erectus L.,Combretaceae,Conocarpus,SPECIES,HUMAN_OBSERVATION,2022-06-03T12:01:20.455Z,2022,-68.846035,18.375168,9,14d5676a-2c54-4f94-9023-1e8dcd822aa0,,,11,02,SAN RAFAEL DEL YUMA,081102,874cd5b71ffffff
q-10624368944,3956377247,Mangifera indica,Mangifera indica L.,Anacardiaceae,Mangifera,SPECIES,HUMAN_OBSERVATION,2022-06-16T13:27:26.217Z,2022,-68.815507,18.342053,35,14d5676a-2c54-4f94-9023-1e8dcd822aa0,,,11,02,SAN RAFAEL DEL YUMA,081102,874cd5b40ffffff
q-10624506632,3951823944,Coccoloba uvifera,Coccoloba uvifera (L.) L.,Polygonaceae,Coccoloba,SPECIES,HUMAN_OBSERVATION,2022-06-16T15:35:40.146Z,2022,-68.825156,18.344762,8,14d5676a-2c54-4f94-9023-1e8dcd822aa0,,,11,02,SAN RAFAEL DEL YUMA,081102,874cd5b40ffffff
q-10624872453,3955677546,Crotalaria incana,Crotalaria incana L.,Fabaceae,Crotalaria,SPECIES,HUMAN_OBSERVATION,2022-06-16T23:33:19.796Z,2022,-68.85436,18.433972,NA,14d5676a-2c54-4f94-9023-1e8dcd822aa0,,,11,02,SAN RAFAEL DEL YUMA,081102,874cc64deffffff
q-10625411628,3959563823,Coccoloba uvifera,Coccoloba uvifera (L.) L.,Polygonaceae,Coccoloba,SPECIES,HUMAN_OBSERVATION,2022-06-17T16:01:08.977Z,2022,-68.827716,18.347481,5,14d5676a-2c54-4f94-9023-1e8dcd822aa0,,,11,02,SAN RAFAEL DEL YUMA,081102,874cd5b40ffffff
q-10625638791,3954244212,Crescentia cujete,Crescentia cujete L.,Bignoniaceae,Crescentia,SPECIES,HUMAN_OBSERVATION,2022-06-17T21:36:51.238Z,2022,-68.83055,18.348872,5,14d5676a-2c54-4f94-9023-1e8dcd822aa0,,,11,02,SAN RAFAEL DEL YUMA,081102,874cd5b40ffffff
q-10626246501,3959034729,Delonix regia,Delonix regia (Bojer ex Hook.) Raf.,Fabaceae,Delonix,SPECIES,HUMAN_OBSERVATION,2022-06-18T15:12:35.678Z,2022,-68.822742,18.345939,NA,14d5676a-2c54-4f94-9023-1e8dcd822aa0,,,11,02,SAN RAFAEL DEL YUMA,081102,874cd5b40ffffff
q-10628393378,3960010179,Terminalia catappa,Terminalia catappa L.,Combretaceae,Terminalia,SPECIES,HUMAN_OBSERVATION,2022-06-20T15:40:35.233Z,2022,-68.873998,18.44696,NA,14d5676a-2c54-4f94-9023-1e8dcd822aa0,,,11,02,SAN RAFAEL DEL YUMA,081102,874cc64d3ffffff
q-10629685494,3957672793,Coccoloba uvifera,Coccoloba uvifera (L.) L.,Polygonaceae,Coccoloba,SPECIES,HUMAN_OBSERVATION,2022-06-22T01:48:30.628Z,2022,-68.827478,18.3477,10,14d5676a-2c54-4f94-9023-1e8dcd822aa0,,,11,02,SAN RAFAEL DEL YUMA,081102,874cd5b40ffffff
q-10631710083,3956470248,Coccoloba uvifera,Coccoloba uvifera (L.) L.,Polygonaceae,Coccoloba,SPECIES,HUMAN_OBSERVATION,2022-06-24T12:10:09.790Z,2022,-68.820515,18.344357,4,14d5676a-2c54-4f94-9023-1e8dcd822aa0,,,11,02,SAN RAFAEL DEL YUMA,081102,874cd5b40ffffff
q-10633848355,3954442352,Delonix regia,Delonix regia (Bojer ex Hook.) Raf.,Fabaceae,Delonix,SPECIES,HUMAN_OBSERVATION,2022-06-26T14:08:02.884Z,2022,-68.822636,18.344019,23,14d5676a-2c54-4f94-9023-1e8dcd822aa0,,,11,02,SAN RAFAEL DEL YUMA,081102,874cd5b40ffffff
q-10635609430,3998791617,Heptapleurum actinophyllum,Schefflera actinophylla (Endl.) Harms,Araliaceae,Heptapleurum,SPECIES,HUMAN_OBSERVATION,2022-06-28T13:04:10.512Z,2022,-68.830066,18.348904,35,14d5676a-2c54-4f94-9023-1e8dcd822aa0,,,11,02,SAN RAFAEL DEL YUMA,081102,874cd5b40ffffff
q-10644569589,3957125619,Coccoloba uvifera,Coccoloba uvifera (L.) L.,Polygonaceae,Coccoloba,SPECIES,HUMAN_OBSERVATION,2022-07-08T22:21:27.499Z,2022,-68.841843,18.373036,7,14d5676a-2c54-4f94-9023-1e8dcd822aa0,,,11,02,SAN RAFAEL DEL YUMA,081102,874cd5b71ffffff
q-10654255163,3952253355,Delonix regia,Delonix regia (Bojer ex Hook.) Raf.,Fabaceae,Delonix,SPECIES,HUMAN_OBSERVATION,2022-07-20T17:51:52.732Z,2022,-68.822263,18.343838,5,14d5676a-2c54-4f94-9023-1e8dcd822aa0,,,11,02,SAN RAFAEL DEL YUMA,081102,874cd5b40ffffff
q-10655691419,3955975967,Delonix regia,Delonix regia (Bojer ex Hook.) Raf.,Fabaceae,Delonix,SPECIES,HUMAN_OBSERVATION,2022-07-22T19:05:03.387Z,2022,-68.846023,18.375496,11,14d5676a-2c54-4f94-9023-1e8dcd822aa0,,,11,02,SAN RAFAEL DEL YUMA,081102,874cd5b71ffffff
q-10656618458,3952301306,Tradescantia pallida,Tradescantia pallida (Rose) D.R.Hunt,Commelinaceae,Tradescantia,SPECIES,HUMAN_OBSERVATION,2022-07-23T22:53:13.465Z,2022,-68.831679,18.349724,11,14d5676a-2c54-4f94-9023-1e8dcd822aa0,,,11,02,SAN RAFAEL DEL YUMA,081102,874cd5b40ffffff
q-10663852325,3957581056,Coccoloba uvifera,Coccoloba uvifera (L.) L.,Polygonaceae,Coccoloba,SPECIES,HUMAN_OBSERVATION,2022-08-02T12:45:22.966Z,2022,-68.827739,18.347342,8,14d5676a-2c54-4f94-9023-1e8dcd822aa0,,,11,02,SAN RAFAEL DEL YUMA,081102,874cd5b40ffffff
q-10663854343,3959462381,Delonix regia,Delonix regia (Bojer ex Hook.) Raf.,Fabaceae,Delonix,SPECIES,HUMAN_OBSERVATION,2022-08-02T12:48:21.024Z,2022,-68.827786,18.3475,47,14d5676a-2c54-4f94-9023-1e8dcd822aa0,,,11,02,SAN RAFAEL DEL YUMA,081102,874cd5b40ffffff
q-10664851913,3954258346,Coccoloba uvifera,Coccoloba uvifera (L.) L.,Polygonaceae,Coccoloba,SPECIES,HUMAN_OBSERVATION,2022-08-03T21:51:28.628Z,2022,-68.827744,18.347395,NA,14d5676a-2c54-4f94-9023-1e8dcd822aa0,,,11,02,SAN RAFAEL DEL YUMA,081102,874cd5b40ffffff
q-10670427672,3998101739,Coccoloba uvifera,Coccoloba uvifera (L.) L.,Polygonaceae,Coccoloba,SPECIES,HUMAN_OBSERVATION,2022-08-11T20:16:30.407Z,2022,-68.834752,18.350888,6,14d5676a-2c54-4f94-9023-1e8dcd822aa0,,,11,02,SAN RAFAEL DEL YUMA,081102,874cd5b46ffffff
q-10671387908,3998924574,Coccoloba uvifera,Coccoloba uvifera (L.) L.,Polygonaceae,Coccoloba,SPECIES,HUMAN_OBSERVATION,2022-08-13T12:34:14.631Z,2022,-68.816978,18.341543,48,14d5676a-2c54-4f94-9023-1e8dcd822aa0,,,11,02,SAN RAFAEL DEL YUMA,081102,874cd5b40ffffff
q-10680244094,3998154045,Coccoloba uvifera,Coccoloba uvifera (L.) L.,Polygonaceae,Coccoloba,SPECIES,HUMAN_OBSERVATION,2022-08-26T02:19:26.167Z,2022,-68.820863,18.343754,37,14d5676a-2c54-4f94-9023-1e8dcd822aa0,,,11,02,SAN RAFAEL DEL YUMA,081102,874cd5b40ffffff
q-10684533684,3998573097,Annona squamosa,Annona squamosa L.,Annonaceae,Annona,SPECIES,HUMAN_OBSERVATION,2022-09-01T19:35:19.139Z,2022,-68.811233,18.357253,14,14d5676a-2c54-4f94-9023-1e8dcd822aa0,,,11,02,SAN RAFAEL DEL YUMA,081102,874cd5b45ffffff
q-10691388371,3998277896,Euphorbia milii,Euphorbia milii Des Moul.,Euphorbiaceae,Euphorbia,SPECIES,HUMAN_OBSERVATION,2022-09-13T12:15:41.022Z,2022,-68.821955,18.344818,20,14d5676a-2c54-4f94-9023-1e8dcd822aa0,,,11,02,SAN RAFAEL DEL YUMA,081102,874cd5b40ffffff
q-10697165517,3998417148,Cocos nucifera,Cocos nucifera L.,Arecaceae,Cocos,SPECIES,HUMAN_OBSERVATION,2022-09-23T19:21:17.282Z,2022,-68.824259,18.344936,3,14d5676a-2c54-4f94-9023-1e8dcd822aa0,,,11,02,SAN RAFAEL DEL YUMA,081102,874cd5b40ffffff
q-10712749037,3998477136,Coccoloba uvifera,Coccoloba uvifera (L.) L.,Polygonaceae,Coccoloba,SPECIES,HUMAN_OBSERVATION,2022-10-23T18:12:53.047Z,2022,-68.824849,18.344727,64,14d5676a-2c54-4f94-9023-1e8dcd822aa0,,,11,02,SAN RAFAEL DEL YUMA,081102,874cd5b40ffffff
q-10715386852,3999170452,Crescentia cujete,Crescentia cujete L.,Bignoniaceae,Crescentia,SPECIES,HUMAN_OBSERVATION,2022-10-29T16:38:08.455Z,2022,-68.817462,18.342227,29,14d5676a-2c54-4f94-9023-1e8dcd822aa0,,,11,02,SAN RAFAEL DEL YUMA,081102,874cd5b40ffffff
q-10716036432,3998930771,Coccoloba uvifera,Coccoloba uvifera (L.) L.,Polygonaceae,Coccoloba,SPECIES,HUMAN_OBSERVATION,2022-10-30T18:33:18.638Z,2022,-68.821164,18.343071,32,14d5676a-2c54-4f94-9023-1e8dcd822aa0,,,11,02,SAN RAFAEL DEL YUMA,081102,874cd5b40ffffff
q-10718420518,3998433926,Morinda citrifolia,Morinda citrifolia L.,Rubiaceae,Morinda,SPECIES,HUMAN_OBSERVATION,2022-11-05T19:46:34.006Z,2022,-68.840688,18.367776,12,14d5676a-2c54-4f94-9023-1e8dcd822aa0,,,11,02,SAN RAFAEL DEL YUMA,081102,874cd5b71ffffff
q-10718916714,3999042991,Coccoloba uvifera,Coccoloba uvifera (L.) L.,Polygonaceae,Coccoloba,SPECIES,HUMAN_OBSERVATION,2022-11-06T21:05:31.868Z,2022,-68.824363,18.343788,7,14d5676a-2c54-4f94-9023-1e8dcd822aa0,,,11,02,SAN RAFAEL DEL YUMA,081102,874cd5b40ffffff
q-10718917150,3998759327,Coccoloba uvifera,Coccoloba uvifera (L.) L.,Polygonaceae,Coccoloba,SPECIES,HUMAN_OBSERVATION,2022-11-06T21:07:13.336Z,2022,-68.824395,18.345045,13,14d5676a-2c54-4f94-9023-1e8dcd822aa0,,,11,02,SAN RAFAEL DEL YUMA,081102,874cd5b40ffffff
q-10723817128,3998504396,Coccoloba uvifera,Coccoloba uvifera (L.) L.,Polygonaceae,Coccoloba,SPECIES,HUMAN_OBSERVATION,2022-11-22T13:14:48.850Z,2022,-68.825763,18.346054,20,14d5676a-2c54-4f94-9023-1e8dcd822aa0,,,11,02,SAN RAFAEL DEL YUMA,081102,874cd5b40ffffff
q-10723844643,3998761689,Coccoloba uvifera,Coccoloba uvifera (L.) L.,Polygonaceae,Coccoloba,SPECIES,HUMAN_OBSERVATION,2022-11-22T14:55:48.470Z,2022,-68.840639,18.368683,42,14d5676a-2c54-4f94-9023-1e8dcd822aa0,,,11,02,SAN RAFAEL DEL YUMA,081102,874cd5b71ffffff
q-10724819649,3998774872,Coccoloba uvifera,Coccoloba uvifera (L.) L.,Polygonaceae,Coccoloba,SPECIES,HUMAN_OBSERVATION,2022-11-26T15:39:36.950Z,2022,-68.84301,18.373676,6,14d5676a-2c54-4f94-9023-1e8dcd822aa0,,,11,02,SAN RAFAEL DEL YUMA,081102,874cd5b71ffffff
q-10724896786,3999104870,Tradescantia pallida,Tradescantia pallida (Rose) D.R.Hunt,Commelinaceae,Tradescantia,SPECIES,HUMAN_OBSERVATION,2022-11-26T21:48:29.360Z,2022,-68.846685,18.376724,113,14d5676a-2c54-4f94-9023-1e8dcd822aa0,,,11,02,SAN RAFAEL DEL YUMA,081102,874cd5b71ffffff
urn:PROECOMAR:HISPABIOTA:Almodóvar_Alvarez09,3909624816,Caulerpa prolifera,Caulerpa prolifera (P. Forsskal) Lamouroux,Caulerpaceae,Caulerpa,SPECIES,MATERIAL_CITATION,1977-01-23,1977,-68.595194,18.380503,NA,be02c483-3b01-4a78-93d0-9ba41c364828,,,11,02,SAN RAFAEL DEL YUMA,081102,874cc6718ffffff
urn:PROECOMAR:HISPABIOTA:Almodóvar_Bonnelly027,3909625421,Amansia multifida,Amansia multifida J. V. F. Lamouroux,Rhodomelaceae,Amansia,SPECIES,MATERIAL_CITATION,1972-05-03,1972,-68.595194,18.380503,NA,be02c483-3b01-4a78-93d0-9ba41c364828,,,11,02,SAN RAFAEL DEL YUMA,081102,874cc6718ffffff
urn:PROECOMAR:HISPABIOTA:Almodóvar_Bonnelly030,3909625429,Amphiroa fragilissima,Amphiroa fragilissima (Linnaeus) Lamouroux,Lithophyllaceae,Amphiroa,SPECIES,MATERIAL_CITATION,1972-05-03,1972,-68.595194,18.380503,NA,be02c483-3b01-4a78-93d0-9ba41c364828,,,11,02,SAN RAFAEL DEL YUMA,081102,874cc6718ffffff
urn:PROECOMAR:HISPABIOTA:Almodóvar_Bonnelly083,3909624999,Ceramium nitens,Ceramium nitens (C.Agardh) J.Agardh,Ceramiaceae,Ceramium,SPECIES,MATERIAL_CITATION,1972-05-03,1972,-68.595194,18.380503,NA,be02c483-3b01-4a78-93d0-9ba41c364828,,,11,02,SAN RAFAEL DEL YUMA,081102,874cc6718ffffff
urn:PROECOMAR:HISPABIOTA:Almodóvar_Bonnelly087,3909624982,Chaetomorpha antennina,Chaetomorpha antennina (Bory) Kuetz.,Cladophoraceae,Chaetomorpha,SPECIES,MATERIAL_CITATION,1972-05-03,1972,-68.595194,18.380503,NA,be02c483-3b01-4a78-93d0-9ba41c364828,,,11,02,SAN RAFAEL DEL YUMA,081102,874cc6718ffffff
urn:PROECOMAR:HISPABIOTA:Almodóvar_Bonnelly092,3909624967,Chaetomorpha brachygona,Chaetomorpha brachygona Harvey,Cladophoraceae,Chaetomorpha,SPECIES,MATERIAL_CITATION,1972-05-03,1972,-68.595194,18.380503,NA,be02c483-3b01-4a78-93d0-9ba41c364828,,,11,02,SAN RAFAEL DEL YUMA,081102,874cc6718ffffff
urn:PROECOMAR:HISPABIOTA:Almodóvar_Bonnelly099,3909624961,Cladophora fuliginosa,Cladophora fuliginosa Kütz.,Cladophoraceae,Cladophora,SPECIES,MATERIAL_CITATION,1972-05-03,1972,-68.595194,18.380503,NA,be02c483-3b01-4a78-93d0-9ba41c364828,,,11,02,SAN RAFAEL DEL YUMA,081102,874cc6718ffffff
urn:PROECOMAR:HISPABIOTA:Almodóvar_Bonnelly101,3909624714,Cladophora vagabunda,Cladophora vagabunda (Linnaeus) Van Den Hoek,Cladophoraceae,Cladophora,SPECIES,MATERIAL_CITATION,1972-05-03,1972,-68.595194,18.380503,NA,be02c483-3b01-4a78-93d0-9ba41c364828,,,11,02,SAN RAFAEL DEL YUMA,081102,874cc6718ffffff
urn:PROECOMAR:HISPABIOTA:Almodóvar_Bonnelly102,3909624718,Cladophora vagabunda,Cladophora vagabunda (Linnaeus) Van Den Hoek,Cladophoraceae,Cladophora,SPECIES,MATERIAL_CITATION,1972-05-03,1972,-68.595194,18.380503,NA,be02c483-3b01-4a78-93d0-9ba41c364828,,,11,02,SAN RAFAEL DEL YUMA,081102,874cc6718ffffff
urn:PROECOMAR:HISPABIOTA:Almodóvar_Bonnelly106,3909624672,Cladophoropsis membranacea,Cladophoropsis membranacea (C. Aghardh) Borgesen,Boodleaceae,Cladophoropsis,SPECIES,MATERIAL_CITATION,1972-05-03,1972,-68.595194,18.380503,NA,be02c483-3b01-4a78-93d0-9ba41c364828,,,11,02,SAN RAFAEL DEL YUMA,081102,874cc6718ffffff
urn:PROECOMAR:HISPABIOTA:Almodóvar_Bonnelly117,3909624771,Codium isthmocladum,"Codium isthmocladum Vickers, 1905",Codiaceae,Codium,SPECIES,MATERIAL_CITATION,1972-05-03,1972,-68.595194,18.380503,NA,be02c483-3b01-4a78-93d0-9ba41c364828,,,11,02,SAN RAFAEL DEL YUMA,081102,874cc6718ffffff
urn:PROECOMAR:HISPABIOTA:Almodóvar_Bonnelly121,3909624784,Codium repens,Codium repens P. & H. Crouan ex Vickers,Codiaceae,Codium,SPECIES,MATERIAL_CITATION,1972-05-03,1972,-68.595194,18.380503,NA,be02c483-3b01-4a78-93d0-9ba41c364828,,,11,02,SAN RAFAEL DEL YUMA,081102,874cc6718ffffff
urn:PROECOMAR:HISPABIOTA:Almodóvar_Bonnelly143,3909624849,Dictyosphaeria cavernosa,Dictyosphaeria cavernosa (Forssk.) Boerg.,Siphonocladaceae,Dictyosphaeria,SPECIES,MATERIAL_CITATION,1972-05-03,1972,-68.595194,18.380503,NA,be02c483-3b01-4a78-93d0-9ba41c364828,,,11,02,SAN RAFAEL DEL YUMA,081102,874cc6718ffffff
urn:PROECOMAR:HISPABIOTA:Almodóvar_Bonnelly166,3909624900,Digenea simplex,Digenea simplex (Wulfen) C. Agardh,Rhodomelaceae,Digenea,SPECIES,MATERIAL_CITATION,1972-05-03,1972,-68.595194,18.380503,NA,be02c483-3b01-4a78-93d0-9ba41c364828,,,11,02,SAN RAFAEL DEL YUMA,081102,874cc6718ffffff
urn:PROECOMAR:HISPABIOTA:Almodóvar_Bonnelly186,3909624940,Gracilaria bursa-pastoris,Gracilaria bursa-pastoris (S. G. Gmel.) P. C. Silva,Gracilariaceae,Gracilaria,SPECIES,MATERIAL_CITATION,1972-05-03,1972,-68.595194,18.380503,NA,be02c483-3b01-4a78-93d0-9ba41c364828,,,11,02,SAN RAFAEL DEL YUMA,081102,874cc6718ffffff
urn:PROECOMAR:HISPABIOTA:Almodóvar_Bonnelly190,3909624924,Gracilaria debilis,Gracilaria debilis (Forssk.) Børgesen,Gracilariaceae,Gracilaria,SPECIES,MATERIAL_CITATION,1972-05-03,1972,-68.595194,18.380503,NA,be02c483-3b01-4a78-93d0-9ba41c364828,,,11,02,SAN RAFAEL DEL YUMA,081102,874cc6718ffffff
urn:PROECOMAR:HISPABIOTA:Almodóvar_Bonnelly228,3909625305,Heterosiphonia crispella,"Heterosiphonia crispella (C. Agardh) M.J. Wynne, 1985",Dasyaceae,Heterosiphonia,SPECIES,MATERIAL_CITATION,1972-05-03,1972,-68.595194,18.380503,NA,be02c483-3b01-4a78-93d0-9ba41c364828,,,11,02,SAN RAFAEL DEL YUMA,081102,874cc6718ffffff
urn:PROECOMAR:HISPABIOTA:Almodóvar_Bonnelly243,3909625395,Jania cubensis,"Jania cubensis Montagne ex Kützing, 1849",Corallinaceae,Jania,SPECIES,MATERIAL_CITATION,1972-05-03,1972,-68.595194,18.380503,NA,be02c483-3b01-4a78-93d0-9ba41c364828,,,11,02,SAN RAFAEL DEL YUMA,081102,874cc6718ffffff
urn:PROECOMAR:HISPABIOTA:Almodóvar_Bonnelly247,3909625340,Laurencia obtusa,Laurencia obtusa (Hudson) Lamouroux,Rhodomelaceae,Laurencia,SPECIES,MATERIAL_CITATION,1972-05-03,1972,-68.595194,18.380503,NA,be02c483-3b01-4a78-93d0-9ba41c364828,,,11,02,SAN RAFAEL DEL YUMA,081102,874cc6718ffffff
urn:PROECOMAR:HISPABIOTA:Almodóvar_Bonnelly261,3909625475,Ochtodes secundiramea,Ochtodes secundiramea (Montagne) Howe,Rhizophyllidaceae,Ochtodes,SPECIES,MATERIAL_CITATION,1972-05-03,1972,-68.595194,18.380503,NA,be02c483-3b01-4a78-93d0-9ba41c364828,,,11,02,SAN RAFAEL DEL YUMA,081102,874cc6718ffffff
urn:PROECOMAR:HISPABIOTA:Almodóvar_Bonnelly279,3909625553,Penicillus capitatus,"Penicillus capitatus J. B. De Lamarck, 1813",Udoteaceae,Penicillus,SPECIES,MATERIAL_CITATION,1972-05-03,1972,-68.595194,18.380503,NA,be02c483-3b01-4a78-93d0-9ba41c364828,,,11,02,SAN RAFAEL DEL YUMA,081102,874cc6718ffffff
urn:PROECOMAR:HISPABIOTA:Almodóvar_Bonnelly287,3909625569,Penicillus dumetosus,Penicillus dumetosus (J.V.Lamour.) Blainv.,Udoteaceae,Penicillus,SPECIES,MATERIAL_CITATION,1972-05-03,1972,-68.595194,18.380503,NA,be02c483-3b01-4a78-93d0-9ba41c364828,,,11,02,SAN RAFAEL DEL YUMA,081102,874cc6718ffffff
urn:PROECOMAR:HISPABIOTA:Almodóvar_Bonnelly306,3909624613,Siphonocladus tropicus,"Siphonocladus tropicus Schmitz, 1879",Siphonocladaceae,Siphonocladus,SPECIES,MATERIAL_CITATION,1972-05-03,1972,-68.595194,18.380503,NA,be02c483-3b01-4a78-93d0-9ba41c364828,,,11,02,SAN RAFAEL DEL YUMA,081102,874cc6718ffffff
urn:PROECOMAR:HISPABIOTA:Almodóvar_Bonnelly316,3909624650,Spyridia hypnoides,Spyridia hypnoides (Bory) Papenfuss,Spyridiaceae,Spyridia,SPECIES,MATERIAL_CITATION,1972-05-03,1972,-68.595194,18.380503,NA,be02c483-3b01-4a78-93d0-9ba41c364828,,,11,02,SAN RAFAEL DEL YUMA,081102,874cc6718ffffff
urn:PROECOMAR:HISPABIOTA:Almodóvar_Bonnelly320,3909624659,Tricleocarpa cylindrica,Tricleocarpa cylindrica (J.Ellis & Sol.) Huisman & Borow.,Galaxauraceae,Tricleocarpa,SPECIES,MATERIAL_CITATION,1972-05-03,1972,-68.595194,18.380503,NA,be02c483-3b01-4a78-93d0-9ba41c364828,,,11,02,SAN RAFAEL DEL YUMA,081102,874cc6718ffffff
urn:PROECOMAR:HISPABIOTA:Almodóvar_Bonnelly325,3909624624,Udotea cyathiformis,Udotea cyathiformis Decne.,Udoteaceae,Udotea,SPECIES,MATERIAL_CITATION,1972-05-03,1972,-68.595194,18.380503,NA,be02c483-3b01-4a78-93d0-9ba41c364828,,,11,02,SAN RAFAEL DEL YUMA,081102,874cc6718ffffff
urn:PROECOMAR:HISPABIOTA:Almodóvar_Bonnelly326,3909624627,Udotea flabellum,Udotea flabellum (J. Ellis & D. Solander) Howe,Udoteaceae,Udotea,SPECIES,MATERIAL_CITATION,1972-05-03,1972,-68.595194,18.380503,NA,be02c483-3b01-4a78-93d0-9ba41c364828,,,11,02,SAN RAFAEL DEL YUMA,081102,874cc6718ffffff
urn:PROECOMAR:HISPABIOTA:Almodóvar_Bonnelly340,3909624708,Wrangelia argus,Wrangelia argus (Montagne) Montagne,Wrangeliaceae,Wrangelia,SPECIES,MATERIAL_CITATION,1972-05-03,1972,-68.595194,18.380503,NA,be02c483-3b01-4a78-93d0-9ba41c364828,,,11,02,SAN RAFAEL DEL YUMA,081102,874cc6718ffffff
urn:PROECOMAR:HISPABIOTA:Almodóvar_Bonnelly343,3909624715,Yuzurua poiteaui,Yuzurua poiteaui (J.V.Lamour.) Martin-Lescanne,Rhodomelaceae,Yuzurua,SPECIES,MATERIAL_CITATION,1972-05-03,1972,-68.595194,18.380503,NA,be02c483-3b01-4a78-93d0-9ba41c364828,,,11,02,SAN RAFAEL DEL YUMA,081102,874cc6718ffffff
urn:PROECOMAR:HISPABIOTA:DiazPiferrer05,3909624793,Champia compressa,"Champia compressa Harvey, 1838",Champiaceae,Champia,SPECIES,MATERIAL_CITATION,1977-07-09,1977,-68.595194,18.380503,NA,be02c483-3b01-4a78-93d0-9ba41c364828,,,11,02,SAN RAFAEL DEL YUMA,081102,874cc6718ffffff
urn:PROECOMAR:HISPABIOTA:DiazPiferrer06,3909624785,Colaconema hallandicum,"Colaconema hallandicum (Kylin) Afonso-Carillo, Sanson, Sangil & Diaz-Villa, 2007",Colaconemataceae,Colaconema,SPECIES,MATERIAL_CITATION,1977-07-09,1977,-68.595194,18.380503,NA,be02c483-3b01-4a78-93d0-9ba41c364828,,,11,02,SAN RAFAEL DEL YUMA,081102,874cc6718ffffff
urn:PROECOMAR:HISPABIOTA:DiazPiferrer15,3909624751,Herposiphonia tenella,Herposiphonia tenella (Agardh) Ambronn,Rhodomelaceae,Herposiphonia,SPECIES,MATERIAL_CITATION,1977-07-09,1977,-68.595194,18.380503,NA,be02c483-3b01-4a78-93d0-9ba41c364828,,,11,02,SAN RAFAEL DEL YUMA,081102,874cc6718ffffff
urn:PROECOMAR:HISPABIOTA:DiazPiferrer17,3909624740,Laurencia dendroidea,Laurencia dendroidea J. Agardh,Rhodomelaceae,Laurencia,SPECIES,MATERIAL_CITATION,1977-07-09,1977,-68.595194,18.380503,NA,be02c483-3b01-4a78-93d0-9ba41c364828,,,11,02,SAN RAFAEL DEL YUMA,081102,874cc6718ffffff
urn:PROECOMAR:HISPABIOTA:DiazPiferrer25,3909624853,Wrangelia argus,Wrangelia argus (Montagne) Montagne,Wrangeliaceae,Wrangelia,SPECIES,MATERIAL_CITATION,1977-07-09,1977,-68.595194,18.380503,NA,be02c483-3b01-4a78-93d0-9ba41c364828,,,11,02,SAN RAFAEL DEL YUMA,081102,874cc6718ffffff
urn:PROECOMAR:HISPABIOTA:HNJBSD003,3909624576,Colaconema hallandicum,"Colaconema hallandicum (Kylin) Afonso-Carillo, Sanson, Sangil & Diaz-Villa, 2007",Colaconemataceae,Colaconema,SPECIES,MATERIAL_CITATION,1977-07-09,1977,-68.595194,18.380503,NA,be02c483-3b01-4a78-93d0-9ba41c364828,,,11,02,SAN RAFAEL DEL YUMA,081102,874cc6718ffffff
urn:PROECOMAR:HISPABIOTA:HNJBSD016,3909624600,Chaetomorpha antennina,Chaetomorpha antennina (Bory) Kuetz.,Cladophoraceae,Chaetomorpha,SPECIES,MATERIAL_CITATION,1977-07-09,1977,-68.595194,18.380503,NA,be02c483-3b01-4a78-93d0-9ba41c364828,,,11,02,SAN RAFAEL DEL YUMA,081102,874cc6718ffffff
urn:PROECOMAR:HISPABIOTA:HNJBSD017,3909624587,Chaetomorpha antennina,Chaetomorpha antennina (Bory) Kuetz.,Cladophoraceae,Chaetomorpha,SPECIES,MATERIAL_CITATION,1977-07-09,1977,-68.595194,18.380503,NA,be02c483-3b01-4a78-93d0-9ba41c364828,,,11,02,SAN RAFAEL DEL YUMA,081102,874cc6718ffffff
urn:PROECOMAR:HISPABIOTA:HNJBSD044,3909624867,Laurencia dendroidea,Laurencia dendroidea J. Agardh,Rhodomelaceae,Laurencia,SPECIES,MATERIAL_CITATION,1977-07-09,1977,-68.595194,18.380503,NA,be02c483-3b01-4a78-93d0-9ba41c364828,,,11,02,SAN RAFAEL DEL YUMA,081102,874cc6718ffffff
urn:PROECOMAR:HISPABIOTA:HNJBSD045,3909624866,Laurencia dendroidea,Laurencia dendroidea J. Agardh,Rhodomelaceae,Laurencia,SPECIES,MATERIAL_CITATION,1977-07-09,1977,-68.595194,18.380503,NA,be02c483-3b01-4a78-93d0-9ba41c364828,,,11,02,SAN RAFAEL DEL YUMA,081102,874cc6718ffffff
urn:PROECOMAR:HISPABIOTA:HNJBSD046,3909624869,Laurencia dendroidea,Laurencia dendroidea J. Agardh,Rhodomelaceae,Laurencia,SPECIES,MATERIAL_CITATION,1977-07-09,1977,-68.595194,18.380503,NA,be02c483-3b01-4a78-93d0-9ba41c364828,,,11,02,SAN RAFAEL DEL YUMA,081102,874cc6718ffffff
urn:PROECOMAR:HISPABIOTA:HNJBSD047,3909624868,Laurencia dendroidea,Laurencia dendroidea J. Agardh,Rhodomelaceae,Laurencia,SPECIES,MATERIAL_CITATION,1977-07-09,1977,-68.595194,18.380503,NA,be02c483-3b01-4a78-93d0-9ba41c364828,,,11,02,SAN RAFAEL DEL YUMA,081102,874cc6718ffffff
urn:PROECOMAR:HISPABIOTA:HNJBSD048,3909624871,Laurencia dendroidea,Laurencia dendroidea J. Agardh,Rhodomelaceae,Laurencia,SPECIES,MATERIAL_CITATION,1977-07-09,1977,-68.595194,18.380503,NA,be02c483-3b01-4a78-93d0-9ba41c364828,,,11,02,SAN RAFAEL DEL YUMA,081102,874cc6718ffffff
urn:catalog:MO:Tropicos:100499090,1257845593,Psiguria pedata,Psiguria pedata (L.) R.A.Howard,Cucurbitaceae,Psiguria,SPECIES,PRESERVED_SPECIMEN,2007-01-11,2007,-68.604722,18.381111,NA,7bd65a7a-f762-11e1-a439-00145eb45e9a,MO,Tropicos,11,02,SAN RAFAEL DEL YUMA,081102,874cc671affffff
urn:catalog:MO:Tropicos:100900263,1258213950,Desmodium incanum,Desmodium incanum (Sw.) DC.,Fabaceae,Desmodium,SPECIES,PRESERVED_SPECIMEN,2004-05-27,2004,-68.811667,18.332778,NA,7bd65a7a-f762-11e1-a439-00145eb45e9a,MO,Tropicos,11,02,SAN RAFAEL DEL YUMA,081102,874cd5b41ffffff
urn:catalog:MO:Tropicos:100900264,1258213952,Pilea Lindl.,Pilea Lindl.,Urticaceae,Pilea,GENUS,PRESERVED_SPECIMEN,2004-05-27,2004,-68.811667,18.332778,NA,7bd65a7a-f762-11e1-a439-00145eb45e9a,MO,Tropicos,11,02,SAN RAFAEL DEL YUMA,081102,874cd5b41ffffff
urn:catalog:MO:Tropicos:100900267,1258213938,Sida hederifolia,Sida hederifolia Cav.,Malvaceae,Sida,SPECIES,PRESERVED_SPECIMEN,2004-05-27,2004,-68.811667,18.332778,NA,7bd65a7a-f762-11e1-a439-00145eb45e9a,MO,Tropicos,11,02,SAN RAFAEL DEL YUMA,081102,874cd5b41ffffff
urn:catalog:MO:Tropicos:100900268,1258213947,Guettarda L.,Guettarda L.,Rubiaceae,Guettarda,GENUS,PRESERVED_SPECIMEN,2004-05-27,2004,-68.811667,18.332778,NA,7bd65a7a-f762-11e1-a439-00145eb45e9a,MO,Tropicos,11,02,SAN RAFAEL DEL YUMA,081102,874cd5b41ffffff
urn:catalog:MO:Tropicos:100900270,1258213953,Eugenia biflora,Eugenia biflora (L.) DC.,Myrtaceae,Eugenia,SPECIES,PRESERVED_SPECIMEN,2004-05-27,2004,-68.811667,18.332778,NA,7bd65a7a-f762-11e1-a439-00145eb45e9a,MO,Tropicos,11,02,SAN RAFAEL DEL YUMA,081102,874cd5b41ffffff
urn:catalog:MO:Tropicos:100900273,1258213951,Eugenia P.Micheli ex L.,Eugenia P.Micheli ex L.,Myrtaceae,Eugenia,GENUS,PRESERVED_SPECIMEN,2004-05-27,2004,-68.618056,18.364444,NA,7bd65a7a-f762-11e1-a439-00145eb45e9a,MO,Tropicos,11,02,SAN RAFAEL DEL YUMA,081102,874cc67a9ffffff
urn:catalog:MO:Tropicos:101252436,3036960351,Piper peltatum,Pothomorphe peltata (L.) Miq.,Piperaceae,Piper,SPECIES,PRESERVED_SPECIMEN,1981-03-30,1981,-68.633333,18.316667,NA,7bd65a7a-f762-11e1-a439-00145eb45e9a,MO,Tropicos,11,02,SAN RAFAEL DEL YUMA,081102,874cc6614ffffff
urn:catalog:MO:Tropicos:101379927,3946820800,Sigmoidotropis antillana,Sigmoidotropis antillana (Urb.) A.Delgado,Fabaceae,Sigmoidotropis,SPECIES,PRESERVED_SPECIMEN,2001-03-22,2001,-68.843333,18.391944,NA,7bd65a7a-f762-11e1-a439-00145eb45e9a,MO,Tropicos,11,02,SAN RAFAEL DEL YUMA,081102,874cd5b75ffffff
urn:catalog:MO:Tropicos:103442000,4463018351,Piper amalago,Piper amalago L.,Piperaceae,Piper,SPECIES,PRESERVED_SPECIMEN,1981-02-05,1981,-68.616667,18.4,NA,7bd65a7a-f762-11e1-a439-00145eb45e9a,MO,Tropicos,11,02,SAN RAFAEL DEL YUMA,081102,874cc6713ffffff
urn:catalog:MO:Tropicos:104340342,5832042212,Chromolaena odorata,Chromolaena odorata (L.) R.M.King & H.Rob.,Asteraceae,Chromolaena,SPECIES,PRESERVED_SPECIMEN,1981-02-05,1981,-68.616667,18.383333,NA,7bd65a7a-f762-11e1-a439-00145eb45e9a,MO,Tropicos,11,02,SAN RAFAEL DEL YUMA,081102,874cc67adffffff
urn:catalog:MO:Tropicos:104611698,5832047086,Eustoma exaltatum,Eustoma exaltatum (L.) Salisb.,Gentianaceae,Eustoma,SPECIES,PRESERVED_SPECIMEN,1992-07-18,1992,-68.75,18.241667,NA,7bd65a7a-f762-11e1-a439-00145eb45e9a,MO,Tropicos,11,02,SAN RAFAEL DEL YUMA,081102,874cc6691ffffff
urn:catalog:MO:Tropicos:1048013,1258254107,Tabebuia obovata,Tabebuia obovata Urb.,Bignoniaceae,Tabebuia,SPECIES,PRESERVED_SPECIMEN,1981-02-05,1981,-68.6,18.38333,NA,e053ff53-c156-4e2e-b9b5-4462e9625424,JBSD,Tropicos,11,02,SAN RAFAEL DEL YUMA,081102,874cc671effffff
urn:catalog:MO:Tropicos:104909193,5903668026,Eumachia nutans,Eumachia nutans (Sw.) C.M.Taylor & Razafim.,Rubiaceae,Eumachia,SPECIES,PRESERVED_SPECIMEN,2001-07-24,2001,-68.633333,18.35,NA,7bd65a7a-f762-11e1-a439-00145eb45e9a,MO,Tropicos,11,02,SAN RAFAEL DEL YUMA,081102,874cc6636ffffff
urn:catalog:MO:Tropicos:104910296,5903668177,Chiococca alba,Chiococca alba (L.) Hitchc.,Rubiaceae,Chiococca,SPECIES,PRESERVED_SPECIMEN,2001-07-24,2001,-68.8,18.316667,NA,7bd65a7a-f762-11e1-a439-00145eb45e9a,MO,Tropicos,11,02,SAN RAFAEL DEL YUMA,081102,874cd5b4cffffff
urn:catalog:MO:Tropicos:104910297,5903668109,Psychotria nervosa,Psychotria nervosa Sw.,Rubiaceae,Psychotria,SPECIES,PRESERVED_SPECIMEN,2001-07-24,2001,-68.8,18.316667,NA,7bd65a7a-f762-11e1-a439-00145eb45e9a,MO,Tropicos,11,02,SAN RAFAEL DEL YUMA,081102,874cd5b4cffffff
urn:catalog:MO:Tropicos:104910298,5903668147,Exostema caribaeum,Exostema caribaeum (Jacq.) Roem. & Schult.,Rubiaceae,Exostema,SPECIES,PRESERVED_SPECIMEN,2001-07-24,2001,-68.8,18.316667,NA,7bd65a7a-f762-11e1-a439-00145eb45e9a,MO,Tropicos,11,02,SAN RAFAEL DEL YUMA,081102,874cd5b4cffffff
urn:catalog:MO:Tropicos:104910299,5903668231,Ernodea littoralis,Ernodea littoralis Sw.,Rubiaceae,Ernodea,SPECIES,PRESERVED_SPECIMEN,2001-07-24,2001,-68.8,18.316667,NA,7bd65a7a-f762-11e1-a439-00145eb45e9a,MO,Tropicos,11,02,SAN RAFAEL DEL YUMA,081102,874cd5b4cffffff
urn:catalog:MO:Tropicos:104915793,5909459710,Stenostomum C.F.Gaertn.,Stenostomum C.F.Gaertn.,Rubiaceae,Stenostomum,GENUS,PRESERVED_SPECIMEN,2001-07-24,2001,-68.8,18.316667,NA,7bd65a7a-f762-11e1-a439-00145eb45e9a,MO,Tropicos,11,02,SAN RAFAEL DEL YUMA,081102,874cd5b4cffffff
urn:catalog:MO:Tropicos:104915794,5909459945,Isidorea leptantha,Isidorea leptantha Urb.,Rubiaceae,Isidorea,SPECIES,PRESERVED_SPECIMEN,2001-07-24,2001,-68.8,18.316667,NA,7bd65a7a-f762-11e1-a439-00145eb45e9a,MO,Tropicos,11,02,SAN RAFAEL DEL YUMA,081102,874cd5b4cffffff
urn:catalog:MO:Tropicos:104915796,5909460003,Exostema acuminatum,Exostema acuminatum Urb.,Rubiaceae,Exostema,SPECIES,PRESERVED_SPECIMEN,2001-07-24,2001,-68.8,18.316667,NA,7bd65a7a-f762-11e1-a439-00145eb45e9a,MO,Tropicos,11,02,SAN RAFAEL DEL YUMA,081102,874cd5b4cffffff
urn:catalog:MO:Tropicos:104915798,5909459645,Randia Houst. ex L.,Randia Houst. ex L.,Rubiaceae,Randia,GENUS,PRESERVED_SPECIMEN,2001-07-24,2001,-68.8,18.316667,NA,7bd65a7a-f762-11e1-a439-00145eb45e9a,MO,Tropicos,11,02,SAN RAFAEL DEL YUMA,081102,874cd5b4cffffff
urn:catalog:MO:Tropicos:104915805,5909461945,Cubanola domingensis,Cubanola domingensis (Britton) Aiello,Rubiaceae,Cubanola,SPECIES,PRESERVED_SPECIMEN,2001-07-24,2001,-68.633333,18.35,NA,7bd65a7a-f762-11e1-a439-00145eb45e9a,MO,Tropicos,11,02,SAN RAFAEL DEL YUMA,081102,874cc6636ffffff
urn:catalog:MO:Tropicos:104915832,5909458847,Chiococca alba,Chiococca alba (L.) Hitchc.,Rubiaceae,Chiococca,SPECIES,PRESERVED_SPECIMEN,2001-07-24,2001,-68.633333,18.35,NA,7bd65a7a-f762-11e1-a439-00145eb45e9a,MO,Tropicos,11,02,SAN RAFAEL DEL YUMA,081102,874cc6636ffffff
urn:catalog:MO:Tropicos:104915837,5909459127,Hamelia patens,Hamelia patens Jacq.,Rubiaceae,Hamelia,SPECIES,PRESERVED_SPECIMEN,2001-07-24,2001,-68.633333,18.35,NA,7bd65a7a-f762-11e1-a439-00145eb45e9a,MO,Tropicos,11,02,SAN RAFAEL DEL YUMA,081102,874cc6636ffffff
urn:catalog:MO:Tropicos:104964134,5931945525,Paspalum distichum,Paspalum distichum L.,Poaceae,Paspalum,SPECIES,PRESERVED_SPECIMEN,1992-07-18,1992,-68.75,18.241667,NA,7bd65a7a-f762-11e1-a439-00145eb45e9a,MO,Tropicos,11,02,SAN RAFAEL DEL YUMA,081102,874cc6691ffffff
urn:catalog:MO:Tropicos:105144314,6194646981,Pilea herniarioides,Pilea herniarioides (Sw.) Lindl.,Urticaceae,Pilea,SPECIES,PRESERVED_SPECIMEN,1981-02-05,1981,-68.6,18.383333,NA,7bd65a7a-f762-11e1-a439-00145eb45e9a,MO,Tropicos,11,02,SAN RAFAEL DEL YUMA,081102,874cc671effffff
urn:catalog:MO:Tropicos:2318622,1259620698,Peperomia pellucida,Peperomia pellucida (L.) Kunth,Piperaceae,Peperomia,SPECIES,PRESERVED_SPECIMEN,1983-11-22,1983,-68.61666,18.4,NA,7bd65a7a-f762-11e1-a439-00145eb45e9a,MO,Tropicos,11,02,SAN RAFAEL DEL YUMA,081102,874cc6713ffffff
urn:catalog:MO:Tropicos:2324380,1259627185,Cyperus luzulae,Cyperus luzulae (L.) Retz.,Cyperaceae,Cyperus,SPECIES,PRESERVED_SPECIMEN,1980-05-07,1980,-68.88333,18.43333,NA,7bd65a7a-f762-11e1-a439-00145eb45e9a,MO,Tropicos,11,02,SAN RAFAEL DEL YUMA,081102,874cd5b2dffffff
urn:catalog:MO:Tropicos:2367441,1259674115,Indigofera fruticosa,Indigofera fruticosa Rose,Fabaceae,Indigofera,SPECIES,PRESERVED_SPECIMEN,1980-05-07,1980,-68.88333,18.43333,NA,7bd65a7a-f762-11e1-a439-00145eb45e9a,MO,Tropicos,11,02,SAN RAFAEL DEL YUMA,081102,874cd5b2dffffff
urn:catalog:MO:Tropicos:2395368,1259704577,Bourreria succulenta,Bourreria succulenta Jacq.,Ehretiaceae,Bourreria,SPECIES,PRESERVED_SPECIMEN,1965-01-08,1965,-68.72111,18.22027,NA,e053ff53-c156-4e2e-b9b5-4462e9625424,US,Tropicos,11,02,SAN RAFAEL DEL YUMA,081102,874cc6698ffffff
urn:catalog:MO:Tropicos:2417315,1259729088,Heteropterys laurifolia,Heteropterys laurifolia (L.) A.Juss.,Malpighiaceae,Heteropterys,SPECIES,PRESERVED_SPECIMEN,1980-04-14,1980,-68.71666,18.46666,NA,7bd65a7a-f762-11e1-a439-00145eb45e9a,MO,Tropicos,11,02,SAN RAFAEL DEL YUMA,081102,874cc6458ffffff
urn:catalog:MO:Tropicos:2421072,1259733206,Drypetes lateriflora,Drypetes lateriflora (Sw.) Krug & Urb.,Putranjivaceae,Drypetes,SPECIES,PRESERVED_SPECIMEN,1980-04-14,1980,-68.7,18.46666,NA,7bd65a7a-f762-11e1-a439-00145eb45e9a,MO,Tropicos,11,02,SAN RAFAEL DEL YUMA,081102,874cc6458ffffff
urn:catalog:MO:Tropicos:2471075,1259788389,Casearia guianensis,Casearia guianensis (Aubl.) Urb.,Salicaceae,Casearia,SPECIES,PRESERVED_SPECIMEN,1981-02-05,1981,-68.61666,18.38333,NA,7bd65a7a-f762-11e1-a439-00145eb45e9a,MO,Tropicos,11,02,SAN RAFAEL DEL YUMA,081102,874cc67adffffff
urn:catalog:MO:Tropicos:2508845,1259830148,Zanthoxylum schreberi,Zanthoxylum schreberi (J.F.Gmel.) Reynel,Rutaceae,Zanthoxylum,SPECIES,PRESERVED_SPECIMEN,1981-10-07,1981,-68.76666,18.25138,NA,7bd65a7a-f762-11e1-a439-00145eb45e9a,MO,Tropicos,11,02,SAN RAFAEL DEL YUMA,081102,874cc6690ffffff
urn:catalog:MO:Tropicos:2511265,1259832836,Bunchosia glandulosa,Bunchosia glandulosa (Cav.) DC.,Malpighiaceae,Bunchosia,SPECIES,PRESERVED_SPECIMEN,1980-05-07,1980,-68.83333,18.35,NA,7bd65a7a-f762-11e1-a439-00145eb45e9a,MO,Tropicos,11,02,SAN RAFAEL DEL YUMA,081102,874cd5b40ffffff
urn:catalog:MO:Tropicos:2521471,1259844096,Plantae,Plantae,,,KINGDOM,PRESERVED_SPECIMEN,1980-04-14,1980,-68.71666,18.46666,NA,7bd65a7a-f762-11e1-a439-00145eb45e9a,MO,Tropicos,11,02,SAN RAFAEL DEL YUMA,081102,874cc6458ffffff
urn:catalog:MO:Tropicos:2563130,1259890093,Bourreria succulenta,Bourreria succulenta Jacq.,Ehretiaceae,Bourreria,SPECIES,PRESERVED_SPECIMEN,1981-10-07,1981,-68.76666,18.25138,NA,7bd65a7a-f762-11e1-a439-00145eb45e9a,MO,Tropicos,11,02,SAN RAFAEL DEL YUMA,081102,874cc6690ffffff
urn:catalog:MO:Tropicos:2564403,1259891483,Bourreria succulenta,Bourreria succulenta Jacq.,Ehretiaceae,Bourreria,SPECIES,PRESERVED_SPECIMEN,1976-10-02,1976,-68.83946,18.36795,NA,7bd65a7a-f762-11e1-a439-00145eb45e9a,MO,Tropicos,11,02,SAN RAFAEL DEL YUMA,081102,874cd5b71ffffff
urn:catalog:MO:Tropicos:3278916,1260679931,Passiflora multiflora,Passiflora multiflora L.,Passifloraceae,Passiflora,SPECIES,PRESERVED_SPECIMEN,,NA,-68.833333,18.366667,NA,e053ff53-c156-4e2e-b9b5-4462e9625424,F,Tropicos,11,02,SAN RAFAEL DEL YUMA,081102,874cd5b44ffffff
urn:catalog:MO:Tropicos:3305085,1260708348,Sideroxylon foetidissimum,Mastichodendron foetidissimum (Jacq.) H.J.Lam,Sapotaceae,Sideroxylon,SPECIES,PRESERVED_SPECIMEN,1976-10-02,1976,-68.83946,18.36795,NA,7bd65a7a-f762-11e1-a439-00145eb45e9a,MO,Tropicos,11,02,SAN RAFAEL DEL YUMA,081102,874cd5b71ffffff
urn:catalog:MO:Tropicos:3407859,1260822094,Allosidastrum pyramidatum,"Allosidastrum pyramidatum (Cav.) Krapov., Fryxell & D.M.Bates",Malvaceae,Allosidastrum,SPECIES,PRESERVED_SPECIMEN,1981-02-05,1981,-68.61666,18.4,NA,7bd65a7a-f762-11e1-a439-00145eb45e9a,MO,Tropicos,11,02,SAN RAFAEL DEL YUMA,081102,874cc6713ffffff
urn:catalog:MO:Tropicos:3409954,1260825409,Zanthoxylum flavum,Zanthoxylum flavum Vahl,Rutaceae,Zanthoxylum,SPECIES,PRESERVED_SPECIMEN,1981-07-07,1981,-68.88333,18.40138,NA,7bd65a7a-f762-11e1-a439-00145eb45e9a,MO,Tropicos,11,02,SAN RAFAEL DEL YUMA,081102,874cd5b76ffffff
urn:catalog:MO:Tropicos:3411052,1260825560,Evolvulus alsinoides,Evolvulus alsinoides (L.) L.,Convolvulaceae,Evolvulus,SPECIES,PRESERVED_SPECIMEN,1991-01-22,1991,-68.83333,18.38333,NA,7bd65a7a-f762-11e1-a439-00145eb45e9a,MO,Tropicos,11,02,SAN RAFAEL DEL YUMA,081102,874cd5b75ffffff
urn:catalog:MO:Tropicos:3411868,1260826482,Amyris elemifera,Amyris elemifera L.,Rutaceae,Amyris,SPECIES,PRESERVED_SPECIMEN,1980,1980,-68.85,18.4,NA,7bd65a7a-f762-11e1-a439-00145eb45e9a,MO,Tropicos,11,02,SAN RAFAEL DEL YUMA,081102,874cd5b74ffffff
urn:catalog:MO:Tropicos:3411946,1260826551,Zanthoxylum schreberi,Zanthoxylum monophyllum (Lam.) P.Wilson,Rutaceae,Zanthoxylum,SPECIES,PRESERVED_SPECIMEN,1987-05-15,1987,-68.88333,18.4,NA,7bd65a7a-f762-11e1-a439-00145eb45e9a,MO,Tropicos,11,02,SAN RAFAEL DEL YUMA,081102,874cd5b76ffffff
urn:catalog:MO:Tropicos:3470004,1260890650,Passiflora rubra,Passiflora rubra L.,Passifloraceae,Passiflora,SPECIES,PRESERVED_SPECIMEN,1963-02-28,1963,-68.611944,18.391389,NA,e053ff53-c156-4e2e-b9b5-4462e9625424,NY,Tropicos,11,02,SAN RAFAEL DEL YUMA,081102,874cc671effffff
urn:catalog:MO:Tropicos:375661,1261074349,Anthurium crenatum,Anthurium crenatum (L.) Kunth,Araceae,Anthurium,SPECIES,PRESERVED_SPECIMEN,,NA,-68.61666,18.4,NA,e053ff53-c156-4e2e-b9b5-4462e9625424,JBSD,Tropicos,11,02,SAN RAFAEL DEL YUMA,081102,874cc6713ffffff
urn:catalog:UConn:CONN:00073159,4955638410,Aristolochia bilobata,Aristolochia bilobata L.,Aristolochiaceae,Aristolochia,SPECIES,PRESERVED_SPECIMEN,1968-08-22,1968,-68.6,18.38333,5000,5288946d-5fcf-4b53-8fd3-74f4cc6b53fc,,,11,02,SAN RAFAEL DEL YUMA,081102,874cc671effffff
