occurrenceID,gbifID,especie,scientificName,family,genus,taxonRank,basisOfRecord,eventDate,year,decimalLongitude,decimalLatitude,coordinateUncertaintyInMeters,datasetKey,institutionCode,collectionCode,provincia_codigo,municipio_codigo,municipio,id_municipio,hex_id
01384a84-67d3-4c7d-b16b-993562293265,4116709750,Campyloneurum vulpinum,Polypodium vulpinum Lindm.,Polypodiaceae,Campyloneurum,SPECIES,PRESERVED_SPECIMEN,1911-10,1911,-71.290979,18.178202,1054,5a2b4f54-fba7-473d-ab85-226e2bb9f5ec,IIBZ,USD,04,10,POLO,060410,874cd66c3ffffff
0225b93d-f9e1-4097-a254-0291f89d2a50,1927801004,Marchantia L.,Marchantia L.,Marchantiaceae,Marchantia,GENUS,PRESERVED_SPECIMEN,1982-02-15,1982,-71.25,18.12,NA,d415c253-4d61-4459-9d25-4015b9084fb0,NY,NY,04,10,POLO,060410,874cd2996ffffff
0257472d-3635-48c2-acda-1dbc40f5c44b,2573052119,Sticherus C.Presl,Sticherus C.Presl,Gleicheniaceae,Sticherus,GENUS,PRESERVED_SPECIMEN,2018-12-06,2018,-71.227,18.112,NA,e42c4be9-dc6d-466b-8df2-60ac8c47fadd,VT,,04,10,POLO,060410,874cd2990ffffff
0348d0f1-0950-45b1-98b3-355d20afd200,2573050818,Ctenitis (C.Chr.) C.Chr.,Ctenitis (C.Chr.) C.Chr.,Dryopteridaceae,Ctenitis,GENUS,PRESERVED_SPECIMEN,2018-12-06,2018,-71.227,18.112,NA,e42c4be9-dc6d-466b-8df2-60ac8c47fadd,VT,,04,10,POLO,060410,874cd2990ffffff
050bcc53-a544-4e9c-9dba-01069eca2243,1927839866,Miconia gracilifolia,Ossaea gracilis Alain,Melastomataceae,Miconia,SPECIES,PRESERVED_SPECIMEN,2016-02-02,2016,-71.21983,18.11107,NA,d415c253-4d61-4459-9d25-4015b9084fb0,NY,NY,04,10,POLO,060410,874cd2990ffffff
05d63ece-0017-41f5-be55-746978c0cb2d,1927850912,Miconia tetrastoma,Miconia tetrastoma Naudin,Melastomataceae,Miconia,SPECIES,PRESERVED_SPECIMEN,1967-03-25,1967,-71.232783,18.117481,3796.57,d415c253-4d61-4459-9d25-4015b9084fb0,NY,NY,04,10,POLO,060410,874cd2990ffffff
060317d5-f4d0-4d6d-ab9e-c3f917dc90a9,4598145304,Asplenium L.,Asplenium L.,Aspleniaceae,Asplenium,GENUS,PRESERVED_SPECIMEN,2018-12-06,2018,-71.22737,18.1115,NA,b89d52a2-861d-4388-adad-c0da3d55fc78,UF,,04,10,POLO,060410,874cd2990ffffff
061a55b0-9ee6-429e-bed9-afe09ad0643e,4598146303,Parapolystichum effusum,Lastreopsis effusa (Sw.) Tindale,Dryopteridaceae,Parapolystichum,SPECIES,PRESERVED_SPECIMEN,2018-12-06,2018,-71.28296,18.16842,NA,b89d52a2-861d-4388-adad-c0da3d55fc78,UF,,04,10,POLO,060410,874cd66ceffffff
06d6d24b-fd9e-4a77-a296-699a1406f0a2,1927864440,Erithalis fruticosa,Erithalis fruticosa L.,Rubiaceae,Erithalis,SPECIES,PRESERVED_SPECIMEN,1871,1871,-71.232783,18.117481,3796.57,d415c253-4d61-4459-9d25-4015b9084fb0,NY,NY,04,10,POLO,060410,874cd2990ffffff
073e632d-739b-4ab7-9d87-887e1c936e53,1057075560,Alsophila grevilleana,Nephelea grevilleana (Mart.) R.M.Tryon,Cyatheaceae,Alsophila,SPECIES,PRESERVED_SPECIMEN,1946-08,1946,-71.25,18.075,NA,7e380070-f762-11e1-a439-00145eb45e9a,NHMUK,BOT,04,10,POLO,060410,874cd2d68ffffff
0761acfb-c828-4553-b3ec-59a0f19b9c46,4111434302,Campyloneurum amphostenon,Campyloneurum amphostenon (Kunze ex Klotzsch) Fée,Polypodiaceae,Campyloneurum,SPECIES,PRESERVED_SPECIMEN,2019-05-13,2019,-71.2837,18.1683,NA,b89d52a2-861d-4388-adad-c0da3d55fc78,UF,,04,10,POLO,060410,874cd66ceffffff
077f0a24-c6cc-4b3f-8ce1-0cba3eb66c9c,4598144303,Asplenium L.,Asplenium L.,Aspleniaceae,Asplenium,GENUS,PRESERVED_SPECIMEN,2018-12-06,2018,-71.28296,18.16842,NA,b89d52a2-861d-4388-adad-c0da3d55fc78,UF,,04,10,POLO,060410,874cd66ceffffff
07a22168-8a4d-4eea-a1b1-bc7332ac4f12,4415568304,Columnea domingensis,Columnea domingensis (Urb.) B.D.Morley,Gesneriaceae,Columnea,SPECIES,PRESERVED_SPECIMEN,2023-01-29,2023,-71.2088,18.103767,NA,b89d52a2-861d-4388-adad-c0da3d55fc78,UF,,04,10,POLO,060410,874cd2991ffffff
07cdcd8e-2938-491a-9b06-6850c9e2c029,2573050986,Amauropelta Kunze,Amauropelta Kunze,Thelypteridaceae,Amauropelta,GENUS,PRESERVED_SPECIMEN,2018-12-06,2018,-71.28296,18.16842,NA,e42c4be9-dc6d-466b-8df2-60ac8c47fadd,VT,,04,10,POLO,060410,874cd66ceffffff
097a75a5-8d49-4a8a-8c8a-4ef4e3d2bea7,3329398986,Magnolia hamorii,Magnolia hamorii Howard,Magnoliaceae,Magnolia,SPECIES,PRESERVED_SPECIMEN,2006-05-31,2006,-71.231556,18.114972,NA,b89d52a2-861d-4388-adad-c0da3d55fc78,UF,,04,10,POLO,060410,874cd2990ffffff
0F1FF4A5-8E48-4071-A609-656D305825C2,1503214113,Pilea parietaria,Pilea parietaria (L.) Blume,Urticaceae,Pilea,SPECIES,PRESERVED_SPECIMEN,1969-02-28,1969,-71.287,18.078,NA,af1b4db0-c8ce-4a95-b700-8a6a02bed9d6,USF,Herb,04,10,POLO,060410,874cd2d45ffffff
0a2d6d96-9d4d-4ba3-9b58-a554dcc290d5,6160256440,Miconia Ruiz & Pav.,Miconia Ruiz & Pav.,Melastomataceae,Miconia,GENUS,PRESERVED_SPECIMEN,2021-05-22,2021,-71.22054,18.11388,NA,b89d52a2-861d-4388-adad-c0da3d55fc78,UF,,04,10,POLO,060410,874cd2995ffffff
0a7a9f5d-37de-47ac-85ee-d25a8da3cece,4076852120,Campylopus fragilis,Campylopus fragilis (Brid.) Bruch & Schimp.,Leucobryaceae,Campylopus,SPECIES,PRESERVED_SPECIMEN,1976-04-24,1976,-71.276824,18.088271,570,ad004988-7cbf-4af7-9cdb-d7500cc025f2,FLAS,,04,10,POLO,060410,874cd2d6effffff
0aaecda3-03e0-4108-888d-7a1852fb86a3,1927918240,Nectandra turbacensis,Nectandra turbacensis (Kunth) Nees,Lauraceae,Nectandra,SPECIES,PRESERVED_SPECIMEN,1984-06-05,1984,-71.275,18.125,NA,d415c253-4d61-4459-9d25-4015b9084fb0,NY,NY,04,10,POLO,060410,874cd2d65ffffff
0af57293-2acb-44cc-8ddb-cf95b3981abf,1927922051,Goniopteris sclerophylla,Thelypteris sclerophylla (Poepp. ex Spreng.) C.V.Morton,Thelypteridaceae,Goniopteris,SPECIES,PRESERVED_SPECIMEN,1969-02-27,1969,-71.21667,18.1,1292,d415c253-4d61-4459-9d25-4015b9084fb0,NY,NY,04,10,POLO,060410,874cd2991ffffff
0ba3cd9b-78a2-4d40-9d9d-e3868d8b8cb7,4598143306,Nephrolepis Schott,Nephrolepis Schott,Nephrolepidaceae,Nephrolepis,GENUS,PRESERVED_SPECIMEN,2018-12-06,2018,-71.22016,18.11125,NA,b89d52a2-861d-4388-adad-c0da3d55fc78,UF,,04,10,POLO,060410,874cd2990ffffff
0baaeb3c-5291-4efb-a89c-db64e192f6b5,4415563305,Gesneria sylvicola,Gesneria sylvicola Alain,Gesneriaceae,Gesneria,SPECIES,PRESERVED_SPECIMEN,2023-01-29,2023,-71.2088,18.103767,NA,b89d52a2-861d-4388-adad-c0da3d55fc78,UF,,04,10,POLO,060410,874cd2991ffffff
0bfa2f78-cf3b-4b71-a37b-17bed7010f2b,4111433306,Asplenium L.,Asplenium L.,Aspleniaceae,Asplenium,GENUS,PRESERVED_SPECIMEN,2019-05-13,2019,-71.2837,18.1683,NA,b89d52a2-861d-4388-adad-c0da3d55fc78,UF,,04,10,POLO,060410,874cd66ceffffff
0ccd911c-95c4-49d7-9f85-00741ef4b1ea,4111423308,Asplenium auriculatum,Asplenium auriculatum Sw.,Aspleniaceae,Asplenium,SPECIES,PRESERVED_SPECIMEN,2019-05-13,2019,-71.2837,18.1683,NA,b89d52a2-861d-4388-adad-c0da3d55fc78,UF,,04,10,POLO,060410,874cd66ceffffff
0dab6f0c-eb2b-4514-8011-d9e2604bac05,4598143307,Sisyrinchium L.,Sisyrinchium L.,Iridaceae,Sisyrinchium,GENUS,PRESERVED_SPECIMEN,2021-05-22,2021,-71.23346,18.11373,NA,b89d52a2-861d-4388-adad-c0da3d55fc78,UF,,04,10,POLO,060410,874cd2990ffffff
0dadf70e-576b-4f94-a3c0-8b9f53564589,1927960820,Miconia tetrastoma,Miconia tetrastoma Naudin,Melastomataceae,Miconia,SPECIES,PRESERVED_SPECIMEN,1992-05-18,1992,-71.232783,18.117481,3796.57,d415c253-4d61-4459-9d25-4015b9084fb0,NY,NY,04,10,POLO,060410,874cd2990ffffff
0db83715-fc7e-4a68-80fc-15cd567bb463,1927961914,Sida abutilifolia,Sida abutilifolia Mill.,Malvaceae,Sida,SPECIES,PRESERVED_SPECIMEN,1911-08,1911,-71.232783,18.117481,3796.57,d415c253-4d61-4459-9d25-4015b9084fb0,NY,NY,04,10,POLO,060410,874cd2990ffffff
0dbee497-ad78-4665-8efd-287e21f83a3a,1927961753,Phyla nodiflora,Phyla nodiflora (L.) Greene,Verbenaceae,Phyla,SPECIES,PRESERVED_SPECIMEN,1950-07-29,1950,-71.248287,18.096602,3382,d415c253-4d61-4459-9d25-4015b9084fb0,NY,NY,04,10,POLO,060410,874cd2992ffffff
0dc4467f-b553-4989-b8eb-bf714986ee5d,1457748483,Youngia japonica,Youngia japonica (L.) DC.,Asteraceae,Youngia,SPECIES,PRESERVED_SPECIMEN,2006-05-31,2006,-71.234722,18.114167,NA,b89d52a2-861d-4388-adad-c0da3d55fc78,UF,,04,10,POLO,060410,874cd2990ffffff
0e10eca4-16a4-4858-b579-eda9f693ed5e,1457748550,Miconia umbellata,Miconia umbellata (Mill.) Judd & Ionta,Melastomataceae,Miconia,SPECIES,PRESERVED_SPECIMEN,2006-05-31,2006,-71.234722,18.114167,NA,b89d52a2-861d-4388-adad-c0da3d55fc78,UF,,04,10,POLO,060410,874cd2990ffffff
0e1eb0bc-dbcf-4aaa-bc0c-968b3e01ffd0,1927967096,Serjania polyphylla,Serjania polyphylla (L.) Poir. ex Steud.,Sapindaceae,Serjania,SPECIES,PRESERVED_SPECIMEN,1871,1871,-71.232783,18.117481,3796.57,d415c253-4d61-4459-9d25-4015b9084fb0,NY,NY,04,10,POLO,060410,874cd2990ffffff
0e8b48c0-be2f-4aa2-838b-996fd2a2b693,4111425310,Polystichum platyphyllum,Polystichum hottense C.Chr.,Dryopteridaceae,Polystichum,SPECIES,PRESERVED_SPECIMEN,2018-12-06,2018,-71.283,18.168,NA,b89d52a2-861d-4388-adad-c0da3d55fc78,UF,,04,10,POLO,060410,874cd66ceffffff
0ee465f7-5920-485a-895d-1a61e835e940,1927977850,Amphilophium lactiflorum,Amphilophium lactiflorum (Vahl) L.G.Lohmann,Bignoniaceae,Amphilophium,SPECIES,PRESERVED_SPECIMEN,1911-05,1911,-71.232783,18.117481,3796.57,d415c253-4d61-4459-9d25-4015b9084fb0,NY,NY,04,10,POLO,060410,874cd2990ffffff
0ee4c9d5-7032-46d2-b0ca-dbc0fff53eb8,2573051602,Polystichum platyphyllum,Polystichum hottense C.Chr.,Dryopteridaceae,Polystichum,SPECIES,PRESERVED_SPECIMEN,2018-12-06,2018,-71.28296,18.16842,NA,e42c4be9-dc6d-466b-8df2-60ac8c47fadd,VT,,04,10,POLO,060410,874cd66ceffffff
0ef93731-76d3-4b5d-a308-10460b518870,4403490255,Elaphoglossum simplex,Elaphoglossum simplex (Sw.) Schott,Dryopteridaceae,Elaphoglossum,SPECIES,PRESERVED_SPECIMEN,2018-12-06,2018,-71.2273,18.1115,NA,defb9a47-c1a7-4fb2-9a0b-2da7c5260cad,BRIT,BRIT,04,10,POLO,060410,874cd2990ffffff
101d503a-5b37-4c12-aaaa-4b83f2c67e80,1927995156,Garrya fadyenii,Garrya fadyenii Hook.,Garryaceae,Garrya,SPECIES,PRESERVED_SPECIMEN,1984-06-05,1984,-71.275,18.125,NA,d415c253-4d61-4459-9d25-4015b9084fb0,NY,NY,04,10,POLO,060410,874cd2d65ffffff
102172EC-748D-4E15-8AFD-4EDDDFCC1491,2859223531,Blechnum occidentale,Blechnum occidentale L.,Blechnaceae,Blechnum,SPECIES,PRESERVED_SPECIMEN,1992-07-19,1992,-71.266667,18.05,NA,f3f03cbf-1a01-4739-ae15-c1355b8c2dbf,CM,botany,04,10,POLO,060410,874cd2d4cffffff
10887afd-d285-44c9-ae0a-faf5299a903a,4598144307,Asplenium L.,Asplenium L.,Aspleniaceae,Asplenium,GENUS,PRESERVED_SPECIMEN,2018-12-06,2018,-71.22737,18.1115,NA,b89d52a2-861d-4388-adad-c0da3d55fc78,UF,,04,10,POLO,060410,874cd2990ffffff
109cd68c-7539-4b11-ba4e-8c1875b4f492,1928002112,Tillandsia tenuifolia,Tillandsia tenuifolia L.,Bromeliaceae,Tillandsia,SPECIES,PRESERVED_SPECIMEN,1981-12-04,1981,-71.3,18.07,NA,d415c253-4d61-4459-9d25-4015b9084fb0,NY,NY,04,10,POLO,060410,874cd2d40ffffff
114f3d8c-7cc3-4872-852e-93a243995f9a,4598143311,Pterolepis glomerata,Pterolepis glomerata (Rottb.) Miq.,Melastomataceae,Pterolepis,SPECIES,PRESERVED_SPECIMEN,2021-05-22,2021,-71.22054,18.11388,NA,b89d52a2-861d-4388-adad-c0da3d55fc78,UF,,04,10,POLO,060410,874cd2995ffffff
1199d7d6-ef36-41ae-ab1e-b58f4e062299,1928016018,Polytrichum juniperinum,Polytrichum juniperinum Hedw.,Polytrichaceae,Polytrichum,SPECIES,PRESERVED_SPECIMEN,2006-05-31,2006,-71.22692,18.11072,NA,d415c253-4d61-4459-9d25-4015b9084fb0,NY,NY,04,10,POLO,060410,874cd2990ffffff
11b6e9ab-ab45-4163-a2ef-c0e4d30cdb07,1928017580,Miconia gracilifolia,Sagraea gracilis (Alain) Alain,Melastomataceae,Miconia,SPECIES,PRESERVED_SPECIMEN,1992-05-18,1992,-71.232783,18.117481,3796.57,d415c253-4d61-4459-9d25-4015b9084fb0,NY,NY,04,10,POLO,060410,874cd2990ffffff
127f8684-9bff-432e-86b6-5ee984f2c84e,4111431308,Polystichum plaschnickianum,Polystichum plaschnickianum (Kunze) T.Moore,Dryopteridaceae,Polystichum,SPECIES,PRESERVED_SPECIMEN,2019-05-13,2019,-71.2837,18.1683,NA,b89d52a2-861d-4388-adad-c0da3d55fc78,UF,,04,10,POLO,060410,874cd66ceffffff
12c33cc2-76ef-47ee-b7ff-56b2eabacc04,4111433309,Botrypus virginianus,Botrypus virginianus (L.) Michx.,Ophioglossaceae,Botrypus,SPECIES,PRESERVED_SPECIMEN,2019-05-13,2019,-71.2837,18.1683,NA,b89d52a2-861d-4388-adad-c0da3d55fc78,UF,,04,10,POLO,060410,874cd66ceffffff
140759b6-4e23-44a1-bb35-7b9970631aa7,2573050281,Phlebodium aureum,Phlebodium aureum (L.) J.Sm.,Polypodiaceae,Phlebodium,SPECIES,PRESERVED_SPECIMEN,2018-12-06,2018,-71.22737,18.1115,NA,e42c4be9-dc6d-466b-8df2-60ac8c47fadd,VT,,04,10,POLO,060410,874cd2990ffffff
14b8cb0b-3c86-44d4-95d8-175462fff731,2573052088,Polystichum muricatum,Polystichum muricatum (L.) Fée,Dryopteridaceae,Polystichum,SPECIES,PRESERVED_SPECIMEN,2018-12-06,2018,-71.28296,18.16824,NA,e42c4be9-dc6d-466b-8df2-60ac8c47fadd,VT,,04,10,POLO,060410,874cd66ceffffff
14d7fe15-f736-48f7-8a05-d0ece2901697,1928061642,Dendropemon alatus,Dendropemon alatus Tiegh.,Loranthaceae,Dendropemon,SPECIES,PRESERVED_SPECIMEN,1910-06,1910,-71.232783,18.117481,3796.57,d415c253-4d61-4459-9d25-4015b9084fb0,NY,NY,04,10,POLO,060410,874cd2990ffffff
15bf6ba3-7d60-4049-a408-4ab65ac89230,2573051430,Saccoloma domingense,Saccoloma domingense (Spreng.) C.Chr.,Saccolomataceae,Saccoloma,SPECIES,PRESERVED_SPECIMEN,2018-12-07,2018,-71.29,18.05,NA,e42c4be9-dc6d-466b-8df2-60ac8c47fadd,VT,,04,10,POLO,060410,874cd2d41ffffff
15fbfcca-67fa-472b-b75f-7e7cf0f1fc24,2573052130,Nephrolepis brownii,Nephrolepis brownii (Desv.) Hovenkamp & Miyam.,Nephrolepidaceae,Nephrolepis,SPECIES,PRESERVED_SPECIMEN,2018-12-06,2018,-71.22016,18.11125,NA,e42c4be9-dc6d-466b-8df2-60ac8c47fadd,VT,,04,10,POLO,060410,874cd2990ffffff
15fe26a0-e760-47ef-839a-4185c07cd6ed,1928078182,Erythrina corallodendron,Erythrina corallodendron L.,Fabaceae,Erythrina,SPECIES,PRESERVED_SPECIMEN,1991-04-07,1991,-71.28,18.12,NA,d415c253-4d61-4459-9d25-4015b9084fb0,NY,NY,04,10,POLO,060410,874cd2d60ffffff
16f78b04-e351-435c-8adf-3b0415769033,5029135312,Rhynchospora aristata,Rhynchospora fuertesii Urb.,Cyperaceae,Rhynchospora,SPECIES,PRESERVED_SPECIMEN,2023-01-28,2023,-71.283536,18.165304,NA,b89d52a2-861d-4388-adad-c0da3d55fc78,UF,,04,10,POLO,060410,874cd66ceffffff
1836fbf8-9d66-4d4b-ba91-7f37113ab454,4111433312,Asplenium feei,Asplenium sarcodes Maxon,Aspleniaceae,Asplenium,SPECIES,PRESERVED_SPECIMEN,2018-12-06,2018,-71.283,18.168,NA,b89d52a2-861d-4388-adad-c0da3d55fc78,UF,,04,10,POLO,060410,874cd66ceffffff
18959de9-d4fe-4cdf-8768-1fe1cd7c5f2b,1055840826,Solanum torvum,Solanum torvum Sw.,Solanaceae,Solanum,SPECIES,PRESERVED_SPECIMEN,1946-08-21,1946,-71.244351,18.072846,NA,7e380070-f762-11e1-a439-00145eb45e9a,NHMUK,BOT,04,10,POLO,060410,874cd2d68ffffff
18f044b5-3035-40ed-920d-c0f7b7cb4837,4994660311,Rhynchospora aristata,Rhynchospora fuertesii Urb.,Cyperaceae,Rhynchospora,SPECIES,PRESERVED_SPECIMEN,2019-05-13,2019,-71.28183,18.16073,NA,b89d52a2-861d-4388-adad-c0da3d55fc78,UF,,04,10,POLO,060410,874cd66ceffffff
1DE47285-1C8E-40A8-AF09-527BBB890890,5146604313,Microgramma lycopodioides,Microgramma lycopodioides (L.) Copel.,Polypodiaceae,Microgramma,SPECIES,PRESERVED_SPECIMEN,1992-07-19,1992,-71.266667,18.05,NA,f3f03cbf-1a01-4739-ae15-c1355b8c2dbf,CM,Botany,04,10,POLO,060410,874cd2d4cffffff
1a0840791c3895db53618808e4152205,3308529937,Erithalis fruticosa,Erithalis fruticosa L.,Rubiaceae,Erithalis,SPECIES,PRESERVED_SPECIMEN,1992-05-16,1992,-71.25,18.08333,NA,8016518a-f762-11e1-a439-00145eb45e9a,IBUNAM,MEXU,04,10,POLO,060410,874cd2d6cffffff
1abc4400-3d7e-4aab-8979-d6fc86552464,4415563312,Renealmia jamaicensis,Renealmia jamaicensis (Gaertn.) Horan.,Zingiberaceae,Renealmia,SPECIES,PRESERVED_SPECIMEN,2023-01-29,2023,-71.2088,18.103767,NA,b89d52a2-861d-4388-adad-c0da3d55fc78,UF,,04,10,POLO,060410,874cd2991ffffff
1ad5221a-4d2e-4ecc-b53a-0839272ac9f8,4111434311,Diplazium Sw.,Diplazium Sw.,Athyriaceae,Diplazium,GENUS,PRESERVED_SPECIMEN,2018-12-06,2018,-71.227,18.112,NA,b89d52a2-861d-4388-adad-c0da3d55fc78,UF,,04,10,POLO,060410,874cd2990ffffff
1b595b78-972b-408f-9147-161e59f8d8e9,1928153135,Peperomia rhombea,Peperomia rhombea Ruiz & Pav.,Piperaceae,Peperomia,SPECIES,PRESERVED_SPECIMEN,1982-02-15,1982,-71.25,18.12,NA,d415c253-4d61-4459-9d25-4015b9084fb0,NY,NY,04,10,POLO,060410,874cd2996ffffff
1db7d6a9-6aad-4493-8714-33f9939057e5,2573052450,Pecluma absidata,Pecluma absidata (A.M.Evans) M.G.Price,Polypodiaceae,Pecluma,SPECIES,PRESERVED_SPECIMEN,2018-12-06,2018,-71.28296,18.16842,NA,e42c4be9-dc6d-466b-8df2-60ac8c47fadd,VT,,04,10,POLO,060410,874cd66ceffffff
1dc5734f-f8d5-4e05-915b-0ef8bfe19c5d,1846482957,Miconia bahorucensis,Mecranium ovatum Cogn.,Melastomataceae,Miconia,SPECIES,PRESERVED_SPECIMEN,2016-02-02,2016,-71.21983,18.11107,NA,3c59bd42-7bfd-421b-8da4-275780390e4c,DES,,04,10,POLO,060410,874cd2990ffffff
1e0c99b4-45b6-474a-9f6c-acbcefcda72d,1928194898,Radula Dumort.,Radula Dumort.,Radulaceae,Radula,GENUS,PRESERVED_SPECIMEN,1982-02-15,1982,-71.25,18.12,NA,d415c253-4d61-4459-9d25-4015b9084fb0,NY,NY,04,10,POLO,060410,874cd2996ffffff
1e781d80-63bc-469e-94b7-f1b48726dcb0,1928200645,Palicourea berteroana,Psychotria berteroana DC.,Rubiaceae,Palicourea,SPECIES,PRESERVED_SPECIMEN,,NA,-71.232783,18.117481,3796.57,d415c253-4d61-4459-9d25-4015b9084fb0,NY,NY,04,10,POLO,060410,874cd2990ffffff
1ed2fc0c-12e1-492d-b39b-8b499332bc9f,2573050212,Elaphoglossum Schott ex J.Sm.,Elaphoglossum Schott ex J.Sm.,Dryopteridaceae,Elaphoglossum,GENUS,PRESERVED_SPECIMEN,2018-12-06,2018,-71.227,18.112,NA,e42c4be9-dc6d-466b-8df2-60ac8c47fadd,VT,,04,10,POLO,060410,874cd2990ffffff
212d3bab-2b24-4785-943a-780b4de8a1fc,2573050579,Saccoloma inaequale,Saccoloma inaequale (Kunze) Mett.,Saccolomataceae,Saccoloma,SPECIES,PRESERVED_SPECIMEN,2018-12-06,2018,-71.227,18.112,NA,e42c4be9-dc6d-466b-8df2-60ac8c47fadd,VT,,04,10,POLO,060410,874cd2990ffffff
21911fd3-0150-4bca-8643-8d7b39082fa2,4512927328,Miconia limoides,Miconia limoides (Urb.) Majure & Judd,Melastomataceae,Miconia,SPECIES,PRESERVED_SPECIMEN,2019-03-15,2019,-71.22446,18.11566,NA,b89d52a2-861d-4388-adad-c0da3d55fc78,UF,,04,10,POLO,060410,874cd2990ffffff
21a81913-f574-4849-8a3a-bb1b0ba8fcbb,1928245496,Wallenia gracilis,Wallenia gracilis Alain,Primulaceae,Wallenia,SPECIES,PRESERVED_SPECIMEN,1969-02-27,1969,-71.21667,18.1,1292,d415c253-4d61-4459-9d25-4015b9084fb0,NY,NY,04,10,POLO,060410,874cd2991ffffff
21df0d9d014797abb8d4b2bb60e2947a,5101635389,Badiera fuertesii,Badiera fuertesii Urb.,Polygalaceae,Badiera,SPECIES,PRESERVED_SPECIMEN,2006-05-31,2006,-71.226917,18.110722,NA,356b321d-7d47-4380-89e2-87bae6d8c250,INECOL,XAL,04,10,POLO,060410,874cd2990ffffff
221fdc4c-85ca-4a53-9a40-f481a7f9b4f6,1928252553,Erechtites valerianifolius,Erechtites valerianifolius (Wolf ex Rchb.) DC.,Asteraceae,Erechtites,SPECIES,PRESERVED_SPECIMEN,1990-06-10,1990,-71.2417,18.13,NA,d415c253-4d61-4459-9d25-4015b9084fb0,NY,NY,04,10,POLO,060410,874cd2996ffffff
2234d060-62aa-47d3-be1e-8172e4ec325c,1928253370,Cojoba zanonii,Cojoba zanonii (Barneby) Barneby & J.W.Grimes,Fabaceae,Cojoba,SPECIES,PRESERVED_SPECIMEN,1990-06-10,1990,-71.23,18.12,NA,d415c253-4d61-4459-9d25-4015b9084fb0,NY,NY,04,10,POLO,060410,874cd2990ffffff
2363ed9a-c38e-45b8-98e7-3dc6be7ad70f,1928269842,Anoda cristata,Anoda cristata (L.) Schltdl.,Malvaceae,Anoda,SPECIES,PRESERVED_SPECIMEN,1991-04-07,1991,-71.28,18.12,NA,d415c253-4d61-4459-9d25-4015b9084fb0,NY,NY,04,10,POLO,060410,874cd2d60ffffff
244dc0da-f1e3-46ce-8f6b-c69fe4917b38,1928282928,Cyathea furfuracea,Cyathea furfuracea Baker,Cyatheaceae,Cyathea,SPECIES,PRESERVED_SPECIMEN,1912,1912,-71.232783,18.117481,3796.57,d415c253-4d61-4459-9d25-4015b9084fb0,NY,NY,04,10,POLO,060410,874cd2990ffffff
24681120-ef19-48aa-879c-fbc87ba2998d,4598146314,Hymenophyllum Sm.,Hymenophyllum Sm.,Hymenophyllaceae,Hymenophyllum,GENUS,PRESERVED_SPECIMEN,2018-12-06,2018,-71.28296,18.16842,NA,b89d52a2-861d-4388-adad-c0da3d55fc78,UF,,04,10,POLO,060410,874cd66ceffffff
24c3dc39-60d4-40d1-90e7-beffa294ddcb,3329398844,Duranta arida,Duranta arida Britton & P.Wilson,Verbenaceae,Duranta,SPECIES,PRESERVED_SPECIMEN,2019-05-13,2019,-71.28183,18.16073,NA,b89d52a2-861d-4388-adad-c0da3d55fc78,UF,,04,10,POLO,060410,874cd66ceffffff
250f79ec-9da3-44d3-a80e-f87d168f8e5b,1928294003,Varronia oligodonta,Varronia oligodonta (Urb.) Borhidi,Cordiaceae,Varronia,SPECIES,PRESERVED_SPECIMEN,1950-07-31,1950,-71.248287,18.096602,3382,d415c253-4d61-4459-9d25-4015b9084fb0,NY,NY,04,10,POLO,060410,874cd2992ffffff
254f800c-71e7-4aef-b476-6e25bffb95db,1928296954,Euphorbia peplus,Euphorbia peplus L.,Euphorbiaceae,Euphorbia,SPECIES,PRESERVED_SPECIMEN,1982-02-15,1982,-71.25,18.12,NA,d415c253-4d61-4459-9d25-4015b9084fb0,NY,NY,04,10,POLO,060410,874cd2996ffffff
25847780-7a8c-42aa-aa46-420dec6e6b76,4131566334,Elaphoglossum chartaceum,Elaphoglossum chartaceum (Baker) C.Chr.,Dryopteridaceae,Elaphoglossum,SPECIES,PRESERVED_SPECIMEN,2018-12-06,2018,-71.227,18.112,NA,defb9a47-c1a7-4fb2-9a0b-2da7c5260cad,BRIT,BRIT,04,10,POLO,060410,874cd2990ffffff
261e775c-014d-4ef3-b788-4fe09573059a,4131569335,Elaphoglossum chartaceum,Elaphoglossum chartaceum (Baker) C.Chr.,Dryopteridaceae,Elaphoglossum,SPECIES,PRESERVED_SPECIMEN,2018-12-06,2018,-71.227,18.112,NA,defb9a47-c1a7-4fb2-9a0b-2da7c5260cad,BRIT,BRIT,04,10,POLO,060410,874cd2990ffffff
266320dd-9e68-4384-9c81-7350bb673eea,1928312706,Epidendrum repens,Epidendrum repens Cogn.,Orchidaceae,Epidendrum,SPECIES,PRESERVED_SPECIMEN,1988-11-20,1988,-71.22,18.12,NA,d415c253-4d61-4459-9d25-4015b9084fb0,NY,NY,04,10,POLO,060410,874cd2995ffffff
26c95d2b-8336-4658-9cfd-a6017c16e172,6160256316,Miconia Ruiz & Pav.,Miconia Ruiz & Pav.,Melastomataceae,Miconia,GENUS,PRESERVED_SPECIMEN,2019-03-15,2019,-71.22446,18.11566,NA,b89d52a2-861d-4388-adad-c0da3d55fc78,UF,,04,10,POLO,060410,874cd2990ffffff
26e0c61d-6b9b-4ce2-899c-4e3265ef8d98,3987767328,Asplenium auritum,Asplenium auritum Sw.,Aspleniaceae,Asplenium,SPECIES,PRESERVED_SPECIMEN,2018-05-09,2018,-71.34002,18.11011,NA,b89d52a2-861d-4388-adad-c0da3d55fc78,UF,,04,10,POLO,060410,874cd2d70ffffff
288e7ab5-38f5-4c69-889d-4237b7d74ae1,4116709551,Polytaenium lineatum,Polytaenium lineatum (Sw.) J.Sm.,Pteridaceae,Polytaenium,SPECIES,PRESERVED_SPECIMEN,1911-10,1911,-71.290979,18.178202,1054,5a2b4f54-fba7-473d-ab85-226e2bb9f5ec,IIBZ,USD,04,10,POLO,060410,874cd66c3ffffff
2a2420c4-81a3-45c7-bc19-2e25cfbe2a25,4111425324,Goniopteris C.Presl,Goniopteris C.Presl,Thelypteridaceae,Goniopteris,GENUS,PRESERVED_SPECIMEN,2019-05-13,2019,-71.2837,18.1683,NA,b89d52a2-861d-4388-adad-c0da3d55fc78,UF,,04,10,POLO,060410,874cd66ceffffff
2a3ab340-37ea-45b9-b0d5-75b0eb46625d,4111423316,Asplenium auriculatum,Asplenium auriculatum Sw.,Aspleniaceae,Asplenium,SPECIES,PRESERVED_SPECIMEN,2019-05-13,2019,-71.2837,18.1683,NA,b89d52a2-861d-4388-adad-c0da3d55fc78,UF,,04,10,POLO,060410,874cd66ceffffff
2a9c3237-bc45-4cb6-a6ca-3e0a81eed595,2573051621,Asplenium diplosceum,Asplenium diplosceum Hieron.,Aspleniaceae,Asplenium,SPECIES,PRESERVED_SPECIMEN,2018-12-06,2018,-71.28296,18.16842,NA,e42c4be9-dc6d-466b-8df2-60ac8c47fadd,VT,,04,10,POLO,060410,874cd66ceffffff
2baa6158-db6f-4f1b-b16e-98a0955e5fb0,2573052512,Diplazium centripetale,Diplazium centripetale (Baker) Maxon,Athyriaceae,Diplazium,SPECIES,PRESERVED_SPECIMEN,2018-12-06,2018,-71.22737,18.1115,NA,e42c4be9-dc6d-466b-8df2-60ac8c47fadd,VT,,04,10,POLO,060410,874cd2990ffffff
2bce84ee-8f52-4190-96a9-0377592f794a,1928389646,Tillandsia juncea,Tillandsia juncea (Ruiz & Pav.) Poir.,Bromeliaceae,Tillandsia,SPECIES,PRESERVED_SPECIMEN,1981-12-04,1981,-71.3,18.07,NA,d415c253-4d61-4459-9d25-4015b9084fb0,NY,NY,04,10,POLO,060410,874cd2d40ffffff
2c084b40-b9ba-447a-9b9e-63adc5a91480,2573052170,Asplenium cristatum,Asplenium cristatum Lam.,Aspleniaceae,Asplenium,SPECIES,PRESERVED_SPECIMEN,2018-12-06,2018,-71.283,18.168,NA,e42c4be9-dc6d-466b-8df2-60ac8c47fadd,VT,,04,10,POLO,060410,874cd66ceffffff
2d2ac1e7-9efc-4a6f-8dc6-d3574b8238dd,1928409058,Ageratina havanensis,Ageratina havanensis (Kunth) R.M.King & H.Rob.,Asteraceae,Ageratina,SPECIES,PRESERVED_SPECIMEN,1981-12-04,1981,-71.3,18.07,NA,d415c253-4d61-4459-9d25-4015b9084fb0,NY,NY,04,10,POLO,060410,874cd2d40ffffff
2d37afb7-0be1-408b-ad12-f5f419921035,1928409805,Miconia angustilamina,Clidemia angustilamina Judd & Skean,Melastomataceae,Miconia,SPECIES,PRESERVED_SPECIMEN,1984-06-05,1984,-71.275,18.125,NA,d415c253-4d61-4459-9d25-4015b9084fb0,NY,NY,04,10,POLO,060410,874cd2d65ffffff
2da94eb5-9f6c-4741-9344-2df8cd843b71,1928414890,Acalypha alopecuroidea,Acalypha alopecuroidea Jacq.,Euphorbiaceae,Acalypha,SPECIES,PRESERVED_SPECIMEN,1986-02-27,1986,-71.27,18.13,NA,d415c253-4d61-4459-9d25-4015b9084fb0,NY,NY,04,10,POLO,060410,874cd66cbffffff
2dc349b9-3d43-4dac-aeed-39b4f7cb1b4a,1928416794,Cochranella pilosa,Cleome pilosa Benth.,Cleomaceae,Cochranella,SPECIES,PRESERVED_SPECIMEN,1969-02-27,1969,-71.21667,18.1,1292,d415c253-4d61-4459-9d25-4015b9084fb0,NY,NY,04,10,POLO,060410,874cd2991ffffff
2dc364ae-5e2b-488d-9877-5d950b59b216,4598144319,Miconia limoides,Miconia limoides (Urb.) Majure & Judd,Melastomataceae,Miconia,SPECIES,PRESERVED_SPECIMEN,2021-05-22,2021,-71.22053,18.11388,NA,b89d52a2-861d-4388-adad-c0da3d55fc78,UF,,04,10,POLO,060410,874cd2995ffffff
2e4bbb35-a08a-41ad-bdab-0ba3cbe0c134,4415566308,Gesneria ekmanii,Gesneria ekmanii Urb.,Gesneriaceae,Gesneria,SPECIES,PRESERVED_SPECIMEN,2023-01-29,2023,-71.2088,18.103767,NA,b89d52a2-861d-4388-adad-c0da3d55fc78,UF,,04,10,POLO,060410,874cd2991ffffff
2fa7703d-7eb4-4229-bf0b-ff11ba97e4bc,4111434323,Asplenium L.,Asplenium L.,Aspleniaceae,Asplenium,GENUS,PRESERVED_SPECIMEN,2018-12-06,2018,-71.283,18.168,NA,b89d52a2-861d-4388-adad-c0da3d55fc78,UF,,04,10,POLO,060410,874cd66ceffffff
2fe61def-b10b-4ce2-a8a4-a432c4b09493,6160256393,Miconia Ruiz & Pav.,Miconia Ruiz & Pav.,Melastomataceae,Miconia,GENUS,PRESERVED_SPECIMEN,2021-05-22,2021,-71.22054,18.11388,NA,b89d52a2-861d-4388-adad-c0da3d55fc78,UF,,04,10,POLO,060410,874cd2995ffffff
304ce18e-ea5d-4c9c-8162-d4afb06e2c5f,4131566314,Campyloneurum amphostenon,Campyloneurum amphostenon (Kunze ex Klotzsch) Fée,Polypodiaceae,Campyloneurum,SPECIES,PRESERVED_SPECIMEN,2019-05-13,2019,-71.2837,18.1683,NA,defb9a47-c1a7-4fb2-9a0b-2da7c5260cad,BRIT,BRIT,04,10,POLO,060410,874cd66ceffffff
3164cdde-ac1f-428c-8314-5797a7ea11d3,2573050913,Diplazium unilobum,Diplazium unilobum (Poir.) Hieron.,Athyriaceae,Diplazium,SPECIES,PRESERVED_SPECIMEN,2018-12-06,2018,-71.283,18.168,NA,e42c4be9-dc6d-466b-8df2-60ac8c47fadd,VT,,04,10,POLO,060410,874cd66ceffffff
323a3d97-f4db-4686-ac08-63d75b59ddf7,1928479064,Verbena rigida,Verbena rigida Spreng.,Verbenaceae,Verbena,SPECIES,PRESERVED_SPECIMEN,1984-06-05,1984,-71.23,18.12,NA,d415c253-4d61-4459-9d25-4015b9084fb0,NY,NY,04,10,POLO,060410,874cd2990ffffff
3240CFD6-471D-463E-9032-D7773435BB7A,1503261508,Badiera fuertesii,Badiera fuertesii Urb.,Polygalaceae,Badiera,SPECIES,PRESERVED_SPECIMEN,2006-05-31,2006,-71.2269,18.1108,NA,af1b4db0-c8ce-4a95-b700-8a6a02bed9d6,USF,Herb,04,10,POLO,060410,874cd2990ffffff
3294f479-e55e-4375-8d20-c3611b534726,1928483656,Arundinella hispida,Arundinella hispida (Kunth ex Willd.) Kuntze,Poaceae,Arundinella,SPECIES,PRESERVED_SPECIMEN,1871,1871,-71.232783,18.117481,3796.57,d415c253-4d61-4459-9d25-4015b9084fb0,NY,NY,04,10,POLO,060410,874cd2990ffffff
3337f917-c811-4875-9f58-1a2d52b442b6,4111426322,Phlegmariurus taxifolius,Phlegmariurus taxifolius (Sw.) Á.Löve & D.Löve,Lycopodiaceae,Phlegmariurus,SPECIES,PRESERVED_SPECIMEN,2019-05-13,2019,-71.2837,18.1683,NA,b89d52a2-861d-4388-adad-c0da3d55fc78,UF,,04,10,POLO,060410,874cd66ceffffff
337ac5a6-4ce0-4327-87a3-bab732a6fe09,1457761275,Cynoglossum amabile,Cynoglossum amabile Stapf & J.R.Drumm.,Boraginaceae,Cynoglossum,SPECIES,PRESERVED_SPECIMEN,2006-05-31,2006,-71.234722,18.114167,NA,b89d52a2-861d-4388-adad-c0da3d55fc78,UF,,04,10,POLO,060410,874cd2990ffffff
340adace-c481-4307-bfb0-7fc50c8980cc,2573050770,Amauropelta Kunze,Amauropelta Kunze,Thelypteridaceae,Amauropelta,GENUS,PRESERVED_SPECIMEN,2018-12-06,2018,-71.28296,18.16842,NA,e42c4be9-dc6d-466b-8df2-60ac8c47fadd,VT,,04,10,POLO,060410,874cd66ceffffff
3435262d-9604-4692-a978-49b7b2daba31,1057526933,Aechmea nudicaulis,Aechmea nudicaulis (L.) Griseb.,Bromeliaceae,Aechmea,SPECIES,PRESERVED_SPECIMEN,1946-08,1946,-71.25,18.075,NA,7e380070-f762-11e1-a439-00145eb45e9a,NHMUK,BOT,04,10,POLO,060410,874cd2d68ffffff
34487e13-ae16-4479-b8aa-8fdee23b3b81,1928507441,Miconia gracilifolia,Sagraea gracilis (Alain) Alain,Melastomataceae,Miconia,SPECIES,PRESERVED_SPECIMEN,2006-05-31,2006,-71.233306,18.114625,NA,d415c253-4d61-4459-9d25-4015b9084fb0,NY,NY,04,10,POLO,060410,874cd2990ffffff
36135cf5-e500-4c8a-9c37-bd7adf7d26b2,4111431327,Phlegmariurus reflexus,Phlegmariurus reflexus (Lam.) B.Øllg.,Lycopodiaceae,Phlegmariurus,SPECIES,PRESERVED_SPECIMEN,2018-12-06,2018,-71.227,18.112,NA,b89d52a2-861d-4388-adad-c0da3d55fc78,UF,,04,10,POLO,060410,874cd2990ffffff
3614a59f-d650-45b2-954d-1b7360f4efba,4161659312,Paraleonurus sibiricus,Leonurus sibiricus L.,Lamiaceae,Paraleonurus,SPECIES,PRESERVED_SPECIMEN,2021-05-22,2021,-71.261898,18.136083,NA,b89d52a2-861d-4388-adad-c0da3d55fc78,UF,,04,10,POLO,060410,874cd66cbffffff
36fc1448-39e0-42b6-b245-eddc7b18b3f4,1928545901,Sapium daphnoides,Sapium daphnoides Griseb.,Euphorbiaceae,Sapium,SPECIES,PRESERVED_SPECIMEN,1990-06-10,1990,-71.23,18.12,NA,d415c253-4d61-4459-9d25-4015b9084fb0,NY,NY,04,10,POLO,060410,874cd2990ffffff
374ea068-8a8c-4037-b323-5adda9545e8c,1055388863,Catopsis nitida,Catopsis nitida (Hook.) Griseb.,Bromeliaceae,Catopsis,SPECIES,PRESERVED_SPECIMEN,1946-08,1946,-71.25,18.075,NA,7e380070-f762-11e1-a439-00145eb45e9a,NHMUK,BOT,04,10,POLO,060410,874cd2d68ffffff
375abf43-c8b3-4fdc-915a-91630c464209,1928550978,Euphorbia berteroana,Euphorbia berteroana Balb. ex Spreng.,Euphorbiaceae,Euphorbia,SPECIES,PRESERVED_SPECIMEN,1911-06,1911,-71.232783,18.117481,3796.57,d415c253-4d61-4459-9d25-4015b9084fb0,NY,NY,04,10,POLO,060410,874cd2990ffffff
37721146-3641-471e-add6-701fd39471d2,1928552481,Manilkara valenzuelana,Manilkara valenzuelana (A.Rich.) T.D.Penn.,Sapotaceae,Manilkara,SPECIES,PRESERVED_SPECIMEN,1984-06-05,1984,-71.275,18.125,NA,d415c253-4d61-4459-9d25-4015b9084fb0,NY,NY,04,10,POLO,060410,874cd2d65ffffff
37a8d0d9-4d64-4572-bd9d-d873f86621c2,1928555518,Solanum wendlandii,Solanum wendlandii Hook.fil.,Solanaceae,Solanum,SPECIES,PRESERVED_SPECIMEN,1984-06-06,1984,-71.27,18.08,NA,d415c253-4d61-4459-9d25-4015b9084fb0,NY,NY,04,10,POLO,060410,874cd2d6effffff
39ba6997-aaed-4dc2-9aeb-6ba5aedae94f,4415562329,Gesneria ekmanii,Gesneria ekmanii Urb.,Gesneriaceae,Gesneria,SPECIES,PRESERVED_SPECIMEN,2023-01-29,2023,-71.304908,18.115256,NA,b89d52a2-861d-4388-adad-c0da3d55fc78,UF,,04,10,POLO,060410,874cd2d66ffffff
3ABA0309-814B-40B7-B360-4C5A79081B6B,122927686,Colubrina arborescens,Colubrina arborescens (Mill.) Sarg.,Rhamnaceae,Colubrina,SPECIES,PRESERVED_SPECIMEN,1981-12-04,1981,-71.3,18.0667,NA,832cb04e-f762-11e1-a439-00145eb45e9a,FTG,Herbarium,04,10,POLO,060410,874cd2d40ffffff
3C459EC4-3FDE-4BE5-8BEA-064BCDDD5E08,2859482446,Goniopteris brittoniae,Thelypteris brittoniae (Sloss. ex Maxon) Alain,Thelypteridaceae,Goniopteris,SPECIES,PRESERVED_SPECIMEN,1992-07-19,1992,-71.266667,18.05,NA,f3f03cbf-1a01-4739-ae15-c1355b8c2dbf,CM,botany,04,10,POLO,060410,874cd2d4cffffff
3a9dec12-cb10-4008-b906-c0c850520b1c,3329398427,Miconia alainii,Miconia alainii Judd & Skean,Melastomataceae,Miconia,SPECIES,PRESERVED_SPECIMEN,2006-05-31,2006,-71.231556,18.114972,NA,b89d52a2-861d-4388-adad-c0da3d55fc78,UF,,04,10,POLO,060410,874cd2990ffffff
3ba6eb61-20f6-450d-937e-c92540c029a4,2573051243,Elaphoglossum Schott ex J.Sm.,Elaphoglossum Schott ex J.Sm.,Dryopteridaceae,Elaphoglossum,GENUS,PRESERVED_SPECIMEN,2018-12-06,2018,-71.227,18.112,NA,e42c4be9-dc6d-466b-8df2-60ac8c47fadd,VT,,04,10,POLO,060410,874cd2990ffffff
3bf1ac3a-ea77-411b-823e-e6c58c1da205,1928615711,Goniopteris scolopendrioides,Thelypteris scolopendrioides (L.) Proctor,Thelypteridaceae,Goniopteris,SPECIES,PRESERVED_SPECIMEN,1969-02-27,1969,-71.21667,18.1,1292,d415c253-4d61-4459-9d25-4015b9084fb0,NY,NY,04,10,POLO,060410,874cd2991ffffff
3caf8fee-13a8-446a-852b-b88442026939,1928626413,Brachythecium ruderale,Brachythecium ruderale (Brid.) W.R. Buck,Brachytheciaceae,Brachythecium,SPECIES,PRESERVED_SPECIMEN,,NA,-71.25,18.12,NA,d415c253-4d61-4459-9d25-4015b9084fb0,NY,NY,04,10,POLO,060410,874cd2996ffffff
3ccfb2c9-e6d1-47eb-8f40-fc7f7863cc9b,2573049765,Diplazium Sw.,Diplazium Sw.,Athyriaceae,Diplazium,GENUS,PRESERVED_SPECIMEN,2018-12-06,2018,-71.227,18.112,NA,e42c4be9-dc6d-466b-8df2-60ac8c47fadd,VT,,04,10,POLO,060410,874cd2990ffffff
3d2ef923-e054-4efb-8b10-0bf2a43aa45a,2573049281,Diplazium Sw.,Diplazium Sw.,Athyriaceae,Diplazium,GENUS,PRESERVED_SPECIMEN,2018-12-06,2018,-71.227,18.112,NA,e42c4be9-dc6d-466b-8df2-60ac8c47fadd,VT,,04,10,POLO,060410,874cd2990ffffff
3d92bd6a-205e-4456-8075-1ce0b53808da,1928638592,Comocladia dentata,Comocladia dentata Jacq.,Anacardiaceae,Comocladia,SPECIES,PRESERVED_SPECIMEN,1911,1911,-71.232783,18.117481,3796.57,d415c253-4d61-4459-9d25-4015b9084fb0,NY,NY,04,10,POLO,060410,874cd2990ffffff
3e921b0c-5b30-4433-b28e-025cc231eee2,5029135488,Artemisia domingensis,Artemisia domingensis Urb.,Asteraceae,Artemisia,SPECIES,PRESERVED_SPECIMEN,2023-01-28,2023,-71.283536,18.165304,NA,b89d52a2-861d-4388-adad-c0da3d55fc78,UF,,04,10,POLO,060410,874cd66ceffffff
3ea7e0cb-c188-4b00-b1f6-bdce402954d4,4111423329,Diplazium Sw.,Diplazium Sw.,Athyriaceae,Diplazium,GENUS,PRESERVED_SPECIMEN,2018-12-06,2018,-71.283,18.168,NA,b89d52a2-861d-4388-adad-c0da3d55fc78,UF,,04,10,POLO,060410,874cd66ceffffff
3eda8e99-81af-4bc1-bb2f-45dd9f124e19,3329398617,Miconia umbellata,Miconia umbellata (Mill.) Judd & Ionta,Melastomataceae,Miconia,SPECIES,PRESERVED_SPECIMEN,2006-05-31,2006,-71.234722,18.114167,NA,b89d52a2-861d-4388-adad-c0da3d55fc78,UF,,04,10,POLO,060410,874cd2990ffffff
40bd54da-fc28-4bce-8212-3d802b39c383,1928685144,Lejeunea Lib.,Lejeunea Lib.,Lejeuneaceae,Lejeunea,GENUS,PRESERVED_SPECIMEN,1982-02-15,1982,-71.25,18.12,NA,d415c253-4d61-4459-9d25-4015b9084fb0,NY,NY,04,10,POLO,060410,874cd2996ffffff
40f48126-8ab5-4e30-b915-1e0d35fb5e5d,2573052813,Campyloneurum angustifolium,Campyloneurum angustifolium (Sw.) Fée,Polypodiaceae,Campyloneurum,SPECIES,PRESERVED_SPECIMEN,2018-12-06,2018,-71.22737,18.1115,NA,e42c4be9-dc6d-466b-8df2-60ac8c47fadd,VT,,04,10,POLO,060410,874cd2990ffffff
4100313c-869a-402c-a24f-bef5154aae99,1928686870,Stelis pygmaea,Stelis pygmaea Cogn.,Orchidaceae,Stelis,SPECIES,PRESERVED_SPECIMEN,1969-02-27,1969,-71.21667,18.1,1292,d415c253-4d61-4459-9d25-4015b9084fb0,NY,NY,04,10,POLO,060410,874cd2991ffffff
415e3fb4-482f-4798-a9c9-74d05b5ac236,4598145327,Myrcia bracteosa,Myrcia bracteosa (Urb. & Ekman) K.Campbell & Peguero,Myrtaceae,Myrcia,SPECIES,PRESERVED_SPECIMEN,2021-05-22,2021,-71.22053,18.11388,NA,b89d52a2-861d-4388-adad-c0da3d55fc78,UF,,04,10,POLO,060410,874cd2995ffffff
418da231-2d6a-4847-b895-dd06fcee9610,4111425343,Elaphoglossum Schott ex J.Sm.,Elaphoglossum Schott ex J.Sm.,Dryopteridaceae,Elaphoglossum,GENUS,PRESERVED_SPECIMEN,2018-12-06,2018,-71.227,18.112,NA,b89d52a2-861d-4388-adad-c0da3d55fc78,UF,,04,10,POLO,060410,874cd2990ffffff
4209fa4b-6b62-4995-a006-09192eaacc63,1928701930,Ageratina dictyoneura,Ageratina dictyoneura (Urb.) R.M.King & H.Rob.,Asteraceae,Ageratina,SPECIES,PRESERVED_SPECIMEN,1981-12-04,1981,-71.3,18.07,NA,d415c253-4d61-4459-9d25-4015b9084fb0,NY,NY,04,10,POLO,060410,874cd2d40ffffff
4301ae03-2a0e-40ef-af1a-f8cbf6083414,2238706497,Miconia limoides,Miconia limoides (Urb.) Majure & Judd,Melastomataceae,Miconia,SPECIES,PRESERVED_SPECIMEN,2016-02-02,2016,-71.22688,18.11149,NA,b89d52a2-861d-4388-adad-c0da3d55fc78,UF,,04,10,POLO,060410,874cd2990ffffff
430ddd12-5cdf-4fb2-91af-db63c4148eef,2573053760,Ctenitis (C.Chr.) C.Chr.,Ctenitis (C.Chr.) C.Chr.,Dryopteridaceae,Ctenitis,GENUS,PRESERVED_SPECIMEN,2018-12-06,2018,-71.283,18.168,NA,e42c4be9-dc6d-466b-8df2-60ac8c47fadd,VT,,04,10,POLO,060410,874cd66ceffffff
433baf0d-446c-4c3b-9768-c5cc2c5da26f,4415567317,Pilea setigera,Pilea setigera Urb.,Urticaceae,Pilea,SPECIES,PRESERVED_SPECIMEN,2023-01-29,2023,-71.2088,18.103767,NA,b89d52a2-861d-4388-adad-c0da3d55fc78,UF,,04,10,POLO,060410,874cd2991ffffff
43692638-3e05-415a-96a2-6e5179f4a8e2,4111433332,Asplenium L.,Asplenium L.,Aspleniaceae,Asplenium,GENUS,PRESERVED_SPECIMEN,2019-05-13,2019,-71.2837,18.1683,NA,b89d52a2-861d-4388-adad-c0da3d55fc78,UF,,04,10,POLO,060410,874cd66ceffffff
439b5a5c-8a7a-41eb-96d7-59d208b657dc,4415562333,Rondeletia L.,Rondeletia L.,Rubiaceae,Rondeletia,GENUS,PRESERVED_SPECIMEN,2023-01-29,2023,-71.2088,18.103767,NA,b89d52a2-861d-4388-adad-c0da3d55fc78,UF,,04,10,POLO,060410,874cd2991ffffff
441250b5-1baf-4bf5-bd7a-ed682e6efcc3,4111432339,Miconia lanceolata,Miconia lanceolata (Desr.) DC.,Melastomataceae,Miconia,SPECIES,PRESERVED_SPECIMEN,2019-05-13,2019,-71.2837,18.1683,NA,b89d52a2-861d-4388-adad-c0da3d55fc78,UF,,04,10,POLO,060410,874cd66ceffffff
44c0d7d1-6c55-4fcf-9c7c-8766916424e6,4111425344,Thelypteris Schmidel,Thelypteris Schmidel,Thelypteridaceae,Thelypteris,GENUS,PRESERVED_SPECIMEN,2019-05-13,2019,-71.2837,18.1683,NA,b89d52a2-861d-4388-adad-c0da3d55fc78,UF,,04,10,POLO,060410,874cd66ceffffff
45a19990-14f7-44b5-8d3d-29d6304b4f89,1928752787,Turpinia occidentalis,Turpinia occidentalis (Sw.) G.Don,Staphyleaceae,Turpinia,SPECIES,PRESERVED_SPECIMEN,1984-06-05,1984,-71.275,18.125,NA,d415c253-4d61-4459-9d25-4015b9084fb0,NY,NY,04,10,POLO,060410,874cd2d65ffffff
4658a6ea-b737-4dc8-a0b5-76060bf1b494,4525834310,Polystichum platyphyllum,Polystichum hottense C.Chr.,Dryopteridaceae,Polystichum,SPECIES,PRESERVED_SPECIMEN,2019-05-13,2019,-71.28183,18.16073,NA,b89d52a2-861d-4388-adad-c0da3d55fc78,UF,,04,10,POLO,060410,874cd66ceffffff
46e4b3bd-d071-4734-a7d4-f98bcf76f4e4,1928771110,Pilea bicolor,Pilea bicolor Urb.,Urticaceae,Pilea,SPECIES,PRESERVED_SPECIMEN,1969-02-27,1969,-71.21667,18.1,1292,d415c253-4d61-4459-9d25-4015b9084fb0,NY,NY,04,10,POLO,060410,874cd2991ffffff
47275c6c-754f-4582-9566-d67cc3834771,1928774346,Coccoloba pauciflora,Coccoloba pauciflora Urb.,Polygonaceae,Coccoloba,SPECIES,PRESERVED_SPECIMEN,1950-07-31,1950,-71.248287,18.096602,3382,d415c253-4d61-4459-9d25-4015b9084fb0,NY,NY,04,10,POLO,060410,874cd2992ffffff
47f0ddae-360b-4755-a115-db722f37269c,4946997593,Polypogon monspeliensis,Polypogon monspeliensis (L.) Desf.,Poaceae,Polypogon,SPECIES,PRESERVED_SPECIMEN,2023-01-28,2023,-71.283536,18.165304,NA,b89d52a2-861d-4388-adad-c0da3d55fc78,UF,,04,10,POLO,060410,874cd66ceffffff
485a8246-224d-42b5-afe0-b535c8c5c6da,1846482954,Henriettea uniflora,"Henriettea uniflora Judd, Skean, Penneys & Michelang.",Melastomataceae,Henriettea,SPECIES,PRESERVED_SPECIMEN,2016-02-02,2016,-71.21983,18.11107,NA,3c59bd42-7bfd-421b-8da4-275780390e4c,DES,,04,10,POLO,060410,874cd2990ffffff
49427fb4-7936-4714-a3dd-acfbe1843cd2,5132801489,Pilea Lindl.,Pilea Lindl.,Urticaceae,Pilea,GENUS,PRESERVED_SPECIMEN,2013-11-20,2013,-71.28772,18.04319,NA,d415c253-4d61-4459-9d25-4015b9084fb0,NY,NY,04,10,POLO,060410,874cd2d4effffff
4ae3fd1d-c371-4250-98f4-122864ca54f5,4116709689,Elaphoglossum lepidotum,Elaphoglossum lepidotum (Willd.) J.Sm.,Dryopteridaceae,Elaphoglossum,SPECIES,PRESERVED_SPECIMEN,1911-10,1911,-71.290979,18.178202,1054,5a2b4f54-fba7-473d-ab85-226e2bb9f5ec,IIBZ,USD,04,10,POLO,060410,874cd66c3ffffff
4be38c94-53fe-499d-8fc4-2b9998028482,4598146332,Nephrolepis Schott,Nephrolepis Schott,Nephrolepidaceae,Nephrolepis,GENUS,PRESERVED_SPECIMEN,2018-12-06,2018,-71.22016,18.11125,NA,b89d52a2-861d-4388-adad-c0da3d55fc78,UF,,04,10,POLO,060410,874cd2990ffffff
4c40e363-caef-48ad-babb-65ab28f99f04,1928846196,Euphorbia peplus,Euphorbia peplus L.,Euphorbiaceae,Euphorbia,SPECIES,PRESERVED_SPECIMEN,1969-02-27,1969,-71.21667,18.1,1292,d415c253-4d61-4459-9d25-4015b9084fb0,NY,NY,04,10,POLO,060410,874cd2991ffffff
4c45fc09-92bc-475b-9feb-0dbd8f8e9053,1928846349,Miconia subcompressa,Miconia subcompressa subsp. beverlyana Judd,Melastomataceae,Miconia,SUBSPECIES,PRESERVED_SPECIMEN,2016-02-02,2016,-71.23479,18.11419,NA,d415c253-4d61-4459-9d25-4015b9084fb0,NY,NY,04,10,POLO,060410,874cd2990ffffff
4c51a9b9-e0db-46fd-a0fd-1c2a66971283,4111425346,Miconia lanceolata,Miconia lanceolata (Desr.) DC.,Melastomataceae,Miconia,SPECIES,PRESERVED_SPECIMEN,2019-05-13,2019,-71.2837,18.1683,NA,b89d52a2-861d-4388-adad-c0da3d55fc78,UF,,04,10,POLO,060410,874cd66ceffffff
4c644b75-40f9-4eda-ad53-325c8da6053f,1928847914,Lepidaploa sericea,Lepidaploa sericea (Rich.) H.Rob.,Asteraceae,Lepidaploa,SPECIES,PRESERVED_SPECIMEN,1871,1871,-71.232783,18.117481,3796.57,d415c253-4d61-4459-9d25-4015b9084fb0,NY,NY,04,10,POLO,060410,874cd2990ffffff
4c7684f7-6f07-4a8f-aae1-e68a8b247b30,1928849967,Koanophyllon obtusissimum,Koanophyllon obtusissimum (DC.) R.M.King & H.Rob.,Asteraceae,Koanophyllon,SPECIES,PRESERVED_SPECIMEN,1871,1871,-71.232783,18.117481,3796.57,d415c253-4d61-4459-9d25-4015b9084fb0,NY,NY,04,10,POLO,060410,874cd2990ffffff
4ccb80a0-1fe9-437f-8199-a16497631f5e,3329398753,Meriania involucrata,Meriania involucrata (Desr.) Naudin,Melastomataceae,Meriania,SPECIES,PRESERVED_SPECIMEN,2006-05-31,2006,-71.226833,18.111417,NA,b89d52a2-861d-4388-adad-c0da3d55fc78,UF,,04,10,POLO,060410,874cd2990ffffff
4cd8b696-7be3-4fac-b68c-f0dde0491670,2573049520,Asplenium feei,Asplenium feei Kunze ex Fée,Aspleniaceae,Asplenium,SPECIES,PRESERVED_SPECIMEN,2018-12-06,2018,-71.22016,18.11125,NA,e42c4be9-dc6d-466b-8df2-60ac8c47fadd,VT,,04,10,POLO,060410,874cd2990ffffff
4d332bba-4336-4e63-a6f8-de14afe3f8bd,4111425347,Asplenium L.,Asplenium L.,Aspleniaceae,Asplenium,GENUS,PRESERVED_SPECIMEN,2019-05-13,2019,-71.2837,18.1683,NA,b89d52a2-861d-4388-adad-c0da3d55fc78,UF,,04,10,POLO,060410,874cd66ceffffff
4d351a4b-cbcb-45f9-b973-645794040b2a,5077564402,Euphorbia peplus,Euphorbia peplus L.,Euphorbiaceae,Euphorbia,SPECIES,PRESERVED_SPECIMEN,1969-02-27,1969,-71.279997,18.092364,3516,13dacd48-5790-4b99-bf04-08b23922e8aa,WIS,,04,10,POLO,060410,874cd2d63ffffff
4f56f798-dd8d-4e32-93a3-19e0450db053,1928890002,Ageratina dictyoneura,Ageratina dictyoneura (Urb.) R.M.King & H.Rob.,Asteraceae,Ageratina,SPECIES,PRESERVED_SPECIMEN,1981-12-04,1981,-71.3,18.07,NA,d415c253-4d61-4459-9d25-4015b9084fb0,NY,NY,04,10,POLO,060410,874cd2d40ffffff
519a0622-c396-4bb7-b34d-978dd85e41cd,3329398594,Symplocos cubensis,Symplocos berteroi (A.DC.) Miers,Symplocaceae,Symplocos,SPECIES,PRESERVED_SPECIMEN,2019-05-13,2019,-71.28183,18.16073,NA,b89d52a2-861d-4388-adad-c0da3d55fc78,UF,,04,10,POLO,060410,874cd66ceffffff
5229c044-06ff-463c-a4f8-dbcf9b979430,4161664318,Hedyosmum nutans,Hedyosmum nutans Sw.,Chloranthaceae,Hedyosmum,SPECIES,PRESERVED_SPECIMEN,2021-05-22,2021,-71.22054,18.11388,NA,b89d52a2-861d-4388-adad-c0da3d55fc78,UF,,04,10,POLO,060410,874cd2995ffffff
525ec171-9bae-4125-8814-31b1fc94e975,4598143333,Parapolystichum effusum,Lastreopsis effusa (Sw.) Tindale,Dryopteridaceae,Parapolystichum,SPECIES,PRESERVED_SPECIMEN,2018-12-06,2018,-71.28296,18.16842,NA,b89d52a2-861d-4388-adad-c0da3d55fc78,UF,,04,10,POLO,060410,874cd66ceffffff
52d46a8d-e406-4466-b1b1-bde02c7f1b8f,4111426342,Elaphoglossum Schott ex J.Sm.,Elaphoglossum Schott ex J.Sm.,Dryopteridaceae,Elaphoglossum,GENUS,PRESERVED_SPECIMEN,2018-12-06,2018,-71.227,18.112,NA,b89d52a2-861d-4388-adad-c0da3d55fc78,UF,,04,10,POLO,060410,874cd2990ffffff
534acf3b-f8e3-453c-9c3a-7a69c807ddd6,4511527319,Miconia dodecandra,Miconia dodecandra (Desr.) Cogn.,Melastomataceae,Miconia,SPECIES,PRESERVED_SPECIMEN,2020-08-20,2020,-71.229194,18.111889,NA,b89d52a2-861d-4388-adad-c0da3d55fc78,UF,,04,10,POLO,060410,874cd2990ffffff
53dc1671-4282-424b-8bbd-ccc7cae4c481,1457772494,Miconia lima,Miconia lima (Desr.) M.Gómez,Melastomataceae,Miconia,SPECIES,PRESERVED_SPECIMEN,2006-05-31,2006,-71.234722,18.114167,NA,b89d52a2-861d-4388-adad-c0da3d55fc78,UF,,04,10,POLO,060410,874cd2990ffffff
54eab6ad-e49d-4d71-baea-9bcecdd33a0d,4598143335,Eleocharis flavescens,Eleocharis flavescens (Poir.) Urb.,Cyperaceae,Eleocharis,SPECIES,PRESERVED_SPECIMEN,2021-05-22,2021,-71.22053,18.11388,NA,b89d52a2-861d-4388-adad-c0da3d55fc78,UF,,04,10,POLO,060410,874cd2995ffffff
553686f7-0062-4bd0-8f56-49fd159a57fa,5839474374,Mirabilis jalapa,Mirabilis jalapa L.,Nyctaginaceae,Mirabilis,SPECIES,PRESERVED_SPECIMEN,2024-11-17,2024,-71.258675,18.080269,NA,b89d52a2-861d-4388-adad-c0da3d55fc78,UF,,04,10,POLO,060410,874cd2d6cffffff
56cc7c72-4039-468e-9b04-7872ffbec19d,1928995221,Nephrolepis hirsutula,Nephrolepis hirsutula (G.Forst.) C.Presl,Nephrolepidaceae,Nephrolepis,SPECIES,PRESERVED_SPECIMEN,1984-06-06,1984,-71.28,18.05,NA,d415c253-4d61-4459-9d25-4015b9084fb0,NY,NY,04,10,POLO,060410,874cd2d4cffffff
5748df9f-4fe1-4fea-8f75-d6b157af5021,3329398907,Miconia clasei,"Miconia clasei Majure, Skean & Judd",Melastomataceae,Miconia,SPECIES,PRESERVED_SPECIMEN,2019-05-13,2019,-71.28183,18.16073,NA,b89d52a2-861d-4388-adad-c0da3d55fc78,UF,,04,10,POLO,060410,874cd66ceffffff
5766fb78-bfd7-447e-84be-f4f04d14bd18,2573050500,Amauropelta rudis,Amauropelta rudis (Kunze) Pic.Serm.,Thelypteridaceae,Amauropelta,SPECIES,PRESERVED_SPECIMEN,2018-12-06,2018,-71.22737,18.1115,NA,e42c4be9-dc6d-466b-8df2-60ac8c47fadd,VT,,04,10,POLO,060410,874cd2990ffffff
5793d106-f40f-4090-ae0c-fa46ed9e36d9,4598144343,Rhynchospora biflora,Rhynchospora uniflora Boeckeler,Cyperaceae,Rhynchospora,SPECIES,PRESERVED_SPECIMEN,2021-05-22,2021,-71.22053,18.11388,NA,b89d52a2-861d-4388-adad-c0da3d55fc78,UF,,04,10,POLO,060410,874cd2995ffffff
57f71bf0-a4b1-4843-bc9a-96ec0a27b20a,1929011685,Galphimia gracilis,Galphimia gracilis Bartl.,Malpighiaceae,Galphimia,SPECIES,PRESERVED_SPECIMEN,1910-07,1910,-71.232783,18.117481,3796.57,d415c253-4d61-4459-9d25-4015b9084fb0,NY,NY,04,10,POLO,060410,874cd2990ffffff
58cc40e1-8d1b-48de-a8fa-560d7c43d4cd,2573053135,Asplenium L.,Asplenium L.,Aspleniaceae,Asplenium,GENUS,PRESERVED_SPECIMEN,2018-12-07,2018,-71.29,18.05,NA,e42c4be9-dc6d-466b-8df2-60ac8c47fadd,VT,,04,10,POLO,060410,874cd2d41ffffff
5958aeea-013f-4010-b1e0-2a7b5ae00ad4,1929031364,Hymenophyllum axillare,Hymenophyllum axillare Sw.,Hymenophyllaceae,Hymenophyllum,SPECIES,PRESERVED_SPECIMEN,1912,1912,-71.232783,18.117481,3796.57,d415c253-4d61-4459-9d25-4015b9084fb0,NY,NY,04,10,POLO,060410,874cd2990ffffff
5AF4864B-1491-4764-8F68-D840EE1DC287,122947532,Exostema lineatum,Exostema lineatum (Vahl) Roem. & Schult.,Rubiaceae,Exostema,SPECIES,PRESERVED_SPECIMEN,1992-05-16,1992,-71.25,18.0833,NA,832cb04e-f762-11e1-a439-00145eb45e9a,FTG,Herbarium,04,10,POLO,060410,874cd2d6cffffff
5a20c727-baa6-401f-a5c2-bb3eb238ef2c,1929042272,Tithonia diversifolia,Tithonia diversifolia (Hemsl.) A.Gray,Asteraceae,Tithonia,SPECIES,PRESERVED_SPECIMEN,1984-06-05,1984,-71.275,18.12,NA,d415c253-4d61-4459-9d25-4015b9084fb0,NY,NY,04,10,POLO,060410,874cd2d65ffffff
5b7cc2a7-23fc-4651-a6e7-f4570300a186,1929061185,Polyphlebium diaphanum,Trichomanes hymenophylloides Bosch,Hymenophyllaceae,Polyphlebium,SPECIES,PRESERVED_SPECIMEN,1912,1912,-71.232783,18.117481,3796.57,d415c253-4d61-4459-9d25-4015b9084fb0,NY,NY,04,10,POLO,060410,874cd2990ffffff
5bef217e-1352-4fb7-969e-e0ea9f9cd0c6,1929067491,Prosthechea fuertesii,Prosthechea fuertesii (Cogn.) Christenson,Orchidaceae,Prosthechea,SPECIES,PRESERVED_SPECIMEN,1999-06-04,1999,-71.23,18.1153,NA,d415c253-4d61-4459-9d25-4015b9084fb0,NY,NY,04,10,POLO,060410,874cd2990ffffff
5c486d0d-4730-4072-839f-e624e542c82e,1929072629,Miconia howardiana,"Miconia howardiana Judd, Salzman & Skean",Melastomataceae,Miconia,SPECIES,PRESERVED_SPECIMEN,2006-05-31,2006,-71.22692,18.11072,NA,d415c253-4d61-4459-9d25-4015b9084fb0,NY,NY,04,10,POLO,060410,874cd2990ffffff
5cfd1b87-8c25-4356-85ed-da72c3e8c4a9,3329399116,Dichanthelium acuminatum,Dichanthelium acuminatum (Sw.) Gould & C.A.Clark,Poaceae,Dichanthelium,SPECIES,PRESERVED_SPECIMEN,2019-05-13,2019,-71.28183,18.16073,NA,b89d52a2-861d-4388-adad-c0da3d55fc78,UF,,04,10,POLO,060410,874cd66ceffffff
5dc10fed-22a1-4b3d-8f38-55e2e3fe397a,4111434340,Goniopteris C.Presl,Goniopteris C.Presl,Thelypteridaceae,Goniopteris,GENUS,PRESERVED_SPECIMEN,2019-05-13,2019,-71.2837,18.1683,NA,b89d52a2-861d-4388-adad-c0da3d55fc78,UF,,04,10,POLO,060410,874cd66ceffffff
5e54fcb5-0ed2-449c-bc9e-13c04215c304,1929101495,Cyclopogon elatus,Cyclopogon elatus (Sw.) Schltr.,Orchidaceae,Cyclopogon,SPECIES,PRESERVED_SPECIMEN,1969-02-27,1969,-71.21667,18.1,1292,d415c253-4d61-4459-9d25-4015b9084fb0,NY,NY,04,10,POLO,060410,874cd2991ffffff
5f81931e-652d-4500-8a17-371404220e6e,1929118331,Miconia bahorucensis,Mecranium ovatum Cogn.,Melastomataceae,Miconia,SPECIES,PRESERVED_SPECIMEN,2016-02-02,2016,-71.21983,18.11107,NA,d415c253-4d61-4459-9d25-4015b9084fb0,NY,NY,04,10,POLO,060410,874cd2990ffffff
5fb28a60-484c-44d0-a5a8-ed32dfbe22f3,4111432358,Asplenium serra,Asplenium serra Langsd. & Fisch.,Aspleniaceae,Asplenium,SPECIES,PRESERVED_SPECIMEN,2018-12-06,2018,-71.227,18.112,NA,b89d52a2-861d-4388-adad-c0da3d55fc78,UF,,04,10,POLO,060410,874cd2990ffffff
6025e8a4-4c63-4801-b29e-d2a41bf92a57,4111433348,Asplenium diplosceum,Asplenium diplosceum Hieron.,Aspleniaceae,Asplenium,SPECIES,PRESERVED_SPECIMEN,2019-05-13,2019,-71.2837,18.1683,NA,b89d52a2-861d-4388-adad-c0da3d55fc78,UF,,04,10,POLO,060410,874cd66ceffffff
61110e93-085e-47df-9b7c-5bbaba089380,3329399331,Ilex fuertensiana,Ilex fuertesiana Loes.,Aquifoliaceae,Ilex,SPECIES,PRESERVED_SPECIMEN,2019-05-13,2019,-71.28183,18.16073,NA,b89d52a2-861d-4388-adad-c0da3d55fc78,UF,,04,10,POLO,060410,874cd66ceffffff
61308e70-66c7-4ab1-a603-9bd4d24b19f3,1929142085,Phyla nodiflora,Phyla nodiflora (L.) Greene,Verbenaceae,Phyla,SPECIES,PRESERVED_SPECIMEN,1950-07-29,1950,-71.248287,18.096602,3382,d415c253-4d61-4459-9d25-4015b9084fb0,NY,NY,04,10,POLO,060410,874cd2992ffffff
614983df-5a0e-475d-906c-2cf6ced34631,1929143261,Megalastrum caribaeum,"Megalastrum caribaeum (Desv.) R.C.Moran, J.Prado & Labiak",Dryopteridaceae,Megalastrum,SPECIES,PRESERVED_SPECIMEN,1909-12,1909,-71.27,18.07,NA,d415c253-4d61-4459-9d25-4015b9084fb0,NY,NY,04,10,POLO,060410,874cd2d6affffff
61e9bdbc-d98d-4228-a77d-ff893e6dcb25,1929151876,Alternanthera caracasana,Alternanthera caracasana Kunth,Amaranthaceae,Alternanthera,SPECIES,PRESERVED_SPECIMEN,1911-06,1911,-71.232783,18.117481,3796.57,d415c253-4d61-4459-9d25-4015b9084fb0,NY,NY,04,10,POLO,060410,874cd2990ffffff
63b4fa95-edde-486a-8485-f88117419732,4598144347,Miconia ferruginea,Miconia markgrafii Urb. & Ekman,Melastomataceae,Miconia,SPECIES,PRESERVED_SPECIMEN,2021-05-22,2021,-71.23355,18.11362,NA,b89d52a2-861d-4388-adad-c0da3d55fc78,UF,,04,10,POLO,060410,874cd2990ffffff
6433ee8f-c514-4fae-bdaa-2e9244b4f776,1929184610,Miconia limoides,Leandra limoides (Urb.) Judd & Skean,Melastomataceae,Miconia,SPECIES,PRESERVED_SPECIMEN,2006-05-31,2006,-71.2347,18.1142,NA,d415c253-4d61-4459-9d25-4015b9084fb0,NY,NY,04,10,POLO,060410,874cd2990ffffff
64883bdb-53a0-4343-a9bd-553e885cb9b9,4946998060,Miconia clasei,"Miconia clasei Majure, Skean & Judd",Melastomataceae,Miconia,SPECIES,PRESERVED_SPECIMEN,2023-01-28,2023,-71.283536,18.165304,NA,b89d52a2-861d-4388-adad-c0da3d55fc78,UF,,04,10,POLO,060410,874cd66ceffffff
65c7f384-3f5c-4408-b2c3-627cd3a5621a,1304579010,Solanum wendlandii,Solanum wendlandii Hook.fil.,Solanaceae,Solanum,SPECIES,OCCURRENCE,1984-06-06,1984,-71.266667,18.083333,NA,07044577-bd82-4089-9f3a-f4a9d2170b2e,Bioversity,,04,10,POLO,060410,874cd2d6effffff
65e22428-dac8-4867-8042-e044f7352186,1929210618,Tillandsia fasciculata,Tillandsia fasciculata Sw.,Bromeliaceae,Tillandsia,SPECIES,PRESERVED_SPECIMEN,1981-12-04,1981,-71.3,18.07,NA,d415c253-4d61-4459-9d25-4015b9084fb0,NY,NY,04,10,POLO,060410,874cd2d40ffffff
66e759e1-3eac-4535-a206-52b9c7597a9b,4015887413,Badiera fuertesii,Badiera fuertesii Urb.,Polygalaceae,Badiera,SPECIES,PRESERVED_SPECIMEN,2006-05-31,2006,-71.226917,18.110722,NA,648e3756-5dff-462b-9323-41e3214d9c3c,GA,,04,10,POLO,060410,874cd2990ffffff
670d0a9b-7a30-4e8f-bba6-4dd119f4fbad,1929224676,Lasiacis maculata,Lasiacis sorghoidea (Ham.) Hitchc. & Chase,Poaceae,Lasiacis,SPECIES,PRESERVED_SPECIMEN,1950-07-31,1950,-71.248287,18.096602,3382,d415c253-4d61-4459-9d25-4015b9084fb0,NY,NY,04,10,POLO,060410,874cd2992ffffff
675a6c59-b8ec-43ff-b77b-a22bbe394d37,1929228934,Miconia alainii,Miconia alainii Judd & Skean,Melastomataceae,Miconia,SPECIES,PRESERVED_SPECIMEN,2006-05-31,2006,-71.233306,18.114625,NA,d415c253-4d61-4459-9d25-4015b9084fb0,NY,NY,04,10,POLO,060410,874cd2990ffffff
685f79b1-2170-4c3e-a903-9a48d7fb78a0,4525832326,Polystichum platyphyllum,Polystichum hottense C.Chr.,Dryopteridaceae,Polystichum,SPECIES,PRESERVED_SPECIMEN,2019-05-13,2019,-71.28183,18.16073,NA,b89d52a2-861d-4388-adad-c0da3d55fc78,UF,,04,10,POLO,060410,874cd66ceffffff
699e4a19-02cd-4232-b573-3ccb467c2e3d,1929260565,Liabum subacaule,Liabum subacaule Rydb.,Asteraceae,Liabum,SPECIES,PRESERVED_SPECIMEN,1981-12-04,1981,-71.3,18.07,NA,d415c253-4d61-4459-9d25-4015b9084fb0,NY,NY,04,10,POLO,060410,874cd2d40ffffff
6a6b0f3f-0312-431d-b6d5-1f827b5b66fa,4078903310,Notopleura parasitica,Notopleura parasitica (Sw.) Hammel,Rubiaceae,Notopleura,SPECIES,PRESERVED_SPECIMEN,2018-12-06,2018,-71.2835,18.1653,NA,b89d52a2-861d-4388-adad-c0da3d55fc78,UF,,04,10,POLO,060410,874cd66ceffffff
6a86ec46-7c19-4e82-823e-241d01607f69,4161663324,Miconia howardiana,"Miconia howardiana Judd, Salzman & Skean",Melastomataceae,Miconia,SPECIES,PRESERVED_SPECIMEN,2021-05-22,2021,-71.23355,18.11362,NA,b89d52a2-861d-4388-adad-c0da3d55fc78,UF,,04,10,POLO,060410,874cd2990ffffff
6b0204d0-2a2a-4ea8-8da3-a73a9f20ae36,1929280142,Iresine diffusa,Iresine lindenii Van Houtte,Amaranthaceae,Iresine,SPECIES,PRESERVED_SPECIMEN,1982-02-15,1982,-71.25,18.12,NA,d415c253-4d61-4459-9d25-4015b9084fb0,NY,NY,04,10,POLO,060410,874cd2996ffffff
6b176295-0212-4352-be83-1e350d702a06,4111426359,Ctenitis (C.Chr.) C.Chr.,Ctenitis (C.Chr.) C.Chr.,Dryopteridaceae,Ctenitis,GENUS,PRESERVED_SPECIMEN,2018-12-06,2018,-71.283,18.168,NA,b89d52a2-861d-4388-adad-c0da3d55fc78,UF,,04,10,POLO,060410,874cd66ceffffff
6b2e68f0-7fc2-4fb7-a7ba-f623dd64490e,1929282958,Miconia alainii,Miconia alainii Judd & Skean,Melastomataceae,Miconia,SPECIES,PRESERVED_SPECIMEN,1992-05-18,1992,-71.232783,18.117481,3796.57,d415c253-4d61-4459-9d25-4015b9084fb0,NY,NY,04,10,POLO,060410,874cd2990ffffff
6c6b398f-f4cb-4c4a-a7c9-805e72ed312a,1929300205,Leucobryum antillarum,Leucobryum antillarum Schimp. ex Besch.,Leucobryaceae,Leucobryum,SPECIES,PRESERVED_SPECIMEN,2006-05-31,2006,-71.22692,18.11072,NA,d415c253-4d61-4459-9d25-4015b9084fb0,NY,NY,04,10,POLO,060410,874cd2990ffffff
6cc34dd2-c735-440c-a9e2-11263cdfbfa9,5106972349,Rhynchospora biflora,Rhynchospora uniflora Boeckeler,Cyperaceae,Rhynchospora,SPECIES,PRESERVED_SPECIMEN,2021-05-22,2021,-71.22054,18.11388,NA,b89d52a2-861d-4388-adad-c0da3d55fc78,UF,,04,10,POLO,060410,874cd2995ffffff
6d40e02b-e2dc-4e62-a363-3c9b2d64666e,1929311292,Chiococca alba,Chiococca alba (L.) Hitchc.,Rubiaceae,Chiococca,SPECIES,PRESERVED_SPECIMEN,1871,1871,-71.232783,18.117481,3796.57,d415c253-4d61-4459-9d25-4015b9084fb0,NY,NY,04,10,POLO,060410,874cd2990ffffff
6d70250c-05de-4bc8-bcf2-524cd1fd1bc7,1929314510,Guarea sphenophylla,Guarea sphenophylla Urb.,Meliaceae,Guarea,SPECIES,PRESERVED_SPECIMEN,1986-02-27,1986,-71.3,18.13,NA,d415c253-4d61-4459-9d25-4015b9084fb0,NY,NY,04,10,POLO,060410,874cd2d66ffffff
6d961f87-8377-4cff-b9d2-6f4e8b5e84da,3329399037,Miconia clasei,"Miconia clasei Majure, Skean & Judd",Melastomataceae,Miconia,SPECIES,PRESERVED_SPECIMEN,2019-05-13,2019,-71.28183,18.16073,NA,b89d52a2-861d-4388-adad-c0da3d55fc78,UF,,04,10,POLO,060410,874cd66ceffffff
6e068784-5264-4378-8292-f3c1683d8f2f,1929322344,Tillandsia juncea,Tillandsia juncea (Ruiz & Pav.) Poir.,Bromeliaceae,Tillandsia,SPECIES,PRESERVED_SPECIMEN,,NA,-71.28,18.12,NA,d415c253-4d61-4459-9d25-4015b9084fb0,NY,NY,04,10,POLO,060410,874cd2d60ffffff
6edeae02-0eb7-4a8d-a3fe-ddbec1a9d531,4946998065,Miconia vegaensis,"Miconia vegaensis (Cogn.) Judd, Bécquer & Majure",Melastomataceae,Miconia,SPECIES,PRESERVED_SPECIMEN,2023-01-28,2023,-71.283536,18.165304,NA,b89d52a2-861d-4388-adad-c0da3d55fc78,UF,,04,10,POLO,060410,874cd66ceffffff
6eef4985-4128-4f5f-8d95-c22c874a6cb8,1929335083,Pandanus utilis,Pandanus utilis Bory,Pandanaceae,Pandanus,SPECIES,PRESERVED_SPECIMEN,,NA,-71.232783,18.117481,3796.57,d415c253-4d61-4459-9d25-4015b9084fb0,NY,NY,04,10,POLO,060410,874cd2990ffffff
6f003716-b19e-4b7b-8412-bfbef9eebbfb,2573051360,Thelypteridaceae Ching ex Pic.Serm.,Thelypteridaceae Ching ex Pic.Serm.,Thelypteridaceae,,FAMILY,PRESERVED_SPECIMEN,2018-12-07,2018,-71.29545,18.05145,NA,e42c4be9-dc6d-466b-8df2-60ac8c47fadd,VT,,04,10,POLO,060410,874cd2d41ffffff
6f9ddc16-63b5-4f17-8795-755273102424,1057469413,Passiflora sexflora,Passiflora sexflora Juss.,Passifloraceae,Passiflora,SPECIES,PRESERVED_SPECIMEN,1946-08,1946,-71.25,18.075,NA,7e380070-f762-11e1-a439-00145eb45e9a,NHMUK,BOT,04,10,POLO,060410,874cd2d68ffffff
70295f1d-9c85-4f1d-94ad-41a21d5080d1,1929352960,Miconia bahorucensis,Mecranium ovatum Cogn.,Melastomataceae,Miconia,SPECIES,PRESERVED_SPECIMEN,1986-05-28,1986,-71.232783,18.117481,3796.57,d415c253-4d61-4459-9d25-4015b9084fb0,NY,NY,04,10,POLO,060410,874cd2990ffffff
7167fc27-864e-44c1-9073-b00caa80dcfc,4111433358,Sticherus C.Presl,Sticherus C.Presl,Gleicheniaceae,Sticherus,GENUS,PRESERVED_SPECIMEN,2018-12-06,2018,-71.227,18.112,NA,b89d52a2-861d-4388-adad-c0da3d55fc78,UF,,04,10,POLO,060410,874cd2990ffffff
7207ee8f-b829-4f57-93a3-3847f1b207f6,1929379376,Liabum subacaule,Liabum subacaule Rydb.,Asteraceae,Liabum,SPECIES,PRESERVED_SPECIMEN,1911,1911,-71.232783,18.117481,3796.57,d415c253-4d61-4459-9d25-4015b9084fb0,NY,NY,04,10,POLO,060410,874cd2990ffffff
72e7325a-d0f4-47bd-a483-d7838dc183a5,4111424353,Campyloneurum C.Presl,Campyloneurum C.Presl,Polypodiaceae,Campyloneurum,GENUS,PRESERVED_SPECIMEN,2019-05-13,2019,-71.2837,18.1683,NA,b89d52a2-861d-4388-adad-c0da3d55fc78,UF,,04,10,POLO,060410,874cd66ceffffff
73678c6c-357d-4527-9af6-7cd2dde26940,5829830485,Xylosma lineolata,Xylosma lineolata Urb. & Ekman,Salicaceae,Xylosma,SPECIES,PRESERVED_SPECIMEN,2019-05-13,2019,-71.28183,18.16073,NA,b89d52a2-861d-4388-adad-c0da3d55fc78,UF,,04,10,POLO,060410,874cd66ceffffff
7379fee3-0a74-4564-9002-058daa64a259,1929399282,Cassipourea obtusa,Cassipourea obtusa Urb.,Rhizophoraceae,Cassipourea,SPECIES,PRESERVED_SPECIMEN,1912,1912,-71.232783,18.117481,3796.57,d415c253-4d61-4459-9d25-4015b9084fb0,NY,NY,04,10,POLO,060410,874cd2990ffffff
73b9512f-889c-4464-927a-c561f6dd9d41,1929403103,Exostema lineatum,Solenandra lineata (Vahl) Paudyal & Delprete,Rubiaceae,Exostema,SPECIES,PRESERVED_SPECIMEN,1992-05-16,1992,-71.25,18.08,NA,d415c253-4d61-4459-9d25-4015b9084fb0,NY,NY,04,10,POLO,060410,874cd2d6cffffff
74776ee8-a892-4206-add7-dbaaffcdc294,1929413067,Miconia bahorucensis,Mecranium ovatum Cogn.,Melastomataceae,Miconia,SPECIES,PRESERVED_SPECIMEN,1992-05-18,1992,-71.232783,18.117481,3796.57,d415c253-4d61-4459-9d25-4015b9084fb0,NY,NY,04,10,POLO,060410,874cd2990ffffff
749f4b74-d3b2-4fbf-9d60-82e57c0c3ff6,1057413923,Werauhia sintenisii,Vriesea sintenisii (Baker) L.B.Sm. & Pittendr.,Bromeliaceae,Werauhia,SPECIES,PRESERVED_SPECIMEN,1946-08,1946,-71.25,18.075,NA,7e380070-f762-11e1-a439-00145eb45e9a,NHMUK,BOT,04,10,POLO,060410,874cd2d68ffffff
7579754a-1b00-491f-9c98-350fb5e081ad,1846482372,Miconia lima,Miconia lima (Desr.) M.Gómez,Melastomataceae,Miconia,SPECIES,PRESERVED_SPECIMEN,2016-02-02,2016,-71.23479,18.11419,NA,3c59bd42-7bfd-421b-8da4-275780390e4c,DES,,04,10,POLO,060410,874cd2990ffffff
7656f733-9044-4e00-bb7e-2cbbec3f4bc0,4111432369,Elaphoglossum Schott ex J.Sm.,Elaphoglossum Schott ex J.Sm.,Dryopteridaceae,Elaphoglossum,GENUS,PRESERVED_SPECIMEN,2019-05-13,2019,-71.2837,18.1683,NA,b89d52a2-861d-4388-adad-c0da3d55fc78,UF,,04,10,POLO,060410,874cd66ceffffff
765fa7a8-7612-4585-8f12-65db0512c02b,1998826831,Epidendrum ramosum,Epidendrum ramosum Jacq.,Orchidaceae,Epidendrum,SPECIES,PRESERVED_SPECIMEN,1982-05-04,1982,-71.3,18.1,NA,861e6afe-f762-11e1-a439-00145eb45e9a,GH,GH,04,10,POLO,060410,874cd2d62ffffff
769990d1-d80c-4cea-888c-8b76ef08d95b,1929443248,Borreria verticillata,Spermacoce verticillata L.,Rubiaceae,Borreria,SPECIES,PRESERVED_SPECIMEN,1871,1871,-71.232783,18.117481,3796.57,d415c253-4d61-4459-9d25-4015b9084fb0,NY,NY,04,10,POLO,060410,874cd2990ffffff
771dfe1f-a324-4fae-834b-477459f28996,2238706530,Henriettea uniflora,"Henriettea uniflora Judd, Skean, Penneys & Michelang.",Melastomataceae,Henriettea,SPECIES,PRESERVED_SPECIMEN,2016-02-02,2016,-71.21983,18.11107,NA,b89d52a2-861d-4388-adad-c0da3d55fc78,UF,,04,10,POLO,060410,874cd2990ffffff
78532eff-3c1e-423e-b215-771dba90b027,1929467905,Cojoba zanonii,Cojoba zanonii (Barneby) Barneby & J.W.Grimes,Fabaceae,Cojoba,SPECIES,PRESERVED_SPECIMEN,1982-10-16,1982,-71.23,18.12,NA,d415c253-4d61-4459-9d25-4015b9084fb0,NY,NY,04,10,POLO,060410,874cd2990ffffff
79D14EDB-49D5-43B6-9BF1-9493B53F3DFB,2859483680,Pilea Lindl.,Pilea Lindl.,Urticaceae,Pilea,GENUS,PRESERVED_SPECIMEN,1992-07-19,1992,-71.266667,18.05,NA,f3f03cbf-1a01-4739-ae15-c1355b8c2dbf,CM,botany,04,10,POLO,060410,874cd2d4cffffff
7a04e419-18d8-4016-8a93-b9a86a531b1e,1929492046,Elaphoglossum decoratum,Elaphoglossum decoratum (Kunze) T.Moore,Dryopteridaceae,Elaphoglossum,SPECIES,PRESERVED_SPECIMEN,1982-02-15,1982,-71.4167,18.1667,NA,d415c253-4d61-4459-9d25-4015b9084fb0,NY,NY,04,10,POLO,060410,874cd2d05ffffff
7a485655-9d86-427a-835e-51c94852a108,4111433364,Asplenium monanthes,Asplenium monanthes L.,Aspleniaceae,Asplenium,SPECIES,PRESERVED_SPECIMEN,2018-12-06,2018,-71.283,18.168,NA,b89d52a2-861d-4388-adad-c0da3d55fc78,UF,,04,10,POLO,060410,874cd66ceffffff
7aa3b871-5b61-48f8-b889-d5c9d8de7123,1457785683,Miconia subcompressa,Miconia subcompressa subsp. beverlyana Judd,Melastomataceae,Miconia,SUBSPECIES,PRESERVED_SPECIMEN,1990-03-25,1990,-71.216667,18.116667,NA,b89d52a2-861d-4388-adad-c0da3d55fc78,UF,,04,10,POLO,060410,874cd2995ffffff
7aaf237d-5dfa-4e67-afa2-20acbd466429,2573049650,Diplazium Sw.,Diplazium Sw.,Athyriaceae,Diplazium,GENUS,PRESERVED_SPECIMEN,2018-12-06,2018,-71.22737,18.1115,NA,e42c4be9-dc6d-466b-8df2-60ac8c47fadd,VT,,04,10,POLO,060410,874cd2990ffffff
7ad664d7-7b98-4d22-80b3-6c55c871a232,1929503005,Hippocratea volubilis,Hippocratea volubilis L.,Celastraceae,Hippocratea,SPECIES,PRESERVED_SPECIMEN,1911,1911,-71.232783,18.117481,3796.57,d415c253-4d61-4459-9d25-4015b9084fb0,NY,NY,04,10,POLO,060410,874cd2990ffffff
7b05d534-b94c-4b3e-91fa-9166cba2f5e9,1929506166,Matayba scrobiculata,Matayba scrobiculata (Kunth) Radlk.,Sapindaceae,Matayba,SPECIES,PRESERVED_SPECIMEN,1910-02,1910,-71.232783,18.117481,3796.57,d415c253-4d61-4459-9d25-4015b9084fb0,NY,NY,04,10,POLO,060410,874cd2990ffffff
7c352961-1330-46ea-a020-15dcd421421c,1929522553,Comparettia falcata,Comparettia falcata Poepp. & Endl.,Orchidaceae,Comparettia,SPECIES,PRESERVED_SPECIMEN,1969-02-27,1969,-71.21667,18.1,1292,d415c253-4d61-4459-9d25-4015b9084fb0,NY,NY,04,10,POLO,060410,874cd2991ffffff
7c82ea6e-ba64-4bd9-9771-e2bce9348201,4415566332,Magnolia L.,Magnolia L.,Magnoliaceae,Magnolia,GENUS,PRESERVED_SPECIMEN,2023-01-29,2023,-71.2088,18.103767,NA,b89d52a2-861d-4388-adad-c0da3d55fc78,UF,,04,10,POLO,060410,874cd2991ffffff
7ce8be1d-ed4b-44e5-84c6-cf9c66184cb9,1929533102,Senna spectabilis,Senna spectabilis (DC.) H.S.Irwin & Barneby,Fabaceae,Senna,SPECIES,PRESERVED_SPECIMEN,1981-10-13,1981,-71.27,18.13,NA,d415c253-4d61-4459-9d25-4015b9084fb0,NY,NY,04,10,POLO,060410,874cd66cbffffff
7cf88fae-49b2-4337-8eab-408003277606,1929533711,Elekmania haitiensis,Elekmania haitiensis (Krug & Urb.) B.Nord.,Asteraceae,Elekmania,SPECIES,PRESERVED_SPECIMEN,1871,1871,-71.232783,18.117481,3796.57,d415c253-4d61-4459-9d25-4015b9084fb0,NY,NY,04,10,POLO,060410,874cd2990ffffff
7d1d265f-2a25-4888-8267-4719d5bdedd9,4111433367,Asplenium praemorsum,Asplenium praemorsum Sw.,Aspleniaceae,Asplenium,SPECIES,PRESERVED_SPECIMEN,2019-05-13,2019,-71.2837,18.1683,NA,b89d52a2-861d-4388-adad-c0da3d55fc78,UF,,04,10,POLO,060410,874cd66ceffffff
7d932ffe-2bfc-48e0-8e10-437732dea57f,1929541798,Symphysia racemosa,Vaccinium racemosum (Vahl) Wilbur & Luteyn,Ericaceae,Symphysia,SPECIES,PRESERVED_SPECIMEN,2006-05-31,2006,-71.23156,18.11497,NA,d415c253-4d61-4459-9d25-4015b9084fb0,NY,NY,04,10,POLO,060410,874cd2990ffffff
7ea01f96-58dd-4f4f-9187-fd99b9057641,5829830310,Pilea Lindl.,Pilea Lindl.,Urticaceae,Pilea,GENUS,PRESERVED_SPECIMEN,2021-05-22,2021,-71.22054,18.11388,NA,b89d52a2-861d-4388-adad-c0da3d55fc78,UF,,04,10,POLO,060410,874cd2995ffffff
7ed11e9c0caa7c93db1de8ff1eca2a9c,2629598156,Badiera fuertesii,Badiera fuertesii Urb.,Polygalaceae,Badiera,SPECIES,PRESERVED_SPECIMEN,2006-05-31,2006,-71.226917,18.110722,NA,98c51784-da02-4f0e-81a4-f3635cb3cba7,INECOL,XAL,04,10,POLO,060410,874cd2990ffffff
7f0e4a8f-1e38-4591-9441-53083f12faf4,4598145356,Columnea domingensis,Columnea domingensis (Urb.) B.D.Morley,Gesneriaceae,Columnea,SPECIES,PRESERVED_SPECIMEN,2021-05-22,2021,-71.23355,18.11362,NA,b89d52a2-861d-4388-adad-c0da3d55fc78,UF,,04,10,POLO,060410,874cd2990ffffff
802489b8-32af-4491-986f-037b515176f4,1929578052,Goniopteris scolopendrioides,Thelypteris scolopendrioides (L.) Proctor,Thelypteridaceae,Goniopteris,SPECIES,PRESERVED_SPECIMEN,1969-02-27,1969,-71.21667,18.1,1292,d415c253-4d61-4459-9d25-4015b9084fb0,NY,NY,04,10,POLO,060410,874cd2991ffffff
803dd46f-d3f9-4583-8d6f-bd01a0ca9d83,1929579520,Miconia bahorucensis,Mecranium ovatum Cogn.,Melastomataceae,Miconia,SPECIES,PRESERVED_SPECIMEN,2006-05-31,2006,-71.2347,18.1142,NA,d415c253-4d61-4459-9d25-4015b9084fb0,NY,NY,04,10,POLO,060410,874cd2990ffffff
806bd559-55c9-4b1b-954e-efa5d748db69,1929581998,Pseudosamanea carbonaria,Albizia carbonaria Britton,Fabaceae,Pseudosamanea,SPECIES,PRESERVED_SPECIMEN,1981-10-13,1981,-71.27,18.13,NA,d415c253-4d61-4459-9d25-4015b9084fb0,NY,NY,04,10,POLO,060410,874cd66cbffffff
8097bd1a-af12-4a30-9fe7-5a8ecc23c0ac,1929584567,Coix lacryma-jobi,Coix lacryma-jobi L.,Poaceae,Coix,SPECIES,PRESERVED_SPECIMEN,1982-01-18,1982,-71.28,18.05,NA,d415c253-4d61-4459-9d25-4015b9084fb0,NY,NY,04,10,POLO,060410,874cd2d4cffffff
80cfd895-30c0-41da-80a0-48b73b8a4042,1929587604,Diplazium plantaginifolium,Diplazium plantaginifolium (L.) Urb.,Athyriaceae,Diplazium,SPECIES,PRESERVED_SPECIMEN,1969-02-27,1969,-71.21667,18.1,1292,d415c253-4d61-4459-9d25-4015b9084fb0,NY,NY,04,10,POLO,060410,874cd2991ffffff
80ff74cc-7caa-4ccf-ae10-15de284903cf,3329398602,Miconia bahorucensis,"Miconia bahorucensis Skean, Judd & Majure",Melastomataceae,Miconia,SPECIES,PRESERVED_SPECIMEN,2006-05-31,2006,-71.234722,18.114167,NA,b89d52a2-861d-4388-adad-c0da3d55fc78,UF,,04,10,POLO,060410,874cd2990ffffff
810583be-0c60-425f-81eb-e517ab4fd4c6,1929590560,Miconia limoides,Miconia limoides (Urb.) Majure & Judd,Melastomataceae,Miconia,SPECIES,PRESERVED_SPECIMEN,2016-02-02,2016,-71.22688,18.11149,NA,d415c253-4d61-4459-9d25-4015b9084fb0,NY,NY,04,10,POLO,060410,874cd2990ffffff
82b7889b-bdc6-4960-9441-ed05453579f5,1929614133,Dendrophthora cupressoides,Dendrophthora cupressoides (Griseb.) Eichler,Viscaceae,Dendrophthora,SPECIES,PRESERVED_SPECIMEN,1969-02-27,1969,-71.21667,18.1,1292,d415c253-4d61-4459-9d25-4015b9084fb0,NY,NY,04,10,POLO,060410,874cd2991ffffff
8318b078-cb48-4658-9df1-5d62d0f70c53,5099228329,Miconia umbellata,Miconia umbellata (Mill.) Judd & Ionta,Melastomataceae,Miconia,SPECIES,PRESERVED_SPECIMEN,2021-05-22,2021,-71.23355,18.11362,NA,b89d52a2-861d-4388-adad-c0da3d55fc78,UF,,04,10,POLO,060410,874cd2990ffffff
83935dc4-eccf-470e-b402-10c8b3567e52,1929625981,Marcgravia rubra,Marcgravia rubra Alain,Marcgraviaceae,Marcgravia,SPECIES,PRESERVED_SPECIMEN,2006-05-31,2006,-71.233306,18.114625,NA,d415c253-4d61-4459-9d25-4015b9084fb0,NY,NY,04,10,POLO,060410,874cd2990ffffff
8457d116-5339-49ab-853f-359bf9ae64ad,1929637622,Pleopeltis hookeri,Pleopeltis hookeri A.R.Sm.,Polypodiaceae,Pleopeltis,SPECIES,PRESERVED_SPECIMEN,1969-02-27,1969,-71.21667,18.1,1292,d415c253-4d61-4459-9d25-4015b9084fb0,NY,NY,04,10,POLO,060410,874cd2991ffffff
84BD9386-2059-44F3-AD3B-7C52ED6EDC57,122927688,Colubrina arborescens,Colubrina arborescens (Mill.) Sarg.,Rhamnaceae,Colubrina,SPECIES,PRESERVED_SPECIMEN,1981-12-04,1981,-71.3,18.0667,NA,832cb04e-f762-11e1-a439-00145eb45e9a,FTG,Herbarium,04,10,POLO,060410,874cd2d40ffffff
85478b4e-3f2a-4ceb-b61f-61a9ec4df3b0,2573053210,Asplenium L.,Asplenium L.,Aspleniaceae,Asplenium,GENUS,PRESERVED_SPECIMEN,2018-12-06,2018,-71.283,18.168,NA,e42c4be9-dc6d-466b-8df2-60ac8c47fadd,VT,,04,10,POLO,060410,874cd66ceffffff
85ad339c-c453-413f-b28d-ccdd87ec8a78,2573052182,Elaphoglossum Schott ex J.Sm.,Elaphoglossum Schott ex J.Sm.,Dryopteridaceae,Elaphoglossum,GENUS,PRESERVED_SPECIMEN,2018-12-06,2018,-71.227,18.112,NA,e42c4be9-dc6d-466b-8df2-60ac8c47fadd,VT,,04,10,POLO,060410,874cd2990ffffff
85dd0eed-34ea-4ef7-89c0-31e1131f390d,1929658849,Tithonia diversifolia,Tithonia diversifolia (Hemsl.) A.Gray,Asteraceae,Tithonia,SPECIES,PRESERVED_SPECIMEN,1981-12-04,1981,-71.3,18.07,NA,d415c253-4d61-4459-9d25-4015b9084fb0,NY,NY,04,10,POLO,060410,874cd2d40ffffff
86f07209-6cf3-42b1-916b-d52be9e1f234,1929673907,Miconia lima,Miconia lima (Desr.) M.Gómez,Melastomataceae,Miconia,SPECIES,PRESERVED_SPECIMEN,2016-02-02,2016,-71.23479,18.11419,NA,d415c253-4d61-4459-9d25-4015b9084fb0,NY,NY,04,10,POLO,060410,874cd2990ffffff
87560c6f-db73-4bc3-87c6-0ff59d3dd90e,1929678979,Galinsoga parviflora,Galinsoga parviflora Cav.,Asteraceae,Galinsoga,SPECIES,PRESERVED_SPECIMEN,1982-01-18,1982,-71.28,18.05,NA,d415c253-4d61-4459-9d25-4015b9084fb0,NY,NY,04,10,POLO,060410,874cd2d4cffffff
879187ec-18dd-4a85-85b4-025ecaeb202e,1304204724,Solanum torvum,Solanum torvum Sw.,Solanaceae,Solanum,SPECIES,OCCURRENCE,,NA,-71.244351,18.072846,NA,07044577-bd82-4089-9f3a-f4a9d2170b2e,PBI_NHM,,04,10,POLO,060410,874cd2d68ffffff
87E28FB0-2E51-4C3A-9E2E-B4C4B9B46644,2859243502,Nephrolepis biserrata,Nephrolepis biserrata (Sw.) Schott,Nephrolepidaceae,Nephrolepis,SPECIES,PRESERVED_SPECIMEN,1992-07-19,1992,-71.266667,18.05,NA,f3f03cbf-1a01-4739-ae15-c1355b8c2dbf,CM,botany,04,10,POLO,060410,874cd2d4cffffff
87a79085-21b0-48fe-8cd1-d4f88355b8fe,2573051092,Campyloneurum angustifolium,Campyloneurum angustifolium (Sw.) Fée,Polypodiaceae,Campyloneurum,SPECIES,PRESERVED_SPECIMEN,2018-12-06,2018,-71.28296,18.16842,NA,e42c4be9-dc6d-466b-8df2-60ac8c47fadd,VT,,04,10,POLO,060410,874cd66ceffffff
87bd91f5-50a3-4b2a-991c-f318c06c819d,1929684931,Chiococca alba,Chiococca alba (L.) Hitchc.,Rubiaceae,Chiococca,SPECIES,PRESERVED_SPECIMEN,1871,1871,-71.232783,18.117481,3796.57,d415c253-4d61-4459-9d25-4015b9084fb0,NY,NY,04,10,POLO,060410,874cd2990ffffff
8819a586-7506-4518-9085-d56f12f805cd,3329398451,Podocarpus hispaniolensis,Podocarpus hispaniolensis de Laub.,Podocarpaceae,Podocarpus,SPECIES,PRESERVED_SPECIMEN,2019-05-13,2019,-71.28183,18.16073,NA,b89d52a2-861d-4388-adad-c0da3d55fc78,UF,,04,10,POLO,060410,874cd66ceffffff
88794532-447f-4175-bcbb-72e8f6215a08,1929695224,Begonia barahonensis,Begonia barahonensis (O.E.Schulz) Urb.,Begoniaceae,Begonia,SPECIES,PRESERVED_SPECIMEN,1969-02-27,1969,-71.21667,18.1,1292,d415c253-4d61-4459-9d25-4015b9084fb0,NY,NY,04,10,POLO,060410,874cd2991ffffff
88a4ed48-8cf5-4c51-8f1b-193bc62be5c3,4598145360,Polystichum platyphyllum,Polystichum hottense C.Chr.,Dryopteridaceae,Polystichum,SPECIES,PRESERVED_SPECIMEN,2018-12-06,2018,-71.28296,18.16842,NA,b89d52a2-861d-4388-adad-c0da3d55fc78,UF,,04,10,POLO,060410,874cd66ceffffff
89a01831-3936-4225-9ee3-5a31162cae78,1929710890,Miconia limoides,Miconia limoides (Urb.) Majure & Judd,Melastomataceae,Miconia,SPECIES,PRESERVED_SPECIMEN,2016-02-02,2016,-71.21983,18.11107,NA,d415c253-4d61-4459-9d25-4015b9084fb0,NY,NY,04,10,POLO,060410,874cd2990ffffff
89e7631c-39d2-4ebc-ac11-fb41796eba3f,4598145361,Miconia bahorucensis,"Miconia bahorucensis Skean, Judd & Majure",Melastomataceae,Miconia,SPECIES,PRESERVED_SPECIMEN,2021-05-22,2021,-71.23355,18.11362,NA,b89d52a2-861d-4388-adad-c0da3d55fc78,UF,,04,10,POLO,060410,874cd2990ffffff
8a2c5640-8f31-464b-a9e0-e9ad6344faa3,2573051356,Parapolystichum effusum,Lastreopsis effusa (Sw.) Tindale,Dryopteridaceae,Parapolystichum,SPECIES,PRESERVED_SPECIMEN,2018-12-06,2018,-71.28296,18.16842,NA,e42c4be9-dc6d-466b-8df2-60ac8c47fadd,VT,,04,10,POLO,060410,874cd66ceffffff
8b260446-fe33-4f78-bffe-034138c4fbd4,1929732547,Cyperus nanus,Cyperus nanus Willd.,Cyperaceae,Cyperus,SPECIES,PRESERVED_SPECIMEN,1911-10,1911,-71.232783,18.117481,3796.57,d415c253-4d61-4459-9d25-4015b9084fb0,NY,NY,04,10,POLO,060410,874cd2990ffffff
8c86f630-1435-4896-ba48-e557c9a8074c,4111424367,Thelypteris Schmidel,Thelypteris Schmidel,Thelypteridaceae,Thelypteris,GENUS,PRESERVED_SPECIMEN,2019-05-13,2019,-71.2837,18.1683,NA,b89d52a2-861d-4388-adad-c0da3d55fc78,UF,,04,10,POLO,060410,874cd66ceffffff
8d9423ff-b773-4a01-95cd-5ebb2efad353,4598144356,Hillia parasitica,Hillia parasitica Jacq.,Rubiaceae,Hillia,SPECIES,PRESERVED_SPECIMEN,2021-05-22,2021,-71.22054,18.11388,NA,b89d52a2-861d-4388-adad-c0da3d55fc78,UF,,04,10,POLO,060410,874cd2995ffffff
8d9a9d11-2fdb-4ccd-b757-74b8b78f0ee6,1929767795,Chamissoa altissima,Chamissoa altissima var. altissima,Amaranthaceae,Chamissoa,VARIETY,PRESERVED_SPECIMEN,1911-03,1911,-71.232783,18.117481,3796.57,d415c253-4d61-4459-9d25-4015b9084fb0,NY,NY,04,10,POLO,060410,874cd2990ffffff
8daa1bbb-7532-4fe8-b679-759ae82dde77,4598144357,Carex hamata,Carex hamata Sw.,Cyperaceae,Carex,SPECIES,PRESERVED_SPECIMEN,2021-05-22,2021,-71.22053,18.11388,NA,b89d52a2-861d-4388-adad-c0da3d55fc78,UF,,04,10,POLO,060410,874cd2995ffffff
8dcbd054-1b28-42c0-b10c-838685ec7763,1929770181,Andira inermis,Andira inermis (W.Wright) Kunth ex DC.,Fabaceae,Andira,SPECIES,PRESERVED_SPECIMEN,1981-06-16,1981,-71.232783,18.117481,3796.57,d415c253-4d61-4459-9d25-4015b9084fb0,NY,NY,04,10,POLO,060410,874cd2990ffffff
8e63401c-6fcc-424c-9e4c-3213332740c8,1929777900,Prunus occidentalis,Prunus occidentalis Sw.,Rosaceae,Prunus,SPECIES,PRESERVED_SPECIMEN,1981-10-13,1981,-71.28,18.12,NA,d415c253-4d61-4459-9d25-4015b9084fb0,NY,NY,04,10,POLO,060410,874cd2d60ffffff
8ed96888-b18f-485d-a1ad-45687754e7f4,1929785341,Digitaria insularis,Digitaria insularis (L.) Mez ex Ekman,Poaceae,Digitaria,SPECIES,PRESERVED_SPECIMEN,1871,1871,-71.232783,18.117481,3796.57,d415c253-4d61-4459-9d25-4015b9084fb0,NY,NY,04,10,POLO,060410,874cd2990ffffff
8edd4690-8cad-4425-b971-fe148541c5da,4111426374,Botrypus virginianus,Botrypus virginianus (L.) Michx.,Ophioglossaceae,Botrypus,SPECIES,PRESERVED_SPECIMEN,2019-05-13,2019,-71.2837,18.1683,NA,b89d52a2-861d-4388-adad-c0da3d55fc78,UF,,04,10,POLO,060410,874cd66ceffffff
8ee46faa-c9fc-40a2-9c7e-3dd022843bdb,2573051385,Pleopeltis squamata,Pleopeltis squamata (L.) J.Sm.,Polypodiaceae,Pleopeltis,SPECIES,PRESERVED_SPECIMEN,2018-12-06,2018,-71.28296,18.16824,NA,e42c4be9-dc6d-466b-8df2-60ac8c47fadd,VT,,04,10,POLO,060410,874cd66ceffffff
8fcda330-aaae-4521-a6c5-73000aadb080,1929798500,Lepanthopsis moniliformis,Lepanthopsis moniliformis Dod,Orchidaceae,Lepanthopsis,SPECIES,PRESERVED_SPECIMEN,1976-11-13,1976,-71.279756,18.091168,596.33,d415c253-4d61-4459-9d25-4015b9084fb0,NY,NY,04,10,POLO,060410,874cd2d63ffffff
8ff2b793-353c-47b5-bea7-b87f9d90857e,2573049849,Goniopteris C.Presl,Goniopteris C.Presl,Thelypteridaceae,Goniopteris,GENUS,PRESERVED_SPECIMEN,2018-12-06,2018,-71.28296,18.16842,NA,e42c4be9-dc6d-466b-8df2-60ac8c47fadd,VT,,04,10,POLO,060410,874cd66ceffffff
9054ec44-ec38-45e2-94b1-be3c10a2f417,4598143358,Polystichum platyphyllum,Polystichum hottense C.Chr.,Dryopteridaceae,Polystichum,SPECIES,PRESERVED_SPECIMEN,2018-12-06,2018,-71.28296,18.16842,NA,b89d52a2-861d-4388-adad-c0da3d55fc78,UF,,04,10,POLO,060410,874cd66ceffffff
90b7f2fb-74c5-4908-8681-8d669678d45c,1056863511,Cipuropsis capituligera,Mezobromelia capituligera (Griseb.) J.R.Grant,Bromeliaceae,Cipuropsis,SPECIES,PRESERVED_SPECIMEN,1946-08,1946,-71.25,18.075,NA,7e380070-f762-11e1-a439-00145eb45e9a,NHMUK,BOT,04,10,POLO,060410,874cd2d68ffffff
916bbce7-8565-4a1b-97ee-8d94a53d2939,4598143359,Hymenophyllum Sm.,Hymenophyllum Sm.,Hymenophyllaceae,Hymenophyllum,GENUS,PRESERVED_SPECIMEN,2018-12-06,2018,-71.28296,18.16842,NA,b89d52a2-861d-4388-adad-c0da3d55fc78,UF,,04,10,POLO,060410,874cd66ceffffff
91b4d574-06d3-4f58-bfd6-19ebc17ab163,1929825289,Polyphlebium diaphanum,Trichomanes hymenophylloides Bosch,Hymenophyllaceae,Polyphlebium,SPECIES,PRESERVED_SPECIMEN,1912,1912,-71.232783,18.117481,3796.57,d415c253-4d61-4459-9d25-4015b9084fb0,NY,NY,04,10,POLO,060410,874cd2990ffffff
933dd4b9-c088-4789-93f4-1b1d5a209a14,4161662327,Miconia gracilifolia,Miconia gracilifolia Ionta & Judd,Melastomataceae,Miconia,SPECIES,PRESERVED_SPECIMEN,2021-05-22,2021,-71.22054,18.11388,NA,b89d52a2-861d-4388-adad-c0da3d55fc78,UF,,04,10,POLO,060410,874cd2995ffffff
96656568-e007-406e-ae64-a6935aed7978,4511527334,Miconia ferruginea,Miconia ferruginea (Desr.) DC.,Melastomataceae,Miconia,SPECIES,PRESERVED_SPECIMEN,2018-10-03,2018,-71.305083,18.119194,NA,b89d52a2-861d-4388-adad-c0da3d55fc78,UF,,04,10,POLO,060410,874cd2d66ffffff
9696cc6f-9ff6-4bfc-ace2-45f561249c26,1929893964,Garrya fadyenii,Garrya fadyenii Hook.,Garryaceae,Garrya,SPECIES,PRESERVED_SPECIMEN,1984-06-05,1984,-71.275,18.125,NA,d415c253-4d61-4459-9d25-4015b9084fb0,NY,NY,04,10,POLO,060410,874cd2d65ffffff
96da4b22-b509-415f-bd3e-5a4a17cb6a59,3329399065,Miconia subcompressa,Miconia subcompressa subsp. beverlyana Judd,Melastomataceae,Miconia,SUBSPECIES,PRESERVED_SPECIMEN,2006-05-31,2006,-71.234722,18.114167,NA,b89d52a2-861d-4388-adad-c0da3d55fc78,UF,,04,10,POLO,060410,874cd2990ffffff
982f778b-efce-4379-9050-3082e57b5cc8,4598145366,Parapolystichum effusum,Lastreopsis effusa (Sw.) Tindale,Dryopteridaceae,Parapolystichum,SPECIES,PRESERVED_SPECIMEN,2018-12-06,2018,-71.28296,18.16842,NA,b89d52a2-861d-4388-adad-c0da3d55fc78,UF,,04,10,POLO,060410,874cd66ceffffff
9873b3b6-1cf4-43fe-9f40-bfef706250c8,1929920263,Dendrophthora albescens,Dendrophthora albescens Urb. & Ekman,Viscaceae,Dendrophthora,SPECIES,PRESERVED_SPECIMEN,1981-12-04,1981,-71.27,18.13,NA,d415c253-4d61-4459-9d25-4015b9084fb0,NY,NY,04,10,POLO,060410,874cd66cbffffff
9988DD62-9DE1-4692-BD61-0FED655CEA72,2859222508,Parapolystichum effusum,Lastreopsis effusa (Sw.) Tindale,Dryopteridaceae,Parapolystichum,SPECIES,PRESERVED_SPECIMEN,1992-07-19,1992,-71.266667,18.05,NA,f3f03cbf-1a01-4739-ae15-c1355b8c2dbf,CM,botany,04,10,POLO,060410,874cd2d4cffffff
99c48eec-57d8-4c4c-9ed9-fbb280f8ff6a,1929938946,Miconia umbellata,Clidemia umbellata (Mill.) L.O.Williams,Melastomataceae,Miconia,SPECIES,PRESERVED_SPECIMEN,2006-05-31,2006,-71.2347,18.1142,NA,d415c253-4d61-4459-9d25-4015b9084fb0,NY,NY,04,10,POLO,060410,874cd2990ffffff
9b1bd07c-b2b1-4dd9-a454-df64a95fd1eb,3329399380,Miconia bahorucensis,"Miconia bahorucensis Skean, Judd & Majure",Melastomataceae,Miconia,SPECIES,PRESERVED_SPECIMEN,2006-05-31,2006,-71.226833,18.111417,NA,b89d52a2-861d-4388-adad-c0da3d55fc78,UF,,04,10,POLO,060410,874cd2990ffffff
9b491cf7-a8e4-4f07-a3ab-a6492a14a2d5,4598144363,Colubrina arborescens,Colubrina arborescens (Mill.) Sarg.,Rhamnaceae,Colubrina,SPECIES,PRESERVED_SPECIMEN,2021-05-22,2021,-71.22053,18.11388,NA,b89d52a2-861d-4388-adad-c0da3d55fc78,UF,,04,10,POLO,060410,874cd2995ffffff
9b4d66aa-0d76-4953-a52b-5784bb43495c,1998990793,Cranichis muscosa,Cranichis muscosa Sw.,Orchidaceae,Cranichis,SPECIES,PRESERVED_SPECIMEN,1982-12-29,1982,-71.2,18.1,NA,861e6afe-f762-11e1-a439-00145eb45e9a,GH,GH,04,10,POLO,060410,874cd2982ffffff
9c658a3d-67db-4d48-b471-6873396c9e52,1929975448,Paspalum plicatulum,Paspalum plicatulum Michx.,Poaceae,Paspalum,SPECIES,PRESERVED_SPECIMEN,1963-11-09,1963,-71.232783,18.117481,3796.57,d415c253-4d61-4459-9d25-4015b9084fb0,NY,NY,04,10,POLO,060410,874cd2990ffffff
9ce96b19-98c6-4b5f-9f42-eaf7e53c1f06,2238706560,Miconia limoides,Miconia limoides (Urb.) Majure & Judd,Melastomataceae,Miconia,SPECIES,PRESERVED_SPECIMEN,2016-02-02,2016,-71.21983,18.11107,NA,b89d52a2-861d-4388-adad-c0da3d55fc78,UF,,04,10,POLO,060410,874cd2990ffffff
9cf22dab-a9c0-4f8b-921f-f3ee5b0b1c46,4111432395,Campyloneurum C.Presl,Campyloneurum C.Presl,Polypodiaceae,Campyloneurum,GENUS,PRESERVED_SPECIMEN,2019-05-13,2019,-71.2837,18.1683,NA,b89d52a2-861d-4388-adad-c0da3d55fc78,UF,,04,10,POLO,060410,874cd66ceffffff
9e2de813-d208-4e09-b2c2-c85af765cee8,4111433384,Ctenitis (C.Chr.) C.Chr.,Ctenitis (C.Chr.) C.Chr.,Dryopteridaceae,Ctenitis,GENUS,PRESERVED_SPECIMEN,2018-12-06,2018,-71.227,18.112,NA,b89d52a2-861d-4388-adad-c0da3d55fc78,UF,,04,10,POLO,060410,874cd2990ffffff
9ec5c3c5-52da-430c-8442-910b8a899a11,1930008865,Tillandsia setacea,Tillandsia setacea Sw.,Bromeliaceae,Tillandsia,SPECIES,PRESERVED_SPECIMEN,1981-12-04,1981,-71.3,18.07,NA,d415c253-4d61-4459-9d25-4015b9084fb0,NY,NY,04,10,POLO,060410,874cd2d40ffffff
9ee588a3-44f7-4a6d-ad58-957ae50585b2,2573051656,Asplenium feei,Asplenium sarcodes Maxon,Aspleniaceae,Asplenium,SPECIES,PRESERVED_SPECIMEN,2018-12-06,2018,-71.283,18.168,NA,e42c4be9-dc6d-466b-8df2-60ac8c47fadd,VT,,04,10,POLO,060410,874cd66ceffffff
9f8887aa-03b7-4f0e-a2fa-9861d55f3b20,2573051105,Amauropelta Kunze,Amauropelta Kunze,Thelypteridaceae,Amauropelta,GENUS,PRESERVED_SPECIMEN,2018-12-06,2018,-71.28296,18.16842,NA,e42c4be9-dc6d-466b-8df2-60ac8c47fadd,VT,,04,10,POLO,060410,874cd66ceffffff
9fe843ef-c04b-458f-a1e7-7267fc170917,4598143368,Columnea domingensis,Columnea domingensis (Urb.) B.D.Morley,Gesneriaceae,Columnea,SPECIES,PRESERVED_SPECIMEN,2021-05-22,2021,-71.22053,18.11388,NA,b89d52a2-861d-4388-adad-c0da3d55fc78,UF,,04,10,POLO,060410,874cd2995ffffff
A81D1F5B-546D-47BE-A893-C21672658F3E,5082355410,Niphidium crassifolium,Niphidium crassifolium (L.) Lellinger,Polypodiaceae,Niphidium,SPECIES,PRESERVED_SPECIMEN,1992-07-19,1992,-71.266667,18.05,NA,f3f03cbf-1a01-4739-ae15-c1355b8c2dbf,CM,Botany,04,10,POLO,060410,874cd2d4cffffff
ABEAF507-1027-40FF-9F74-3049879C6111,5082354416,Psychotria L.,Psychotria L.,Rubiaceae,Psychotria,GENUS,PRESERVED_SPECIMEN,1992-07-19,1992,-71.266667,18.05,NA,f3f03cbf-1a01-4739-ae15-c1355b8c2dbf,CM,Botany,04,10,POLO,060410,874cd2d4cffffff
AE567D8A-07EA-45D8-9F72-4E6925DD9E29,5082356411,Convolvulaceae Juss.,Convolvulaceae Juss.,Convolvulaceae,,FAMILY,PRESERVED_SPECIMEN,1992-07-19,1992,-71.266667,18.05,NA,f3f03cbf-1a01-4739-ae15-c1355b8c2dbf,CM,Botany,04,10,POLO,060410,874cd2d4cffffff
AF10496D-9513-464D-B7DC-09F98FFB3B90,123007571,Sideroxylon cubense,Sideroxylon cubense (Griseb.) T.D.Penn.,Sapotaceae,Sideroxylon,SPECIES,PRESERVED_SPECIMEN,1982-10-16,1982,-71.287,18.078,301,832cb04e-f762-11e1-a439-00145eb45e9a,FTG,Herbarium,04,10,POLO,060410,874cd2d45ffffff
BF1C86D3-E11F-44CF-ADCB-393CF90C66CC,1503219431,Maguirellaria howardii,Stellaria howardii Maguire,Caryophyllaceae,Maguirellaria,SPECIES,PRESERVED_SPECIMEN,1946-08-21/1946-08-25,1946,-71.287,18.078,NA,af1b4db0-c8ce-4a95-b700-8a6a02bed9d6,USF,Herb,04,10,POLO,060410,874cd2d45ffffff
DF2BE21E-E7C9-4CCE-98C1-F8D2764645A0,122947408,Exothea paniculata,Exothea paniculata (Juss.) Walp.,Sapindaceae,Exothea,SPECIES,PRESERVED_SPECIMEN,1981-12-04,1981,-71.2667,18.1333,NA,832cb04e-f762-11e1-a439-00145eb45e9a,FTG,Herbarium,04,10,POLO,060410,874cd66cbffffff
G00314270,1144646893,Peperomia nizaitoensis,Peperomia nizaitoensis C.DC.,Piperaceae,Peperomia,SPECIES,PRESERVED_SPECIMEN,,NA,-71.20861,18.10917,NA,63e9e22d-a649-4087-b39e-acb1651af077,CJBG,CJBG-G-DC,04,10,POLO,060410,874cd2995ffffff
G00314504,1144651077,Piper dussii,Piper dussii var. scabridum C.DC.,Piperaceae,Piper,VARIETY,PRESERVED_SPECIMEN,,NA,-71.20861,18.10917,NA,63e9e22d-a649-4087-b39e-acb1651af077,CJBG,CJBG-G-DC,04,10,POLO,060410,874cd2995ffffff
G00314914,1144651268,Piper fuertesii,Piper fuertesii C.DC.,Piperaceae,Piper,SPECIES,PRESERVED_SPECIMEN,,NA,-71.20861,18.10917,NA,63e9e22d-a649-4087-b39e-acb1651af077,CJBG,CJBG-G-DC,04,10,POLO,060410,874cd2995ffffff
G00314944,1144651275,Piper fuertesii,Piper fuertesii C.DC.,Piperaceae,Piper,SPECIES,PRESERVED_SPECIMEN,,NA,-71.20861,18.10917,NA,63e9e22d-a649-4087-b39e-acb1651af077,CJBG,CJBG-G-DC,04,10,POLO,060410,874cd2995ffffff
G00315581,1144651828,Piper hispidum,Piper hirsutum var. magnifolium C.DC.,Piperaceae,Piper,VARIETY,PRESERVED_SPECIMEN,,NA,-71.20861,18.10917,NA,63e9e22d-a649-4087-b39e-acb1651af077,CJBG,CJBG-G-DC,04,10,POLO,060410,874cd2995ffffff
G00315621,1144651836,Piper hispidum,Piper hirsutum var. magnifolium C.DC.,Piperaceae,Piper,VARIETY,PRESERVED_SPECIMEN,,NA,-71.20861,18.10917,NA,63e9e22d-a649-4087-b39e-acb1651af077,CJBG,CJBG-G-DC,04,10,POLO,060410,874cd2995ffffff
G00315639,1144647506,Peperomia portoricensis,Peperomia portoricensis Urb.,Piperaceae,Peperomia,SPECIES,PRESERVED_SPECIMEN,,NA,-71.20861,18.10917,NA,63e9e22d-a649-4087-b39e-acb1651af077,CJBG,CJBG-G-DC,04,10,POLO,060410,874cd2995ffffff
G00317389,1144648814,Piper aduncum,Piper aduncum L.,Piperaceae,Piper,SPECIES,PRESERVED_SPECIMEN,,NA,-71.20861,18.10917,NA,63e9e22d-a649-4087-b39e-acb1651af077,CJBG,CJBG-G-DC,04,10,POLO,060410,874cd2995ffffff
G00320382,1144649046,Piper amalago,Piper amalago L.,Piperaceae,Piper,SPECIES,PRESERVED_SPECIMEN,,NA,-71.20861,18.10917,NA,63e9e22d-a649-4087-b39e-acb1651af077,CJBG,CJBG-G-DC,04,10,POLO,060410,874cd2995ffffff
G00320408,1144652895,Piper marginatum,Piper marginatum Jacq.,Piperaceae,Piper,SPECIES,PRESERVED_SPECIMEN,,NA,-71.20861,18.10917,NA,63e9e22d-a649-4087-b39e-acb1651af077,CJBG,CJBG-G-DC,04,10,POLO,060410,874cd2995ffffff
G00321254,1144648115,Peperomia serpens,Peperomia scandens Ruiz & Pav.,Piperaceae,Peperomia,SPECIES,PRESERVED_SPECIMEN,,NA,-71.20861,18.10917,NA,63e9e22d-a649-4087-b39e-acb1651af077,CJBG,CJBG-G-DC,04,10,POLO,060410,874cd2995ffffff
G00321255,1144648097,Peperomia serpens,Peperomia scandens Ruiz & Pav.,Piperaceae,Peperomia,SPECIES,PRESERVED_SPECIMEN,,NA,-71.20861,18.10917,NA,63e9e22d-a649-4087-b39e-acb1651af077,CJBG,CJBG-G-DC,04,10,POLO,060410,874cd2995ffffff
G00322046,1144654050,Piper peltatum,Piper peltatum L.,Piperaceae,Piper,SPECIES,PRESERVED_SPECIMEN,,NA,-71.20861,18.10917,NA,63e9e22d-a649-4087-b39e-acb1651af077,CJBG,CJBG-G-DC,04,10,POLO,060410,874cd2995ffffff
G00322217,1144654327,Piper confusum,Piper pseudoconfusum C.DC.,Piperaceae,Piper,SPECIES,PRESERVED_SPECIMEN,,NA,-71.20861,18.10917,NA,63e9e22d-a649-4087-b39e-acb1651af077,CJBG,CJBG-G-DC,04,10,POLO,060410,874cd2995ffffff
G00323323,1144655426,Peperomia discolor,Piper swartzii (Griseb.) C.DC.,Piperaceae,Peperomia,SPECIES,PRESERVED_SPECIMEN,,NA,-71.20861,18.10917,NA,63e9e22d-a649-4087-b39e-acb1651af077,CJBG,CJBG-G-DC,04,10,POLO,060410,874cd2995ffffff
G00323628,1144655827,Piper tuberculatum,Piper tuberculatum Jacq.,Piperaceae,Piper,SPECIES,PRESERVED_SPECIMEN,,NA,-71.20861,18.10917,NA,63e9e22d-a649-4087-b39e-acb1651af077,CJBG,CJBG-G-DC,04,10,POLO,060410,874cd2995ffffff
G00323828,1144655871,Piper umbellatum,Piper umbellatum L.,Piperaceae,Piper,SPECIES,PRESERVED_SPECIMEN,,NA,-71.20861,18.10917,NA,63e9e22d-a649-4087-b39e-acb1651af077,CJBG,CJBG-G-DC,04,10,POLO,060410,874cd2995ffffff
G00326787,1144656102,Peperomia cupularis,Piperanthera cupularis (Urb.) C.DC.,Piperaceae,Peperomia,SPECIES,PRESERVED_SPECIMEN,,NA,-71.20861,18.10917,NA,63e9e22d-a649-4087-b39e-acb1651af077,CJBG,CJBG-G-DC,04,10,POLO,060410,874cd2995ffffff
G00328422,1144645668,Peperomia distachyos,Peperomia distachyos (L.) A.Dietr.,Piperaceae,Peperomia,SPECIES,PRESERVED_SPECIMEN,,NA,-71.20861,18.10917,NA,63e9e22d-a649-4087-b39e-acb1651af077,CJBG,CJBG-G-DC,04,10,POLO,060410,874cd2995ffffff
G00329246,1144647856,Peperomia san-carlosiana,Peperomia san-carlosiana C.DC.,Piperaceae,Peperomia,SPECIES,PRESERVED_SPECIMEN,,NA,-71.20861,18.10917,NA,63e9e22d-a649-4087-b39e-acb1651af077,CJBG,CJBG-G-DC,04,10,POLO,060410,874cd2995ffffff
G00329255,1144646022,Peperomia fuertesii,Peperomia fuertesii C.DC.,Piperaceae,Peperomia,SPECIES,PRESERVED_SPECIMEN,,NA,-71.20861,18.10917,NA,63e9e22d-a649-4087-b39e-acb1651af077,CJBG,CJBG-G-DC,04,10,POLO,060410,874cd2995ffffff
G00329796,1144646020,Peperomia glabella,Peperomia glabella (Sw.) A.Dietr.,Piperaceae,Peperomia,SPECIES,PRESERVED_SPECIMEN,,NA,-71.20861,18.10917,NA,63e9e22d-a649-4087-b39e-acb1651af077,CJBG,CJBG-G-DC,04,10,POLO,060410,874cd2995ffffff
LD:General:1472452,788707836,Badiera fuertesii,Badiera fuertesii Urb.,Polygalaceae,Badiera,SPECIES,PRESERVED_SPECIMEN,2006-05-31,2006,-71.226917,18.110722,NA,aab0cf80-0c64-11dd-84d1-b8a03c50a862,LD,General,04,10,POLO,060410,874cd2990ffffff
MW820327,6274456362,Dendropemon picardae,Dendropemon picardae Krug & Urb.,Loranthaceae,Dendropemon,SPECIES,PRESERVED_SPECIMEN,2010-04-14,2010,-71.2,18.1,NA,393b8c26-e4e0-4dd0-a218-93fc074ebf4e,,,04,10,POLO,060410,874cd2982ffffff
MW820338,6189599858,Dendropemon emarginatus,Dendropemon emarginatus (Sw.) Blume,Loranthaceae,Dendropemon,SPECIES,PRESERVED_SPECIMEN,2012-09-06,2012,-71.2,18.1,NA,393b8c26-e4e0-4dd0-a218-93fc074ebf4e,,,04,10,POLO,060410,874cd2982ffffff
MW820339,6189515646,Dendropemon purpureus,Dendropemon purpureus (L.) Krug & Urb.,Loranthaceae,Dendropemon,SPECIES,PRESERVED_SPECIMEN,2012-09-06,2012,-71.2,18.1,NA,393b8c26-e4e0-4dd0-a218-93fc074ebf4e,,,04,10,POLO,060410,874cd2982ffffff
MW820371,6189252777,Dendropemon purpureus,Dendropemon purpureus (L.) Krug & Urb.,Loranthaceae,Dendropemon,SPECIES,PRESERVED_SPECIMEN,2014-10-21,2014,-71.2,18.1,NA,393b8c26-e4e0-4dd0-a218-93fc074ebf4e,,,04,10,POLO,060410,874cd2982ffffff
MW820382,6217625326,Dendropemon fuscus,Dendropemon fuscus Kuijt,Loranthaceae,Dendropemon,SPECIES,PRESERVED_SPECIMEN,2014-10-21,2014,-71.2,18.1,NA,393b8c26-e4e0-4dd0-a218-93fc074ebf4e,,,04,10,POLO,060410,874cd2982ffffff
MW820417,6189094887,Dendropemon purpureus,Dendropemon purpureus (L.) Krug & Urb.,Loranthaceae,Dendropemon,SPECIES,PRESERVED_SPECIMEN,2010-04-14,2010,-71.2,18.1,NA,393b8c26-e4e0-4dd0-a218-93fc074ebf4e,,,04,10,POLO,060410,874cd2982ffffff
MW820418,6253618371,Dendropemon fuscus,Dendropemon fuscus Kuijt,Loranthaceae,Dendropemon,SPECIES,PRESERVED_SPECIMEN,2010-04-14,2010,-71.2,18.1,NA,393b8c26-e4e0-4dd0-a218-93fc074ebf4e,,,04,10,POLO,060410,874cd2982ffffff
MW820419,6189103238,Dendropemon emarginatus,Dendropemon emarginatus (Sw.) Blume,Loranthaceae,Dendropemon,SPECIES,PRESERVED_SPECIMEN,2010-04-14,2010,-71.2,18.1,NA,393b8c26-e4e0-4dd0-a218-93fc074ebf4e,,,04,10,POLO,060410,874cd2982ffffff
MW820447,6196098638,Dendropemon emarginatus,Dendropemon emarginatus (Sw.) Blume,Loranthaceae,Dendropemon,SPECIES,PRESERVED_SPECIMEN,2012-09-06,2012,-71.2,18.1,NA,393b8c26-e4e0-4dd0-a218-93fc074ebf4e,,,04,10,POLO,060410,874cd2982ffffff
MW820487,6217604411,Dendropemon picardae,Dendropemon picardae Krug & Urb.,Loranthaceae,Dendropemon,SPECIES,PRESERVED_SPECIMEN,2014-10-21,2014,-71.2,18.1,NA,393b8c26-e4e0-4dd0-a218-93fc074ebf4e,,,04,10,POLO,060410,874cd2982ffffff
MW820488,6196116913,Dendropemon emarginatus,Dendropemon emarginatus (Sw.) Blume,Loranthaceae,Dendropemon,SPECIES,PRESERVED_SPECIMEN,2014-10-21,2014,-71.2,18.1,NA,393b8c26-e4e0-4dd0-a218-93fc074ebf4e,,,04,10,POLO,060410,874cd2982ffffff
S:VascularPlants:S11-38484,1096774106,Badiera fuertesii,Badiera fuertesii Urb.,Polygalaceae,Badiera,SPECIES,PRESERVED_SPECIMEN,2006-05-31,2006,-71.226917,18.110722,NA,0943f690-fde5-11dd-83f4-b8a03c50a862,S,VascularPlants,04,10,POLO,060410,874cd2990ffffff
S:VascularPlants:S12-9526,1096803736,Marcgravia rubra,Marcgravia rubra Alain,Marcgraviaceae,Marcgravia,SPECIES,PRESERVED_SPECIMEN,2006-05-31,2006,-71.235,18.114167,NA,0943f690-fde5-11dd-83f4-b8a03c50a862,S,VascularPlants,04,10,POLO,060410,874cd2990ffffff
S:VascularPlants:S12-9538,1096803747,Lyonia stahlii,Lyonia stahlii Urb.,Ericaceae,Lyonia,SPECIES,PRESERVED_SPECIMEN,2006-05-31,2006,-71.235,18.114167,NA,0943f690-fde5-11dd-83f4-b8a03c50a862,S,VascularPlants,04,10,POLO,060410,874cd2990ffffff
S:VascularPlants:S15-62625,2618388943,Miconia dodecandra,Miconia dodecandra (Desr.) Cogn.,Melastomataceae,Miconia,SPECIES,PRESERVED_SPECIMEN,1999-06-04,1999,-71.230067,18.115333,NA,0943f690-fde5-11dd-83f4-b8a03c50a862,S,VascularPlants,04,10,POLO,060410,874cd2990ffffff
S:VascularPlants:S16-5298,2618522776,Schistocarpha eupatorioides,Schistocarpha eupatorioides (Fenzl) Kuntze,Asteraceae,Schistocarpha,SPECIES,PRESERVED_SPECIMEN,2006-06-27,2006,-71.271667,18.111667,NA,0943f690-fde5-11dd-83f4-b8a03c50a862,S,VascularPlants,04,10,POLO,060410,874cd2d65ffffff
S:VascularPlants:S17-11498,2618416707,Adenostemma brasilianum,Adenostemma berteroi DC.,Asteraceae,Adenostemma,SPECIES,PRESERVED_SPECIMEN,1988-11-20,1988,-71.216667,18.116667,NA,0943f690-fde5-11dd-83f4-b8a03c50a862,S,VascularPlants,04,10,POLO,060410,874cd2995ffffff
S:VascularPlants:S17-27966,2618422456,Crassocephalum crepidioides,Crassocephalum crepidioides (Benth.) S.Moore,Asteraceae,Crassocephalum,SPECIES,PRESERVED_SPECIMEN,2006-06-27,2006,-71.271667,18.111667,NA,0943f690-fde5-11dd-83f4-b8a03c50a862,S,VascularPlants,04,10,POLO,060410,874cd2d65ffffff
S:VascularPlants:S17-8816,2618537345,Bidens cynapiifolia,Bidens cynapiifolia Kunth,Asteraceae,Bidens,SPECIES,PRESERVED_SPECIMEN,2006-06-27,2006,-71.266667,18.1,NA,0943f690-fde5-11dd-83f4-b8a03c50a862,S,VascularPlants,04,10,POLO,060410,874cd2d61ffffff
UCJEPS:UC:UC2091024,4856918206,Goniopteris baorucensis,Goniopteris baorucensis S.E.Fawc.,Thelypteridaceae,Goniopteris,SPECIES,PRESERVED_SPECIMEN,2018-12-06,2018,-71.28296,18.16842,NA,83a49751-4282-481e-a847-1c5c224a0551,,UC,04,10,POLO,060410,874cd66ceffffff
UCJEPS:UC:UC2091026,4856235526,Goniopteris baorucensis,Goniopteris baorucensis S.E.Fawc.,Thelypteridaceae,Goniopteris,SPECIES,PRESERVED_SPECIMEN,2018-12-06,2018,-71.28296,18.16842,NA,83a49751-4282-481e-a847-1c5c224a0551,,UC,04,10,POLO,060410,874cd66ceffffff
UCJEPS:UC:UC2091027,4856703835,Goniopteris baorucensis,Goniopteris baorucensis S.E.Fawc.,Thelypteridaceae,Goniopteris,SPECIES,PRESERVED_SPECIMEN,2018-12-06,2018,-71.28296,18.16842,NA,83a49751-4282-481e-a847-1c5c224a0551,,UC,04,10,POLO,060410,874cd66ceffffff
a1018a91-2052-4004-b555-dd1183fe3557,3329399269,Persea krugii,Persea krugii Mez,Lauraceae,Persea,SPECIES,PRESERVED_SPECIMEN,2019-05-13,2019,-71.28183,18.16073,NA,b89d52a2-861d-4388-adad-c0da3d55fc78,UF,,04,10,POLO,060410,874cd66ceffffff
a18f90da-6541-46d5-bd03-f179cb84306b,4131569314,Phlegmariurus taxifolius,Phlegmariurus taxifolius (Sw.) Á.Löve & D.Löve,Lycopodiaceae,Phlegmariurus,SPECIES,PRESERVED_SPECIMEN,2019-05-13,2019,-71.2837,18.1683,NA,defb9a47-c1a7-4fb2-9a0b-2da7c5260cad,BRIT,BRIT,04,10,POLO,060410,874cd66ceffffff
a1e0b301-8607-4c03-98d5-2f4d60b5feba,1930053404,Exothea paniculata,Exothea paniculata (Juss.) Radlk.,Sapindaceae,Exothea,SPECIES,PRESERVED_SPECIMEN,1981-12-04,1981,-71.27,18.13,NA,d415c253-4d61-4459-9d25-4015b9084fb0,NY,NY,04,10,POLO,060410,874cd66cbffffff
a31d2f1f-d193-4c66-9109-9b506d565bdf,4111425400,Podocarpus hispaniolensis,Podocarpus hispaniolensis de Laub.,Podocarpaceae,Podocarpus,SPECIES,PRESERVED_SPECIMEN,2019-05-13,2019,-71.2837,18.1683,NA,b89d52a2-861d-4388-adad-c0da3d55fc78,UF,,04,10,POLO,060410,874cd66ceffffff
a377830b-91a2-46d2-9be1-5b03288c06c8,1930079018,Salvia splendens,Salvia splendens Ker Gawl.,Lamiaceae,Salvia,SPECIES,PRESERVED_SPECIMEN,1982-02-15,1982,-71.28,18.08,NA,d415c253-4d61-4459-9d25-4015b9084fb0,NY,NY,04,10,POLO,060410,874cd2d6effffff
a40179f5-bb45-4ab8-976e-0eec5ec5f647,4111432400,Goniopteris C.Presl,Goniopteris C.Presl,Thelypteridaceae,Goniopteris,GENUS,PRESERVED_SPECIMEN,2019-05-13,2019,-71.2837,18.1683,NA,b89d52a2-861d-4388-adad-c0da3d55fc78,UF,,04,10,POLO,060410,874cd66ceffffff
a43441a7-7140-49da-8232-d88a2cf517f2,1930089789,Elaphoglossum peltatum,Elaphoglossum peltatum (Sw.) Urb.,Dryopteridaceae,Elaphoglossum,SPECIES,PRESERVED_SPECIMEN,1988-11-20,1988,-71.22,18.12,NA,d415c253-4d61-4459-9d25-4015b9084fb0,NY,NY,04,10,POLO,060410,874cd2995ffffff
a4800dc8-72fb-4df0-833b-39f9294fe162,4131563310,Podocarpus hispaniolensis,Podocarpus hispaniolensis de Laub.,Podocarpaceae,Podocarpus,SPECIES,PRESERVED_SPECIMEN,2019-05-13,2019,-71.2837,18.1683,NA,defb9a47-c1a7-4fb2-9a0b-2da7c5260cad,BRIT,BRIT,04,10,POLO,060410,874cd66ceffffff
a4c8b456-5923-4f7e-8759-662c7117a2df,2573051556,Serpocaulon loriceum,Serpocaulon loriceum (L.) A.R.Sm.,Polypodiaceae,Serpocaulon,SPECIES,PRESERVED_SPECIMEN,2018-12-06,2018,-71.28296,18.16842,NA,e42c4be9-dc6d-466b-8df2-60ac8c47fadd,VT,,04,10,POLO,060410,874cd66ceffffff
a573326a-aa76-4153-9eb7-8a6c8afc636d,4111424383,Diplazium Sw.,Diplazium Sw.,Athyriaceae,Diplazium,GENUS,PRESERVED_SPECIMEN,2018-12-06,2018,-71.227,18.112,NA,b89d52a2-861d-4388-adad-c0da3d55fc78,UF,,04,10,POLO,060410,874cd2990ffffff
a591922f-7bd4-4bbb-a6bf-cd501e367d07,1930108406,Phlebodium pseudoaureum,Phlebodium areolatum (Humb. & Bonpl. ex Willd.) J.Sm.,Polypodiaceae,Phlebodium,SPECIES,PRESERVED_SPECIMEN,1984-06-06,1984,-71.28,18.05,NA,d415c253-4d61-4459-9d25-4015b9084fb0,NY,NY,04,10,POLO,060410,874cd2d4cffffff
a64c2d05-e07e-411a-aec2-158d8d02b062,2573049090,Amauropelta rudis,Amauropelta rudis (Kunze) Pic.Serm.,Thelypteridaceae,Amauropelta,SPECIES,PRESERVED_SPECIMEN,2018-12-06,2018,-71.28296,18.16842,NA,e42c4be9-dc6d-466b-8df2-60ac8c47fadd,VT,,04,10,POLO,060410,874cd66ceffffff
a66397c9-1b0f-4ae2-a2a9-216a76029be0,1057210910,Magnolia hamorii,Magnolia hamorii Howard,Magnoliaceae,Magnolia,SPECIES,PRESERVED_SPECIMEN,1946-08,1946,-71.25,18.075,NA,7e380070-f762-11e1-a439-00145eb45e9a,NHMUK,BOT,04,10,POLO,060410,874cd2d68ffffff
a7184814-bffd-4052-a535-00f626c237c8,1930129707,Eugenia axillaris,Eugenia axillaris (Sw.) Willd.,Myrtaceae,Eugenia,SPECIES,PRESERVED_SPECIMEN,1911-06,1911,-71.232783,18.117481,3796.57,d415c253-4d61-4459-9d25-4015b9084fb0,NY,NY,04,10,POLO,060410,874cd2990ffffff
a85b0818-beb1-4a52-ba57-ad5e223ee566,6160256464,Miconia Ruiz & Pav.,Miconia Ruiz & Pav.,Melastomataceae,Miconia,GENUS,PRESERVED_SPECIMEN,2019-03-15,2019,-71.22446,18.11566,NA,b89d52a2-861d-4388-adad-c0da3d55fc78,UF,,04,10,POLO,060410,874cd2990ffffff
a85e50c8-6766-4cc3-98e0-b83a9f2c520b,2573050794,Asplenium serra,Asplenium serra Langsd. & Fisch.,Aspleniaceae,Asplenium,SPECIES,PRESERVED_SPECIMEN,2018-12-06,2018,-71.227,18.112,NA,e42c4be9-dc6d-466b-8df2-60ac8c47fadd,VT,,04,10,POLO,060410,874cd2990ffffff
a8810f4b-58d8-429f-8b56-c10526b53df9,1930149818,Lyonia stahlii,Lyonia stahlii var. costata (Urb.) Judd,Ericaceae,Lyonia,VARIETY,PRESERVED_SPECIMEN,1992-05-18,1992,-71.232783,18.117481,3796.57,d415c253-4d61-4459-9d25-4015b9084fb0,NY,NY,04,10,POLO,060410,874cd2990ffffff
a90e08e1-c5a4-45ae-806f-7b9f118f2ba1,2573051061,Saccoloma inaequale,Saccoloma inaequale (Kunze) Mett.,Saccolomataceae,Saccoloma,SPECIES,PRESERVED_SPECIMEN,2018-12-06,2018,-71.22737,18.1115,NA,e42c4be9-dc6d-466b-8df2-60ac8c47fadd,VT,,04,10,POLO,060410,874cd2990ffffff
a9c41884-8a73-4aba-854f-11a1fdd38c72,1930167693,Polytrichum juniperinum,Polytrichum juniperinum Hedw.,Polytrichaceae,Polytrichum,SPECIES,PRESERVED_SPECIMEN,2006-05-31,2006,-71.22692,18.11072,NA,d415c253-4d61-4459-9d25-4015b9084fb0,NY,NY,04,10,POLO,060410,874cd2990ffffff
ab075dcf-a3ef-4468-a147-ad1720d4836c,1930185359,Helicodontium capillare,Helicodontium capillare (Hedw.) A. Jaeger,Brachytheciaceae,Helicodontium,SPECIES,PRESERVED_SPECIMEN,1976-04-24,1976,-71.2799,18.091046,1262,d415c253-4d61-4459-9d25-4015b9084fb0,NY,NY,04,10,POLO,060410,874cd2d63ffffff
ab5d0e36-a42e-4c2b-a99d-147d6dec4b60,3329398377,Lantanopsis hispidula,Lantanopsis hispidula C.Wright ex Griseb.,Asteraceae,Lantanopsis,SPECIES,PRESERVED_SPECIMEN,2019-05-13,2019,-71.28183,18.16073,NA,b89d52a2-861d-4388-adad-c0da3d55fc78,UF,,04,10,POLO,060410,874cd66ceffffff
abac00cc-5449-4a97-a999-9e8eb70e8703,2573050867,Pleopeltis macrocarpa,Pleopeltis macrocarpa (Bory ex Willd.) Kaulf.,Polypodiaceae,Pleopeltis,SPECIES,PRESERVED_SPECIMEN,2018-12-06,2018,-71.28296,18.16842,NA,e42c4be9-dc6d-466b-8df2-60ac8c47fadd,VT,,04,10,POLO,060410,874cd66ceffffff
aca7e734-f1a3-4794-afab-0271a0f36382,4598146373,Miconia gracilifolia,Miconia gracilifolia Ionta & Judd,Melastomataceae,Miconia,SPECIES,PRESERVED_SPECIMEN,2021-05-22,2021,-71.22054,18.11388,NA,b89d52a2-861d-4388-adad-c0da3d55fc78,UF,,04,10,POLO,060410,874cd2995ffffff
ada77f4b-eed8-4652-b1b5-66464e2b01a9,4111431391,Asplenium L.,Asplenium L.,Aspleniaceae,Asplenium,GENUS,PRESERVED_SPECIMEN,2019-05-13,2019,-71.2837,18.1683,NA,b89d52a2-861d-4388-adad-c0da3d55fc78,UF,,04,10,POLO,060410,874cd66ceffffff
ae0c3d6b-c34c-45ae-98c0-4f1a77b1e4dc,4131566335,Elaphoglossum gratum,Elaphoglossum gratum (Fée) T.Moore,Dryopteridaceae,Elaphoglossum,SPECIES,PRESERVED_SPECIMEN,2019-05-13,2019,-71.2837,18.1683,NA,defb9a47-c1a7-4fb2-9a0b-2da7c5260cad,BRIT,BRIT,04,10,POLO,060410,874cd66ceffffff
ae5be912-74eb-44de-97a0-359397c9a72d,4598143374,Pecluma M.G.Price,Pecluma M.G.Price,Polypodiaceae,Pecluma,GENUS,PRESERVED_SPECIMEN,2018-12-06,2018,-71.28296,18.16842,NA,b89d52a2-861d-4388-adad-c0da3d55fc78,UF,,04,10,POLO,060410,874cd66ceffffff
ae75576b-2dc5-461c-867e-062d4fdbb05b,3329398665,Pelazoneuron serra,Thelypteris serra (Sw.) R.P.St.John,Thelypteridaceae,Pelazoneuron,SPECIES,PRESERVED_SPECIMEN,2019-05-13,2019,-71.28183,18.16073,NA,b89d52a2-861d-4388-adad-c0da3d55fc78,UF,,04,10,POLO,060410,874cd66ceffffff
aea0cf60-5da6-49b3-b1f2-ac0e4a73b51f,1999076289,Pelexia adnata,Pelexia adnata Spreng.,Orchidaceae,Pelexia,SPECIES,PRESERVED_SPECIMEN,1912-04,1912,-71.2,18.1,NA,861e6afe-f762-11e1-a439-00145eb45e9a,AMES,AMES,04,10,POLO,060410,874cd2982ffffff
aeb74b42-a75a-432b-b357-0cec61cf6df3,3416718291,Anthoceros L.,Anthoceros L.,Anthocerotaceae,Anthoceros,GENUS,PRESERVED_SPECIMEN,1946-08-21,1946,-71.262173,18.067551,2886,6cfce8da-c177-4790-b038-1202dd33e9d7,CINC,,04,10,POLO,060410,874cd2d68ffffff
af055425-e1f2-4e10-9eba-2ca69dfb8a62,1930241645,Henriettea barkeri,Henriettea barkeri (Urb. & Ekman) Alain,Melastomataceae,Henriettea,SPECIES,PRESERVED_SPECIMEN,1986-05-28,1986,-71.232783,18.117481,3796.57,d415c253-4d61-4459-9d25-4015b9084fb0,NY,NY,04,10,POLO,060410,874cd2990ffffff
af31f5e7-0dd0-4d47-a552-4e7be6dbc23f,1930245853,Meriania involucrata,Meriania involucrata (Desr.) Naudin,Melastomataceae,Meriania,SPECIES,PRESERVED_SPECIMEN,1992-05-18,1992,-71.232783,18.117481,3796.57,d415c253-4d61-4459-9d25-4015b9084fb0,NY,NY,04,10,POLO,060410,874cd2990ffffff
afc38310-24e8-4118-8403-6059e602d238,1930252523,Prunus myrtifolia,Prunus myrtifolia (L.) Urb.,Rosaceae,Prunus,SPECIES,PRESERVED_SPECIMEN,1986-02-27,1986,-71.3,18.13,NA,d415c253-4d61-4459-9d25-4015b9084fb0,NY,NY,04,10,POLO,060410,874cd2d66ffffff
afd86a08-704f-4eba-85f5-db2287a3bef2,1930253709,Tillandsia variabilis,Tillandsia variabilis Schltdl.,Bromeliaceae,Tillandsia,SPECIES,PRESERVED_SPECIMEN,1969-02-27,1969,-71.21667,18.1,1292,d415c253-4d61-4459-9d25-4015b9084fb0,NY,NY,04,10,POLO,060410,874cd2991ffffff
b0165353-8015-4531-a961-fa3203b684da,1930256508,Palicourea brachiata,Psychotria brachiata Sw.,Rubiaceae,Palicourea,SPECIES,PRESERVED_SPECIMEN,1871,1871,-71.232783,18.117481,3796.57,d415c253-4d61-4459-9d25-4015b9084fb0,NY,NY,04,10,POLO,060410,874cd2990ffffff
b022df04-79f3-476b-afb6-d1c4022a836c,1930260370,Microgramma lycopodioides,Microgramma lycopodioides (L.) Copel.,Polypodiaceae,Microgramma,SPECIES,PRESERVED_SPECIMEN,1969-02-27,1969,-71.21667,18.1,1292,d415c253-4d61-4459-9d25-4015b9084fb0,NY,NY,04,10,POLO,060410,874cd2991ffffff
b03af73c-d18a-426c-a4ed-14260f054ee5,2573049728,Goniopteris retroflexa,Goniopteris retroflexa (L.) Salino & T.E.Almeida,Thelypteridaceae,Goniopteris,SPECIES,PRESERVED_SPECIMEN,2018-12-06,2018,-71.28296,18.16842,NA,e42c4be9-dc6d-466b-8df2-60ac8c47fadd,VT,,04,10,POLO,060410,874cd66ceffffff
b0c5121c-8af0-408d-9b9d-25fbe58bfd36,2238706585,Meriania involucrata,Meriania involucrata (Desr.) Naudin,Melastomataceae,Meriania,SPECIES,PRESERVED_SPECIMEN,2016-02-02,2016,-71.21983,18.11107,NA,b89d52a2-861d-4388-adad-c0da3d55fc78,UF,,04,10,POLO,060410,874cd2990ffffff
b21eaa37-17e4-477c-a0d4-4d602a22b4e4,1457804599,Miconia tetragonoloba,"Miconia tetragonoloba (Cogn.) Judd, Bécquer & Majure",Melastomataceae,Miconia,SPECIES,PRESERVED_SPECIMEN,2001-06-17,2001,-71.283333,18.066667,NA,b89d52a2-861d-4388-adad-c0da3d55fc78,UF,,04,10,POLO,060410,874cd2d6affffff
b26c00d0-bee1-40a0-87c7-147249ccabe8,1930290034,Lyonia stahlii,Lyonia stahlii var. costata (Urb.) Judd,Ericaceae,Lyonia,VARIETY,PRESERVED_SPECIMEN,2008-05-31,2008,-71.23506,18.11428,NA,d415c253-4d61-4459-9d25-4015b9084fb0,NY,NY,04,10,POLO,060410,874cd2990ffffff
b2735e82-f18d-4956-b435-cd62ac89e52e,4598143375,Weinmannia pinnata,Weinmannia pinnata L.,Cunoniaceae,Weinmannia,SPECIES,PRESERVED_SPECIMEN,2021-05-22,2021,-71.22053,18.11388,NA,b89d52a2-861d-4388-adad-c0da3d55fc78,UF,,04,10,POLO,060410,874cd2995ffffff
b2bae0c1-fa2f-11e2-a92b-005056000560,2028306833,Orthostichella hexasticha,Orthostichella hexasticha (Schwägr.) W.R. Buck,Orthostichellaceae,Orthostichella,SPECIES,PRESERVED_SPECIMEN,1982-01-19,1982,-71.218056,18.116667,NA,815b2469-2686-4abd-8406-27ebe778a684,DUKE,,04,10,POLO,060410,874cd2995ffffff
b2dafb7a-0843-4159-880d-82651295cfdf,2573051406,Asplenium L.,Asplenium L.,Aspleniaceae,Asplenium,GENUS,PRESERVED_SPECIMEN,2018-12-06,2018,-71.22737,18.1115,NA,e42c4be9-dc6d-466b-8df2-60ac8c47fadd,VT,,04,10,POLO,060410,874cd2990ffffff
b42a20d8-41f6-451d-b3e7-dbee44e63a4b,4598145376,Palicourea liogieri,Palicourea liogieri (Steyerm.) Borhidi,Rubiaceae,Palicourea,SPECIES,PRESERVED_SPECIMEN,2021-05-22,2021,-71.22053,18.11388,NA,b89d52a2-861d-4388-adad-c0da3d55fc78,UF,,04,10,POLO,060410,874cd2995ffffff
b4fb95b6-2bd5-400f-8671-569ec691d4f0,1930325631,Magnolia hamorii,Magnolia hamorii Howard,Magnoliaceae,Magnolia,SPECIES,PRESERVED_SPECIMEN,1967-03-25,1967,-71.232783,18.117481,3796.57,d415c253-4d61-4459-9d25-4015b9084fb0,NY,NY,04,10,POLO,060410,874cd2990ffffff
b5492262-9cf0-4fcb-8638-c09ca1d7f8bf,4946997694,Sideroxylon cubense,Sideroxylon cubense (Griseb.) T.D.Penn.,Sapotaceae,Sideroxylon,SPECIES,PRESERVED_SPECIMEN,2023-01-28,2023,-71.283536,18.165304,NA,b89d52a2-861d-4388-adad-c0da3d55fc78,UF,,04,10,POLO,060410,874cd66ceffffff
b5e348ed-deec-4112-8e05-5a30bc2ef40c,1930338446,Pilea appendicilata,Pilea appendicilata Fawc. & Rendle,Urticaceae,Pilea,SPECIES,PRESERVED_SPECIMEN,1969-02-27,1969,-71.21667,18.1,1292,d415c253-4d61-4459-9d25-4015b9084fb0,NY,NY,04,10,POLO,060410,874cd2991ffffff
b6816471-fdb0-4bd2-9c74-858b9e8b7906,1930350395,Miconia lima,Leandra lima (Desr.) Judd & Skean,Melastomataceae,Miconia,SPECIES,PRESERVED_SPECIMEN,1986-05-28,1986,-71.232783,18.117481,3796.57,d415c253-4d61-4459-9d25-4015b9084fb0,NY,NY,04,10,POLO,060410,874cd2990ffffff
b704e3c3-f5d9-4f21-ac40-f085f19606a9,1930355494,Sida ciliaris,Sida ciliaris L.,Malvaceae,Sida,SPECIES,PRESERVED_SPECIMEN,1911-08,1911,-71.232783,18.117481,3796.57,d415c253-4d61-4459-9d25-4015b9084fb0,NY,NY,04,10,POLO,060410,874cd2990ffffff
b761285d-d77d-42bb-9bb9-91ea256cdf65,1930359985,Sporobolus indicus,Sporobolus indicus (L.) R.Br.,Poaceae,Sporobolus,SPECIES,PRESERVED_SPECIMEN,1981-12-04,1981,-71.27,18.13,NA,d415c253-4d61-4459-9d25-4015b9084fb0,NY,NY,04,10,POLO,060410,874cd66cbffffff
b7d42ab9eee6826a4a8604e89795863c,3308707984,Tithonia diversifolia,Tithonia diversifolia (Hemsl.) A.Gray,Asteraceae,Tithonia,SPECIES,PRESERVED_SPECIMEN,2006-06-27,2006,-71.267,18.117,NA,8016518a-f762-11e1-a439-00145eb45e9a,IBUNAM,MEXU,04,10,POLO,060410,874cd2d65ffffff
b807c717-0a1a-408d-b7df-b0581b7bcd77,1930368861,Eriobotrya japonica,Eriobotrya japonica (Thunb.) Lindl.,Rosaceae,Eriobotrya,SPECIES,PRESERVED_SPECIMEN,1986-02-27,1986,-71.27,18.13,NA,d415c253-4d61-4459-9d25-4015b9084fb0,NY,NY,04,10,POLO,060410,874cd66cbffffff
b866151e-ebe0-4931-871c-5650e93ea4c8,4111432410,Miconia vegaensis,"Miconia vegaensis (Cogn.) Judd, Bécquer & Majure",Melastomataceae,Miconia,SPECIES,PRESERVED_SPECIMEN,2019-05-13,2019,-71.2837,18.1683,NA,b89d52a2-861d-4388-adad-c0da3d55fc78,UF,,04,10,POLO,060410,874cd66ceffffff
b9052947-9739-4667-9e47-15fe9759eeaf,2573050615,Asplenium monanthes,Asplenium monanthes L.,Aspleniaceae,Asplenium,SPECIES,PRESERVED_SPECIMEN,2018-12-06,2018,-71.283,18.168,NA,e42c4be9-dc6d-466b-8df2-60ac8c47fadd,VT,,04,10,POLO,060410,874cd66ceffffff
b91c8064-decb-4aad-8b6d-fae64e42fa86,2573052469,Asplenium diplosceum,Asplenium diplosceum Hieron.,Aspleniaceae,Asplenium,SPECIES,PRESERVED_SPECIMEN,2018-12-06,2018,-71.28296,18.16842,NA,e42c4be9-dc6d-466b-8df2-60ac8c47fadd,VT,,04,10,POLO,060410,874cd66ceffffff
b92efe38-6c32-4e3d-8c0f-f97ec7331146,2573049978,Goniopteris C.Presl,Goniopteris C.Presl,Thelypteridaceae,Goniopteris,GENUS,PRESERVED_SPECIMEN,2018-12-06,2018,-71.28296,18.16842,NA,e42c4be9-dc6d-466b-8df2-60ac8c47fadd,VT,,04,10,POLO,060410,874cd66ceffffff
b9a9738d-20b3-48b0-b1d0-73726b10a55c,2573051671,Goniopteris C.Presl,Goniopteris C.Presl,Thelypteridaceae,Goniopteris,GENUS,PRESERVED_SPECIMEN,2018-12-06,2018,-71.28296,18.16842,NA,e42c4be9-dc6d-466b-8df2-60ac8c47fadd,VT,,04,10,POLO,060410,874cd66ceffffff
bacab410-8c3e-411a-8fe1-efbd84f01fdd,4161662336,Henriettea uniflora,"Henriettea uniflora Judd, Skean, Penneys & Michelang.",Melastomataceae,Henriettea,SPECIES,PRESERVED_SPECIMEN,2021-05-22,2021,-71.22054,18.11388,NA,b89d52a2-861d-4388-adad-c0da3d55fc78,UF,,04,10,POLO,060410,874cd2995ffffff
bad5ad06-f06c-4074-bc0a-e3bc4f33d7cf,3987768402,Asplenium dissectum,Asplenium dissectum Sw.,Aspleniaceae,Asplenium,SPECIES,PRESERVED_SPECIMEN,2019-05-15,2019,-71.22446,18.11566,NA,b89d52a2-861d-4388-adad-c0da3d55fc78,UF,,04,10,POLO,060410,874cd2990ffffff
bc640720-abab-4863-b127-ead796af1b8d,1930431072,Physalis peruviana,Physalis peruviana L.,Solanaceae,Physalis,SPECIES,PRESERVED_SPECIMEN,1992-07-19,1992,-71.27,18.05,NA,d415c253-4d61-4459-9d25-4015b9084fb0,NY,NY,04,10,POLO,060410,874cd2d4cffffff
bd11f758-dd63-4451-85ad-45881d1e4942,3329399263,Miconia vegaensis,"Miconia vegaensis (Cogn.) Judd, Bécquer & Majure",Melastomataceae,Miconia,SPECIES,PRESERVED_SPECIMEN,2019-05-13,2019,-71.28183,18.16073,NA,b89d52a2-861d-4388-adad-c0da3d55fc78,UF,,04,10,POLO,060410,874cd66ceffffff
bd259f9d-c4af-456c-9ea3-9ebf35fd9e19,1930441442,Peperomia rhombea,Peperomia rhombea Ruiz & Pav.,Piperaceae,Peperomia,SPECIES,PRESERVED_SPECIMEN,1911,1911,-71.232783,18.117481,3796.57,d415c253-4d61-4459-9d25-4015b9084fb0,NY,NY,04,10,POLO,060410,874cd2990ffffff
bef00905-f2c7-4bdb-ae1c-45fee8439a56,4076846434,Plagiochila patula,Plagiochila dubia Lindenb. & Gottsche,Plagiochilaceae,Plagiochila,SPECIES,PRESERVED_SPECIMEN,1976-04-24,1976,-71.287233,18.078729,800,ad004988-7cbf-4af7-9cdb-d7500cc025f2,FLAS,,04,10,POLO,060410,874cd2d45ffffff
bf6daf5b-b164-47b6-8ea5-f544b33ddad2,1056775357,Elaphoglossum peltatum,Elaphoglossum peltatum (Sw.) Urb.,Dryopteridaceae,Elaphoglossum,SPECIES,PRESERVED_SPECIMEN,1946-08,1946,-71.25,18.075,NA,7e380070-f762-11e1-a439-00145eb45e9a,NHMUK,BOT,04,10,POLO,060410,874cd2d68ffffff
bfb9fcf3-3397-4f2f-ac10-08e5190664c3,5886498450,Miconia ferruginea,Miconia ferruginea (Desr.) DC.,Melastomataceae,Miconia,SPECIES,PRESERVED_SPECIMEN,2021-05-22,2021,-71.2226,18.10528,NA,b89d52a2-861d-4388-adad-c0da3d55fc78,UF,,04,10,POLO,060410,874cd2990ffffff
bfd7c206-af96-4051-bb10-5ae5b8b39b85,3978737928,Juniperus gracilior,Juniperus gracilior var. urbaniana (Pilg. & Ekman) R.P.Adams,Cupressaceae,Juniperus,VARIETY,PRESERVED_SPECIMEN,2009-07-08,2009,-71.416667,18.166667,3915,abba37fc-a9c3-4de2-bba2-7f929abc937d,BAYLU,BAYLU,04,10,POLO,060410,874cd2d05ffffff
c0477ed8-4b9d-426c-b52c-499ecf91da51,1930486356,Lobelia cliffortiana,Lobelia cliffortiana L.,Campanulaceae,Lobelia,SPECIES,PRESERVED_SPECIMEN,1982-02-15,1982,-71.25,18.12,NA,d415c253-4d61-4459-9d25-4015b9084fb0,NY,NY,04,10,POLO,060410,874cd2996ffffff
c063d963-55d5-4837-bee4-4bf3a0e7cab2,1930487500,Jacquemontia pentanthos,Jacquemontia pentanthos (Jacq.) G.Don,Convolvulaceae,Jacquemontia,SPECIES,PRESERVED_SPECIMEN,1871,1871,-71.232783,18.117481,3796.57,d415c253-4d61-4459-9d25-4015b9084fb0,NY,NY,04,10,POLO,060410,874cd2990ffffff
c11b84c5-6ec3-4ba8-8d30-812e220f929f,5029135567,Ardisia fuertesii,Ardisia fuertesii Urb.,Primulaceae,Ardisia,SPECIES,PRESERVED_SPECIMEN,2023-01-28,2023,-71.283536,18.165304,NA,b89d52a2-861d-4388-adad-c0da3d55fc78,UF,,04,10,POLO,060410,874cd66ceffffff
c12b11e5-965f-46a3-93c4-43b22bac547f,1457809699,Miconia angustilamina,Miconia angustilamina (Judd & Skean) Judd & Ionta,Melastomataceae,Miconia,SPECIES,PRESERVED_SPECIMEN,1984-06-05,1984,-71.275,18.125,NA,b89d52a2-861d-4388-adad-c0da3d55fc78,UF,,04,10,POLO,060410,874cd2d65ffffff
c158556a-7884-4b8d-9112-3f468082af63,1930501020,Phlegmariurus reflexus,Lycopodium reflexum Lam.,Lycopodiaceae,Phlegmariurus,SPECIES,PRESERVED_SPECIMEN,1988-11-20,1988,-71.22,18.12,NA,d415c253-4d61-4459-9d25-4015b9084fb0,NY,NY,04,10,POLO,060410,874cd2995ffffff
c184a61d-9482-453a-b9b8-74573cf24c75,4111425421,Radiovittaria (Benedict) E.H.Crane,Radiovittaria (Benedict) E.H.Crane,Pteridaceae,Radiovittaria,GENUS,PRESERVED_SPECIMEN,2018-12-06,2018,-71.227,18.112,NA,b89d52a2-861d-4388-adad-c0da3d55fc78,UF,,04,10,POLO,060410,874cd2990ffffff
c269d009-af51-4e17-a5b1-24e0c9038bad,1930516783,Meriania involucrata,Meriania involucrata (Desr.) Naudin,Melastomataceae,Meriania,SPECIES,PRESERVED_SPECIMEN,2016-02-02,2016,-71.21983,18.11107,NA,d415c253-4d61-4459-9d25-4015b9084fb0,NY,NY,04,10,POLO,060410,874cd2990ffffff
c293dd40-bbdc-4651-ac08-e9536879c2cf,1930518631,Aristolochia adiastola,Aristolochia adiastola G.A.Romero & Elad.Fernández,Aristolochiaceae,Aristolochia,SPECIES,PRESERVED_SPECIMEN,,NA,-71.232783,18.117481,3796.57,d415c253-4d61-4459-9d25-4015b9084fb0,NY,NY,04,10,POLO,060410,874cd2990ffffff
c2dfb998-aa8d-4f83-9432-75bd337aad6e,1930522592,Elaphoglossum decoratum,Elaphoglossum decoratum (Kunze) T.Moore,Dryopteridaceae,Elaphoglossum,SPECIES,PRESERVED_SPECIMEN,1982-02-15,1982,-71.4167,18.1667,NA,d415c253-4d61-4459-9d25-4015b9084fb0,NY,NY,04,10,POLO,060410,874cd2d05ffffff
c4847de3-514b-40ab-aecf-ea92ed27017e,1457810808,Miconia limoides,Miconia limoides (Urb.) Majure & Judd,Melastomataceae,Miconia,SPECIES,PRESERVED_SPECIMEN,2006-05-31,2006,-71.226917,18.110722,NA,b89d52a2-861d-4388-adad-c0da3d55fc78,UF,,04,10,POLO,060410,874cd2990ffffff
c4eca407-7dd9-4f52-831f-f07a72ea8273,4598144384,Myrcia fenzliana,Gomidesia lindeniana O.Berg,Myrtaceae,Myrcia,SPECIES,PRESERVED_SPECIMEN,2021-05-22,2021,-71.23355,18.11362,NA,b89d52a2-861d-4388-adad-c0da3d55fc78,UF,,04,10,POLO,060410,874cd2990ffffff
c58a75c2-5bc8-45a8-b262-065e8b8324ac,4111423391,Elaphoglossum Schott ex J.Sm.,Elaphoglossum Schott ex J.Sm.,Dryopteridaceae,Elaphoglossum,GENUS,PRESERVED_SPECIMEN,2019-05-13,2019,-71.2837,18.1683,NA,b89d52a2-861d-4388-adad-c0da3d55fc78,UF,,04,10,POLO,060410,874cd66ceffffff
c5f98cc4-8947-4e79-9493-3df6d30a44cc,2573050939,Goniopteris reptans,Goniopteris reptans (J.F.Gmel.) C.Presl,Thelypteridaceae,Goniopteris,SPECIES,PRESERVED_SPECIMEN,2018-12-07,2018,-71.29545,18.05145,NA,e42c4be9-dc6d-466b-8df2-60ac8c47fadd,VT,,04,10,POLO,060410,874cd2d41ffffff
c70a6908-01d8-4456-8cf3-e7020b5cf1cf,4598145388,Asplenium feei,Asplenium feei Kunze ex Fée,Aspleniaceae,Asplenium,SPECIES,PRESERVED_SPECIMEN,2018-12-06,2018,-71.22016,18.11125,NA,b89d52a2-861d-4388-adad-c0da3d55fc78,UF,,04,10,POLO,060410,874cd2990ffffff
c75b2b85-120b-45cb-bae5-34451bc370c7,4161659342,Miconia limoides,Miconia limoides (Urb.) Majure & Judd,Melastomataceae,Miconia,SPECIES,PRESERVED_SPECIMEN,2021-05-22,2021,-71.22054,18.11388,NA,b89d52a2-861d-4388-adad-c0da3d55fc78,UF,,04,10,POLO,060410,874cd2995ffffff
c78f3436-3253-40bc-98f5-ca34e9690199,4131568315,Goniopteris C.Presl,Goniopteris C.Presl,Thelypteridaceae,Goniopteris,GENUS,PRESERVED_SPECIMEN,2019-05-13,2019,-71.2837,18.1683,NA,defb9a47-c1a7-4fb2-9a0b-2da7c5260cad,BRIT,BRIT,04,10,POLO,060410,874cd66ceffffff
c7a0e816-2d8a-4153-893d-6afccf38e519,4111423392,Saccoloma inaequale,Saccoloma inaequale (Kunze) Mett.,Saccolomataceae,Saccoloma,SPECIES,PRESERVED_SPECIMEN,2018-12-06,2018,-71.227,18.112,NA,b89d52a2-861d-4388-adad-c0da3d55fc78,UF,,04,10,POLO,060410,874cd2990ffffff
c88e2d82-4610-4135-a96b-4884aa7d1a32,1930602441,Barbosella prorepens,Barbosella dussii (Cogn.) Dod,Orchidaceae,Barbosella,SPECIES,PRESERVED_SPECIMEN,1968-04,1968,-71.232783,18.117481,3796.57,d415c253-4d61-4459-9d25-4015b9084fb0,NY,NY,04,10,POLO,060410,874cd2990ffffff
c9ae5903-d04c-458e-8a9e-27e72f64027d,1930618258,Kalanchoe pinnata,Kalanchoe pinnata (Lam.) Pers.,Crassulaceae,Kalanchoe,SPECIES,PRESERVED_SPECIMEN,1911-07,1911,-71.232783,18.117481,3796.57,d415c253-4d61-4459-9d25-4015b9084fb0,NY,NY,04,10,POLO,060410,874cd2990ffffff
c9aead5b-4b8e-4a91-9093-ad0b0b6cc683,2573051008,Nephrolepis rivularis,Nephrolepis rivularis (Vahl) Mett. ex Krug,Nephrolepidaceae,Nephrolepis,SPECIES,PRESERVED_SPECIMEN,2018-12-06,2018,-71.22016,18.11125,NA,e42c4be9-dc6d-466b-8df2-60ac8c47fadd,VT,,04,10,POLO,060410,874cd2990ffffff
c9afd6a1-b632-4c61-a30c-4a6cffefca17,1930619148,Malvastrum coromandelianum,Malvastrum coromandelianum (L.) Garcke,Malvaceae,Malvastrum,SPECIES,PRESERVED_SPECIMEN,1992-07-19,1992,-71.27,18.05,NA,d415c253-4d61-4459-9d25-4015b9084fb0,NY,NY,04,10,POLO,060410,874cd2d4cffffff
caee433e-3a59-4841-a978-b85f2bc4bcf4,4598143381,Palicourea liogieri,Palicourea liogieri (Steyerm.) Borhidi,Rubiaceae,Palicourea,SPECIES,PRESERVED_SPECIMEN,2021-05-22,2021,-71.22053,18.11388,NA,b89d52a2-861d-4388-adad-c0da3d55fc78,UF,,04,10,POLO,060410,874cd2995ffffff
cc676a82-4f84-4d63-a060-f8d4467bca01,4994660492,Rhynchospora aristata,Rhynchospora fuertesii Urb.,Cyperaceae,Rhynchospora,SPECIES,PRESERVED_SPECIMEN,2019-05-13,2019,-71.28183,18.16073,NA,b89d52a2-861d-4388-adad-c0da3d55fc78,UF,,04,10,POLO,060410,874cd66ceffffff
cd24e900-335d-4ece-9092-4cb023c3f663,1930667762,Henriettea uniflora,"Henriettea uniflora Judd, Skean, Penneys & Michelang.",Melastomataceae,Henriettea,SPECIES,PRESERVED_SPECIMEN,2016-02-02,2016,-71.21983,18.11107,NA,d415c253-4d61-4459-9d25-4015b9084fb0,NY,NY,04,10,POLO,060410,874cd2990ffffff
cd51d678-126d-4f3e-b2ff-e1e7a7d0eaf0,1930670567,Thelypteris Schmidel,Thelypteris Schmidel,Thelypteridaceae,Thelypteris,GENUS,PRESERVED_SPECIMEN,1984-06-06,1984,-71.28,18.05,NA,d415c253-4d61-4459-9d25-4015b9084fb0,NY,NY,04,10,POLO,060410,874cd2d4cffffff
cdde1171-485d-443a-89b7-512f340978c1,1999214002,Stelis domingensis,Stelis domingensis Cogn.,Orchidaceae,Stelis,SPECIES,PRESERVED_SPECIMEN,1982-05-04,1982,-71.3,18.1,NA,861e6afe-f762-11e1-a439-00145eb45e9a,GH,GH,04,10,POLO,060410,874cd2d62ffffff
d006a855-82ae-4564-8e12-3a5f3d91ecce,4111424401,Polystichum lancilobum,Polystichum lancilobum C.Chr.,Dryopteridaceae,Polystichum,SPECIES,PRESERVED_SPECIMEN,2019-05-13,2019,-71.2837,18.1683,NA,b89d52a2-861d-4388-adad-c0da3d55fc78,UF,,04,10,POLO,060410,874cd66ceffffff
d019e432-c79f-4a80-9bca-c63bebb88242,4111424402,Elaphoglossum Schott ex J.Sm.,Elaphoglossum Schott ex J.Sm.,Dryopteridaceae,Elaphoglossum,GENUS,PRESERVED_SPECIMEN,2018-12-06,2018,-71.227,18.112,NA,b89d52a2-861d-4388-adad-c0da3d55fc78,UF,,04,10,POLO,060410,874cd2990ffffff
d09c98a3-cffe-482f-a45a-7b8bdb5fe1c4,4116709740,Jacquinia aculeata,Jacquinia eggersii Urb.,Primulaceae,Jacquinia,SPECIES,PRESERVED_SPECIMEN,1911-10,1911,-71.290979,18.178202,1054,5a2b4f54-fba7-473d-ab85-226e2bb9f5ec,IIBZ,USD,04,10,POLO,060410,874cd66c3ffffff
d0e741b8-66de-4e0b-8e50-b8fb0033f19e,3970672720,Elaphoglossum glabellum,Elaphoglossum glabellum J.Sm.,Dryopteridaceae,Elaphoglossum,SPECIES,PRESERVED_SPECIMEN,2018-12-06,2018,-71.2273,18.1115,NA,e42c4be9-dc6d-466b-8df2-60ac8c47fadd,VT,,04,10,POLO,060410,874cd2990ffffff
d0ef24c4-0621-4193-8caa-393db300f4e3,1930721566,Microchilus plantagineus,Microchilus plantagineus (L.) D.Dietr.,Orchidaceae,Microchilus,SPECIES,PRESERVED_SPECIMEN,1990-03-25,1990,-71.22,18.12,NA,d415c253-4d61-4459-9d25-4015b9084fb0,NY,NY,04,10,POLO,060410,874cd2995ffffff
d170fc7b-442b-432c-a825-e31894bacdfa,1930728134,Campyloneurum phyllitidis,Campyloneurum phyllitidis (L.) C.Presl,Polypodiaceae,Campyloneurum,SPECIES,PRESERVED_SPECIMEN,1910-10,1910,-71.232783,18.117481,3796.57,d415c253-4d61-4459-9d25-4015b9084fb0,NY,NY,04,10,POLO,060410,874cd2990ffffff
d1cc63ad-c579-4423-9faa-dfd754d82c9d,1930732852,Epidendrum neoporpax,Epidendrum neoporpax Ames,Orchidaceae,Epidendrum,SPECIES,PRESERVED_SPECIMEN,1969-02-27,1969,-71.21667,18.1,1292,d415c253-4d61-4459-9d25-4015b9084fb0,NY,NY,04,10,POLO,060410,874cd2991ffffff
d2658f06-bdc9-4978-b6e9-ec16ea762809,1930740980,Mirabilis jalapa,Mirabilis jalapa L.,Nyctaginaceae,Mirabilis,SPECIES,PRESERVED_SPECIMEN,1984-06-05,1984,-71.275,18.12,NA,d415c253-4d61-4459-9d25-4015b9084fb0,NY,NY,04,10,POLO,060410,874cd2d65ffffff
d28b2234-3b4c-4da9-b479-dda61c7a0b7e,3329398419,Styrax ochraceus,Styrax ochraceus Urb.,Styracaceae,Styrax,SPECIES,PRESERVED_SPECIMEN,2006-05-31,2006,-71.231556,18.114972,NA,b89d52a2-861d-4388-adad-c0da3d55fc78,UF,,04,10,POLO,060410,874cd2990ffffff
d44584c1-f432-4b98-a96c-46cfce28087c,1930766918,Miconia limoides,Leandra limoides (Urb.) Judd & Skean,Melastomataceae,Miconia,SPECIES,PRESERVED_SPECIMEN,1992-05-18,1992,-71.232783,18.117481,3796.57,d415c253-4d61-4459-9d25-4015b9084fb0,NY,NY,04,10,POLO,060410,874cd2990ffffff
d4620664-36cb-4b37-9934-c591fdf7b08f,4161659347,Miconia lomensis,Miconia lomensis (Urb.) Michelang.,Melastomataceae,Miconia,SPECIES,PRESERVED_SPECIMEN,2021-05-22,2021,-71.22054,18.11388,NA,b89d52a2-861d-4388-adad-c0da3d55fc78,UF,,04,10,POLO,060410,874cd2995ffffff
d4acab98-ce17-4708-9a3d-6f432b4ef21a,4526014362,Pilea tippenhaueri,Pilea tippenhaueri Urb.,Urticaceae,Pilea,SPECIES,PRESERVED_SPECIMEN,2019-05-13,2019,-71.28183,18.16073,NA,b89d52a2-861d-4388-adad-c0da3d55fc78,UF,,04,10,POLO,060410,874cd66ceffffff
d4dbebbf-079b-44fb-9ac1-e7b41599edba,2573049047,Diplazium Sw.,Diplazium Sw.,Athyriaceae,Diplazium,GENUS,PRESERVED_SPECIMEN,2018-12-06,2018,-71.283,18.168,NA,e42c4be9-dc6d-466b-8df2-60ac8c47fadd,VT,,04,10,POLO,060410,874cd66ceffffff
d5daf479-0d94-4c5f-92ae-b1a0df87ce55,1999249360,Epidendrum repens,Epidendrum repens Cogn.,Orchidaceae,Epidendrum,SPECIES,PRESERVED_SPECIMEN,1988-11-20,1988,-71.3,18.1,NA,861e6afe-f762-11e1-a439-00145eb45e9a,GH,GH,04,10,POLO,060410,874cd2d62ffffff
d632a1d6-3b9d-40d0-95ea-46ff32eafa25,5932835961,Gesneria L.,Gesneria L.,Gesneriaceae,Gesneria,GENUS,PRESERVED_SPECIMEN,2024-11-16,2024,-71.234589,18.11411,NA,d415c253-4d61-4459-9d25-4015b9084fb0,NY,NY,04,10,POLO,060410,874cd2990ffffff
d8be9433-6115-453a-a8be-d2d4f8946c62,1930831295,Henriettea uniflora,"Henriettea uniflora Judd, Skean, Penneys & Michelang.",Melastomataceae,Henriettea,SPECIES,PRESERVED_SPECIMEN,2016-02-18,2016,-71.22,18.1111,NA,d415c253-4d61-4459-9d25-4015b9084fb0,NY,NY,04,10,POLO,060410,874cd2990ffffff
d954944b-29b0-4fb0-a4a3-a0c5515f76c2,1930839576,Heliotropium verdcourtii,Tournefortia hirsutissima L.,Heliotropiaceae,Heliotropium,SPECIES,PRESERVED_SPECIMEN,1984-06-05,1984,-71.23,18.12,NA,d415c253-4d61-4459-9d25-4015b9084fb0,NY,NY,04,10,POLO,060410,874cd2990ffffff
d97fed32-3cf3-4985-9b8e-5dc24e385e63,4161662343,Miconia howardiana,"Miconia howardiana Judd, Salzman & Skean",Melastomataceae,Miconia,SPECIES,PRESERVED_SPECIMEN,2021-05-22,2021,-71.23355,18.11362,NA,b89d52a2-861d-4388-adad-c0da3d55fc78,UF,,04,10,POLO,060410,874cd2990ffffff
d9ddc5b1-206e-47a3-9cdc-35d8d493bfe3,4111425436,Asplenium cristatum,Asplenium cristatum Lam.,Aspleniaceae,Asplenium,SPECIES,PRESERVED_SPECIMEN,2018-12-06,2018,-71.283,18.168,NA,b89d52a2-861d-4388-adad-c0da3d55fc78,UF,,04,10,POLO,060410,874cd66ceffffff
db8fc52f-3cf7-46bf-9122-ac73c39094ff,2573049593,Asplenium L.,Asplenium L.,Aspleniaceae,Asplenium,GENUS,PRESERVED_SPECIMEN,2018-12-06,2018,-71.22737,18.1115,NA,e42c4be9-dc6d-466b-8df2-60ac8c47fadd,VT,,04,10,POLO,060410,874cd2990ffffff
dba6e87a-dc57-456f-bb93-b1931ff3b0f9,3329399096,Ocotea Aubl.,Ocotea Aubl.,Lauraceae,Ocotea,GENUS,PRESERVED_SPECIMEN,2006-05-31,2006,-71.231556,18.114972,NA,b89d52a2-861d-4388-adad-c0da3d55fc78,UF,,04,10,POLO,060410,874cd2990ffffff
dc26d5af-80c4-42ec-951c-8b418f2472ad,1930879223,Wallenia gracilis,Wallenia gracilis Alain,Primulaceae,Wallenia,SPECIES,PRESERVED_SPECIMEN,1969-02-27,1969,-71.21667,18.1,1292,d415c253-4d61-4459-9d25-4015b9084fb0,NY,NY,04,10,POLO,060410,874cd2991ffffff
dc401959-73c4-4717-9e11-9d18421b2bb7,4131568337,Elaphoglossum simplex,Elaphoglossum simplex (Sw.) Schott,Dryopteridaceae,Elaphoglossum,SPECIES,PRESERVED_SPECIMEN,2018-12-06,2018,-71.227,18.112,NA,defb9a47-c1a7-4fb2-9a0b-2da7c5260cad,BRIT,BRIT,04,10,POLO,060410,874cd2990ffffff
dcc86884-b884-48b1-9a8f-bdc94c67ca6b,4598144392,Gleicheniaceae (R.Br.) C.Presl,Gleicheniaceae (R.Br.) C.Presl,Gleicheniaceae,,FAMILY,PRESERVED_SPECIMEN,2021-05-22,2021,-71.23346,18.11373,NA,b89d52a2-861d-4388-adad-c0da3d55fc78,UF,,04,10,POLO,060410,874cd2990ffffff
dcfa7611-55f1-45bc-aaf0-122f120fc8ce,3329398587,Miconia lima,Miconia lima (Desr.) M.Gómez,Melastomataceae,Miconia,SPECIES,PRESERVED_SPECIMEN,2006-05-31,2006,-71.234722,18.114167,NA,b89d52a2-861d-4388-adad-c0da3d55fc78,UF,,04,10,POLO,060410,874cd2990ffffff
dd328004-89f7-404c-a1a8-1f0f8305f808,4111432427,Palhinhaea cernua,Palhinhaea cernua (L.) Vasc. & Franco,Lycopodiaceae,Palhinhaea,SPECIES,PRESERVED_SPECIMEN,2018-12-06,2018,-71.227,18.112,NA,b89d52a2-861d-4388-adad-c0da3d55fc78,UF,,04,10,POLO,060410,874cd2990ffffff
dd8d8206-42e8-4031-9a4f-21257f01e137,4415566373,Gesneria L.,Gesneria L.,Gesneriaceae,Gesneria,GENUS,PRESERVED_SPECIMEN,2023-01-29,2023,-71.234589,18.114111,NA,b89d52a2-861d-4388-adad-c0da3d55fc78,UF,,04,10,POLO,060410,874cd2990ffffff
dd9c4158-b8b8-4a84-9ff7-e6581c7b5110,5105411499,Miconia gracilifolia,Miconia gracilifolia Ionta & Judd,Melastomataceae,Miconia,SPECIES,PRESERVED_SPECIMEN,2016-02-02,2016,-71.21983,18.11107,NA,b89d52a2-861d-4388-adad-c0da3d55fc78,UF,,04,10,POLO,060410,874cd2990ffffff
de6dceee-961f-49cd-9c26-67fba9a90490,2573053279,Botrypus virginianus,Botrypus virginianus (L.) Michx.,Ophioglossaceae,Botrypus,SPECIES,PRESERVED_SPECIMEN,2018-12-07,2018,-71.29,18.05,NA,e42c4be9-dc6d-466b-8df2-60ac8c47fadd,VT,,04,10,POLO,060410,874cd2d41ffffff
de736a58-cc84-4991-bba3-d3a9ef6d487a,4598145401,Rondeletia barahonensis,Rondeletia barahonensis Urb.,Rubiaceae,Rondeletia,SPECIES,PRESERVED_SPECIMEN,2021-05-22,2021,-71.23346,18.11373,NA,b89d52a2-861d-4388-adad-c0da3d55fc78,UF,,04,10,POLO,060410,874cd2990ffffff
e0372181-acdc-4882-9540-a8808e16abbb,4111433432,Diplazium unilobum,Diplazium unilobum (Poir.) Hieron.,Athyriaceae,Diplazium,SPECIES,PRESERVED_SPECIMEN,2018-12-06,2018,-71.283,18.168,NA,b89d52a2-861d-4388-adad-c0da3d55fc78,UF,,04,10,POLO,060410,874cd66ceffffff
e09c8570-2558-45ed-a145-9d206b300071,4111434408,Diplazium Sw.,Diplazium Sw.,Athyriaceae,Diplazium,GENUS,PRESERVED_SPECIMEN,2018-12-06,2018,-71.283,18.168,NA,b89d52a2-861d-4388-adad-c0da3d55fc78,UF,,04,10,POLO,060410,874cd66ceffffff
e0f05283-3da2-4ed1-b527-854bc7e0cb79,1930947923,Epidendrum paranaense,Epidendrum paranaense Barb.Rodr.,Orchidaceae,Epidendrum,SPECIES,PRESERVED_SPECIMEN,1999-06-04,1999,-71.2272,18.1111,NA,d415c253-4d61-4459-9d25-4015b9084fb0,NY,NY,04,10,POLO,060410,874cd2990ffffff
e0fd8350-1cf3-4b05-888a-00a25d65ffcd,2238706625,Miconia subcompressa,Miconia subcompressa subsp. beverlyana Judd,Melastomataceae,Miconia,SUBSPECIES,PRESERVED_SPECIMEN,2016-02-02,2016,-71.23479,18.11419,NA,b89d52a2-861d-4388-adad-c0da3d55fc78,UF,,04,10,POLO,060410,874cd2990ffffff
e17271bf-a98e-4892-9a4c-9cf10921d020,4598146398,Miconia umbellata,Miconia umbellata (Mill.) Judd & Ionta,Melastomataceae,Miconia,SPECIES,PRESERVED_SPECIMEN,2021-05-22,2021,-71.22054,18.11388,NA,b89d52a2-861d-4388-adad-c0da3d55fc78,UF,,04,10,POLO,060410,874cd2995ffffff
e19573c4-3b2d-4fa4-be0f-b0f49731dae9,2573051851,Eupodium laeve,Eupodium laeve (Sm.) Murdock,Marattiaceae,Eupodium,SPECIES,PRESERVED_SPECIMEN,2018-12-06,2018,-71.22737,18.1115,NA,e42c4be9-dc6d-466b-8df2-60ac8c47fadd,VT,,04,10,POLO,060410,874cd2990ffffff
e1dbc4c2-80dc-4d66-8f6f-25901d76a23d,1846483006,Miconia gracilifolia,Ossaea gracilis Alain,Melastomataceae,Miconia,SPECIES,PRESERVED_SPECIMEN,2016-02-02,2016,-71.21983,18.11107,NA,3c59bd42-7bfd-421b-8da4-275780390e4c,DES,,04,10,POLO,060410,874cd2990ffffff
e2a1f285-7f59-4a56-bf56-893afc421d29,3329398765,Miconia lima,Miconia lima (Desr.) M.Gómez,Melastomataceae,Miconia,SPECIES,PRESERVED_SPECIMEN,2019-05-13,2019,-71.28183,18.16073,NA,b89d52a2-861d-4388-adad-c0da3d55fc78,UF,,04,10,POLO,060410,874cd66ceffffff
e4dc4e2c-d6d8-4080-b27e-9bf910417a6f,4874950327,Buxus glomerata,Buxus glomerata (Griseb.) Müll.Arg.,Buxaceae,Buxus,SPECIES,PRESERVED_SPECIMEN,1992-12-15,1992,-71.34,18.18,NA,b89d52a2-861d-4388-adad-c0da3d55fc78,UF,,04,10,POLO,060410,874cd66d1ffffff
e6126a58-7a89-412d-b7c8-fd19f3b77da3,4111423410,Rhynchospora Vahl,Rhynchospora Vahl,Cyperaceae,Rhynchospora,GENUS,PRESERVED_SPECIMEN,2019-05-13,2019,-71.2837,18.1683,NA,b89d52a2-861d-4388-adad-c0da3d55fc78,UF,,04,10,POLO,060410,874cd66ceffffff
e761e46f-882b-42d9-afe5-d07ef5c08606,5892187304,Miconia subcompressa,Miconia subcompressa subsp. beverlyana Judd,Melastomataceae,Miconia,SUBSPECIES,PRESERVED_SPECIMEN,2021-05-22,2021,-71.23355,18.11362,NA,b89d52a2-861d-4388-adad-c0da3d55fc78,UF,,04,10,POLO,060410,874cd2990ffffff
e88a7279-83f8-4e14-9b6b-45bea21cd619,1931055006,Beilschmiedia pendula,Beilschmiedia pendula (Sw.) Hemsl.,Lauraceae,Beilschmiedia,SPECIES,PRESERVED_SPECIMEN,1986-02-27,1986,-71.3,18.13,NA,d415c253-4d61-4459-9d25-4015b9084fb0,NY,NY,04,10,POLO,060410,874cd2d66ffffff
e8f32324-a278-45d7-81fc-bf719cb939a4,1931060644,Ardisia fuertesii,Ardisia fuertesii Urb.,Primulaceae,Ardisia,SPECIES,PRESERVED_SPECIMEN,1969-02-27,1969,-71.21667,18.1,1292,d415c253-4d61-4459-9d25-4015b9084fb0,NY,NY,04,10,POLO,060410,874cd2991ffffff
e99e747b-3cc3-4e59-9513-e63e9c2965d5,1931069986,Magnolia hamorii,Magnolia hamorii Howard,Magnoliaceae,Magnolia,SPECIES,PRESERVED_SPECIMEN,1967-03-25,1967,-71.232783,18.117481,3796.57,d415c253-4d61-4459-9d25-4015b9084fb0,NY,NY,04,10,POLO,060410,874cd2990ffffff
ea9b7fd0-b795-46c5-b43b-e589d62adb27,2573050997,Asplenium serra,Asplenium serra Langsd. & Fisch.,Aspleniaceae,Asplenium,SPECIES,PRESERVED_SPECIMEN,2018-12-06,2018,-71.28296,18.16842,NA,e42c4be9-dc6d-466b-8df2-60ac8c47fadd,VT,,04,10,POLO,060410,874cd66ceffffff
eaf9e5bd-b6da-4681-9f9a-e1e88a5b362a,1931088851,Rhytidophyllum auriculatum,Rhytidophyllum auriculatum Hook.,Gesneriaceae,Rhytidophyllum,SPECIES,PRESERVED_SPECIMEN,1984-06-05,1984,-71.275,18.125,NA,d415c253-4d61-4459-9d25-4015b9084fb0,NY,NY,04,10,POLO,060410,874cd2d65ffffff
eb3739c7-1f21-4221-9c76-3e5a0a98fd61,3329398528,Lantanopsis hispidula,Lantanopsis hispidula C.Wright ex Griseb.,Asteraceae,Lantanopsis,SPECIES,PRESERVED_SPECIMEN,2019-05-13,2019,-71.28183,18.16073,NA,b89d52a2-861d-4388-adad-c0da3d55fc78,UF,,04,10,POLO,060410,874cd66ceffffff
eb8ae8ec-2642-46b6-ba17-e9832df359a3,2573049785,Amauropelta Kunze,Amauropelta Kunze,Thelypteridaceae,Amauropelta,GENUS,PRESERVED_SPECIMEN,2018-12-06,2018,-71.28296,18.16842,NA,e42c4be9-dc6d-466b-8df2-60ac8c47fadd,VT,,04,10,POLO,060410,874cd66ceffffff
eb996323-4372-4c83-aaff-779c33e7993e,5839474553,Poitea galegoides,Poitea galegoides Vent.,Fabaceae,Poitea,SPECIES,PRESERVED_SPECIMEN,2024-11-17,2024,-71.258681,18.080269,NA,b89d52a2-861d-4388-adad-c0da3d55fc78,UF,,04,10,POLO,060410,874cd2d6cffffff
ec253019-3d06-45d1-bf03-53f67236f31e,4598144397,Cheiroglossa palmata,Ophioglossum palmatum L.,Ophioglossaceae,Cheiroglossa,SPECIES,PRESERVED_SPECIMEN,2021-05-22,2021,-71.22053,18.11388,NA,b89d52a2-861d-4388-adad-c0da3d55fc78,UF,,04,10,POLO,060410,874cd2995ffffff
ec5ad195-f4f4-4197-ab82-a5a7fc761cf1,2238706634,Miconia bahorucensis,"Miconia bahorucensis Skean, Judd & Majure",Melastomataceae,Miconia,SPECIES,PRESERVED_SPECIMEN,2016-02-02,2016,-71.21983,18.11107,NA,b89d52a2-861d-4388-adad-c0da3d55fc78,UF,,04,10,POLO,060410,874cd2990ffffff
ec7a8e04-3be3-417f-ac1d-c58abf3bce69,6186459507,Rhynchospora Vahl,Rhynchospora Vahl,Cyperaceae,Rhynchospora,GENUS,PRESERVED_SPECIMEN,2019-05-13,2019,-71.2837,18.1683,NA,b89d52a2-861d-4388-adad-c0da3d55fc78,UF,,04,10,POLO,060410,874cd66ceffffff
ed748ed0-2b99-48d0-8bc9-7393d1bb16a8,1931123645,Trichopilia fragrans,Trichopilia fragrans (Lindl.) Rchb.f.,Orchidaceae,Trichopilia,SPECIES,PRESERVED_SPECIMEN,1999-06-04,1999,-71.2272,18.1111,NA,d415c253-4d61-4459-9d25-4015b9084fb0,NY,NY,04,10,POLO,060410,874cd2990ffffff
eda629e7-8d7f-49fc-8fe6-0980894cbb9e,4536729371,Wedelia baorucana,Wedelia baorucana Alain,Asteraceae,Wedelia,SPECIES,PRESERVED_SPECIMEN,2019-05-13,2019,-71.28183,18.16073,NA,b89d52a2-861d-4388-adad-c0da3d55fc78,UF,,04,10,POLO,060410,874cd66ceffffff
edc17da5-4eb3-42bd-8acb-cfa13b8520d9,4533911606,Serpocaulon loriceum,Polypodium loriceum L.,Polypodiaceae,Serpocaulon,SPECIES,PRESERVED_SPECIMEN,1982-12-19,1982,-71.216022,18.118469,3036,453e3294-97ef-4e1c-87cb-1ef7c5351d8e,DEK,,04,10,POLO,060410,874cd2995ffffff
ee3feab2-2153-433b-9d0c-37d5a16958d9,4598145407,Miconia limoides,Miconia limoides (Urb.) Majure & Judd,Melastomataceae,Miconia,SPECIES,PRESERVED_SPECIMEN,2021-05-22,2021,-71.22054,18.11388,NA,b89d52a2-861d-4388-adad-c0da3d55fc78,UF,,04,10,POLO,060410,874cd2995ffffff
ee6d9d37-b17e-4c33-9d23-1bee9279ad5d,1931137180,Miconia howardiana,"Miconia howardiana Judd, Salzman & Skean",Melastomataceae,Miconia,SPECIES,PRESERVED_SPECIMEN,1992-05-18,1992,-71.232783,18.117481,3796.57,d415c253-4d61-4459-9d25-4015b9084fb0,NY,NY,04,10,POLO,060410,874cd2990ffffff
eed4d801-54ae-4f5a-8c7d-52910dbcd5f1,4161663353,Ditta maestrensis,Ditta maestrensis Borhidi,Euphorbiaceae,Ditta,SPECIES,PRESERVED_SPECIMEN,2021-05-22,2021,-71.22054,18.11388,NA,b89d52a2-861d-4388-adad-c0da3d55fc78,UF,,04,10,POLO,060410,874cd2995ffffff
efde74c5-13e7-4952-a15a-9e7f99e6bac7,1931157199,Pelazoneuron serra,Thelypteris serra (Sw.) R.P.St.John,Thelypteridaceae,Pelazoneuron,SPECIES,PRESERVED_SPECIMEN,1984-06-06,1984,-71.28,18.05,NA,d415c253-4d61-4459-9d25-4015b9084fb0,NY,NY,04,10,POLO,060410,874cd2d4cffffff
f01242e6-f96d-4c89-adea-5deec24c1ed3,4116709726,Lucuma domingensis,Pouteria dominigensis subsp. dominigensis,Sapotaceae,Lucuma,SUBSPECIES,PRESERVED_SPECIMEN,1911-10,1911,-71.290979,18.178202,1054,5a2b4f54-fba7-473d-ab85-226e2bb9f5ec,IIBZ,USD,04,10,POLO,060410,874cd66c3ffffff
f0c7a425-7502-466c-a82a-16fc5f9f2cd9,5029135726,Miconia ferruginea,Miconia ferruginea (Desr.) DC.,Melastomataceae,Miconia,SPECIES,PRESERVED_SPECIMEN,2023-01-28,2023,-71.283536,18.165304,NA,b89d52a2-861d-4388-adad-c0da3d55fc78,UF,,04,10,POLO,060410,874cd66ceffffff
f0f9adbf-0b56-4ae0-acc8-00a7ae1f8978,1931174453,Galactia striata,Galactia striata (Jacq.) Urb.,Fabaceae,Galactia,SPECIES,PRESERVED_SPECIMEN,1911-10,1911,-71.232783,18.117481,3796.57,d415c253-4d61-4459-9d25-4015b9084fb0,NY,NY,04,10,POLO,060410,874cd2990ffffff
f13368f7-f6ae-4961-8a4b-d0125af6f539,1931176447,Pleopeltis marginata,Pleopeltis marginata A.R.Sm. & Tejero,Polypodiaceae,Pleopeltis,SPECIES,PRESERVED_SPECIMEN,1981-10-13,1981,-71.28,18.12,NA,d415c253-4d61-4459-9d25-4015b9084fb0,NY,NY,04,10,POLO,060410,874cd2d60ffffff
f1cc6712-8c45-45e3-89b4-d4a2ecbe582e,4125986307,Serpocaulon loriceum,Serpocaulon loriceum (L.) A.R.Sm.,Polypodiaceae,Serpocaulon,SPECIES,PRESERVED_SPECIMEN,2020-08-20,2020,-71.229194,18.111889,NA,b89d52a2-861d-4388-adad-c0da3d55fc78,UF,,04,10,POLO,060410,874cd2990ffffff
f216ad5e-ff95-44f1-b4d3-81ab7626ba3e,4111434419,Asplenium diplosceum,Asplenium diplosceum Hieron.,Aspleniaceae,Asplenium,SPECIES,PRESERVED_SPECIMEN,2019-05-13,2019,-71.2837,18.1683,NA,b89d52a2-861d-4388-adad-c0da3d55fc78,UF,,04,10,POLO,060410,874cd66ceffffff
f2329082-d397-4e3a-868c-a74b2578a8ef,1931190092,Coccoloba buchii,Coccoloba buchii O.C.Schmidt,Polygonaceae,Coccoloba,SPECIES,PRESERVED_SPECIMEN,1987-02-27,1987,-71.2417,18.13,NA,d415c253-4d61-4459-9d25-4015b9084fb0,NY,NY,04,10,POLO,060410,874cd2996ffffff
f23534fd-5f74-498a-96a2-83eb11bf92e9,4598143400,Parapolystichum effusum,Lastreopsis effusa (Sw.) Tindale,Dryopteridaceae,Parapolystichum,SPECIES,PRESERVED_SPECIMEN,2018-12-06,2018,-71.28296,18.16842,NA,b89d52a2-861d-4388-adad-c0da3d55fc78,UF,,04,10,POLO,060410,874cd66ceffffff
f2c30f5e-0a4e-425c-b1c3-bf3a6e8fcb02,2573051733,Saccoloma domingense,Saccoloma domingense (Spreng.) C.Chr.,Saccolomataceae,Saccoloma,SPECIES,PRESERVED_SPECIMEN,2018-12-07,2018,-71.29,18.05,NA,e42c4be9-dc6d-466b-8df2-60ac8c47fadd,VT,,04,10,POLO,060410,874cd2d41ffffff
f5169cc5-6070-4c6c-8d3b-37d7fec51117,5892187429,Miconia ferruginea,Miconia markgrafii Urb. & Ekman,Melastomataceae,Miconia,SPECIES,PRESERVED_SPECIMEN,2021-05-22,2021,-71.2226,18.10528,NA,b89d52a2-861d-4388-adad-c0da3d55fc78,UF,,04,10,POLO,060410,874cd2990ffffff
f51f1c6a-1b0d-4a0e-8047-ed93724fcd32,1931232037,Racopilum tomentosum,Racopilum tomentosum (Hedw.) Brid.,Racopilaceae,Racopilum,SPECIES,PRESERVED_SPECIMEN,1981-12-04,1981,-71.27,18.13,NA,d415c253-4d61-4459-9d25-4015b9084fb0,NY,NY,04,10,POLO,060410,874cd66cbffffff
f6916865-179c-4403-b928-43e32199ff6e,4161662348,Miconia desportesii,Miconia desportesii Urb.,Melastomataceae,Miconia,SPECIES,PRESERVED_SPECIMEN,2021-05-22,2021,-71.22054,18.11388,NA,b89d52a2-861d-4388-adad-c0da3d55fc78,UF,,04,10,POLO,060410,874cd2995ffffff
f6bece4a-2760-45b8-b6d1-d56aa47d442b,2573051653,Goniopteris C.Presl,Goniopteris C.Presl,Thelypteridaceae,Goniopteris,GENUS,PRESERVED_SPECIMEN,2018-12-06,2018,-71.28296,18.16842,NA,e42c4be9-dc6d-466b-8df2-60ac8c47fadd,VT,,04,10,POLO,060410,874cd66ceffffff
f7033946-9970-42d8-946c-0498e3d51d40,2573050437,Goniopteris C.Presl,Goniopteris C.Presl,Thelypteridaceae,Goniopteris,GENUS,PRESERVED_SPECIMEN,2018-12-06,2018,-71.28296,18.16842,NA,e42c4be9-dc6d-466b-8df2-60ac8c47fadd,VT,,04,10,POLO,060410,874cd66ceffffff
f74e2280-6cbb-468e-b478-cca750c12cdd,4598146407,Vittaria Sm.,Vittaria Sm.,Pteridaceae,Vittaria,GENUS,PRESERVED_SPECIMEN,2018-12-06,2018,-71.28296,18.16842,NA,b89d52a2-861d-4388-adad-c0da3d55fc78,UF,,04,10,POLO,060410,874cd66ceffffff
f78d16b2-fe08-4121-b4ea-8c33f39c295f,4598144401,Polystichum guadalupense,Polystichum guadalupense Fée,Dryopteridaceae,Polystichum,SPECIES,PRESERVED_SPECIMEN,2018-12-06,2018,-71.28296,18.16842,NA,b89d52a2-861d-4388-adad-c0da3d55fc78,UF,,04,10,POLO,060410,874cd66ceffffff
f8733556-bbdf-4cb7-b81a-31424c0f632d,1931278939,Cedrela odorata,Cedrela odorata L.,Meliaceae,Cedrela,SPECIES,PRESERVED_SPECIMEN,1984-06-05,1984,-71.275,18.12,NA,d415c253-4d61-4459-9d25-4015b9084fb0,NY,NY,04,10,POLO,060410,874cd2d65ffffff
f9d465b2-a43e-4195-92c8-f3d5bfa9bd32,2573051383,Pecluma dulcis,Polypodium dulce Poir.,Polypodiaceae,Pecluma,SPECIES,PRESERVED_SPECIMEN,2018-12-06,2018,-71.22737,18.1115,NA,e42c4be9-dc6d-466b-8df2-60ac8c47fadd,VT,,04,10,POLO,060410,874cd2990ffffff
fb13fd0d-6cc1-4e8b-be66-d1242231ca71,3329399672,Eugenia cryptocardia,Calyptrogenia cuspidata Alain,Myrtaceae,Eugenia,SPECIES,PRESERVED_SPECIMEN,2019-05-13,2019,-71.28183,18.16073,NA,b89d52a2-861d-4388-adad-c0da3d55fc78,UF,,04,10,POLO,060410,874cd66ceffffff
fbbc3edc-5ac2-4192-bd3a-1b60b080ec83,1931324234,Barleriola solanifolia,Barleriola solanifolia (L.) Oerst. ex Lindau,Acanthaceae,Barleriola,SPECIES,PRESERVED_SPECIMEN,1910-07,1910,-71.232783,18.117481,3796.57,d415c253-4d61-4459-9d25-4015b9084fb0,NY,NY,04,10,POLO,060410,874cd2990ffffff
fbc14992-5fe9-44c6-891a-bb6fbbef5973,2573050174,Polystichum platyphyllum,Polystichum hottense C.Chr.,Dryopteridaceae,Polystichum,SPECIES,PRESERVED_SPECIMEN,2018-12-06,2018,-71.283,18.168,NA,e42c4be9-dc6d-466b-8df2-60ac8c47fadd,VT,,04,10,POLO,060410,874cd66ceffffff
fc65be8b-b1be-462f-9085-0b2ca387d5df,1931333881,Cranichis muscosa,Cranichis muscosa Sw.,Orchidaceae,Cranichis,SPECIES,PRESERVED_SPECIMEN,,NA,-71.232783,18.117481,3796.57,d415c253-4d61-4459-9d25-4015b9084fb0,NY,NY,04,10,POLO,060410,874cd2990ffffff
fcfd8a14-5a5f-4404-8885-2c5b905510bb,2573051547,Goniopteris C.Presl,Goniopteris C.Presl,Thelypteridaceae,Goniopteris,GENUS,PRESERVED_SPECIMEN,2018-12-06,2018,-71.28296,18.16842,NA,e42c4be9-dc6d-466b-8df2-60ac8c47fadd,VT,,04,10,POLO,060410,874cd66ceffffff
fd142811-21f4-4486-bffe-1ca3fe4c3e58,5829830511,Dendropemon picardae,Dendropemon picardae Krug & Urb.,Loranthaceae,Dendropemon,SPECIES,PRESERVED_SPECIMEN,2019-05-13,2019,-71.28183,18.16073,NA,b89d52a2-861d-4388-adad-c0da3d55fc78,UF,,04,10,POLO,060410,874cd66ceffffff
fd2d746f-e49d-45fe-9d23-58c36e14fc5c,1931344977,Aleurites moluccanus,Aleurites moluccanus (L.) Willd.,Euphorbiaceae,Aleurites,SPECIES,PRESERVED_SPECIMEN,1982-01-18,1982,-71.28,18.05,NA,d415c253-4d61-4459-9d25-4015b9084fb0,NY,NY,04,10,POLO,060410,874cd2d4cffffff
feadc788-9099-4ad3-8fb9-6eaedbb5d18f,4161658360,Miconia alainii,Miconia alainii Judd & Skean,Melastomataceae,Miconia,SPECIES,PRESERVED_SPECIMEN,2021-05-22,2021,-71.22054,18.11388,NA,b89d52a2-861d-4388-adad-c0da3d55fc78,UF,,04,10,POLO,060410,874cd2995ffffff
ff0894c5-b84d-439e-a157-92272e627851,2238706647,Miconia lima,Miconia lima (Desr.) M.Gómez,Melastomataceae,Miconia,SPECIES,PRESERVED_SPECIMEN,2016-02-02,2016,-71.23479,18.11419,NA,b89d52a2-861d-4388-adad-c0da3d55fc78,UF,,04,10,POLO,060410,874cd2990ffffff
ff849b31-bec8-4385-a7b7-b57fffc4fe7d,4512926510,Miconia limoides,Miconia limoides (Urb.) Majure & Judd,Melastomataceae,Miconia,SPECIES,PRESERVED_SPECIMEN,2020-08-20,2020,-71.229194,18.111889,NA,b89d52a2-861d-4388-adad-c0da3d55fc78,UF,,04,10,POLO,060410,874cd2990ffffff
ff9d0ddb-f638-4b74-90a5-13f11f8a12dc,1931382909,Goniopteris scolopendrioides,Thelypteris scolopendrioides (L.) Proctor,Thelypteridaceae,Goniopteris,SPECIES,PRESERVED_SPECIMEN,1969-02-27,1969,-71.21667,18.1,1292,d415c253-4d61-4459-9d25-4015b9084fb0,NY,NY,04,10,POLO,060410,874cd2991ffffff
ffa14f62-1316-4e9a-a3ef-0753096fef4b,1931382987,Euphorbia prostrata,Euphorbia prostrata Aiton,Euphorbiaceae,Euphorbia,SPECIES,PRESERVED_SPECIMEN,1911-09,1911,-71.232783,18.117481,3796.57,d415c253-4d61-4459-9d25-4015b9084fb0,NY,NY,04,10,POLO,060410,874cd2990ffffff
http://coldb.mnhn.fr/catalognumber/mnhn/p/p00640247,438611268,Pera bumeliifolia,Pera bumeliifolia Griseb.,Peraceae,Pera,SPECIES,PRESERVED_SPECIMEN,1911-09,1911,-71.20226,18.09574,NA,b5cdf794-8fa4-4a85-8b26-755d087bf531,MNHN,P,04,10,POLO,060410,874cd299cffffff
http://coldb.mnhn.fr/catalognumber/mnhn/p/p02142912,1019599483,Cojoba zanonii,Obolinga zanonii Barneby,Fabaceae,Cojoba,SPECIES,PRESERVED_SPECIMEN,1985-10-18,1985,-71.21667,18.11667,NA,b5cdf794-8fa4-4a85-8b26-755d087bf531,MNHN,P,04,10,POLO,060410,874cd2995ffffff
http://coldb.mnhn.fr/catalognumber/mnhn/p/p04145476,438385287,Badiera fuertesii,Badiera fuertesii Urb.,Polygalaceae,Badiera,SPECIES,PRESERVED_SPECIMEN,2006-05-31,2006,-71.22691,18.11072,NA,b5cdf794-8fa4-4a85-8b26-755d087bf531,MNHN,P,04,10,POLO,060410,874cd2990ffffff
http://n2t.net/ark:/65665/303b3f4dc-8a02-46f7-8427-8b448553d1d5,1317286046,Tradescantia zanonia,Tradescantia zanonia (L.) Sw.,Commelinaceae,Tradescantia,SPECIES,PRESERVED_SPECIMEN,1992-07-19,1992,-71.27,18.05,NA,821cc27a-e3bb-4bc5-ac34-89ada245069d,US,US,04,10,POLO,060410,874cd2d4cffffff
http://n2t.net/ark:/65665/303e1d435-070c-4a9f-9fa1-0faa6ec4c0bc,1317290156,Verbena rigida,Verbena rigida Spreng.,Verbenaceae,Verbena,SPECIES,PRESERVED_SPECIMEN,1984-06-05,1984,-71.23,18.12,NA,821cc27a-e3bb-4bc5-ac34-89ada245069d,US,US,04,10,POLO,060410,874cd2990ffffff
http://n2t.net/ark:/65665/305dad268-6438-471c-96af-4fb1c27b04b4,1317335021,Microgramma lycopodioides,Microgramma lycopodioides (L.) Copel.,Polypodiaceae,Microgramma,SPECIES,PRESERVED_SPECIMEN,1992-07-19,1992,-71.27,18.05,NA,821cc27a-e3bb-4bc5-ac34-89ada245069d,US,US,04,10,POLO,060410,874cd2d4cffffff
http://n2t.net/ark:/65665/313b88804-6f0e-45a1-ab56-0107abb83cb3,1317648449,Goniopteris brittoniae,Goniopteris brittoniae (Sloss. ex Maxon) Ching,Thelypteridaceae,Goniopteris,SPECIES,PRESERVED_SPECIMEN,1992-07-19,1992,-71.27,18.05,NA,821cc27a-e3bb-4bc5-ac34-89ada245069d,US,US,04,10,POLO,060410,874cd2d4cffffff
http://n2t.net/ark:/65665/3142bdb13-d2fc-48b8-88cd-1956faf178b7,1317658617,Cojoba zanonii,Obolinga zanonii Barneby,Fabaceae,Cojoba,SPECIES,PRESERVED_SPECIMEN,1985-10-18,1985,-71.2181,18.1181,NA,821cc27a-e3bb-4bc5-ac34-89ada245069d,US,US,04,10,POLO,060410,874cd2995ffffff
http://n2t.net/ark:/65665/317e6248b-e76d-4710-a3f0-097d16e62c1b,6233984306,Gesneria sylvicola,Gesneria sylvicola Alain,Gesneriaceae,Gesneria,SPECIES,PRESERVED_SPECIMEN,2023-01-29,2023,-71.2088,18.1038,NA,821cc27a-e3bb-4bc5-ac34-89ada245069d,US,US,04,10,POLO,060410,874cd2991ffffff
http://n2t.net/ark:/65665/320f48f23-2100-4ab7-97d3-81b2daae1b19,1317947973,Liabum barahonense,Liabum barahonense Urb.,Asteraceae,Liabum,SPECIES,PRESERVED_SPECIMEN,1996-07-21,1996,-71.2908,18.0686,NA,821cc27a-e3bb-4bc5-ac34-89ada245069d,US,US,04,10,POLO,060410,874cd2d45ffffff
http://n2t.net/ark:/65665/322db5d9a-ff16-4b61-bef5-df807e0def68,1317990787,Rhytidophyllum leucomallon,Rhytidophyllum leucomallon Hanst.,Gesneriaceae,Rhytidophyllum,SPECIES,PRESERVED_SPECIMEN,1969-02-17,1969,-71.42,18.17,NA,821cc27a-e3bb-4bc5-ac34-89ada245069d,US,US,04,10,POLO,060410,874cd2d04ffffff
http://n2t.net/ark:/65665/33463dad3-8a8b-41b2-9202-b64f471ec463,6234151301,Gesneria ekmanii,Gesneria ekmanii Urb.,Gesneriaceae,Gesneria,SPECIES,PRESERVED_SPECIMEN,2023-01-29,2023,-71.3049,18.1153,NA,821cc27a-e3bb-4bc5-ac34-89ada245069d,US,US,04,10,POLO,060410,874cd2d66ffffff
http://n2t.net/ark:/65665/336b17bb3-84f6-4d2f-a6cf-b68dd7077a39,1318438875,Rhytidophyllum auriculatum,Rhytidophyllum auriculatum var. angustatum Urb.,Gesneriaceae,Rhytidophyllum,VARIETY,PRESERVED_SPECIMEN,1984-06-05,1984,-71.275,18.125,NA,821cc27a-e3bb-4bc5-ac34-89ada245069d,US,US,04,10,POLO,060410,874cd2d65ffffff
http://n2t.net/ark:/65665/338bdc2c3-7474-42c3-ad48-02cd9331364a,1318485272,Rhytidophyllum auriculatum,Rhytidophyllum auriculatum Hook.,Gesneriaceae,Rhytidophyllum,SPECIES,PRESERVED_SPECIMEN,1984-06-05,1984,-71.275,18.125,NA,821cc27a-e3bb-4bc5-ac34-89ada245069d,US,US,04,10,POLO,060410,874cd2d65ffffff
http://n2t.net/ark:/65665/3427b00f6-d490-45ad-96f2-83ba11225443,6233902321,Gesneria L.,Gesneria L.,Gesneriaceae,Gesneria,GENUS,PRESERVED_SPECIMEN,2023-01-29,2023,-71.2346,18.1141,NA,821cc27a-e3bb-4bc5-ac34-89ada245069d,US,US,04,10,POLO,060410,874cd2990ffffff
http://n2t.net/ark:/65665/3543a906e-2134-4fb5-a3ec-13a431dc7757,1319106765,Blechnum occidentale,Blechnum occidentale L.,Blechnaceae,Blechnum,SPECIES,PRESERVED_SPECIMEN,1992-07-19,1992,-71.27,18.05,NA,821cc27a-e3bb-4bc5-ac34-89ada245069d,US,US,04,10,POLO,060410,874cd2d4cffffff
http://n2t.net/ark:/65665/3638218d3-66f0-4205-93ae-075b7d840ea1,1319452121,Schistocarpha eupatorioides,Schistocarpha eupatorioides (Fenzl) Kuntze,Asteraceae,Schistocarpha,SPECIES,PRESERVED_SPECIMEN,2006-06-27,2006,-71.2717,18.1117,NA,821cc27a-e3bb-4bc5-ac34-89ada245069d,US,US,04,10,POLO,060410,874cd2d65ffffff
http://n2t.net/ark:/65665/37b79c760-64a2-41c9-a5c2-be55cd097e30,1319993671,Parapolystichum effusum,Parapolystichum effusum subsp. effusum,Dryopteridaceae,Parapolystichum,SUBSPECIES,PRESERVED_SPECIMEN,1992-07-19,1992,-71.27,18.05,NA,821cc27a-e3bb-4bc5-ac34-89ada245069d,US,US,04,10,POLO,060410,874cd2d4cffffff
http://n2t.net/ark:/65665/37d44c3e2-a077-4662-a208-9b0c01ceadba,1320034549,Miconia gracilifolia,Sagraea gracilis (Alain) Alain,Melastomataceae,Miconia,SPECIES,PRESERVED_SPECIMEN,2006-05-31,2006,-71.2351,18.1143,NA,821cc27a-e3bb-4bc5-ac34-89ada245069d,US,US,04,10,POLO,060410,874cd2990ffffff
http://n2t.net/ark:/65665/37e7ec7a5-4966-46a4-90f9-0bda1422dbcd,1320062435,Nephrolepis pectinata,Nephrolepis pectinata (Willd.) Schott,Nephrolepidaceae,Nephrolepis,SPECIES,PRESERVED_SPECIMEN,1982-01-19,1982,-71.2181,18.1181,NA,821cc27a-e3bb-4bc5-ac34-89ada245069d,US,US,04,10,POLO,060410,874cd2995ffffff
http://n2t.net/ark:/65665/380d0ed2c-f17b-4c00-acaa-4f9723875a06,1320115078,Cojoba zanonii,Obolinga zanonii Barneby,Fabaceae,Cojoba,SPECIES,PRESERVED_SPECIMEN,1985-10-18,1985,-71.2181,18.1181,NA,821cc27a-e3bb-4bc5-ac34-89ada245069d,US,US,04,10,POLO,060410,874cd2995ffffff
http://n2t.net/ark:/65665/386abf27a-1786-4b96-8286-06363d1f5f43,1320247314,Nephrolepis biserrata,Nephrolepis biserrata (Sw.) Schott,Nephrolepidaceae,Nephrolepis,SPECIES,PRESERVED_SPECIMEN,1992-07-19,1992,-71.27,18.05,NA,821cc27a-e3bb-4bc5-ac34-89ada245069d,US,US,04,10,POLO,060410,874cd2d4cffffff
http://n2t.net/ark:/65665/38edd3e15-303a-4796-9386-ce25abb6f973,1320432084,Stigmaphyllon emarginatum,Stigmaphyllon emarginatum (Cav.) A.Juss.,Malpighiaceae,Stigmaphyllon,SPECIES,PRESERVED_SPECIMEN,1985-04-11,1985,-71.3,18.2,NA,821cc27a-e3bb-4bc5-ac34-89ada245069d,US,US,04,10,POLO,060410,874cd66c0ffffff
http://n2t.net/ark:/65665/393e90d95-6f4d-42d8-a713-69647ff0a193,1320546219,Lyonia stahlii,Lyonia stahlii Urb.,Ericaceae,Lyonia,SPECIES,PRESERVED_SPECIMEN,2006-05-31,2006,-71.2351,18.1143,NA,821cc27a-e3bb-4bc5-ac34-89ada245069d,US,US,04,10,POLO,060410,874cd2990ffffff
http://n2t.net/ark:/65665/3a0df6985-1553-428f-9048-a7f90b11118a,1320839298,Niphidium crassifolium,Niphidium crassifolium (L.) Lellinger,Polypodiaceae,Niphidium,SPECIES,PRESERVED_SPECIMEN,1992-07-19,1992,-71.2667,18.05,NA,821cc27a-e3bb-4bc5-ac34-89ada245069d,US,US,04,10,POLO,060410,874cd2d4cffffff
http://n2t.net/ark:/65665/3abd9a2ff-ef9f-4de8-84fa-443859616f69,1321088091,Marcgravia rubra,Marcgravia rubra Alain,Marcgraviaceae,Marcgravia,SPECIES,PRESERVED_SPECIMEN,2006-05-31,2006,-71.2351,18.1143,NA,821cc27a-e3bb-4bc5-ac34-89ada245069d,US,US,04,10,POLO,060410,874cd2990ffffff
http://n2t.net/ark:/65665/3b790858e-ee9c-4581-9432-3d961f2a440b,6233997344,Columnea domingensis,Columnea domingensis (Urb.) B.D.Morley,Gesneriaceae,Columnea,SPECIES,PRESERVED_SPECIMEN,2023-01-23,2023,-71.2088,18.1038,NA,821cc27a-e3bb-4bc5-ac34-89ada245069d,US,US,04,10,POLO,060410,874cd2991ffffff
http://n2t.net/ark:/65665/3b7b1c20b-673e-49a2-b4fb-a95b75b48b5e,1321355636,Exostema lineatum,Exostema lineatum (Vahl) Roem. & Schult.,Rubiaceae,Exostema,SPECIES,PRESERVED_SPECIMEN,1992-05-16,1992,-71.25,18.08,NA,821cc27a-e3bb-4bc5-ac34-89ada245069d,US,US,04,10,POLO,060410,874cd2d6cffffff
http://n2t.net/ark:/65665/3ca06be8c-8c33-49ca-9c00-442a7525c962,1321770180,Goniopteris brittoniae,Goniopteris brittoniae (Sloss. ex Maxon) Ching,Thelypteridaceae,Goniopteris,SPECIES,PRESERVED_SPECIMEN,1992-07-19,1992,-71.27,18.05,NA,821cc27a-e3bb-4bc5-ac34-89ada245069d,US,US,04,10,POLO,060410,874cd2d4cffffff
http://n2t.net/ark:/65665/3fe5900c6-f897-4331-8b9e-51fb038c506c,1322951110,Crassocephalum crepidioides,Crassocephalum crepidioides (Benth.) S.Moore,Asteraceae,Crassocephalum,SPECIES,PRESERVED_SPECIMEN,2006-06-27,2006,-71.2717,18.1117,NA,821cc27a-e3bb-4bc5-ac34-89ada245069d,US,US,04,10,POLO,060410,874cd2d65ffffff
http://specimens.kew.org/herbarium/K000532860,912441161,Cojoba zanonii,Obolinga zanonii Barneby,Fabaceae,Cojoba,SPECIES,PRESERVED_SPECIMEN,1985-10-18T00:00,1985,-71.216667,18.116667,NA,cd6e21c8-9e8a-493a-8a76-fbf7862069e5,K,Herbarium,04,10,POLO,060410,874cd2995ffffff
http://specimens.kew.org/herbarium/K000812330,912615886,Eugenia cryptocardia,Calyptrogenia cuspidata Alain,Myrtaceae,Eugenia,SPECIES,PRESERVED_SPECIMEN,2013-07-30T00:00,2013,-71.283333,18.083333,NA,cd6e21c8-9e8a-493a-8a76-fbf7862069e5,K,Herbarium,04,10,POLO,060410,874cd2d45ffffff
http://specimens.kew.org/herbarium/K000812572,912615946,Eugenia cryptocardia,Calyptrogenia cuspidata Alain,Myrtaceae,Eugenia,SPECIES,PRESERVED_SPECIMEN,2013-07-30T00:00,2013,-71.283333,18.083333,NA,cd6e21c8-9e8a-493a-8a76-fbf7862069e5,K,Herbarium,04,10,POLO,060410,874cd2d45ffffff
http://specimens.kew.org/herbarium/K001265117,4519402187,Myrcia fenzliana,Myrcia fenzliana O.Berg,Myrtaceae,Myrcia,SPECIES,PRESERVED_SPECIMEN,2015-04-14T00:00,2015,-71.230222,18.112806,NA,cd6e21c8-9e8a-493a-8a76-fbf7862069e5,K,Herbarium,04,10,POLO,060410,874cd2990ffffff
http://specimens.kew.org/herbarium/K001265118,4519399181,Myrcia DC. ex Guill.,Myrcia DC. ex Guill.,Myrtaceae,Myrcia,GENUS,PRESERVED_SPECIMEN,2015-04-14T00:00,2015,-71.231944,18.113861,NA,cd6e21c8-9e8a-493a-8a76-fbf7862069e5,K,Herbarium,04,10,POLO,060410,874cd2990ffffff
http://specimens.kew.org/herbarium/K001410001,5159781321,Pilea christii,Pilea christii Urb.,Urticaceae,Pilea,SPECIES,PRESERVED_SPECIMEN,2013-11-20T00:00,2013,-71.287722,18.043194,NA,cd6e21c8-9e8a-493a-8a76-fbf7862069e5,K,Herbarium,04,10,POLO,060410,874cd2d4effffff
http://specimens.kew.org/herbarium/K001410056,5843861683,Pilea minguetii,Pilea minguetii Urb.,Urticaceae,Pilea,SPECIES,PRESERVED_SPECIMEN,2013-11-21T00:00,2013,-71.228805,18.119083,NA,cd6e21c8-9e8a-493a-8a76-fbf7862069e5,K,Herbarium,04,10,POLO,060410,874cd2990ffffff
http://specimens.kew.org/herbarium/K001410057,5843842995,Pilea minguetii,Pilea minguetii Urb.,Urticaceae,Pilea,SPECIES,PRESERVED_SPECIMEN,2013-11-21T00:00,2013,-71.228805,18.119083,NA,cd6e21c8-9e8a-493a-8a76-fbf7862069e5,K,Herbarium,04,10,POLO,060410,874cd2990ffffff
http://specimens.kew.org/herbarium/K001410096,5843821911,Pilea semidentata,Pilea semidentata (Juss. ex Poir.) Wedd.,Urticaceae,Pilea,SPECIES,PRESERVED_SPECIMEN,2014-03-03T00:00,2014,-71.278916,18.040361,NA,cd6e21c8-9e8a-493a-8a76-fbf7862069e5,K,Herbarium,04,10,POLO,060410,874cd2d4cffffff
http://specimens.kew.org/herbarium/K001625481,4519449549,Magnolia hamorii,Magnolia hamorii Howard,Magnoliaceae,Magnolia,SPECIES,PRESERVED_SPECIMEN,2015-05-05T00:00,2015,-71.21995,18.111117,NA,cd6e21c8-9e8a-493a-8a76-fbf7862069e5,K,Herbarium,04,10,POLO,060410,874cd2990ffffff
http://specimens.kew.org/herbarium/K001990745,4954035328,Liabum umbellatum,Liabum umbellatum (L.) Sch.Bip.,Asteraceae,Liabum,SPECIES,PRESERVED_SPECIMEN,1996-07-21T00:00,1996,-71.290833,18.068611,NA,cd6e21c8-9e8a-493a-8a76-fbf7862069e5,K,Herbarium,04,10,POLO,060410,874cd2d45ffffff
http://specimens.kew.org/herbarium/K002282727,4920341590,Erigeron floribundus,Conyza sumatrensis var. leiotheca (S.F.Blake) Pruski & G.Sancho,Asteraceae,Erigeron,VARIETY,PRESERVED_SPECIMEN,2006-06-27T00:00,2006,-71.266667,18.116667,NA,cd6e21c8-9e8a-493a-8a76-fbf7862069e5,K,Herbarium,04,10,POLO,060410,874cd2d65ffffff
http://specimens.kew.org/herbarium/K002622252,4905254485,Emilia fosbergii,Emilia fosbergii Nicolson,Asteraceae,Emilia,SPECIES,PRESERVED_SPECIMEN,2006-06-27T00:00,2006,-71.266667,18.116667,NA,cd6e21c8-9e8a-493a-8a76-fbf7862069e5,K,Herbarium,04,10,POLO,060410,874cd2d65ffffff
http://specimens.kew.org/herbarium/K002693900,4905266891,Liabum umbellatum,Liabum umbellatum (L.) Sch.Bip.,Asteraceae,Liabum,SPECIES,PRESERVED_SPECIMEN,2006-06-27T00:00,2006,-71.266667,18.116667,NA,cd6e21c8-9e8a-493a-8a76-fbf7862069e5,K,Herbarium,04,10,POLO,060410,874cd2d65ffffff
http://specimens.kew.org/herbarium/K002748681,4958502725,Badiera fuertesii,Badiera fuertesii Urb.,Polygalaceae,Badiera,SPECIES,PRESERVED_SPECIMEN,2006-05-31T00:00,2006,-71.226916,18.110722,NA,cd6e21c8-9e8a-493a-8a76-fbf7862069e5,K,Herbarium,04,10,POLO,060410,874cd2990ffffff
http://specimens.kew.org/herbarium/K002895778,4909629247,Schistocarpha eupatorioides,Schistocarpha eupatorioides (Fenzl) Kuntze,Asteraceae,Schistocarpha,SPECIES,PRESERVED_SPECIMEN,2006-06-27T00:00,2006,-71.271667,18.111666,NA,cd6e21c8-9e8a-493a-8a76-fbf7862069e5,K,Herbarium,04,10,POLO,060410,874cd2d65ffffff
http://specimens.kew.org/herbarium/K003131440,4909584041,Tithonia diversifolia,Tithonia diversifolia (Hemsl.) A.Gray,Asteraceae,Tithonia,SPECIES,PRESERVED_SPECIMEN,2006-06-27T00:00,2006,-71.266667,18.116667,NA,cd6e21c8-9e8a-493a-8a76-fbf7862069e5,K,Herbarium,04,10,POLO,060410,874cd2d65ffffff
http://specimens.kew.org/herbarium/K003176234,4905290195,Bidens cynapiifolia,Bidens cynapiifolia Kunth,Asteraceae,Bidens,SPECIES,PRESERVED_SPECIMEN,2006-06-27T00:00,2006,-71.266667,18.1,NA,cd6e21c8-9e8a-493a-8a76-fbf7862069e5,K,Herbarium,04,10,POLO,060410,874cd2d61ffffff
http://specimens.kew.org/herbarium/K004416425,4866476891,Eugenia cryptocardia,Calyptrogenia cuspidata Alain,Myrtaceae,Eugenia,SPECIES,PRESERVED_SPECIMEN,2015-04-14T00:00,2015,-71.226889,18.111083,NA,cd6e21c8-9e8a-493a-8a76-fbf7862069e5,K,Herbarium,04,10,POLO,060410,874cd2990ffffff
http://specimens.kew.org/herbarium/K004935816,5004271818,Salvia tenella,Salvia tenella Sw.,Lamiaceae,Salvia,SPECIES,PRESERVED_SPECIMEN,2013-11-20T00:00,2013,-71.287722,18.043194,NA,cd6e21c8-9e8a-493a-8a76-fbf7862069e5,K,Herbarium,04,10,POLO,060410,874cd2d4effffff
http://specimens.kew.org/herbarium/K004935916,5004255764,Salvia arborescens,Salvia arborescens Urb. & Ekman,Lamiaceae,Salvia,SPECIES,PRESERVED_SPECIMEN,2013-11-20T00:00,2013,-71.277305,18.037361,NA,cd6e21c8-9e8a-493a-8a76-fbf7862069e5,K,Herbarium,04,10,POLO,060410,874cd2d4cffffff
http://specimens.kew.org/herbarium/K004935933,5004271822,Salvia micrantha,Salvia micrantha Vahl,Lamiaceae,Salvia,SPECIES,PRESERVED_SPECIMEN,2013-11-20T00:00,2013,-71.29175,18.07175,NA,cd6e21c8-9e8a-493a-8a76-fbf7862069e5,K,Herbarium,04,10,POLO,060410,874cd2d45ffffff
http://specimens.kew.org/herbarium/K005038094,4958514204,Passiflora sexflora,Passiflora sexflora Juss.,Passifloraceae,Passiflora,SPECIES,PRESERVED_SPECIMEN,2013-11-21T00:00,2013,-71.228805,18.119083,NA,cd6e21c8-9e8a-493a-8a76-fbf7862069e5,K,Herbarium,04,10,POLO,060410,874cd2990ffffff
https://data.biodiversitydata.nl/naturalis/specimen/U.1126851,2515211000,Ageratina dictyoneura,Eupatorium dictyoneurum Urb.,Asteraceae,Ageratina,SPECIES,PRESERVED_SPECIMEN,1981-12-04,1981,-71.3,18.06667,NA,15f819bd-6612-4447-854b-14d12ee1022d,,Botany,04,10,POLO,060410,874cd2d40ffffff
https://data.biodiversitydata.nl/naturalis/specimen/U.1163263,2517101937,Heliotropium glabrum,Tournefortia glabra L.,Heliotropiaceae,Heliotropium,SPECIES,PRESERVED_SPECIMEN,1981-10-13,1981,-71.26667,18.1,NA,15f819bd-6612-4447-854b-14d12ee1022d,,Botany,04,10,POLO,060410,874cd2d61ffffff
https://data.biodiversitydata.nl/naturalis/specimen/U.1368188,2517204988,Stigmaphyllon emarginatum,Stigmaphyllon emarginatum (Cav.) A.Juss.,Malpighiaceae,Stigmaphyllon,SPECIES,PRESERVED_SPECIMEN,1985-04-11,1985,-71.3,18.2,NA,15f819bd-6612-4447-854b-14d12ee1022d,,Botany,04,10,POLO,060410,874cd66c0ffffff
https://data.biodiversitydata.nl/naturalis/specimen/U.1394861,2515595968,Miconia umbellata,Heterotrichum umbellatum (Mill.) Urb.,Melastomataceae,Miconia,SPECIES,PRESERVED_SPECIMEN,1988-01-14,1988,-71.21806,18.11806,NA,15f819bd-6612-4447-854b-14d12ee1022d,,Botany,04,10,POLO,060410,874cd2995ffffff
https://data.biodiversitydata.nl/naturalis/specimen/U.1397487,2517419231,Guarea sphenophylla,Guarea sphenophylla Urb.,Meliaceae,Guarea,SPECIES,PRESERVED_SPECIMEN,1986-02-27,1986,-71.3,18.13333,NA,15f819bd-6612-4447-854b-14d12ee1022d,,Botany,04,10,POLO,060410,874cd66d9ffffff
https://data.biodiversitydata.nl/naturalis/specimen/U.1471667,2515635845,Oxalis latifolia,Oxalis latifolia subsp. schraderiana (Kunth) Lourteig,Oxalidaceae,Oxalis,SUBSPECIES,PRESERVED_SPECIMEN,1985-05-09,1985,-71.41667,18.16667,NA,15f819bd-6612-4447-854b-14d12ee1022d,,Botany,04,10,POLO,060410,874cd2d05ffffff
https://data.biodiversitydata.nl/naturalis/specimen/U.1539530,2515677905,Eriobotrya japonica,Eriobotrya japonica (Thunb.) Lindl.,Rosaceae,Eriobotrya,SPECIES,PRESERVED_SPECIMEN,1986-02-27,1986,-71.26667,18.13333,NA,15f819bd-6612-4447-854b-14d12ee1022d,,Botany,04,10,POLO,060410,874cd66cbffffff
https://data.biodiversitydata.nl/naturalis/specimen/U.1551618,2515545076,Prunus myrtifolia,Prunus myrtifolia (L.) Urb.,Rosaceae,Prunus,SPECIES,PRESERVED_SPECIMEN,1986-02-27,1986,-71.3,18.13333,NA,15f819bd-6612-4447-854b-14d12ee1022d,,Botany,04,10,POLO,060410,874cd66d9ffffff
https://data.biodiversitydata.nl/naturalis/specimen/U.1748241,2517600772,Gordonia alpestris,Laplacea alpestris (Krug & Urb.) Dyer,Theaceae,Gordonia,SPECIES,PRESERVED_SPECIMEN,1986-02-27,1986,-71.21806,18.11806,NA,15f819bd-6612-4447-854b-14d12ee1022d,,Botany,04,10,POLO,060410,874cd2995ffffff
https://data.rbge.org.uk/herb/E00822633,3312492952,Podocarpus buchii,Podocarpus buchii Urb.,Podocarpaceae,Podocarpus,SPECIES,PRESERVED_SPECIMEN,2017-03-01,2017,-71.285,18.168056,NA,bf2a4bf0-5f31-11de-b67e-b8a03c50a862,RBGE,E,04,10,POLO,060410,874cd66ceffffff
https://data.rbge.org.uk/herb/E00822639,3312492971,Podocarpus buchii,Podocarpus buchii Urb.,Podocarpaceae,Podocarpus,SPECIES,PRESERVED_SPECIMEN,2017-03-01,2017,-71.285,18.168056,NA,bf2a4bf0-5f31-11de-b67e-b8a03c50a862,RBGE,E,04,10,POLO,060410,874cd66ceffffff
https://specieslink.net/guid/224/258021,6160823478,Myrcia DC. ex Guill.,Myrcia DC. ex Guill.,Myrtaceae,Myrcia,GENUS,PRESERVED_SPECIMEN,2015-04-14,2015,-71.231944,18.113611,NA,d82d5a18-0428-4e52-be16-f509153e8126,UnB,UB,04,10,POLO,060410,874cd2990ffffff
https://wu.jacq.org/WU0010003,1135448477,Tillandsia uncispica,Tillandsia fasciculata var. uncispica Mez,Bromeliaceae,Tillandsia,VARIETY,PRESERVED_SPECIMEN,2001-02-09,2001,-71.26556,18.13417,2000,0afba960-be3b-4202-a7de-736ae05aec9e,WU,Herbarium WU,04,10,POLO,060410,874cd66cbffffff
https://wu.jacq.org/WU0010004,1135448468,Tillandsia uncispica,Tillandsia fasciculata var. uncispica Mez,Bromeliaceae,Tillandsia,VARIETY,PRESERVED_SPECIMEN,2001-02-09,2001,-71.26556,18.13417,2000,0afba960-be3b-4202-a7de-736ae05aec9e,WU,Herbarium WU,04,10,POLO,060410,874cd66cbffffff
https://www.inaturalist.org/observations/116303311,5076762649,Ruellia coccinea,Ruellia coccinea (L.) Vahl,Acanthaceae,Ruellia,SPECIES,HUMAN_OBSERVATION,2021-05-01T08:55,2021,-71.295119,18.05215,4,50c9509d-22c7-4a22-a47d-8c48425ef4a7,iNaturalist,Observations,04,10,POLO,060410,874cd2d41ffffff
https://www.inaturalist.org/observations/116303357,5076730692,Peperomia distachyos,Peperomia distachyos (L.) A.Dietr.,Piperaceae,Peperomia,SPECIES,HUMAN_OBSERVATION,2021-05-01T18:32,2021,-71.22255,18.111697,4,50c9509d-22c7-4a22-a47d-8c48425ef4a7,iNaturalist,Observations,04,10,POLO,060410,874cd2990ffffff
https://www.inaturalist.org/observations/150510164,4075682941,Adiantum tenerum,Adiantum tenerum Sw.,Pteridaceae,Adiantum,SPECIES,HUMAN_OBSERVATION,2023-03-07T12:55:58,2023,-71.260642,18.079736,25,50c9509d-22c7-4a22-a47d-8c48425ef4a7,iNaturalist,Observations,04,10,POLO,060410,874cd2d6effffff
https://www.inaturalist.org/observations/150621792,4062660730,Guzmania monostachia,Guzmania monostachia (L.) Rusby ex Mez,Bromeliaceae,Guzmania,SPECIES,HUMAN_OBSERVATION,2023-03-07T17:46:21,2023,-71.290353,18.066678,16,50c9509d-22c7-4a22-a47d-8c48425ef4a7,iNaturalist,Observations,04,10,POLO,060410,874cd2d41ffffff
https://www.inaturalist.org/observations/150622007,4076293933,Tillandsia polystachia,Tillandsia polystachia (L.) L.,Bromeliaceae,Tillandsia,SPECIES,HUMAN_OBSERVATION,2023-03-07T17:46:32,2023,-71.290337,18.066714,11,50c9509d-22c7-4a22-a47d-8c48425ef4a7,iNaturalist,Observations,04,10,POLO,060410,874cd2d41ffffff
https://www.inaturalist.org/observations/171235169,4153832082,Euphorbia cyathophora,Euphorbia cyathophora Murray,Euphorbiaceae,Euphorbia,SPECIES,HUMAN_OBSERVATION,2023-07-01T04:47,2023,-71.26232,18.127336,812,50c9509d-22c7-4a22-a47d-8c48425ef4a7,iNaturalist,Observations,04,10,POLO,060410,874cd66cbffffff
https://www.inaturalist.org/observations/171235180,4153945562,"Paraleonurus M.L.Qian, C.L.Xiang & Bo Li","Paraleonurus M.L.Qian, C.L.Xiang & Bo Li",Lamiaceae,Paraleonurus,GENUS,HUMAN_OBSERVATION,2023-07-01T05:21,2023,-71.26232,18.127336,812,50c9509d-22c7-4a22-a47d-8c48425ef4a7,iNaturalist,Observations,04,10,POLO,060410,874cd66cbffffff
https://www.inaturalist.org/observations/171235185,4440760899,Cynoglossum amabile,Cynoglossum amabile Stapf & J.R.Drumm.,Boraginaceae,Cynoglossum,SPECIES,HUMAN_OBSERVATION,2023-07-01T05:38,2023,-71.26232,18.127336,812,50c9509d-22c7-4a22-a47d-8c48425ef4a7,iNaturalist,Observations,04,10,POLO,060410,874cd66cbffffff
https://www.inaturalist.org/observations/199895351,5104246175,Lycopodium clavatum,Lycopodium clavatum L.,Lycopodiaceae,Lycopodium,SPECIES,HUMAN_OBSERVATION,2024-02-20T09:06:37,2024,-71.226799,18.11135,7,50c9509d-22c7-4a22-a47d-8c48425ef4a7,iNaturalist,Observations,04,10,POLO,060410,874cd2990ffffff
https://www.inaturalist.org/observations/199898581,4936043522,Chaetogastra longifolia,Chaetogastra longifolia (Vahl) DC.,Melastomataceae,Chaetogastra,SPECIES,HUMAN_OBSERVATION,2024-02-20T09:02:41,2024,-71.225865,18.110952,4,50c9509d-22c7-4a22-a47d-8c48425ef4a7,iNaturalist,Observations,04,10,POLO,060410,874cd2990ffffff
https://www.inaturalist.org/observations/199898739,4935657091,Renealmia jamaicensis,Renealmia jamaicensis (Gaertn.) Horan.,Zingiberaceae,Renealmia,SPECIES,HUMAN_OBSERVATION,2024-02-20T09:09:18,2024,-71.227356,18.111539,5,50c9509d-22c7-4a22-a47d-8c48425ef4a7,iNaturalist,Observations,04,10,POLO,060410,874cd2990ffffff
https://www.inaturalist.org/observations/199908727,4936611022,Lobelia rotundifolia,Lobelia rotundifolia Juss. ex A.DC.,Campanulaceae,Lobelia,SPECIES,HUMAN_OBSERVATION,2024-02-20T09:56:37,2024,-71.228862,18.119112,3,50c9509d-22c7-4a22-a47d-8c48425ef4a7,iNaturalist,Observations,04,10,POLO,060410,874cd2990ffffff
https://www.inaturalist.org/observations/199917898,4937038454,Urena lobata,Urena lobata L.,Malvaceae,Urena,SPECIES,HUMAN_OBSERVATION,2024-02-20T10:30:23,2024,-71.232447,18.113267,4,50c9509d-22c7-4a22-a47d-8c48425ef4a7,iNaturalist,Observations,04,10,POLO,060410,874cd2990ffffff
https://www.inaturalist.org/observations/199917908,4935695566,Cynoglossum amabile,Cynoglossum amabile Stapf & J.R.Drumm.,Boraginaceae,Cynoglossum,SPECIES,HUMAN_OBSERVATION,2024-02-20T10:33:45,2024,-71.234577,18.113938,8,50c9509d-22c7-4a22-a47d-8c48425ef4a7,iNaturalist,Observations,04,10,POLO,060410,874cd2990ffffff
https://www.inaturalist.org/observations/209151657,4851733728,Pterolepis glomerata,Pterolepis glomerata (Rottb.) Miq.,Melastomataceae,Pterolepis,SPECIES,HUMAN_OBSERVATION,2021-06-24T10:51,2021,-71.292529,18.106664,374,50c9509d-22c7-4a22-a47d-8c48425ef4a7,iNaturalist,Observations,04,10,POLO,060410,874cd2d60ffffff
https://www.inaturalist.org/observations/219384790,4875594061,Desmodium incanum,Desmodium incanum (Sw.) DC.,Fabaceae,Desmodium,SPECIES,HUMAN_OBSERVATION,2024-05-30T14:16:12,2024,-71.273832,18.114204,35,50c9509d-22c7-4a22-a47d-8c48425ef4a7,iNaturalist,Observations,04,10,POLO,060410,874cd2d65ffffff
https://www.inaturalist.org/observations/219847951,5830381536,Miconia umbellata,Miconia umbellata (Mill.) Judd & Ionta,Melastomataceae,Miconia,SPECIES,HUMAN_OBSERVATION,2024-05-31T19:03:50,2024,-71.227112,18.111501,357,50c9509d-22c7-4a22-a47d-8c48425ef4a7,iNaturalist,Observations,04,10,POLO,060410,874cd2990ffffff
https://www.inaturalist.org/observations/256315732,5007485073,Bixa orellana,Bixa orellana L.,Bixaceae,Bixa,SPECIES,HUMAN_OBSERVATION,2024-12-26T18:16,2024,-71.279187,18.091091,6,50c9509d-22c7-4a22-a47d-8c48425ef4a7,iNaturalist,Observations,04,10,POLO,060410,874cd2d63ffffff
https://www.inaturalist.org/observations/256315767,5008137361,Thevetia ahouai,Thevetia ahouai (L.) A.DC.,Apocynaceae,Thevetia,SPECIES,HUMAN_OBSERVATION,2024-12-26T18:28:30,2024,-71.27962,18.09224,6,50c9509d-22c7-4a22-a47d-8c48425ef4a7,iNaturalist,Observations,04,10,POLO,060410,874cd2d63ffffff
https://www.inaturalist.org/observations/256432536,5167298762,"Paraleonurus M.L.Qian, C.L.Xiang & Bo Li","Paraleonurus M.L.Qian, C.L.Xiang & Bo Li",Lamiaceae,Paraleonurus,GENUS,HUMAN_OBSERVATION,2024-12-27T09:10:30,2024,-71.299502,18.0978,4,50c9509d-22c7-4a22-a47d-8c48425ef4a7,iNaturalist,Observations,04,10,POLO,060410,874cd2d62ffffff
https://www.inaturalist.org/observations/256432861,5837638098,Miconia ferruginea,Miconia ferruginea (Desr.) DC.,Melastomataceae,Miconia,SPECIES,HUMAN_OBSERVATION,2024-12-27T09:49:53,2024,-71.306357,18.098485,3,50c9509d-22c7-4a22-a47d-8c48425ef4a7,iNaturalist,Observations,04,10,POLO,060410,874cd2d62ffffff
https://www.inaturalist.org/observations/256432885,5837787407,Chaetogastra longifolia,Chaetogastra longifolia (Vahl) DC.,Melastomataceae,Chaetogastra,SPECIES,HUMAN_OBSERVATION,2024-12-27T09:52:43,2024,-71.30673,18.098512,4,50c9509d-22c7-4a22-a47d-8c48425ef4a7,iNaturalist,Observations,04,10,POLO,060410,874cd2d62ffffff
https://www.inaturalist.org/observations/256433754,6185084787,Rubus niveus,Rubus niveus Thunb.,Rosaceae,Rubus,SPECIES,HUMAN_OBSERVATION,2024-12-27T11:15:26,2024,-71.300035,18.097878,7,50c9509d-22c7-4a22-a47d-8c48425ef4a7,iNaturalist,Observations,04,10,POLO,060410,874cd2d62ffffff
https://www.inaturalist.org/observations/256433776,5008376594,Passiflora rubra,Passiflora rubra L.,Passifloraceae,Passiflora,SPECIES,HUMAN_OBSERVATION,2024-12-27T11:26:38,2024,-71.288175,18.08961,6,50c9509d-22c7-4a22-a47d-8c48425ef4a7,iNaturalist,Observations,04,10,POLO,060410,874cd2d63ffffff
https://www.inaturalist.org/observations/256433790,5217038526,Malvaviscus penduliflorus,Malvaviscus penduliflorus DC.,Malvaceae,Malvaviscus,SPECIES,HUMAN_OBSERVATION,2024-12-27T11:27:59,2024,-71.288178,18.089507,4,50c9509d-22c7-4a22-a47d-8c48425ef4a7,iNaturalist,Observations,04,10,POLO,060410,874cd2d63ffffff
https://www.inaturalist.org/observations/256433935,5828144532,Peperomia distachyos,Peperomia distachyos (L.) A.Dietr.,Piperaceae,Peperomia,SPECIES,HUMAN_OBSERVATION,2024-12-27T12:15:25,2024,-71.277955,18.101231,2255,50c9509d-22c7-4a22-a47d-8c48425ef4a7,iNaturalist,Observations,04,10,POLO,060410,874cd2d61ffffff
https://www.inaturalist.org/observations/256434026,5176647549,Asclepias nivea,Asclepias nivea L.,Apocynaceae,Asclepias,SPECIES,HUMAN_OBSERVATION,2024-12-27T12:30:03,2024,-71.28779,18.042992,5,50c9509d-22c7-4a22-a47d-8c48425ef4a7,iNaturalist,Observations,04,10,POLO,060410,874cd2d4effffff
https://www.inaturalist.org/observations/256436132,6185143460,Rubus niveus,Rubus niveus Thunb.,Rosaceae,Rubus,SPECIES,HUMAN_OBSERVATION,2024-12-27T09:21:31,2024,-71.301054,18.099169,4,50c9509d-22c7-4a22-a47d-8c48425ef4a7,iNaturalist,Observations,04,10,POLO,060410,874cd2d62ffffff
https://www.inaturalist.org/observations/256436483,6185566664,Poitea galegoides,Poitea galegoides Vent.,Fabaceae,Poitea,SPECIES,HUMAN_OBSERVATION,2024-12-27T11:32:08,2024,-71.284516,18.088394,5,50c9509d-22c7-4a22-a47d-8c48425ef4a7,iNaturalist,Observations,04,10,POLO,060410,874cd2d63ffffff
https://www.inaturalist.org/observations/256447029,5837656481,Chaetogastra longifolia,Chaetogastra longifolia (Vahl) DC.,Melastomataceae,Chaetogastra,SPECIES,HUMAN_OBSERVATION,2024-12-27T10:07:57,2024,-71.310195,18.098583,2,50c9509d-22c7-4a22-a47d-8c48425ef4a7,iNaturalist,Observations,04,10,POLO,060410,874cd2d62ffffff
https://www.inaturalist.org/observations/261881116,5133605387,Werauhia sintenisii,Werauhia sintenisii (Baker) J.R.Grant,Bromeliaceae,Werauhia,SPECIES,HUMAN_OBSERVATION,2023-08-04T08:55:37,2023,-71.227125,18.111561,NA,50c9509d-22c7-4a22-a47d-8c48425ef4a7,iNaturalist,Observations,04,10,POLO,060410,874cd2990ffffff
https://www.inaturalist.org/observations/264462050,6187962372,Tillandsia hotteana,Tillandsia hotteana Urb.,Bromeliaceae,Tillandsia,SPECIES,HUMAN_OBSERVATION,2023-06-26T08:19,2023,-71.303372,18.117828,69,50c9509d-22c7-4a22-a47d-8c48425ef4a7,iNaturalist,Observations,04,10,POLO,060410,874cd2d66ffffff
https://www.inaturalist.org/observations/30756407,2350411764,Artocarpus heterophyllus,Artocarpus heterophyllus Lam.,Moraceae,Artocarpus,SPECIES,HUMAN_OBSERVATION,2019-08-13T12:09:29Z,2019,-71.263938,18.136689,5,50c9509d-22c7-4a22-a47d-8c48425ef4a7,iNaturalist,Observations,04,10,POLO,060410,874cd66cbffffff
https://www.inaturalist.org/observations/30981589,2451588924,Capsicum annuum,Capsicum annuum L.,Solanaceae,Capsicum,SPECIES,HUMAN_OBSERVATION,2019-08-13T12:52:18Z,2019,-71.263825,18.137578,5,50c9509d-22c7-4a22-a47d-8c48425ef4a7,iNaturalist,Observations,04,10,POLO,060410,874cd66cbffffff
https://www.inaturalist.org/observations/30981664,2397503342,Artocarpus heterophyllus,Artocarpus heterophyllus Lam.,Moraceae,Artocarpus,SPECIES,HUMAN_OBSERVATION,2019-08-13T12:09:29Z,2019,-71.263938,18.136689,5,50c9509d-22c7-4a22-a47d-8c48425ef4a7,iNaturalist,Observations,04,10,POLO,060410,874cd66cbffffff
https://www.inaturalist.org/observations/30981705,3355123341,Solanum capsicoides,Solanum capsicoides All.,Solanaceae,Solanum,SPECIES,HUMAN_OBSERVATION,2019-08-13T11:20:59Z,2019,-71.269638,18.136447,5,50c9509d-22c7-4a22-a47d-8c48425ef4a7,iNaturalist,Observations,04,10,POLO,060410,874cd66cbffffff
https://www.inaturalist.org/observations/30981741,6185581910,Rubus niveus,Rubus niveus Thunb.,Rosaceae,Rubus,SPECIES,HUMAN_OBSERVATION,2019-08-13T11:11:05Z,2019,-71.268403,18.139095,5,50c9509d-22c7-4a22-a47d-8c48425ef4a7,iNaturalist,Observations,04,10,POLO,060410,874cd66cbffffff
https://www.inaturalist.org/observations/315261534,5830443388,Sambucus canadensis,Sambucus canadensis L.,Viburnaceae,Sambucus,SPECIES,HUMAN_OBSERVATION,2025-09-18T11:41:03,2025,-71.217763,18.098491,5,50c9509d-22c7-4a22-a47d-8c48425ef4a7,iNaturalist,Observations,04,10,POLO,060410,874cd2991ffffff
https://www.inaturalist.org/observations/315261691,5830666672,Urena lobata,Urena lobata L.,Malvaceae,Urena,SPECIES,HUMAN_OBSERVATION,2025-09-18T11:47:15,2025,-71.217767,18.098557,5,50c9509d-22c7-4a22-a47d-8c48425ef4a7,iNaturalist,Observations,04,10,POLO,060410,874cd2991ffffff
https://www.inaturalist.org/observations/315261880,5830727386,Myrsine coriacea,Myrsine coriacea (Sw.) R.Br. ex Roem. & Schult.,Primulaceae,Myrsine,SPECIES,HUMAN_OBSERVATION,2025-09-18T13:18:10,2025,-71.218915,18.100219,5,50c9509d-22c7-4a22-a47d-8c48425ef4a7,iNaturalist,Observations,04,10,POLO,060410,874cd2991ffffff
https://www.inaturalist.org/observations/315261932,5830313322,Euphorbia cotinifolia,Euphorbia cotinifolia L.,Euphorbiaceae,Euphorbia,SPECIES,HUMAN_OBSERVATION,2025-09-18T13:23:16,2025,-71.21894,18.100258,4,50c9509d-22c7-4a22-a47d-8c48425ef4a7,iNaturalist,Observations,04,10,POLO,060410,874cd2991ffffff
https://www.inaturalist.org/observations/317301743,5838272569,Asclepias nivea,Asclepias nivea L.,Apocynaceae,Asclepias,SPECIES,HUMAN_OBSERVATION,2025-09-18T13:03:03,2025,-71.218903,18.100375,NA,50c9509d-22c7-4a22-a47d-8c48425ef4a7,iNaturalist,Observations,04,10,POLO,060410,874cd2991ffffff
https://www.inaturalist.org/observations/321704715,5868175704,Rubus niveus,Rubus niveus Thunb.,Rosaceae,Rubus,SPECIES,HUMAN_OBSERVATION,2025-10-18T08:03:12,2025,-71.227646,18.113191,1150,50c9509d-22c7-4a22-a47d-8c48425ef4a7,iNaturalist,Observations,04,10,POLO,060410,874cd2990ffffff
https://www.inaturalist.org/observations/327317269,5897455359,Mirabilis jalapa,Mirabilis jalapa L.,Nyctaginaceae,Mirabilis,SPECIES,HUMAN_OBSERVATION,2025-10-09T00:20:33,2025,-71.272522,18.112445,3,50c9509d-22c7-4a22-a47d-8c48425ef4a7,iNaturalist,Observations,04,10,POLO,060410,874cd2d65ffffff
https://www.inaturalist.org/observations/340221913,6171347196,Cecropia schreberiana,Cecropia schreberiana Miq.,Urticaceae,Cecropia,SPECIES,HUMAN_OBSERVATION,2025-10-09T00:17:53,2025,-71.272942,18.112445,33,50c9509d-22c7-4a22-a47d-8c48425ef4a7,iNaturalist,Observations,04,10,POLO,060410,874cd2d65ffffff
https://www.inaturalist.org/observations/341484654,6179133407,Miconia umbellata,Miconia umbellata (Mill.) Judd & Ionta,Melastomataceae,Miconia,SPECIES,HUMAN_OBSERVATION,2026-02-28T12:16,2026,-71.221639,18.11061,15,50c9509d-22c7-4a22-a47d-8c48425ef4a7,iNaturalist,Observations,04,10,POLO,060410,874cd2990ffffff
https://www.inaturalist.org/observations/351822662,6236413681,Borreria remota,Spermacoce remota Lam.,Rubiaceae,Borreria,SPECIES,HUMAN_OBSERVATION,2026-04-17T10:16:37,2026,-71.246473,18.092559,3190,50c9509d-22c7-4a22-a47d-8c48425ef4a7,iNaturalist,Observations,04,10,POLO,060410,874cd2d6cffffff
https://www.inaturalist.org/observations/358528001,6273283183,Trichopilia fragrans,Trichopilia fragrans (Lindl.) Rchb.f.,Orchidaceae,Trichopilia,SPECIES,HUMAN_OBSERVATION,2006-04-08T18:58,2006,-71.226922,18.111748,8,50c9509d-22c7-4a22-a47d-8c48425ef4a7,iNaturalist,Observations,04,10,POLO,060410,874cd2990ffffff
https://www.inaturalist.org/observations/358528825,6273983768,Stelis repens,Stelis repens Cogn.,Orchidaceae,Stelis,SPECIES,HUMAN_OBSERVATION,2006-04-22T15:10,2006,-71.226177,18.110771,15,50c9509d-22c7-4a22-a47d-8c48425ef4a7,iNaturalist,Observations,04,10,POLO,060410,874cd2990ffffff
https://www.inaturalist.org/observations/364488628,6334210429,Baccharis myrsinites,Baccharis myrsinites Pers.,Asteraceae,Baccharis,SPECIES,HUMAN_OBSERVATION,2026-05-23T09:59:10,2026,-71.277744,18.111533,2603,50c9509d-22c7-4a22-a47d-8c48425ef4a7,iNaturalist,Observations,04,10,POLO,060410,874cd2d60ffffff
https://www.inaturalist.org/observations/65311007,4430394505,Phlebodium pseudoaureum,Phlebodium pseudoaureum (Cav.) Lellinger,Polypodiaceae,Phlebodium,SPECIES,HUMAN_OBSERVATION,2018-12-06T21:51,2018,-71.22737,18.1115,NA,50c9509d-22c7-4a22-a47d-8c48425ef4a7,iNaturalist,Observations,04,10,POLO,060410,874cd2990ffffff
https://www.inaturalist.org/observations/65311011,4407330365,Serpocaulon loriceum,Serpocaulon loriceum (L.) A.R.Sm.,Polypodiaceae,Serpocaulon,SPECIES,HUMAN_OBSERVATION,2018-12-06T21:51,2018,-71.22737,18.1115,NA,50c9509d-22c7-4a22-a47d-8c48425ef4a7,iNaturalist,Observations,04,10,POLO,060410,874cd2990ffffff
https://www.inaturalist.org/observations/65443482,3743176333,Habenaria monorrhiza,Habenaria monorrhiza (Sw.) Rchb.f.,Orchidaceae,Habenaria,SPECIES,HUMAN_OBSERVATION,2018-12-06T19:27,2018,-71.28296,18.16842,NA,50c9509d-22c7-4a22-a47d-8c48425ef4a7,iNaturalist,Observations,04,10,POLO,060410,874cd66ceffffff
https://www.inaturalist.org/observations/65443485,6188018079,Lobelia rotundifolia,Lobelia rotundifolia Juss. ex A.DC.,Campanulaceae,Lobelia,SPECIES,HUMAN_OBSERVATION,2018-12-06T19:27,2018,-71.28296,18.16842,NA,50c9509d-22c7-4a22-a47d-8c48425ef4a7,iNaturalist,Observations,04,10,POLO,060410,874cd66ceffffff
https://www.inaturalist.org/observations/77474368,5830863304,Miconia umbellata,Miconia umbellata (Mill.) Judd & Ionta,Melastomataceae,Miconia,SPECIES,HUMAN_OBSERVATION,2021-05-01T12:28Z,2021,-71.29124,18.102317,609,50c9509d-22c7-4a22-a47d-8c48425ef4a7,iNaturalist,Observations,04,10,POLO,060410,874cd2d63ffffff
https://www.inaturalist.org/observations/8026017,1847639292,Thunbergia alata,Thunbergia alata Bojer ex Sims,Acanthaceae,Thunbergia,SPECIES,HUMAN_OBSERVATION,2017-08-27T16:02,2017,-71.279997,18.092364,609,50c9509d-22c7-4a22-a47d-8c48425ef4a7,iNaturalist,Observations,04,10,POLO,060410,874cd2d63ffffff
https://www.inaturalist.org/observations/92506815,3344049103,Epidendrum nocturnum,Epidendrum nocturnum Jacq.,Orchidaceae,Epidendrum,SPECIES,HUMAN_OBSERVATION,2021-07-17T17:10,2021,-71.220502,18.111208,4,50c9509d-22c7-4a22-a47d-8c48425ef4a7,iNaturalist,Observations,04,10,POLO,060410,874cd2990ffffff
https://www.inaturalist.org/observations/94041933,4510027544,Euphorbia cyathophora,Euphorbia cyathophora Murray,Euphorbiaceae,Euphorbia,SPECIES,HUMAN_OBSERVATION,2019-08-16T13:34,2019,-71.258555,18.079692,59,50c9509d-22c7-4a22-a47d-8c48425ef4a7,iNaturalist,Observations,04,10,POLO,060410,874cd2d68ffffff
https://www.inaturalist.org/observations/94105111,5086912097,Musa paradisiaca,Musa × paradisiaca L.,Musaceae,Musa,SPECIES,HUMAN_OBSERVATION,2021-09-07T12:12:32Z,2021,-71.282617,18.120522,31,50c9509d-22c7-4a22-a47d-8c48425ef4a7,iNaturalist,Observations,04,10,POLO,060410,874cd2d64ffffff
q-10038583812,3958182969,Duranta erecta,Duranta erecta L.,Verbenaceae,Duranta,SPECIES,HUMAN_OBSERVATION,2018-08-03T16:22:24.604Z,2018,-71.280716,18.091141,10,14d5676a-2c54-4f94-9023-1e8dcd822aa0,,,04,10,POLO,060410,874cd2d63ffffff
q-10056913386,2647868448,Ficus benjamina,Ficus benjamina L.,Moraceae,Ficus,SPECIES,HUMAN_OBSERVATION,2018-08-03T16:27:45.779Z,2018,-71.280787,18.091133,10,14d5676a-2c54-4f94-9023-1e8dcd822aa0,,,04,10,POLO,060410,874cd2d63ffffff
q-10563620275,3953814913,Duranta erecta,Duranta erecta L.,Verbenaceae,Duranta,SPECIES,HUMAN_OBSERVATION,2022-04-24T22:13:37.024Z,2022,-71.27926,18.095918,7,14d5676a-2c54-4f94-9023-1e8dcd822aa0,,,04,10,POLO,060410,874cd2d63ffffff
urn:catalog:CAS:BOT-BC:1825548,6429737722,Badiera DC.,Badiera DC.,Polygalaceae,Badiera,GENUS,PRESERVED_SPECIMEN,2006-05-31,2006,-71.226917,18.110722,NA,f934f8e2-32ca-46a7-b2f8-b032a4740454,CAS,BOT-BC,04,10,POLO,060410,874cd2990ffffff
urn:catalog:MO:Tropicos:100270297,1257621175,Passiflora murucuja,Passiflora murucuja L.,Passifloraceae,Passiflora,SPECIES,PRESERVED_SPECIMEN,1984-06-06,1984,-71.283333,18.133333,NA,e053ff53-c156-4e2e-b9b5-4462e9625424,JBSD,Tropicos,04,10,POLO,060410,874cd2d64ffffff
urn:catalog:MO:Tropicos:101354166,3946815234,Saccoloma inaequale,Saccoloma inaequale (Kunze) Mett.,Saccolomataceae,Saccoloma,SPECIES,PRESERVED_SPECIMEN,2018-12-06,2018,-71.227,18.112,NA,7bd65a7a-f762-11e1-a439-00145eb45e9a,MO,Tropicos,04,10,POLO,060410,874cd2990ffffff
urn:catalog:MO:Tropicos:101354171,3946831511,Diplazium Sw.,Diplazium Sw.,Athyriaceae,Diplazium,GENUS,PRESERVED_SPECIMEN,2018-12-06,2018,-71.283,18.168,NA,7bd65a7a-f762-11e1-a439-00145eb45e9a,MO,Tropicos,04,10,POLO,060410,874cd66ceffffff
urn:catalog:MO:Tropicos:101354173,3946818844,Palhinhaea cernua,Palhinhaea cernua (L.) Vasc. & Franco,Lycopodiaceae,Palhinhaea,SPECIES,PRESERVED_SPECIMEN,2018-12-06,2018,-71.227,18.112,NA,7bd65a7a-f762-11e1-a439-00145eb45e9a,MO,Tropicos,04,10,POLO,060410,874cd2990ffffff
urn:catalog:MO:Tropicos:101354641,3946793225,Elaphoglossum simplex,Elaphoglossum simplex (Sw.) Schott,Dryopteridaceae,Elaphoglossum,SPECIES,PRESERVED_SPECIMEN,2018-12-06,2018,-71.227,18.112,NA,7bd65a7a-f762-11e1-a439-00145eb45e9a,MO,Tropicos,04,10,POLO,060410,874cd2990ffffff
urn:catalog:MO:Tropicos:101354673,3946818271,Asplenium juglandifolium,Asplenium juglandifolium Lam.,Aspleniaceae,Asplenium,SPECIES,PRESERVED_SPECIMEN,2018-12-06,2018,-71.283,18.168,NA,7bd65a7a-f762-11e1-a439-00145eb45e9a,MO,Tropicos,04,10,POLO,060410,874cd66ceffffff
urn:catalog:MO:Tropicos:101354677,3946800891,Polystichum platyphyllum,Polystichum hottense C.Chr.,Dryopteridaceae,Polystichum,SPECIES,PRESERVED_SPECIMEN,2018-12-06,2018,-71.283,18.168,NA,7bd65a7a-f762-11e1-a439-00145eb45e9a,MO,Tropicos,04,10,POLO,060410,874cd66ceffffff
urn:catalog:MO:Tropicos:101354708,3946775526,Asplenium monanthes,Asplenium monanthes L.,Aspleniaceae,Asplenium,SPECIES,PRESERVED_SPECIMEN,2018-12-06,2018,-71.283,18.168,NA,7bd65a7a-f762-11e1-a439-00145eb45e9a,MO,Tropicos,04,10,POLO,060410,874cd66ceffffff
urn:catalog:MO:Tropicos:101354771,3946815274,Podocarpus hispaniolensis,Podocarpus hispaniolensis de Laub.,Podocarpaceae,Podocarpus,SPECIES,PRESERVED_SPECIMEN,2019-05-13,2019,-71.2837,18.1683,NA,7bd65a7a-f762-11e1-a439-00145eb45e9a,MO,Tropicos,04,10,POLO,060410,874cd66ceffffff
urn:catalog:MO:Tropicos:101354805,3946785714,Diplazium unilobum,Diplazium unilobum (Poir.) Hieron.,Athyriaceae,Diplazium,SPECIES,PRESERVED_SPECIMEN,2018-12-06,2018,-71.283,18.168,NA,7bd65a7a-f762-11e1-a439-00145eb45e9a,MO,Tropicos,04,10,POLO,060410,874cd66ceffffff
urn:catalog:MO:Tropicos:101354820,3946800903,Goniopteris C.Presl,Goniopteris C.Presl,Thelypteridaceae,Goniopteris,GENUS,PRESERVED_SPECIMEN,2019-05-13,2019,-71.2837,18.1683,NA,7bd65a7a-f762-11e1-a439-00145eb45e9a,MO,Tropicos,04,10,POLO,060410,874cd66ceffffff
urn:catalog:MO:Tropicos:101354840,3946803168,Campyloneurum amphostenon,Campyloneurum amphostenon (Kunze ex Klotzsch) Fée,Polypodiaceae,Campyloneurum,SPECIES,PRESERVED_SPECIMEN,2019-05-13,2019,-71.2837,18.1683,NA,7bd65a7a-f762-11e1-a439-00145eb45e9a,MO,Tropicos,04,10,POLO,060410,874cd66ceffffff
urn:catalog:MO:Tropicos:101354847,3946796009,Phlegmariurus taxifolius,Phlegmariurus taxifolius (Sw.) Á.Löve & D.Löve,Lycopodiaceae,Phlegmariurus,SPECIES,PRESERVED_SPECIMEN,2019-05-13,2019,-71.2837,18.1683,NA,7bd65a7a-f762-11e1-a439-00145eb45e9a,MO,Tropicos,04,10,POLO,060410,874cd66ceffffff
urn:catalog:MO:Tropicos:103221083,4062007464,Saccoloma inaequale,Saccoloma inaequale (Kunze) Mett.,Saccolomataceae,Saccoloma,SPECIES,PRESERVED_SPECIMEN,2018-12-06,2018,-71.227,18.112,NA,e053ff53-c156-4e2e-b9b5-4462e9625424,FLAS,Tropicos,04,10,POLO,060410,874cd2990ffffff
urn:catalog:MO:Tropicos:103221087,4061432785,Diplazium Sw.,Diplazium Sw.,Athyriaceae,Diplazium,GENUS,PRESERVED_SPECIMEN,2018-12-06,2018,-71.283,18.168,NA,e053ff53-c156-4e2e-b9b5-4462e9625424,FLAS,Tropicos,04,10,POLO,060410,874cd66ceffffff
urn:catalog:MO:Tropicos:103221088,4062096790,Palhinhaea cernua,Palhinhaea cernua (L.) Vasc. & Franco,Lycopodiaceae,Palhinhaea,SPECIES,PRESERVED_SPECIMEN,2018-12-06,2018,-71.227,18.112,NA,e053ff53-c156-4e2e-b9b5-4462e9625424,FLAS,Tropicos,04,10,POLO,060410,874cd2990ffffff
urn:catalog:MO:Tropicos:103221487,4062101807,Elaphoglossum simplex,Elaphoglossum simplex (Sw.) Schott,Dryopteridaceae,Elaphoglossum,SPECIES,PRESERVED_SPECIMEN,2018-12-06,2018,-71.227,18.112,NA,e053ff53-c156-4e2e-b9b5-4462e9625424,FLAS,Tropicos,04,10,POLO,060410,874cd2990ffffff
urn:catalog:MO:Tropicos:103221493,4061431436,Asplenium juglandifolium,Asplenium juglandifolium Lam.,Aspleniaceae,Asplenium,SPECIES,PRESERVED_SPECIMEN,2018-12-06,2018,-71.283,18.168,NA,e053ff53-c156-4e2e-b9b5-4462e9625424,FLAS,Tropicos,04,10,POLO,060410,874cd66ceffffff
urn:catalog:MO:Tropicos:103221494,4061432803,Polystichum platyphyllum,Polystichum hottense C.Chr.,Dryopteridaceae,Polystichum,SPECIES,PRESERVED_SPECIMEN,2018-12-06,2018,-71.283,18.168,NA,e053ff53-c156-4e2e-b9b5-4462e9625424,FLAS,Tropicos,04,10,POLO,060410,874cd66ceffffff
urn:catalog:MO:Tropicos:103221500,4062223130,Asplenium monanthes,Asplenium monanthes L.,Aspleniaceae,Asplenium,SPECIES,PRESERVED_SPECIMEN,2018-12-06,2018,-71.283,18.168,NA,e053ff53-c156-4e2e-b9b5-4462e9625424,FLAS,Tropicos,04,10,POLO,060410,874cd66ceffffff
urn:catalog:MO:Tropicos:103221629,4062123125,Podocarpus hispaniolensis,Podocarpus hispaniolensis de Laub.,Podocarpaceae,Podocarpus,SPECIES,PRESERVED_SPECIMEN,2019-05-13,2019,-71.2837,18.1683,NA,e053ff53-c156-4e2e-b9b5-4462e9625424,FLAS,Tropicos,04,10,POLO,060410,874cd66ceffffff
urn:catalog:MO:Tropicos:103221655,4061375826,Diplazium unilobum,Diplazium unilobum (Poir.) Hieron.,Athyriaceae,Diplazium,SPECIES,PRESERVED_SPECIMEN,2018-12-06,2018,-71.283,18.168,NA,e053ff53-c156-4e2e-b9b5-4462e9625424,FLAS,Tropicos,04,10,POLO,060410,874cd66ceffffff
urn:catalog:MO:Tropicos:103221667,4062103730,Goniopteris C.Presl,Goniopteris C.Presl,Thelypteridaceae,Goniopteris,GENUS,PRESERVED_SPECIMEN,2019-05-13,2019,-71.2837,18.1683,NA,e053ff53-c156-4e2e-b9b5-4462e9625424,FLAS,Tropicos,04,10,POLO,060410,874cd66ceffffff
urn:catalog:MO:Tropicos:103221671,4062096820,Campyloneurum amphostenon,Campyloneurum amphostenon (Kunze ex Klotzsch) Fée,Polypodiaceae,Campyloneurum,SPECIES,PRESERVED_SPECIMEN,2019-05-13,2019,-71.2837,18.1683,NA,e053ff53-c156-4e2e-b9b5-4462e9625424,FLAS,Tropicos,04,10,POLO,060410,874cd66ceffffff
urn:catalog:MO:Tropicos:103221673,4061394351,Phlegmariurus taxifolius,Phlegmariurus taxifolius (Sw.) Á.Löve & D.Löve,Lycopodiaceae,Phlegmariurus,SPECIES,PRESERVED_SPECIMEN,2019-05-13,2019,-71.2837,18.1683,NA,e053ff53-c156-4e2e-b9b5-4462e9625424,FLAS,Tropicos,04,10,POLO,060410,874cd66ceffffff
urn:catalog:MO:Tropicos:2352413,1259657660,Rumex obtusifolius,Rumex obtusifolius L.,Polygonaceae,Rumex,SPECIES,PRESERVED_SPECIMEN,1978-03-05,1978,-71.28723,18.07873,NA,7bd65a7a-f762-11e1-a439-00145eb45e9a,MO,Tropicos,04,10,POLO,060410,874cd2d45ffffff
urn:catalog:MO:Tropicos:2358997,1259665109,Arenaria lanuginosa,Arenaria lanuginosa (Michx.) Rohrb.,Caryophyllaceae,Arenaria,SPECIES,PRESERVED_SPECIMEN,1978-03-05,1978,-71.28723,18.07873,NA,7bd65a7a-f762-11e1-a439-00145eb45e9a,MO,Tropicos,04,10,POLO,060410,874cd2d45ffffff
urn:catalog:MO:Tropicos:2494672,1259814456,Myrcia splendens,Myrcia splendens (Sw.) DC.,Myrtaceae,Myrcia,SPECIES,PRESERVED_SPECIMEN,1982-02-15,1982,-71.21805,18.11805,NA,7bd65a7a-f762-11e1-a439-00145eb45e9a,MO,Tropicos,04,10,POLO,060410,874cd2995ffffff
urn:catalog:MO:Tropicos:2569642,1259897292,Heliotropium verdcourtii,Tournefortia hirsutissima L.,Heliotropiaceae,Heliotropium,SPECIES,PRESERVED_SPECIMEN,1984-06-05,1984,-71.23333,18.11666,NA,7bd65a7a-f762-11e1-a439-00145eb45e9a,MO,Tropicos,04,10,POLO,060410,874cd2990ffffff
urn:catalog:MO:Tropicos:2805642,1260157072,Lasianthus bahorucanus,Lasianthus bahorucanus Zanoni,Rubiaceae,Lasianthus,SPECIES,PRESERVED_SPECIMEN,1988-01-14,1988,-71.21666,18.11666,NA,7bd65a7a-f762-11e1-a439-00145eb45e9a,MO,Tropicos,04,10,POLO,060410,874cd2995ffffff
urn:catalog:MO:Tropicos:3411136,1260825654,Guarea sphenophylla,Guarea sphenophylla Urb.,Meliaceae,Guarea,SPECIES,PRESERVED_SPECIMEN,1986-02-27,1986,-71.3,18.13333,NA,7bd65a7a-f762-11e1-a439-00145eb45e9a,MO,Tropicos,04,10,POLO,060410,874cd66d9ffffff
urn:catalog:MO:Tropicos:3477440,1260898808,Passiflora bilobata,Passiflora bilobata Juss.,Passifloraceae,Passiflora,SPECIES,PRESERVED_SPECIMEN,1969-02-13,1969,-71.396111,18.156944,NA,e053ff53-c156-4e2e-b9b5-4462e9625424,NY,Tropicos,04,10,POLO,060410,874cd2d2affffff
