occurrenceID,gbifID,especie,scientificName,family,genus,taxonRank,basisOfRecord,eventDate,year,decimalLongitude,decimalLatitude,coordinateUncertaintyInMeters,datasetKey,institutionCode,collectionCode,provincia_codigo,municipio_codigo,municipio,id_municipio,hex_id
00f07ce3-a424-458e-bd18-29bd05a7da49,1927782263,Urochloa eminii,Urochloa decumbens (Stapf) R.D.Webster,Poaceae,Urochloa,SPECIES,PRESERVED_SPECIMEN,1981-11-05,1981,-69.55,19.28,NA,d415c253-4d61-4459-9d25-4015b9084fb0,NY,NY,20,03,LAS TERRENAS,032003,874cf3574ffffff
0221b225-90a7-413f-987c-0686bfb504b6,1927801014,Piper marginatum,Piper marginatum Jacq.,Piperaceae,Piper,SPECIES,PRESERVED_SPECIMEN,1981-11-03,1981,-69.5083,19.3,NA,d415c253-4d61-4459-9d25-4015b9084fb0,NY,NY,20,03,LAS TERRENAS,032003,874cf3cddffffff
027BA06D-3794-4C69-A9BE-A1E6ED38CBC0,122924974,Coccoloba costata,Coccoloba costata C.Wright,Polygonaceae,Coccoloba,SPECIES,PRESERVED_SPECIMEN,1996-03-01,1996,-69.55,19.3167,NA,832cb04e-f762-11e1-a439-00145eb45e9a,FTG,Herbarium,20,03,LAS TERRENAS,032003,874cf3cdeffffff
03debd7d-f6c9-48c7-af5a-f25506b858d6,1927823807,Thamnobryum subseriatum,Porotrichum subseriatum (Mitt. ex Sande Lac.) Mitt.,Neckeraceae,Thamnobryum,SPECIES,PRESERVED_SPECIMEN,1981-11-03,1981,-69.5083,19.3,NA,d415c253-4d61-4459-9d25-4015b9084fb0,NY,NY,20,03,LAS TERRENAS,032003,874cf3cddffffff
050fc423-4201-4bc4-a19e-a85be79ded71,1927838900,Entodontopsis cultelliformis,Eulacophyllum cultelliforme (Sull.) W.R. Buck & Ireland,Stereophyllaceae,Entodontopsis,SPECIES,PRESERVED_SPECIMEN,1982-05-18,1982,-69.47,19.3,NA,d415c253-4d61-4459-9d25-4015b9084fb0,NY,NY,20,03,LAS TERRENAS,032003,874cf3cc8ffffff
069f864a-aaaf-47d2-9268-15987f7cbd44,1927861123,Borreria remota,Spermacoce remota Lam.,Rubiaceae,Borreria,SPECIES,PRESERVED_SPECIMEN,1981-11-04,1981,-69.52,19.32,NA,d415c253-4d61-4459-9d25-4015b9084fb0,NY,NY,20,03,LAS TERRENAS,032003,874cf3cc3ffffff
06c104d9-bb12-4868-8916-68e1081d137a,1927863231,Peperomia serpens,Peperomia serpens (Sw.) G.Don,Piperaceae,Peperomia,SPECIES,PRESERVED_SPECIMEN,1981-11-03,1981,-69.5083,19.3,NA,d415c253-4d61-4459-9d25-4015b9084fb0,NY,NY,20,03,LAS TERRENAS,032003,874cf3cddffffff
07720f7b-0200-449f-8e76-250ea63256af,3416731699,Thuidium cymbifolium,Thuidium cymbifoliolum (Müll. Hal.) Paris,Thuidiaceae,Thuidium,SPECIES,PRESERVED_SPECIMEN,1909-10-23,1909,-69.5685,19.2625,4030,6cfce8da-c177-4790-b038-1202dd33e9d7,CINC,,20,03,LAS TERRENAS,032003,874cf3572ffffff
07e88d56-0a54-44d1-ad02-d47e5c46f3e4,1927879192,Fissidens petrophilus,Fissidens petrophilus Sull.,Fissidentaceae,Fissidens,SPECIES,PRESERVED_SPECIMEN,1981-11-03,1981,-69.5083,19.3,NA,d415c253-4d61-4459-9d25-4015b9084fb0,NY,NY,20,03,LAS TERRENAS,032003,874cf3cddffffff
09ced4dd-405d-4b49-af04-2b3b24613c35,1927906187,Piper umbellatum,Piper umbellatum L.,Piperaceae,Piper,SPECIES,PRESERVED_SPECIMEN,1981-11-03,1981,-69.5083,19.3,NA,d415c253-4d61-4459-9d25-4015b9084fb0,NY,NY,20,03,LAS TERRENAS,032003,874cf3cddffffff
0f1ca152-bad5-4721-8cc6-c7655250f672,1927980765,Carapa guianensis,Carapa guianensis Aubl.,Meliaceae,Carapa,SPECIES,PRESERVED_SPECIMEN,1981-11-04,1981,-69.52,19.32,NA,d415c253-4d61-4459-9d25-4015b9084fb0,NY,NY,20,03,LAS TERRENAS,032003,874cf3cc3ffffff
100c8f04-0232-46fb-b64a-275996ecb30d,1927994258,Cladium mariscus,Cladium jamaicense Crantz,Cyperaceae,Cladium,SPECIES,PRESERVED_SPECIMEN,1984-05-09,1984,-69.58,19.3,NA,d415c253-4d61-4459-9d25-4015b9084fb0,NY,NY,20,03,LAS TERRENAS,032003,874cf3528ffffff
1071815a-eaa9-407b-acc6-facb27c5a352,1927999573,Pavonia paludicola,Pavonia paludicola Nicolson ex Fryxell,Malvaceae,Pavonia,SPECIES,PRESERVED_SPECIMEN,1981-11-04,1981,-69.52,19.32,NA,d415c253-4d61-4459-9d25-4015b9084fb0,NY,NY,20,03,LAS TERRENAS,032003,874cf3cc3ffffff
11931439-681E-4F93-8AE9-0FEC40C0295A,1503218771,Pterocarpus officinalis,Pterocarpus officinalis Jacq.,Fabaceae,Pterocarpus,SPECIES,PRESERVED_SPECIMEN,1984-05-10,1984,-69.5833,19.3,NA,af1b4db0-c8ce-4a95-b700-8a6a02bed9d6,USF,Herb,20,03,LAS TERRENAS,032003,874cf3528ffffff
129FEEDD-6EEF-40DD-83E8-5244F4069AF7,122987920,Piper marginatum,Piper marginatum Jacq.,Piperaceae,Piper,SPECIES,PRESERVED_SPECIMEN,1981-11-03,1981,-69.5083,19.3,NA,832cb04e-f762-11e1-a439-00145eb45e9a,FTG,Herbarium,20,03,LAS TERRENAS,032003,874cf3cddffffff
132981d9-4f40-4cb7-868f-af0e5f90c60c,1928038235,Lobelia salicina,Lobelia salicina Lam.,Campanulaceae,Lobelia,SPECIES,PRESERVED_SPECIMEN,1981-11-04,1981,-69.5083,19.3,NA,d415c253-4d61-4459-9d25-4015b9084fb0,NY,NY,20,03,LAS TERRENAS,032003,874cf3cddffffff
14d61af0-f81f-4c76-99de-49b7a8679cf4,1928061685,Ardisia obovata,Ardisia obovata Desv.,Primulaceae,Ardisia,SPECIES,PRESERVED_SPECIMEN,1984-05-09,1984,-69.58,19.3,NA,d415c253-4d61-4459-9d25-4015b9084fb0,NY,NY,20,03,LAS TERRENAS,032003,874cf3528ffffff
15479c8b-43ed-4c87-a0eb-984e085f0d06,1928068315,Laportea aestuans,Laportea aestuans (L.) Chew,Urticaceae,Laportea,SPECIES,PRESERVED_SPECIMEN,1981-11-05,1981,-69.55,19.28,NA,d415c253-4d61-4459-9d25-4015b9084fb0,NY,NY,20,03,LAS TERRENAS,032003,874cf3574ffffff
158facd9-23b3-4667-b9b3-e69654b4ac25,1928072794,Taxithelium planum,Taxithelium planum (Brid.) Mitt.,Pylaisiadelphaceae,Taxithelium,SPECIES,PRESERVED_SPECIMEN,1978-07-21,1978,-69.47,19.3,NA,d415c253-4d61-4459-9d25-4015b9084fb0,NY,NY,20,03,LAS TERRENAS,032003,874cf3cc8ffffff
16f09690-10d7-4b1a-a9de-1da461c49fab,1928091526,Verbesina alata,Verbesina alata L.,Asteraceae,Verbesina,SPECIES,PRESERVED_SPECIMEN,1982-05-18,1982,-69.5083,19.3,NA,d415c253-4d61-4459-9d25-4015b9084fb0,NY,NY,20,03,LAS TERRENAS,032003,874cf3cddffffff
17649b8a-db07-40c2-b0e5-1c5760e75ade,1928097678,Casearia bicolor,Laetia procera (Poepp.) Eichler,Salicaceae,Casearia,SPECIES,PRESERVED_SPECIMEN,1981-11-03,1981,-69.5083,19.3,NA,d415c253-4d61-4459-9d25-4015b9084fb0,NY,NY,20,03,LAS TERRENAS,032003,874cf3cddffffff
1EB0715F-30C5-4FE9-98F2-20E1BFF00F71,1503218790,Hevea brasiliensis,Hevea brasiliensis (Willd. ex A.Juss.) Müll.Arg.,Euphorbiaceae,Hevea,SPECIES,PRESERVED_SPECIMEN,1984-03-21,1984,-69.55,19.3,NA,af1b4db0-c8ce-4a95-b700-8a6a02bed9d6,USF,Herb,20,03,LAS TERRENAS,032003,874cf3cdaffffff
1b198302-1e98-4f58-9871-8b13ff435475,1928149635,Pelazoneuron kunthii,Thelypteris kunthii (Desv.) C.V.Morton,Thelypteridaceae,Pelazoneuron,SPECIES,PRESERVED_SPECIMEN,1981-11-04,1981,-69.5,19.325,NA,d415c253-4d61-4459-9d25-4015b9084fb0,NY,NY,20,03,LAS TERRENAS,032003,874cf3cc1ffffff
1bd0f8bf-d343-425b-b1ea-3eedf5ec8ef0,1928159241,Ctenitis hirta,Ctenitis hirta (Sw.) Ching,Dryopteridaceae,Ctenitis,SPECIES,PRESERVED_SPECIMEN,1982-05-18,1982,-69.5083,19.3,NA,d415c253-4d61-4459-9d25-4015b9084fb0,NY,NY,20,03,LAS TERRENAS,032003,874cf3cddffffff
1cd72700-bbe1-45f4-ae63-2c1732b83a64,1928177586,Passiflora rubra,Passiflora rubra L.,Passifloraceae,Passiflora,SPECIES,PRESERVED_SPECIMEN,1981-11-04,1981,-69.5083,19.3,NA,d415c253-4d61-4459-9d25-4015b9084fb0,NY,NY,20,03,LAS TERRENAS,032003,874cf3cddffffff
1f70885a-8822-4731-b87d-a6a676e2a56f,1928214343,Anatherum glomeratum,"Andropogon glomeratus (Walter) Britton, Sterns & Poggenb.",Poaceae,Anatherum,SPECIES,PRESERVED_SPECIMEN,1981-11-04,1981,-69.5,19.325,NA,d415c253-4d61-4459-9d25-4015b9084fb0,NY,NY,20,03,LAS TERRENAS,032003,874cf3cc1ffffff
22D3E1E9-C528-477B-ADEA-2243598813CD,122987921,Piper jacquemontianum,Piper jacquemontianum (Kunth) Kunth ex Steud.,Piperaceae,Piper,SPECIES,PRESERVED_SPECIMEN,1981-11-03,1981,-69.5,19.3,NA,832cb04e-f762-11e1-a439-00145eb45e9a,FTG,Herbarium,20,03,LAS TERRENAS,032003,874cf3ccaffffff
243cb9d9-be1d-4a2f-8da5-2d58e3a10773,1928282687,Breynia disticha,Breynia disticha J.R.Forst. & G.Forst.,Phyllanthaceae,Breynia,SPECIES,PRESERVED_SPECIMEN,1982-03-16,1982,-69.52,19.32,NA,d415c253-4d61-4459-9d25-4015b9084fb0,NY,NY,20,03,LAS TERRENAS,032003,874cf3cc3ffffff
24C964DD-B341-493E-9F76-06A3BA48A718,122926672,Cissus verticillata,Cissus verticillata (L.) Nicolson & C.E.Jarvis,Vitaceae,Cissus,SPECIES,PRESERVED_SPECIMEN,1981-11-04,1981,-69.5167,19.3167,NA,832cb04e-f762-11e1-a439-00145eb45e9a,FTG,Herbarium,20,03,LAS TERRENAS,032003,874cf3cc3ffffff
25a6e562-aeca-4208-aed4-e49fba36657f,1928301616,Sophora tomentosa,Sophora tomentosa L.,Fabaceae,Sophora,SPECIES,PRESERVED_SPECIMEN,1984-05-09,1984,-69.58,19.3,NA,d415c253-4d61-4459-9d25-4015b9084fb0,NY,NY,20,03,LAS TERRENAS,032003,874cf3528ffffff
26e26f25-4f68-4338-a2a5-91cd7ef39ea2,1928318728,Lobelia salicina,Lobelia salicina Lam.,Campanulaceae,Lobelia,SPECIES,PRESERVED_SPECIMEN,1981-11-04,1981,-69.52,19.32,NA,d415c253-4d61-4459-9d25-4015b9084fb0,NY,NY,20,03,LAS TERRENAS,032003,874cf3cc3ffffff
296b66bb-749f-4ca4-aa46-86d2982635b1,1928354696,Bixa orellana,Bixa orellana L.,Bixaceae,Bixa,SPECIES,PRESERVED_SPECIMEN,1981-11-04,1981,-69.52,19.32,NA,d415c253-4d61-4459-9d25-4015b9084fb0,NY,NY,20,03,LAS TERRENAS,032003,874cf3cc3ffffff
2A26352D-8577-4229-83CB-43A4208139D8,122912342,Breynia disticha,Breynia disticha J.R.Forst. & G.Forst.,Phyllanthaceae,Breynia,SPECIES,PRESERVED_SPECIMEN,1982-03-16,1982,-69.5167,19.3167,NA,832cb04e-f762-11e1-a439-00145eb45e9a,FTG,Herbarium,20,03,LAS TERRENAS,032003,874cf3cc3ffffff
2a9c7604-f836-4d56-bd99-079f29d00c3f,1928371427,Pinnatella minuta,Pinnatella minuta (Mitt.) Broth.,Neckeraceae,Pinnatella,SPECIES,PRESERVED_SPECIMEN,1981-11-03,1981,-69.508333,19.3,NA,d415c253-4d61-4459-9d25-4015b9084fb0,NY,NY,20,03,LAS TERRENAS,032003,874cf3cddffffff
2b3d7eff-b208-4431-9d58-ba003681ee1a,1928381550,Tectaria incisa,Tectaria incisa Cav.,Tectariaceae,Tectaria,SPECIES,PRESERVED_SPECIMEN,1981-11-03,1981,-69.5083,19.3,NA,d415c253-4d61-4459-9d25-4015b9084fb0,NY,NY,20,03,LAS TERRENAS,032003,874cf3cddffffff
2cdd6d09-0183-45d1-9f04-829c5c78cab2,1928404361,Acrostichum danaeifolium,Acrostichum danaeifolium Langsd. & Fisch.,Pteridaceae,Acrostichum,SPECIES,PRESERVED_SPECIMEN,1981-11-04,1981,-69.52,19.32,NA,d415c253-4d61-4459-9d25-4015b9084fb0,NY,NY,20,03,LAS TERRENAS,032003,874cf3cc3ffffff
2f15bf5d-d538-4258-a92c-f9ffe78b29e2,1928434679,Cenchrus echinatus,Cenchrus echinatus L.,Poaceae,Cenchrus,SPECIES,PRESERVED_SPECIMEN,1990-03-16,1990,-69.5,19.32,NA,d415c253-4d61-4459-9d25-4015b9084fb0,NY,NY,20,03,LAS TERRENAS,032003,874cf3cceffffff
2f96442a-d872-4382-a441-290458e35b9a,1928441998,Tolumnia variegata,Tolumnia variegata (Sw.) Braem,Orchidaceae,Tolumnia,SPECIES,PRESERVED_SPECIMEN,1981-11-04,1981,-69.52,19.32,NA,d415c253-4d61-4459-9d25-4015b9084fb0,NY,NY,20,03,LAS TERRENAS,032003,874cf3cc3ffffff
2fecc96c-5bbc-4c6d-9ae1-dd258e523e04,1928446484,Amblovenatum opulentum,Thelypteris opulenta (Kaulf.) Fosberg,Thelypteridaceae,Amblovenatum,SPECIES,PRESERVED_SPECIMEN,1981-11-04,1981,-69.52,19.32,NA,d415c253-4d61-4459-9d25-4015b9084fb0,NY,NY,20,03,LAS TERRENAS,032003,874cf3cc3ffffff
302ce6f8-049f-4a22-81ef-20335c7ad66e,1928450198,Asplenium serratum,Asplenium serratum L.,Aspleniaceae,Asplenium,SPECIES,PRESERVED_SPECIMEN,1981-11-03,1981,-69.5083,19.3,NA,d415c253-4d61-4459-9d25-4015b9084fb0,NY,NY,20,03,LAS TERRENAS,032003,874cf3cddffffff
3381ada0-5954-4219-9b8d-e205cc456ecc,1928497033,Inga vera,Inga vera subsp. vera,Fabaceae,Inga,SUBSPECIES,PRESERVED_SPECIMEN,1981-11-05,1981,-69.55,19.28,NA,d415c253-4d61-4459-9d25-4015b9084fb0,NY,NY,20,03,LAS TERRENAS,032003,874cf3574ffffff
339e71e0-41ca-490f-b14b-f9fcee59ade7,4994660327,Coccoloba costata,Coccoloba costata C.Wright,Polygonaceae,Coccoloba,SPECIES,PRESERVED_SPECIMEN,1996-03-01,1996,-69.55,19.316667,NA,b89d52a2-861d-4388-adad-c0da3d55fc78,UF,,20,03,LAS TERRENAS,032003,874cf3cdeffffff
342ce83b-4faa-446f-a28f-a4fa69882479,1928506030,Piper peltatum,Piper peltatum L.,Piperaceae,Piper,SPECIES,PRESERVED_SPECIMEN,1981-11-03,1981,-69.5083,19.3,NA,d415c253-4d61-4459-9d25-4015b9084fb0,NY,NY,20,03,LAS TERRENAS,032003,874cf3cddffffff
344705bc-509f-4c6f-9b95-406354831a1e,1928507655,Bletia patula,Bletia patula Hook.,Orchidaceae,Bletia,SPECIES,PRESERVED_SPECIMEN,1981-11-03,1981,-69.5014,19.3,NA,d415c253-4d61-4459-9d25-4015b9084fb0,NY,NY,20,03,LAS TERRENAS,032003,874cf3ccaffffff
354adec2-9cf7-49e9-b441-7be1e41c09f4,1928521260,Annona glabra,Annona glabra L.,Annonaceae,Annona,SPECIES,PRESERVED_SPECIMEN,1984-05-09,1984,-69.58,19.3,NA,d415c253-4d61-4459-9d25-4015b9084fb0,NY,NY,20,03,LAS TERRENAS,032003,874cf3528ffffff
3589a990-121c-487a-b01c-68e1eebec640,1928526729,Miconia pyramidalis,Miconia pyramidalis (Desr.) DC.,Melastomataceae,Miconia,SPECIES,PRESERVED_SPECIMEN,1982-05-18,1982,-69.5083,19.3,NA,d415c253-4d61-4459-9d25-4015b9084fb0,NY,NY,20,03,LAS TERRENAS,032003,874cf3cddffffff
375b160e-5628-4bc3-9418-a147ad96a58f,1928551117,Goniopteris imitata,Thelypteris imitata (C.Chr.) Alain,Thelypteridaceae,Goniopteris,SPECIES,PRESERVED_SPECIMEN,1981-11-03,1981,-69.5083,19.3,NA,d415c253-4d61-4459-9d25-4015b9084fb0,NY,NY,20,03,LAS TERRENAS,032003,874cf3cddffffff
376084d1-7507-4e15-8c35-1799ed822cb1,1928551425,Renealmia aromatica,Renealmia aromatica (Aubl.) Griseb.,Zingiberaceae,Renealmia,SPECIES,PRESERVED_SPECIMEN,1909-10-21,1909,-69.568334,19.262517,912.21,d415c253-4d61-4459-9d25-4015b9084fb0,NY,NY,20,03,LAS TERRENAS,032003,874cf3572ffffff
37977861-e4e5-4de3-8c47-eada967983e3,1928554630,Cyclopeltis semicordata,Cyclopeltis semicordata (Sw.) J.Sm.,Lomariopsidaceae,Cyclopeltis,SPECIES,PRESERVED_SPECIMEN,1981-11-03,1981,-69.5083,19.3,NA,d415c253-4d61-4459-9d25-4015b9084fb0,NY,NY,20,03,LAS TERRENAS,032003,874cf3cddffffff
398d308a-8cdc-4e59-93c8-45e2e8b8067e,1928581794,Ctenitis nemorosa,Ctenitis nemorosa (Willd.) Ching,Dryopteridaceae,Ctenitis,SPECIES,PRESERVED_SPECIMEN,1981-11-03,1981,-69.5083,19.3,NA,d415c253-4d61-4459-9d25-4015b9084fb0,NY,NY,20,03,LAS TERRENAS,032003,874cf3cddffffff
39A4D524-6333-4765-964D-80FC1708BF78,122912306,Breynia disticha,Breynia disticha J.R.Forst. & G.Forst.,Phyllanthaceae,Breynia,SPECIES,PRESERVED_SPECIMEN,1982-03-16,1982,-69.5167,19.3167,NA,832cb04e-f762-11e1-a439-00145eb45e9a,FTG,Herbarium,20,03,LAS TERRENAS,032003,874cf3cc3ffffff
39aae0a7-fe0b-48b9-8929-38472b63f754,1928584503,Epidendrum rigidum,Epidendrum rigidum Jacq.,Orchidaceae,Epidendrum,SPECIES,PRESERVED_SPECIMEN,1909-10-23,1909,-69.568334,19.262517,912.21,d415c253-4d61-4459-9d25-4015b9084fb0,NY,NY,20,03,LAS TERRENAS,032003,874cf3572ffffff
3cf6313a-c776-45d3-953e-9c4bf02cb672,1928630460,Octoblepharum pulvinatum,Octoblepharum pulvinatum (Dozy & Molk.) Spruce,Octoblepharaceae,Octoblepharum,SPECIES,PRESERVED_SPECIMEN,1981-11-03,1981,-69.5083,19.3,NA,d415c253-4d61-4459-9d25-4015b9084fb0,NY,NY,20,03,LAS TERRENAS,032003,874cf3cddffffff
41167b7e-2e78-4ac9-9c26-4f034e60ed1f,1928688716,Metopium toxiferum,Metopium toxiferum (L.) Krug & Urb.,Anacardiaceae,Metopium,SPECIES,PRESERVED_SPECIMEN,1984-05-09,1984,-69.58,19.3,NA,d415c253-4d61-4459-9d25-4015b9084fb0,NY,NY,20,03,LAS TERRENAS,032003,874cf3528ffffff
41dbfc6c-7e38-4696-a562-5160bcd77961,1928699729,Vachellia farnesiana,Vachellia farnesiana (L.) Wight & Arn.,Fabaceae,Vachellia,SPECIES,PRESERVED_SPECIMEN,1982-03-16,1982,-69.52,19.32,NA,d415c253-4d61-4459-9d25-4015b9084fb0,NY,NY,20,03,LAS TERRENAS,032003,874cf3cc3ffffff
4213c0f5-3656-4243-b144-3c8f3622fbf2,1928702367,Tillandsia juncea,Tillandsia juncea (Ruiz & Pav.) Poir.,Bromeliaceae,Tillandsia,SPECIES,PRESERVED_SPECIMEN,1981-11-04,1981,-69.5083,19.3,NA,d415c253-4d61-4459-9d25-4015b9084fb0,NY,NY,20,03,LAS TERRENAS,032003,874cf3cddffffff
424c0027-7678-47cd-9b9d-da3901b24b10,1928705378,Turpinia occidentalis,Turpinia occidentalis (Sw.) G.Don,Staphyleaceae,Turpinia,SPECIES,PRESERVED_SPECIMEN,1981-11-04,1981,-69.475,19.32,NA,d415c253-4d61-4459-9d25-4015b9084fb0,NY,NY,20,03,LAS TERRENAS,032003,874cf3cccffffff
43e7d5b1-0fca-43fc-ad6f-14437b97bcd6,1928727970,Trachypus bicolor,Trachypus bicolor var. viridulus (Mitt.) Zanten,Meteoriaceae,Trachypus,VARIETY,PRESERVED_SPECIMEN,1981-11-03,1981,-69.508333,19.3,NA,d415c253-4d61-4459-9d25-4015b9084fb0,NY,NY,20,03,LAS TERRENAS,032003,874cf3cddffffff
44be8ed3-1311-4747-a5d3-767a1f406fca,1928740206,Scybalium jamaicense,Scybalium jamaicense (Sw.) Schott & Endl.,Balanophoraceae,Scybalium,SPECIES,PRESERVED_SPECIMEN,1969-03-17,1969,-69.57192,19.270094,1562,d415c253-4d61-4459-9d25-4015b9084fb0,NY,NY,20,03,LAS TERRENAS,032003,874cf3576ffffff
460f82d7-920f-4c7b-8f41-f2002e8f5487,1928758619,Cassytha filiformis,Cassytha filiformis L.,Lauraceae,Cassytha,SPECIES,PRESERVED_SPECIMEN,1981-11-04,1981,-69.5,19.325,NA,d415c253-4d61-4459-9d25-4015b9084fb0,NY,NY,20,03,LAS TERRENAS,032003,874cf3cc1ffffff
47870503-e739-4089-ad9c-5903db068266,1928779739,Peperomia rotundifolia,Peperomia rotundifolia (L.) Kunth,Piperaceae,Peperomia,SPECIES,PRESERVED_SPECIMEN,1981-11-03,1981,-69.5083,19.3,NA,d415c253-4d61-4459-9d25-4015b9084fb0,NY,NY,20,03,LAS TERRENAS,032003,874cf3cddffffff
4b1d8d7b-94b0-4f04-b413-c9435d569667,5886629368,Solanum mammosum,Solanum mammosum L.,Solanaceae,Solanum,SPECIES,PRESERVED_SPECIMEN,1982-05-18,1982,-69.508333,19.3,3000,453e3294-97ef-4e1c-87cb-1ef7c5351d8e,DEK,,20,03,LAS TERRENAS,032003,874cf3cddffffff
4c7ffd63-7281-466e-97f1-0e1bba576fea,1928850477,Rhodopis planisiliqua,Rhodopis planisiliqua (L.) Urb.,Fabaceae,Rhodopis,SPECIES,PRESERVED_SPECIMEN,1984-05-09,1984,-69.58,19.3,NA,d415c253-4d61-4459-9d25-4015b9084fb0,NY,NY,20,03,LAS TERRENAS,032003,874cf3528ffffff
51e5247e-1d89-46fb-9804-776436085a50,1928926157,Asclepias nivea,Asclepias nivea L.,Apocynaceae,Asclepias,SPECIES,PRESERVED_SPECIMEN,1981-11-03,1981,-69.5083,19.3,NA,d415c253-4d61-4459-9d25-4015b9084fb0,NY,NY,20,03,LAS TERRENAS,032003,874cf3cddffffff
523da4a5-525e-4e38-9c9d-e5111d1bab68,1928930902,Asplenium abscissum,Asplenium abscissum Willd.,Aspleniaceae,Asplenium,SPECIES,PRESERVED_SPECIMEN,1981-11-03,1981,-69.5083,19.3,NA,d415c253-4d61-4459-9d25-4015b9084fb0,NY,NY,20,03,LAS TERRENAS,032003,874cf3cddffffff
531a0f9c-2af9-4b8b-8f63-bf8c7cc45845,1928942899,Pteris grandifolia,Pteris grandifolia L.,Pteridaceae,Pteris,SPECIES,PRESERVED_SPECIMEN,1981-11-04,1981,-69.52,19.32,NA,d415c253-4d61-4459-9d25-4015b9084fb0,NY,NY,20,03,LAS TERRENAS,032003,874cf3cc3ffffff
532f2088-fee7-4e17-853f-9182084b2a3a,1928943919,Diplazium grandifolium,Diplazium grandifolium (Sw.) Sw.,Athyriaceae,Diplazium,SPECIES,PRESERVED_SPECIMEN,1981-11-03,1981,-69.5083,19.3,NA,d415c253-4d61-4459-9d25-4015b9084fb0,NY,NY,20,03,LAS TERRENAS,032003,874cf3cddffffff
54ff07af-d483-4b74-8758-300e1ecce3b3,1928969914,Pavonia paludicola,Pavonia paludicola Nicolson ex Fryxell,Malvaceae,Pavonia,SPECIES,PRESERVED_SPECIMEN,1984-05-09,1984,-69.58,19.3,NA,d415c253-4d61-4459-9d25-4015b9084fb0,NY,NY,20,03,LAS TERRENAS,032003,874cf3528ffffff
5596e8dd-d6fb-4f75-b115-25ce47fff4f4,1928977659,Pseudocryphaea domingensis,Pseudocryphaea domingensis (Spreng.) W.R. Buck,Rutenbergiaceae,Pseudocryphaea,SPECIES,PRESERVED_SPECIMEN,1981-11-03,1981,-69.508333,19.3,NA,d415c253-4d61-4459-9d25-4015b9084fb0,NY,NY,20,03,LAS TERRENAS,032003,874cf3cddffffff
576fcfd7-6ab3-4ddf-a939-077c5a24cc99,1929004244,Calophyllum calaba,Calophyllum calaba L.,Calophyllaceae,Calophyllum,SPECIES,PRESERVED_SPECIMEN,1981-11-04,1981,-69.5,19.325,NA,d415c253-4d61-4459-9d25-4015b9084fb0,NY,NY,20,03,LAS TERRENAS,032003,874cf3cc1ffffff
57708fb5-ff5f-4dce-aaa4-2669aee91ba7,1929003952,Pavonia paludicola,Pavonia paludicola Nicolson ex Fryxell,Malvaceae,Pavonia,SPECIES,PRESERVED_SPECIMEN,1984-03-21,1984,-69.52,19.325,NA,d415c253-4d61-4459-9d25-4015b9084fb0,NY,NY,20,03,LAS TERRENAS,032003,874cf3cc3ffffff
57fb85a8-a827-4f4b-aa42-3cf6744e3abb,1929011856,Artocarpus altilis,Artocarpus camansi Blanco,Moraceae,Artocarpus,SPECIES,PRESERVED_SPECIMEN,1981-11-04,1981,-69.52,19.32,NA,d415c253-4d61-4459-9d25-4015b9084fb0,NY,NY,20,03,LAS TERRENAS,032003,874cf3cc3ffffff
5c057c83-d0f2-4596-9a0e-bb0af9ebb4d8,1929068928,Hymenophyllum Sm.,Hymenophyllum Sm.,Hymenophyllaceae,Hymenophyllum,GENUS,PRESERVED_SPECIMEN,1982-05-18,1982,-69.5083,19.3,NA,d415c253-4d61-4459-9d25-4015b9084fb0,NY,NY,20,03,LAS TERRENAS,032003,874cf3cddffffff
5d8f768c-28d7-4e73-ac8c-b6d1633fad04,1929090715,Lantana strigocamara,Lantana × strigocamara R.W.Sanders,Verbenaceae,Lantana,SPECIES,PRESERVED_SPECIMEN,1981-11-03,1981,-69.5083,19.3,NA,d415c253-4d61-4459-9d25-4015b9084fb0,NY,NY,20,03,LAS TERRENAS,032003,874cf3cddffffff
5de07ac6-9231-416d-b56f-b31b3f271d49,1929096018,Tillandsia balbisiana,Tillandsia balbisiana Schult. & Schult.f.,Bromeliaceae,Tillandsia,SPECIES,PRESERVED_SPECIMEN,1981-11-04,1981,-69.52,19.32,NA,d415c253-4d61-4459-9d25-4015b9084fb0,NY,NY,20,03,LAS TERRENAS,032003,874cf3cc3ffffff
5dfdecc5-d161-4413-ad8e-e6c5ecd8c7c0,1929096957,Marcgravia rectiflora,Marcgravia rectiflora Triana & Planch.,Marcgraviaceae,Marcgravia,SPECIES,PRESERVED_SPECIMEN,1981-11-03,1981,-69.5083,19.3,NA,d415c253-4d61-4459-9d25-4015b9084fb0,NY,NY,20,03,LAS TERRENAS,032003,874cf3cddffffff
5e576b66-c987-4eb3-b9b3-e02d5f84173e,1929101867,Nectandra hihua,Nectandra hihua (Ruiz & Pav.) Rohwer,Lauraceae,Nectandra,SPECIES,PRESERVED_SPECIMEN,1981-11-04,1981,-69.52,19.32,NA,d415c253-4d61-4459-9d25-4015b9084fb0,NY,NY,20,03,LAS TERRENAS,032003,874cf3cc3ffffff
5f5bc897-ec90-481c-a300-76b6b9b3240a,1929116519,Lobelia salicina,Lobelia salicina Lam.,Campanulaceae,Lobelia,SPECIES,PRESERVED_SPECIMEN,1981-11-04,1981,-69.52,19.32,NA,d415c253-4d61-4459-9d25-4015b9084fb0,NY,NY,20,03,LAS TERRENAS,032003,874cf3cc3ffffff
617f5f8d-95fd-48b2-8b83-1d1078ffc071,1929146430,Anathallis obovata,Anathallis obovata (Lindl.) Pridgeon & M.W.Chase,Orchidaceae,Anathallis,SPECIES,PRESERVED_SPECIMEN,1909-10-21,1909,-69.568334,19.262517,912.21,d415c253-4d61-4459-9d25-4015b9084fb0,NY,NY,20,03,LAS TERRENAS,032003,874cf3572ffffff
618a2029-65c8-463f-8fb4-08f709226dba,1929146762,Waltheria indica,Waltheria indica L.,Malvaceae,Waltheria,SPECIES,PRESERVED_SPECIMEN,1984-05-09,1984,-69.58,19.3,NA,d415c253-4d61-4459-9d25-4015b9084fb0,NY,NY,20,03,LAS TERRENAS,032003,874cf3528ffffff
642709F8-D257-470F-B86E-F8C38FF0A036,122986037,Piper amalago,Piper amalago L.,Piperaceae,Piper,SPECIES,PRESERVED_SPECIMEN,1981-11-03,1981,-69.5083,19.3,NA,832cb04e-f762-11e1-a439-00145eb45e9a,FTG,Herbarium,20,03,LAS TERRENAS,032003,874cf3cddffffff
64eb4f02-6e31-4f62-bdea-183a55e18bd2,1929195946,Uniola virgata,Uniola virgata (Poir.) Griseb.,Poaceae,Uniola,SPECIES,PRESERVED_SPECIMEN,1984-05-09,1984,-69.58,19.3,NA,d415c253-4d61-4459-9d25-4015b9084fb0,NY,NY,20,03,LAS TERRENAS,032003,874cf3528ffffff
64f5c585-2a8d-4447-95eb-b3bc6e5bacec,1929193544,Radula javanica,Radula longifolia Steph.,Radulaceae,Radula,SPECIES,PRESERVED_SPECIMEN,1981-11-03,1981,-69.5083,19.3,NA,d415c253-4d61-4459-9d25-4015b9084fb0,NY,NY,20,03,LAS TERRENAS,032003,874cf3cddffffff
660412b7-7320-4b43-94ff-a89844d34701,1929209187,Verbesina alata,Verbesina alata L.,Asteraceae,Verbesina,SPECIES,PRESERVED_SPECIMEN,1981-11-03,1981,-69.5083,19.3,NA,d415c253-4d61-4459-9d25-4015b9084fb0,NY,NY,20,03,LAS TERRENAS,032003,874cf3cddffffff
68fe1c05-5155-4174-a6de-a4d2ba62d194,1929252008,Piper amalago,Piper amalago L.,Piperaceae,Piper,SPECIES,PRESERVED_SPECIMEN,1981-11-03,1981,-69.5083,19.3,NA,d415c253-4d61-4459-9d25-4015b9084fb0,NY,NY,20,03,LAS TERRENAS,032003,874cf3cddffffff
6a313721-203f-49de-be1f-9122b760f40b,1929269013,Ocimum campechianum,Ocimum campechianum Mill.,Lamiaceae,Ocimum,SPECIES,PRESERVED_SPECIMEN,1981-11-05,1981,-69.55,19.28,NA,d415c253-4d61-4459-9d25-4015b9084fb0,NY,NY,20,03,LAS TERRENAS,032003,874cf3574ffffff
6af0704b-9300-4dec-9bad-2081d4bbeef8,1929279212,Notopleura uliginosa,Notopleura uliginosa (Sw.) Bremek.,Rubiaceae,Notopleura,SPECIES,PRESERVED_SPECIMEN,1981-11-03,1981,-69.5083,19.3,NA,d415c253-4d61-4459-9d25-4015b9084fb0,NY,NY,20,03,LAS TERRENAS,032003,874cf3cddffffff
6c40329a-252f-4e33-b6b9-0a88088e2f5e,1929297727,Domingoa haematochila,Domingoa haematochila (Rchb.f.) Carabia,Orchidaceae,Domingoa,SPECIES,PRESERVED_SPECIMEN,1981-11-04,1981,-69.52,19.32,NA,d415c253-4d61-4459-9d25-4015b9084fb0,NY,NY,20,03,LAS TERRENAS,032003,874cf3cc3ffffff
6d4018b5-7277-4c92-802b-7b6d62b750c2,1929311540,Lomariopsis kunzeana,Lomariopsis kunzeana (C.Presl ex Underw.) Holttum,Lomariopsidaceae,Lomariopsis,SPECIES,PRESERVED_SPECIMEN,1981-11-03,1981,-69.5083,19.3,NA,d415c253-4d61-4459-9d25-4015b9084fb0,NY,NY,20,03,LAS TERRENAS,032003,874cf3cddffffff
6d77c7a9-ac73-420a-9770-81202eba2615,1929315106,Pecluma M.G.Price,Pecluma M.G.Price,Polypodiaceae,Pecluma,GENUS,PRESERVED_SPECIMEN,1981-11-03,1981,-69.5083,19.3,NA,d415c253-4d61-4459-9d25-4015b9084fb0,NY,NY,20,03,LAS TERRENAS,032003,874cf3cddffffff
6e6aa2ee-e2d8-4b07-9101-dc8d7790143e,1929327962,Danaea nodosa,Danaea nodosa (L.) Sm.,Marattiaceae,Danaea,SPECIES,PRESERVED_SPECIMEN,1981-11-03,1981,-69.5083,19.3,NA,d415c253-4d61-4459-9d25-4015b9084fb0,NY,NY,20,03,LAS TERRENAS,032003,874cf3cddffffff
6f0fe6d4-66f5-4b21-884b-677bc9629906,1929338122,Sphagneticola trilobata,Sphagneticola trilobata (L.) Pruski,Asteraceae,Sphagneticola,SPECIES,PRESERVED_SPECIMEN,1981-11-02,1981,-69.55,19.28,NA,d415c253-4d61-4459-9d25-4015b9084fb0,NY,NY,20,03,LAS TERRENAS,032003,874cf3574ffffff
70028480-33b1-4ec6-b40a-2d544d2daf12,1929350852,Echinochloa colona,Echinochloa colona (L.) Link,Poaceae,Echinochloa,SPECIES,PRESERVED_SPECIMEN,1981-11-05,1981,-69.55,19.28,NA,d415c253-4d61-4459-9d25-4015b9084fb0,NY,NY,20,03,LAS TERRENAS,032003,874cf3574ffffff
725cfc8c-3512-4e22-80bf-40a57927c135,1929383368,Cantinoa americana,Hyptis americana (Aubl.) Urb.,Lamiaceae,Cantinoa,SPECIES,PRESERVED_SPECIMEN,1984-05-09,1984,-69.58,19.3,NA,d415c253-4d61-4459-9d25-4015b9084fb0,NY,NY,20,03,LAS TERRENAS,032003,874cf3528ffffff
76b2cfdb-fd7e-4fbf-a9a7-159fe42b7c34,1929444980,Tectaria incisa,Tectaria incisa Cav.,Tectariaceae,Tectaria,SPECIES,PRESERVED_SPECIMEN,1981-11-03,1981,-69.5083,19.3,NA,d415c253-4d61-4459-9d25-4015b9084fb0,NY,NY,20,03,LAS TERRENAS,032003,874cf3cddffffff
76fe3d26-11ce-4fc8-ba34-147155834d8b,1929448981,Terminalia buceras,Bucida buceras L.,Combretaceae,Terminalia,SPECIES,PRESERVED_SPECIMEN,1981-11-04,1981,-69.52,19.32,NA,d415c253-4d61-4459-9d25-4015b9084fb0,NY,NY,20,03,LAS TERRENAS,032003,874cf3cc3ffffff
7718dcd6-086b-4e9a-9fd0-99fc3a996216,1929450433,Solanum mammosum,Solanum mammosum L.,Solanaceae,Solanum,SPECIES,PRESERVED_SPECIMEN,1982-05-18,1982,-69.508333,19.3,NA,d415c253-4d61-4459-9d25-4015b9084fb0,NY,NY,20,03,LAS TERRENAS,032003,874cf3cddffffff
78bedd9f-df0c-47cf-b9cc-238c16faa14f,1929473477,Rhynchospora colorata,Rhynchospora colorata (L.) H.Pfeiff.,Cyperaceae,Rhynchospora,SPECIES,PRESERVED_SPECIMEN,1984-05-09,1984,-69.58,19.3,NA,d415c253-4d61-4459-9d25-4015b9084fb0,NY,NY,20,03,LAS TERRENAS,032003,874cf3528ffffff
7a398cf5-b764-479b-b749-6fbf445bf426,1929494639,Peperomia cubensis,Peperomia cubensis C.DC.,Piperaceae,Peperomia,SPECIES,PRESERVED_SPECIMEN,1981-11-04,1981,-69.5083,19.3,NA,d415c253-4d61-4459-9d25-4015b9084fb0,NY,NY,20,03,LAS TERRENAS,032003,874cf3cddffffff
7b618494-8199-417d-9761-ae4c0c75481e,1929511520,Erithalis odorifera,Erithalis odorifera Jacq.,Rubiaceae,Erithalis,SPECIES,PRESERVED_SPECIMEN,1981-11-04,1981,-69.5,19.325,NA,d415c253-4d61-4459-9d25-4015b9084fb0,NY,NY,20,03,LAS TERRENAS,032003,874cf3cc1ffffff
7c037d7b-7751-4945-b6b8-bdccb55380f4,1929519476,Dodonaea viscosa,Dodonaea viscosa subsp. viscosa,Sapindaceae,Dodonaea,SUBSPECIES,PRESERVED_SPECIMEN,1984-05-09,1984,-69.58,19.3,NA,d415c253-4d61-4459-9d25-4015b9084fb0,NY,NY,20,03,LAS TERRENAS,032003,874cf3528ffffff
7c0bf3b7-254b-48aa-ad46-f1edb1d4a2b1,1929520980,Taxithelium planum,Taxithelium planum (Brid.) Mitt.,Pylaisiadelphaceae,Taxithelium,SPECIES,PRESERVED_SPECIMEN,,NA,-69.47,19.3,NA,d415c253-4d61-4459-9d25-4015b9084fb0,NY,NY,20,03,LAS TERRENAS,032003,874cf3cc8ffffff
7da2dcd7-27f1-49bf-a2e6-6ef98e9c7022,1929543212,Prosthechea cochleata,Prosthechea cochleata (L.) W.E.Higgins,Orchidaceae,Prosthechea,SPECIES,PRESERVED_SPECIMEN,1909-10-21,1909,-69.568334,19.262517,912.21,d415c253-4d61-4459-9d25-4015b9084fb0,NY,NY,20,03,LAS TERRENAS,032003,874cf3572ffffff
7f07d1ed-5fc7-449f-aeca-916176a97192,1929562401,Tectaria heracleifolia,Tectaria heracleifolia (Willd.) Underw.,Tectariaceae,Tectaria,SPECIES,PRESERVED_SPECIMEN,1981-11-03,1981,-69.5083,19.3,NA,d415c253-4d61-4459-9d25-4015b9084fb0,NY,NY,20,03,LAS TERRENAS,032003,874cf3cddffffff
7f17d88d-2d8c-4e44-b3cc-f7ccd666b39b,1929563222,Tectona grandis,Tectona grandis f. punctata Moldenke,Lamiaceae,Tectona,FORM,PRESERVED_SPECIMEN,1981-11-04,1981,-69.52,19.32,NA,d415c253-4d61-4459-9d25-4015b9084fb0,NY,NY,20,03,LAS TERRENAS,032003,874cf3cc3ffffff
80318681-813d-4ba3-98cb-132a501c7971,1929578732,Acalypha setosa,Acalypha setosa A.Rich.,Euphorbiaceae,Acalypha,SPECIES,PRESERVED_SPECIMEN,1981-11-03,1981,-69.5083,19.3,NA,d415c253-4d61-4459-9d25-4015b9084fb0,NY,NY,20,03,LAS TERRENAS,032003,874cf3cddffffff
83caca00-502d-46a4-95bc-636667bdd83d,1929630256,Goniopteris pennata,Thelypteris pennata (Poir.) C.V.Morton,Thelypteridaceae,Goniopteris,SPECIES,PRESERVED_SPECIMEN,1981-11-03,1981,-69.5083,19.3,NA,d415c253-4d61-4459-9d25-4015b9084fb0,NY,NY,20,03,LAS TERRENAS,032003,874cf3cddffffff
86747308-A8C4-458A-9857-0969BF379E20,1503218791,Pavonia paludicola,Pavonia paludicola Nicolson ex Fryxell,Malvaceae,Pavonia,SPECIES,PRESERVED_SPECIMEN,1984-03-21,1984,-69.5167,19.325,NA,af1b4db0-c8ce-4a95-b700-8a6a02bed9d6,USF,Herb,20,03,LAS TERRENAS,032003,874cf3cc3ffffff
88e4cd9b-80ca-43bc-90e1-cb2c8202b069,1929701332,Lantana involucrata,Lantana involucrata L.,Verbenaceae,Lantana,SPECIES,PRESERVED_SPECIMEN,1984-05-09,1984,-69.58,19.3,NA,d415c253-4d61-4459-9d25-4015b9084fb0,NY,NY,20,03,LAS TERRENAS,032003,874cf3528ffffff
8b0f1597-9127-4412-b1b3-8fa77f505ae2,1929731397,Peperomia rotundifolia,Peperomia rotundifolia (L.) Kunth,Piperaceae,Peperomia,SPECIES,PRESERVED_SPECIMEN,1981-11-03,1981,-69.5083,19.3,NA,d415c253-4d61-4459-9d25-4015b9084fb0,NY,NY,20,03,LAS TERRENAS,032003,874cf3cddffffff
8b78f0b2-ad13-48d9-be11-56f0dcaabf7b,2270675446,Eugenia foetida,Eugenia foetida Pers.,Myrtaceae,Eugenia,SPECIES,PRESERVED_SPECIMEN,1984-05-09,1984,-69.5833,19.3,NA,e05fd4c2-4d77-4c50-880e-1b22096af300,ASU,Plants,20,03,LAS TERRENAS,032003,874cf3528ffffff
8cbb901e-560c-4306-b1b9-7be088f2f2bf,1929755564,Geophila repens,Geophila repens (L.) I.M.Johnst.,Rubiaceae,Geophila,SPECIES,PRESERVED_SPECIMEN,1981-11-03,1981,-69.5083,19.3,NA,d415c253-4d61-4459-9d25-4015b9084fb0,NY,NY,20,03,LAS TERRENAS,032003,874cf3cddffffff
90b44f32-6ea0-4bc4-a2a7-ce117505b0d5,1929811164,Nephrolepis hirsutula,Nephrolepis hirsutula (G.Forst.) C.Presl,Nephrolepidaceae,Nephrolepis,SPECIES,PRESERVED_SPECIMEN,1981-11-04,1981,-69.52,19.32,NA,d415c253-4d61-4459-9d25-4015b9084fb0,NY,NY,20,03,LAS TERRENAS,032003,874cf3cc3ffffff
94f2f60e-26ea-4d53-b981-7a26f000f514,1929870856,Senna obtusifolia,Senna obtusifolia (L.) H.S.Irwin & Barneby,Fabaceae,Senna,SPECIES,PRESERVED_SPECIMEN,1981-11-04,1981,-69.52,19.32,NA,d415c253-4d61-4459-9d25-4015b9084fb0,NY,NY,20,03,LAS TERRENAS,032003,874cf3cc3ffffff
9501d934-35a5-405b-8a91-6fb0fe547f0b,1929871858,Diplazium grandifolium,Diplazium grandifolium (Sw.) Sw.,Athyriaceae,Diplazium,SPECIES,PRESERVED_SPECIMEN,1981-11-03,1981,-69.5083,19.3,NA,d415c253-4d61-4459-9d25-4015b9084fb0,NY,NY,20,03,LAS TERRENAS,032003,874cf3cddffffff
9690d21f-33c1-40fa-9d57-62faec5bf988,1929893771,Gonzalagunia hirsuta,Gonzalagunia hirsuta (Jacq.) K.Schum.,Rubiaceae,Gonzalagunia,SPECIES,PRESERVED_SPECIMEN,1981-11-05,1981,-69.55,19.28,NA,d415c253-4d61-4459-9d25-4015b9084fb0,NY,NY,20,03,LAS TERRENAS,032003,874cf3574ffffff
98cc21b5-f7c9-42b3-ae27-eb85624a652c,1929925230,Ipomoea imperati,Ipomoea imperati (Vahl) Griseb.,Convolvulaceae,Ipomoea,SPECIES,PRESERVED_SPECIMEN,1984-05-09,1984,-69.58,19.3,NA,d415c253-4d61-4459-9d25-4015b9084fb0,NY,NY,20,03,LAS TERRENAS,032003,874cf3528ffffff
98d94279-638d-41d5-9885-7ffb7289d142,1929925864,Piper amalago,Piper amalago L.,Piperaceae,Piper,SPECIES,PRESERVED_SPECIMEN,1984-05-10,1984,-69.58,19.3,NA,d415c253-4d61-4459-9d25-4015b9084fb0,NY,NY,20,03,LAS TERRENAS,032003,874cf3528ffffff
98d95812-7180-4f18-9f6c-4f207ca7d950,1929925574,Ocimum gratissimum,Ocimum gratissimum L.,Lamiaceae,Ocimum,SPECIES,PRESERVED_SPECIMEN,1981-11-03,1981,-69.5083,19.3,NA,d415c253-4d61-4459-9d25-4015b9084fb0,NY,NY,20,03,LAS TERRENAS,032003,874cf3cddffffff
99e726b5-d096-4f7d-93d1-8454d048a386,1929940719,Adiantum pyramidale,Adiantum pyramidale (L.) Willd.,Pteridaceae,Adiantum,SPECIES,PRESERVED_SPECIMEN,1981-11-03,1981,-69.5083,19.3,NA,d415c253-4d61-4459-9d25-4015b9084fb0,NY,NY,20,03,LAS TERRENAS,032003,874cf3cddffffff
9a477fbe-0d79-44f2-8364-c2d19ac47437,1929946345,Rhynchospora colorata,Rhynchospora colorata (L.) H.Pfeiff.,Cyperaceae,Rhynchospora,SPECIES,PRESERVED_SPECIMEN,1984-05-09,1984,-69.58,19.3,NA,d415c253-4d61-4459-9d25-4015b9084fb0,NY,NY,20,03,LAS TERRENAS,032003,874cf3528ffffff
9aa0fdbb-7a26-488f-bf1a-0ac496548b66,1929951766,Hevea brasiliensis,Hevea brasiliensis (Willd. ex A.Juss.) Müll.Arg.,Euphorbiaceae,Hevea,SPECIES,PRESERVED_SPECIMEN,1984-03-21,1984,-69.55,19.3,NA,d415c253-4d61-4459-9d25-4015b9084fb0,NY,NY,20,03,LAS TERRENAS,032003,874cf3cdaffffff
A56D835C-CB58-466C-A3AD-FA55BD170DE4,122966854,Piper peltatum,Lepianthes peltata (L.) Raf.,Piperaceae,Piper,SPECIES,PRESERVED_SPECIMEN,1981-11-03,1981,-69.5139,19.3,NA,832cb04e-f762-11e1-a439-00145eb45e9a,FTG,Herbarium,20,03,LAS TERRENAS,032003,874cf3cddffffff
AEFFF5FE-E7E3-45BB-B8CB-28E05956ED23,122918217,Casearia aculeata,Casearia aculeata Jacq.,Salicaceae,Casearia,SPECIES,PRESERVED_SPECIMEN,1982-05-18,1982,-69.5083,19.3,NA,832cb04e-f762-11e1-a439-00145eb45e9a,FTG,Herbarium,20,03,LAS TERRENAS,032003,874cf3cddffffff
B2607DCC-3F57-4E13-9FA4-7AF6F8DD4C1B,122966928,Lantana involucrata,Lantana involucrata L.,Verbenaceae,Lantana,SPECIES,PRESERVED_SPECIMEN,1984-03-21,1984,-69.5167,19.3167,NA,832cb04e-f762-11e1-a439-00145eb45e9a,FTG,Herbarium,20,03,LAS TERRENAS,032003,874cf3cc3ffffff
B54B312B-0EC1-4FF0-9636-CC79EA5A2A80,123009995,Rubioideae Bremek. ex Verdc.,Rubioideae Bremek. ex Verdc.,Rubiaceae,,SUBFAMILY,PRESERVED_SPECIMEN,1981-11-11,1981,-69.5167,19.3167,NA,832cb04e-f762-11e1-a439-00145eb45e9a,FTG,Herbarium,20,03,LAS TERRENAS,032003,874cf3cc3ffffff
CIBIMAIBC_ALG_1301,5084958535,Amansia multifida,Amansia multifida J. V. F. Lamouroux,Rhodomelaceae,Amansia,SPECIES,PRESERVED_SPECIMEN,2013-11-13,2013,-69.491686,19.317167,9,a802a258-7307-42da-bb9a-1b1ca1757a4f,,,20,03,LAS TERRENAS,032003,874cf3cceffffff
CIBIMAIBC_ALG_1908,5243338347,Anadyomene stellata,Anadyomene stellata (Wulfen) C. Agardh,Anadyomenaceae,Anadyomene,SPECIES,PRESERVED_SPECIMEN,2013-10-04,2013,-69.605444,19.296056,10,a802a258-7307-42da-bb9a-1b1ca1757a4f,,,20,03,LAS TERRENAS,032003,874cf352affffff
CIBIMAIBC_ALG_1909,5243338349,Anadyomene stellata,Anadyomene stellata (Wulfen) C. Agardh,Anadyomenaceae,Anadyomene,SPECIES,PRESERVED_SPECIMEN,2013-11-13,2013,-69.491686,19.317167,9,a802a258-7307-42da-bb9a-1b1ca1757a4f,,,20,03,LAS TERRENAS,032003,874cf3cceffffff
D37F2266-5D38-4DF5-8B7D-20973338CF0F,122966905,Laportea aestuans,Laportea aestuans (L.) Chew,Urticaceae,Laportea,SPECIES,PRESERVED_SPECIMEN,1981-11-05,1981,-69.55,19.2833,NA,832cb04e-f762-11e1-a439-00145eb45e9a,FTG,Herbarium,20,03,LAS TERRENAS,032003,874cf3574ffffff
E6D76666-D606-4995-AD7E-47CF2F844D53,122997056,Rhizophora mangle,Rhizophora mangle L.,Rhizophoraceae,Rhizophora,SPECIES,PRESERVED_SPECIMEN,1984-05-09,1984,-69.5833,19.3,NA,832cb04e-f762-11e1-a439-00145eb45e9a,FTG,Herbarium,20,03,LAS TERRENAS,032003,874cf3528ffffff
EA5F50CA-5FEA-4F09-9682-D782656AE59B,216054007,Ipomoea imperati,Ipomoea stolonifera (Cirillo) J.F.Gmel.,Convolvulaceae,Ipomoea,SPECIES,PRESERVED_SPECIMEN,1981-11-04,1981,-69.5,19.3181,NA,832cb04e-f762-11e1-a439-00145eb45e9a,FTG,Herbarium,20,03,LAS TERRENAS,032003,874cf3cceffffff
EC49DFC9-2773-4132-9EC8-F10D28E1841C,1503218890,Nectandra globosa,Nectandra globosa (Aubl.) Mez,Lauraceae,Nectandra,SPECIES,PRESERVED_SPECIMEN,1985-04-08,1985,-69.5,19.3,NA,af1b4db0-c8ce-4a95-b700-8a6a02bed9d6,USF,Herb,20,03,LAS TERRENAS,032003,874cf3ccaffffff
ED70C097-CF87-40F4-A4C7-CB966A93EDCF,122996553,Rhizophora mangle,Rhizophora mangle L.,Rhizophoraceae,Rhizophora,SPECIES,PRESERVED_SPECIMEN,1996-03-01,1996,-69.55,19.3167,NA,832cb04e-f762-11e1-a439-00145eb45e9a,FTG,Herbarium,20,03,LAS TERRENAS,032003,874cf3cdeffffff
F1A7CC5D-1F3E-478E-A612-6478CAE5A0A3,1503218747,Sophora tomentosa,Sophora tomentosa L.,Fabaceae,Sophora,SPECIES,PRESERVED_SPECIMEN,1984-05-09,1984,-69.5833,19.3,NA,af1b4db0-c8ce-4a95-b700-8a6a02bed9d6,USF,Herb,20,03,LAS TERRENAS,032003,874cf3528ffffff
F5C4E39D-EA4E-4E77-B2F9-7B13C4CCECF5,122987885,Piper glabrescens,Piper glabrescens (Miq.) C.DC.,Piperaceae,Piper,SPECIES,PRESERVED_SPECIMEN,1982-05-18,1982,-69.5083,19.3,NA,832cb04e-f762-11e1-a439-00145eb45e9a,FTG,Herbarium,20,03,LAS TERRENAS,032003,874cf3cddffffff
FDCE9BA6-2268-4ADC-817C-E23D8E8A92DE,1503218703,Annona glabra,Annona glabra L.,Annonaceae,Annona,SPECIES,PRESERVED_SPECIMEN,1984-05-09,1984,-69.5833,19.3,NA,af1b4db0-c8ce-4a95-b700-8a6a02bed9d6,USF,Herb,20,03,LAS TERRENAS,032003,874cf3528ffffff
S:VascularPlants:S17-19941,2618584150,Hebeclinium macrophyllum,Hebeclinium macrophyllum (L.) DC.,Asteraceae,Hebeclinium,SPECIES,PRESERVED_SPECIMEN,1981-11-03,1981,-69.508333,19.3,NA,0943f690-fde5-11dd-83f4-b8a03c50a862,S,VascularPlants,20,03,LAS TERRENAS,032003,874cf3cddffffff
UCJEPS:UC:UC1954455,4857047208,Dendropemon bicolor,Dendropemon bicolor Krug & Urb.,Loranthaceae,Dendropemon,SPECIES,PRESERVED_SPECIMEN,1981-11-04,1981,-69.516667,19.316667,NA,83a49751-4282-481e-a847-1c5c224a0551,,UC,20,03,LAS TERRENAS,032003,874cf3cc3ffffff
UCJEPS:UC:UC1960299,4856865964,Dendrophthora marmeladensis,Dendrophthora marmeladensis Urb.,Viscaceae,Dendrophthora,SPECIES,PRESERVED_SPECIMEN,1981-11-04,1981,-69.5,19.325,NA,83a49751-4282-481e-a847-1c5c224a0551,,UC,20,03,LAS TERRENAS,032003,874cf3cc1ffffff
a092894b-01a1-48f3-9f35-80faabca7155,1930035162,Euphorbia mesembryanthemifolia,Euphorbia mesembryanthemifolia Jacq.,Euphorbiaceae,Euphorbia,SPECIES,PRESERVED_SPECIMEN,1981-11-04,1981,-69.5,19.325,NA,d415c253-4d61-4459-9d25-4015b9084fb0,NY,NY,20,03,LAS TERRENAS,032003,874cf3cc1ffffff
a140e8a5-e63b-40ac-a015-a40523ef9af2,1930044343,Annona glabra,Annona glabra L.,Annonaceae,Annona,SPECIES,PRESERVED_SPECIMEN,1984-05-09,1984,-69.58,19.3,NA,d415c253-4d61-4459-9d25-4015b9084fb0,NY,NY,20,03,LAS TERRENAS,032003,874cf3528ffffff
a22105a4-45b1-43d3-89a5-ecc9ea677590,1930056843,Cantinoa americana,Hyptis americana (Aubl.) Urb.,Lamiaceae,Cantinoa,SPECIES,PRESERVED_SPECIMEN,1981-11-03,1981,-69.5083,19.3,NA,d415c253-4d61-4459-9d25-4015b9084fb0,NY,NY,20,03,LAS TERRENAS,032003,874cf3cddffffff
a4d75b83-b564-42bc-9537-7124805abfee,1930097993,Cyperus obtusatus,Cyperus peruvianus F.N.Williams,Cyperaceae,Cyperus,SPECIES,PRESERVED_SPECIMEN,1984-05-09,1984,-69.58,19.3,NA,d415c253-4d61-4459-9d25-4015b9084fb0,NY,NY,20,03,LAS TERRENAS,032003,874cf3528ffffff
a5b506b4-0e69-4cfb-9c64-fce4259b7fce,1930109989,Cordia sulcata,Cordia sulcata A.DC.,Cordiaceae,Cordia,SPECIES,PRESERVED_SPECIMEN,1981-11-05,1981,-69.55,19.28,NA,d415c253-4d61-4459-9d25-4015b9084fb0,NY,NY,20,03,LAS TERRENAS,032003,874cf3574ffffff
a7c56ecb-342e-4c3d-948d-28f73ac0ff3c,1930138681,Eleocharis R.Br.,Eleocharis R.Br.,Cyperaceae,Eleocharis,GENUS,PRESERVED_SPECIMEN,1981-11-04,1981,-69.5,19.325,NA,d415c253-4d61-4459-9d25-4015b9084fb0,NY,NY,20,03,LAS TERRENAS,032003,874cf3cc1ffffff
a9b4bca8-6927-4f5b-970a-01e837e7fb5e,1930167390,Stachytarpheta cayennensis,Stachytarpheta cayennensis (Rich.) Vahl,Verbenaceae,Stachytarpheta,SPECIES,PRESERVED_SPECIMEN,1981-11-04,1981,-69.5,19.325,NA,d415c253-4d61-4459-9d25-4015b9084fb0,NY,NY,20,03,LAS TERRENAS,032003,874cf3cc1ffffff
ab7179ea-a49b-44a8-a9d1-fd94e5639a9f,1930191004,Nectandra hihua,Nectandra hihua (Ruiz & Pav.) Rohwer,Lauraceae,Nectandra,SPECIES,PRESERVED_SPECIMEN,1982-03-16,1982,-69.52,19.32,NA,d415c253-4d61-4459-9d25-4015b9084fb0,NY,NY,20,03,LAS TERRENAS,032003,874cf3cc3ffffff
acc91bfc-f038-4655-bfa5-15b4ff145a66,1930210473,Piper glabrescens,Piper glabrescens (Miq.) C.DC.,Piperaceae,Piper,SPECIES,PRESERVED_SPECIMEN,1982-05-18,1982,-69.5083,19.3,NA,d415c253-4d61-4459-9d25-4015b9084fb0,NY,NY,20,03,LAS TERRENAS,032003,874cf3cddffffff
adfc69e3-3f27-40f8-8ec6-70391c893214,1930227613,Passiflora suberosa,Passiflora suberosa subsp. suberosa,Passifloraceae,Passiflora,SUBSPECIES,PRESERVED_SPECIMEN,1981-11-04,1981,-69.52,19.32,NA,d415c253-4d61-4459-9d25-4015b9084fb0,NY,NY,20,03,LAS TERRENAS,032003,874cf3cc3ffffff
af339557-6860-41c3-8d3a-f04693e6876d,1930244144,Tillandsia fasciculata,Tillandsia fasciculata Sw.,Bromeliaceae,Tillandsia,SPECIES,PRESERVED_SPECIMEN,1981-11-04,1981,-69.52,19.32,NA,d415c253-4d61-4459-9d25-4015b9084fb0,NY,NY,20,03,LAS TERRENAS,032003,874cf3cc3ffffff
b04a56a4-9a01-4fff-82ab-4a090a9907f1,1930259820,Fimbristylis cymosa,Fimbristylis cymosa R.Br.,Cyperaceae,Fimbristylis,SPECIES,PRESERVED_SPECIMEN,1984-05-09,1984,-69.58,19.3,NA,d415c253-4d61-4459-9d25-4015b9084fb0,NY,NY,20,03,LAS TERRENAS,032003,874cf3528ffffff
b25a28e0-cd35-49dd-a193-165e4296a021,1930289327,Chryso-hypnum diminutivum,Chryso-hypnum diminutivum (Hampe) W.R. Buck,Hypnaceae,Chryso-hypnum,SPECIES,PRESERVED_SPECIMEN,1982-05-18,1982,-69.52,19.3,NA,d415c253-4d61-4459-9d25-4015b9084fb0,NY,NY,20,03,LAS TERRENAS,032003,874cf3cddffffff
b3f2cb71-e13c-45c1-b26b-437809ae954b,1930311322,Palicourea justiciifolia,Psychotria nervosa Benth.,Rubiaceae,Palicourea,SPECIES,PRESERVED_SPECIMEN,1984-05-09,1984,-69.58,19.3,NA,d415c253-4d61-4459-9d25-4015b9084fb0,NY,NY,20,03,LAS TERRENAS,032003,874cf3528ffffff
b5eb6ee4-8c67-4550-a592-95cd327d4524,1930338894,Andira inermis,Andira inermis (W.Wright) Kunth ex DC.,Fabaceae,Andira,SPECIES,PRESERVED_SPECIMEN,1981-11-04,1981,-69.52,19.32,NA,d415c253-4d61-4459-9d25-4015b9084fb0,NY,NY,20,03,LAS TERRENAS,032003,874cf3cc3ffffff
b5f74b50-6ab8-4754-b498-ae745f3ae289,1930339061,Taxithelium planum,Taxithelium planum (Brid.) Mitt.,Pylaisiadelphaceae,Taxithelium,SPECIES,PRESERVED_SPECIMEN,1981-11-03,1981,-69.508333,19.3,NA,d415c253-4d61-4459-9d25-4015b9084fb0,NY,NY,20,03,LAS TERRENAS,032003,874cf3cddffffff
b6c47b32-0ecb-4a5e-9721-20a3a46cf591,1930350593,Mucura bipinnata,Dennstaedtia bipinnata (Cav.) Maxon,Dennstaedtiaceae,Mucura,SPECIES,PRESERVED_SPECIMEN,1982-05-18,1982,-69.5083,19.3,NA,d415c253-4d61-4459-9d25-4015b9084fb0,NY,NY,20,03,LAS TERRENAS,032003,874cf3cddffffff
b7d74c64-1d31-4da0-b4d1-85e63724416c,1930366253,Rhizophora mangle,Rhizophora mangle L.,Rhizophoraceae,Rhizophora,SPECIES,PRESERVED_SPECIMEN,1984-05-09,1984,-69.58,19.3,NA,d415c253-4d61-4459-9d25-4015b9084fb0,NY,NY,20,03,LAS TERRENAS,032003,874cf3528ffffff
b7ec7cc8-37f5-42c1-9bc6-6b57d1999263,1930367448,Tectaria cicutaria,Tectaria cicutaria (L.) Copel.,Tectariaceae,Tectaria,SPECIES,PRESERVED_SPECIMEN,1981-11-03,1981,-69.5083,19.3,NA,d415c253-4d61-4459-9d25-4015b9084fb0,NY,NY,20,03,LAS TERRENAS,032003,874cf3cddffffff
b84083af-756a-44aa-845d-399b6f468c72,1930373217,Adiantum tenerum,Adiantum tenerum Sw.,Pteridaceae,Adiantum,SPECIES,PRESERVED_SPECIMEN,1981-11-04,1981,-69.52,19.32,NA,d415c253-4d61-4459-9d25-4015b9084fb0,NY,NY,20,03,LAS TERRENAS,032003,874cf3cc3ffffff
b9c822e8-8b8b-4ebb-9a2c-e35b967ea8e6,1930393972,Hebeclinium macrophyllum,Hebeclinium macrophyllum (L.) DC.,Asteraceae,Hebeclinium,SPECIES,PRESERVED_SPECIMEN,1981-11-03,1981,-69.5083,19.3,NA,d415c253-4d61-4459-9d25-4015b9084fb0,NY,NY,20,03,LAS TERRENAS,032003,874cf3cddffffff
ba9b85ae-3888-40a2-8405-1f1164cb7e7b,1930405794,Calymperes lonchophyllum,Calymperes lonchophyllum Schwägr.,Calymperaceae,Calymperes,SPECIES,PRESERVED_SPECIMEN,1982-05-18,1982,-69.5083,19.3,NA,d415c253-4d61-4459-9d25-4015b9084fb0,NY,NY,20,03,LAS TERRENAS,032003,874cf3cddffffff
bbe5cb38-9223-4003-aaec-d3d92874afbf,1930424788,Vesicularia vesicularis,Vesicularia vesicularis var. rutilans (Brid.) W.R. Buck,Hypnaceae,Vesicularia,VARIETY,PRESERVED_SPECIMEN,1981-11-03,1981,-69.508333,19.3,NA,d415c253-4d61-4459-9d25-4015b9084fb0,NY,NY,20,03,LAS TERRENAS,032003,874cf3cddffffff
bd62ba7e-411e-4593-8056-f54eb21acb60,1930445267,Wallenia laurifolia,Wallenia laurifolia (Jacq.) Sw.,Primulaceae,Wallenia,SPECIES,PRESERVED_SPECIMEN,1984-05-09,1984,-69.58,19.3,NA,d415c253-4d61-4459-9d25-4015b9084fb0,NY,NY,20,03,LAS TERRENAS,032003,874cf3528ffffff
bdbef2fd-9437-45ca-b906-2a462b28e25f,1930450615,Goniopteris hildae,Thelypteris hildae Proctor,Thelypteridaceae,Goniopteris,SPECIES,PRESERVED_SPECIMEN,1981-11-03,1981,-69.5083,19.3,NA,d415c253-4d61-4459-9d25-4015b9084fb0,NY,NY,20,03,LAS TERRENAS,032003,874cf3cddffffff
bf0b3ebf-6e3e-4627-b971-2fa809169171,1930468371,Sphagneticola trilobata,Sphagneticola trilobata (L.) Pruski,Asteraceae,Sphagneticola,SPECIES,PRESERVED_SPECIMEN,1981-11-04,1981,-69.5,19.325,NA,d415c253-4d61-4459-9d25-4015b9084fb0,NY,NY,20,03,LAS TERRENAS,032003,874cf3cc1ffffff
c60e9e7b-3ed7-4102-8c7a-e7aab9a6c572,1930567618,Cyclopeltis semicordata,Cyclopeltis semicordata (Sw.) J.Sm.,Lomariopsidaceae,Cyclopeltis,SPECIES,PRESERVED_SPECIMEN,1981-11-03,1981,-69.5083,19.3,NA,d415c253-4d61-4459-9d25-4015b9084fb0,NY,NY,20,03,LAS TERRENAS,032003,874cf3cddffffff
c7135e96-b8d5-46a6-9b61-0154b87be0a5,1930581869,Hymenophyllum Sm.,Hymenophyllum Sm.,Hymenophyllaceae,Hymenophyllum,GENUS,PRESERVED_SPECIMEN,1981-11-04,1981,-69.5083,19.3,NA,d415c253-4d61-4459-9d25-4015b9084fb0,NY,NY,20,03,LAS TERRENAS,032003,874cf3cddffffff
c907b7ce-514c-452c-a011-4d7c436f0b7a,1930609823,Pseudocryphaea domingensis,Pseudocryphaea domingensis (Spreng.) W.R. Buck,Rutenbergiaceae,Pseudocryphaea,SPECIES,PRESERVED_SPECIMEN,1982-05-18,1982,-69.52,19.3,NA,d415c253-4d61-4459-9d25-4015b9084fb0,NY,NY,20,03,LAS TERRENAS,032003,874cf3cddffffff
ca7ff3c3-b02d-4a07-9cab-4e6340f3c88f,1930630126,Ocimum gratissimum,Ocimum gratissimum L.,Lamiaceae,Ocimum,SPECIES,PRESERVED_SPECIMEN,1981-11-03,1981,-69.5083,19.3,NA,d415c253-4d61-4459-9d25-4015b9084fb0,NY,NY,20,03,LAS TERRENAS,032003,874cf3cddffffff
cbd440e7-e1dd-49e8-9d08-d5751b9ea9e6,1930648749,Hevea brasiliensis,Hevea brasiliensis (Willd. ex A.Juss.) Müll.Arg.,Euphorbiaceae,Hevea,SPECIES,PRESERVED_SPECIMEN,1984-03-21,1984,-69.55,19.3,NA,d415c253-4d61-4459-9d25-4015b9084fb0,NY,NY,20,03,LAS TERRENAS,032003,874cf3cdaffffff
cc88a991-0591-42f4-b7c1-0a9fab0e8d8d,1930658646,Haplocladium microphyllum,Haplocladium microphyllum (Hedw.) Broth.,Leskeaceae,Haplocladium,SPECIES,PRESERVED_SPECIMEN,1982-05-18,1982,-69.52,19.3,NA,d415c253-4d61-4459-9d25-4015b9084fb0,NY,NY,20,03,LAS TERRENAS,032003,874cf3cddffffff
ccbdd891-ec68-40dd-b242-17bf48ef8837,4433390616,Neckeropsis undulata,Neckeropsis undulata (Hedw.) Reichardt,Neckeraceae,Neckeropsis,SPECIES,PRESERVED_SPECIMEN,1978-07-21,1978,-69.5524,19.301642,3328,ad004988-7cbf-4af7-9cdb-d7500cc025f2,FLAS,,20,03,LAS TERRENAS,032003,874cf3cdaffffff
cdd14868-e2ba-4a73-a481-e6858cbde417,1930677138,Cyperus polystachyos,Cyperus polystachyos Rottb.,Cyperaceae,Cyperus,SPECIES,PRESERVED_SPECIMEN,1984-05-09,1984,-69.58,19.3,NA,d415c253-4d61-4459-9d25-4015b9084fb0,NY,NY,20,03,LAS TERRENAS,032003,874cf3528ffffff
cf74902f-f147-44b1-b869-f6609c386279,1930699576,Pavonia paludicola,Pavonia paludicola Nicolson ex Fryxell,Malvaceae,Pavonia,SPECIES,PRESERVED_SPECIMEN,1981-11-04,1981,-69.52,19.32,NA,d415c253-4d61-4459-9d25-4015b9084fb0,NY,NY,20,03,LAS TERRENAS,032003,874cf3cc3ffffff
d0f05e34-f018-45cf-914b-4e71f357f753,1930720948,Bixa orellana,Bixa orellana L.,Bixaceae,Bixa,SPECIES,PRESERVED_SPECIMEN,1981-11-04,1981,-69.52,19.32,NA,d415c253-4d61-4459-9d25-4015b9084fb0,NY,NY,20,03,LAS TERRENAS,032003,874cf3cc3ffffff
d115daea-229b-4df5-9b6d-83b4a326b8b7,1457815218,Miconia pyramidalis,Miconia pyramidalis (Desr.) DC.,Melastomataceae,Miconia,SPECIES,PRESERVED_SPECIMEN,1982-05-18,1982,-69.508333,19.3,NA,b89d52a2-861d-4388-adad-c0da3d55fc78,UF,,20,03,LAS TERRENAS,032003,874cf3cddffffff
d1d19a0b-f3f0-4019-8158-4e95990d7af6,1930734740,Clerodendrum laevifolium,Clerodendrum wallichii Merr.,Lamiaceae,Clerodendrum,SPECIES,PRESERVED_SPECIMEN,1981-11-05,1981,-69.5583,19.275,NA,d415c253-4d61-4459-9d25-4015b9084fb0,NY,NY,20,03,LAS TERRENAS,032003,874cf3574ffffff
d1f35dce-2a62-4a30-8667-01f71682ecae,1930734962,Dalbergia ecastaphyllum,Dalbergia ecastaphyllum (L.) Taub.,Fabaceae,Dalbergia,SPECIES,PRESERVED_SPECIMEN,1981-11-04,1981,-69.5,19.325,NA,d415c253-4d61-4459-9d25-4015b9084fb0,NY,NY,20,03,LAS TERRENAS,032003,874cf3cc1ffffff
d2b555e7-a90a-4642-b75d-08f98560da0e,1930745917,Mucura bipinnata,Dennstaedtia bipinnata (Cav.) Maxon,Dennstaedtiaceae,Mucura,SPECIES,PRESERVED_SPECIMEN,1982-05-18,1982,-69.5083,19.3,NA,d415c253-4d61-4459-9d25-4015b9084fb0,NY,NY,20,03,LAS TERRENAS,032003,874cf3cddffffff
d2e39f5a-50ac-4211-a97e-2de446442a0a,4433390612,Neckeropsis undulata,Neckeropsis undulata (Hedw.) Reichardt,Neckeraceae,Neckeropsis,SPECIES,PRESERVED_SPECIMEN,1978-07-21,1978,-69.5524,19.301642,3328,ad004988-7cbf-4af7-9cdb-d7500cc025f2,FLAS,,20,03,LAS TERRENAS,032003,874cf3cdaffffff
d70bd6d6-0665-482c-b32c-c35219c7863e,1930807275,Fissidens elegans,Fissidens elegans Brid.,Fissidentaceae,Fissidens,SPECIES,PRESERVED_SPECIMEN,1981-11-03,1981,-69.5083,19.3,NA,d415c253-4d61-4459-9d25-4015b9084fb0,NY,NY,20,03,LAS TERRENAS,032003,874cf3cddffffff
d7efd506-f4ea-4515-a09b-a82c838bfba8,4515858720,Philonotis uncinata,Philonotis uncinata (Schwägr.) Brid.,Bartramiaceae,Philonotis,SPECIES,PRESERVED_SPECIMEN,1978-07-21,1978,-69.5524,19.301642,3328,ad004988-7cbf-4af7-9cdb-d7500cc025f2,FLAS,,20,03,LAS TERRENAS,032003,874cf3cdaffffff
d8172ae6-4d87-4a90-a342-ca48438dcccb,1930822505,Ruellia blechum,Ruellia blechum L.,Acanthaceae,Ruellia,SPECIES,PRESERVED_SPECIMEN,1984-05-09,1984,-69.58,19.3,NA,d415c253-4d61-4459-9d25-4015b9084fb0,NY,NY,20,03,LAS TERRENAS,032003,874cf3528ffffff
daccfccc-9932-4ad9-8838-b5202cced048,1930860582,Rhynchospora colorata,Rhynchospora colorata (L.) H.Pfeiff.,Cyperaceae,Rhynchospora,SPECIES,PRESERVED_SPECIMEN,1981-11-04,1981,-69.5,19.325,NA,d415c253-4d61-4459-9d25-4015b9084fb0,NY,NY,20,03,LAS TERRENAS,032003,874cf3cc1ffffff
db8fea76-aa8e-4f35-81ba-39bba35bba3b,1930870698,Callicostella depressa,Callicostella depressa (Hedw.) A. Jaeger,Callicostaceae,Callicostella,SPECIES,PRESERVED_SPECIMEN,1981-11-03,1981,-69.5083,19.3,NA,d415c253-4d61-4459-9d25-4015b9084fb0,NY,NY,20,03,LAS TERRENAS,032003,874cf3cddffffff
ddab7eae-923f-41e4-b5f3-b501aeb293ea,1930902103,Cissus verticillata,Cissus verticillata (L.) Nicolson & C.E.Jarvis,Vitaceae,Cissus,SPECIES,PRESERVED_SPECIMEN,1981-11-04,1981,-69.52,19.32,NA,d415c253-4d61-4459-9d25-4015b9084fb0,NY,NY,20,03,LAS TERRENAS,032003,874cf3cc3ffffff
de8c1c74-06f8-4a9f-8222-635e384a6ac6,1930913788,Entada polystachia,Entada polystachia (L.) DC.,Fabaceae,Entada,SPECIES,PRESERVED_SPECIMEN,1981-11-02,1981,-69.55,19.28,NA,d415c253-4d61-4459-9d25-4015b9084fb0,NY,NY,20,03,LAS TERRENAS,032003,874cf3574ffffff
def14aee-93d6-41af-8b16-963fa6316b05,1930919389,Ctenitis nemorosa,Ctenitis nemorosa (Willd.) Ching,Dryopteridaceae,Ctenitis,SPECIES,PRESERVED_SPECIMEN,1981-11-03,1981,-69.5083,19.3,NA,d415c253-4d61-4459-9d25-4015b9084fb0,NY,NY,20,03,LAS TERRENAS,032003,874cf3cddffffff
dfee1c62-b83c-4669-9421-bb869c43a707,1930933649,Piper jacquemontianum,Piper jacquemontianum (Kunth) Kunth ex Steud.,Piperaceae,Piper,SPECIES,PRESERVED_SPECIMEN,1981-11-03,1981,-69.5083,19.3,NA,d415c253-4d61-4459-9d25-4015b9084fb0,NY,NY,20,03,LAS TERRENAS,032003,874cf3cddffffff
e01859be-ea01-4e62-bc0e-60fbf6087709,1930936036,Ocotea leucoxylon,Ocotea leucoxylon (Sw.) Mez,Lauraceae,Ocotea,SPECIES,PRESERVED_SPECIMEN,1981-11-03,1981,-69.5083,19.3,NA,d415c253-4d61-4459-9d25-4015b9084fb0,NY,NY,20,03,LAS TERRENAS,032003,874cf3cddffffff
e5edc714-06ac-4177-9e4e-275f021662e9,1931018267,Passiflora suberosa,Passiflora suberosa L.,Passifloraceae,Passiflora,SPECIES,PRESERVED_SPECIMEN,1981-11-04,1981,-69.5,19.325,NA,d415c253-4d61-4459-9d25-4015b9084fb0,NY,NY,20,03,LAS TERRENAS,032003,874cf3cc1ffffff
e7f48dcd-72b3-49e3-ba3a-396aafa045c5,1931046483,Nectandra hihua,Nectandra hihua (Ruiz & Pav.) Rohwer,Lauraceae,Nectandra,SPECIES,PRESERVED_SPECIMEN,1984-05-10,1984,-69.58,19.3,NA,d415c253-4d61-4459-9d25-4015b9084fb0,NY,NY,20,03,LAS TERRENAS,032003,874cf3528ffffff
ea44103e-fee8-4901-b9b7-9e173f0e33b4,1931078961,Pinus caribaea,Pinus caribaea Morelet,Pinaceae,Pinus,SPECIES,PRESERVED_SPECIMEN,1981-11-04,1981,-69.52,19.32,NA,d415c253-4d61-4459-9d25-4015b9084fb0,NY,NY,20,03,LAS TERRENAS,032003,874cf3cc3ffffff
ec9ceb5d-6fa7-4a8f-9ec5-60cbd7baddd9,1931112137,Hymenophyllum Sm.,Hymenophyllum Sm.,Hymenophyllaceae,Hymenophyllum,GENUS,PRESERVED_SPECIMEN,1981-11-04,1981,-69.5083,19.3,NA,d415c253-4d61-4459-9d25-4015b9084fb0,NY,NY,20,03,LAS TERRENAS,032003,874cf3cddffffff
ee6e1273-cd53-49e5-8f62-8095978b6af7,1931137421,Adiantum tenerum,Adiantum tenerum Sw.,Pteridaceae,Adiantum,SPECIES,PRESERVED_SPECIMEN,1981-11-03,1981,-69.5083,19.3,NA,d415c253-4d61-4459-9d25-4015b9084fb0,NY,NY,20,03,LAS TERRENAS,032003,874cf3cddffffff
f19d84af-349a-43a4-9624-7a71ebd8dd63,1931181995,Calymperes lonchophyllum,Calymperes lonchophyllum Schwägr.,Calymperaceae,Calymperes,SPECIES,PRESERVED_SPECIMEN,1981-11-03,1981,-69.5083,19.3,NA,d415c253-4d61-4459-9d25-4015b9084fb0,NY,NY,20,03,LAS TERRENAS,032003,874cf3cddffffff
f4532e0f-2dbe-4904-8496-1fee1ded94e1,1931222532,Casearia aculeata,Casearia aculeata Jacq.,Salicaceae,Casearia,SPECIES,PRESERVED_SPECIMEN,1982-05-18,1982,-69.5083,19.3,NA,d415c253-4d61-4459-9d25-4015b9084fb0,NY,NY,20,03,LAS TERRENAS,032003,874cf3cddffffff
f56794b2-de2c-4dac-8a4c-dbd923fa8536,1304605944,Solanum mammosum,Solanum mammosum L.,Solanaceae,Solanum,SPECIES,OCCURRENCE,1982-05-18,1982,-69.516667,19.3,NA,07044577-bd82-4089-9f3a-f4a9d2170b2e,Bioversity,,20,03,LAS TERRENAS,032003,874cf3cddffffff
f5dc043b-b185-4c33-82e4-b40afbaf0cfa,1931242505,Ctenitis hirta,Ctenitis hirta (Sw.) Ching,Dryopteridaceae,Ctenitis,SPECIES,PRESERVED_SPECIMEN,1982-05-18,1982,-69.5083,19.3,NA,d415c253-4d61-4459-9d25-4015b9084fb0,NY,NY,20,03,LAS TERRENAS,032003,874cf3cddffffff
f612be49-a1fa-4565-bc26-9dad14a48bab,1931245322,Chrysobalanus icaco,Chrysobalanus icaco L.,Chrysobalanaceae,Chrysobalanus,SPECIES,PRESERVED_SPECIMEN,1981-11-04,1981,-69.5,19.325,NA,d415c253-4d61-4459-9d25-4015b9084fb0,NY,NY,20,03,LAS TERRENAS,032003,874cf3cc1ffffff
f6c7494e-4c5b-4518-a9d2-99ecf6b11006,1931254932,Cyperus tibialis,Cyperus tibialis (Poit. ex Ledeb. & Adlerstam) Govaerts,Cyperaceae,Cyperus,SPECIES,PRESERVED_SPECIMEN,1984-05-09,1984,-69.58,19.3,NA,d415c253-4d61-4459-9d25-4015b9084fb0,NY,NY,20,03,LAS TERRENAS,032003,874cf3528ffffff
f88b4ebc-f7d6-4340-96c7-af48989ddf08,1457828747,Miconia hispidula,"Miconia hispidula (Cogn.) Judd, Bécquer & Majure",Melastomataceae,Miconia,SPECIES,PRESERVED_SPECIMEN,1981-11-04,1981,-69.516667,19.316667,NA,b89d52a2-861d-4388-adad-c0da3d55fc78,UF,,20,03,LAS TERRENAS,032003,874cf3cc3ffffff
f8988835-c961-48b0-a46b-c5a6d91c6fc4,1931281078,Fimbristylis Vahl,Fimbristylis Vahl,Cyperaceae,Fimbristylis,GENUS,PRESERVED_SPECIMEN,1984-05-09,1984,-69.58,19.3,NA,d415c253-4d61-4459-9d25-4015b9084fb0,NY,NY,20,03,LAS TERRENAS,032003,874cf3528ffffff
f9a4b458-e64b-496c-8c76-69521a51e410,1931295654,Hexasepalum serrulatum,Diodia serrulata (P.Beauv.) G.Taylor,Rubiaceae,Hexasepalum,SPECIES,PRESERVED_SPECIMEN,1984-05-09,1984,-69.58,19.3,NA,d415c253-4d61-4459-9d25-4015b9084fb0,NY,NY,20,03,LAS TERRENAS,032003,874cf3528ffffff
fb10b487-50d4-4355-bcea-5226494fcc43,1931317074,Rhynchospora colorata,Rhynchospora colorata (L.) H.Pfeiff.,Cyperaceae,Rhynchospora,SPECIES,PRESERVED_SPECIMEN,1981-11-04,1981,-69.5,19.325,NA,d415c253-4d61-4459-9d25-4015b9084fb0,NY,NY,20,03,LAS TERRENAS,032003,874cf3cc1ffffff
fb1ef284-0bde-4979-89fd-9ef3440e2eb9,1931317949,Lomariopsis kunzeana,Lomariopsis kunzeana (C.Presl ex Underw.) Holttum,Lomariopsidaceae,Lomariopsis,SPECIES,PRESERVED_SPECIMEN,1981-11-03,1981,-69.5083,19.3,NA,d415c253-4d61-4459-9d25-4015b9084fb0,NY,NY,20,03,LAS TERRENAS,032003,874cf3cddffffff
fb6d80ef-2c70-4e1c-9091-2ea9d0018b52,1931320575,Heliotropium glabrum,Tournefortia glabra L.,Heliotropiaceae,Heliotropium,SPECIES,PRESERVED_SPECIMEN,1981-11-03,1981,-69.5083,19.3,NA,d415c253-4d61-4459-9d25-4015b9084fb0,NY,NY,20,03,LAS TERRENAS,032003,874cf3cddffffff
fc71c1a8-0fdb-4790-b221-b0675963e271,1931334954,Pterocarpus officinalis,Pterocarpus officinalis Jacq.,Fabaceae,Pterocarpus,SPECIES,PRESERVED_SPECIMEN,1984-05-10,1984,-69.58,19.3,NA,d415c253-4d61-4459-9d25-4015b9084fb0,NY,NY,20,03,LAS TERRENAS,032003,874cf3528ffffff
fea0db48-5679-497b-bfc1-7340af3f59c5,1931365276,Didymoglossum reptans,Trichomanes reptans Sw.,Hymenophyllaceae,Didymoglossum,SPECIES,PRESERVED_SPECIMEN,1981-11-04,1981,-69.5083,19.3,NA,d415c253-4d61-4459-9d25-4015b9084fb0,NY,NY,20,03,LAS TERRENAS,032003,874cf3cddffffff
ff9dfc0f-a3b5-452c-80ba-8a6593ee98f1,1931382569,Adiantum tetraphyllum,Adiantum tetraphyllum Humb. & Bonpl. ex Willd.,Pteridaceae,Adiantum,SPECIES,PRESERVED_SPECIMEN,1981-11-03,1981,-69.5083,19.3,NA,d415c253-4d61-4459-9d25-4015b9084fb0,NY,NY,20,03,LAS TERRENAS,032003,874cf3cddffffff
ffb47dd9-72a4-4c01-99bf-94f3a660fe89,1931378906,Fissidens elegans,Fissidens elegans Brid.,Fissidentaceae,Fissidens,SPECIES,PRESERVED_SPECIMEN,1982-05-18,1982,-69.47,19.3,NA,d415c253-4d61-4459-9d25-4015b9084fb0,NY,NY,20,03,LAS TERRENAS,032003,874cf3cc8ffffff
http://n2t.net/ark:/65665/305ae416f-b339-4038-9ce2-efa098bdccd9,1317330977,Catopsis floribunda,Catopsis floribunda L.B.Sm.,Bromeliaceae,Catopsis,SPECIES,PRESERVED_SPECIMEN,1981-11-05,1981,-69.5667,19.2667,NA,821cc27a-e3bb-4bc5-ac34-89ada245069d,US,US,20,03,LAS TERRENAS,032003,874cf3576ffffff
http://n2t.net/ark:/65665/30ee4de4f-c2df-4ca8-8fed-111d132cbbfa,1317538746,Rhynchospora colorata,Rhynchospora colorata (L.) H.Pfeiff.,Cyperaceae,Rhynchospora,SPECIES,PRESERVED_SPECIMEN,1984-05-09,1984,-69.58,19.3,NA,821cc27a-e3bb-4bc5-ac34-89ada245069d,US,US,20,03,LAS TERRENAS,032003,874cf3528ffffff
http://n2t.net/ark:/65665/32f7bca4d-1383-43fd-8d19-7ba6d93e5cf2,1318276058,Peperomia serpens,Peperomia serpens (Sw.) G.Don,Piperaceae,Peperomia,SPECIES,PRESERVED_SPECIMEN,1981-11-03,1981,-69.5083,19.3,NA,821cc27a-e3bb-4bc5-ac34-89ada245069d,US,US,20,03,LAS TERRENAS,032003,874cf3cddffffff
http://n2t.net/ark:/65665/3414ebb69-0d97-452b-bc8f-5f2010a5f083,1318678992,Catopsis floribunda,Catopsis floribunda L.B.Sm.,Bromeliaceae,Catopsis,SPECIES,PRESERVED_SPECIMEN,1981-11-05,1981,-69.57,19.27,NA,821cc27a-e3bb-4bc5-ac34-89ada245069d,US,US,20,03,LAS TERRENAS,032003,874cf3576ffffff
http://n2t.net/ark:/65665/3467cc83e-20fa-4984-a7ae-c0bc5be6299f,1318796462,Nectandra globosa,Ocotea globosa (Aubl.) Schltdl. & Cham.,Lauraceae,Nectandra,SPECIES,PRESERVED_SPECIMEN,1981-11-04,1981,-69.52,19.32,NA,821cc27a-e3bb-4bc5-ac34-89ada245069d,US,US,20,03,LAS TERRENAS,032003,874cf3cc3ffffff
http://n2t.net/ark:/65665/34dcd1fdb-29e5-4398-aff5-0ae3ed35782d,1318961452,Asplenium abscissum,Asplenium abscissum Willd.,Aspleniaceae,Asplenium,SPECIES,PRESERVED_SPECIMEN,1982-05-18,1982,-69.5139,19.3,NA,821cc27a-e3bb-4bc5-ac34-89ada245069d,US,US,20,03,LAS TERRENAS,032003,874cf3cddffffff
http://n2t.net/ark:/65665/3577ea59c-ec88-4125-aa04-6b95369c6285,1319180115,Gonzalagunia hirsuta,Gonzalagunia hirsuta (Jacq.) K.Schum.,Rubiaceae,Gonzalagunia,SPECIES,PRESERVED_SPECIMEN,1981-11-05,1981,-69.55,19.28,NA,821cc27a-e3bb-4bc5-ac34-89ada245069d,US,US,20,03,LAS TERRENAS,032003,874cf3574ffffff
http://n2t.net/ark:/65665/369c15df4-4419-4ad1-b7bb-93d0640ebfbe,1319593430,Anatherum glomeratum,"Andropogon glomeratus (Walter) Britton, Sterns & Poggenb.",Poaceae,Anatherum,SPECIES,PRESERVED_SPECIMEN,1981-11-04,1981,-69.5,19.325,NA,821cc27a-e3bb-4bc5-ac34-89ada245069d,US,US,20,03,LAS TERRENAS,032003,874cf3cc1ffffff
http://n2t.net/ark:/65665/37cffbbb9-7de4-4186-8e18-94a4cc3a37b3,1320028375,Urochloa eminii,Urochloa decumbens (Stapf) R.D.Webster,Poaceae,Urochloa,SPECIES,PRESERVED_SPECIMEN,1981-11-05,1981,-69.55,19.28,NA,821cc27a-e3bb-4bc5-ac34-89ada245069d,US,US,20,03,LAS TERRENAS,032003,874cf3574ffffff
http://n2t.net/ark:/65665/39bf323a9-afb4-4329-82b0-f1a70118bda0,1320727868,Cladium mariscus,Cladium jamaicense Crantz,Cyperaceae,Cladium,SPECIES,PRESERVED_SPECIMEN,1984-05-09,1984,-69.58,19.3,NA,821cc27a-e3bb-4bc5-ac34-89ada245069d,US,US,20,03,LAS TERRENAS,032003,874cf3528ffffff
http://n2t.net/ark:/65665/3b4e22384-08c2-47c6-a092-e353791acff1,1321292529,Notopleura uliginosa,Psychotria uliginosa Sw.,Rubiaceae,Notopleura,SPECIES,PRESERVED_SPECIMEN,1981-11-03,1981,-69.5083,19.3,NA,821cc27a-e3bb-4bc5-ac34-89ada245069d,US,US,20,03,LAS TERRENAS,032003,874cf3cddffffff
http://n2t.net/ark:/65665/3d77c31aa-f2f9-47e3-9a8c-8281848b9df9,1322073054,Dodonaea viscosa,Dodonaea viscosa (L.) Jacq.,Sapindaceae,Dodonaea,SPECIES,PRESERVED_SPECIMEN,1984-05-09,1984,-69.58,19.3,NA,821cc27a-e3bb-4bc5-ac34-89ada245069d,US,US,20,03,LAS TERRENAS,032003,874cf3528ffffff
http://n2t.net/ark:/65665/3dae5f397-cac0-4ef5-b018-5937b50b875e,2571485276,Piper amalago,Piper amalago L.,Piperaceae,Piper,SPECIES,PRESERVED_SPECIMEN,1984-05-10,1984,-69.58,19.3,NA,821cc27a-e3bb-4bc5-ac34-89ada245069d,US,US,20,03,LAS TERRENAS,032003,874cf3528ffffff
http://www.botanicalcollections.be/specimen/BR0000008025395,4876311871,Geophila repens,Geophila repens (L.) I.M.Johnst.,Rubiaceae,Geophila,SPECIES,PRESERVED_SPECIMEN,1910-12,1910,-69.6,19.25,NA,b740eaa0-0679-41dc-acb7-990d562dfa37,MeiseBG,BR,20,03,LAS TERRENAS,032003,874cf3509ffffff
https://data.biodiversitydata.nl/naturalis/specimen/U.1000980,2517013560,Asplenium abscissum,Asplenium abscissum Willd.,Aspleniaceae,Asplenium,SPECIES,PRESERVED_SPECIMEN,1982-05-18,1982,-69.50833,19.3,NA,15f819bd-6612-4447-854b-14d12ee1022d,,Botany,20,03,LAS TERRENAS,032003,874cf3cddffffff
https://data.biodiversitydata.nl/naturalis/specimen/U.1009159,2515267378,Diplazium plantaginifolium,Diplazium plantaginifolium (L.) Urb.,Athyriaceae,Diplazium,SPECIES,PRESERVED_SPECIMEN,1982-05-18,1982,-69.50139,19.3,NA,15f819bd-6612-4447-854b-14d12ee1022d,,Botany,20,03,LAS TERRENAS,032003,874cf3ccaffffff
https://data.biodiversitydata.nl/naturalis/specimen/U.1163264,2515414855,Heliotropium glabrum,Tournefortia glabra L.,Heliotropiaceae,Heliotropium,SPECIES,PRESERVED_SPECIMEN,1981-11-03,1981,-69.51389,19.3,NA,15f819bd-6612-4447-854b-14d12ee1022d,,Botany,20,03,LAS TERRENAS,032003,874cf3cddffffff
https://data.biodiversitydata.nl/naturalis/specimen/U.1256865,2515498061,Hevea brasiliensis,Hevea brasiliensis (Willd. ex A.Juss.) Müll.Arg.,Euphorbiaceae,Hevea,SPECIES,PRESERVED_SPECIMEN,1984-03-21,1984,-69.55,19.3,NA,15f819bd-6612-4447-854b-14d12ee1022d,,Botany,20,03,LAS TERRENAS,032003,874cf3cdaffffff
https://data.biodiversitydata.nl/naturalis/specimen/U.1386680,2515599525,Miconia pyramidalis,Miconia pyramidalis (Desr.) DC.,Melastomataceae,Miconia,SPECIES,PRESERVED_SPECIMEN,1982-05-18,1982,-69.50833,19.3,NA,15f819bd-6612-4447-854b-14d12ee1022d,,Botany,20,03,LAS TERRENAS,032003,874cf3cddffffff
https://data.biodiversitydata.nl/naturalis/specimen/U.1490576,2515454649,Piper amalago,Piper amalago L.,Piperaceae,Piper,SPECIES,PRESERVED_SPECIMEN,1984-05-10,1984,-69.58333,19.3,NA,15f819bd-6612-4447-854b-14d12ee1022d,,Botany,20,03,LAS TERRENAS,032003,874cf3528ffffff
https://wu.jacq.org/WU0045528,1830976338,Dalbergia ecastaphyllum,Dalbergia ecastaphyllum (L.) Taub.,Fabaceae,Dalbergia,SPECIES,PRESERVED_SPECIMEN,1981-11-04,1981,-69.5,19.31667,NA,0afba960-be3b-4202-a7de-736ae05aec9e,WU,Herbarium WU,20,03,LAS TERRENAS,032003,874cf3cceffffff
https://www.inaturalist.org/observations/106195963,3468663575,Kigelia africana,Kigelia africana (Lam.) Benth.,Bignoniaceae,Kigelia,SPECIES,HUMAN_OBSERVATION,2021-12-13T17:15:32,2021,-69.552936,19.309056000000002,NA,50c9509d-22c7-4a22-a47d-8c48425ef4a7,iNaturalist,Observations,20,03,LAS TERRENAS,032003,874cf3cdeffffff
https://www.inaturalist.org/observations/106778669,3499667056,Syzygium malaccense,Syzygium malaccense (L.) Merr. & L.M.Perry,Myrtaceae,Syzygium,SPECIES,HUMAN_OBSERVATION,2022-02-14,2022,-69.5356,19.315314,NA,50c9509d-22c7-4a22-a47d-8c48425ef4a7,iNaturalist,Observations,20,03,LAS TERRENAS,032003,874cf3cdcffffff
https://www.inaturalist.org/observations/108958551,3747311723,Tabernaemontana divaricata,Tabernaemontana divaricata (L.) R.Br. ex Roem. & Schult.,Apocynaceae,Tabernaemontana,SPECIES,HUMAN_OBSERVATION,2022-03-17T14:23:22,2022,-69.57528,19.303562,36,50c9509d-22c7-4a22-a47d-8c48425ef4a7,iNaturalist,Observations,20,03,LAS TERRENAS,032003,874cf352dffffff
https://www.inaturalist.org/observations/108958808,3746948637,Cocos nucifera,Cocos nucifera L.,Arecaceae,Cocos,SPECIES,HUMAN_OBSERVATION,2022-03-17T13:30:15,2022,-69.583808,19.300395,5,50c9509d-22c7-4a22-a47d-8c48425ef4a7,iNaturalist,Observations,20,03,LAS TERRENAS,032003,874cf3528ffffff
https://www.inaturalist.org/observations/117113413,3966739427,Terminalia catappa,Terminalia catappa L.,Combretaceae,Terminalia,SPECIES,HUMAN_OBSERVATION,2021-01-31T02:42:05,2021,-69.529119,19.321247,NA,50c9509d-22c7-4a22-a47d-8c48425ef4a7,iNaturalist,Observations,20,03,LAS TERRENAS,032003,874cf3cdcffffff
https://www.inaturalist.org/observations/117113600,4453849516,Cecropia schreberiana,Cecropia schreberiana Miq.,Urticaceae,Cecropia,SPECIES,HUMAN_OBSERVATION,2021-02-01T05:18:23,2021,-69.510869,19.326347,NA,50c9509d-22c7-4a22-a47d-8c48425ef4a7,iNaturalist,Observations,20,03,LAS TERRENAS,032003,874cf3cc3ffffff
https://www.inaturalist.org/observations/118539934,4067213571,Manicaria saccifera,Manicaria saccifera Gaertn.,Arecaceae,Manicaria,SPECIES,HUMAN_OBSERVATION,2020-11-26T03:29:26,2020,-69.536225,19.322181,NA,50c9509d-22c7-4a22-a47d-8c48425ef4a7,iNaturalist,Observations,20,03,LAS TERRENAS,032003,874cf3cdcffffff
https://www.inaturalist.org/observations/121079972,3859459115,Thalassia testudinum,Thalassia testudinum Banks & Sol. ex K.D.Koenig,Hydrocharitaceae,Thalassia,SPECIES,HUMAN_OBSERVATION,2022-06-09T14:31:55,2022,-69.549397,19.325873,NA,50c9509d-22c7-4a22-a47d-8c48425ef4a7,iNaturalist,Observations,20,03,LAS TERRENAS,032003,874cf3cd1ffffff
https://www.inaturalist.org/observations/121224433,3859755211,Heliconia rostrata,Heliconia rostrata Ruiz & Pav.,Heliconiaceae,Heliconia,SPECIES,HUMAN_OBSERVATION,2022-06-10T17:20:57,2022,-69.530248,19.324442,NA,50c9509d-22c7-4a22-a47d-8c48425ef4a7,iNaturalist,Observations,20,03,LAS TERRENAS,032003,874cf3cdcffffff
https://www.inaturalist.org/observations/121277353,3858469353,Leucaena leucocephala,Leucaena leucocephala (Lam.) de Wit,Fabaceae,Leucaena,SPECIES,HUMAN_OBSERVATION,2022-06-10T17:55:56,2022,-69.531463,19.323817,NA,50c9509d-22c7-4a22-a47d-8c48425ef4a7,iNaturalist,Observations,20,03,LAS TERRENAS,032003,874cf3cdcffffff
https://www.inaturalist.org/observations/121277462,3859889292,Cocos nucifera,Cocos nucifera L.,Arecaceae,Cocos,SPECIES,HUMAN_OBSERVATION,2022-06-10T17:58:34,2022,-69.533082,19.323392,NA,50c9509d-22c7-4a22-a47d-8c48425ef4a7,iNaturalist,Observations,20,03,LAS TERRENAS,032003,874cf3cdcffffff
https://www.inaturalist.org/observations/121277637,3859508225,Mimosa pudica,Mimosa pudica L.,Fabaceae,Mimosa,SPECIES,HUMAN_OBSERVATION,2022-06-11T09:10:34,2022,-69.530493,19.324198,NA,50c9509d-22c7-4a22-a47d-8c48425ef4a7,iNaturalist,Observations,20,03,LAS TERRENAS,032003,874cf3cdcffffff
https://www.inaturalist.org/observations/121277717,3860409293,Borreria remota,Spermacoce remota Lam.,Rubiaceae,Borreria,SPECIES,HUMAN_OBSERVATION,2022-06-11T09:08:10,2022,-69.530303,19.324117,NA,50c9509d-22c7-4a22-a47d-8c48425ef4a7,iNaturalist,Observations,20,03,LAS TERRENAS,032003,874cf3cdcffffff
https://www.inaturalist.org/observations/121277803,3858412289,Momordica charantia,Momordica charantia L.,Cucurbitaceae,Momordica,SPECIES,HUMAN_OBSERVATION,2022-06-11T09:05:14,2022,-69.530322,19.324105,NA,50c9509d-22c7-4a22-a47d-8c48425ef4a7,iNaturalist,Observations,20,03,LAS TERRENAS,032003,874cf3cdcffffff
https://www.inaturalist.org/observations/124161300,3859827700,Centrosema virginianum,Centrosema virginianum (L.) Benth.,Fabaceae,Centrosema,SPECIES,HUMAN_OBSERVATION,2022-06-30T11:19:17,2022,-69.469789,19.325553,NA,50c9509d-22c7-4a22-a47d-8c48425ef4a7,iNaturalist,Observations,20,03,LAS TERRENAS,032003,874cf3cebffffff
https://www.inaturalist.org/observations/124161644,4424184357,Bletia patula,Bletia patula Hook.,Orchidaceae,Bletia,SPECIES,HUMAN_OBSERVATION,2022-06-30T11:18:54,2022,-69.469798,19.325565,NA,50c9509d-22c7-4a22-a47d-8c48425ef4a7,iNaturalist,Observations,20,03,LAS TERRENAS,032003,874cf3cebffffff
https://www.inaturalist.org/observations/124163038,5133194798,Pteris longifolia,Pteris longifolia L.,Pteridaceae,Pteris,SPECIES,HUMAN_OBSERVATION,2022-06-30T11:37:40,2022,-69.471252,19.325722,NA,50c9509d-22c7-4a22-a47d-8c48425ef4a7,iNaturalist,Observations,20,03,LAS TERRENAS,032003,874cf3ceaffffff
https://www.inaturalist.org/observations/125061847,4039146438,Artocarpus altilis,Artocarpus altilis (Parkinson) Fosberg,Moraceae,Artocarpus,SPECIES,HUMAN_OBSERVATION,2022-06-21T19:26:20,2022,-69.541158,19.314877,NA,50c9509d-22c7-4a22-a47d-8c48425ef4a7,iNaturalist,Observations,20,03,LAS TERRENAS,032003,874cf3cdcffffff
https://www.inaturalist.org/observations/125657382,4028771758,Anemia adiantifolia,Anemia adiantifolia (L.) Sw.,Anemiaceae,Anemia,SPECIES,HUMAN_OBSERVATION,2022-06-23T17:20:09,2022,-69.562287,19.278683,1340,50c9509d-22c7-4a22-a47d-8c48425ef4a7,iNaturalist,Observations,20,03,LAS TERRENAS,032003,874cf3574ffffff
https://www.inaturalist.org/observations/125666427,3881788470,Dalbergia ecastaphyllum,Dalbergia ecastaphyllum (L.) Taub.,Fabaceae,Dalbergia,SPECIES,HUMAN_OBSERVATION,2022-06-26T15:37:44,2022,-69.588474,19.298502,NA,50c9509d-22c7-4a22-a47d-8c48425ef4a7,iNaturalist,Observations,20,03,LAS TERRENAS,032003,874cf3528ffffff
https://www.inaturalist.org/observations/125742269,3874111763,Sphagneticola trilobata,Sphagneticola trilobata (L.) Pruski,Asteraceae,Sphagneticola,SPECIES,HUMAN_OBSERVATION,2022-06-26T15:39:21,2022,-69.588137,19.298412,NA,50c9509d-22c7-4a22-a47d-8c48425ef4a7,iNaturalist,Observations,20,03,LAS TERRENAS,032003,874cf3528ffffff
https://www.inaturalist.org/observations/125742325,3874195828,Centrosema virginianum,Centrosema virginianum (L.) Benth.,Fabaceae,Centrosema,SPECIES,HUMAN_OBSERVATION,2022-06-26T15:40:19,2022,-69.588239,19.298224,NA,50c9509d-22c7-4a22-a47d-8c48425ef4a7,iNaturalist,Observations,20,03,LAS TERRENAS,032003,874cf3528ffffff
https://www.inaturalist.org/observations/125751024,3881489459,Canavalia rosea,Canavalia rosea (Sw.) DC.,Fabaceae,Canavalia,SPECIES,HUMAN_OBSERVATION,2022-06-26T15:43:56,2022,-69.588374,19.297999,NA,50c9509d-22c7-4a22-a47d-8c48425ef4a7,iNaturalist,Observations,20,03,LAS TERRENAS,032003,874cf3528ffffff
https://www.inaturalist.org/observations/125751100,3902215650,Phyla nodiflora,Phyla nodiflora (L.) Greene,Verbenaceae,Phyla,SPECIES,HUMAN_OBSERVATION,2022-06-26T15:44:46,2022,-69.588478,19.29805,NA,50c9509d-22c7-4a22-a47d-8c48425ef4a7,iNaturalist,Observations,20,03,LAS TERRENAS,032003,874cf3528ffffff
https://www.inaturalist.org/observations/125751127,3881697482,Borreria remota,Spermacoce remota Lam.,Rubiaceae,Borreria,SPECIES,HUMAN_OBSERVATION,2022-06-26T15:46:14,2022,-69.588569,19.297865,NA,50c9509d-22c7-4a22-a47d-8c48425ef4a7,iNaturalist,Observations,20,03,LAS TERRENAS,032003,874cf3528ffffff
https://www.inaturalist.org/observations/125751150,3881784457,Desmodium incanum,Desmodium incanum (Sw.) DC.,Fabaceae,Desmodium,SPECIES,HUMAN_OBSERVATION,2022-06-26T15:46:36,2022,-69.588645,19.297923,NA,50c9509d-22c7-4a22-a47d-8c48425ef4a7,iNaturalist,Observations,20,03,LAS TERRENAS,032003,874cf3528ffffff
https://www.inaturalist.org/observations/125751191,4075702707,Rhynchospora nervosa,Rhynchospora nervosa (Vahl) Boeckeler,Cyperaceae,Rhynchospora,SPECIES,HUMAN_OBSERVATION,2022-06-26T15:48:05,2022,-69.588745,19.297726,NA,50c9509d-22c7-4a22-a47d-8c48425ef4a7,iNaturalist,Observations,20,03,LAS TERRENAS,032003,874cf3528ffffff
https://www.inaturalist.org/observations/125751248,3881405480,Borreria verticillata,Spermacoce verticillata L.,Rubiaceae,Borreria,SPECIES,HUMAN_OBSERVATION,2022-06-26T15:49:39,2022,-69.588862,19.297482,NA,50c9509d-22c7-4a22-a47d-8c48425ef4a7,iNaturalist,Observations,20,03,LAS TERRENAS,032003,874cf3528ffffff
https://www.inaturalist.org/observations/125751531,4028708867,Rhynchospora nervosa,Rhynchospora nervosa (Vahl) Boeckeler,Cyperaceae,Rhynchospora,SPECIES,HUMAN_OBSERVATION,2022-06-26T16:00:08,2022,-69.588757,19.297718,NA,50c9509d-22c7-4a22-a47d-8c48425ef4a7,iNaturalist,Observations,20,03,LAS TERRENAS,032003,874cf3528ffffff
https://www.inaturalist.org/observations/125751625,3881807515,Laguncularia racemosa,Laguncularia racemosa (L.) C.F.Gaertn.,Combretaceae,Laguncularia,SPECIES,HUMAN_OBSERVATION,2022-06-26T16:11:57,2022,-69.587698,19.299649,NA,50c9509d-22c7-4a22-a47d-8c48425ef4a7,iNaturalist,Observations,20,03,LAS TERRENAS,032003,874cf3528ffffff
https://www.inaturalist.org/observations/129447344,3985607716,Psychotria nervosa,Psychotria nervosa Sw.,Rubiaceae,Psychotria,SPECIES,HUMAN_OBSERVATION,2022-07-31T22:17,2022,-69.576055,19.297944,8,50c9509d-22c7-4a22-a47d-8c48425ef4a7,iNaturalist,Observations,20,03,LAS TERRENAS,032003,874cf3529ffffff
https://www.inaturalist.org/observations/131783896,3903174788,Thespesia populnea,Thespesia populnea (L.) Sol. ex Corrêa,Malvaceae,Thespesia,SPECIES,HUMAN_OBSERVATION,2022-08-21T11:16:31,2022,-69.561948,19.319505,207,50c9509d-22c7-4a22-a47d-8c48425ef4a7,iNaturalist,Observations,20,03,LAS TERRENAS,032003,874cf3cd3ffffff
https://www.inaturalist.org/observations/131996388,3902776009,Ipomoea pes-caprae,Ipomoea pes-caprae (L.) R.Br.,Convolvulaceae,Ipomoea,SPECIES,HUMAN_OBSERVATION,2022-08-23T07:50:43,2022,-69.606286,19.296332,4,50c9509d-22c7-4a22-a47d-8c48425ef4a7,iNaturalist,Observations,20,03,LAS TERRENAS,032003,874cf352affffff
https://www.inaturalist.org/observations/132060653,3902459324,Coccoloba uvifera,Coccoloba uvifera (L.) L.,Polygonaceae,Coccoloba,SPECIES,HUMAN_OBSERVATION,2022-08-23T17:10:10,2022,-69.583921,19.300503,83,50c9509d-22c7-4a22-a47d-8c48425ef4a7,iNaturalist,Observations,20,03,LAS TERRENAS,032003,874cf3528ffffff
https://www.inaturalist.org/observations/132061179,3902574927,Sphagneticola trilobata,Sphagneticola trilobata (L.) Pruski,Asteraceae,Sphagneticola,SPECIES,HUMAN_OBSERVATION,2022-08-23T17:15:01,2022,-69.585731,19.300488,4,50c9509d-22c7-4a22-a47d-8c48425ef4a7,iNaturalist,Observations,20,03,LAS TERRENAS,032003,874cf3528ffffff
https://www.inaturalist.org/observations/145584134,4921435676,Bletia patula,Bletia patula Hook.,Orchidaceae,Bletia,SPECIES,HUMAN_OBSERVATION,2023-01-01T11:56:08,2023,-69.57278,19.29061,5,50c9509d-22c7-4a22-a47d-8c48425ef4a7,iNaturalist,Observations,20,03,LAS TERRENAS,032003,874cf3529ffffff
https://www.inaturalist.org/observations/145590269,4519023525,Crotalaria pallida,Crotalaria pallida Aiton,Fabaceae,Crotalaria,SPECIES,HUMAN_OBSERVATION,2023-01-01T12:26:34,2023,-69.571724,19.29314,5,50c9509d-22c7-4a22-a47d-8c48425ef4a7,iNaturalist,Observations,20,03,LAS TERRENAS,032003,874cf3529ffffff
https://www.inaturalist.org/observations/145590315,4014886752,Flemingia strobilifera,Flemingia strobilifera (L.) W.T.Aiton,Fabaceae,Flemingia,SPECIES,HUMAN_OBSERVATION,2023-01-01T13:00:36,2023,-69.572173,19.292735,5,50c9509d-22c7-4a22-a47d-8c48425ef4a7,iNaturalist,Observations,20,03,LAS TERRENAS,032003,874cf3529ffffff
https://www.inaturalist.org/observations/145590327,4126761643,Chromolaena odorata,Chromolaena odorata (L.) R.M.King & H.Rob.,Asteraceae,Chromolaena,SPECIES,HUMAN_OBSERVATION,2023-01-01T13:07:22,2023,-69.572572,19.292365,5,50c9509d-22c7-4a22-a47d-8c48425ef4a7,iNaturalist,Observations,20,03,LAS TERRENAS,032003,874cf3529ffffff
https://www.inaturalist.org/observations/145590343,4011594196,Bidens alba,Bidens alba (L.) DC.,Asteraceae,Bidens,SPECIES,HUMAN_OBSERVATION,2023-01-01T13:10:16,2023,-69.572888,19.291658,5,50c9509d-22c7-4a22-a47d-8c48425ef4a7,iNaturalist,Observations,20,03,LAS TERRENAS,032003,874cf3529ffffff
https://www.inaturalist.org/observations/145590390,4018139754,Ipomoea indica,Ipomoea indica (Burm.) Merr.,Convolvulaceae,Ipomoea,SPECIES,HUMAN_OBSERVATION,2023-01-01T13:15:04,2023,-69.572949,19.290635,5,50c9509d-22c7-4a22-a47d-8c48425ef4a7,iNaturalist,Observations,20,03,LAS TERRENAS,032003,874cf3529ffffff
https://www.inaturalist.org/observations/145624282,4011650261,Centrosema virginianum,Centrosema virginianum (L.) Benth.,Fabaceae,Centrosema,SPECIES,HUMAN_OBSERVATION,2023-01-01T20:14:16,2023,-69.57235,19.29012,5,50c9509d-22c7-4a22-a47d-8c48425ef4a7,iNaturalist,Observations,20,03,LAS TERRENAS,032003,874cf3529ffffff
https://www.inaturalist.org/observations/145690815,4015210772,Turnera ulmifolia,Turnera ulmifolia L.,Passifloraceae,Turnera,SPECIES,HUMAN_OBSERVATION,2023-01-02T15:09:34,2023,-69.597811,19.295998,5,50c9509d-22c7-4a22-a47d-8c48425ef4a7,iNaturalist,Observations,20,03,LAS TERRENAS,032003,874cf352affffff
https://www.inaturalist.org/observations/147909543,4075707863,Ceiba pentandra,Ceiba pentandra (L.) Gaertn.,Malvaceae,Ceiba,SPECIES,HUMAN_OBSERVATION,2023-01-31T10:22:39,2023,-69.565308,19.3086,39,50c9509d-22c7-4a22-a47d-8c48425ef4a7,iNaturalist,Observations,20,03,LAS TERRENAS,032003,874cf352dffffff
https://www.inaturalist.org/observations/151295692,4067178943,Scaevola taccada,Scaevola taccada (Gaertn.) Roxb.,Goodeniaceae,Scaevola,SPECIES,HUMAN_OBSERVATION,2023-03-14T17:09:37,2023,-69.536147,19.322262,89,50c9509d-22c7-4a22-a47d-8c48425ef4a7,iNaturalist,Observations,20,03,LAS TERRENAS,032003,874cf3cdcffffff
https://www.inaturalist.org/observations/151322652,4067664980,Morinda citrifolia,Morinda citrifolia L.,Rubiaceae,Morinda,SPECIES,HUMAN_OBSERVATION,2023-03-16T14:55:41,2023,-69.494858,19.324025,5,50c9509d-22c7-4a22-a47d-8c48425ef4a7,iNaturalist,Observations,20,03,LAS TERRENAS,032003,874cf3cc1ffffff
https://www.inaturalist.org/observations/151389612,4067250059,Momordica charantia,Momordica charantia L.,Cucurbitaceae,Momordica,SPECIES,HUMAN_OBSERVATION,2023-03-16T14:54:53,2023,-69.494897,19.323938,4,50c9509d-22c7-4a22-a47d-8c48425ef4a7,iNaturalist,Observations,20,03,LAS TERRENAS,032003,874cf3cc1ffffff
https://www.inaturalist.org/observations/151389637,4137989731,Pandanus utilis,Pandanus utilis Bory,Pandanaceae,Pandanus,SPECIES,HUMAN_OBSERVATION,2023-03-16T14:53:09,2023,-69.49517,19.323453,9,50c9509d-22c7-4a22-a47d-8c48425ef4a7,iNaturalist,Observations,20,03,LAS TERRENAS,032003,874cf3cc1ffffff
https://www.inaturalist.org/observations/151822424,4076279027,Scaevola taccada,Scaevola taccada (Gaertn.) Roxb.,Goodeniaceae,Scaevola,SPECIES,HUMAN_OBSERVATION,2023-02-28T17:42:13,2023,-69.536317,19.322013,35,50c9509d-22c7-4a22-a47d-8c48425ef4a7,iNaturalist,Observations,20,03,LAS TERRENAS,032003,874cf3cdcffffff
https://www.inaturalist.org/observations/164108275,4126911794,Cocos nucifera,Cocos nucifera L.,Arecaceae,Cocos,SPECIES,HUMAN_OBSERVATION,2023-03-01T08:27:45,2023,-69.598075,19.296122,4,50c9509d-22c7-4a22-a47d-8c48425ef4a7,iNaturalist,Observations,20,03,LAS TERRENAS,032003,874cf352affffff
https://www.inaturalist.org/observations/168930844,4138663303,Scaevola taccada,Scaevola taccada (Gaertn.) Roxb.,Goodeniaceae,Scaevola,SPECIES,HUMAN_OBSERVATION,2023-06-22T19:20:45,2023,-69.493541,19.324779,NA,50c9509d-22c7-4a22-a47d-8c48425ef4a7,iNaturalist,Observations,20,03,LAS TERRENAS,032003,874cf3cc1ffffff
https://www.inaturalist.org/observations/169080740,4145198495,Utricularia gibba,Utricularia gibba L.,Lentibulariaceae,Utricularia,SPECIES,HUMAN_OBSERVATION,2023-06-23T18:49:14,2023,-69.549413,19.289458,5,50c9509d-22c7-4a22-a47d-8c48425ef4a7,iNaturalist,Observations,20,03,LAS TERRENAS,032003,874cf3cdaffffff
https://www.inaturalist.org/observations/169169548,4171374697,Microsorum grossum,Microsorum grossum (Langsd. & Fisch.) S.B.Andrews,Polypodiaceae,Microsorum,SPECIES,HUMAN_OBSERVATION,2023-06-24T08:49:37,2023,-69.492226,19.323136,NA,50c9509d-22c7-4a22-a47d-8c48425ef4a7,iNaturalist,Observations,20,03,LAS TERRENAS,032003,874cf3cc1ffffff
https://www.inaturalist.org/observations/170831239,4145710594,Ipomoea pes-caprae,Ipomoea pes-caprae (L.) R.Br.,Convolvulaceae,Ipomoea,SPECIES,HUMAN_OBSERVATION,2023-06-19T06:18:22,2023,-69.49598,19.324953,11,50c9509d-22c7-4a22-a47d-8c48425ef4a7,iNaturalist,Observations,20,03,LAS TERRENAS,032003,874cf3cc1ffffff
https://www.inaturalist.org/observations/173103126,4162386953,Cecropia schreberiana,Cecropia schreberiana Miq.,Urticaceae,Cecropia,SPECIES,HUMAN_OBSERVATION,2023-07-15T14:47,2023,-69.54999,19.288762,4,50c9509d-22c7-4a22-a47d-8c48425ef4a7,iNaturalist,Observations,20,03,LAS TERRENAS,032003,874cf3cdaffffff
https://www.inaturalist.org/observations/173103217,4162423695,Piper peltatum,Piper peltatum L.,Piperaceae,Piper,SPECIES,HUMAN_OBSERVATION,2023-07-15T14:47:49,2023,-69.549955,19.288722,4,50c9509d-22c7-4a22-a47d-8c48425ef4a7,iNaturalist,Observations,20,03,LAS TERRENAS,032003,874cf3cdaffffff
https://www.inaturalist.org/observations/173103295,4162467708,Dieffenbachia seguine,Dieffenbachia seguine (Jacq.) Schott,Araceae,Dieffenbachia,SPECIES,HUMAN_OBSERVATION,2023-07-15T14:48:49,2023,-69.549965,19.288725,4,50c9509d-22c7-4a22-a47d-8c48425ef4a7,iNaturalist,Observations,20,03,LAS TERRENAS,032003,874cf3cdaffffff
https://www.inaturalist.org/observations/173105122,4162437859,Bidens alba,Bidens alba (L.) DC.,Asteraceae,Bidens,SPECIES,HUMAN_OBSERVATION,2023-07-15T15:30:34,2023,-69.549917,19.288693,4,50c9509d-22c7-4a22-a47d-8c48425ef4a7,iNaturalist,Observations,20,03,LAS TERRENAS,032003,874cf3cdaffffff
https://www.inaturalist.org/observations/173105244,4162391786,Crassocephalum crepidioides,Crassocephalum crepidioides (Benth.) S.Moore,Asteraceae,Crassocephalum,SPECIES,HUMAN_OBSERVATION,2023-07-15T15:31:37,2023,-69.549935,19.288682,4,50c9509d-22c7-4a22-a47d-8c48425ef4a7,iNaturalist,Observations,20,03,LAS TERRENAS,032003,874cf3cdaffffff
https://www.inaturalist.org/observations/173106051,4165513492,Hura crepitans,Hura crepitans L.,Euphorbiaceae,Hura,SPECIES,HUMAN_OBSERVATION,2023-07-15T15:50:16,2023,-69.549963,19.288432,5,50c9509d-22c7-4a22-a47d-8c48425ef4a7,iNaturalist,Observations,20,03,LAS TERRENAS,032003,874cf3cdaffffff
https://www.inaturalist.org/observations/173107099,4453670831,Artocarpus altilis,Artocarpus altilis (Parkinson) Fosberg,Moraceae,Artocarpus,SPECIES,HUMAN_OBSERVATION,2023-07-15T14:50:34,2023,-69.549882,19.288718,3,50c9509d-22c7-4a22-a47d-8c48425ef4a7,iNaturalist,Observations,20,03,LAS TERRENAS,032003,874cf3cdaffffff
https://www.inaturalist.org/observations/173112155,4162317941,Epipremnum aureum,Epipremnum aureum (Linden & André) G.S.Bunting,Araceae,Epipremnum,SPECIES,HUMAN_OBSERVATION,2023-07-15T14:55:54,2023,-69.549893,19.28881,5,50c9509d-22c7-4a22-a47d-8c48425ef4a7,iNaturalist,Observations,20,03,LAS TERRENAS,032003,874cf3cdaffffff
https://www.inaturalist.org/observations/173112185,4416735477,Pilea microphylla,Pilea microphylla (L.) Liebm.,Urticaceae,Pilea,SPECIES,HUMAN_OBSERVATION,2023-07-15T14:56:25,2023,-69.549958,19.288808,6,50c9509d-22c7-4a22-a47d-8c48425ef4a7,iNaturalist,Observations,20,03,LAS TERRENAS,032003,874cf3cdaffffff
https://www.inaturalist.org/observations/173112308,4400447653,Pteris vittata,Pteris vittata L.,Pteridaceae,Pteris,SPECIES,HUMAN_OBSERVATION,2023-07-15T14:57:39,2023,-69.549933,19.288758,4,50c9509d-22c7-4a22-a47d-8c48425ef4a7,iNaturalist,Observations,20,03,LAS TERRENAS,032003,874cf3cdaffffff
https://www.inaturalist.org/observations/173116455,4162365116,Alpinia purpurata,Alpinia purpurata (Vieill.) K.Schum.,Zingiberaceae,Alpinia,SPECIES,HUMAN_OBSERVATION,2023-07-15T15:06:13,2023,-69.549845,19.2889,4,50c9509d-22c7-4a22-a47d-8c48425ef4a7,iNaturalist,Observations,20,03,LAS TERRENAS,032003,874cf3cdaffffff
https://www.inaturalist.org/observations/173137011,5133287732,Physalis pubescens,Physalis pubescens L.,Solanaceae,Physalis,SPECIES,HUMAN_OBSERVATION,2023-07-15T15:12:19,2023,-69.549858,19.288797,4,50c9509d-22c7-4a22-a47d-8c48425ef4a7,iNaturalist,Observations,20,03,LAS TERRENAS,032003,874cf3cdaffffff
https://www.inaturalist.org/observations/173137310,4165466736,Pavonia fruticosa,Pavonia fruticosa (Mill.) Fawc. & Rendle,Malvaceae,Pavonia,SPECIES,HUMAN_OBSERVATION,2023-07-15T15:21:40,2023,-69.549962,19.288732,4,50c9509d-22c7-4a22-a47d-8c48425ef4a7,iNaturalist,Observations,20,03,LAS TERRENAS,032003,874cf3cdaffffff
https://www.inaturalist.org/observations/173137350,5282099515,Philodendron radiatum,Philodendron radiatum Schott,Araceae,Philodendron,SPECIES,HUMAN_OBSERVATION,2023-07-15T15:24:12,2023,-69.549943,19.288785,6,50c9509d-22c7-4a22-a47d-8c48425ef4a7,iNaturalist,Observations,20,03,LAS TERRENAS,032003,874cf3cdaffffff
https://www.inaturalist.org/observations/173137480,4165644545,Theobroma cacao,Theobroma cacao L.,Malvaceae,Theobroma,SPECIES,HUMAN_OBSERVATION,2023-07-15T15:25:42,2023,-69.549972,19.288705,3,50c9509d-22c7-4a22-a47d-8c48425ef4a7,iNaturalist,Observations,20,03,LAS TERRENAS,032003,874cf3cdaffffff
https://www.inaturalist.org/observations/173137524,4165364812,Tradescantia zebrina,Tradescantia zebrina Bosse,Commelinaceae,Tradescantia,SPECIES,HUMAN_OBSERVATION,2023-07-15T15:26:14,2023,-69.55004,19.28869,4,50c9509d-22c7-4a22-a47d-8c48425ef4a7,iNaturalist,Observations,20,03,LAS TERRENAS,032003,874cf3cdaffffff
https://www.inaturalist.org/observations/173137627,5104257972,Heliconia bihai,Heliconia bihai (L.) L.,Heliconiaceae,Heliconia,SPECIES,HUMAN_OBSERVATION,2023-07-15T15:28:14,2023,-69.550018,19.288765,4,50c9509d-22c7-4a22-a47d-8c48425ef4a7,iNaturalist,Observations,20,03,LAS TERRENAS,032003,874cf3cdaffffff
https://www.inaturalist.org/observations/173137985,4162387003,Momordica charantia,Momordica charantia L.,Cucurbitaceae,Momordica,SPECIES,HUMAN_OBSERVATION,2023-07-15T15:36:30,2023,-69.550027,19.288663,5,50c9509d-22c7-4a22-a47d-8c48425ef4a7,iNaturalist,Observations,20,03,LAS TERRENAS,032003,874cf3cdaffffff
https://www.inaturalist.org/observations/173138300,4165466737,Theobroma cacao,Theobroma cacao L.,Malvaceae,Theobroma,SPECIES,HUMAN_OBSERVATION,2023-07-15T15:51:36,2023,-69.54999,19.288495,3,50c9509d-22c7-4a22-a47d-8c48425ef4a7,iNaturalist,Observations,20,03,LAS TERRENAS,032003,874cf3cdaffffff
https://www.inaturalist.org/observations/173138560,4162471705,Flemingia strobilifera,Flemingia strobilifera (L.) W.T.Aiton,Fabaceae,Flemingia,SPECIES,HUMAN_OBSERVATION,2023-07-15T15:57:44,2023,-69.549685,19.288987,3,50c9509d-22c7-4a22-a47d-8c48425ef4a7,iNaturalist,Observations,20,03,LAS TERRENAS,032003,874cf3cdaffffff
https://www.inaturalist.org/observations/173138740,5237800358,Heliconia L.,Heliconia L.,Heliconiaceae,Heliconia,GENUS,HUMAN_OBSERVATION,2023-07-15T15:58:52,2023,-69.549647,19.289053,4,50c9509d-22c7-4a22-a47d-8c48425ef4a7,iNaturalist,Observations,20,03,LAS TERRENAS,032003,874cf3cdaffffff
https://www.inaturalist.org/observations/173138810,4171720139,Vandellia diffusa,Vandellia diffusa L.,Linderniaceae,Vandellia,SPECIES,HUMAN_OBSERVATION,2023-07-15T16:00:40,2023,-69.5497,19.289038,4,50c9509d-22c7-4a22-a47d-8c48425ef4a7,iNaturalist,Observations,20,03,LAS TERRENAS,032003,874cf3cdaffffff
https://www.inaturalist.org/observations/173139017,4165471827,Borreria remota,Spermacoce remota Lam.,Rubiaceae,Borreria,SPECIES,HUMAN_OBSERVATION,2023-07-15T16:04:55,2023,-69.549657,19.289008,3,50c9509d-22c7-4a22-a47d-8c48425ef4a7,iNaturalist,Observations,20,03,LAS TERRENAS,032003,874cf3cdaffffff
https://www.inaturalist.org/observations/173139090,4161980759,Etlingera elatior,Etlingera elatior (Jack) R.M.Sm.,Zingiberaceae,Etlingera,SPECIES,HUMAN_OBSERVATION,2023-07-15T16:06:20,2023,-69.549602,19.289073,4,50c9509d-22c7-4a22-a47d-8c48425ef4a7,iNaturalist,Observations,20,03,LAS TERRENAS,032003,874cf3cdaffffff
https://www.inaturalist.org/observations/173140984,4516297663,Sapium laurifolium,Sapium laurifolium (A.Rich.) Griseb.,Euphorbiaceae,Sapium,SPECIES,HUMAN_OBSERVATION,2023-07-15T15:12:49,2023,-69.54985,19.288803,4,50c9509d-22c7-4a22-a47d-8c48425ef4a7,iNaturalist,Observations,20,03,LAS TERRENAS,032003,874cf3cdaffffff
https://www.inaturalist.org/observations/173142228,4453687838,Trichostigma octandrum,Trichostigma octandrum (L.) H.Walter,Petiveriaceae,Trichostigma,SPECIES,HUMAN_OBSERVATION,2023-07-15T15:18:32,2023,-69.549895,19.288758,4,50c9509d-22c7-4a22-a47d-8c48425ef4a7,iNaturalist,Observations,20,03,LAS TERRENAS,032003,874cf3cdaffffff
https://www.inaturalist.org/observations/173143946,6422861669,Solanum americanum,Solanum americanum Mill.,Solanaceae,Solanum,SPECIES,HUMAN_OBSERVATION,2023-07-15T15:21:02,2023,-69.54992,19.288725,4,50c9509d-22c7-4a22-a47d-8c48425ef4a7,iNaturalist,Observations,20,03,LAS TERRENAS,032003,874cf3cdaffffff
https://www.inaturalist.org/observations/173146851,4162447159,Sanchezia parvibracteata,Sanchezia parvibracteata Sprague & Hutch.,Acanthaceae,Sanchezia,SPECIES,HUMAN_OBSERVATION,2023-07-15T15:24:58,2023,-69.549982,19.288717,4,50c9509d-22c7-4a22-a47d-8c48425ef4a7,iNaturalist,Observations,20,03,LAS TERRENAS,032003,874cf3cdaffffff
https://www.inaturalist.org/observations/173228522,4165618783,Solanum americanum,Solanum americanum Mill.,Solanaceae,Solanum,SPECIES,HUMAN_OBSERVATION,2023-07-15T15:41:16,2023,-69.549925,19.288692,3,50c9509d-22c7-4a22-a47d-8c48425ef4a7,iNaturalist,Observations,20,03,LAS TERRENAS,032003,874cf3cdaffffff
https://www.inaturalist.org/observations/173228686,4453951787,Urera baccifera,Urera baccifera (L.) Gaudich.,Urticaceae,Urera,SPECIES,HUMAN_OBSERVATION,2023-07-15T15:43:07,2023,-69.549917,19.288695,4,50c9509d-22c7-4a22-a47d-8c48425ef4a7,iNaturalist,Observations,20,03,LAS TERRENAS,032003,874cf3cdaffffff
https://www.inaturalist.org/observations/176111771,4172054452,Delonix regia,Delonix regia (Bojer ex Hook.) Raf.,Fabaceae,Delonix,SPECIES,HUMAN_OBSERVATION,2023-07-23T13:51,2023,-69.598811,19.29431,4,50c9509d-22c7-4a22-a47d-8c48425ef4a7,iNaturalist,Observations,20,03,LAS TERRENAS,032003,874cf352affffff
https://www.inaturalist.org/observations/176113994,4172061668,Thunbergia grandiflora,Thunbergia grandiflora (Roxb. ex Rottler) Roxb.,Acanthaceae,Thunbergia,SPECIES,HUMAN_OBSERVATION,2023-07-24T07:08,2023,-69.554077,19.322492,4,50c9509d-22c7-4a22-a47d-8c48425ef4a7,iNaturalist,Observations,20,03,LAS TERRENAS,032003,874cf3cdeffffff
https://www.inaturalist.org/observations/176150932,4512088144,Hibiscus archeri,Hibiscus × archeri Watson,Malvaceae,Hibiscus,SPECIES,HUMAN_OBSERVATION,2023-07-25T13:44,2023,-69.502168,19.324106,4,50c9509d-22c7-4a22-a47d-8c48425ef4a7,iNaturalist,Observations,20,03,LAS TERRENAS,032003,874cf3cc1ffffff
https://www.inaturalist.org/observations/176152488,4172146789,Delonix regia,Delonix regia (Bojer ex Hook.) Raf.,Fabaceae,Delonix,SPECIES,HUMAN_OBSERVATION,2023-07-26T10:26,2023,-69.48312,19.318042,4,50c9509d-22c7-4a22-a47d-8c48425ef4a7,iNaturalist,Observations,20,03,LAS TERRENAS,032003,874cf3cccffffff
https://www.inaturalist.org/observations/178189466,4421135726,Trichilia hirta,Trichilia hirta L.,Meliaceae,Trichilia,SPECIES,HUMAN_OBSERVATION,2023-08-13T11:09:23,2023,-69.550623,19.289182,130,50c9509d-22c7-4a22-a47d-8c48425ef4a7,iNaturalist,Observations,20,03,LAS TERRENAS,032003,874cf3cdaffffff
https://www.inaturalist.org/observations/178214603,4430449886,Calathea lutea,Calathea lutea (Aubl.) E.Mey. ex Schult.,Marantaceae,Calathea,SPECIES,HUMAN_OBSERVATION,2023-08-13T12:43:23,2023,-69.550323,19.288653,182,50c9509d-22c7-4a22-a47d-8c48425ef4a7,iNaturalist,Observations,20,03,LAS TERRENAS,032003,874cf3cdaffffff
https://www.inaturalist.org/observations/178788671,4405003768,Ceiba pentandra,Ceiba pentandra (L.) Gaertn.,Malvaceae,Ceiba,SPECIES,HUMAN_OBSERVATION,2023-08-13T13:23:23,2023,-69.551634,19.290475,1899,50c9509d-22c7-4a22-a47d-8c48425ef4a7,iNaturalist,Observations,20,03,LAS TERRENAS,032003,874cf3cdaffffff
https://www.inaturalist.org/observations/180113506,4405473703,Mimosa pudica,Mimosa pudica L.,Fabaceae,Mimosa,SPECIES,HUMAN_OBSERVATION,2023-08-25,2023,-69.551634,19.291184,2099,50c9509d-22c7-4a22-a47d-8c48425ef4a7,iNaturalist,Observations,20,03,LAS TERRENAS,032003,874cf3cdaffffff
https://www.inaturalist.org/observations/182539431,4453821015,Gmelina arborea,Gmelina arborea Roxb. ex Sm.,Lamiaceae,Gmelina,SPECIES,HUMAN_OBSERVATION,2023-09-09T16:35:51,2023,-69.55081,19.28898,7,50c9509d-22c7-4a22-a47d-8c48425ef4a7,iNaturalist,Observations,20,03,LAS TERRENAS,032003,874cf3cdaffffff
https://www.inaturalist.org/observations/182540172,4430937128,Anemia adiantifolia,Anemia adiantifolia (L.) Sw.,Anemiaceae,Anemia,SPECIES,HUMAN_OBSERVATION,2023-09-09T16:42:38,2023,-69.550603,19.288593,6,50c9509d-22c7-4a22-a47d-8c48425ef4a7,iNaturalist,Observations,20,03,LAS TERRENAS,032003,874cf3cdaffffff
https://www.inaturalist.org/observations/182540296,4414182347,Hamelia patens,Hamelia patens Jacq.,Rubiaceae,Hamelia,SPECIES,HUMAN_OBSERVATION,2023-09-09T16:44:38,2023,-69.550837,19.288403,9,50c9509d-22c7-4a22-a47d-8c48425ef4a7,iNaturalist,Observations,20,03,LAS TERRENAS,032003,874cf3cdaffffff
https://www.inaturalist.org/observations/182540601,4535787850,Inga vera,Inga vera Willd.,Fabaceae,Inga,SPECIES,HUMAN_OBSERVATION,2023-09-09T16:45:26,2023,-69.550813,19.288483,5,50c9509d-22c7-4a22-a47d-8c48425ef4a7,iNaturalist,Observations,20,03,LAS TERRENAS,032003,874cf3cdaffffff
https://www.inaturalist.org/observations/182540653,6234872107,Piper marginatum,Piper marginatum Jacq.,Piperaceae,Piper,SPECIES,HUMAN_OBSERVATION,2023-09-09T16:46:43,2023,-69.550822,19.288493,7,50c9509d-22c7-4a22-a47d-8c48425ef4a7,iNaturalist,Observations,20,03,LAS TERRENAS,032003,874cf3cdaffffff
https://www.inaturalist.org/observations/182544096,4430934104,Passiflora suberosa,Passiflora suberosa subsp. suberosa,Passifloraceae,Passiflora,SUBSPECIES,HUMAN_OBSERVATION,2023-09-09T16:58:53,2023,-69.551107,19.288768,9,50c9509d-22c7-4a22-a47d-8c48425ef4a7,iNaturalist,Observations,20,03,LAS TERRENAS,032003,874cf3cdaffffff
https://www.inaturalist.org/observations/184228061,4430443266,Palicourea pubescens,Palicourea pubescens (Sw.) Borhidi,Rubiaceae,Palicourea,SPECIES,HUMAN_OBSERVATION,2023-09-20T18:03:24,2023,-69.550903,19.288608,4,50c9509d-22c7-4a22-a47d-8c48425ef4a7,iNaturalist,Observations,20,03,LAS TERRENAS,032003,874cf3cdaffffff
https://www.inaturalist.org/observations/184228441,4416813804,Passiflora rubra,Passiflora rubra L.,Passifloraceae,Passiflora,SPECIES,HUMAN_OBSERVATION,2023-09-20T18:10:49,2023,-69.551443,19.28861,5,50c9509d-22c7-4a22-a47d-8c48425ef4a7,iNaturalist,Observations,20,03,LAS TERRENAS,032003,874cf3cdaffffff
https://www.inaturalist.org/observations/184228660,4430942239,Palicourea domingensis,Palicourea domingensis (Jacq.) DC.,Rubiaceae,Palicourea,SPECIES,HUMAN_OBSERVATION,2023-09-20T18:12:08,2023,-69.551645,19.288553,5,50c9509d-22c7-4a22-a47d-8c48425ef4a7,iNaturalist,Observations,20,03,LAS TERRENAS,032003,874cf3cdaffffff
https://www.inaturalist.org/observations/184229044,4524888255,Stigmaphyllon angulosum,Stigmaphyllon angulosum (L.) A.Juss.,Malpighiaceae,Stigmaphyllon,SPECIES,HUMAN_OBSERVATION,2023-09-20T18:18:16,2023,-69.551622,19.288408,7,50c9509d-22c7-4a22-a47d-8c48425ef4a7,iNaturalist,Observations,20,03,LAS TERRENAS,032003,874cf3cdaffffff
https://www.inaturalist.org/observations/184229121,4453696050,Pavonia fruticosa,Pavonia fruticosa (Mill.) Fawc. & Rendle,Malvaceae,Pavonia,SPECIES,HUMAN_OBSERVATION,2023-09-20T18:22:34,2023,-69.551983,19.288388,7,50c9509d-22c7-4a22-a47d-8c48425ef4a7,iNaturalist,Observations,20,03,LAS TERRENAS,032003,874cf3cdaffffff
https://www.inaturalist.org/observations/184230647,4430490227,Tectaria incisa,Tectaria incisa Cav.,Tectariaceae,Tectaria,SPECIES,HUMAN_OBSERVATION,2023-09-20T18:43:04,2023,-69.553738,19.286675,6,50c9509d-22c7-4a22-a47d-8c48425ef4a7,iNaturalist,Observations,20,03,LAS TERRENAS,032003,874cf3574ffffff
https://www.inaturalist.org/observations/184230927,4926160226,Palicourea crocea,Palicourea crocea (Sw.) Schult.,Rubiaceae,Palicourea,SPECIES,HUMAN_OBSERVATION,2023-09-20T18:44:15,2023,-69.553707,19.286623,5,50c9509d-22c7-4a22-a47d-8c48425ef4a7,iNaturalist,Observations,20,03,LAS TERRENAS,032003,874cf3574ffffff
https://www.inaturalist.org/observations/184438975,4430457261,Thalassia testudinum,Thalassia testudinum Banks & Sol. ex K.D.Koenig,Hydrocharitaceae,Thalassia,SPECIES,HUMAN_OBSERVATION,2023-09-22T12:03:09,2023,-69.542507,19.323483,4,50c9509d-22c7-4a22-a47d-8c48425ef4a7,iNaturalist,Observations,20,03,LAS TERRENAS,032003,874cf3cd1ffffff
https://www.inaturalist.org/observations/184439200,4416849882,Scaevola taccada,Scaevola taccada (Gaertn.) Roxb.,Goodeniaceae,Scaevola,SPECIES,HUMAN_OBSERVATION,2023-09-22T12:12:30,2023,-69.544615,19.32631,5,50c9509d-22c7-4a22-a47d-8c48425ef4a7,iNaturalist,Observations,20,03,LAS TERRENAS,032003,874cf3cd1ffffff
https://www.inaturalist.org/observations/184439324,4416979313,Ipomoea pes-caprae,Ipomoea pes-caprae (L.) R.Br.,Convolvulaceae,Ipomoea,SPECIES,HUMAN_OBSERVATION,2023-09-22T12:17:29,2023,-69.54619,19.326705,6,50c9509d-22c7-4a22-a47d-8c48425ef4a7,iNaturalist,Observations,20,03,LAS TERRENAS,032003,874cf3cd1ffffff
https://www.inaturalist.org/observations/184439357,4465580177,Sphagneticola trilobata,Sphagneticola trilobata (L.) Pruski,Asteraceae,Sphagneticola,SPECIES,HUMAN_OBSERVATION,2023-09-22T12:17:54,2023,-69.546138,19.326728,5,50c9509d-22c7-4a22-a47d-8c48425ef4a7,iNaturalist,Observations,20,03,LAS TERRENAS,032003,874cf3cd1ffffff
https://www.inaturalist.org/observations/184439421,4597299393,Phyla nodiflora,Phyla nodiflora (L.) Greene,Verbenaceae,Phyla,SPECIES,HUMAN_OBSERVATION,2023-09-22T12:24:15,2023,-69.547463,19.32622,4,50c9509d-22c7-4a22-a47d-8c48425ef4a7,iNaturalist,Observations,20,03,LAS TERRENAS,032003,874cf3cd1ffffff
https://www.inaturalist.org/observations/184439456,4453711011,Cyperus tibialis,Cyperus tibialis (Poit. ex Ledeb. & Adlerstam) Govaerts,Cyperaceae,Cyperus,SPECIES,HUMAN_OBSERVATION,2023-09-22T12:41:38,2023,-69.554658,19.322333,6,50c9509d-22c7-4a22-a47d-8c48425ef4a7,iNaturalist,Observations,20,03,LAS TERRENAS,032003,874cf3cdeffffff
https://www.inaturalist.org/observations/184439538,4430468280,Stigmaphyllon emarginatum,Stigmaphyllon emarginatum (Cav.) A.Juss.,Malpighiaceae,Stigmaphyllon,SPECIES,HUMAN_OBSERVATION,2023-09-22T12:45:37,2023,-69.555432,19.320237,6,50c9509d-22c7-4a22-a47d-8c48425ef4a7,iNaturalist,Observations,20,03,LAS TERRENAS,032003,874cf3cdeffffff
https://www.inaturalist.org/observations/184439625,4458591150,Calliandra surinamensis,Calliandra surinamensis Benth.,Fabaceae,Calliandra,SPECIES,HUMAN_OBSERVATION,2023-09-22T12:46:23,2023,-69.555428,19.320195,5,50c9509d-22c7-4a22-a47d-8c48425ef4a7,iNaturalist,Observations,20,03,LAS TERRENAS,032003,874cf3cdeffffff
https://www.inaturalist.org/observations/184439687,4430508313,Dalbergia ecastaphyllum,Dalbergia ecastaphyllum (L.) Taub.,Fabaceae,Dalbergia,SPECIES,HUMAN_OBSERVATION,2023-09-22T12:48:27,2023,-69.555962,19.3196,4,50c9509d-22c7-4a22-a47d-8c48425ef4a7,iNaturalist,Observations,20,03,LAS TERRENAS,032003,874cf3cdeffffff
https://www.inaturalist.org/observations/184439813,4430543304,Dalbergia ecastaphyllum,Dalbergia ecastaphyllum (L.) Taub.,Fabaceae,Dalbergia,SPECIES,HUMAN_OBSERVATION,2023-09-22T12:49:44,2023,-69.555943,19.319612,3,50c9509d-22c7-4a22-a47d-8c48425ef4a7,iNaturalist,Observations,20,03,LAS TERRENAS,032003,874cf3cdeffffff
https://www.inaturalist.org/observations/184440018,4535879920,Albizia lebbeck,Albizia lebbeck (L.) Benth.,Fabaceae,Albizia,SPECIES,HUMAN_OBSERVATION,2023-09-22T12:58:25,2023,-69.557057,19.318828,6,50c9509d-22c7-4a22-a47d-8c48425ef4a7,iNaturalist,Observations,20,03,LAS TERRENAS,032003,874cf3cdeffffff
https://www.inaturalist.org/observations/184440180,4424303681,Passiflora suberosa,Passiflora suberosa subsp. suberosa,Passifloraceae,Passiflora,SUBSPECIES,HUMAN_OBSERVATION,2023-09-22T13:01:12,2023,-69.557218,19.318758,3,50c9509d-22c7-4a22-a47d-8c48425ef4a7,iNaturalist,Observations,20,03,LAS TERRENAS,032003,874cf3cdeffffff
https://www.inaturalist.org/observations/184440221,4430547311,Conocarpus erectus,Conocarpus erectus L.,Combretaceae,Conocarpus,SPECIES,HUMAN_OBSERVATION,2023-09-22T13:04:23,2023,-69.557398,19.31847,5,50c9509d-22c7-4a22-a47d-8c48425ef4a7,iNaturalist,Observations,20,03,LAS TERRENAS,032003,874cf3cdeffffff
https://www.inaturalist.org/observations/184440331,4417147544,Laguncularia racemosa,Laguncularia racemosa (L.) C.F.Gaertn.,Combretaceae,Laguncularia,SPECIES,HUMAN_OBSERVATION,2023-09-22T13:06:38,2023,-69.557152,19.31843,7,50c9509d-22c7-4a22-a47d-8c48425ef4a7,iNaturalist,Observations,20,03,LAS TERRENAS,032003,874cf3cdeffffff
https://www.inaturalist.org/observations/184440394,4424166914,Thespesia populnea,Thespesia populnea (L.) Sol. ex Corrêa,Malvaceae,Thespesia,SPECIES,HUMAN_OBSERVATION,2023-09-22T13:07:35,2023,-69.557205,19.318432,5,50c9509d-22c7-4a22-a47d-8c48425ef4a7,iNaturalist,Observations,20,03,LAS TERRENAS,032003,874cf3cdeffffff
https://www.inaturalist.org/observations/184440477,4430935269,Terminalia buceras,Terminalia buceras (L.) C.Wright,Combretaceae,Terminalia,SPECIES,HUMAN_OBSERVATION,2023-09-22T13:10:06,2023,-69.55757,19.318093,7,50c9509d-22c7-4a22-a47d-8c48425ef4a7,iNaturalist,Observations,20,03,LAS TERRENAS,032003,874cf3cdeffffff
https://www.inaturalist.org/observations/184440666,4430478263,Palicourea pubescens,Palicourea pubescens (Sw.) Borhidi,Rubiaceae,Palicourea,SPECIES,HUMAN_OBSERVATION,2023-09-22T13:16:46,2023,-69.559342,19.318002,7,50c9509d-22c7-4a22-a47d-8c48425ef4a7,iNaturalist,Observations,20,03,LAS TERRENAS,032003,874cf3cdeffffff
https://www.inaturalist.org/observations/184440805,5007970012,Gouania polygama,Gouania polygama (Jacq.) Urb.,Rhamnaceae,Gouania,SPECIES,HUMAN_OBSERVATION,2023-09-22T13:19:10,2023,-69.559262,19.317902,6,50c9509d-22c7-4a22-a47d-8c48425ef4a7,iNaturalist,Observations,20,03,LAS TERRENAS,032003,874cf3cdeffffff
https://www.inaturalist.org/observations/184440886,4430522304,Hamelia patens,Hamelia patens Jacq.,Rubiaceae,Hamelia,SPECIES,HUMAN_OBSERVATION,2023-09-22T13:21:49,2023,-69.55966,19.317988,6,50c9509d-22c7-4a22-a47d-8c48425ef4a7,iNaturalist,Observations,20,03,LAS TERRENAS,032003,874cf3cdeffffff
https://www.inaturalist.org/observations/184440987,4420932770,Serjania polyphylla,Serjania polyphylla (L.) Poir. ex Steud.,Sapindaceae,Serjania,SPECIES,HUMAN_OBSERVATION,2023-09-22T13:26:30,2023,-69.558887,19.319123,6,50c9509d-22c7-4a22-a47d-8c48425ef4a7,iNaturalist,Observations,20,03,LAS TERRENAS,032003,874cf3cdeffffff
https://www.inaturalist.org/observations/184441058,4417035808,Thespesia populnea,Thespesia populnea (L.) Sol. ex Corrêa,Malvaceae,Thespesia,SPECIES,HUMAN_OBSERVATION,2023-09-22T13:29:32,2023,-69.55889,19.319463,8,50c9509d-22c7-4a22-a47d-8c48425ef4a7,iNaturalist,Observations,20,03,LAS TERRENAS,032003,874cf3cdeffffff
https://www.inaturalist.org/observations/184441168,4417077785,Coccoloba uvifera,Coccoloba uvifera (L.) L.,Polygonaceae,Coccoloba,SPECIES,HUMAN_OBSERVATION,2023-09-22T13:35:11,2023,-69.558707,19.319452,8,50c9509d-22c7-4a22-a47d-8c48425ef4a7,iNaturalist,Observations,20,03,LAS TERRENAS,032003,874cf3cdeffffff
https://www.inaturalist.org/observations/184441236,4430525368,Spigelia anthelmia,Spigelia anthelmia L.,Loganiaceae,Spigelia,SPECIES,HUMAN_OBSERVATION,2023-09-22T13:40:15,2023,-69.558827,19.319382,6,50c9509d-22c7-4a22-a47d-8c48425ef4a7,iNaturalist,Observations,20,03,LAS TERRENAS,032003,874cf3cdeffffff
https://www.inaturalist.org/observations/184441285,4430944231,Morinda citrifolia,Morinda citrifolia L.,Rubiaceae,Morinda,SPECIES,HUMAN_OBSERVATION,2023-09-22T13:40:46,2023,-69.558847,19.31942,6,50c9509d-22c7-4a22-a47d-8c48425ef4a7,iNaturalist,Observations,20,03,LAS TERRENAS,032003,874cf3cdeffffff
https://www.inaturalist.org/observations/184441370,4430445251,Varronia polycephala,Varronia polycephala Lam.,Cordiaceae,Varronia,SPECIES,HUMAN_OBSERVATION,2023-09-22T13:48:04,2023,-69.559372,19.319123,4,50c9509d-22c7-4a22-a47d-8c48425ef4a7,iNaturalist,Observations,20,03,LAS TERRENAS,032003,874cf3cdeffffff
https://www.inaturalist.org/observations/184442029,4421003932,Paullinia pinnata,Paullinia pinnata L.,Sapindaceae,Paullinia,SPECIES,HUMAN_OBSERVATION,2023-09-22T14:09:56,2023,-69.560082,19.318957,6,50c9509d-22c7-4a22-a47d-8c48425ef4a7,iNaturalist,Observations,20,03,LAS TERRENAS,032003,874cf3cdeffffff
https://www.inaturalist.org/observations/184442151,4416649132,Passiflora rubra,Passiflora rubra L.,Passifloraceae,Passiflora,SPECIES,HUMAN_OBSERVATION,2023-09-22T14:10:55,2023,-69.560142,19.319053,6,50c9509d-22c7-4a22-a47d-8c48425ef4a7,iNaturalist,Observations,20,03,LAS TERRENAS,032003,874cf3cd3ffffff
https://www.inaturalist.org/observations/184442347,4417073752,Paullinia pinnata,Paullinia pinnata L.,Sapindaceae,Paullinia,SPECIES,HUMAN_OBSERVATION,2023-09-22T14:17:50,2023,-69.56044,19.319218,5,50c9509d-22c7-4a22-a47d-8c48425ef4a7,iNaturalist,Observations,20,03,LAS TERRENAS,032003,874cf3cd3ffffff
https://www.inaturalist.org/observations/184442440,4596833358,Cyathea arborea,Cyathea arborea (L.) Sm.,Cyatheaceae,Cyathea,SPECIES,HUMAN_OBSERVATION,2023-09-22T14:19:12,2023,-69.56047,19.319308,5,50c9509d-22c7-4a22-a47d-8c48425ef4a7,iNaturalist,Observations,20,03,LAS TERRENAS,032003,874cf3cd3ffffff
https://www.inaturalist.org/observations/184442821,4417094531,Eulophia maculata,Eulophia maculata (Lindl.) Rchb.f.,Orchidaceae,Eulophia,SPECIES,HUMAN_OBSERVATION,2023-09-22T14:25:27,2023,-69.56079,19.319597,4,50c9509d-22c7-4a22-a47d-8c48425ef4a7,iNaturalist,Observations,20,03,LAS TERRENAS,032003,874cf3cd3ffffff
https://www.inaturalist.org/observations/184442867,4430484194,Acrostichum aureum,Acrostichum aureum L.,Pteridaceae,Acrostichum,SPECIES,HUMAN_OBSERVATION,2023-09-22T14:29:23,2023,-69.561468,19.319465,6,50c9509d-22c7-4a22-a47d-8c48425ef4a7,iNaturalist,Observations,20,03,LAS TERRENAS,032003,874cf3cd3ffffff
https://www.inaturalist.org/observations/184443116,4430948263,Terminalia catappa,Terminalia catappa L.,Combretaceae,Terminalia,SPECIES,HUMAN_OBSERVATION,2023-09-22T14:37:57,2023,-69.56167,19.319627,7,50c9509d-22c7-4a22-a47d-8c48425ef4a7,iNaturalist,Observations,20,03,LAS TERRENAS,032003,874cf3cd3ffffff
https://www.inaturalist.org/observations/184443173,4416795174,Passiflora multiflora,Passiflora multiflora L.,Passifloraceae,Passiflora,SPECIES,HUMAN_OBSERVATION,2023-09-22T14:39:01,2023,-69.561522,19.319527,5,50c9509d-22c7-4a22-a47d-8c48425ef4a7,iNaturalist,Observations,20,03,LAS TERRENAS,032003,874cf3cd3ffffff
https://www.inaturalist.org/observations/184443259,4417148704,Spondias mombin,Spondias mombin Jacq.,Anacardiaceae,Spondias,SPECIES,HUMAN_OBSERVATION,2023-09-22T14:52:15,2023,-69.559463,19.319013,8,50c9509d-22c7-4a22-a47d-8c48425ef4a7,iNaturalist,Observations,20,03,LAS TERRENAS,032003,874cf3cdeffffff
https://www.inaturalist.org/observations/184443316,4417094534,Pinochia corymbosa,Pinochia corymbosa (Jacq.) M.E.Endress & B.F.Hansen,Apocynaceae,Pinochia,SPECIES,HUMAN_OBSERVATION,2023-09-22T14:59:52,2023,-69.558125,19.318675,5,50c9509d-22c7-4a22-a47d-8c48425ef4a7,iNaturalist,Observations,20,03,LAS TERRENAS,032003,874cf3cdeffffff
https://www.inaturalist.org/observations/184939317,4420917733,Passiflora rubra,Passiflora rubra L.,Passifloraceae,Passiflora,SPECIES,HUMAN_OBSERVATION,2023-09-03T11:54:18,2023,-69.550393,19.28974,39,50c9509d-22c7-4a22-a47d-8c48425ef4a7,iNaturalist,Observations,20,03,LAS TERRENAS,032003,874cf3cdaffffff
https://www.inaturalist.org/observations/187146958,4430549003,Pinochia corymbosa,Pinochia corymbosa (Jacq.) M.E.Endress & B.F.Hansen,Apocynaceae,Pinochia,SPECIES,HUMAN_OBSERVATION,2023-09-25T09:21:30,2023,-69.558376,19.318462,72,50c9509d-22c7-4a22-a47d-8c48425ef4a7,iNaturalist,Observations,20,03,LAS TERRENAS,032003,874cf3cdeffffff
https://www.inaturalist.org/observations/191219877,4442664513,Valonia ventricosa,Valonia ventricosa J. Agardh,Valoniaceae,Valonia,SPECIES,HUMAN_OBSERVATION,2023-11-16T14:23:14,2023,-69.48403,19.32352,4,50c9509d-22c7-4a22-a47d-8c48425ef4a7,iNaturalist,Observations,20,03,LAS TERRENAS,032003,874cf3cccffffff
https://www.inaturalist.org/observations/191281673,4453731418,Kigelia africana,Kigelia africana (Lam.) Benth.,Bignoniaceae,Kigelia,SPECIES,HUMAN_OBSERVATION,2023-11-13T15:48:59,2023,-69.494683,19.323413,3,50c9509d-22c7-4a22-a47d-8c48425ef4a7,iNaturalist,Observations,20,03,LAS TERRENAS,032003,874cf3cc1ffffff
https://www.inaturalist.org/observations/191773431,4453992817,Pinochia corymbosa,Pinochia corymbosa (Jacq.) M.E.Endress & B.F.Hansen,Apocynaceae,Pinochia,SPECIES,HUMAN_OBSERVATION,2023-11-22T11:04:29,2023,-69.557737,19.318578,5,50c9509d-22c7-4a22-a47d-8c48425ef4a7,iNaturalist,Observations,20,03,LAS TERRENAS,032003,874cf3cdeffffff
https://www.inaturalist.org/observations/191773712,4453763820,Pavonia paludicola,Pavonia paludicola Nicolson ex Fryxell,Malvaceae,Pavonia,SPECIES,HUMAN_OBSERVATION,2023-11-22T11:15:26,2023,-69.55684,19.318233,4,50c9509d-22c7-4a22-a47d-8c48425ef4a7,iNaturalist,Observations,20,03,LAS TERRENAS,032003,874cf3cdeffffff
https://www.inaturalist.org/observations/191774196,4453754567,Rhizophora mangle,Rhizophora mangle L.,Rhizophoraceae,Rhizophora,SPECIES,HUMAN_OBSERVATION,2023-11-22T11:18:14,2023,-69.556753,19.318148,4,50c9509d-22c7-4a22-a47d-8c48425ef4a7,iNaturalist,Observations,20,03,LAS TERRENAS,032003,874cf3cdeffffff
https://www.inaturalist.org/observations/191774264,4524954973,Melothria pendula,Melothria pendula L.,Cucurbitaceae,Melothria,SPECIES,HUMAN_OBSERVATION,2023-11-22T11:22:50,2023,-69.556233,19.317662,4,50c9509d-22c7-4a22-a47d-8c48425ef4a7,iNaturalist,Observations,20,03,LAS TERRENAS,032003,874cf3cdeffffff
https://www.inaturalist.org/observations/191774499,4453682155,Aristolochia trilobata,Aristolochia trilobata L.,Aristolochiaceae,Aristolochia,SPECIES,HUMAN_OBSERVATION,2023-11-22T11:29:16,2023,-69.556827,19.318185,5,50c9509d-22c7-4a22-a47d-8c48425ef4a7,iNaturalist,Observations,20,03,LAS TERRENAS,032003,874cf3cdeffffff
https://www.inaturalist.org/observations/191776904,4454024618,Ipomoea imperati,Ipomoea imperati (Vahl) Griseb.,Convolvulaceae,Ipomoea,SPECIES,HUMAN_OBSERVATION,2023-11-22T11:38:22,2023,-69.557195,19.318695,5,50c9509d-22c7-4a22-a47d-8c48425ef4a7,iNaturalist,Observations,20,03,LAS TERRENAS,032003,874cf3cdeffffff
https://www.inaturalist.org/observations/191777046,4453994771,Valonia ventricosa,Valonia ventricosa J. Agardh,Valoniaceae,Valonia,SPECIES,HUMAN_OBSERVATION,2023-11-22T11:51:24,2023,-69.553357,19.32371,3,50c9509d-22c7-4a22-a47d-8c48425ef4a7,iNaturalist,Observations,20,03,LAS TERRENAS,032003,874cf3cd1ffffff
https://www.inaturalist.org/observations/191777066,4453759677,Erigeron bellioides,Erigeron bellioides DC.,Asteraceae,Erigeron,SPECIES,HUMAN_OBSERVATION,2023-11-22T12:04:22,2023,-69.54587,19.326647,6,50c9509d-22c7-4a22-a47d-8c48425ef4a7,iNaturalist,Observations,20,03,LAS TERRENAS,032003,874cf3cd1ffffff
https://www.inaturalist.org/observations/191777131,4453851830,Anemia adiantifolia,Anemia adiantifolia (L.) Sw.,Anemiaceae,Anemia,SPECIES,HUMAN_OBSERVATION,2023-11-22T12:05:58,2023,-69.545738,19.32669,4,50c9509d-22c7-4a22-a47d-8c48425ef4a7,iNaturalist,Observations,20,03,LAS TERRENAS,032003,874cf3cd1ffffff
https://www.inaturalist.org/observations/191777209,4453783725,Chrysalidocarpus lutescens,Chrysalidocarpus lutescens H.Wendl.,Arecaceae,Chrysalidocarpus,SPECIES,HUMAN_OBSERVATION,2023-11-22T13:08:32,2023,-69.551948,19.298568,7,50c9509d-22c7-4a22-a47d-8c48425ef4a7,iNaturalist,Observations,20,03,LAS TERRENAS,032003,874cf3cdaffffff
https://www.inaturalist.org/observations/194124898,4516699546,Acrostichum aureum,Acrostichum aureum L.,Pteridaceae,Acrostichum,SPECIES,HUMAN_OBSERVATION,2023-12-16T14:51:12,2023,-69.579055,19.29847,NA,50c9509d-22c7-4a22-a47d-8c48425ef4a7,iNaturalist,Observations,20,03,LAS TERRENAS,032003,874cf3528ffffff
https://www.inaturalist.org/observations/194129036,4510128398,Coccoloba uvifera,Coccoloba uvifera (L.) L.,Polygonaceae,Coccoloba,SPECIES,HUMAN_OBSERVATION,2023-12-16T11:30:31,2023,-69.488158,19.322601,NA,50c9509d-22c7-4a22-a47d-8c48425ef4a7,iNaturalist,Observations,20,03,LAS TERRENAS,032003,874cf3cc1ffffff
https://www.inaturalist.org/observations/198813839,4525108717,Pandanus tectorius,Pandanus tectorius Parkinson,Pandanaceae,Pandanus,SPECIES,HUMAN_OBSERVATION,2024-02-09T11:42:05,2024,-69.49615,19.322654,5,50c9509d-22c7-4a22-a47d-8c48425ef4a7,iNaturalist,Observations,20,03,LAS TERRENAS,032003,874cf3cc1ffffff
https://www.inaturalist.org/observations/198814198,4522646768,Stachytarpheta cayennensis,Stachytarpheta cayennensis (Rich.) Vahl,Verbenaceae,Stachytarpheta,SPECIES,HUMAN_OBSERVATION,2024-02-09T11:47:27,2024,-69.496179,19.322193,8,50c9509d-22c7-4a22-a47d-8c48425ef4a7,iNaturalist,Observations,20,03,LAS TERRENAS,032003,874cf3cc1ffffff
https://www.inaturalist.org/observations/198814631,4524982836,Kigelia africana,Kigelia africana (Lam.) Benth.,Bignoniaceae,Kigelia,SPECIES,HUMAN_OBSERVATION,2024-02-09T11:54:42,2024,-69.495269,19.323657999999998,7,50c9509d-22c7-4a22-a47d-8c48425ef4a7,iNaturalist,Observations,20,03,LAS TERRENAS,032003,874cf3cc1ffffff
https://www.inaturalist.org/observations/201356737,4535770304,Coccoloba uvifera,Coccoloba uvifera (L.) L.,Polygonaceae,Coccoloba,SPECIES,HUMAN_OBSERVATION,2024-03-04T13:17:08,2024,-69.514503,19.326947,44,50c9509d-22c7-4a22-a47d-8c48425ef4a7,iNaturalist,Observations,20,03,LAS TERRENAS,032003,874cf3cc3ffffff
https://www.inaturalist.org/observations/201502111,4596849165,Spathodea campanulata,Spathodea campanulata Beauverd,Bignoniaceae,Spathodea,SPECIES,HUMAN_OBSERVATION,2022-04-14T15:26,2022,-69.582804,19.298567,116,50c9509d-22c7-4a22-a47d-8c48425ef4a7,iNaturalist,Observations,20,03,LAS TERRENAS,032003,874cf3528ffffff
https://www.inaturalist.org/observations/201502713,4596833142,Macroptilium lathyroides,Macroptilium lathyroides (L.) Urb.,Fabaceae,Macroptilium,SPECIES,HUMAN_OBSERVATION,2022-04-16T16:23,2022,-69.590906,19.295027,590,50c9509d-22c7-4a22-a47d-8c48425ef4a7,iNaturalist,Observations,20,03,LAS TERRENAS,032003,874cf3528ffffff
https://www.inaturalist.org/observations/201506235,4596861289,Sagittaria lancifolia,Sagittaria lancifolia L.,Alismataceae,Sagittaria,SPECIES,HUMAN_OBSERVATION,2022-04-16T16:21,2022,-69.590019,19.294181,98,50c9509d-22c7-4a22-a47d-8c48425ef4a7,iNaturalist,Observations,20,03,LAS TERRENAS,032003,874cf3528ffffff
https://www.inaturalist.org/observations/201507227,4597306134,Bletia patula,Bletia patula Hook.,Orchidaceae,Bletia,SPECIES,HUMAN_OBSERVATION,2022-04-16T16:48,2022,-69.590423,19.2941,200,50c9509d-22c7-4a22-a47d-8c48425ef4a7,iNaturalist,Observations,20,03,LAS TERRENAS,032003,874cf3528ffffff
https://www.inaturalist.org/observations/201507556,4596811236,Terminalia catappa,Terminalia catappa L.,Combretaceae,Terminalia,SPECIES,HUMAN_OBSERVATION,2022-04-16T17:01,2022,-69.5906,19.295277,414,50c9509d-22c7-4a22-a47d-8c48425ef4a7,iNaturalist,Observations,20,03,LAS TERRENAS,032003,874cf3528ffffff
https://www.inaturalist.org/observations/204441013,4606782653,Pseudobombax ellipticum,Pseudobombax ellipticum (Kunth) Dugand,Malvaceae,Pseudobombax,SPECIES,HUMAN_OBSERVATION,2024-03-29T15:40:57,2024,-69.495198,19.323677,7,50c9509d-22c7-4a22-a47d-8c48425ef4a7,iNaturalist,Observations,20,03,LAS TERRENAS,032003,874cf3cc1ffffff
https://www.inaturalist.org/observations/204441106,4921585089,Kigelia africana,Kigelia africana (Lam.) Benth.,Bignoniaceae,Kigelia,SPECIES,HUMAN_OBSERVATION,2024-03-29T15:42:19,2024,-69.495462,19.323515,12,50c9509d-22c7-4a22-a47d-8c48425ef4a7,iNaturalist,Observations,20,03,LAS TERRENAS,032003,874cf3cc1ffffff
https://www.inaturalist.org/observations/204454096,5903920010,Ravenala madagascariensis,Ravenala madagascariensis Sonn.,Strelitziaceae,Ravenala,SPECIES,HUMAN_OBSERVATION,2024-03-29T15:43:25,2024,-69.495748,19.323179,9,50c9509d-22c7-4a22-a47d-8c48425ef4a7,iNaturalist,Observations,20,03,LAS TERRENAS,032003,874cf3cc1ffffff
https://www.inaturalist.org/observations/216793824,5176993359,Microsorum grossum,Microsorum grossum (Langsd. & Fisch.) S.B.Andrews,Polypodiaceae,Microsorum,SPECIES,HUMAN_OBSERVATION,2024-05-19T10:32:57,2024,-69.491782,19.323338,3,50c9509d-22c7-4a22-a47d-8c48425ef4a7,iNaturalist,Observations,20,03,LAS TERRENAS,032003,874cf3cc1ffffff
https://www.inaturalist.org/observations/217047434,4868109914,Nephrolepis falcata,Nephrolepis falcata (Cav.) C.Chr.,Nephrolepidaceae,Nephrolepis,SPECIES,HUMAN_OBSERVATION,2024-05-20T07:35:27,2024,-69.492158,19.323022,5,50c9509d-22c7-4a22-a47d-8c48425ef4a7,iNaturalist,Observations,20,03,LAS TERRENAS,032003,874cf3cc1ffffff
https://www.inaturalist.org/observations/22143304,2826374339,Euphorbia heterophylla,Euphorbia heterophylla L.,Euphorbiaceae,Euphorbia,SPECIES,HUMAN_OBSERVATION,2019-03-12T14:12:05,2019,-69.55957,19.314993,NA,50c9509d-22c7-4a22-a47d-8c48425ef4a7,iNaturalist,Observations,20,03,LAS TERRENAS,032003,874cf3cdeffffff
https://www.inaturalist.org/observations/222514015,4921436394,Coccoloba uvifera,Coccoloba uvifera (L.) L.,Polygonaceae,Coccoloba,SPECIES,HUMAN_OBSERVATION,2024-06-13T14:21:38,2024,-69.535721,19.321757,11,50c9509d-22c7-4a22-a47d-8c48425ef4a7,iNaturalist,Observations,20,03,LAS TERRENAS,032003,874cf3cdcffffff
https://www.inaturalist.org/observations/22863925,2294410993,Cocos nucifera,Cocos nucifera L.,Arecaceae,Cocos,SPECIES,HUMAN_OBSERVATION,2007-06-27,2007,-69.555916,19.299298,4532,50c9509d-22c7-4a22-a47d-8c48425ef4a7,iNaturalist,Observations,20,03,LAS TERRENAS,032003,874cf3cdaffffff
https://www.inaturalist.org/observations/229035244,4908956813,Clusia rosea,Clusia rosea Jacq.,Clusiaceae,Clusia,SPECIES,HUMAN_OBSERVATION,2024-07-13T10:03:46,2024,-69.492673,19.322358,NA,50c9509d-22c7-4a22-a47d-8c48425ef4a7,iNaturalist,Observations,20,03,LAS TERRENAS,032003,874cf3cc1ffffff
https://www.inaturalist.org/observations/229036326,4908289953,Acrostichum danaeifolium,Acrostichum danaeifolium Langsd. & Fisch.,Pteridaceae,Acrostichum,SPECIES,HUMAN_OBSERVATION,2024-07-13T10:09:35,2024,-69.492511,19.32288,NA,50c9509d-22c7-4a22-a47d-8c48425ef4a7,iNaturalist,Observations,20,03,LAS TERRENAS,032003,874cf3cc1ffffff
https://www.inaturalist.org/observations/229043965,4908375730,Cassytha filiformis,Cassytha filiformis L.,Lauraceae,Cassytha,SPECIES,HUMAN_OBSERVATION,2024-07-13T10:03:26,2024,-69.49286,19.322266,NA,50c9509d-22c7-4a22-a47d-8c48425ef4a7,iNaturalist,Observations,20,03,LAS TERRENAS,032003,874cf3cc1ffffff
https://www.inaturalist.org/observations/229069041,4909153811,Sphagneticola trilobata,Sphagneticola trilobata (L.) Pruski,Asteraceae,Sphagneticola,SPECIES,HUMAN_OBSERVATION,2024-07-13T09:55:08,2024,-69.493056,19.322392,NA,50c9509d-22c7-4a22-a47d-8c48425ef4a7,iNaturalist,Observations,20,03,LAS TERRENAS,032003,874cf3cc1ffffff
https://www.inaturalist.org/observations/229137708,4925849786,Pentas lanceolata,Pentas lanceolata (Forssk.) Deflers,Rubiaceae,Pentas,SPECIES,HUMAN_OBSERVATION,2024-07-13T16:34:25,2024,-69.565954,19.313337,NA,50c9509d-22c7-4a22-a47d-8c48425ef4a7,iNaturalist,Observations,20,03,LAS TERRENAS,032003,874cf352dffffff
https://www.inaturalist.org/observations/229137815,4908265273,Rhizophora mangle,Rhizophora mangle L.,Rhizophoraceae,Rhizophora,SPECIES,HUMAN_OBSERVATION,2024-07-13T18:21:35,2024,-69.562556,19.315899,NA,50c9509d-22c7-4a22-a47d-8c48425ef4a7,iNaturalist,Observations,20,03,LAS TERRENAS,032003,874cf3cdeffffff
https://www.inaturalist.org/observations/229137991,4909297660,Conocarpus erectus,Conocarpus erectus L.,Combretaceae,Conocarpus,SPECIES,HUMAN_OBSERVATION,2024-07-13T18:19:20,2024,-69.562758,19.316017,NA,50c9509d-22c7-4a22-a47d-8c48425ef4a7,iNaturalist,Observations,20,03,LAS TERRENAS,032003,874cf3cd3ffffff
https://www.inaturalist.org/observations/229138090,4908564826,Thespesia populnea,Thespesia populnea (L.) Sol. ex Corrêa,Malvaceae,Thespesia,SPECIES,HUMAN_OBSERVATION,2024-07-13T18:18:13,2024,-69.562791,19.315904,NA,50c9509d-22c7-4a22-a47d-8c48425ef4a7,iNaturalist,Observations,20,03,LAS TERRENAS,032003,874cf3cdeffffff
https://www.inaturalist.org/observations/229138146,4908988783,Borrichia arborescens,Borrichia arborescens (L.) DC.,Asteraceae,Borrichia,SPECIES,HUMAN_OBSERVATION,2024-07-13T18:15:28,2024,-69.563015,19.315735,NA,50c9509d-22c7-4a22-a47d-8c48425ef4a7,iNaturalist,Observations,20,03,LAS TERRENAS,032003,874cf3cd3ffffff
https://www.inaturalist.org/observations/229164290,4908383166,Conocarpus erectus,Conocarpus erectus L.,Combretaceae,Conocarpus,SPECIES,HUMAN_OBSERVATION,2024-07-13T18:16:03,2024,-69.563117,19.315802,NA,50c9509d-22c7-4a22-a47d-8c48425ef4a7,iNaturalist,Observations,20,03,LAS TERRENAS,032003,874cf3cd3ffffff
https://www.inaturalist.org/observations/229293715,4908981312,Erithalis fruticosa,Erithalis fruticosa L.,Rubiaceae,Erithalis,SPECIES,HUMAN_OBSERVATION,2024-07-14T11:18:15,2024,-69.491547,19.323636,NA,50c9509d-22c7-4a22-a47d-8c48425ef4a7,iNaturalist,Observations,20,03,LAS TERRENAS,032003,874cf3cc1ffffff
https://www.inaturalist.org/observations/229299211,4909013407,Zoysia matrella,Zoysia matrella (L.) Merr.,Poaceae,Zoysia,SPECIES,HUMAN_OBSERVATION,2024-07-14T10:02:09,2024,-69.492262,19.324158,NA,50c9509d-22c7-4a22-a47d-8c48425ef4a7,iNaturalist,Observations,20,03,LAS TERRENAS,032003,874cf3cc1ffffff
https://www.inaturalist.org/observations/229300732,4909117817,Canavalia rosea,Canavalia rosea (Sw.) DC.,Fabaceae,Canavalia,SPECIES,HUMAN_OBSERVATION,2024-07-14T11:14:05,2024,-69.491349,19.32347,NA,50c9509d-22c7-4a22-a47d-8c48425ef4a7,iNaturalist,Observations,20,03,LAS TERRENAS,032003,874cf3cc1ffffff
https://www.inaturalist.org/observations/237120299,4936722489,Andira inermis,Andira inermis (W.Wright) Kunth ex DC.,Fabaceae,Andira,SPECIES,HUMAN_OBSERVATION,2024-08-15T08:58,2024,-69.547627,19.290353,575,50c9509d-22c7-4a22-a47d-8c48425ef4a7,iNaturalist,Observations,20,03,LAS TERRENAS,032003,874cf3cdaffffff
https://www.inaturalist.org/observations/237153782,4936165984,Flemingia strobilifera,Flemingia strobilifera (L.) W.T.Aiton,Fabaceae,Flemingia,SPECIES,HUMAN_OBSERVATION,2024-08-15T08:56,2024,-69.54936,19.292224,609,50c9509d-22c7-4a22-a47d-8c48425ef4a7,iNaturalist,Observations,20,03,LAS TERRENAS,032003,874cf3cdaffffff
https://www.inaturalist.org/observations/239479886,4936636288,Syzygium malaccense,Syzygium malaccense (L.) Merr. & L.M.Perry,Myrtaceae,Syzygium,SPECIES,HUMAN_OBSERVATION,2021-10-29T13:59:24,2021,-69.545967,19.2964,1355,50c9509d-22c7-4a22-a47d-8c48425ef4a7,iNaturalist,Observations,20,03,LAS TERRENAS,032003,874cf3cdaffffff
https://www.inaturalist.org/observations/240154569,4946665456,Cocos nucifera,Cocos nucifera L.,Arecaceae,Cocos,SPECIES,HUMAN_OBSERVATION,2024-09-06T11:38:36,2024,-69.598227,19.295191,5,50c9509d-22c7-4a22-a47d-8c48425ef4a7,iNaturalist,Observations,20,03,LAS TERRENAS,032003,874cf352affffff
https://www.inaturalist.org/observations/244318590,5062839956,Hura crepitans,Hura crepitans L.,Euphorbiaceae,Hura,SPECIES,HUMAN_OBSERVATION,2024-09-27T11:12:55,2024,-69.544954,19.285465,9,50c9509d-22c7-4a22-a47d-8c48425ef4a7,iNaturalist,Observations,20,03,LAS TERRENAS,032003,874cf3cdbffffff
https://www.inaturalist.org/observations/247113803,4954726512,Turnera ulmifolia,Turnera ulmifolia L.,Passifloraceae,Turnera,SPECIES,HUMAN_OBSERVATION,2024-10-13T09:41:28,2024,-69.544875,19.285941,37,50c9509d-22c7-4a22-a47d-8c48425ef4a7,iNaturalist,Observations,20,03,LAS TERRENAS,032003,874cf3cdbffffff
https://www.inaturalist.org/observations/255806291,5008336686,Coccoloba uvifera,Coccoloba uvifera (L.) L.,Polygonaceae,Coccoloba,SPECIES,HUMAN_OBSERVATION,2024-12-21T17:39:43,2024,-69.515138,19.325544,2200,50c9509d-22c7-4a22-a47d-8c48425ef4a7,iNaturalist,Observations,20,03,LAS TERRENAS,032003,874cf3cc3ffffff
https://www.inaturalist.org/observations/256792046,5007284730,Cocos nucifera,Cocos nucifera L.,Arecaceae,Cocos,SPECIES,HUMAN_OBSERVATION,2024-12-26T07:44:33,2024,-69.563208,19.315072,26,50c9509d-22c7-4a22-a47d-8c48425ef4a7,iNaturalist,Observations,20,03,LAS TERRENAS,032003,874cf3cdeffffff
https://www.inaturalist.org/observations/257693193,5006815094,Caesalpinia pulcherrima,Caesalpinia pulcherrima (L.) Sw.,Fabaceae,Caesalpinia,SPECIES,HUMAN_OBSERVATION,2025-01-06T11:48:19,2025,-69.576272,19.291412,12,50c9509d-22c7-4a22-a47d-8c48425ef4a7,iNaturalist,Observations,20,03,LAS TERRENAS,032003,874cf3529ffffff
https://www.inaturalist.org/observations/258964843,5063184546,Flemingia strobilifera,Flemingia strobilifera (L.) W.T.Aiton,Fabaceae,Flemingia,SPECIES,HUMAN_OBSERVATION,2025-01-19T13:39:48,2025,-69.561952,19.308405,4,50c9509d-22c7-4a22-a47d-8c48425ef4a7,iNaturalist,Observations,20,03,LAS TERRENAS,032003,874cf352dffffff
https://www.inaturalist.org/observations/259723172,5063480028,Coccoloba uvifera,Coccoloba uvifera (L.) L.,Polygonaceae,Coccoloba,SPECIES,HUMAN_OBSERVATION,2024-12-30T12:43:28,2024,-69.563713,19.314338,20,50c9509d-22c7-4a22-a47d-8c48425ef4a7,iNaturalist,Observations,20,03,LAS TERRENAS,032003,874cf352dffffff
https://www.inaturalist.org/observations/263766680,5087485642,Crescentia cujete,Crescentia cujete L.,Bignoniaceae,Crescentia,SPECIES,HUMAN_OBSERVATION,2025-03-03T11:47:57,2025,-69.494818,19.323448,7,50c9509d-22c7-4a22-a47d-8c48425ef4a7,iNaturalist,Observations,20,03,LAS TERRENAS,032003,874cf3cc1ffffff
https://www.inaturalist.org/observations/278542454,5154449776,Ceiba pentandra,Ceiba pentandra (L.) Gaertn.,Malvaceae,Ceiba,SPECIES,HUMAN_OBSERVATION,2025-05-04T14:04:03,2025,-69.564863,19.307913,152,50c9509d-22c7-4a22-a47d-8c48425ef4a7,iNaturalist,Observations,20,03,LAS TERRENAS,032003,874cf352dffffff
https://www.inaturalist.org/observations/28355561,2283202972,Cocos nucifera,Cocos nucifera L.,Arecaceae,Cocos,SPECIES,HUMAN_OBSERVATION,2019-07-07T07:50:51Z,2019,-69.574827,19.304991,65,50c9509d-22c7-4a22-a47d-8c48425ef4a7,iNaturalist,Observations,20,03,LAS TERRENAS,032003,874cf352dffffff
https://www.inaturalist.org/observations/288597341,5760231167,Pleopeltis astrolepis,Pleopeltis astrolepis (Liebm.) E.Fourn.,Polypodiaceae,Pleopeltis,SPECIES,HUMAN_OBSERVATION,2025-06-10T17:00:20,2025,-69.52983,19.262613,3,50c9509d-22c7-4a22-a47d-8c48425ef4a7,iNaturalist,Observations,20,03,LAS TERRENAS,032003,874cf3575ffffff
https://www.inaturalist.org/observations/296682395,5282633568,Morinda citrifolia,Morinda citrifolia L.,Rubiaceae,Morinda,SPECIES,HUMAN_OBSERVATION,2025-07-09T16:21:54,2025,-69.55449,19.289806,4810,50c9509d-22c7-4a22-a47d-8c48425ef4a7,iNaturalist,Observations,20,03,LAS TERRENAS,032003,874cf3cdaffffff
https://www.inaturalist.org/observations/297000079,5230128442,Thespesia populnea,Thespesia populnea (L.) Sol. ex Corrêa,Malvaceae,Thespesia,SPECIES,HUMAN_OBSERVATION,2025-07-10T16:37:27,2025,-69.55449,19.289806,4810,50c9509d-22c7-4a22-a47d-8c48425ef4a7,iNaturalist,Observations,20,03,LAS TERRENAS,032003,874cf3cdaffffff
https://www.inaturalist.org/observations/310519093,5761093846,Leucaena leucocephala,Leucaena leucocephala (Lam.) de Wit,Fabaceae,Leucaena,SPECIES,HUMAN_OBSERVATION,2025-07-26T08:22:17,2025,-69.525475,19.323312,4,50c9509d-22c7-4a22-a47d-8c48425ef4a7,iNaturalist,Observations,20,03,LAS TERRENAS,032003,874cf3cdcffffff
https://www.inaturalist.org/observations/310519195,5761103160,Stigmaphyllon emarginatum,Stigmaphyllon emarginatum (Cav.) A.Juss.,Malpighiaceae,Stigmaphyllon,SPECIES,HUMAN_OBSERVATION,2025-07-26T08:22:39,2025,-69.525513,19.323303,4,50c9509d-22c7-4a22-a47d-8c48425ef4a7,iNaturalist,Observations,20,03,LAS TERRENAS,032003,874cf3cdcffffff
https://www.inaturalist.org/observations/310519216,5760078513,Coccoloba uvifera,Coccoloba uvifera (L.) L.,Polygonaceae,Coccoloba,SPECIES,HUMAN_OBSERVATION,2025-07-22T13:46:51,2025,-69.536537,19.322205,19,50c9509d-22c7-4a22-a47d-8c48425ef4a7,iNaturalist,Observations,20,03,LAS TERRENAS,032003,874cf3cdcffffff
https://www.inaturalist.org/observations/325173031,5897732059,Coccoloba uvifera,Coccoloba uvifera (L.) L.,Polygonaceae,Coccoloba,SPECIES,HUMAN_OBSERVATION,2025-11-05T20:23:36,2025,-69.546019,19.326681,NA,50c9509d-22c7-4a22-a47d-8c48425ef4a7,iNaturalist,Observations,20,03,LAS TERRENAS,032003,874cf3cd1ffffff
https://www.inaturalist.org/observations/331818996,5936189206,Thespesia populnea,Thespesia populnea (L.) Sol. ex Corrêa,Malvaceae,Thespesia,SPECIES,HUMAN_OBSERVATION,2025-12-23T12:55:52,2025,-69.562858,19.316044,NA,50c9509d-22c7-4a22-a47d-8c48425ef4a7,iNaturalist,Observations,20,03,LAS TERRENAS,032003,874cf3cd3ffffff
https://www.inaturalist.org/observations/331846453,6130219136,Ipomoea imperati,Ipomoea imperati (Vahl) Griseb.,Convolvulaceae,Ipomoea,SPECIES,HUMAN_OBSERVATION,2025-12-23T16:00:53,2025,-69.561967,19.319156,NA,50c9509d-22c7-4a22-a47d-8c48425ef4a7,iNaturalist,Observations,20,03,LAS TERRENAS,032003,874cf3cd3ffffff
https://www.inaturalist.org/observations/332429223,5936419427,Entada gigas,Entada gigas (L.) Fawc. & Rendle,Fabaceae,Entada,SPECIES,HUMAN_OBSERVATION,2025-12-28T08:51:35,2025,-69.565003,19.312628,NA,50c9509d-22c7-4a22-a47d-8c48425ef4a7,iNaturalist,Observations,20,03,LAS TERRENAS,032003,874cf352dffffff
https://www.inaturalist.org/observations/333096935,5938453427,Cocos nucifera,Cocos nucifera L.,Arecaceae,Cocos,SPECIES,HUMAN_OBSERVATION,2025-12-30T18:08:43,2025,-69.552778,19.324522,20,50c9509d-22c7-4a22-a47d-8c48425ef4a7,iNaturalist,Observations,20,03,LAS TERRENAS,032003,874cf3cd1ffffff
https://www.inaturalist.org/observations/335620738,6130247608,Coccoloba uvifera,Coccoloba uvifera (L.) L.,Polygonaceae,Coccoloba,SPECIES,HUMAN_OBSERVATION,2026-01-21T14:30:07,2026,-69.569323,19.310776,1067,50c9509d-22c7-4a22-a47d-8c48425ef4a7,iNaturalist,Observations,20,03,LAS TERRENAS,032003,874cf352dffffff
https://www.inaturalist.org/observations/336242844,6130967522,Piper aduncum,Piper aduncum L.,Piperaceae,Piper,SPECIES,HUMAN_OBSERVATION,2025-11-30T11:19:44,2025,-69.61177,19.291692,3,50c9509d-22c7-4a22-a47d-8c48425ef4a7,iNaturalist,Observations,20,03,LAS TERRENAS,032003,874cf352affffff
https://www.inaturalist.org/observations/337546202,6147352076,Punica granatum,Punica granatum L.,Lythraceae,Punica,SPECIES,HUMAN_OBSERVATION,2026-01-19T11:49:18,2026,-69.545469,19.326291,9,50c9509d-22c7-4a22-a47d-8c48425ef4a7,iNaturalist,Observations,20,03,LAS TERRENAS,032003,874cf3cd1ffffff
https://www.inaturalist.org/observations/338069754,6185256324,Thunbergia grandiflora,Thunbergia grandiflora (Roxb. ex Rottler) Roxb.,Acanthaceae,Thunbergia,SPECIES,HUMAN_OBSERVATION,2026-02-10T08:16,2026,-69.583626,19.298723,88,50c9509d-22c7-4a22-a47d-8c48425ef4a7,iNaturalist,Observations,20,03,LAS TERRENAS,032003,874cf3528ffffff
https://www.inaturalist.org/observations/340600597,6170907087,Seemannia sylvatica,Seemannia sylvatica (Kunth) Hanst.,Gesneriaceae,Seemannia,SPECIES,HUMAN_OBSERVATION,2026-02-28T10:58:11,2026,-69.551114,19.278052,1495,50c9509d-22c7-4a22-a47d-8c48425ef4a7,iNaturalist,Observations,20,03,LAS TERRENAS,032003,874cf3574ffffff
https://www.inaturalist.org/observations/341923295,6179220670,Valonia ventricosa,Valonia ventricosa J. Agardh,Valoniaceae,Valonia,SPECIES,HUMAN_OBSERVATION,2026-03-08T14:23:52,2026,-69.562997,19.3152,3,50c9509d-22c7-4a22-a47d-8c48425ef4a7,iNaturalist,Observations,20,03,LAS TERRENAS,032003,874cf3cdeffffff
https://www.inaturalist.org/observations/358638871,6274196041,Sphagneticola gracilis,Sphagneticola gracilis (Rich.) Pruski,Asteraceae,Sphagneticola,SPECIES,HUMAN_OBSERVATION,2026-04-30T12:36,2026,-69.496503,19.32222,8,50c9509d-22c7-4a22-a47d-8c48425ef4a7,iNaturalist,Observations,20,03,LAS TERRENAS,032003,874cf3cc1ffffff
https://www.inaturalist.org/observations/360658606,6273826705,Mangifera indica,Mangifera indica L.,Anacardiaceae,Mangifera,SPECIES,HUMAN_OBSERVATION,2026-05-11T14:00:17,2026,-69.536338,19.317367,4,50c9509d-22c7-4a22-a47d-8c48425ef4a7,iNaturalist,Observations,20,03,LAS TERRENAS,032003,874cf3cdcffffff
https://www.inaturalist.org/observations/368995615,6400091936,Cyperus alternifolius,Cyperus alternifolius subsp. flabelliformis Kük.,Cyperaceae,Cyperus,SUBSPECIES,HUMAN_OBSERVATION,2026-06-01T13:14:25,2026,-69.49171,19.323402,15,50c9509d-22c7-4a22-a47d-8c48425ef4a7,iNaturalist,Observations,20,03,LAS TERRENAS,032003,874cf3cc1ffffff
https://www.inaturalist.org/observations/369142633,6400917591,Terminalia catappa,Terminalia catappa L.,Combretaceae,Terminalia,SPECIES,HUMAN_OBSERVATION,2026-06-06T14:20:18,2026,-69.535565,19.322508,9,50c9509d-22c7-4a22-a47d-8c48425ef4a7,iNaturalist,Observations,20,03,LAS TERRENAS,032003,874cf3cdcffffff
https://www.inaturalist.org/observations/37042305,2543038831,Passiflora murucuja,Passiflora murucuja L.,Passifloraceae,Passiflora,SPECIES,HUMAN_OBSERVATION,2019-12-27T10:02:43Z,2019,-69.611743,19.291728,4,50c9509d-22c7-4a22-a47d-8c48425ef4a7,iNaturalist,Observations,20,03,LAS TERRENAS,032003,874cf352affffff
https://www.inaturalist.org/observations/371278802,6399540568,Ipomoea tiliacea,Ipomoea tiliacea (Willd.) Choisy,Convolvulaceae,Ipomoea,SPECIES,HUMAN_OBSERVATION,2026-01-28T11:49:06,2026,-69.577928,19.299225,4,50c9509d-22c7-4a22-a47d-8c48425ef4a7,iNaturalist,Observations,20,03,LAS TERRENAS,032003,874cf3528ffffff
https://www.inaturalist.org/observations/376406017,6422590381,Cocos nucifera,Cocos nucifera L.,Arecaceae,Cocos,SPECIES,HUMAN_OBSERVATION,2026-04-17T11:00:49,2026,-69.574747,19.310889,NA,50c9509d-22c7-4a22-a47d-8c48425ef4a7,iNaturalist,Observations,20,03,LAS TERRENAS,032003,874cf352dffffff
https://www.inaturalist.org/observations/39840342,2813931450,Rhizophora mangle,Rhizophora mangle L.,Rhizophoraceae,Rhizophora,SPECIES,HUMAN_OBSERVATION,2019-10-15T15:11,2019,-69.482308,19.324415,10,50c9509d-22c7-4a22-a47d-8c48425ef4a7,iNaturalist,Observations,20,03,LAS TERRENAS,032003,874cf3cccffffff
https://www.inaturalist.org/observations/63969550,2980818810,Cocos nucifera,Cocos nucifera L.,Arecaceae,Cocos,SPECIES,HUMAN_OBSERVATION,2013-03-08T11:34Z,2013,-69.598043,19.296219,23,50c9509d-22c7-4a22-a47d-8c48425ef4a7,iNaturalist,Observations,20,03,LAS TERRENAS,032003,874cf352affffff
https://www.inaturalist.org/observations/64507548,4046586390,Thespesia populnea,Thespesia populnea (L.) Sol. ex Corrêa,Malvaceae,Thespesia,SPECIES,HUMAN_OBSERVATION,2020-09-13T14:09:45,2020,-69.562966,19.316363,NA,50c9509d-22c7-4a22-a47d-8c48425ef4a7,iNaturalist,Observations,20,03,LAS TERRENAS,032003,874cf3cd3ffffff
https://www.inaturalist.org/observations/64776614,2988548843,Ricinus communis,Ricinus communis L.,Euphorbiaceae,Ricinus,SPECIES,HUMAN_OBSERVATION,2020-11-09T17:23:14,2020,-69.535203,19.318997,NA,50c9509d-22c7-4a22-a47d-8c48425ef4a7,iNaturalist,Observations,20,03,LAS TERRENAS,032003,874cf3cdcffffff
https://www.inaturalist.org/observations/65373407,2988386657,Epipremnum aureum,Epipremnum aureum (Linden & André) G.S.Bunting,Araceae,Epipremnum,SPECIES,HUMAN_OBSERVATION,2020-11-09T16:47:47,2020,-69.529203,19.321339,NA,50c9509d-22c7-4a22-a47d-8c48425ef4a7,iNaturalist,Observations,20,03,LAS TERRENAS,032003,874cf3cdcffffff
https://www.inaturalist.org/observations/68757422,4054880351,Rhizophora mangle,Rhizophora mangle L.,Rhizophoraceae,Rhizophora,SPECIES,HUMAN_OBSERVATION,2021-01-27T15:30:52,2021,-69.485863,19.322997,5,50c9509d-22c7-4a22-a47d-8c48425ef4a7,iNaturalist,Observations,20,03,LAS TERRENAS,032003,874cf3cccffffff
https://www.inaturalist.org/observations/71885989,3355125466,Morinda citrifolia,Morinda citrifolia L.,Rubiaceae,Morinda,SPECIES,HUMAN_OBSERVATION,2021-03-21T18:50:18,2021,-69.526319,19.324272,NA,50c9509d-22c7-4a22-a47d-8c48425ef4a7,iNaturalist,Observations,20,03,LAS TERRENAS,032003,874cf3cdcffffff
https://www.inaturalist.org/observations/72087669,3079512151,Morinda citrifolia,Morinda citrifolia L.,Rubiaceae,Morinda,SPECIES,HUMAN_OBSERVATION,2021-03-25T17:00:41,2021,-69.484887,19.315405,8,50c9509d-22c7-4a22-a47d-8c48425ef4a7,iNaturalist,Observations,20,03,LAS TERRENAS,032003,874cf3cccffffff
https://www.inaturalist.org/observations/72459046,3070684317,Morinda citrifolia,Morinda citrifolia L.,Rubiaceae,Morinda,SPECIES,HUMAN_OBSERVATION,2021-03-30T13:43:45Z,2021,-69.555163,19.320897,4,50c9509d-22c7-4a22-a47d-8c48425ef4a7,iNaturalist,Observations,20,03,LAS TERRENAS,032003,874cf3cdeffffff
https://www.inaturalist.org/observations/74018018,3759824546,Phyla nodiflora,Phyla nodiflora (L.) Greene,Verbenaceae,Phyla,SPECIES,HUMAN_OBSERVATION,2021-04-10T18:26:03,2021,-69.497369,19.317806,NA,50c9509d-22c7-4a22-a47d-8c48425ef4a7,iNaturalist,Observations,20,03,LAS TERRENAS,032003,874cf3cceffffff
https://www.inaturalist.org/observations/95800289,4075631552,Bidens alba,Bidens alba (L.) DC.,Asteraceae,Bidens,SPECIES,HUMAN_OBSERVATION,2021-09-22T14:54:44,2021,-69.532762,19.323233,112,50c9509d-22c7-4a22-a47d-8c48425ef4a7,iNaturalist,Observations,20,03,LAS TERRENAS,032003,874cf3cdcffffff
https://www.inaturalist.org/observations/95800443,4075717569,Cyanthillium cinereum,Cyanthillium cinereum (L.) H.Rob.,Asteraceae,Cyanthillium,SPECIES,HUMAN_OBSERVATION,2021-09-22T12:36:49,2021,-69.5402,19.317463,10,50c9509d-22c7-4a22-a47d-8c48425ef4a7,iNaturalist,Observations,20,03,LAS TERRENAS,032003,874cf3cdcffffff
o-1003275336,2643529102,Turnera ulmifolia,Turnera ulmifolia L.,Passifloraceae,Turnera,SPECIES,HUMAN_OBSERVATION,2019-02-22T23:00Z,2019,-69.57105,19.31389,8,7a3679ef-5582-4aaa-81f0-8c2545cafc81,,,20,03,LAS TERRENAS,032003,874cf352dffffff
o-1003369303,3948970324,Casuarina cunninghamiana,Casuarina cunninghamiana Miq.,Casuarinaceae,Casuarina,SPECIES,HUMAN_OBSERVATION,2019-03-19T23:00Z,2019,-69.538612,19.321945,NA,7a3679ef-5582-4aaa-81f0-8c2545cafc81,,,20,03,LAS TERRENAS,032003,874cf3cdcffffff
o-1004308001,5109120748,Thespesia populnea,Thespesia populnea (L.) Sol. ex Corrêa,Malvaceae,Thespesia,SPECIES,HUMAN_OBSERVATION,2019-06-30T11:06:57Z,2019,-69.562976,19.316981,NA,7a3679ef-5582-4aaa-81f0-8c2545cafc81,,,20,03,LAS TERRENAS,032003,874cf3cd3ffffff
o-1009832388,5109171660,Chrysophyllum cainito,Chrysophyllum cainito L.,Sapotaceae,Chrysophyllum,SPECIES,HUMAN_OBSERVATION,2021-03-29T17:07:13Z,2021,-69.535262,19.321654,NA,7a3679ef-5582-4aaa-81f0-8c2545cafc81,,,20,03,LAS TERRENAS,032003,874cf3cdcffffff
o-1010326585,3949129222,Clusia rosea,Clusia rosea Jacq.,Clusiaceae,Clusia,SPECIES,HUMAN_OBSERVATION,2021-05-06T16:34:59Z,2021,-69.540677,19.321026,NA,7a3679ef-5582-4aaa-81f0-8c2545cafc81,,,20,03,LAS TERRENAS,032003,874cf3cdcffffff
o-1010635503,3949166192,Barringtonia asiatica,Barringtonia asiatica (L.) Kurz,Lecythidaceae,Barringtonia,SPECIES,HUMAN_OBSERVATION,2021-04-04T15:21:18Z,2021,-69.541601,19.32226,NA,7a3679ef-5582-4aaa-81f0-8c2545cafc81,,,20,03,LAS TERRENAS,032003,874cf3cdcffffff
o-1010707501,3949728155,Coccoloba uvifera,Coccoloba uvifera (L.) L.,Polygonaceae,Coccoloba,SPECIES,HUMAN_OBSERVATION,2021-05-26T11:06:57Z,2021,-69.479321,19.323713,NA,7a3679ef-5582-4aaa-81f0-8c2545cafc81,,,20,03,LAS TERRENAS,032003,874cf3cccffffff
o-1011748893,5109235594,Gliricidia sepium,Gliricidia sepium (Jacq.) Walp.,Fabaceae,Gliricidia,SPECIES,HUMAN_OBSERVATION,2021-08-16T12:33:51Z,2021,-69.593463,19.295915,9,7a3679ef-5582-4aaa-81f0-8c2545cafc81,,,20,03,LAS TERRENAS,032003,874cf3528ffffff
o-1012289965,5109301498,Terminalia catappa,Terminalia catappa L.,Combretaceae,Terminalia,SPECIES,HUMAN_OBSERVATION,2021-11-09T18:37:12.167Z,2021,-69.565906,19.313608,35,7a3679ef-5582-4aaa-81f0-8c2545cafc81,,,20,03,LAS TERRENAS,032003,874cf352dffffff
o-1012344608,3949789400,Xiphidium caeruleum,Xiphidium caeruleum Aubl.,Haemodoraceae,Xiphidium,SPECIES,HUMAN_OBSERVATION,2021-11-26T17:00:08.173Z,2021,-69.56585,19.29934,17,7a3679ef-5582-4aaa-81f0-8c2545cafc81,,,20,03,LAS TERRENAS,032003,874cf352dffffff
o-1012357431,3949691427,Colocasia esculenta,Colocasia esculenta (L.) Schott,Araceae,Colocasia,SPECIES,HUMAN_OBSERVATION,2021-11-21T09:59:24Z,2021,-69.542997,19.310752,NA,7a3679ef-5582-4aaa-81f0-8c2545cafc81,,,20,03,LAS TERRENAS,032003,874cf3cdeffffff
o-1012393647,3949481655,Cosmos sulphureus,Cosmos sulphureus Cav.,Asteraceae,Cosmos,SPECIES,HUMAN_OBSERVATION,2021-12-13T11:30:59Z,2021,-69.539923,19.318154,NA,7a3679ef-5582-4aaa-81f0-8c2545cafc81,,,20,03,LAS TERRENAS,032003,874cf3cdcffffff
o-1012419172,3949354016,Annona reticulata,Annona reticulata L.,Annonaceae,Annona,SPECIES,HUMAN_OBSERVATION,2021-12-18T14:54:26Z,2021,-69.541339,19.310165,NA,7a3679ef-5582-4aaa-81f0-8c2545cafc81,,,20,03,LAS TERRENAS,032003,874cf3cdeffffff
o-1012533789,3949846664,Cecropia schreberiana,Cecropia schreberiana Miq.,Urticaceae,Cecropia,SPECIES,HUMAN_OBSERVATION,2022-02-04T17:33:34Z,2022,-69.544761,19.313057,NA,7a3679ef-5582-4aaa-81f0-8c2545cafc81,,,20,03,LAS TERRENAS,032003,874cf3cdeffffff
o-1013248261,3949832229,Clusia rosea,Clusia rosea Jacq.,Clusiaceae,Clusia,SPECIES,HUMAN_OBSERVATION,2022-05-06T18:09:37Z,2022,-69.557623,19.31915,NA,7a3679ef-5582-4aaa-81f0-8c2545cafc81,,,20,03,LAS TERRENAS,032003,874cf3cdeffffff
o-1015035924,5109338334,Barleria cristata,Barleria cristata L.,Acanthaceae,Barleria,SPECIES,HUMAN_OBSERVATION,2022-08-11T11:03:01Z,2022,-69.545453,19.326314,NA,7a3679ef-5582-4aaa-81f0-8c2545cafc81,,,20,03,LAS TERRENAS,032003,874cf3cd1ffffff
o-1015053457,3997841730,Plumeria rubra,Plumeria rubra L.,Apocynaceae,Plumeria,SPECIES,HUMAN_OBSERVATION,2022-08-12T10:02:08Z,2022,-69.540736,19.320942,NA,7a3679ef-5582-4aaa-81f0-8c2545cafc81,,,20,03,LAS TERRENAS,032003,874cf3cdcffffff
o-1015053479,3997841731,Coccoloba uvifera,Coccoloba uvifera (L.) L.,Polygonaceae,Coccoloba,SPECIES,HUMAN_OBSERVATION,2022-08-12T10:15:50Z,2022,-69.545156,19.326589,NA,7a3679ef-5582-4aaa-81f0-8c2545cafc81,,,20,03,LAS TERRENAS,032003,874cf3cd1ffffff
o-1015053493,3997773723,Coccoloba uvifera,Coccoloba uvifera (L.) L.,Polygonaceae,Coccoloba,SPECIES,HUMAN_OBSERVATION,2022-08-12T10:15:56Z,2022,-69.545156,19.326589,NA,7a3679ef-5582-4aaa-81f0-8c2545cafc81,,,20,03,LAS TERRENAS,032003,874cf3cd1ffffff
o-1015846231,3997863691,Xiphidium caeruleum,Xiphidium caeruleum Aubl.,Haemodoraceae,Xiphidium,SPECIES,HUMAN_OBSERVATION,2022-10-21T10:21:54Z,2022,-69.565722,19.299204,49,7a3679ef-5582-4aaa-81f0-8c2545cafc81,,,20,03,LAS TERRENAS,032003,874cf352dffffff
o-1016023620,3997833529,Petrea volubilis,Petrea volubilis L.,Verbenaceae,Petrea,SPECIES,HUMAN_OBSERVATION,2022-11-12T11:16:54Z,2022,-69.540795,19.321056,NA,7a3679ef-5582-4aaa-81f0-8c2545cafc81,,,20,03,LAS TERRENAS,032003,874cf3cdcffffff
o-1016035730,3997831651,Hibiscus rosa-sinensis,Hibiscus rosa-sinensis L.,Malvaceae,Hibiscus,SPECIES,HUMAN_OBSERVATION,2022-11-14T11:11:16Z,2022,-69.534795,19.319743,20,7a3679ef-5582-4aaa-81f0-8c2545cafc81,,,20,03,LAS TERRENAS,032003,874cf3cdcffffff
o-1016197437,5109449179,Codiaeum variegatum,Codiaeum variegatum (L.) Rumph. ex A.Juss.,Euphorbiaceae,Codiaeum,SPECIES,HUMAN_OBSERVATION,2022-12-23T09:01:43.019Z,2022,-69.532997,19.322988,10,7a3679ef-5582-4aaa-81f0-8c2545cafc81,,,20,03,LAS TERRENAS,032003,874cf3cdcffffff
o-1016963070,5109491178,Flemingia strobilifera,Flemingia strobilifera (L.) W.T.Aiton,Fabaceae,Flemingia,SPECIES,HUMAN_OBSERVATION,2023-04-12T10:41:16Z,2023,-69.528887,19.313257,4,7a3679ef-5582-4aaa-81f0-8c2545cafc81,,,20,03,LAS TERRENAS,032003,874cf3cdcffffff
o-1016963167,5109508073,Commelina diffusa,Commelina diffusa Burm.f.,Commelinaceae,Commelina,SPECIES,HUMAN_OBSERVATION,2023-04-12T10:42:23Z,2023,-69.528878,19.313263,7,7a3679ef-5582-4aaa-81f0-8c2545cafc81,,,20,03,LAS TERRENAS,032003,874cf3cdcffffff
o-1019471382,5109688673,Tabebuia heterophylla,Tabebuia heterophylla (DC.) Britton,Bignoniaceae,Tabebuia,SPECIES,HUMAN_OBSERVATION,2023-08-06T12:33:26Z,2023,-69.565946,19.299181,NA,7a3679ef-5582-4aaa-81f0-8c2545cafc81,,,20,03,LAS TERRENAS,032003,874cf352dffffff
o-1020389885,5109806443,Urena lobata,Urena lobata L.,Malvaceae,Urena,SPECIES,HUMAN_OBSERVATION,2023-11-01T07:22:46Z,2023,-69.528852,19.31317,NA,7a3679ef-5582-4aaa-81f0-8c2545cafc81,,,20,03,LAS TERRENAS,032003,874cf3cdcffffff
o-1020389911,5109806444,Solanum torvum,Solanum torvum Sw.,Solanaceae,Solanum,SPECIES,HUMAN_OBSERVATION,2023-11-01T07:25:25Z,2023,-69.528832,19.31319,NA,7a3679ef-5582-4aaa-81f0-8c2545cafc81,,,20,03,LAS TERRENAS,032003,874cf3cdcffffff
o-1020532437,5109793362,Coccoloba uvifera,Coccoloba uvifera (L.) L.,Polygonaceae,Coccoloba,SPECIES,HUMAN_OBSERVATION,2023-11-27T19:11:48.779Z,2023,-69.495442,19.3253,5,7a3679ef-5582-4aaa-81f0-8c2545cafc81,,,20,03,LAS TERRENAS,032003,874cf3cc1ffffff
o-1020866886,5109989253,Coccoloba uvifera,Coccoloba uvifera (L.) L.,Polygonaceae,Coccoloba,SPECIES,HUMAN_OBSERVATION,2024-02-02T17:37:19Z,2024,-69.534393,19.323035,8,7a3679ef-5582-4aaa-81f0-8c2545cafc81,,,20,03,LAS TERRENAS,032003,874cf3cdcffffff
o-1020872734,5109834527,Asystasia gangetica,Asystasia gangetica (L.) T.Anderson,Acanthaceae,Asystasia,SPECIES,HUMAN_OBSERVATION,2024-02-03T14:35:40Z,2024,-69.534132,19.321644,16,7a3679ef-5582-4aaa-81f0-8c2545cafc81,,,20,03,LAS TERRENAS,032003,874cf3cdcffffff
o-1021013005,5109948968,Gliricidia sepium,Gliricidia sepium (Jacq.) Walp.,Fabaceae,Gliricidia,SPECIES,HUMAN_OBSERVATION,2024-02-26T14:42:33Z,2024,-69.528312,19.313204,8,7a3679ef-5582-4aaa-81f0-8c2545cafc81,,,20,03,LAS TERRENAS,032003,874cf3cdcffffff
o-1021062000,5109992100,Gliricidia sepium,Gliricidia sepium (Jacq.) Walp.,Fabaceae,Gliricidia,SPECIES,HUMAN_OBSERVATION,2024-03-04T12:56:05Z,2024,-69.528445,19.313149,7,7a3679ef-5582-4aaa-81f0-8c2545cafc81,,,20,03,LAS TERRENAS,032003,874cf3cdcffffff
o-1021463796,5109994412,Coccoloba uvifera,Coccoloba uvifera (L.) L.,Polygonaceae,Coccoloba,SPECIES,HUMAN_OBSERVATION,2024-04-06T14:58:51Z,2024,-69.565605,19.313719,16,7a3679ef-5582-4aaa-81f0-8c2545cafc81,,,20,03,LAS TERRENAS,032003,874cf352dffffff
o-1023894570,5110326477,Coccoloba uvifera,Coccoloba uvifera (L.) L.,Polygonaceae,Coccoloba,SPECIES,HUMAN_OBSERVATION,2024-07-19T16:56:06Z,2024,-69.583407,19.300399,NA,7a3679ef-5582-4aaa-81f0-8c2545cafc81,,,20,03,LAS TERRENAS,032003,874cf3528ffffff
o-1023894666,5110413343,Hibiscus rosa-sinensis,Hibiscus rosa-sinensis L.,Malvaceae,Hibiscus,SPECIES,HUMAN_OBSERVATION,2024-07-23T16:18:31Z,2024,-69.58016,19.298792,NA,7a3679ef-5582-4aaa-81f0-8c2545cafc81,,,20,03,LAS TERRENAS,032003,874cf3528ffffff
o-1023894694,5110144575,Codiaeum variegatum,Codiaeum variegatum (L.) Rumph. ex A.Juss.,Euphorbiaceae,Codiaeum,SPECIES,HUMAN_OBSERVATION,2024-07-22T16:55:10Z,2024,-69.580161,19.29987,NA,7a3679ef-5582-4aaa-81f0-8c2545cafc81,,,20,03,LAS TERRENAS,032003,874cf3528ffffff
o-1025220784,5110500240,Crinum asiaticum,Crinum asiaticum L.,Amaryllidaceae,Crinum,SPECIES,HUMAN_OBSERVATION,2024-11-13T20:17:27Z,2024,-69.538483,19.321725,10,7a3679ef-5582-4aaa-81f0-8c2545cafc81,,,20,03,LAS TERRENAS,032003,874cf3cdcffffff
o-1025231065,5110439414,Sanchezia oblonga,Sanchezia oblonga Ruiz & Pav.,Acanthaceae,Sanchezia,SPECIES,HUMAN_OBSERVATION,2024-11-15T15:04:12Z,2024,-69.543452,19.318939,4,7a3679ef-5582-4aaa-81f0-8c2545cafc81,,,20,03,LAS TERRENAS,032003,874cf3cdcffffff
o-1025254493,5110439639,Terminalia catappa,Terminalia catappa L.,Combretaceae,Terminalia,SPECIES,HUMAN_OBSERVATION,2024-11-18T15:22:04Z,2024,-69.549208,19.325922,4,7a3679ef-5582-4aaa-81f0-8c2545cafc81,,,20,03,LAS TERRENAS,032003,874cf3cd1ffffff
o-1025546089,5110362448,Borreria remota,Spermacoce remota Lam.,Rubiaceae,Borreria,SPECIES,HUMAN_OBSERVATION,2025-01-15T12:55:43Z,2025,-69.528809999999993,19.312983,9,7a3679ef-5582-4aaa-81f0-8c2545cafc81,,,20,03,LAS TERRENAS,032003,874cf3cdcffffff
q-10018716743,3998579310,Bougainvillea glabra,Bougainvillea glabra Choisy,Nyctaginaceae,Bougainvillea,SPECIES,HUMAN_OBSERVATION,2017-08-22T22:32:11.274Z,2017,-69.554205,19.322558,NA,14d5676a-2c54-4f94-9023-1e8dcd822aa0,,,20,03,LAS TERRENAS,032003,874cf3cdeffffff
q-10036860862,2644015029,Jatropha podagrica,Jatropha podagrica Hook.,Euphorbiaceae,Jatropha,SPECIES,HUMAN_OBSERVATION,2018-07-19T16:12:12.413Z,2018,-69.487433,19.312166,23,14d5676a-2c54-4f94-9023-1e8dcd822aa0,,,20,03,LAS TERRENAS,032003,874cf3cceffffff
q-10040013982,3951740437,Coccoloba uvifera,Coccoloba uvifera (L.) L.,Polygonaceae,Coccoloba,SPECIES,HUMAN_OBSERVATION,2018-08-15T22:34:31.147Z,2018,-69.494767,19.32523,NA,14d5676a-2c54-4f94-9023-1e8dcd822aa0,,,20,03,LAS TERRENAS,032003,874cf3cc1ffffff
q-10043328823,3955510374,Clitoria ternatea,Clitoria ternatea L.,Fabaceae,Clitoria,SPECIES,HUMAN_OBSERVATION,2018-09-14T21:48:05.307Z,2018,-69.567063,19.294503,10,14d5676a-2c54-4f94-9023-1e8dcd822aa0,,,20,03,LAS TERRENAS,032003,874cf3529ffffff
q-10044378862,3956437128,Coccoloba uvifera,Coccoloba uvifera (L.) L.,Polygonaceae,Coccoloba,SPECIES,HUMAN_OBSERVATION,2018-09-24T21:06:09.503Z,2018,-69.587567,19.299752,10,14d5676a-2c54-4f94-9023-1e8dcd822aa0,,,20,03,LAS TERRENAS,032003,874cf3528ffffff
q-10054739379,3951620487,Coccoloba uvifera,Coccoloba uvifera (L.) L.,Polygonaceae,Coccoloba,SPECIES,HUMAN_OBSERVATION,2018-04-25T17:19:55.826Z,2018,-69.56684,19.313099,12,14d5676a-2c54-4f94-9023-1e8dcd822aa0,,,20,03,LAS TERRENAS,032003,874cf352dffffff
q-10059935754,3953525031,Hibiscus schizopetalus,Hibiscus schizopetalus (Dyer) Hook.fil.,Malvaceae,Hibiscus,SPECIES,HUMAN_OBSERVATION,2019-01-06T17:11:24.825Z,2019,-69.574355,19.308437,NA,14d5676a-2c54-4f94-9023-1e8dcd822aa0,,,20,03,LAS TERRENAS,032003,874cf352dffffff
q-10061388178,3957813828,Erythrina poeppigiana,Erythrina poeppigiana (Walp.) O.F.Cook,Fabaceae,Erythrina,SPECIES,HUMAN_OBSERVATION,2019-02-10T01:19:45.024Z,2019,-69.580542,19.30045,NA,14d5676a-2c54-4f94-9023-1e8dcd822aa0,,,20,03,LAS TERRENAS,032003,874cf3528ffffff
q-10064291855,3958058772,Morinda citrifolia,Morinda citrifolia L.,Rubiaceae,Morinda,SPECIES,HUMAN_OBSERVATION,2019-03-23T20:07:25.576Z,2019,-69.581519,19.300586,14,14d5676a-2c54-4f94-9023-1e8dcd822aa0,,,20,03,LAS TERRENAS,032003,874cf3528ffffff
q-10070660801,3956401026,Terminalia catappa,Terminalia catappa L.,Combretaceae,Terminalia,SPECIES,HUMAN_OBSERVATION,2019-04-27T19:17:22.563Z,2019,-69.553056,19.308312,28,14d5676a-2c54-4f94-9023-1e8dcd822aa0,,,20,03,LAS TERRENAS,032003,874cf3cdeffffff
q-10070662044,3951708315,Terminalia catappa,Terminalia catappa L.,Combretaceae,Terminalia,SPECIES,HUMAN_OBSERVATION,2019-04-27T19:25:19.250Z,2019,-69.55307,19.308554,18,14d5676a-2c54-4f94-9023-1e8dcd822aa0,,,20,03,LAS TERRENAS,032003,874cf3cdeffffff
q-10081066272,3956450309,Terminalia catappa,Terminalia catappa L.,Combretaceae,Terminalia,SPECIES,HUMAN_OBSERVATION,2019-05-30T15:19:21.347Z,2019,-69.49487,19.325177,32,14d5676a-2c54-4f94-9023-1e8dcd822aa0,,,20,03,LAS TERRENAS,032003,874cf3cc1ffffff
q-10087063599,3952071559,Crescentia cujete,Crescentia cujete L.,Bignoniaceae,Crescentia,SPECIES,HUMAN_OBSERVATION,2019-06-16T17:02:02.940Z,2019,-69.494734,19.323509,NA,14d5676a-2c54-4f94-9023-1e8dcd822aa0,,,20,03,LAS TERRENAS,032003,874cf3cc1ffffff
q-10092553174,3952862246,Crescentia cujete,Crescentia cujete L.,Bignoniaceae,Crescentia,SPECIES,HUMAN_OBSERVATION,2019-07-06T13:15:08.634Z,2019,-69.494657,19.324054,43,14d5676a-2c54-4f94-9023-1e8dcd822aa0,,,20,03,LAS TERRENAS,032003,874cf3cc1ffffff
q-10093993716,3957080397,Canavalia rosea,Canavalia rosea (Sw.) DC.,Fabaceae,Canavalia,SPECIES,HUMAN_OBSERVATION,2019-07-11T18:53:07.634Z,2019,-69.555278,19.320556,NA,14d5676a-2c54-4f94-9023-1e8dcd822aa0,,,20,03,LAS TERRENAS,032003,874cf3cdeffffff
q-10095000685,2645855083,Terminalia catappa,Terminalia catappa L.,Combretaceae,Terminalia,SPECIES,HUMAN_OBSERVATION,2019-07-15T10:53:36.482Z,2019,-69.49504,19.322936,65,14d5676a-2c54-4f94-9023-1e8dcd822aa0,,,20,03,LAS TERRENAS,032003,874cf3cc1ffffff
q-10104641933,3951886218,Dalbergia ecastaphyllum,Dalbergia ecastaphyllum (L.) Taub.,Fabaceae,Dalbergia,SPECIES,HUMAN_OBSERVATION,2019-08-21T22:07:42.688Z,2019,-69.489776,19.322909,30,14d5676a-2c54-4f94-9023-1e8dcd822aa0,,,20,03,LAS TERRENAS,032003,874cf3cc1ffffff
q-10104641978,3958224785,Dalbergia ecastaphyllum,Dalbergia ecastaphyllum (L.) Taub.,Fabaceae,Dalbergia,SPECIES,HUMAN_OBSERVATION,2019-08-21T22:08:28.103Z,2019,-69.489573,19.322743,10,14d5676a-2c54-4f94-9023-1e8dcd822aa0,,,20,03,LAS TERRENAS,032003,874cf3cc1ffffff
q-10104642052,3952624524,Dalbergia ecastaphyllum,Dalbergia ecastaphyllum (L.) Taub.,Fabaceae,Dalbergia,SPECIES,HUMAN_OBSERVATION,2019-08-21T22:09:19.752Z,2019,-69.489592,19.322685,10,14d5676a-2c54-4f94-9023-1e8dcd822aa0,,,20,03,LAS TERRENAS,032003,874cf3cc1ffffff
q-10104642270,3952375370,Dalbergia ecastaphyllum,Dalbergia ecastaphyllum (L.) Taub.,Fabaceae,Dalbergia,SPECIES,HUMAN_OBSERVATION,2019-08-21T22:12:17.889Z,2019,-69.489593,19.322773,30,14d5676a-2c54-4f94-9023-1e8dcd822aa0,,,20,03,LAS TERRENAS,032003,874cf3cc1ffffff
q-10113513457,3952685569,Moeroris amara,Phyllanthus amarus Schumach. & Thonn.,Phyllanthaceae,Moeroris,SPECIES,HUMAN_OBSERVATION,2019-09-29T16:37:12.660Z,2019,-69.531059,19.315359,NA,14d5676a-2c54-4f94-9023-1e8dcd822aa0,,,20,03,LAS TERRENAS,032003,874cf3cdcffffff
q-10115426769,3952255194,Calliandra surinamensis,Calliandra surinamensis Benth.,Fabaceae,Calliandra,SPECIES,HUMAN_OBSERVATION,2019-10-09T12:37:15.228Z,2019,-69.564142,19.309568,15,14d5676a-2c54-4f94-9023-1e8dcd822aa0,,,20,03,LAS TERRENAS,032003,874cf352dffffff
q-10124051591,2647090071,Morinda citrifolia,Morinda citrifolia L.,Rubiaceae,Morinda,SPECIES,HUMAN_OBSERVATION,2019-12-03T12:19:10.704Z,2019,-69.49481,19.323902,9,14d5676a-2c54-4f94-9023-1e8dcd822aa0,,,20,03,LAS TERRENAS,032003,874cf3cc1ffffff
q-10126439524,3956877983,Tradescantia spathacea,Tradescantia spathacea Sw.,Commelinaceae,Tradescantia,SPECIES,HUMAN_OBSERVATION,2019-12-30T18:48:24.908Z,2019,-69.560149,19.317881,65,14d5676a-2c54-4f94-9023-1e8dcd822aa0,,,20,03,LAS TERRENAS,032003,874cf3cdeffffff
q-10127057450,3957330942,Jatropha podagrica,Jatropha podagrica Hook.,Euphorbiaceae,Jatropha,SPECIES,HUMAN_OBSERVATION,2020-01-06T02:49:16.177Z,2020,-69.536041,19.321707,NA,14d5676a-2c54-4f94-9023-1e8dcd822aa0,,,20,03,LAS TERRENAS,032003,874cf3cdcffffff
q-10127215033,3953963285,Mansoa alliacea,Mansoa alliacea (Desv. ex Beauverd) A.H.Gentry,Bignoniaceae,Mansoa,SPECIES,HUMAN_OBSERVATION,2020-01-07T19:53:32.606Z,2020,-69.542259,19.321388,NA,14d5676a-2c54-4f94-9023-1e8dcd822aa0,,,20,03,LAS TERRENAS,032003,874cf3cdcffffff
q-10128248100,2647082688,Crescentia cujete,Crescentia cujete L.,Bignoniaceae,Crescentia,SPECIES,HUMAN_OBSERVATION,2020-01-18T18:07:13.775Z,2020,-69.495,19.323611,NA,14d5676a-2c54-4f94-9023-1e8dcd822aa0,,,20,03,LAS TERRENAS,032003,874cf3cc1ffffff
q-10128251931,3956022773,Crescentia cujete,Crescentia cujete L.,Bignoniaceae,Crescentia,SPECIES,HUMAN_OBSERVATION,2020-01-18T18:48:58.197Z,2020,-69.495,19.323611,NA,14d5676a-2c54-4f94-9023-1e8dcd822aa0,,,20,03,LAS TERRENAS,032003,874cf3cc1ffffff
q-10130413389,3952503038,Euphorbia milii,Euphorbia milii Des Moul. ex Boiss.,Euphorbiaceae,Euphorbia,SPECIES,HUMAN_OBSERVATION,2020-02-08T14:08:04.076Z,2020,-69.530553,19.324312,23,14d5676a-2c54-4f94-9023-1e8dcd822aa0,,,20,03,LAS TERRENAS,032003,874cf3cdcffffff
q-10132718221,3957837748,Coccoloba uvifera,Coccoloba uvifera (L.) L.,Polygonaceae,Coccoloba,SPECIES,HUMAN_OBSERVATION,2020-02-25T17:35:02.545Z,2020,-69.51461,19.326901,165,14d5676a-2c54-4f94-9023-1e8dcd822aa0,,,20,03,LAS TERRENAS,032003,874cf3cc3ffffff
q-10134055573,3956492369,Euphorbia milii,Euphorbia milii Des Moul.,Euphorbiaceae,Euphorbia,SPECIES,HUMAN_OBSERVATION,2020-03-06T11:43:23.346Z,2020,-69.545611,19.326695,NA,14d5676a-2c54-4f94-9023-1e8dcd822aa0,,,20,03,LAS TERRENAS,032003,874cf3cd1ffffff
q-10134657076,3952264727,Euphorbia milii,Euphorbia milii Des Moul.,Euphorbiaceae,Euphorbia,SPECIES,HUMAN_OBSERVATION,2020-03-08T16:17:41.159Z,2020,-69.475489,19.30982,56,14d5676a-2c54-4f94-9023-1e8dcd822aa0,,,20,03,LAS TERRENAS,032003,874cf3cccffffff
q-10134799609,3952105855,Morinda citrifolia,Morinda citrifolia L.,Rubiaceae,Morinda,SPECIES,HUMAN_OBSERVATION,2020-03-09T12:34:53.592Z,2020,-69.545651,19.326624,NA,14d5676a-2c54-4f94-9023-1e8dcd822aa0,,,20,03,LAS TERRENAS,032003,874cf3cd1ffffff
q-10154388272,3952540733,Pseudobombax ellipticum,Pseudobombax ellipticum (Kunth) Dugand,Malvaceae,Pseudobombax,SPECIES,HUMAN_OBSERVATION,2020-04-28T19:04:05.623Z,2020,-69.548017,19.324272,65,14d5676a-2c54-4f94-9023-1e8dcd822aa0,,,20,03,LAS TERRENAS,032003,874cf3cd1ffffff
q-10197882546,3953271899,Canavalia rosea,Canavalia rosea (Sw.) DC.,Fabaceae,Canavalia,SPECIES,HUMAN_OBSERVATION,2020-06-19T19:37:02.076Z,2020,-69.499911,19.325042,NA,14d5676a-2c54-4f94-9023-1e8dcd822aa0,,,20,03,LAS TERRENAS,032003,874cf3cc1ffffff
q-10210632530,3957760703,Laportea aestuans,Laportea aestuans (L.) Chew,Urticaceae,Laportea,SPECIES,HUMAN_OBSERVATION,2020-07-05T20:38:56.165Z,2020,-69.530571,19.320221,15,14d5676a-2c54-4f94-9023-1e8dcd822aa0,,,20,03,LAS TERRENAS,032003,874cf3cdcffffff
q-10210633500,3954875491,Pilea microphylla,Pilea microphylla (L.) Liebm.,Urticaceae,Pilea,SPECIES,HUMAN_OBSERVATION,2020-07-05T20:41:09.857Z,2020,-69.5307,19.320173,13,14d5676a-2c54-4f94-9023-1e8dcd822aa0,,,20,03,LAS TERRENAS,032003,874cf3cdcffffff
q-10230249647,2977508669,Artocarpus altilis,Artocarpus altilis (Parkinson) Fosberg,Moraceae,Artocarpus,SPECIES,HUMAN_OBSERVATION,2020-08-02T19:11:53.029Z,2020,-69.540821,19.314875,8,14d5676a-2c54-4f94-9023-1e8dcd822aa0,,,20,03,LAS TERRENAS,032003,874cf3cdcffffff
q-10245077668,3956862843,Hamelia patens,Hamelia patens Jacq.,Rubiaceae,Hamelia,SPECIES,HUMAN_OBSERVATION,2020-08-28T16:45:12.439Z,2020,-69.481329,19.313655,20,14d5676a-2c54-4f94-9023-1e8dcd822aa0,,,20,03,LAS TERRENAS,032003,874cf3cccffffff
q-10270589109,3957816138,Turnera ulmifolia,Turnera ulmifolia L.,Passifloraceae,Turnera,SPECIES,HUMAN_OBSERVATION,2020-10-19T17:23:46.152Z,2020,-69.575474,19.292578,NA,14d5676a-2c54-4f94-9023-1e8dcd822aa0,,,20,03,LAS TERRENAS,032003,874cf3529ffffff
q-10281532757,3955534653,Crescentia cujete,Crescentia cujete L.,Bignoniaceae,Crescentia,SPECIES,HUMAN_OBSERVATION,2020-11-18T18:52:42.850Z,2020,-69.528813,19.31308,12,14d5676a-2c54-4f94-9023-1e8dcd822aa0,,,20,03,LAS TERRENAS,032003,874cf3cdcffffff
q-10282598836,3958928616,Clitoria ternatea,Clitoria ternatea L.,Fabaceae,Clitoria,SPECIES,HUMAN_OBSERVATION,2020-11-22T12:30:50.327Z,2020,-69.541239,19.318389,19,14d5676a-2c54-4f94-9023-1e8dcd822aa0,,,20,03,LAS TERRENAS,032003,874cf3cdcffffff
q-10286038257,3957961855,Carica papaya,Carica papaya L.,Caricaceae,Carica,SPECIES,HUMAN_OBSERVATION,2020-12-06T12:45:45.141Z,2020,-69.539043,19.319754,65,14d5676a-2c54-4f94-9023-1e8dcd822aa0,,,20,03,LAS TERRENAS,032003,874cf3cdcffffff
q-10290452938,3959185296,Artocarpus altilis,Artocarpus altilis (Parkinson) Fosberg,Moraceae,Artocarpus,SPECIES,HUMAN_OBSERVATION,2020-12-30T17:16:37.975Z,2020,-69.55819,19.306028,33,14d5676a-2c54-4f94-9023-1e8dcd822aa0,,,20,03,LAS TERRENAS,032003,874cf3cdeffffff
q-10303704779,3958977060,Pseudobombax ellipticum,Pseudobombax ellipticum (Kunth) Dugand,Malvaceae,Pseudobombax,SPECIES,HUMAN_OBSERVATION,2021-02-26T17:13:23.725Z,2021,-69.565361,19.290508,NA,14d5676a-2c54-4f94-9023-1e8dcd822aa0,,,20,03,LAS TERRENAS,032003,874cf3529ffffff
q-10303704889,3954287920,Pseudobombax ellipticum,Pseudobombax ellipticum (Kunth) Dugand,Malvaceae,Pseudobombax,SPECIES,HUMAN_OBSERVATION,2021-02-26T17:13:46.371Z,2021,-69.565361,19.290508,NA,14d5676a-2c54-4f94-9023-1e8dcd822aa0,,,20,03,LAS TERRENAS,032003,874cf3529ffffff
q-10306725093,3953373159,Hedychium coronarium,Hedychium coronarium J.Koenig,Zingiberaceae,Hedychium,SPECIES,HUMAN_OBSERVATION,2021-03-07T18:06:47.533Z,2021,-69.545728,19.310567,NA,14d5676a-2c54-4f94-9023-1e8dcd822aa0,,,20,03,LAS TERRENAS,032003,874cf3cdeffffff
q-10308866415,3957153010,Passiflora edulis,Passiflora edulis Sims,Passifloraceae,Passiflora,SPECIES,HUMAN_OBSERVATION,2021-03-14T06:24:51.101Z,2021,-69.480606,19.323312,NA,14d5676a-2c54-4f94-9023-1e8dcd822aa0,,,20,03,LAS TERRENAS,032003,874cf3cccffffff
q-10311436567,3958708191,Syzygium malaccense,Syzygium malaccense (L.) Merr. & L.M.Perry,Myrtaceae,Syzygium,SPECIES,HUMAN_OBSERVATION,2021-03-21T03:06:30.606Z,2021,-69.538017,19.317703,NA,14d5676a-2c54-4f94-9023-1e8dcd822aa0,,,20,03,LAS TERRENAS,032003,874cf3cdcffffff
q-10311438144,3958096988,Caesalpinia pulcherrima,Caesalpinia pulcherrima (L.) Sw.,Fabaceae,Caesalpinia,SPECIES,HUMAN_OBSERVATION,2021-03-21T03:23:31.424Z,2021,-69.537876,19.317753,NA,14d5676a-2c54-4f94-9023-1e8dcd822aa0,,,20,03,LAS TERRENAS,032003,874cf3cdcffffff
q-10311688238,3998639473,Terminalia catappa,Terminalia catappa L.,Combretaceae,Terminalia,SPECIES,HUMAN_OBSERVATION,2021-03-21T13:58:12.086Z,2021,-69.580705,19.300727,8,14d5676a-2c54-4f94-9023-1e8dcd822aa0,,,20,03,LAS TERRENAS,032003,874cf3528ffffff
q-10312733162,3953718424,Coccoloba uvifera,Coccoloba uvifera (L.) L.,Polygonaceae,Coccoloba,SPECIES,HUMAN_OBSERVATION,2021-03-23T20:58:27.744Z,2021,-69.52274,19.324501,NA,14d5676a-2c54-4f94-9023-1e8dcd822aa0,,,20,03,LAS TERRENAS,032003,874cf3cc3ffffff
q-10313753419,3959267258,Melicoccus bijugatus,Melicoccus bijugatus Jacq.,Sapindaceae,Melicoccus,SPECIES,HUMAN_OBSERVATION,2021-03-26T11:31:19.964Z,2021,-69.549173,19.30879,NA,14d5676a-2c54-4f94-9023-1e8dcd822aa0,,,20,03,LAS TERRENAS,032003,874cf3cdeffffff
q-10329368214,3959048950,Acalypha wilkesiana,Acalypha wilkesiana Müll.Arg.,Euphorbiaceae,Acalypha,SPECIES,HUMAN_OBSERVATION,2021-04-19T17:50:57.220Z,2021,-69.539082,19.321738,36,14d5676a-2c54-4f94-9023-1e8dcd822aa0,,,20,03,LAS TERRENAS,032003,874cf3cdcffffff
q-10329460884,3956894075,Genipa americana,Genipa americana L.,Rubiaceae,Genipa,SPECIES,HUMAN_OBSERVATION,2021-04-19T20:54:23.038Z,2021,-69.54853,19.322483,NA,14d5676a-2c54-4f94-9023-1e8dcd822aa0,,,20,03,LAS TERRENAS,032003,874cf3cd1ffffff
q-10329461192,3959671080,Genipa americana,Genipa americana L.,Rubiaceae,Genipa,SPECIES,HUMAN_OBSERVATION,2021-04-19T20:55:17.099Z,2021,-69.54852,19.322506,NA,14d5676a-2c54-4f94-9023-1e8dcd822aa0,,,20,03,LAS TERRENAS,032003,874cf3cd1ffffff
q-10349746647,3959982969,Codiaeum variegatum,Codiaeum variegatum (L.) Rumph. ex A.Juss.,Euphorbiaceae,Codiaeum,SPECIES,HUMAN_OBSERVATION,2021-05-11T15:59:14.209Z,2021,-69.549694,19.289666,10,14d5676a-2c54-4f94-9023-1e8dcd822aa0,,,20,03,LAS TERRENAS,032003,874cf3cdaffffff
q-10360170078,3959905445,Barringtonia asiatica,Barringtonia asiatica (L.) Kurz,Lecythidaceae,Barringtonia,SPECIES,HUMAN_OBSERVATION,2021-05-21T00:34:32.698Z,2021,-69.541584,19.322239,NA,14d5676a-2c54-4f94-9023-1e8dcd822aa0,,,20,03,LAS TERRENAS,032003,874cf3cdcffffff
q-10383028549,3951735011,Cynodon dactylon,Cynodon dactylon (L.) Pers.,Poaceae,Cynodon,SPECIES,HUMAN_OBSERVATION,2021-06-09T15:13:04.414Z,2021,-69.58,19.298889,NA,14d5676a-2c54-4f94-9023-1e8dcd822aa0,,,20,03,LAS TERRENAS,032003,874cf3528ffffff
q-10384852954,3956139019,Coccoloba uvifera,Coccoloba uvifera (L.) L.,Polygonaceae,Coccoloba,SPECIES,HUMAN_OBSERVATION,2018-04-25T17:21:11Z,2018,-69.56684,19.313099,12,14d5676a-2c54-4f94-9023-1e8dcd822aa0,,,20,03,LAS TERRENAS,032003,874cf352dffffff
q-10393474125,3956480595,Morinda citrifolia,Morinda citrifolia L.,Rubiaceae,Morinda,SPECIES,HUMAN_OBSERVATION,2021-06-16T17:18:09.318Z,2021,-69.541939,19.319397,12,14d5676a-2c54-4f94-9023-1e8dcd822aa0,,,20,03,LAS TERRENAS,032003,874cf3cdcffffff
q-10404496488,3954400073,Morinda citrifolia,Morinda citrifolia L.,Rubiaceae,Morinda,SPECIES,HUMAN_OBSERVATION,2021-06-24T16:22:36.612Z,2021,-69.541939,19.319397,12,14d5676a-2c54-4f94-9023-1e8dcd822aa0,,,20,03,LAS TERRENAS,032003,874cf3cdcffffff
q-10409970567,3957998286,Muntingia calabura,Muntingia calabura L.,Muntingiaceae,Muntingia,SPECIES,HUMAN_OBSERVATION,2021-06-28T19:44:59.435Z,2021,-69.592705,19.290551,19,14d5676a-2c54-4f94-9023-1e8dcd822aa0,,,20,03,LAS TERRENAS,032003,874cf352bffffff
q-10409973790,3955772491,Piper aduncum,Piper aduncum L.,Piperaceae,Piper,SPECIES,HUMAN_OBSERVATION,2021-06-28T19:48:49.581Z,2021,-69.592457,19.29045,19,14d5676a-2c54-4f94-9023-1e8dcd822aa0,,,20,03,LAS TERRENAS,032003,874cf352bffffff
q-10411606669,3952148477,Calliandra surinamensis,Calliandra surinamensis Benth.,Fabaceae,Calliandra,SPECIES,HUMAN_OBSERVATION,2021-06-30T10:29:49.441Z,2021,-69.633339,19.291096,19,14d5676a-2c54-4f94-9023-1e8dcd822aa0,,,20,03,LAS TERRENAS,032003,874cf3501ffffff
q-10412248365,3952148715,Hura crepitans,Hura crepitans L.,Euphorbiaceae,Hura,SPECIES,HUMAN_OBSERVATION,2021-06-30T20:41:39.171Z,2021,-69.562637,19.305042,NA,14d5676a-2c54-4f94-9023-1e8dcd822aa0,,,20,03,LAS TERRENAS,032003,874cf352dffffff
q-10421627456,3951381863,Terminalia catappa,Terminalia catappa L.,Combretaceae,Terminalia,SPECIES,HUMAN_OBSERVATION,2021-07-08T13:20:46.757Z,2021,-69.565895,19.313555,1,14d5676a-2c54-4f94-9023-1e8dcd822aa0,,,20,03,LAS TERRENAS,032003,874cf352dffffff
q-10422979317,3956667762,Coccoloba uvifera,Coccoloba uvifera (L.) L.,Polygonaceae,Coccoloba,SPECIES,HUMAN_OBSERVATION,2021-07-09T21:43:15.870Z,2021,-69.514406,19.327054,4,14d5676a-2c54-4f94-9023-1e8dcd822aa0,,,20,03,LAS TERRENAS,032003,874cf3cc3ffffff
q-10439792457,3953504241,Hibiscus rosa-sinensis,Hibiscus rosa-sinensis L.,Malvaceae,Hibiscus,SPECIES,HUMAN_OBSERVATION,2021-07-29T12:31:49.060Z,2021,-69.501081,19.325421,25,14d5676a-2c54-4f94-9023-1e8dcd822aa0,,,20,03,LAS TERRENAS,032003,874cf3cc1ffffff
q-10447479190,3954809542,Morinda citrifolia,Morinda citrifolia L.,Rubiaceae,Morinda,SPECIES,HUMAN_OBSERVATION,2021-08-07T22:37:26.511Z,2021,-69.597787,19.295903,5,14d5676a-2c54-4f94-9023-1e8dcd822aa0,,,20,03,LAS TERRENAS,032003,874cf352affffff
q-10447479738,3959229755,Coccoloba uvifera,Coccoloba uvifera (L.) L.,Polygonaceae,Coccoloba,SPECIES,HUMAN_OBSERVATION,2021-08-07T22:39:15.216Z,2021,-69.568895,19.313542,231,14d5676a-2c54-4f94-9023-1e8dcd822aa0,,,20,03,LAS TERRENAS,032003,874cf352dffffff
q-10487880854,3951645110,Codiaeum variegatum,Codiaeum variegatum (L.) Rumph. ex A.Juss.,Euphorbiaceae,Codiaeum,SPECIES,HUMAN_OBSERVATION,2021-10-05T13:11:55.463Z,2021,-69.553065,19.323539,19,14d5676a-2c54-4f94-9023-1e8dcd822aa0,,,20,03,LAS TERRENAS,032003,874cf3cd1ffffff
q-10491064450,3997899607,Coccoloba uvifera,Coccoloba uvifera (L.) L.,Polygonaceae,Coccoloba,SPECIES,HUMAN_OBSERVATION,2021-10-12T15:59:59.409Z,2021,-69.54583,19.326829,9,14d5676a-2c54-4f94-9023-1e8dcd822aa0,,,20,03,LAS TERRENAS,032003,874cf3cd1ffffff
q-10491066720,3953698845,Coccoloba uvifera,Coccoloba uvifera (L.) L.,Polygonaceae,Coccoloba,SPECIES,HUMAN_OBSERVATION,2021-10-12T16:03:28.756Z,2021,-69.545838,19.326826,11,14d5676a-2c54-4f94-9023-1e8dcd822aa0,,,20,03,LAS TERRENAS,032003,874cf3cd1ffffff
q-10498772148,3959027450,Crescentia cujete,Crescentia cujete L.,Bignoniaceae,Crescentia,SPECIES,HUMAN_OBSERVATION,2021-10-27T14:15:10.931Z,2021,-69.494921,19.323242,12,14d5676a-2c54-4f94-9023-1e8dcd822aa0,,,20,03,LAS TERRENAS,032003,874cf3cc1ffffff
q-10500036025,3958788262,Crescentia cujete,Crescentia cujete L.,Bignoniaceae,Crescentia,SPECIES,HUMAN_OBSERVATION,2021-10-30T13:41:40.184Z,2021,-69.494707,19.323417,16,14d5676a-2c54-4f94-9023-1e8dcd822aa0,,,20,03,LAS TERRENAS,032003,874cf3cc1ffffff
q-10504092370,3958862846,Calliandra surinamensis,Calliandra surinamensis Benth.,Fabaceae,Calliandra,SPECIES,HUMAN_OBSERVATION,2021-11-08T20:56:22.103Z,2021,-69.481422,19.313767,10,14d5676a-2c54-4f94-9023-1e8dcd822aa0,,,20,03,LAS TERRENAS,032003,874cf3cccffffff
q-10504670082,3958611521,Coccoloba uvifera,Coccoloba uvifera (L.) L.,Polygonaceae,Coccoloba,SPECIES,HUMAN_OBSERVATION,2021-11-10T14:49:00.695Z,2021,-69.586104,19.300532,5,14d5676a-2c54-4f94-9023-1e8dcd822aa0,,,20,03,LAS TERRENAS,032003,874cf3528ffffff
q-10513116455,3958293363,Coccoloba uvifera,Coccoloba uvifera (L.) L.,Polygonaceae,Coccoloba,SPECIES,HUMAN_OBSERVATION,2021-12-10T17:04:50.149Z,2021,-69.494304,19.3253,7,14d5676a-2c54-4f94-9023-1e8dcd822aa0,,,20,03,LAS TERRENAS,032003,874cf3cc1ffffff
q-10514989799,3958914891,Coccoloba uvifera,Coccoloba uvifera (L.) L.,Polygonaceae,Coccoloba,SPECIES,HUMAN_OBSERVATION,2021-12-19T16:08:02.575Z,2021,-69.517758,19.325435,NA,14d5676a-2c54-4f94-9023-1e8dcd822aa0,,,20,03,LAS TERRENAS,032003,874cf3cc3ffffff
q-10515173019,3956909174,Morinda citrifolia,Morinda citrifolia L.,Rubiaceae,Morinda,SPECIES,HUMAN_OBSERVATION,2021-12-20T14:48:41.050Z,2021,-69.57533,19.305583,39,14d5676a-2c54-4f94-9023-1e8dcd822aa0,,,20,03,LAS TERRENAS,032003,874cf352dffffff
q-10516166846,3953799353,Acalypha wilkesiana,Acalypha wilkesiana Müll.Arg.,Euphorbiaceae,Acalypha,SPECIES,HUMAN_OBSERVATION,2021-12-25T21:58:19.227Z,2021,-69.571732,19.314395,26,14d5676a-2c54-4f94-9023-1e8dcd822aa0,,,20,03,LAS TERRENAS,032003,874cf352dffffff
q-10519349188,3957594087,Coccoloba uvifera,Coccoloba uvifera (L.) L.,Polygonaceae,Coccoloba,SPECIES,HUMAN_OBSERVATION,2022-01-08T21:04:04.185Z,2022,-69.497775,19.324679,50,14d5676a-2c54-4f94-9023-1e8dcd822aa0,,,20,03,LAS TERRENAS,032003,874cf3cc1ffffff
q-10519357645,3954296811,Thunbergia erecta,Thunbergia erecta (Benth.) T.Anderson,Acanthaceae,Thunbergia,SPECIES,HUMAN_OBSERVATION,2022-01-08T21:46:41.243Z,2022,-69.527071,19.311784,9,14d5676a-2c54-4f94-9023-1e8dcd822aa0,,,20,03,LAS TERRENAS,032003,874cf3cdcffffff
q-10522424494,3953215682,Cochlospermum vitifolium,Cochlospermum vitifolium (Willd.) Spreng.,Bixaceae,Cochlospermum,SPECIES,HUMAN_OBSERVATION,2022-01-22T21:42:39.002Z,2022,-69.537138,19.267489,NA,14d5676a-2c54-4f94-9023-1e8dcd822aa0,,,20,03,LAS TERRENAS,032003,874cf3575ffffff
q-10523666946,3951430461,Coccoloba uvifera,Coccoloba uvifera (L.) L.,Polygonaceae,Coccoloba,SPECIES,HUMAN_OBSERVATION,2022-01-28T17:14:21.192Z,2022,-69.582361,19.300726,6,14d5676a-2c54-4f94-9023-1e8dcd822aa0,,,20,03,LAS TERRENAS,032003,874cf3528ffffff
q-10523673566,3952423037,Coccoloba uvifera,Coccoloba uvifera (L.) L.,Polygonaceae,Coccoloba,SPECIES,HUMAN_OBSERVATION,2022-01-28T17:50:43.917Z,2022,-69.514504,19.326939,35,14d5676a-2c54-4f94-9023-1e8dcd822aa0,,,20,03,LAS TERRENAS,032003,874cf3cc3ffffff
q-10524277772,3953306528,Petrea volubilis,Petrea volubilis L.,Verbenaceae,Petrea,SPECIES,HUMAN_OBSERVATION,2022-01-31T01:42:54.539Z,2022,-69.540733,19.321095,35,14d5676a-2c54-4f94-9023-1e8dcd822aa0,,,20,03,LAS TERRENAS,032003,874cf3cdcffffff
q-10524773950,3958808489,Terminalia catappa,Terminalia catappa L.,Combretaceae,Terminalia,SPECIES,HUMAN_OBSERVATION,2022-02-02T14:30:44.902Z,2022,-69.537584,19.322065,13,14d5676a-2c54-4f94-9023-1e8dcd822aa0,,,20,03,LAS TERRENAS,032003,874cf3cdcffffff
q-10526035744,3954560969,Justicia brandegeeana,Justicia brandegeeana Wassh. & L.B.Sm.,Acanthaceae,Justicia,SPECIES,HUMAN_OBSERVATION,2022-02-07T17:59:24.215Z,2022,-69.538544,19.321709,4,14d5676a-2c54-4f94-9023-1e8dcd822aa0,,,20,03,LAS TERRENAS,032003,874cf3cdcffffff
q-10526244737,3953964470,Bougainvillea glabra,Bougainvillea glabra Choisy,Nyctaginaceae,Bougainvillea,SPECIES,HUMAN_OBSERVATION,2022-02-08T16:29:22.524Z,2022,-69.540413,19.319828,33,14d5676a-2c54-4f94-9023-1e8dcd822aa0,,,20,03,LAS TERRENAS,032003,874cf3cdcffffff
q-10526503562,3954085000,Artocarpus altilis,Artocarpus altilis (Parkinson) Fosberg,Moraceae,Artocarpus,SPECIES,HUMAN_OBSERVATION,2022-02-09T17:02:17.968Z,2022,-69.556718,19.303552,48,14d5676a-2c54-4f94-9023-1e8dcd822aa0,,,20,03,LAS TERRENAS,032003,874cf3cdaffffff
q-10526980645,3954344730,Crescentia cujete,Crescentia cujete L.,Bignoniaceae,Crescentia,SPECIES,HUMAN_OBSERVATION,2022-02-11T15:14:57.940Z,2022,-69.528061,19.31233,48,14d5676a-2c54-4f94-9023-1e8dcd822aa0,,,20,03,LAS TERRENAS,032003,874cf3cdcffffff
q-10528748064,3953270343,Coccoloba uvifera,Coccoloba uvifera (L.) L.,Polygonaceae,Coccoloba,SPECIES,HUMAN_OBSERVATION,2022-02-17T19:29:35.333Z,2022,-69.58663,19.300587,4,14d5676a-2c54-4f94-9023-1e8dcd822aa0,,,20,03,LAS TERRENAS,032003,874cf3528ffffff
q-10530124163,3952739101,Crescentia cujete,Crescentia cujete L.,Bignoniaceae,Crescentia,SPECIES,HUMAN_OBSERVATION,2022-02-22T11:22:45.432Z,2022,-69.494843,19.323381,18,14d5676a-2c54-4f94-9023-1e8dcd822aa0,,,20,03,LAS TERRENAS,032003,874cf3cc1ffffff
q-10530583127,3958853009,Codiaeum variegatum,Codiaeum variegatum (L.) Rumph. ex A.Juss.,Euphorbiaceae,Codiaeum,SPECIES,HUMAN_OBSERVATION,2022-02-23T19:25:03.203Z,2022,-69.53942,19.320887,5,14d5676a-2c54-4f94-9023-1e8dcd822aa0,,,20,03,LAS TERRENAS,032003,874cf3cdcffffff
q-10532262132,3959340392,Crescentia cujete,Crescentia cujete L.,Bignoniaceae,Crescentia,SPECIES,HUMAN_OBSERVATION,2022-02-28T22:41:04.744Z,2022,-69.494737,19.323478,12,14d5676a-2c54-4f94-9023-1e8dcd822aa0,,,20,03,LAS TERRENAS,032003,874cf3cc1ffffff
q-10538917454,3957478962,Pseudobombax ellipticum,Pseudobombax ellipticum (Kunth) Dugand,Malvaceae,Pseudobombax,SPECIES,HUMAN_OBSERVATION,2022-03-19T15:36:16.137Z,2022,-69.495125,19.323538,26,14d5676a-2c54-4f94-9023-1e8dcd822aa0,,,20,03,LAS TERRENAS,032003,874cf3cc1ffffff
q-10538918416,3958059791,Pseudobombax ellipticum,Pseudobombax ellipticum (Kunth) Dugand,Malvaceae,Pseudobombax,SPECIES,HUMAN_OBSERVATION,2022-03-19T15:37:16.010Z,2022,-69.495125,19.323538,26,14d5676a-2c54-4f94-9023-1e8dcd822aa0,,,20,03,LAS TERRENAS,032003,874cf3cc1ffffff
q-10538921503,3952207676,Pseudobombax ellipticum,Pseudobombax ellipticum (Kunth) Dugand,Malvaceae,Pseudobombax,SPECIES,HUMAN_OBSERVATION,2022-03-19T15:40:30.970Z,2022,-69.495125,19.323538,26,14d5676a-2c54-4f94-9023-1e8dcd822aa0,,,20,03,LAS TERRENAS,032003,874cf3cc1ffffff
q-10544804330,3955583700,Morinda citrifolia,Morinda citrifolia L.,Rubiaceae,Morinda,SPECIES,HUMAN_OBSERVATION,2022-03-29T16:23:14.005Z,2022,-69.557497,19.307011,11,14d5676a-2c54-4f94-9023-1e8dcd822aa0,,,20,03,LAS TERRENAS,032003,874cf3cdeffffff
q-10548560181,3997896122,Coccoloba uvifera,Coccoloba uvifera (L.) L.,Polygonaceae,Coccoloba,SPECIES,HUMAN_OBSERVATION,2022-04-06T15:14:25.968Z,2022,-69.575266,19.314557,12,14d5676a-2c54-4f94-9023-1e8dcd822aa0,,,20,03,LAS TERRENAS,032003,874cf352dffffff
q-10559644239,3952086381,Terminalia catappa,Terminalia catappa L.,Combretaceae,Terminalia,SPECIES,HUMAN_OBSERVATION,2022-04-20T17:18:28.320Z,2022,-69.580583,19.300858,9,14d5676a-2c54-4f94-9023-1e8dcd822aa0,,,20,03,LAS TERRENAS,032003,874cf3528ffffff
q-10571129916,3998032876,Mimosa pudica,Mimosa pudica L.,Fabaceae,Mimosa,SPECIES,HUMAN_OBSERVATION,2022-05-01T21:40:41.184Z,2022,-69.530975,19.324522,10,14d5676a-2c54-4f94-9023-1e8dcd822aa0,,,20,03,LAS TERRENAS,032003,874cf3cdcffffff
q-10571132234,3998891774,Centrosema virginianum,Centrosema virginianum (L.) Benth.,Fabaceae,Centrosema,SPECIES,HUMAN_OBSERVATION,2022-05-01T21:46:11.351Z,2022,-69.535255,19.322512,5,14d5676a-2c54-4f94-9023-1e8dcd822aa0,,,20,03,LAS TERRENAS,032003,874cf3cdcffffff
q-10571205564,3952393940,Asystasia gangetica,Asystasia gangetica (L.) T.Anderson,Acanthaceae,Asystasia,SPECIES,HUMAN_OBSERVATION,2022-05-02T03:07:16.965Z,2022,-69.534127,19.321642,31,14d5676a-2c54-4f94-9023-1e8dcd822aa0,,,20,03,LAS TERRENAS,032003,874cf3cdcffffff
q-10572219631,3951900591,Morinda citrifolia,Morinda citrifolia L.,Rubiaceae,Morinda,SPECIES,HUMAN_OBSERVATION,2022-05-02T21:40:49.475Z,2022,-69.573613,19.312816,24,14d5676a-2c54-4f94-9023-1e8dcd822aa0,,,20,03,LAS TERRENAS,032003,874cf352dffffff
q-10573219067,3997971762,Terminalia catappa,Terminalia catappa L.,Combretaceae,Terminalia,SPECIES,HUMAN_OBSERVATION,2022-05-03T20:42:38.095Z,2022,-69.592092,19.296934,10,14d5676a-2c54-4f94-9023-1e8dcd822aa0,,,20,03,LAS TERRENAS,032003,874cf3528ffffff
q-10573219373,3959215566,Terminalia catappa,Terminalia catappa L.,Combretaceae,Terminalia,SPECIES,HUMAN_OBSERVATION,2022-05-03T20:43:20.598Z,2022,-69.592092,19.296931,8,14d5676a-2c54-4f94-9023-1e8dcd822aa0,,,20,03,LAS TERRENAS,032003,874cf3528ffffff
q-10574200465,3958878258,Coccoloba uvifera,Coccoloba uvifera (L.) L.,Polygonaceae,Coccoloba,SPECIES,HUMAN_OBSERVATION,2022-05-04T20:07:09.266Z,2022,-69.495911,19.325143,24,14d5676a-2c54-4f94-9023-1e8dcd822aa0,,,20,03,LAS TERRENAS,032003,874cf3cc1ffffff
q-10578705944,3998111971,Plumeria rubra,Plumeria rubra L.,Apocynaceae,Plumeria,SPECIES,HUMAN_OBSERVATION,2022-05-08T14:57:02.216Z,2022,-69.570672,19.314038,10,14d5676a-2c54-4f94-9023-1e8dcd822aa0,,,20,03,LAS TERRENAS,032003,874cf352dffffff
q-10579351200,3953124376,Codiaeum variegatum,Codiaeum variegatum (L.) Rumph. ex A.Juss.,Euphorbiaceae,Codiaeum,SPECIES,HUMAN_OBSERVATION,2022-05-08T22:05:20.012Z,2022,-69.496011,19.323938,8,14d5676a-2c54-4f94-9023-1e8dcd822aa0,,,20,03,LAS TERRENAS,032003,874cf3cc1ffffff
q-10598977452,3998197337,Crescentia cujete,Crescentia cujete L.,Bignoniaceae,Crescentia,SPECIES,HUMAN_OBSERVATION,2022-05-25T15:52:06.575Z,2022,-69.494346,19.323742,8,14d5676a-2c54-4f94-9023-1e8dcd822aa0,,,20,03,LAS TERRENAS,032003,874cf3cc1ffffff
q-10599270739,3954916360,Terminalia catappa,Terminalia catappa L.,Combretaceae,Terminalia,SPECIES,HUMAN_OBSERVATION,2022-05-25T20:41:28.605Z,2022,-69.540638,19.322107,7,14d5676a-2c54-4f94-9023-1e8dcd822aa0,,,20,03,LAS TERRENAS,032003,874cf3cdcffffff
q-10599270810,3954537308,Terminalia catappa,Terminalia catappa L.,Combretaceae,Terminalia,SPECIES,HUMAN_OBSERVATION,2022-05-25T20:41:39.356Z,2022,-69.540638,19.322107,7,14d5676a-2c54-4f94-9023-1e8dcd822aa0,,,20,03,LAS TERRENAS,032003,874cf3cdcffffff
q-10620317248,3951556646,Coccoloba uvifera,Coccoloba uvifera (L.) L.,Polygonaceae,Coccoloba,SPECIES,HUMAN_OBSERVATION,2022-06-12T13:57:04.129Z,2022,-69.494385,19.325041,NA,14d5676a-2c54-4f94-9023-1e8dcd822aa0,,,20,03,LAS TERRENAS,032003,874cf3cc1ffffff
q-10634200340,3952052257,Chrysobalanus icaco,Chrysobalanus icaco L.,Chrysobalanaceae,Chrysobalanus,SPECIES,HUMAN_OBSERVATION,2022-06-26T17:54:31.791Z,2022,-69.478837,19.318585,27,14d5676a-2c54-4f94-9023-1e8dcd822aa0,,,20,03,LAS TERRENAS,032003,874cf3cccffffff
q-10657331487,3954826211,Bougainvillea glabra,Bougainvillea glabra Choisy,Nyctaginaceae,Bougainvillea,SPECIES,HUMAN_OBSERVATION,2022-07-24T17:50:22.634Z,2022,-69.553796,19.321474,24,14d5676a-2c54-4f94-9023-1e8dcd822aa0,,,20,03,LAS TERRENAS,032003,874cf3cdeffffff
q-10662826063,3960122087,Cocos nucifera,Cocos nucifera L.,Arecaceae,Cocos,SPECIES,HUMAN_OBSERVATION,2022-07-31T22:02:27.493Z,2022,-69.567558,19.313538,9,14d5676a-2c54-4f94-9023-1e8dcd822aa0,,,20,03,LAS TERRENAS,032003,874cf352dffffff
q-10685414003,3998618449,Tabernaemontana divaricata,Tabernaemontana divaricata (L.) R.Br. ex Roem. & Schult.,Apocynaceae,Tabernaemontana,SPECIES,HUMAN_OBSERVATION,2022-09-03T12:48:01.458Z,2022,-69.564122,19.308701,4,14d5676a-2c54-4f94-9023-1e8dcd822aa0,,,20,03,LAS TERRENAS,032003,874cf352dffffff
q-10708695368,3998404376,Coccoloba uvifera,Coccoloba uvifera (L.) L.,Polygonaceae,Coccoloba,SPECIES,HUMAN_OBSERVATION,2022-10-15T17:26:22.911Z,2022,-69.565693,19.313822,4,14d5676a-2c54-4f94-9023-1e8dcd822aa0,,,20,03,LAS TERRENAS,032003,874cf352dffffff
q-10712467947,3998635902,Parthenium hysterophorus,Parthenium hysterophorus L.,Asteraceae,Parthenium,SPECIES,HUMAN_OBSERVATION,2022-10-23T12:36:46.227Z,2022,-69.532745,19.314655,50,14d5676a-2c54-4f94-9023-1e8dcd822aa0,,,20,03,LAS TERRENAS,032003,874cf3cdcffffff
q-10714937779,3998643400,Heliconia psittacorum,Heliconia psittacorum L.f.,Heliconiaceae,Heliconia,SPECIES,HUMAN_OBSERVATION,2022-10-28T20:26:06.249Z,2022,-69.547839,19.308151,4,14d5676a-2c54-4f94-9023-1e8dcd822aa0,,,20,03,LAS TERRENAS,032003,874cf3cdeffffff
q-10719291254,3999008741,Sphagneticola trilobata,Sphagneticola trilobata (L.) Pruski,Asteraceae,Sphagneticola,SPECIES,HUMAN_OBSERVATION,2022-11-08T05:03:10.998Z,2022,-69.56247,19.318167,28,14d5676a-2c54-4f94-9023-1e8dcd822aa0,,,20,03,LAS TERRENAS,032003,874cf3cd3ffffff
q-10719791995,3999055484,Sphagneticola trilobata,Sphagneticola trilobata (L.) Pruski,Asteraceae,Sphagneticola,SPECIES,HUMAN_OBSERVATION,2022-11-09T15:26:59.979Z,2022,-69.56247,19.318167,28,14d5676a-2c54-4f94-9023-1e8dcd822aa0,,,20,03,LAS TERRENAS,032003,874cf3cd3ffffff
q-10721427408,3999136381,Coccoloba uvifera,Coccoloba uvifera (L.) L.,Polygonaceae,Coccoloba,SPECIES,HUMAN_OBSERVATION,2022-11-13T19:15:24.598Z,2022,-69.514237,19.327175,23,14d5676a-2c54-4f94-9023-1e8dcd822aa0,,,20,03,LAS TERRENAS,032003,874cf3cc3ffffff
q-10721735760,3999093955,Asystasia gangetica,Asystasia gangetica (L.) T.Anderson,Acanthaceae,Asystasia,SPECIES,HUMAN_OBSERVATION,2022-11-14T19:19:59.306Z,2022,-69.536178,19.32195,35,14d5676a-2c54-4f94-9023-1e8dcd822aa0,,,20,03,LAS TERRENAS,032003,874cf3cdcffffff
q-10725197121,3998435813,Flemingia strobilifera,Flemingia strobilifera (L.) W.T.Aiton,Fabaceae,Flemingia,SPECIES,HUMAN_OBSERVATION,2022-11-27T21:57:38.071Z,2022,-69.523647,19.301797,NA,14d5676a-2c54-4f94-9023-1e8dcd822aa0,,,20,03,LAS TERRENAS,032003,874cf3cd8ffffff
q-10725779671,3998504496,Tabernaemontana divaricata,Tabernaemontana divaricata (L.) R.Br. ex Roem. & Schult.,Apocynaceae,Tabernaemontana,SPECIES,HUMAN_OBSERVATION,2022-11-30T15:39:55.577Z,2022,-69.525108,19.301878,NA,14d5676a-2c54-4f94-9023-1e8dcd822aa0,,,20,03,LAS TERRENAS,032003,874cf3cd8ffffff
urn:catalog:CAS:BOT-BC:704547,4418976327,Selaginella P.Beauv.,Selaginella P.Beauv.,Selaginellaceae,Selaginella,GENUS,PRESERVED_SPECIMEN,1981-11-03,1981,-69.508333,19.3,NA,f934f8e2-32ca-46a7-b2f8-b032a4740454,CAS,BOT-BC,20,03,LAS TERRENAS,032003,874cf3cddffffff
urn:catalog:MO:Tropicos:2317004,1259619179,Eustachys petraea,Eustachys petraea (Sw.) Desv.,Poaceae,Eustachys,SPECIES,PRESERVED_SPECIMEN,1984-05-09,1984,-69.583333,19.3,NA,7bd65a7a-f762-11e1-a439-00145eb45e9a,MO,Tropicos,20,03,LAS TERRENAS,032003,874cf3528ffffff
urn:catalog:MO:Tropicos:2580518,1259909332,Hexasepalum serrulatum,Diodia serrulata (P.Beauv.) G.Taylor,Rubiaceae,Hexasepalum,SPECIES,PRESERVED_SPECIMEN,1984-05-09,1984,-69.58333,19.3,NA,7bd65a7a-f762-11e1-a439-00145eb45e9a,MO,Tropicos,20,03,LAS TERRENAS,032003,874cf3528ffffff
urn:catalog:MO:Tropicos:3411211,1260825745,Guarea guidonia,Guarea guidonia (L.) Sleumer,Meliaceae,Guarea,SPECIES,PRESERVED_SPECIMEN,1981-11-04,1981,-69.46666,19.31666,NA,7bd65a7a-f762-11e1-a439-00145eb45e9a,MO,Tropicos,20,03,LAS TERRENAS,032003,874cf3cccffffff
urn:catalog:MO:Tropicos:375717,1261074414,Anthurium crenatum,Anthurium crenatum (L.) Kunth,Araceae,Anthurium,SPECIES,PRESERVED_SPECIMEN,,NA,-69.5,19.3,NA,e053ff53-c156-4e2e-b9b5-4462e9625424,JBSD,Tropicos,20,03,LAS TERRENAS,032003,874cf3ccaffffff
