occurrenceID,gbifID,especie,scientificName,family,genus,taxonRank,basisOfRecord,eventDate,year,decimalLongitude,decimalLatitude,coordinateUncertaintyInMeters,datasetKey,institutionCode,collectionCode,provincia_codigo,municipio_codigo,municipio,id_municipio,hex_id
018e78ae-c41f-4c21-92e8-5816ea7208a7,5887475524,Cyathea horrida,Cyathea horrida (L.) Sm.,Cyatheaceae,Cyathea,SPECIES,PRESERVED_SPECIMEN,1928-03-17,1928,-70.117896,19.575019,5000,8310f570-f762-11e1-a439-00145eb45e9a,WTU,Vascular,09,03,GASPAR HERNÁNDEZ,010903,874cf2764ffffff
0309c2f8c33685ed919ddd437ee263b3,5101595009,Xanthium L.,Xanthium L.,Asteraceae,Xanthium,GENUS,PRESERVED_SPECIMEN,2007-10-02,2007,-70.365,19.688333,NA,356b321d-7d47-4380-89e2-87bae6d8c250,INECOL,XAL,09,03,GASPAR HERNÁNDEZ,010903,874cf2445ffffff
03B387DAFFDC1F4AFF50FAD7FC07895E.mc.3B723C91FFDC1F4CFA88FAD6FC658DE9,4418891305,Coccothrinax bonettiana,"Coccothrinax bonettiana A.J.Hend., Elad.Fernández & C.D.Bacon",Arecaceae,Coccothrinax,SPECIES,MATERIAL_CITATION,2021-12-19,2021,-70.21667,19.616667,NA,143c8e81-3541-4298-b233-d3ce4e79d26c,"O, T, C, E, JBSD, NY",,09,03,GASPAR HERNÁNDEZ,010903,874cf272cffffff
0C5CFFB4-D25D-4ECF-9823-07843F402740,123001087,Rondeletia christii,Rondeletia christii Urb.,Rubiaceae,Rondeletia,SPECIES,PRESERVED_SPECIMEN,1982-10-13,1982,-70.25,19.6333,NA,832cb04e-f762-11e1-a439-00145eb45e9a,FTG,Herbarium,09,03,GASPAR HERNÁNDEZ,010903,874cf2722ffffff
0a452541-0ceb-4279-bb9d-cbcd24fb080f,2270675608,Myrcia splendens,Myrcia splendens (Sw.) DC.,Myrtaceae,Myrcia,SPECIES,PRESERVED_SPECIMEN,1982-10-14,1982,-70.25,19.6333,NA,e05fd4c2-4d77-4c50-880e-1b22096af300,ASU,Plants,09,03,GASPAR HERNÁNDEZ,010903,874cf2722ffffff
0b3b1b63-d784-401a-ad71-685fef6cb01e,1927926238,Elaphoglossum peltatum,Elaphoglossum peltatum (Sw.) Urb.,Dryopteridaceae,Elaphoglossum,SPECIES,PRESERVED_SPECIMEN,1974-12-24,1974,-70.32,19.57,NA,d415c253-4d61-4459-9d25-4015b9084fb0,NY,NY,09,03,GASPAR HERNÁNDEZ,010903,874cf27adffffff
0b3bed2e-83ac-4a44-92f2-89000a013090,1927926432,Ilex berteroi,Ilex berteroi Loes. ex Urb.,Aquifoliaceae,Ilex,SPECIES,PRESERVED_SPECIMEN,1982-10-13,1982,-70.25,19.63,NA,d415c253-4d61-4459-9d25-4015b9084fb0,NY,NY,09,03,GASPAR HERNÁNDEZ,010903,874cf2722ffffff
0cd96ab3-2e90-43e4-b77d-6571d2c4d99d,1927949923,Koanophyllon puberulum,Koanophyllon puberulum (DC.) R.M.King & H.Rob.,Asteraceae,Koanophyllon,SPECIES,PRESERVED_SPECIMEN,1969-10-28,1969,-70.217997,19.626682,3.82,d415c253-4d61-4459-9d25-4015b9084fb0,NY,NY,09,03,GASPAR HERNÁNDEZ,010903,874cf2721ffffff
0f464a0c-08cf-4c6e-bcfd-80a586d7ef32,2270677337,Myrcia citrifolia,Myrcia citrifolia (Aubl.) Urb.,Myrtaceae,Myrcia,SPECIES,PRESERVED_SPECIMEN,1984-07-19,1984,-70.2167,19.6333,NA,e05fd4c2-4d77-4c50-880e-1b22096af300,ASU,Plants,09,03,GASPAR HERNÁNDEZ,010903,874cf2721ffffff
1163a360-5042-4af9-9fdc-dd2e9b528fc7,1928013125,Jacquinia aculeata,Jacquinia aculeata (L.) Mez,Primulaceae,Jacquinia,SPECIES,PRESERVED_SPECIMEN,1969-10-28,1969,-70.217997,19.626682,3.82,d415c253-4d61-4459-9d25-4015b9084fb0,NY,NY,09,03,GASPAR HERNÁNDEZ,010903,874cf2721ffffff
116e048d-f54c-406c-905c-5dd049bd2421,1928013586,Guettarda dictyophylla,Guettarda dictyophylla Urb.,Rubiaceae,Guettarda,SPECIES,PRESERVED_SPECIMEN,1969-10-28,1969,-70.217997,19.626682,3.82,d415c253-4d61-4459-9d25-4015b9084fb0,NY,NY,09,03,GASPAR HERNÁNDEZ,010903,874cf2721ffffff
18c37b72-93fa-4a7c-b11b-44918db8b0b4,4079748193,Dalbergia monetaria,Dalbergia ovalis (L.) P.L.R.Moraes & L.P.Queiroz,Fabaceae,Dalbergia,SPECIES,PRESERVED_SPECIMEN,1950-04-07,1950,-70.270735,19.634827,903,3b040a48-deae-485c-95b1-2ac80b7fdc54,IIBZ,USD,09,03,GASPAR HERNÁNDEZ,010903,874cf2722ffffff
1E9D73ED-D510-43E7-A319-0141C58B01D4,1503278043,Ouratea ilicifolia,Ouratea ilicifolia (DC.) Baill.,Ochnaceae,Ouratea,SPECIES,PRESERVED_SPECIMEN,2013-10-13,2013,-70.2552,19.6392,NA,af1b4db0-c8ce-4a95-b700-8a6a02bed9d6,USF,Herb,09,03,GASPAR HERNÁNDEZ,010903,874cf2722ffffff
1bf77c7a-55e5-4e4f-9e57-e86f849cb2d5,1928161379,Tillandsia festucoides,Tillandsia festucoides Brongn. ex Mez,Bromeliaceae,Tillandsia,SPECIES,PRESERVED_SPECIMEN,1984-07-19,1984,-70.22,19.63,NA,d415c253-4d61-4459-9d25-4015b9084fb0,NY,NY,09,03,GASPAR HERNÁNDEZ,010903,874cf2721ffffff
1c82cdc9-80c1-42e1-8aa7-1a4ceafabce5,1928169720,Chromolaena sinuata,Chromolaena sinuata (Lam.) R.M.King & H.Rob.,Asteraceae,Chromolaena,SPECIES,PRESERVED_SPECIMEN,1969-10-28,1969,-70.217997,19.626682,3.82,d415c253-4d61-4459-9d25-4015b9084fb0,NY,NY,09,03,GASPAR HERNÁNDEZ,010903,874cf2721ffffff
1cb9e269-efe4-4515-914f-04933d9356fe,1457753505,Mouriri helleri,Mouriri helleri var. samanensis (Urb.) Morley,Melastomataceae,Mouriri,VARIETY,PRESERVED_SPECIMEN,1990-02-14,1990,-70.216667,19.633333,NA,b89d52a2-861d-4388-adad-c0da3d55fc78,UF,,09,03,GASPAR HERNÁNDEZ,010903,874cf2721ffffff
1d019282-78d6-47de-82bf-a19a7df03275,2270673970,Myrcia garciae,Calyptranthes garciae Alain & M.M.Mejía,Myrtaceae,Myrcia,SPECIES,PRESERVED_SPECIMEN,1990-06-14,1990,-70.2167,19.6333,NA,e05fd4c2-4d77-4c50-880e-1b22096af300,ASU,Plants,09,03,GASPAR HERNÁNDEZ,010903,874cf2721ffffff
1e3c1234-7454-4442-a998-1d7df9565b2e,1928197646,Psychotria revoluta,Psychotria revoluta DC.,Rubiaceae,Psychotria,SPECIES,PRESERVED_SPECIMEN,1969-10-28,1969,-70.217997,19.626682,3.82,d415c253-4d61-4459-9d25-4015b9084fb0,NY,NY,09,03,GASPAR HERNÁNDEZ,010903,874cf2721ffffff
2358d742-2da8-4c58-ab9e-6cb8c0ea3f87,1928269370,Cojoba filipes,Cojoba filipes (Vent.) Barneby & J.W.Grimes,Fabaceae,Cojoba,SPECIES,PRESERVED_SPECIMEN,1990-02-13,1990,-70.22,19.63,NA,d415c253-4d61-4459-9d25-4015b9084fb0,NY,NY,09,03,GASPAR HERNÁNDEZ,010903,874cf2721ffffff
26488629-16fd-4dbb-a0c9-e513e4cd944e,2270672093,Myrcia garciae,Calyptranthes garciae Alain & M.M.Mejía,Myrtaceae,Myrcia,SPECIES,PRESERVED_SPECIMEN,1982-10-13,1982,-70.25,19.6333,NA,e05fd4c2-4d77-4c50-880e-1b22096af300,ASU,Plants,09,03,GASPAR HERNÁNDEZ,010903,874cf2722ffffff
2c131ab0-37ed-4aa8-8b1d-9da9cb6f0552,1928392812,Calymperes lonchophyllum,Calymperes lonchophyllum Schwägr.,Calymperaceae,Calymperes,SPECIES,PRESERVED_SPECIMEN,1991-01-24,1991,-70.23,19.63,NA,d415c253-4d61-4459-9d25-4015b9084fb0,NY,NY,09,03,GASPAR HERNÁNDEZ,010903,874cf2721ffffff
30c45069-6537-4c8d-a377-44ad09847558,1928459576,Eclipta prostrata,Eclipta prostrata (L.) L.,Asteraceae,Eclipta,SPECIES,PRESERVED_SPECIMEN,1992-11-17,1992,-70.13,19.62,NA,d415c253-4d61-4459-9d25-4015b9084fb0,NY,NY,09,03,GASPAR HERNÁNDEZ,010903,874cf20c3ffffff
3253a77f-3e38-43b3-ab60-221028215460,5058543329,Chromolaena sinuata,Eupatorium sinuatum Lam.,Asteraceae,Chromolaena,SPECIES,PRESERVED_SPECIMEN,1982-10-13,1982,-70.25,19.633333,NA,b89d52a2-861d-4388-adad-c0da3d55fc78,UF,,09,03,GASPAR HERNÁNDEZ,010903,874cf2722ffffff
3277cbab-502a-4bd3-85b4-df7557862e68,1928482971,Terminalia buceras,Bucida buceras L.,Combretaceae,Terminalia,SPECIES,PRESERVED_SPECIMEN,1990-06-15,1990,-70.22,19.63,NA,d415c253-4d61-4459-9d25-4015b9084fb0,NY,NY,09,03,GASPAR HERNÁNDEZ,010903,874cf2721ffffff
33403cf7-be54-4e15-bee8-19cd597c75bc,1928493371,Myrcia guianensis,Myrcia guianensis (Aubl.) DC.,Myrtaceae,Myrcia,SPECIES,PRESERVED_SPECIMEN,1984-07-19,1984,-70.22,19.63,NA,d415c253-4d61-4459-9d25-4015b9084fb0,NY,NY,09,03,GASPAR HERNÁNDEZ,010903,874cf2721ffffff
33cf22e4-1476-4c56-a2ec-e1ac8d65ed71,1928501451,Crotalaria retusa,Crotalaria retusa L.,Fabaceae,Crotalaria,SPECIES,PRESERVED_SPECIMEN,1984-07-19,1984,-70.17,19.62,NA,d415c253-4d61-4459-9d25-4015b9084fb0,NY,NY,09,03,GASPAR HERNÁNDEZ,010903,874cf20d1ffffff
34cdbf2e-d9d3-450b-8a05-1a91b1016c46,1928514115,Coccothrinax Sarg.,Coccothrinax Sarg.,Arecaceae,Coccothrinax,GENUS,PRESERVED_SPECIMEN,1982-10-13,1982,-70.25,19.63,NA,d415c253-4d61-4459-9d25-4015b9084fb0,NY,NY,09,03,GASPAR HERNÁNDEZ,010903,874cf2722ffffff
37d39259-8995-4ef7-a1d5-6f85488a82d0,1928557578,Adiantum pyramidale,Adiantum pyramidale (L.) Willd.,Pteridaceae,Adiantum,SPECIES,PRESERVED_SPECIMEN,1982-10-14,1982,-70.25,19.63,NA,d415c253-4d61-4459-9d25-4015b9084fb0,NY,NY,09,03,GASPAR HERNÁNDEZ,010903,874cf2722ffffff
40664168-7e64-493e-bfda-aacce034c122,1928678508,Psychotria plumieri,Psychotria plumieri Urb.,Rubiaceae,Psychotria,SPECIES,PRESERVED_SPECIMEN,1984-07-19,1984,-70.22,19.63,NA,d415c253-4d61-4459-9d25-4015b9084fb0,NY,NY,09,03,GASPAR HERNÁNDEZ,010903,874cf2721ffffff
430a2f7b-b8fa-44db-bdcf-e58de8f0ded6,1928715695,Calymperes erosum,Calymperes erosum Müll. Hal.,Calymperaceae,Calymperes,SPECIES,PRESERVED_SPECIMEN,1982-10-14,1982,-70.25,19.63,NA,d415c253-4d61-4459-9d25-4015b9084fb0,NY,NY,09,03,GASPAR HERNÁNDEZ,010903,874cf2722ffffff
437ee54a-f1cc-4edb-9411-8fc0797585d8,1457766819,Myrcia splendens,Myrcia splendens (Sw.) DC.,Myrtaceae,Myrcia,SPECIES,PRESERVED_SPECIMEN,1984-07-19,1984,-70.216667,19.633333,NA,b89d52a2-861d-4388-adad-c0da3d55fc78,UF,,09,03,GASPAR HERNÁNDEZ,010903,874cf2721ffffff
45cf91d3-db37-4f7c-bb90-252a7c4cf4ad,1928755332,Poitea galegoides,Poitea galegoides Vent.,Fabaceae,Poitea,SPECIES,PRESERVED_SPECIMEN,1982-10-14,1982,-70.25,19.63,NA,d415c253-4d61-4459-9d25-4015b9084fb0,NY,NY,09,03,GASPAR HERNÁNDEZ,010903,874cf2722ffffff
46f34978-ea9a-4ac9-846d-0ee48efaa8da,1928771486,Tibisia farcta,Arthrostylidium farctum (Aubl.) Soderstr. & Lourteig,Poaceae,Tibisia,SPECIES,PRESERVED_SPECIMEN,1982-10-14,1982,-70.25,19.63,NA,d415c253-4d61-4459-9d25-4015b9084fb0,NY,NY,09,03,GASPAR HERNÁNDEZ,010903,874cf2722ffffff
4929a0d8-9c7a-4733-b1e0-801fdfa5517f,1928802640,Eugenia P.Micheli ex L.,Eugenia P.Micheli ex L.,Myrtaceae,Eugenia,GENUS,PRESERVED_SPECIMEN,1992-01-18,1992,-70.22,19.63,NA,d415c253-4d61-4459-9d25-4015b9084fb0,NY,NY,09,03,GASPAR HERNÁNDEZ,010903,874cf2721ffffff
49ec8c82-be8a-4735-a5c0-f8b2b23205c2,1928813303,Guettarda dictyophylla,Guettarda dictyophylla Urb.,Rubiaceae,Guettarda,SPECIES,PRESERVED_SPECIMEN,1969-10-28,1969,-70.217997,19.626682,3.82,d415c253-4d61-4459-9d25-4015b9084fb0,NY,NY,09,03,GASPAR HERNÁNDEZ,010903,874cf2721ffffff
4b2b79bd-686c-4fc1-9219-43e4c74fcf2a,1928831035,Oplismenus compositus,Oplismenus hirtellus subsp. setarius (Lam.) Mez ex Ekman,Poaceae,Oplismenus,SUBSPECIES,PRESERVED_SPECIMEN,1969-10-28,1969,-70.217997,19.626682,3.82,d415c253-4d61-4459-9d25-4015b9084fb0,NY,NY,09,03,GASPAR HERNÁNDEZ,010903,874cf2721ffffff
4c9c07b8-0362-4b95-96c9-a6bbe50c6aa1,1928851125,Piptocoma rufescens,Piptocoma rufescens Cass.,Asteraceae,Piptocoma,SPECIES,PRESERVED_SPECIMEN,1984-07-19,1984,-70.22,19.63,NA,d415c253-4d61-4459-9d25-4015b9084fb0,NY,NY,09,03,GASPAR HERNÁNDEZ,010903,874cf2721ffffff
518e01ce-4dc2-495b-8baa-5457d356497f,1928921406,Frullania nodulosa,"Frullania nodulosa (Reinw., Blume & Nees) Nees",Frullaniaceae,Frullania,SPECIES,PRESERVED_SPECIMEN,1982-10-13,1982,-70.25,19.63,NA,d415c253-4d61-4459-9d25-4015b9084fb0,NY,NY,09,03,GASPAR HERNÁNDEZ,010903,874cf2722ffffff
57692a49-fbe4-45b8-863d-80b39c1aa875,1929004640,Vitex heptaphylla,Vitex heptaphylla A.Juss.,Lamiaceae,Vitex,SPECIES,PRESERVED_SPECIMEN,1984-07-19,1984,-70.22,19.63,NA,d415c253-4d61-4459-9d25-4015b9084fb0,NY,NY,09,03,GASPAR HERNÁNDEZ,010903,874cf2721ffffff
5a8b8102-4a4c-4924-936b-6397f00736d2,1929048133,Fimbristylis dichotoma,Fimbristylis dichotoma (L.) Vahl,Cyperaceae,Fimbristylis,SPECIES,PRESERVED_SPECIMEN,1969-10-28,1969,-70.217997,19.626682,3.82,d415c253-4d61-4459-9d25-4015b9084fb0,NY,NY,09,03,GASPAR HERNÁNDEZ,010903,874cf2721ffffff
5a8d4474-a0f6-468a-a16b-25a4c08f058f,1929048144,Psychilis olivacea,Psychilis olivacea (Cogn.) Sauleda,Orchidaceae,Psychilis,SPECIES,PRESERVED_SPECIMEN,1984-07-19,1984,-70.22,19.63,NA,d415c253-4d61-4459-9d25-4015b9084fb0,NY,NY,09,03,GASPAR HERNÁNDEZ,010903,874cf2721ffffff
5fae9b3f-ed26-49be-b1cd-b58d840b267a,1929120756,Croton sidifolius,Croton sidifolius Lam.,Euphorbiaceae,Croton,SPECIES,PRESERVED_SPECIMEN,1969-10-28,1969,-70.217997,19.626682,3.82,d415c253-4d61-4459-9d25-4015b9084fb0,NY,NY,09,03,GASPAR HERNÁNDEZ,010903,874cf2721ffffff
61a8c4c6-1294-421f-a0df-cf4244f6e6fc,1929148391,Chromolaena sinuata,Chromolaena sinuata (Lam.) R.M.King & H.Rob.,Asteraceae,Chromolaena,SPECIES,PRESERVED_SPECIMEN,1969-10-28,1969,-70.217997,19.626682,3.82,d415c253-4d61-4459-9d25-4015b9084fb0,NY,NY,09,03,GASPAR HERNÁNDEZ,010903,874cf2721ffffff
61bd29e7-e231-43fe-a38e-c7b92d1bc756,1929150506,Tillandsia balbisiana,Tillandsia balbisiana Schult. & Schult.f.,Bromeliaceae,Tillandsia,SPECIES,PRESERVED_SPECIMEN,1982-10-14,1982,-70.25,19.63,NA,d415c253-4d61-4459-9d25-4015b9084fb0,NY,NY,09,03,GASPAR HERNÁNDEZ,010903,874cf2722ffffff
62053f3e-395c-4411-9b88-802ad965e993,1929153471,Carapa guianensis,Carapa guianensis Aubl.,Meliaceae,Carapa,SPECIES,PRESERVED_SPECIMEN,1992-01-18,1992,-70.22,19.63,NA,d415c253-4d61-4459-9d25-4015b9084fb0,NY,NY,09,03,GASPAR HERNÁNDEZ,010903,874cf2721ffffff
63081e59-ee60-46b0-88e2-d0b634a95bb6,1929167440,Casearia sylvestris,Casearia sylvestris Sw.,Salicaceae,Casearia,SPECIES,PRESERVED_SPECIMEN,1969-10-28,1969,-70.217997,19.626682,3.82,d415c253-4d61-4459-9d25-4015b9084fb0,NY,NY,09,03,GASPAR HERNÁNDEZ,010903,874cf2721ffffff
63a0b454-554c-44eb-a61e-bc2ed0464620,1929176598,Paspalum notatum,Paspalum notatum var. notatum,Poaceae,Paspalum,VARIETY,PRESERVED_SPECIMEN,1969-10-28,1969,-70.217997,19.626682,3.82,d415c253-4d61-4459-9d25-4015b9084fb0,NY,NY,09,03,GASPAR HERNÁNDEZ,010903,874cf2721ffffff
67b31796-66f7-4692-868a-4b73e095e00f,2270673337,Myrcia garciae,Calyptranthes garciae Alain & M.M.Mejía,Myrtaceae,Myrcia,SPECIES,PRESERVED_SPECIMEN,1984-07-19,1984,-70.2167,19.6333,NA,e05fd4c2-4d77-4c50-880e-1b22096af300,ASU,Plants,09,03,GASPAR HERNÁNDEZ,010903,874cf2721ffffff
68f54b13-20c8-4eab-b802-daeb654db033,1929251715,Sphagneticola trilobata,Sphagneticola trilobata (L.) Pruski,Asteraceae,Sphagneticola,SPECIES,PRESERVED_SPECIMEN,1992-01-19,1992,-70.2,19.63,NA,d415c253-4d61-4459-9d25-4015b9084fb0,NY,NY,09,03,GASPAR HERNÁNDEZ,010903,874cf20d2ffffff
696b9018-5784-4a27-9c44-b7f460450c81,1929258052,Cojoba filipes,Cojoba filipes (Vent.) Barneby & J.W.Grimes,Fabaceae,Cojoba,SPECIES,PRESERVED_SPECIMEN,1984-07-19,1984,-70.22,19.63,NA,d415c253-4d61-4459-9d25-4015b9084fb0,NY,NY,09,03,GASPAR HERNÁNDEZ,010903,874cf2721ffffff
69976c04-067c-44c3-8d8e-d0bdb345640f,1929260228,Isidorea pedicellaris,Isidorea pedicellaris Urb. & Ekman,Rubiaceae,Isidorea,SPECIES,PRESERVED_SPECIMEN,1984-07-19,1984,-70.22,19.63,NA,d415c253-4d61-4459-9d25-4015b9084fb0,NY,NY,09,03,GASPAR HERNÁNDEZ,010903,874cf2721ffffff
6ad0ac5a-ac57-49df-aeee-d23fa6c87c05,1929278543,Rhynchospora berteroi,Rhynchospora berteroi (Spreng.) C.B.Clarke,Cyperaceae,Rhynchospora,SPECIES,PRESERVED_SPECIMEN,1984-07-19,1984,-70.22,19.63,NA,d415c253-4d61-4459-9d25-4015b9084fb0,NY,NY,09,03,GASPAR HERNÁNDEZ,010903,874cf2721ffffff
6d3f38cca35390f60efea6620e206e65,2629750553,Xanthium L.,Xanthium L.,Asteraceae,Xanthium,GENUS,PRESERVED_SPECIMEN,2007-10-02,2007,-70.365,19.688333,NA,98c51784-da02-4f0e-81a4-f3635cb3cba7,INECOL,XAL,09,03,GASPAR HERNÁNDEZ,010903,874cf2445ffffff
6dabcca7-aaa1-4828-94ee-fe7324e2a481,1929317489,Crotalaria incana,Crotalaria incana L.,Fabaceae,Crotalaria,SPECIES,PRESERVED_SPECIMEN,1984-07-19,1984,-70.17,19.62,NA,d415c253-4d61-4459-9d25-4015b9084fb0,NY,NY,09,03,GASPAR HERNÁNDEZ,010903,874cf20d1ffffff
6f426ce3-ba92-4fa8-bb14-b8e96ec36c7d,1929339850,Rondeletia christii,Rondeletia christii Urb.,Rubiaceae,Rondeletia,SPECIES,PRESERVED_SPECIMEN,1991-01-24,1991,-70.23,19.62,NA,d415c253-4d61-4459-9d25-4015b9084fb0,NY,NY,09,03,GASPAR HERNÁNDEZ,010903,874cf2721ffffff
71433a56-a51e-444e-bf04-8a579a01891c,1929367953,Dendropemon elegans,Dendropemon elegans Kuijt,Loranthaceae,Dendropemon,SPECIES,PRESERVED_SPECIMEN,1969-10-28,1969,-70.217997,19.626682,3.82,d415c253-4d61-4459-9d25-4015b9084fb0,NY,NY,09,03,GASPAR HERNÁNDEZ,010903,874cf2721ffffff
71491ee7-29f3-4db4-acc8-91e41386bcfe,4079747907,Aristolochia macroura,Aristolochia trilobata Lindl.,Aristolochiaceae,Aristolochia,SPECIES,PRESERVED_SPECIMEN,1950-04-06,1950,-70.270735,19.634827,903,3b040a48-deae-485c-95b1-2ac80b7fdc54,IIBZ,USD,09,03,GASPAR HERNÁNDEZ,010903,874cf2722ffffff
7209B0EF-2370-4B53-82B4-4545240D2385,1503211479,Odontosoria aculeata,Odontosoria aculeata (L.) J.Sm.,Lindsaeaceae,Odontosoria,SPECIES,PRESERVED_SPECIMEN,1982-10-14,1982,-70.25,19.6333,NA,af1b4db0-c8ce-4a95-b700-8a6a02bed9d6,USF,Herb,09,03,GASPAR HERNÁNDEZ,010903,874cf2722ffffff
72ff7416-995c-45f6-a7e3-6a9f3928f684,1929392697,Fimbristylis cymosa,Fimbristylis cymosa R.Br.,Cyperaceae,Fimbristylis,SPECIES,PRESERVED_SPECIMEN,1969-10-28,1969,-70.217997,19.626682,3.82,d415c253-4d61-4459-9d25-4015b9084fb0,NY,NY,09,03,GASPAR HERNÁNDEZ,010903,874cf2721ffffff
73132f10-7225-4e03-9da8-971c653b557a,1929393780,Tillandsia bulbosa,Tillandsia bulbosa Hook.,Bromeliaceae,Tillandsia,SPECIES,PRESERVED_SPECIMEN,1982-10-13,1982,-70.25,19.63,NA,d415c253-4d61-4459-9d25-4015b9084fb0,NY,NY,09,03,GASPAR HERNÁNDEZ,010903,874cf2722ffffff
7452add4-5c04-4a46-bed7-6ac1c8954260,1929411704,Calyptranthes Sw.,Calyptranthes Sw.,Myrtaceae,Myrcia,GENUS,PRESERVED_SPECIMEN,1992-01-19,1992,-70.22,19.63,NA,d415c253-4d61-4459-9d25-4015b9084fb0,NY,NY,09,03,GASPAR HERNÁNDEZ,010903,874cf2721ffffff
75fd9fd3-5ace-4cf7-b666-d79fe986b682,1929435045,Leptochloa virgata,Leptochloa virgata (L.) P.Beauv.,Poaceae,Leptochloa,SPECIES,PRESERVED_SPECIMEN,1969-10-28,1969,-70.217997,19.626682,3.82,d415c253-4d61-4459-9d25-4015b9084fb0,NY,NY,09,03,GASPAR HERNÁNDEZ,010903,874cf2721ffffff
761d62e3-426a-4403-949a-474e000b4d83,1929436762,Mimosa domingensis,Mimosa domingensis (Bertero ex DC.) Benth.,Fabaceae,Mimosa,SPECIES,PRESERVED_SPECIMEN,1969-10-28,1969,-70.217997,19.626682,3.82,d415c253-4d61-4459-9d25-4015b9084fb0,NY,NY,09,03,GASPAR HERNÁNDEZ,010903,874cf2721ffffff
767d2c2c-31d4-4652-a23d-5c39103d8586,1929442209,Chromolaena sinuata,Chromolaena sinuata (Lam.) R.M.King & H.Rob.,Asteraceae,Chromolaena,SPECIES,PRESERVED_SPECIMEN,1982-10-13,1982,-70.25,19.63,NA,d415c253-4d61-4459-9d25-4015b9084fb0,NY,NY,09,03,GASPAR HERNÁNDEZ,010903,874cf2722ffffff
77040377-10d4-489f-ad28-2f724b8fd3f0,1929449435,Chamaecrista portoricensis,Chamaecrista portoricensis var. atlantica H.S.Irwin & Barneby,Fabaceae,Chamaecrista,VARIETY,PRESERVED_SPECIMEN,1969-10-28,1969,-70.217997,19.626682,3.82,d415c253-4d61-4459-9d25-4015b9084fb0,NY,NY,09,03,GASPAR HERNÁNDEZ,010903,874cf2721ffffff
7986880f-48bb-4dd1-b996-da1321e0874b,1929485144,Dendropemon elegans,Dendropemon elegans Kuijt,Loranthaceae,Dendropemon,SPECIES,PRESERVED_SPECIMEN,1969-10-28/1969-10-29,1969,-70.217997,19.626682,3.82,d415c253-4d61-4459-9d25-4015b9084fb0,NY,NY,09,03,GASPAR HERNÁNDEZ,010903,874cf2721ffffff
7e1a4f32-aaef-4066-a2d4-bb815416faaa,1929549566,Lasiacis divaricata,Lasiacis divaricata (L.) Hitchc.,Poaceae,Lasiacis,SPECIES,PRESERVED_SPECIMEN,1982-10-14,1982,-70.25,19.63,NA,d415c253-4d61-4459-9d25-4015b9084fb0,NY,NY,09,03,GASPAR HERNÁNDEZ,010903,874cf2722ffffff
7e499ecc-6735-4c5f-9704-4c28a80ff96a,1929552012,Guettarda abbottii,Guettarda abbottii Urb.,Rubiaceae,Guettarda,SPECIES,PRESERVED_SPECIMEN,1992-01-18,1992,-70.22,19.63,NA,d415c253-4d61-4459-9d25-4015b9084fb0,NY,NY,09,03,GASPAR HERNÁNDEZ,010903,874cf2721ffffff
7e4c328a-42bf-46e5-b954-acddefc969f3,1929552042,Tibisia farcta,Arthrostylidium farctum (Aubl.) Soderstr. & Lourteig,Poaceae,Tibisia,SPECIES,PRESERVED_SPECIMEN,1984-07-19,1984,-70.22,19.63,NA,d415c253-4d61-4459-9d25-4015b9084fb0,NY,NY,09,03,GASPAR HERNÁNDEZ,010903,874cf2721ffffff
7f9cbcb0-33c3-46f5-89c3-0d73a6b86f43,1929571151,Bourreria virgata,Bourreria virgata (Sw.) G.Don,Ehretiaceae,Bourreria,SPECIES,PRESERVED_SPECIMEN,1969-10-28,1969,-70.217997,19.626682,3.82,d415c253-4d61-4459-9d25-4015b9084fb0,NY,NY,09,03,GASPAR HERNÁNDEZ,010903,874cf2721ffffff
82316605-8645-49a9-9a91-731a4c8960f5,1929607331,Smilax canellifolia,Smilax canellifolia Mill.,Smilacaceae,Smilax,SPECIES,PRESERVED_SPECIMEN,1982-10-14,1982,-70.25,19.63,NA,d415c253-4d61-4459-9d25-4015b9084fb0,NY,NY,09,03,GASPAR HERNÁNDEZ,010903,874cf2722ffffff
82a8c916-7ab7-4038-af9a-8dcc64f88db6,4079747742,Rhodopis planisiliqua,Rhodopis planisiliqua (L.) Urb.,Fabaceae,Rhodopis,SPECIES,PRESERVED_SPECIMEN,1956-12-09,1956,-70.270735,19.634827,145,3b040a48-deae-485c-95b1-2ac80b7fdc54,IIBZ,USD,09,03,GASPAR HERNÁNDEZ,010903,874cf2722ffffff
832c9e24-8acd-44e1-8f0f-8558ff6a92fe,1929620907,Lonchocarpus sericeus,Lonchocarpus sericeus (Poir.) Kunth ex DC.,Fabaceae,Lonchocarpus,SPECIES,PRESERVED_SPECIMEN,1982-10-14,1982,-70.25,19.63,NA,d415c253-4d61-4459-9d25-4015b9084fb0,NY,NY,09,03,GASPAR HERNÁNDEZ,010903,874cf2722ffffff
864c7ccf-9d9b-424b-b8aa-cb69e1fd8d7e,2270680373,Myrtaceae Juss.,Myrtaceae Juss.,Myrtaceae,,FAMILY,PRESERVED_SPECIMEN,1990-07-15,1990,-70.2167,19.6333,NA,e05fd4c2-4d77-4c50-880e-1b22096af300,ASU,Plants,09,03,GASPAR HERNÁNDEZ,010903,874cf2721ffffff
8ad938fa-20bb-4819-aa0f-a19b83ad945d,4500033481,Coccothrinax bonettiana,"Coccothrinax bonettiana A.J.Hend., Elad.Fernández & C.D.Bacon",Arecaceae,Coccothrinax,SPECIES,PRESERVED_SPECIMEN,2021-12-19,2021,-70.221828,19.63285,NA,d415c253-4d61-4459-9d25-4015b9084fb0,NY,NY,09,03,GASPAR HERNÁNDEZ,010903,874cf2721ffffff
93dcee73-6856-448e-a67e-95751d7aa999,4079747891,Poitea galegoides,Poitea galegoides Vent.,Fabaceae,Poitea,SPECIES,PRESERVED_SPECIMEN,1950-04-07,1950,-70.270735,19.634827,903,3b040a48-deae-485c-95b1-2ac80b7fdc54,IIBZ,USD,09,03,GASPAR HERNÁNDEZ,010903,874cf2722ffffff
97c9d1ac-fc4d-4754-8379-a8926e38c1e0,1929910774,Cynometra americana,Cynometra americana Vogel,Fabaceae,Cynometra,SPECIES,PRESERVED_SPECIMEN,1984-07-19,1984,-70.216667,19.633333,NA,d415c253-4d61-4459-9d25-4015b9084fb0,NY,NY,09,03,GASPAR HERNÁNDEZ,010903,874cf2721ffffff
99ef5e89-5b0e-492c-8a38-65f3e13bcd9b,2270468807,Myrcia garciae,Calyptranthes garciae Alain & M.M.Mejía,Myrtaceae,Myrcia,SPECIES,PRESERVED_SPECIMEN,1995-08-07,1995,-70.2167,19.6333,NA,e05fd4c2-4d77-4c50-880e-1b22096af300,ASU,Plants,09,03,GASPAR HERNÁNDEZ,010903,874cf2721ffffff
9DA8099E-3999-4D46-A8E4-CA6D660FD0DA,122960807,Isidorea pedicellaris,Isidorea pedicellaris Urb. & Ekman,Rubiaceae,Isidorea,SPECIES,PRESERVED_SPECIMEN,1982-10-14,1982,-70.25,19.6333,NA,832cb04e-f762-11e1-a439-00145eb45e9a,FTG,Herbarium,09,03,GASPAR HERNÁNDEZ,010903,874cf2722ffffff
9c0b0721-4f4f-419d-a972-9b9702b89c5e,1929970873,Calliandra haematomma,Calliandra haematomma (Bertero ex DC.) Benth.,Fabaceae,Calliandra,SPECIES,PRESERVED_SPECIMEN,1990-02-14,1990,-70.22,19.63,NA,d415c253-4d61-4459-9d25-4015b9084fb0,NY,NY,09,03,GASPAR HERNÁNDEZ,010903,874cf2721ffffff
9c463c7e-0552-4c66-b670-f64da60e70f8,1929974376,Microgramma lycopodioides,Microgramma lycopodioides (L.) Copel.,Polypodiaceae,Microgramma,SPECIES,PRESERVED_SPECIMEN,1982-10-14,1982,-70.25,19.63,NA,d415c253-4d61-4459-9d25-4015b9084fb0,NY,NY,09,03,GASPAR HERNÁNDEZ,010903,874cf2722ffffff
A51574CF-FE9A-48A6-A199-42220BCF4844,1503211483,Chrysobalanus icaco,Chrysobalanus icaco L.,Chrysobalanaceae,Chrysobalanus,SPECIES,PRESERVED_SPECIMEN,1982-10-14,1982,-70.25,19.6333,NA,af1b4db0-c8ce-4a95-b700-8a6a02bed9d6,USF,Herb,09,03,GASPAR HERNÁNDEZ,010903,874cf2722ffffff
B0A30C81-D27E-46F2-A46D-6DA00709275E,1503218833,Lonchocarpus sericeus,Lonchocarpus domingensis (Turpin ex Pers.) DC.,Fabaceae,Lonchocarpus,SPECIES,PRESERVED_SPECIMEN,1982-10-14,1982,-70.25,19.6333,NA,af1b4db0-c8ce-4a95-b700-8a6a02bed9d6,USF,Herb,09,03,GASPAR HERNÁNDEZ,010903,874cf2722ffffff
CE06C8DF-F769-48D4-82F8-A00F830FB9F2,153274199,Myrcia garciae,Calyptranthes garciae Alain & M.M.Mejía,Myrtaceae,Myrcia,SPECIES,PRESERVED_SPECIMEN,1984-07-19,1984,-70.2167,19.6333,NA,832cb04e-f762-11e1-a439-00145eb45e9a,FTG,Herbarium,09,03,GASPAR HERNÁNDEZ,010903,874cf2721ffffff
IVIC:IVIC:52334,4905650193,Scleria gaertneri,Scleria scindens Nees ex Kunth,Cyperaceae,Scleria,SPECIES,PRESERVED_SPECIMEN,1984-07-19,1984,-70.216667,19.633333,NA,ddd96ed8-b964-4052-b093-3512a0d134b5,IVIC,IVIC,09,03,GASPAR HERNÁNDEZ,010903,874cf2721ffffff
S:VascularPlants:S10-18324,1096721502,Myrcia garciae,Calyptranthes garciae Alain & M.M.Mejía,Myrtaceae,Myrcia,SPECIES,PRESERVED_SPECIMEN,2009-06-01,2009,-70.223333,19.635556,NA,0943f690-fde5-11dd-83f4-b8a03c50a862,S,VascularPlants,09,03,GASPAR HERNÁNDEZ,010903,874cf2725ffffff
S:VascularPlants:S17-22458,2618581300,Coeloneurum ferrugineum,Coeloneurum ferrugineum (Spreng.) Urb.,Solanaceae,Coeloneurum,SPECIES,PRESERVED_SPECIMEN,1989-06-16,1989,-70.216667,19.633333,NA,0943f690-fde5-11dd-83f4-b8a03c50a862,S,VascularPlants,09,03,GASPAR HERNÁNDEZ,010903,874cf2721ffffff
S:VascularPlants:S17-3330,2618357084,Piptocoma rufescens,Piptocoma rufescens Cass.,Asteraceae,Piptocoma,SPECIES,PRESERVED_SPECIMEN,1984-07-19,1984,-70.216667,19.633333,NA,0943f690-fde5-11dd-83f4-b8a03c50a862,S,VascularPlants,09,03,GASPAR HERNÁNDEZ,010903,874cf2721ffffff
S:VascularPlants:S20-17274,3776335112,Labatia sessiliflora,Labatia sessiliflora Sw.,Sapotaceae,Labatia,SPECIES,PRESERVED_SPECIMEN,1992-11-17,1992,-70.216667,19.633333,NA,0943f690-fde5-11dd-83f4-b8a03c50a862,S,VascularPlants,09,03,GASPAR HERNÁNDEZ,010903,874cf2721ffffff
S:VascularPlants:S24-7004,5922519327,Labatia sessiliflora,Labatia sessiliflora Sw.,Sapotaceae,Labatia,SPECIES,PRESERVED_SPECIMEN,1990-06-15,1990,-70.216667,19.633333,NA,0943f690-fde5-11dd-83f4-b8a03c50a862,S,VascularPlants,09,03,GASPAR HERNÁNDEZ,010903,874cf2721ffffff
UPS:BOT:V-203197,328327213,Rondeletia christii,Rondeletia christii Urb.,Rubiaceae,Rondeletia,SPECIES,PRESERVED_SPECIMEN,2001-07-31,2001,-70.21667,19.63333,NA,c1a13bf0-0c71-11dd-84d4-b8a03c50a862,UPS,BOT,09,03,GASPAR HERNÁNDEZ,010903,874cf2721ffffff
a0d4a792-e35c-489e-89bf-e68a327d24c3,1930038136,Guapira fragrans,Guapira fragrans (Dum.Cours.) Little,Nyctaginaceae,Guapira,SPECIES,PRESERVED_SPECIMEN,1992-01-18,1992,-70.22,19.63,NA,d415c253-4d61-4459-9d25-4015b9084fb0,NY,NY,09,03,GASPAR HERNÁNDEZ,010903,874cf2721ffffff
a4067285-516b-4a66-a51a-bbee61ed6331,1457799712,Mouriri helleri,Mouriri helleri var. samanensis (Urb.) Morley,Melastomataceae,Mouriri,VARIETY,PRESERVED_SPECIMEN,1991-01-11,1991,-70.216667,19.633333,NA,b89d52a2-861d-4388-adad-c0da3d55fc78,UF,,09,03,GASPAR HERNÁNDEZ,010903,874cf2721ffffff
a4728dff-9376-4fb7-a490-d714f6936e45,1930092295,Lauraceae Juss.,Lauraceae Juss.,Lauraceae,,FAMILY,PRESERVED_SPECIMEN,1969-10-28,1969,-70.217997,19.626682,3.82,d415c253-4d61-4459-9d25-4015b9084fb0,NY,NY,09,03,GASPAR HERNÁNDEZ,010903,874cf2721ffffff
aa24ff05-9e13-42b2-8328-4e5a38d9b4b6,1930173135,Eugenia P.Micheli ex L.,Eugenia P.Micheli ex L.,Myrtaceae,Eugenia,GENUS,PRESERVED_SPECIMEN,1992-01-19,1992,-70.22,19.63,NA,d415c253-4d61-4459-9d25-4015b9084fb0,NY,NY,09,03,GASPAR HERNÁNDEZ,010903,874cf2721ffffff
ae09c4fb-47e9-4e5e-b9af-00fdb56f73ce,1930228252,Piptocoma rufescens,Piptocoma rufescens Cass.,Asteraceae,Piptocoma,SPECIES,PRESERVED_SPECIMEN,1982-10-13,1982,-70.25,19.63,NA,d415c253-4d61-4459-9d25-4015b9084fb0,NY,NY,09,03,GASPAR HERNÁNDEZ,010903,874cf2722ffffff
b2520547-1b9e-4a29-90f9-7185de2d64dc,1930288370,Metopium toxiferum,Metopium toxiferum (L.) Krug & Urb.,Anacardiaceae,Metopium,SPECIES,PRESERVED_SPECIMEN,1982-10-14,1982,-70.25,19.63,NA,d415c253-4d61-4459-9d25-4015b9084fb0,NY,NY,09,03,GASPAR HERNÁNDEZ,010903,874cf2722ffffff
bb1fb981-764d-46bb-8d2a-5577bff30120,1930413303,Cojoba filipes,Cojoba filipes (Vent.) Barneby & J.W.Grimes,Fabaceae,Cojoba,SPECIES,PRESERVED_SPECIMEN,1992-01-19,1992,-70.22,19.63,NA,d415c253-4d61-4459-9d25-4015b9084fb0,NY,NY,09,03,GASPAR HERNÁNDEZ,010903,874cf2721ffffff
beedb23f-d459-41bd-bfb6-27800d1c7da3,2270676973,Myrcia garciae,Calyptranthes garciae Alain & M.M.Mejía,Myrtaceae,Myrcia,SPECIES,PRESERVED_SPECIMEN,1990-06-15,1990,-70.2167,19.6333,NA,e05fd4c2-4d77-4c50-880e-1b22096af300,ASU,Plants,09,03,GASPAR HERNÁNDEZ,010903,874cf2721ffffff
c3eca593-341a-485c-8484-4015e7c51004,1930537769,Chrysobalanus icaco,Chrysobalanus icaco L.,Chrysobalanaceae,Chrysobalanus,SPECIES,PRESERVED_SPECIMEN,1982-10-14,1982,-70.25,19.63,NA,d415c253-4d61-4459-9d25-4015b9084fb0,NY,NY,09,03,GASPAR HERNÁNDEZ,010903,874cf2722ffffff
c622aaf1-3c24-4a4d-800e-eacd8ad5aac2,1930569145,Lasiacis divaricata,Lasiacis divaricata (L.) Hitchc.,Poaceae,Lasiacis,SPECIES,PRESERVED_SPECIMEN,1984-07-19,1984,-70.22,19.63,NA,d415c253-4d61-4459-9d25-4015b9084fb0,NY,NY,09,03,GASPAR HERNÁNDEZ,010903,874cf2721ffffff
c62731de-e0e8-4c8e-a58a-9f4e9f77bd92,1930568844,Eugenia isabeliana,Eugenia isabeliana Kiaersk.,Myrtaceae,Eugenia,SPECIES,PRESERVED_SPECIMEN,1969-10-28,1969,-70.217997,19.626682,3.82,d415c253-4d61-4459-9d25-4015b9084fb0,NY,NY,09,03,GASPAR HERNÁNDEZ,010903,874cf2721ffffff
c77696bf-9f99-4163-8382-9eb62876515a,1930587237,Amphitecna latifolia,Amphitecna latifolia (Mill.) A.H.Gentry,Bignoniaceae,Amphitecna,SPECIES,PRESERVED_SPECIMEN,1991-01-24,1991,-70.22,19.6,NA,d415c253-4d61-4459-9d25-4015b9084fb0,NY,NY,09,03,GASPAR HERNÁNDEZ,010903,874cf272effffff
c846d9f8-fea1-4cb2-97fc-43b74a6b9024,1930598500,Bursera simaruba,Bursera simaruba (L.) Sarg.,Burseraceae,Bursera,SPECIES,PRESERVED_SPECIMEN,1982-10-14,1982,-70.25,19.63,NA,d415c253-4d61-4459-9d25-4015b9084fb0,NY,NY,09,03,GASPAR HERNÁNDEZ,010903,874cf2722ffffff
c8db9330-56c8-4882-9a31-99dbf90c5d4e,1930607096,Chaetocarpus globosus,Chaetocarpus globosus (Sw.) Fawc. & Rendle,Peraceae,Chaetocarpus,SPECIES,PRESERVED_SPECIMEN,1984-07-19,1984,-70.22,19.63,NA,d415c253-4d61-4459-9d25-4015b9084fb0,NY,NY,09,03,GASPAR HERNÁNDEZ,010903,874cf2721ffffff
c91e9cc1-a5bc-4b8f-915f-dc1079d70385,1930610942,Pavonia paludicola,Pavonia paludicola Nicolson ex Fryxell,Malvaceae,Pavonia,SPECIES,PRESERVED_SPECIMEN,1992-11-17,1992,-70.13,19.62,NA,d415c253-4d61-4459-9d25-4015b9084fb0,NY,NY,09,03,GASPAR HERNÁNDEZ,010903,874cf20c3ffffff
ca7a8168-ac73-45ea-a583-8ec0ed94cc98,1930629688,Ilex berteroi,Ilex berteroi Loes. ex Urb.,Aquifoliaceae,Ilex,SPECIES,PRESERVED_SPECIMEN,1984-07-19,1984,-70.22,19.63,NA,d415c253-4d61-4459-9d25-4015b9084fb0,NY,NY,09,03,GASPAR HERNÁNDEZ,010903,874cf2721ffffff
cab4c830-2918-42dd-a967-f473ca13a1ad,1930633619,Jacquinia aculeata,Jacquinia aculeata (L.) Mez,Primulaceae,Jacquinia,SPECIES,PRESERVED_SPECIMEN,1982-10-13,1982,-70.25,19.63,NA,d415c253-4d61-4459-9d25-4015b9084fb0,NY,NY,09,03,GASPAR HERNÁNDEZ,010903,874cf2722ffffff
cfa2ff8c-4a82-4460-9399-1c063c5c4a6e,1930703520,Monteverdia jamaicensis,Maytenus jamaicensis Krug & Urb.,Celastraceae,Monteverdia,SPECIES,PRESERVED_SPECIMEN,1984-07-19,1984,-70.22,19.63,NA,d415c253-4d61-4459-9d25-4015b9084fb0,NY,NY,09,03,GASPAR HERNÁNDEZ,010903,874cf2721ffffff
d02ff380-e3b7-4d15-a69b-9c219fa473cc,1930710477,Sideroxylon cubense,Sideroxylon cubense (Griseb.) T.D.Penn.,Sapotaceae,Sideroxylon,SPECIES,PRESERVED_SPECIMEN,1982-10-13,1982,-70.25,19.63,NA,d415c253-4d61-4459-9d25-4015b9084fb0,NY,NY,09,03,GASPAR HERNÁNDEZ,010903,874cf2722ffffff
d0eedfc6-0e21-4bf2-a632-e81732df728b,1930720497,Scolosanthus densiflorus,Scolosanthus densiflorus Urb.,Rubiaceae,Scolosanthus,SPECIES,PRESERVED_SPECIMEN,1990-02-14,1990,-70.22,19.63,NA,d415c253-4d61-4459-9d25-4015b9084fb0,NY,NY,09,03,GASPAR HERNÁNDEZ,010903,874cf2721ffffff
d80659a5-5ab9-41c3-bda9-fe1ee65dc438,1930821309,Psychotria grandis,Psychotria grandis Sw.,Rubiaceae,Psychotria,SPECIES,PRESERVED_SPECIMEN,1969-10-28,1969,-70.217997,19.626682,3.82,d415c253-4d61-4459-9d25-4015b9084fb0,NY,NY,09,03,GASPAR HERNÁNDEZ,010903,874cf2721ffffff
daf01fe2-6ac4-422e-a65b-42e90cf62d31,1930862529,Eugenia isabeliana,Eugenia isabeliana Kiaersk.,Myrtaceae,Eugenia,SPECIES,PRESERVED_SPECIMEN,1969-09-28,1969,-70.217997,19.626682,3.82,d415c253-4d61-4459-9d25-4015b9084fb0,NY,NY,09,03,GASPAR HERNÁNDEZ,010903,874cf2721ffffff
db6bcacf-d602-452b-b5a5-76b0a04f56d3,1930870749,Sarcomphalus rhodoxylon,Ziziphus rhodoxylon Urb.,Rhamnaceae,Sarcomphalus,SPECIES,PRESERVED_SPECIMEN,1992-01-18,1992,-70.22,19.63,NA,d415c253-4d61-4459-9d25-4015b9084fb0,NY,NY,09,03,GASPAR HERNÁNDEZ,010903,874cf2721ffffff
de585bf0-9d14-4c6c-82bd-fa631c3b2d2c,2270674900,Eugenia monticola,Eugenia monticola (Sw.) DC.,Myrtaceae,Eugenia,SPECIES,PRESERVED_SPECIMEN,1991-01-11,1991,-70.2167,19.6333,NA,e05fd4c2-4d77-4c50-880e-1b22096af300,ASU,Plants,09,03,GASPAR HERNÁNDEZ,010903,874cf2721ffffff
ded83e51-dfe5-44ec-b44b-e22d4d8c4848,1930917884,Eugenia crenulata,Eugenia crenulata (Sw.) Willd.,Myrtaceae,Eugenia,SPECIES,PRESERVED_SPECIMEN,1969-09-28,1969,-70.217997,19.626682,3.82,d415c253-4d61-4459-9d25-4015b9084fb0,NY,NY,09,03,GASPAR HERNÁNDEZ,010903,874cf2721ffffff
e073a4b1-16a6-477a-a8c1-90130b4ee40e,2270558615,Myrcia garciae,Calyptranthes garciae Alain & M.M.Mejía,Myrtaceae,Myrcia,SPECIES,PRESERVED_SPECIMEN,2009-06-01,2009,-70.223333,19.635556,NA,e05fd4c2-4d77-4c50-880e-1b22096af300,ASU,Plants,09,03,GASPAR HERNÁNDEZ,010903,874cf2725ffffff
e399a5f9-e46a-40b2-bf32-0fe7361700cd,1930985447,Myrcia garciae,Calyptranthes garciae Alain & M.M.Mejía,Myrtaceae,Myrcia,SPECIES,PRESERVED_SPECIMEN,2009-06-01,2009,-70.2233,19.6356,NA,d415c253-4d61-4459-9d25-4015b9084fb0,NY,NY,09,03,GASPAR HERNÁNDEZ,010903,874cf2725ffffff
e4c43af7-6d6a-4306-944c-efef4b74e1ff,1931001459,Myrcia garciae,Calyptranthes garciae Alain & M.M.Mejía,Myrtaceae,Myrcia,SPECIES,PRESERVED_SPECIMEN,1990-06-15,1990,-70.22,19.63,NA,d415c253-4d61-4459-9d25-4015b9084fb0,NY,NY,09,03,GASPAR HERNÁNDEZ,010903,874cf2721ffffff
e51f7b5e-b4aa-46cb-80e1-674a3f40da27,2270674745,Eugenia monticola,Eugenia monticola (Sw.) DC.,Myrtaceae,Eugenia,SPECIES,PRESERVED_SPECIMEN,1982-10-13,1982,-70.25,19.6333,NA,e05fd4c2-4d77-4c50-880e-1b22096af300,ASU,Plants,09,03,GASPAR HERNÁNDEZ,010903,874cf2722ffffff
e907a675-3ee0-482a-92d3-389a1cc05c2f,1931061723,Pteridium caudatum,Pteridium caudatum (L.) Maxon,Dennstaedtiaceae,Pteridium,SPECIES,PRESERVED_SPECIMEN,1991-01-24,1991,-70.23,19.62,NA,d415c253-4d61-4459-9d25-4015b9084fb0,NY,NY,09,03,GASPAR HERNÁNDEZ,010903,874cf2721ffffff
ea31fdde-13ca-47d0-be1e-c1802b29edb1,1931077883,Chamaecrista portoricensis,Chamaecrista portoricensis var. portoricensis,Fabaceae,Chamaecrista,VARIETY,PRESERVED_SPECIMEN,1984-07-19,1984,-70.22,19.63,NA,d415c253-4d61-4459-9d25-4015b9084fb0,NY,NY,09,03,GASPAR HERNÁNDEZ,010903,874cf2721ffffff
ed0fc8dc-f2fb-473c-a5d1-e5632cd28be3,1931120762,Mora ekmanii,Mora ekmanii (Urb.) Britton & Rose,Fabaceae,Mora,SPECIES,PRESERVED_SPECIMEN,1992-01-19,1992,-70.22,19.63,NA,d415c253-4d61-4459-9d25-4015b9084fb0,NY,NY,09,03,GASPAR HERNÁNDEZ,010903,874cf2721ffffff
ee06c308-59d9-4b44-b0e6-59ee37998073,2270674458,Myrcia garciae,Calyptranthes garciae Alain & M.M.Mejía,Myrtaceae,Myrcia,SPECIES,PRESERVED_SPECIMEN,2001-07-31,2001,-70.2483,19.6333,NA,e05fd4c2-4d77-4c50-880e-1b22096af300,ASU,Plants,09,03,GASPAR HERNÁNDEZ,010903,874cf2720ffffff
f15260de-9076-4fb8-b78b-a1024436fbbe,1931178141,Leptogonum domingensis,Leptogonum domingense var. domingense,Polygonaceae,Leptogonum,VARIETY,PRESERVED_SPECIMEN,1984-07-19,1984,-70.22,19.63,NA,d415c253-4d61-4459-9d25-4015b9084fb0,NY,NY,09,03,GASPAR HERNÁNDEZ,010903,874cf2721ffffff
f3a41995-06ea-4661-866d-cc8a9baefa14,2270677179,Myrcia splendens,Myrcia splendens (Sw.) DC.,Myrtaceae,Myrcia,SPECIES,PRESERVED_SPECIMEN,1984-07-19,1984,-70.2167,19.6333,NA,e05fd4c2-4d77-4c50-880e-1b22096af300,ASU,Plants,09,03,GASPAR HERNÁNDEZ,010903,874cf2721ffffff
f49d3718-14cb-4ba3-aa4a-e6bb43bc9f75,2270559565,Psidium amplexicaule,Psidium amplexicaule Pers.,Myrtaceae,Psidium,SPECIES,PRESERVED_SPECIMEN,2000-06-01,2000,-70.231667,19.634444,NA,e05fd4c2-4d77-4c50-880e-1b22096af300,ASU,Plants,09,03,GASPAR HERNÁNDEZ,010903,874cf2720ffffff
f8903611-6feb-4b41-8cb4-de821823e381,2270679523,Myrtaceae Juss.,Myrtaceae Juss.,Myrtaceae,,FAMILY,PRESERVED_SPECIMEN,1992-01-18,1992,-70.2167,19.6333,NA,e05fd4c2-4d77-4c50-880e-1b22096af300,ASU,Plants,09,03,GASPAR HERNÁNDEZ,010903,874cf2721ffffff
fb34806c-e69c-44a8-a481-ac187c844cd3,1931319044,Trichilia pallida,Trichilia pallida Sw.,Meliaceae,Trichilia,SPECIES,PRESERVED_SPECIMEN,1984-07-19,1984,-70.22,19.63,NA,d415c253-4d61-4459-9d25-4015b9084fb0,NY,NY,09,03,GASPAR HERNÁNDEZ,010903,874cf2721ffffff
fbd10e23-05c8-4b68-866a-c71d8e8587d6,1931328951,Tillandsia bulbosa,Tillandsia bulbosa Hook.,Bromeliaceae,Tillandsia,SPECIES,PRESERVED_SPECIMEN,1984-07-19,1984,-70.22,19.63,NA,d415c253-4d61-4459-9d25-4015b9084fb0,NY,NY,09,03,GASPAR HERNÁNDEZ,010903,874cf2721ffffff
fc3d6217-c6ca-408e-99c0-6fd9a453a183,2270467224,Eugenia pseudopsidium,Eugenia pseudopsidium Jacq.,Myrtaceae,Eugenia,SPECIES,PRESERVED_SPECIMEN,1992-01-18,1992,-70.2167,19.6333,NA,e05fd4c2-4d77-4c50-880e-1b22096af300,ASU,Plants,09,03,GASPAR HERNÁNDEZ,010903,874cf2721ffffff
fd45b8bd-7067-4d1a-9126-8a266e413c0d,1931348259,Smilax domingensis,Smilax domingensis Willd.,Smilacaceae,Smilax,SPECIES,PRESERVED_SPECIMEN,1982-10-14,1982,-70.25,19.63,NA,d415c253-4d61-4459-9d25-4015b9084fb0,NY,NY,09,03,GASPAR HERNÁNDEZ,010903,874cf2722ffffff
fda836fe-3220-443b-8248-0018aaace5ca,1931352312,Crotalaria retusa,Crotalaria retusa L.,Fabaceae,Crotalaria,SPECIES,PRESERVED_SPECIMEN,1982-10-14,1982,-70.25,19.63,NA,d415c253-4d61-4459-9d25-4015b9084fb0,NY,NY,09,03,GASPAR HERNÁNDEZ,010903,874cf2722ffffff
fe0c5d86-6c96-42ee-a219-73cc7ee58eb8,1931357189,Chamaecrista nictitans,Chamaecrista nictitans var. diffusa (DC.) H.S.Irwin & Barneby,Fabaceae,Chamaecrista,VARIETY,PRESERVED_SPECIMEN,1990-07-01,1990,-70.23,19.62,NA,d415c253-4d61-4459-9d25-4015b9084fb0,NY,NY,09,03,GASPAR HERNÁNDEZ,010903,874cf2721ffffff
http://coldb.mnhn.fr/catalognumber/mnhn/p/p06698986,694757529,Pavonia coccinea,Pavonia coccinea Cav.,Malvaceae,Pavonia,SPECIES,PRESERVED_SPECIMEN,1969-10-28,1969,-70.28091,19.62886,NA,b5cdf794-8fa4-4a85-8b26-755d087bf531,MNHN,P,09,03,GASPAR HERNÁNDEZ,010903,874cf2731ffffff
http://n2t.net/ark:/65665/30d7b4bc3-7ca8-4d37-8346-30d74e3ac1ff,1317506827,Tillandsia setacea,Tillandsia setacea Sw.,Bromeliaceae,Tillandsia,SPECIES,PRESERVED_SPECIMEN,1950-04-08,1950,-70.25,19.62,NA,821cc27a-e3bb-4bc5-ac34-89ada245069d,US,US,09,03,GASPAR HERNÁNDEZ,010903,874cf2723ffffff
http://n2t.net/ark:/65665/323484f4d-98e4-4124-a589-5e2af73c5354,1318000219,Guettarda dictyophylla,Guettarda dictyophylla Urb.,Rubiaceae,Guettarda,SPECIES,PRESERVED_SPECIMEN,1992-01-18,1992,-70.22,19.63,NA,821cc27a-e3bb-4bc5-ac34-89ada245069d,US,US,09,03,GASPAR HERNÁNDEZ,010903,874cf2721ffffff
http://n2t.net/ark:/65665/348360bec-bb4a-4036-9266-3c43898e3572,1318835176,Crotalaria incana,Crotalaria incana L.,Fabaceae,Crotalaria,SPECIES,PRESERVED_SPECIMEN,1984-07-19,1984,-70.17,19.62,NA,821cc27a-e3bb-4bc5-ac34-89ada245069d,US,US,09,03,GASPAR HERNÁNDEZ,010903,874cf20d1ffffff
http://n2t.net/ark:/65665/35683cf6a-aeaf-4dbc-9325-bad71f27730b,1319158228,Diospyros caribaea,Diospyros caribaea (A.DC.) Standl.,Ebenaceae,Diospyros,SPECIES,PRESERVED_SPECIMEN,1990-02-13,1990,-70.22,19.63,NA,821cc27a-e3bb-4bc5-ac34-89ada245069d,US,US,09,03,GASPAR HERNÁNDEZ,010903,874cf2721ffffff
http://n2t.net/ark:/65665/36e7e9639-5116-4a20-96df-426622a8a93b,1319699739,Myrcia garciae,Myrcia garciae (Alain & M.M.Mejía) K.Campbell & Peguero,Myrtaceae,Myrcia,SPECIES,PRESERVED_SPECIMEN,1984-07-19,1984,-70.22,19.63,NA,821cc27a-e3bb-4bc5-ac34-89ada245069d,US,US,09,03,GASPAR HERNÁNDEZ,010903,874cf2721ffffff
http://n2t.net/ark:/65665/379ace114-9819-4ca5-a890-9e849dea75b2,1319952895,Eugenia pseudopsidium,Eugenia pseudopsidium Jacq.,Myrtaceae,Eugenia,SPECIES,PRESERVED_SPECIMEN,1992-01-18,1992,-70.22,19.63,NA,821cc27a-e3bb-4bc5-ac34-89ada245069d,US,US,09,03,GASPAR HERNÁNDEZ,010903,874cf2721ffffff
http://n2t.net/ark:/65665/37cb2a814-e597-4a8e-b048-4f6fc3f12d8c,1320021582,Casearia sylvestris,Casearia sylvestris var. myricoides Griseb.,Salicaceae,Casearia,VARIETY,PRESERVED_SPECIMEN,1984-07-19,1984,-70.22,19.63,NA,821cc27a-e3bb-4bc5-ac34-89ada245069d,US,US,09,03,GASPAR HERNÁNDEZ,010903,874cf2721ffffff
http://n2t.net/ark:/65665/37f53cb23-46c0-4432-9a25-c5be3d57c529,1320081447,Guzmania monostachia,Guzmania monostachia (L.) Rusby ex Mez,Bromeliaceae,Guzmania,SPECIES,PRESERVED_SPECIMEN,1950-04-08,1950,-70.25,19.62,NA,821cc27a-e3bb-4bc5-ac34-89ada245069d,US,US,09,03,GASPAR HERNÁNDEZ,010903,874cf2723ffffff
http://n2t.net/ark:/65665/381cb9cdc-0b70-46e6-98b7-704bb5a49d17,1320137282,Cojoba filipes,Cojoba filipes (Vent.) Barneby & J.W.Grimes,Fabaceae,Cojoba,SPECIES,PRESERVED_SPECIMEN,1992-01-19,1992,-70.22,19.63,NA,821cc27a-e3bb-4bc5-ac34-89ada245069d,US,US,09,03,GASPAR HERNÁNDEZ,010903,874cf2721ffffff
http://n2t.net/ark:/65665/391ecc529-158f-441e-ba87-24b6ac736f60,1320501477,Monteverdia jamaicensis,Maytenus jamaicensis Krug & Urb.,Celastraceae,Monteverdia,SPECIES,PRESERVED_SPECIMEN,1984-07-19,1984,-70.22,19.63,NA,821cc27a-e3bb-4bc5-ac34-89ada245069d,US,US,09,03,GASPAR HERNÁNDEZ,010903,874cf2721ffffff
http://n2t.net/ark:/65665/3a7bae5e1-887c-4f56-9208-2659b57aafe3,1320994810,Bellonia spinosa,Bellonia spinosa Sw.,Gesneriaceae,Bellonia,SPECIES,PRESERVED_SPECIMEN,1990-02-14,1990,-70.22,19.63,NA,821cc27a-e3bb-4bc5-ac34-89ada245069d,US,US,09,03,GASPAR HERNÁNDEZ,010903,874cf2721ffffff
http://n2t.net/ark:/65665/3e3983e0a-5392-44e1-b513-9f7e9afb44fe,1322347333,Casearia guianensis,Casearia guianensis (Aubl.) Urb.,Salicaceae,Casearia,SPECIES,PRESERVED_SPECIMEN,1992-11-25,1992,-70.35,19.52,NA,821cc27a-e3bb-4bc5-ac34-89ada245069d,US,US,09,03,GASPAR HERNÁNDEZ,010903,874cf278dffffff
http://n2t.net/ark:/65665/3e77452c3-86f3-4cf6-9732-44f51f27163a,1322434694,Tibisia farcta,"Tibisia farcta (Aubl.) C.D.Tyrrell, Londoño & L.G.Clark",Poaceae,Tibisia,SPECIES,PRESERVED_SPECIMEN,1982-10-14,1982,-70.25,19.6333,NA,821cc27a-e3bb-4bc5-ac34-89ada245069d,US,US,09,03,GASPAR HERNÁNDEZ,010903,874cf2722ffffff
http://n2t.net/ark:/65665/3ee6bb3ce-f97d-4cd3-8341-b08c3b65ce4e,1322592476,Drypetes lateriflora,Drypetes lateriflora (Sw.) Krug & Urb.,Putranjivaceae,Drypetes,SPECIES,PRESERVED_SPECIMEN,1992-01-18,1992,-70.22,19.63,NA,821cc27a-e3bb-4bc5-ac34-89ada245069d,US,US,09,03,GASPAR HERNÁNDEZ,010903,874cf2721ffffff
http://n2t.net/ark:/65665/3ff2cf88e-54a5-4511-acc3-6964d8f88d2a,1322969859,Myrcia garciae,Myrcia garciae (Alain & M.M.Mejía) K.Campbell & Peguero,Myrtaceae,Myrcia,SPECIES,PRESERVED_SPECIMEN,1992-01-19,1992,-70.22,19.63,NA,821cc27a-e3bb-4bc5-ac34-89ada245069d,US,US,09,03,GASPAR HERNÁNDEZ,010903,874cf2721ffffff
http://specimens.kew.org/herbarium/K000276027,4519376827,Myrcia garciae,Calyptranthes garciae Alain & M.M.Mejía,Myrtaceae,Myrcia,SPECIES,PRESERVED_SPECIMEN,2009-06-01T00:00,2009,-70.223333,19.635556,NA,cd6e21c8-9e8a-493a-8a76-fbf7862069e5,K,Herbarium,09,03,GASPAR HERNÁNDEZ,010903,874cf2725ffffff
http://specimens.kew.org/herbarium/K000566125,4519390341,Myrcia garciae,Calyptranthes garciae Alain & M.M.Mejía,Myrtaceae,Myrcia,SPECIES,PRESERVED_SPECIMEN,2009-06-01T00:00,2009,-70.223333,19.635556,NA,cd6e21c8-9e8a-493a-8a76-fbf7862069e5,K,Herbarium,09,03,GASPAR HERNÁNDEZ,010903,874cf2725ffffff
http://specimens.kew.org/herbarium/K002530672,4602012677,Eleocharis geniculata,Eleocharis geniculata (L.) Roem. & Schult.,Cyperaceae,Eleocharis,SPECIES,PRESERVED_SPECIMEN,2009-06-01T00:00,2009,-70.231666,19.637222,NA,cd6e21c8-9e8a-493a-8a76-fbf7862069e5,K,Herbarium,09,03,GASPAR HERNÁNDEZ,010903,874cf2720ffffff
http://specimens.kew.org/herbarium/K002789448,4602172330,Scleria wrightiana,Scleria wrightiana Boeckeler,Cyperaceae,Scleria,SPECIES,PRESERVED_SPECIMEN,2009-06-01T00:00,2009,-70.231666,19.637222,NA,cd6e21c8-9e8a-493a-8a76-fbf7862069e5,K,Herbarium,09,03,GASPAR HERNÁNDEZ,010903,874cf2720ffffff
http://specimens.kew.org/herbarium/K002789525,4602049336,Scleria havanensis,Scleria havanensis Britton,Cyperaceae,Scleria,SPECIES,PRESERVED_SPECIMEN,2009-06-01T00:00,2009,-70.231666,19.634445,NA,cd6e21c8-9e8a-493a-8a76-fbf7862069e5,K,Herbarium,09,03,GASPAR HERNÁNDEZ,010903,874cf2720ffffff
https://data.biodiversitydata.nl/naturalis/specimen/U.1023767,2517308974,Microgramma lycopodioides,Microgramma lycopodioides (L.) Copel.,Polypodiaceae,Microgramma,SPECIES,PRESERVED_SPECIMEN,1984-03-28,1984,-70.23333,19.55,NA,15f819bd-6612-4447-854b-14d12ee1022d,,Botany,09,03,GASPAR HERNÁNDEZ,010903,874cf2708ffffff
https://data.biodiversitydata.nl/naturalis/specimen/U.1092883,2516903247,Ilex obcordata,Ilex obcordata Sw.,Aquifoliaceae,Ilex,SPECIES,PRESERVED_SPECIMEN,1982-10-13,1982,-70.25,19.63333,NA,15f819bd-6612-4447-854b-14d12ee1022d,,Botany,09,03,GASPAR HERNÁNDEZ,010903,874cf2722ffffff
https://data.biodiversitydata.nl/naturalis/specimen/U.1092884,2515180204,Ilex obcordata,Ilex obcordata Sw.,Aquifoliaceae,Ilex,SPECIES,PRESERVED_SPECIMEN,1984-07-19,1984,-70.21667,19.63333,NA,15f819bd-6612-4447-854b-14d12ee1022d,,Botany,09,03,GASPAR HERNÁNDEZ,010903,874cf2721ffffff
https://data.biodiversitydata.nl/naturalis/specimen/U.1141258,2517127623,Piptocoma rufescens,Piptocoma rufescens Cass.,Asteraceae,Piptocoma,SPECIES,PRESERVED_SPECIMEN,1984-07-19,1984,-70.21667,19.63333,NA,15f819bd-6612-4447-854b-14d12ee1022d,,Botany,09,03,GASPAR HERNÁNDEZ,010903,874cf2721ffffff
https://data.biodiversitydata.nl/naturalis/specimen/U.1259683,2515277719,Cojoba filipes,Cojoba filipes (Vent.) Barneby & J.W.Grimes,Fabaceae,Cojoba,SPECIES,PRESERVED_SPECIMEN,1984-07-19,1984,-70.21667,19.63333,NA,15f819bd-6612-4447-854b-14d12ee1022d,,Botany,09,03,GASPAR HERNÁNDEZ,010903,874cf2721ffffff
https://data.biodiversitydata.nl/naturalis/specimen/U.1422174,2517397578,Trichilia pallida,Trichilia pallida Sw.,Meliaceae,Trichilia,SPECIES,PRESERVED_SPECIMEN,1984-07-19,1984,-70.21667,19.63333,NA,15f819bd-6612-4447-854b-14d12ee1022d,,Botany,09,03,GASPAR HERNÁNDEZ,010903,874cf2721ffffff
https://data.biodiversitydata.nl/naturalis/specimen/U.1434069,2515544381,Wallenia laurifolia,Wallenia laurifolia (Jacq.) Sw.,Primulaceae,Wallenia,SPECIES,PRESERVED_SPECIMEN,1992-11-17,1992,-70.21667,19.63333,NA,15f819bd-6612-4447-854b-14d12ee1022d,,Botany,09,03,GASPAR HERNÁNDEZ,010903,874cf2721ffffff
https://data.biodiversitydata.nl/naturalis/specimen/U.1561187,2515528382,Guettarda pungens,Guettarda pungens Urb.,Rubiaceae,Guettarda,SPECIES,PRESERVED_SPECIMEN,1982-10-13,1982,-70.25,19.63333,NA,15f819bd-6612-4447-854b-14d12ee1022d,,Botany,09,03,GASPAR HERNÁNDEZ,010903,874cf2722ffffff
https://data.biodiversitydata.nl/naturalis/specimen/U.1564602,2515672199,Psychotria plumieri,Psychotria plumieri Urb.,Rubiaceae,Psychotria,SPECIES,PRESERVED_SPECIMEN,1982-10-13,1982,-70.25,19.63333,NA,15f819bd-6612-4447-854b-14d12ee1022d,,Botany,09,03,GASPAR HERNÁNDEZ,010903,874cf2722ffffff
https://data.biodiversitydata.nl/naturalis/specimen/U.1567078,2517258687,Isidorea pedicellaris,Isidorea pedicellaris Urb. & Ekman,Rubiaceae,Isidorea,SPECIES,PRESERVED_SPECIMEN,1982-10-14,1982,-70.25,19.63333,NA,15f819bd-6612-4447-854b-14d12ee1022d,,Botany,09,03,GASPAR HERNÁNDEZ,010903,874cf2722ffffff
https://data.biodiversitydata.nl/naturalis/specimen/U.1763590,2517326918,Vitex heptaphylla,Vitex heptaphylla A.Juss.,Lamiaceae,Vitex,SPECIES,PRESERVED_SPECIMEN,1984-07-19,1984,-70.21667,19.63333,NA,15f819bd-6612-4447-854b-14d12ee1022d,,Botany,09,03,GASPAR HERNÁNDEZ,010903,874cf2721ffffff
https://herbarium.bgbm.org/object/B101201018,3344548353,Zanthoxylum dumosum,Zanthoxylum rolandii Beurton,Rutaceae,Zanthoxylum,SPECIES,PRESERVED_SPECIMEN,1990-07-16,1990,-70.21667,19.63333,NA,85714c48-f762-11e1-a439-00145eb45e9a,B,Herbarium Berolinense,09,03,GASPAR HERNÁNDEZ,010903,874cf2721ffffff
https://www.inaturalist.org/observations/108131134,4080476394,Piper aduncum,Piper aduncum L.,Piperaceae,Piper,SPECIES,HUMAN_OBSERVATION,2022-03-07T14:12:38,2022,-70.136248,19.612177,6,50c9509d-22c7-4a22-a47d-8c48425ef4a7,iNaturalist,Observations,09,03,GASPAR HERNÁNDEZ,010903,874cf20c3ffffff
https://www.inaturalist.org/observations/108131153,4067370527,Thunbergia fragrans,Thunbergia fragrans Roxb.,Acanthaceae,Thunbergia,SPECIES,HUMAN_OBSERVATION,2022-03-07T14:21:48,2022,-70.1339,19.612182,5,50c9509d-22c7-4a22-a47d-8c48425ef4a7,iNaturalist,Observations,09,03,GASPAR HERNÁNDEZ,010903,874cf20c3ffffff
https://www.inaturalist.org/observations/108131191,4597225693,Ceiba pentandra,Ceiba pentandra (L.) Gaertn.,Malvaceae,Ceiba,SPECIES,HUMAN_OBSERVATION,2022-03-07T14:27:45,2022,-70.133262,19.610662,3,50c9509d-22c7-4a22-a47d-8c48425ef4a7,iNaturalist,Observations,09,03,GASPAR HERNÁNDEZ,010903,874cf20c3ffffff
https://www.inaturalist.org/observations/108131221,3712705674,Roystonea borinquena,Roystonea borinquena O.F.Cook,Arecaceae,Roystonea,SPECIES,HUMAN_OBSERVATION,2022-03-07T14:30:16,2022,-70.133867,19.610048,4,50c9509d-22c7-4a22-a47d-8c48425ef4a7,iNaturalist,Observations,09,03,GASPAR HERNÁNDEZ,010903,874cf20ddffffff
https://www.inaturalist.org/observations/108131306,4126684595,Cecropia schreberiana,Cecropia schreberiana Miq.,Urticaceae,Cecropia,SPECIES,HUMAN_OBSERVATION,2022-03-07T14:45:39,2022,-70.136468,19.610882,4,50c9509d-22c7-4a22-a47d-8c48425ef4a7,iNaturalist,Observations,09,03,GASPAR HERNÁNDEZ,010903,874cf20ddffffff
https://www.inaturalist.org/observations/108131366,3712407871,Passiflora suberosa,Passiflora suberosa L.,Passifloraceae,Passiflora,SPECIES,HUMAN_OBSERVATION,2022-03-07T14:51:17,2022,-70.136032,19.610602,5,50c9509d-22c7-4a22-a47d-8c48425ef4a7,iNaturalist,Observations,09,03,GASPAR HERNÁNDEZ,010903,874cf20ddffffff
https://www.inaturalist.org/observations/108131449,3712721887,Passiflora pallida,Passiflora pallida L.,Passifloraceae,Passiflora,SPECIES,HUMAN_OBSERVATION,2022-03-07T14:58:45,2022,-70.135118,19.610167,3,50c9509d-22c7-4a22-a47d-8c48425ef4a7,iNaturalist,Observations,09,03,GASPAR HERNÁNDEZ,010903,874cf20ddffffff
https://www.inaturalist.org/observations/108131508,3712483776,Guazuma ulmifolia,Guazuma ulmifolia Lam.,Malvaceae,Guazuma,SPECIES,HUMAN_OBSERVATION,2022-03-07T15:02:17,2022,-70.135623,19.609818,4,50c9509d-22c7-4a22-a47d-8c48425ef4a7,iNaturalist,Observations,09,03,GASPAR HERNÁNDEZ,010903,874cf20ddffffff
https://www.inaturalist.org/observations/108131666,3712742916,Cupania americana,Cupania americana L.,Sapindaceae,Cupania,SPECIES,HUMAN_OBSERVATION,2022-03-07T15:12:28,2022,-70.136672,19.610103,4,50c9509d-22c7-4a22-a47d-8c48425ef4a7,iNaturalist,Observations,09,03,GASPAR HERNÁNDEZ,010903,874cf20ddffffff
https://www.inaturalist.org/observations/108131688,3712405970,Passiflora intricata,Passiflora intricata J.M.MacDougal & J.Ochoa,Passifloraceae,Passiflora,SPECIES,HUMAN_OBSERVATION,2022-03-07T15:15:40,2022,-70.13753,19.610357,5,50c9509d-22c7-4a22-a47d-8c48425ef4a7,iNaturalist,Observations,09,03,GASPAR HERNÁNDEZ,010903,874cf20ddffffff
https://www.inaturalist.org/observations/108131708,3712450874,Passiflora intricata,Passiflora intricata J.M.MacDougal & J.Ochoa,Passifloraceae,Passiflora,SPECIES,HUMAN_OBSERVATION,2022-03-07T15:18:29,2022,-70.137522,19.61054,7,50c9509d-22c7-4a22-a47d-8c48425ef4a7,iNaturalist,Observations,09,03,GASPAR HERNÁNDEZ,010903,874cf20ddffffff
https://www.inaturalist.org/observations/108131731,3712582721,Hamelia patens,Hamelia patens Jacq.,Rubiaceae,Hamelia,SPECIES,HUMAN_OBSERVATION,2022-03-07T15:21:14,2022,-70.137623,19.610797,6,50c9509d-22c7-4a22-a47d-8c48425ef4a7,iNaturalist,Observations,09,03,GASPAR HERNÁNDEZ,010903,874cf20ddffffff
https://www.inaturalist.org/observations/108131749,3712640923,Geophila repens,Geophila repens (L.) I.M.Johnst.,Rubiaceae,Geophila,SPECIES,HUMAN_OBSERVATION,2022-03-07T15:22:53,2022,-70.137628,19.611053,5,50c9509d-22c7-4a22-a47d-8c48425ef4a7,iNaturalist,Observations,09,03,GASPAR HERNÁNDEZ,010903,874cf20ddffffff
https://www.inaturalist.org/observations/108184518,4458341611,Aristolochia trilobata,Aristolochia trilobata L.,Aristolochiaceae,Aristolochia,SPECIES,HUMAN_OBSERVATION,2022-03-08T12:36:59,2022,-70.138732,19.615993,6,50c9509d-22c7-4a22-a47d-8c48425ef4a7,iNaturalist,Observations,09,03,GASPAR HERNÁNDEZ,010903,874cf20c3ffffff
https://www.inaturalist.org/observations/108184549,3712524979,Passiflora intricata,Passiflora intricata J.M.MacDougal & J.Ochoa,Passifloraceae,Passiflora,SPECIES,HUMAN_OBSERVATION,2022-03-08T12:39:06,2022,-70.139288,19.615965,7,50c9509d-22c7-4a22-a47d-8c48425ef4a7,iNaturalist,Observations,09,03,GASPAR HERNÁNDEZ,010903,874cf20c3ffffff
https://www.inaturalist.org/observations/108590624,3743175978,Passiflora rubra,Passiflora rubra L.,Passifloraceae,Passiflora,SPECIES,HUMAN_OBSERVATION,2022-03-13T15:50:23,2022,-70.135455,19.607135,7,50c9509d-22c7-4a22-a47d-8c48425ef4a7,iNaturalist,Observations,09,03,GASPAR HERNÁNDEZ,010903,874cf20ddffffff
https://www.inaturalist.org/observations/108590650,4080522397,Trema micranthum,Trema micranthum (L.) Blume,Cannabaceae,Trema,SPECIES,HUMAN_OBSERVATION,2022-03-13T15:52:11,2022,-70.135302,19.607112,7,50c9509d-22c7-4a22-a47d-8c48425ef4a7,iNaturalist,Observations,09,03,GASPAR HERNÁNDEZ,010903,874cf20ddffffff
https://www.inaturalist.org/observations/108590723,4453984514,Chiococca alba,Chiococca alba (L.) Hitchc.,Rubiaceae,Chiococca,SPECIES,HUMAN_OBSERVATION,2022-03-13T16:10:33,2022,-70.135185,19.600848,8,50c9509d-22c7-4a22-a47d-8c48425ef4a7,iNaturalist,Observations,09,03,GASPAR HERNÁNDEZ,010903,874cf20ddffffff
https://www.inaturalist.org/observations/108590783,4453685485,Coccoloba pubescens,Coccoloba pubescens L.,Polygonaceae,Coccoloba,SPECIES,HUMAN_OBSERVATION,2022-03-13T16:13:29,2022,-70.1354,19.60072,7,50c9509d-22c7-4a22-a47d-8c48425ef4a7,iNaturalist,Observations,09,03,GASPAR HERNÁNDEZ,010903,874cf20ddffffff
https://www.inaturalist.org/observations/108590874,3872914542,Stigmaphyllon angulosum,Stigmaphyllon angulosum (L.) A.Juss.,Malpighiaceae,Stigmaphyllon,SPECIES,HUMAN_OBSERVATION,2022-03-13T16:21:17,2022,-70.134745,19.599868,7,50c9509d-22c7-4a22-a47d-8c48425ef4a7,iNaturalist,Observations,09,03,GASPAR HERNÁNDEZ,010903,874cf20ddffffff
https://www.inaturalist.org/observations/108590907,4080526408,Gliricidia sepium,Gliricidia sepium (Jacq.) Kunth,Fabaceae,Gliricidia,SPECIES,HUMAN_OBSERVATION,2022-03-13T16:22:15,2022,-70.134783,19.599877,6,50c9509d-22c7-4a22-a47d-8c48425ef4a7,iNaturalist,Observations,09,03,GASPAR HERNÁNDEZ,010903,874cf20ddffffff
https://www.inaturalist.org/observations/108590932,4453907507,Sphagneticola trilobata,Sphagneticola trilobata (L.) Pruski,Asteraceae,Sphagneticola,SPECIES,HUMAN_OBSERVATION,2022-03-13T16:23:08,2022,-70.134917,19.599785,6,50c9509d-22c7-4a22-a47d-8c48425ef4a7,iNaturalist,Observations,09,03,GASPAR HERNÁNDEZ,010903,874cf20ddffffff
https://www.inaturalist.org/observations/108590937,3743073808,Passiflora intricata,Passiflora intricata J.M.MacDougal & J.Ochoa,Passifloraceae,Passiflora,SPECIES,HUMAN_OBSERVATION,2022-03-13T16:24:14,2022,-70.13499,19.59989,6,50c9509d-22c7-4a22-a47d-8c48425ef4a7,iNaturalist,Observations,09,03,GASPAR HERNÁNDEZ,010903,874cf20ddffffff
https://www.inaturalist.org/observations/108591006,4453831532,Coccoloba pubescens,Coccoloba pubescens L.,Polygonaceae,Coccoloba,SPECIES,HUMAN_OBSERVATION,2022-03-13T16:29:37,2022,-70.134892,19.599423,5,50c9509d-22c7-4a22-a47d-8c48425ef4a7,iNaturalist,Observations,09,03,GASPAR HERNÁNDEZ,010903,874cf20ddffffff
https://www.inaturalist.org/observations/108591069,3743236926,Hippocratea volubilis,Hippocratea volubilis L.,Celastraceae,Hippocratea,SPECIES,HUMAN_OBSERVATION,2022-03-13T16:38:05,2022,-70.135353,19.598273,4,50c9509d-22c7-4a22-a47d-8c48425ef4a7,iNaturalist,Observations,09,03,GASPAR HERNÁNDEZ,010903,874cf20ddffffff
https://www.inaturalist.org/observations/108591151,4453889473,Leucaena leucocephala,Leucaena leucocephala (Lam.) de Wit,Fabaceae,Leucaena,SPECIES,HUMAN_OBSERVATION,2022-03-13T16:40:49,2022,-70.135147,19.598245,5,50c9509d-22c7-4a22-a47d-8c48425ef4a7,iNaturalist,Observations,09,03,GASPAR HERNÁNDEZ,010903,874cf20ddffffff
https://www.inaturalist.org/observations/108591280,3966576413,Crotalaria retusa,Crotalaria retusa L.,Fabaceae,Crotalaria,SPECIES,HUMAN_OBSERVATION,2022-03-13T16:47:28,2022,-70.13515,19.598565,5,50c9509d-22c7-4a22-a47d-8c48425ef4a7,iNaturalist,Observations,09,03,GASPAR HERNÁNDEZ,010903,874cf20ddffffff
https://www.inaturalist.org/observations/108592575,3966742414,Crotalaria retusa,Crotalaria retusa L.,Fabaceae,Crotalaria,SPECIES,HUMAN_OBSERVATION,2022-03-13T17:08:34,2022,-70.135432,19.598897,5,50c9509d-22c7-4a22-a47d-8c48425ef4a7,iNaturalist,Observations,09,03,GASPAR HERNÁNDEZ,010903,874cf20ddffffff
https://www.inaturalist.org/observations/108592617,4096393456,Cupania americana,Cupania americana L.,Sapindaceae,Cupania,SPECIES,HUMAN_OBSERVATION,2022-03-13T17:09:41,2022,-70.135432,19.598843,5,50c9509d-22c7-4a22-a47d-8c48425ef4a7,iNaturalist,Observations,09,03,GASPAR HERNÁNDEZ,010903,874cf20ddffffff
https://www.inaturalist.org/observations/108592702,4028693491,Cupania americana,Cupania americana L.,Sapindaceae,Cupania,SPECIES,HUMAN_OBSERVATION,2022-03-13T17:13:28,2022,-70.135303,19.598252,7,50c9509d-22c7-4a22-a47d-8c48425ef4a7,iNaturalist,Observations,09,03,GASPAR HERNÁNDEZ,010903,874cf20ddffffff
https://www.inaturalist.org/observations/108592713,4096531439,Cecropia schreberiana,Cecropia schreberiana Miq.,Urticaceae,Cecropia,SPECIES,HUMAN_OBSERVATION,2022-03-13T17:13:56,2022,-70.13531,19.598138,5,50c9509d-22c7-4a22-a47d-8c48425ef4a7,iNaturalist,Observations,09,03,GASPAR HERNÁNDEZ,010903,874cf20ddffffff
https://www.inaturalist.org/observations/108592969,3747103513,Poitea galegoides,Poitea galegoides Vent.,Fabaceae,Poitea,SPECIES,HUMAN_OBSERVATION,2022-03-13T17:26:54,2022,-70.134553,19.598057,5,50c9509d-22c7-4a22-a47d-8c48425ef4a7,iNaturalist,Observations,09,03,GASPAR HERNÁNDEZ,010903,874cf20ddffffff
https://www.inaturalist.org/observations/108593442,4596769713,Suberanthus brachycarpus,Suberanthus brachycarpus (Griseb.) Borhidi & M.Fernández,Rubiaceae,Suberanthus,SPECIES,HUMAN_OBSERVATION,2022-03-13T18:03:15,2022,-70.133545,19.597542,5,50c9509d-22c7-4a22-a47d-8c48425ef4a7,iNaturalist,Observations,09,03,GASPAR HERNÁNDEZ,010903,874cf20ddffffff
https://www.inaturalist.org/observations/108593993,3961481418,Didymopanax morototoni,Didymopanax morototoni (Aubl.) Decne. & Planch.,Araliaceae,Didymopanax,SPECIES,HUMAN_OBSERVATION,2022-03-13T18:21:03,2022,-70.134942,19.597083,7,50c9509d-22c7-4a22-a47d-8c48425ef4a7,iNaturalist,Observations,09,03,GASPAR HERNÁNDEZ,010903,874cf20ddffffff
https://www.inaturalist.org/observations/108594088,4596767726,Pteridium caudatum,Pteridium caudatum (L.) Maxon,Dennstaedtiaceae,Pteridium,SPECIES,HUMAN_OBSERVATION,2022-03-13T18:34:04,2022,-70.135205,19.597263,7,50c9509d-22c7-4a22-a47d-8c48425ef4a7,iNaturalist,Observations,09,03,GASPAR HERNÁNDEZ,010903,874cf20ddffffff
https://www.inaturalist.org/observations/108594366,4507579561,Samanea saman,Samanea saman (Jacq.) Merr.,Fabaceae,Samanea,SPECIES,HUMAN_OBSERVATION,2022-03-14T10:41:59,2022,-70.13526,19.614043,9,50c9509d-22c7-4a22-a47d-8c48425ef4a7,iNaturalist,Observations,09,03,GASPAR HERNÁNDEZ,010903,874cf20c3ffffff
https://www.inaturalist.org/observations/108594408,3966600402,Terminalia catappa,Terminalia catappa L.,Combretaceae,Terminalia,SPECIES,HUMAN_OBSERVATION,2022-03-14T11:06:31,2022,-70.136392,19.614222,6,50c9509d-22c7-4a22-a47d-8c48425ef4a7,iNaturalist,Observations,09,03,GASPAR HERNÁNDEZ,010903,874cf20c3ffffff
https://www.inaturalist.org/observations/108594436,4028943456,Samanea saman,Samanea saman (Jacq.) Merr.,Fabaceae,Samanea,SPECIES,HUMAN_OBSERVATION,2022-03-14T11:08:10,2022,-70.136145,19.613752,5,50c9509d-22c7-4a22-a47d-8c48425ef4a7,iNaturalist,Observations,09,03,GASPAR HERNÁNDEZ,010903,874cf20c3ffffff
https://www.inaturalist.org/observations/108601980,5008217433,Gouania polygama,Gouania polygama (Jacq.) Urb.,Rhamnaceae,Gouania,SPECIES,HUMAN_OBSERVATION,2022-03-14T14:25:47,2022,-70.135265,19.607112,4,50c9509d-22c7-4a22-a47d-8c48425ef4a7,iNaturalist,Observations,09,03,GASPAR HERNÁNDEZ,010903,874cf20ddffffff
https://www.inaturalist.org/observations/108602106,4080652400,Cupania americana,Cupania americana L.,Sapindaceae,Cupania,SPECIES,HUMAN_OBSERVATION,2022-03-14T14:29:25,2022,-70.135693,19.607558,4,50c9509d-22c7-4a22-a47d-8c48425ef4a7,iNaturalist,Observations,09,03,GASPAR HERNÁNDEZ,010903,874cf20ddffffff
https://www.inaturalist.org/observations/108602146,3764359420,Domingoa haematochila,Domingoa haematochila (Rchb.f.) Carabia,Orchidaceae,Domingoa,SPECIES,HUMAN_OBSERVATION,2022-03-14T14:30:35,2022,-70.135413,19.607955,4,50c9509d-22c7-4a22-a47d-8c48425ef4a7,iNaturalist,Observations,09,03,GASPAR HERNÁNDEZ,010903,874cf20ddffffff
https://www.inaturalist.org/observations/108759040,4096820466,Anthurium scandens,Anthurium scandens (Aubl.) Engl.,Araceae,Anthurium,SPECIES,HUMAN_OBSERVATION,2022-03-15T17:54:53,2022,-70.136405,19.58472,5,50c9509d-22c7-4a22-a47d-8c48425ef4a7,iNaturalist,Observations,09,03,GASPAR HERNÁNDEZ,010903,874cf20d9ffffff
https://www.inaturalist.org/observations/108759073,4034707486,Campyloneurum phyllitidis,Campyloneurum phyllitidis (L.) C.Presl,Polypodiaceae,Campyloneurum,SPECIES,HUMAN_OBSERVATION,2022-03-15T17:57:41,2022,-70.136422,19.584847,5,50c9509d-22c7-4a22-a47d-8c48425ef4a7,iNaturalist,Observations,09,03,GASPAR HERNÁNDEZ,010903,874cf20d9ffffff
https://www.inaturalist.org/observations/108759087,4126914979,Thunbergia fragrans,Thunbergia fragrans Roxb.,Acanthaceae,Thunbergia,SPECIES,HUMAN_OBSERVATION,2022-03-15T17:58:47,2022,-70.136537,19.584757,5,50c9509d-22c7-4a22-a47d-8c48425ef4a7,iNaturalist,Observations,09,03,GASPAR HERNÁNDEZ,010903,874cf20d9ffffff
https://www.inaturalist.org/observations/108759123,4102651375,Solanum capsicoides,Solanum capsicoides All.,Solanaceae,Solanum,SPECIES,HUMAN_OBSERVATION,2022-03-15T18:03:41,2022,-70.136532,19.584983,5,50c9509d-22c7-4a22-a47d-8c48425ef4a7,iNaturalist,Observations,09,03,GASPAR HERNÁNDEZ,010903,874cf20d9ffffff
https://www.inaturalist.org/observations/108759172,4018473504,Tradescantia zebrina,Tradescantia zebrina Bosse,Commelinaceae,Tradescantia,SPECIES,HUMAN_OBSERVATION,2022-03-15T18:07:26,2022,-70.13662,19.585118,5,50c9509d-22c7-4a22-a47d-8c48425ef4a7,iNaturalist,Observations,09,03,GASPAR HERNÁNDEZ,010903,874cf20d9ffffff
https://www.inaturalist.org/observations/108759228,4080562390,Amphitecna latifolia,Amphitecna latifolia (Mill.) A.H.Gentry,Bignoniaceae,Amphitecna,SPECIES,HUMAN_OBSERVATION,2022-03-15T18:18:39,2022,-70.136047,19.585168,5,50c9509d-22c7-4a22-a47d-8c48425ef4a7,iNaturalist,Observations,09,03,GASPAR HERNÁNDEZ,010903,874cf20d9ffffff
https://www.inaturalist.org/observations/108759259,4067144544,Anthurium gracile,Anthurium gracile (Rudge) Lindl.,Araceae,Anthurium,SPECIES,HUMAN_OBSERVATION,2022-03-15T18:21:39,2022,-70.136302,19.585328,5,50c9509d-22c7-4a22-a47d-8c48425ef4a7,iNaturalist,Observations,09,03,GASPAR HERNÁNDEZ,010903,874cf20d9ffffff
https://www.inaturalist.org/observations/108759278,3743217702,Aechmea nudicaulis,Aechmea nudicaulis (L.) Griseb.,Bromeliaceae,Aechmea,SPECIES,HUMAN_OBSERVATION,2022-03-15T18:23:45,2022,-70.136248,19.585583,6,50c9509d-22c7-4a22-a47d-8c48425ef4a7,iNaturalist,Observations,09,03,GASPAR HERNÁNDEZ,010903,874cf20d9ffffff
https://www.inaturalist.org/observations/108759348,3960982412,Didymopanax morototoni,Didymopanax morototoni (Aubl.) Decne. & Planch.,Araliaceae,Didymopanax,SPECIES,HUMAN_OBSERVATION,2022-03-15T18:40:48,2022,-70.13666,19.591027,5,50c9509d-22c7-4a22-a47d-8c48425ef4a7,iNaturalist,Observations,09,03,GASPAR HERNÁNDEZ,010903,874cf20d9ffffff
https://www.inaturalist.org/observations/108759412,3873226557,Stigmaphyllon emarginatum,Stigmaphyllon emarginatum (Cav.) A.Juss.,Malpighiaceae,Stigmaphyllon,SPECIES,HUMAN_OBSERVATION,2022-03-15T18:42:54,2022,-70.136795,19.590962,5,50c9509d-22c7-4a22-a47d-8c48425ef4a7,iNaturalist,Observations,09,03,GASPAR HERNÁNDEZ,010903,874cf20d9ffffff
https://www.inaturalist.org/observations/108759458,3772634483,Psidium guajava,Psidium guajava L.,Myrtaceae,Psidium,SPECIES,HUMAN_OBSERVATION,2022-03-15T18:43:40,2022,-70.13682,19.590933,5,50c9509d-22c7-4a22-a47d-8c48425ef4a7,iNaturalist,Observations,09,03,GASPAR HERNÁNDEZ,010903,874cf20d9ffffff
https://www.inaturalist.org/observations/108879287,5759531506,Philodendron consanguineum,Philodendron consanguineum Schott,Araceae,Philodendron,SPECIES,HUMAN_OBSERVATION,2022-03-17T17:55:33,2022,-70.156188,19.60585,6,50c9509d-22c7-4a22-a47d-8c48425ef4a7,iNaturalist,Observations,09,03,GASPAR HERNÁNDEZ,010903,874cf20dcffffff
https://www.inaturalist.org/observations/108879329,4054814411,Wallenia laurifolia,Wallenia laurifolia (Jacq.) Sw.,Primulaceae,Wallenia,SPECIES,HUMAN_OBSERVATION,2022-03-18T07:21:33,2022,-70.13502,19.610452,6,50c9509d-22c7-4a22-a47d-8c48425ef4a7,iNaturalist,Observations,09,03,GASPAR HERNÁNDEZ,010903,874cf20ddffffff
https://www.inaturalist.org/observations/108879407,4453849496,Cecropia schreberiana,Cecropia schreberiana Miq.,Urticaceae,Cecropia,SPECIES,HUMAN_OBSERVATION,2022-03-18T08:27:04,2022,-70.13625,19.609223,6,50c9509d-22c7-4a22-a47d-8c48425ef4a7,iNaturalist,Observations,09,03,GASPAR HERNÁNDEZ,010903,874cf20ddffffff
https://www.inaturalist.org/observations/108879435,4153904382,Solanum torvum,Solanum torvum Sw.,Solanaceae,Solanum,SPECIES,HUMAN_OBSERVATION,2022-03-18T08:29:20,2022,-70.136215000000007,19.609243,3,50c9509d-22c7-4a22-a47d-8c48425ef4a7,iNaturalist,Observations,09,03,GASPAR HERNÁNDEZ,010903,874cf20ddffffff
https://www.inaturalist.org/observations/108879584,3747199560,Passiflora intricata,Passiflora intricata J.M.MacDougal & J.Ochoa,Passifloraceae,Passiflora,SPECIES,HUMAN_OBSERVATION,2022-03-18T09:32:51,2022,-70.137048,19.609105,5,50c9509d-22c7-4a22-a47d-8c48425ef4a7,iNaturalist,Observations,09,03,GASPAR HERNÁNDEZ,010903,874cf20ddffffff
https://www.inaturalist.org/observations/108879606,4091646399,Guazuma ulmifolia,Guazuma ulmifolia Lam.,Malvaceae,Guazuma,SPECIES,HUMAN_OBSERVATION,2022-03-18T09:34:10,2022,-70.137133,19.609028,5,50c9509d-22c7-4a22-a47d-8c48425ef4a7,iNaturalist,Observations,09,03,GASPAR HERNÁNDEZ,010903,874cf20ddffffff
https://www.inaturalist.org/observations/108879655,3747103550,Passiflora rubra,Passiflora rubra L.,Passifloraceae,Passiflora,SPECIES,HUMAN_OBSERVATION,2022-03-18T09:40:42,2022,-70.137783,19.608502,5,50c9509d-22c7-4a22-a47d-8c48425ef4a7,iNaturalist,Observations,09,03,GASPAR HERNÁNDEZ,010903,874cf20ddffffff
https://www.inaturalist.org/observations/108879693,3747172501,Centrosema virginianum,Centrosema virginianum (L.) Benth.,Fabaceae,Centrosema,SPECIES,HUMAN_OBSERVATION,2022-03-18T09:47:46,2022,-70.137505,19.608382,4,50c9509d-22c7-4a22-a47d-8c48425ef4a7,iNaturalist,Observations,09,03,GASPAR HERNÁNDEZ,010903,874cf20ddffffff
https://www.inaturalist.org/observations/108879742,4954702252,Borreria remota,Spermacoce remota Lam.,Rubiaceae,Borreria,SPECIES,HUMAN_OBSERVATION,2022-03-18T09:52,2022,-70.13778,19.608677,3,50c9509d-22c7-4a22-a47d-8c48425ef4a7,iNaturalist,Observations,09,03,GASPAR HERNÁNDEZ,010903,874cf20ddffffff
https://www.inaturalist.org/observations/108879750,4525031557,Miconia crenata,Miconia crenata (Vahl) Michelang.,Melastomataceae,Miconia,SPECIES,HUMAN_OBSERVATION,2022-03-18T09:54:30,2022,-70.137607,19.608805,5,50c9509d-22c7-4a22-a47d-8c48425ef4a7,iNaturalist,Observations,09,03,GASPAR HERNÁNDEZ,010903,874cf20ddffffff
https://www.inaturalist.org/observations/108879769,3747027496,Eulophia maculata,Eulophia maculata (Lindl.) Rchb.f.,Orchidaceae,Eulophia,SPECIES,HUMAN_OBSERVATION,2022-03-18T09:57:39,2022,-70.136835,19.609232,7,50c9509d-22c7-4a22-a47d-8c48425ef4a7,iNaturalist,Observations,09,03,GASPAR HERNÁNDEZ,010903,874cf20ddffffff
https://www.inaturalist.org/observations/108879833,3747300556,Rivina humilis,Rivina humilis L.,Petiveriaceae,Rivina,SPECIES,HUMAN_OBSERVATION,2022-03-18T11:08:07,2022,-70.136068,19.609575,5,50c9509d-22c7-4a22-a47d-8c48425ef4a7,iNaturalist,Observations,09,03,GASPAR HERNÁNDEZ,010903,874cf20ddffffff
https://www.inaturalist.org/observations/108899775,4028748601,Petiveria alliacea,Petiveria alliacea L.,Petiveriaceae,Petiveria,SPECIES,HUMAN_OBSERVATION,2022-03-18T16:15:51,2022,-70.135742,19.60982,4,50c9509d-22c7-4a22-a47d-8c48425ef4a7,iNaturalist,Observations,09,03,GASPAR HERNÁNDEZ,010903,874cf20ddffffff
https://www.inaturalist.org/observations/109136202,3902669725,Euphorbia hirta,Euphorbia hirta L.,Euphorbiaceae,Euphorbia,SPECIES,HUMAN_OBSERVATION,2022-03-21T07:14:57,2022,-70.13577,19.602655,5,50c9509d-22c7-4a22-a47d-8c48425ef4a7,iNaturalist,Observations,09,03,GASPAR HERNÁNDEZ,010903,874cf20ddffffff
https://www.inaturalist.org/observations/109222321,4028976507,Genipa americana,Genipa americana L.,Rubiaceae,Genipa,SPECIES,HUMAN_OBSERVATION,2022-03-22T09:35:18,2022,-70.136485,19.614985,4,50c9509d-22c7-4a22-a47d-8c48425ef4a7,iNaturalist,Observations,09,03,GASPAR HERNÁNDEZ,010903,874cf20c3ffffff
https://www.inaturalist.org/observations/109333083,4091578387,Dolichandra unguis-cati,Dolichandra unguis-cati (L.) L.G.Lohmann,Bignoniaceae,Dolichandra,SPECIES,HUMAN_OBSERVATION,2022-03-23T18:36:39,2022,-70.138782,19.610107,5,50c9509d-22c7-4a22-a47d-8c48425ef4a7,iNaturalist,Observations,09,03,GASPAR HERNÁNDEZ,010903,874cf20ddffffff
https://www.inaturalist.org/observations/109334192,4028769681,Roystonea borinquena,Roystonea borinquena O.F.Cook,Arecaceae,Roystonea,SPECIES,HUMAN_OBSERVATION,2022-03-23T18:53:20,2022,-70.139115,19.609258,3,50c9509d-22c7-4a22-a47d-8c48425ef4a7,iNaturalist,Observations,09,03,GASPAR HERNÁNDEZ,010903,874cf20ddffffff
https://www.inaturalist.org/observations/109334225,4127192650,Guazuma ulmifolia,Guazuma ulmifolia Lam.,Malvaceae,Guazuma,SPECIES,HUMAN_OBSERVATION,2022-03-23T18:55:40,2022,-70.139685,19.608842,5,50c9509d-22c7-4a22-a47d-8c48425ef4a7,iNaturalist,Observations,09,03,GASPAR HERNÁNDEZ,010903,874cf20ddffffff
https://www.inaturalist.org/observations/109334258,3747136402,Chromolaena odorata,Chromolaena odorata (L.) R.M.King & H.Rob.,Asteraceae,Chromolaena,SPECIES,HUMAN_OBSERVATION,2022-03-23T18:56:19,2022,-70.139623,19.60889,5,50c9509d-22c7-4a22-a47d-8c48425ef4a7,iNaturalist,Observations,09,03,GASPAR HERNÁNDEZ,010903,874cf20ddffffff
https://www.inaturalist.org/observations/109334351,5062541588,Bidens alba,Bidens alba (L.) DC.,Asteraceae,Bidens,SPECIES,HUMAN_OBSERVATION,2022-03-23T18:59:04,2022,-70.139627,19.60885,4,50c9509d-22c7-4a22-a47d-8c48425ef4a7,iNaturalist,Observations,09,03,GASPAR HERNÁNDEZ,010903,874cf20ddffffff
https://www.inaturalist.org/observations/109338098,3747247194,Poitea galegoides,Poitea galegoides Vent.,Fabaceae,Poitea,SPECIES,HUMAN_OBSERVATION,2022-03-20T12:53:33,2022,-70.317431,19.648322,2990,50c9509d-22c7-4a22-a47d-8c48425ef4a7,iNaturalist,Observations,09,03,GASPAR HERNÁNDEZ,010903,874cf2736ffffff
https://www.inaturalist.org/observations/109463495,3764446410,Passiflora suberosa,Passiflora suberosa subsp. suberosa,Passifloraceae,Passiflora,SUBSPECIES,HUMAN_OBSERVATION,2022-03-25T08:17:29,2022,-70.137435,19.611973,5,50c9509d-22c7-4a22-a47d-8c48425ef4a7,iNaturalist,Observations,09,03,GASPAR HERNÁNDEZ,010903,874cf20c3ffffff
https://www.inaturalist.org/observations/109463522,4133691336,Hemionitis palmata,Hemionitis palmata L.,Pteridaceae,Hemionitis,SPECIES,HUMAN_OBSERVATION,2022-03-25T09:10:55,2022,-70.137358,19.612142,5,50c9509d-22c7-4a22-a47d-8c48425ef4a7,iNaturalist,Observations,09,03,GASPAR HERNÁNDEZ,010903,874cf20c3ffffff
https://www.inaturalist.org/observations/109498485,3759176979,Muntingia calabura,Muntingia calabura L.,Muntingiaceae,Muntingia,SPECIES,HUMAN_OBSERVATION,2022-03-25T18:19:59,2022,-70.139763,19.605883,5,50c9509d-22c7-4a22-a47d-8c48425ef4a7,iNaturalist,Observations,09,03,GASPAR HERNÁNDEZ,010903,874cf20ddffffff
https://www.inaturalist.org/observations/109499459,4597220691,Aristolochia trilobata,Aristolochia trilobata L.,Aristolochiaceae,Aristolochia,SPECIES,HUMAN_OBSERVATION,2022-03-25T18:37:48,2022,-70.138203,19.604998,5,50c9509d-22c7-4a22-a47d-8c48425ef4a7,iNaturalist,Observations,09,03,GASPAR HERNÁNDEZ,010903,874cf20ddffffff
https://www.inaturalist.org/observations/109561560,4974316426,Rhizophora mangle,Rhizophora mangle L.,Rhizophoraceae,Rhizophora,SPECIES,HUMAN_OBSERVATION,2001-11-06T19:56,2001,-70.371062,19.707845,488,50c9509d-22c7-4a22-a47d-8c48425ef4a7,iNaturalist,Observations,09,03,GASPAR HERNÁNDEZ,010903,874cf2463ffffff
https://www.inaturalist.org/observations/109561562,4973779891,Cocos nucifera,Cocos nucifera L.,Arecaceae,Cocos,SPECIES,HUMAN_OBSERVATION,2001-11-06T21:58,2001,-70.366549,19.705489,61,50c9509d-22c7-4a22-a47d-8c48425ef4a7,iNaturalist,Observations,09,03,GASPAR HERNÁNDEZ,010903,874cf2463ffffff
https://www.inaturalist.org/observations/109561566,4973853762,Ananas comosus,Ananas comosus (L.) Merr.,Bromeliaceae,Ananas,SPECIES,HUMAN_OBSERVATION,2001-11-06T22:47,2001,-70.364375,19.691105,61,50c9509d-22c7-4a22-a47d-8c48425ef4a7,iNaturalist,Observations,09,03,GASPAR HERNÁNDEZ,010903,874cf2445ffffff
https://www.inaturalist.org/observations/109561568,4974000243,Heliconia caribaea,Heliconia caribaea Lam.,Heliconiaceae,Heliconia,SPECIES,HUMAN_OBSERVATION,2001-11-06T22:41,2001,-70.360579,19.694378,61,50c9509d-22c7-4a22-a47d-8c48425ef4a7,iNaturalist,Observations,09,03,GASPAR HERNÁNDEZ,010903,874cf2463ffffff
https://www.inaturalist.org/observations/109931641,3760192421,Passiflora rubra,Passiflora rubra L.,Passifloraceae,Passiflora,SPECIES,HUMAN_OBSERVATION,2022-03-30T07:53:19,2022,-70.134383,19.61053,8,50c9509d-22c7-4a22-a47d-8c48425ef4a7,iNaturalist,Observations,09,03,GASPAR HERNÁNDEZ,010903,874cf20ddffffff
https://www.inaturalist.org/observations/110187204,3764565436,Epidendrum rigidum,Epidendrum rigidum Jacq.,Orchidaceae,Epidendrum,SPECIES,HUMAN_OBSERVATION,2022-04-02T07:18:22,2022,-70.130487,19.60589,6,50c9509d-22c7-4a22-a47d-8c48425ef4a7,iNaturalist,Observations,09,03,GASPAR HERNÁNDEZ,010903,874cf20ddffffff
https://www.inaturalist.org/observations/110187281,4126980932,Anthurium gracile,Anthurium gracile (Rudge) Lindl.,Araceae,Anthurium,SPECIES,HUMAN_OBSERVATION,2022-04-02T09:47:27,2022,-70.128702,19.604037,6,50c9509d-22c7-4a22-a47d-8c48425ef4a7,iNaturalist,Observations,09,03,GASPAR HERNÁNDEZ,010903,874cf20ddffffff
https://www.inaturalist.org/observations/110187310,4080668409,Geophila repens,Geophila repens (L.) I.M.Johnst.,Rubiaceae,Geophila,SPECIES,HUMAN_OBSERVATION,2022-04-02T10:50:20,2022,-70.128542,19.604148,6,50c9509d-22c7-4a22-a47d-8c48425ef4a7,iNaturalist,Observations,09,03,GASPAR HERNÁNDEZ,010903,874cf20ddffffff
https://www.inaturalist.org/observations/110187326,4054798404,Dieffenbachia seguine,Dieffenbachia seguine (Jacq.) Schott,Araceae,Dieffenbachia,SPECIES,HUMAN_OBSERVATION,2022-04-02T11:31:13,2022,-70.12845,19.603598,6,50c9509d-22c7-4a22-a47d-8c48425ef4a7,iNaturalist,Observations,09,03,GASPAR HERNÁNDEZ,010903,874cf20ddffffff
https://www.inaturalist.org/observations/110187358,3764181439,Passiflora intricata,Passiflora intricata J.M.MacDougal & J.Ochoa,Passifloraceae,Passiflora,SPECIES,HUMAN_OBSERVATION,2022-04-02T11:31:37,2022,-70.128498,19.603605,6,50c9509d-22c7-4a22-a47d-8c48425ef4a7,iNaturalist,Observations,09,03,GASPAR HERNÁNDEZ,010903,874cf20ddffffff
https://www.inaturalist.org/observations/110218039,4067354539,Pachystachys spicata,Pachystachys spicata (Ruiz & Pav.) Wassh.,Acanthaceae,Pachystachys,SPECIES,HUMAN_OBSERVATION,2022-04-02T14:07:46,2022,-70.170653,19.610167,5,50c9509d-22c7-4a22-a47d-8c48425ef4a7,iNaturalist,Observations,09,03,GASPAR HERNÁNDEZ,010903,874cf20deffffff
https://www.inaturalist.org/observations/110218170,6399477120,Erechtites hieraciifolius,Erechtites hieraciifolius (L.) Raf. ex DC.,Asteraceae,Erechtites,SPECIES,HUMAN_OBSERVATION,2022-04-02T14:19:16,2022,-70.116097,19.618913,3,50c9509d-22c7-4a22-a47d-8c48425ef4a7,iNaturalist,Observations,09,03,GASPAR HERNÁNDEZ,010903,874cf20c1ffffff
https://www.inaturalist.org/observations/110218853,4516245868,Gesneria pedicellaris,Gesneria pedicellaris Alain,Gesneriaceae,Gesneria,SPECIES,HUMAN_OBSERVATION,2022-04-02T14:32:52,2022,-70.116937,19.617233,7,50c9509d-22c7-4a22-a47d-8c48425ef4a7,iNaturalist,Observations,09,03,GASPAR HERNÁNDEZ,010903,874cf20c1ffffff
https://www.inaturalist.org/observations/110218968,3759948671,Tillandsia schiedeana,Tillandsia schiedeana Steud.,Bromeliaceae,Tillandsia,SPECIES,HUMAN_OBSERVATION,2022-04-02T14:34:07,2022,-70.114368,19.618557,56,50c9509d-22c7-4a22-a47d-8c48425ef4a7,iNaturalist,Observations,09,03,GASPAR HERNÁNDEZ,010903,874cf20c1ffffff
https://www.inaturalist.org/observations/110219034,4516168878,Gesneria pedicellaris,Gesneria pedicellaris Alain,Gesneriaceae,Gesneria,SPECIES,HUMAN_OBSERVATION,2022-04-02T14:34:50,2022,-70.11681,19.617202,6,50c9509d-22c7-4a22-a47d-8c48425ef4a7,iNaturalist,Observations,09,03,GASPAR HERNÁNDEZ,010903,874cf20c1ffffff
https://www.inaturalist.org/observations/110219717,6185008422,Pitcairnia jimenezii,Pitcairnia jimenezii L.B.Sm.,Bromeliaceae,Pitcairnia,SPECIES,HUMAN_OBSERVATION,2022-04-02T14:44:04,2022,-70.1168,19.617393,8,50c9509d-22c7-4a22-a47d-8c48425ef4a7,iNaturalist,Observations,09,03,GASPAR HERNÁNDEZ,010903,874cf20c1ffffff
https://www.inaturalist.org/observations/110220263,3759287683,Tillandsia usneoides,Tillandsia usneoides (L.) L.,Bromeliaceae,Tillandsia,SPECIES,HUMAN_OBSERVATION,2022-04-02T14:52:14,2022,-70.116837,19.617317,5,50c9509d-22c7-4a22-a47d-8c48425ef4a7,iNaturalist,Observations,09,03,GASPAR HERNÁNDEZ,010903,874cf20c1ffffff
https://www.inaturalist.org/observations/110220548,4936434423,Rivina humilis,Rivina humilis L.,Petiveriaceae,Rivina,SPECIES,HUMAN_OBSERVATION,2022-04-02T14:54:23,2022,-70.116972,19.617107,6,50c9509d-22c7-4a22-a47d-8c48425ef4a7,iNaturalist,Observations,09,03,GASPAR HERNÁNDEZ,010903,874cf20c1ffffff
https://www.inaturalist.org/observations/110220578,3760130702,Tradescantia spathacea,Tradescantia spathacea Sw.,Commelinaceae,Tradescantia,SPECIES,HUMAN_OBSERVATION,2022-04-02T14:54:48,2022,-70.116917,19.61716,6,50c9509d-22c7-4a22-a47d-8c48425ef4a7,iNaturalist,Observations,09,03,GASPAR HERNÁNDEZ,010903,874cf20c1ffffff
https://www.inaturalist.org/observations/110220792,3872971571,Muntingia calabura,Muntingia calabura L.,Muntingiaceae,Muntingia,SPECIES,HUMAN_OBSERVATION,2022-04-02T15:17:13,2022,-70.115837,19.616805,5,50c9509d-22c7-4a22-a47d-8c48425ef4a7,iNaturalist,Observations,09,03,GASPAR HERNÁNDEZ,010903,874cf20c1ffffff
https://www.inaturalist.org/observations/110221062,3764191424,Passiflora intricata,Passiflora intricata J.M.MacDougal & J.Ochoa,Passifloraceae,Passiflora,SPECIES,HUMAN_OBSERVATION,2022-04-02T15:23:35,2022,-70.116758,19.617783,5,50c9509d-22c7-4a22-a47d-8c48425ef4a7,iNaturalist,Observations,09,03,GASPAR HERNÁNDEZ,010903,874cf20c1ffffff
https://www.inaturalist.org/observations/110344520,3902034049,Psychotria grandis,Psychotria grandis Sw.,Rubiaceae,Psychotria,SPECIES,HUMAN_OBSERVATION,2022-04-03T18:47:06,2022,-70.136585,19.607985,6,50c9509d-22c7-4a22-a47d-8c48425ef4a7,iNaturalist,Observations,09,03,GASPAR HERNÁNDEZ,010903,874cf20ddffffff
https://www.inaturalist.org/observations/110344608,3759233857,Passiflora edulis,Passiflora edulis Sims,Passifloraceae,Passiflora,SPECIES,HUMAN_OBSERVATION,2022-04-03T18:48:31,2022,-70.136743,19.607953,5,50c9509d-22c7-4a22-a47d-8c48425ef4a7,iNaturalist,Observations,09,03,GASPAR HERNÁNDEZ,010903,874cf20ddffffff
https://www.inaturalist.org/observations/110345255,4507860578,Coccoloba pubescens,Coccoloba pubescens L.,Polygonaceae,Coccoloba,SPECIES,HUMAN_OBSERVATION,2022-04-03T18:51:33,2022,-70.136792,19.607782,4,50c9509d-22c7-4a22-a47d-8c48425ef4a7,iNaturalist,Observations,09,03,GASPAR HERNÁNDEZ,010903,874cf20ddffffff
https://www.inaturalist.org/observations/110345284,3759310829,Passiflora intricata,Passiflora intricata J.M.MacDougal & J.Ochoa,Passifloraceae,Passiflora,SPECIES,HUMAN_OBSERVATION,2022-04-03T18:52:40,2022,-70.136825,19.607683,4,50c9509d-22c7-4a22-a47d-8c48425ef4a7,iNaturalist,Observations,09,03,GASPAR HERNÁNDEZ,010903,874cf20ddffffff
https://www.inaturalist.org/observations/110345518,3759535844,Passiflora rubra,Passiflora rubra L.,Passifloraceae,Passiflora,SPECIES,HUMAN_OBSERVATION,2022-04-03T18:53:17,2022,-70.136865,19.607667,4,50c9509d-22c7-4a22-a47d-8c48425ef4a7,iNaturalist,Observations,09,03,GASPAR HERNÁNDEZ,010903,874cf20ddffffff
https://www.inaturalist.org/observations/110345627,4145386383,Dieffenbachia seguine,Dieffenbachia seguine (Jacq.) Schott,Araceae,Dieffenbachia,SPECIES,HUMAN_OBSERVATION,2022-04-03T18:53:44,2022,-70.136922,19.607645,6,50c9509d-22c7-4a22-a47d-8c48425ef4a7,iNaturalist,Observations,09,03,GASPAR HERNÁNDEZ,010903,874cf20ddffffff
https://www.inaturalist.org/observations/110345818,4067314533,Cissus verticillata,Cissus verticillata (L.) Nicolson & C.E.Jarvis,Vitaceae,Cissus,SPECIES,HUMAN_OBSERVATION,2022-04-03T18:56:19,2022,-70.136878,19.60743,5,50c9509d-22c7-4a22-a47d-8c48425ef4a7,iNaturalist,Observations,09,03,GASPAR HERNÁNDEZ,010903,874cf20ddffffff
https://www.inaturalist.org/observations/110346507,4075682590,Geophila repens,Geophila repens (L.) I.M.Johnst.,Rubiaceae,Geophila,SPECIES,HUMAN_OBSERVATION,2022-04-03T18:59:15,2022,-70.136888,19.60742,5,50c9509d-22c7-4a22-a47d-8c48425ef4a7,iNaturalist,Observations,09,03,GASPAR HERNÁNDEZ,010903,874cf20ddffffff
https://www.inaturalist.org/observations/110346769,4453698501,Adiantum latifolium,Adiantum latifolium Lam.,Pteridaceae,Adiantum,SPECIES,HUMAN_OBSERVATION,2022-04-03T19:02:32,2022,-70.136915,19.607035,5,50c9509d-22c7-4a22-a47d-8c48425ef4a7,iNaturalist,Observations,09,03,GASPAR HERNÁNDEZ,010903,874cf20ddffffff
https://www.inaturalist.org/observations/110346896,3760299788,Anthurium gracile,Anthurium gracile (Rudge) Lindl.,Araceae,Anthurium,SPECIES,HUMAN_OBSERVATION,2022-04-03T19:04:43,2022,-70.136905,19.60686,6,50c9509d-22c7-4a22-a47d-8c48425ef4a7,iNaturalist,Observations,09,03,GASPAR HERNÁNDEZ,010903,874cf20ddffffff
https://www.inaturalist.org/observations/110346938,3759487854,Piper peltatum,Piper peltatum L.,Piperaceae,Piper,SPECIES,HUMAN_OBSERVATION,2022-04-03T19:06:14,2022,-70.13685,19.606817,5,50c9509d-22c7-4a22-a47d-8c48425ef4a7,iNaturalist,Observations,09,03,GASPAR HERNÁNDEZ,010903,874cf20ddffffff
https://www.inaturalist.org/observations/110706760,4062765425,Rhizophora mangle,Rhizophora mangle L.,Rhizophoraceae,Rhizophora,SPECIES,HUMAN_OBSERVATION,2022-04-07T18:25:36,2022,-70.132979,19.615798,2899,50c9509d-22c7-4a22-a47d-8c48425ef4a7,iNaturalist,Observations,09,03,GASPAR HERNÁNDEZ,010903,874cf20c3ffffff
https://www.inaturalist.org/observations/110706880,4080482398,Rhizophora mangle,Rhizophora mangle L.,Rhizophoraceae,Rhizophora,SPECIES,HUMAN_OBSERVATION,2022-04-07T18:32:17,2022,-70.132979,19.615798,2899,50c9509d-22c7-4a22-a47d-8c48425ef4a7,iNaturalist,Observations,09,03,GASPAR HERNÁNDEZ,010903,874cf20c3ffffff
https://www.inaturalist.org/observations/110706960,3759415305,Rhizophora mangle,Rhizophora mangle L.,Rhizophoraceae,Rhizophora,SPECIES,HUMAN_OBSERVATION,2022-04-07T18:39:33,2022,-70.132805,19.620663,6,50c9509d-22c7-4a22-a47d-8c48425ef4a7,iNaturalist,Observations,09,03,GASPAR HERNÁNDEZ,010903,874cf20c3ffffff
https://www.inaturalist.org/observations/110708977,3759517251,Ipomoea pes-caprae,Ipomoea pes-caprae (L.) R.Br.,Convolvulaceae,Ipomoea,SPECIES,HUMAN_OBSERVATION,2022-04-07T19:09:32,2022,-70.131396,19.622718,7,50c9509d-22c7-4a22-a47d-8c48425ef4a7,iNaturalist,Observations,09,03,GASPAR HERNÁNDEZ,010903,874cf20c3ffffff
https://www.inaturalist.org/observations/110709117,4453705501,Canavalia rosea,Canavalia rosea (Sw.) DC.,Fabaceae,Canavalia,SPECIES,HUMAN_OBSERVATION,2022-04-07T19:10:29,2022,-70.131513,19.622519,3,50c9509d-22c7-4a22-a47d-8c48425ef4a7,iNaturalist,Observations,09,03,GASPAR HERNÁNDEZ,010903,874cf20c3ffffff
https://www.inaturalist.org/observations/110797738,3760373273,Rhizophora mangle,Rhizophora mangle L.,Rhizophoraceae,Rhizophora,SPECIES,HUMAN_OBSERVATION,2022-04-08T18:17:54,2022,-70.131993,19.621677,9,50c9509d-22c7-4a22-a47d-8c48425ef4a7,iNaturalist,Observations,09,03,GASPAR HERNÁNDEZ,010903,874cf20c3ffffff
https://www.inaturalist.org/observations/110797755,3759698303,Rhizophora mangle,Rhizophora mangle L.,Rhizophoraceae,Rhizophora,SPECIES,HUMAN_OBSERVATION,2022-04-08T18:23:14,2022,-70.132428,19.620887,8,50c9509d-22c7-4a22-a47d-8c48425ef4a7,iNaturalist,Observations,09,03,GASPAR HERNÁNDEZ,010903,874cf20c3ffffff
https://www.inaturalist.org/observations/110797771,4039264532,Rhizophora mangle,Rhizophora mangle L.,Rhizophoraceae,Rhizophora,SPECIES,HUMAN_OBSERVATION,2022-04-08T18:31:32,2022,-70.133678,19.620765,4,50c9509d-22c7-4a22-a47d-8c48425ef4a7,iNaturalist,Observations,09,03,GASPAR HERNÁNDEZ,010903,874cf20c3ffffff
https://www.inaturalist.org/observations/110797845,3760354321,Rhizophora mangle,Rhizophora mangle L.,Rhizophoraceae,Rhizophora,SPECIES,HUMAN_OBSERVATION,2022-04-08T18:38:17,2022,-70.134375,19.620407,9,50c9509d-22c7-4a22-a47d-8c48425ef4a7,iNaturalist,Observations,09,03,GASPAR HERNÁNDEZ,010903,874cf20c3ffffff
https://www.inaturalist.org/observations/110797957,4993766388,Avicennia germinans,Avicennia germinans (L.) L.,Acanthaceae,Avicennia,SPECIES,HUMAN_OBSERVATION,2022-04-08T19:03:02,2022,-70.131355,19.6223,5,50c9509d-22c7-4a22-a47d-8c48425ef4a7,iNaturalist,Observations,09,03,GASPAR HERNÁNDEZ,010903,874cf20c3ffffff
https://www.inaturalist.org/observations/110798075,3759536294,Thespesia populnea,Thespesia populnea (L.) Sol. ex Corrêa,Malvaceae,Thespesia,SPECIES,HUMAN_OBSERVATION,2022-04-08T19:06:46,2022,-70.131237,19.622377,5,50c9509d-22c7-4a22-a47d-8c48425ef4a7,iNaturalist,Observations,09,03,GASPAR HERNÁNDEZ,010903,874cf20c3ffffff
https://www.inaturalist.org/observations/110798090,3759758334,Hippomane mancinella,Hippomane mancinella L.,Euphorbiaceae,Hippomane,SPECIES,HUMAN_OBSERVATION,2022-04-08T19:08:43,2022,-70.130913,19.622655,3,50c9509d-22c7-4a22-a47d-8c48425ef4a7,iNaturalist,Observations,09,03,GASPAR HERNÁNDEZ,010903,874cf20c3ffffff
https://www.inaturalist.org/observations/111029964,6234681140,Dioscorea chondrocarpa,Dioscorea chondrocarpa Griseb.,Dioscoreaceae,Dioscorea,SPECIES,HUMAN_OBSERVATION,2022-04-10T17:19:29,2022,-70.195891,19.625166,2816,50c9509d-22c7-4a22-a47d-8c48425ef4a7,iNaturalist,Observations,09,03,GASPAR HERNÁNDEZ,010903,874cf20d2ffffff
https://www.inaturalist.org/observations/111033100,3764122428,Passiflora intricata,Passiflora intricata J.M.MacDougal & J.Ochoa,Passifloraceae,Passiflora,SPECIES,HUMAN_OBSERVATION,2022-04-10T17:24:54,2022,-70.136738,19.60702,7,50c9509d-22c7-4a22-a47d-8c48425ef4a7,iNaturalist,Observations,09,03,GASPAR HERNÁNDEZ,010903,874cf20ddffffff
https://www.inaturalist.org/observations/111033297,6236270937,Dioscorea chondrocarpa,Dioscorea chondrocarpa Griseb.,Dioscoreaceae,Dioscorea,SPECIES,HUMAN_OBSERVATION,2022-04-10T17:31:31,2022,-70.13671,19.60712,8,50c9509d-22c7-4a22-a47d-8c48425ef4a7,iNaturalist,Observations,09,03,GASPAR HERNÁNDEZ,010903,874cf20ddffffff
https://www.inaturalist.org/observations/111034197,3902630130,Psychotria grandis,Psychotria grandis Sw.,Rubiaceae,Psychotria,SPECIES,HUMAN_OBSERVATION,2022-04-10T18:06:34,2022,-70.136907,19.606753,6,50c9509d-22c7-4a22-a47d-8c48425ef4a7,iNaturalist,Observations,09,03,GASPAR HERNÁNDEZ,010903,874cf20ddffffff
https://www.inaturalist.org/observations/111043831,3759495577,Passiflora edulis,Passiflora edulis f. flavicarpa O.Deg.,Passifloraceae,Passiflora,FORM,HUMAN_OBSERVATION,2022-04-10T18:27:30,2022,-70.137733,19.60636,6,50c9509d-22c7-4a22-a47d-8c48425ef4a7,iNaturalist,Observations,09,03,GASPAR HERNÁNDEZ,010903,874cf20ddffffff
https://www.inaturalist.org/observations/111044422,3759929574,Ochroma pyramidale,Ochroma pyramidale (Cav.) Urb.,Malvaceae,Ochroma,SPECIES,HUMAN_OBSERVATION,2022-04-10T18:34:37,2022,-70.137622,19.60624,6,50c9509d-22c7-4a22-a47d-8c48425ef4a7,iNaturalist,Observations,09,03,GASPAR HERNÁNDEZ,010903,874cf20ddffffff
https://www.inaturalist.org/observations/111045931,4075658573,Geophila repens,Geophila repens (L.) I.M.Johnst.,Rubiaceae,Geophila,SPECIES,HUMAN_OBSERVATION,2022-04-10T18:39:53,2022,-70.137053,19.60637,8,50c9509d-22c7-4a22-a47d-8c48425ef4a7,iNaturalist,Observations,09,03,GASPAR HERNÁNDEZ,010903,874cf20ddffffff
https://www.inaturalist.org/observations/111046927,4096489454,Samanea saman,Samanea saman (Jacq.) Merr.,Fabaceae,Samanea,SPECIES,HUMAN_OBSERVATION,2022-04-10T18:54:04,2022,-70.135487,19.604863,5,50c9509d-22c7-4a22-a47d-8c48425ef4a7,iNaturalist,Observations,09,03,GASPAR HERNÁNDEZ,010903,874cf20ddffffff
https://www.inaturalist.org/observations/111078546,4067190546,Roystonea borinquena,Roystonea borinquena O.F.Cook,Arecaceae,Roystonea,SPECIES,HUMAN_OBSERVATION,2022-04-10T18:55:02,2022,-70.135425,19.604775,5,50c9509d-22c7-4a22-a47d-8c48425ef4a7,iNaturalist,Observations,09,03,GASPAR HERNÁNDEZ,010903,874cf20ddffffff
https://www.inaturalist.org/observations/111078557,3760306604,Jatropha gossypiifolia,Jatropha gossypiifolia L.,Euphorbiaceae,Jatropha,SPECIES,HUMAN_OBSERVATION,2022-04-10T18:57:56,2022,-70.135572,19.60445,6,50c9509d-22c7-4a22-a47d-8c48425ef4a7,iNaturalist,Observations,09,03,GASPAR HERNÁNDEZ,010903,874cf20ddffffff
https://www.inaturalist.org/observations/111078587,5761045807,Philodendron consanguineum,Philodendron consanguineum Schott,Araceae,Philodendron,SPECIES,HUMAN_OBSERVATION,2022-04-10T19:01:47,2022,-70.135713,19.604157,7,50c9509d-22c7-4a22-a47d-8c48425ef4a7,iNaturalist,Observations,09,03,GASPAR HERNÁNDEZ,010903,874cf20ddffffff
https://www.inaturalist.org/observations/111078599,4453702490,Securidaca virgata,Securidaca virgata Sw.,Polygalaceae,Securidaca,SPECIES,HUMAN_OBSERVATION,2022-04-10T19:02:11,2022,-70.13582,19.603943,7,50c9509d-22c7-4a22-a47d-8c48425ef4a7,iNaturalist,Observations,09,03,GASPAR HERNÁNDEZ,010903,874cf20ddffffff
https://www.inaturalist.org/observations/111451684,3760066886,Tolumnia variegata,Tolumnia variegata (Sw.) Braem,Orchidaceae,Tolumnia,SPECIES,HUMAN_OBSERVATION,2022-04-14T15:36:40,2022,-70.128757,19.604827,4,50c9509d-22c7-4a22-a47d-8c48425ef4a7,iNaturalist,Observations,09,03,GASPAR HERNÁNDEZ,010903,874cf20ddffffff
https://www.inaturalist.org/observations/111457733,3873700555,Manilkara zapota,Manilkara zapota (L.) P.Royen,Sapotaceae,Manilkara,SPECIES,HUMAN_OBSERVATION,2022-04-14T17:07:11,2022,-70.129775,19.605982,6,50c9509d-22c7-4a22-a47d-8c48425ef4a7,iNaturalist,Observations,09,03,GASPAR HERNÁNDEZ,010903,874cf20ddffffff
https://www.inaturalist.org/observations/111855805,4091759400,Cecropia schreberiana,Cecropia schreberiana Miq.,Urticaceae,Cecropia,SPECIES,HUMAN_OBSERVATION,2022-04-17T18:28:15,2022,-70.138562,19.602982,5,50c9509d-22c7-4a22-a47d-8c48425ef4a7,iNaturalist,Observations,09,03,GASPAR HERNÁNDEZ,010903,874cf20ddffffff
https://www.inaturalist.org/observations/111857214,3759412428,Passiflora edulis,Passiflora edulis f. flavicarpa O.Deg.,Passifloraceae,Passiflora,FORM,HUMAN_OBSERVATION,2022-04-17T18:32:28,2022,-70.13829,19.602463,5,50c9509d-22c7-4a22-a47d-8c48425ef4a7,iNaturalist,Observations,09,03,GASPAR HERNÁNDEZ,010903,874cf20ddffffff
https://www.inaturalist.org/observations/111975293,3759375540,Hemionitis palmata,Hemionitis palmata L.,Pteridaceae,Hemionitis,SPECIES,HUMAN_OBSERVATION,2022-04-18T15:22:41,2022,-70.136262,19.609212,6,50c9509d-22c7-4a22-a47d-8c48425ef4a7,iNaturalist,Observations,09,03,GASPAR HERNÁNDEZ,010903,874cf20ddffffff
https://www.inaturalist.org/observations/112053665,3759435487,Geophila repens,Geophila repens (L.) I.M.Johnst.,Rubiaceae,Geophila,SPECIES,HUMAN_OBSERVATION,2022-04-19T08:34:17,2022,-70.135941,19.608256,5,50c9509d-22c7-4a22-a47d-8c48425ef4a7,iNaturalist,Observations,09,03,GASPAR HERNÁNDEZ,010903,874cf20ddffffff
https://www.inaturalist.org/observations/112163661,3760205701,Mecardonia procumbens,Mecardonia procumbens (Mill.) Small,Plantaginaceae,Mecardonia,SPECIES,HUMAN_OBSERVATION,2022-04-20T07:16:51,2022,-70.135942,19.606922,9,50c9509d-22c7-4a22-a47d-8c48425ef4a7,iNaturalist,Observations,09,03,GASPAR HERNÁNDEZ,010903,874cf20ddffffff
https://www.inaturalist.org/observations/112163690,4453676478,Vigna vexillata,Vigna vexillata (L.) A.Rich.,Fabaceae,Vigna,SPECIES,HUMAN_OBSERVATION,2022-04-20T07:20:48,2022,-70.135787,19.607255,4,50c9509d-22c7-4a22-a47d-8c48425ef4a7,iNaturalist,Observations,09,03,GASPAR HERNÁNDEZ,010903,874cf20ddffffff
https://www.inaturalist.org/observations/112163779,4453698505,Megathyrsus maximus,Megathyrsus maximus (Jacq.) B.K.Simon & S.W.L.Jacobs,Poaceae,Megathyrsus,SPECIES,HUMAN_OBSERVATION,2022-04-20T08:03:16,2022,-70.136303,19.607263,6,50c9509d-22c7-4a22-a47d-8c48425ef4a7,iNaturalist,Observations,09,03,GASPAR HERNÁNDEZ,010903,874cf20ddffffff
https://www.inaturalist.org/observations/112208875,3902631167,Psychotria grandis,Psychotria grandis Sw.,Rubiaceae,Psychotria,SPECIES,HUMAN_OBSERVATION,2022-04-20T18:29:54,2022,-70.137964,19.60093,6,50c9509d-22c7-4a22-a47d-8c48425ef4a7,iNaturalist,Observations,09,03,GASPAR HERNÁNDEZ,010903,874cf20ddffffff
https://www.inaturalist.org/observations/112209178,4145447395,Dieffenbachia seguine,Dieffenbachia seguine (Jacq.) Schott,Araceae,Dieffenbachia,SPECIES,HUMAN_OBSERVATION,2022-04-20T18:43:46,2022,-70.139778,19.601266,6,50c9509d-22c7-4a22-a47d-8c48425ef4a7,iNaturalist,Observations,09,03,GASPAR HERNÁNDEZ,010903,874cf20ddffffff
https://www.inaturalist.org/observations/112209203,3902082104,Geophila repens,Geophila repens (L.) I.M.Johnst.,Rubiaceae,Geophila,SPECIES,HUMAN_OBSERVATION,2022-04-20T18:44:36,2022,-70.140003,19.60115,7,50c9509d-22c7-4a22-a47d-8c48425ef4a7,iNaturalist,Observations,09,03,GASPAR HERNÁNDEZ,010903,874cf20ddffffff
https://www.inaturalist.org/observations/112209234,5760085227,Philodendron consanguineum,Philodendron consanguineum Schott,Araceae,Philodendron,SPECIES,HUMAN_OBSERVATION,2022-04-20T18:53:38,2022,-70.140251,19.601538,9,50c9509d-22c7-4a22-a47d-8c48425ef4a7,iNaturalist,Observations,09,03,GASPAR HERNÁNDEZ,010903,874cf20ddffffff
https://www.inaturalist.org/observations/112209261,3985616558,Psychotria nervosa,Psychotria nervosa Sw.,Rubiaceae,Psychotria,SPECIES,HUMAN_OBSERVATION,2022-04-20T18:59:20,2022,-70.138876,19.600966,7,50c9509d-22c7-4a22-a47d-8c48425ef4a7,iNaturalist,Observations,09,03,GASPAR HERNÁNDEZ,010903,874cf20ddffffff
https://www.inaturalist.org/observations/112317844,3902033125,Psychotria grandis,Psychotria grandis Sw.,Rubiaceae,Psychotria,SPECIES,HUMAN_OBSERVATION,2022-04-21T16:12:35,2022,-70.13727,19.605692,5,50c9509d-22c7-4a22-a47d-8c48425ef4a7,iNaturalist,Observations,09,03,GASPAR HERNÁNDEZ,010903,874cf20ddffffff
https://www.inaturalist.org/observations/112318924,4018112502,Piper peltatum,Piper peltatum L.,Piperaceae,Piper,SPECIES,HUMAN_OBSERVATION,2022-04-21T16:23:33,2022,-70.138582,19.60492,6,50c9509d-22c7-4a22-a47d-8c48425ef4a7,iNaturalist,Observations,09,03,GASPAR HERNÁNDEZ,010903,874cf20ddffffff
https://www.inaturalist.org/observations/112319026,3760179820,Passiflora intricata,Passiflora intricata J.M.MacDougal & J.Ochoa,Passifloraceae,Passiflora,SPECIES,HUMAN_OBSERVATION,2022-04-21T16:25:24,2022,-70.13863,19.604897,4,50c9509d-22c7-4a22-a47d-8c48425ef4a7,iNaturalist,Observations,09,03,GASPAR HERNÁNDEZ,010903,874cf20ddffffff
https://www.inaturalist.org/observations/112319067,4453938498,Hirtella triandra,Hirtella triandra Sw.,Chrysobalanaceae,Hirtella,SPECIES,HUMAN_OBSERVATION,2022-04-21T16:27:50,2022,-70.138597,19.604928,5,50c9509d-22c7-4a22-a47d-8c48425ef4a7,iNaturalist,Observations,09,03,GASPAR HERNÁNDEZ,010903,874cf20ddffffff
https://www.inaturalist.org/observations/112319235,4121359413,Geophila repens,Geophila repens (L.) I.M.Johnst.,Rubiaceae,Geophila,SPECIES,HUMAN_OBSERVATION,2022-04-21T16:32:05,2022,-70.13881,19.605132,5,50c9509d-22c7-4a22-a47d-8c48425ef4a7,iNaturalist,Observations,09,03,GASPAR HERNÁNDEZ,010903,874cf20ddffffff
https://www.inaturalist.org/observations/112319264,5830979721,Pharus latifolius,Pharus latifolius L.,Poaceae,Pharus,SPECIES,HUMAN_OBSERVATION,2022-04-21T16:32:49,2022,-70.195431,19.624935,2591,50c9509d-22c7-4a22-a47d-8c48425ef4a7,iNaturalist,Observations,09,03,GASPAR HERNÁNDEZ,010903,874cf20d3ffffff
https://www.inaturalist.org/observations/112319440,4080585398,Cecropia schreberiana,Cecropia schreberiana Miq.,Urticaceae,Cecropia,SPECIES,HUMAN_OBSERVATION,2022-04-21T16:37:54,2022,-70.139172,19.60602,4,50c9509d-22c7-4a22-a47d-8c48425ef4a7,iNaturalist,Observations,09,03,GASPAR HERNÁNDEZ,010903,874cf20ddffffff
https://www.inaturalist.org/observations/112319469,3764219470,Tabernaemontana citrifolia,Tabernaemontana citrifolia L.,Apocynaceae,Tabernaemontana,SPECIES,HUMAN_OBSERVATION,2022-04-21T16:43:04,2022,-70.13756,19.605602,8,50c9509d-22c7-4a22-a47d-8c48425ef4a7,iNaturalist,Observations,09,03,GASPAR HERNÁNDEZ,010903,874cf20ddffffff
https://www.inaturalist.org/observations/112319499,3988770434,Hamelia patens,Hamelia patens Jacq.,Rubiaceae,Hamelia,SPECIES,HUMAN_OBSERVATION,2022-04-21T16:45:56,2022,-70.137027,19.605912,5,50c9509d-22c7-4a22-a47d-8c48425ef4a7,iNaturalist,Observations,09,03,GASPAR HERNÁNDEZ,010903,874cf20ddffffff
https://www.inaturalist.org/observations/112319508,4453695497,Cissampelos pareira,Cissampelos pareira L.,Menispermaceae,Cissampelos,SPECIES,HUMAN_OBSERVATION,2022-04-21T16:46:06,2022,-70.13703,19.605943,5,50c9509d-22c7-4a22-a47d-8c48425ef4a7,iNaturalist,Observations,09,03,GASPAR HERNÁNDEZ,010903,874cf20ddffffff
https://www.inaturalist.org/observations/112444574,3764177549,Passiflora intricata,Passiflora intricata J.M.MacDougal & J.Ochoa,Passifloraceae,Passiflora,SPECIES,HUMAN_OBSERVATION,2022-04-22T13:32:25,2022,-70.13823,19.605043,7,50c9509d-22c7-4a22-a47d-8c48425ef4a7,iNaturalist,Observations,09,03,GASPAR HERNÁNDEZ,010903,874cf20ddffffff
https://www.inaturalist.org/observations/112891361,3902034116,Geophila repens,Geophila repens (L.) I.M.Johnst.,Rubiaceae,Geophila,SPECIES,HUMAN_OBSERVATION,2022-04-25T15:16:25,2022,-70.13625,19.606892,7,50c9509d-22c7-4a22-a47d-8c48425ef4a7,iNaturalist,Observations,09,03,GASPAR HERNÁNDEZ,010903,874cf20ddffffff
https://www.inaturalist.org/observations/112891424,3902088848,Psychotria grandis,Psychotria grandis Sw.,Rubiaceae,Psychotria,SPECIES,HUMAN_OBSERVATION,2022-04-25T16:00:56,2022,-70.136548,19.60628,6,50c9509d-22c7-4a22-a47d-8c48425ef4a7,iNaturalist,Observations,09,03,GASPAR HERNÁNDEZ,010903,874cf20ddffffff
https://www.inaturalist.org/observations/112891475,4507828584,Coccoloba pubescens,Coccoloba pubescens L.,Polygonaceae,Coccoloba,SPECIES,HUMAN_OBSERVATION,2022-04-25T16:02:46,2022,-70.136752,19.606132,9,50c9509d-22c7-4a22-a47d-8c48425ef4a7,iNaturalist,Observations,09,03,GASPAR HERNÁNDEZ,010903,874cf20ddffffff
https://www.inaturalist.org/observations/112892210,4126735076,Roystonea borinquena,Roystonea borinquena O.F.Cook,Arecaceae,Roystonea,SPECIES,HUMAN_OBSERVATION,2022-04-25T16:02:46,2022,-70.136752,19.606132,9,50c9509d-22c7-4a22-a47d-8c48425ef4a7,iNaturalist,Observations,09,03,GASPAR HERNÁNDEZ,010903,874cf20ddffffff
https://www.inaturalist.org/observations/112980184,3859919966,Euphorbia thymifolia,Euphorbia thymifolia L.,Euphorbiaceae,Euphorbia,SPECIES,HUMAN_OBSERVATION,2022-04-26T09:04:10,2022,-70.136235,19.60608,4,50c9509d-22c7-4a22-a47d-8c48425ef4a7,iNaturalist,Observations,09,03,GASPAR HERNÁNDEZ,010903,874cf20ddffffff
https://www.inaturalist.org/observations/112980210,3859811986,Euphorbia heterophylla,Euphorbia heterophylla L.,Euphorbiaceae,Euphorbia,SPECIES,HUMAN_OBSERVATION,2022-04-26T09:04:19,2022,-70.136228,19.606095,3,50c9509d-22c7-4a22-a47d-8c48425ef4a7,iNaturalist,Observations,09,03,GASPAR HERNÁNDEZ,010903,874cf20ddffffff
https://www.inaturalist.org/observations/112980241,4510268612,Euphorbia hypericifolia,Euphorbia hypericifolia L.,Euphorbiaceae,Euphorbia,SPECIES,HUMAN_OBSERVATION,2022-04-26T09:05:05,2022,-70.13627,19.606098,4,50c9509d-22c7-4a22-a47d-8c48425ef4a7,iNaturalist,Observations,09,03,GASPAR HERNÁNDEZ,010903,874cf20ddffffff
https://www.inaturalist.org/observations/112980266,3802538435,Euphorbia ophthalmica,Euphorbia ophthalmica Pers.,Euphorbiaceae,Euphorbia,SPECIES,HUMAN_OBSERVATION,2022-04-26T09:18:56,2022,-70.13646,19.606368,8,50c9509d-22c7-4a22-a47d-8c48425ef4a7,iNaturalist,Observations,09,03,GASPAR HERNÁNDEZ,010903,874cf20ddffffff
https://www.inaturalist.org/observations/112980316,3764368057,Domingoa haematochila,Domingoa haematochila (Rchb.f.) Carabia,Orchidaceae,Domingoa,SPECIES,HUMAN_OBSERVATION,2022-04-26T10:34:20,2022,-70.135323,19.607992,5,50c9509d-22c7-4a22-a47d-8c48425ef4a7,iNaturalist,Observations,09,03,GASPAR HERNÁNDEZ,010903,874cf20ddffffff
https://www.inaturalist.org/observations/113030637,4034699389,Cupania americana,Cupania americana L.,Sapindaceae,Cupania,SPECIES,HUMAN_OBSERVATION,2022-04-26T13:09:33,2022,-70.136535,19.60672,6,50c9509d-22c7-4a22-a47d-8c48425ef4a7,iNaturalist,Observations,09,03,GASPAR HERNÁNDEZ,010903,874cf20ddffffff
https://www.inaturalist.org/observations/113141956,3902607609,Peperomia pellucida,Peperomia pellucida (L.) Kunth,Piperaceae,Peperomia,SPECIES,HUMAN_OBSERVATION,2022-04-27T14:40:10,2022,-70.136125,19.613027,5,50c9509d-22c7-4a22-a47d-8c48425ef4a7,iNaturalist,Observations,09,03,GASPAR HERNÁNDEZ,010903,874cf20c3ffffff
https://www.inaturalist.org/observations/113290751,4018130496,Eclipta prostrata,Eclipta prostrata (L.) L.,Asteraceae,Eclipta,SPECIES,HUMAN_OBSERVATION,2022-04-28T15:54:22,2022,-70.199287,19.626682,2730,50c9509d-22c7-4a22-a47d-8c48425ef4a7,iNaturalist,Observations,09,03,GASPAR HERNÁNDEZ,010903,874cf20d2ffffff
https://www.inaturalist.org/observations/116194450,4034613448,Anthurium gracile,Anthurium gracile (Rudge) Lindl.,Araceae,Anthurium,SPECIES,HUMAN_OBSERVATION,2022-05-08T18:08:24,2022,-70.117507,19.618351,8,50c9509d-22c7-4a22-a47d-8c48425ef4a7,iNaturalist,Observations,09,03,GASPAR HERNÁNDEZ,010903,874cf20c1ffffff
https://www.inaturalist.org/observations/116194563,4596797775,Hylocereus triangularis,Selenicereus triangularis (L.) D.R.Hunt,Cactaceae,Hylocereus,SPECIES,HUMAN_OBSERVATION,2022-05-08T18:10:53,2022,-70.117437,19.61846,8,50c9509d-22c7-4a22-a47d-8c48425ef4a7,iNaturalist,Observations,09,03,GASPAR HERNÁNDEZ,010903,874cf20c1ffffff
https://www.inaturalist.org/observations/116194827,3985614556,Psychotria nervosa,Psychotria nervosa Sw.,Rubiaceae,Psychotria,SPECIES,HUMAN_OBSERVATION,2022-05-08T18:23:38,2022,-70.117572,19.618474,9,50c9509d-22c7-4a22-a47d-8c48425ef4a7,iNaturalist,Observations,09,03,GASPAR HERNÁNDEZ,010903,874cf20c1ffffff
https://www.inaturalist.org/observations/116195131,3966383412,Asparagus setaceus,Asparagus setaceus (Kunth) Jessop,Asparagaceae,Asparagus,SPECIES,HUMAN_OBSERVATION,2022-05-08T18:31:49,2022,-70.117417,19.618429,8,50c9509d-22c7-4a22-a47d-8c48425ef4a7,iNaturalist,Observations,09,03,GASPAR HERNÁNDEZ,010903,874cf20c1ffffff
https://www.inaturalist.org/observations/116195261,4028778645,Anemia adiantifolia,Anemia adiantifolia (L.) Sw.,Anemiaceae,Anemia,SPECIES,HUMAN_OBSERVATION,2022-05-08T18:36:38,2022,-70.117088999999993,19.617928,4,50c9509d-22c7-4a22-a47d-8c48425ef4a7,iNaturalist,Observations,09,03,GASPAR HERNÁNDEZ,010903,874cf20c1ffffff
https://www.inaturalist.org/observations/116195640,3772758805,Asclepias nivea,Asclepias nivea L.,Apocynaceae,Asclepias,SPECIES,HUMAN_OBSERVATION,2022-05-08T18:37:06,2022,-70.117094,19.617936,7,50c9509d-22c7-4a22-a47d-8c48425ef4a7,iNaturalist,Observations,09,03,GASPAR HERNÁNDEZ,010903,874cf20c1ffffff
https://www.inaturalist.org/observations/116195746,3923421496,Bursera simaruba,Bursera simaruba (L.) Sarg.,Burseraceae,Bursera,SPECIES,HUMAN_OBSERVATION,2022-05-08T18:39:33,2022,-70.117144,19.617934,7,50c9509d-22c7-4a22-a47d-8c48425ef4a7,iNaturalist,Observations,09,03,GASPAR HERNÁNDEZ,010903,874cf20c1ffffff
https://www.inaturalist.org/observations/116196604,4987646993,Gesneria pedicellaris,Gesneria pedicellaris Alain,Gesneriaceae,Gesneria,SPECIES,HUMAN_OBSERVATION,2022-05-08T19:02:35,2022,-70.116877,19.617221,9,50c9509d-22c7-4a22-a47d-8c48425ef4a7,iNaturalist,Observations,09,03,GASPAR HERNÁNDEZ,010903,874cf20c1ffffff
https://www.inaturalist.org/observations/116197403,3773816786,Hamelia patens,Hamelia patens Jacq.,Rubiaceae,Hamelia,SPECIES,HUMAN_OBSERVATION,2022-05-08T17:48:20,2022,-70.117508,19.61852,6,50c9509d-22c7-4a22-a47d-8c48425ef4a7,iNaturalist,Observations,09,03,GASPAR HERNÁNDEZ,010903,874cf20c1ffffff
https://www.inaturalist.org/observations/116197755,3881588393,Pilea microphylla,Pilea microphylla (L.) Liebm.,Urticaceae,Pilea,SPECIES,HUMAN_OBSERVATION,2022-05-08T17:51:04,2022,-70.116995,19.61841,6,50c9509d-22c7-4a22-a47d-8c48425ef4a7,iNaturalist,Observations,09,03,GASPAR HERNÁNDEZ,010903,874cf20c1ffffff
https://www.inaturalist.org/observations/116197790,3773490758,Passiflora intricata,Passiflora intricata J.M.MacDougal & J.Ochoa,Passifloraceae,Passiflora,SPECIES,HUMAN_OBSERVATION,2022-05-08T17:58:33,2022,-70.117545,19.618707,7,50c9509d-22c7-4a22-a47d-8c48425ef4a7,iNaturalist,Observations,09,03,GASPAR HERNÁNDEZ,010903,874cf20c1ffffff
https://www.inaturalist.org/observations/116200801,4597244730,Hylocereus triangularis,Selenicereus triangularis (L.) D.R.Hunt,Cactaceae,Hylocereus,SPECIES,HUMAN_OBSERVATION,2022-05-08T17:58:33,2022,-70.117545,19.618707,7,50c9509d-22c7-4a22-a47d-8c48425ef4a7,iNaturalist,Observations,09,03,GASPAR HERNÁNDEZ,010903,874cf20c1ffffff
https://www.inaturalist.org/observations/116436150,3773776452,Theobroma cacao,Theobroma cacao L.,Malvaceae,Theobroma,SPECIES,HUMAN_OBSERVATION,2022-05-10T08:36:12,2022,-70.124928,19.617047,2599,50c9509d-22c7-4a22-a47d-8c48425ef4a7,iNaturalist,Observations,09,03,GASPAR HERNÁNDEZ,010903,874cf20c3ffffff
https://www.inaturalist.org/observations/116436715,3773316026,Piper peltatum,Piper peltatum L.,Piperaceae,Piper,SPECIES,HUMAN_OBSERVATION,2022-05-10T08:45:35,2022,-70.134372,19.60781,7,50c9509d-22c7-4a22-a47d-8c48425ef4a7,iNaturalist,Observations,09,03,GASPAR HERNÁNDEZ,010903,874cf20ddffffff
https://www.inaturalist.org/observations/116891436,3784914684,Hymenaea courbaril,Hymenaea courbaril L.,Fabaceae,Hymenaea,SPECIES,HUMAN_OBSERVATION,2022-05-13T07:40:20,2022,-70.135865,19.609175,4,50c9509d-22c7-4a22-a47d-8c48425ef4a7,iNaturalist,Observations,09,03,GASPAR HERNÁNDEZ,010903,874cf20ddffffff
https://www.inaturalist.org/observations/116891514,4597235760,Hymenaea courbaril,Hymenaea courbaril L.,Fabaceae,Hymenaea,SPECIES,HUMAN_OBSERVATION,2022-05-13T07:43:36,2022,-70.135957,19.609255,5,50c9509d-22c7-4a22-a47d-8c48425ef4a7,iNaturalist,Observations,09,03,GASPAR HERNÁNDEZ,010903,874cf20ddffffff
https://www.inaturalist.org/observations/117512697,3858264105,Passiflora intricata,Passiflora intricata J.M.MacDougal & J.Ochoa,Passifloraceae,Passiflora,SPECIES,HUMAN_OBSERVATION,2022-05-17T15:09:47,2022,-70.135414,19.607995,5,50c9509d-22c7-4a22-a47d-8c48425ef4a7,iNaturalist,Observations,09,03,GASPAR HERNÁNDEZ,010903,874cf20ddffffff
https://www.inaturalist.org/observations/117512703,3986220573,Domingoa haematochila,Domingoa haematochila (Rchb.f.) Carabia,Orchidaceae,Domingoa,SPECIES,HUMAN_OBSERVATION,2022-05-17T15:14:43,2022,-70.135435,19.60797,4,50c9509d-22c7-4a22-a47d-8c48425ef4a7,iNaturalist,Observations,09,03,GASPAR HERNÁNDEZ,010903,874cf20ddffffff
https://www.inaturalist.org/observations/117512710,3784776934,Passiflora suberosa,Passiflora suberosa subsp. suberosa,Passifloraceae,Passiflora,SUBSPECIES,HUMAN_OBSERVATION,2022-05-17T15:17:42,2022,-70.135432,19.608061,8,50c9509d-22c7-4a22-a47d-8c48425ef4a7,iNaturalist,Observations,09,03,GASPAR HERNÁNDEZ,010903,874cf20ddffffff
https://www.inaturalist.org/observations/117842862,3802513594,Crotalaria verrucosa,Crotalaria verrucosa L.,Fabaceae,Crotalaria,SPECIES,HUMAN_OBSERVATION,2022-05-19T14:54:01,2022,-70.130631,19.622638,6,50c9509d-22c7-4a22-a47d-8c48425ef4a7,iNaturalist,Observations,09,03,GASPAR HERNÁNDEZ,010903,874cf20c3ffffff
https://www.inaturalist.org/observations/118842904,3802798054,Samanea saman,Samanea saman (Jacq.) Merr.,Fabaceae,Samanea,SPECIES,HUMAN_OBSERVATION,2022-05-26T13:18:19,2022,-70.135088,19.602602,9,50c9509d-22c7-4a22-a47d-8c48425ef4a7,iNaturalist,Observations,09,03,GASPAR HERNÁNDEZ,010903,874cf20ddffffff
https://www.inaturalist.org/observations/118842912,3802792992,Roystonea borinquena,Roystonea borinquena O.F.Cook,Arecaceae,Roystonea,SPECIES,HUMAN_OBSERVATION,2022-05-26T13:19:02,2022,-70.13507,19.602513,7,50c9509d-22c7-4a22-a47d-8c48425ef4a7,iNaturalist,Observations,09,03,GASPAR HERNÁNDEZ,010903,874cf20ddffffff
https://www.inaturalist.org/observations/118842957,3802423264,Cupania americana,Cupania americana L.,Sapindaceae,Cupania,SPECIES,HUMAN_OBSERVATION,2022-05-26T17:24:06,2022,-70.149571,19.60374,4,50c9509d-22c7-4a22-a47d-8c48425ef4a7,iNaturalist,Observations,09,03,GASPAR HERNÁNDEZ,010903,874cf20d8ffffff
https://www.inaturalist.org/observations/118843048,3802802037,Roystonea borinquena,Roystonea borinquena O.F.Cook,Arecaceae,Roystonea,SPECIES,HUMAN_OBSERVATION,2022-05-26T17:28:18,2022,-70.149501,19.604021,9,50c9509d-22c7-4a22-a47d-8c48425ef4a7,iNaturalist,Observations,09,03,GASPAR HERNÁNDEZ,010903,874cf20d8ffffff
https://www.inaturalist.org/observations/120423064,3858458580,Sapindus saponaria,Sapindus saponaria L.,Sapindaceae,Sapindus,SPECIES,HUMAN_OBSERVATION,2022-06-05T17:48:22,2022,-70.176184,19.612784,7,50c9509d-22c7-4a22-a47d-8c48425ef4a7,iNaturalist,Observations,09,03,GASPAR HERNÁNDEZ,010903,874cf20deffffff
https://www.inaturalist.org/observations/120897450,4034777463,Anthurium gracile,Anthurium gracile (Rudge) Lindl.,Araceae,Anthurium,SPECIES,HUMAN_OBSERVATION,2022-06-08T07:34:12,2022,-70.1277,19.603797,9,50c9509d-22c7-4a22-a47d-8c48425ef4a7,iNaturalist,Observations,09,03,GASPAR HERNÁNDEZ,010903,874cf20ddffffff
https://www.inaturalist.org/observations/121507083,5104310674,Psychotria grandis,Psychotria grandis Sw.,Rubiaceae,Psychotria,SPECIES,HUMAN_OBSERVATION,2022-06-12T18:00:36,2022,-70.105133,19.61353,3184,50c9509d-22c7-4a22-a47d-8c48425ef4a7,iNaturalist,Observations,09,03,GASPAR HERNÁNDEZ,010903,874cf20ccffffff
https://www.inaturalist.org/observations/121507300,4126692733,Paullinia pinnata,Paullinia pinnata L.,Sapindaceae,Paullinia,SPECIES,HUMAN_OBSERVATION,2022-06-12T18:01:36,2022,-70.134993,19.600498,9,50c9509d-22c7-4a22-a47d-8c48425ef4a7,iNaturalist,Observations,09,03,GASPAR HERNÁNDEZ,010903,874cf20ddffffff
https://www.inaturalist.org/observations/121507489,3858751571,Tillandsia balbisiana,Tillandsia balbisiana Schult. & Schult.f.,Bromeliaceae,Tillandsia,SPECIES,HUMAN_OBSERVATION,2022-06-12T18:08:04,2022,-70.134892,19.599785,6,50c9509d-22c7-4a22-a47d-8c48425ef4a7,iNaturalist,Observations,09,03,GASPAR HERNÁNDEZ,010903,874cf20ddffffff
https://www.inaturalist.org/observations/121507628,4162134408,Coccoloba pubescens,Coccoloba pubescens L.,Polygonaceae,Coccoloba,SPECIES,HUMAN_OBSERVATION,2022-06-12T18:08:45,2022,-70.105133,19.61353,3184,50c9509d-22c7-4a22-a47d-8c48425ef4a7,iNaturalist,Observations,09,03,GASPAR HERNÁNDEZ,010903,874cf20ccffffff
https://www.inaturalist.org/observations/121507942,4137641566,Pityrogramma calomelanos,Pityrogramma calomelanos (L.) Link,Pteridaceae,Pityrogramma,SPECIES,HUMAN_OBSERVATION,2022-06-12T18:20:11,2022,-70.135123,19.597398,9,50c9509d-22c7-4a22-a47d-8c48425ef4a7,iNaturalist,Observations,09,03,GASPAR HERNÁNDEZ,010903,874cf20ddffffff
https://www.inaturalist.org/observations/121508294,3859828468,Pentalinon luteum,Pentalinon luteum (L.) B.F.Hansen & Wunderlin,Apocynaceae,Pentalinon,SPECIES,HUMAN_OBSERVATION,2022-06-12T18:32:25,2022,-70.134283,19.59761,8,50c9509d-22c7-4a22-a47d-8c48425ef4a7,iNaturalist,Observations,09,03,GASPAR HERNÁNDEZ,010903,874cf20ddffffff
https://www.inaturalist.org/observations/123151815,4054799442,Musa acuminata,Musa acuminata Colla,Musaceae,Musa,SPECIES,HUMAN_OBSERVATION,2022-06-23T19:10:14,2022,-70.135674,19.613307,54,50c9509d-22c7-4a22-a47d-8c48425ef4a7,iNaturalist,Observations,09,03,GASPAR HERNÁNDEZ,010903,874cf20c3ffffff
https://www.inaturalist.org/observations/123617491,3902192753,Psychotria grandis,Psychotria grandis Sw.,Rubiaceae,Psychotria,SPECIES,HUMAN_OBSERVATION,2022-06-26T15:51:46,2022,-70.135518,19.600152,5,50c9509d-22c7-4a22-a47d-8c48425ef4a7,iNaturalist,Observations,09,03,GASPAR HERNÁNDEZ,010903,874cf20ddffffff
https://www.inaturalist.org/observations/123617622,3881501425,Typha domingensis,Typha domingensis Pers.,Typhaceae,Typha,SPECIES,HUMAN_OBSERVATION,2022-06-26T15:57:22,2022,-70.133993,19.599602,5,50c9509d-22c7-4a22-a47d-8c48425ef4a7,iNaturalist,Observations,09,03,GASPAR HERNÁNDEZ,010903,874cf20ddffffff
https://www.inaturalist.org/observations/123617697,3881778458,Cyperus ligularis,Cyperus ligularis L.,Cyperaceae,Cyperus,SPECIES,HUMAN_OBSERVATION,2022-06-26T15:58:19,2022,-70.133987,19.599573,5,50c9509d-22c7-4a22-a47d-8c48425ef4a7,iNaturalist,Observations,09,03,GASPAR HERNÁNDEZ,010903,874cf20ddffffff
https://www.inaturalist.org/observations/123617716,3881743458,Cyperus odoratus,Cyperus odoratus L.,Cyperaceae,Cyperus,SPECIES,HUMAN_OBSERVATION,2022-06-26T15:58:43,2022,-70.133998,19.599642,4,50c9509d-22c7-4a22-a47d-8c48425ef4a7,iNaturalist,Observations,09,03,GASPAR HERNÁNDEZ,010903,874cf20ddffffff
https://www.inaturalist.org/observations/123618141,3881514438,Genipa americana,Genipa americana L.,Rubiaceae,Genipa,SPECIES,HUMAN_OBSERVATION,2022-06-26T16:42:24,2022,-70.13655,19.595375,5,50c9509d-22c7-4a22-a47d-8c48425ef4a7,iNaturalist,Observations,09,03,GASPAR HERNÁNDEZ,010903,874cf20ddffffff
https://www.inaturalist.org/observations/123618178,3881706461,Calophyllum antillanum,Calophyllum brasiliense var. antillanum (Britton) Standl.,Calophyllaceae,Calophyllum,VARIETY,HUMAN_OBSERVATION,2022-06-26T16:49:58,2022,-70.137735,19.594042,5,50c9509d-22c7-4a22-a47d-8c48425ef4a7,iNaturalist,Observations,09,03,GASPAR HERNÁNDEZ,010903,874cf20ddffffff
https://www.inaturalist.org/observations/123618208,3881697442,Dieffenbachia seguine,Dieffenbachia seguine (Jacq.) Schott,Araceae,Dieffenbachia,SPECIES,HUMAN_OBSERVATION,2022-06-26T16:51:03,2022,-70.137782,19.594085,4,50c9509d-22c7-4a22-a47d-8c48425ef4a7,iNaturalist,Observations,09,03,GASPAR HERNÁNDEZ,010903,874cf20ddffffff
https://www.inaturalist.org/observations/123618286,3858841327,Eulophia maculata,Eulophia maculata (Lindl.) Rchb.f.,Orchidaceae,Eulophia,SPECIES,HUMAN_OBSERVATION,2022-06-26T16:57:44,2022,-70.138562,19.594143,8,50c9509d-22c7-4a22-a47d-8c48425ef4a7,iNaturalist,Observations,09,03,GASPAR HERNÁNDEZ,010903,874cf20ddffffff
https://www.inaturalist.org/observations/123618366,3881574456,Coccoloba diversifolia,Coccoloba diversifolia Jacq.,Polygonaceae,Coccoloba,SPECIES,HUMAN_OBSERVATION,2022-06-26T16:58:41,2022,-70.138817,19.59392,6,50c9509d-22c7-4a22-a47d-8c48425ef4a7,iNaturalist,Observations,09,03,GASPAR HERNÁNDEZ,010903,874cf20ddffffff
https://www.inaturalist.org/observations/123618574,3881587433,Didymopanax morototoni,Didymopanax morototoni (Aubl.) Decne. & Planch.,Araliaceae,Didymopanax,SPECIES,HUMAN_OBSERVATION,2022-06-26T17:05:53,2022,-70.138142,19.594158,4,50c9509d-22c7-4a22-a47d-8c48425ef4a7,iNaturalist,Observations,09,03,GASPAR HERNÁNDEZ,010903,874cf20ddffffff
https://www.inaturalist.org/observations/123618676,3881374483,Heliotropium verdcourtii,Heliotropium verdcourtii Craven,Heliotropiaceae,Heliotropium,SPECIES,HUMAN_OBSERVATION,2022-06-26T17:10:33,2022,-70.137965,19.594563,5,50c9509d-22c7-4a22-a47d-8c48425ef4a7,iNaturalist,Observations,09,03,GASPAR HERNÁNDEZ,010903,874cf20ddffffff
https://www.inaturalist.org/observations/123618979,3881476459,Solanum torvum,Solanum torvum Sw.,Solanaceae,Solanum,SPECIES,HUMAN_OBSERVATION,2022-06-26T17:13:54,2022,-70.13801,19.594725,4,50c9509d-22c7-4a22-a47d-8c48425ef4a7,iNaturalist,Observations,09,03,GASPAR HERNÁNDEZ,010903,874cf20ddffffff
https://www.inaturalist.org/observations/123619079,3859672338,Securidaca virgata,Securidaca virgata Sw.,Polygalaceae,Securidaca,SPECIES,HUMAN_OBSERVATION,2022-06-26T17:23:33,2022,-70.141805,19.594322,4,50c9509d-22c7-4a22-a47d-8c48425ef4a7,iNaturalist,Observations,09,03,GASPAR HERNÁNDEZ,010903,874cf20d8ffffff
https://www.inaturalist.org/observations/123619419,4028704888,Odontosoria aculeata,Odontosoria aculeata (L.) J.Sm.,Lindsaeaceae,Odontosoria,SPECIES,HUMAN_OBSERVATION,2022-06-26T17:35:13,2022,-70.142002,19.592737,3,50c9509d-22c7-4a22-a47d-8c48425ef4a7,iNaturalist,Observations,09,03,GASPAR HERNÁNDEZ,010903,874cf20d8ffffff
https://www.inaturalist.org/observations/123619443,3859273294,Coccoloba pubescens,Coccoloba pubescens L.,Polygonaceae,Coccoloba,SPECIES,HUMAN_OBSERVATION,2022-06-26T17:35:45,2022,-70.141998,19.592732,3,50c9509d-22c7-4a22-a47d-8c48425ef4a7,iNaturalist,Observations,09,03,GASPAR HERNÁNDEZ,010903,874cf20d8ffffff
https://www.inaturalist.org/observations/123619772,3858787416,Chrysophyllum oliviforme,Chrysophyllum oliviforme L.,Sapotaceae,Chrysophyllum,SPECIES,HUMAN_OBSERVATION,2022-06-26T17:40:22,2022,-70.141717,19.592507,3,50c9509d-22c7-4a22-a47d-8c48425ef4a7,iNaturalist,Observations,09,03,GASPAR HERNÁNDEZ,010903,874cf20d8ffffff
https://www.inaturalist.org/observations/123620034,3860552287,Hippocratea volubilis,Hippocratea volubilis L.,Celastraceae,Hippocratea,SPECIES,HUMAN_OBSERVATION,2022-06-26T17:48:13,2022,-70.142055,19.592323,3,50c9509d-22c7-4a22-a47d-8c48425ef4a7,iNaturalist,Observations,09,03,GASPAR HERNÁNDEZ,010903,874cf20d8ffffff
https://www.inaturalist.org/observations/123620048,3860823187,Coccoloba pubescens,Coccoloba pubescens L.,Polygonaceae,Coccoloba,SPECIES,HUMAN_OBSERVATION,2022-06-26T17:50:03,2022,-70.141645,19.59253,4,50c9509d-22c7-4a22-a47d-8c48425ef4a7,iNaturalist,Observations,09,03,GASPAR HERNÁNDEZ,010903,874cf20d8ffffff
https://www.inaturalist.org/observations/123620069,3859093319,Ovieda spinosa,Ovieda spinosa L.,Lamiaceae,Ovieda,SPECIES,HUMAN_OBSERVATION,2022-06-26T17:50:20,2022,-70.141667,19.592552,3,50c9509d-22c7-4a22-a47d-8c48425ef4a7,iNaturalist,Observations,09,03,GASPAR HERNÁNDEZ,010903,874cf20d8ffffff
https://www.inaturalist.org/observations/123620103,3858787417,Delonix regia,Delonix regia (Bojer ex Hook.) Raf.,Fabaceae,Delonix,SPECIES,HUMAN_OBSERVATION,2022-06-26T17:51:15,2022,-70.141398,19.59267,3,50c9509d-22c7-4a22-a47d-8c48425ef4a7,iNaturalist,Observations,09,03,GASPAR HERNÁNDEZ,010903,874cf20d8ffffff
https://www.inaturalist.org/observations/123620267,4028690857,Odontosoria aculeata,Odontosoria aculeata (L.) J.Sm.,Lindsaeaceae,Odontosoria,SPECIES,HUMAN_OBSERVATION,2022-06-26T17:58:40,2022,-70.1405,19.593025,4,50c9509d-22c7-4a22-a47d-8c48425ef4a7,iNaturalist,Observations,09,03,GASPAR HERNÁNDEZ,010903,874cf20d9ffffff
https://www.inaturalist.org/observations/123620345,3859890261,Solanum jamaicense,Solanum jamaicense Mill.,Solanaceae,Solanum,SPECIES,HUMAN_OBSERVATION,2022-06-26T17:59:36,2022,-70.1404,19.593042,4,50c9509d-22c7-4a22-a47d-8c48425ef4a7,iNaturalist,Observations,09,03,GASPAR HERNÁNDEZ,010903,874cf20d9ffffff
https://www.inaturalist.org/observations/123620438,5139944594,Poitea galegoides,Poitea galegoides Vent.,Fabaceae,Poitea,SPECIES,HUMAN_OBSERVATION,2022-06-26T18:00:36,2022,-70.140267,19.593072,3,50c9509d-22c7-4a22-a47d-8c48425ef4a7,iNaturalist,Observations,09,03,GASPAR HERNÁNDEZ,010903,874cf20d9ffffff
https://www.inaturalist.org/observations/123620696,3859789225,Hippocratea volubilis,Hippocratea volubilis L.,Celastraceae,Hippocratea,SPECIES,HUMAN_OBSERVATION,2022-06-26T18:14:52,2022,-70.140065,19.592708,3,50c9509d-22c7-4a22-a47d-8c48425ef4a7,iNaturalist,Observations,09,03,GASPAR HERNÁNDEZ,010903,874cf20d9ffffff
https://www.inaturalist.org/observations/123620811,3860815306,Tabernaemontana citrifolia,Tabernaemontana citrifolia L.,Apocynaceae,Tabernaemontana,SPECIES,HUMAN_OBSERVATION,2022-06-26T18:18:26,2022,-70.140232,19.592028,4,50c9509d-22c7-4a22-a47d-8c48425ef4a7,iNaturalist,Observations,09,03,GASPAR HERNÁNDEZ,010903,874cf20d9ffffff
https://www.inaturalist.org/observations/123620857,3858803267,Psidium guajava,Psidium guajava L.,Myrtaceae,Psidium,SPECIES,HUMAN_OBSERVATION,2022-06-26T18:31:53,2022,-70.136585,19.589848,2,50c9509d-22c7-4a22-a47d-8c48425ef4a7,iNaturalist,Observations,09,03,GASPAR HERNÁNDEZ,010903,874cf20d9ffffff
https://www.inaturalist.org/observations/123620884,3859967418,Amphilophium lactiflorum,Amphilophium lactiflorum (Vahl) L.G.Lohmann,Bignoniaceae,Amphilophium,SPECIES,HUMAN_OBSERVATION,2022-06-26T18:33:56,2022,-70.136845,19.590692,3,50c9509d-22c7-4a22-a47d-8c48425ef4a7,iNaturalist,Observations,09,03,GASPAR HERNÁNDEZ,010903,874cf20d9ffffff
https://www.inaturalist.org/observations/123711181,3860310352,Coccoloba uvifera,Coccoloba uvifera (L.) L.,Polygonaceae,Coccoloba,SPECIES,HUMAN_OBSERVATION,2022-06-27T12:52:56,2022,-70.136401,19.61544,135,50c9509d-22c7-4a22-a47d-8c48425ef4a7,iNaturalist,Observations,09,03,GASPAR HERNÁNDEZ,010903,874cf20c3ffffff
https://www.inaturalist.org/observations/124046827,3860627599,Thunbergia fragrans,Thunbergia fragrans Roxb.,Acanthaceae,Thunbergia,SPECIES,HUMAN_OBSERVATION,2022-06-29T13:33:14,2022,-70.134002,19.611305,8,50c9509d-22c7-4a22-a47d-8c48425ef4a7,iNaturalist,Observations,09,03,GASPAR HERNÁNDEZ,010903,874cf20c3ffffff
https://www.inaturalist.org/observations/124046846,3859312773,Samanea saman,Samanea saman (Jacq.) Merr.,Fabaceae,Samanea,SPECIES,HUMAN_OBSERVATION,2022-06-29T13:34:26,2022,-70.134003,19.611238,7,50c9509d-22c7-4a22-a47d-8c48425ef4a7,iNaturalist,Observations,09,03,GASPAR HERNÁNDEZ,010903,874cf20c3ffffff
https://www.inaturalist.org/observations/124048999,3860301661,Roystonea borinquena,Roystonea borinquena O.F.Cook,Arecaceae,Roystonea,SPECIES,HUMAN_OBSERVATION,2022-06-29T13:35:41,2022,-70.133987,19.611347,6,50c9509d-22c7-4a22-a47d-8c48425ef4a7,iNaturalist,Observations,09,03,GASPAR HERNÁNDEZ,010903,874cf20c3ffffff
https://www.inaturalist.org/observations/124049496,3859710689,Guazuma ulmifolia,Guazuma ulmifolia Lam.,Malvaceae,Guazuma,SPECIES,HUMAN_OBSERVATION,2022-06-29T13:39:03,2022,-70.133985,19.61124,6,50c9509d-22c7-4a22-a47d-8c48425ef4a7,iNaturalist,Observations,09,03,GASPAR HERNÁNDEZ,010903,874cf20c3ffffff
https://www.inaturalist.org/observations/124049649,3859093687,Asclepias nivea,Asclepias nivea L.,Apocynaceae,Asclepias,SPECIES,HUMAN_OBSERVATION,2022-06-29T13:45:03,2022,-70.133677,19.611107,9,50c9509d-22c7-4a22-a47d-8c48425ef4a7,iNaturalist,Observations,09,03,GASPAR HERNÁNDEZ,010903,874cf20c3ffffff
https://www.inaturalist.org/observations/124050120,3859189706,Geophila repens,Geophila repens (L.) I.M.Johnst.,Rubiaceae,Geophila,SPECIES,HUMAN_OBSERVATION,2022-06-29T14:33:12,2022,-70.133905,19.611128,5,50c9509d-22c7-4a22-a47d-8c48425ef4a7,iNaturalist,Observations,09,03,GASPAR HERNÁNDEZ,010903,874cf20c3ffffff
https://www.inaturalist.org/observations/125234448,3873727207,Bignonia aequinoctialis,Bignonia aequinoctialis L.,Bignoniaceae,Bignonia,SPECIES,HUMAN_OBSERVATION,2022-07-07T19:01:55,2022,-70.139028,19.610158,9,50c9509d-22c7-4a22-a47d-8c48425ef4a7,iNaturalist,Observations,09,03,GASPAR HERNÁNDEZ,010903,874cf20ddffffff
https://www.inaturalist.org/observations/125234505,4039340455,Trema micranthum,Trema micranthum (L.) Blume,Cannabaceae,Trema,SPECIES,HUMAN_OBSERVATION,2022-07-07T19:09:41,2022,-70.139675,19.60619,8,50c9509d-22c7-4a22-a47d-8c48425ef4a7,iNaturalist,Observations,09,03,GASPAR HERNÁNDEZ,010903,874cf20ddffffff
https://www.inaturalist.org/observations/126128698,3881432490,Bignonia aequinoctialis,Bignonia aequinoctialis L.,Bignoniaceae,Bignonia,SPECIES,HUMAN_OBSERVATION,2022-07-13T18:09:48,2022,-70.138632,19.610322,6,50c9509d-22c7-4a22-a47d-8c48425ef4a7,iNaturalist,Observations,09,03,GASPAR HERNÁNDEZ,010903,874cf20ddffffff
https://www.inaturalist.org/observations/126259606,3881824531,Bignonia aequinoctialis,Bignonia aequinoctialis L.,Bignoniaceae,Bignonia,SPECIES,HUMAN_OBSERVATION,2022-07-14T14:08:48,2022,-70.137778,19.608628,4,50c9509d-22c7-4a22-a47d-8c48425ef4a7,iNaturalist,Observations,09,03,GASPAR HERNÁNDEZ,010903,874cf20ddffffff
https://www.inaturalist.org/observations/126259691,3881683514,Miconia crenata,Miconia crenata (Vahl) Michelang.,Melastomataceae,Miconia,SPECIES,HUMAN_OBSERVATION,2022-07-14T14:13,2022,-70.137477,19.60877,8,50c9509d-22c7-4a22-a47d-8c48425ef4a7,iNaturalist,Observations,09,03,GASPAR HERNÁNDEZ,010903,874cf20ddffffff
https://www.inaturalist.org/observations/126356142,3881763513,Dolichandra unguis-cati,Dolichandra unguis-cati (L.) L.G.Lohmann,Bignoniaceae,Dolichandra,SPECIES,HUMAN_OBSERVATION,2022-07-15T11:41:01,2022,-70.137545,19.61194,8,50c9509d-22c7-4a22-a47d-8c48425ef4a7,iNaturalist,Observations,09,03,GASPAR HERNÁNDEZ,010903,874cf20c3ffffff
https://www.inaturalist.org/observations/126402044,3881804463,Cyperus ligularis,Cyperus ligularis L.,Cyperaceae,Cyperus,SPECIES,HUMAN_OBSERVATION,2022-07-15T16:41:35,2022,-70.129157,19.620117,4,50c9509d-22c7-4a22-a47d-8c48425ef4a7,iNaturalist,Observations,09,03,GASPAR HERNÁNDEZ,010903,874cf20c3ffffff
https://www.inaturalist.org/observations/126402089,3881431517,Laguncularia racemosa,Laguncularia racemosa (L.) C.F.Gaertn.,Combretaceae,Laguncularia,SPECIES,HUMAN_OBSERVATION,2022-07-15T16:46:14,2022,-70.129157,19.620117,10,50c9509d-22c7-4a22-a47d-8c48425ef4a7,iNaturalist,Observations,09,03,GASPAR HERNÁNDEZ,010903,874cf20c3ffffff
https://www.inaturalist.org/observations/126402518,3947773672,Thalassia testudinum,Thalassia testudinum Banks & Sol. ex K.D.Koenig,Hydrocharitaceae,Thalassia,SPECIES,HUMAN_OBSERVATION,2022-07-15T17:01:56,2022,-70.13033,19.62316,3,50c9509d-22c7-4a22-a47d-8c48425ef4a7,iNaturalist,Observations,09,03,GASPAR HERNÁNDEZ,010903,874cf20c3ffffff
https://www.inaturalist.org/observations/127111393,3915420627,Cyperus luzulae,Cyperus luzulae (L.) Retz.,Cyperaceae,Cyperus,SPECIES,HUMAN_OBSERVATION,2022-07-20T08:38:10,2022,-70.136183,19.609427,4,50c9509d-22c7-4a22-a47d-8c48425ef4a7,iNaturalist,Observations,09,03,GASPAR HERNÁNDEZ,010903,874cf20ddffffff
https://www.inaturalist.org/observations/127153684,3873088483,Aristolochia trilobata,Aristolochia trilobata L.,Aristolochiaceae,Aristolochia,SPECIES,HUMAN_OBSERVATION,2022-07-20T14:03:36,2022,-70.144242,19.609102,9,50c9509d-22c7-4a22-a47d-8c48425ef4a7,iNaturalist,Observations,09,03,GASPAR HERNÁNDEZ,010903,874cf20dcffffff
https://www.inaturalist.org/observations/127153831,3888957479,Epidendrum rigidum,Epidendrum rigidum Jacq.,Orchidaceae,Epidendrum,SPECIES,HUMAN_OBSERVATION,2022-07-20T14:29:04,2022,-70.143723,19.609232,3,50c9509d-22c7-4a22-a47d-8c48425ef4a7,iNaturalist,Observations,09,03,GASPAR HERNÁNDEZ,010903,874cf20dcffffff
https://www.inaturalist.org/observations/127153848,4076267701,Kalanchoe pinnata,Kalanchoe pinnata (Lam.) Pers.,Crassulaceae,Kalanchoe,SPECIES,HUMAN_OBSERVATION,2022-07-20T15:05:53,2022,-70.139765,19.609543,6,50c9509d-22c7-4a22-a47d-8c48425ef4a7,iNaturalist,Observations,09,03,GASPAR HERNÁNDEZ,010903,874cf20ddffffff
https://www.inaturalist.org/observations/127153872,4028855689,Lygodium venustum,Lygodium venustum Sw.,Lygodiaceae,Lygodium,SPECIES,HUMAN_OBSERVATION,2022-07-20T15:39:54,2022,-70.13982,19.607168,8,50c9509d-22c7-4a22-a47d-8c48425ef4a7,iNaturalist,Observations,09,03,GASPAR HERNÁNDEZ,010903,874cf20ddffffff
https://www.inaturalist.org/observations/127153987,4923706563,Gonzalagunia hirsuta,Gonzalagunia hirsuta (Jacq.) K.Schum.,Rubiaceae,Gonzalagunia,SPECIES,HUMAN_OBSERVATION,2022-07-20T16:25:08,2022,-70.140245,19.604117,7,50c9509d-22c7-4a22-a47d-8c48425ef4a7,iNaturalist,Observations,09,03,GASPAR HERNÁNDEZ,010903,874cf20ddffffff
https://www.inaturalist.org/observations/127345384,3873748789,Domingoa haematochila,Domingoa haematochila (Rchb.f.) Carabia,Orchidaceae,Domingoa,SPECIES,HUMAN_OBSERVATION,2022-07-22T07:14:04,2022,-70.135352,19.607982,5,50c9509d-22c7-4a22-a47d-8c48425ef4a7,iNaturalist,Observations,09,03,GASPAR HERNÁNDEZ,010903,874cf20ddffffff
https://www.inaturalist.org/observations/128065344,3881516579,Anthurium gracile,Anthurium gracile (Rudge) Lindl.,Araceae,Anthurium,SPECIES,HUMAN_OBSERVATION,2022-07-26T18:39:20,2022,-70.136972,19.606723,9,50c9509d-22c7-4a22-a47d-8c48425ef4a7,iNaturalist,Observations,09,03,GASPAR HERNÁNDEZ,010903,874cf20ddffffff
https://www.inaturalist.org/observations/12821188,1850904808,Spathoglottis plicata,Spathoglottis plicata Blume,Orchidaceae,Spathoglottis,SPECIES,HUMAN_OBSERVATION,2008-07-19T00:18,2008,-70.136976,19.612473,1208,50c9509d-22c7-4a22-a47d-8c48425ef4a7,iNaturalist,Observations,09,03,GASPAR HERNÁNDEZ,010903,874cf20c3ffffff
https://www.inaturalist.org/observations/128374949,4453713592,Cyperus alternifolius,Cyperus alternifolius L.,Cyperaceae,Cyperus,SPECIES,HUMAN_OBSERVATION,2022-07-28T18:46:30,2022,-70.138468,19.610713,4,50c9509d-22c7-4a22-a47d-8c48425ef4a7,iNaturalist,Observations,09,03,GASPAR HERNÁNDEZ,010903,874cf20ddffffff
https://www.inaturalist.org/observations/128511856,3881694213,Passiflora intricata,Passiflora intricata J.M.MacDougal & J.Ochoa,Passifloraceae,Passiflora,SPECIES,HUMAN_OBSERVATION,2022-07-29T13:57:19,2022,-70.138847,19.611015,9,50c9509d-22c7-4a22-a47d-8c48425ef4a7,iNaturalist,Observations,09,03,GASPAR HERNÁNDEZ,010903,874cf20dcffffff
https://www.inaturalist.org/observations/128512069,3888762562,Pisonia aculeata,Pisonia aculeata L.,Nyctaginaceae,Pisonia,SPECIES,HUMAN_OBSERVATION,2022-07-29T14:13:56,2022,-70.138468,19.611378,9,50c9509d-22c7-4a22-a47d-8c48425ef4a7,iNaturalist,Observations,09,03,GASPAR HERNÁNDEZ,010903,874cf20dcffffff
https://www.inaturalist.org/observations/128512463,3888714517,Lippia dulcis,Lippia dulcis Trevir.,Verbenaceae,Lippia,SPECIES,HUMAN_OBSERVATION,2022-07-29T16:04:44,2022,-70.13315,19.61138,6,50c9509d-22c7-4a22-a47d-8c48425ef4a7,iNaturalist,Observations,09,03,GASPAR HERNÁNDEZ,010903,874cf20c3ffffff
https://www.inaturalist.org/observations/129052233,3892536486,Trichilia hirta,Trichilia hirta L.,Meliaceae,Trichilia,SPECIES,HUMAN_OBSERVATION,2022-08-01T18:06:49,2022,-70.138918,19.609723,7,50c9509d-22c7-4a22-a47d-8c48425ef4a7,iNaturalist,Observations,09,03,GASPAR HERNÁNDEZ,010903,874cf20ddffffff
https://www.inaturalist.org/observations/129732037,4133825453,Musa paradisiaca,Musa × paradisiaca L.,Musaceae,Musa,SPECIES,HUMAN_OBSERVATION,2022-08-06T09:17:43,2022,-70.134748,19.606595,9,50c9509d-22c7-4a22-a47d-8c48425ef4a7,iNaturalist,Observations,09,03,GASPAR HERNÁNDEZ,010903,874cf20ddffffff
https://www.inaturalist.org/observations/130172015,4936449217,Tillandsia utriculata,Tillandsia utriculata L.,Bromeliaceae,Tillandsia,SPECIES,HUMAN_OBSERVATION,2022-08-09T17:18:53,2022,-70.136335,19.615538,9,50c9509d-22c7-4a22-a47d-8c48425ef4a7,iNaturalist,Observations,09,03,GASPAR HERNÁNDEZ,010903,874cf20c3ffffff
https://www.inaturalist.org/observations/130303166,3947189738,Palicourea pubescens,Palicourea pubescens (Sw.) Borhidi,Rubiaceae,Palicourea,SPECIES,HUMAN_OBSERVATION,2022-08-10T18:07:44,2022,-70.139878,19.60693,8,50c9509d-22c7-4a22-a47d-8c48425ef4a7,iNaturalist,Observations,09,03,GASPAR HERNÁNDEZ,010903,874cf20ddffffff
https://www.inaturalist.org/observations/132613895,3947319764,Tabebuia paniculata,Tabebuia paniculata Leonard,Bignoniaceae,Tabebuia,SPECIES,HUMAN_OBSERVATION,2022-08-27T08:18:06,2022,-70.133472,19.59746,10,50c9509d-22c7-4a22-a47d-8c48425ef4a7,iNaturalist,Observations,09,03,GASPAR HERNÁNDEZ,010903,874cf20ddffffff
https://www.inaturalist.org/observations/132614647,4121320485,Samanea saman,Samanea saman (Jacq.) Merr.,Fabaceae,Samanea,SPECIES,HUMAN_OBSERVATION,2022-08-27T08:21:32,2022,-70.13382,19.597301,10,50c9509d-22c7-4a22-a47d-8c48425ef4a7,iNaturalist,Observations,09,03,GASPAR HERNÁNDEZ,010903,874cf20ddffffff
https://www.inaturalist.org/observations/132614712,4507593690,Oxalis barrelieri,Oxalis barrelieri L.,Oxalidaceae,Oxalis,SPECIES,HUMAN_OBSERVATION,2022-08-27T08:21:32,2022,-70.13382,19.597301,10,50c9509d-22c7-4a22-a47d-8c48425ef4a7,iNaturalist,Observations,09,03,GASPAR HERNÁNDEZ,010903,874cf20ddffffff
https://www.inaturalist.org/observations/133992615,4453948575,Rottboellia cochinchinensis,Rottboellia cochinchinensis (Lour.) Clayton,Poaceae,Rottboellia,SPECIES,HUMAN_OBSERVATION,2022-09-06T16:20:06,2022,-70.137231,19.608978,16,50c9509d-22c7-4a22-a47d-8c48425ef4a7,iNaturalist,Observations,09,03,GASPAR HERNÁNDEZ,010903,874cf20ddffffff
https://www.inaturalist.org/observations/133993195,3915390729,Miconia crenata,Miconia crenata (Vahl) Michelang.,Melastomataceae,Miconia,SPECIES,HUMAN_OBSERVATION,2022-08-31T15:57:32,2022,-70.137434,19.608851,20,50c9509d-22c7-4a22-a47d-8c48425ef4a7,iNaturalist,Observations,09,03,GASPAR HERNÁNDEZ,010903,874cf20ddffffff
https://www.inaturalist.org/observations/133993336,4512049533,Stemodia verticillata,Stemodia verticillata (Mill.) Hassl.,Plantaginaceae,Stemodia,SPECIES,HUMAN_OBSERVATION,2022-09-01T10:05:22,2022,-70.135803,19.614056,14,50c9509d-22c7-4a22-a47d-8c48425ef4a7,iNaturalist,Observations,09,03,GASPAR HERNÁNDEZ,010903,874cf20c3ffffff
https://www.inaturalist.org/observations/133993516,3985629738,Hamelia patens,Hamelia patens Jacq.,Rubiaceae,Hamelia,SPECIES,HUMAN_OBSERVATION,2022-09-01T15:14:26,2022,-70.127433,19.605772,20,50c9509d-22c7-4a22-a47d-8c48425ef4a7,iNaturalist,Observations,09,03,GASPAR HERNÁNDEZ,010903,874cf20ddffffff
https://www.inaturalist.org/observations/134235901,4009829535,Palicourea domingensis,Palicourea domingensis (Jacq.) DC.,Rubiaceae,Palicourea,SPECIES,HUMAN_OBSERVATION,2022-09-08T14:40:45,2022,-70.136873,19.600267,9,50c9509d-22c7-4a22-a47d-8c48425ef4a7,iNaturalist,Observations,09,03,GASPAR HERNÁNDEZ,010903,874cf20ddffffff
https://www.inaturalist.org/observations/134359309,6236102398,Chiococca alba,Chiococca alba (L.) Hitchc.,Rubiaceae,Chiococca,SPECIES,HUMAN_OBSERVATION,2022-09-09T15:21:19,2022,-70.134975,19.599615,5,50c9509d-22c7-4a22-a47d-8c48425ef4a7,iNaturalist,Observations,09,03,GASPAR HERNÁNDEZ,010903,874cf20ddffffff
https://www.inaturalist.org/observations/134925701,3912135019,Microtea debilis,Microtea debilis Sw.,Microteaceae,Microtea,SPECIES,HUMAN_OBSERVATION,2022-09-13T14:33:50,2022,-70.137668,19.584898,7,50c9509d-22c7-4a22-a47d-8c48425ef4a7,iNaturalist,Observations,09,03,GASPAR HERNÁNDEZ,010903,874cf20d9ffffff
https://www.inaturalist.org/observations/135056761,3915335801,Chiococca alba,Chiococca alba (L.) Hitchc.,Rubiaceae,Chiococca,SPECIES,HUMAN_OBSERVATION,2022-09-14T13:53:15,2022,-70.13507,19.600517,9,50c9509d-22c7-4a22-a47d-8c48425ef4a7,iNaturalist,Observations,09,03,GASPAR HERNÁNDEZ,010903,874cf20ddffffff
https://www.inaturalist.org/observations/144982631,4015116707,Ceiba pentandra,Ceiba pentandra (L.) Gaertn.,Malvaceae,Ceiba,SPECIES,HUMAN_OBSERVATION,2022-12-23T11:09:04,2022,-70.179895,19.615533,9,50c9509d-22c7-4a22-a47d-8c48425ef4a7,iNaturalist,Observations,09,03,GASPAR HERNÁNDEZ,010903,874cf20d3ffffff
https://www.inaturalist.org/observations/154874733,4120858553,Cocos nucifera,Cocos nucifera L.,Arecaceae,Cocos,SPECIES,HUMAN_OBSERVATION,2017-06-02T13:28,2017,-70.179755,19.624388,127,50c9509d-22c7-4a22-a47d-8c48425ef4a7,iNaturalist,Observations,09,03,GASPAR HERNÁNDEZ,010903,874cf20d3ffffff
https://www.inaturalist.org/observations/154874743,4091567047,Terminalia catappa,Terminalia catappa L.,Combretaceae,Terminalia,SPECIES,HUMAN_OBSERVATION,2017-01-07T16:00,2017,-70.203176,19.631453,95,50c9509d-22c7-4a22-a47d-8c48425ef4a7,iNaturalist,Observations,09,03,GASPAR HERNÁNDEZ,010903,874cf20d2ffffff
https://www.inaturalist.org/observations/184432132,4424265880,Passiflora vesicaria,Passiflora vesicaria L.,Passifloraceae,Passiflora,SPECIES,HUMAN_OBSERVATION,2023-09-22T16:01:02,2023,-70.180256,19.60208,NA,50c9509d-22c7-4a22-a47d-8c48425ef4a7,iNaturalist,Observations,09,03,GASPAR HERNÁNDEZ,010903,874cf272dffffff
https://www.inaturalist.org/observations/184796251,4420793748,Eulophia maculata,Eulophia maculata (Lindl.) Rchb.f.,Orchidaceae,Eulophia,SPECIES,HUMAN_OBSERVATION,2023-09-24T08:12,2023,-70.185406,19.625554,150,50c9509d-22c7-4a22-a47d-8c48425ef4a7,iNaturalist,Observations,09,03,GASPAR HERNÁNDEZ,010903,874cf20d3ffffff
https://www.inaturalist.org/observations/184796253,4420961839,Rhabdadenia biflora,Rhabdadenia biflora (Jacq.) Müll.Arg.,Apocynaceae,Rhabdadenia,SPECIES,HUMAN_OBSERVATION,2023-09-24T09:05,2023,-70.188378,19.625904,92,50c9509d-22c7-4a22-a47d-8c48425ef4a7,iNaturalist,Observations,09,03,GASPAR HERNÁNDEZ,010903,874cf20d3ffffff
https://www.inaturalist.org/observations/184796254,4431012302,Bromelia pinguin,Bromelia pinguin L.,Bromeliaceae,Bromelia,SPECIES,HUMAN_OBSERVATION,2023-09-24T10:08,2023,-70.190716,19.627991,62,50c9509d-22c7-4a22-a47d-8c48425ef4a7,iNaturalist,Observations,09,03,GASPAR HERNÁNDEZ,010903,874cf20d3ffffff
https://www.inaturalist.org/observations/184796255,4430457292,Distimake dissectus,Distimake dissectus (Jacq.) A.R.Simões & Staples,Convolvulaceae,Distimake,SPECIES,HUMAN_OBSERVATION,2023-09-24T12:17,2023,-70.175072,19.605995,48,50c9509d-22c7-4a22-a47d-8c48425ef4a7,iNaturalist,Observations,09,03,GASPAR HERNÁNDEZ,010903,874cf20deffffff
https://www.inaturalist.org/observations/185507583,4424221553,Solanum diphyllum,Solanum diphyllum L.,Solanaceae,Solanum,SPECIES,HUMAN_OBSERVATION,2023-09-29T13:39:25,2023,-70.169429,19.615484,NA,50c9509d-22c7-4a22-a47d-8c48425ef4a7,iNaturalist,Observations,09,03,GASPAR HERNÁNDEZ,010903,874cf20deffffff
https://www.inaturalist.org/observations/185774946,4430965402,Eleutheranthera ruderalis,Eleutheranthera ruderalis (Sw.) Sch.Bip.,Asteraceae,Eleutheranthera,SPECIES,HUMAN_OBSERVATION,2023-10-01T08:41:41,2023,-70.18078,19.603287,NA,50c9509d-22c7-4a22-a47d-8c48425ef4a7,iNaturalist,Observations,09,03,GASPAR HERNÁNDEZ,010903,874cf272dffffff
https://www.inaturalist.org/observations/185819599,4512051207,Cucumis melo,Cucumis melo L.,Cucurbitaceae,Cucumis,SPECIES,HUMAN_OBSERVATION,2023-10-01T07:46,2023,-70.175804,19.599229,47,50c9509d-22c7-4a22-a47d-8c48425ef4a7,iNaturalist,Observations,09,03,GASPAR HERNÁNDEZ,010903,874cf20daffffff
https://www.inaturalist.org/observations/185819601,4421250373,Hemionitis palmata,Hemionitis palmata L.,Pteridaceae,Hemionitis,SPECIES,HUMAN_OBSERVATION,2023-10-01T08:21,2023,-70.167191,19.593317,71,50c9509d-22c7-4a22-a47d-8c48425ef4a7,iNaturalist,Observations,09,03,GASPAR HERNÁNDEZ,010903,874cf20daffffff
https://www.inaturalist.org/observations/185819606,5133291950,Pteris ensiformis,Pteris ensiformis Burm.,Pteridaceae,Pteris,SPECIES,HUMAN_OBSERVATION,2023-10-01T08:23,2023,-70.167191,19.593317,71,50c9509d-22c7-4a22-a47d-8c48425ef4a7,iNaturalist,Observations,09,03,GASPAR HERNÁNDEZ,010903,874cf20daffffff
https://www.inaturalist.org/observations/185819607,4431005401,Adiantum tenerum,Adiantum tenerum Sw.,Pteridaceae,Adiantum,SPECIES,HUMAN_OBSERVATION,2023-10-01T08:24,2023,-70.167191,19.593317,71,50c9509d-22c7-4a22-a47d-8c48425ef4a7,iNaturalist,Observations,09,03,GASPAR HERNÁNDEZ,010903,874cf20daffffff
https://www.inaturalist.org/observations/185819609,4430543469,Adiantum pyramidale,Adiantum pyramidale (L.) Willd.,Pteridaceae,Adiantum,SPECIES,HUMAN_OBSERVATION,2023-10-01T08:24,2023,-70.167191,19.593317,71,50c9509d-22c7-4a22-a47d-8c48425ef4a7,iNaturalist,Observations,09,03,GASPAR HERNÁNDEZ,010903,874cf20daffffff
https://www.inaturalist.org/observations/185976489,5062612260,Tillandsia kuzmae,Tillandsia kuzmae Ehlers,Bromeliaceae,Tillandsia,SPECIES,HUMAN_OBSERVATION,2023-10-02T07:10,2023,-70.182107,19.602838,25,50c9509d-22c7-4a22-a47d-8c48425ef4a7,iNaturalist,Observations,09,03,GASPAR HERNÁNDEZ,010903,874cf272dffffff
https://www.inaturalist.org/observations/188450686,4430738747,Prosthechea cochleata,Prosthechea cochleata (L.) W.E.Higgins,Orchidaceae,Prosthechea,SPECIES,HUMAN_OBSERVATION,2013-06-06T10:36,2013,-70.178749,19.601887,70,50c9509d-22c7-4a22-a47d-8c48425ef4a7,iNaturalist,Observations,09,03,GASPAR HERNÁNDEZ,010903,874cf272dffffff
https://www.inaturalist.org/observations/188452265,5759879100,Dieffenbachia seguine,Dieffenbachia seguine (Jacq.) Schott,Araceae,Dieffenbachia,SPECIES,HUMAN_OBSERVATION,2018-03-23T09:41,2018,-70.166252,19.612081,317,50c9509d-22c7-4a22-a47d-8c48425ef4a7,iNaturalist,Observations,09,03,GASPAR HERNÁNDEZ,010903,874cf20deffffff
https://www.inaturalist.org/observations/188452267,4436417378,Dieffenbachia seguine,Dieffenbachia seguine (Jacq.) Schott,Araceae,Dieffenbachia,SPECIES,HUMAN_OBSERVATION,2017-09-22T17:14,2017,-70.185743,19.603161,66,50c9509d-22c7-4a22-a47d-8c48425ef4a7,iNaturalist,Observations,09,03,GASPAR HERNÁNDEZ,010903,874cf272dffffff
https://www.inaturalist.org/observations/188452268,4431213686,Dieffenbachia seguine,Dieffenbachia seguine (Jacq.) Schott,Araceae,Dieffenbachia,SPECIES,HUMAN_OBSERVATION,2016-11-22T12:59,2016,-70.169177,19.614288,145,50c9509d-22c7-4a22-a47d-8c48425ef4a7,iNaturalist,Observations,09,03,GASPAR HERNÁNDEZ,010903,874cf20deffffff
https://www.inaturalist.org/observations/194071740,4936186276,Eleutheranthera ruderalis,Eleutheranthera ruderalis (Sw.) Sch.Bip.,Asteraceae,Eleutheranthera,SPECIES,HUMAN_OBSERVATION,2017-01-21,2017,-70.184973,19.60176,13,50c9509d-22c7-4a22-a47d-8c48425ef4a7,iNaturalist,Observations,09,03,GASPAR HERNÁNDEZ,010903,874cf272dffffff
https://www.inaturalist.org/observations/196302084,4512193606,Theobroma cacao,Theobroma cacao L.,Malvaceae,Theobroma,SPECIES,HUMAN_OBSERVATION,2024-01-10T10:29:03,2024,-70.387528,19.67095,10,50c9509d-22c7-4a22-a47d-8c48425ef4a7,iNaturalist,Observations,09,03,GASPAR HERNÁNDEZ,010903,874cf2443ffffff
https://www.inaturalist.org/observations/196313692,5827428166,Theobroma cacao,Theobroma cacao L.,Malvaceae,Theobroma,SPECIES,HUMAN_OBSERVATION,2024-01-10T10:34:55,2024,-70.387293,19.670943,5,50c9509d-22c7-4a22-a47d-8c48425ef4a7,iNaturalist,Observations,09,03,GASPAR HERNÁNDEZ,010903,874cf2443ffffff
https://www.inaturalist.org/observations/196379080,4512245595,Coffea arabica,Coffea arabica L.,Rubiaceae,Coffea,SPECIES,HUMAN_OBSERVATION,2024-01-10T11:08:40,2024,-70.386065,19.671327,7,50c9509d-22c7-4a22-a47d-8c48425ef4a7,iNaturalist,Observations,09,03,GASPAR HERNÁNDEZ,010903,874cf2443ffffff
https://www.inaturalist.org/observations/196379092,4512225495,Luffa aegyptiaca,Luffa aegyptiaca Mill.,Cucurbitaceae,Luffa,SPECIES,HUMAN_OBSERVATION,2024-01-10T12:55:59,2024,-70.372738,19.672375,7,50c9509d-22c7-4a22-a47d-8c48425ef4a7,iNaturalist,Observations,09,03,GASPAR HERNÁNDEZ,010903,874cf2441ffffff
https://www.inaturalist.org/observations/199737904,4525315859,Erythrina poeppigiana,Erythrina poeppigiana (Walp.) O.F.Cook,Fabaceae,Erythrina,SPECIES,HUMAN_OBSERVATION,2024-01-29T00:30,2024,-70.270409,19.612554,493,50c9509d-22c7-4a22-a47d-8c48425ef4a7,iNaturalist,Observations,09,03,GASPAR HERNÁNDEZ,010903,874cf2704ffffff
https://www.inaturalist.org/observations/199737910,4525287689,Theobroma cacao,Theobroma cacao L.,Malvaceae,Theobroma,SPECIES,HUMAN_OBSERVATION,2024-01-29T00:32,2024,-70.270409,19.612554,493,50c9509d-22c7-4a22-a47d-8c48425ef4a7,iNaturalist,Observations,09,03,GASPAR HERNÁNDEZ,010903,874cf2704ffffff
https://www.inaturalist.org/observations/204166673,4606929140,Prosthechea cochleata,Prosthechea cochleata (L.) W.E.Higgins,Orchidaceae,Prosthechea,SPECIES,HUMAN_OBSERVATION,2024-03-27T13:43:40,2024,-70.372936,19.672075,4,50c9509d-22c7-4a22-a47d-8c48425ef4a7,iNaturalist,Observations,09,03,GASPAR HERNÁNDEZ,010903,874cf2441ffffff
https://www.inaturalist.org/observations/238841760,4936969378,Coccoloba pubescens,Coccoloba pubescens L.,Polygonaceae,Coccoloba,SPECIES,HUMAN_OBSERVATION,2024-08-30T11:22:49,2024,-70.212047,19.633733,9,50c9509d-22c7-4a22-a47d-8c48425ef4a7,iNaturalist,Observations,09,03,GASPAR HERNÁNDEZ,010903,874cf20d2ffffff
https://www.inaturalist.org/observations/238841867,4936090165,Coccoloba diversifolia,Coccoloba diversifolia Jacq.,Polygonaceae,Coccoloba,SPECIES,HUMAN_OBSERVATION,2024-08-30T11:27:17,2024,-70.211787,19.633667,6,50c9509d-22c7-4a22-a47d-8c48425ef4a7,iNaturalist,Observations,09,03,GASPAR HERNÁNDEZ,010903,874cf20d2ffffff
https://www.inaturalist.org/observations/238841917,4936603761,Calophyllum antillanum,Calophyllum brasiliense var. antillanum (Britton) Standl.,Calophyllaceae,Calophyllum,VARIETY,HUMAN_OBSERVATION,2024-08-30T11:28:33,2024,-70.211825,19.633567,6,50c9509d-22c7-4a22-a47d-8c48425ef4a7,iNaturalist,Observations,09,03,GASPAR HERNÁNDEZ,010903,874cf20d2ffffff
https://www.inaturalist.org/observations/238841979,6195314015,Guettarda dictyophylla,Guettarda dictyophylla Urb.,Rubiaceae,Guettarda,SPECIES,HUMAN_OBSERVATION,2024-08-30T11:29:47,2024,-70.21167,19.633497,8,50c9509d-22c7-4a22-a47d-8c48425ef4a7,iNaturalist,Observations,09,03,GASPAR HERNÁNDEZ,010903,874cf20d2ffffff
https://www.inaturalist.org/observations/238842022,4936262036,Zombia antillarum,Zombia antillarum (Descourt.) L.H.Bailey,Arecaceae,Zombia,SPECIES,HUMAN_OBSERVATION,2024-08-30T11:30:57,2024,-70.211757,19.633497,5,50c9509d-22c7-4a22-a47d-8c48425ef4a7,iNaturalist,Observations,09,03,GASPAR HERNÁNDEZ,010903,874cf20d2ffffff
https://www.inaturalist.org/observations/238842135,4936937031,Randia aculeata,Randia aculeata L.,Rubiaceae,Randia,SPECIES,HUMAN_OBSERVATION,2024-08-30T11:34:04,2024,-70.211592,19.633387,5,50c9509d-22c7-4a22-a47d-8c48425ef4a7,iNaturalist,Observations,09,03,GASPAR HERNÁNDEZ,010903,874cf20d2ffffff
https://www.inaturalist.org/observations/238842171,6185577705,Ouratea ilicifolia,Ouratea ilicifolia (DC.) Baill.,Ochnaceae,Ouratea,SPECIES,HUMAN_OBSERVATION,2024-08-30T11:35:03,2024,-70.211655,19.63332,6,50c9509d-22c7-4a22-a47d-8c48425ef4a7,iNaturalist,Observations,09,03,GASPAR HERNÁNDEZ,010903,874cf20d2ffffff
https://www.inaturalist.org/observations/238842474,4936614946,Miconia laevigata,Miconia laevigata (L.) DC.,Melastomataceae,Miconia,SPECIES,HUMAN_OBSERVATION,2024-08-30T11:42:42,2024,-70.211528,19.63364,6,50c9509d-22c7-4a22-a47d-8c48425ef4a7,iNaturalist,Observations,09,03,GASPAR HERNÁNDEZ,010903,874cf20d2ffffff
https://www.inaturalist.org/observations/238843141,6188368759,Myrcia splendens,Myrcia splendens (Sw.) DC.,Myrtaceae,Myrcia,SPECIES,HUMAN_OBSERVATION,2024-08-30T12:22:49,2024,-70.215522000000007,19.625692,7,50c9509d-22c7-4a22-a47d-8c48425ef4a7,iNaturalist,Observations,09,03,GASPAR HERNÁNDEZ,010903,874cf2721ffffff
https://www.inaturalist.org/observations/238843807,5062802705,Rourea surinamensis,Rourea surinamensis Miq.,Connaraceae,Rourea,SPECIES,HUMAN_OBSERVATION,2024-08-30T12:38:22,2024,-70.215313,19.625965,6,50c9509d-22c7-4a22-a47d-8c48425ef4a7,iNaturalist,Observations,09,03,GASPAR HERNÁNDEZ,010903,874cf2721ffffff
https://www.inaturalist.org/observations/238843994,4936979517,Hippocratea volubilis,Hippocratea volubilis L.,Celastraceae,Hippocratea,SPECIES,HUMAN_OBSERVATION,2024-08-30T13:16:52,2024,-70.215365,19.620588,7,50c9509d-22c7-4a22-a47d-8c48425ef4a7,iNaturalist,Observations,09,03,GASPAR HERNÁNDEZ,010903,874cf2721ffffff
https://www.inaturalist.org/observations/238844186,4935773547,Psychotria grandis,Psychotria grandis Sw.,Rubiaceae,Psychotria,SPECIES,HUMAN_OBSERVATION,2024-08-30T13:22:31,2024,-70.215372,19.620327,6,50c9509d-22c7-4a22-a47d-8c48425ef4a7,iNaturalist,Observations,09,03,GASPAR HERNÁNDEZ,010903,874cf2721ffffff
https://www.inaturalist.org/observations/238844213,5087075868,Vitex heptaphylla,Vitex heptaphylla A.Juss.,Lamiaceae,Vitex,SPECIES,HUMAN_OBSERVATION,2024-08-30T13:26:37,2024,-70.214107,19.622135,9,50c9509d-22c7-4a22-a47d-8c48425ef4a7,iNaturalist,Observations,09,03,GASPAR HERNÁNDEZ,010903,874cf2721ffffff
https://www.inaturalist.org/observations/238844258,4936082975,Casearia dodecandra,Casearia dodecandra (Jacq.) T.Samar. & M.H.Alford,Salicaceae,Casearia,SPECIES,HUMAN_OBSERVATION,2024-08-30T13:39:23,2024,-70.209487,19.619603,6,50c9509d-22c7-4a22-a47d-8c48425ef4a7,iNaturalist,Observations,09,03,GASPAR HERNÁNDEZ,010903,874cf272cffffff
https://www.inaturalist.org/observations/238844386,6195242282,Guettarda dictyophylla,Guettarda dictyophylla Urb.,Rubiaceae,Guettarda,SPECIES,HUMAN_OBSERVATION,2024-08-30T13:41:08,2024,-70.20942,19.619727,5,50c9509d-22c7-4a22-a47d-8c48425ef4a7,iNaturalist,Observations,09,03,GASPAR HERNÁNDEZ,010903,874cf272cffffff
https://www.inaturalist.org/observations/238844448,5198875441,Terminalia buceras,Terminalia buceras (L.) C.Wright,Combretaceae,Terminalia,SPECIES,HUMAN_OBSERVATION,2024-08-30T13:42:31,2024,-70.209275,19.619678,5,50c9509d-22c7-4a22-a47d-8c48425ef4a7,iNaturalist,Observations,09,03,GASPAR HERNÁNDEZ,010903,874cf272cffffff
https://www.inaturalist.org/observations/238845207,4936927813,Tillandsia balbisiana,Tillandsia balbisiana Schult. & Schult.f.,Bromeliaceae,Tillandsia,SPECIES,HUMAN_OBSERVATION,2024-08-30T14:16:34,2024,-70.215748,19.625083,4,50c9509d-22c7-4a22-a47d-8c48425ef4a7,iNaturalist,Observations,09,03,GASPAR HERNÁNDEZ,010903,874cf2721ffffff
https://www.inaturalist.org/observations/238845309,4936614953,Tillandsia bulbosa,Tillandsia bulbosa Hook.,Bromeliaceae,Tillandsia,SPECIES,HUMAN_OBSERVATION,2024-08-30T14:21:06,2024,-70.216063,19.624862,5,50c9509d-22c7-4a22-a47d-8c48425ef4a7,iNaturalist,Observations,09,03,GASPAR HERNÁNDEZ,010903,874cf2721ffffff
https://www.inaturalist.org/observations/238849526,6413068465,Tibisia farcta,Arthrostylidium farctum (Aubl.) Soderstr. & Lourteig,Poaceae,Tibisia,SPECIES,HUMAN_OBSERVATION,2024-08-30T11:58:01,2024,-70.215888,19.625388,2,50c9509d-22c7-4a22-a47d-8c48425ef4a7,iNaturalist,Observations,09,03,GASPAR HERNÁNDEZ,010903,874cf2721ffffff
https://www.inaturalist.org/observations/238849727,5062811583,Myrcia garciae,Myrcia garciae (Alain & M.M.Mejía) K.Campbell & Peguero,Myrtaceae,Myrcia,SPECIES,HUMAN_OBSERVATION,2024-08-30T12:01:25,2024,-70.215802,19.625348,5,50c9509d-22c7-4a22-a47d-8c48425ef4a7,iNaturalist,Observations,09,03,GASPAR HERNÁNDEZ,010903,874cf2721ffffff
https://www.inaturalist.org/observations/238849856,4954285344,Croton linearis,Croton linearis Jacq.,Euphorbiaceae,Croton,SPECIES,HUMAN_OBSERVATION,2024-08-30T12:11:24,2024,-70.215638,19.625358,5,50c9509d-22c7-4a22-a47d-8c48425ef4a7,iNaturalist,Observations,09,03,GASPAR HERNÁNDEZ,010903,874cf2721ffffff
https://www.inaturalist.org/observations/238849927,6195419110,Chaetocarpus globosus,Chaetocarpus globosus (Sw.) Fawc. & Rendle,Peraceae,Chaetocarpus,SPECIES,HUMAN_OBSERVATION,2024-08-30T12:12:21,2024,-70.215605,19.625322,4,50c9509d-22c7-4a22-a47d-8c48425ef4a7,iNaturalist,Observations,09,03,GASPAR HERNÁNDEZ,010903,874cf2721ffffff
https://www.inaturalist.org/observations/238849965,4936757480,Tillandsia balbisiana,Tillandsia balbisiana Schult. & Schult.f.,Bromeliaceae,Tillandsia,SPECIES,HUMAN_OBSERVATION,2024-08-30T12:13:30,2024,-70.215408,19.625478,4,50c9509d-22c7-4a22-a47d-8c48425ef4a7,iNaturalist,Observations,09,03,GASPAR HERNÁNDEZ,010903,874cf2721ffffff
https://www.inaturalist.org/observations/238850020,4935848058,Coccothrinax bonettiana,"Coccothrinax bonettiana A.J.Hend., Elad.Fernández & C.D.Bacon",Arecaceae,Coccothrinax,SPECIES,HUMAN_OBSERVATION,2024-08-30T12:14:33,2024,-70.215517,19.625583,5,50c9509d-22c7-4a22-a47d-8c48425ef4a7,iNaturalist,Observations,09,03,GASPAR HERNÁNDEZ,010903,874cf2721ffffff
https://www.inaturalist.org/observations/238850711,4936169622,Tillandsia juncea,Tillandsia juncea (Ruiz & Pav.) Poir.,Bromeliaceae,Tillandsia,SPECIES,HUMAN_OBSERVATION,2024-08-30T14:24:33,2024,-70.216048,19.625022,5,50c9509d-22c7-4a22-a47d-8c48425ef4a7,iNaturalist,Observations,09,03,GASPAR HERNÁNDEZ,010903,874cf2721ffffff
https://www.inaturalist.org/observations/238850844,6195328345,Scolosanthus subsessilis,Scolosanthus subsessilis Alain,Rubiaceae,Scolosanthus,SPECIES,HUMAN_OBSERVATION,2024-08-30T14:35:59,2024,-70.21569,19.624785,4,50c9509d-22c7-4a22-a47d-8c48425ef4a7,iNaturalist,Observations,09,03,GASPAR HERNÁNDEZ,010903,874cf2721ffffff
https://www.inaturalist.org/observations/238851877,4982195358,Psychotria plumieri,Psychotria plumieri Urb.,Rubiaceae,Psychotria,SPECIES,HUMAN_OBSERVATION,2024-08-30T15:12:53,2024,-70.21391,19.623462,5,50c9509d-22c7-4a22-a47d-8c48425ef4a7,iNaturalist,Observations,09,03,GASPAR HERNÁNDEZ,010903,874cf2721ffffff
https://www.inaturalist.org/observations/238851977,6195429484,Suberanthus brachycarpus,Suberanthus brachycarpus (Griseb.) Borhidi & M.Fernández,Rubiaceae,Suberanthus,SPECIES,HUMAN_OBSERVATION,2024-08-30T15:13:58,2024,-70.21388,19.623502,5,50c9509d-22c7-4a22-a47d-8c48425ef4a7,iNaturalist,Observations,09,03,GASPAR HERNÁNDEZ,010903,874cf2721ffffff
https://www.inaturalist.org/observations/238855545,4936881545,Tillandsia utriculata,Tillandsia utriculata L.,Bromeliaceae,Tillandsia,SPECIES,HUMAN_OBSERVATION,2024-08-30T15:25:29,2024,-70.214033,19.622103,5,50c9509d-22c7-4a22-a47d-8c48425ef4a7,iNaturalist,Observations,09,03,GASPAR HERNÁNDEZ,010903,874cf2721ffffff
https://www.inaturalist.org/observations/238856104,4936733112,Aechmea nudicaulis,Aechmea nudicaulis (L.) Griseb.,Bromeliaceae,Aechmea,SPECIES,HUMAN_OBSERVATION,2024-08-30T15:31:57,2024,-70.21404,19.621828,5,50c9509d-22c7-4a22-a47d-8c48425ef4a7,iNaturalist,Observations,09,03,GASPAR HERNÁNDEZ,010903,874cf2721ffffff
https://www.inaturalist.org/observations/238856389,6413734965,Tibisia farcta,Arthrostylidium farctum (Aubl.) Soderstr. & Lourteig,Poaceae,Tibisia,SPECIES,HUMAN_OBSERVATION,2024-08-30T15:37:29,2024,-70.214143000000007,19.62191,5,50c9509d-22c7-4a22-a47d-8c48425ef4a7,iNaturalist,Observations,09,03,GASPAR HERNÁNDEZ,010903,874cf2721ffffff
https://www.inaturalist.org/observations/238856705,4953120532,Aechmea nudicaulis,Aechmea nudicaulis (L.) Griseb.,Bromeliaceae,Aechmea,SPECIES,HUMAN_OBSERVATION,2024-08-30T15:42:21,2024,-70.214085,19.621967,6,50c9509d-22c7-4a22-a47d-8c48425ef4a7,iNaturalist,Observations,09,03,GASPAR HERNÁNDEZ,010903,874cf2721ffffff
https://www.inaturalist.org/observations/238856793,4937227815,Ouratea ilicifolia,Ouratea ilicifolia (DC.) Baill.,Ochnaceae,Ouratea,SPECIES,HUMAN_OBSERVATION,2024-08-30T15:50:05,2024,-70.213823,19.622292,7,50c9509d-22c7-4a22-a47d-8c48425ef4a7,iNaturalist,Observations,09,03,GASPAR HERNÁNDEZ,010903,874cf2721ffffff
https://www.inaturalist.org/observations/238857229,6195299525,Thouinidium pinnatum,Thouinidium pinnatum (Turpin) Radlk.,Sapindaceae,Thouinidium,SPECIES,HUMAN_OBSERVATION,2024-08-30T15:58:04,2024,-70.214047,19.622153,6,50c9509d-22c7-4a22-a47d-8c48425ef4a7,iNaturalist,Observations,09,03,GASPAR HERNÁNDEZ,010903,874cf2721ffffff
https://www.inaturalist.org/observations/238858484,6235217370,Scolosanthus densiflorus,Scolosanthus densiflorus Urb.,Rubiaceae,Scolosanthus,SPECIES,HUMAN_OBSERVATION,2024-08-30T16:12:18,2024,-70.213988,19.622358,6,50c9509d-22c7-4a22-a47d-8c48425ef4a7,iNaturalist,Observations,09,03,GASPAR HERNÁNDEZ,010903,874cf2721ffffff
https://www.inaturalist.org/observations/238858650,4936932831,Crescentia cujete,Crescentia cujete L.,Bignoniaceae,Crescentia,SPECIES,HUMAN_OBSERVATION,2024-08-30T16:31:34,2024,-70.207668,19.6278,5,50c9509d-22c7-4a22-a47d-8c48425ef4a7,iNaturalist,Observations,09,03,GASPAR HERNÁNDEZ,010903,874cf20d2ffffff
https://www.inaturalist.org/observations/239028807,4935887754,Isidorea pedicellaris,Isidorea pedicellaris Urb. & Ekman,Rubiaceae,Isidorea,SPECIES,HUMAN_OBSERVATION,2024-08-30T13:02:32,2024,-70.213684,19.62487,NA,50c9509d-22c7-4a22-a47d-8c48425ef4a7,iNaturalist,Observations,09,03,GASPAR HERNÁNDEZ,010903,874cf2721ffffff
https://www.inaturalist.org/observations/242935900,6400696336,Spondias mombin,Spondias mombin Jacq.,Anacardiaceae,Spondias,SPECIES,HUMAN_OBSERVATION,2024-09-20T15:31:37,2024,-70.177862,19.603163,8,50c9509d-22c7-4a22-a47d-8c48425ef4a7,iNaturalist,Observations,09,03,GASPAR HERNÁNDEZ,010903,874cf272dffffff
https://www.inaturalist.org/observations/260374035,5063739852,Capsicum frutescens,Capsicum frutescens L.,Solanaceae,Capsicum,SPECIES,HUMAN_OBSERVATION,2025-02-02T08:25:05,2025,-70.201203,19.627755,2740,50c9509d-22c7-4a22-a47d-8c48425ef4a7,iNaturalist,Observations,09,03,GASPAR HERNÁNDEZ,010903,874cf20d2ffffff
https://www.inaturalist.org/observations/260416945,5063738941,Amphitecna latifolia,Amphitecna latifolia (Mill.) A.H.Gentry,Bignoniaceae,Amphitecna,SPECIES,HUMAN_OBSERVATION,2025-02-02T14:08:06,2025,-70.179593,19.608943,NA,50c9509d-22c7-4a22-a47d-8c48425ef4a7,iNaturalist,Observations,09,03,GASPAR HERNÁNDEZ,010903,874cf20deffffff
https://www.inaturalist.org/observations/260438636,5063724191,Hippocratea volubilis,Hippocratea volubilis L.,Celastraceae,Hippocratea,SPECIES,HUMAN_OBSERVATION,2025-02-02T08:28:34,2025,-70.20833,19.627328,5,50c9509d-22c7-4a22-a47d-8c48425ef4a7,iNaturalist,Observations,09,03,GASPAR HERNÁNDEZ,010903,874cf20d2ffffff
https://www.inaturalist.org/observations/260442565,6413382902,Tibisia farcta,Arthrostylidium farctum (Aubl.) Soderstr. & Lourteig,Poaceae,Tibisia,SPECIES,HUMAN_OBSERVATION,2025-02-02T10:24:52,2025,-70.213783,19.622608,3,50c9509d-22c7-4a22-a47d-8c48425ef4a7,iNaturalist,Observations,09,03,GASPAR HERNÁNDEZ,010903,874cf2721ffffff
https://www.inaturalist.org/observations/260442634,5063723243,Myrcia garciae,Myrcia garciae (Alain & M.M.Mejía) K.Campbell & Peguero,Myrtaceae,Myrcia,SPECIES,HUMAN_OBSERVATION,2025-02-02T10:28:11,2025,-70.213862,19.62217,4,50c9509d-22c7-4a22-a47d-8c48425ef4a7,iNaturalist,Observations,09,03,GASPAR HERNÁNDEZ,010903,874cf2721ffffff
https://www.inaturalist.org/observations/260442901,6188150003,Drypetes ilicifolia,Drypetes ilicifolia Krug & Urb.,Putranjivaceae,Drypetes,SPECIES,HUMAN_OBSERVATION,2025-02-02T11:07:19,2025,-70.213807,19.6222,7,50c9509d-22c7-4a22-a47d-8c48425ef4a7,iNaturalist,Observations,09,03,GASPAR HERNÁNDEZ,010903,874cf2721ffffff
https://www.inaturalist.org/observations/266976462,5108158248,Coccothrinax bonettiana,"Coccothrinax bonettiana A.J.Hend., Elad.Fernández & C.D.Bacon",Arecaceae,Coccothrinax,SPECIES,HUMAN_OBSERVATION,2023-11-01T10:46,2023,-70.224961,19.631152,NA,50c9509d-22c7-4a22-a47d-8c48425ef4a7,iNaturalist,Observations,09,03,GASPAR HERNÁNDEZ,010903,874cf2721ffffff
https://www.inaturalist.org/observations/29142695,2294582081,Pontederia crassipes,Pontederia crassipes Mart.,Pontederiaceae,Pontederia,SPECIES,HUMAN_OBSERVATION,2019-07-13T11:06:23,2019,-70.335611,19.672471,1600,50c9509d-22c7-4a22-a47d-8c48425ef4a7,iNaturalist,Observations,09,03,GASPAR HERNÁNDEZ,010903,874cf2468ffffff
https://www.inaturalist.org/observations/292676309,5897288748,Rhynchospora berteroi,Rhynchospora berteroi (Spreng.) C.B.Clarke,Cyperaceae,Rhynchospora,SPECIES,HUMAN_OBSERVATION,2025-06-25T13:47:09,2025,-70.225162,19.637039,3295,50c9509d-22c7-4a22-a47d-8c48425ef4a7,iNaturalist,Observations,09,03,GASPAR HERNÁNDEZ,010903,874cf2725ffffff
https://www.inaturalist.org/observations/292677584,5217179049,Chrysobalanus icaco,Chrysobalanus icaco L.,Chrysobalanaceae,Chrysobalanus,SPECIES,HUMAN_OBSERVATION,2025-06-25T14:19:21,2025,-70.219848,19.6328,545,50c9509d-22c7-4a22-a47d-8c48425ef4a7,iNaturalist,Observations,09,03,GASPAR HERNÁNDEZ,010903,874cf2721ffffff
https://www.inaturalist.org/observations/333138920,5938615794,Chromolaena odorata,Chromolaena odorata (L.) R.M.King & H.Rob.,Asteraceae,Chromolaena,SPECIES,HUMAN_OBSERVATION,2025-12-31T08:30:21,2025,-70.319,19.6627,3,50c9509d-22c7-4a22-a47d-8c48425ef4a7,iNaturalist,Observations,09,03,GASPAR HERNÁNDEZ,010903,874cf2469ffffff
https://www.inaturalist.org/observations/333138951,5938506261,Borreria remota,Spermacoce remota Lam.,Rubiaceae,Borreria,SPECIES,HUMAN_OBSERVATION,2025-12-31T08:26:09,2025,-70.31865,19.662592,4,50c9509d-22c7-4a22-a47d-8c48425ef4a7,iNaturalist,Observations,09,03,GASPAR HERNÁNDEZ,010903,874cf2469ffffff
https://www.inaturalist.org/observations/333138964,5938509445,Thunbergia fragrans,Thunbergia fragrans Roxb.,Acanthaceae,Thunbergia,SPECIES,HUMAN_OBSERVATION,2025-12-31T08:25:30,2025,-70.318472,19.662537,3,50c9509d-22c7-4a22-a47d-8c48425ef4a7,iNaturalist,Observations,09,03,GASPAR HERNÁNDEZ,010903,874cf2469ffffff
https://www.inaturalist.org/observations/333138978,5938061411,Canavalia rosea,Canavalia rosea (Sw.) DC.,Fabaceae,Canavalia,SPECIES,HUMAN_OBSERVATION,2026-01-02T07:12:39,2026,-70.316903,19.662153,10,50c9509d-22c7-4a22-a47d-8c48425ef4a7,iNaturalist,Observations,09,03,GASPAR HERNÁNDEZ,010903,874cf2469ffffff
https://www.inaturalist.org/observations/333138988,5938489490,Ipomoea pes-caprae,Ipomoea pes-caprae (L.) R.Br.,Convolvulaceae,Ipomoea,SPECIES,HUMAN_OBSERVATION,2026-01-02T07:22:17,2026,-70.31682,19.662472,6,50c9509d-22c7-4a22-a47d-8c48425ef4a7,iNaturalist,Observations,09,03,GASPAR HERNÁNDEZ,010903,874cf2469ffffff
https://www.inaturalist.org/observations/333138995,5938440719,Coccoloba uvifera,Coccoloba uvifera (L.) L.,Polygonaceae,Coccoloba,SPECIES,HUMAN_OBSERVATION,2026-01-02T07:23:10,2026,-70.316887,19.662447,3,50c9509d-22c7-4a22-a47d-8c48425ef4a7,iNaturalist,Observations,09,03,GASPAR HERNÁNDEZ,010903,874cf2469ffffff
https://www.inaturalist.org/observations/333139001,5938316219,Sphagneticola trilobata,Sphagneticola trilobata (L.) Pruski,Asteraceae,Sphagneticola,SPECIES,HUMAN_OBSERVATION,2026-01-02T07:24:57,2026,-70.316955,19.662395,10,50c9509d-22c7-4a22-a47d-8c48425ef4a7,iNaturalist,Observations,09,03,GASPAR HERNÁNDEZ,010903,874cf2469ffffff
https://www.inaturalist.org/observations/339181505,6162999024,Passiflora rubra,Passiflora rubra L.,Passifloraceae,Passiflora,SPECIES,HUMAN_OBSERVATION,2026-02-18T12:52:32,2026,-70.13255,19.602378,NA,50c9509d-22c7-4a22-a47d-8c48425ef4a7,iNaturalist,Observations,09,03,GASPAR HERNÁNDEZ,010903,874cf20ddffffff
https://www.inaturalist.org/observations/36476962,2518139653,Chrysobalanus icaco,Chrysobalanus icaco L.,Chrysobalanaceae,Chrysobalanus,SPECIES,HUMAN_OBSERVATION,2019-12-08T11:18,2019,-70.366943,19.705081,30,50c9509d-22c7-4a22-a47d-8c48425ef4a7,iNaturalist,Observations,09,03,GASPAR HERNÁNDEZ,010903,874cf2463ffffff
https://www.inaturalist.org/observations/36476963,2518138448,Ipomoea pes-caprae,Ipomoea pes-caprae (L.) R.Br.,Convolvulaceae,Ipomoea,SPECIES,HUMAN_OBSERVATION,2019-12-08T11:22,2019,-70.366943,19.705081,30,50c9509d-22c7-4a22-a47d-8c48425ef4a7,iNaturalist,Observations,09,03,GASPAR HERNÁNDEZ,010903,874cf2463ffffff
https://www.inaturalist.org/observations/36476964,2518138625,Canavalia rosea,Canavalia rosea (Sw.) DC.,Fabaceae,Canavalia,SPECIES,HUMAN_OBSERVATION,2019-12-08T11:23,2019,-70.366943,19.705081,30,50c9509d-22c7-4a22-a47d-8c48425ef4a7,iNaturalist,Observations,09,03,GASPAR HERNÁNDEZ,010903,874cf2463ffffff
https://www.inaturalist.org/observations/36476965,2603483187,Scaevola plumieri,Scaevola plumieri (L.) Vahl,Goodeniaceae,Scaevola,SPECIES,HUMAN_OBSERVATION,2019-12-08T11:24,2019,-70.366943,19.705081,30,50c9509d-22c7-4a22-a47d-8c48425ef4a7,iNaturalist,Observations,09,03,GASPAR HERNÁNDEZ,010903,874cf2463ffffff
https://www.inaturalist.org/observations/36481946,2517980968,Coccoloba uvifera,Coccoloba uvifera (L.) L.,Polygonaceae,Coccoloba,SPECIES,HUMAN_OBSERVATION,2019-12-08T12:42,2019,-70.36696,19.705071,30,50c9509d-22c7-4a22-a47d-8c48425ef4a7,iNaturalist,Observations,09,03,GASPAR HERNÁNDEZ,010903,874cf2463ffffff
https://www.inaturalist.org/observations/36481949,2517964756,Coccoloba uvifera,Coccoloba uvifera (L.) L.,Polygonaceae,Coccoloba,SPECIES,HUMAN_OBSERVATION,2019-12-08T12:42,2019,-70.36696,19.705071,30,50c9509d-22c7-4a22-a47d-8c48425ef4a7,iNaturalist,Observations,09,03,GASPAR HERNÁNDEZ,010903,874cf2463ffffff
https://www.inaturalist.org/observations/36481953,2518044355,Psychotria nervosa,Psychotria nervosa Sw.,Rubiaceae,Psychotria,SPECIES,HUMAN_OBSERVATION,2019-12-08T12:44,2019,-70.36696,19.705071,30,50c9509d-22c7-4a22-a47d-8c48425ef4a7,iNaturalist,Observations,09,03,GASPAR HERNÁNDEZ,010903,874cf2463ffffff
https://www.inaturalist.org/observations/36545745,2573911342,Roystonea borinquena,Roystonea borinquena O.F.Cook,Arecaceae,Roystonea,SPECIES,HUMAN_OBSERVATION,2019-12-10T09:35,2019,-70.375291,19.671468,10,50c9509d-22c7-4a22-a47d-8c48425ef4a7,iNaturalist,Observations,09,03,GASPAR HERNÁNDEZ,010903,874cf2441ffffff
https://www.inaturalist.org/observations/371787161,6399556794,Clerodendrum quadriloculare,Clerodendrum quadriloculare (Blanco) Merr.,Lamiaceae,Clerodendrum,SPECIES,HUMAN_OBSERVATION,2026-03-13T14:03,2026,-70.180808,19.621964,11,50c9509d-22c7-4a22-a47d-8c48425ef4a7,iNaturalist,Observations,09,03,GASPAR HERNÁNDEZ,010903,874cf20d3ffffff
https://www.inaturalist.org/observations/38553060,2574212843,Petiveria alliacea,Petiveria alliacea L.,Petiveriaceae,Petiveria,SPECIES,HUMAN_OBSERVATION,2016-11-14T15:21,2016,-70.18003,19.601329,88,50c9509d-22c7-4a22-a47d-8c48425ef4a7,iNaturalist,Observations,09,03,GASPAR HERNÁNDEZ,010903,874cf272dffffff
https://www.inaturalist.org/observations/38553061,2850606473,Psychotria grandis,Psychotria grandis Sw.,Rubiaceae,Psychotria,SPECIES,HUMAN_OBSERVATION,2016-12-12T11:18,2016,-70.154147,19.615697,349,50c9509d-22c7-4a22-a47d-8c48425ef4a7,iNaturalist,Observations,09,03,GASPAR HERNÁNDEZ,010903,874cf20dcffffff
https://www.inaturalist.org/observations/38553129,3058776425,Psiguria pedata,Psiguria pedata (L.) R.A.Howard,Cucurbitaceae,Psiguria,SPECIES,HUMAN_OBSERVATION,2013-05-17T10:54,2013,-70.173375,19.598453,1350,50c9509d-22c7-4a22-a47d-8c48425ef4a7,iNaturalist,Observations,09,03,GASPAR HERNÁNDEZ,010903,874cf20daffffff
https://www.inaturalist.org/observations/38575615,2573947749,Adonidia merrillii,Adonidia merrillii (Becc.) Becc.,Arecaceae,Adonidia,SPECIES,HUMAN_OBSERVATION,2020-02-11T09:33,2020,-70.17183,19.602173,927,50c9509d-22c7-4a22-a47d-8c48425ef4a7,iNaturalist,Observations,09,03,GASPAR HERNÁNDEZ,010903,874cf20deffffff
https://www.inaturalist.org/observations/46990179,2634362109,Anemia adiantifolia,Anemia adiantifolia (L.) Sw.,Anemiaceae,Anemia,SPECIES,HUMAN_OBSERVATION,2017-03-18T16:15,2017,-70.179666,19.603529,98,50c9509d-22c7-4a22-a47d-8c48425ef4a7,iNaturalist,Observations,09,03,GASPAR HERNÁNDEZ,010903,874cf272dffffff
https://www.inaturalist.org/observations/46990190,4596746451,Opuntia cochenillifera,Opuntia cochenillifera (L.) Mill.,Cactaceae,Opuntia,SPECIES,HUMAN_OBSERVATION,2017-02-02T12:35,2017,-70.136737,19.560855,205,50c9509d-22c7-4a22-a47d-8c48425ef4a7,iNaturalist,Observations,09,03,GASPAR HERNÁNDEZ,010903,874cf2766ffffff
https://www.inaturalist.org/observations/46990198,2860163399,Senna alata,Senna alata (L.) Roxb.,Fabaceae,Senna,SPECIES,HUMAN_OBSERVATION,2017-01-31T13:40,2017,-70.121582,19.573602,91,50c9509d-22c7-4a22-a47d-8c48425ef4a7,iNaturalist,Observations,09,03,GASPAR HERNÁNDEZ,010903,874cf2764ffffff
https://www.inaturalist.org/observations/56192583,2999067461,Wallenia laurifolia,Wallenia laurifolia (Jacq.) Sw.,Primulaceae,Wallenia,SPECIES,HUMAN_OBSERVATION,2016-11-22T12:18,2016,-70.180072,19.603126,64,50c9509d-22c7-4a22-a47d-8c48425ef4a7,iNaturalist,Observations,09,03,GASPAR HERNÁNDEZ,010903,874cf272dffffff
https://www.inaturalist.org/observations/56192586,4103197328,Tolumnia variegata,Tolumnia variegata (Sw.) Braem,Orchidaceae,Tolumnia,SPECIES,HUMAN_OBSERVATION,2013-05-26T07:57,2013,-70.183538,19.601913,65,50c9509d-22c7-4a22-a47d-8c48425ef4a7,iNaturalist,Observations,09,03,GASPAR HERNÁNDEZ,010903,874cf272dffffff
https://www.inaturalist.org/observations/56193090,4596795484,Amphitecna latifolia,Amphitecna latifolia (Mill.) A.H.Gentry,Bignoniaceae,Amphitecna,SPECIES,HUMAN_OBSERVATION,2013-05-31T18:02,2013,-70.180911,19.602013,92,50c9509d-22c7-4a22-a47d-8c48425ef4a7,iNaturalist,Observations,09,03,GASPAR HERNÁNDEZ,010903,874cf272dffffff
https://www.inaturalist.org/observations/56290618,2856670519,Anthurium gracile,Anthurium gracile (Rudge) Lindl.,Araceae,Anthurium,SPECIES,HUMAN_OBSERVATION,2016-11-22T14:40,2016,-70.179473,19.603347,134,50c9509d-22c7-4a22-a47d-8c48425ef4a7,iNaturalist,Observations,09,03,GASPAR HERNÁNDEZ,010903,874cf272dffffff
https://www.inaturalist.org/observations/60582707,3031831973,Campyloneurum phyllitidis,Campyloneurum phyllitidis (L.) C.Presl,Polypodiaceae,Campyloneurum,SPECIES,HUMAN_OBSERVATION,2016-12-10T08:24,2016,-70.179553,19.603842,112,50c9509d-22c7-4a22-a47d-8c48425ef4a7,iNaturalist,Observations,09,03,GASPAR HERNÁNDEZ,010903,874cf272dffffff
https://www.inaturalist.org/observations/6406319,3772694304,Pontederia crassipes,Pontederia crassipes Mart.,Pontederiaceae,Pontederia,SPECIES,HUMAN_OBSERVATION,2017-05-28T14:32:51,2017,-70.371543,19.71032,6,50c9509d-22c7-4a22-a47d-8c48425ef4a7,iNaturalist,Observations,09,03,GASPAR HERNÁNDEZ,010903,874cf2462ffffff
https://www.inaturalist.org/observations/6406321,5216468305,Chrysobalanus icaco,Chrysobalanus icaco L.,Chrysobalanaceae,Chrysobalanus,SPECIES,HUMAN_OBSERVATION,2017-05-28T14:49:40,2017,-70.37087,19.709547,10,50c9509d-22c7-4a22-a47d-8c48425ef4a7,iNaturalist,Observations,09,03,GASPAR HERNÁNDEZ,010903,874cf2463ffffff
https://www.inaturalist.org/observations/91823301,3343829648,Cocos nucifera,Cocos nucifera L.,Arecaceae,Cocos,SPECIES,HUMAN_OBSERVATION,2017-01-10T11:11,2017,-70.167359,19.621545,49,50c9509d-22c7-4a22-a47d-8c48425ef4a7,iNaturalist,Observations,09,03,GASPAR HERNÁNDEZ,010903,874cf20d1ffffff
https://www.inaturalist.org/observations/91823310,3343787657,Psilotum nudum,Psilotum nudum (L.) P.Beauv.,Psilotaceae,Psilotum,SPECIES,HUMAN_OBSERVATION,2017-08-31T14:06,2017,-70.18137,19.624874,159,50c9509d-22c7-4a22-a47d-8c48425ef4a7,iNaturalist,Observations,09,03,GASPAR HERNÁNDEZ,010903,874cf20d3ffffff
https://www.inaturalist.org/observations/91823312,3343803727,Pityrogramma calomelanos,Pityrogramma calomelanos (L.) Link,Pteridaceae,Pityrogramma,SPECIES,HUMAN_OBSERVATION,2017-03-16T10:07,2017,-70.185452,19.602884,145,50c9509d-22c7-4a22-a47d-8c48425ef4a7,iNaturalist,Observations,09,03,GASPAR HERNÁNDEZ,010903,874cf272dffffff
https://www.inaturalist.org/observations/91823321,3355532788,Urena lobata,Urena lobata L.,Malvaceae,Urena,SPECIES,HUMAN_OBSERVATION,2016-11-25T10:03,2016,-70.184433,19.603129,161,50c9509d-22c7-4a22-a47d-8c48425ef4a7,iNaturalist,Observations,09,03,GASPAR HERNÁNDEZ,010903,874cf272dffffff
https://www.inaturalist.org/observations/91823322,3343869748,Piper umbellatum,Piper umbellatum L.,Piperaceae,Piper,SPECIES,HUMAN_OBSERVATION,2013-05-21T07:40,2013,-70.184316,19.602963,159,50c9509d-22c7-4a22-a47d-8c48425ef4a7,iNaturalist,Observations,09,03,GASPAR HERNÁNDEZ,010903,874cf272dffffff
o-1012523296,3949346264,Bixa orellana,Bixa orellana L.,Bixaceae,Bixa,SPECIES,HUMAN_OBSERVATION,2022-01-31T09:41:50Z,2022,-70.135833,19.614167,NA,7a3679ef-5582-4aaa-81f0-8c2545cafc81,,,09,03,GASPAR HERNÁNDEZ,010903,874cf20c3ffffff
o-1018095922,5109557713,Chrysobalanus icaco,Chrysobalanus icaco L.,Chrysobalanaceae,Chrysobalanus,SPECIES,HUMAN_OBSERVATION,2023-05-31T16:50:53Z,2023,-70.316535,19.66158,16,7a3679ef-5582-4aaa-81f0-8c2545cafc81,,,09,03,GASPAR HERNÁNDEZ,010903,874cf2469ffffff
o-1018095934,5109640090,Chrysobalanus icaco,Chrysobalanus icaco L.,Chrysobalanaceae,Chrysobalanus,SPECIES,HUMAN_OBSERVATION,2023-05-31T16:52:11Z,2023,-70.316665,19.661658,12,7a3679ef-5582-4aaa-81f0-8c2545cafc81,,,09,03,GASPAR HERNÁNDEZ,010903,874cf2469ffffff
o-1019980953,5109921795,Citrus maxima,Citrus maxima (Burm.) Merr.,Rutaceae,Citrus,SPECIES,HUMAN_OBSERVATION,2023-09-18T17:34:13Z,2023,-70.36262,19.651403,6,7a3679ef-5582-4aaa-81f0-8c2545cafc81,,,09,03,GASPAR HERNÁNDEZ,010903,874cf244effffff
o-1019981688,5109915907,Senna siamea,Senna siamea (Lam.) H.S.Irwin & Barneby,Fabaceae,Senna,SPECIES,HUMAN_OBSERVATION,2023-09-18T17:36:02Z,2023,-70.362747,19.651257,5,7a3679ef-5582-4aaa-81f0-8c2545cafc81,,,09,03,GASPAR HERNÁNDEZ,010903,874cf244effffff
o-1020814214,5109928237,Adonidia merrillii,Adonidia merrillii (Becc.) Becc.,Arecaceae,Adonidia,SPECIES,HUMAN_OBSERVATION,2011-03-08T11:59:12Z,2011,-70.137,19.622,105,7a3679ef-5582-4aaa-81f0-8c2545cafc81,,,09,03,GASPAR HERNÁNDEZ,010903,874cf20c3ffffff
o-1020814303,5109967981,Cocos nucifera,Cocos nucifera L.,Arecaceae,Cocos,SPECIES,HUMAN_OBSERVATION,2011-03-05T11:06:49Z,2011,-70.137282,19.621948,NA,7a3679ef-5582-4aaa-81f0-8c2545cafc81,,,09,03,GASPAR HERNÁNDEZ,010903,874cf20c3ffffff
o-1020814309,5109800827,Cocos nucifera,Cocos nucifera L.,Arecaceae,Cocos,SPECIES,HUMAN_OBSERVATION,2011-03-05T11:07:21Z,2011,-70.137282,19.621948,NA,7a3679ef-5582-4aaa-81f0-8c2545cafc81,,,09,03,GASPAR HERNÁNDEZ,010903,874cf20c3ffffff
o-1020814386,5109928238,Chrysalidocarpus lutescens,Dypsis lutescens (H.Wendl.) Beentje & J.Dransf.,Arecaceae,Chrysalidocarpus,SPECIES,HUMAN_OBSERVATION,2011-03-10T11:11:36Z,2011,-70.137282,19.621948,NA,7a3679ef-5582-4aaa-81f0-8c2545cafc81,,,09,03,GASPAR HERNÁNDEZ,010903,874cf20c3ffffff
o-1020823874,5109989018,Roystonea borinquena,Roystonea borinquena O.F.Cook,Arecaceae,Roystonea,SPECIES,HUMAN_OBSERVATION,2011-03-06T11:33:55Z,2011,-70.137282,19.621948,NA,7a3679ef-5582-4aaa-81f0-8c2545cafc81,,,09,03,GASPAR HERNÁNDEZ,010903,874cf20c3ffffff
o-1023869764,5110135265,Drymaria cordata,Drymaria cordata (L.) Willd. ex Schult.,Caryophyllaceae,Drymaria,SPECIES,HUMAN_OBSERVATION,2024-07-28T09:02:32Z,2024,-70.364248,19.651657,9,7a3679ef-5582-4aaa-81f0-8c2545cafc81,,,09,03,GASPAR HERNÁNDEZ,010903,874cf244effffff
o-1024674683,5110466792,Agave fourcroydes,Agave fourcroydes Lem.,Asparagaceae,Agave,SPECIES,HUMAN_OBSERVATION,2011-03-09T11:03:20Z,2011,-70.137373,19.620427,NA,7a3679ef-5582-4aaa-81f0-8c2545cafc81,,,09,03,GASPAR HERNÁNDEZ,010903,874cf20c3ffffff
o-1024675438,5110279006,Thunbergia grandiflora,Thunbergia grandiflora (Roxb. ex Rottler) Roxb.,Acanthaceae,Thunbergia,SPECIES,HUMAN_OBSERVATION,2011-03-08T11:47:43Z,2011,-70.137373,19.620427,NA,7a3679ef-5582-4aaa-81f0-8c2545cafc81,,,09,03,GASPAR HERNÁNDEZ,010903,874cf20c3ffffff
o-1024704044,5110462844,Hedychium coronarium,Hedychium coronarium J.Koenig,Zingiberaceae,Hedychium,SPECIES,HUMAN_OBSERVATION,2024-09-20T19:02:41Z,2024,-70.403647,19.567622,9,7a3679ef-5582-4aaa-81f0-8c2545cafc81,,,09,03,GASPAR HERNÁNDEZ,010903,874cf2786ffffff
q-10062432509,2647974549,Ricinus communis,Ricinus communis L.,Euphorbiaceae,Ricinus,SPECIES,HUMAN_OBSERVATION,2019-02-28T13:22:13.683Z,2019,-70.350983,19.674994,14,14d5676a-2c54-4f94-9023-1e8dcd822aa0,,,09,03,GASPAR HERNÁNDEZ,010903,874cf246affffff
q-10062440647,2648024995,Ricinus communis,Ricinus communis L.,Euphorbiaceae,Ricinus,SPECIES,HUMAN_OBSERVATION,2019-02-28T15:16:41.183Z,2019,-70.350983,19.674994,14,14d5676a-2c54-4f94-9023-1e8dcd822aa0,,,09,03,GASPAR HERNÁNDEZ,010903,874cf246affffff
q-10219417856,3952805978,Plumeria rubra,Plumeria rubra L.,Apocynaceae,Plumeria,SPECIES,HUMAN_OBSERVATION,2020-07-18T12:11:09.571Z,2020,-70.363502,19.668245,NA,14d5676a-2c54-4f94-9023-1e8dcd822aa0,,,09,03,GASPAR HERNÁNDEZ,010903,874cf2441ffffff
q-10219423600,3952598820,Plumeria obtusa,Plumeria obtusa L.,Apocynaceae,Plumeria,SPECIES,HUMAN_OBSERVATION,2020-07-18T12:18:03.763Z,2020,-70.363525,19.668253,NA,14d5676a-2c54-4f94-9023-1e8dcd822aa0,,,09,03,GASPAR HERNÁNDEZ,010903,874cf2441ffffff
q-10231281459,3952407855,Passiflora foetida,Passiflora foetida L.,Passifloraceae,Passiflora,SPECIES,HUMAN_OBSERVATION,2020-08-04T14:45:29.680Z,2020,-70.363235,19.668106,NA,14d5676a-2c54-4f94-9023-1e8dcd822aa0,,,09,03,GASPAR HERNÁNDEZ,010903,874cf2441ffffff
q-10497873087,3952633431,Syzygium cumini,Syzygium cumini (L.) Skeels,Myrtaceae,Syzygium,SPECIES,HUMAN_OBSERVATION,2021-10-25T13:57:39.234Z,2021,-70.370551,19.657947,9,14d5676a-2c54-4f94-9023-1e8dcd822aa0,,,09,03,GASPAR HERNÁNDEZ,010903,874cf244effffff
q-10671113370,3998129813,Acacia mangium,Acacia mangium Willd.,Fabaceae,Acacia,SPECIES,HUMAN_OBSERVATION,2022-08-13T01:22:18.425Z,2022,-70.365913,19.65285,2458,14d5676a-2c54-4f94-9023-1e8dcd822aa0,,,09,03,GASPAR HERNÁNDEZ,010903,874cf244effffff
q-10690946089,3998214136,Parmentiera aculeata,Parmentiera aculeata (Kunth) L.O.Williams,Bignoniaceae,Parmentiera,SPECIES,HUMAN_OBSERVATION,2022-09-12T15:01:04.407Z,2022,-70.171648,19.609781,13,14d5676a-2c54-4f94-9023-1e8dcd822aa0,,,09,03,GASPAR HERNÁNDEZ,010903,874cf20deffffff
urn:catalog:MO:Tropicos:101195906,2806608591,Diospyros crassinervis,Diospyros crassinervis subsp. urbaniana (Leonard) Alain,Ebenaceae,Diospyros,SUBSPECIES,PRESERVED_SPECIMEN,1982-10-13,1982,-70.25,19.633333,NA,e053ff53-c156-4e2e-b9b5-4462e9625424,U,Tropicos,09,03,GASPAR HERNÁNDEZ,010903,874cf2722ffffff
urn:catalog:MO:Tropicos:101195908,2806599593,Diospyros crassinervis,Diospyros crassinervis subsp. urbaniana (Leonard) Alain,Ebenaceae,Diospyros,SUBSPECIES,PRESERVED_SPECIMEN,1990-02-13,1990,-70.216667,19.633333,NA,e053ff53-c156-4e2e-b9b5-4462e9625424,S,Tropicos,09,03,GASPAR HERNÁNDEZ,010903,874cf2721ffffff
urn:catalog:MO:Tropicos:102309631,4062102474,Eugenia pseudopsidium,Eugenia pseudopsidium Jacq.,Myrtaceae,Eugenia,SPECIES,PRESERVED_SPECIMEN,1990-02-13,1990,-70.21666,19.63333,NA,e053ff53-c156-4e2e-b9b5-4462e9625424,IBE,Tropicos,09,03,GASPAR HERNÁNDEZ,010903,874cf2721ffffff
urn:catalog:MO:Tropicos:103145174,4062085842,Diospyros crassinervis,Diospyros crassinervis subsp. urbaniana (Leonard) Alain,Ebenaceae,Diospyros,SUBSPECIES,PRESERVED_SPECIMEN,1982-10-13,1982,-70.25,19.633333,NA,e053ff53-c156-4e2e-b9b5-4462e9625424,NY,Tropicos,09,03,GASPAR HERNÁNDEZ,010903,874cf2722ffffff
urn:catalog:MO:Tropicos:104345079,5832034101,Chromolaena sinuata,Chromolaena sinuata (Lam.) R.M.King & H.Rob.,Asteraceae,Chromolaena,SPECIES,PRESERVED_SPECIMEN,1982-10-13,1982,-70.25,19.633333,NA,7bd65a7a-f762-11e1-a439-00145eb45e9a,MO,Tropicos,09,03,GASPAR HERNÁNDEZ,010903,874cf2722ffffff
urn:catalog:MO:Tropicos:104909202,5903666688,Isidorea pedicellaris,Isidorea pedicellaris Urb. & Ekman,Rubiaceae,Isidorea,SPECIES,PRESERVED_SPECIMEN,2001-07-31,2001,-70.216667,19.633333,NA,7bd65a7a-f762-11e1-a439-00145eb45e9a,MO,Tropicos,09,03,GASPAR HERNÁNDEZ,010903,874cf2721ffffff
urn:catalog:MO:Tropicos:104910166,5903667299,Isidorea pedicellaris,Isidorea pedicellaris Urb. & Ekman,Rubiaceae,Isidorea,SPECIES,PRESERVED_SPECIMEN,2001-07-31,2001,-70.216667,19.633333,NA,7bd65a7a-f762-11e1-a439-00145eb45e9a,MO,Tropicos,09,03,GASPAR HERNÁNDEZ,010903,874cf2721ffffff
urn:catalog:MO:Tropicos:104910171,5903667528,Guettarda L.,Guettarda L.,Rubiaceae,Guettarda,GENUS,PRESERVED_SPECIMEN,2001-07-31,2001,-70.216667,19.633333,NA,7bd65a7a-f762-11e1-a439-00145eb45e9a,MO,Tropicos,09,03,GASPAR HERNÁNDEZ,010903,874cf2721ffffff
urn:catalog:MO:Tropicos:104910172,5903667566,Psychotria L.,Psychotria L.,Rubiaceae,Psychotria,GENUS,PRESERVED_SPECIMEN,2001-07-31,2001,-70.216667,19.633333,NA,7bd65a7a-f762-11e1-a439-00145eb45e9a,MO,Tropicos,09,03,GASPAR HERNÁNDEZ,010903,874cf2721ffffff
urn:catalog:MO:Tropicos:104910174,5903667872,Guettarda pungens,Guettarda pungens Urb.,Rubiaceae,Guettarda,SPECIES,PRESERVED_SPECIMEN,2001-07-31,2001,-70.216667,19.633333,NA,7bd65a7a-f762-11e1-a439-00145eb45e9a,MO,Tropicos,09,03,GASPAR HERNÁNDEZ,010903,874cf2721ffffff
urn:catalog:MO:Tropicos:104910176,5903667838,Isidorea pedicellaris,Isidorea pedicellaris Urb. & Ekman,Rubiaceae,Isidorea,SPECIES,PRESERVED_SPECIMEN,2001-07-31,2001,-70.216667,19.633333,NA,7bd65a7a-f762-11e1-a439-00145eb45e9a,MO,Tropicos,09,03,GASPAR HERNÁNDEZ,010903,874cf2721ffffff
urn:catalog:MO:Tropicos:104910180,5903668146,Rondeletia christii,Rondeletia christii Urb.,Rubiaceae,Rondeletia,SPECIES,PRESERVED_SPECIMEN,2001-07-31,2001,-70.216667,19.633333,NA,7bd65a7a-f762-11e1-a439-00145eb45e9a,MO,Tropicos,09,03,GASPAR HERNÁNDEZ,010903,874cf2721ffffff
urn:catalog:MO:Tropicos:104910185,5903667639,Guettarda L.,Guettarda L.,Rubiaceae,Guettarda,GENUS,PRESERVED_SPECIMEN,2001-07-31,2001,-70.216667,19.633333,NA,7bd65a7a-f762-11e1-a439-00145eb45e9a,MO,Tropicos,09,03,GASPAR HERNÁNDEZ,010903,874cf2721ffffff
urn:catalog:MO:Tropicos:104910189,5903667729,Isidorea pedicellaris,Isidorea pedicellaris Urb. & Ekman,Rubiaceae,Isidorea,SPECIES,PRESERVED_SPECIMEN,2001-07-31,2001,-70.216667,19.633333,NA,7bd65a7a-f762-11e1-a439-00145eb45e9a,MO,Tropicos,09,03,GASPAR HERNÁNDEZ,010903,874cf2721ffffff
urn:catalog:MO:Tropicos:104916316,5909462582,Psychotria plumieri,Psychotria plumieri Urb.,Rubiaceae,Psychotria,SPECIES,PRESERVED_SPECIMEN,2001-07-31,2001,-70.216667,19.633333,NA,7bd65a7a-f762-11e1-a439-00145eb45e9a,MO,Tropicos,09,03,GASPAR HERNÁNDEZ,010903,874cf2721ffffff
urn:catalog:MO:Tropicos:104963050,5931943248,Pyrrhobryum spiniforme,Pyrrhobryum spiniforme (Hedw.) Mitt.,Calomniaceae,Pyrrhobryum,SPECIES,PRESERVED_SPECIMEN,1991-08-17,1991,-70.283333,19.583333,NA,7bd65a7a-f762-11e1-a439-00145eb45e9a,MO,Tropicos,09,03,GASPAR HERNÁNDEZ,010903,874cf271cffffff
urn:catalog:MO:Tropicos:104963051,5931943269,Thamnobryum fasciculatum,Thamnobryum fasciculatum (Sw. ex Hedw.) I. Sastre,Neckeraceae,Thamnobryum,SPECIES,PRESERVED_SPECIMEN,1991-08-17,1991,-70.283333,19.583333,NA,7bd65a7a-f762-11e1-a439-00145eb45e9a,MO,Tropicos,09,03,GASPAR HERNÁNDEZ,010903,874cf271cffffff
urn:catalog:MO:Tropicos:104963052,5931943332,Macromitrium scoparium,Macromitrium scoparium Mitt.,Orthotrichaceae,Macromitrium,SPECIES,PRESERVED_SPECIMEN,1991-08-17,1991,-70.233333,19.633333,NA,7bd65a7a-f762-11e1-a439-00145eb45e9a,MO,Tropicos,09,03,GASPAR HERNÁNDEZ,010903,874cf2720ffffff
urn:catalog:MO:Tropicos:104963053,5931943437,Radula pallens,Radula kegelii Gottsche ex Steph.,Radulaceae,Radula,SPECIES,PRESERVED_SPECIMEN,1991-08-17,1991,-70.283333,19.583333,NA,7bd65a7a-f762-11e1-a439-00145eb45e9a,MO,Tropicos,09,03,GASPAR HERNÁNDEZ,010903,874cf271cffffff
urn:catalog:MO:Tropicos:104963054,5931943666,Lepyrodontopsis trichophylla,Lepyrodontopsis trichophylla (Sw. ex Hedw.) Broth.,Meteoriaceae,Lepyrodontopsis,SPECIES,PRESERVED_SPECIMEN,1991-08-17,1991,-70.233333,19.633333,NA,7bd65a7a-f762-11e1-a439-00145eb45e9a,MO,Tropicos,09,03,GASPAR HERNÁNDEZ,010903,874cf2720ffffff
urn:catalog:MO:Tropicos:104963055,5931943916,Macromitrium scoparium,Macromitrium scoparium Mitt.,Orthotrichaceae,Macromitrium,SPECIES,PRESERVED_SPECIMEN,1991-08-17,1991,-70.233333,19.633333,NA,7bd65a7a-f762-11e1-a439-00145eb45e9a,MO,Tropicos,09,03,GASPAR HERNÁNDEZ,010903,874cf2720ffffff
urn:catalog:MO:Tropicos:104963056,5931943894,Herbertus juniperoideus,Herbertus juniperoideus (Sw.) Grolle,Herbertaceae,Herbertus,SPECIES,PRESERVED_SPECIMEN,1991-08-17,1991,-70.233333,19.633333,NA,7bd65a7a-f762-11e1-a439-00145eb45e9a,MO,Tropicos,09,03,GASPAR HERNÁNDEZ,010903,874cf2720ffffff
urn:catalog:MO:Tropicos:104963057,5931943733,Metzgeria albinea,Metzgeria albinea Spruce,Metzgeriaceae,Metzgeria,SPECIES,PRESERVED_SPECIMEN,1991-08-17,1991,-70.233333,19.633333,NA,7bd65a7a-f762-11e1-a439-00145eb45e9a,MO,Tropicos,09,03,GASPAR HERNÁNDEZ,010903,874cf2720ffffff
urn:catalog:MO:Tropicos:104963058,5931943870,Lejeunea debilis,Lejeunea debilis (Lehm. & Lindenb.) Nees & Mont.,Lejeuneaceae,Lejeunea,SPECIES,PRESERVED_SPECIMEN,1991-08-17,1991,-70.233333,19.633333,NA,7bd65a7a-f762-11e1-a439-00145eb45e9a,MO,Tropicos,09,03,GASPAR HERNÁNDEZ,010903,874cf2720ffffff
urn:catalog:MO:Tropicos:104963059,5931943755,Rhaphidostichum acestrostegium,Rhaphidostichum acestrostegium (Sull.) W.R. Buck,Sematophyllaceae,Rhaphidostichum,SPECIES,PRESERVED_SPECIMEN,1991-08-17,1991,-70.233333,19.633333,NA,7bd65a7a-f762-11e1-a439-00145eb45e9a,MO,Tropicos,09,03,GASPAR HERNÁNDEZ,010903,874cf2720ffffff
urn:catalog:MO:Tropicos:104963060,5931944326,Leucobryum bowringii,Leucobryum bowringii Mitt.,Leucobryaceae,Leucobryum,SPECIES,PRESERVED_SPECIMEN,1991-08-17,1991,-70.233333,19.633333,NA,7bd65a7a-f762-11e1-a439-00145eb45e9a,MO,Tropicos,09,03,GASPAR HERNÁNDEZ,010903,874cf2720ffffff
urn:catalog:MO:Tropicos:104963061,5931944483,Plagiochila crispabilis,Plagiochila patentissima Lindenb.,Plagiochilaceae,Plagiochila,SPECIES,PRESERVED_SPECIMEN,1991-08-17,1991,-70.233333,19.633333,NA,7bd65a7a-f762-11e1-a439-00145eb45e9a,MO,Tropicos,09,03,GASPAR HERNÁNDEZ,010903,874cf2720ffffff
urn:catalog:MO:Tropicos:104963062,5931944189,Leiomitra tomentosa,Trichocolea tomentosa (Sw.) Gottsche,Trichocoleaceae,Leiomitra,SPECIES,PRESERVED_SPECIMEN,1991-08-17,1991,-70.233333,19.633333,NA,7bd65a7a-f762-11e1-a439-00145eb45e9a,MO,Tropicos,09,03,GASPAR HERNÁNDEZ,010903,874cf2720ffffff
urn:catalog:MO:Tropicos:104963063,5931944227,Bazzania aurescens,Bazzania aurescens Spruce,Lepidoziaceae,Bazzania,SPECIES,PRESERVED_SPECIMEN,1991-08-17,1991,-70.233333,19.633333,NA,7bd65a7a-f762-11e1-a439-00145eb45e9a,MO,Tropicos,09,03,GASPAR HERNÁNDEZ,010903,874cf2720ffffff
urn:catalog:MO:Tropicos:104963064,5931944241,Plagiochila adianthoides,Plagiochila adianthoides (Sw.) Lindenb.,Plagiochilaceae,Plagiochila,SPECIES,PRESERVED_SPECIMEN,1991-08-17,1991,-70.233333,19.633333,NA,7bd65a7a-f762-11e1-a439-00145eb45e9a,MO,Tropicos,09,03,GASPAR HERNÁNDEZ,010903,874cf2720ffffff
urn:catalog:MO:Tropicos:2317642,1259619769,Lasiacis divaricata,Lasiacis divaricata var. divaricata,Poaceae,Lasiacis,VARIETY,PRESERVED_SPECIMEN,1984-07-19,1984,-70.21666,19.63333,NA,7bd65a7a-f762-11e1-a439-00145eb45e9a,MO,Tropicos,09,03,GASPAR HERNÁNDEZ,010903,874cf2721ffffff
urn:catalog:MO:Tropicos:2581364,1259910204,Plantae,Plantae,,,KINGDOM,PRESERVED_SPECIMEN,1984-07-19,1984,-70.21666,19.63333,NA,7bd65a7a-f762-11e1-a439-00145eb45e9a,MO,Tropicos,09,03,GASPAR HERNÁNDEZ,010903,874cf2721ffffff
urn:catalog:MO:Tropicos:3151096,1260538680,Eugenia pseudopsidium,Eugenia pseudopsidium Jacq.,Myrtaceae,Eugenia,SPECIES,PRESERVED_SPECIMEN,1990-02-13,1990,-70.21666,19.63333,NA,7bd65a7a-f762-11e1-a439-00145eb45e9a,MO,Tropicos,09,03,GASPAR HERNÁNDEZ,010903,874cf2721ffffff
urn:catalog:MO:Tropicos:3152135,1260539828,Myrcia splendens,Myrcia splendens (Sw.) DC.,Myrtaceae,Myrcia,SPECIES,PRESERVED_SPECIMEN,1982-10-14,1982,-70.25,19.63333,NA,7bd65a7a-f762-11e1-a439-00145eb45e9a,MO,Tropicos,09,03,GASPAR HERNÁNDEZ,010903,874cf2722ffffff
urn:catalog:MO:Tropicos:3153846,1260541608,Myrcia splendens,Myrcia splendens (Sw.) DC.,Myrtaceae,Myrcia,SPECIES,PRESERVED_SPECIMEN,1984-07-19,1984,-70.21666,19.63333,NA,7bd65a7a-f762-11e1-a439-00145eb45e9a,MO,Tropicos,09,03,GASPAR HERNÁNDEZ,010903,874cf2721ffffff
