occurrenceID,gbifID,especie,scientificName,family,genus,taxonRank,basisOfRecord,eventDate,year,decimalLongitude,decimalLatitude,coordinateUncertaintyInMeters,datasetKey,institutionCode,collectionCode,provincia_codigo,municipio_codigo,municipio,id_municipio,hex_id
0004d5fa-3a11-4284-912c-728dfcb5dcd8,1927768392,Chrysophyllum argenteum,Chrysophyllum argenteum Jacq.,Sapotaceae,Chrysophyllum,SPECIES,PRESERVED_SPECIMEN,1980-12-01,1980,-70.18,18.7417,NA,d415c253-4d61-4459-9d25-4015b9084fb0,NY,NY,21,05,VILLA ALTAGRACIA,052105,874cd40ceffffff
00e31747-a493-4430-978e-a421cb35cc9f,1927780571,Diplazium striatum,Diplazium striatum (L.) C.Presl,Athyriaceae,Diplazium,SPECIES,PRESERVED_SPECIMEN,1984-08-24,1984,-70.22,18.58,NA,d415c253-4d61-4459-9d25-4015b9084fb0,NY,NY,21,05,VILLA ALTAGRACIA,052105,874cd4666ffffff
0142116C-41A1-4422-9337-B68D4B35278E,122983984,Peperomia rotundifolia,Peperomia rotundifolia (L.) Kunth,Piperaceae,Peperomia,SPECIES,PRESERVED_SPECIMEN,1981-07-28,1981,-70.25,18.75,NA,832cb04e-f762-11e1-a439-00145eb45e9a,FTG,Herbarium,21,05,VILLA ALTAGRACIA,052105,874cd40deffffff
01a8e2e4-8316-4aee-b3e0-5ee87913526d,1457744239,Miconia acuminoides,"Miconia acuminoides Skean, Judd & Majure",Melastomataceae,Miconia,SPECIES,PRESERVED_SPECIMEN,1984-07-25,1984,-70.216667,18.583333,NA,b89d52a2-861d-4388-adad-c0da3d55fc78,UF,,21,05,VILLA ALTAGRACIA,052105,874cd4666ffffff
04858efd-d3c8-4fde-ace9-b8726c938b88,1927831764,Allamanda cathartica,Allamanda cathartica L.,Apocynaceae,Allamanda,SPECIES,PRESERVED_SPECIMEN,,NA,-70.2,18.6,NA,d415c253-4d61-4459-9d25-4015b9084fb0,NY,NY,21,05,VILLA ALTAGRACIA,052105,874cd474affffff
053E2A53-D476-46D0-9B57-ED87172830C1,122938646,Hexasepalum sarmentosum,Diodia sarmentosa Sw.,Rubiaceae,Hexasepalum,SPECIES,PRESERVED_SPECIMEN,,NA,-70.2167,18.6,NA,832cb04e-f762-11e1-a439-00145eb45e9a,FTG,Herbarium,21,05,VILLA ALTAGRACIA,052105,874cd4759ffffff
059A064F-03C3-4799-9354-13955ACAA3C0,153282298,Syzygium jambos,Syzygium jambos (L.) Alston,Myrtaceae,Syzygium,SPECIES,PRESERVED_SPECIMEN,1981-07-15,1981,-70.25,18.75,NA,832cb04e-f762-11e1-a439-00145eb45e9a,FTG,Herbarium,21,05,VILLA ALTAGRACIA,052105,874cd40deffffff
065D09EA-E060-4B1C-AB47-A2309AB26867,1503218482,Heliconia caribaea,Heliconia caribaea Lam.,Heliconiaceae,Heliconia,SPECIES,PRESERVED_SPECIMEN,1984-03-28,1984,-70.2333,18.55,NA,af1b4db0-c8ce-4a95-b700-8a6a02bed9d6,USF,Herb,21,05,VILLA ALTAGRACIA,052105,874cd4644ffffff
081d07a0-16ea-4874-b55c-a27398c407f0,4079747400,Elephantopus mollis,Elephantopus mollis Kunth,Asteraceae,Elephantopus,SPECIES,PRESERVED_SPECIMEN,1954-11-05,1954,-70.271927,18.794504,863,3b040a48-deae-485c-95b1-2ac80b7fdc54,IIBZ,USD,21,05,VILLA ALTAGRACIA,052105,874cd40d6ffffff
08A4081E-C743-4303-B808-44ED89FF6CC6,122898493,Agalinis fasciculata,Agalinis fasciculata (Elliott) Raf.,Orobanchaceae,Agalinis,SPECIES,PRESERVED_SPECIMEN,1981-07-15,1981,-70.25,18.75,NA,832cb04e-f762-11e1-a439-00145eb45e9a,FTG,Herbarium,21,05,VILLA ALTAGRACIA,052105,874cd40deffffff
0CCE1ADE-A233-4083-AAD9-55497CB6C2B1,122924049,Chrysophyllum argenteum,Chrysophyllum argenteum Jacq.,Sapotaceae,Chrysophyllum,SPECIES,PRESERVED_SPECIMEN,1980-12-01,1980,-70.1833,18.7417,NA,832cb04e-f762-11e1-a439-00145eb45e9a,FTG,Herbarium,21,05,VILLA ALTAGRACIA,052105,874cd40ceffffff
0CD89299-B063-49CA-92AD-1479541AED97,122981987,Passiflora suberosa,Passiflora suberosa L.,Passifloraceae,Passiflora,SPECIES,PRESERVED_SPECIMEN,1981-01-15,1981,-70.1417,18.5333,NA,832cb04e-f762-11e1-a439-00145eb45e9a,FTG,Herbarium,21,05,VILLA ALTAGRACIA,052105,874cd429effffff
0F5A2B12-F544-477B-9190-16023FAB8B5C,1503209263,Miconia bicolor,Miconia bicolor (Mill.) Triana,Melastomataceae,Miconia,SPECIES,PRESERVED_SPECIMEN,1981-07-28,1981,-70.25,18.75,NA,af1b4db0-c8ce-4a95-b700-8a6a02bed9d6,USF,Herb,21,05,VILLA ALTAGRACIA,052105,874cd40deffffff
0a42cd2f-9fc5-48af-88d2-d8ec019d8e58,1927912916,Gibasis geniculata,Gibasis geniculata (Jacq.) Rohweder,Commelinaceae,Gibasis,SPECIES,PRESERVED_SPECIMEN,1984-08-24,1984,-70.22,18.58,NA,d415c253-4d61-4459-9d25-4015b9084fb0,NY,NY,21,05,VILLA ALTAGRACIA,052105,874cd4666ffffff
0aab5bdd-b5e0-4cd2-bf2f-5032e6427658,1927918195,Heliconia bihai,Heliconia bihai (L.) L.,Heliconiaceae,Heliconia,SPECIES,PRESERVED_SPECIMEN,1984-08-24,1984,-70.22,18.58,NA,d415c253-4d61-4459-9d25-4015b9084fb0,NY,NY,21,05,VILLA ALTAGRACIA,052105,874cd4666ffffff
0c1be861-ffd3-4a54-a87d-ea5173a7b127,1301254118,Oryza sativa,Oryza sativa L.,Poaceae,Oryza,SPECIES,OCCURRENCE,,NA,-70.16285,18.70125,NA,07044577-bd82-4089-9f3a-f4a9d2170b2e,Bioversity-SINGER,,21,05,VILLA ALTAGRACIA,052105,874cd4396ffffff
0c8609a6-f92f-46eb-80d6-8caef1b78807,1927944373,Syngonium podophyllum,Syngonium podophyllum Schott,Araceae,Syngonium,SPECIES,PRESERVED_SPECIMEN,1980-12-01,1980,-70.18,18.7417,NA,d415c253-4d61-4459-9d25-4015b9084fb0,NY,NY,21,05,VILLA ALTAGRACIA,052105,874cd40ceffffff
0dd81cd9-3783-421c-bb62-b4917ea516ba,1927963078,Alpinia zerumbet,Alpinia zerumbet (Pers.) B.L.Burtt & R.M.Sm.,Zingiberaceae,Alpinia,SPECIES,PRESERVED_SPECIMEN,1981-01-15,1981,-70.1417,18.53,NA,d415c253-4d61-4459-9d25-4015b9084fb0,NY,NY,21,05,VILLA ALTAGRACIA,052105,874cd466dffffff
1258fcfa-fb61-4666-8467-7349398e9b4a,1928026352,Macrothelypteris torresiana,Thelypteris torresiana (Gaudich.) Alston,Thelypteridaceae,Macrothelypteris,SPECIES,PRESERVED_SPECIMEN,1984-04-02,1984,-70.22,18.6,NA,d415c253-4d61-4459-9d25-4015b9084fb0,NY,NY,21,05,VILLA ALTAGRACIA,052105,874cd4759ffffff
13a09b6b-5405-4c17-967c-7e0f6cebc1b3,1928045284,Cyperus iria,Cyperus iria L.,Cyperaceae,Cyperus,SPECIES,PRESERVED_SPECIMEN,1984-07-19,1984,-70.17,18.67,NA,d415c253-4d61-4459-9d25-4015b9084fb0,NY,NY,21,05,VILLA ALTAGRACIA,052105,874cd476cffffff
13adff15-9583-46ee-85b3-73ed7aaa23ac,1928045335,Eragrostis tenella,Eragrostis tenella (L.) P.Beauv. ex Roem. & Schult.,Poaceae,Eragrostis,SPECIES,PRESERVED_SPECIMEN,1984-08-24,1984,-70.22,18.58,NA,d415c253-4d61-4459-9d25-4015b9084fb0,NY,NY,21,05,VILLA ALTAGRACIA,052105,874cd4666ffffff
1498d6d2-bed4-47d7-b61d-357c37a9ceac,4432719303,Anthurium scandens,Anthurium scandens (Aubl.) Engl.,Araceae,Anthurium,SPECIES,PRESERVED_SPECIMEN,1998-07-11,1998,-70.291667,18.708333,NA,b89d52a2-861d-4388-adad-c0da3d55fc78,UF,,21,05,VILLA ALTAGRACIA,052105,874cd470cffffff
15244E90-5D05-4A88-9E5B-843461E370B5,1503218462,Heliconia caribaea,Heliconia caribaea Lam.,Heliconiaceae,Heliconia,SPECIES,PRESERVED_SPECIMEN,1984-03-28,1984,-70.2333,18.55,NA,af1b4db0-c8ce-4a95-b700-8a6a02bed9d6,USF,Herb,21,05,VILLA ALTAGRACIA,052105,874cd4644ffffff
16a36c47-b266-4c87-b43f-56669c6417c9,1928087772,Odontosoria aculeata,Odontosoria aculeata (L.) J.Sm.,Lindsaeaceae,Odontosoria,SPECIES,PRESERVED_SPECIMEN,1981-07-28,1981,-70.25,18.75,NA,d415c253-4d61-4459-9d25-4015b9084fb0,NY,NY,21,05,VILLA ALTAGRACIA,052105,874cd40deffffff
17b1cfb7-4150-490a-bc13-886eb6e9986f,1928101670,Hyptis capitata,Hyptis capitata Jacq.,Lamiaceae,Hyptis,SPECIES,PRESERVED_SPECIMEN,1981-01-15,1981,-70.1417,18.53,NA,d415c253-4d61-4459-9d25-4015b9084fb0,NY,NY,21,05,VILLA ALTAGRACIA,052105,874cd466dffffff
17bdc609-afc2-4f17-a602-028d2c38b458,1928102536,Oldenlandia corymbosa,Oldenlandia corymbosa L.,Rubiaceae,Oldenlandia,SPECIES,PRESERVED_SPECIMEN,1983-11-09,1983,-70.23,18.75,NA,d415c253-4d61-4459-9d25-4015b9084fb0,NY,NY,21,05,VILLA ALTAGRACIA,052105,874cd40dcffffff
18955033,6271663437,"Chlorophyta Reichenbach, 1828","Chlorophyta Reichenbach, 1828",,,PHYLUM,MATERIAL_SAMPLE,2021-11-19,2021,-70.1691,18.5956,NA,bd14614c-4d72-4763-8710-1cea514311cc,,,21,05,VILLA ALTAGRACIA,052105,874cd4749ffffff
18956631,6272115944,"Prototheca W. Krüger in Zopf, 1894","Prototheca W. Krüger in Zopf, 1894",Chlorellaceae,Prototheca,GENUS,MATERIAL_SAMPLE,2021-11-19,2021,-70.1691,18.5956,NA,bd14614c-4d72-4763-8710-1cea514311cc,,,21,05,VILLA ALTAGRACIA,052105,874cd4749ffffff
19071011,6272063871,"Chlorophyta Reichenbach, 1828","Chlorophyta Reichenbach, 1828",,,PHYLUM,MATERIAL_SAMPLE,2021-11,2021,-70.2361,18.7216,NA,bd14614c-4d72-4763-8710-1cea514311cc,,,21,05,VILLA ALTAGRACIA,052105,874cd40dbffffff
19071015,6271988092,"Chlorophyta Reichenbach, 1828","Chlorophyta Reichenbach, 1828",,,PHYLUM,MATERIAL_SAMPLE,2021-11,2021,-70.2361,18.7216,NA,bd14614c-4d72-4763-8710-1cea514311cc,,,21,05,VILLA ALTAGRACIA,052105,874cd40dbffffff
19071034,6271891048,Uronema trentonense,Uronema trentonense K.W.Lee,Chaetophoraceae,Uronema,SPECIES,MATERIAL_SAMPLE,2021-11,2021,-70.2361,18.7216,NA,bd14614c-4d72-4763-8710-1cea514311cc,,,21,05,VILLA ALTAGRACIA,052105,874cd40dbffffff
19071085,6271851400,"Botryosphaerella P.C. Silva, 1970","Botryosphaerella P.C. Silva, 1970",Sphaeropleaceae,Botryosphaerella,GENUS,MATERIAL_SAMPLE,2021-11,2021,-70.2361,18.7216,NA,bd14614c-4d72-4763-8710-1cea514311cc,,,21,05,VILLA ALTAGRACIA,052105,874cd40dbffffff
19071166,6271876718,"Eremochloris K. Fucüková, P.O. Lewis & L.A. Lewis, 2014","Eremochloris K. Fucüková, P.O. Lewis & L.A. Lewis, 2014",,Eremochloris,GENUS,MATERIAL_SAMPLE,2021-11,2021,-70.2361,18.7216,NA,bd14614c-4d72-4763-8710-1cea514311cc,,,21,05,VILLA ALTAGRACIA,052105,874cd40dbffffff
19071214,6271858194,"Helicodictyon L.A.Whitford & G.J.Schumacher, 1996","Helicodictyon L.A.Whitford & G.J.Schumacher, 1996",Chaetophoraceae,Helicodictyon,GENUS,MATERIAL_SAMPLE,2021-11,2021,-70.2361,18.7216,NA,bd14614c-4d72-4763-8710-1cea514311cc,,,21,05,VILLA ALTAGRACIA,052105,874cd40dbffffff
19071312,6271921442,"Oedogonium Link ex Hirn, 1900","Oedogonium Link ex Hirn, 1900",Oedogoniaceae,Oedogonium,GENUS,MATERIAL_SAMPLE,2021-11,2021,-70.2361,18.7216,NA,bd14614c-4d72-4763-8710-1cea514311cc,,,21,05,VILLA ALTAGRACIA,052105,874cd40dbffffff
19071404,6271808645,"Sphaeropleales Luerssen, 1877","Sphaeropleales Luerssen, 1877",,,ORDER,MATERIAL_SAMPLE,2021-11,2021,-70.2361,18.7216,NA,bd14614c-4d72-4763-8710-1cea514311cc,,,21,05,VILLA ALTAGRACIA,052105,874cd40dbffffff
19072235,6272101559,"Chlamydomonas Ehrenberg, 1833","Chlamydomonas Ehrenberg, 1833",Chlamydomonadaceae,Chlamydomonas,GENUS,MATERIAL_SAMPLE,2021-11,2021,-70.2361,18.7216,NA,bd14614c-4d72-4763-8710-1cea514311cc,,,21,05,VILLA ALTAGRACIA,052105,874cd40dbffffff
19072316,6272035434,"Sphaeropleales Luerssen, 1877","Sphaeropleales Luerssen, 1877",,,ORDER,MATERIAL_SAMPLE,2021-11,2021,-70.2361,18.7216,NA,bd14614c-4d72-4763-8710-1cea514311cc,,,21,05,VILLA ALTAGRACIA,052105,874cd40dbffffff
19072610,6271820628,"Enallax Pascher, 1943","Enallax Pascher, 1943",Scenedesmaceae,Enallax,GENUS,MATERIAL_SAMPLE,2021-11,2021,-70.2361,18.7216,NA,bd14614c-4d72-4763-8710-1cea514311cc,,,21,05,VILLA ALTAGRACIA,052105,874cd40dbffffff
19072652,6271873968,"Neochloris Starr, 1955","Neochloris Starr, 1955",Neochloridaceae,Neochloris,GENUS,MATERIAL_SAMPLE,2021-11,2021,-70.2361,18.7216,NA,bd14614c-4d72-4763-8710-1cea514311cc,,,21,05,VILLA ALTAGRACIA,052105,874cd40dbffffff
19073635,6272024741,Chlamydomonadaceae F.Stein,Chlamydomonadaceae F.Stein,Chlamydomonadaceae,,FAMILY,MATERIAL_SAMPLE,2021-11,2021,-70.2361,18.7216,NA,bd14614c-4d72-4763-8710-1cea514311cc,,,21,05,VILLA ALTAGRACIA,052105,874cd40dbffffff
19073712,6271918111,"Neochloridaceae Ettl & Komárek, 1982","Neochloridaceae Ettl & Komárek, 1982",Neochloridaceae,,FAMILY,MATERIAL_SAMPLE,2021-11,2021,-70.2361,18.7216,NA,bd14614c-4d72-4763-8710-1cea514311cc,,,21,05,VILLA ALTAGRACIA,052105,874cd40dbffffff
19073779,6272055692,"Chlorellales Bold & M.J.Wynne, 1978","Chlorellales Bold & M.J.Wynne, 1978",,,ORDER,MATERIAL_SAMPLE,2021-11,2021,-70.2361,18.7216,NA,bd14614c-4d72-4763-8710-1cea514311cc,,,21,05,VILLA ALTAGRACIA,052105,874cd40dbffffff
19074103,6272000443,"Chlorellales Bold & M.J.Wynne, 1978","Chlorellales Bold & M.J.Wynne, 1978",,,ORDER,MATERIAL_SAMPLE,2021-11,2021,-70.2361,18.7216,NA,bd14614c-4d72-4763-8710-1cea514311cc,,,21,05,VILLA ALTAGRACIA,052105,874cd40dbffffff
19074128,6272069469,"Chlorellales Bold & M.J.Wynne, 1978","Chlorellales Bold & M.J.Wynne, 1978",,,ORDER,MATERIAL_SAMPLE,2021-11,2021,-70.2361,18.7216,NA,bd14614c-4d72-4763-8710-1cea514311cc,,,21,05,VILLA ALTAGRACIA,052105,874cd40dbffffff
19074359,6272087225,"Chlorellales Bold & M.J.Wynne, 1978","Chlorellales Bold & M.J.Wynne, 1978",,,ORDER,MATERIAL_SAMPLE,2021-11,2021,-70.2361,18.7216,NA,bd14614c-4d72-4763-8710-1cea514311cc,,,21,05,VILLA ALTAGRACIA,052105,874cd40dbffffff
19074817,6271664154,"Sphaeropleales Luerssen, 1877","Sphaeropleales Luerssen, 1877",,,ORDER,MATERIAL_SAMPLE,2021-11,2021,-70.2361,18.7216,NA,bd14614c-4d72-4763-8710-1cea514311cc,,,21,05,VILLA ALTAGRACIA,052105,874cd40dbffffff
19074960,6271858537,"Chlorophyta Reichenbach, 1828","Chlorophyta Reichenbach, 1828",,,PHYLUM,MATERIAL_SAMPLE,2021-11,2021,-70.2361,18.7216,NA,bd14614c-4d72-4763-8710-1cea514311cc,,,21,05,VILLA ALTAGRACIA,052105,874cd40dbffffff
19076244,6271869772,"Chlorophyta Reichenbach, 1828","Chlorophyta Reichenbach, 1828",,,PHYLUM,MATERIAL_SAMPLE,2021-11,2021,-70.2361,18.7216,NA,bd14614c-4d72-4763-8710-1cea514311cc,,,21,05,VILLA ALTAGRACIA,052105,874cd40dbffffff
19079183,6271695848,Chlamydomonadaceae F.Stein,Chlamydomonadaceae F.Stein,Chlamydomonadaceae,,FAMILY,MATERIAL_SAMPLE,2021-11,2021,-70.2361,18.7216,NA,bd14614c-4d72-4763-8710-1cea514311cc,,,21,05,VILLA ALTAGRACIA,052105,874cd40dbffffff
195d7765-63d0-495b-83de-73e32bc12e05,1928125342,Piper aduncum,Piper aduncum L.,Piperaceae,Piper,SPECIES,PRESERVED_SPECIMEN,1980-12-01,1980,-70.18,18.7417,NA,d415c253-4d61-4459-9d25-4015b9084fb0,NY,NY,21,05,VILLA ALTAGRACIA,052105,874cd40ceffffff
19ed79cc-7003-42e6-9ac2-bf5ca7872b6b,2270477560,Myrtaceae Juss.,Myrtaceae Juss.,Myrtaceae,,FAMILY,PRESERVED_SPECIMEN,1994-04-22,1994,-70.2417,18.6417,NA,e05fd4c2-4d77-4c50-880e-1b22096af300,ASU,Plants,21,05,VILLA ALTAGRACIA,052105,874cd4742ffffff
1a1ad557-01d5-4230-9481-62f6d4640e42,1928135906,Solanum torvum,Solanum torvum Sw.,Solanaceae,Solanum,SPECIES,PRESERVED_SPECIMEN,1984-04-02,1984,-70.22,18.6,NA,d415c253-4d61-4459-9d25-4015b9084fb0,NY,NY,21,05,VILLA ALTAGRACIA,052105,874cd4759ffffff
1a711f50-ea64-4bdf-85dc-5f0da32b81f4,4900710586,Drymaria cordata,Drymaria cordata (L.) Willd. ex Schult.,Caryophyllaceae,Drymaria,SPECIES,PRESERVED_SPECIMEN,1980-06-10,1980,-70.303418,18.718527,3000,453e3294-97ef-4e1c-87cb-1ef7c5351d8e,DEK,,21,05,VILLA ALTAGRACIA,052105,874cd470cffffff
1d27447e-4de3-4c50-afcd-237e6f8f610d,1928182190,Asplenium cristatum,Asplenium cristatum Lam.,Aspleniaceae,Asplenium,SPECIES,PRESERVED_SPECIMEN,1984-08-24,1984,-70.22,18.58,NA,d415c253-4d61-4459-9d25-4015b9084fb0,NY,NY,21,05,VILLA ALTAGRACIA,052105,874cd4666ffffff
1e29db6c-8c4e-4e58-98de-4cffd13819cf,4079747621,Lepidaploa sprengeliana,Lepidaploa sprengeliana (Sch.Bip.) H.Rob.,Asteraceae,Lepidaploa,SPECIES,PRESERVED_SPECIMEN,1994-11-12,1994,-70.15554,18.665201,215,3b040a48-deae-485c-95b1-2ac80b7fdc54,IIBZ,USD,21,05,VILLA ALTAGRACIA,052105,874cd476cffffff
1f80cbeb-6934-45f4-8065-907ab5072753,1928215271,Adiantum pyramidale,Adiantum pyramidale (L.) Willd.,Pteridaceae,Adiantum,SPECIES,PRESERVED_SPECIMEN,1980-12-01,1980,-70.18,18.7417,NA,d415c253-4d61-4459-9d25-4015b9084fb0,NY,NY,21,05,VILLA ALTAGRACIA,052105,874cd40ceffffff
2028170f-c84a-475b-ad6a-f2ec158cb1f5,1928224386,Miconia umbellata,Clidemia umbellata (Mill.) L.O.Williams,Melastomataceae,Miconia,SPECIES,PRESERVED_SPECIMEN,1980-12-01,1980,-70.18,18.7417,NA,d415c253-4d61-4459-9d25-4015b9084fb0,NY,NY,21,05,VILLA ALTAGRACIA,052105,874cd40ceffffff
20da8859-bf4b-4a6e-8b8f-50965da95ad5,1928234358,Barbieria pinnata,Barbieria pinnata (Pers.) Baill.,Fabaceae,Barbieria,SPECIES,PRESERVED_SPECIMEN,1980-12-01,1980,-70.18,18.7417,NA,d415c253-4d61-4459-9d25-4015b9084fb0,NY,NY,21,05,VILLA ALTAGRACIA,052105,874cd40ceffffff
22829c12-5a8c-47e3-9897-7d50af734915,1928258320,Tolumnia variegata,Tolumnia variegata (Sw.) Braem,Orchidaceae,Tolumnia,SPECIES,PRESERVED_SPECIMEN,1981-01-15,1981,-70.125,18.52,NA,d415c253-4d61-4459-9d25-4015b9084fb0,NY,NY,21,05,VILLA ALTAGRACIA,052105,874cd429affffff
231222D2-F5F2-4590-A61D-7E80D9C51EFA,122986023,Piper amalago,Piper amalago L.,Piperaceae,Piper,SPECIES,PRESERVED_SPECIMEN,1984-08-24,1984,-70.2167,18.5833,NA,832cb04e-f762-11e1-a439-00145eb45e9a,FTG,Herbarium,21,05,VILLA ALTAGRACIA,052105,874cd4666ffffff
24c8f42a-186e-47b9-b1d0-c1ad63127095,1928289432,Scleria gaertneri,Scleria gaertneri Raddi,Cyperaceae,Scleria,SPECIES,PRESERVED_SPECIMEN,1980-12-01,1980,-70.18,18.7417,NA,d415c253-4d61-4459-9d25-4015b9084fb0,NY,NY,21,05,VILLA ALTAGRACIA,052105,874cd40ceffffff
266af8e7-cb8d-4048-b854-0684fa902296,1457756880,Miconia bicolor,Miconia bicolor var. bicolor,Melastomataceae,Miconia,VARIETY,PRESERVED_SPECIMEN,1981-07-28,1981,-70.25,18.75,NA,b89d52a2-861d-4388-adad-c0da3d55fc78,UF,,21,05,VILLA ALTAGRACIA,052105,874cd40deffffff
2683325f-1d8c-4296-ae6c-97c63d555b05,1928313187,Epidendrum rigidum,Epidendrum rigidum Jacq.,Orchidaceae,Epidendrum,SPECIES,PRESERVED_SPECIMEN,1992-03-21,1992,-70.15,18.58,NA,d415c253-4d61-4459-9d25-4015b9084fb0,NY,NY,21,05,VILLA ALTAGRACIA,052105,874cd4294ffffff
28176883-1f1c-4bac-9089-bfb16dc7dcef,1457757455,Miconia racemosa,Miconia racemosa (Aubl.) DC.,Melastomataceae,Miconia,SPECIES,PRESERVED_SPECIMEN,1980-06-11,1980,-70.266667,18.8,NA,b89d52a2-861d-4388-adad-c0da3d55fc78,UF,,21,05,VILLA ALTAGRACIA,052105,874cd40d4ffffff
2963113f-24c4-4f0c-a564-46bb7960f1b2,1928354344,Lyonia truncata,Lyonia truncata subsp. montecristina (Urb. & Ekman) Borhidi,Ericaceae,Lyonia,SUBSPECIES,PRESERVED_SPECIMEN,1981-07-29,1981,-70.25,18.75,NA,d415c253-4d61-4459-9d25-4015b9084fb0,NY,NY,21,05,VILLA ALTAGRACIA,052105,874cd40deffffff
2af92201-a154-4cac-9936-977ffd96ce56,2609466706,Miconia bicolor,Miconia bicolor var. bicolor,Melastomataceae,Miconia,VARIETY,PRESERVED_SPECIMEN,1981-07-29,1981,-70.25,18.75,NA,b89d52a2-861d-4388-adad-c0da3d55fc78,UF,,21,05,VILLA ALTAGRACIA,052105,874cd40deffffff
2c0f7ba8-08ad-4570-93c6-fefb92d375eb,1928393029,Guarea guidonia,Guarea guidonia (L.) Sleumer,Meliaceae,Guarea,SPECIES,PRESERVED_SPECIMEN,1980-12-01,1980,-70.18,18.7417,NA,d415c253-4d61-4459-9d25-4015b9084fb0,NY,NY,21,05,VILLA ALTAGRACIA,052105,874cd40ceffffff
2c109f6e-fbf5-40fa-a81d-456ac22c1be2,1928392951,Blechnum occidentale,Blechnum occidentale L.,Blechnaceae,Blechnum,SPECIES,PRESERVED_SPECIMEN,1980-12-01,1980,-70.18,18.7417,NA,d415c253-4d61-4459-9d25-4015b9084fb0,NY,NY,21,05,VILLA ALTAGRACIA,052105,874cd40ceffffff
2cfde2e7-bb52-4ed8-8e46-ecbd31afb468,1928406370,Lygodium oligostachyum,Lygodium oligostachyum (Willd.) Desv.,Lygodiaceae,Lygodium,SPECIES,PRESERVED_SPECIMEN,1984-07-25,1984,-70.22,18.58,NA,d415c253-4d61-4459-9d25-4015b9084fb0,NY,NY,21,05,VILLA ALTAGRACIA,052105,874cd4666ffffff
2e4a703a-139f-4314-8c2c-2e657696c94f,1457759509,Miconia laevigata,Miconia laevigata (L.) DC.,Melastomataceae,Miconia,SPECIES,PRESERVED_SPECIMEN,1984-08-24,1984,-70.216667,18.583333,NA,b89d52a2-861d-4388-adad-c0da3d55fc78,UF,,21,05,VILLA ALTAGRACIA,052105,874cd4666ffffff
30c6dab6-814e-4ccb-8d25-3e36acea014e,1928458631,Eleocharis elegans,Eleocharis elegans (Kunth) Roem. & Schult.,Cyperaceae,Eleocharis,SPECIES,PRESERVED_SPECIMEN,1980-12-01,1980,-70.18,18.7417,NA,d415c253-4d61-4459-9d25-4015b9084fb0,NY,NY,21,05,VILLA ALTAGRACIA,052105,874cd40ceffffff
31376f05-d464-43cd-99f4-4433a2308932,1928464381,Gonzalagunia hirsuta,Gonzalagunia hirsuta (Jacq.) K.Schum.,Rubiaceae,Gonzalagunia,SPECIES,PRESERVED_SPECIMEN,1980-12-01,1980,-70.18,18.7417,NA,d415c253-4d61-4459-9d25-4015b9084fb0,NY,NY,21,05,VILLA ALTAGRACIA,052105,874cd40ceffffff
31c0f834-3c65-4d9a-9b82-57842f046f16,1457760726,Miconia samanensis,Miconia samanensis Urb.,Melastomataceae,Miconia,SPECIES,PRESERVED_SPECIMEN,1981-07-29,1981,-70.233333,18.75,NA,b89d52a2-861d-4388-adad-c0da3d55fc78,UF,,21,05,VILLA ALTAGRACIA,052105,874cd40dcffffff
33f2bccb-d790-4336-b8bc-3ea1efe10b0c,1928503166,Ludwigia erecta,Ludwigia erecta (L.) H.Hara,Onagraceae,Ludwigia,SPECIES,PRESERVED_SPECIMEN,1989-08-04,1989,-70.22,18.62,NA,d415c253-4d61-4459-9d25-4015b9084fb0,NY,NY,21,05,VILLA ALTAGRACIA,052105,874cd475dffffff
356c116b-df1a-498b-a61f-22852030d2fc,1928523417,Aristolochia ringens,Aristolochia ringens Vahl,Aristolochiaceae,Aristolochia,SPECIES,PRESERVED_SPECIMEN,1981-01-15,1981,-70.1417,18.53,NA,d415c253-4d61-4459-9d25-4015b9084fb0,NY,NY,21,05,VILLA ALTAGRACIA,052105,874cd466dffffff
36B2879C-F03A-489F-9569-5C51309A1568,1503216901,Allamanda cathartica,Allamanda cathartica L.,Apocynaceae,Allamanda,SPECIES,PRESERVED_SPECIMEN,,NA,-70.2,18.6,NA,af1b4db0-c8ce-4a95-b700-8a6a02bed9d6,USF,Herb,21,05,VILLA ALTAGRACIA,052105,874cd474affffff
37593aff-8982-4db8-bac5-b0235e7becd1,1928551036,Cyathea arborea,Cyathea arborea (L.) Sm.,Cyatheaceae,Cyathea,SPECIES,PRESERVED_SPECIMEN,1984-08-24,1984,-70.22,18.58,NA,d415c253-4d61-4459-9d25-4015b9084fb0,NY,NY,21,05,VILLA ALTAGRACIA,052105,874cd4666ffffff
375967e2-c440-4795-ba2e-df7cca44dd00,1928550892,Hyperbaena domingensis,Hyperbaena domingensis (DC.) Benth.,Menispermaceae,Hyperbaena,SPECIES,PRESERVED_SPECIMEN,1984-07-25,1984,-70.22,18.58,NA,d415c253-4d61-4459-9d25-4015b9084fb0,NY,NY,21,05,VILLA ALTAGRACIA,052105,874cd4666ffffff
37ac08bb-36ac-45e6-be96-4e0f5fa6e4ca,1928555560,Mikania micrantha,Mikania micrantha Kunth,Asteraceae,Mikania,SPECIES,PRESERVED_SPECIMEN,1980-12-01,1980,-70.18,18.7417,NA,d415c253-4d61-4459-9d25-4015b9084fb0,NY,NY,21,05,VILLA ALTAGRACIA,052105,874cd40ceffffff
39f25d42-11a6-41da-a8c5-04fe373c42eb,1928587792,Didymopanax morototoni,"Schefflera morototoni (Aubl.) Maguire, Steyerm. & Frodin",Araliaceae,Didymopanax,SPECIES,PRESERVED_SPECIMEN,1984-07-25,1984,-70.22,18.58,NA,d415c253-4d61-4459-9d25-4015b9084fb0,NY,NY,21,05,VILLA ALTAGRACIA,052105,874cd4666ffffff
3a899793-d4f1-4dcb-b011-f7e62798e791,1457763731,Eugenia dictyophylla,Eugenia dictyophylla Urb.,Myrtaceae,Eugenia,SPECIES,PRESERVED_SPECIMEN,1994-06-14,1994,-70.266667,18.666667,NA,b89d52a2-861d-4388-adad-c0da3d55fc78,UF,,21,05,VILLA ALTAGRACIA,052105,874cd4754ffffff
3b498813-ad0d-4ca8-b3e5-4b6c7151604b,4079747630,Lepidaploa sprengeliana,Lepidaploa sprengeliana (Sch.Bip.) H.Rob.,Asteraceae,Lepidaploa,SPECIES,PRESERVED_SPECIMEN,1994-11-12,1994,-70.15554,18.665201,215,3b040a48-deae-485c-95b1-2ac80b7fdc54,IIBZ,USD,21,05,VILLA ALTAGRACIA,052105,874cd476cffffff
3b9dc7c1-3420-4be1-b7cc-2ce65d6b742a,1928611734,Parathesis crenulata,Parathesis crenulata (Vent.) Hook.fil. ex Hemsl.,Primulaceae,Parathesis,SPECIES,PRESERVED_SPECIMEN,1984-08-24,1984,-70.22,18.58,NA,d415c253-4d61-4459-9d25-4015b9084fb0,NY,NY,21,05,VILLA ALTAGRACIA,052105,874cd4666ffffff
3c3b134e-9d69-4dd8-9e94-f60109173844,1928619833,Tarenaya spinosa,Tarenaya spinosa (Jacq.) Raf.,Cleomaceae,Tarenaya,SPECIES,PRESERVED_SPECIMEN,1987-04-02,1987,-70.23,18.63,NA,d415c253-4d61-4459-9d25-4015b9084fb0,NY,NY,21,05,VILLA ALTAGRACIA,052105,874cd475cffffff
3cd3288c-1803-4e3f-8868-1d9b1562f522,4079747699,Pseudelephantopus spicatus,Pseudelephantopus spicatus (Juss. ex Aubl.) C.F.Baker,Asteraceae,Pseudelephantopus,SPECIES,PRESERVED_SPECIMEN,1955-12-11,1955,-70.271927,18.794504,863,3b040a48-deae-485c-95b1-2ac80b7fdc54,IIBZ,USD,21,05,VILLA ALTAGRACIA,052105,874cd40d6ffffff
3daeec6d-9145-4da4-a026-90916303cbba,1928641315,Asplenium formosum,Asplenium formosum Willd.,Aspleniaceae,Asplenium,SPECIES,PRESERVED_SPECIMEN,1984-08-24,1984,-70.22,18.58,NA,d415c253-4d61-4459-9d25-4015b9084fb0,NY,NY,21,05,VILLA ALTAGRACIA,052105,874cd4666ffffff
3f65b608-4ed6-48e7-879b-892867a7f8fe,1928664897,Heliotropium indicum,Heliotropium indicum L.,Heliotropiaceae,Heliotropium,SPECIES,PRESERVED_SPECIMEN,1981-01-15,1981,-70.15,18.6,NA,d415c253-4d61-4459-9d25-4015b9084fb0,NY,NY,21,05,VILLA ALTAGRACIA,052105,874cd42b2ffffff
42a4767e-2633-4c0e-b36e-c1f18f587645,1928710835,Heliconia bihai,Heliconia bihai (L.) L.,Heliconiaceae,Heliconia,SPECIES,PRESERVED_SPECIMEN,1984-08-24,1984,-70.22,18.58,NA,d415c253-4d61-4459-9d25-4015b9084fb0,NY,NY,21,05,VILLA ALTAGRACIA,052105,874cd4666ffffff
450d35da-6076-407a-ac3f-02acc4941233,1928744144,Elephantopus mollis,Elephantopus mollis Kunth,Asteraceae,Elephantopus,SPECIES,PRESERVED_SPECIMEN,1980-12-01,1980,-70.18,18.7417,NA,d415c253-4d61-4459-9d25-4015b9084fb0,NY,NY,21,05,VILLA ALTAGRACIA,052105,874cd40ceffffff
450fecf2-7eec-473a-a953-1c4c93854c71,1928744753,Bixa orellana,Bixa orellana L.,Bixaceae,Bixa,SPECIES,PRESERVED_SPECIMEN,1981-01-15,1981,-70.1417,18.53,NA,d415c253-4d61-4459-9d25-4015b9084fb0,NY,NY,21,05,VILLA ALTAGRACIA,052105,874cd466dffffff
47F701AA-9E53-42DF-9CFA-7E3AFF4F9594,1503218814,Tillandsia polystachia,Tillandsia polystachia (L.) L.,Bromeliaceae,Tillandsia,SPECIES,PRESERVED_SPECIMEN,1984-03-28,1984,-70.2333,18.55,NA,af1b4db0-c8ce-4a95-b700-8a6a02bed9d6,USF,Herb,21,05,VILLA ALTAGRACIA,052105,874cd4644ffffff
47ec6b96-35a5-47cd-954a-8261b20cb12f,1928785702,Pharus lappulaceus,Pharus lappulaceus Aubl.,Poaceae,Pharus,SPECIES,PRESERVED_SPECIMEN,1984-08-24,1984,-70.22,18.58,NA,d415c253-4d61-4459-9d25-4015b9084fb0,NY,NY,21,05,VILLA ALTAGRACIA,052105,874cd4666ffffff
4a4e5e4f-94bb-4170-b118-6e6081054ad5,1301254226,Oryza sativa,Oryza sativa L.,Poaceae,Oryza,SPECIES,OCCURRENCE,,NA,-70.16285,18.70125,NA,07044577-bd82-4089-9f3a-f4a9d2170b2e,Bioversity-SINGER,,21,05,VILLA ALTAGRACIA,052105,874cd4396ffffff
4a74cae6-8fab-4e1a-8e35-d98aa157a58b,1928821439,Cyperus compressus,Cyperus compressus L.,Cyperaceae,Cyperus,SPECIES,PRESERVED_SPECIMEN,1984-08-24,1984,-70.22,18.58,NA,d415c253-4d61-4459-9d25-4015b9084fb0,NY,NY,21,05,VILLA ALTAGRACIA,052105,874cd4666ffffff
4b3e8787-a643-4998-b5a4-56033e3cb39f,1928832190,Microgramma lycopodioides,Microgramma lycopodioides (L.) Copel.,Polypodiaceae,Microgramma,SPECIES,PRESERVED_SPECIMEN,1980-12-01,1980,-70.18,18.7417,NA,d415c253-4d61-4459-9d25-4015b9084fb0,NY,NY,21,05,VILLA ALTAGRACIA,052105,874cd40ceffffff
4c1f64b0-fdb3-4099-9955-66a3ba24242b,1301254140,Oryza sativa,Oryza sativa L.,Poaceae,Oryza,SPECIES,OCCURRENCE,,NA,-70.16285,18.70125,NA,07044577-bd82-4089-9f3a-f4a9d2170b2e,Bioversity-SINGER,,21,05,VILLA ALTAGRACIA,052105,874cd4396ffffff
4d68943b-a09f-49c4-923d-490ac67c34c3,1928862351,Gonzalagunia hirsuta,Gonzalagunia hirsuta (Jacq.) K.Schum.,Rubiaceae,Gonzalagunia,SPECIES,PRESERVED_SPECIMEN,1984-08-24,1984,-70.22,18.58,NA,d415c253-4d61-4459-9d25-4015b9084fb0,NY,NY,21,05,VILLA ALTAGRACIA,052105,874cd4666ffffff
4da69fce-ee2c-4018-8075-8b55f9a9eee9,1928866125,Triumfetta semitriloba,Triumfetta semitriloba Jacq.,Malvaceae,Triumfetta,SPECIES,PRESERVED_SPECIMEN,1980-12-01,1980,-70.18,18.7417,NA,d415c253-4d61-4459-9d25-4015b9084fb0,NY,NY,21,05,VILLA ALTAGRACIA,052105,874cd40ceffffff
4eae6853-3f3e-41ba-b6d0-3db7fd0c45f9,1301875148,Oryza sativa,Oryza sativa L.,Poaceae,Oryza,SPECIES,OCCURRENCE,,NA,-70.16285,18.70125,NA,07044577-bd82-4089-9f3a-f4a9d2170b2e,Bioversity-SINGER,,21,05,VILLA ALTAGRACIA,052105,874cd4396ffffff
4f051baf-6fcc-47a7-90e6-45c8334aaea5,1928885671,Christella dentata,Thelypteris dentata (Forssk.) E.P.St.John,Thelypteridaceae,Christella,SPECIES,PRESERVED_SPECIMEN,1984-04-02,1984,-70.22,18.6,NA,d415c253-4d61-4459-9d25-4015b9084fb0,NY,NY,21,05,VILLA ALTAGRACIA,052105,874cd4759ffffff
4f714ae8-4a8b-4c5b-8cd0-a59588e6867d,1928891330,Mickelia pergamentacea,"Mickelia pergamentacea (Maxon) R.C.Moran, Labiak & Sundue",Dryopteridaceae,Mickelia,SPECIES,PRESERVED_SPECIMEN,1984-08-24,1984,-70.22,18.58,NA,d415c253-4d61-4459-9d25-4015b9084fb0,NY,NY,21,05,VILLA ALTAGRACIA,052105,874cd4666ffffff
4fb941bd-9b1f-4ce0-9924-cd2d75510dac,1928895116,Asplenium abscissum,Asplenium abscissum Willd.,Aspleniaceae,Asplenium,SPECIES,PRESERVED_SPECIMEN,1984-07-25,1984,-70.22,18.58,NA,d415c253-4d61-4459-9d25-4015b9084fb0,NY,NY,21,05,VILLA ALTAGRACIA,052105,874cd4666ffffff
521F44DD-61D9-4E26-B70F-8DFD7A8BC34A,122968526,Ludwigia octovalvis,Ludwigia octovalvis (Jacq.) P.H.Raven,Onagraceae,Ludwigia,SPECIES,PRESERVED_SPECIMEN,1981-07-15,1981,-70.25,18.75,NA,832cb04e-f762-11e1-a439-00145eb45e9a,FTG,Herbarium,21,05,VILLA ALTAGRACIA,052105,874cd40deffffff
52cb67b5-63a1-4991-84bc-a575f1df6239,1928939008,Casearia arborea,Casearia arborea (Rich.) Urb.,Salicaceae,Casearia,SPECIES,PRESERVED_SPECIMEN,1984-07-25,1984,-70.22,18.58,NA,d415c253-4d61-4459-9d25-4015b9084fb0,NY,NY,21,05,VILLA ALTAGRACIA,052105,874cd4666ffffff
5412ee9f-68e8-4c98-92b1-9c8ce5a856ec,5859860348,Tabebuia revoluta,Tabebuia revoluta (Urb.) Britton,Bignoniaceae,Tabebuia,SPECIES,PRESERVED_SPECIMEN,2024-11-19,2024,-70.221906,18.561392,NA,b89d52a2-861d-4388-adad-c0da3d55fc78,UF,,21,05,VILLA ALTAGRACIA,052105,874cd4662ffffff
5501dcac-b14b-427f-b849-dfa901a3cc73,1928969735,Hamelia axillaris,Hamelia axillaris Sw.,Rubiaceae,Hamelia,SPECIES,PRESERVED_SPECIMEN,1984-08-24,1984,-70.22,18.58,NA,d415c253-4d61-4459-9d25-4015b9084fb0,NY,NY,21,05,VILLA ALTAGRACIA,052105,874cd4666ffffff
555f871e-7a3f-4790-a0cb-43878b143ac8,1928974673,Pityrogramma calomelanos,Pityrogramma calomelanos (L.) Link,Pteridaceae,Pityrogramma,SPECIES,PRESERVED_SPECIMEN,1980-12-01,1980,-70.18,18.7417,NA,d415c253-4d61-4459-9d25-4015b9084fb0,NY,NY,21,05,VILLA ALTAGRACIA,052105,874cd40ceffffff
56306606-bdbc-4d3f-8b66-a27dd67f578f,1928987050,Jasminum multiflorum,Jasminum multiflorum (Burm.fil.) Andrews,Oleaceae,Jasminum,SPECIES,PRESERVED_SPECIMEN,1981-01-15,1981,-70.12,18.52,NA,d415c253-4d61-4459-9d25-4015b9084fb0,NY,NY,21,05,VILLA ALTAGRACIA,052105,874cd4298ffffff
565DD6B4-68D2-4C08-8187-D43BE10F4C83,1503218803,Anthurium scandens,Anthurium scandens (Aubl.) Engl.,Araceae,Anthurium,SPECIES,PRESERVED_SPECIMEN,1984-03-28,1984,-70.2333,18.55,NA,af1b4db0-c8ce-4a95-b700-8a6a02bed9d6,USF,Herb,21,05,VILLA ALTAGRACIA,052105,874cd4644ffffff
57ae0011-fb3f-4437-8c8a-2ef06c19f950,4074294314,Miconia crenata,Miconia crenata (Vahl) Michelang.,Melastomataceae,Miconia,SPECIES,PRESERVED_SPECIMEN,2010-06-30,2010,-70.177367,18.704881,NA,b89d52a2-861d-4388-adad-c0da3d55fc78,UF,,21,05,VILLA ALTAGRACIA,052105,874cd4765ffffff
59d8896a-a30d-4b1e-acbe-44291144c8a7,1929038196,Christella dentata,Thelypteris dentata (Forssk.) E.P.St.John,Thelypteridaceae,Christella,SPECIES,PRESERVED_SPECIMEN,1980-12-01,1980,-70.18,18.7417,NA,d415c253-4d61-4459-9d25-4015b9084fb0,NY,NY,21,05,VILLA ALTAGRACIA,052105,874cd40ceffffff
5b3ce4f5-9b99-4e31-8002-9dea9bb1e11f,1929057683,Heliotropium angiospermum,Heliotropium angiospermum Murray,Heliotropiaceae,Heliotropium,SPECIES,PRESERVED_SPECIMEN,1981-01-15,1981,-70.12,18.52,NA,d415c253-4d61-4459-9d25-4015b9084fb0,NY,NY,21,05,VILLA ALTAGRACIA,052105,874cd4298ffffff
5b8dc44f-8e6b-40b7-befe-368cec57325c,1929062094,Lygodium venustum,Lygodium venustum Sw.,Lygodiaceae,Lygodium,SPECIES,PRESERVED_SPECIMEN,1981-01-15,1981,-70.12,18.52,NA,d415c253-4d61-4459-9d25-4015b9084fb0,NY,NY,21,05,VILLA ALTAGRACIA,052105,874cd4298ffffff
5b99e1e8-2da1-48c8-906c-a12ff59dbf0c,1929063034,Cyclopogon elatus,Cyclopogon elatus (Sw.) Schltr.,Orchidaceae,Cyclopogon,SPECIES,PRESERVED_SPECIMEN,1969-03-29,1969,-70.177236,18.693978,NA,d415c253-4d61-4459-9d25-4015b9084fb0,NY,NY,21,05,VILLA ALTAGRACIA,052105,874cd4765ffffff
5bb3a3df-185f-45ed-9a83-629e3f87916c,1301254067,Oryza sativa,Oryza sativa L.,Poaceae,Oryza,SPECIES,OCCURRENCE,,NA,-70.16285,18.70125,NA,07044577-bd82-4089-9f3a-f4a9d2170b2e,Bioversity-SINGER,,21,05,VILLA ALTAGRACIA,052105,874cd4396ffffff
5bd15865-0f87-47d9-9af5-7aa469f62c06,1929066017,Cissus L.,Cissus L.,Vitaceae,Cissus,GENUS,PRESERVED_SPECIMEN,1989-08-04,1989,-70.22,18.62,NA,d415c253-4d61-4459-9d25-4015b9084fb0,NY,NY,21,05,VILLA ALTAGRACIA,052105,874cd475dffffff
5bda72e8-bdb8-406b-a158-4f0390bf17fb,1055860425,Trichomanes osmundoides,Trichomanes osmundoides DC. ex Poir.,Hymenophyllaceae,Trichomanes,SPECIES,PRESERVED_SPECIMEN,1929-02-05,1929,-70.266694,18.783489,NA,7e380070-f762-11e1-a439-00145eb45e9a,NHMUK,BOT,21,05,VILLA ALTAGRACIA,052105,874cd40d0ffffff
5cac55d1-3ebf-411d-be3d-e49117ba63c5,4523215317,Miconia crenata,Miconia crenata (Vahl) Michelang.,Melastomataceae,Miconia,SPECIES,PRESERVED_SPECIMEN,1984-07-25,1984,-70.216667,18.583333,NA,b89d52a2-861d-4388-adad-c0da3d55fc78,UF,,21,05,VILLA ALTAGRACIA,052105,874cd4666ffffff
5cac782b-d524-49ba-a7e5-7119a5191a10,1301254162,Oryza sativa,Oryza sativa L.,Poaceae,Oryza,SPECIES,OCCURRENCE,,NA,-70.16285,18.70125,NA,07044577-bd82-4089-9f3a-f4a9d2170b2e,Bioversity-SINGER,,21,05,VILLA ALTAGRACIA,052105,874cd4396ffffff
5d0f46a0-11c0-4e8f-9c21-29bc9239cc1f,1929084731,Sida urens,Sida urens L.,Malvaceae,Sida,SPECIES,PRESERVED_SPECIMEN,1980-12-01,1980,-70.18,18.7417,NA,d415c253-4d61-4459-9d25-4015b9084fb0,NY,NY,21,05,VILLA ALTAGRACIA,052105,874cd40ceffffff
5d47c9ef-4c78-468f-8371-e4bf272511b6,4079747998,Blakella citriodora,Corymbia citriodora (Hook.) K.D.Hill & L.A.S.Johnson,Myrtaceae,Blakella,SPECIES,PRESERVED_SPECIMEN,1992-05-15,1992,-70.171431,18.674694,2934,3b040a48-deae-485c-95b1-2ac80b7fdc54,IIBZ,USD,21,05,VILLA ALTAGRACIA,052105,874cd4761ffffff
5d8f53ff-90a7-4072-b34c-efbd6cf99a72,1929092130,Blechnum occidentale,Blechnum occidentale L.,Blechnaceae,Blechnum,SPECIES,PRESERVED_SPECIMEN,1984-04-02,1984,-70.22,18.6,NA,d415c253-4d61-4459-9d25-4015b9084fb0,NY,NY,21,05,VILLA ALTAGRACIA,052105,874cd4759ffffff
5d90c56b-a7a4-40d6-95eb-d7623ee52b5c,1929091598,Nephrolepis hirsutula,Nephrolepis hirsutula (G.Forst.) C.Presl,Nephrolepidaceae,Nephrolepis,SPECIES,PRESERVED_SPECIMEN,1980-12-01,1980,-70.18,18.7417,NA,d415c253-4d61-4459-9d25-4015b9084fb0,NY,NY,21,05,VILLA ALTAGRACIA,052105,874cd40ceffffff
5ee61e3c-3ba3-4ef2-92be-d6d502739182,4079747674,Chaptalia nutans,Chaptalia nutans (L.) Hemsl.,Asteraceae,Chaptalia,SPECIES,PRESERVED_SPECIMEN,1994-03-12,1994,-70.15554,18.665201,215,3b040a48-deae-485c-95b1-2ac80b7fdc54,IIBZ,USD,21,05,VILLA ALTAGRACIA,052105,874cd476cffffff
606650f6-904b-4e71-b5d1-c678807c69d8,1929130639,Microlepia speluncae,Microlepia speluncae (L.) T.Moore,Dennstaedtiaceae,Microlepia,SPECIES,PRESERVED_SPECIMEN,1984-08-24,1984,-70.22,18.58,NA,d415c253-4d61-4459-9d25-4015b9084fb0,NY,NY,21,05,VILLA ALTAGRACIA,052105,874cd4666ffffff
61d8cb47-4006-48a6-b408-bd446f65e2d3,1457777255,Miconia laevigata,Miconia laevigata (L.) DC.,Melastomataceae,Miconia,SPECIES,PRESERVED_SPECIMEN,1984-04-02,1984,-70.216667,18.6,NA,b89d52a2-861d-4388-adad-c0da3d55fc78,UF,,21,05,VILLA ALTAGRACIA,052105,874cd4759ffffff
62a20520-ddc2-4dbd-be8a-e9e72efed1a0,1929162269,Tillandsia juncea,Tillandsia juncea (Ruiz & Pav.) Poir.,Bromeliaceae,Tillandsia,SPECIES,PRESERVED_SPECIMEN,1981-01-15,1981,-70.125,18.52,NA,d415c253-4d61-4459-9d25-4015b9084fb0,NY,NY,21,05,VILLA ALTAGRACIA,052105,874cd429affffff
63da7de4-7edc-4ae9-a41c-571d0cc4753f,1929180061,Mickelia pergamentacea,"Mickelia pergamentacea (Maxon) R.C.Moran, Labiak & Sundue",Dryopteridaceae,Mickelia,SPECIES,PRESERVED_SPECIMEN,1984-08-24,1984,-70.22,18.58,NA,d415c253-4d61-4459-9d25-4015b9084fb0,NY,NY,21,05,VILLA ALTAGRACIA,052105,874cd4666ffffff
646f3d91-a9bc-4889-9f10-698c8f2fd55f,1929188323,Neustanthus phaseoloides,Pueraria phaseoloides (Roxb.) Benth.,Fabaceae,Neustanthus,SPECIES,PRESERVED_SPECIMEN,1980-12-01,1980,-70.18,18.7417,NA,d415c253-4d61-4459-9d25-4015b9084fb0,NY,NY,21,05,VILLA ALTAGRACIA,052105,874cd40ceffffff
64f73ee2-39b8-48e1-bd7f-52d95f96d9ab,1929194189,Palicourea pubescens,Psychotria pubescens Sw.,Rubiaceae,Palicourea,SPECIES,PRESERVED_SPECIMEN,1984-08-24,1984,-70.22,18.58,NA,d415c253-4d61-4459-9d25-4015b9084fb0,NY,NY,21,05,VILLA ALTAGRACIA,052105,874cd4666ffffff
65352981-0c19-478d-af7c-8ff9fd7f3a45,1929198604,Piper glabrescens,Piper glabrescens (Miq.) C.DC.,Piperaceae,Piper,SPECIES,PRESERVED_SPECIMEN,1984-08-24,1984,-70.22,18.58,NA,d415c253-4d61-4459-9d25-4015b9084fb0,NY,NY,21,05,VILLA ALTAGRACIA,052105,874cd4666ffffff
6548f2c3-ac0e-4361-ae91-a4e922324dcb,1929199542,Cyathea arborea,Cyathea arborea (L.) Sm.,Cyatheaceae,Cyathea,SPECIES,PRESERVED_SPECIMEN,1984-04-02,1984,-70.22,18.6,NA,d415c253-4d61-4459-9d25-4015b9084fb0,NY,NY,21,05,VILLA ALTAGRACIA,052105,874cd4759ffffff
6757e405-fc25-4699-9bb7-8e2c30456211,2270674307,Eugenia dictyophylla,Eugenia dictyophylla Urb.,Myrtaceae,Eugenia,SPECIES,PRESERVED_SPECIMEN,1994-06-14,1994,-70.2667,18.6667,NA,e05fd4c2-4d77-4c50-880e-1b22096af300,ASU,Plants,21,05,VILLA ALTAGRACIA,052105,874cd4754ffffff
68306622-c7d0-4745-8c10-116c38b24386,1929240535,Passiflora suberosa,Passiflora suberosa subsp. suberosa,Passifloraceae,Passiflora,SUBSPECIES,PRESERVED_SPECIMEN,1981-01-15,1981,-70.1417,18.53,NA,d415c253-4d61-4459-9d25-4015b9084fb0,NY,NY,21,05,VILLA ALTAGRACIA,052105,874cd466dffffff
693fc740-0277-4107-b317-86fa1af857f8,1929255417,Hyparrhenia rufa,Hyparrhenia rufa (Nees) Stapf,Poaceae,Hyparrhenia,SPECIES,PRESERVED_SPECIMEN,1983-12-01,1983,-70.23,18.72,NA,d415c253-4d61-4459-9d25-4015b9084fb0,NY,NY,21,05,VILLA ALTAGRACIA,052105,874cd40dbffffff
69a3f2db-54da-41cf-98fd-6444a22115bb,1929260982,Mikania micrantha,Mikania micrantha Kunth,Asteraceae,Mikania,SPECIES,PRESERVED_SPECIMEN,1984-04-02,1984,-70.22,18.6,NA,d415c253-4d61-4459-9d25-4015b9084fb0,NY,NY,21,05,VILLA ALTAGRACIA,052105,874cd4759ffffff
6EAFBCE0-E2C3-42EC-88DB-191E673622C7,1503218812,Piper aduncum,Piper aduncum L.,Piperaceae,Piper,SPECIES,PRESERVED_SPECIMEN,1984-04-02,1984,-70.2167,18.6,NA,af1b4db0-c8ce-4a95-b700-8a6a02bed9d6,USF,Herb,21,05,VILLA ALTAGRACIA,052105,874cd4759ffffff
6FDD93DF-79CB-49D6-B917-8D2C83EFAAF5,123009935,Rubioideae Bremek. ex Verdc.,Rubioideae Bremek. ex Verdc.,Rubiaceae,,SUBFAMILY,PRESERVED_SPECIMEN,1980-12-01,1980,-70.1833,18.7417,NA,832cb04e-f762-11e1-a439-00145eb45e9a,FTG,Herbarium,21,05,VILLA ALTAGRACIA,052105,874cd40ceffffff
6aa21f44-64ef-42ab-bdae-eca18309ce9d,1929275292,Sauvagesia erecta,Sauvagesia erecta L.,Ochnaceae,Sauvagesia,SPECIES,PRESERVED_SPECIMEN,1980-12-01,1980,-70.18,18.7417,NA,d415c253-4d61-4459-9d25-4015b9084fb0,NY,NY,21,05,VILLA ALTAGRACIA,052105,874cd40ceffffff
6cbf67a6-e992-4ea0-9908-0acc74aad131,1929304695,Piper hispidum,Piper hispidum Sw.,Piperaceae,Piper,SPECIES,PRESERVED_SPECIMEN,1984-08-24,1984,-70.22,18.58,NA,d415c253-4d61-4459-9d25-4015b9084fb0,NY,NY,21,05,VILLA ALTAGRACIA,052105,874cd4666ffffff
6d4eddf6-460f-4fb2-8025-6d83ce093b97,1304204678,Solanum torvum,Solanum torvum Sw.,Solanaceae,Solanum,SPECIES,OCCURRENCE,,NA,-70.301493,18.705992,NA,07044577-bd82-4089-9f3a-f4a9d2170b2e,PBI_NHM,,21,05,VILLA ALTAGRACIA,052105,874cd470cffffff
6d8bcc7c-2eaa-4c30-8b69-2527b7b409eb,1929315545,Miconia racemosa,Miconia racemosa (Aubl.) DC.,Melastomataceae,Miconia,SPECIES,PRESERVED_SPECIMEN,1980-06-11,1980,-70.27,18.8,NA,d415c253-4d61-4459-9d25-4015b9084fb0,NY,NY,21,05,VILLA ALTAGRACIA,052105,874cd4089ffffff
6de995b1-4eae-4785-8d2e-66dd42743c41,1929320792,Miconia crenata,Clidemia hirta (L.) D.Don,Melastomataceae,Miconia,SPECIES,PRESERVED_SPECIMEN,1984-04-02,1984,-70.22,18.6,NA,d415c253-4d61-4459-9d25-4015b9084fb0,NY,NY,21,05,VILLA ALTAGRACIA,052105,874cd4759ffffff
6efee9a6-9953-485f-8b05-0ed6821aa40c,1929336402,Costus spicatus,Costus spicatus (Jacq.) Sw.,Costaceae,Costus,SPECIES,PRESERVED_SPECIMEN,1980-12-01,1980,-70.18,18.7417,NA,d415c253-4d61-4459-9d25-4015b9084fb0,NY,NY,21,05,VILLA ALTAGRACIA,052105,874cd40ceffffff
7179f16b-07ff-4dbe-b040-8f5eb9901cbd,1929371522,Blechnum occidentale,Blechnum occidentale L.,Blechnaceae,Blechnum,SPECIES,PRESERVED_SPECIMEN,1981-01-15,1981,-70.1417,18.53,NA,d415c253-4d61-4459-9d25-4015b9084fb0,NY,NY,21,05,VILLA ALTAGRACIA,052105,874cd466dffffff
71c6c186-5223-4b46-8e1e-0a955c010350,1929375341,Triumfetta lappula,Triumfetta lappula L.,Malvaceae,Triumfetta,SPECIES,PRESERVED_SPECIMEN,1980-12-01,1980,-70.18,18.7417,NA,d415c253-4d61-4459-9d25-4015b9084fb0,NY,NY,21,05,VILLA ALTAGRACIA,052105,874cd40ceffffff
726a97ac-7a37-4f8d-b580-cc938091140d,1929384491,Rhynchospora radicans,Rhynchospora radicans subsp. microcephala (Bertero ex Spreng.) W.W.Thomas,Cyperaceae,Rhynchospora,SUBSPECIES,PRESERVED_SPECIMEN,1980-12-01,1980,-70.18,18.7417,NA,d415c253-4d61-4459-9d25-4015b9084fb0,NY,NY,21,05,VILLA ALTAGRACIA,052105,874cd40ceffffff
76546863-7a43-4e4d-a652-0ca93906da1f,1929439812,Didymopanax morototoni,"Schefflera morototoni (Aubl.) Maguire, Steyerm. & Frodin",Araliaceae,Didymopanax,SPECIES,PRESERVED_SPECIMEN,1984-07-25,1984,-70.22,18.58,NA,d415c253-4d61-4459-9d25-4015b9084fb0,NY,NY,21,05,VILLA ALTAGRACIA,052105,874cd4666ffffff
78297622-d425-4544-b1a8-7d05c694c3de,1929465263,Borreria remota,Spermacoce remota Lam.,Rubiaceae,Borreria,SPECIES,PRESERVED_SPECIMEN,1980-12-01,1980,-70.18,18.7417,NA,d415c253-4d61-4459-9d25-4015b9084fb0,NY,NY,21,05,VILLA ALTAGRACIA,052105,874cd40ceffffff
78769008-ebc2-4019-a095-6ad3bf9017f1,1929470865,Dumortiera Nees,Dumortiera Nees,Dumortieraceae,Dumortiera,GENUS,PRESERVED_SPECIMEN,1984-04-02,1984,-70.22,18.6,NA,d415c253-4d61-4459-9d25-4015b9084fb0,NY,NY,21,05,VILLA ALTAGRACIA,052105,874cd4759ffffff
7882c9b9-f3b7-42d8-968c-1edf0e406e0b,1929470307,Tectaria incisa,Tectaria incisa Cav.,Tectariaceae,Tectaria,SPECIES,PRESERVED_SPECIMEN,1981-07-28,1981,-70.25,18.75,NA,d415c253-4d61-4459-9d25-4015b9084fb0,NY,NY,21,05,VILLA ALTAGRACIA,052105,874cd40deffffff
7BE357A9-D140-426D-B6C1-48DE24C94F3F,122967943,Ludwigia peruviana,Ludwigia peruviana (L.) H.Hara,Onagraceae,Ludwigia,SPECIES,PRESERVED_SPECIMEN,1981-07-15,1981,-70.25,18.75,NA,832cb04e-f762-11e1-a439-00145eb45e9a,FTG,Herbarium,21,05,VILLA ALTAGRACIA,052105,874cd40deffffff
7D779813-2F56-47A5-B1B6-D745F79E1741,1503209251,Miconia acuminoides,Ossaea acuminata DC.,Melastomataceae,Miconia,SPECIES,PRESERVED_SPECIMEN,1981-07-29,1981,-70.25,18.75,NA,af1b4db0-c8ce-4a95-b700-8a6a02bed9d6,USF,Herb,21,05,VILLA ALTAGRACIA,052105,874cd40deffffff
7DF2BF37-C883-49FA-8AB4-15D763BA574A,122987917,Piper glabrescens,Piper glabrescens (Miq.) C.DC.,Piperaceae,Piper,SPECIES,PRESERVED_SPECIMEN,1984-08-24,1984,-70.2167,18.5833,NA,832cb04e-f762-11e1-a439-00145eb45e9a,FTG,Herbarium,21,05,VILLA ALTAGRACIA,052105,874cd4666ffffff
7b57d1a8-ac94-436a-9d95-ce571e147e7f,1929510075,Malvaviscus penduliflorus,Malvaviscus penduliflorus DC.,Malvaceae,Malvaviscus,SPECIES,PRESERVED_SPECIMEN,1981-01-15,1981,-70.15,18.6,NA,d415c253-4d61-4459-9d25-4015b9084fb0,NY,NY,21,05,VILLA ALTAGRACIA,052105,874cd42b2ffffff
7bc08b23-034b-4b28-ba3e-62c9125a41a4,1929516233,Hymenophyllum Sm.,Hymenophyllum Sm.,Hymenophyllaceae,Hymenophyllum,GENUS,PRESERVED_SPECIMEN,1984-08-24,1984,-70.22,18.58,NA,d415c253-4d61-4459-9d25-4015b9084fb0,NY,NY,21,05,VILLA ALTAGRACIA,052105,874cd4666ffffff
7bee90ff-5b71-4cd2-a19b-1c79f648accd,1929518562,Tillandsia setacea,Tillandsia setacea Sw.,Bromeliaceae,Tillandsia,SPECIES,PRESERVED_SPECIMEN,1981-01-15,1981,-70.125,18.52,NA,d415c253-4d61-4459-9d25-4015b9084fb0,NY,NY,21,05,VILLA ALTAGRACIA,052105,874cd429affffff
80798C0A-B47A-499A-9B93-683845307BCC,122953182,Gonzalagunia hirsuta,Gonzalagunia hirsuta (Jacq.) K.Schum.,Rubiaceae,Gonzalagunia,SPECIES,PRESERVED_SPECIMEN,1980-12-01,1980,-70.1833,18.7333,NA,832cb04e-f762-11e1-a439-00145eb45e9a,FTG,Herbarium,21,05,VILLA ALTAGRACIA,052105,874cd40c8ffffff
80e13b79-920a-466d-82a2-af1d6d5dc761,1929588428,Miconia acuminoides,Mecranium acuminatum (DC.) Skean,Melastomataceae,Miconia,SPECIES,PRESERVED_SPECIMEN,1984-07-25,1984,-70.22,18.58,NA,d415c253-4d61-4459-9d25-4015b9084fb0,NY,NY,21,05,VILLA ALTAGRACIA,052105,874cd4666ffffff
8168160a-a711-42f4-8bed-fc16d6be7694,1929596328,Tectaria incisa,Tectaria incisa Cav.,Tectariaceae,Tectaria,SPECIES,PRESERVED_SPECIMEN,1984-08-24,1984,-70.22,18.58,NA,d415c253-4d61-4459-9d25-4015b9084fb0,NY,NY,21,05,VILLA ALTAGRACIA,052105,874cd4666ffffff
816BE228-4C23-4519-AE11-470897214EE8,1503211444,Adiantum fragile,Adiantum fragile Sw.,Pteridaceae,Adiantum,SPECIES,PRESERVED_SPECIMEN,1981-02-05,1981,-70.2721,18.6958,NA,af1b4db0-c8ce-4a95-b700-8a6a02bed9d6,USF,Herb,21,05,VILLA ALTAGRACIA,052105,874cd4772ffffff
83136310-90e3-4c0d-9571-b1b0e32527fe,1929619363,Anemia adiantifolia,Anemia adiantifolia (L.) Sw.,Anemiaceae,Anemia,SPECIES,PRESERVED_SPECIMEN,1981-07-28,1981,-70.25,18.75,NA,d415c253-4d61-4459-9d25-4015b9084fb0,NY,NY,21,05,VILLA ALTAGRACIA,052105,874cd40deffffff
83a5bfad-d517-4a7c-9752-17a3650cd5d0,1929627469,Thelypteris Schmidel,Thelypteris Schmidel,Thelypteridaceae,Thelypteris,GENUS,PRESERVED_SPECIMEN,1984-08-24,1984,-70.22,18.58,NA,d415c253-4d61-4459-9d25-4015b9084fb0,NY,NY,21,05,VILLA ALTAGRACIA,052105,874cd4666ffffff
84bbf8cd-734e-4792-9edf-bfc52988622d,1929642905,Hemidictyum marginatum,Hemidictyum marginatum (L.) C.Presl,Hemidictyaceae,Hemidictyum,SPECIES,PRESERVED_SPECIMEN,1984-07-25,1984,-70.22,18.58,NA,d415c253-4d61-4459-9d25-4015b9084fb0,NY,NY,21,05,VILLA ALTAGRACIA,052105,874cd4666ffffff
857fb764-6121-48f6-aceb-8984057bf602,1929654601,Cyathea arborea,Cyathea arborea (L.) Sm.,Cyatheaceae,Cyathea,SPECIES,PRESERVED_SPECIMEN,1984-08-24,1984,-70.22,18.58,NA,d415c253-4d61-4459-9d25-4015b9084fb0,NY,NY,21,05,VILLA ALTAGRACIA,052105,874cd4666ffffff
86a343b9-68c7-4248-bd12-aefcecab23ef,1929669465,Cyathea horrida,Cyathea horrida (L.) Sm.,Cyatheaceae,Cyathea,SPECIES,PRESERVED_SPECIMEN,1984-08-24,1984,-70.22,18.58,NA,d415c253-4d61-4459-9d25-4015b9084fb0,NY,NY,21,05,VILLA ALTAGRACIA,052105,874cd4666ffffff
87027AF4-AB25-422F-B7D5-6BA9A1C731DA,122979224,Oxalis cytisoides,Oxalis cytisoides Zucc.,Oxalidaceae,Oxalis,SPECIES,PRESERVED_SPECIMEN,1981-01-15,1981,-70.15,18.6,NA,832cb04e-f762-11e1-a439-00145eb45e9a,FTG,Herbarium,21,05,VILLA ALTAGRACIA,052105,874cd42b2ffffff
88a5a6d9-a012-4493-9f1a-85dcf6fd408d,4079748130,Wedelia ehrenbergii,Wedelia ehrenbergii Less.,Asteraceae,Wedelia,SPECIES,PRESERVED_SPECIMEN,1954-11-07,1954,-70.133733,18.526054,509,3b040a48-deae-485c-95b1-2ac80b7fdc54,IIBZ,USD,21,05,VILLA ALTAGRACIA,052105,874cd429affffff
890e6e0f-6639-4baf-9705-c4de25e8bacd,1929703936,Hexasepalum sarmentosum,Diodia sarmentosa Sw.,Rubiaceae,Hexasepalum,SPECIES,PRESERVED_SPECIMEN,1984-04-02,1984,-70.22,18.6,NA,d415c253-4d61-4459-9d25-4015b9084fb0,NY,NY,21,05,VILLA ALTAGRACIA,052105,874cd4759ffffff
8FE65154-7484-4C66-BFF9-EC20725DB113,122953702,Haenianthus salicifolius,Haenianthus salicifolius var. obovatus (Krug & Urb.) Knobl.,Oleaceae,Haenianthus,VARIETY,PRESERVED_SPECIMEN,1993-03-09,1993,-70.2583,18.6333,NA,832cb04e-f762-11e1-a439-00145eb45e9a,FTG,Herbarium,21,05,VILLA ALTAGRACIA,052105,874cd4751ffffff
8a6bae8b-3339-4510-a7ae-b451cb539fb4,1056632496,Trichomanes osmundoides,Trichomanes osmundoides DC. ex Poir.,Hymenophyllaceae,Trichomanes,SPECIES,PRESERVED_SPECIMEN,1929-02-05,1929,-70.266694,18.783489,NA,7e380070-f762-11e1-a439-00145eb45e9a,NHMUK,BOT,21,05,VILLA ALTAGRACIA,052105,874cd40d0ffffff
8b387299-60da-4f87-8270-876f6fd091e9,4079747920,Mucuna urens,Mucuna urens (L.) Medik.,Fabaceae,Mucuna,SPECIES,PRESERVED_SPECIMEN,1954-09-07,1954,-70.233152,18.778339,462,3b040a48-deae-485c-95b1-2ac80b7fdc54,IIBZ,USD,21,05,VILLA ALTAGRACIA,052105,874cd40d5ffffff
8b64cad9-ce64-4091-a84a-d3c0a181b6da,1929736538,Pteris L.,Pteris L.,Pteridaceae,Pteris,GENUS,PRESERVED_SPECIMEN,1984-04-02,1984,-70.22,18.6,NA,d415c253-4d61-4459-9d25-4015b9084fb0,NY,NY,21,05,VILLA ALTAGRACIA,052105,874cd4759ffffff
8db12c7f-e511-4b82-b011-416fce22ac1f,1929768706,Sida glabra,Sida glabra Mill.,Malvaceae,Sida,SPECIES,PRESERVED_SPECIMEN,1980-12-01,1980,-70.18,18.7417,NA,d415c253-4d61-4459-9d25-4015b9084fb0,NY,NY,21,05,VILLA ALTAGRACIA,052105,874cd40ceffffff
8fe9bc90-6302-4eef-a6ab-b06838082bf8,1929800072,Anthurium scandens,Anthurium scandens (Aubl.) Engl.,Araceae,Anthurium,SPECIES,PRESERVED_SPECIMEN,1980-12-01,1980,-70.18,18.7417,NA,d415c253-4d61-4459-9d25-4015b9084fb0,NY,NY,21,05,VILLA ALTAGRACIA,052105,874cd40ceffffff
90c88286-8a17-4fa9-954d-64f3fffe40ae,1929812064,Crotalaria retusa,Crotalaria retusa L.,Fabaceae,Crotalaria,SPECIES,PRESERVED_SPECIMEN,1980-12-01,1980,-70.18,18.7417,NA,d415c253-4d61-4459-9d25-4015b9084fb0,NY,NY,21,05,VILLA ALTAGRACIA,052105,874cd40ceffffff
914A7DAD-7637-46AE-B659-7D5851CFAA70,153282486,Wallenia apiculata,Wallenia apiculata Urb.,Primulaceae,Wallenia,SPECIES,PRESERVED_SPECIMEN,1994-04-21,1994,-70.2333,18.6556,NA,832cb04e-f762-11e1-a439-00145eb45e9a,FTG,Herbarium,21,05,VILLA ALTAGRACIA,052105,874cd4746ffffff
919f492c-fc46-4aad-86aa-9112bf24519a,1929824108,Hydrocotyle verticillata,Hydrocotyle verticillata Thunb.,Araliaceae,Hydrocotyle,SPECIES,PRESERVED_SPECIMEN,1984-04-02,1984,-70.22,18.6,NA,d415c253-4d61-4459-9d25-4015b9084fb0,NY,NY,21,05,VILLA ALTAGRACIA,052105,874cd4759ffffff
91f45995-32ef-4308-8065-df4ea484c110,1929828912,Olyra latifolia,Olyra latifolia L.,Poaceae,Olyra,SPECIES,PRESERVED_SPECIMEN,1984-08-24,1984,-70.22,18.58,NA,d415c253-4d61-4459-9d25-4015b9084fb0,NY,NY,21,05,VILLA ALTAGRACIA,052105,874cd4666ffffff
93356e83-1b1a-43e9-9daa-80b59b4b4925,1929846876,Pinus caribaea,Pinus caribaea Morelet,Pinaceae,Pinus,SPECIES,PRESERVED_SPECIMEN,1983-10-14,1983,-70.23,18.75,NA,d415c253-4d61-4459-9d25-4015b9084fb0,NY,NY,21,05,VILLA ALTAGRACIA,052105,874cd40dcffffff
93a47999-1659-43ba-b2ef-0268f2c7fe10,1929852592,Anatherum glomeratum,"Andropogon glomeratus (Walter) Britton, Sterns & Poggenb.",Poaceae,Anatherum,SPECIES,PRESERVED_SPECIMEN,1980-12-01,1980,-70.18,18.7417,NA,d415c253-4d61-4459-9d25-4015b9084fb0,NY,NY,21,05,VILLA ALTAGRACIA,052105,874cd40ceffffff
93e00b97-4ee7-4223-b423-3f334726d0a9,1929856418,Barbula orizabensis,Barbula orizabensis Müll. Hal.,Pottiaceae,Barbula,SPECIES,PRESERVED_SPECIMEN,1981-10-26,1981,-70.275,18.75,NA,d415c253-4d61-4459-9d25-4015b9084fb0,NY,NY,21,05,VILLA ALTAGRACIA,052105,874cd472cffffff
947014db-c5bf-4a51-9b40-d23ac1a46b5d,1929864014,Bixa orellana,Bixa orellana L.,Bixaceae,Bixa,SPECIES,PRESERVED_SPECIMEN,1980-12-01,1980,-70.18,18.7417,NA,d415c253-4d61-4459-9d25-4015b9084fb0,NY,NY,21,05,VILLA ALTAGRACIA,052105,874cd40ceffffff
94BD1F97-73C5-4B42-AC30-E358D31BAE4B,1503218469,Heliconia caribaea,Heliconia caribaea Lam.,Heliconiaceae,Heliconia,SPECIES,PRESERVED_SPECIMEN,1984-03-28,1984,-70.2333,18.55,NA,af1b4db0-c8ce-4a95-b700-8a6a02bed9d6,USF,Herb,21,05,VILLA ALTAGRACIA,052105,874cd4644ffffff
95ce22be-0246-410c-bb6e-c7bb7d7b1fac,1929882947,Olyra latifolia,Olyra latifolia L.,Poaceae,Olyra,SPECIES,PRESERVED_SPECIMEN,1980-12-01,1980,-70.18,18.7417,NA,d415c253-4d61-4459-9d25-4015b9084fb0,NY,NY,21,05,VILLA ALTAGRACIA,052105,874cd40ceffffff
96d57c07-fadb-4405-aaea-a29e6a717f97,1929897721,Anacardium occidentale,Anacardium occidentale L.,Anacardiaceae,Anacardium,SPECIES,PRESERVED_SPECIMEN,1981-01-15,1981,-70.12,18.52,NA,d415c253-4d61-4459-9d25-4015b9084fb0,NY,NY,21,05,VILLA ALTAGRACIA,052105,874cd4298ffffff
9715b9a9-1f79-467e-88f6-66a1d5fc38f2,1302790588,Panicum millegrana,Panicum millegrana Poir.,Poaceae,Panicum,SPECIES,OCCURRENCE,1929-01-16,1929,-70.15,18.65,NA,07044577-bd82-4089-9f3a-f4a9d2170b2e,Bioversity,,21,05,VILLA ALTAGRACIA,052105,874cd4768ffffff
9763a773-e396-4ec3-bec2-145c1af9a6bc,4533906472,Cyperus brevifolius,Cyperus brevifolius (Rottb.) Hassk.,Cyperaceae,Cyperus,SPECIES,PRESERVED_SPECIMEN,1980-06-10,1980,-70.303418,18.718527,3000,453e3294-97ef-4e1c-87cb-1ef7c5351d8e,DEK,,21,05,VILLA ALTAGRACIA,052105,874cd470cffffff
98836a64-2ff7-48cc-9636-8d6d8b7c20b4,1929921137,Digitaria Haller,Digitaria Haller,Poaceae,Digitaria,GENUS,PRESERVED_SPECIMEN,1984-07-25,1984,-70.22,18.58,NA,d415c253-4d61-4459-9d25-4015b9084fb0,NY,NY,21,05,VILLA ALTAGRACIA,052105,874cd4666ffffff
9e138be0-99b3-44b2-8507-dba95f779dd8,1929999577,Cupania americana,Cupania americana L.,Sapindaceae,Cupania,SPECIES,PRESERVED_SPECIMEN,1981-01-15,1981,-70.12,18.52,NA,d415c253-4d61-4459-9d25-4015b9084fb0,NY,NY,21,05,VILLA ALTAGRACIA,052105,874cd4298ffffff
9f307aac-63b5-45c5-88ea-6b569b0ff8e5,1930015343,Cyathea microdonta,Cyathea microdonta (Desv.) Domin,Cyatheaceae,Cyathea,SPECIES,PRESERVED_SPECIMEN,1984-07-25,1984,-70.22,18.58,NA,d415c253-4d61-4459-9d25-4015b9084fb0,NY,NY,21,05,VILLA ALTAGRACIA,052105,874cd4666ffffff
A2CB430D-F7EF-4C6F-8B21-112A455E8CCA,122985999,Piper aduncum,Piper aduncum L.,Piperaceae,Piper,SPECIES,PRESERVED_SPECIMEN,1980-12-01,1980,-70.1833,18.7333,NA,832cb04e-f762-11e1-a439-00145eb45e9a,FTG,Herbarium,21,05,VILLA ALTAGRACIA,052105,874cd40c8ffffff
AF398773,3346234282,Poitea galegoides,Poitea galegoides var. galegoides,Fabaceae,Poitea,VARIETY,PRESERVED_SPECIMEN,,NA,-70.12,18.52,NA,d8cd16ba-bb74-4420-821e-083f2bac17c2,,,21,05,VILLA ALTAGRACIA,052105,874cd4298ffffff
B43CE17E-78C0-49D0-A5C1-FC044A380A8B,122962936,Jasminum multiflorum,Jasminum multiflorum (Burm.fil.) Andrews,Oleaceae,Jasminum,SPECIES,PRESERVED_SPECIMEN,1981-01-15,1981,-70.1167,18.5167,NA,832cb04e-f762-11e1-a439-00145eb45e9a,FTG,Herbarium,21,05,VILLA ALTAGRACIA,052105,874cd4298ffffff
B46511B2-F354-4955-93E1-10FCB0FBBD54,1503218472,Heliconia caribaea,Heliconia caribaea Lam.,Heliconiaceae,Heliconia,SPECIES,PRESERVED_SPECIMEN,1984-03-28,1984,-70.2333,18.55,NA,af1b4db0-c8ce-4a95-b700-8a6a02bed9d6,USF,Herb,21,05,VILLA ALTAGRACIA,052105,874cd4644ffffff
BCC90309-FE89-442A-83E8-2953C5C114BE,1503218542,Chrysobalanus icaco,Chrysobalanus icaco L.,Chrysobalanaceae,Chrysobalanus,SPECIES,PRESERVED_SPECIMEN,1984-07-25,1984,-70.2167,18.5833,NA,af1b4db0-c8ce-4a95-b700-8a6a02bed9d6,USF,Herb,21,05,VILLA ALTAGRACIA,052105,874cd4666ffffff
C0C71B97-A7F9-4811-A094-8AE0BD4AD037,1503218498,Genipa americana,Genipa americana L.,Rubiaceae,Genipa,SPECIES,PRESERVED_SPECIMEN,1984-04-02,1984,-70.15,18.6,NA,af1b4db0-c8ce-4a95-b700-8a6a02bed9d6,USF,Herb,21,05,VILLA ALTAGRACIA,052105,874cd42b2ffffff
D1C186B3-8B1F-4FAF-B4D1-6D8E712E438B,122954367,Hamelia axillaris,Hamelia axillaris Sw.,Rubiaceae,Hamelia,SPECIES,PRESERVED_SPECIMEN,1984-08-24,1984,-70.2167,18.5833,NA,832cb04e-f762-11e1-a439-00145eb45e9a,FTG,Herbarium,21,05,VILLA ALTAGRACIA,052105,874cd4666ffffff
DE11A483-319D-4258-89FC-98564421B957,122965883,Lantana trifolia,Lantana trifolia L.,Verbenaceae,Lantana,SPECIES,PRESERVED_SPECIMEN,1981-07-28,1981,-70.25,18.75,NA,832cb04e-f762-11e1-a439-00145eb45e9a,FTG,Herbarium,21,05,VILLA ALTAGRACIA,052105,874cd40deffffff
E1CD7EE9-4B2D-4977-AAE7-4E3453DDFC98,1503218636,Hexasepalum sarmentosum,Diodia sarmentosa Sw.,Rubiaceae,Hexasepalum,SPECIES,PRESERVED_SPECIMEN,1984-04-02,1984,-70.2167,18.6,NA,af1b4db0-c8ce-4a95-b700-8a6a02bed9d6,USF,Herb,21,05,VILLA ALTAGRACIA,052105,874cd4759ffffff
E6E09B91-1436-4D68-8A37-1D776DCADB27,1503218581,Allophylus racemosus,Allophylus racemosus (L.) Radlk.,Sapindaceae,Allophylus,SPECIES,PRESERVED_SPECIMEN,1984-07-25,1984,-70.2167,18.5833,NA,af1b4db0-c8ce-4a95-b700-8a6a02bed9d6,USF,Herb,21,05,VILLA ALTAGRACIA,052105,874cd4666ffffff
E81AFCDE-EB59-4552-801E-B4EAED6A261D,1503218507,Hydrocotyle verticillata,Hydrocotyle verticillata var. verticillata,Araliaceae,Hydrocotyle,VARIETY,PRESERVED_SPECIMEN,1984-04-02,1984,-70.2167,18.6,NA,af1b4db0-c8ce-4a95-b700-8a6a02bed9d6,USF,Herb,21,05,VILLA ALTAGRACIA,052105,874cd4759ffffff
F2118F0E-6CA0-4ADA-8C2E-323DE9987BDA,153278907,Myrsine coriacea,Myrsine coriacea (Sw.) R.Br. ex Roem. & Schult.,Primulaceae,Myrsine,SPECIES,PRESERVED_SPECIMEN,1994-03-23,1994,-70.2333,18.65,NA,832cb04e-f762-11e1-a439-00145eb45e9a,FTG,Herbarium,21,05,VILLA ALTAGRACIA,052105,874cd4742ffffff
F7B8C8E9-3349-49D3-95AE-7759A940CFAA,1503218835,Bixa orellana,Bixa orellana L.,Bixaceae,Bixa,SPECIES,PRESERVED_SPECIMEN,1984-03-28,1984,-70.2333,18.55,NA,af1b4db0-c8ce-4a95-b700-8a6a02bed9d6,USF,Herb,21,05,VILLA ALTAGRACIA,052105,874cd4644ffffff
S:VascularPlants:S17-12832,2618413803,Oxandra laurifolia,Oxandra laurifolia (Sw.) A.Rich.,Annonaceae,Oxandra,SPECIES,PRESERVED_SPECIMEN,1994-05-28,1994,-70.25,18.7,NA,0943f690-fde5-11dd-83f4-b8a03c50a862,S,VascularPlants,21,05,VILLA ALTAGRACIA,052105,874cd4770ffffff
S:VascularPlants:S18-21703,2618441397,Tabernaemontana citrifolia,Tabernaemontana citrifolia L.,Apocynaceae,Tabernaemontana,SPECIES,PRESERVED_SPECIMEN,1994-05-28,1994,-70.25,18.7,NA,0943f690-fde5-11dd-83f4-b8a03c50a862,S,VascularPlants,21,05,VILLA ALTAGRACIA,052105,874cd4770ffffff
S:VascularPlants:S23-3428,5034648360,Chrysophyllum cainito,Chrysophyllum cainito L.,Sapotaceae,Chrysophyllum,SPECIES,PRESERVED_SPECIMEN,1994-05-28,1994,-70.25,18.7,NA,0943f690-fde5-11dd-83f4-b8a03c50a862,S,VascularPlants,21,05,VILLA ALTAGRACIA,052105,874cd4770ffffff
S:VascularPlants:S25-9823,5922523032,Christella dentata,Thelypteris dentata (Forssk.) E.P.St.John,Thelypteridaceae,Christella,SPECIES,PRESERVED_SPECIMEN,1984-04-02,1984,-70.216667,18.6,NA,0943f690-fde5-11dd-83f4-b8a03c50a862,S,VascularPlants,21,05,VILLA ALTAGRACIA,052105,874cd4759ffffff
S:VascularPlants:S26-17025,6393622326,Picrasma excelsa,Picrasma excelsa (Sw.) Planch.,Simaroubaceae,Picrasma,SPECIES,PRESERVED_SPECIMEN,1984-03-28,1984,-70.233333,18.55,NA,0943f690-fde5-11dd-83f4-b8a03c50a862,S,VascularPlants,21,05,VILLA ALTAGRACIA,052105,874cd4644ffffff
UCJEPS:UC:UC1954452,4857238556,Dendropemon bicolor,Dendropemon bicolor Krug & Urb.,Loranthaceae,Dendropemon,SPECIES,PRESERVED_SPECIMEN,1980-12-01,1980,-70.183333,18.741667,NA,83a49751-4282-481e-a847-1c5c224a0551,,UC,21,05,VILLA ALTAGRACIA,052105,874cd40ceffffff
a2a36d4f-4c89-49a5-af8e-41c0624b490b,1930066694,Rhynchospora contracta,Rhynchospora contracta (Nees) J.Raynal,Cyperaceae,Rhynchospora,SPECIES,PRESERVED_SPECIMEN,1980-12-01,1980,-70.18,18.7417,NA,d415c253-4d61-4459-9d25-4015b9084fb0,NY,NY,21,05,VILLA ALTAGRACIA,052105,874cd40ceffffff
a2fe81dd-f758-440f-959d-d583e2e96d80,1930071989,Piper amalago,Piper amalago L.,Piperaceae,Piper,SPECIES,PRESERVED_SPECIMEN,1984-08-24,1984,-70.22,18.58,NA,d415c253-4d61-4459-9d25-4015b9084fb0,NY,NY,21,05,VILLA ALTAGRACIA,052105,874cd4666ffffff
a5bea620-d34f-4dfa-8382-029a0e7fb9c5,1930110616,Parapolystichum effusum,Lastreopsis effusa (Sw.) Tindale,Dryopteridaceae,Parapolystichum,SPECIES,PRESERVED_SPECIMEN,1984-08-24,1984,-70.22,18.58,NA,d415c253-4d61-4459-9d25-4015b9084fb0,NY,NY,21,05,VILLA ALTAGRACIA,052105,874cd4666ffffff
a5ce49fe-bea2-4604-8340-9b2bbf9773fb,1930113141,Tradescantia zanonia,Tradescantia zanonia (L.) Sw.,Commelinaceae,Tradescantia,SPECIES,PRESERVED_SPECIMEN,1984-08-24,1984,-70.22,18.58,NA,d415c253-4d61-4459-9d25-4015b9084fb0,NY,NY,21,05,VILLA ALTAGRACIA,052105,874cd4666ffffff
a761e6e0-d2e2-4ba6-b91e-9c94eb0b8236,1930133307,Miconia samanensis,Miconia samanensis Urb.,Melastomataceae,Miconia,SPECIES,PRESERVED_SPECIMEN,1981-07-29,1981,-70.25,18.75,NA,d415c253-4d61-4459-9d25-4015b9084fb0,NY,NY,21,05,VILLA ALTAGRACIA,052105,874cd40deffffff
a90f17c8-30cf-46d5-a914-c76c323e69b6,1930157377,Ormosia krugii,Ormosia krugii Urb.,Fabaceae,Ormosia,SPECIES,PRESERVED_SPECIMEN,1980-12-01,1980,-70.18,18.7417,NA,d415c253-4d61-4459-9d25-4015b9084fb0,NY,NY,21,05,VILLA ALTAGRACIA,052105,874cd40ceffffff
acdeaa01-cf68-4fab-9e82-5abdcc184706,1930211587,Eleocharis elegans,Eleocharis elegans (Kunth) Roem. & Schult.,Cyperaceae,Eleocharis,SPECIES,PRESERVED_SPECIMEN,1984-04-02,1984,-70.22,18.6,NA,d415c253-4d61-4459-9d25-4015b9084fb0,NY,NY,21,05,VILLA ALTAGRACIA,052105,874cd4759ffffff
ad2e9552-6938-4bc8-afa7-fa21df5b7d86,1930215887,Piper hispidum,Piper hispidum Sw.,Piperaceae,Piper,SPECIES,PRESERVED_SPECIMEN,1984-07-25,1984,-70.22,18.58,NA,d415c253-4d61-4459-9d25-4015b9084fb0,NY,NY,21,05,VILLA ALTAGRACIA,052105,874cd4666ffffff
adbb719c-24ef-485b-aabe-1513a9f9c1fc,1930223929,Pecluma M.G.Price,Pecluma M.G.Price,Polypodiaceae,Pecluma,GENUS,PRESERVED_SPECIMEN,1984-08-24,1984,-70.22,18.58,NA,d415c253-4d61-4459-9d25-4015b9084fb0,NY,NY,21,05,VILLA ALTAGRACIA,052105,874cd4666ffffff
ae1559e0-3e57-44e8-a11d-681733cdaf58,1301254248,Oryza sativa,Oryza sativa L.,Poaceae,Oryza,SPECIES,OCCURRENCE,,NA,-70.16285,18.70125,NA,07044577-bd82-4089-9f3a-f4a9d2170b2e,Bioversity-SINGER,,21,05,VILLA ALTAGRACIA,052105,874cd4396ffffff
ae54cc5a-dd75-4709-8918-8dbeabb902f1,1930232403,Piper aduncum,Piper aduncum L.,Piperaceae,Piper,SPECIES,PRESERVED_SPECIMEN,1984-04-02,1984,-70.22,18.6,NA,d415c253-4d61-4459-9d25-4015b9084fb0,NY,NY,21,05,VILLA ALTAGRACIA,052105,874cd4759ffffff
ae9b3516-1aea-4145-b913-a3a7dddaea2f,4079748006,Syzygium jambos,Syzygium jambos (L.) Alston,Myrtaceae,Syzygium,SPECIES,PRESERVED_SPECIMEN,1994-03-12,1994,-70.167369,18.66665,206,3b040a48-deae-485c-95b1-2ac80b7fdc54,IIBZ,USD,21,05,VILLA ALTAGRACIA,052105,874cd476cffffff
aeb3d012-91fc-4c70-a381-ca455f74096a,1930237608,Pinus caribaea,Pinus caribaea Morelet,Pinaceae,Pinus,SPECIES,PRESERVED_SPECIMEN,1983-10-14,1983,-70.23,18.75,NA,d415c253-4d61-4459-9d25-4015b9084fb0,NY,NY,21,05,VILLA ALTAGRACIA,052105,874cd40dcffffff
af8380fd-9c8f-4c0d-b4aa-2fb376601c4c,1930248702,Crotalaria pallida,Crotalaria pallida Aiton,Fabaceae,Crotalaria,SPECIES,PRESERVED_SPECIMEN,1984-04-02,1984,-70.22,18.6,NA,d415c253-4d61-4459-9d25-4015b9084fb0,NY,NY,21,05,VILLA ALTAGRACIA,052105,874cd4759ffffff
b0022c0a-83f4-4ab7-aead-616426847be4,1930258453,Triumfetta lappula,Triumfetta lappula L.,Malvaceae,Triumfetta,SPECIES,PRESERVED_SPECIMEN,1981-01-15,1981,-70.1417,18.53,NA,d415c253-4d61-4459-9d25-4015b9084fb0,NY,NY,21,05,VILLA ALTAGRACIA,052105,874cd466dffffff
b0219dd5-b8c1-46e1-815d-6a69120feb0a,1930257090,Christella dentata,Thelypteris dentata (Forssk.) E.P.St.John,Thelypteridaceae,Christella,SPECIES,PRESERVED_SPECIMEN,1981-01-15,1981,-70.1417,18.53,NA,d415c253-4d61-4459-9d25-4015b9084fb0,NY,NY,21,05,VILLA ALTAGRACIA,052105,874cd466dffffff
b12eadb5-ec33-4bfa-8f3d-37d8ef72dc62,1301254273,Oryza sativa,Oryza sativa L.,Poaceae,Oryza,SPECIES,OCCURRENCE,,NA,-70.16285,18.70125,NA,07044577-bd82-4089-9f3a-f4a9d2170b2e,Bioversity-SINGER,,21,05,VILLA ALTAGRACIA,052105,874cd4396ffffff
b38163c8-d1ce-47a2-9d4f-18ab6f404e5e,1301254039,Oryza sativa,Oryza sativa L.,Poaceae,Oryza,SPECIES,OCCURRENCE,,NA,-70.16285,18.70125,NA,07044577-bd82-4089-9f3a-f4a9d2170b2e,Bioversity-SINGER,,21,05,VILLA ALTAGRACIA,052105,874cd4396ffffff
b3a22cba-45a1-4eff-83cc-1d854f5fa77e,1930307036,Byrsonima spicata,Byrsonima spicata (Cav.) DC.,Malpighiaceae,Byrsonima,SPECIES,PRESERVED_SPECIMEN,1980-06-11,1980,-70.25,18.8,NA,d415c253-4d61-4459-9d25-4015b9084fb0,NY,NY,21,05,VILLA ALTAGRACIA,052105,874cd40f3ffffff
b575b04f-8389-4afb-a3fd-9353c7af5246,1930332557,Fuirena umbellata,Fuirena umbellata Rottb.,Cyperaceae,Fuirena,SPECIES,PRESERVED_SPECIMEN,1980-12-01,1980,-70.18,18.7417,NA,d415c253-4d61-4459-9d25-4015b9084fb0,NY,NY,21,05,VILLA ALTAGRACIA,052105,874cd40ceffffff
b5a3b223-adeb-4290-81fe-08cf0eb48281,1930336786,Miconia crenata,Clidemia hirta (L.) D.Don,Melastomataceae,Miconia,SPECIES,PRESERVED_SPECIMEN,1984-07-25,1984,-70.22,18.58,NA,d415c253-4d61-4459-9d25-4015b9084fb0,NY,NY,21,05,VILLA ALTAGRACIA,052105,874cd4666ffffff
b88215c4-7209-4edc-bffa-d1e9cb1946c7,1930376323,Asclepias nivea,Asclepias nivea L.,Apocynaceae,Asclepias,SPECIES,PRESERVED_SPECIMEN,1984-04-02,1984,-70.22,18.6,NA,d415c253-4d61-4459-9d25-4015b9084fb0,NY,NY,21,05,VILLA ALTAGRACIA,052105,874cd4759ffffff
b933c648-98b9-4107-a3c2-a6a0f2222e01,4079747899,Neustanthus phaseoloides,Neustanthus phaseoloides (Roxb.) Benth.,Fabaceae,Neustanthus,SPECIES,PRESERVED_SPECIMEN,1958-08-01,1958,-70.271927,18.794504,190,3b040a48-deae-485c-95b1-2ac80b7fdc54,IIBZ,USD,21,05,VILLA ALTAGRACIA,052105,874cd40d6ffffff
b93d2f7f-0dd5-4b57-9d4a-20efac8e7ed0,1301254093,Oryza sativa,Oryza sativa L.,Poaceae,Oryza,SPECIES,OCCURRENCE,,NA,-70.16285,18.70125,NA,07044577-bd82-4089-9f3a-f4a9d2170b2e,Bioversity-SINGER,,21,05,VILLA ALTAGRACIA,052105,874cd4396ffffff
bb4a7586-e171-4a4e-8a7f-4f5ad97463ce,4079748270,Tephrosia candida,Tephrosia candida DC.,Fabaceae,Tephrosia,SPECIES,PRESERVED_SPECIMEN,1976-10-10,1976,-70.171431,18.674694,2934,3b040a48-deae-485c-95b1-2ac80b7fdc54,IIBZ,USD,21,05,VILLA ALTAGRACIA,052105,874cd4761ffffff
bc497ed7-c570-4755-a277-f5b0fb711569,4079748047,Indigofera subulata,Indigofera subulata var. scabra (Roth) Meikle,Fabaceae,Indigofera,VARIETY,PRESERVED_SPECIMEN,1954-11-06,1954,-70.171431,18.674694,2934,3b040a48-deae-485c-95b1-2ac80b7fdc54,IIBZ,USD,21,05,VILLA ALTAGRACIA,052105,874cd4761ffffff
be56b1f7-8403-444b-bf0e-b7c5f7dad276,1930458749,Elaphoglossum apodum,Elaphoglossum apodum (Kaulf.) Schott,Dryopteridaceae,Elaphoglossum,SPECIES,PRESERVED_SPECIMEN,1929-02-13,1929,-70.2167,18.7,NA,d415c253-4d61-4459-9d25-4015b9084fb0,NY,NY,21,05,VILLA ALTAGRACIA,052105,874cd4766ffffff
c000d3df-5781-44b0-bab9-2dabbcf38050,1930482418,Miconia serrulata,Miconia serrulata (DC.) Naudin,Melastomataceae,Miconia,SPECIES,PRESERVED_SPECIMEN,1980-06-11,1980,-70.27,18.8,NA,d415c253-4d61-4459-9d25-4015b9084fb0,NY,NY,21,05,VILLA ALTAGRACIA,052105,874cd4089ffffff
c2aeca7c-1966-4675-871f-a363fe3666dd,1930520266,Thunbergia alata,Thunbergia alata Bojer ex Sims,Acanthaceae,Thunbergia,SPECIES,PRESERVED_SPECIMEN,1981-01-15,1981,-70.15,18.6,NA,d415c253-4d61-4459-9d25-4015b9084fb0,NY,NY,21,05,VILLA ALTAGRACIA,052105,874cd42b2ffffff
c2df0371-c75b-4f31-aafa-f2a9c7786bde,1930522787,Urena lobata,Urena lobata L.,Malvaceae,Urena,SPECIES,PRESERVED_SPECIMEN,1981-01-15,1981,-70.1417,18.53,NA,d415c253-4d61-4459-9d25-4015b9084fb0,NY,NY,21,05,VILLA ALTAGRACIA,052105,874cd466dffffff
c58d1434-127e-4286-83b4-8b76edbe7ae7,1930561023,Iresine diffusa,Iresine diffusa Humb. & Bonpl. ex Willd.,Amaranthaceae,Iresine,SPECIES,PRESERVED_SPECIMEN,1981-01-15,1981,-70.12,18.52,NA,d415c253-4d61-4459-9d25-4015b9084fb0,NY,NY,21,05,VILLA ALTAGRACIA,052105,874cd4298ffffff
c641e77d-99be-4984-962b-03a6efb762c7,1930570411,Synedrella nodiflora,Synedrella nodiflora (L.) Gaertn.,Asteraceae,Synedrella,SPECIES,PRESERVED_SPECIMEN,1980-12-01,1980,-70.18,18.7417,NA,d415c253-4d61-4459-9d25-4015b9084fb0,NY,NY,21,05,VILLA ALTAGRACIA,052105,874cd40ceffffff
c6b8533b-da01-4f10-85d6-cccf050e023c,1930577327,Hyophila involuta,Hyophila involuta (Hook.) A. Jaeger,Pottiaceae,Hyophila,SPECIES,PRESERVED_SPECIMEN,1984-04-02,1984,-70.22,18.6,NA,d415c253-4d61-4459-9d25-4015b9084fb0,NY,NY,21,05,VILLA ALTAGRACIA,052105,874cd4759ffffff
c6eba330-2751-44ca-9b31-d42afb19adf5,1930579561,Tillandsia setacea,Tillandsia setacea Sw.,Bromeliaceae,Tillandsia,SPECIES,PRESERVED_SPECIMEN,1984-04-02,1984,-70.22,18.6,NA,d415c253-4d61-4459-9d25-4015b9084fb0,NY,NY,21,05,VILLA ALTAGRACIA,052105,874cd4759ffffff
c70368b1-d945-43d7-bbb1-91e027e5bb26,4079748010,Blakella citriodora,Corymbia citriodora (Hook.) K.D.Hill & L.A.S.Johnson,Myrtaceae,Blakella,SPECIES,PRESERVED_SPECIMEN,1992-05-15,1992,-70.171431,18.674694,2934,3b040a48-deae-485c-95b1-2ac80b7fdc54,IIBZ,USD,21,05,VILLA ALTAGRACIA,052105,874cd4761ffffff
c7b653d9-22ec-400e-b25e-d3e88b06eb69,1930591293,Parapolystichum effusum,Lastreopsis effusa (Sw.) Tindale,Dryopteridaceae,Parapolystichum,SPECIES,PRESERVED_SPECIMEN,1984-08-24,1984,-70.22,18.58,NA,d415c253-4d61-4459-9d25-4015b9084fb0,NY,NY,21,05,VILLA ALTAGRACIA,052105,874cd4666ffffff
c88b1d50-c122-45ea-acf7-7fd03f8fba1b,1930603169,Odontosoria aculeata,Odontosoria aculeata (L.) J.Sm.,Lindsaeaceae,Odontosoria,SPECIES,PRESERVED_SPECIMEN,1980-12-01,1980,-70.18,18.7417,NA,d415c253-4d61-4459-9d25-4015b9084fb0,NY,NY,21,05,VILLA ALTAGRACIA,052105,874cd40ceffffff
c97a6cef-a85c-43ce-b882-07065e48e260,1930615663,Allophylus racemosus,Allophylus racemosus subsp. racemosus,Sapindaceae,Allophylus,SUBSPECIES,PRESERVED_SPECIMEN,1984-07-25,1984,-70.22,18.58,NA,d415c253-4d61-4459-9d25-4015b9084fb0,NY,NY,21,05,VILLA ALTAGRACIA,052105,874cd4666ffffff
ca97c108-f74b-40d1-bee5-9bfe778f5422,1930631394,Ocimum tenuiflorum,Ocimum tenuiflorum L.,Lamiaceae,Ocimum,SPECIES,PRESERVED_SPECIMEN,1987-04-02,1987,-70.23,18.63,NA,d415c253-4d61-4459-9d25-4015b9084fb0,NY,NY,21,05,VILLA ALTAGRACIA,052105,874cd475cffffff
cb80d18a-07f3-431e-af61-0b8ece4be497,4079747619,Lepidaploa sprengeliana,Lepidaploa sprengeliana (Sch.Bip.) H.Rob.,Asteraceae,Lepidaploa,SPECIES,PRESERVED_SPECIMEN,1994-11-12,1994,-70.15554,18.665201,215,3b040a48-deae-485c-95b1-2ac80b7fdc54,IIBZ,USD,21,05,VILLA ALTAGRACIA,052105,874cd476cffffff
cdedc89c-db33-49a7-9e04-6a03b9add378,1930679192,Diplazium grandifolium,Diplazium grandifolium (Sw.) Sw.,Athyriaceae,Diplazium,SPECIES,PRESERVED_SPECIMEN,1984-07-25,1984,-70.22,18.58,NA,d415c253-4d61-4459-9d25-4015b9084fb0,NY,NY,21,05,VILLA ALTAGRACIA,052105,874cd4666ffffff
ce5db002-5e29-459b-b838-7a694e1d10bb,1930684882,Adiantum pulverulentum,Adiantum pulverulentum L.,Pteridaceae,Adiantum,SPECIES,PRESERVED_SPECIMEN,1984-08-24,1984,-70.22,18.58,NA,d415c253-4d61-4459-9d25-4015b9084fb0,NY,NY,21,05,VILLA ALTAGRACIA,052105,874cd4666ffffff
cf83c00b-9710-44f1-a860-3889d067d7e8,1930700847,Cissampelos pareira,Cissampelos pareira L.,Menispermaceae,Cissampelos,SPECIES,PRESERVED_SPECIMEN,1984-07-25,1984,-70.22,18.58,NA,d415c253-4d61-4459-9d25-4015b9084fb0,NY,NY,21,05,VILLA ALTAGRACIA,052105,874cd4666ffffff
d0e25481-1ed7-43b8-a277-31489cf39d3b,4079748258,Desmodium ospriostreblum,Desmodium ospriostreblum Chiov.,Fabaceae,Desmodium,SPECIES,PRESERVED_SPECIMEN,1975-09-14,1975,-70.171431,18.674694,2934,3b040a48-deae-485c-95b1-2ac80b7fdc54,IIBZ,USD,21,05,VILLA ALTAGRACIA,052105,874cd4761ffffff
d1e9ec64-af67-450e-8e22-633512d2ff35,1930736262,Odontosoria aculeata,Odontosoria aculeata (L.) J.Sm.,Lindsaeaceae,Odontosoria,SPECIES,PRESERVED_SPECIMEN,1984-04-02,1984,-70.22,18.6,NA,d415c253-4d61-4459-9d25-4015b9084fb0,NY,NY,21,05,VILLA ALTAGRACIA,052105,874cd4759ffffff
d2aa95e8-228b-4127-96b0-dea46c4f1dfa,1930746976,Costus scaber,Costus scaber Ruiz & Pav.,Costaceae,Costus,SPECIES,PRESERVED_SPECIMEN,1984-04-02,1984,-70.22,18.6,NA,d415c253-4d61-4459-9d25-4015b9084fb0,NY,NY,21,05,VILLA ALTAGRACIA,052105,874cd4759ffffff
d3097995-cb2f-410e-a5bf-49db19a98fb8,1930750315,Aristolochia ringens,Aristolochia ringens Vahl,Aristolochiaceae,Aristolochia,SPECIES,PRESERVED_SPECIMEN,1981-01-15,1981,-70.1417,18.53,NA,d415c253-4d61-4459-9d25-4015b9084fb0,NY,NY,21,05,VILLA ALTAGRACIA,052105,874cd466dffffff
d3e496b4-685f-4f13-8dc5-f209f5ada469,1930762576,Asplenium serratum,Asplenium serratum L.,Aspleniaceae,Asplenium,SPECIES,PRESERVED_SPECIMEN,1984-08-24,1984,-70.22,18.58,NA,d415c253-4d61-4459-9d25-4015b9084fb0,NY,NY,21,05,VILLA ALTAGRACIA,052105,874cd4666ffffff
d45f2e07-d7e5-4f04-9deb-89fb745f4256,1930769044,Tephrosia sinapou,Tephrosia sinapou (Buc'hoz) A.Chev.,Fabaceae,Tephrosia,SPECIES,PRESERVED_SPECIMEN,1992-03-21,1992,-70.15,18.6,NA,d415c253-4d61-4459-9d25-4015b9084fb0,NY,NY,21,05,VILLA ALTAGRACIA,052105,874cd42b2ffffff
d50d20a1-e8d8-4afc-917e-b1243f045246,1301875118,Oryza sativa,Oryza sativa L.,Poaceae,Oryza,SPECIES,OCCURRENCE,,NA,-70.16285,18.70125,NA,07044577-bd82-4089-9f3a-f4a9d2170b2e,Bioversity-SINGER,,21,05,VILLA ALTAGRACIA,052105,874cd4396ffffff
d65d54ef-56eb-4297-896d-0de3c45a4bd3,1457816973,Amauropelta cruciata,Thelypteris sancta (L.) Ching,Thelypteridaceae,Amauropelta,SPECIES,PRESERVED_SPECIMEN,1994-06-14,1994,-70.266667,18.666667,NA,b89d52a2-861d-4388-adad-c0da3d55fc78,UF,,21,05,VILLA ALTAGRACIA,052105,874cd4754ffffff
d80eb583-5175-45f6-8eed-af04e70a46fd,1930821531,Centrosema pubescens,Centrosema pubescens Benth.,Fabaceae,Centrosema,SPECIES,PRESERVED_SPECIMEN,1980-12-01,1980,-70.18,18.7417,NA,d415c253-4d61-4459-9d25-4015b9084fb0,NY,NY,21,05,VILLA ALTAGRACIA,052105,874cd40ceffffff
d8a961d6-4425-4c90-87e7-d6fe942f5920,1930830263,Urena lobata,Urena lobata L.,Malvaceae,Urena,SPECIES,PRESERVED_SPECIMEN,1980-12-01,1980,-70.18,18.7417,NA,d415c253-4d61-4459-9d25-4015b9084fb0,NY,NY,21,05,VILLA ALTAGRACIA,052105,874cd40ceffffff
d942f256-fe57-4d26-8583-77e6ade2c44a,1457818009,Miconia hirticaulis,"Miconia hirticaulis Skean, Judd & Majure",Melastomataceae,Miconia,SPECIES,PRESERVED_SPECIMEN,1994-04-22,1994,-70.241667,18.641667,NA,b89d52a2-861d-4388-adad-c0da3d55fc78,UF,,21,05,VILLA ALTAGRACIA,052105,874cd4742ffffff
d9541283-2685-4702-b39f-7b0aa8be2ae7,1930840030,Cyathula achyranthoides,Cyathula achyranthoides (Kunth) Moq.,Amaranthaceae,Cyathula,SPECIES,PRESERVED_SPECIMEN,1981-01-15,1981,-70.1417,18.53,NA,d415c253-4d61-4459-9d25-4015b9084fb0,NY,NY,21,05,VILLA ALTAGRACIA,052105,874cd466dffffff
d95936cb-1bd3-4ddd-8860-de6ed299fe5f,1930840305,Rhynchospora radicans,Rhynchospora radicans subsp. microcephala (Bertero ex Spreng.) W.W.Thomas,Cyperaceae,Rhynchospora,SUBSPECIES,PRESERVED_SPECIMEN,1984-08-24,1984,-70.22,18.58,NA,d415c253-4d61-4459-9d25-4015b9084fb0,NY,NY,21,05,VILLA ALTAGRACIA,052105,874cd4666ffffff
e0f334ba-30b1-4639-b3ae-22bc0533e3d0,1930948311,Oxalis barrelieri,Oxalis barrelieri L.,Oxalidaceae,Oxalis,SPECIES,PRESERVED_SPECIMEN,1981-01-15,1981,-70.15,18.6,NA,d415c253-4d61-4459-9d25-4015b9084fb0,NY,NY,21,05,VILLA ALTAGRACIA,052105,874cd42b2ffffff
e1113933-bd91-4bde-8135-c9238b7272da,1930949819,Asplenium salicifolium,Asplenium salicifolium L.,Aspleniaceae,Asplenium,SPECIES,PRESERVED_SPECIMEN,1984-08-24,1984,-70.22,18.58,NA,d415c253-4d61-4459-9d25-4015b9084fb0,NY,NY,21,05,VILLA ALTAGRACIA,052105,874cd4666ffffff
e147cff2-9136-49d9-9175-3feef8818cda,1930953008,Thelypteris Schmidel,Thelypteris Schmidel,Thelypteridaceae,Thelypteris,GENUS,PRESERVED_SPECIMEN,1984-08-24,1984,-70.22,18.58,NA,d415c253-4d61-4459-9d25-4015b9084fb0,NY,NY,21,05,VILLA ALTAGRACIA,052105,874cd4666ffffff
e1e8c1bf-a5dc-474e-841f-6160f64d2626,1457820992,Miconia serrulata,Miconia serrulata (DC.) Naudin,Melastomataceae,Miconia,SPECIES,PRESERVED_SPECIMEN,1994-04-21,1994,-70.246667,18.65,NA,b89d52a2-861d-4388-adad-c0da3d55fc78,UF,,21,05,VILLA ALTAGRACIA,052105,874cd4755ffffff
e2b6180b-d0e7-4485-a22f-e9e3a833c7d5,1930973770,Pseudogynoxys chenopodioides,Pseudogynoxys chenopodioides (Kunth) Cabrera,Asteraceae,Pseudogynoxys,SPECIES,PRESERVED_SPECIMEN,1981-01-15,1981,-70.1417,18.53,NA,d415c253-4d61-4459-9d25-4015b9084fb0,NY,NY,21,05,VILLA ALTAGRACIA,052105,874cd466dffffff
e48aab2f-9e7c-42d9-aad0-0430d49636e8,1930998466,Palicourea domingensis,Palicourea domingensis (Jacq.) DC.,Rubiaceae,Palicourea,SPECIES,PRESERVED_SPECIMEN,1984-08-24,1984,-70.22,18.58,NA,d415c253-4d61-4459-9d25-4015b9084fb0,NY,NY,21,05,VILLA ALTAGRACIA,052105,874cd4666ffffff
e4b942c4-3684-4fa1-8f67-76eb1505695c,4079748273,Tephrosia candida,Tephrosia candida DC.,Fabaceae,Tephrosia,SPECIES,PRESERVED_SPECIMEN,1976-10-01,1976,-70.171431,18.674694,2934,3b040a48-deae-485c-95b1-2ac80b7fdc54,IIBZ,USD,21,05,VILLA ALTAGRACIA,052105,874cd4761ffffff
e57b75a0-c72b-4aaa-bbd1-be7aa922cba6,1931011983,Hemidictyum marginatum,Hemidictyum marginatum (L.) C.Presl,Hemidictyaceae,Hemidictyum,SPECIES,PRESERVED_SPECIMEN,1984-07-25,1984,-70.22,18.58,NA,d415c253-4d61-4459-9d25-4015b9084fb0,NY,NY,21,05,VILLA ALTAGRACIA,052105,874cd4666ffffff
e78f9a2a-094d-49cf-86e8-80db326f8385,1931041422,Thelypteris Schmidel,Thelypteris Schmidel,Thelypteridaceae,Thelypteris,GENUS,PRESERVED_SPECIMEN,1984-08-24,1984,-70.22,18.58,NA,d415c253-4d61-4459-9d25-4015b9084fb0,NY,NY,21,05,VILLA ALTAGRACIA,052105,874cd4666ffffff
e83c6773-17f1-499c-a9c7-541481fe37a9,1931050729,Bolbitis portoricensis,Bolbitis portoricensis (Spreng.) Hennipman,Dryopteridaceae,Bolbitis,SPECIES,PRESERVED_SPECIMEN,1984-08-24,1984,-70.22,18.58,NA,d415c253-4d61-4459-9d25-4015b9084fb0,NY,NY,21,05,VILLA ALTAGRACIA,052105,874cd4666ffffff
e8583caa-c31f-40da-817a-80020c618c0c,1931052307,Spiracantha cornifolia,Spiracantha cornifolia Kunth,Asteraceae,Spiracantha,SPECIES,PRESERVED_SPECIMEN,1980-12-01,1980,-70.18,18.7417,NA,d415c253-4d61-4459-9d25-4015b9084fb0,NY,NY,21,05,VILLA ALTAGRACIA,052105,874cd40ceffffff
e9c15a7b-2147-44a6-bb92-7582c04aafd2,1457823663,Miconia acuminoides,"Miconia acuminoides Skean, Judd & Majure",Melastomataceae,Miconia,SPECIES,PRESERVED_SPECIMEN,1981-07-29,1981,-70.25,18.75,NA,b89d52a2-861d-4388-adad-c0da3d55fc78,UF,,21,05,VILLA ALTAGRACIA,052105,874cd40deffffff
ea6fd778-84b7-4689-9813-5f079d331374,1931081536,Cyclopeltis semicordata,Cyclopeltis semicordata (Sw.) J.Sm.,Lomariopsidaceae,Cyclopeltis,SPECIES,PRESERVED_SPECIMEN,1984-08-24,1984,-70.22,18.58,NA,d415c253-4d61-4459-9d25-4015b9084fb0,NY,NY,21,05,VILLA ALTAGRACIA,052105,874cd4666ffffff
eaf38485-9581-470f-bddf-f4e1a125b751,4079748000,Blakella citriodora,Corymbia citriodora (Hook.) K.D.Hill & L.A.S.Johnson,Myrtaceae,Blakella,SPECIES,PRESERVED_SPECIMEN,1992-05-15,1992,-70.171431,18.674694,2934,3b040a48-deae-485c-95b1-2ac80b7fdc54,IIBZ,USD,21,05,VILLA ALTAGRACIA,052105,874cd4761ffffff
eb400438-f0bb-4685-96ad-2b65c3e0e132,1931092706,Genipa americana,Genipa americana L.,Rubiaceae,Genipa,SPECIES,PRESERVED_SPECIMEN,1984-04-02,1984,-70.15,18.6,NA,d415c253-4d61-4459-9d25-4015b9084fb0,NY,NY,21,05,VILLA ALTAGRACIA,052105,874cd42b2ffffff
eb7a60e6-422f-4af1-adf1-ce96a9f913a2,1457824297,Piper cuspidatum,Piper laeteviride Ekman ex Trel.,Piperaceae,Piper,SPECIES,PRESERVED_SPECIMEN,1994-06-14,1994,-70.266667,18.666667,NA,b89d52a2-861d-4388-adad-c0da3d55fc78,UF,,21,05,VILLA ALTAGRACIA,052105,874cd4754ffffff
ebecd6fc-8000-466b-9f16-801128d97da6,1931102477,Ormosia krugii,Ormosia krugii Urb.,Fabaceae,Ormosia,SPECIES,PRESERVED_SPECIMEN,1980-12-01,1980,-70.18,18.7417,NA,d415c253-4d61-4459-9d25-4015b9084fb0,NY,NY,21,05,VILLA ALTAGRACIA,052105,874cd40ceffffff
ecf64ca0-dea9-4656-a137-d799496629a2,1931117033,Nephrolepis hirsutula,Nephrolepis hirsutula (G.Forst.) C.Presl,Nephrolepidaceae,Nephrolepis,SPECIES,PRESERVED_SPECIMEN,1984-07-25,1984,-70.22,18.58,NA,d415c253-4d61-4459-9d25-4015b9084fb0,NY,NY,21,05,VILLA ALTAGRACIA,052105,874cd4666ffffff
eda50019-c49e-4513-846f-898e7a9cb9ba,1301254190,Oryza sativa,Oryza sativa L.,Poaceae,Oryza,SPECIES,OCCURRENCE,,NA,-70.16285,18.70125,NA,07044577-bd82-4089-9f3a-f4a9d2170b2e,Bioversity-SINGER,,21,05,VILLA ALTAGRACIA,052105,874cd4396ffffff
ee462f58-682c-4670-a356-051ff14030dd,1931135220,Asplenium abscissum,Asplenium abscissum Willd.,Aspleniaceae,Asplenium,SPECIES,PRESERVED_SPECIMEN,1984-08-24,1984,-70.22,18.58,NA,d415c253-4d61-4459-9d25-4015b9084fb0,NY,NY,21,05,VILLA ALTAGRACIA,052105,874cd4666ffffff
eec0e879-b9fd-48ae-b394-68ed66be1335,1931141945,Costus spicatus,Costus spicatus (Jacq.) Sw.,Costaceae,Costus,SPECIES,PRESERVED_SPECIMEN,1984-04-02,1984,-70.22,18.6,NA,d415c253-4d61-4459-9d25-4015b9084fb0,NY,NY,21,05,VILLA ALTAGRACIA,052105,874cd4759ffffff
eeecfa72-d399-4d29-a885-762f12e69a24,4533907920,Cyperus odoratus,Cyperus odoratus L.,Cyperaceae,Cyperus,SPECIES,PRESERVED_SPECIMEN,1980-06-10,1980,-70.303418,18.718527,3000,453e3294-97ef-4e1c-87cb-1ef7c5351d8e,DEK,,21,05,VILLA ALTAGRACIA,052105,874cd470cffffff
ef633c94-1dd3-41f5-acb8-d01c7463b493,1301875095,Oryza sativa,Oryza sativa L.,Poaceae,Oryza,SPECIES,OCCURRENCE,,NA,-70.16285,18.70125,NA,07044577-bd82-4089-9f3a-f4a9d2170b2e,Bioversity-SINGER,,21,05,VILLA ALTAGRACIA,052105,874cd4396ffffff
ef92d50e-1de5-4afe-88b0-c040f2a06673,1931153073,Miconia laevigata,Miconia laevigata (L.) DC.,Melastomataceae,Miconia,SPECIES,PRESERVED_SPECIMEN,1984-04-02,1984,-70.22,18.6,NA,d415c253-4d61-4459-9d25-4015b9084fb0,NY,NY,21,05,VILLA ALTAGRACIA,052105,874cd4759ffffff
f10fc96c-2127-428d-b68c-9203d5f4fdf5,1931176068,Tripsacum laxum,Tripsacum laxum Nash,Poaceae,Tripsacum,SPECIES,PRESERVED_SPECIMEN,1980-12-01,1980,-70.18,18.7417,NA,d415c253-4d61-4459-9d25-4015b9084fb0,NY,NY,21,05,VILLA ALTAGRACIA,052105,874cd40ceffffff
f156d43e-292b-42c9-be50-637a5310a707,1931178077,Palicourea berteroana,Psychotria berteroana DC.,Rubiaceae,Palicourea,SPECIES,PRESERVED_SPECIMEN,1984-08-24,1984,-70.22,18.58,NA,d415c253-4d61-4459-9d25-4015b9084fb0,NY,NY,21,05,VILLA ALTAGRACIA,052105,874cd4666ffffff
f185f63e-6bd4-4628-bf18-859f63076132,1931181022,Bixa orellana,Bixa orellana L.,Bixaceae,Bixa,SPECIES,PRESERVED_SPECIMEN,1980-12-01,1980,-70.18,18.7417,NA,d415c253-4d61-4459-9d25-4015b9084fb0,NY,NY,21,05,VILLA ALTAGRACIA,052105,874cd40ceffffff
f1c306f2-6c4e-47c6-9da4-1a9dabf9425e,1931186909,Casearia arborea,Casearia arborea (Rich.) Urb.,Salicaceae,Casearia,SPECIES,PRESERVED_SPECIMEN,1984-04-02,1984,-70.22,18.6,NA,d415c253-4d61-4459-9d25-4015b9084fb0,NY,NY,21,05,VILLA ALTAGRACIA,052105,874cd4759ffffff
f20091ca-8557-41f3-bb87-53705b471728,1931189673,Miconia laevigata,Miconia laevigata (L.) DC.,Melastomataceae,Miconia,SPECIES,PRESERVED_SPECIMEN,1984-08-24,1984,-70.22,18.58,NA,d415c253-4d61-4459-9d25-4015b9084fb0,NY,NY,21,05,VILLA ALTAGRACIA,052105,874cd4666ffffff
f3059959-5993-41dc-8607-92e6aa257304,1931202661,Macrothelypteris torresiana,Thelypteris torresiana (Gaudich.) Alston,Thelypteridaceae,Macrothelypteris,SPECIES,PRESERVED_SPECIMEN,1984-04-02,1984,-70.22,18.6,NA,d415c253-4d61-4459-9d25-4015b9084fb0,NY,NY,21,05,VILLA ALTAGRACIA,052105,874cd4759ffffff
f326e6f3-78e2-45fb-98d4-a3ee8624c5e2,1931204709,Terminalia catappa,Terminalia catappa L.,Combretaceae,Terminalia,SPECIES,PRESERVED_SPECIMEN,1980-12-01,1980,-70.18,18.7417,NA,d415c253-4d61-4459-9d25-4015b9084fb0,NY,NY,21,05,VILLA ALTAGRACIA,052105,874cd40ceffffff
f3aa9b23-2419-4089-a433-959dcabab4f7,1931211781,Heliconia caribaea,Heliconia caribaea Lam.,Heliconiaceae,Heliconia,SPECIES,PRESERVED_SPECIMEN,1984-08-24,1984,-70.22,18.58,NA,d415c253-4d61-4459-9d25-4015b9084fb0,NY,NY,21,05,VILLA ALTAGRACIA,052105,874cd4666ffffff
f3e74fb0-edb9-4a5d-b534-d67b7acde6d4,1931216070,Blechnum occidentale,Blechnum occidentale L.,Blechnaceae,Blechnum,SPECIES,PRESERVED_SPECIMEN,1984-08-24,1984,-70.22,18.58,NA,d415c253-4d61-4459-9d25-4015b9084fb0,NY,NY,21,05,VILLA ALTAGRACIA,052105,874cd4666ffffff
f4295b78-2a3d-4b6f-bf9c-78c08cc23239,1931218177,Pteris grandifolia,Pteris grandifolia L.,Pteridaceae,Pteris,SPECIES,PRESERVED_SPECIMEN,1984-08-24,1984,-70.22,18.58,NA,d415c253-4d61-4459-9d25-4015b9084fb0,NY,NY,21,05,VILLA ALTAGRACIA,052105,874cd4666ffffff
f42c50db-2fae-41ce-9cf3-5590c8ca1c1c,1457827149,Miconia prasina,Miconia prasina (Sw.) DC.,Melastomataceae,Miconia,SPECIES,PRESERVED_SPECIMEN,1994-04-21,1994,-70.246667,18.65,NA,b89d52a2-861d-4388-adad-c0da3d55fc78,UF,,21,05,VILLA ALTAGRACIA,052105,874cd4755ffffff
f533078e-4fa8-4d25-af43-e4fd073641e9,1457827625,Miconia serrulata,Miconia serrulata (DC.) Naudin,Melastomataceae,Miconia,SPECIES,PRESERVED_SPECIMEN,1980-06-11,1980,-70.266667,18.8,NA,b89d52a2-861d-4388-adad-c0da3d55fc78,UF,,21,05,VILLA ALTAGRACIA,052105,874cd40d4ffffff
f54fc463-3485-41ee-8ca7-fe9de27eaa62,1931234372,Tillandsia recurvata,Tillandsia recurvata (L.) L.,Bromeliaceae,Tillandsia,SPECIES,PRESERVED_SPECIMEN,1981-01-15,1981,-70.125,18.52,NA,d415c253-4d61-4459-9d25-4015b9084fb0,NY,NY,21,05,VILLA ALTAGRACIA,052105,874cd429affffff
f6701f3d-5a7e-45c3-b1cb-7c7d06f423a0,1457827967,Miconia laevigata,Miconia laevigata (L.) DC.,Melastomataceae,Miconia,SPECIES,PRESERVED_SPECIMEN,1984-04-02,1984,-70.216667,18.6,NA,b89d52a2-861d-4388-adad-c0da3d55fc78,UF,,21,05,VILLA ALTAGRACIA,052105,874cd4759ffffff
f9303a5d-98c8-46e3-8d26-0e1f22e0c5ee,1931288979,Nectandra membranacea,Nectandra membranacea (Sw.) Griseb.,Lauraceae,Nectandra,SPECIES,PRESERVED_SPECIMEN,1980-12-01,1980,-70.18,18.7417,NA,d415c253-4d61-4459-9d25-4015b9084fb0,NY,NY,21,05,VILLA ALTAGRACIA,052105,874cd40ceffffff
f9fd5e41-285b-4808-9b69-e4de185244c4,1931300279,Urochloa fusca,Urochloa fusca (Sw.) B.F.Hansen & Wunderlin,Poaceae,Urochloa,SPECIES,PRESERVED_SPECIMEN,1984-07-25,1984,-70.22,18.58,NA,d415c253-4d61-4459-9d25-4015b9084fb0,NY,NY,21,05,VILLA ALTAGRACIA,052105,874cd4666ffffff
fb03090a-2d33-4201-92d5-97ada6179042,1931315111,Palicourea brachiata,Psychotria brachiata Sw.,Rubiaceae,Palicourea,SPECIES,PRESERVED_SPECIMEN,1984-08-24,1984,-70.22,18.58,NA,d415c253-4d61-4459-9d25-4015b9084fb0,NY,NY,21,05,VILLA ALTAGRACIA,052105,874cd4666ffffff
fb0d3967-ed7d-40d4-8a22-49606decf973,1931317063,Pteris L.,Pteris L.,Pteridaceae,Pteris,GENUS,PRESERVED_SPECIMEN,1984-04-02,1984,-70.22,18.6,NA,d415c253-4d61-4459-9d25-4015b9084fb0,NY,NY,21,05,VILLA ALTAGRACIA,052105,874cd4759ffffff
fb142f78-4e85-460b-a4cf-621dda247c0e,1931315886,Pecluma M.G.Price,Pecluma M.G.Price,Polypodiaceae,Pecluma,GENUS,PRESERVED_SPECIMEN,1984-08-24,1984,-70.22,18.58,NA,d415c253-4d61-4459-9d25-4015b9084fb0,NY,NY,21,05,VILLA ALTAGRACIA,052105,874cd4666ffffff
fe8df380-3d94-4081-a312-cef83a96b433,1304584098,Solanum torvum,Solanum torvum Sw.,Solanaceae,Solanum,SPECIES,OCCURRENCE,1984-04-02,1984,-70.216667,18.6,NA,07044577-bd82-4089-9f3a-f4a9d2170b2e,Bioversity,,21,05,VILLA ALTAGRACIA,052105,874cd4759ffffff
febe9df1-a252-4f90-a717-6c1bac1271dc,1304204679,Solanum torvum,Solanum torvum Sw.,Solanaceae,Solanum,SPECIES,OCCURRENCE,,NA,-70.216667,18.6,NA,07044577-bd82-4089-9f3a-f4a9d2170b2e,PBI_NHM,,21,05,VILLA ALTAGRACIA,052105,874cd4759ffffff
http://id.snsb.info/snsb/collection/119273/178072/120182,2981278619,Pluchea baccharis,Pluchea eggersii Urb.,Asteraceae,Pluchea,SPECIES,PRESERVED_SPECIMEN,1887-06-30,1887,-70.250015,18.73362,NA,7b9a08ea-f762-11e1-a439-00145eb45e9a,M-VascularPlants,BSMvplantscoll,21,05,VILLA ALTAGRACIA,052105,874cd40daffffff
http://n2t.net/ark:/65665/30238921c-5e60-46aa-8edf-64a5ba8f7585,1317252692,Tillandsia juncea,Tillandsia juncea (Ruiz & Pav.) Poir.,Bromeliaceae,Tillandsia,SPECIES,PRESERVED_SPECIMEN,1981-01-15,1981,-70.125,18.52,NA,821cc27a-e3bb-4bc5-ac34-89ada245069d,US,US,21,05,VILLA ALTAGRACIA,052105,874cd429affffff
http://n2t.net/ark:/65665/308359949-438c-432c-b4ba-ef09b06c75c9,1317388212,Piper hispidum,Piper hispidum Sw.,Piperaceae,Piper,SPECIES,PRESERVED_SPECIMEN,1984-07-25,1984,-70.22,18.58,NA,821cc27a-e3bb-4bc5-ac34-89ada245069d,US,US,21,05,VILLA ALTAGRACIA,052105,874cd4666ffffff
http://n2t.net/ark:/65665/30e1e4a37-f043-482d-a03f-8aba0a568328,1317521283,Aristolochia ringens,Aristolochia ringens Vahl,Aristolochiaceae,Aristolochia,SPECIES,PRESERVED_SPECIMEN,1981-01-15,1981,-70.1417,18.53,NA,821cc27a-e3bb-4bc5-ac34-89ada245069d,US,US,21,05,VILLA ALTAGRACIA,052105,874cd466dffffff
http://n2t.net/ark:/65665/31787fc7b-1fbc-4c75-93ba-6f71bfbbed96,1317734617,Mikania cordifolia,Mikania cordifolia (L.fil.) Willd.,Asteraceae,Mikania,SPECIES,PRESERVED_SPECIMEN,1981-01-15,1981,-70.12,18.52,NA,821cc27a-e3bb-4bc5-ac34-89ada245069d,US,US,21,05,VILLA ALTAGRACIA,052105,874cd4298ffffff
http://n2t.net/ark:/65665/31e10328f-2fbd-4e85-a735-7589e40f0b34,1317882140,Ludwigia erecta,Ludwigia erecta (L.) H.Hara,Onagraceae,Ludwigia,SPECIES,PRESERVED_SPECIMEN,1989-08-04,1989,-70.22,18.62,NA,821cc27a-e3bb-4bc5-ac34-89ada245069d,US,US,21,05,VILLA ALTAGRACIA,052105,874cd475dffffff
http://n2t.net/ark:/65665/32ba661b5-86b3-4b7d-843a-42fb750ec997,1318189571,Doyerea emetocathartica,Doyerea emetocathartica Grosourdy,Cucurbitaceae,Doyerea,SPECIES,PRESERVED_SPECIMEN,1989-08-04,1989,-70.22,18.62,NA,821cc27a-e3bb-4bc5-ac34-89ada245069d,US,US,21,05,VILLA ALTAGRACIA,052105,874cd475dffffff
http://n2t.net/ark:/65665/3323a63bb-ae4c-48de-a268-405549826ba7,1318338083,Parapolystichum effusum,Parapolystichum effusum subsp. effusum,Dryopteridaceae,Parapolystichum,SUBSPECIES,PRESERVED_SPECIMEN,1984-08-24,1984,-70.22,18.58,NA,821cc27a-e3bb-4bc5-ac34-89ada245069d,US,US,21,05,VILLA ALTAGRACIA,052105,874cd4666ffffff
http://n2t.net/ark:/65665/3471404d9-cbbc-4f0a-b5cd-fcdf9a0c4f91,1318809875,Heliotropium angiospermum,Heliotropium angiospermum Murray,Heliotropiaceae,Heliotropium,SPECIES,PRESERVED_SPECIMEN,1981-01-15,1981,-70.12,18.52,NA,821cc27a-e3bb-4bc5-ac34-89ada245069d,US,US,21,05,VILLA ALTAGRACIA,052105,874cd4298ffffff
http://n2t.net/ark:/65665/34a7e5c42-2f8b-4451-9675-e46356a40a50,1318886725,Agalinis fasciculata,Agalinis fasciculata (Elliott) Raf.,Orobanchaceae,Agalinis,SPECIES,PRESERVED_SPECIMEN,1981-07-15,1981,-70.25,18.75,NA,821cc27a-e3bb-4bc5-ac34-89ada245069d,US,US,21,05,VILLA ALTAGRACIA,052105,874cd40deffffff
http://n2t.net/ark:/65665/34ab33d8c-d13c-439b-ba7c-439533639f03,1318891557,Olyra latifolia,Olyra latifolia L.,Poaceae,Olyra,SPECIES,PRESERVED_SPECIMEN,1984-08-24,1984,-70.2167,18.5833,NA,821cc27a-e3bb-4bc5-ac34-89ada245069d,US,US,21,05,VILLA ALTAGRACIA,052105,874cd4666ffffff
http://n2t.net/ark:/65665/34c5c7cc3-936e-4050-94f8-b38af1876fd0,1318929110,Palicourea domingensis,Psychotria domingensis Jacq.,Rubiaceae,Palicourea,SPECIES,PRESERVED_SPECIMEN,1984-08-24,1984,-70.22,18.58,NA,821cc27a-e3bb-4bc5-ac34-89ada245069d,US,US,21,05,VILLA ALTAGRACIA,052105,874cd4666ffffff
http://n2t.net/ark:/65665/34c75e80d-aece-4b7e-bf2c-70a90ec9340b,1318931398,Miconia serrulata,Miconia serrulata (DC.) Naudin,Melastomataceae,Miconia,SPECIES,PRESERVED_SPECIMEN,1980-06-11,1980,-70.27,18.8,NA,821cc27a-e3bb-4bc5-ac34-89ada245069d,US,US,21,05,VILLA ALTAGRACIA,052105,874cd4089ffffff
http://n2t.net/ark:/65665/34f71c80b-dc4f-4a83-a616-0635d29e23ad,1318998673,Parathesis crenulata,Parathesis crenulata (Vent.) Hook.fil. ex Hemsl.,Primulaceae,Parathesis,SPECIES,PRESERVED_SPECIMEN,1984-08-24,1984,-70.22,18.58,NA,821cc27a-e3bb-4bc5-ac34-89ada245069d,US,US,21,05,VILLA ALTAGRACIA,052105,874cd4666ffffff
http://n2t.net/ark:/65665/35f068283-223e-4cce-b2ff-de19ca9e2f53,1319350585,Lygodium oligostachyum,Lygodium oligostachyum (Willd.) Desv.,Lygodiaceae,Lygodium,SPECIES,PRESERVED_SPECIMEN,1984-07-25,1984,-70.22,18.58,NA,821cc27a-e3bb-4bc5-ac34-89ada245069d,US,US,21,05,VILLA ALTAGRACIA,052105,874cd4666ffffff
http://n2t.net/ark:/65665/363c5b84c-d0ca-4504-9d21-8b034f496dee,1319458137,Lyonia buchii,Lyonia buchii Urb.,Ericaceae,Lyonia,SPECIES,PRESERVED_SPECIMEN,1994-04-21,1994,-70.23,18.63,NA,821cc27a-e3bb-4bc5-ac34-89ada245069d,US,US,21,05,VILLA ALTAGRACIA,052105,874cd475cffffff
http://n2t.net/ark:/65665/367fc9b36-47c0-4c0a-aa83-154179398563,1319553606,Guarea guidonia,Guarea guidonia (L.) Sleumer,Meliaceae,Guarea,SPECIES,PRESERVED_SPECIMEN,1980-12-01,1980,-70.18,18.7417,NA,821cc27a-e3bb-4bc5-ac34-89ada245069d,US,US,21,05,VILLA ALTAGRACIA,052105,874cd40ceffffff
http://n2t.net/ark:/65665/36b485c43-d25f-4ccf-a7b7-a036b31693cb,1319627753,Solanum torvum,Solanum torvum Sw.,Solanaceae,Solanum,SPECIES,PRESERVED_SPECIMEN,1984-04-02,1984,-70.22,18.6,NA,821cc27a-e3bb-4bc5-ac34-89ada245069d,US,US,21,05,VILLA ALTAGRACIA,052105,874cd4759ffffff
http://n2t.net/ark:/65665/37522a1f9-8213-44d7-8399-90f899d62c1c,1319850518,Tephrosia sinapou,Tephrosia sinapou (Buc'hoz) A.Chev.,Fabaceae,Tephrosia,SPECIES,PRESERVED_SPECIMEN,1992-03-21,1992,-70.15,18.6,NA,821cc27a-e3bb-4bc5-ac34-89ada245069d,US,US,21,05,VILLA ALTAGRACIA,052105,874cd42b2ffffff
http://n2t.net/ark:/65665/381687656-cffe-43a0-9d3f-ce729dcc7a8d,1320128472,Ormosia krugii,Ormosia krugii Urb.,Fabaceae,Ormosia,SPECIES,PRESERVED_SPECIMEN,1980-12-01,1980,-70.18,18.7417,NA,821cc27a-e3bb-4bc5-ac34-89ada245069d,US,US,21,05,VILLA ALTAGRACIA,052105,874cd40ceffffff
http://n2t.net/ark:/65665/38e37b6ed-f8ce-468a-b48e-d83873af9435,1320417382,Tillandsia setacea,Tillandsia setacea Sw.,Bromeliaceae,Tillandsia,SPECIES,PRESERVED_SPECIMEN,1981-01-15,1981,-70.125,18.52,NA,821cc27a-e3bb-4bc5-ac34-89ada245069d,US,US,21,05,VILLA ALTAGRACIA,052105,874cd429affffff
http://n2t.net/ark:/65665/394163a33-a083-4149-855a-8c7db0ea1703,1320550052,Syzygium jambos,Syzygium jambos (L.) Alston,Myrtaceae,Syzygium,SPECIES,PRESERVED_SPECIMEN,1981-07-15,1981,-70.25,18.75,NA,821cc27a-e3bb-4bc5-ac34-89ada245069d,US,US,21,05,VILLA ALTAGRACIA,052105,874cd40deffffff
http://n2t.net/ark:/65665/3977eafd8-0927-471b-a66b-b41192ad04df,1456260205,Tradescantia zanonia,Tradescantia zanonia (L.) Sw.,Commelinaceae,Tradescantia,SPECIES,PRESERVED_SPECIMEN,1984-08-24,1984,-70.22,18.58,NA,821cc27a-e3bb-4bc5-ac34-89ada245069d,US,US,21,05,VILLA ALTAGRACIA,052105,874cd4666ffffff
http://n2t.net/ark:/65665/39dfa14f5-9fcc-45d5-9ffe-b4a96318a4b6,2571462004,Piper amalago,Piper amalago L.,Piperaceae,Piper,SPECIES,PRESERVED_SPECIMEN,1984-08-24,1984,-70.22,18.58,NA,821cc27a-e3bb-4bc5-ac34-89ada245069d,US,US,21,05,VILLA ALTAGRACIA,052105,874cd4666ffffff
http://n2t.net/ark:/65665/39f8dbcb6-ac9e-4746-86d0-c122fc8e6e08,1320809669,Ludwigia octovalvis,Ludwigia octovalvis (Jacq.) P.H.Raven,Onagraceae,Ludwigia,SPECIES,PRESERVED_SPECIMEN,1981-07-15,1981,-70.25,18.75,NA,821cc27a-e3bb-4bc5-ac34-89ada245069d,US,US,21,05,VILLA ALTAGRACIA,052105,874cd40deffffff
http://n2t.net/ark:/65665/3a7758b5f-1ed7-4cfe-8fb1-8e044290de9c,1320988554,Odontonema cuspidatum,Odontonema cuspidatum (Nees) Kuntze,Acanthaceae,Odontonema,SPECIES,PRESERVED_SPECIMEN,1984-07-25,1984,-70.22,18.58,NA,821cc27a-e3bb-4bc5-ac34-89ada245069d,US,US,21,05,VILLA ALTAGRACIA,052105,874cd4666ffffff
http://n2t.net/ark:/65665/3aaa28d0a-254c-4201-b8c5-ab361f097944,1321060636,Borreria remota,Spermacoce remota Lam.,Rubiaceae,Borreria,SPECIES,PRESERVED_SPECIMEN,1980-12-01,1980,-70.18,18.7417,NA,821cc27a-e3bb-4bc5-ac34-89ada245069d,US,US,21,05,VILLA ALTAGRACIA,052105,874cd40ceffffff
http://n2t.net/ark:/65665/3b7bd5e20-b877-40a9-a67d-574d7c110408,1321356761,Palicourea pubescens,Psychotria pubescens Sw.,Rubiaceae,Palicourea,SPECIES,PRESERVED_SPECIMEN,1984-08-24,1984,-70.22,18.58,NA,821cc27a-e3bb-4bc5-ac34-89ada245069d,US,US,21,05,VILLA ALTAGRACIA,052105,874cd4666ffffff
http://n2t.net/ark:/65665/3ca65d092-7af6-4a24-91a0-76cd46139c66,1321778579,Piper glabrescens,Piper glabrescens (Miq.) C.DC.,Piperaceae,Piper,SPECIES,PRESERVED_SPECIMEN,1984-08-24,1984,-70.22,18.58,NA,821cc27a-e3bb-4bc5-ac34-89ada245069d,US,US,21,05,VILLA ALTAGRACIA,052105,874cd4666ffffff
http://n2t.net/ark:/65665/3cf6496e9-90e3-4d32-8654-35939d74d731,1321891007,Odontosoria aculeata,Odontosoria aculeata (L.) J.Sm.,Lindsaeaceae,Odontosoria,SPECIES,PRESERVED_SPECIMEN,1984-04-02,1984,-70.22,18.6,NA,821cc27a-e3bb-4bc5-ac34-89ada245069d,US,US,21,05,VILLA ALTAGRACIA,052105,874cd4759ffffff
http://n2t.net/ark:/65665/3d2bd0ffb-aa81-48cc-823e-03ebe61d7e8e,1321966402,Eragrostis tenella,Eragrostis tenella (L.) P.Beauv. ex Roem. & Schult.,Poaceae,Eragrostis,SPECIES,PRESERVED_SPECIMEN,1984-08-24,1984,-70.22,18.58,NA,821cc27a-e3bb-4bc5-ac34-89ada245069d,US,US,21,05,VILLA ALTAGRACIA,052105,874cd4666ffffff
http://n2t.net/ark:/65665/3e760cee0-70dd-49b3-9e16-c5cac5e0b572,1322432604,Asplenium cristatum,Asplenium cristatum Lam.,Aspleniaceae,Asplenium,SPECIES,PRESERVED_SPECIMEN,1984-08-24,1984,-70.22,18.58,NA,821cc27a-e3bb-4bc5-ac34-89ada245069d,US,US,21,05,VILLA ALTAGRACIA,052105,874cd4666ffffff
http://n2t.net/ark:/65665/3ea72c1d7-fcb1-4e20-aabc-54075e5c7b17,1322502521,Parapolystichum effusum,Parapolystichum effusum subsp. effusum,Dryopteridaceae,Parapolystichum,SUBSPECIES,PRESERVED_SPECIMEN,1984-08-24,1984,-70.22,18.58,NA,821cc27a-e3bb-4bc5-ac34-89ada245069d,US,US,21,05,VILLA ALTAGRACIA,052105,874cd4666ffffff
http://n2t.net/ark:/65665/3f2c6903a-74ae-404d-bc65-e3f8c468edfe,1322690340,Iresine diffusa,Iresine diffusa Humb. & Bonpl. ex Willd.,Amaranthaceae,Iresine,SPECIES,PRESERVED_SPECIMEN,1981-01-15,1981,-70.12,18.52,NA,821cc27a-e3bb-4bc5-ac34-89ada245069d,US,US,21,05,VILLA ALTAGRACIA,052105,874cd4298ffffff
http://n2t.net/ark:/65665/3f2eb3d95-6f22-4e9a-ac2e-35a1d05c93ff,1322693666,Gonzalagunia hirsuta,Gonzalagunia hirsuta (Jacq.) K.Schum.,Rubiaceae,Gonzalagunia,SPECIES,PRESERVED_SPECIMEN,1980-12-01,1980,-70.18,18.7417,NA,821cc27a-e3bb-4bc5-ac34-89ada245069d,US,US,21,05,VILLA ALTAGRACIA,052105,874cd40ceffffff
http://n2t.net/ark:/65665/3f5bd09ea-a1c4-4712-ae20-51bd096b0cd1,1322757054,Microlepia speluncae,Microlepia jamaicensis (Hook.) Fée,Dennstaedtiaceae,Microlepia,SPECIES,PRESERVED_SPECIMEN,1984-08-24,1984,-70.22,18.58,NA,821cc27a-e3bb-4bc5-ac34-89ada245069d,US,US,21,05,VILLA ALTAGRACIA,052105,874cd4666ffffff
http://n2t.net/ark:/65665/3f6bf0f0a-ac9e-4f58-920f-927748349ac1,1322779740,Palicourea brachiata,Psychotria brachiata Sw.,Rubiaceae,Palicourea,SPECIES,PRESERVED_SPECIMEN,1984-08-24,1984,-70.22,18.58,NA,821cc27a-e3bb-4bc5-ac34-89ada245069d,US,US,21,05,VILLA ALTAGRACIA,052105,874cd4666ffffff
http://n2t.net/ark:/65665/3fa0eb7b5-cd13-4c23-8941-9cfb5b127501,1322854225,Elephantopus mollis,Elephantopus mollis Kunth,Asteraceae,Elephantopus,SPECIES,PRESERVED_SPECIMEN,1980-12-01,1980,-70.18,18.7417,NA,821cc27a-e3bb-4bc5-ac34-89ada245069d,US,US,21,05,VILLA ALTAGRACIA,052105,874cd40ceffffff
http://specimens.kew.org/herbarium/K000496286,912413016,Panicum L.,Panicum L.,Poaceae,Panicum,GENUS,PRESERVED_SPECIMEN,1929-01-16T00:00,1929,-70.15,18.65,1000,cd6e21c8-9e8a-493a-8a76-fbf7862069e5,K,Herbarium,21,05,VILLA ALTAGRACIA,052105,874cd4768ffffff
http://specimens.kew.org/herbarium/K000496287,912413020,Panicum L.,Panicum L.,Poaceae,Panicum,GENUS,PRESERVED_SPECIMEN,1929-01-16T00:00,1929,-70.15,18.65,1000,cd6e21c8-9e8a-493a-8a76-fbf7862069e5,K,Herbarium,21,05,VILLA ALTAGRACIA,052105,874cd4768ffffff
http://specimens.kew.org/herbarium/K000496288,912413022,Panicum L.,Panicum L.,Poaceae,Panicum,GENUS,PRESERVED_SPECIMEN,1929-01-16T00:00,1929,-70.15,18.65,1000,cd6e21c8-9e8a-493a-8a76-fbf7862069e5,K,Herbarium,21,05,VILLA ALTAGRACIA,052105,874cd4768ffffff
http://specimens.kew.org/herbarium/K000703444,5060677400,Hymenophyllum hirsutum,Hymenophyllum hirsutum (L.) Sw.,Hymenophyllaceae,Hymenophyllum,SPECIES,PRESERVED_SPECIMEN,1929-02-06T00:00,1929,-70.228592,18.708835,NA,cd6e21c8-9e8a-493a-8a76-fbf7862069e5,K,Herbarium,21,05,VILLA ALTAGRACIA,052105,874cd40dbffffff
http://specimens.kew.org/herbarium/K000703445,5060681371,Hymenophyllum hirsutum,Hymenophyllum hirsutum (L.) Sw.,Hymenophyllaceae,Hymenophyllum,SPECIES,PRESERVED_SPECIMEN,1929-05-07T00:00,1929,-70.271726,18.793218,NA,cd6e21c8-9e8a-493a-8a76-fbf7862069e5,K,Herbarium,21,05,VILLA ALTAGRACIA,052105,874cd40d6ffffff
http://specimens.kew.org/herbarium/K000774254,5060683452,Miconia mirabilis,Miconia mirabilis (Aubl.) L.O.Williams,Melastomataceae,Miconia,SPECIES,PRESERVED_SPECIMEN,1929-01-19T00:00,1929,-70.17095,18.672973,NA,cd6e21c8-9e8a-493a-8a76-fbf7862069e5,K,Herbarium,21,05,VILLA ALTAGRACIA,052105,874cd4761ffffff
https://data.biodiversitydata.nl/naturalis/specimen/U.1001022,2515228511,Asplenium cristatum,Asplenium cristatum Lam.,Aspleniaceae,Asplenium,SPECIES,PRESERVED_SPECIMEN,1984-08-24,1984,-70.21667,18.58333,NA,15f819bd-6612-4447-854b-14d12ee1022d,,Botany,21,05,VILLA ALTAGRACIA,052105,874cd4666ffffff
https://data.biodiversitydata.nl/naturalis/specimen/U.1003664,2516884998,Blechnum occidentale,Blechnum occidentale L.,Blechnaceae,Blechnum,SPECIES,PRESERVED_SPECIMEN,1984-08-29,1984,-70.21667,18.58333,NA,15f819bd-6612-4447-854b-14d12ee1022d,,Botany,21,05,VILLA ALTAGRACIA,052105,874cd4666ffffff
https://data.biodiversitydata.nl/naturalis/specimen/U.1005372,2516885025,Cyathea arborea,Cyathea arborea (L.) Sm.,Cyatheaceae,Cyathea,SPECIES,PRESERVED_SPECIMEN,1984-04-02,1984,-70.21667,18.6,NA,15f819bd-6612-4447-854b-14d12ee1022d,,Botany,21,05,VILLA ALTAGRACIA,052105,874cd4759ffffff
https://data.biodiversitydata.nl/naturalis/specimen/U.1009151,2515342948,Diplazium grandifolium,Diplazium grandifolium (Sw.) Sw.,Athyriaceae,Diplazium,SPECIES,PRESERVED_SPECIMEN,1984-07-25,1984,-70.21667,18.58333,NA,15f819bd-6612-4447-854b-14d12ee1022d,,Botany,21,05,VILLA ALTAGRACIA,052105,874cd4666ffffff
https://data.biodiversitydata.nl/naturalis/specimen/U.1009172,2517308762,Diplazium striatum,Diplazium striatum (L.) C.Presl,Athyriaceae,Diplazium,SPECIES,PRESERVED_SPECIMEN,1984-08-24,1984,-70.21667,18.58333,NA,15f819bd-6612-4447-854b-14d12ee1022d,,Botany,21,05,VILLA ALTAGRACIA,052105,874cd4666ffffff
https://data.biodiversitydata.nl/naturalis/specimen/U.1010185,2517283723,Tectaria incisa,Tectaria incisa Cav.,Tectariaceae,Tectaria,SPECIES,PRESERVED_SPECIMEN,1984-08-24,1984,-70.21667,18.58333,NA,15f819bd-6612-4447-854b-14d12ee1022d,,Botany,21,05,VILLA ALTAGRACIA,052105,874cd4666ffffff
https://data.biodiversitydata.nl/naturalis/specimen/U.1010186,2517064799,Tectaria incisa,Tectaria incisa Cav.,Tectariaceae,Tectaria,SPECIES,PRESERVED_SPECIMEN,1984-08-24,1984,-70.21667,18.58333,NA,15f819bd-6612-4447-854b-14d12ee1022d,,Botany,21,05,VILLA ALTAGRACIA,052105,874cd4666ffffff
https://data.biodiversitydata.nl/naturalis/specimen/U.1012010,2515327159,Microlepia speluncae,Microlepia speluncae (L.) T.Moore,Dennstaedtiaceae,Microlepia,SPECIES,PRESERVED_SPECIMEN,1984-08-24,1984,-70.21667,18.58333,NA,15f819bd-6612-4447-854b-14d12ee1022d,,Botany,21,05,VILLA ALTAGRACIA,052105,874cd4666ffffff
https://data.biodiversitydata.nl/naturalis/specimen/U.1014497,2517065797,Cyclopeltis semicordata,Cyclopeltis semicordata (Sw.) J.Sm.,Lomariopsidaceae,Cyclopeltis,SPECIES,PRESERVED_SPECIMEN,1984-08-24,1984,-70.21667,18.58333,NA,15f819bd-6612-4447-854b-14d12ee1022d,,Botany,21,05,VILLA ALTAGRACIA,052105,874cd4666ffffff
https://data.biodiversitydata.nl/naturalis/specimen/U.1014903,2515391422,Odontosoria aculeata,Odontosoria aculeata (L.) J.Sm.,Lindsaeaceae,Odontosoria,SPECIES,PRESERVED_SPECIMEN,1984-04-02,1984,-70.21667,18.6,NA,15f819bd-6612-4447-854b-14d12ee1022d,,Botany,21,05,VILLA ALTAGRACIA,052105,874cd4759ffffff
https://data.biodiversitydata.nl/naturalis/specimen/U.1022037,2515373329,Bolbitis portoricensis,Bolbitis portoricensis (Spreng.) Hennipman,Dryopteridaceae,Bolbitis,SPECIES,PRESERVED_SPECIMEN,1984-08-24,1984,-70.21667,18.58333,NA,15f819bd-6612-4447-854b-14d12ee1022d,,Botany,21,05,VILLA ALTAGRACIA,052105,874cd4666ffffff
https://data.biodiversitydata.nl/naturalis/specimen/U.1088366,2515184841,Allamanda cathartica,Allamanda cathartica L.,Apocynaceae,Allamanda,SPECIES,PRESERVED_SPECIMEN,,NA,-70.2,18.6,NA,15f819bd-6612-4447-854b-14d12ee1022d,,Botany,21,05,VILLA ALTAGRACIA,052105,874cd474affffff
https://data.biodiversitydata.nl/naturalis/specimen/U.1093554,2515361426,Anthurium scandens,Anthurium scandens subsp. scandens,Araceae,Anthurium,SUBSPECIES,PRESERVED_SPECIMEN,1984-03-28,1984,-70.23333,18.55,NA,15f819bd-6612-4447-854b-14d12ee1022d,,Botany,21,05,VILLA ALTAGRACIA,052105,874cd4644ffffff
https://data.biodiversitydata.nl/naturalis/specimen/U.1153182,2515336941,Bixa orellana,Bixa orellana L.,Bixaceae,Bixa,SPECIES,PRESERVED_SPECIMEN,1984-03-28,1984,-70.23333,18.55,NA,15f819bd-6612-4447-854b-14d12ee1022d,,Botany,21,05,VILLA ALTAGRACIA,052105,874cd4644ffffff
https://data.biodiversitydata.nl/naturalis/specimen/U.1163188,2517329919,Heliotropium verdcourtii,Tournefortia hirsutissima L.,Heliotropiaceae,Heliotropium,SPECIES,PRESERVED_SPECIMEN,1984-03-28,1984,-70.23333,18.55,NA,15f819bd-6612-4447-854b-14d12ee1022d,,Botany,21,05,VILLA ALTAGRACIA,052105,874cd4644ffffff
https://data.biodiversitydata.nl/naturalis/specimen/U.1174463,2517369059,Tillandsia polystachia,Tillandsia polystachia (L.) L.,Bromeliaceae,Tillandsia,SPECIES,PRESERVED_SPECIMEN,1984-03-28,1984,-70.23333,18.55,NA,15f819bd-6612-4447-854b-14d12ee1022d,,Botany,21,05,VILLA ALTAGRACIA,052105,874cd4644ffffff
https://data.biodiversitydata.nl/naturalis/specimen/U.1211711,2515500573,Rourea surinamensis,Rourea surinamensis Miq.,Connaraceae,Rourea,SPECIES,PRESERVED_SPECIMEN,1984-07-25,1984,-70.21667,18.58333,NA,15f819bd-6612-4447-854b-14d12ee1022d,,Botany,21,05,VILLA ALTAGRACIA,052105,874cd4666ffffff
https://data.biodiversitydata.nl/naturalis/specimen/U.1211712,2515448966,Rourea surinamensis,Rourea surinamensis Miq.,Connaraceae,Rourea,SPECIES,PRESERVED_SPECIMEN,1984-07-25,1984,-70.21667,18.58333,NA,15f819bd-6612-4447-854b-14d12ee1022d,,Botany,21,05,VILLA ALTAGRACIA,052105,874cd4666ffffff
https://data.biodiversitydata.nl/naturalis/specimen/U.1225556,2517114887,Costus scaber,Costus scaber Ruiz & Pav.,Costaceae,Costus,SPECIES,PRESERVED_SPECIMEN,1984-04-02,1984,-70.21667,18.6,NA,15f819bd-6612-4447-854b-14d12ee1022d,,Botany,21,05,VILLA ALTAGRACIA,052105,874cd4759ffffff
https://data.biodiversitydata.nl/naturalis/specimen/U.1225566,2517409818,Costus spicatus,Costus spicatus (Jacq.) Sw.,Costaceae,Costus,SPECIES,PRESERVED_SPECIMEN,1980-12-01,1980,-70.18333,18.73333,NA,15f819bd-6612-4447-854b-14d12ee1022d,,Botany,21,05,VILLA ALTAGRACIA,052105,874cd40c8ffffff
https://data.biodiversitydata.nl/naturalis/specimen/U.1225572,2517115902,Costus scaber,Costus scaber Ruiz & Pav.,Costaceae,Costus,SPECIES,PRESERVED_SPECIMEN,1984-04-02,1984,-70.21667,18.6,NA,15f819bd-6612-4447-854b-14d12ee1022d,,Botany,21,05,VILLA ALTAGRACIA,052105,874cd4759ffffff
https://data.biodiversitydata.nl/naturalis/specimen/U.1225576,2517372856,Costus spicatus,Costus spicatus (Jacq.) Sw.,Costaceae,Costus,SPECIES,PRESERVED_SPECIMEN,1984-03-28,1984,-70.23333,18.55,NA,15f819bd-6612-4447-854b-14d12ee1022d,,Botany,21,05,VILLA ALTAGRACIA,052105,874cd4644ffffff
https://data.biodiversitydata.nl/naturalis/specimen/U.1225580,2515472836,Costus spicatus,Costus spicatus (Jacq.) Sw.,Costaceae,Costus,SPECIES,PRESERVED_SPECIMEN,1985-03-29,1985,-70.20774,18.58868,NA,15f819bd-6612-4447-854b-14d12ee1022d,,Botany,21,05,VILLA ALTAGRACIA,052105,874cd4664ffffff
https://data.biodiversitydata.nl/naturalis/specimen/U.1225581,2517131855,Costus spicatus,Costus spicatus (Jacq.) Sw.,Costaceae,Costus,SPECIES,PRESERVED_SPECIMEN,1985-03-29,1985,-70.20774,18.58868,NA,15f819bd-6612-4447-854b-14d12ee1022d,,Botany,21,05,VILLA ALTAGRACIA,052105,874cd4664ffffff
https://data.biodiversitydata.nl/naturalis/specimen/U.1225582,2517142925,Costus spicatus,Costus spicatus (Jacq.) Sw.,Costaceae,Costus,SPECIES,PRESERVED_SPECIMEN,1985-03-29,1985,-70.20774,18.58868,NA,15f819bd-6612-4447-854b-14d12ee1022d,,Botany,21,05,VILLA ALTAGRACIA,052105,874cd4664ffffff
https://data.biodiversitydata.nl/naturalis/specimen/U.1263220,2517380344,Barbieria pinnata,Barbieria pinnata (Pers.) Baill.,Fabaceae,Barbieria,SPECIES,PRESERVED_SPECIMEN,1980-12-01,1980,-70.18333,18.74167,NA,15f819bd-6612-4447-854b-14d12ee1022d,,Botany,21,05,VILLA ALTAGRACIA,052105,874cd40ceffffff
https://data.biodiversitydata.nl/naturalis/specimen/U.1300243,2515387178,Crotalaria pallida,Crotalaria falcata Vahl ex DC.,Fabaceae,Crotalaria,SPECIES,PRESERVED_SPECIMEN,1989-08-04,1989,-70.21667,18.61667,NA,15f819bd-6612-4447-854b-14d12ee1022d,,Botany,21,05,VILLA ALTAGRACIA,052105,874cd475dffffff
https://data.biodiversitydata.nl/naturalis/specimen/U.1306422,2517390945,Inga laurina,Inga laurina (Sw.) Willd.,Fabaceae,Inga,SPECIES,PRESERVED_SPECIMEN,1984-03-28,1984,-70.23333,18.55,NA,15f819bd-6612-4447-854b-14d12ee1022d,,Botany,21,05,VILLA ALTAGRACIA,052105,874cd4644ffffff
https://data.biodiversitydata.nl/naturalis/specimen/U.1350972,2515507349,Heliconia caribaea,Heliconia caribaea Lam.,Heliconiaceae,Heliconia,SPECIES,PRESERVED_SPECIMEN,1984-03-28,1984,-70.23333,18.55,NA,15f819bd-6612-4447-854b-14d12ee1022d,,Botany,21,05,VILLA ALTAGRACIA,052105,874cd4644ffffff
https://data.biodiversitydata.nl/naturalis/specimen/U.1350973,2517433589,Heliconia caribaea,Heliconia caribaea Lam.,Heliconiaceae,Heliconia,SPECIES,PRESERVED_SPECIMEN,1984-03-28,1984,-70.23333,18.55,NA,15f819bd-6612-4447-854b-14d12ee1022d,,Botany,21,05,VILLA ALTAGRACIA,052105,874cd4644ffffff
https://data.biodiversitydata.nl/naturalis/specimen/U.1350993,2515563657,Heliconia caribaea,Heliconia caribaea Lam.,Heliconiaceae,Heliconia,SPECIES,PRESERVED_SPECIMEN,1984-08-24,1984,-70.21667,18.58333,NA,15f819bd-6612-4447-854b-14d12ee1022d,,Botany,21,05,VILLA ALTAGRACIA,052105,874cd4666ffffff
https://data.biodiversitydata.nl/naturalis/specimen/U.1350994,2517425574,Heliconia caribaea,Heliconia caribaea Lam.,Heliconiaceae,Heliconia,SPECIES,PRESERVED_SPECIMEN,1984-08-24,1984,-70.21667,18.58333,NA,15f819bd-6612-4447-854b-14d12ee1022d,,Botany,21,05,VILLA ALTAGRACIA,052105,874cd4666ffffff
https://data.biodiversitydata.nl/naturalis/specimen/U.1371586,2517462922,Byrsonima spicata,Byrsonima spicata (Cav.) DC.,Malpighiaceae,Byrsonima,SPECIES,PRESERVED_SPECIMEN,1980-06-11,1980,-70.26667,18.8,NA,15f819bd-6612-4447-854b-14d12ee1022d,,Botany,21,05,VILLA ALTAGRACIA,052105,874cd40d4ffffff
https://data.biodiversitydata.nl/naturalis/specimen/U.1387265,2517204123,Miconia acuminoides,Ossaea acuminata DC.,Melastomataceae,Miconia,SPECIES,PRESERVED_SPECIMEN,1984-07-25,1984,-70.21667,18.59167,NA,15f819bd-6612-4447-854b-14d12ee1022d,,Botany,21,05,VILLA ALTAGRACIA,052105,874cd4759ffffff
https://data.biodiversitydata.nl/naturalis/specimen/U.1388759,2515572526,Cedrela odorata,Cedrela odorata L.,Meliaceae,Cedrela,SPECIES,PRESERVED_SPECIMEN,1984-03-28,1984,-70.23333,18.55,NA,15f819bd-6612-4447-854b-14d12ee1022d,,Botany,21,05,VILLA ALTAGRACIA,052105,874cd4644ffffff
https://data.biodiversitydata.nl/naturalis/specimen/U.1411512,2515444260,Canna indica,Canna indica L.,Cannaceae,Canna,SPECIES,PRESERVED_SPECIMEN,1981-01-15,1981,-70.14167,18.53333,NA,15f819bd-6612-4447-854b-14d12ee1022d,,Botany,21,05,VILLA ALTAGRACIA,052105,874cd429effffff
https://data.biodiversitydata.nl/naturalis/specimen/U.1490548,2517249611,Piper aduncum,Piper aduncum L.,Piperaceae,Piper,SPECIES,PRESERVED_SPECIMEN,1984-04-02,1984,-70.21667,18.6,NA,15f819bd-6612-4447-854b-14d12ee1022d,,Botany,21,05,VILLA ALTAGRACIA,052105,874cd4759ffffff
https://data.biodiversitydata.nl/naturalis/specimen/U.1528520,2517511001,Senega paniculata,Polygala paniculata L.,Polygalaceae,Senega,SPECIES,PRESERVED_SPECIMEN,1984-03-28,1984,-70.23333,18.55,NA,15f819bd-6612-4447-854b-14d12ee1022d,,Botany,21,05,VILLA ALTAGRACIA,052105,874cd4644ffffff
https://data.biodiversitydata.nl/naturalis/specimen/U.1561699,2515616599,Hamelia axillaris,Hamelia axillaris Sw.,Rubiaceae,Hamelia,SPECIES,PRESERVED_SPECIMEN,1984-08-24,1984,-70.21667,18.58333,NA,15f819bd-6612-4447-854b-14d12ee1022d,,Botany,21,05,VILLA ALTAGRACIA,052105,874cd4666ffffff
https://data.biodiversitydata.nl/naturalis/specimen/U.1563025,2517256651,Genipa americana,Genipa americana L.,Rubiaceae,Genipa,SPECIES,PRESERVED_SPECIMEN,1984-04-02,1984,-70.15,18.6,NA,15f819bd-6612-4447-854b-14d12ee1022d,,Botany,21,05,VILLA ALTAGRACIA,052105,874cd42b2ffffff
https://data.biodiversitydata.nl/naturalis/specimen/U.1566513,2515611862,Hexasepalum sarmentosum,Diodella sarmentosa (Sw.) Bacigalupo & Cabral ex Borhidi,Rubiaceae,Hexasepalum,SPECIES,PRESERVED_SPECIMEN,1984-04-02,1984,-70.21667,18.6,NA,15f819bd-6612-4447-854b-14d12ee1022d,,Botany,21,05,VILLA ALTAGRACIA,052105,874cd4759ffffff
https://data.biodiversitydata.nl/naturalis/specimen/U.1584835,2515489932,Casearia arborea,Casearia arborea (Rich.) Urb.,Salicaceae,Casearia,SPECIES,PRESERVED_SPECIMEN,1984-07-25,1984,-70.21667,18.58333,NA,15f819bd-6612-4447-854b-14d12ee1022d,,Botany,21,05,VILLA ALTAGRACIA,052105,874cd4666ffffff
https://data.biodiversitydata.nl/naturalis/specimen/U.1584836,2515516008,Casearia arborea,Casearia arborea (Rich.) Urb.,Salicaceae,Casearia,SPECIES,PRESERVED_SPECIMEN,1984-04-02,1984,-70.21667,18.6,NA,15f819bd-6612-4447-854b-14d12ee1022d,,Botany,21,05,VILLA ALTAGRACIA,052105,874cd4759ffffff
https://data.biodiversitydata.nl/naturalis/specimen/U.1591781,2517518039,Allophylus racemosus,Allophylus racemosus (L.) Radlk.,Sapindaceae,Allophylus,SPECIES,PRESERVED_SPECIMEN,1984-07-15,1984,-70.21667,18.58333,NA,15f819bd-6612-4447-854b-14d12ee1022d,,Botany,21,05,VILLA ALTAGRACIA,052105,874cd4666ffffff
https://data.biodiversitydata.nl/naturalis/specimen/U.1596382,2517259132,Chrysophyllum L.,Chrysophyllum L.,Sapotaceae,Chrysophyllum,GENUS,PRESERVED_SPECIMEN,1984-07-25,1984,-70.21667,18.58333,NA,15f819bd-6612-4447-854b-14d12ee1022d,,Botany,21,05,VILLA ALTAGRACIA,052105,874cd4666ffffff
https://data.biodiversitydata.nl/naturalis/specimen/U.1603089,2515698524,Costus spicatus,Costus spicatus (Jacq.) Sw.,Costaceae,Costus,SPECIES,PRESERVED_SPECIMEN,1985-03-29,1985,-70.20774,18.58868,NA,15f819bd-6612-4447-854b-14d12ee1022d,,Botany,21,05,VILLA ALTAGRACIA,052105,874cd4664ffffff
https://data.biodiversitydata.nl/naturalis/specimen/U.1607412,2515676813,Parapolystichum effusum,Lastreopsis effusa var. divergens (Willd. ex Schkuhr) Proctor,Dryopteridaceae,Parapolystichum,VARIETY,PRESERVED_SPECIMEN,1984-03-28,1984,-70.23333,18.55,NA,15f819bd-6612-4447-854b-14d12ee1022d,,Botany,21,05,VILLA ALTAGRACIA,052105,874cd4644ffffff
https://data.biodiversitydata.nl/naturalis/specimen/U.1607416,2517127498,Parapolystichum effusum,Lastreopsis effusa var. divergens (Willd. ex Schkuhr) Proctor,Dryopteridaceae,Parapolystichum,VARIETY,PRESERVED_SPECIMEN,1984-08-24,1984,-70.21667,18.58333,NA,15f819bd-6612-4447-854b-14d12ee1022d,,Botany,21,05,VILLA ALTAGRACIA,052105,874cd4666ffffff
https://data.biodiversitydata.nl/naturalis/specimen/U.1741414,2517160016,Solanum torvum,Solanum torvum Sw.,Solanaceae,Solanum,SPECIES,PRESERVED_SPECIMEN,1984-04-02,1984,-70.21667,18.6,NA,15f819bd-6612-4447-854b-14d12ee1022d,,Botany,21,05,VILLA ALTAGRACIA,052105,874cd4759ffffff
https://www.inaturalist.org/observations/105966491,4028782583,Spathoglottis plicata,Spathoglottis plicata Blume,Orchidaceae,Spathoglottis,SPECIES,HUMAN_OBSERVATION,2021-02-10T15:16Z,2021,-70.182778,18.714167,2054,50c9509d-22c7-4a22-a47d-8c48425ef4a7,iNaturalist,Observations,21,05,VILLA ALTAGRACIA,052105,874cd40cbffffff
https://www.inaturalist.org/observations/108510579,3743223802,Spathoglottis plicata,Spathoglottis plicata Blume,Orchidaceae,Spathoglottis,SPECIES,HUMAN_OBSERVATION,2022-03-12T17:36:03Z,2022,-70.183704,18.740163,576,50c9509d-22c7-4a22-a47d-8c48425ef4a7,iNaturalist,Observations,21,05,VILLA ALTAGRACIA,052105,874cd40ceffffff
https://www.inaturalist.org/observations/141112642,4453701596,Heterotis rotundifolia,Heterotis rotundifolia (Sm.) Jacq.-Fél.,Melastomataceae,Heterotis,SPECIES,HUMAN_OBSERVATION,2022-10-16T10:44,2022,-70.184204,18.677538,NA,50c9509d-22c7-4a22-a47d-8c48425ef4a7,iNaturalist,Observations,21,05,VILLA ALTAGRACIA,052105,874cd4761ffffff
https://www.inaturalist.org/observations/141113133,3963400963,Pontederia crassipes,Pontederia crassipes Mart.,Pontederiaceae,Pontederia,SPECIES,HUMAN_OBSERVATION,2022-10-16T10:15,2022,-70.18174,18.673279,NA,50c9509d-22c7-4a22-a47d-8c48425ef4a7,iNaturalist,Observations,21,05,VILLA ALTAGRACIA,052105,874cd4761ffffff
https://www.inaturalist.org/observations/141113134,3963278017,Pontederia crassipes,Pontederia crassipes Mart.,Pontederiaceae,Pontederia,SPECIES,HUMAN_OBSERVATION,2022-10-16T10:16,2022,-70.18174,18.673279,NA,50c9509d-22c7-4a22-a47d-8c48425ef4a7,iNaturalist,Observations,21,05,VILLA ALTAGRACIA,052105,874cd4761ffffff
https://www.inaturalist.org/observations/141113135,3963388970,Pontederia crassipes,Pontederia crassipes Mart.,Pontederiaceae,Pontederia,SPECIES,HUMAN_OBSERVATION,2022-10-16T10:07,2022,-70.180962,18.673353,NA,50c9509d-22c7-4a22-a47d-8c48425ef4a7,iNaturalist,Observations,21,05,VILLA ALTAGRACIA,052105,874cd4761ffffff
https://www.inaturalist.org/observations/142099924,3966878398,Sesamum indicum,Sesamum indicum L.,Pedaliaceae,Sesamum,SPECIES,HUMAN_OBSERVATION,2022-11-15T13:18:35,2022,-70.161041,18.597176,NA,50c9509d-22c7-4a22-a47d-8c48425ef4a7,iNaturalist,Observations,21,05,VILLA ALTAGRACIA,052105,874cd4749ffffff
https://www.inaturalist.org/observations/142100655,4854913476,Luffa aegyptiaca,Luffa aegyptiaca Mill.,Cucurbitaceae,Luffa,SPECIES,HUMAN_OBSERVATION,2022-11-15T12:51:47,2022,-70.161026,18.597172,NA,50c9509d-22c7-4a22-a47d-8c48425ef4a7,iNaturalist,Observations,21,05,VILLA ALTAGRACIA,052105,874cd4749ffffff
https://www.inaturalist.org/observations/149622284,4067649722,Spathodea campanulata,Spathodea campanulata Beauverd,Bignoniaceae,Spathodea,SPECIES,HUMAN_OBSERVATION,2023-02-24T11:38:40,2023,-70.260658,18.782833,NA,50c9509d-22c7-4a22-a47d-8c48425ef4a7,iNaturalist,Observations,21,05,VILLA ALTAGRACIA,052105,874cd40d0ffffff
https://www.inaturalist.org/observations/156910997,4926305285,Pleopeltis astrolepis,Pleopeltis astrolepis (Liebm.) E.Fourn.,Polypodiaceae,Pleopeltis,SPECIES,HUMAN_OBSERVATION,2023-04-26T14:04:59,2023,-70.231138,18.735015,5,50c9509d-22c7-4a22-a47d-8c48425ef4a7,iNaturalist,Observations,21,05,VILLA ALTAGRACIA,052105,874cd40d8ffffff
https://www.inaturalist.org/observations/171867030,4171324553,Emilia praetermissa,Emilia praetermissa Milne-Redh.,Asteraceae,Emilia,SPECIES,HUMAN_OBSERVATION,2023-06-17T10:34:10,2023,-70.161125,18.596724,NA,50c9509d-22c7-4a22-a47d-8c48425ef4a7,iNaturalist,Observations,21,05,VILLA ALTAGRACIA,052105,874cd4749ffffff
https://www.inaturalist.org/observations/171867829,4162037822,Cyperus mindorensis,Cyperus mindorensis (Steud.) Huygh,Cyperaceae,Cyperus,SPECIES,HUMAN_OBSERVATION,2023-06-17T10:28:43,2023,-70.161331,18.597332,NA,50c9509d-22c7-4a22-a47d-8c48425ef4a7,iNaturalist,Observations,21,05,VILLA ALTAGRACIA,052105,874cd4749ffffff
https://www.inaturalist.org/observations/194276029,4512085948,Spathodea campanulata,Spathodea campanulata Beauverd,Bignoniaceae,Spathodea,SPECIES,HUMAN_OBSERVATION,2023-09-16T11:07:36,2023,-70.201703,18.597833,1,50c9509d-22c7-4a22-a47d-8c48425ef4a7,iNaturalist,Observations,21,05,VILLA ALTAGRACIA,052105,874cd474affffff
https://www.inaturalist.org/observations/198157680,4519125707,Alpinia purpurata,Alpinia purpurata (Vieill.) K.Schum.,Zingiberaceae,Alpinia,SPECIES,HUMAN_OBSERVATION,2024-01-28T11:10:43,2024,-70.164025,18.609508,2186,50c9509d-22c7-4a22-a47d-8c48425ef4a7,iNaturalist,Observations,21,05,VILLA ALTAGRACIA,052105,874cd474dffffff
https://www.inaturalist.org/observations/198203389,4524983619,Thunbergia grandiflora,Thunbergia grandiflora (Roxb. ex Rottler) Roxb.,Acanthaceae,Thunbergia,SPECIES,HUMAN_OBSERVATION,2024-01-28T09:57:05,2024,-70.214112,18.605367,13,50c9509d-22c7-4a22-a47d-8c48425ef4a7,iNaturalist,Observations,21,05,VILLA ALTAGRACIA,052105,874cd475dffffff
https://www.inaturalist.org/observations/198216418,4519147605,Megaskepasma erythrochlamys,Megaskepasma erythrochlamys Lindau,Acanthaceae,Megaskepasma,SPECIES,HUMAN_OBSERVATION,2024-01-28T10:06:47,2024,-70.215753,18.606408,12,50c9509d-22c7-4a22-a47d-8c48425ef4a7,iNaturalist,Observations,21,05,VILLA ALTAGRACIA,052105,874cd475dffffff
https://www.inaturalist.org/observations/198216500,4519198345,Asclepias nivea,Asclepias nivea L.,Apocynaceae,Asclepias,SPECIES,HUMAN_OBSERVATION,2024-01-28T11:01:56,2024,-70.216408,18.607855,29,50c9509d-22c7-4a22-a47d-8c48425ef4a7,iNaturalist,Observations,21,05,VILLA ALTAGRACIA,052105,874cd475dffffff
https://www.inaturalist.org/observations/198221845,4519204881,Entada gigas,Entada gigas (L.) Fawc. & Rendle,Fabaceae,Entada,SPECIES,HUMAN_OBSERVATION,2024-01-28T11:51:41,2024,-70.219488,18.606755,112,50c9509d-22c7-4a22-a47d-8c48425ef4a7,iNaturalist,Observations,21,05,VILLA ALTAGRACIA,052105,874cd475dffffff
https://www.inaturalist.org/observations/198221858,4522527438,Mimosa ceratonia,Mimosa ceratonia L.,Fabaceae,Mimosa,SPECIES,HUMAN_OBSERVATION,2024-01-28T11:57:40,2024,-70.218108,18.606695,63,50c9509d-22c7-4a22-a47d-8c48425ef4a7,iNaturalist,Observations,21,05,VILLA ALTAGRACIA,052105,874cd475dffffff
https://www.inaturalist.org/observations/198221902,4519158452,Centrosema pubescens,Centrosema pubescens Benth.,Fabaceae,Centrosema,SPECIES,HUMAN_OBSERVATION,2024-01-28T12:41:29,2024,-70.211687,18.606197,66,50c9509d-22c7-4a22-a47d-8c48425ef4a7,iNaturalist,Observations,21,05,VILLA ALTAGRACIA,052105,874cd474affffff
https://www.inaturalist.org/observations/198383926,4519251444,Inga laurina,Inga laurina (Sw.) Willd.,Fabaceae,Inga,SPECIES,HUMAN_OBSERVATION,2024-01-28T08:37,2024,-70.208277,18.605106,359,50c9509d-22c7-4a22-a47d-8c48425ef4a7,iNaturalist,Observations,21,05,VILLA ALTAGRACIA,052105,874cd474affffff
https://www.inaturalist.org/observations/198383927,4519227343,Cochlospermum vitifolium,Cochlospermum vitifolium (Willd.) Spreng.,Bixaceae,Cochlospermum,SPECIES,HUMAN_OBSERVATION,2024-01-28T09:25,2024,-70.208277,18.605106,359,50c9509d-22c7-4a22-a47d-8c48425ef4a7,iNaturalist,Observations,21,05,VILLA ALTAGRACIA,052105,874cd474affffff
https://www.inaturalist.org/observations/198383929,4519234400,Acacia mangium,Acacia mangium Willd.,Fabaceae,Acacia,SPECIES,HUMAN_OBSERVATION,2024-01-28T09:29,2024,-70.208277,18.605106,359,50c9509d-22c7-4a22-a47d-8c48425ef4a7,iNaturalist,Observations,21,05,VILLA ALTAGRACIA,052105,874cd474affffff
https://www.inaturalist.org/observations/214848065,4863573712,Mimosa caesalpiniifolia,Mimosa caesalpiniifolia Benth.,Fabaceae,Mimosa,SPECIES,HUMAN_OBSERVATION,2022-10-16T10:30,2022,-70.183578,18.674816,NA,50c9509d-22c7-4a22-a47d-8c48425ef4a7,iNaturalist,Observations,21,05,VILLA ALTAGRACIA,052105,874cd4761ffffff
https://www.inaturalist.org/observations/265273096,5088166114,Calliandra calothyrsus,Calliandra calothyrsus Meisn.,Fabaceae,Calliandra,SPECIES,HUMAN_OBSERVATION,2025-03-07T10:16:12,2025,-70.264267,18.692383,NA,50c9509d-22c7-4a22-a47d-8c48425ef4a7,iNaturalist,Observations,21,05,VILLA ALTAGRACIA,052105,874cd4772ffffff
https://www.inaturalist.org/observations/265273111,5087888241,Thunbergia alata,Thunbergia alata Bojer ex Sims,Acanthaceae,Thunbergia,SPECIES,HUMAN_OBSERVATION,2025-03-07T08:46:52,2025,-70.261612,18.691301,NA,50c9509d-22c7-4a22-a47d-8c48425ef4a7,iNaturalist,Observations,21,05,VILLA ALTAGRACIA,052105,874cd4772ffffff
https://www.inaturalist.org/observations/270056266,5133347416,Coleus barbatus,Coleus barbatus (Andrews) Benth. ex G.Don,Lamiaceae,Coleus,SPECIES,HUMAN_OBSERVATION,2025-04-12T17:03:13,2025,-70.242447,18.700687,NA,50c9509d-22c7-4a22-a47d-8c48425ef4a7,iNaturalist,Observations,21,05,VILLA ALTAGRACIA,052105,874cd4774ffffff
https://www.inaturalist.org/observations/271248759,5134024531,Rhipsalis baccifera,Rhipsalis baccifera (J.S.Muell.) Stearn,Cactaceae,Rhipsalis,SPECIES,HUMAN_OBSERVATION,2025-03-07T10:40:09,2025,-70.268133,18.692697,206,50c9509d-22c7-4a22-a47d-8c48425ef4a7,iNaturalist,Observations,21,05,VILLA ALTAGRACIA,052105,874cd4772ffffff
https://www.inaturalist.org/observations/305056639,5292903709,Rhynchospora pura,Rhynchospora pura (Nees) Griseb.,Cyperaceae,Rhynchospora,SPECIES,HUMAN_OBSERVATION,2025-08-09T15:53:01,2025,-70.247841,18.742068,18,50c9509d-22c7-4a22-a47d-8c48425ef4a7,iNaturalist,Observations,21,05,VILLA ALTAGRACIA,052105,874cd40deffffff
https://www.inaturalist.org/observations/305057961,5291849014,Christella dentata,Christella dentata (Forssk.) Brownsey & Jermy,Thelypteridaceae,Christella,SPECIES,HUMAN_OBSERVATION,2025-08-09T16:27:49,2025,-70.247779,18.742128,18,50c9509d-22c7-4a22-a47d-8c48425ef4a7,iNaturalist,Observations,21,05,VILLA ALTAGRACIA,052105,874cd40deffffff
https://www.inaturalist.org/observations/305061174,5292520287,Cupania americana,Cupania americana L.,Sapindaceae,Cupania,SPECIES,HUMAN_OBSERVATION,2025-08-09T16:42:13,2025,-70.247894,18.741979,39,50c9509d-22c7-4a22-a47d-8c48425ef4a7,iNaturalist,Observations,21,05,VILLA ALTAGRACIA,052105,874cd40deffffff
https://www.inaturalist.org/observations/305365413,5830526920,Miconia prasina,Miconia prasina (Sw.) DC.,Melastomataceae,Miconia,SPECIES,HUMAN_OBSERVATION,2025-08-10T17:39:07,2025,-70.247937,18.741792,50,50c9509d-22c7-4a22-a47d-8c48425ef4a7,iNaturalist,Observations,21,05,VILLA ALTAGRACIA,052105,874cd40deffffff
https://www.inaturalist.org/observations/305367337,5292588948,Senna alata,Senna alata (L.) Roxb.,Fabaceae,Senna,SPECIES,HUMAN_OBSERVATION,2025-08-10T17:40:55,2025,-70.24787,18.742056,28,50c9509d-22c7-4a22-a47d-8c48425ef4a7,iNaturalist,Observations,21,05,VILLA ALTAGRACIA,052105,874cd40deffffff
https://www.inaturalist.org/observations/321765792,5868349075,Poitea galegoides,Poitea galegoides Vent.,Fabaceae,Poitea,SPECIES,HUMAN_OBSERVATION,1991-03-28T16:22:33,1991,-70.115914,18.51996,NA,50c9509d-22c7-4a22-a47d-8c48425ef4a7,iNaturalist,Observations,21,05,VILLA ALTAGRACIA,052105,874cd4298ffffff
https://www.inaturalist.org/observations/336901924,6147593422,Heliconia psittacorum,Heliconia psittacorum L.f.,Heliconiaceae,Heliconia,SPECIES,HUMAN_OBSERVATION,2026-01-31T11:23:08,2026,-70.18383,18.737667,1,50c9509d-22c7-4a22-a47d-8c48425ef4a7,iNaturalist,Observations,21,05,VILLA ALTAGRACIA,052105,874cd40ceffffff
https://www.inaturalist.org/observations/336902266,6133348872,Spathoglottis plicata,Spathoglottis plicata Blume,Orchidaceae,Spathoglottis,SPECIES,HUMAN_OBSERVATION,2026-01-31T16:35:46,2026,-70.180308,18.738543,NA,50c9509d-22c7-4a22-a47d-8c48425ef4a7,iNaturalist,Observations,21,05,VILLA ALTAGRACIA,052105,874cd40c8ffffff
https://www.inaturalist.org/observations/336902423,6133156217,Spathoglottis plicata,Spathoglottis plicata Blume,Orchidaceae,Spathoglottis,SPECIES,HUMAN_OBSERVATION,2026-01-31T16:44:02,2026,-70.179197,18.7397,NA,50c9509d-22c7-4a22-a47d-8c48425ef4a7,iNaturalist,Observations,21,05,VILLA ALTAGRACIA,052105,874cd40c8ffffff
https://www.inaturalist.org/observations/34748310,4516488465,Cucumis melo,Cucumis melo L.,Cucurbitaceae,Cucumis,SPECIES,HUMAN_OBSERVATION,2019-08-25T08:55,2019,-70.177933,18.670475,101,50c9509d-22c7-4a22-a47d-8c48425ef4a7,iNaturalist,Observations,21,05,VILLA ALTAGRACIA,052105,874cd476effffff
https://www.inaturalist.org/observations/63543753,2988325779,Thunbergia alata,Thunbergia alata Bojer ex Sims,Acanthaceae,Thunbergia,SPECIES,HUMAN_OBSERVATION,2020-10-24T16:14:13Z,2020,-70.267958,18.62678,10,50c9509d-22c7-4a22-a47d-8c48425ef4a7,iNaturalist,Observations,21,05,VILLA ALTAGRACIA,052105,874cd4753ffffff
https://www.inaturalist.org/observations/6908792,1847635950,Leonotis nepetifolia,Leonotis nepetifolia (L.) R.Br.,Lamiaceae,Leonotis,SPECIES,HUMAN_OBSERVATION,2017-07-01T19:52,2017,-70.166931,18.527056,3906,50c9509d-22c7-4a22-a47d-8c48425ef4a7,iNaturalist,Observations,21,05,VILLA ALTAGRACIA,052105,874cd4668ffffff
https://www.inaturalist.org/observations/92827892,3384293168,Spathoglottis plicata,Spathoglottis plicata Blume,Orchidaceae,Spathoglottis,SPECIES,HUMAN_OBSERVATION,2021-08-28T15:00:36Z,2021,-70.182778,18.714209,2054,50c9509d-22c7-4a22-a47d-8c48425ef4a7,iNaturalist,Observations,21,05,VILLA ALTAGRACIA,052105,874cd40cbffffff
o-1021485143,5109994719,Dracaena hyacinthoides,Dracaena hyacinthoides (L.) Mabb.,Asparagaceae,Dracaena,SPECIES,HUMAN_OBSERVATION,2024-04-04T17:04:36Z,2024,-70.193296,18.739826,NA,7a3679ef-5582-4aaa-81f0-8c2545cafc81,,,21,05,VILLA ALTAGRACIA,052105,874cd40ceffffff
q-10070130088,2644624923,Thunbergia grandiflora,Thunbergia grandiflora (Roxb. ex Rottler) Roxb.,Acanthaceae,Thunbergia,SPECIES,HUMAN_OBSERVATION,2019-04-25T15:29:16.482Z,2019,-70.173307,18.669639,NA,14d5676a-2c54-4f94-9023-1e8dcd822aa0,,,21,05,VILLA ALTAGRACIA,052105,874cd476effffff
q-10070131614,3956831261,Crossandra infundibuliformis,Crossandra infundibuliformis (L.) Nees,Acanthaceae,Crossandra,SPECIES,HUMAN_OBSERVATION,2019-04-25T15:34:09.539Z,2019,-70.17331,18.669403,NA,14d5676a-2c54-4f94-9023-1e8dcd822aa0,,,21,05,VILLA ALTAGRACIA,052105,874cd476effffff
q-10342448109,3959628108,Catharanthus roseus,Catharanthus roseus (L.) G.Don,Apocynaceae,Catharanthus,SPECIES,HUMAN_OBSERVATION,2021-05-04T10:29:21.951Z,2021,-70.156265,18.562761,NA,14d5676a-2c54-4f94-9023-1e8dcd822aa0,,,21,05,VILLA ALTAGRACIA,052105,874cd4290ffffff
q-10458700180,3954914948,Heliconia psittacorum,Heliconia psittacorum L.f.,Heliconiaceae,Heliconia,SPECIES,HUMAN_OBSERVATION,2021-08-21T21:41:54.500Z,2021,-70.254331,18.731048,48,14d5676a-2c54-4f94-9023-1e8dcd822aa0,,,21,05,VILLA ALTAGRACIA,052105,874cd40daffffff
q-10604806398,3954748074,Lippia alba,Lippia alba (Mill.) N.E.Br. ex Britton & Wilson,Verbenaceae,Lippia,SPECIES,HUMAN_OBSERVATION,2022-05-29T20:56:53.264Z,2022,-70.168786,18.624368,6,14d5676a-2c54-4f94-9023-1e8dcd822aa0,,,21,05,VILLA ALTAGRACIA,052105,874cd476bffffff
q-10604822741,3960251985,Passiflora foetida,Passiflora foetida L.,Passifloraceae,Passiflora,SPECIES,HUMAN_OBSERVATION,2022-05-29T21:24:12.815Z,2022,-70.164335,18.624452,8,14d5676a-2c54-4f94-9023-1e8dcd822aa0,,,21,05,VILLA ALTAGRACIA,052105,874cd476bffffff
q-10670982213,3999082549,Senna alata,Senna alata (L.) Roxb.,Fabaceae,Senna,SPECIES,HUMAN_OBSERVATION,2022-08-12T18:18:47.629Z,2022,-70.205803,18.734617,12,14d5676a-2c54-4f94-9023-1e8dcd822aa0,,,21,05,VILLA ALTAGRACIA,052105,874cd40ddffffff
q-10717731961,3999030804,Cestrum nocturnum,Cestrum nocturnum L.,Solanaceae,Cestrum,SPECIES,HUMAN_OBSERVATION,2022-11-03T23:28:48.330Z,2022,-70.231403,18.735294,NA,14d5676a-2c54-4f94-9023-1e8dcd822aa0,,,21,05,VILLA ALTAGRACIA,052105,874cd40d8ffffff
urn:catalog:MO:Tropicos:100353857,1257702829,Malachra fasciata,Malachra fasciata Jacq.,Malvaceae,Malachra,SPECIES,PRESERVED_SPECIMEN,1977-11-26,1977,-70.15,18.63333,NA,7bd65a7a-f762-11e1-a439-00145eb45e9a,MO,Tropicos,21,05,VILLA ALTAGRACIA,052105,874cd4769ffffff
urn:catalog:MO:Tropicos:100353956,1257702934,Sida rhombifolia,Sida rhombifolia L.,Malvaceae,Sida,SPECIES,PRESERVED_SPECIMEN,1977-11-26,1977,-70.15,18.63333,NA,7bd65a7a-f762-11e1-a439-00145eb45e9a,MO,Tropicos,21,05,VILLA ALTAGRACIA,052105,874cd4769ffffff
urn:catalog:MO:Tropicos:100353959,1257702922,Sida spinosa,Sida spinosa L.,Malvaceae,Sida,SPECIES,PRESERVED_SPECIMEN,1977-11-26,1977,-70.15,18.63333,NA,7bd65a7a-f762-11e1-a439-00145eb45e9a,MO,Tropicos,21,05,VILLA ALTAGRACIA,052105,874cd4769ffffff
urn:catalog:MO:Tropicos:100354403,1257703376,Ludwigia erecta,Ludwigia erecta (L.) H.Hara,Onagraceae,Ludwigia,SPECIES,PRESERVED_SPECIMEN,1977-11-26,1977,-70.15,18.63333,NA,7bd65a7a-f762-11e1-a439-00145eb45e9a,MO,Tropicos,21,05,VILLA ALTAGRACIA,052105,874cd4769ffffff
urn:catalog:MO:Tropicos:100354408,1257703369,Ludwigia octovalvis,Ludwigia octovalvis (Jacq.) P.H.Raven,Onagraceae,Ludwigia,SPECIES,PRESERVED_SPECIMEN,1977-11-26,1977,-70.15,18.63333,NA,7bd65a7a-f762-11e1-a439-00145eb45e9a,MO,Tropicos,21,05,VILLA ALTAGRACIA,052105,874cd4769ffffff
urn:catalog:MO:Tropicos:100354549,1257703479,Ipomoea triloba,Ipomoea triloba L.,Convolvulaceae,Ipomoea,SPECIES,PRESERVED_SPECIMEN,1977-11-26,1977,-70.15,18.63333,NA,7bd65a7a-f762-11e1-a439-00145eb45e9a,MO,Tropicos,21,05,VILLA ALTAGRACIA,052105,874cd4769ffffff
urn:catalog:MO:Tropicos:100354558,1257703494,Ipomoea setifera,Ipomoea setifera Poir.,Convolvulaceae,Ipomoea,SPECIES,PRESERVED_SPECIMEN,1977-11-26,1977,-70.15,18.63333,NA,7bd65a7a-f762-11e1-a439-00145eb45e9a,MO,Tropicos,21,05,VILLA ALTAGRACIA,052105,874cd4769ffffff
urn:catalog:MO:Tropicos:100354559,1257703484,Ipomoea meyeri,Ipomoea meyeri (Spreng.) G.Don,Convolvulaceae,Ipomoea,SPECIES,PRESERVED_SPECIMEN,1977-11-26,1977,-70.15,18.63333,NA,7bd65a7a-f762-11e1-a439-00145eb45e9a,MO,Tropicos,21,05,VILLA ALTAGRACIA,052105,874cd4769ffffff
urn:catalog:MO:Tropicos:100461367,1257808224,Acacia mangium,Acacia mangium Willd.,Fabaceae,Acacia,SPECIES,PRESERVED_SPECIMEN,2006-06-17,2006,-70.156111,18.666889,NA,7bd65a7a-f762-11e1-a439-00145eb45e9a,MO,Tropicos,21,05,VILLA ALTAGRACIA,052105,874cd476cffffff
urn:catalog:MO:Tropicos:100754895,1258085401,Acacia mangium,Acacia mangium Willd.,Fabaceae,Acacia,SPECIES,PRESERVED_SPECIMEN,2006-06-17,2006,-70.1561,18.6669,NA,7bd65a7a-f762-11e1-a439-00145eb45e9a,MO,Tropicos,21,05,VILLA ALTAGRACIA,052105,874cd476cffffff
urn:catalog:MO:Tropicos:100775208,1258104624,Myrsine coriacea,Myrsine coriacea (Sw.) R.Br. ex Roem. & Schult.,Primulaceae,Myrsine,SPECIES,PRESERVED_SPECIMEN,1994-03-23,1994,-70.233333,18.65,NA,7bd65a7a-f762-11e1-a439-00145eb45e9a,MO,Tropicos,21,05,VILLA ALTAGRACIA,052105,874cd4742ffffff
urn:catalog:MO:Tropicos:101395489,3946852726,Anthurium scandens,Anthurium scandens (Aubl.) Engl.,Araceae,Anthurium,SPECIES,PRESERVED_SPECIMEN,1981-01-15,1981,-70.116667,18.516667,NA,7bd65a7a-f762-11e1-a439-00145eb45e9a,MO,Tropicos,21,05,VILLA ALTAGRACIA,052105,874cd4298ffffff
urn:catalog:MO:Tropicos:101395919,3946772721,Anthurium scandens,Anthurium scandens subsp. scandens,Araceae,Anthurium,SUBSPECIES,PRESERVED_SPECIMEN,1998-07-11,1998,-70.291667,18.708333,NA,7bd65a7a-f762-11e1-a439-00145eb45e9a,MO,Tropicos,21,05,VILLA ALTAGRACIA,052105,874cd470cffffff
urn:catalog:MO:Tropicos:101396939,3946783975,Anthurium scandens,Anthurium scandens subsp. scandens,Araceae,Anthurium,SUBSPECIES,PRESERVED_SPECIMEN,1984-03-28,1984,-70.233333,18.55,NA,7bd65a7a-f762-11e1-a439-00145eb45e9a,MO,Tropicos,21,05,VILLA ALTAGRACIA,052105,874cd4644ffffff
urn:catalog:MO:Tropicos:101396942,3946841507,Anthurium scandens,Anthurium scandens (Aubl.) Engl.,Araceae,Anthurium,SPECIES,PRESERVED_SPECIMEN,1980-12-01,1980,-70.183333,18.741667,NA,7bd65a7a-f762-11e1-a439-00145eb45e9a,MO,Tropicos,21,05,VILLA ALTAGRACIA,052105,874cd40ceffffff
urn:catalog:MO:Tropicos:2324378,1259627132,Cyperus iria,Cyperus iria L.,Cyperaceae,Cyperus,SPECIES,PRESERVED_SPECIMEN,1984-07-19,1984,-70.16666,18.66666,NA,7bd65a7a-f762-11e1-a439-00145eb45e9a,MO,Tropicos,21,05,VILLA ALTAGRACIA,052105,874cd476cffffff
urn:catalog:MO:Tropicos:2349535,1259654895,Amaranthus viridis,Amaranthus viridis L.,Amaranthaceae,Amaranthus,SPECIES,PRESERVED_SPECIMEN,1977-11-26,1977,-70.15,18.63333,NA,7bd65a7a-f762-11e1-a439-00145eb45e9a,MO,Tropicos,21,05,VILLA ALTAGRACIA,052105,874cd4769ffffff
urn:catalog:MO:Tropicos:2357758,1259663218,Aeschynomene sensitiva,Aeschynomene sensitiva Sw.,Fabaceae,Aeschynomene,SPECIES,PRESERVED_SPECIMEN,1977-11-26,1977,-70.15,18.63333,NA,7bd65a7a-f762-11e1-a439-00145eb45e9a,MO,Tropicos,21,05,VILLA ALTAGRACIA,052105,874cd4769ffffff
urn:catalog:MO:Tropicos:2365824,1259672575,Vigna umbellata,Phaseolus ricciardianus Ten.,Fabaceae,Vigna,SPECIES,PRESERVED_SPECIMEN,1977-11-26,1977,-70.15,18.63333,NA,7bd65a7a-f762-11e1-a439-00145eb45e9a,MO,Tropicos,21,05,VILLA ALTAGRACIA,052105,874cd4769ffffff
urn:catalog:MO:Tropicos:2366023,1259672179,Mucuna pruriens,Mucuna pruriens (L.) DC.,Fabaceae,Mucuna,SPECIES,PRESERVED_SPECIMEN,1977-11-26,1977,-70.15,18.63333,NA,7bd65a7a-f762-11e1-a439-00145eb45e9a,MO,Tropicos,21,05,VILLA ALTAGRACIA,052105,874cd4769ffffff
urn:catalog:MO:Tropicos:2371175,1259677737,Phaseolus lunatus,Phaseolus lunatus L.,Fabaceae,Phaseolus,SPECIES,PRESERVED_SPECIMEN,1977-11-26,1977,-70.15,18.63333,NA,7bd65a7a-f762-11e1-a439-00145eb45e9a,MO,Tropicos,21,05,VILLA ALTAGRACIA,052105,874cd4769ffffff
urn:catalog:MO:Tropicos:2374657,1259682418,Rhynchosia minima,Rhynchosia minima (L.) DC.,Fabaceae,Rhynchosia,SPECIES,PRESERVED_SPECIMEN,1977-11-26,1977,-70.15,18.63333,NA,7bd65a7a-f762-11e1-a439-00145eb45e9a,MO,Tropicos,21,05,VILLA ALTAGRACIA,052105,874cd4769ffffff
urn:catalog:MO:Tropicos:2375907,1259683495,Neustanthus phaseoloides,Pueraria phaseoloides (Roxb.) Benth.,Fabaceae,Neustanthus,SPECIES,PRESERVED_SPECIMEN,1977-11-26,1977,-70.15,18.63333,NA,7bd65a7a-f762-11e1-a439-00145eb45e9a,MO,Tropicos,21,05,VILLA ALTAGRACIA,052105,874cd4769ffffff
urn:catalog:MO:Tropicos:2501528,1259821995,Miconia prasina,Miconia prasina (Sw.) DC.,Melastomataceae,Miconia,SPECIES,PRESERVED_SPECIMEN,1948-01-27,1948,-70.166667,18.666667,NA,7bd65a7a-f762-11e1-a439-00145eb45e9a,MO,Tropicos,21,05,VILLA ALTAGRACIA,052105,874cd476cffffff
urn:catalog:MO:Tropicos:2565125,1259892277,Heliotropium angiospermum,Heliotropium angiospermum Murray,Heliotropiaceae,Heliotropium,SPECIES,PRESERVED_SPECIMEN,1981-01-15,1981,-70.11666,18.51666,NA,7bd65a7a-f762-11e1-a439-00145eb45e9a,MO,Tropicos,21,05,VILLA ALTAGRACIA,052105,874cd4298ffffff
urn:catalog:MO:Tropicos:2565430,1259892631,Hyptis capitata,Hyptis capitata Jacq.,Lamiaceae,Hyptis,SPECIES,PRESERVED_SPECIMEN,1981-01-15,1981,-70.13333,18.53333,NA,7bd65a7a-f762-11e1-a439-00145eb45e9a,MO,Tropicos,21,05,VILLA ALTAGRACIA,052105,874cd429effffff
urn:catalog:MO:Tropicos:3150181,1260537672,Eugenia dictyophylla,Eugenia dictyophylla Urb.,Myrtaceae,Eugenia,SPECIES,PRESERVED_SPECIMEN,1994-06-14,1994,-70.26666,18.66666,NA,7bd65a7a-f762-11e1-a439-00145eb45e9a,MO,Tropicos,21,05,VILLA ALTAGRACIA,052105,874cd4754ffffff
urn:catalog:MO:Tropicos:3151164,1260538611,Miconia spanantha,Miconia spanantha Judd & Majure,Melastomataceae,Miconia,SPECIES,PRESERVED_SPECIMEN,1994-04-21,1994,-70.23333,18.65,NA,7bd65a7a-f762-11e1-a439-00145eb45e9a,MO,Tropicos,21,05,VILLA ALTAGRACIA,052105,874cd4742ffffff
urn:catalog:MO:Tropicos:3152976,1260540579,Eugenia crenulata,Eugenia crenulata (Sw.) Willd.,Myrtaceae,Eugenia,SPECIES,PRESERVED_SPECIMEN,1999-08-28,1999,-70.23333,18.55,NA,7bd65a7a-f762-11e1-a439-00145eb45e9a,MO,Tropicos,21,05,VILLA ALTAGRACIA,052105,874cd4644ffffff
urn:catalog:MO:Tropicos:3166922,1260556009,Miconia umbellata,Miconia umbellata (Mill.) Judd & Ionta,Melastomataceae,Miconia,SPECIES,PRESERVED_SPECIMEN,1994-03-23,1994,-70.233333,18.65,NA,7bd65a7a-f762-11e1-a439-00145eb45e9a,MO,Tropicos,21,05,VILLA ALTAGRACIA,052105,874cd4742ffffff
urn:catalog:MO:Tropicos:3350108,1260758060,Hyparrhenia rufa,Hyparrhenia rufa (Nees) Stapf,Poaceae,Hyparrhenia,SPECIES,PRESERVED_SPECIMEN,1983-12-01,1983,-70.23333,18.71666,NA,7bd65a7a-f762-11e1-a439-00145eb45e9a,MO,Tropicos,21,05,VILLA ALTAGRACIA,052105,874cd40dbffffff
urn:catalog:MO:Tropicos:3410757,1260825276,Guarea guidonia,Guarea guidonia (L.) Sleumer,Meliaceae,Guarea,SPECIES,PRESERVED_SPECIMEN,1994-05-28,1994,-70.25,18.7,NA,7bd65a7a-f762-11e1-a439-00145eb45e9a,MO,Tropicos,21,05,VILLA ALTAGRACIA,052105,874cd4770ffffff
