occurrenceID,gbifID,especie,scientificName,family,genus,taxonRank,basisOfRecord,eventDate,year,decimalLongitude,decimalLatitude,coordinateUncertaintyInMeters,datasetKey,institutionCode,collectionCode,provincia_codigo,municipio_codigo,municipio,id_municipio,hex_id
03C88798FFAB2251FF1B76FE609A3EE7.mc.3B093CD3FFA82250FE36750D60CF38BE,4406508339,Bouteloua juncea,Bouteloua juncea (Desv. ex P.Beauv.) Hitchc.,Poaceae,Bouteloua,SPECIES,MATERIAL_CITATION,1984-08-16,1984,-71.63333,19.783333,NA,79245429-948f-4c7f-bff9-b98ecb35c448,JBSD,,15,01,MONTE CRISTI,041501,874c8822effffff
03be3d89-0c80-42f9-a899-afe0d31d229c,4079747608,Parthenium hysterophorus,Parthenium hysterophorus L.,Asteraceae,Parthenium,SPECIES,PRESERVED_SPECIMEN,2001-09-23,2001,-71.657756,19.892941,578,3b040a48-deae-485c-95b1-2ac80b7fdc54,IIBZ,USD,15,01,MONTE CRISTI,041501,874c88300ffffff
047c2445-6ce3-46d3-8114-b646636c3baa,4079747774,Borrichia arborescens,Borrichia arborescens (L.) DC.,Asteraceae,Borrichia,SPECIES,PRESERVED_SPECIMEN,1997-04-25,1997,-71.657756,19.892941,578,3b040a48-deae-485c-95b1-2ac80b7fdc54,IIBZ,USD,15,01,MONTE CRISTI,041501,874c88300ffffff
050FDCC8-44CE-4245-AD73-05DAB7FE9DA2,153278165,Limonium haitiense,Limonium bahamense var. haitense (S.F.Blake) Alain,Plumbaginaceae,Limonium,VARIETY,PRESERVED_SPECIMEN,1983-02-20,1983,-71.65,19.8167,NA,832cb04e-f762-11e1-a439-00145eb45e9a,FTG,Herbarium,15,01,MONTE CRISTI,041501,874c88220ffffff
06415747-0C2B-4413-A02C-4985C4B80C76,153281487,Sporobolus indicus,Sporobolus indicus (L.) R.Br.,Poaceae,Sporobolus,SPECIES,PRESERVED_SPECIMEN,1931-05-27,1931,-71.6406,19.8473,NA,832cb04e-f762-11e1-a439-00145eb45e9a,FTG,Herbarium,15,01,MONTE CRISTI,041501,874c8830affffff
09e6f5a4-8242-4df9-ad64-af02eab6b8fb,1304608063,Solanum tetramerum,Solanum aquartia Dunal,Solanaceae,Solanum,SPECIES,OCCURRENCE,1984-08-16,1984,-71.633333,19.783333,NA,07044577-bd82-4089-9f3a-f4a9d2170b2e,Bioversity,,15,01,MONTE CRISTI,041501,874c8822effffff
0D3738DE-ACE7-4BCE-B219-B2639C070826,122972611,Melicoccus bijugatus,Melicoccus bijugatus Jacq.,Sapindaceae,Melicoccus,SPECIES,PRESERVED_SPECIMEN,1980-05-23,1980,-71.6667,19.85,NA,832cb04e-f762-11e1-a439-00145eb45e9a,FTG,Herbarium,15,01,MONTE CRISTI,041501,874c88319ffffff
0cff9a6c-859b-4419-b19b-7edff246b88e,1927951244,Croton discolor,Croton discolor Willd.,Euphorbiaceae,Croton,SPECIES,PRESERVED_SPECIMEN,1975-01-02/1975-01-04,1975,-71.644737,19.845039,2131.57,d415c253-4d61-4459-9d25-4015b9084fb0,NY,NY,15,01,MONTE CRISTI,041501,874c8830affffff
0d152ce2-5b00-46f4-b985-6e2c0c4628e4,1302657111,Gossypium hirsutum,Gossypium hirsutum L.,Malvaceae,Gossypium,SPECIES,OCCURRENCE,1601-01-01,1601,-71.619,19.812,NA,07044577-bd82-4089-9f3a-f4a9d2170b2e,Coppens,,15,01,MONTE CRISTI,041501,874c88352ffffff
0d5b8c94-f804-49a0-b0c0-dc9331411681,4079748272,Baccharis dioica,Baccharis dioica Vahl,Asteraceae,Baccharis,SPECIES,PRESERVED_SPECIMEN,1990-06-30,1990,-71.657756,19.892941,578,3b040a48-deae-485c-95b1-2ac80b7fdc54,IIBZ,USD,15,01,MONTE CRISTI,041501,874c88300ffffff
0e461e25-5ca9-48e2-bbb9-76cb80e3e618,1927969060,Citharexylum spinosum,Citharexylum spinosum L.,Verbenaceae,Citharexylum,SPECIES,PRESERVED_SPECIMEN,1984-08-17,1984,-71.62,19.83,NA,d415c253-4d61-4459-9d25-4015b9084fb0,NY,NY,15,01,MONTE CRISTI,041501,874c88356ffffff
0fc4b582-b92e-4c72-9147-2d67f49c6086,1927990192,Croton sidifolius,Croton sidifolius Lam.,Euphorbiaceae,Croton,SPECIES,PRESERVED_SPECIMEN,1969-06-07,1969,-71.644737,19.845039,2131.57,d415c253-4d61-4459-9d25-4015b9084fb0,NY,NY,15,01,MONTE CRISTI,041501,874c8830affffff
11ad6754-0716-4f8b-9b97-af73224eaacc,1928016699,Meteorium nigrescens,Meteorium nigrescens (Sw. ex Hedw.) Dozy & Molk.,Meteoriaceae,Meteorium,SPECIES,PRESERVED_SPECIMEN,1981-03-24,1981,-71.646285,19.894001,504.58,d415c253-4d61-4459-9d25-4015b9084fb0,NY,NY,15,01,MONTE CRISTI,041501,874c88305ffffff
159fe3ef-c4cf-49d8-b495-cb03184e4098,4079748210,Gundlachia corymbosa,Gundlachia corymbosa (Urb.) Britton ex Bold.,Asteraceae,Gundlachia,SPECIES,PRESERVED_SPECIMEN,1939-09-10,1939,-71.657756,19.892941,578,3b040a48-deae-485c-95b1-2ac80b7fdc54,IIBZ,USD,15,01,MONTE CRISTI,041501,874c88300ffffff
18c0ab7e-ffb4-48a9-9b80-5ae70f2d31d2,1928118417,Anastraphia oligantha,Anastraphia oligantha Urb.,Asteraceae,Anastraphia,SPECIES,PRESERVED_SPECIMEN,1929-07-11,1929,-71.647701,19.894206,355.41,d415c253-4d61-4459-9d25-4015b9084fb0,NY,NY,15,01,MONTE CRISTI,041501,874c88305ffffff
1DFB7EA3-7CC0-4F12-97B3-A7667D8103CC,122975925,Mosiera urbaniana,Mosiera urbaniana Borhidi,Myrtaceae,Mosiera,SPECIES,PRESERVED_SPECIMEN,2001-06-09,2001,-71.6453,19.8925,NA,832cb04e-f762-11e1-a439-00145eb45e9a,FTG,Herbarium,15,01,MONTE CRISTI,041501,874c88301ffffff
1a1be49b-d1d3-4c94-8d1b-e25de3bfe264,1928135737,Cissus trifoliata,Cissus trifoliata (L.) L.,Vitaceae,Cissus,SPECIES,PRESERVED_SPECIMEN,1980-05-22,1980,-71.65,19.85,NA,d415c253-4d61-4459-9d25-4015b9084fb0,NY,NY,15,01,MONTE CRISTI,041501,874c8830affffff
1b34fd80-8b8b-4338-80bf-5ed4b7db8d8e,4533911144,Cyperus ochraceus,Cyperus ochraceus Vahl,Cyperaceae,Cyperus,SPECIES,PRESERVED_SPECIMEN,1980-05-22,1980,-71.58329,19.816667,350,453e3294-97ef-4e1c-87cb-1ef7c5351d8e,DEK,,15,01,MONTE CRISTI,041501,874c88355ffffff
1df67a44-3a81-4754-bc16-95c31235be67,1928194033,Guapira discolor,Guapira discolor (Spreng) Little,Nyctaginaceae,Guapira,SPECIES,PRESERVED_SPECIMEN,1981-07-19,1981,-71.64628,19.893715,2536.57,d415c253-4d61-4459-9d25-4015b9084fb0,NY,NY,15,01,MONTE CRISTI,041501,874c88301ffffff
1e231410-6b8b-4e9d-8dcd-c4a373204dd7,4079748269,Tephrosia cinerea,Tephrosia cinerea (L.) Pers.,Fabaceae,Tephrosia,SPECIES,PRESERVED_SPECIMEN,1957-07-03,1957,-71.818608,19.853358,158,3b040a48-deae-485c-95b1-2ac80b7fdc54,IIBZ,USD,15,01,MONTE CRISTI,041501,874c88382ffffff
1ed640da-ce83-440b-9773-595a223f8f8f,4533908961,Gundlachia corymbosa,Gundlachia corymbosa (Urb.) Britton ex Bold.,Asteraceae,Gundlachia,SPECIES,PRESERVED_SPECIMEN,1980-05-23,1980,-71.645198,19.865091,1685,453e3294-97ef-4e1c-87cb-1ef7c5351d8e,DEK,,15,01,MONTE CRISTI,041501,874c8830effffff
2188cd38-5a31-424c-a99f-ac2cc8db331d,1928243938,Nama jamaicensis,Nama jamaicensis L.,Namaceae,Nama,SPECIES,PRESERVED_SPECIMEN,1987-03-31,1987,-71.63,19.85,NA,d415c253-4d61-4459-9d25-4015b9084fb0,NY,NY,15,01,MONTE CRISTI,041501,874c88308ffffff
220f20d8-a398-4bc5-a119-3c144f289a25,1928251303,Echinodorus berteroi,Echinodorus berteroi (Spreng.) Fassett,Alismataceae,Echinodorus,SPECIES,PRESERVED_SPECIMEN,1980-05-22,1980,-71.58,19.82,NA,d415c253-4d61-4459-9d25-4015b9084fb0,NY,NY,15,01,MONTE CRISTI,041501,874c88355ffffff
223B7DEA-E967-440E-89CB-DC753DB6B23B,153282284,Eugenia roxburghii,Syzygium bracteatum (Willd.) Raizada,Myrtaceae,Eugenia,SPECIES,PRESERVED_SPECIMEN,1975-08-16,1975,-71.588,19.7593,3036,832cb04e-f762-11e1-a439-00145eb45e9a,FTG,Herbarium,15,01,MONTE CRISTI,041501,874c88274ffffff
226a670d-a63a-448e-8d26-4bd1f820bc70,1928256345,Melocactus lemairei,Melocactus lemairei (Monv. ex Lem.) Miq.,Cactaceae,Melocactus,SPECIES,PRESERVED_SPECIMEN,1983-02-20,1983,-71.63,19.78,NA,d415c253-4d61-4459-9d25-4015b9084fb0,NY,NY,15,01,MONTE CRISTI,041501,874c8822effffff
2415dd62-366b-40e3-8fee-1ca1b290a4db,4079748224,Gundlachia corymbosa,Gundlachia corymbosa (Urb.) Britton ex Bold.,Asteraceae,Gundlachia,SPECIES,PRESERVED_SPECIMEN,2001-09-23,2001,-71.657756,19.892941,578,3b040a48-deae-485c-95b1-2ac80b7fdc54,IIBZ,USD,15,01,MONTE CRISTI,041501,874c88300ffffff
272d032e-4ce7-445f-a505-253a27246529,1928323173,Trichostomum brachydontium,Trichostomum brachydontium Bruch,Pottiaceae,Trichostomum,SPECIES,PRESERVED_SPECIMEN,1981-03-24,1981,-71.646285,19.894001,504.58,d415c253-4d61-4459-9d25-4015b9084fb0,NY,NY,15,01,MONTE CRISTI,041501,874c88305ffffff
2774865,2998578975,Myrcia neolaevigata,Calyptranthes laevigata Urb. & Ekman,Myrtaceae,Myrcia,SPECIES,PRESERVED_SPECIMEN,1929-05-24,1929,-71.65,19.87,NA,ebed4456-76d2-408c-8467-fd66be066521,K,K,15,01,MONTE CRISTI,041501,874c8830effffff
2FA93699-EBC2-4ECD-8A65-5D61FC8926F9,122968493,Ludwigia erecta,Ludwigia erecta (L.) H.Hara,Onagraceae,Ludwigia,SPECIES,PRESERVED_SPECIMEN,1980-05-22,1980,-71.5833,19.825,NA,832cb04e-f762-11e1-a439-00145eb45e9a,FTG,Herbarium,15,01,MONTE CRISTI,041501,874c88355ffffff
2b11c67b-7199-4c9a-8c86-eabc745977dd,1928378685,Euploca procumbens,Euploca procumbens (Mill.) Diane & Hilger,Heliotropiaceae,Euploca,SPECIES,PRESERVED_SPECIMEN,1980-05-22,1980,-71.58,19.82,NA,d415c253-4d61-4459-9d25-4015b9084fb0,NY,NY,15,01,MONTE CRISTI,041501,874c88355ffffff
2f4643e4-53dd-4f0d-ac42-fc905f3d6b4f,1928437861,Thouinidium pinnatum,Thouinidium pinnatum (Turpin) Radlk.,Sapindaceae,Thouinidium,SPECIES,PRESERVED_SPECIMEN,1984-08-16,1984,-71.63,19.78,NA,d415c253-4d61-4459-9d25-4015b9084fb0,NY,NY,15,01,MONTE CRISTI,041501,874c8822effffff
303ce6bf-bb39-4169-8a2c-ede8f4517834,1928451178,Salvia montecristina,Salvia montecristina Urb. & Ekman,Lamiaceae,Salvia,SPECIES,PRESERVED_SPECIMEN,1969-06-07,1969,-71.644737,19.845039,2131.57,d415c253-4d61-4459-9d25-4015b9084fb0,NY,NY,15,01,MONTE CRISTI,041501,874c8830affffff
318387c7-70d3-44b8-bb27-b2dff313d8c0,4079748254,Baccharis dioica,Baccharis dioica Vahl,Asteraceae,Baccharis,SPECIES,PRESERVED_SPECIMEN,1990-06-30,1990,-71.657756,19.892941,578,3b040a48-deae-485c-95b1-2ac80b7fdc54,IIBZ,USD,15,01,MONTE CRISTI,041501,874c88300ffffff
32f5f2c1-cc87-4ce1-95c2-6333177029e6,1928489418,"Magnoliophyta Cronquist, Takht. & Zimmerm. ex Reveal","Magnoliophyta Cronquist, Takht. & Zimmerm. ex Reveal",,,PHYLUM,PRESERVED_SPECIMEN,1984-08-16,1984,-71.63,19.78,NA,d415c253-4d61-4459-9d25-4015b9084fb0,NY,NY,15,01,MONTE CRISTI,041501,874c8822effffff
34358feb-bf4f-48df-8ef6-ecb7d26a1bb1,1928506810,Trichostomum brachydontium,Trichostomum brachydontium Bruch,Pottiaceae,Trichostomum,SPECIES,PRESERVED_SPECIMEN,1981-03-24,1981,-71.646285,19.894001,504.58,d415c253-4d61-4459-9d25-4015b9084fb0,NY,NY,15,01,MONTE CRISTI,041501,874c88305ffffff
37723d7c-80c8-4165-88f6-ed282602ab71,1928552632,Croton poitaei,Croton poitaei Urb.,Euphorbiaceae,Croton,SPECIES,PRESERVED_SPECIMEN,1979-12-18,1979,-71.64628,19.893715,2536.57,d415c253-4d61-4459-9d25-4015b9084fb0,NY,NY,15,01,MONTE CRISTI,041501,874c88301ffffff
38c32044-9872-4726-bd50-1434a89f71d3,4079747846,Canavalia rosea,Canavalia rosea (Sw.) DC.,Fabaceae,Canavalia,SPECIES,PRESERVED_SPECIMEN,1957-07-02,1957,-71.795779,19.827749,494,3b040a48-deae-485c-95b1-2ac80b7fdc54,IIBZ,USD,15,01,MONTE CRISTI,041501,874c8839dffffff
38d360e4-f129-4a9c-9693-5a3e2b2f7335,1928571221,Dasycladus vermicularis,"Dasycladus vermicularis (Scopoli) Krasser in Beck & Zahlbruckner, 1898",Dasycladaceae,Dasycladus,SPECIES,PRESERVED_SPECIMEN,1977-07-23,1977,-71.649925,19.890617,1281.57,d415c253-4d61-4459-9d25-4015b9084fb0,NY,NY,15,01,MONTE CRISTI,041501,874c88301ffffff
38d49e78-b0ed-4a8b-a426-bd7bf4ddb8e0,1928571257,Hyophiladelphus agrarius,Hyophiladelphus agrarius (Hedw.) R.H. Zander,Pottiaceae,Hyophiladelphus,SPECIES,PRESERVED_SPECIMEN,1981-03-24,1981,-71.646285,19.894001,504.58,d415c253-4d61-4459-9d25-4015b9084fb0,NY,NY,15,01,MONTE CRISTI,041501,874c88305ffffff
396a7266-97ec-48a4-a107-5140bd74744a,1928580253,Jacquinia berteroi,Jacquinia berteroi Spreng.,Primulaceae,Jacquinia,SPECIES,PRESERVED_SPECIMEN,1981-07-19,1981,-71.646285,19.894001,504.58,d415c253-4d61-4459-9d25-4015b9084fb0,NY,NY,15,01,MONTE CRISTI,041501,874c88305ffffff
39CE3154-AEF4-4DE4-9B90-E4A63CE02DB3,122951798,Gundlachia corymbosa,Gundlachia corymbosa (Urb.) Britton ex Bold.,Asteraceae,Gundlachia,SPECIES,PRESERVED_SPECIMEN,2002-04-18,2002,-71.6514,19.8925,NA,832cb04e-f762-11e1-a439-00145eb45e9a,FTG,Herbarium,15,01,MONTE CRISTI,041501,874c88301ffffff
39d70c44-10f5-4395-928b-11b761a42d22,1928585865,Senna angustisiliqua,Senna angustisiliqua var. angustisiliqua,Fabaceae,Senna,VARIETY,PRESERVED_SPECIMEN,1984-08-16,1984,-71.63,19.78,NA,d415c253-4d61-4459-9d25-4015b9084fb0,NY,NY,15,01,MONTE CRISTI,041501,874c8822effffff
3F551ED0-02FB-430B-BFC0-0F12C2C82B0D,123009788,Solanum nudum,Solanum nudum Humb. & Bonpl. ex Dunal,Solanaceae,Solanum,SPECIES,PRESERVED_SPECIMEN,1975-05-17,1975,-71.588,19.7593,3036,832cb04e-f762-11e1-a439-00145eb45e9a,FTG,Herbarium,15,01,MONTE CRISTI,041501,874c88274ffffff
42342B88-EB86-4FCE-91F9-DF5EFC925990,1503189816,Borrichia arborescens,Borrichia arborescens (L.) DC.,Asteraceae,Borrichia,SPECIES,PRESERVED_SPECIMEN,1975-01-02,1975,-71.6459,19.8482,NA,af1b4db0-c8ce-4a95-b700-8a6a02bed9d6,USF,Herb,15,01,MONTE CRISTI,041501,874c8830affffff
42887a22-fcb6-4e47-b8ba-ac1078da37eb,1928709213,Baccharis dioica,Baccharis dioica Vahl,Asteraceae,Baccharis,SPECIES,PRESERVED_SPECIMEN,1975-06-02/1975-06-04,1975,-71.644737,19.845039,2131.57,d415c253-4d61-4459-9d25-4015b9084fb0,NY,NY,15,01,MONTE CRISTI,041501,874c8830affffff
45b400ed-231b-4489-a65a-d188b949909d,1928754302,Cyperus ochraceus,Cyperus ochraceus Vahl,Cyperaceae,Cyperus,SPECIES,PRESERVED_SPECIMEN,1980-05-22,1980,-71.58,19.82,NA,d415c253-4d61-4459-9d25-4015b9084fb0,NY,NY,15,01,MONTE CRISTI,041501,874c88355ffffff
45c4d328-b6c3-4f75-a799-d376d23cfdc9,1928754775,Senna atomaria,Senna atomaria (L.) H.S.Irwin & Barneby,Fabaceae,Senna,SPECIES,PRESERVED_SPECIMEN,1984-08-16,1984,-71.63,19.83,NA,d415c253-4d61-4459-9d25-4015b9084fb0,NY,NY,15,01,MONTE CRISTI,041501,874c8830bffffff
466c363f-9652-49c3-a4ab-66bc46e8c388,1928764092,Hyophiladelphus agrarius,Hyophiladelphus agrarius (Hedw.) R.H. Zander,Pottiaceae,Hyophiladelphus,SPECIES,PRESERVED_SPECIMEN,1981-03-24,1981,-71.646285,19.894001,504.58,d415c253-4d61-4459-9d25-4015b9084fb0,NY,NY,15,01,MONTE CRISTI,041501,874c88305ffffff
467C90E1-1F2F-45C2-AFA3-1053F354343F,122984010,Phyla nodiflora,Phyla nodiflora (L.) Greene,Verbenaceae,Phyla,SPECIES,PRESERVED_SPECIMEN,1980-05-22,1980,-71.5833,19.8167,NA,832cb04e-f762-11e1-a439-00145eb45e9a,FTG,Herbarium,15,01,MONTE CRISTI,041501,874c88355ffffff
47a794bf-0b14-45e9-acc6-025756bc9509,4079747349,Neltuma juliflora,Prosopis juliflora (Sw.) DC.,Fabaceae,Neltuma,SPECIES,PRESERVED_SPECIMEN,1957-07-02,1957,-71.795779,19.827749,494,3b040a48-deae-485c-95b1-2ac80b7fdc54,IIBZ,USD,15,01,MONTE CRISTI,041501,874c8839dffffff
4892bd6b-5a12-464c-ade9-d3e98a534a09,1928794467,Trichostomum brachydontium,Trichostomum brachydontium Bruch,Pottiaceae,Trichostomum,SPECIES,PRESERVED_SPECIMEN,1981-03-24,1981,-71.646285,19.894001,504.58,d415c253-4d61-4459-9d25-4015b9084fb0,NY,NY,15,01,MONTE CRISTI,041501,874c88305ffffff
49650b22-947e-445f-b1bb-047377e7b94d,1928806208,Stenostomum myrtifolium,Antirhea montecristina Urb.,Rubiaceae,Stenostomum,SPECIES,PRESERVED_SPECIMEN,1929-07-11,1929,-71.647701,19.894206,355.41,d415c253-4d61-4459-9d25-4015b9084fb0,NY,NY,15,01,MONTE CRISTI,041501,874c88305ffffff
4E02F717-0CF3-4423-A893-DAAC8D99C377,122964721,Lantana buchii,Lantana buchii Urb.,Verbenaceae,Lantana,SPECIES,PRESERVED_SPECIMEN,1976-01-08,1976,-71.6406,19.8473,NA,832cb04e-f762-11e1-a439-00145eb45e9a,FTG,Herbarium,15,01,MONTE CRISTI,041501,874c8830affffff
4a668b14-9acb-49dd-9c44-dd5343f7fe32,1928820331,Chamaecrista pedicellaris,Chamaecrista pedicellaris var. adenosperma (Urb.) H.S.Irwin & Barneby,Fabaceae,Chamaecrista,VARIETY,PRESERVED_SPECIMEN,1969-06-07,1969,-71.648831,19.894381,1466.57,d415c253-4d61-4459-9d25-4015b9084fb0,NY,NY,15,01,MONTE CRISTI,041501,874c88305ffffff
4c53be6e-af8d-48c1-80e1-773af2f6557d,1928847014,Reynosia uncinata,Reynosia uncinata Urb.,Rhamnaceae,Reynosia,SPECIES,PRESERVED_SPECIMEN,1984-08-17,1984,-71.63,19.78,NA,d415c253-4d61-4459-9d25-4015b9084fb0,NY,NY,15,01,MONTE CRISTI,041501,874c8822effffff
51bfba7e-4a7b-4ca6-86e3-7c6deba7b7b9,1928923854,Jacquinia berteroi,Jacquinia berteroi Spreng.,Primulaceae,Jacquinia,SPECIES,PRESERVED_SPECIMEN,1975,1975,-71.647701,19.894206,355.41,d415c253-4d61-4459-9d25-4015b9084fb0,NY,NY,15,01,MONTE CRISTI,041501,874c88305ffffff
527233fe-a44c-468d-b62e-26cef8727ebe,1928933745,Tetramicra parviflora,Tetramicra parviflora Lindl. ex Griseb.,Orchidaceae,Tetramicra,SPECIES,PRESERVED_SPECIMEN,1981-07-19,1981,-71.64628,19.893715,2536.57,d415c253-4d61-4459-9d25-4015b9084fb0,NY,NY,15,01,MONTE CRISTI,041501,874c88301ffffff
5396691b-d2b0-4b81-aad0-114d4a5119ac,1928950210,Tillandsia flexuosa,Tillandsia flexuosa Sw.,Bromeliaceae,Tillandsia,SPECIES,PRESERVED_SPECIMEN,1946-10-23/1946-10-24,1946,-71.638706,19.81834,1981.57,d415c253-4d61-4459-9d25-4015b9084fb0,NY,NY,15,01,MONTE CRISTI,041501,874c88225ffffff
583f48cf-b0fa-4304-8344-1d50eb8ae15f,1304918890,Ipomoea heptaphylla,"Ipomoea wrightii A. Gray, Syn. Fl. N. Amer.",Convolvulaceae,Ipomoea,SPECIES,OCCURRENCE,,NA,-71.582915,19.801396,NA,07044577-bd82-4089-9f3a-f4a9d2170b2e,USDA_NPGS,,15,01,MONTE CRISTI,041501,874c88351ffffff
5d95fc51-add9-484d-98f4-00ab98cd3ebf,1055414509,Solanum polyacanthos,Solanum polyacanthos Lam.,Solanaceae,Solanum,SPECIES,PRESERVED_SPECIMEN,1946-10-25,1946,-71.616667,19.833333,NA,7e380070-f762-11e1-a439-00145eb45e9a,NHMUK,BOT,15,01,MONTE CRISTI,041501,874c88356ffffff
5d9f0367-a7a6-45fd-ac93-3d10d76e9f29,1929091349,Croton betulinus,Croton betulinus Vahl,Euphorbiaceae,Croton,SPECIES,PRESERVED_SPECIMEN,1979-12-18,1979,-71.64628,19.893715,2536.57,d415c253-4d61-4459-9d25-4015b9084fb0,NY,NY,15,01,MONTE CRISTI,041501,874c88301ffffff
5e12b57c-b7ff-457b-9a7a-f487ce06e8d7,1929097982,Lantana involucrata,Lantana involucrata L.,Verbenaceae,Lantana,SPECIES,PRESERVED_SPECIMEN,1975-01-02/1975-01-04,1975,-71.647701,19.894206,355.41,d415c253-4d61-4459-9d25-4015b9084fb0,NY,NY,15,01,MONTE CRISTI,041501,874c88305ffffff
5e559c0e-f1cb-4ea9-a56d-19fc0bf38911,2028417114,Digenea simplex,Digenea simplex (Wulfen) C. Agardh,Rhodomelaceae,Digenea,SPECIES,PRESERVED_SPECIMEN,1977-07-23,1977,-71.65,19.866667,3000,31b346f9-1a91-4688-af40-5a50a261c572,DUKE,,15,01,MONTE CRISTI,041501,874c8830effffff
611f06a7-9fce-44b6-8c95-f06f5e60966c,1929141689,Croton poitaei,Croton poitaei Urb.,Euphorbiaceae,Croton,SPECIES,PRESERVED_SPECIMEN,1981-07-19,1981,-71.64628,19.893715,2536.57,d415c253-4d61-4459-9d25-4015b9084fb0,NY,NY,15,01,MONTE CRISTI,041501,874c88301ffffff
63950e17-1ff8-4b1a-b497-76e138bff927,1055801458,Myriopteris microphylla,Cheilanthes microphylla (Sw.) Sw.,Pteridaceae,Myriopteris,SPECIES,PRESERVED_SPECIMEN,1946-10,1946,-71.621892,19.804047,NA,7e380070-f762-11e1-a439-00145eb45e9a,NHMUK,BOT,15,01,MONTE CRISTI,041501,874c88352ffffff
63A10A7E-776D-4BFC-AADE-46EC6E2EE6AB,122947162,Exostema caribaeum,Exostema caribaeum (Jacq.) Roem. & Schult.,Rubiaceae,Exostema,SPECIES,PRESERVED_SPECIMEN,2002-04-17,2002,-71.6453,19.8931,NA,832cb04e-f762-11e1-a439-00145eb45e9a,FTG,Herbarium,15,01,MONTE CRISTI,041501,874c88301ffffff
65793476-BCB0-4BDD-AFB6-3DCC76DEE85B,123009785,Solanum rugosum,Solanum rugosum Dunal,Solanaceae,Solanum,SPECIES,PRESERVED_SPECIMEN,1975-08-16,1975,-71.588,19.7593,3036,832cb04e-f762-11e1-a439-00145eb45e9a,FTG,Herbarium,15,01,MONTE CRISTI,041501,874c88274ffffff
67002e13-62d0-4b4f-876f-93f3ec80c84a,2028419585,"Dictyurus Bory de Saint-Vincent, 1834","Dictyurus Bory de Saint-Vincent, 1834",Dasyaceae,Dictyurus,GENUS,PRESERVED_SPECIMEN,1977-07-23,1977,-71.65,19.866667,3000,31b346f9-1a91-4688-af40-5a50a261c572,DUKE,,15,01,MONTE CRISTI,041501,874c8830effffff
671DF131-8CAD-402C-91D7-92052F09853E,122927661,Coccothrinax argentata,Coccothrinax argentata (Jacq.) L.H.Bailey,Arecaceae,Coccothrinax,SPECIES,PRESERVED_SPECIMEN,1984-10-04,1984,-71.6406,19.8473,NA,832cb04e-f762-11e1-a439-00145eb45e9a,FTG,Herbarium,15,01,MONTE CRISTI,041501,874c8830affffff
6987BBFD-F83C-4EBF-9901-37519653CDF3,122979186,Oxalis debilis,Oxalis debilis Kunth,Oxalidaceae,Oxalis,SPECIES,PRESERVED_SPECIMEN,1977-02-13,1977,-71.588,19.7593,3036,832cb04e-f762-11e1-a439-00145eb45e9a,FTG,Herbarium,15,01,MONTE CRISTI,041501,874c88274ffffff
6a31b5b5-9f4d-457b-9ef5-81cb94d99a3a,4079747477,Guilandina bonduc,Guilandina bonduc L.,Fabaceae,Guilandina,SPECIES,PRESERVED_SPECIMEN,1957-07-02,1957,-71.795779,19.827749,494,3b040a48-deae-485c-95b1-2ac80b7fdc54,IIBZ,USD,15,01,MONTE CRISTI,041501,874c8839dffffff
6d07855c-7fbc-467f-8560-15d1bf789934,1934744787,Opuntia repens,Opuntia repens Bello,Cactaceae,Opuntia,SPECIES,PRESERVED_SPECIMEN,2016-02-11,2016,-71.60391,19.87497,NA,3c59bd42-7bfd-421b-8da4-275780390e4c,DES,,15,01,MONTE CRISTI,041501,874c8832bffffff
6d238cc2-260b-49f8-8a92-2e9d65583818,1929310244,Anastraphia oligantha,Anastraphia oligantha Urb.,Asteraceae,Anastraphia,SPECIES,PRESERVED_SPECIMEN,1981-07-19,1981,-71.646285,19.894001,504.58,d415c253-4d61-4459-9d25-4015b9084fb0,NY,NY,15,01,MONTE CRISTI,041501,874c88305ffffff
6ea95819-830d-4b82-827c-7e329a6060b3,1929331603,Randia aculeata,Randia aculeata L.,Rubiaceae,Randia,SPECIES,PRESERVED_SPECIMEN,1983-02-20,1983,-71.63,19.78,NA,d415c253-4d61-4459-9d25-4015b9084fb0,NY,NY,15,01,MONTE CRISTI,041501,874c8822effffff
701b96f8-4fdc-4133-8b4f-c5ca55c25437,1929351907,Ammannia coccinea,Ammannia coccinea Rottb.,Lythraceae,Ammannia,SPECIES,PRESERVED_SPECIMEN,1980-05-22,1980,-71.58,19.82,NA,d415c253-4d61-4459-9d25-4015b9084fb0,NY,NY,15,01,MONTE CRISTI,041501,874c88355ffffff
7089739E-FB1D-46B3-AFB4-625DB6B3EFA0,122927930,Coccoloba krugii,Coccoloba krugii Lindau,Polygonaceae,Coccoloba,SPECIES,PRESERVED_SPECIMEN,1983-02-20,1983,-71.65,19.8167,NA,832cb04e-f762-11e1-a439-00145eb45e9a,FTG,Herbarium,15,01,MONTE CRISTI,041501,874c88220ffffff
72f9b315-0299-4777-aa92-319e56f7612f,1929392261,Bulbostylis subaphylla,Bulbostylis subaphylla C.B.Clarke,Cyperaceae,Bulbostylis,SPECIES,PRESERVED_SPECIMEN,1929-07-11,1929,-71.647701,19.894206,355.41,d415c253-4d61-4459-9d25-4015b9084fb0,NY,NY,15,01,MONTE CRISTI,041501,874c88305ffffff
73125425-b6c7-4ab5-bcc4-3fdb76d7a0e5,1929393844,Mollugo verticillata,Mollugo verticillata L.,Molluginaceae,Mollugo,SPECIES,PRESERVED_SPECIMEN,1984-08-16,1984,-71.63,19.78,NA,d415c253-4d61-4459-9d25-4015b9084fb0,NY,NY,15,01,MONTE CRISTI,041501,874c8822effffff
737c377b-2981-4c0c-89c0-aa0da3bc3273,1929399570,Anastraphia oligantha,Anastraphia oligantha Urb.,Asteraceae,Anastraphia,SPECIES,PRESERVED_SPECIMEN,1983-02-20,1983,-71.65,19.82,NA,d415c253-4d61-4459-9d25-4015b9084fb0,NY,NY,15,01,MONTE CRISTI,041501,874c88220ffffff
747d9528-3be9-4f0f-84ee-1f47205d0f8a,1929413811,Alternanthera caracasana,Alternanthera caracasana Kunth,Amaranthaceae,Alternanthera,SPECIES,PRESERVED_SPECIMEN,1980-05-22,1980,-71.58,19.82,NA,d415c253-4d61-4459-9d25-4015b9084fb0,NY,NY,15,01,MONTE CRISTI,041501,874c88355ffffff
752ea84b-5b9f-42d8-92c3-46da12aaa4e5,1929423941,Croton moustiquensis,Croton moustiquensis Urb.,Euphorbiaceae,Croton,SPECIES,PRESERVED_SPECIMEN,1984-10-04,1984,-71.62,19.83,NA,d415c253-4d61-4459-9d25-4015b9084fb0,NY,NY,15,01,MONTE CRISTI,041501,874c88356ffffff
75b0e896-412e-4b02-8744-4127c51f9233,1929430897,Euphorbia turpinii,Euphorbia turpinii Boiss.,Euphorbiaceae,Euphorbia,SPECIES,PRESERVED_SPECIMEN,1969-06-07,1969,-71.648831,19.894381,1466.57,d415c253-4d61-4459-9d25-4015b9084fb0,NY,NY,15,01,MONTE CRISTI,041501,874c88305ffffff
7610e824-23bf-479e-96b7-798eb11f5d9f,1304742113,Ipomoea heptaphylla,"Ipomoea wrightii A. Gray, Syn. Fl. N. Amer.",Convolvulaceae,Ipomoea,SPECIES,OCCURRENCE,,NA,-71.666667,19.75,NA,07044577-bd82-4089-9f3a-f4a9d2170b2e,USDA_NPGS_GRIN,,15,01,MONTE CRISTI,041501,874c8820effffff
76d64fdc-691f-4f9e-8bda-271daf319dde,4081345197,Vachellia tortuosa,Vachellia tortuosa (L.) Seigler & Ebinger,Fabaceae,Vachellia,SPECIES,PRESERVED_SPECIMEN,1988-07-17,1988,-71.616667,19.866667,NA,8bd8c361-c96b-40c9-91a0-eb3c0e7e0135,EIU,,15,01,MONTE CRISTI,041501,874c8830dffffff
77c97064-03a8-44d7-b0d5-04c222255c74,1929460589,Mosiera urbaniana,Myrtus flavicans Urb. & Ekman,Myrtaceae,Mosiera,SPECIES,PRESERVED_SPECIMEN,1929-07-11,1929,-71.647701,19.894206,355.41,d415c253-4d61-4459-9d25-4015b9084fb0,NY,NY,15,01,MONTE CRISTI,041501,874c88305ffffff
794dcb41-d514-44fe-913b-016a2dd9949b,1929481664,Euphorbia cowellii,Euphorbia cowellii (Millsp. ex Britton) Oudejans,Euphorbiaceae,Euphorbia,SPECIES,PRESERVED_SPECIMEN,1970-04-28,1970,-71.64628,19.893715,2536.57,d415c253-4d61-4459-9d25-4015b9084fb0,NY,NY,15,01,MONTE CRISTI,041501,874c88301ffffff
7B70CB25-431D-40D0-859F-1C4E04B02116,153275228,Eugenia crenulata,Eugenia crenulata (Sw.) Willd.,Myrtaceae,Eugenia,SPECIES,PRESERVED_SPECIMEN,1975-08-16,1975,-71.588,19.7593,3036,832cb04e-f762-11e1-a439-00145eb45e9a,FTG,Herbarium,15,01,MONTE CRISTI,041501,874c88274ffffff
7a39d380-806e-4d7f-ad2f-6cb884099dad,1929494586,Pluchea odorata,Pluchea odorata (L.) Cass.,Asteraceae,Pluchea,SPECIES,PRESERVED_SPECIMEN,1983-02-20,1983,-71.67,19.83,NA,d415c253-4d61-4459-9d25-4015b9084fb0,NY,NY,15,01,MONTE CRISTI,041501,874c88226ffffff
7ca23091-66b4-42ee-a7cc-e07a2ac00d18,2270677850,Myrcianthes fragrans,Myrcianthes fragrans (Sw.) McVaugh,Myrtaceae,Myrcianthes,SPECIES,PRESERVED_SPECIMEN,1984-08-16,1984,-71.6333,19.7833,NA,e05fd4c2-4d77-4c50-880e-1b22096af300,ASU,Plants,15,01,MONTE CRISTI,041501,874c8822effffff
7ed1685b-a193-4b01-baca-c56d0117ce3e,4079748222,Gundlachia corymbosa,Gundlachia corymbosa (Urb.) Britton ex Bold.,Asteraceae,Gundlachia,SPECIES,PRESERVED_SPECIMEN,2001-09-23,2001,-71.657756,19.892941,578,3b040a48-deae-485c-95b1-2ac80b7fdc54,IIBZ,USD,15,01,MONTE CRISTI,041501,874c88300ffffff
811232EA-CDF0-4FD3-A401-7C0B026A79B9,122966918,Lantana involucrata,Lantana parvifolia Raf.,Verbenaceae,Lantana,SPECIES,PRESERVED_SPECIMEN,1980-03-20,1980,-71.6406,19.8473,NA,832cb04e-f762-11e1-a439-00145eb45e9a,FTG,Herbarium,15,01,MONTE CRISTI,041501,874c8830affffff
8341b37f-1fdf-4095-8061-637a2174773b,1929621931,Lantana leonardorum,Lantana leonardorum Moldenke,Verbenaceae,Lantana,SPECIES,PRESERVED_SPECIMEN,1979-12-18,1979,-71.64628,19.893715,2536.57,d415c253-4d61-4459-9d25-4015b9084fb0,NY,NY,15,01,MONTE CRISTI,041501,874c88301ffffff
83F38A46-2511-449C-A7A8-4895A80E718F,123007064,Serjania seriana,Serjania sinuata Schumach.,Sapindaceae,Serjania,SPECIES,PRESERVED_SPECIMEN,1980-03-21,1980,-71.6406,19.8473,NA,832cb04e-f762-11e1-a439-00145eb45e9a,FTG,Herbarium,15,01,MONTE CRISTI,041501,874c8830affffff
86ee86d1-94cf-4376-b8bd-a3f49370a905,1929673559,Funastrum clausum,Funastrum clausum (Jacq.) Schltr.,Apocynaceae,Funastrum,SPECIES,PRESERVED_SPECIMEN,1982-11-12,1982,-71.67,19.73,NA,d415c253-4d61-4459-9d25-4015b9084fb0,NY,NY,15,01,MONTE CRISTI,041501,874c8820affffff
885acd4d-ce5f-4c4f-ad5a-9d89d8d09f72,1929693112,Anastraphia oligantha,Anastraphia oligantha Urb.,Asteraceae,Anastraphia,SPECIES,PRESERVED_SPECIMEN,1950-08-18,1950,-71.648831,19.894381,1466.57,d415c253-4d61-4459-9d25-4015b9084fb0,NY,NY,15,01,MONTE CRISTI,041501,874c88305ffffff
88bd6021-b77c-44c6-a700-d89c7d2d48cb,1302312375,Ipomoea heptaphylla,"Ipomoea wrightii A. Gray, Syn. Fl. N. Amer.",Convolvulaceae,Ipomoea,SPECIES,OCCURRENCE,,NA,-71.66,19.75,NA,07044577-bd82-4089-9f3a-f4a9d2170b2e,Bioversity,,15,01,MONTE CRISTI,041501,874c8820effffff
89e97fc5-3971-4e2e-98e2-a88a4358d782,1929715391,Salicornia perennis,Sarcocornia perennis (Mill.) A.J.Scott,Amaranthaceae,Salicornia,SPECIES,PRESERVED_SPECIMEN,1987-03-30,1987,-71.67,19.7,NA,d415c253-4d61-4459-9d25-4015b9084fb0,NY,NY,15,01,MONTE CRISTI,041501,874c882e0ffffff
8EC27FD3-C021-499E-BC28-FFA1C8111C31,122960670,Isidorea pedicellaris,Isidorea pedicellaris Urb. & Ekman,Rubiaceae,Isidorea,SPECIES,PRESERVED_SPECIMEN,2001-04-21,2001,-71.6453,19.8931,NA,832cb04e-f762-11e1-a439-00145eb45e9a,FTG,Herbarium,15,01,MONTE CRISTI,041501,874c88301ffffff
8EE547C4-612F-41F8-989E-B5A3D69C03F0,1503204155,Dodonaea viscosa,Dodonaea viscosa (L.) Jacq.,Sapindaceae,Dodonaea,SPECIES,PRESERVED_SPECIMEN,1971-02,1971,-71.5387,19.8398,NA,af1b4db0-c8ce-4a95-b700-8a6a02bed9d6,USF,Herb,15,01,MONTE CRISTI,041501,874c88344ffffff
8a6c5e4a-a81b-495f-bbd4-050d95bcf386,4079748255,Baccharis dioica,Baccharis dioica Vahl,Asteraceae,Baccharis,SPECIES,PRESERVED_SPECIMEN,1990-06-30,1990,-71.657756,19.892941,578,3b040a48-deae-485c-95b1-2ac80b7fdc54,IIBZ,USD,15,01,MONTE CRISTI,041501,874c88300ffffff
8bb0cd2a-8326-45a6-8ccd-73ac8d629b3a,1929740572,Ludwigia octovalvis,Ludwigia octovalvis (Jacq.) P.H.Raven,Onagraceae,Ludwigia,SPECIES,PRESERVED_SPECIMEN,1980-05-22,1980,-71.58,19.82,NA,d415c253-4d61-4459-9d25-4015b9084fb0,NY,NY,15,01,MONTE CRISTI,041501,874c88355ffffff
8d7e9571-1a0a-40b0-9367-04efb30514f9,1929766152,Heliotropium indicum,Heliotropium indicum L.,Heliotropiaceae,Heliotropium,SPECIES,PRESERVED_SPECIMEN,1980-05-22,1980,-71.58,19.82,NA,d415c253-4d61-4459-9d25-4015b9084fb0,NY,NY,15,01,MONTE CRISTI,041501,874c88355ffffff
8d989c42-d884-413d-a0a6-abf3f7d2a743,4079748278,Baccharis dioica,Baccharis dioica Vahl,Asteraceae,Baccharis,SPECIES,PRESERVED_SPECIMEN,1957-07-01,1957,-71.657756,19.892941,578,3b040a48-deae-485c-95b1-2ac80b7fdc54,IIBZ,USD,15,01,MONTE CRISTI,041501,874c88300ffffff
8e09d288-5fed-4133-b53b-106f29703848,1929773407,Tillandsia balbisiana,Tillandsia balbisiana Schult. & Schult.f.,Bromeliaceae,Tillandsia,SPECIES,PRESERVED_SPECIMEN,1946-10-23/1946-10-24,1946,-71.638706,19.81834,1981.57,d415c253-4d61-4459-9d25-4015b9084fb0,NY,NY,15,01,MONTE CRISTI,041501,874c88225ffffff
903287c8-2b0c-4018-ab2b-f25bc9fcc4e4,1929804221,Guaiacum sanctum,Guaiacum sanctum L.,Zygophyllaceae,Guaiacum,SPECIES,PRESERVED_SPECIMEN,1984-08-17,1984,-71.62,19.83,NA,d415c253-4d61-4459-9d25-4015b9084fb0,NY,NY,15,01,MONTE CRISTI,041501,874c88356ffffff
91162d8e-d42c-49ea-b9ff-767f7765299a,1929816395,Salvia montecristina,Salvia montecristina Urb. & Ekman,Lamiaceae,Salvia,SPECIES,PRESERVED_SPECIMEN,1929-08-11,1929,-71.647701,19.894206,355.41,d415c253-4d61-4459-9d25-4015b9084fb0,NY,NY,15,01,MONTE CRISTI,041501,874c88305ffffff
918979ef-c31f-4514-a999-2d1b148993c2,4079747610,Parthenium hysterophorus,Parthenium hysterophorus L.,Asteraceae,Parthenium,SPECIES,PRESERVED_SPECIMEN,2001-09-23,2001,-71.657756,19.892941,578,3b040a48-deae-485c-95b1-2ac80b7fdc54,IIBZ,USD,15,01,MONTE CRISTI,041501,874c88300ffffff
92228687-6e7b-41b5-8078-476c01a6adc2,1929831231,Colubrina elliptica,Colubrina elliptica (Sw.) Brizicky & W.L.Stern,Rhamnaceae,Colubrina,SPECIES,PRESERVED_SPECIMEN,1946-10-23/1946-10-24,1946,-71.638706,19.81834,1981.57,d415c253-4d61-4459-9d25-4015b9084fb0,NY,NY,15,01,MONTE CRISTI,041501,874c88225ffffff
93901eff-6944-44f1-a979-e8e999eecac0,1929851751,Guaiacum sanctum,Guaiacum sanctum L.,Zygophyllaceae,Guaiacum,SPECIES,PRESERVED_SPECIMEN,1984-08-17,1984,-71.63,19.78,NA,d415c253-4d61-4459-9d25-4015b9084fb0,NY,NY,15,01,MONTE CRISTI,041501,874c8822effffff
96387db2-3588-4c56-80b5-0f98b6a67a57,4079747771,Borrichia arborescens,Borrichia arborescens (L.) DC.,Asteraceae,Borrichia,SPECIES,PRESERVED_SPECIMEN,1997-04-25,1997,-71.658143,19.894419,172,3b040a48-deae-485c-95b1-2ac80b7fdc54,IIBZ,USD,15,01,MONTE CRISTI,041501,874c88300ffffff
96e15920-c6e5-4bdb-9308-86c42a354067,1929897984,Karwinskia caloneura,Karwinskia caloneura Urb.,Rhamnaceae,Karwinskia,SPECIES,PRESERVED_SPECIMEN,1984-08-17,1984,-71.63,19.78,NA,d415c253-4d61-4459-9d25-4015b9084fb0,NY,NY,15,01,MONTE CRISTI,041501,874c8822effffff
97e5bae9-f133-4182-8c37-52dc098722e0,1929912143,Eleocharis rostellata,Eleocharis rostellata (Torr.) Torr.,Cyperaceae,Eleocharis,SPECIES,PRESERVED_SPECIMEN,1980-05-22,1980,-71.58,19.82,NA,d415c253-4d61-4459-9d25-4015b9084fb0,NY,NY,15,01,MONTE CRISTI,041501,874c88355ffffff
9B163FB9-F1B9-45E6-A8EA-0C326EE0E9AA,123016034,Thouinia trifoliata,Thouinia trifoliata Poit.,Sapindaceae,Thouinia,SPECIES,PRESERVED_SPECIMEN,1980-03-20,1980,-71.6406,19.8473,NA,832cb04e-f762-11e1-a439-00145eb45e9a,FTG,Herbarium,15,01,MONTE CRISTI,041501,874c8830affffff
9ba46f55-c05e-42f1-bc17-5b65e1b73a6a,1304837955,Ipomoea heptaphylla,"Ipomoea wrightii A. Gray, Syn. Fl. N. Amer.",Convolvulaceae,Ipomoea,SPECIES,OCCURRENCE,,NA,-71.666667,19.75,NA,07044577-bd82-4089-9f3a-f4a9d2170b2e,USDA_NPGS_GRIN,,15,01,MONTE CRISTI,041501,874c8820effffff
9d31eb30-7792-42e1-bf7b-53a903fcfe69,1929986896,Lantana pauciflora,Lantana pauciflora Urb.,Verbenaceae,Lantana,SPECIES,PRESERVED_SPECIMEN,1975-01-02/1975-01-04,1975,-71.647701,19.894206,355.41,d415c253-4d61-4459-9d25-4015b9084fb0,NY,NY,15,01,MONTE CRISTI,041501,874c88305ffffff
9e90825a-04d1-4ae2-adec-85b86cf6f393,1930006682,Gomphrena lanuparonychioides,Guilleminea lanuginosa (Poir.) Benth. & Hook.fil.,Amaranthaceae,Gomphrena,SPECIES,PRESERVED_SPECIMEN,1984-12-18,1984,-71.55,19.8,NA,d415c253-4d61-4459-9d25-4015b9084fb0,NY,NY,15,01,MONTE CRISTI,041501,874c88343ffffff
B10E579F-7699-46BD-9158-16581A0C7544,1503261724,Harrisia divaricata,Harrisia divaricata (Lam.) Backeb.,Cactaceae,Harrisia,SPECIES,PRESERVED_SPECIMEN,2010-09-25,2010,-71.5942,19.8208,NA,af1b4db0-c8ce-4a95-b700-8a6a02bed9d6,USF,Herb,15,01,MONTE CRISTI,041501,874c88350ffffff
B5CFC246-8C09-4950-98E9-B22096EAEEB3,122987457,Pisonia rotundata,Pisonia rotundata Griseb.,Nyctaginaceae,Pisonia,SPECIES,PRESERVED_SPECIMEN,2001-06-09,2001,-71.6453,19.8925,NA,832cb04e-f762-11e1-a439-00145eb45e9a,FTG,Herbarium,15,01,MONTE CRISTI,041501,874c88301ffffff
C087C919-B69D-4240-A5DC-0265F602F085,122917841,Casearia sylvestris,Casearia sylvestris Sw.,Salicaceae,Casearia,SPECIES,PRESERVED_SPECIMEN,1975-07-13,1975,-71.588,19.7593,3036,832cb04e-f762-11e1-a439-00145eb45e9a,FTG,Herbarium,15,01,MONTE CRISTI,041501,874c88274ffffff
CED4E5AB-C865-40FD-9B28-61DA209A740C,122968491,Ludwigia erecta,Ludwigia erecta (L.) H.Hara,Onagraceae,Ludwigia,SPECIES,PRESERVED_SPECIMEN,1980-05-22,1980,-71.5833,19.8167,NA,832cb04e-f762-11e1-a439-00145eb45e9a,FTG,Herbarium,15,01,MONTE CRISTI,041501,874c88355ffffff
CF03E05B-C498-456D-A474-14AC22076BD2,1503261738,Harrisia divaricata,Harrisia divaricata (Lam.) Backeb.,Cactaceae,Harrisia,SPECIES,PRESERVED_SPECIMEN,2010-09-25,2010,-71.625,19.8378,NA,af1b4db0-c8ce-4a95-b700-8a6a02bed9d6,USF,Herb,15,01,MONTE CRISTI,041501,874c8830bffffff
CIBIMAIBC_ALG_1047,5243338308,Avrainvillea rawsoni,Avrainvillea rawsoni (Dickie) Howe,Dichotomosiphonaceae,Avrainvillea,SPECIES,PRESERVED_SPECIMEN,1997-07-24,1997,-71.766847,19.863526,314,a802a258-7307-42da-bb9a-1b1ca1757a4f,,,15,01,MONTE CRISTI,041501,874c883aeffffff
CIBIMAIBC_ALG_1166,5084958435,Amphiroa tribulus,Amphiroa tribulus (Ellis & Solander) Lamouroux,Lithophyllaceae,Amphiroa,SPECIES,PRESERVED_SPECIMEN,1997-07-24,1997,-71.766847,19.863526,314,a802a258-7307-42da-bb9a-1b1ca1757a4f,,,15,01,MONTE CRISTI,041501,874c883aeffffff
CIBIMAIBC_ALG_1451,5084958316,Amphiroa fragilissima,Amphiroa fragilissima (Linnaeus) Lamouroux,Lithophyllaceae,Amphiroa,SPECIES,PRESERVED_SPECIMEN,1978-05-06,1978,-71.766847,19.863526,314,a802a258-7307-42da-bb9a-1b1ca1757a4f,,,15,01,MONTE CRISTI,041501,874c883aeffffff
CIBIMAIBC_ALG_743,5084958385,Amphiroa fragilissima,Amphiroa fragilissima (Linnaeus) Lamouroux,Lithophyllaceae,Amphiroa,SPECIES,PRESERVED_SPECIMEN,1997-07-23,1997,-71.818649,19.853663,205,a802a258-7307-42da-bb9a-1b1ca1757a4f,,,15,01,MONTE CRISTI,041501,874c88382ffffff
CIBIMAIBC_ALG_983,5084958384,Amphiroa tribulus,Amphiroa tribulus (Ellis & Solander) Lamouroux,Lithophyllaceae,Amphiroa,SPECIES,PRESERVED_SPECIMEN,1997-07-23,1997,-71.818649,19.853663,205,a802a258-7307-42da-bb9a-1b1ca1757a4f,,,15,01,MONTE CRISTI,041501,874c88382ffffff
D28694E1-2B34-419C-85B7-9EA2FFDA9E67,1503214114,Peperomia distachyos,Peperomia distachyos (L.) A.Dietr.,Piperaceae,Peperomia,SPECIES,PRESERVED_SPECIMEN,1969-03-25,1969,-71.588,19.7593,NA,af1b4db0-c8ce-4a95-b700-8a6a02bed9d6,USF,Herb,15,01,MONTE CRISTI,041501,874c88274ffffff
D6830F5D-C8E6-49E0-BBB9-08C803646885,122975336,Mosiera urbaniana,Mosiera urbaniana Borhidi,Myrtaceae,Mosiera,SPECIES,PRESERVED_SPECIMEN,2001-04-20,2001,-71.6453,19.8925,NA,832cb04e-f762-11e1-a439-00145eb45e9a,FTG,Herbarium,15,01,MONTE CRISTI,041501,874c88301ffffff
D9701B2D-F175-43C0-B7F8-8EEB6E54704C,122926990,Coccoloba diversifolia,Coccoloba diversifolia Jacq.,Polygonaceae,Coccoloba,SPECIES,PRESERVED_SPECIMEN,2001-04-20,2001,-71.6453,19.8925,NA,832cb04e-f762-11e1-a439-00145eb45e9a,FTG,Herbarium,15,01,MONTE CRISTI,041501,874c88301ffffff
E21343F4-DA15-4AAA-B19A-96B818D34063,122926991,Coccoloba leonardii,Coccoloba leonardii R.A.Howard,Polygonaceae,Coccoloba,SPECIES,PRESERVED_SPECIMEN,2001-04-20,2001,-71.6453,19.8925,NA,832cb04e-f762-11e1-a439-00145eb45e9a,FTG,Herbarium,15,01,MONTE CRISTI,041501,874c88301ffffff
E7C52C4C-EC92-461D-BA4C-DB3056EFC238,123009784,Solanum capsicoides,Solanum capsicoides All.,Solanaceae,Solanum,SPECIES,PRESERVED_SPECIMEN,1975-07-26,1975,-71.588,19.7593,3036,832cb04e-f762-11e1-a439-00145eb45e9a,FTG,Herbarium,15,01,MONTE CRISTI,041501,874c88274ffffff
F97B28E1-1091-4B58-B31D-BB6A69F566AD,123004673,Schaefferia ephedroides,Schaefferia ephedroides Urb.,Celastraceae,Schaefferia,SPECIES,PRESERVED_SPECIMEN,2002-04-18,2002,-71.5069,19.8803,NA,832cb04e-f762-11e1-a439-00145eb45e9a,FTG,Herbarium,15,01,MONTE CRISTI,041501,874c88acbffffff
FA708063-9BF3-4F3E-86BB-A97541CB46C0,122913322,Byrsonima lucida,Byrsonima lucida (Mill.) DC.,Malpighiaceae,Byrsonima,SPECIES,PRESERVED_SPECIMEN,2001-04-20,2001,-71.6453,19.8925,NA,832cb04e-f762-11e1-a439-00145eb45e9a,FTG,Herbarium,15,01,MONTE CRISTI,041501,874c88301ffffff
FC14A652-75CE-4809-A3A4-863C0CD944E6,1503214344,Ocimum basilicum,Ocimum basilicum L.,Lamiaceae,Ocimum,SPECIES,PRESERVED_SPECIMEN,1969-06-07,1969,-71.6406,19.8473,NA,af1b4db0-c8ce-4a95-b700-8a6a02bed9d6,USF,Herb,15,01,MONTE CRISTI,041501,874c8830affffff
S:VascularPlants:S11-2957,1096765332,Ambrosia velutina,Ambrosia velutina O.E.Schulz,Asteraceae,Ambrosia,SPECIES,PRESERVED_SPECIMEN,2006-07-02,2006,-71.655833,19.887222,NA,0943f690-fde5-11dd-83f4-b8a03c50a862,S,VascularPlants,15,01,MONTE CRISTI,041501,874c88301ffffff
S:VascularPlants:S11-31929,1096767536,Croton moustiquensis,Croton moustiquensis Urb.,Euphorbiaceae,Croton,SPECIES,PRESERVED_SPECIMEN,1984-12-18,1984,-71.55,19.8,NA,0943f690-fde5-11dd-83f4-b8a03c50a862,S,VascularPlants,15,01,MONTE CRISTI,041501,874c88343ffffff
S:VascularPlants:S11-35656,1096771276,Coccoloba leonardii,Coccoloba leonardii R.A.Howard,Polygonaceae,Coccoloba,SPECIES,PRESERVED_SPECIMEN,1983-02-20,1983,-71.65,19.816667,NA,0943f690-fde5-11dd-83f4-b8a03c50a862,S,VascularPlants,15,01,MONTE CRISTI,041501,874c88220ffffff
S:VascularPlants:S11-36168,1096771690,Croton sidifolius,Croton sidifolius Lam.,Euphorbiaceae,Croton,SPECIES,PRESERVED_SPECIMEN,1984-12-18,1984,-71.55,19.8,NA,0943f690-fde5-11dd-83f4-b8a03c50a862,S,VascularPlants,15,01,MONTE CRISTI,041501,874c88343ffffff
a3afdad1-0c73-476e-a057-37eff0464069,1930081855,Anastraphia oligantha,Anastraphia oligantha Urb.,Asteraceae,Anastraphia,SPECIES,PRESERVED_SPECIMEN,1979-12-18,1979,-71.64628,19.893715,2536.57,d415c253-4d61-4459-9d25-4015b9084fb0,NY,NY,15,01,MONTE CRISTI,041501,874c88301ffffff
a3c73fdd-1dbe-4c2b-af89-6824a48d49ca,1930083007,Limonium bahamense,Limonium bahamense (Griseb.) Britton,Plumbaginaceae,Limonium,SPECIES,PRESERVED_SPECIMEN,1983-02-20,1983,-71.65,19.82,NA,d415c253-4d61-4459-9d25-4015b9084fb0,NY,NY,15,01,MONTE CRISTI,041501,874c88220ffffff
a4be2aed-275b-4de8-ac41-7042416fd3eb,1930096663,Coccoloba krugii,Coccoloba krugii Lindau,Polygonaceae,Coccoloba,SPECIES,PRESERVED_SPECIMEN,1983-02-20,1983,-71.65,19.82,NA,d415c253-4d61-4459-9d25-4015b9084fb0,NY,NY,15,01,MONTE CRISTI,041501,874c88220ffffff
a4db3f43-16ea-4269-8a1c-bceb03d31587,1930098337,Senna angustisiliqua,Senna angustisiliqua var. angustisiliqua,Fabaceae,Senna,VARIETY,PRESERVED_SPECIMEN,1984-08-16,1984,-71.63,19.78,NA,d415c253-4d61-4459-9d25-4015b9084fb0,NY,NY,15,01,MONTE CRISTI,041501,874c8822effffff
a61fe57a-0c12-4f26-a608-6eef84b3d8a0,1930118128,Brya buxifolia,Brya buxifolia (Murray) Urb.,Fabaceae,Brya,SPECIES,PRESERVED_SPECIMEN,1983-02-20,1983,-71.63,19.78,NA,d415c253-4d61-4459-9d25-4015b9084fb0,NY,NY,15,01,MONTE CRISTI,041501,874c8822effffff
a8a6489d-a0be-4399-a08a-f8f9c7e5aaa9,4850319254,Salvinia auriculata,Salvinia auriculata Aubl.,Salviniaceae,Salvinia,SPECIES,PRESERVED_SPECIMEN,1991-05-29,1991,-71.684241,19.705176,NA,808d54a7-9884-4b1c-8112-39522fe004d4,MU,,15,01,MONTE CRISTI,041501,874c882e6ffffff
ac29e6c1-b480-44d1-81b3-4494ee158596,1930201729,Psychilis atropurpurea,Psychilis atropurpurea (Willd.) Sauleda,Orchidaceae,Psychilis,SPECIES,PRESERVED_SPECIMEN,1946-10-23/1946-10-24,1946,-71.638706,19.81834,1981.57,d415c253-4d61-4459-9d25-4015b9084fb0,NY,NY,15,01,MONTE CRISTI,041501,874c88225ffffff
ac6b3330-9790-42e6-aebe-dc9e96b204af,4079747766,Parthenium hysterophorus,Parthenium hysterophorus L.,Asteraceae,Parthenium,SPECIES,PRESERVED_SPECIMEN,2001-09-23,2001,-71.657756,19.892941,578,3b040a48-deae-485c-95b1-2ac80b7fdc54,IIBZ,USD,15,01,MONTE CRISTI,041501,874c88300ffffff
ae65d453-a3ff-407b-9e76-52d3d172bc1c,1930233603,Cyperus ochraceus,Cyperus ochraceus Vahl,Cyperaceae,Cyperus,SPECIES,PRESERVED_SPECIMEN,1980-05-22,1980,-71.58,19.82,NA,d415c253-4d61-4459-9d25-4015b9084fb0,NY,NY,15,01,MONTE CRISTI,041501,874c88355ffffff
af03894a-400e-4ac6-a53f-f34117ef6f53,1930241533,Gundlachia corymbosa,Gundlachia corymbosa var. corymbosa,Asteraceae,Gundlachia,VARIETY,PRESERVED_SPECIMEN,1981-07-19,1981,-71.646285,19.894001,504.58,d415c253-4d61-4459-9d25-4015b9084fb0,NY,NY,15,01,MONTE CRISTI,041501,874c88305ffffff
b0a3e085-efa1-4e25-955e-f8213e02dfb2,1057646519,Solanum americanum,Solanum americanum Mill.,Solanaceae,Solanum,SPECIES,PRESERVED_SPECIMEN,1946-10-25,1946,-71.616667,19.833333,NA,7e380070-f762-11e1-a439-00145eb45e9a,NHMUK,BOT,15,01,MONTE CRISTI,041501,874c88356ffffff
b22f7d54-b037-478a-812b-85908dbfbe22,1930286689,Croton poitaei,Croton poitaei Urb.,Euphorbiaceae,Croton,SPECIES,PRESERVED_SPECIMEN,1970-04-28,1970,-71.64628,19.893715,2536.57,d415c253-4d61-4459-9d25-4015b9084fb0,NY,NY,15,01,MONTE CRISTI,041501,874c88301ffffff
b41b724d-b99e-4e41-b35c-cdc027ad0b16,1304577000,Ipomoea heptaphylla,"Ipomoea wrightii A. Gray, Syn. Fl. N. Amer.",Convolvulaceae,Ipomoea,SPECIES,OCCURRENCE,,NA,-71.666667,19.75,NA,07044577-bd82-4089-9f3a-f4a9d2170b2e,USDA_NPGS_GRIN,,15,01,MONTE CRISTI,041501,874c8820effffff
b6affaea-6b08-4f39-b26d-a70212ab9ca8,1930349227,Sida cordifolia,Sida maculata Cav.,Malvaceae,Sida,SPECIES,PRESERVED_SPECIMEN,1980-05-22,1980,-71.65,19.85,NA,d415c253-4d61-4459-9d25-4015b9084fb0,NY,NY,15,01,MONTE CRISTI,041501,874c8830affffff
b6e1f09f-23ff-4d1a-97d4-f33dc126815b,1930354252,Phyla nodiflora,Phyla nodiflora (L.) Greene,Verbenaceae,Phyla,SPECIES,PRESERVED_SPECIMEN,1980-05-22,1980,-71.58,19.82,NA,d415c253-4d61-4459-9d25-4015b9084fb0,NY,NY,15,01,MONTE CRISTI,041501,874c88355ffffff
bc5856dc-25e8-4b66-aa37-a20393f1e246,1305058193,Gossypium hirsutum,Gossypium hirsutum L.,Malvaceae,Gossypium,SPECIES,OCCURRENCE,,NA,-71.65,19.866667,NA,07044577-bd82-4089-9f3a-f4a9d2170b2e,USDA_NPGS_GRIN,,15,01,MONTE CRISTI,041501,874c8830effffff
bc921f1c-ba16-46bb-ac6f-d97f0162d670,1930433670,Coccoloba leonardii,Coccoloba leonardii R.A.Howard,Polygonaceae,Coccoloba,SPECIES,PRESERVED_SPECIMEN,1983-02-20,1983,-71.65,19.82,NA,d415c253-4d61-4459-9d25-4015b9084fb0,NY,NY,15,01,MONTE CRISTI,041501,874c88220ffffff
bd32b197-1173-470a-843b-ca03932a2607,1930442525,Verbesina L.,Verbesina L.,Asteraceae,Verbesina,GENUS,PRESERVED_SPECIMEN,1987-03-31,1987,-71.63,19.85,NA,d415c253-4d61-4459-9d25-4015b9084fb0,NY,NY,15,01,MONTE CRISTI,041501,874c88308ffffff
bf4456aa-bf59-44c8-ac6a-1e6a7160e26e,1930471885,Bulbostylis subaphylla,Bulbostylis subaphylla C.B.Clarke,Cyperaceae,Bulbostylis,SPECIES,PRESERVED_SPECIMEN,1975-01-02/1975-01-04,1975,-71.647701,19.894206,355.41,d415c253-4d61-4459-9d25-4015b9084fb0,NY,NY,15,01,MONTE CRISTI,041501,874c88305ffffff
c4fc3563-732f-44af-b204-705c1821d756,1930552845,Corchorus hirsutus,Corchorus hirsutus L.,Malvaceae,Corchorus,SPECIES,PRESERVED_SPECIMEN,1980-05-22,1980,-71.65,19.85,NA,d415c253-4d61-4459-9d25-4015b9084fb0,NY,NY,15,01,MONTE CRISTI,041501,874c8830affffff
c67f218f-7509-49ef-b553-d8d1c9e7e9f8,1930574039,"Dictyurus Bory de Saint-Vincent, 1834","Dictyurus Bory de Saint-Vincent, 1834",Dasyaceae,Dictyurus,GENUS,PRESERVED_SPECIMEN,1977-07-23,1977,-71.649925,19.890617,1281.57,d415c253-4d61-4459-9d25-4015b9084fb0,NY,NY,15,01,MONTE CRISTI,041501,874c88301ffffff
c6874501-57ab-4be5-8cd3-c94f9fdb01aa,1930574678,Coccoloba buchii,Coccoloba buchii O.C.Schmidt,Polygonaceae,Coccoloba,SPECIES,PRESERVED_SPECIMEN,1976-07-19,1976,-71.646285,19.894001,504.58,d415c253-4d61-4459-9d25-4015b9084fb0,NY,NY,15,01,MONTE CRISTI,041501,874c88305ffffff
cb048cf3-f62e-42d8-8f12-5eaa275c4cfd,1457813090,Asemeia violacea,Asemeia violacea (Aubl.) J.F.B.Pastore & J.R.Abbott,Polygalaceae,Asemeia,SPECIES,PRESERVED_SPECIMEN,2006-06-14,2006,-71.657139,19.892917,NA,b89d52a2-861d-4388-adad-c0da3d55fc78,UF,,15,01,MONTE CRISTI,041501,874c88300ffffff
cb333472-297a-4f13-9768-499ebe361edb,2270678345,Myrcianthes fragrans,Myrcianthes fragrans (Sw.) McVaugh,Myrtaceae,Myrcianthes,SPECIES,PRESERVED_SPECIMEN,1984-08-16,1984,-71.6333,19.7833,NA,e05fd4c2-4d77-4c50-880e-1b22096af300,ASU,Plants,15,01,MONTE CRISTI,041501,874c8822effffff
cbca62f5-62a7-4d1e-9b90-e0bd43183ca8,1930648607,Weissia controversa,Weissia controversa Hedw.,Pottiaceae,Weissia,SPECIES,PRESERVED_SPECIMEN,1981-03-24,1981,-71.646285,19.894001,504.58,d415c253-4d61-4459-9d25-4015b9084fb0,NY,NY,15,01,MONTE CRISTI,041501,874c88305ffffff
cc2b0bd1-5861-40a7-af22-652ea85c9465,1930653848,Digenea simplex,Digenea simplex (Wulfen) C. Agardh,Rhodomelaceae,Digenea,SPECIES,PRESERVED_SPECIMEN,1977-07-23,1977,-71.649925,19.890617,1281.57,d415c253-4d61-4459-9d25-4015b9084fb0,NY,NY,15,01,MONTE CRISTI,041501,874c88301ffffff
cf004488-b99c-4054-9490-28af08ad6519,1930693973,Salvia montecristina,Salvia montecristina Urb. & Ekman,Lamiaceae,Salvia,SPECIES,PRESERVED_SPECIMEN,1972-02-02/1972-02-04,1972,-71.644737,19.845039,2131.57,d415c253-4d61-4459-9d25-4015b9084fb0,NY,NY,15,01,MONTE CRISTI,041501,874c8830affffff
d0290830-5d19-4bc7-a58f-a77cee771791,1930710341,Reynosia uncinata,Reynosia uncinata Urb.,Rhamnaceae,Reynosia,SPECIES,PRESERVED_SPECIMEN,1984-08-17,1984,-71.62,19.83,NA,d415c253-4d61-4459-9d25-4015b9084fb0,NY,NY,15,01,MONTE CRISTI,041501,874c88356ffffff
d14b6fdd-c288-44a3-ba0a-790d04a53a25,1930725390,Tetramicra parviflora,Tetramicra parviflora Lindl. ex Griseb.,Orchidaceae,Tetramicra,SPECIES,PRESERVED_SPECIMEN,1984-08-16,1984,-71.63,19.78,NA,d415c253-4d61-4459-9d25-4015b9084fb0,NY,NY,15,01,MONTE CRISTI,041501,874c8822effffff
d52cea9d-ffa0-46e0-9c4c-07fd03273da6,1057124286,Solanum tetramerum,Solanum tetramerum Dunal & A.DC.,Solanaceae,Solanum,SPECIES,PRESERVED_SPECIMEN,1946-10-25,1946,-71.616667,19.833333,NA,7e380070-f762-11e1-a439-00145eb45e9a,NHMUK,BOT,15,01,MONTE CRISTI,041501,874c88356ffffff
d6cfc4d4-8061-4b83-b6bd-1cf0a1c636b1,1930804050,Karwinskia caloneura,Karwinskia caloneura Urb.,Rhamnaceae,Karwinskia,SPECIES,PRESERVED_SPECIMEN,1984-08-17,1984,-71.63,19.78,NA,d415c253-4d61-4459-9d25-4015b9084fb0,NY,NY,15,01,MONTE CRISTI,041501,874c8822effffff
d9fc6343-a32f-4301-a783-e7b91f50f8de,1930850739,Phyllostylon rhamnoides,Phyllostylon rhamnoides (Poiss.) Taub.,Ulmaceae,Phyllostylon,SPECIES,PRESERVED_SPECIMEN,1984-08-17,1984,-71.63,19.78,NA,d415c253-4d61-4459-9d25-4015b9084fb0,NY,NY,15,01,MONTE CRISTI,041501,874c8822effffff
daf395b9-1a71-43e1-9332-b5d92f7bd898,1930862589,Bulbostylis subaphylla,Bulbostylis subaphylla C.B.Clarke,Cyperaceae,Bulbostylis,SPECIES,PRESERVED_SPECIMEN,1975-01-02/1975-01-04,1975,-71.647701,19.894206,355.41,d415c253-4d61-4459-9d25-4015b9084fb0,NY,NY,15,01,MONTE CRISTI,041501,874c88305ffffff
dbc11667-00f5-4a71-be23-43d70c6b7a2c,1930875883,Croton sidifolius,Croton sidifolius Lam.,Euphorbiaceae,Croton,SPECIES,PRESERVED_SPECIMEN,1975-01-02/1975-01-04,1975,-71.644737,19.845039,2131.57,d415c253-4d61-4459-9d25-4015b9084fb0,NY,NY,15,01,MONTE CRISTI,041501,874c8830affffff
dc183d38-5670-4fad-a688-2d6020cba9f2,1930882109,Limonium bahamense,Limonium bahamense (Griseb.) Britton,Plumbaginaceae,Limonium,SPECIES,PRESERVED_SPECIMEN,1969-06-07,1969,-71.644737,19.845039,2131.57,d415c253-4d61-4459-9d25-4015b9084fb0,NY,NY,15,01,MONTE CRISTI,041501,874c8830affffff
dc5007fd-8099-4ba5-b04a-be5196051b5d,1930881031,Frullanoides corticalis,Frullanoides corticalis (Lehm. & Lindenb.) van Slageren,Lejeuneaceae,Frullanoides,SPECIES,PRESERVED_SPECIMEN,1987-01-08,1987,-71.646285,19.894001,504.58,d415c253-4d61-4459-9d25-4015b9084fb0,NY,NY,15,01,MONTE CRISTI,041501,874c88305ffffff
dfa6ca80-0398-4838-bf3d-1152008bee64,1846559821,Melocactus lemairei,Melocactus lemairei (Monv. ex Lem.) Miq.,Cactaceae,Melocactus,SPECIES,PRESERVED_SPECIMEN,2016-02-11,2016,-71.60391,19.87497,NA,3c59bd42-7bfd-421b-8da4-275780390e4c,DES,,15,01,MONTE CRISTI,041501,874c8832bffffff
e17d6621-13f2-4cee-8625-4460bbf8e962,1930955453,Lantana camara,Lantana camara L.,Verbenaceae,Lantana,SPECIES,PRESERVED_SPECIMEN,1946-10-23/1946-10-24,1946,-71.638706,19.81834,1981.57,d415c253-4d61-4459-9d25-4015b9084fb0,NY,NY,15,01,MONTE CRISTI,041501,874c88225ffffff
e2b142cf-7d5c-4ac2-bcd0-b2080feedf72,1930972561,Libidibia coriaria,Libidibia coriaria (Jacq.) Schltdl.,Fabaceae,Libidibia,SPECIES,PRESERVED_SPECIMEN,1984-08-16,1984,-71.63,19.78,NA,d415c253-4d61-4459-9d25-4015b9084fb0,NY,NY,15,01,MONTE CRISTI,041501,874c8822effffff
e2d7a6de-ff35-4f81-9499-bccb5ed900e5,1930975005,Tillandsia recurvata,Tillandsia recurvata (L.) L.,Bromeliaceae,Tillandsia,SPECIES,PRESERVED_SPECIMEN,1984-08-16,1984,-71.63,19.78,NA,d415c253-4d61-4459-9d25-4015b9084fb0,NY,NY,15,01,MONTE CRISTI,041501,874c8822effffff
e9fa3544-3bbf-45fe-90b2-61e26a8f56f3,1931076407,Coccoloba buchii,Coccoloba buchii O.C.Schmidt,Polygonaceae,Coccoloba,SPECIES,PRESERVED_SPECIMEN,1975-01-02/1975-01-04,1975,-71.647701,19.894206,355.41,d415c253-4d61-4459-9d25-4015b9084fb0,NY,NY,15,01,MONTE CRISTI,041501,874c88305ffffff
eaf1c42e-6de7-47b3-8eb1-d17704066692,1931088427,Asterella elegans,Asterella elegans (Spreng.) Trevis.,Aytoniaceae,Asterella,SPECIES,PRESERVED_SPECIMEN,1981-03-24,1981,-71.646285,19.894001,504.58,d415c253-4d61-4459-9d25-4015b9084fb0,NY,NY,15,01,MONTE CRISTI,041501,874c88305ffffff
ec999639-949f-47fb-8921-46ee87aeadb8,1931112257,Cryptostegia grandiflora,Cryptostegia grandiflora (Roxb.) R.Br.,Apocynaceae,Cryptostegia,SPECIES,PRESERVED_SPECIMEN,1984-08-16,1984,-71.63,19.78,NA,d415c253-4d61-4459-9d25-4015b9084fb0,NY,NY,15,01,MONTE CRISTI,041501,874c8822effffff
edff8a1e-9b08-420b-bb2a-3ca462bdc89a,1931130371,Hybanthus havanensis,Hybanthus havanensis Jacq.,Violaceae,Hybanthus,SPECIES,PRESERVED_SPECIMEN,1984-08-16,1984,-71.63,19.78,NA,d415c253-4d61-4459-9d25-4015b9084fb0,NY,NY,15,01,MONTE CRISTI,041501,874c8822effffff
ef4ead04-ca1a-44dc-a269-3e3c7d5278d1,1931152675,Melochia tomentosa,Melochia tomentosa L.,Malvaceae,Melochia,SPECIES,PRESERVED_SPECIMEN,1983-02-20,1983,-71.63,19.83,NA,d415c253-4d61-4459-9d25-4015b9084fb0,NY,NY,15,01,MONTE CRISTI,041501,874c8830bffffff
eff584c9-72c8-4e14-9654-5a9cf4077f3a,1931158194,Croton betulinus,Croton betulinus Vahl,Euphorbiaceae,Croton,SPECIES,PRESERVED_SPECIMEN,1975-01-02/1975-01-04,1975,-71.647701,19.894206,355.41,d415c253-4d61-4459-9d25-4015b9084fb0,NY,NY,15,01,MONTE CRISTI,041501,874c88305ffffff
f008f27a-3f7e-4c5a-90c5-7fdac03c571b,1931162648,Solanum tetramerum,Solanum tetramerum Dunal & A.DC.,Solanaceae,Solanum,SPECIES,PRESERVED_SPECIMEN,1984-08-16,1984,-71.63,19.78,NA,d415c253-4d61-4459-9d25-4015b9084fb0,NY,NY,15,01,MONTE CRISTI,041501,874c8822effffff
f186da32-30ef-4506-a6fb-b11eba314162,1931180899,Sida jamaicensis,Sida jamaicensis L.,Malvaceae,Sida,SPECIES,PRESERVED_SPECIMEN,1980-05-22,1980,-71.65,19.85,NA,d415c253-4d61-4459-9d25-4015b9084fb0,NY,NY,15,01,MONTE CRISTI,041501,874c8830affffff
f1bc0017-b32a-4aa0-bcc1-fc1cf993bf4d,1931183947,Croton poitaei,Croton poitaei Urb.,Euphorbiaceae,Croton,SPECIES,PRESERVED_SPECIMEN,1979-12-18,1979,-71.64628,19.893715,2536.57,d415c253-4d61-4459-9d25-4015b9084fb0,NY,NY,15,01,MONTE CRISTI,041501,874c88301ffffff
f21c8129-d64a-4173-8926-f91239cf6e04,1931191116,Hydropuntia crassissima,Gracilaria crassissima (P.Crouan & H.Crouan) P.Crouan & H.Crouan,Gracilariaceae,Hydropuntia,SPECIES,PRESERVED_SPECIMEN,1977-07-23,1977,-71.649925,19.890617,1281.57,d415c253-4d61-4459-9d25-4015b9084fb0,NY,NY,15,01,MONTE CRISTI,041501,874c88301ffffff
f2b889bd-bcda-42d6-a604-61b59c563274,1931198295,Bursera simaruba,Bursera simaruba (L.) Sarg.,Burseraceae,Bursera,SPECIES,PRESERVED_SPECIMEN,1984-08-17,1984,-71.63,19.78,NA,d415c253-4d61-4459-9d25-4015b9084fb0,NY,NY,15,01,MONTE CRISTI,041501,874c8822effffff
f3969452-7e54-491e-bc28-e270a73bfee9,1931210496,Euphorbia hyssopifolia,Euphorbia hyssopifolia L.,Euphorbiaceae,Euphorbia,SPECIES,PRESERVED_SPECIMEN,1981-01-24,1981,-71.65,19.85,NA,d415c253-4d61-4459-9d25-4015b9084fb0,NY,NY,15,01,MONTE CRISTI,041501,874c8830affffff
f3d5378e-cd82-4d22-ae0d-f1a8d73303c8,1931212475,Gyminda latifolia,Gyminda latifolia (Sw.) Urb.,Celastraceae,Gyminda,SPECIES,PRESERVED_SPECIMEN,1983-02-20,1983,-71.65,19.82,NA,d415c253-4d61-4459-9d25-4015b9084fb0,NY,NY,15,01,MONTE CRISTI,041501,874c88220ffffff
f67dbff9-aebf-4bad-8b55-97426ea1e7fd,1931251037,Funastrum clausum,Funastrum clausum (Jacq.) Schltr.,Apocynaceae,Funastrum,SPECIES,PRESERVED_SPECIMEN,1980-05-22,1980,-71.58,19.82,NA,d415c253-4d61-4459-9d25-4015b9084fb0,NY,NY,15,01,MONTE CRISTI,041501,874c88355ffffff
f727dd56-1b98-443c-9da9-3cf23a3807cf,1931260915,Euphorbia turpinii,Euphorbia turpinii Boiss.,Euphorbiaceae,Euphorbia,SPECIES,PRESERVED_SPECIMEN,1970-04-28,1970,-71.64628,19.893715,2536.57,d415c253-4d61-4459-9d25-4015b9084fb0,NY,NY,15,01,MONTE CRISTI,041501,874c88301ffffff
fa02e596-4096-42df-b162-702eca396638,1931302160,Senna atomaria,Senna atomaria (L.) H.S.Irwin & Barneby,Fabaceae,Senna,SPECIES,PRESERVED_SPECIMEN,1984-08-16,1984,-71.63,19.83,NA,d415c253-4d61-4459-9d25-4015b9084fb0,NY,NY,15,01,MONTE CRISTI,041501,874c8830bffffff
fa730c88-e236-4742-a76a-1d9c6af59131,1931306923,Ammannia coccinea,Ammannia coccinea Rottb.,Lythraceae,Ammannia,SPECIES,PRESERVED_SPECIMEN,1980-05-22,1980,-71.58,19.82,NA,d415c253-4d61-4459-9d25-4015b9084fb0,NY,NY,15,01,MONTE CRISTI,041501,874c88355ffffff
fbc1f4d9-1b63-419e-98d1-2e88d2beae88,1931324465,Jacquemontia havanensis,Jacquemontia havanensis (Jacq.) Urb.,Convolvulaceae,Jacquemontia,SPECIES,PRESERVED_SPECIMEN,1983-02-20,1983,-71.65,19.82,NA,d415c253-4d61-4459-9d25-4015b9084fb0,NY,NY,15,01,MONTE CRISTI,041501,874c88220ffffff
fdc19606-457a-4508-a20d-cc7436882252,1931353209,Euphorbia serpens,Euphorbia serpens Kunth,Euphorbiaceae,Euphorbia,SPECIES,PRESERVED_SPECIMEN,1969-06-07,1969,-71.648831,19.894381,1466.57,d415c253-4d61-4459-9d25-4015b9084fb0,NY,NY,15,01,MONTE CRISTI,041501,874c88305ffffff
http://coldb.mnhn.fr/catalognumber/mnhn/p/p01607006,437364073,Cyathea arborea,Cyathea arborea (L.) Sm.,Cyatheaceae,Cyathea,SPECIES,PRESERVED_SPECIMEN,1887-07-03,1887,-71.56335,19.88415,NA,b5cdf794-8fa4-4a85-8b26-755d087bf531,MNHN,P,15,01,MONTE CRISTI,041501,874c88adaffffff
http://coldb.mnhn.fr/catalognumber/mnhn/p/p03296438,474639395,Buxus glomerata,Buxus glomerata (Griseb.) Müll.Arg.,Buxaceae,Buxus,SPECIES,PRESERVED_SPECIMEN,1969-05-26,1969,-71.53868,19.83856,NA,b5cdf794-8fa4-4a85-8b26-755d087bf531,MNHN,P,15,01,MONTE CRISTI,041501,874c88344ffffff
http://n2t.net/ark:/65665/37075c642-6ea3-4387-a826-b5b3d1f165eb,1319744840,Randia aculeata,Randia aculeata L.,Rubiaceae,Randia,SPECIES,PRESERVED_SPECIMEN,1983-02-20,1983,-71.63,19.78,NA,821cc27a-e3bb-4bc5-ac34-89ada245069d,US,US,15,01,MONTE CRISTI,041501,874c8822effffff
http://n2t.net/ark:/65665/3d0d49ac8-b195-4416-b3c7-9e340843b038,1321923390,Salicornia perennis,Sarcocornia perennis (Mill.) A.J.Scott,Amaranthaceae,Salicornia,SPECIES,PRESERVED_SPECIMEN,1987-03-30,1987,-71.67,19.7,NA,821cc27a-e3bb-4bc5-ac34-89ada245069d,US,US,15,01,MONTE CRISTI,041501,874c882e0ffffff
http://n2t.net/ark:/65665/3efd05590-ac02-4828-a20a-e3c69d26c4ae,1322623629,Sida cordifolia,Sida maculata Cav.,Malvaceae,Sida,SPECIES,PRESERVED_SPECIMEN,1983-02-20,1983,-71.63,19.83,NA,821cc27a-e3bb-4bc5-ac34-89ada245069d,US,US,15,01,MONTE CRISTI,041501,874c8830bffffff
http://specimens.kew.org/herbarium/K000330997,912286410,Myrcia neolaevigata,Calyptranthes laevigata Urb. & Ekman,Myrtaceae,Myrcia,SPECIES,PRESERVED_SPECIMEN,1929-05-24T00:00,1929,-71.65,19.866667,NA,cd6e21c8-9e8a-493a-8a76-fbf7862069e5,K,Herbarium,15,01,MONTE CRISTI,041501,874c8830effffff
http://specimens.kew.org/herbarium/K000459661,912385448,Tillandsia fasciculata,Tillandsia fasciculata var. densispica Mez,Bromeliaceae,Tillandsia,VARIETY,PRESERVED_SPECIMEN,1933-04-28T00:00,1933,-71.65,19.866667,2000,cd6e21c8-9e8a-493a-8a76-fbf7862069e5,K,Herbarium,15,01,MONTE CRISTI,041501,874c8830effffff
http://specimens.kew.org/herbarium/K000459662,912385463,Tillandsia fasciculata,Tillandsia fasciculata var. densispica Mez,Bromeliaceae,Tillandsia,VARIETY,PRESERVED_SPECIMEN,1933-04-28T00:00,1933,-71.65,19.866667,2000,cd6e21c8-9e8a-493a-8a76-fbf7862069e5,K,Herbarium,15,01,MONTE CRISTI,041501,874c8830effffff
http://specimens.kew.org/herbarium/K000703785,5060686420,Gundlachia corymbosa,Gundlachia corymbosa (Urb.) Britton ex Bold.,Asteraceae,Gundlachia,SPECIES,PRESERVED_SPECIMEN,2006-07-03T00:00,2006,-71.6575,19.893056,NA,cd6e21c8-9e8a-493a-8a76-fbf7862069e5,K,Herbarium,15,01,MONTE CRISTI,041501,874c88300ffffff
http://specimens.kew.org/herbarium/K000703787,5060677432,Gundlachia corymbosa,Gundlachia corymbosa (Urb.) Britton ex Bold.,Asteraceae,Gundlachia,SPECIES,PRESERVED_SPECIMEN,1929-07-11T00:00,1929,-71.646205,19.893261,NA,cd6e21c8-9e8a-493a-8a76-fbf7862069e5,K,Herbarium,15,01,MONTE CRISTI,041501,874c88301ffffff
http://specimens.kew.org/herbarium/K000819441,5060685758,Borrichia arborescens,Borrichia arborescens (L.) DC.,Asteraceae,Borrichia,SPECIES,PRESERVED_SPECIMEN,2006-07-02T00:00,2006,-71.656389,19.861944,NA,cd6e21c8-9e8a-493a-8a76-fbf7862069e5,K,Herbarium,15,01,MONTE CRISTI,041501,874c8831dffffff
http://specimens.kew.org/herbarium/K000860317,5060684814,Varronia serrata,Varronia serrata (L.) Borhidi,Cordiaceae,Varronia,SPECIES,PRESERVED_SPECIMEN,2012-05-25T00:00,2012,-71.5538,19.884301,NA,cd6e21c8-9e8a-493a-8a76-fbf7862069e5,K,Herbarium,15,01,MONTE CRISTI,041501,874c88adbffffff
http://specimens.kew.org/herbarium/K000862867,5060685879,Stenostomum myrtifolium,Stenostomum myrtifolium Griseb.,Rubiaceae,Stenostomum,SPECIES,PRESERVED_SPECIMEN,2011-09-22T00:00,2011,-71.646205,19.893261,NA,cd6e21c8-9e8a-493a-8a76-fbf7862069e5,K,Herbarium,15,01,MONTE CRISTI,041501,874c88301ffffff
http://specimens.kew.org/herbarium/K001002529,1451071992,Eugenia isabeliana,Eugenia isabeliana Kiaersk.,Myrtaceae,Eugenia,SPECIES,PRESERVED_SPECIMEN,1929-06-28T00:00,1929,-71.648889,19.825,NA,cd6e21c8-9e8a-493a-8a76-fbf7862069e5,K,Herbarium,15,01,MONTE CRISTI,041501,874c88224ffffff
http://specimens.kew.org/herbarium/K002903159,4519495634,Ambrosia velutina,Ambrosia velutina O.E.Schulz,Asteraceae,Ambrosia,SPECIES,PRESERVED_SPECIMEN,2006-07-02T00:00,2006,-71.655833,19.887222,NA,cd6e21c8-9e8a-493a-8a76-fbf7862069e5,K,Herbarium,15,01,MONTE CRISTI,041501,874c88301ffffff
https://data.biodiversitydata.nl/naturalis/specimen/U.1195711,2517315478,Gyminda latifolia,Gyminda latifolia (Sw.) Urb.,Celastraceae,Gyminda,SPECIES,PRESERVED_SPECIMEN,1983-02-20,1983,-71.65,19.81667,NA,15f819bd-6612-4447-854b-14d12ee1022d,,Botany,15,01,MONTE CRISTI,041501,874c88220ffffff
https://data.biodiversitydata.nl/naturalis/specimen/U.1195712,2517086497,Gyminda latifolia,Gyminda latifolia (Sw.) Urb.,Celastraceae,Gyminda,SPECIES,PRESERVED_SPECIMEN,1983-02-20,1983,-71.65,19.81667,NA,15f819bd-6612-4447-854b-14d12ee1022d,,Botany,15,01,MONTE CRISTI,041501,874c88220ffffff
https://data.biodiversitydata.nl/naturalis/specimen/U.1555544,2517262577,Reynosia uncinata,Reynosia uncinata Urb.,Rhamnaceae,Reynosia,SPECIES,PRESERVED_SPECIMEN,1984-08-17,1984,-71.61667,19.83333,NA,15f819bd-6612-4447-854b-14d12ee1022d,,Botany,15,01,MONTE CRISTI,041501,874c88356ffffff
https://data.biodiversitydata.nl/naturalis/specimen/U.1773652,2515724754,Guaiacum officinale,Guaiacum officinale L.,Zygophyllaceae,Guaiacum,SPECIES,PRESERVED_SPECIMEN,1984-08-16,1984,-71.63333,19.84167,NA,15f819bd-6612-4447-854b-14d12ee1022d,,Botany,15,01,MONTE CRISTI,041501,874c8830bffffff
https://data.biodiversitydata.nl/naturalis/specimen/U.1773665,2517586128,Guaiacum sanctum,Guaiacum sanctum L.,Zygophyllaceae,Guaiacum,SPECIES,PRESERVED_SPECIMEN,1984-08-17,1984,-71.61667,19.83333,NA,15f819bd-6612-4447-854b-14d12ee1022d,,Botany,15,01,MONTE CRISTI,041501,874c88356ffffff
https://wu.jacq.org/WU0023625,1135435194,Bursera simaruba,Bursera simaruba (L.) Sarg.,Burseraceae,Bursera,SPECIES,PRESERVED_SPECIMEN,2002-02-18,2002,-71.65278,19.89389,NA,0afba960-be3b-4202-a7de-736ae05aec9e,WU,Herbarium WU,15,01,MONTE CRISTI,041501,874c88300ffffff
https://www.inaturalist.org/observations/103364628,3457100197,Coccoloba uvifera,Coccoloba uvifera (L.) L.,Polygonaceae,Coccoloba,SPECIES,HUMAN_OBSERVATION,2021-12-20T09:54:06Z,2021,-71.655244,19.886802,9,50c9509d-22c7-4a22-a47d-8c48425ef4a7,iNaturalist,Observations,15,01,MONTE CRISTI,041501,874c88301ffffff
https://www.inaturalist.org/observations/105529420,3466011202,Rhizophora mangle,Rhizophora mangle L.,Rhizophoraceae,Rhizophora,SPECIES,HUMAN_OBSERVATION,2022-01-14T19:32:05Z,2022,-71.565364,19.90642,NA,50c9509d-22c7-4a22-a47d-8c48425ef4a7,iNaturalist,Observations,15,01,MONTE CRISTI,041501,874c88adeffffff
https://www.inaturalist.org/observations/135361502,4096814524,Codium fragile,Codium fragile (Suringar) Hariot,Codiaceae,Codium,SPECIES,HUMAN_OBSERVATION,2022-09-17T08:32,2022,-71.667519,19.84918,20,50c9509d-22c7-4a22-a47d-8c48425ef4a7,iNaturalist,Observations,15,01,MONTE CRISTI,041501,874c88319ffffff
https://www.inaturalist.org/observations/137751778,3925086966,Phyla nodiflora,Phyla nodiflora (L.) Greene,Verbenaceae,Phyla,SPECIES,HUMAN_OBSERVATION,2022-10-06,2022,-71.640636,19.847384,1898,50c9509d-22c7-4a22-a47d-8c48425ef4a7,iNaturalist,Observations,15,01,MONTE CRISTI,041501,874c8830affffff
https://www.inaturalist.org/observations/143379757,3988611828,Calotropis procera,Calotropis procera (Aiton) W.T.Aiton,Apocynaceae,Calotropis,SPECIES,HUMAN_OBSERVATION,2022-11-30T17:08:09,2022,-71.668622,19.847833,21,50c9509d-22c7-4a22-a47d-8c48425ef4a7,iNaturalist,Observations,15,01,MONTE CRISTI,041501,874c88319ffffff
https://www.inaturalist.org/observations/149573598,4080576526,Tecoma stans,Tecoma stans (L.) Juss. ex Kunth,Bignoniaceae,Tecoma,SPECIES,HUMAN_OBSERVATION,2023-02-24T14:36:16,2023,-71.649239,19.848673,8,50c9509d-22c7-4a22-a47d-8c48425ef4a7,iNaturalist,Observations,15,01,MONTE CRISTI,041501,874c8830affffff
https://www.inaturalist.org/observations/149575070,4067344749,Mangifera indica,Mangifera indica L.,Anacardiaceae,Mangifera,SPECIES,HUMAN_OBSERVATION,2023-02-24T14:55:43,2023,-71.648676,19.848769,8,50c9509d-22c7-4a22-a47d-8c48425ef4a7,iNaturalist,Observations,15,01,MONTE CRISTI,041501,874c8830affffff
https://www.inaturalist.org/observations/168990840,4138657783,Avicennia germinans,Avicennia germinans (L.) L.,Acanthaceae,Avicennia,SPECIES,HUMAN_OBSERVATION,2023-04-10T07:43,2023,-71.652808,19.855936,NA,50c9509d-22c7-4a22-a47d-8c48425ef4a7,iNaturalist,Observations,15,01,MONTE CRISTI,041501,874c8830affffff
https://www.inaturalist.org/observations/170230181,4145486719,Cryptostegia madagascariensis,Cryptostegia madagascariensis Bojer,Apocynaceae,Cryptostegia,SPECIES,HUMAN_OBSERVATION,2023-04-09T08:07,2023,-71.662499,19.839205,15,50c9509d-22c7-4a22-a47d-8c48425ef4a7,iNaturalist,Observations,15,01,MONTE CRISTI,041501,874c88319ffffff
https://www.inaturalist.org/observations/170230185,4145599249,Rhizophora mangle,Rhizophora mangle L.,Rhizophoraceae,Rhizophora,SPECIES,HUMAN_OBSERVATION,2023-04-09T08:18,2023,-71.664494,19.837586,67,50c9509d-22c7-4a22-a47d-8c48425ef4a7,iNaturalist,Observations,15,01,MONTE CRISTI,041501,874c88319ffffff
https://www.inaturalist.org/observations/170230215,4145545551,Neltuma juliflora,Neltuma juliflora (Sw.) Raf.,Fabaceae,Neltuma,SPECIES,HUMAN_OBSERVATION,2023-04-09T09:12,2023,-71.667121,19.831511,61,50c9509d-22c7-4a22-a47d-8c48425ef4a7,iNaturalist,Observations,15,01,MONTE CRISTI,041501,874c88226ffffff
https://www.inaturalist.org/observations/170230217,4145758489,Pontederia crassipes,Pontederia crassipes Mart.,Pontederiaceae,Pontederia,SPECIES,HUMAN_OBSERVATION,2023-04-09T19:01,2023,-71.681069,19.682972,NA,50c9509d-22c7-4a22-a47d-8c48425ef4a7,iNaturalist,Observations,15,01,MONTE CRISTI,041501,874c882e2ffffff
https://www.inaturalist.org/observations/170684879,4145447145,Avicennia germinans,Avicennia germinans (L.) L.,Acanthaceae,Avicennia,SPECIES,HUMAN_OBSERVATION,2023-04-08T07:33,2023,-71.657855,19.856878,8,50c9509d-22c7-4a22-a47d-8c48425ef4a7,iNaturalist,Observations,15,01,MONTE CRISTI,041501,874c8831dffffff
https://www.inaturalist.org/observations/170710367,4145401077,Stenocereus heptagonus,Stenocereus heptagonus (L.) Mottram,Cactaceae,Stenocereus,SPECIES,HUMAN_OBSERVATION,2023-04-08T09:26,2023,-71.673739,19.717964,NA,50c9509d-22c7-4a22-a47d-8c48425ef4a7,iNaturalist,Observations,15,01,MONTE CRISTI,041501,874c88219ffffff
https://www.inaturalist.org/observations/170710368,4145636144,Stenocereus heptagonus,Stenocereus heptagonus (L.) Mottram,Cactaceae,Stenocereus,SPECIES,HUMAN_OBSERVATION,2023-04-08T09:29,2023,-71.675783,19.718753,NA,50c9509d-22c7-4a22-a47d-8c48425ef4a7,iNaturalist,Observations,15,01,MONTE CRISTI,041501,874c88219ffffff
https://www.inaturalist.org/observations/170710370,4153495464,Stenocereus heptagonus,Stenocereus heptagonus (L.) Mottram,Cactaceae,Stenocereus,SPECIES,HUMAN_OBSERVATION,2023-04-08T10:08,2023,-71.690914,19.721614,NA,50c9509d-22c7-4a22-a47d-8c48425ef4a7,iNaturalist,Observations,15,01,MONTE CRISTI,041501,874c8821bffffff
https://www.inaturalist.org/observations/170710373,4145229159,Rhizophora mangle,Rhizophora mangle L.,Rhizophoraceae,Rhizophora,SPECIES,HUMAN_OBSERVATION,2023-04-08T10:19,2023,-71.707536,19.727964,NA,50c9509d-22c7-4a22-a47d-8c48425ef4a7,iNaturalist,Observations,15,01,MONTE CRISTI,041501,874c8821affffff
https://www.inaturalist.org/observations/170710388,4145671926,Avicennia germinans,Avicennia germinans (L.) L.,Acanthaceae,Avicennia,SPECIES,HUMAN_OBSERVATION,2023-04-08T17:20,2023,-71.707414,19.727875,NA,50c9509d-22c7-4a22-a47d-8c48425ef4a7,iNaturalist,Observations,15,01,MONTE CRISTI,041501,874c8821affffff
https://www.inaturalist.org/observations/170710389,5237654350,Pilosocereus polygonus,Pilosocereus polygonus (Lam.) Byles & G.D.Rowley,Cactaceae,Pilosocereus,SPECIES,HUMAN_OBSERVATION,2023-04-08T17:33,2023,-71.694903,19.729286,NA,50c9509d-22c7-4a22-a47d-8c48425ef4a7,iNaturalist,Observations,15,01,MONTE CRISTI,041501,874c88218ffffff
https://www.inaturalist.org/observations/170710392,4145392908,Rhizophora mangle,Rhizophora mangle L.,Rhizophoraceae,Rhizophora,SPECIES,HUMAN_OBSERVATION,2023-04-08T17:21,2023,-71.707414,19.727875,NA,50c9509d-22c7-4a22-a47d-8c48425ef4a7,iNaturalist,Observations,15,01,MONTE CRISTI,041501,874c8821affffff
https://www.inaturalist.org/observations/171506625,4162184671,Avicennia germinans,Avicennia germinans (L.) L.,Acanthaceae,Avicennia,SPECIES,HUMAN_OBSERVATION,2023-04-07T07:58,2023,-71.657778,19.858044,NA,50c9509d-22c7-4a22-a47d-8c48425ef4a7,iNaturalist,Observations,15,01,MONTE CRISTI,041501,874c8831dffffff
https://www.inaturalist.org/observations/171506641,4162271485,Sesuvium portulacastrum,Sesuvium portulacastrum (L.) L.,Aizoaceae,Sesuvium,SPECIES,HUMAN_OBSERVATION,2023-04-07T09:10,2023,-71.653436,19.869597,NA,50c9509d-22c7-4a22-a47d-8c48425ef4a7,iNaturalist,Observations,15,01,MONTE CRISTI,041501,874c8830effffff
https://www.inaturalist.org/observations/171506648,4154012472,Rhizophora mangle,Rhizophora mangle L.,Rhizophoraceae,Rhizophora,SPECIES,HUMAN_OBSERVATION,2023-04-07T09:27,2023,-71.653964,19.871928,NA,50c9509d-22c7-4a22-a47d-8c48425ef4a7,iNaturalist,Observations,15,01,MONTE CRISTI,041501,874c8830effffff
https://www.inaturalist.org/observations/171506658,4162074692,Melochia tomentosa,Melochia tomentosa L.,Malvaceae,Melochia,SPECIES,HUMAN_OBSERVATION,2023-04-07T10:23,2023,-71.655858,19.886764,NA,50c9509d-22c7-4a22-a47d-8c48425ef4a7,iNaturalist,Observations,15,01,MONTE CRISTI,041501,874c88301ffffff
https://www.inaturalist.org/observations/171506659,4162095708,Vachellia farnesiana,Vachellia farnesiana (L.) Wight & Arn.,Fabaceae,Vachellia,SPECIES,HUMAN_OBSERVATION,2023-04-07T10:24,2023,-71.655758,19.887106,NA,50c9509d-22c7-4a22-a47d-8c48425ef4a7,iNaturalist,Observations,15,01,MONTE CRISTI,041501,874c88301ffffff
https://www.inaturalist.org/observations/171506661,4162057472,Coccoloba uvifera,Coccoloba uvifera (L.) L.,Polygonaceae,Coccoloba,SPECIES,HUMAN_OBSERVATION,2023-04-07T10:32,2023,-71.655608,19.891389,NA,50c9509d-22c7-4a22-a47d-8c48425ef4a7,iNaturalist,Observations,15,01,MONTE CRISTI,041501,874c88300ffffff
https://www.inaturalist.org/observations/171506664,4516418450,Jacquinia berteroi,Jacquinia berteroi Spreng.,Primulaceae,Jacquinia,SPECIES,HUMAN_OBSERVATION,2023-04-07T10:38,2023,-71.656903,19.892222,NA,50c9509d-22c7-4a22-a47d-8c48425ef4a7,iNaturalist,Observations,15,01,MONTE CRISTI,041501,874c88300ffffff
https://www.inaturalist.org/observations/171506668,4424398556,Uniola virgata,Uniola virgata (Poir.) Griseb.,Poaceae,Uniola,SPECIES,HUMAN_OBSERVATION,2023-04-07T10:39,2023,-71.657022,19.892183,NA,50c9509d-22c7-4a22-a47d-8c48425ef4a7,iNaturalist,Observations,15,01,MONTE CRISTI,041501,874c88300ffffff
https://www.inaturalist.org/observations/171506669,5062603842,Croton poitaei,Croton poitaei Urb.,Euphorbiaceae,Croton,SPECIES,HUMAN_OBSERVATION,2023-04-07T10:42,2023,-71.657819,19.892181,NA,50c9509d-22c7-4a22-a47d-8c48425ef4a7,iNaturalist,Observations,15,01,MONTE CRISTI,041501,874c88300ffffff
https://www.inaturalist.org/observations/171506679,6399175160,Uniola virgata,Uniola virgata (Poir.) Griseb.,Poaceae,Uniola,SPECIES,HUMAN_OBSERVATION,2023-04-07T10:53,2023,-71.658817,19.892361,NA,50c9509d-22c7-4a22-a47d-8c48425ef4a7,iNaturalist,Observations,15,01,MONTE CRISTI,041501,874c88300ffffff
https://www.inaturalist.org/observations/171506683,4524941111,Corchorus hirsutus,Corchorus hirsutus L.,Malvaceae,Corchorus,SPECIES,HUMAN_OBSERVATION,2023-04-07T10:56,2023,-71.659067,19.892431,NA,50c9509d-22c7-4a22-a47d-8c48425ef4a7,iNaturalist,Observations,15,01,MONTE CRISTI,041501,874c88300ffffff
https://www.inaturalist.org/observations/171506686,4923632179,Coccoloba krugii,Coccoloba krugii Lindau,Polygonaceae,Coccoloba,SPECIES,HUMAN_OBSERVATION,2023-04-07T11:25,2023,-71.656633,19.892233,NA,50c9509d-22c7-4a22-a47d-8c48425ef4a7,iNaturalist,Observations,15,01,MONTE CRISTI,041501,874c88300ffffff
https://www.inaturalist.org/observations/171506687,5062633826,Brya buxifolia,Brya buxifolia (Murray) Urb.,Fabaceae,Brya,SPECIES,HUMAN_OBSERVATION,2023-04-07T11:26,2023,-71.656633,19.892233,NA,50c9509d-22c7-4a22-a47d-8c48425ef4a7,iNaturalist,Observations,15,01,MONTE CRISTI,041501,874c88300ffffff
https://www.inaturalist.org/observations/171506688,4949899091,Monteverdia buxifolia,Maytenus buxifolia (A.Rich.) Triana & Planch.,Celastraceae,Monteverdia,SPECIES,HUMAN_OBSERVATION,2023-04-07T11:27,2023,-71.656575,19.892431,NA,50c9509d-22c7-4a22-a47d-8c48425ef4a7,iNaturalist,Observations,15,01,MONTE CRISTI,041501,874c88300ffffff
https://www.inaturalist.org/observations/171506689,4153399078,Neltuma juliflora,Neltuma juliflora (Sw.) Raf.,Fabaceae,Neltuma,SPECIES,HUMAN_OBSERVATION,2023-04-07T11:28,2023,-71.656575,19.892431,NA,50c9509d-22c7-4a22-a47d-8c48425ef4a7,iNaturalist,Observations,15,01,MONTE CRISTI,041501,874c88300ffffff
https://www.inaturalist.org/observations/171506690,4524973179,Corchorus hirsutus,Corchorus hirsutus L.,Malvaceae,Corchorus,SPECIES,HUMAN_OBSERVATION,2023-04-07T11:35,2023,-71.654561,19.892633,NA,50c9509d-22c7-4a22-a47d-8c48425ef4a7,iNaturalist,Observations,15,01,MONTE CRISTI,041501,874c88300ffffff
https://www.inaturalist.org/observations/171511422,4516436553,Jacquinia berteroi,Jacquinia berteroi Spreng.,Primulaceae,Jacquinia,SPECIES,HUMAN_OBSERVATION,2023-04-07T11:48,2023,-71.653147,19.893572,NA,50c9509d-22c7-4a22-a47d-8c48425ef4a7,iNaturalist,Observations,15,01,MONTE CRISTI,041501,874c88300ffffff
https://www.inaturalist.org/observations/171511425,4908307998,Coccothrinax argentata,Coccothrinax argentata (Jacq.) L.H.Bailey,Arecaceae,Coccothrinax,SPECIES,HUMAN_OBSERVATION,2023-04-07T11:47,2023,-71.653147,19.893572,NA,50c9509d-22c7-4a22-a47d-8c48425ef4a7,iNaturalist,Observations,15,01,MONTE CRISTI,041501,874c88300ffffff
https://www.inaturalist.org/observations/171511428,4908841274,Coccothrinax argentata,Coccothrinax argentata (Jacq.) L.H.Bailey,Arecaceae,Coccothrinax,SPECIES,HUMAN_OBSERVATION,2023-04-07T11:51,2023,-71.652789,19.89345,NA,50c9509d-22c7-4a22-a47d-8c48425ef4a7,iNaturalist,Observations,15,01,MONTE CRISTI,041501,874c88300ffffff
https://www.inaturalist.org/observations/171511431,4923769116,Coccoloba diversifolia,Coccoloba diversifolia Jacq.,Polygonaceae,Coccoloba,SPECIES,HUMAN_OBSERVATION,2023-04-07T11:52,2023,-71.652589,19.893456,NA,50c9509d-22c7-4a22-a47d-8c48425ef4a7,iNaturalist,Observations,15,01,MONTE CRISTI,041501,874c88300ffffff
https://www.inaturalist.org/observations/171511433,4512072898,Guaiacum sanctum,Guaiacum sanctum L.,Zygophyllaceae,Guaiacum,SPECIES,HUMAN_OBSERVATION,2023-04-07T11:53,2023,-71.652164,19.893433,NA,50c9509d-22c7-4a22-a47d-8c48425ef4a7,iNaturalist,Observations,15,01,MONTE CRISTI,041501,874c88300ffffff
https://www.inaturalist.org/observations/171511438,4424295727,Uniola virgata,Uniola virgata (Poir.) Griseb.,Poaceae,Uniola,SPECIES,HUMAN_OBSERVATION,2023-04-07T12:04,2023,-71.650547,19.894267,NA,50c9509d-22c7-4a22-a47d-8c48425ef4a7,iNaturalist,Observations,15,01,MONTE CRISTI,041501,874c88300ffffff
https://www.inaturalist.org/observations/171511440,5062631794,Croton poitaei,Croton poitaei Urb.,Euphorbiaceae,Croton,SPECIES,HUMAN_OBSERVATION,2023-04-07T12:05,2023,-71.650547,19.894267,NA,50c9509d-22c7-4a22-a47d-8c48425ef4a7,iNaturalist,Observations,15,01,MONTE CRISTI,041501,874c88300ffffff
https://www.inaturalist.org/observations/171511441,4512079906,Guaiacum sanctum,Guaiacum sanctum L.,Zygophyllaceae,Guaiacum,SPECIES,HUMAN_OBSERVATION,2023-04-07T12:05,2023,-71.650356,19.894522,NA,50c9509d-22c7-4a22-a47d-8c48425ef4a7,iNaturalist,Observations,15,01,MONTE CRISTI,041501,874c88300ffffff
https://www.inaturalist.org/observations/171511443,4512128855,Guaiacum sanctum,Guaiacum sanctum L.,Zygophyllaceae,Guaiacum,SPECIES,HUMAN_OBSERVATION,2023-04-07T12:08,2023,-71.649753,19.894658,NA,50c9509d-22c7-4a22-a47d-8c48425ef4a7,iNaturalist,Observations,15,01,MONTE CRISTI,041501,874c88305ffffff
https://www.inaturalist.org/observations/171511446,4453953843,Plumeria obtusa,Plumeria obtusa L.,Apocynaceae,Plumeria,SPECIES,HUMAN_OBSERVATION,2023-04-07T12:09,2023,-71.649364,19.894722,NA,50c9509d-22c7-4a22-a47d-8c48425ef4a7,iNaturalist,Observations,15,01,MONTE CRISTI,041501,874c88305ffffff
https://www.inaturalist.org/observations/171514025,4908217059,Lonchocarpus pycnophyllus,Lonchocarpus pycnophyllus Urb.,Fabaceae,Lonchocarpus,SPECIES,HUMAN_OBSERVATION,2023-04-07T12:13,2023,-71.648117,19.894339,NA,50c9509d-22c7-4a22-a47d-8c48425ef4a7,iNaturalist,Observations,15,01,MONTE CRISTI,041501,874c88305ffffff
https://www.inaturalist.org/observations/171514027,4162073619,Tillandsia recurvata,Tillandsia recurvata (L.) L.,Bromeliaceae,Tillandsia,SPECIES,HUMAN_OBSERVATION,2023-04-07T12:24,2023,-71.646953,19.894122,NA,50c9509d-22c7-4a22-a47d-8c48425ef4a7,iNaturalist,Observations,15,01,MONTE CRISTI,041501,874c88305ffffff
https://www.inaturalist.org/observations/171514043,4162100463,Guaiacum sanctum,Guaiacum sanctum L.,Zygophyllaceae,Guaiacum,SPECIES,HUMAN_OBSERVATION,2023-04-07T13:09,2023,-71.652172,19.893428,NA,50c9509d-22c7-4a22-a47d-8c48425ef4a7,iNaturalist,Observations,15,01,MONTE CRISTI,041501,874c88300ffffff
https://www.inaturalist.org/observations/171514046,4162012521,Sarcomphalus domingensis,Sarcomphalus domingensis (Spreng.) Krug & Urb.,Rhamnaceae,Sarcomphalus,SPECIES,HUMAN_OBSERVATION,2023-04-07T13:36,2023,-71.657331,19.892944,NA,50c9509d-22c7-4a22-a47d-8c48425ef4a7,iNaturalist,Observations,15,01,MONTE CRISTI,041501,874c88300ffffff
https://www.inaturalist.org/observations/171514048,4162223593,Avicennia germinans,Avicennia germinans (L.) L.,Acanthaceae,Avicennia,SPECIES,HUMAN_OBSERVATION,2023-04-07T14:49,2023,-71.654819,19.863047,NA,50c9509d-22c7-4a22-a47d-8c48425ef4a7,iNaturalist,Observations,15,01,MONTE CRISTI,041501,874c8830effffff
https://www.inaturalist.org/observations/171514049,4162029643,Conocarpus erectus,Conocarpus erectus L.,Combretaceae,Conocarpus,SPECIES,HUMAN_OBSERVATION,2023-04-07T14:31,2023,-71.653981,19.870636,NA,50c9509d-22c7-4a22-a47d-8c48425ef4a7,iNaturalist,Observations,15,01,MONTE CRISTI,041501,874c8830effffff
https://www.inaturalist.org/observations/171514050,4162252469,Sesuvium portulacastrum,Sesuvium portulacastrum (L.) L.,Aizoaceae,Sesuvium,SPECIES,HUMAN_OBSERVATION,2023-04-07T15:22,2023,-71.655083,19.854181,NA,50c9509d-22c7-4a22-a47d-8c48425ef4a7,iNaturalist,Observations,15,01,MONTE CRISTI,041501,874c8830affffff
https://www.inaturalist.org/observations/171514055,4153535844,Kalanchoe houghtonii,Kalanchoe × houghtonii D.B.Ward,Crassulaceae,Kalanchoe,SPECIES,HUMAN_OBSERVATION,2023-04-07T18:25,2023,-71.658825,19.842092,NA,50c9509d-22c7-4a22-a47d-8c48425ef4a7,iNaturalist,Observations,15,01,MONTE CRISTI,041501,874c88319ffffff
https://www.inaturalist.org/observations/171514056,4153990988,Stenocereus heptagonus,Stenocereus heptagonus (L.) Mottram,Cactaceae,Stenocereus,SPECIES,HUMAN_OBSERVATION,2023-04-07T18:25,2023,-71.658825,19.842092,NA,50c9509d-22c7-4a22-a47d-8c48425ef4a7,iNaturalist,Observations,15,01,MONTE CRISTI,041501,874c88319ffffff
https://www.inaturalist.org/observations/171514058,4153440247,Stenocereus heptagonus,Stenocereus heptagonus (L.) Mottram,Cactaceae,Stenocereus,SPECIES,HUMAN_OBSERVATION,2023-04-07T19:23,2023,-71.666547,19.832025,NA,50c9509d-22c7-4a22-a47d-8c48425ef4a7,iNaturalist,Observations,15,01,MONTE CRISTI,041501,874c88226ffffff
https://www.inaturalist.org/observations/172196581,5920041816,Pilosocereus polygonus,Pilosocereus polygonus (Lam.) Byles & G.D.Rowley,Cactaceae,Pilosocereus,SPECIES,HUMAN_OBSERVATION,2023-07-08T18:12:43,2023,-71.650982,19.893805,NA,50c9509d-22c7-4a22-a47d-8c48425ef4a7,iNaturalist,Observations,15,01,MONTE CRISTI,041501,874c88300ffffff
https://www.inaturalist.org/observations/194354830,4500639522,Exostema caribaeum,Exostema caribaeum (Jacq.) Roem. & Schult.,Rubiaceae,Exostema,SPECIES,HUMAN_OBSERVATION,2023-12-16T09:41:14,2023,-71.656703,19.892167,6,50c9509d-22c7-4a22-a47d-8c48425ef4a7,iNaturalist,Observations,15,01,MONTE CRISTI,041501,874c88300ffffff
https://www.inaturalist.org/observations/196473241,4512327419,Sesuvium portulacastrum,Sesuvium portulacastrum (L.) L.,Aizoaceae,Sesuvium,SPECIES,HUMAN_OBSERVATION,2023-12-29T15:37,2023,-71.656645,19.857529,79,50c9509d-22c7-4a22-a47d-8c48425ef4a7,iNaturalist,Observations,15,01,MONTE CRISTI,041501,874c8831dffffff
https://www.inaturalist.org/observations/196473243,4512316181,Sesuvium portulacastrum,Sesuvium portulacastrum (L.) L.,Aizoaceae,Sesuvium,SPECIES,HUMAN_OBSERVATION,2023-12-29T15:37,2023,-71.656645,19.857529,79,50c9509d-22c7-4a22-a47d-8c48425ef4a7,iNaturalist,Observations,15,01,MONTE CRISTI,041501,874c8831dffffff
https://www.inaturalist.org/observations/196573409,4512306568,Echites umbellatus,Echites umbellatus Jacq.,Apocynaceae,Echites,SPECIES,HUMAN_OBSERVATION,2023-12-30T07:53,2023,-71.656141,19.857639,265,50c9509d-22c7-4a22-a47d-8c48425ef4a7,iNaturalist,Observations,15,01,MONTE CRISTI,041501,874c8831dffffff
https://www.inaturalist.org/observations/196587770,4512312303,Parmentiera aculeata,Parmentiera aculeata (Kunth) L.O.Williams,Bignoniaceae,Parmentiera,SPECIES,HUMAN_OBSERVATION,2023-12-30T11:20,2023,-71.692821,19.712574,587,50c9509d-22c7-4a22-a47d-8c48425ef4a7,iNaturalist,Observations,15,01,MONTE CRISTI,041501,874c8821bffffff
https://www.inaturalist.org/observations/196609151,4512379283,Jacquemontia nodiflora,Jacquemontia nodiflora (Desr.) G.Don,Convolvulaceae,Jacquemontia,SPECIES,HUMAN_OBSERVATION,2023-12-31T09:43,2023,-71.650072,19.871989,1907,50c9509d-22c7-4a22-a47d-8c48425ef4a7,iNaturalist,Observations,15,01,MONTE CRISTI,041501,874c8830effffff
https://www.inaturalist.org/observations/196609156,4512330141,Echites umbellatus,Echites umbellatus Jacq.,Apocynaceae,Echites,SPECIES,HUMAN_OBSERVATION,2023-12-31T09:43,2023,-71.650072,19.871989,1907,50c9509d-22c7-4a22-a47d-8c48425ef4a7,iNaturalist,Observations,15,01,MONTE CRISTI,041501,874c8830effffff
https://www.inaturalist.org/observations/196609158,4512284821,Consolea moniliformis,Consolea moniliformis (L.) A.Berger,Cactaceae,Consolea,SPECIES,HUMAN_OBSERVATION,2023-12-31T09:43,2023,-71.650072,19.871989,1907,50c9509d-22c7-4a22-a47d-8c48425ef4a7,iNaturalist,Observations,15,01,MONTE CRISTI,041501,874c8830effffff
https://www.inaturalist.org/observations/196609162,4512377293,Avicennia germinans,Avicennia germinans (L.) L.,Acanthaceae,Avicennia,SPECIES,HUMAN_OBSERVATION,2023-12-31T09:43,2023,-71.650072,19.871989,1907,50c9509d-22c7-4a22-a47d-8c48425ef4a7,iNaturalist,Observations,15,01,MONTE CRISTI,041501,874c8830effffff
https://www.inaturalist.org/observations/196609164,4512317922,Stenocereus heptagonus,Stenocereus heptagonus (L.) Mottram,Cactaceae,Stenocereus,SPECIES,HUMAN_OBSERVATION,2023-12-31T09:43,2023,-71.650072,19.871989,1907,50c9509d-22c7-4a22-a47d-8c48425ef4a7,iNaturalist,Observations,15,01,MONTE CRISTI,041501,874c8830effffff
https://www.inaturalist.org/observations/20287539,2005317520,Borrichia arborescens,Borrichia arborescens (L.) DC.,Asteraceae,Borrichia,SPECIES,HUMAN_OBSERVATION,2015-03-17T05:19,2015,-71.657116,19.894417,244,50c9509d-22c7-4a22-a47d-8c48425ef4a7,iNaturalist,Observations,15,01,MONTE CRISTI,041501,874c88300ffffff
https://www.inaturalist.org/observations/207598196,4852033377,Erythrostemon glandulosus,Erythrostemon glandulosus (Bertero ex DC.) Gagnon & G.P.Lewis,Fabaceae,Erythrostemon,SPECIES,HUMAN_OBSERVATION,2024-04-16T12:24:13,2024,-71.65643,19.892258000000002,3,50c9509d-22c7-4a22-a47d-8c48425ef4a7,iNaturalist,Observations,15,01,MONTE CRISTI,041501,874c88300ffffff
https://www.inaturalist.org/observations/207598332,6184869917,Lantana leonardorum,Lantana leonardorum Moldenke,Verbenaceae,Lantana,SPECIES,HUMAN_OBSERVATION,2024-04-16T12:24:48,2024,-71.656512,19.892221,3,50c9509d-22c7-4a22-a47d-8c48425ef4a7,iNaturalist,Observations,15,01,MONTE CRISTI,041501,874c88300ffffff
https://www.inaturalist.org/observations/207599283,5062658698,Mesechites repens,Mesechites repens (Jacq.) Miers,Apocynaceae,Mesechites,SPECIES,HUMAN_OBSERVATION,2024-04-16T12:29:29,2024,-71.657394,19.892197,3,50c9509d-22c7-4a22-a47d-8c48425ef4a7,iNaturalist,Observations,15,01,MONTE CRISTI,041501,874c88300ffffff
https://www.inaturalist.org/observations/207602487,4851740254,Turnera diffusa,Turnera diffusa Willd. ex Schult.,Passifloraceae,Turnera,SPECIES,HUMAN_OBSERVATION,2024-04-16T12:46:50,2024,-71.658461,19.891764,3,50c9509d-22c7-4a22-a47d-8c48425ef4a7,iNaturalist,Observations,15,01,MONTE CRISTI,041501,874c88300ffffff
https://www.inaturalist.org/observations/21295055,2269207679,Stenocereus heptagonus,Stenocereus heptagonus (L.) Mottram,Cactaceae,Stenocereus,SPECIES,HUMAN_OBSERVATION,2018-01-29T15:25,2018,-71.654698,19.81681,50,50c9509d-22c7-4a22-a47d-8c48425ef4a7,iNaturalist,Observations,15,01,MONTE CRISTI,041501,874c88220ffffff
https://www.inaturalist.org/observations/21295058,2963827319,Tillandsia flexuosa,Tillandsia flexuosa Sw.,Bromeliaceae,Tillandsia,SPECIES,HUMAN_OBSERVATION,2018-01-29T15:18,2018,-71.654698,19.81681,50,50c9509d-22c7-4a22-a47d-8c48425ef4a7,iNaturalist,Observations,15,01,MONTE CRISTI,041501,874c88220ffffff
https://www.inaturalist.org/observations/21295063,2269207672,Stenocereus heptagonus,Stenocereus heptagonus (L.) Mottram,Cactaceae,Stenocereus,SPECIES,HUMAN_OBSERVATION,2018-01-29T15:03,2018,-71.654698,19.81681,50,50c9509d-22c7-4a22-a47d-8c48425ef4a7,iNaturalist,Observations,15,01,MONTE CRISTI,041501,874c88220ffffff
https://www.inaturalist.org/observations/21295676,4405251311,Stenocereus heptagonus,Stenocereus heptagonus (L.) Mottram,Cactaceae,Stenocereus,SPECIES,HUMAN_OBSERVATION,2018-01-29T14:49,2018,-71.654698,19.81681,50,50c9509d-22c7-4a22-a47d-8c48425ef4a7,iNaturalist,Observations,15,01,MONTE CRISTI,041501,874c88220ffffff
https://www.inaturalist.org/observations/227401114,6130461128,Croton flavens,Croton flavens var. pallidus Müll.Arg.,Euphorbiaceae,Croton,VARIETY,HUMAN_OBSERVATION,2024-07-05T08:34:30,2024,-71.656507,19.89267,4,50c9509d-22c7-4a22-a47d-8c48425ef4a7,iNaturalist,Observations,15,01,MONTE CRISTI,041501,874c88300ffffff
https://www.inaturalist.org/observations/227401148,6129886834,Croton discolor,Croton discolor Willd.,Euphorbiaceae,Croton,SPECIES,HUMAN_OBSERVATION,2024-07-05T08:36:42,2024,-71.656255,19.892578,5,50c9509d-22c7-4a22-a47d-8c48425ef4a7,iNaturalist,Observations,15,01,MONTE CRISTI,041501,874c88300ffffff
https://www.inaturalist.org/observations/227401390,4909083032,Pictetia sulcata,Pictetia sulcata (P.Beauv.) Beyra & Lavin,Fabaceae,Pictetia,SPECIES,HUMAN_OBSERVATION,2024-07-05T08:45:52,2024,-71.655067,19.892622,4,50c9509d-22c7-4a22-a47d-8c48425ef4a7,iNaturalist,Observations,15,01,MONTE CRISTI,041501,874c88300ffffff
https://www.inaturalist.org/observations/227401404,4908559585,Turnera diffusa,Turnera diffusa Willd. ex Schult.,Passifloraceae,Turnera,SPECIES,HUMAN_OBSERVATION,2024-07-05T08:46:18,2024,-71.654963,19.89271,5,50c9509d-22c7-4a22-a47d-8c48425ef4a7,iNaturalist,Observations,15,01,MONTE CRISTI,041501,874c88300ffffff
https://www.inaturalist.org/observations/227401550,5104297523,Brya buxifolia,Brya buxifolia (Murray) Urb.,Fabaceae,Brya,SPECIES,HUMAN_OBSERVATION,2024-07-05T08:58:27,2024,-71.653862,19.893303,4,50c9509d-22c7-4a22-a47d-8c48425ef4a7,iNaturalist,Observations,15,01,MONTE CRISTI,041501,874c88300ffffff
https://www.inaturalist.org/observations/227401654,4923976736,Metopium toxiferum,Metopium toxiferum (L.) Krug & Urb.,Anacardiaceae,Metopium,SPECIES,HUMAN_OBSERVATION,2024-07-05T09:12:48,2024,-71.652947,19.893587,6,50c9509d-22c7-4a22-a47d-8c48425ef4a7,iNaturalist,Observations,15,01,MONTE CRISTI,041501,874c88300ffffff
https://www.inaturalist.org/observations/227401688,4908588872,Coccothrinax argentata,Coccothrinax argentata (Jacq.) L.H.Bailey,Arecaceae,Coccothrinax,SPECIES,HUMAN_OBSERVATION,2024-07-05T09:15:12,2024,-71.653105,19.89349,3,50c9509d-22c7-4a22-a47d-8c48425ef4a7,iNaturalist,Observations,15,01,MONTE CRISTI,041501,874c88300ffffff
https://www.inaturalist.org/observations/227401776,4909294778,Chromolaena sinuata,Chromolaena sinuata (Lam.) R.M.King & H.Rob.,Asteraceae,Chromolaena,SPECIES,HUMAN_OBSERVATION,2024-07-05T09:16:08,2024,-71.653052,19.893527,5,50c9509d-22c7-4a22-a47d-8c48425ef4a7,iNaturalist,Observations,15,01,MONTE CRISTI,041501,874c88300ffffff
https://www.inaturalist.org/observations/227401839,4923848584,Metopium toxiferum,Metopium toxiferum (L.) Krug & Urb.,Anacardiaceae,Metopium,SPECIES,HUMAN_OBSERVATION,2024-07-05T09:20:21,2024,-71.653168,19.893563,6,50c9509d-22c7-4a22-a47d-8c48425ef4a7,iNaturalist,Observations,15,01,MONTE CRISTI,041501,874c88300ffffff
https://www.inaturalist.org/observations/227401927,4909294779,Coccothrinax argentata,Coccothrinax argentata (Jacq.) L.H.Bailey,Arecaceae,Coccothrinax,SPECIES,HUMAN_OBSERVATION,2024-07-05T09:26:26,2024,-71.652865,19.89347,2,50c9509d-22c7-4a22-a47d-8c48425ef4a7,iNaturalist,Observations,15,01,MONTE CRISTI,041501,874c88300ffffff
https://www.inaturalist.org/observations/227402042,4923922431,Coccoloba krugii,Coccoloba krugii Lindau,Polygonaceae,Coccoloba,SPECIES,HUMAN_OBSERVATION,2024-07-05T09:32:25,2024,-71.65257,19.893508,3,50c9509d-22c7-4a22-a47d-8c48425ef4a7,iNaturalist,Observations,15,01,MONTE CRISTI,041501,874c88300ffffff
https://www.inaturalist.org/observations/227402129,4909155258,Stenostomum myrtifolium,Stenostomum myrtifolium Griseb.,Rubiaceae,Stenostomum,SPECIES,HUMAN_OBSERVATION,2024-07-05T09:36:05,2024,-71.652217,19.893398,4,50c9509d-22c7-4a22-a47d-8c48425ef4a7,iNaturalist,Observations,15,01,MONTE CRISTI,041501,874c88300ffffff
https://www.inaturalist.org/observations/227402163,4923809812,Guaiacum sanctum,Guaiacum sanctum L.,Zygophyllaceae,Guaiacum,SPECIES,HUMAN_OBSERVATION,2024-07-05T09:36:56,2024,-71.652202,19.893395,5,50c9509d-22c7-4a22-a47d-8c48425ef4a7,iNaturalist,Observations,15,01,MONTE CRISTI,041501,874c88300ffffff
https://www.inaturalist.org/observations/227402220,6130502836,Croton betulinus,Croton betulinus Vahl,Euphorbiaceae,Croton,SPECIES,HUMAN_OBSERVATION,2024-07-05T09:40:27,2024,-71.65214,19.89337,5,50c9509d-22c7-4a22-a47d-8c48425ef4a7,iNaturalist,Observations,15,01,MONTE CRISTI,041501,874c88300ffffff
https://www.inaturalist.org/observations/227402257,4935758872,Exostema caribaeum,Exostema caribaeum (Jacq.) Roem. & Schult.,Rubiaceae,Exostema,SPECIES,HUMAN_OBSERVATION,2024-07-05T09:42:14,2024,-71.652103,19.89335,4,50c9509d-22c7-4a22-a47d-8c48425ef4a7,iNaturalist,Observations,15,01,MONTE CRISTI,041501,874c88300ffffff
https://www.inaturalist.org/observations/227402275,4935632866,Exostema spinosum,Exostema spinosum (Vavass.) Krug & Urb.,Rubiaceae,Exostema,SPECIES,HUMAN_OBSERVATION,2024-07-05T09:43:16,2024,-71.652017,19.893368,5,50c9509d-22c7-4a22-a47d-8c48425ef4a7,iNaturalist,Observations,15,01,MONTE CRISTI,041501,874c88300ffffff
https://www.inaturalist.org/observations/227402612,6195477985,Scolosanthus acanthodes,Scolosanthus acanthodes (Spreng.) Urb.,Rubiaceae,Scolosanthus,SPECIES,HUMAN_OBSERVATION,2024-07-05T09:47:15,2024,-71.651855,19.89338,3,50c9509d-22c7-4a22-a47d-8c48425ef4a7,iNaturalist,Observations,15,01,MONTE CRISTI,041501,874c88300ffffff
https://www.inaturalist.org/observations/227402729,4937012673,Exostema caribaeum,Exostema caribaeum (Jacq.) Roem. & Schult.,Rubiaceae,Exostema,SPECIES,HUMAN_OBSERVATION,2024-07-05T09:50:05,2024,-71.651832,19.893353,3,50c9509d-22c7-4a22-a47d-8c48425ef4a7,iNaturalist,Observations,15,01,MONTE CRISTI,041501,874c88300ffffff
https://www.inaturalist.org/observations/227402901,6130907405,Croton flavens,Croton flavens var. pallidus Müll.Arg.,Euphorbiaceae,Croton,VARIETY,HUMAN_OBSERVATION,2024-07-05T09:57:44,2024,-71.651488,19.89355,3,50c9509d-22c7-4a22-a47d-8c48425ef4a7,iNaturalist,Observations,15,01,MONTE CRISTI,041501,874c88300ffffff
https://www.inaturalist.org/observations/227403127,6130398092,Mosiera urbaniana,Mosiera urbaniana Borhidi,Myrtaceae,Mosiera,SPECIES,HUMAN_OBSERVATION,2024-07-05T10:11:41,2024,-71.652558,19.89344,3,50c9509d-22c7-4a22-a47d-8c48425ef4a7,iNaturalist,Observations,15,01,MONTE CRISTI,041501,874c88300ffffff
https://www.inaturalist.org/observations/227403180,4907981433,Pictetia sulcata,Pictetia sulcata (P.Beauv.) Beyra & Lavin,Fabaceae,Pictetia,SPECIES,HUMAN_OBSERVATION,2024-07-05T10:16:05,2024,-71.652918,19.893425,3,50c9509d-22c7-4a22-a47d-8c48425ef4a7,iNaturalist,Observations,15,01,MONTE CRISTI,041501,874c88300ffffff
https://www.inaturalist.org/observations/227403188,4921605942,Crossopetalum rhacoma,Crossopetalum rhacoma Crantz,Celastraceae,Crossopetalum,SPECIES,HUMAN_OBSERVATION,2024-07-05T10:16:46,2024,-71.652985,19.893483,4,50c9509d-22c7-4a22-a47d-8c48425ef4a7,iNaturalist,Observations,15,01,MONTE CRISTI,041501,874c88300ffffff
https://www.inaturalist.org/observations/227403246,5062777750,Ambrosia velutina,Ambrosia velutina O.E.Schulz,Asteraceae,Ambrosia,SPECIES,HUMAN_OBSERVATION,2024-07-05T10:33:22,2024,-71.653842,19.893272,3,50c9509d-22c7-4a22-a47d-8c48425ef4a7,iNaturalist,Observations,15,01,MONTE CRISTI,041501,874c88300ffffff
https://www.inaturalist.org/observations/227403292,4909219400,Bursera simaruba,Bursera simaruba (L.) Sarg.,Burseraceae,Bursera,SPECIES,HUMAN_OBSERVATION,2024-07-05T10:37:53,2024,-71.654158,19.893118,3,50c9509d-22c7-4a22-a47d-8c48425ef4a7,iNaturalist,Observations,15,01,MONTE CRISTI,041501,874c88300ffffff
https://www.inaturalist.org/observations/227403347,4908571142,Erythrostemon glandulosus,Erythrostemon glandulosus (Bertero ex DC.) Gagnon & G.P.Lewis,Fabaceae,Erythrostemon,SPECIES,HUMAN_OBSERVATION,2024-07-05T10:51:46,2024,-71.656195,19.89253,3,50c9509d-22c7-4a22-a47d-8c48425ef4a7,iNaturalist,Observations,15,01,MONTE CRISTI,041501,874c88300ffffff
https://www.inaturalist.org/observations/227403478,4924178842,Metopium toxiferum,Metopium toxiferum (L.) Krug & Urb.,Anacardiaceae,Metopium,SPECIES,HUMAN_OBSERVATION,2024-07-05T11:42:33,2024,-71.65732,19.893347,3,50c9509d-22c7-4a22-a47d-8c48425ef4a7,iNaturalist,Observations,15,01,MONTE CRISTI,041501,874c88300ffffff
https://www.inaturalist.org/observations/227404053,4908438837,Schaefferia ephedroides,Schaefferia ephedroides Urb.,Celastraceae,Schaefferia,SPECIES,HUMAN_OBSERVATION,2024-07-05T12:47:22,2024,-71.554615,19.882338,3,50c9509d-22c7-4a22-a47d-8c48425ef4a7,iNaturalist,Observations,15,01,MONTE CRISTI,041501,874c88adbffffff
https://www.inaturalist.org/observations/227405271,4908294823,Schaefferia ephedroides,Schaefferia ephedroides Urb.,Celastraceae,Schaefferia,SPECIES,HUMAN_OBSERVATION,2024-07-05T12:50:19,2024,-71.554693,19.882407,4,50c9509d-22c7-4a22-a47d-8c48425ef4a7,iNaturalist,Observations,15,01,MONTE CRISTI,041501,874c88adbffffff
https://www.inaturalist.org/observations/227405292,4908314278,Cylindropuntia caribaea,Cylindropuntia caribaea (Britton & Rose) F.M.Knuth,Cactaceae,Cylindropuntia,SPECIES,HUMAN_OBSERVATION,2024-07-05T12:51:36,2024,-71.554805,19.88235,8,50c9509d-22c7-4a22-a47d-8c48425ef4a7,iNaturalist,Observations,15,01,MONTE CRISTI,041501,874c88adbffffff
https://www.inaturalist.org/observations/227405355,4982053352,Leptocereus septentrionalis,Leptocereus septentrionalis Hoxey & Gdaniec,Cactaceae,Leptocereus,SPECIES,HUMAN_OBSERVATION,2024-07-05T12:52:54,2024,-71.554827,19.88245,4,50c9509d-22c7-4a22-a47d-8c48425ef4a7,iNaturalist,Observations,15,01,MONTE CRISTI,041501,874c88adbffffff
https://www.inaturalist.org/observations/227405404,4908387007,Consolea moniliformis,Consolea moniliformis (L.) A.Berger,Cactaceae,Consolea,SPECIES,HUMAN_OBSERVATION,2024-07-05T12:56:51,2024,-71.554635,19.882425,4,50c9509d-22c7-4a22-a47d-8c48425ef4a7,iNaturalist,Observations,15,01,MONTE CRISTI,041501,874c88adbffffff
https://www.inaturalist.org/observations/227405468,4980747005,Catesbaea glabra,Catesbaea glabra Urb.,Rubiaceae,Catesbaea,SPECIES,HUMAN_OBSERVATION,2024-07-05T13:01:18,2024,-71.55482,19.882487,3,50c9509d-22c7-4a22-a47d-8c48425ef4a7,iNaturalist,Observations,15,01,MONTE CRISTI,041501,874c88adbffffff
https://www.inaturalist.org/observations/227405530,4909146482,Tillandsia recurvata,Tillandsia recurvata (L.) L.,Bromeliaceae,Tillandsia,SPECIES,HUMAN_OBSERVATION,2024-07-05T13:04:44,2024,-71.554862,19.88242,8,50c9509d-22c7-4a22-a47d-8c48425ef4a7,iNaturalist,Observations,15,01,MONTE CRISTI,041501,874c88adbffffff
https://www.inaturalist.org/observations/227405657,4910884271,Schaefferia ephedroides,Schaefferia ephedroides Urb.,Celastraceae,Schaefferia,SPECIES,HUMAN_OBSERVATION,2024-07-05T13:16:06,2024,-71.553187,19.883627,3,50c9509d-22c7-4a22-a47d-8c48425ef4a7,iNaturalist,Observations,15,01,MONTE CRISTI,041501,874c88adbffffff
https://www.inaturalist.org/observations/227410428,4908523629,Schaefferia ephedroides,Schaefferia ephedroides Urb.,Celastraceae,Schaefferia,SPECIES,HUMAN_OBSERVATION,2024-07-05T13:16:44,2024,-71.553112,19.883788,7,50c9509d-22c7-4a22-a47d-8c48425ef4a7,iNaturalist,Observations,15,01,MONTE CRISTI,041501,874c88adbffffff
https://www.inaturalist.org/observations/227410461,4908125156,Consolea moniliformis,Consolea moniliformis (L.) A.Berger,Cactaceae,Consolea,SPECIES,HUMAN_OBSERVATION,2024-07-05T13:18:11,2024,-71.552962,19.884225,8,50c9509d-22c7-4a22-a47d-8c48425ef4a7,iNaturalist,Observations,15,01,MONTE CRISTI,041501,874c88adbffffff
https://www.inaturalist.org/observations/227410574,4908387031,Pilosocereus polygonus,Pilosocereus polygonus (Lam.) Byles & G.D.Rowley,Cactaceae,Pilosocereus,SPECIES,HUMAN_OBSERVATION,2024-07-05T13:25:41,2024,-71.553065,19.88489,4,50c9509d-22c7-4a22-a47d-8c48425ef4a7,iNaturalist,Observations,15,01,MONTE CRISTI,041501,874c88adbffffff
https://www.inaturalist.org/observations/227410724,4908528026,Coccothrinax spissa,Coccothrinax spissa L.H.Bailey,Arecaceae,Coccothrinax,SPECIES,HUMAN_OBSERVATION,2024-07-05T13:29:03,2024,-71.5532,19.884775,4,50c9509d-22c7-4a22-a47d-8c48425ef4a7,iNaturalist,Observations,15,01,MONTE CRISTI,041501,874c88adbffffff
https://www.inaturalist.org/observations/227410805,4909273198,Stenocereus heptagonus,Stenocereus heptagonus (L.) Mottram,Cactaceae,Stenocereus,SPECIES,HUMAN_OBSERVATION,2024-07-05T13:31:09,2024,-71.553357,19.884712,5,50c9509d-22c7-4a22-a47d-8c48425ef4a7,iNaturalist,Observations,15,01,MONTE CRISTI,041501,874c88adbffffff
https://www.inaturalist.org/observations/227410975,4908713649,Coccoloba uvifera,Coccoloba uvifera (L.) L.,Polygonaceae,Coccoloba,SPECIES,HUMAN_OBSERVATION,2024-07-05T13:57,2024,-71.522885,19.908007,10,50c9509d-22c7-4a22-a47d-8c48425ef4a7,iNaturalist,Observations,15,01,MONTE CRISTI,041501,874c88aceffffff
https://www.inaturalist.org/observations/227411039,4908029426,Bontia daphnoides,Bontia daphnoides L.,Scrophulariaceae,Bontia,SPECIES,HUMAN_OBSERVATION,2024-07-05T14:00:30,2024,-71.525008,19.90811,8,50c9509d-22c7-4a22-a47d-8c48425ef4a7,iNaturalist,Observations,15,01,MONTE CRISTI,041501,874c88addffffff
https://www.inaturalist.org/observations/227411115,4926174102,Hibiscus phoeniceus,Hibiscus phoeniceus Jacq.,Malvaceae,Hibiscus,SPECIES,HUMAN_OBSERVATION,2024-07-05T14:05:31,2024,-71.52845,19.908562,2,50c9509d-22c7-4a22-a47d-8c48425ef4a7,iNaturalist,Observations,15,01,MONTE CRISTI,041501,874c88addffffff
https://www.inaturalist.org/observations/227411258,4908206789,Opuntia taylorii,Opuntia repens subsp. taylorii (Britton & Rose) Guiggi,Cactaceae,Opuntia,SUBSPECIES,HUMAN_OBSERVATION,2024-07-05T14:11:07,2024,-71.528708,19.908517,7,50c9509d-22c7-4a22-a47d-8c48425ef4a7,iNaturalist,Observations,15,01,MONTE CRISTI,041501,874c88addffffff
https://www.inaturalist.org/observations/227411381,4908755942,Stenocereus heptagonus,Stenocereus heptagonus (L.) Mottram,Cactaceae,Stenocereus,SPECIES,HUMAN_OBSERVATION,2024-07-05T14:17:42,2024,-71.530463,19.907515,8,50c9509d-22c7-4a22-a47d-8c48425ef4a7,iNaturalist,Observations,15,01,MONTE CRISTI,041501,874c88addffffff
https://www.inaturalist.org/observations/227411538,5230056495,Quadrella ferruginea,Morisonia ferruginea (L.) Christenh. & Byng,Capparaceae,Quadrella,SPECIES,HUMAN_OBSERVATION,2024-07-05T14:19:56,2024,-71.53039,19.908538,7,50c9509d-22c7-4a22-a47d-8c48425ef4a7,iNaturalist,Observations,15,01,MONTE CRISTI,041501,874c88addffffff
https://www.inaturalist.org/observations/228288517,4909323074,Borrichia arborescens,Borrichia arborescens (L.) DC.,Asteraceae,Borrichia,SPECIES,HUMAN_OBSERVATION,2024-07-05T08:34:30,2024,-71.656507,19.89267,50,50c9509d-22c7-4a22-a47d-8c48425ef4a7,iNaturalist,Observations,15,01,MONTE CRISTI,041501,874c88300ffffff
https://www.inaturalist.org/observations/232557980,5104303630,Coccothrinax argentata,Coccothrinax argentata (Jacq.) L.H.Bailey,Arecaceae,Coccothrinax,SPECIES,HUMAN_OBSERVATION,2024-07-05T09:56:33,2024,-71.653177,19.893495,NA,50c9509d-22c7-4a22-a47d-8c48425ef4a7,iNaturalist,Observations,15,01,MONTE CRISTI,041501,874c88300ffffff
https://www.inaturalist.org/observations/244052708,6130748869,Mosiera urbaniana,Mosiera urbaniana Borhidi,Myrtaceae,Mosiera,SPECIES,HUMAN_OBSERVATION,2024-09-25T08:32:35,2024,-71.65258,19.893476,4,50c9509d-22c7-4a22-a47d-8c48425ef4a7,iNaturalist,Observations,15,01,MONTE CRISTI,041501,874c88300ffffff
https://www.inaturalist.org/observations/244053158,6130798349,Croton flavens,Croton flavens var. pallidus Müll.Arg.,Euphorbiaceae,Croton,VARIETY,HUMAN_OBSERVATION,2024-09-25T09:02:40,2024,-71.651146,19.893776,4,50c9509d-22c7-4a22-a47d-8c48425ef4a7,iNaturalist,Observations,15,01,MONTE CRISTI,041501,874c88300ffffff
https://www.inaturalist.org/observations/244053326,4949945025,Croton betulinus,Croton betulinus Vahl,Euphorbiaceae,Croton,SPECIES,HUMAN_OBSERVATION,2024-09-25T09:14:41,2024,-71.651862,19.893326,8,50c9509d-22c7-4a22-a47d-8c48425ef4a7,iNaturalist,Observations,15,01,MONTE CRISTI,041501,874c88300ffffff
https://www.inaturalist.org/observations/244053390,5216360514,Anastraphia oligantha,Anastraphia oligantha Urb.,Asteraceae,Anastraphia,SPECIES,HUMAN_OBSERVATION,2024-09-25T09:17:24,2024,-71.65141,19.893548,5,50c9509d-22c7-4a22-a47d-8c48425ef4a7,iNaturalist,Observations,15,01,MONTE CRISTI,041501,874c88300ffffff
https://www.inaturalist.org/observations/244053842,6131142055,Mosiera urbaniana,Mosiera urbaniana Borhidi,Myrtaceae,Mosiera,SPECIES,HUMAN_OBSERVATION,2024-09-25T09:44:26,2024,-71.647727,19.894317,5,50c9509d-22c7-4a22-a47d-8c48425ef4a7,iNaturalist,Observations,15,01,MONTE CRISTI,041501,874c88305ffffff
https://www.inaturalist.org/observations/244054099,4950306102,Myrcianthes fragrans,Myrcianthes fragrans (Sw.) McVaugh,Myrtaceae,Myrcianthes,SPECIES,HUMAN_OBSERVATION,2024-09-25T09:57:02,2024,-71.646756,19.893787,5,50c9509d-22c7-4a22-a47d-8c48425ef4a7,iNaturalist,Observations,15,01,MONTE CRISTI,041501,874c88301ffffff
https://www.inaturalist.org/observations/244054590,4954238883,Azadirachta indica,Azadirachta indica A.Juss.,Meliaceae,Azadirachta,SPECIES,HUMAN_OBSERVATION,2024-09-25T10:16:58,2024,-71.645439,19.893777,7,50c9509d-22c7-4a22-a47d-8c48425ef4a7,iNaturalist,Observations,15,01,MONTE CRISTI,041501,874c88305ffffff
https://www.inaturalist.org/observations/244054665,6130632948,Croton betulinus,Croton betulinus Vahl,Euphorbiaceae,Croton,SPECIES,HUMAN_OBSERVATION,2024-09-25T10:19,2024,-71.645848,19.894038,4,50c9509d-22c7-4a22-a47d-8c48425ef4a7,iNaturalist,Observations,15,01,MONTE CRISTI,041501,874c88305ffffff
https://www.inaturalist.org/observations/244054891,6129996200,Coccothrinax argentata,Coccothrinax argentata (Jacq.) L.H.Bailey,Arecaceae,Coccothrinax,SPECIES,HUMAN_OBSERVATION,2024-09-25T10:34:50,2024,-71.649695,19.894745,8,50c9509d-22c7-4a22-a47d-8c48425ef4a7,iNaturalist,Observations,15,01,MONTE CRISTI,041501,874c88305ffffff
https://www.inaturalist.org/observations/244056105,4950588422,Tillandsia recurvata,Tillandsia recurvata (L.) L.,Bromeliaceae,Tillandsia,SPECIES,HUMAN_OBSERVATION,2024-09-25T10:46:05,2024,-71.651069,19.893859,4,50c9509d-22c7-4a22-a47d-8c48425ef4a7,iNaturalist,Observations,15,01,MONTE CRISTI,041501,874c88300ffffff
https://www.inaturalist.org/observations/244056170,6413860386,Heliotropium curassavicum,Heliotropium curassavicum L.,Heliotropiaceae,Heliotropium,SPECIES,HUMAN_OBSERVATION,2024-09-25T11:55:54,2024,-71.657921,19.89392,4,50c9509d-22c7-4a22-a47d-8c48425ef4a7,iNaturalist,Observations,15,01,MONTE CRISTI,041501,874c88300ffffff
https://www.inaturalist.org/observations/244056212,4950611439,Conocarpus erectus,Conocarpus erectus L.,Combretaceae,Conocarpus,SPECIES,HUMAN_OBSERVATION,2024-09-25T12:01:43,2024,-71.659246,19.894262,6,50c9509d-22c7-4a22-a47d-8c48425ef4a7,iNaturalist,Observations,15,01,MONTE CRISTI,041501,874c88300ffffff
https://www.inaturalist.org/observations/244056377,4952614932,Plumeria obtusa,Plumeria obtusa L.,Apocynaceae,Plumeria,SPECIES,HUMAN_OBSERVATION,2024-09-25T12:14:13,2024,-71.656201,19.894248,3,50c9509d-22c7-4a22-a47d-8c48425ef4a7,iNaturalist,Observations,15,01,MONTE CRISTI,041501,874c88300ffffff
https://www.inaturalist.org/observations/244056419,6130676640,Coccothrinax argentata,Coccothrinax argentata (Jacq.) L.H.Bailey,Arecaceae,Coccothrinax,SPECIES,HUMAN_OBSERVATION,2024-09-25T12:15:48,2024,-71.65615,19.894115,5,50c9509d-22c7-4a22-a47d-8c48425ef4a7,iNaturalist,Observations,15,01,MONTE CRISTI,041501,874c88300ffffff
https://www.inaturalist.org/observations/244056479,6129954705,Croton discolor,Croton discolor Willd.,Euphorbiaceae,Croton,SPECIES,HUMAN_OBSERVATION,2024-09-25T12:19:55,2024,-71.656144,19.894158,9,50c9509d-22c7-4a22-a47d-8c48425ef4a7,iNaturalist,Observations,15,01,MONTE CRISTI,041501,874c88300ffffff
https://www.inaturalist.org/observations/244062351,4950048867,Monteverdia buxifolia,Maytenus buxifolia (A.Rich.) Triana & Planch.,Celastraceae,Monteverdia,SPECIES,HUMAN_OBSERVATION,2024-09-25T07:36:25,2024,-71.656478,19.892562,6,50c9509d-22c7-4a22-a47d-8c48425ef4a7,iNaturalist,Observations,15,01,MONTE CRISTI,041501,874c88300ffffff
https://www.inaturalist.org/observations/259383597,5063302189,Croton poitaei,Croton poitaei Urb.,Euphorbiaceae,Croton,SPECIES,HUMAN_OBSERVATION,2025-01-23T17:54:33,2025,-71.655663,19.887808,9,50c9509d-22c7-4a22-a47d-8c48425ef4a7,iNaturalist,Observations,15,01,MONTE CRISTI,041501,874c88301ffffff
https://www.inaturalist.org/observations/259383768,5063311205,Corchorus hirsutus,Corchorus hirsutus L.,Malvaceae,Corchorus,SPECIES,HUMAN_OBSERVATION,2025-01-23T17:54:50,2025,-71.655678,19.887858,5,50c9509d-22c7-4a22-a47d-8c48425ef4a7,iNaturalist,Observations,15,01,MONTE CRISTI,041501,874c88301ffffff
https://www.inaturalist.org/observations/259383877,5063365214,Melochia tomentosa,Melochia tomentosa L.,Malvaceae,Melochia,SPECIES,HUMAN_OBSERVATION,2025-01-23T17:55:08,2025,-71.65567,19.887808,2,50c9509d-22c7-4a22-a47d-8c48425ef4a7,iNaturalist,Observations,15,01,MONTE CRISTI,041501,874c88301ffffff
https://www.inaturalist.org/observations/259383947,6179543638,Ambrosia hispida,Ambrosia hispida Pursh,Asteraceae,Ambrosia,SPECIES,HUMAN_OBSERVATION,2025-01-23T17:55:43,2025,-71.65567,19.887787,7,50c9509d-22c7-4a22-a47d-8c48425ef4a7,iNaturalist,Observations,15,01,MONTE CRISTI,041501,874c88301ffffff
https://www.inaturalist.org/observations/259426489,5063419313,Sesuvium portulacastrum,Sesuvium portulacastrum (L.) L.,Aizoaceae,Sesuvium,SPECIES,HUMAN_OBSERVATION,2025-01-24T07:59:38,2025,-71.656487,19.857812,4,50c9509d-22c7-4a22-a47d-8c48425ef4a7,iNaturalist,Observations,15,01,MONTE CRISTI,041501,874c8831dffffff
https://www.inaturalist.org/observations/259440900,5063326260,Cucumis dipsaceus,Cucumis dipsaceus Ehrenb. ex Spach,Cucurbitaceae,Cucumis,SPECIES,HUMAN_OBSERVATION,2025-01-24T10:45:19,2025,-71.651117,19.847367,13,50c9509d-22c7-4a22-a47d-8c48425ef4a7,iNaturalist,Observations,15,01,MONTE CRISTI,041501,874c8830affffff
https://www.inaturalist.org/observations/259441983,5063393606,Heliotropium curassavicum,Heliotropium curassavicum L.,Heliotropiaceae,Heliotropium,SPECIES,HUMAN_OBSERVATION,2025-01-24T10:07:58,2025,-71.65705,19.885958,6,50c9509d-22c7-4a22-a47d-8c48425ef4a7,iNaturalist,Observations,15,01,MONTE CRISTI,041501,874c88303ffffff
https://www.inaturalist.org/observations/259531970,5063395973,Sesuvium portulacastrum,Sesuvium portulacastrum (L.) L.,Aizoaceae,Sesuvium,SPECIES,HUMAN_OBSERVATION,2025-01-25T09:10:27,2025,-71.66852,19.886513,7,50c9509d-22c7-4a22-a47d-8c48425ef4a7,iNaturalist,Observations,15,01,MONTE CRISTI,041501,874c88303ffffff
https://www.inaturalist.org/observations/259532098,5063372791,Dactyloctenium aegyptium,Dactyloctenium aegyptium (L.) Willd.,Poaceae,Dactyloctenium,SPECIES,HUMAN_OBSERVATION,2025-01-25T08:40:19,2025,-71.6679,19.886217,26,50c9509d-22c7-4a22-a47d-8c48425ef4a7,iNaturalist,Observations,15,01,MONTE CRISTI,041501,874c88303ffffff
https://www.inaturalist.org/observations/259532251,6188635241,Launaea intybacea,Launaea intybacea (Jacq.) Beauverd,Asteraceae,Launaea,SPECIES,HUMAN_OBSERVATION,2025-01-25T09:30:22,2025,-71.668450000000007,19.886403,7,50c9509d-22c7-4a22-a47d-8c48425ef4a7,iNaturalist,Observations,15,01,MONTE CRISTI,041501,874c88303ffffff
https://www.inaturalist.org/observations/259532371,5063363029,Conocarpus erectus,Conocarpus erectus L.,Combretaceae,Conocarpus,SPECIES,HUMAN_OBSERVATION,2025-01-25T09:12:37,2025,-71.668533,19.886795,7,50c9509d-22c7-4a22-a47d-8c48425ef4a7,iNaturalist,Observations,15,01,MONTE CRISTI,041501,874c88303ffffff
https://www.inaturalist.org/observations/259532472,5063413166,Neltuma juliflora,Neltuma juliflora (Sw.) Raf.,Fabaceae,Neltuma,SPECIES,HUMAN_OBSERVATION,2025-01-25T09:07:25,2025,-71.668067,19.886167,11,50c9509d-22c7-4a22-a47d-8c48425ef4a7,iNaturalist,Observations,15,01,MONTE CRISTI,041501,874c88303ffffff
https://www.inaturalist.org/observations/259532854,5063372792,Tephrosia cinerea,Tephrosia cinerea (L.) Pers.,Fabaceae,Tephrosia,SPECIES,HUMAN_OBSERVATION,2025-01-25T08:40:53,2025,-71.667862,19.886112,5,50c9509d-22c7-4a22-a47d-8c48425ef4a7,iNaturalist,Observations,15,01,MONTE CRISTI,041501,874c88303ffffff
https://www.inaturalist.org/observations/259533971,5063415720,Rhizophora mangle,Rhizophora mangle L.,Rhizophoraceae,Rhizophora,SPECIES,HUMAN_OBSERVATION,2025-01-25T07:39:36,2025,-71.65403,19.865458,5,50c9509d-22c7-4a22-a47d-8c48425ef4a7,iNaturalist,Observations,15,01,MONTE CRISTI,041501,874c8830effffff
https://www.inaturalist.org/observations/259571282,5063396228,Leucaena leucocephala,Leucaena leucocephala (Lam.) de Wit,Fabaceae,Leucaena,SPECIES,HUMAN_OBSERVATION,2025-01-25T12:41:02,2025,-71.636637,19.83757,14,50c9509d-22c7-4a22-a47d-8c48425ef4a7,iNaturalist,Observations,15,01,MONTE CRISTI,041501,874c8830bffffff
https://www.inaturalist.org/observations/259574566,5063385178,Argemone mexicana,Argemone mexicana L.,Papaveraceae,Argemone,SPECIES,HUMAN_OBSERVATION,2025-01-25T12:44:10,2025,-71.637938,19.837328,14,50c9509d-22c7-4a22-a47d-8c48425ef4a7,iNaturalist,Observations,15,01,MONTE CRISTI,041501,874c8830bffffff
https://www.inaturalist.org/observations/259600671,5063419266,Avicennia germinans,Avicennia germinans (L.) L.,Acanthaceae,Avicennia,SPECIES,HUMAN_OBSERVATION,2025-01-25T12:00:21,2025,-71.653533,19.876512,4,50c9509d-22c7-4a22-a47d-8c48425ef4a7,iNaturalist,Observations,15,01,MONTE CRISTI,041501,874c88303ffffff
https://www.inaturalist.org/observations/260894108,5063907211,Stenostomum acutatum,Stenostomum acutatum DC.,Rubiaceae,Stenostomum,SPECIES,HUMAN_OBSERVATION,2025-02-07T09:02:38,2025,-71.653184,19.893583,3,50c9509d-22c7-4a22-a47d-8c48425ef4a7,iNaturalist,Observations,15,01,MONTE CRISTI,041501,874c88300ffffff
https://www.inaturalist.org/observations/260924162,5063955676,Coccoloba krugii,Coccoloba krugii Lindau,Polygonaceae,Coccoloba,SPECIES,HUMAN_OBSERVATION,2025-02-07T09:04:34,2025,-71.653449,19.893544,8,50c9509d-22c7-4a22-a47d-8c48425ef4a7,iNaturalist,Observations,15,01,MONTE CRISTI,041501,874c88300ffffff
https://www.inaturalist.org/observations/260948624,5063928972,Coccoloba krugii,Coccoloba krugii Lindau,Polygonaceae,Coccoloba,SPECIES,HUMAN_OBSERVATION,2025-02-07T09:09:03,2025,-71.654171,19.861133,NA,50c9509d-22c7-4a22-a47d-8c48425ef4a7,iNaturalist,Observations,15,01,MONTE CRISTI,041501,874c8830effffff
https://www.inaturalist.org/observations/260949216,5063924751,Coccoloba krugii,Coccoloba krugii Lindau,Polygonaceae,Coccoloba,SPECIES,HUMAN_OBSERVATION,2025-02-07T12:13,2025,-71.656997,19.892257,NA,50c9509d-22c7-4a22-a47d-8c48425ef4a7,iNaturalist,Observations,15,01,MONTE CRISTI,041501,874c88300ffffff
https://www.inaturalist.org/observations/260950183,5063994734,Metopium brownei,Metopium brownei (Jacq.) Urb.,Anacardiaceae,Metopium,SPECIES,HUMAN_OBSERVATION,2025-02-07T12:11:51,2025,-71.656898,19.892367,NA,50c9509d-22c7-4a22-a47d-8c48425ef4a7,iNaturalist,Observations,15,01,MONTE CRISTI,041501,874c88300ffffff
https://www.inaturalist.org/observations/260950325,5063980920,Brya buxifolia,Brya buxifolia (Murray) Urb.,Fabaceae,Brya,SPECIES,HUMAN_OBSERVATION,2025-02-07T12:08:52,2025,-71.656532,19.892176,NA,50c9509d-22c7-4a22-a47d-8c48425ef4a7,iNaturalist,Observations,15,01,MONTE CRISTI,041501,874c88300ffffff
https://www.inaturalist.org/observations/260950443,5063970072,Crossopetalum rhacoma,Crossopetalum rhacoma Crantz,Celastraceae,Crossopetalum,SPECIES,HUMAN_OBSERVATION,2025-02-07T12:08:34,2025,-71.656532,19.892176,NA,50c9509d-22c7-4a22-a47d-8c48425ef4a7,iNaturalist,Observations,15,01,MONTE CRISTI,041501,874c88300ffffff
https://www.inaturalist.org/observations/261009242,5064021308,Coccothrinax argentata,Coccothrinax argentata (Jacq.) L.H.Bailey,Arecaceae,Coccothrinax,SPECIES,HUMAN_OBSERVATION,2025-02-07T09:33:20,2025,-71.652679,19.893482,NA,50c9509d-22c7-4a22-a47d-8c48425ef4a7,iNaturalist,Observations,15,01,MONTE CRISTI,041501,874c88300ffffff
https://www.inaturalist.org/observations/261878300,5069960279,Rhizophora mangle,Rhizophora mangle L.,Rhizophoraceae,Rhizophora,SPECIES,HUMAN_OBSERVATION,2023-01-28T10:59:11,2023,-71.709625,19.701411,NA,50c9509d-22c7-4a22-a47d-8c48425ef4a7,iNaturalist,Observations,15,01,MONTE CRISTI,041501,874c882f5ffffff
https://www.inaturalist.org/observations/265833241,5154540627,Thespesia populnea,Thespesia populnea (L.) Sol. ex Corrêa,Malvaceae,Thespesia,SPECIES,HUMAN_OBSERVATION,2025-03-18T11:07:43,2025,-71.65422,19.866313,23,50c9509d-22c7-4a22-a47d-8c48425ef4a7,iNaturalist,Observations,15,01,MONTE CRISTI,041501,874c8830effffff
https://www.inaturalist.org/observations/265847561,5088215544,Rhizophora mangle,Rhizophora mangle L.,Rhizophoraceae,Rhizophora,SPECIES,HUMAN_OBSERVATION,2025-03-18T13:14:53,2025,-71.653802,19.866268,8,50c9509d-22c7-4a22-a47d-8c48425ef4a7,iNaturalist,Observations,15,01,MONTE CRISTI,041501,874c8830effffff
https://www.inaturalist.org/observations/265854845,6185812837,Conocarpus erectus,Conocarpus erectus L.,Combretaceae,Conocarpus,SPECIES,HUMAN_OBSERVATION,2025-03-18T14:25:24,2025,-71.654055,19.866329,32,50c9509d-22c7-4a22-a47d-8c48425ef4a7,iNaturalist,Observations,15,01,MONTE CRISTI,041501,874c8830effffff
https://www.inaturalist.org/observations/265874661,6130256401,Emilia fosbergii,Emilia fosbergii Nicolson,Asteraceae,Emilia,SPECIES,HUMAN_OBSERVATION,2025-03-18T13:19:33,2025,-71.653878,19.866434,8,50c9509d-22c7-4a22-a47d-8c48425ef4a7,iNaturalist,Observations,15,01,MONTE CRISTI,041501,874c8830effffff
https://www.inaturalist.org/observations/265877620,5088211781,Sesuvium portulacastrum,Sesuvium portulacastrum (L.) L.,Aizoaceae,Sesuvium,SPECIES,HUMAN_OBSERVATION,2025-03-18T17:34:34,2025,-71.654084,19.866286,43,50c9509d-22c7-4a22-a47d-8c48425ef4a7,iNaturalist,Observations,15,01,MONTE CRISTI,041501,874c8830effffff
https://www.inaturalist.org/observations/265877990,5104413639,Cocos nucifera,Cocos nucifera L.,Arecaceae,Cocos,SPECIES,HUMAN_OBSERVATION,2025-03-18T17:37:31,2025,-71.654024,19.866589,7,50c9509d-22c7-4a22-a47d-8c48425ef4a7,iNaturalist,Observations,15,01,MONTE CRISTI,041501,874c8830effffff
https://www.inaturalist.org/observations/265878172,5088078585,Mimosa pudica,Mimosa pudica L.,Fabaceae,Mimosa,SPECIES,HUMAN_OBSERVATION,2025-03-18T17:39:02,2025,-71.653715,19.866669,105,50c9509d-22c7-4a22-a47d-8c48425ef4a7,iNaturalist,Observations,15,01,MONTE CRISTI,041501,874c8830effffff
https://www.inaturalist.org/observations/265889666,5104347733,Rhizophora mangle,Rhizophora mangle L.,Rhizophoraceae,Rhizophora,SPECIES,HUMAN_OBSERVATION,2025-03-18T17:59:43,2025,-71.653963,19.867345,5,50c9509d-22c7-4a22-a47d-8c48425ef4a7,iNaturalist,Observations,15,01,MONTE CRISTI,041501,874c8830effffff
https://www.inaturalist.org/observations/265983780,5104377347,Neltuma juliflora,Neltuma juliflora (Sw.) Raf.,Fabaceae,Neltuma,SPECIES,HUMAN_OBSERVATION,2025-03-19T13:28:53,2025,-71.624483,19.838067,5,50c9509d-22c7-4a22-a47d-8c48425ef4a7,iNaturalist,Observations,15,01,MONTE CRISTI,041501,874c8830bffffff
https://www.inaturalist.org/observations/265983954,5104399343,Melochia tomentosa,Melochia tomentosa L.,Malvaceae,Melochia,SPECIES,HUMAN_OBSERVATION,2025-03-19T13:29:57,2025,-71.624562,19.838085,5,50c9509d-22c7-4a22-a47d-8c48425ef4a7,iNaturalist,Observations,15,01,MONTE CRISTI,041501,874c8830bffffff
https://www.inaturalist.org/observations/265984364,5104370253,Jatropha gossypiifolia,Jatropha gossypiifolia L.,Euphorbiaceae,Jatropha,SPECIES,HUMAN_OBSERVATION,2025-03-19T13:32:42,2025,-71.62447,19.838317,6,50c9509d-22c7-4a22-a47d-8c48425ef4a7,iNaturalist,Observations,15,01,MONTE CRISTI,041501,874c8830bffffff
https://www.inaturalist.org/observations/266117348,5104504203,Melochia tomentosa,Melochia tomentosa L.,Malvaceae,Melochia,SPECIES,HUMAN_OBSERVATION,2025-03-20T12:45:39,2025,-71.623977,19.83738,7,50c9509d-22c7-4a22-a47d-8c48425ef4a7,iNaturalist,Observations,15,01,MONTE CRISTI,041501,874c8830bffffff
https://www.inaturalist.org/observations/266117476,5104451154,Calotropis procera,Calotropis procera (Aiton) W.T.Aiton,Apocynaceae,Calotropis,SPECIES,HUMAN_OBSERVATION,2025-03-20T12:50:39,2025,-71.624147,19.837667,8,50c9509d-22c7-4a22-a47d-8c48425ef4a7,iNaturalist,Observations,15,01,MONTE CRISTI,041501,874c8830bffffff
https://www.inaturalist.org/observations/266159237,5104546472,Turnera diffusa,Turnera diffusa Willd. ex Schult.,Passifloraceae,Turnera,SPECIES,HUMAN_OBSERVATION,2025-03-20T18:40:36,2025,-71.622115,19.838295,6,50c9509d-22c7-4a22-a47d-8c48425ef4a7,iNaturalist,Observations,15,01,MONTE CRISTI,041501,874c8830bffffff
https://www.inaturalist.org/observations/266159269,5104513444,Tillandsia recurvata,Tillandsia recurvata (L.) L.,Bromeliaceae,Tillandsia,SPECIES,HUMAN_OBSERVATION,2025-03-20T18:39:36,2025,-71.622466,19.838178,8,50c9509d-22c7-4a22-a47d-8c48425ef4a7,iNaturalist,Observations,15,01,MONTE CRISTI,041501,874c8830bffffff
https://www.inaturalist.org/observations/266159394,5104449493,Stenocereus heptagonus,Stenocereus heptagonus (L.) Mottram,Cactaceae,Stenocereus,SPECIES,HUMAN_OBSERVATION,2025-03-20T18:39:08,2025,-71.625988,19.833797,2604,50c9509d-22c7-4a22-a47d-8c48425ef4a7,iNaturalist,Observations,15,01,MONTE CRISTI,041501,874c8830bffffff
https://www.inaturalist.org/observations/266225177,5104531851,Jatropha gossypiifolia,Jatropha gossypiifolia L.,Euphorbiaceae,Jatropha,SPECIES,HUMAN_OBSERVATION,2025-03-20T18:36:30,2025,-71.623216,19.8382,23,50c9509d-22c7-4a22-a47d-8c48425ef4a7,iNaturalist,Observations,15,01,MONTE CRISTI,041501,874c8830bffffff
https://www.inaturalist.org/observations/266246451,5104513979,Cyperus elegans,Cyperus elegans L.,Cyperaceae,Cyperus,SPECIES,HUMAN_OBSERVATION,2025-03-20T18:46:45,2025,-71.623377,19.838292,16,50c9509d-22c7-4a22-a47d-8c48425ef4a7,iNaturalist,Observations,15,01,MONTE CRISTI,041501,874c8830bffffff
https://www.inaturalist.org/observations/266246698,5104426997,Argemone mexicana,Argemone mexicana L.,Papaveraceae,Argemone,SPECIES,HUMAN_OBSERVATION,2025-03-20T18:47:25,2025,-71.623054,19.838357,14,50c9509d-22c7-4a22-a47d-8c48425ef4a7,iNaturalist,Observations,15,01,MONTE CRISTI,041501,874c8830bffffff
https://www.inaturalist.org/observations/266246833,5104519957,Turnera diffusa,Turnera diffusa Willd. ex Schult.,Passifloraceae,Turnera,SPECIES,HUMAN_OBSERVATION,2025-03-20T18:40:46,2025,-71.62308,19.838208,16,50c9509d-22c7-4a22-a47d-8c48425ef4a7,iNaturalist,Observations,15,01,MONTE CRISTI,041501,874c8830bffffff
https://www.inaturalist.org/observations/266303983,5293309120,Coccoloba uvifera,Coccoloba uvifera (L.) L.,Polygonaceae,Coccoloba,SPECIES,HUMAN_OBSERVATION,2025-03-21T16:17:31,2025,-71.657446,19.893018,4,50c9509d-22c7-4a22-a47d-8c48425ef4a7,iNaturalist,Observations,15,01,MONTE CRISTI,041501,874c88300ffffff
https://www.inaturalist.org/observations/266325490,6185657320,Borrichia arborescens,Borrichia arborescens (L.) DC.,Asteraceae,Borrichia,SPECIES,HUMAN_OBSERVATION,2025-03-21T16:28:19,2025,-71.658611,19.894244,NA,50c9509d-22c7-4a22-a47d-8c48425ef4a7,iNaturalist,Observations,15,01,MONTE CRISTI,041501,874c88300ffffff
https://www.inaturalist.org/observations/266693425,5104592708,Borrichia arborescens,Borrichia arborescens (L.) DC.,Asteraceae,Borrichia,SPECIES,HUMAN_OBSERVATION,2025-03-22T17:47:27,2025,-71.658531,19.893961,269,50c9509d-22c7-4a22-a47d-8c48425ef4a7,iNaturalist,Observations,15,01,MONTE CRISTI,041501,874c88300ffffff
https://www.inaturalist.org/observations/266693717,6130994666,Leptocereus septentrionalis,Leptocereus septentrionalis Hoxey & Gdaniec,Cactaceae,Leptocereus,SPECIES,HUMAN_OBSERVATION,2025-03-22T16:22:05,2025,-71.654695,19.893046,239,50c9509d-22c7-4a22-a47d-8c48425ef4a7,iNaturalist,Observations,15,01,MONTE CRISTI,041501,874c88300ffffff
https://www.inaturalist.org/observations/266693846,6273190554,Tillandsia recurvata,Tillandsia recurvata (L.) L.,Bromeliaceae,Tillandsia,SPECIES,HUMAN_OBSERVATION,2025-03-22T15:44:01,2025,-71.654811,19.893983,1901,50c9509d-22c7-4a22-a47d-8c48425ef4a7,iNaturalist,Observations,15,01,MONTE CRISTI,041501,874c88300ffffff
https://www.inaturalist.org/observations/266694815,5828240435,Tillandsia recurvata,Tillandsia recurvata (L.) L.,Bromeliaceae,Tillandsia,SPECIES,HUMAN_OBSERVATION,2025-03-22T15:59:49,2025,-71.656237,19.893176,78,50c9509d-22c7-4a22-a47d-8c48425ef4a7,iNaturalist,Observations,15,01,MONTE CRISTI,041501,874c88300ffffff
https://www.inaturalist.org/observations/272294797,5134816449,Coccoloba krugii,Coccoloba krugii Lindau,Polygonaceae,Coccoloba,SPECIES,HUMAN_OBSERVATION,2025-02-07T09:05,2025,-71.656751,19.89265,206,50c9509d-22c7-4a22-a47d-8c48425ef4a7,iNaturalist,Observations,15,01,MONTE CRISTI,041501,874c88300ffffff
https://www.inaturalist.org/observations/325375736,5892460230,Ficus religiosa,Ficus religiosa L.,Moraceae,Ficus,SPECIES,HUMAN_OBSERVATION,2025-11-07T15:06:01,2025,-71.64498,19.843726,NA,50c9509d-22c7-4a22-a47d-8c48425ef4a7,iNaturalist,Observations,15,01,MONTE CRISTI,041501,874c8830affffff
https://www.inaturalist.org/observations/337259145,6185187157,Lantana leonardorum,Lantana leonardorum Moldenke,Verbenaceae,Lantana,SPECIES,HUMAN_OBSERVATION,2026-02-03T17:06:57,2026,-71.658492,19.891422,14,50c9509d-22c7-4a22-a47d-8c48425ef4a7,iNaturalist,Observations,15,01,MONTE CRISTI,041501,874c88300ffffff
https://www.inaturalist.org/observations/337322613,6147480299,Melochia tomentosa,Melochia tomentosa L.,Malvaceae,Melochia,SPECIES,HUMAN_OBSERVATION,2026-02-03T16:19:46,2026,-71.65825,19.891022,7,50c9509d-22c7-4a22-a47d-8c48425ef4a7,iNaturalist,Observations,15,01,MONTE CRISTI,041501,874c88300ffffff
https://www.inaturalist.org/observations/337378113,6147355670,Sesuvium portulacastrum,Sesuvium portulacastrum (L.) L.,Aizoaceae,Sesuvium,SPECIES,HUMAN_OBSERVATION,2026-02-04T18:18:04,2026,-71.654062,19.874678,3,50c9509d-22c7-4a22-a47d-8c48425ef4a7,iNaturalist,Observations,15,01,MONTE CRISTI,041501,874c88303ffffff
https://www.inaturalist.org/observations/337378207,6195765169,Heterostachys ritteriana,Heterostachys ritteriana (Moq.) Ung.-Sternb.,Amaranthaceae,Heterostachys,SPECIES,HUMAN_OBSERVATION,2026-02-04T18:18:21,2026,-71.654067,19.874633,4,50c9509d-22c7-4a22-a47d-8c48425ef4a7,iNaturalist,Observations,15,01,MONTE CRISTI,041501,874c88303ffffff
https://www.inaturalist.org/observations/337655491,6178749557,Avicennia germinans,Avicennia germinans (L.) L.,Acanthaceae,Avicennia,SPECIES,HUMAN_OBSERVATION,2026-02-04T18:42:30,2026,-71.653795,19.874742,6,50c9509d-22c7-4a22-a47d-8c48425ef4a7,iNaturalist,Observations,15,01,MONTE CRISTI,041501,874c8830effffff
https://www.inaturalist.org/observations/339664550,6162902514,Echites umbellatus,Echites umbellatus Jacq.,Apocynaceae,Echites,SPECIES,HUMAN_OBSERVATION,2026-02-21T08:47:50,2026,-71.668854,19.885843,NA,50c9509d-22c7-4a22-a47d-8c48425ef4a7,iNaturalist,Observations,15,01,MONTE CRISTI,041501,874c88303ffffff
https://www.inaturalist.org/observations/339665078,6163353486,Turnera ulmifolia,Turnera ulmifolia L.,Passifloraceae,Turnera,SPECIES,HUMAN_OBSERVATION,2026-02-21T10:50:32,2026,-71.668739,19.88583,NA,50c9509d-22c7-4a22-a47d-8c48425ef4a7,iNaturalist,Observations,15,01,MONTE CRISTI,041501,874c88303ffffff
https://www.inaturalist.org/observations/339665112,6162961636,Borrichia arborescens,Borrichia arborescens (L.) DC.,Asteraceae,Borrichia,SPECIES,HUMAN_OBSERVATION,2026-02-21T11:33:03,2026,-71.667908,19.88723,NA,50c9509d-22c7-4a22-a47d-8c48425ef4a7,iNaturalist,Observations,15,01,MONTE CRISTI,041501,874c88303ffffff
https://www.inaturalist.org/observations/339665172,6163302362,Stigmaphyllon emarginatum,Stigmaphyllon emarginatum (Cav.) A.Juss.,Malpighiaceae,Stigmaphyllon,SPECIES,HUMAN_OBSERVATION,2026-02-21T11:29:01,2026,-71.667534,19.88695,NA,50c9509d-22c7-4a22-a47d-8c48425ef4a7,iNaturalist,Observations,15,01,MONTE CRISTI,041501,874c88303ffffff
https://www.inaturalist.org/observations/340036018,6171008223,Melochia tomentosa,Melochia tomentosa L.,Malvaceae,Melochia,SPECIES,HUMAN_OBSERVATION,2026-02-24T11:05:20,2026,-71.561838,19.657762,7,50c9509d-22c7-4a22-a47d-8c48425ef4a7,iNaturalist,Observations,15,01,MONTE CRISTI,041501,874c8825dffffff
https://www.inaturalist.org/observations/340054550,6171097954,Luffa aegyptiaca,Luffa aegyptiaca Mill.,Cucurbitaceae,Luffa,SPECIES,HUMAN_OBSERVATION,2026-02-24T12:22:11,2026,-71.557196,19.732578,4,50c9509d-22c7-4a22-a47d-8c48425ef4a7,iNaturalist,Observations,15,01,MONTE CRISTI,041501,874c88275ffffff
https://www.inaturalist.org/observations/341087044,6179052329,Stenocereus heptagonus,Stenocereus heptagonus (L.) Mottram,Cactaceae,Stenocereus,SPECIES,HUMAN_OBSERVATION,2026-02-22T09:56:38,2026,-71.696845,19.747497,3603,50c9509d-22c7-4a22-a47d-8c48425ef4a7,iNaturalist,Observations,15,01,MONTE CRISTI,041501,874c8821cffffff
https://www.inaturalist.org/observations/342261281,6273868391,Thespesia populnea,Thespesia populnea (L.) Sol. ex Corrêa,Malvaceae,Thespesia,SPECIES,HUMAN_OBSERVATION,2026-02-13T10:57,2026,-71.672114,19.723269,NA,50c9509d-22c7-4a22-a47d-8c48425ef4a7,iNaturalist,Observations,15,01,MONTE CRISTI,041501,874c88219ffffff
https://www.inaturalist.org/observations/342261283,6274011776,Sesuvium portulacastrum,Sesuvium portulacastrum (L.) L.,Aizoaceae,Sesuvium,SPECIES,HUMAN_OBSERVATION,2026-02-13T10:56,2026,-71.672008,19.723131,NA,50c9509d-22c7-4a22-a47d-8c48425ef4a7,iNaturalist,Observations,15,01,MONTE CRISTI,041501,874c88219ffffff
https://www.inaturalist.org/observations/36829012,2540895689,Coccoloba uvifera,Coccoloba uvifera (L.) L.,Polygonaceae,Coccoloba,SPECIES,HUMAN_OBSERVATION,2015-03-17T11:38,2015,-71.766992,19.862878,8,50c9509d-22c7-4a22-a47d-8c48425ef4a7,iNaturalist,Observations,15,01,MONTE CRISTI,041501,874c88385ffffff
https://www.inaturalist.org/observations/84100709,3383863742,Rhizophora mangle,Rhizophora mangle L.,Rhizophoraceae,Rhizophora,SPECIES,HUMAN_OBSERVATION,2021-05-03T20:06,2021,-71.654017,19.872035,4,50c9509d-22c7-4a22-a47d-8c48425ef4a7,iNaturalist,Observations,15,01,MONTE CRISTI,041501,874c8830effffff
o-1015150998,5109412631,Corchorus hirsutus,Corchorus hirsutus L.,Malvaceae,Corchorus,SPECIES,HUMAN_OBSERVATION,2022-08-20T08:57:47Z,2022,-71.6538,19.856438,NA,7a3679ef-5582-4aaa-81f0-8c2545cafc81,,,15,01,MONTE CRISTI,041501,874c8830affffff
o-1015151014,3997840253,Avicennia germinans,Avicennia germinans (L.) L.,Acanthaceae,Avicennia,SPECIES,HUMAN_OBSERVATION,2022-08-20T08:52:28Z,2022,-71.668455,19.887623,NA,7a3679ef-5582-4aaa-81f0-8c2545cafc81,,,15,01,MONTE CRISTI,041501,874c88303ffffff
o-1015189524,5109410794,Erithalis fruticosa,Erithalis fruticosa L.,Rubiaceae,Erithalis,SPECIES,HUMAN_OBSERVATION,2022-08-20T08:58:08Z,2022,-71.668935,19.889079,NA,7a3679ef-5582-4aaa-81f0-8c2545cafc81,,,15,01,MONTE CRISTI,041501,874c88300ffffff
o-1023742055,5110301311,Phoenix dactylifera,Phoenix dactylifera L.,Arecaceae,Phoenix,SPECIES,HUMAN_OBSERVATION,2024-07-21T09:24:38Z,2024,-71.654031,19.866354,19,7a3679ef-5582-4aaa-81f0-8c2545cafc81,,,15,01,MONTE CRISTI,041501,874c8830effffff
q-10060705361,3955207821,Coccoloba uvifera,Coccoloba uvifera (L.) L.,Polygonaceae,Coccoloba,SPECIES,HUMAN_OBSERVATION,2019-01-24T23:46:22.497Z,2019,-71.638161,19.884054,NA,14d5676a-2c54-4f94-9023-1e8dcd822aa0,,,15,01,MONTE CRISTI,041501,874c88301ffffff
q-10285791489,3959207653,Vitex agnus-castus,Vitex agnus-castus L.,Lamiaceae,Vitex,SPECIES,HUMAN_OBSERVATION,2020-12-05T11:58:49.161Z,2020,-71.634659,19.852795,NA,14d5676a-2c54-4f94-9023-1e8dcd822aa0,,,15,01,MONTE CRISTI,041501,874c88308ffffff
q-10285793434,3958165729,Vitex agnus-castus,Vitex agnus-castus L.,Lamiaceae,Vitex,SPECIES,HUMAN_OBSERVATION,2020-12-05T12:06:42.097Z,2020,-71.634659,19.852795,NA,14d5676a-2c54-4f94-9023-1e8dcd822aa0,,,15,01,MONTE CRISTI,041501,874c88308ffffff
q-10349686084,3956412972,Azadirachta indica,Azadirachta indica A.Juss.,Meliaceae,Azadirachta,SPECIES,HUMAN_OBSERVATION,2021-05-11T15:04:30.839Z,2021,-71.635813,19.833115,64,14d5676a-2c54-4f94-9023-1e8dcd822aa0,,,15,01,MONTE CRISTI,041501,874c8830bffffff
q-10527010589,3953903787,Coccoloba uvifera,Coccoloba uvifera (L.) L.,Polygonaceae,Coccoloba,SPECIES,HUMAN_OBSERVATION,2022-02-11T16:52:44.446Z,2022,-71.654838,19.886803,41,14d5676a-2c54-4f94-9023-1e8dcd822aa0,,,15,01,MONTE CRISTI,041501,874c88301ffffff
q-10537814663,3954130474,Tecoma stans,Tecoma stans (L.) Juss. ex Kunth,Bignoniaceae,Tecoma,SPECIES,HUMAN_OBSERVATION,2022-03-16T21:40:27.030Z,2022,-71.655638,19.88952,5,14d5676a-2c54-4f94-9023-1e8dcd822aa0,,,15,01,MONTE CRISTI,041501,874c88300ffffff
q-10569508641,3953951662,Torenia fournieri,Torenia fournieri Linden ex E.Fourn.,Linderniaceae,Torenia,SPECIES,HUMAN_OBSERVATION,2022-04-30T21:07:27.774Z,2022,-71.669494,19.733242,NA,14d5676a-2c54-4f94-9023-1e8dcd822aa0,,,15,01,MONTE CRISTI,041501,874c8821dffffff
q-10576980065,3998766723,Cyperus ligularis,Cyperus ligularis L.,Cyperaceae,Cyperus,SPECIES,HUMAN_OBSERVATION,2022-05-07T14:12:49.072Z,2022,-71.656515,19.694303,10,14d5676a-2c54-4f94-9023-1e8dcd822aa0,,,15,01,MONTE CRISTI,041501,874c882e0ffffff
q-10711614586,3998409950,Rhizophora mangle,Rhizophora mangle L.,Rhizophoraceae,Rhizophora,SPECIES,HUMAN_OBSERVATION,2022-10-21T19:48:34.837Z,2022,-71.655591,19.861633,10,14d5676a-2c54-4f94-9023-1e8dcd822aa0,,,15,01,MONTE CRISTI,041501,874c8831dffffff
q-10725560311,3998755989,Calotropis procera,Calotropis procera (Aiton) W.T.Aiton,Apocynaceae,Calotropis,SPECIES,HUMAN_OBSERVATION,2022-11-29T15:25:19.414Z,2022,-71.528942,19.891892,NA,14d5676a-2c54-4f94-9023-1e8dcd822aa0,,,15,01,MONTE CRISTI,041501,874c88ad9ffffff
urn:catalog:MO:Tropicos:100353987,1257702966,Wissadula periplocifolia,Wissadula periplocifolia (L.) J.Presl ex Thwaites,Malvaceae,Wissadula,SPECIES,PRESERVED_SPECIMEN,1977-10-20,1977,-71.65,19.87,NA,7bd65a7a-f762-11e1-a439-00145eb45e9a,MO,Tropicos,15,01,MONTE CRISTI,041501,874c8830effffff
urn:catalog:MO:Tropicos:100354509,1257703449,Euploca fruticosa,Heliotropium fruticosum L.,Heliotropiaceae,Euploca,SPECIES,PRESERVED_SPECIMEN,1977-10-20,1977,-71.65,19.87,NA,7bd65a7a-f762-11e1-a439-00145eb45e9a,MO,Tropicos,15,01,MONTE CRISTI,041501,874c8830effffff
urn:catalog:MO:Tropicos:100354570,1257703496,Harrisia divaricata,Harrisia nashii Britton,Cactaceae,Harrisia,SPECIES,PRESERVED_SPECIMEN,1977-10-20,1977,-71.65,19.87,NA,7bd65a7a-f762-11e1-a439-00145eb45e9a,MO,Tropicos,15,01,MONTE CRISTI,041501,874c8830effffff
urn:catalog:MO:Tropicos:100354587,1257703507,Pentalinon luteum,Urechites luteus (L.) Britton,Apocynaceae,Pentalinon,SPECIES,PRESERVED_SPECIMEN,1977-10-20,1977,-71.65,19.87,NA,7bd65a7a-f762-11e1-a439-00145eb45e9a,MO,Tropicos,15,01,MONTE CRISTI,041501,874c8830effffff
urn:catalog:MO:Tropicos:100354617,1257703533,Funastrum clausum,Funastrum clausum (Jacq.) Schltr.,Apocynaceae,Funastrum,SPECIES,PRESERVED_SPECIMEN,1977-10-20,1977,-71.65,19.87,NA,7bd65a7a-f762-11e1-a439-00145eb45e9a,MO,Tropicos,15,01,MONTE CRISTI,041501,874c8830effffff
urn:catalog:MO:Tropicos:100354620,1257703580,Ruehssia linearis,Marsdenia linearis Decne.,Apocynaceae,Ruehssia,SPECIES,PRESERVED_SPECIMEN,1977-10-20,1977,-71.65,19.87,NA,7bd65a7a-f762-11e1-a439-00145eb45e9a,MO,Tropicos,15,01,MONTE CRISTI,041501,874c8830effffff
urn:catalog:MO:Tropicos:100354627,1257703578,Cryptostegia grandiflora,Cryptostegia grandiflora (Roxb.) R.Br.,Apocynaceae,Cryptostegia,SPECIES,PRESERVED_SPECIMEN,1977-10-20,1977,-71.65,19.87,NA,7bd65a7a-f762-11e1-a439-00145eb45e9a,MO,Tropicos,15,01,MONTE CRISTI,041501,874c8830effffff
urn:catalog:MO:Tropicos:101045463,2268942396,Cyperus picardae,Cyperus picardae Boeckeler,Cyperaceae,Cyperus,SPECIES,PRESERVED_SPECIMEN,2001-02-27,2001,-71.556389,19.651389000000002,NA,7bd65a7a-f762-11e1-a439-00145eb45e9a,MO,Tropicos,15,01,MONTE CRISTI,041501,874c8825dffffff
urn:catalog:MO:Tropicos:2350493,1259656030,Atriplex cristata,Atriplex domingensis Standl.,Amaranthaceae,Atriplex,SPECIES,PRESERVED_SPECIMEN,1977-10-20,1977,-71.65,19.87,NA,7bd65a7a-f762-11e1-a439-00145eb45e9a,MO,Tropicos,15,01,MONTE CRISTI,041501,874c8830effffff
urn:catalog:MO:Tropicos:2352442,1259658110,Alternanthera paronychioides,Alternanthera paronychioides A.St.-Hil.,Amaranthaceae,Alternanthera,SPECIES,PRESERVED_SPECIMEN,1977-10-20,1977,-71.65,19.87,NA,7bd65a7a-f762-11e1-a439-00145eb45e9a,MO,Tropicos,15,01,MONTE CRISTI,041501,874c8830effffff
urn:catalog:MO:Tropicos:2389505,1259698387,Libidibia coriaria,Caesalpinia coriaria (Jacq.) Willd.,Fabaceae,Libidibia,SPECIES,PRESERVED_SPECIMEN,1977-10-20,1977,-71.65,19.87,NA,7bd65a7a-f762-11e1-a439-00145eb45e9a,MO,Tropicos,15,01,MONTE CRISTI,041501,874c8830effffff
urn:catalog:MO:Tropicos:2399707,1259709444,Averrhoa L.,Averrhoa L.,Oxalidaceae,Averrhoa,GENUS,PRESERVED_SPECIMEN,1980-05-23,1980,-71.66666,19.85,NA,7bd65a7a-f762-11e1-a439-00145eb45e9a,MO,Tropicos,15,01,MONTE CRISTI,041501,874c88319ffffff
urn:catalog:MO:Tropicos:2420967,1259733079,Croton sidifolius,Croton sidifolius Lam.,Euphorbiaceae,Croton,SPECIES,PRESERVED_SPECIMEN,1984-12-18,1984,-71.55,19.8,NA,7bd65a7a-f762-11e1-a439-00145eb45e9a,MO,Tropicos,15,01,MONTE CRISTI,041501,874c88343ffffff
urn:catalog:MO:Tropicos:3410644,1260824663,Zanthoxylum tragodes,Zanthoxylum spinifex (Jacq.) DC.,Rutaceae,Zanthoxylum,SPECIES,PRESERVED_SPECIMEN,1984-08-16,1984,-71.63333,19.83472,NA,7bd65a7a-f762-11e1-a439-00145eb45e9a,MO,Tropicos,15,01,MONTE CRISTI,041501,874c8830bffffff
urn:uuid:6f8c8319-33c2-4aed-9307-1540c977923b,1563550130,Ipomoea heptaphylla,"Ipomoea wrightii A. Gray, Syn. Fl. N. Amer.",Convolvulaceae,Ipomoea,SPECIES,LIVING_SPECIMEN,1987-11,1987,-71.666667,19.75,NA,33795d9d-3f94-4b0e-a2f6-d3a03cfce7aa,ITAl001|PER0001,,15,01,MONTE CRISTI,041501,874c8820effffff
