occurrenceID,gbifID,especie,scientificName,family,genus,taxonRank,basisOfRecord,eventDate,year,decimalLongitude,decimalLatitude,coordinateUncertaintyInMeters,datasetKey,institutionCode,collectionCode,provincia_codigo,municipio_codigo,municipio,id_municipio,hex_id
0035c5de-8db9-4d6c-a1bf-7a30f108dc52,1927771117,Coccoloba wrightii,Coccoloba wrightii Lindau,Polygonaceae,Coccoloba,SPECIES,PRESERVED_SPECIMEN,1984-12-18,1984,-70.97,19.68,NA,d415c253-4d61-4459-9d25-4015b9084fb0,NY,NY,27,02,ESPERANZA,042702,874c89889ffffff
006461bd-c43c-4a93-8a00-789492c1aa6a,1927773156,Hyperbaena laurifolia,Hyperbaena laurifolia (Poir.) Urb.,Menispermaceae,Hyperbaena,SPECIES,PRESERVED_SPECIMEN,1969-05-26,1969,-70.964067,19.654327,1106.57,d415c253-4d61-4459-9d25-4015b9084fb0,NY,NY,27,02,ESPERANZA,042702,874c898d0ffffff
00d20b0f-7dec-4b6d-8155-2f23fac15806,1927780812,Scolosanthus triacanthus,Scolosanthus triacanthus (Spreng.) DC.,Rubiaceae,Scolosanthus,SPECIES,PRESERVED_SPECIMEN,1969-05-21,1969,-70.964067,19.654327,1106.57,d415c253-4d61-4459-9d25-4015b9084fb0,NY,NY,27,02,ESPERANZA,042702,874c898d0ffffff
01083f06-afbe-47d6-8b23-54e577207d3c,1927782945,Isopterygium tenerum,Isopterygium tenerum (Sw.) Mitt.,Pylaisiadelphaceae,Isopterygium,SPECIES,PRESERVED_SPECIMEN,1981-03-24,1981,-70.95,19.67,NA,d415c253-4d61-4459-9d25-4015b9084fb0,NY,NY,27,02,ESPERANZA,042702,874c898f3ffffff
0124de6a-5f36-4cb5-861f-4b1529690b33,1927785436,Ptychostomum pseudotriquetrum,"Bryum pseudotriquetrum (Hedw.) G. Gaertn., B. Mey. & Scherb.",Bryaceae,Ptychostomum,SPECIES,PRESERVED_SPECIMEN,1981-03-24,1981,-70.95,19.67,NA,d415c253-4d61-4459-9d25-4015b9084fb0,NY,NY,27,02,ESPERANZA,042702,874c898f3ffffff
0132966b-71a3-4eae-ad95-34a92ca0b781,1927785234,Erythroxylum rotundifolium,Erythroxylum rotundifolium Lunan,Erythroxylaceae,Erythroxylum,SPECIES,PRESERVED_SPECIMEN,1969-11-27,1969,-70.964067,19.654327,1106.57,d415c253-4d61-4459-9d25-4015b9084fb0,NY,NY,27,02,ESPERANZA,042702,874c898d0ffffff
014b0596-59ed-4b3f-bde7-be562db96e4a,1927787930,Rondeletia poitaei,Stevensia buxifolia Poit.,Rubiaceae,Rondeletia,SPECIES,PRESERVED_SPECIMEN,1969-06-06,1969,-70.964067,19.654327,1106.57,d415c253-4d61-4459-9d25-4015b9084fb0,NY,NY,27,02,ESPERANZA,042702,874c898d0ffffff
01e3fd22-a8d2-48c9-9b53-caae0a20852c,1927793994,Vanilla barbellata,Vanilla barbellata Rchb.f.,Orchidaceae,Vanilla,SPECIES,PRESERVED_SPECIMEN,1969-06-06,1969,-70.964067,19.654327,1106.57,d415c253-4d61-4459-9d25-4015b9084fb0,NY,NY,27,02,ESPERANZA,042702,874c898d0ffffff
02214a52-a977-439c-b4d3-3d5f5c144887,1927797528,Rondeletia poitaei,Stevensia buxifolia Poit.,Rubiaceae,Rondeletia,SPECIES,PRESERVED_SPECIMEN,1969-06-06,1969,-70.964067,19.654327,1106.57,d415c253-4d61-4459-9d25-4015b9084fb0,NY,NY,27,02,ESPERANZA,042702,874c898d0ffffff
023daa27-3a5b-47f7-b23b-21e914a9e645,1927802488,Chromolaena sinuata,Chromolaena sinuata (Lam.) R.M.King & H.Rob.,Asteraceae,Chromolaena,SPECIES,PRESERVED_SPECIMEN,1969-05-14,1969,-70.964067,19.654327,1106.57,d415c253-4d61-4459-9d25-4015b9084fb0,NY,NY,27,02,ESPERANZA,042702,874c898d0ffffff
024861ad-b11d-4016-b17c-dfc450209613,1927803435,Phoradendron berteroanum,Phoradendron berteroanum (DC.) Griseb.,Viscaceae,Phoradendron,SPECIES,PRESERVED_SPECIMEN,1984-12-17,1984,-70.97,19.67,NA,d415c253-4d61-4459-9d25-4015b9084fb0,NY,NY,27,02,ESPERANZA,042702,874c89889ffffff
02daa4fe-5314-4f2a-b3a9-bbe55a2eb41b,1927807728,Croton sidifolius,Croton sidifolius Lam.,Euphorbiaceae,Croton,SPECIES,PRESERVED_SPECIMEN,1969-05-23,1969,-70.964067,19.654327,1106.57,d415c253-4d61-4459-9d25-4015b9084fb0,NY,NY,27,02,ESPERANZA,042702,874c898d0ffffff
02fb48a7-02e4-43b2-89b3-cd928138ffe7,1927812086,Isidorea pedicellaris,Isidorea pedicellaris Urb. & Ekman,Rubiaceae,Isidorea,SPECIES,PRESERVED_SPECIMEN,1969-05-09,1969,-70.964067,19.654327,1106.57,d415c253-4d61-4459-9d25-4015b9084fb0,NY,NY,27,02,ESPERANZA,042702,874c898d0ffffff
03ea5e91-7ba3-49d1-868b-57866a6c5631,1927822694,Haplocladium microphyllum,Haplocladium microphyllum (Hedw.) Broth.,Leskeaceae,Haplocladium,SPECIES,PRESERVED_SPECIMEN,1981-03-24,1981,-70.95,19.67,NA,d415c253-4d61-4459-9d25-4015b9084fb0,NY,NY,27,02,ESPERANZA,042702,874c898f3ffffff
044f60cf-139d-4cdc-bcbc-62e078e3b448,1927828935,Phlegmariurus taxifolius,Lycopodium taxifolium Sw.,Lycopodiaceae,Phlegmariurus,SPECIES,PRESERVED_SPECIMEN,1987-12-22,1987,-70.97,19.67,NA,d415c253-4d61-4459-9d25-4015b9084fb0,NY,NY,27,02,ESPERANZA,042702,874c89889ffffff
04ff545a-5561-40ce-b063-e8e4710db595,1998323973,Epidendrum ramosum,Epidendrum ramosum Jacq.,Orchidaceae,Epidendrum,SPECIES,PRESERVED_SPECIMEN,1984-12-18,1984,-71,19.6,NA,861e6afe-f762-11e1-a439-00145eb45e9a,GH,GH,27,02,ESPERANZA,042702,874c8912affffff
0591f913-0477-4cb4-a457-83aa6b6563d5,1927846299,Wedelia ehrenbergii,Wedelia ehrenbergii Less.,Asteraceae,Wedelia,SPECIES,PRESERVED_SPECIMEN,1969-06-22,1969,-70.964067,19.654327,1106.57,d415c253-4d61-4459-9d25-4015b9084fb0,NY,NY,27,02,ESPERANZA,042702,874c898d0ffffff
05e56ea9-4584-46a3-9554-3adc876e13c0,1927851647,Croton flavens,Croton flavens L.,Euphorbiaceae,Croton,SPECIES,PRESERVED_SPECIMEN,1969-06-06,1969,-70.964067,19.654327,1106.57,d415c253-4d61-4459-9d25-4015b9084fb0,NY,NY,27,02,ESPERANZA,042702,874c898d0ffffff
05eba695-6033-48ac-ae99-78c3baa9e189,1927851512,Stenostomum heteroneurum,Stenostomum heteroneurum (Urb. & Ekman) Borhidi,Rubiaceae,Stenostomum,SPECIES,PRESERVED_SPECIMEN,1969-05-26,1969,-70.964067,19.654327,1106.57,d415c253-4d61-4459-9d25-4015b9084fb0,NY,NY,27,02,ESPERANZA,042702,874c898d0ffffff
0646eb30-3da3-43bb-88eb-7e62fdf87ed7,1927855983,Rhynchostegium robustum,Rhynchostegium robustum W.R. Buck,Brachytheciaceae,Rhynchostegium,SPECIES,PRESERVED_SPECIMEN,1981-03-24,1981,-70.95,19.67,NA,d415c253-4d61-4459-9d25-4015b9084fb0,NY,NY,27,02,ESPERANZA,042702,874c898f3ffffff
064aca45-0d56-4312-9ac5-5e483c90f93f,1927856462,Rhodobryum dominghense,Rhodobryum dominghense (Brid.) Besch.,Bryaceae,Rhodobryum,SPECIES,PRESERVED_SPECIMEN,1981-03-24,1981,-70.95,19.67,NA,d415c253-4d61-4459-9d25-4015b9084fb0,NY,NY,27,02,ESPERANZA,042702,874c898f3ffffff
064ecdcb-6aa9-455c-b76e-170a1fd603bd,1300843769,Cajanus cajan,Cajanus cajan (L.) Huth,Fabaceae,Cajanus,SPECIES,OCCURRENCE,1985-01-06,1985,-70.989998,19.58,NA,07044577-bd82-4089-9f3a-f4a9d2170b2e,Bioversity-SINGER,,27,02,ESPERANZA,042702,874c8912bffffff
06910e53-46a3-4cb0-87b7-dac284861d6a,1927860625,Chromolaena sinuata,Chromolaena sinuata (Lam.) R.M.King & H.Rob.,Asteraceae,Chromolaena,SPECIES,PRESERVED_SPECIMEN,1969-05-19,1969,-70.964067,19.654327,1106.57,d415c253-4d61-4459-9d25-4015b9084fb0,NY,NY,27,02,ESPERANZA,042702,874c898d0ffffff
06cd3768-3e3c-4f99-8dfb-df33d7bc17dd,1927865716,Eugenia monticola,Eugenia monticola (Sw.) DC.,Myrtaceae,Eugenia,SPECIES,PRESERVED_SPECIMEN,1969-05-07,1969,-70.964067,19.654327,1106.57,d415c253-4d61-4459-9d25-4015b9084fb0,NY,NY,27,02,ESPERANZA,042702,874c898d0ffffff
06df9769-cfad-4802-b086-11af35ecd52f,1927864871,Rosulabryum truncorum,Bryum truncorum (Brid.) Brid.,Bryaceae,Rosulabryum,SPECIES,PRESERVED_SPECIMEN,1981-03-24,1981,-70.95,19.67,NA,d415c253-4d61-4459-9d25-4015b9084fb0,NY,NY,27,02,ESPERANZA,042702,874c898f3ffffff
08C06A8B-EBD3-4EFD-A59D-35C2EC02777C,1503169348,Anemia adiantifolia,Anemia adiantifolia (L.) Sw.,Anemiaceae,Anemia,SPECIES,PRESERVED_SPECIMEN,1970-04-24,1970,-71.0236,19.6644,NA,af1b4db0-c8ce-4a95-b700-8a6a02bed9d6,USF,Herb,27,02,ESPERANZA,042702,874c89124ffffff
08f792ca-8d62-4572-bc5a-fe6f1fe1cec8,1998341578,Stelis antillensis,Pleurothallis domingensis Cogn.,Orchidaceae,Stelis,SPECIES,PRESERVED_SPECIMEN,1984-12-18,1984,-71,19.6,NA,861e6afe-f762-11e1-a439-00145eb45e9a,GH,GH,27,02,ESPERANZA,042702,874c8912affffff
0D920A7E-6485-4177-BEF3-2B175FABBAD3,1503313407,Jatropha gossypiifolia,Jatropha gossypiifolia L.,Euphorbiaceae,Jatropha,SPECIES,PRESERVED_SPECIMEN,1970-04-24,1970,-71.0236,19.6644,NA,af1b4db0-c8ce-4a95-b700-8a6a02bed9d6,USF,Herb,27,02,ESPERANZA,042702,874c89124ffffff
0a70e938-703a-4563-b273-65e558ef6d44,1927915220,Maxillaria parviflora,Maxillaria parviflora (Poepp. & Endl.) Garay,Orchidaceae,Maxillaria,SPECIES,PRESERVED_SPECIMEN,1984-12-18,1984,-70.97,19.68,NA,d415c253-4d61-4459-9d25-4015b9084fb0,NY,NY,27,02,ESPERANZA,042702,874c89889ffffff
0a8f57d7-bb69-46de-ab9c-0a30bf0411dc,4081298472,Vachellia macracantha,Vachellia macracantha (Humb. & Bonpl. ex Willd.) Seigler & Ebinger,Fabaceae,Vachellia,SPECIES,PRESERVED_SPECIMEN,1988-07-18,1988,-70.983333,19.616667,NA,8bd8c361-c96b-40c9-91a0-eb3c0e7e0135,EIU,,27,02,ESPERANZA,042702,874c8912cffffff
0c0fb703-f168-403e-a17c-99aa277b2b23,1927937937,Heliotropium lamarckii,Tournefortia scabra Lam.,Heliotropiaceae,Heliotropium,SPECIES,PRESERVED_SPECIMEN,1968-05-04,1968,-70.964067,19.654327,1106.57,d415c253-4d61-4459-9d25-4015b9084fb0,NY,NY,27,02,ESPERANZA,042702,874c898d0ffffff
0c46055b-dc09-4bb7-b5a0-436479517dca,1927940456,Lantana buchii,Lantana buchii Urb.,Verbenaceae,Lantana,SPECIES,PRESERVED_SPECIMEN,1969-11-27,1969,-70.964067,19.654327,1106.57,d415c253-4d61-4459-9d25-4015b9084fb0,NY,NY,27,02,ESPERANZA,042702,874c898d0ffffff
0c78c27b-6959-49dd-9337-ff088eec167f,1927943804,Salvia micrantha,Salvia micrantha Vahl,Lamiaceae,Salvia,SPECIES,PRESERVED_SPECIMEN,1969-04-19,1969,-70.964067,19.654327,1106.57,d415c253-4d61-4459-9d25-4015b9084fb0,NY,NY,27,02,ESPERANZA,042702,874c898d0ffffff
0c946cf5-6b8b-43c6-877a-2fe9c83a962c,1927944941,Sida glabra,Sida glabra Mill.,Malvaceae,Sida,SPECIES,PRESERVED_SPECIMEN,1969-06-06,1969,-70.964067,19.654327,1106.57,d415c253-4d61-4459-9d25-4015b9084fb0,NY,NY,27,02,ESPERANZA,042702,874c898d0ffffff
0ca86d97-52f8-4da9-9920-1a4d99cb2c7f,1927946861,Doyerea emetocathartica,Doyerea emetocathartica Grosourdy,Cucurbitaceae,Doyerea,SPECIES,PRESERVED_SPECIMEN,1967-11-27,1967,-70.964067,19.654327,1106.57,d415c253-4d61-4459-9d25-4015b9084fb0,NY,NY,27,02,ESPERANZA,042702,874c898d0ffffff
0ceb2036-3059-46af-bd0e-dce33994d254,1927950128,Poitea paucifolia,Poitea paucifolia (DC.) Lavin,Fabaceae,Poitea,SPECIES,PRESERVED_SPECIMEN,1969-05-23,1969,-70.964067,19.654327,1106.57,d415c253-4d61-4459-9d25-4015b9084fb0,NY,NY,27,02,ESPERANZA,042702,874c898d0ffffff
0d0fad60-aa32-4be1-834c-ccc16c65c041,1927952539,Desmodium glabrum,Desmodium glabrum (Mill.) DC.,Fabaceae,Desmodium,SPECIES,PRESERVED_SPECIMEN,1969-05-14,1969,-70.964067,19.654327,1106.57,d415c253-4d61-4459-9d25-4015b9084fb0,NY,NY,27,02,ESPERANZA,042702,874c898d0ffffff
0d2525cb-83ee-41cb-b048-12d3b2896817,2270677445,Myrcia splendens,Myrcia splendens (Sw.) DC.,Myrtaceae,Myrcia,SPECIES,PRESERVED_SPECIMEN,1984-12-18,1984,-70.9667,19.6833,NA,e05fd4c2-4d77-4c50-880e-1b22096af300,ASU,Plants,27,02,ESPERANZA,042702,874c898f2ffffff
0e2991c2-85d6-499d-bcd2-0e3715801a9e,1927967665,Dendrophthora domingensis,Dendrophthora domingensis (Spreng.) Eichler,Viscaceae,Dendrophthora,SPECIES,PRESERVED_SPECIMEN,1969-06-26,1969,-70.964067,19.654327,1106.57,d415c253-4d61-4459-9d25-4015b9084fb0,NY,NY,27,02,ESPERANZA,042702,874c898d0ffffff
0e76ab53-298d-4c46-8a89-ef4295a8a222,1457748706,Miconia calycina,Miconia calycina Cogn.,Melastomataceae,Miconia,SPECIES,PRESERVED_SPECIMEN,1984-12-18,1984,-70.966667,19.683333,NA,b89d52a2-861d-4388-adad-c0da3d55fc78,UF,,27,02,ESPERANZA,042702,874c898f2ffffff
0e88620a-848b-4737-ada6-d2fa46023316,1927972956,Vigna unguiculata,Vigna unguiculata (L.) Walp.,Fabaceae,Vigna,SPECIES,PRESERVED_SPECIMEN,1969-06-06,1969,-70.964067,19.654327,1106.57,d415c253-4d61-4459-9d25-4015b9084fb0,NY,NY,27,02,ESPERANZA,042702,874c898d0ffffff
0f0ff117-30b9-483d-8466-df8e0a2ef550,1927980207,Croton vaillantii,Croton vaillantii Geiseler,Euphorbiaceae,Croton,SPECIES,PRESERVED_SPECIMEN,1968-05-04,1968,-70.964067,19.654327,1106.57,d415c253-4d61-4459-9d25-4015b9084fb0,NY,NY,27,02,ESPERANZA,042702,874c898d0ffffff
0fe1aeac-c65c-4b4b-af8f-a4c7cc9503b9,1927992063,Erythroxylum rotundifolium,Erythroxylum rotundifolium Lunan,Erythroxylaceae,Erythroxylum,SPECIES,PRESERVED_SPECIMEN,1969-05-22,1969,-70.964067,19.654327,1106.57,d415c253-4d61-4459-9d25-4015b9084fb0,NY,NY,27,02,ESPERANZA,042702,874c898d0ffffff
11040f6d-91cd-41e5-96ab-b24101349b4d,1928007551,Stigmaphyllon emarginatum,Stigmaphyllon emarginatum (Cav.) A.Juss.,Malpighiaceae,Stigmaphyllon,SPECIES,PRESERVED_SPECIMEN,1969-05-09,1969,-70.964067,19.654327,1106.57,d415c253-4d61-4459-9d25-4015b9084fb0,NY,NY,27,02,ESPERANZA,042702,874c898d0ffffff
1178da0e-dd65-4fd0-8d63-04f5bb26f8cb,1928014553,Chromolaena sinuata,Chromolaena sinuata (Lam.) R.M.King & H.Rob.,Asteraceae,Chromolaena,SPECIES,PRESERVED_SPECIMEN,1969-11-27,1969,-70.964067,19.654327,1106.57,d415c253-4d61-4459-9d25-4015b9084fb0,NY,NY,27,02,ESPERANZA,042702,874c898d0ffffff
12cc6e1a-a8ba-439b-aa20-9d0aeb668bc0,1928032655,Brittonodoxa subpinnata,Sematophyllum subpinnatum (Brid.) E. Britton,Sematophyllaceae,Brittonodoxa,SPECIES,PRESERVED_SPECIMEN,1981-03-24,1981,-70.95,19.67,NA,d415c253-4d61-4459-9d25-4015b9084fb0,NY,NY,27,02,ESPERANZA,042702,874c898f3ffffff
12f31343-4d7c-486b-9ce8-76efdc4e36ff,1928035154,Portulaca halimoides,Portulaca halimoides L.,Portulacaceae,Portulaca,SPECIES,PRESERVED_SPECIMEN,1969-05-23,1969,-70.964067,19.654327,1106.57,d415c253-4d61-4459-9d25-4015b9084fb0,NY,NY,27,02,ESPERANZA,042702,874c898d0ffffff
1323478a-0b9f-4bec-bd23-1708a1d449a0,1928037648,Varronia haitiensis,Varronia haitiensis (Urb.) Borhidi,Cordiaceae,Varronia,SPECIES,PRESERVED_SPECIMEN,1969-11-27,1969,-70.964067,19.654327,1106.57,d415c253-4d61-4459-9d25-4015b9084fb0,NY,NY,27,02,ESPERANZA,042702,874c898d0ffffff
133e3be5-5c9d-49b9-ad26-a07e959a8ec6,1928039101,Chamissoa altissima,Chamissoa altissima (Jacq.) Kunth,Amaranthaceae,Chamissoa,SPECIES,PRESERVED_SPECIMEN,1984-12-17,1984,-70.97,19.67,NA,d415c253-4d61-4459-9d25-4015b9084fb0,NY,NY,27,02,ESPERANZA,042702,874c89889ffffff
1357b7cf-b354-4ec2-a660-0f6b2125b3dc,1928040429,Trema micranthum,Trema micranthum (L.) Blume,Cannabaceae,Trema,SPECIES,PRESERVED_SPECIMEN,1984-12-17,1984,-70.97,19.67,NA,d415c253-4d61-4459-9d25-4015b9084fb0,NY,NY,27,02,ESPERANZA,042702,874c89889ffffff
13a9414b-2422-40fe-bca0-789449cb1a46,1928045130,Lantana involucrata,Lantana involucrata L.,Verbenaceae,Lantana,SPECIES,PRESERVED_SPECIMEN,1969-05-10,1969,-70.964067,19.654327,1106.57,d415c253-4d61-4459-9d25-4015b9084fb0,NY,NY,27,02,ESPERANZA,042702,874c898d0ffffff
143e438a-ae44-45bd-becf-e9483d407280,1928053864,Rhynchosia reticulata,Rhynchosia reticulata var. reticulata,Fabaceae,Rhynchosia,VARIETY,PRESERVED_SPECIMEN,1933-05-12,1933,-70.942599,19.654223000000002,3391.57,d415c253-4d61-4459-9d25-4015b9084fb0,NY,NY,27,02,ESPERANZA,042702,874c898d5ffffff
147504d5-263a-4c6f-b2f0-9b6f0da0e2e9,1928057331,Myrcianthes fragrans,Myrcianthes fragrans (Sw.) McVaugh,Myrtaceae,Myrcianthes,SPECIES,PRESERVED_SPECIMEN,1969-05-26,1969,-70.964067,19.654327,1106.57,d415c253-4d61-4459-9d25-4015b9084fb0,NY,NY,27,02,ESPERANZA,042702,874c898d0ffffff
14e9ea47-f5a2-4030-b855-d742a40f8fb1,1928062920,Lantana reticulata,Lantana reticulata Pers.,Verbenaceae,Lantana,SPECIES,PRESERVED_SPECIMEN,1969-03-23,1969,-70.964067,19.654327,1106.57,d415c253-4d61-4459-9d25-4015b9084fb0,NY,NY,27,02,ESPERANZA,042702,874c898d0ffffff
152e36f0-2cc1-4f75-9d3c-940e2358885a,1928066771,Phlegmariurus taxifolius,Lycopodium taxifolium Sw.,Lycopodiaceae,Phlegmariurus,SPECIES,PRESERVED_SPECIMEN,1984-12-18,1984,-70.97,19.68,NA,d415c253-4d61-4459-9d25-4015b9084fb0,NY,NY,27,02,ESPERANZA,042702,874c89889ffffff
153ff407-e3dd-4828-a41f-e705f289b4bd,1304229658,Solanum nudum,Solanum nudum Humb. & Bonpl. ex Dunal,Solanaceae,Solanum,SPECIES,OCCURRENCE,,NA,-70.966667,19.666667,NA,07044577-bd82-4089-9f3a-f4a9d2170b2e,Bioversity,,27,02,ESPERANZA,042702,874c898d4ffffff
157625cb-8d80-4c61-901d-4c4ec921b192,1928071726,Metopium toxiferum,Metopium toxiferum (L.) Krug & Urb.,Anacardiaceae,Metopium,SPECIES,PRESERVED_SPECIMEN,1969-05-14,1969,-70.964067,19.654327,1106.57,d415c253-4d61-4459-9d25-4015b9084fb0,NY,NY,27,02,ESPERANZA,042702,874c898d0ffffff
15d094c2-3304-42cc-899e-a13415315b03,1928076493,Pilotrichella flexilis,Pilotrichella flexilis (Hedw.) Ångstr.,Lembophyllaceae,Pilotrichella,SPECIES,PRESERVED_SPECIMEN,1981-03-24,1981,-70.95,19.67,NA,d415c253-4d61-4459-9d25-4015b9084fb0,NY,NY,27,02,ESPERANZA,042702,874c898f3ffffff
164e3c06-7139-48c4-b860-56d974b0c17c,1304607617,Solanum nudum,Solanum nudum Humb. & Bonpl. ex Dunal,Solanaceae,Solanum,SPECIES,OCCURRENCE,1984-12-18,1984,-70.966667,19.683333,NA,07044577-bd82-4089-9f3a-f4a9d2170b2e,Bioversity,,27,02,ESPERANZA,042702,874c898f2ffffff
1660e0dc-5426-4ef9-a039-2d65a38bbc03,1928083219,Galactia buchii,Galactia buchii Urb.,Fabaceae,Galactia,SPECIES,PRESERVED_SPECIMEN,1969-06-06,1969,-70.964067,19.654327,1106.57,d415c253-4d61-4459-9d25-4015b9084fb0,NY,NY,27,02,ESPERANZA,042702,874c898d0ffffff
170ef80f-7be4-4337-81c0-c5f82feb4ee5,1928092975,Sida abutilifolia,Sida abutilifolia Mill.,Malvaceae,Sida,SPECIES,PRESERVED_SPECIMEN,1969-05-14,1969,-70.964067,19.654327,1106.57,d415c253-4d61-4459-9d25-4015b9084fb0,NY,NY,27,02,ESPERANZA,042702,874c898d0ffffff
17792399-1951-48d6-818e-b61771db90bf,1928098653,Meteorium nigrescens,Meteorium nigrescens (Sw. ex Hedw.) Dozy & Molk.,Meteoriaceae,Meteorium,SPECIES,PRESERVED_SPECIMEN,1981-03-24,1981,-70.95,19.67,NA,d415c253-4d61-4459-9d25-4015b9084fb0,NY,NY,27,02,ESPERANZA,042702,874c898f3ffffff
17b261e3-4b58-4c3c-ad64-b7c97da58d05,1928102002,Stachytarpheta strigosa,Stachytarpheta strigosa var. alainii Moldenke,Verbenaceae,Stachytarpheta,VARIETY,PRESERVED_SPECIMEN,1969-05-23,1969,-70.964067,19.654327,1106.57,d415c253-4d61-4459-9d25-4015b9084fb0,NY,NY,27,02,ESPERANZA,042702,874c898d0ffffff
17e6d910-3b68-4ea3-a42b-d82b56bdbea9,1928104607,Evolvulus alsinoides,Evolvulus alsinoides (L.) L.,Convolvulaceae,Evolvulus,SPECIES,PRESERVED_SPECIMEN,1969-05-26,1969,-70.964067,19.654327,1106.57,d415c253-4d61-4459-9d25-4015b9084fb0,NY,NY,27,02,ESPERANZA,042702,874c898d0ffffff
17f7310c-147f-485f-8b92-182105ef1b8e,1928105584,Tillandsia tenuifolia,Tillandsia tenuifolia L.,Bromeliaceae,Tillandsia,SPECIES,PRESERVED_SPECIMEN,1984-12-17,1984,-70.97,19.67,NA,d415c253-4d61-4459-9d25-4015b9084fb0,NY,NY,27,02,ESPERANZA,042702,874c89889ffffff
1839e492-fb6b-4991-8f45-7589261d518e,1928109213,Aristida L.,Aristida L.,Poaceae,Aristida,GENUS,PRESERVED_SPECIMEN,1969-05-14,1969,-70.964067,19.654327,1106.57,d415c253-4d61-4459-9d25-4015b9084fb0,NY,NY,27,02,ESPERANZA,042702,874c898d0ffffff
18e5bc74-dbee-48ff-bd55-ddc31646827a,1928118720,Leucobryum polakowskyi,Leucobryum polakowskyi (Müll. Hal. ex Besch.) Cardot,Leucobryaceae,Leucobryum,SPECIES,PRESERVED_SPECIMEN,1981-03-24,1981,-70.95,19.67,NA,d415c253-4d61-4459-9d25-4015b9084fb0,NY,NY,27,02,ESPERANZA,042702,874c898f3ffffff
18f4d98f-2811-491d-b932-f5c68d435362,1928119654,Tolumnia quadriloba,Tolumnia quadriloba (C.Schweinf.) Braem,Orchidaceae,Tolumnia,SPECIES,PRESERVED_SPECIMEN,1969-05-23,1969,-70.964067,19.654327,1106.57,d415c253-4d61-4459-9d25-4015b9084fb0,NY,NY,27,02,ESPERANZA,042702,874c898d0ffffff
1905c17b-0ecb-4ca5-9f76-26d1ddec4b53,1928120181,Lycianthes fugax,Lycianthes fugax (Jacq.) Bitter,Solanaceae,Lycianthes,SPECIES,PRESERVED_SPECIMEN,1969-05-19,1969,-70.964067,19.654327,1106.57,d415c253-4d61-4459-9d25-4015b9084fb0,NY,NY,27,02,ESPERANZA,042702,874c898d0ffffff
19f5ea6a-e4b1-4a32-80ef-96191830768a,1928134997,Trichocolea Dumort.,Trichocolea Dumort.,Trichocoleaceae,Trichocolea,GENUS,PRESERVED_SPECIMEN,1984-12-18,1984,-70.97,19.68,NA,d415c253-4d61-4459-9d25-4015b9084fb0,NY,NY,27,02,ESPERANZA,042702,874c89889ffffff
1acfeff5-7a56-4250-8926-7d7563df4eaa,1928145404,Jirivanaea galipensis,Sematophyllum galipense (Müll. Hal.) Mitt.,Sematophyllaceae,Jirivanaea,SPECIES,PRESERVED_SPECIMEN,1981-03-24,1981,-70.95,19.67,NA,d415c253-4d61-4459-9d25-4015b9084fb0,NY,NY,27,02,ESPERANZA,042702,874c898f3ffffff
1b94521f-79c0-4e47-a543-50a46720a494,1928159343,Verbesina alata,Verbesina alata L.,Asteraceae,Verbesina,SPECIES,PRESERVED_SPECIMEN,1984-12-17,1984,-70.97,19.67,NA,d415c253-4d61-4459-9d25-4015b9084fb0,NY,NY,27,02,ESPERANZA,042702,874c89889ffffff
1c86fae5-1b8b-47f6-8b8d-f89e9eea9307,1928169678,Solanum tetramerum,Solanum tetramerum Dunal & A.DC.,Solanaceae,Solanum,SPECIES,PRESERVED_SPECIMEN,1969-05-21,1969,-70.964067,19.654327,1106.57,d415c253-4d61-4459-9d25-4015b9084fb0,NY,NY,27,02,ESPERANZA,042702,874c898d0ffffff
1cb49bca-6872-4e84-ad98-16b1e644822a,1928172309,Tetrapterys buxifolia,Tetrapterys buxifolia Cav.,Malpighiaceae,Tetrapterys,SPECIES,PRESERVED_SPECIMEN,1969-05-23,1969,-70.964067,19.654327,1106.57,d415c253-4d61-4459-9d25-4015b9084fb0,NY,NY,27,02,ESPERANZA,042702,874c898d0ffffff
1cc5e7f6-3c22-424d-8a89-ecc4ddd71ed1,1928176012,Pleopeltis polypodioides,Pleopeltis polypodioides (L.) E.G.Andrews & Windham,Polypodiaceae,Pleopeltis,SPECIES,PRESERVED_SPECIMEN,1984-12-17,1984,-70.97,19.67,NA,d415c253-4d61-4459-9d25-4015b9084fb0,NY,NY,27,02,ESPERANZA,042702,874c89889ffffff
1d4339b6-1f04-4a78-b3ed-ac376502586f,1928185247,Spermacoce tenuior,Spermacoce tenuior L.,Rubiaceae,Spermacoce,SPECIES,PRESERVED_SPECIMEN,1969-05-19,1969,-70.964067,19.654327,1106.57,d415c253-4d61-4459-9d25-4015b9084fb0,NY,NY,27,02,ESPERANZA,042702,874c898d0ffffff
1eb399ba-8a8e-4614-adbe-5c6c2858f927,1928203734,Miconia calycina,Miconia calycina Cogn.,Melastomataceae,Miconia,SPECIES,PRESERVED_SPECIMEN,1984-12-18,1984,-70.97,19.68,NA,d415c253-4d61-4459-9d25-4015b9084fb0,NY,NY,27,02,ESPERANZA,042702,874c89889ffffff
1f04acfb-12e7-4a1a-a68f-ce24fa99476b,1928208116,Guapira brevipetiolata,Guapira brevipetiolata (Heimerl) Alain,Nyctaginaceae,Guapira,SPECIES,PRESERVED_SPECIMEN,1969-05-14,1969,-70.964067,19.654327,1106.57,d415c253-4d61-4459-9d25-4015b9084fb0,NY,NY,27,02,ESPERANZA,042702,874c898d0ffffff
1f2cbfa0-4296-4032-a73b-f86e4e747dca,1928210609,Leucobryum polakowskyi,Leucobryum polakowskyi (Müll. Hal. ex Besch.) Cardot,Leucobryaceae,Leucobryum,SPECIES,PRESERVED_SPECIMEN,1981-03-24,1981,-70.95,19.67,NA,d415c253-4d61-4459-9d25-4015b9084fb0,NY,NY,27,02,ESPERANZA,042702,874c898f3ffffff
1f70201f-6c6d-46ed-8a57-0552a1d99e15,1928214307,Rhynchostegium serrulatum,Rhynchostegium serrulatum (Hedw.) A.Jaeger,Brachytheciaceae,Rhynchostegium,SPECIES,PRESERVED_SPECIMEN,1981-03-24,1981,-70.95,19.67,NA,d415c253-4d61-4459-9d25-4015b9084fb0,NY,NY,27,02,ESPERANZA,042702,874c898f3ffffff
1fd5be5c-2e46-40e2-841d-7557416ab5ae,1928219545,Badiera penaea,Badiera penaea (L.) DC.,Polygalaceae,Badiera,SPECIES,PRESERVED_SPECIMEN,1969-06-06,1969,-70.964067,19.654327,1106.57,d415c253-4d61-4459-9d25-4015b9084fb0,NY,NY,27,02,ESPERANZA,042702,874c898d0ffffff
207a2b28-d91b-4b70-abbf-0c47b3230b21,1928229224,Lasiacis sloanei,Lasiacis sloanei (Griseb.) Hitchc.,Poaceae,Lasiacis,SPECIES,PRESERVED_SPECIMEN,1969-11-27,1969,-70.964067,19.654327,1106.57,d415c253-4d61-4459-9d25-4015b9084fb0,NY,NY,27,02,ESPERANZA,042702,874c898d0ffffff
20cf8018-0101-435b-9a12-348e93f0b207,1928233908,Sida abutilifolia,Sida abutilifolia Mill.,Malvaceae,Sida,SPECIES,PRESERVED_SPECIMEN,1969-06-26,1969,-70.964067,19.654327,1106.57,d415c253-4d61-4459-9d25-4015b9084fb0,NY,NY,27,02,ESPERANZA,042702,874c898d0ffffff
20e3f9d3-a3e8-49c1-8c3a-7948918cdafb,1928234885,Illicium parviflorum,Illicium parviflorum Michx.,Schisandraceae,Illicium,SPECIES,PRESERVED_SPECIMEN,1984-12-18,1984,-70.97,19.68,NA,d415c253-4d61-4459-9d25-4015b9084fb0,NY,NY,27,02,ESPERANZA,042702,874c89889ffffff
2123e068-f8c0-43f7-a1f7-d27714e2a588,1928238515,Pseudabutilon umbellatum,Pseudabutilon umbellatum (L.) Fryxell,Malvaceae,Pseudabutilon,SPECIES,PRESERVED_SPECIMEN,1969-05-26,1969,-70.964067,19.654327,1106.57,d415c253-4d61-4459-9d25-4015b9084fb0,NY,NY,27,02,ESPERANZA,042702,874c898d0ffffff
21330534-fe8a-4899-bcce-43d4b7769100,1928239260,Zanthoxylum taediosum,Zanthoxylum taediosum A.Rich.,Rutaceae,Zanthoxylum,SPECIES,PRESERVED_SPECIMEN,1969-05-26,1969,-70.964067,19.654327,1106.57,d415c253-4d61-4459-9d25-4015b9084fb0,NY,NY,27,02,ESPERANZA,042702,874c898d0ffffff
2291eff9-c0d6-4bf2-b8c6-7f9cd7e53481,1928258742,Stachytarpheta strigosa,Stachytarpheta strigosa Vahl,Verbenaceae,Stachytarpheta,SPECIES,PRESERVED_SPECIMEN,1969-05-19,1969,-70.964067,19.654327,1106.57,d415c253-4d61-4459-9d25-4015b9084fb0,NY,NY,27,02,ESPERANZA,042702,874c898d0ffffff
22dd195d-3b71-4a35-9d73-01bf8df757fa,1928262538,Chiococca alba,Chiococca alba (L.) Hitchc.,Rubiaceae,Chiococca,SPECIES,PRESERVED_SPECIMEN,1969-06-06,1969,-70.964067,19.654327,1106.57,d415c253-4d61-4459-9d25-4015b9084fb0,NY,NY,27,02,ESPERANZA,042702,874c898d0ffffff
23243a9f-b207-4226-9f80-e40858862c0e,1928266864,Erithalis fruticosa,Erithalis fruticosa L.,Rubiaceae,Erithalis,SPECIES,PRESERVED_SPECIMEN,1969-05-19,1969,-70.964067,19.654327,1106.57,d415c253-4d61-4459-9d25-4015b9084fb0,NY,NY,27,02,ESPERANZA,042702,874c898d0ffffff
2362814e-2f5a-4d11-9616-0ab79f98d580,1928269639,Anthurium scandens,Anthurium scandens (Aubl.) Engl.,Araceae,Anthurium,SPECIES,PRESERVED_SPECIMEN,1984-12-18,1984,-70.97,19.68,NA,d415c253-4d61-4459-9d25-4015b9084fb0,NY,NY,27,02,ESPERANZA,042702,874c89889ffffff
246670be-c2cc-46dd-ae51-370f0d5585e9,1928283959,Wedelia ehrenbergii,Wedelia ehrenbergii Less.,Asteraceae,Wedelia,SPECIES,PRESERVED_SPECIMEN,1969-05-21,1969,-70.964067,19.654327,1106.57,d415c253-4d61-4459-9d25-4015b9084fb0,NY,NY,27,02,ESPERANZA,042702,874c898d0ffffff
24c11609-1149-4147-a11e-84ec2b6e77a6,1928289060,Miconia limoides,Leandra limoides (Urb.) Judd & Skean,Melastomataceae,Miconia,SPECIES,PRESERVED_SPECIMEN,1984-12-18,1984,-70.97,19.68,NA,d415c253-4d61-4459-9d25-4015b9084fb0,NY,NY,27,02,ESPERANZA,042702,874c89889ffffff
25292066-a0d8-4a8c-b5df-70a43e9ca129,1928294457,Berylsimpsonia vanillosma,Berylsimpsonia vanillosma (C.Wright) B.L.Turner,Asteraceae,Berylsimpsonia,SPECIES,PRESERVED_SPECIMEN,1969-05-22,1969,-70.964067,19.654327,1106.57,d415c253-4d61-4459-9d25-4015b9084fb0,NY,NY,27,02,ESPERANZA,042702,874c898d0ffffff
2574536e-38ec-4be1-bd6e-00df5d7768f1,1928298917,Guettarda elliptica,Guettarda elliptica Sw.,Rubiaceae,Guettarda,SPECIES,PRESERVED_SPECIMEN,1969-05-19,1969,-70.964067,19.654327,1106.57,d415c253-4d61-4459-9d25-4015b9084fb0,NY,NY,27,02,ESPERANZA,042702,874c898d0ffffff
25d0a170-96d3-4be1-8c56-aaa23d64790a,1928303942,Bourreria havanensis,Bourreria urbanii O.E.Schulz,Ehretiaceae,Bourreria,SPECIES,PRESERVED_SPECIMEN,1969-06-26,1969,-70.964067,19.654327,1106.57,d415c253-4d61-4459-9d25-4015b9084fb0,NY,NY,27,02,ESPERANZA,042702,874c898d0ffffff
2601A427-48EB-4E0D-9FB5-37E848E8EAF4,122967000,Lantana reticulata,Lantana reticulata Pers.,Verbenaceae,Lantana,SPECIES,PRESERVED_SPECIMEN,1984-12-18,1984,-70.8833,19.6167,NA,832cb04e-f762-11e1-a439-00145eb45e9a,FTG,Herbarium,27,02,ESPERANZA,042702,874c898ceffffff
2626afe2-1171-46c1-96b6-d83164b5e3c3,1928309708,Fissidens zollingeri,Fissidens zollingeri Mont.,Fissidentaceae,Fissidens,SPECIES,PRESERVED_SPECIMEN,1981-03-24,1981,-70.95,19.67,NA,d415c253-4d61-4459-9d25-4015b9084fb0,NY,NY,27,02,ESPERANZA,042702,874c898f3ffffff
262b4610-1bae-47a6-a600-d925d3d88345,1928308610,Lantana pauciflora,Lantana pauciflora Urb.,Verbenaceae,Lantana,SPECIES,PRESERVED_SPECIMEN,1969-05-21,1969,-70.964067,19.654327,1106.57,d415c253-4d61-4459-9d25-4015b9084fb0,NY,NY,27,02,ESPERANZA,042702,874c898d0ffffff
26abaf63-1b56-4c13-990e-45c04943c221,1928317001,Chamaecrista pedicellaris,Chamaecrista pedicellaris var. adenosperma (Urb.) H.S.Irwin & Barneby,Fabaceae,Chamaecrista,VARIETY,PRESERVED_SPECIMEN,1969-05-09,1969,-70.964067,19.654327,1106.57,d415c253-4d61-4459-9d25-4015b9084fb0,NY,NY,27,02,ESPERANZA,042702,874c898d0ffffff
270024f3-2895-43bd-830e-916018b3b524,1928320574,Euphorbia tithymaloides,Euphorbia tithymaloides subsp. angustifolia (Poit.) V.W.Steinm.,Euphorbiaceae,Euphorbia,SUBSPECIES,PRESERVED_SPECIMEN,1968-05-04,1968,-70.964067,19.654327,1106.57,d415c253-4d61-4459-9d25-4015b9084fb0,NY,NY,27,02,ESPERANZA,042702,874c898d0ffffff
27b06bbc-bbff-4a0c-99e6-b3258bdd4d4b,1928330339,Hyophila involuta,Hyophila involuta (Hook.) A. Jaeger,Pottiaceae,Hyophila,SPECIES,PRESERVED_SPECIMEN,1981-03-24,1981,-70.95,19.67,NA,d415c253-4d61-4459-9d25-4015b9084fb0,NY,NY,27,02,ESPERANZA,042702,874c898f3ffffff
281639c6-76ea-44d3-b0cc-24d41ccaeaf2,1928336736,Racopilum tomentosum,Racopilum tomentosum (Hedw.) Brid.,Racopilaceae,Racopilum,SPECIES,PRESERVED_SPECIMEN,1981-03-24,1981,-70.95,19.67,NA,d415c253-4d61-4459-9d25-4015b9084fb0,NY,NY,27,02,ESPERANZA,042702,874c898f3ffffff
289842bb-2ce3-45fc-8803-81fbb55222e6,1928342924,Hymenophyllum polyanthos,Hymenophyllum polyanthos (Sw.) Sw.,Hymenophyllaceae,Hymenophyllum,SPECIES,PRESERVED_SPECIMEN,1984-12-18,1984,-70.97,19.68,NA,d415c253-4d61-4459-9d25-4015b9084fb0,NY,NY,27,02,ESPERANZA,042702,874c89889ffffff
28b7c16c-614d-41aa-99f1-c0724bc30c21,1928344694,Foeniculum vulgare,Foeniculum vulgare Mill.,Apiaceae,Foeniculum,SPECIES,PRESERVED_SPECIMEN,1984-12-17,1984,-70.97,19.67,NA,d415c253-4d61-4459-9d25-4015b9084fb0,NY,NY,27,02,ESPERANZA,042702,874c89889ffffff
28bc6b44-5d59-4e53-a7d1-7d41a3409c8b,1928345801,Hippocratea volubilis,Hippocratea volubilis L.,Celastraceae,Hippocratea,SPECIES,PRESERVED_SPECIMEN,1984-12-17,1984,-70.97,19.67,NA,d415c253-4d61-4459-9d25-4015b9084fb0,NY,NY,27,02,ESPERANZA,042702,874c89889ffffff
28f9a802-bb59-4119-a8f2-df544d1b98dc,1928349711,Nyctaginaceae Juss.,Nyctaginaceae Juss.,Nyctaginaceae,,FAMILY,PRESERVED_SPECIMEN,1969-05-14,1969,-70.964067,19.654327,1106.57,d415c253-4d61-4459-9d25-4015b9084fb0,NY,NY,27,02,ESPERANZA,042702,874c898d0ffffff
2951d36a-2c28-4b30-9dee-2fa3c7658c5c,1928353896,Hyperbaena laurifolia,Hyperbaena laurifolia (Poir.) Urb.,Menispermaceae,Hyperbaena,SPECIES,PRESERVED_SPECIMEN,1969-05-22,1969,-70.964067,19.654327,1106.57,d415c253-4d61-4459-9d25-4015b9084fb0,NY,NY,27,02,ESPERANZA,042702,874c898d0ffffff
295acd8a-c0b4-428e-8742-6cd4fe3fe3bc,1928353981,Oreopanax capitatus,Oreopanax capitatus (Jacq.) Decne. & Planch.,Araliaceae,Oreopanax,SPECIES,PRESERVED_SPECIMEN,1987-12-22,1987,-70.97,19.67,NA,d415c253-4d61-4459-9d25-4015b9084fb0,NY,NY,27,02,ESPERANZA,042702,874c89889ffffff
29cd4af1-457c-43ab-bfa5-18fccfb7dd80,1928360544,Oplonia spinosa,Oplonia spinosa (Jacq.) Raf.,Acanthaceae,Oplonia,SPECIES,PRESERVED_SPECIMEN,1969-05-22,1969,-70.964067,19.654327,1106.57,d415c253-4d61-4459-9d25-4015b9084fb0,NY,NY,27,02,ESPERANZA,042702,874c898d0ffffff
2addd0d3-7f75-4547-83ee-5d937b66667c,1928375285,Eugenia monticola,Eugenia monticola (Sw.) DC.,Myrtaceae,Eugenia,SPECIES,PRESERVED_SPECIMEN,1969-05-22,1969,-70.964067,19.654327,1106.57,d415c253-4d61-4459-9d25-4015b9084fb0,NY,NY,27,02,ESPERANZA,042702,874c898d0ffffff
2b45088d-9440-4533-9285-c9831b7a2281,1928381956,Meteorium deppei,Meteorium deppei (Hornsch. ex Müll. Hal.) Mitt.,Meteoriaceae,Meteorium,SPECIES,PRESERVED_SPECIMEN,1981-03-24,1981,-70.95,19.67,NA,d415c253-4d61-4459-9d25-4015b9084fb0,NY,NY,27,02,ESPERANZA,042702,874c898f3ffffff
2b46a97f-0efa-47c5-8b16-36b4cfdbd981,1928381831,Rhodobryum dominghense,Rhodobryum dominghense (Brid.) Besch.,Bryaceae,Rhodobryum,SPECIES,PRESERVED_SPECIMEN,1981-03-24,1981,-70.95,19.67,NA,d415c253-4d61-4459-9d25-4015b9084fb0,NY,NY,27,02,ESPERANZA,042702,874c898f3ffffff
2b5fa473-aefa-4d21-aac6-f747b6c3e60e,1928383430,Catopsis floribunda,Catopsis floribunda L.B.Sm.,Bromeliaceae,Catopsis,SPECIES,PRESERVED_SPECIMEN,1984-12-18,1984,-70.97,19.68,NA,d415c253-4d61-4459-9d25-4015b9084fb0,NY,NY,27,02,ESPERANZA,042702,874c89889ffffff
2b84829f-52c9-4416-9ae0-b269df8eb1dd,1928385178,Chionoloma richardsii,"Chionoloma richardsii (E.B. Bartram) M. Alonso, M.J. Cano & J.A. Jiménez",Pottiaceae,Chionoloma,SPECIES,PRESERVED_SPECIMEN,1981-03-24,1981,-70.95,19.67,NA,d415c253-4d61-4459-9d25-4015b9084fb0,NY,NY,27,02,ESPERANZA,042702,874c898f3ffffff
2c112e68-bedf-476b-b6bb-64e491b4318e,1928393373,Colubrina elliptica,Colubrina elliptica (Sw.) Brizicky & W.L.Stern,Rhamnaceae,Colubrina,SPECIES,PRESERVED_SPECIMEN,1969-11-27,1969,-70.964067,19.654327,1106.57,d415c253-4d61-4459-9d25-4015b9084fb0,NY,NY,27,02,ESPERANZA,042702,874c898d0ffffff
2c88bf72-ea20-4c2e-a031-18f8528edd79,1928399245,Squamidium nigricans,Squamidium nigricans (Hook.) Broth.,Brachytheciaceae,Squamidium,SPECIES,PRESERVED_SPECIMEN,1981-03-24,1981,-70.95,19.67,NA,d415c253-4d61-4459-9d25-4015b9084fb0,NY,NY,27,02,ESPERANZA,042702,874c898f3ffffff
2cf8030e-9d9d-442b-8289-595a798c2e16,1928405454,Myrcianthes fragrans,Myrcianthes fragrans (Sw.) McVaugh,Myrtaceae,Myrcianthes,SPECIES,PRESERVED_SPECIMEN,1969-05-23,1969,-70.964067,19.654327,1106.57,d415c253-4d61-4459-9d25-4015b9084fb0,NY,NY,27,02,ESPERANZA,042702,874c898d0ffffff
2d7416bb-d05c-4b3a-b027-24c67c7764b4,1928412347,Brittonodoxa subpinnata,Sematophyllum subpinnatum (Brid.) E. Britton,Sematophyllaceae,Brittonodoxa,SPECIES,PRESERVED_SPECIMEN,1981-03-24,1981,-70.95,19.67,NA,d415c253-4d61-4459-9d25-4015b9084fb0,NY,NY,27,02,ESPERANZA,042702,874c898f3ffffff
2d7e3857-5d20-43d6-a73b-5acc75317057,1928412923,Haplocladium microphyllum,Haplocladium microphyllum (Hedw.) Broth.,Leskeaceae,Haplocladium,SPECIES,PRESERVED_SPECIMEN,1981-03-24,1981,-70.95,19.67,NA,d415c253-4d61-4459-9d25-4015b9084fb0,NY,NY,27,02,ESPERANZA,042702,874c898f3ffffff
2d877258-f7a4-42e2-af5d-7458326ec8d3,1928413063,Eugenia procera,Eugenia procera (Sw.) Poir.,Myrtaceae,Eugenia,SPECIES,PRESERVED_SPECIMEN,1969-05-23,1969,-70.964067,19.654327,1106.57,d415c253-4d61-4459-9d25-4015b9084fb0,NY,NY,27,02,ESPERANZA,042702,874c898d0ffffff
2db8ae8a-7c0b-4424-8228-5fabd2e7ef63,1928415889,Metastelma parviflorum,Metastelma parviflorum (Sw.) R.Br. ex Schult.,Apocynaceae,Metastelma,SPECIES,PRESERVED_SPECIMEN,1969-05-14,1969,-70.964067,19.654327,1106.57,d415c253-4d61-4459-9d25-4015b9084fb0,NY,NY,27,02,ESPERANZA,042702,874c898d0ffffff
2e10bfe1-62bc-41e7-bd36-6e1a7d20149f,1928420498,Eugenia rhombea,Eugenia rhombea (O.Berg) Krug & Urb. ex Urb.,Myrtaceae,Eugenia,SPECIES,PRESERVED_SPECIMEN,1969-05-19,1969,-70.964067,19.654327,1106.57,d415c253-4d61-4459-9d25-4015b9084fb0,NY,NY,27,02,ESPERANZA,042702,874c898d0ffffff
2e77d185-da3f-4df7-8477-87299a518cc4,1928426810,Epidendrum ramosum,Epidendrum ramosum Jacq.,Orchidaceae,Epidendrum,SPECIES,PRESERVED_SPECIMEN,1984-12-18,1984,-70.97,19.68,NA,d415c253-4d61-4459-9d25-4015b9084fb0,NY,NY,27,02,ESPERANZA,042702,874c89889ffffff
2f2eb728-1211-4df0-aa92-ec027b7cb547,1928436489,Guarea guidonia,Guarea guidonia (L.) Sleumer,Meliaceae,Guarea,SPECIES,PRESERVED_SPECIMEN,1984-12-17,1984,-70.97,19.67,NA,d415c253-4d61-4459-9d25-4015b9084fb0,NY,NY,27,02,ESPERANZA,042702,874c89889ffffff
2fb93c96-06d3-4bea-bc95-337068fa26d3,1928443730,Solanum americanum,Solanum americanum Mill.,Solanaceae,Solanum,SPECIES,PRESERVED_SPECIMEN,1969-06-06,1969,-70.964067,19.654327,1106.57,d415c253-4d61-4459-9d25-4015b9084fb0,NY,NY,27,02,ESPERANZA,042702,874c898d0ffffff
3000501a-8edc-41d4-aa7c-8e1f6a92058d,1928447798,Karwinskia caloneura,Karwinskia caloneura Urb.,Rhamnaceae,Karwinskia,SPECIES,PRESERVED_SPECIMEN,1969-04-23,1969,-70.964067,19.654327,1106.57,d415c253-4d61-4459-9d25-4015b9084fb0,NY,NY,27,02,ESPERANZA,042702,874c898d0ffffff
30832e7b-c358-4f87-8df6-3b058bd8fd2d,1457760279,Microgramma piloselloides,Microgramma piloselloides (L.) Copel.,Polypodiaceae,Microgramma,SPECIES,PRESERVED_SPECIMEN,1989-09-30,1989,-70.9,19.65,NA,b89d52a2-861d-4388-adad-c0da3d55fc78,UF,,27,02,ESPERANZA,042702,874c898c0ffffff
31274d5e-7993-4809-9ab4-c04a1b2cd613,1928463661,Hymenocallis latifolia,Hymenocallis latifolia (Mill.) M.Roem.,Amaryllidaceae,Hymenocallis,SPECIES,PRESERVED_SPECIMEN,1931-05-27,1931,-70.942599,19.654223000000002,3391.57,d415c253-4d61-4459-9d25-4015b9084fb0,NY,NY,27,02,ESPERANZA,042702,874c898d5ffffff
313497ce-18f8-4697-9919-d452f1eb8990,1928466968,Lepidaploa sericea,Lepidaploa sericea (Rich.) H.Rob.,Asteraceae,Lepidaploa,SPECIES,PRESERVED_SPECIMEN,1969-05-19,1969,-70.964067,19.654327,1106.57,d415c253-4d61-4459-9d25-4015b9084fb0,NY,NY,27,02,ESPERANZA,042702,874c898d0ffffff
31523c92-18f8-4397-83de-ca3c67656bc0,1928465634,Tradescantia zanonia,Tradescantia zanonia (L.) Sw.,Commelinaceae,Tradescantia,SPECIES,PRESERVED_SPECIMEN,1984-12-17,1984,-70.97,19.67,NA,d415c253-4d61-4459-9d25-4015b9084fb0,NY,NY,27,02,ESPERANZA,042702,874c89889ffffff
315bcf82-cce5-4657-b651-f706659f27d2,1928466103,Rhynchostegium serrulatum,Rhynchostegium serrulatum (Hedw.) A.Jaeger,Brachytheciaceae,Rhynchostegium,SPECIES,PRESERVED_SPECIMEN,1981-03-24,1981,-70.95,19.67,NA,d415c253-4d61-4459-9d25-4015b9084fb0,NY,NY,27,02,ESPERANZA,042702,874c898f3ffffff
3186de62-7ed5-44de-bf01-cd434612019c,1928468668,Moeroris amara,Phyllanthus amarus Schumach. & Thonn.,Phyllanthaceae,Moeroris,SPECIES,PRESERVED_SPECIMEN,1969-05-21,1969,-70.964067,19.654327,1106.57,d415c253-4d61-4459-9d25-4015b9084fb0,NY,NY,27,02,ESPERANZA,042702,874c898d0ffffff
31ae4c43-e5f3-4b90-9e9a-27030d14fbf3,1928471432,Acalypha cuspidata,Acalypha cuspidata Jacq.,Euphorbiaceae,Acalypha,SPECIES,PRESERVED_SPECIMEN,1969-05-14,1969,-70.964067,19.654327,1106.57,d415c253-4d61-4459-9d25-4015b9084fb0,NY,NY,27,02,ESPERANZA,042702,874c898d0ffffff
31bff48a-3810-4539-9fce-566fa3a023b5,1928472509,Critonia inaequidens,Critonia inaequidens (Urb.) R.M.King & H.Rob.,Asteraceae,Critonia,SPECIES,PRESERVED_SPECIMEN,1984-12-18,1984,-70.97,19.68,NA,d415c253-4d61-4459-9d25-4015b9084fb0,NY,NY,27,02,ESPERANZA,042702,874c89889ffffff
31ee1876-db98-4c75-96f2-11ea621e9cc0,1928474795,Asplenium auritum,Asplenium auritum Sw.,Aspleniaceae,Asplenium,SPECIES,PRESERVED_SPECIMEN,1984-12-17,1984,-70.97,19.67,NA,d415c253-4d61-4459-9d25-4015b9084fb0,NY,NY,27,02,ESPERANZA,042702,874c89889ffffff
3234f882-34cd-4e62-a5b9-2e3e08390040,1928478876,Peperomia obtusifolia,Peperomia obtusifolia var. alveolata (Trel.) Alain,Piperaceae,Peperomia,VARIETY,PRESERVED_SPECIMEN,1984-12-18,1984,-70.97,19.68,NA,d415c253-4d61-4459-9d25-4015b9084fb0,NY,NY,27,02,ESPERANZA,042702,874c89889ffffff
325d8aac-0ae7-412d-8b55-f530aa4e5399,1928480918,Gyminda latifolia,Gyminda latifolia (Sw.) Urb.,Celastraceae,Gyminda,SPECIES,PRESERVED_SPECIMEN,1969-06-06,1969,-70.964067,19.654327,1106.57,d415c253-4d61-4459-9d25-4015b9084fb0,NY,NY,27,02,ESPERANZA,042702,874c898d0ffffff
32e3ce7d-eada-4fa3-aea0-5dca23e74795,1928488396,Chloris cubensis,Chloris sagrana subsp. cubensis (Hitchc. & Ekman) Catasús,Poaceae,Chloris,SUBSPECIES,PRESERVED_SPECIMEN,1969-06-06,1969,-70.964067,19.654327,1106.57,d415c253-4d61-4459-9d25-4015b9084fb0,NY,NY,27,02,ESPERANZA,042702,874c898d0ffffff
33255213-7a36-4468-a24b-da84e9789682,1928491845,Guapira fragrans,Guapira fragrans (Dum.Cours.) Little,Nyctaginaceae,Guapira,SPECIES,PRESERVED_SPECIMEN,1969-05-21,1969,-70.964067,19.654327,1106.57,d415c253-4d61-4459-9d25-4015b9084fb0,NY,NY,27,02,ESPERANZA,042702,874c898d0ffffff
338af0f8-e143-4b56-ab4a-8b5c0a02f59e,1928497457,Ateleia microcarpa,Ateleia microcarpa (Pers.) D.Dietr.,Fabaceae,Ateleia,SPECIES,PRESERVED_SPECIMEN,1969-05-22,1969,-70.964067,19.654327,1106.57,d415c253-4d61-4459-9d25-4015b9084fb0,NY,NY,27,02,ESPERANZA,042702,874c898d0ffffff
33c12b38-e78c-4a64-b39c-fcb0315e305a,1928501818,Schoepfia obovata,Schoepfia obovata C.Wright,Schoepfiaceae,Schoepfia,SPECIES,PRESERVED_SPECIMEN,1969-11-27,1969,-70.964067,19.654327,1106.57,d415c253-4d61-4459-9d25-4015b9084fb0,NY,NY,27,02,ESPERANZA,042702,874c898d0ffffff
33f93245-8524-4799-a0df-4d82176e4ff7,1928503755,Pteridium esculentum,Pteridium arachnoideum (Kaulf.) Maxon,Dennstaedtiaceae,Pteridium,SPECIES,PRESERVED_SPECIMEN,1984-12-18,1984,-70.97,19.68,NA,d415c253-4d61-4459-9d25-4015b9084fb0,NY,NY,27,02,ESPERANZA,042702,874c89889ffffff
349caaee-5da5-41cf-aad8-337b29ab5add,3920743314,Phlegmariurus pringlei,Lycopodium pringlei Underw. & F.E.Lloyd,Lycopodiaceae,Phlegmariurus,SPECIES,PRESERVED_SPECIMEN,1989-09-30,1989,-70.9,19.65,NA,b89d52a2-861d-4388-adad-c0da3d55fc78,UF,,27,02,ESPERANZA,042702,874c898c0ffffff
34b84f65-d572-496d-bd72-59a60a26f15b,1928513686,Nephrolepis hirsutula,Nephrolepis hirsutula (G.Forst.) C.Presl,Nephrolepidaceae,Nephrolepis,SPECIES,PRESERVED_SPECIMEN,1984-12-18,1984,-70.97,19.68,NA,d415c253-4d61-4459-9d25-4015b9084fb0,NY,NY,27,02,ESPERANZA,042702,874c89889ffffff
3595dfa7-dcc9-4371-9cf4-619008d021ba,1928526106,Celosia nitida,Celosia nitida Vahl,Amaranthaceae,Celosia,SPECIES,PRESERVED_SPECIMEN,1969-06-06,1969,-70.964067,19.654327,1106.57,d415c253-4d61-4459-9d25-4015b9084fb0,NY,NY,27,02,ESPERANZA,042702,874c898d0ffffff
359a0af9-2c53-47c7-afff-daa20de40085,1928526251,Calyptothecium duplicatum,Calyptothecium duplicatum (Schwägr.) Broth.,Pterobryaceae,Calyptothecium,SPECIES,PRESERVED_SPECIMEN,1981-03-24,1981,-70.95,19.67,NA,d415c253-4d61-4459-9d25-4015b9084fb0,NY,NY,27,02,ESPERANZA,042702,874c898f3ffffff
35b5eb55-4413-4528-905f-54476bc5462c,1928527851,Philonotis sphaericarpa,Philonotis sphaericarpa (Hedw.) Brid.,Bartramiaceae,Philonotis,SPECIES,PRESERVED_SPECIMEN,1981-03-24,1981,-70.95,19.67,NA,d415c253-4d61-4459-9d25-4015b9084fb0,NY,NY,27,02,ESPERANZA,042702,874c898f3ffffff
35e2b2b8-30d4-4cad-930a-ef7c3117962d,1928530181,Phyllanthus niruri,Phyllanthus niruri L.,Phyllanthaceae,Phyllanthus,SPECIES,PRESERVED_SPECIMEN,1969-05-22,1969,-70.964067,19.654327,1106.57,d415c253-4d61-4459-9d25-4015b9084fb0,NY,NY,27,02,ESPERANZA,042702,874c898d0ffffff
3617e2e4-ce99-4a78-85d6-7232e32c3723,1928532937,Eugenia domingensis,Eugenia domingensis O.Berg,Myrtaceae,Eugenia,SPECIES,PRESERVED_SPECIMEN,1969-05-21,1969,-70.964067,19.654327,1106.57,d415c253-4d61-4459-9d25-4015b9084fb0,NY,NY,27,02,ESPERANZA,042702,874c898d0ffffff
369955e4-4278-465b-825a-7f652c6adae1,1928539970,Tillandsia pruinosa,Tillandsia pruinosa Sw.,Bromeliaceae,Tillandsia,SPECIES,PRESERVED_SPECIMEN,1929-12-18,1929,-70.942599,19.654223000000002,3391.57,d415c253-4d61-4459-9d25-4015b9084fb0,NY,NY,27,02,ESPERANZA,042702,874c898d5ffffff
369df714-55ce-487f-971c-98b35c00ed40,1928540896,Anemia underwoodiana,Anemia underwoodiana Maxon,Anemiaceae,Anemia,SPECIES,PRESERVED_SPECIMEN,1984-12-17,1984,-70.97,19.67,NA,d415c253-4d61-4459-9d25-4015b9084fb0,NY,NY,27,02,ESPERANZA,042702,874c89889ffffff
37b72a3d-958e-4ad8-b69f-29ab53d06ca3,1928556166,Nissolia vincentina,Nissolia vincentina (Ker Gawl.) T.M.Moura & Fort.-Perez,Fabaceae,Nissolia,SPECIES,PRESERVED_SPECIMEN,1969-05-21,1969,-70.964067,19.654327,1106.57,d415c253-4d61-4459-9d25-4015b9084fb0,NY,NY,27,02,ESPERANZA,042702,874c898d0ffffff
38148e57-4d18-4539-ae13-ba1c9621cd2f,1928561053,Goniopteris retroflexa,Thelypteris retroflexa (L.) Proctor & Lourteig,Thelypteridaceae,Goniopteris,SPECIES,PRESERVED_SPECIMEN,1989-09-29,1989,-70.9,19.65,NA,d415c253-4d61-4459-9d25-4015b9084fb0,NY,NY,27,02,ESPERANZA,042702,874c898c0ffffff
38440e58-aae4-4132-9939-39b9f4ff98ad,1928563772,Croton humilis,Croton humilis L.,Euphorbiaceae,Croton,SPECIES,PRESERVED_SPECIMEN,1968-05-04,1968,-70.964067,19.654327,1106.57,d415c253-4d61-4459-9d25-4015b9084fb0,NY,NY,27,02,ESPERANZA,042702,874c898d0ffffff
3958c495-e2cd-4728-b1cb-7526e4300aa8,1928580023,Ruehssia linearis,Marsdenia linearis Decne.,Apocynaceae,Ruehssia,SPECIES,PRESERVED_SPECIMEN,1969-05-19,1969,-70.964067,19.654327,1106.57,d415c253-4d61-4459-9d25-4015b9084fb0,NY,NY,27,02,ESPERANZA,042702,874c898d0ffffff
39e9ed92-9bf4-40d9-ae02-0072a0e2852b,1928587349,Ipomoea nematoloba,Ipomoea nematoloba Urb.,Convolvulaceae,Ipomoea,SPECIES,PRESERVED_SPECIMEN,1969-05-21,1969,-70.964067,19.654327,1106.57,d415c253-4d61-4459-9d25-4015b9084fb0,NY,NY,27,02,ESPERANZA,042702,874c898d0ffffff
39fefa89-e973-4559-924a-3caafd5582f1,1928588393,Hyophila involuta,Hyophila involuta (Hook.) A. Jaeger,Pottiaceae,Hyophila,SPECIES,PRESERVED_SPECIMEN,1981-03-24,1981,-70.95,19.67,NA,d415c253-4d61-4459-9d25-4015b9084fb0,NY,NY,27,02,ESPERANZA,042702,874c898f3ffffff
3bd176f8-a201-49a0-b4a6-f23932ee941d,1928613920,Lepidaploa sprengeliana,Lepidaploa sprengeliana (Sch.Bip.) H.Rob.,Asteraceae,Lepidaploa,SPECIES,PRESERVED_SPECIMEN,1987-12-22,1987,-70.97,19.67,NA,d415c253-4d61-4459-9d25-4015b9084fb0,NY,NY,27,02,ESPERANZA,042702,874c89889ffffff
3ddeedb7-c422-428a-b775-feeffcc9f61d,1928642761,Meteorium nigrescens,Meteorium nigrescens (Sw. ex Hedw.) Dozy & Molk.,Meteoriaceae,Meteorium,SPECIES,PRESERVED_SPECIMEN,1981-03-24,1981,-70.95,19.67,NA,d415c253-4d61-4459-9d25-4015b9084fb0,NY,NY,27,02,ESPERANZA,042702,874c898f3ffffff
3df6a3fe-044e-4c3d-92bf-798f181e679c,1928644230,Solanum nudum,Solanum nudum Humb. & Bonpl. ex Dunal,Solanaceae,Solanum,SPECIES,PRESERVED_SPECIMEN,1984-12-17,1984,-70.97,19.67,NA,d415c253-4d61-4459-9d25-4015b9084fb0,NY,NY,27,02,ESPERANZA,042702,874c89889ffffff
3e46e801-75bb-4847-b9e1-991c95793bad,1928648727,Rosulabryum truncorum,Bryum truncorum (Brid.) Brid.,Bryaceae,Rosulabryum,SPECIES,PRESERVED_SPECIMEN,1981-03-24,1981,-70.95,19.67,NA,d415c253-4d61-4459-9d25-4015b9084fb0,NY,NY,27,02,ESPERANZA,042702,874c898f3ffffff
3eb3f59a-dc34-4efd-b17e-5d3bbcede19d,1928654745,Elaphoglossum peltatum,Elaphoglossum peltatum (Sw.) Urb.,Dryopteridaceae,Elaphoglossum,SPECIES,PRESERVED_SPECIMEN,1930-01-10,1930,-70.95,19.65,NA,d415c253-4d61-4459-9d25-4015b9084fb0,NY,NY,27,02,ESPERANZA,042702,874c898d5ffffff
3fe3b389-ec54-4950-8bcf-4d54790ae63d,1928671570,Epidendrum ramosum,Epidendrum ramosum Jacq.,Orchidaceae,Epidendrum,SPECIES,PRESERVED_SPECIMEN,1984-12-18,1984,-70.97,19.68,NA,d415c253-4d61-4459-9d25-4015b9084fb0,NY,NY,27,02,ESPERANZA,042702,874c89889ffffff
401667f0-893d-43a3-93e7-ec4753d99bb2,1928675564,Abutilon viscosum,Bastardia viscosa (L.) Kunth,Malvaceae,Abutilon,SPECIES,PRESERVED_SPECIMEN,1969-05-26,1969,-70.964067,19.654327,1106.57,d415c253-4d61-4459-9d25-4015b9084fb0,NY,NY,27,02,ESPERANZA,042702,874c898d0ffffff
407427db-b8ad-4976-b1c8-9434774df951,1928679416,Rhynchostegium scariosum,Rhynchostegium scariosum (Taylor) Spruce,Brachytheciaceae,Rhynchostegium,SPECIES,PRESERVED_SPECIMEN,1981-03-24,1981,-70.95,19.67,NA,d415c253-4d61-4459-9d25-4015b9084fb0,NY,NY,27,02,ESPERANZA,042702,874c898f3ffffff
40dc948f-1535-49d0-aec2-4513b9920413,1928684967,Myrcianthes fragrans,Myrcianthes fragrans (Sw.) McVaugh,Myrtaceae,Myrcianthes,SPECIES,PRESERVED_SPECIMEN,1969-05-21,1969,-70.964067,19.654327,1106.57,d415c253-4d61-4459-9d25-4015b9084fb0,NY,NY,27,02,ESPERANZA,042702,874c898d0ffffff
4271504a-c822-4383-b02e-20e05cd99e29,1928706976,Garrya fadyenii,Garrya fadyenii Hook.,Garryaceae,Garrya,SPECIES,PRESERVED_SPECIMEN,1984-12-18,1984,-70.97,19.68,NA,d415c253-4d61-4459-9d25-4015b9084fb0,NY,NY,27,02,ESPERANZA,042702,874c89889ffffff
429989ce-470d-4425-8ae9-0b3b0ad51573,1928710126,Setaria P.Beauv.,Setaria P.Beauv.,Poaceae,Setaria,GENUS,PRESERVED_SPECIMEN,1969-06-26,1969,-70.964067,19.654327,1106.57,d415c253-4d61-4459-9d25-4015b9084fb0,NY,NY,27,02,ESPERANZA,042702,874c898d0ffffff
42f22450-f8db-47ce-99f3-75574f71c84a,4081298489,Vachellia macracantha,Vachellia macracantha (Humb. & Bonpl. ex Willd.) Seigler & Ebinger,Fabaceae,Vachellia,SPECIES,PRESERVED_SPECIMEN,1988-07-18,1988,-70.983333,19.616667,NA,8bd8c361-c96b-40c9-91a0-eb3c0e7e0135,EIU,,27,02,ESPERANZA,042702,874c8912cffffff
43aae77d-bffa-4ee1-9fbe-dfae21fc64e2,1928724698,Paspalum L.,Paspalum L.,Poaceae,Paspalum,GENUS,PRESERVED_SPECIMEN,1969-05-14,1969,-70.964067,19.654327,1106.57,d415c253-4d61-4459-9d25-4015b9084fb0,NY,NY,27,02,ESPERANZA,042702,874c898d0ffffff
43eca627-75c9-47d6-b36e-620eb70dbaa5,1928728456,Helicodontium capillare,Helicodontium capillare (Hedw.) A. Jaeger,Brachytheciaceae,Helicodontium,SPECIES,PRESERVED_SPECIMEN,1981-03-24,1981,-70.95,19.67,NA,d415c253-4d61-4459-9d25-4015b9084fb0,NY,NY,27,02,ESPERANZA,042702,874c898f3ffffff
43ee1e1a-5642-4bdc-baaf-8c3b3a580924,1928728277,Lantana reticulata,Lantana reticulata Pers.,Verbenaceae,Lantana,SPECIES,PRESERVED_SPECIMEN,1969-05-10,1969,-70.964067,19.654327,1106.57,d415c253-4d61-4459-9d25-4015b9084fb0,NY,NY,27,02,ESPERANZA,042702,874c898d0ffffff
44198c8b-a428-4aaf-bac2-698e47688914,1928730653,Elaphoglossum Schott ex J.Sm.,Elaphoglossum Schott ex J.Sm.,Dryopteridaceae,Elaphoglossum,GENUS,PRESERVED_SPECIMEN,1984-12-18,1984,-70.97,19.68,NA,d415c253-4d61-4459-9d25-4015b9084fb0,NY,NY,27,02,ESPERANZA,042702,874c89889ffffff
45612cdb-535b-448b-8e48-75a828390595,1928748933,Sida cordifolia,Sida maculata Cav.,Malvaceae,Sida,SPECIES,PRESERVED_SPECIMEN,1969-05-21,1969,-70.964067,19.654327,1106.57,d415c253-4d61-4459-9d25-4015b9084fb0,NY,NY,27,02,ESPERANZA,042702,874c898d0ffffff
467d5f80-0b95-4a58-997d-420053005151,1928765349,Porophyllum ruderale,Porophyllum ruderale subsp. ruderale,Asteraceae,Porophyllum,SUBSPECIES,PRESERVED_SPECIMEN,1984-12-17,1984,-70.97,19.67,NA,d415c253-4d61-4459-9d25-4015b9084fb0,NY,NY,27,02,ESPERANZA,042702,874c89889ffffff
4778c0c7-5b78-479c-a704-885281fea762,1928778809,Haplocladium microphyllum,Haplocladium microphyllum (Hedw.) Broth.,Leskeaceae,Haplocladium,SPECIES,PRESERVED_SPECIMEN,1981-03-24,1981,-70.95,19.67,NA,d415c253-4d61-4459-9d25-4015b9084fb0,NY,NY,27,02,ESPERANZA,042702,874c898f3ffffff
482de366-48fb-464c-8e87-51c872f372ff,1928789263,Peperomia magnoliifolia,Peperomia magnoliifolia var. rostrata Dahlst.,Piperaceae,Peperomia,VARIETY,PRESERVED_SPECIMEN,1984-12-18,1984,-70.97,19.68,NA,d415c253-4d61-4459-9d25-4015b9084fb0,NY,NY,27,02,ESPERANZA,042702,874c89889ffffff
49b11bc8-0692-4e47-94d8-d002d10aa1b5,1928810322,Rhynchostegium serrulatum,Rhynchostegium serrulatum (Hedw.) A.Jaeger,Brachytheciaceae,Rhynchostegium,SPECIES,PRESERVED_SPECIMEN,1981-03-24,1981,-70.95,19.67,NA,d415c253-4d61-4459-9d25-4015b9084fb0,NY,NY,27,02,ESPERANZA,042702,874c898f3ffffff
49b1723e-95b2-431e-9c76-9512de16ce2f,1928810096,Passiflora maliformis,Passiflora maliformis L.,Passifloraceae,Passiflora,SPECIES,PRESERVED_SPECIMEN,1930-05-12,1930,-70.942599,19.654223000000002,3391.57,d415c253-4d61-4459-9d25-4015b9084fb0,NY,NY,27,02,ESPERANZA,042702,874c898d5ffffff
49b986f4-9d6a-4efd-8c5b-e01f5a62b92f,1928810605,Annona squamosa,Annona squamosa L.,Annonaceae,Annona,SPECIES,PRESERVED_SPECIMEN,1969-05-14,1969,-70.964067,19.654327,1106.57,d415c253-4d61-4459-9d25-4015b9084fb0,NY,NY,27,02,ESPERANZA,042702,874c898d0ffffff
49d147ce-cc01-41c9-b399-8596e5b4da23,1928812001,Paullinia pinnata,Paullinia pinnata L.,Sapindaceae,Paullinia,SPECIES,PRESERVED_SPECIMEN,1984-12-18,1984,-70.97,19.68,NA,d415c253-4d61-4459-9d25-4015b9084fb0,NY,NY,27,02,ESPERANZA,042702,874c89889ffffff
49fac70e-f83f-4cf0-8961-9e66cbac8547,1928814665,Tridax procumbens,Tridax procumbens L.,Asteraceae,Tridax,SPECIES,PRESERVED_SPECIMEN,1969-05-26,1969,-70.964067,19.654327,1106.57,d415c253-4d61-4459-9d25-4015b9084fb0,NY,NY,27,02,ESPERANZA,042702,874c898d0ffffff
4b490b96-273d-469b-a4ed-f2a60cf02807,1928832780,Stenostomum heteroneurum,Stenostomum heteroneurum (Urb. & Ekman) Borhidi,Rubiaceae,Stenostomum,SPECIES,PRESERVED_SPECIMEN,1969-05-22,1969,-70.964067,19.654327,1106.57,d415c253-4d61-4459-9d25-4015b9084fb0,NY,NY,27,02,ESPERANZA,042702,874c898d0ffffff
4bd788df-e4f0-4496-9f1c-9c5770ef9c9a,1928840361,Dyschoriste diffusa,Dyschoriste diffusa (Nees) Urb.,Acanthaceae,Dyschoriste,SPECIES,PRESERVED_SPECIMEN,1969-05-14,1969,-70.964067,19.654327,1106.57,d415c253-4d61-4459-9d25-4015b9084fb0,NY,NY,27,02,ESPERANZA,042702,874c898d0ffffff
4c17c5e1-8a70-42a8-ae84-60133a8460a7,1928843659,Pyrrhobryum spiniforme,Pyrrhobryum spiniforme (Hedw.) Mitt.,Calomniaceae,Pyrrhobryum,SPECIES,PRESERVED_SPECIMEN,1981-03-13,1981,-70.95,19.67,NA,d415c253-4d61-4459-9d25-4015b9084fb0,NY,NY,27,02,ESPERANZA,042702,874c898f3ffffff
4ca65163-a0c5-4790-a621-6c710a17f117,1928852122,Squamidium nigricans,Squamidium nigricans (Hook.) Broth.,Brachytheciaceae,Squamidium,SPECIES,PRESERVED_SPECIMEN,1981-03-24,1981,-70.95,19.67,NA,d415c253-4d61-4459-9d25-4015b9084fb0,NY,NY,27,02,ESPERANZA,042702,874c898f3ffffff
4cc91160-b1dc-4b90-ba50-9dff3ca4022d,1928854531,Broughtonia domingensis,Broughtonia domingensis (Lindl.) Rolfe,Orchidaceae,Broughtonia,SPECIES,PRESERVED_SPECIMEN,1969-05-10,1969,-70.964067,19.654327,1106.57,d415c253-4d61-4459-9d25-4015b9084fb0,NY,NY,27,02,ESPERANZA,042702,874c898d0ffffff
4d0eec13-f5d5-4637-b091-3811bd83b9f3,1928857805,Campylopus cygneus,Campylopus cygneus (Hedw.) Brid.,Leucobryaceae,Campylopus,SPECIES,PRESERVED_SPECIMEN,1981-03-24,1981,-70.95,19.67,NA,d415c253-4d61-4459-9d25-4015b9084fb0,NY,NY,27,02,ESPERANZA,042702,874c898f3ffffff
4da7bff8-5fc2-4473-8203-d7170624a666,1928866086,Tolumnia quadriloba,Tolumnia quadriloba (C.Schweinf.) Braem,Orchidaceae,Tolumnia,SPECIES,PRESERVED_SPECIMEN,1969-05-21,1969,-70.964067,19.654327,1106.57,d415c253-4d61-4459-9d25-4015b9084fb0,NY,NY,27,02,ESPERANZA,042702,874c898d0ffffff
4fbb5ef9-5156-4517-ad0d-a432a5e9f49d,1928896033,Pleopeltis astrolepis,Pleopeltis astrolepis (Liebm.) E.Fourn.,Polypodiaceae,Pleopeltis,SPECIES,PRESERVED_SPECIMEN,1984-12-17,1984,-70.97,19.67,NA,d415c253-4d61-4459-9d25-4015b9084fb0,NY,NY,27,02,ESPERANZA,042702,874c89889ffffff
503c9b97181f41f309d5cda7ac8a9917,1893867546,Leucobryum polakowskyi,Leucobryum polakowskyi (Müll. Hal. ex Besch.) Cardot,Leucobryaceae,Leucobryum,SPECIES,PRESERVED_SPECIMEN,1981-03-24,1981,-70.958333,19.675,NA,27ba04cd-45b9-4f5c-b032-d1bcc584fbdd,IBUNAM,MEXU,27,02,ESPERANZA,042702,874c898f2ffffff
50745b1f-d4e7-483e-8e96-ff2843c47d30,2447320533,Elaphoglossum eggersii,Elaphoglossum eggersii (Baker) Christ,Dryopteridaceae,Elaphoglossum,SPECIES,PRESERVED_SPECIMEN,1984-12-18,1984,-70.97,19.68,NA,d415c253-4d61-4459-9d25-4015b9084fb0,NY,NY,27,02,ESPERANZA,042702,874c89889ffffff
5138d62f-9a4b-4a17-aa3d-81f11c86af77,1928916447,Pilotrichella flexilis,Pilotrichella flexilis (Hedw.) Ångstr.,Lembophyllaceae,Pilotrichella,SPECIES,PRESERVED_SPECIMEN,1981-03-24,1981,-70.95,19.67,NA,d415c253-4d61-4459-9d25-4015b9084fb0,NY,NY,27,02,ESPERANZA,042702,874c898f3ffffff
514df03b-fa3a-4bd9-80a5-7839f6418271,1928917661,Bourreria succulenta,Bourreria succulenta Jacq.,Ehretiaceae,Bourreria,SPECIES,PRESERVED_SPECIMEN,1969-05-23,1969,-70.964067,19.654327,1106.57,d415c253-4d61-4459-9d25-4015b9084fb0,NY,NY,27,02,ESPERANZA,042702,874c898d0ffffff
518b02ef-6383-467d-8382-dcd4f919a5ba,4081298469,Vachellia macracantha,Vachellia macracantha (Humb. & Bonpl. ex Willd.) Seigler & Ebinger,Fabaceae,Vachellia,SPECIES,PRESERVED_SPECIMEN,1988-07-18,1988,-70.983333,19.616667,NA,8bd8c361-c96b-40c9-91a0-eb3c0e7e0135,EIU,,27,02,ESPERANZA,042702,874c8912cffffff
51f4e7d4-681d-470f-884d-ff1ba3af1819,1928927747,Palamocladium leskeoides,Palamocladium leskeoides (Hook.) E. Britton,Brachytheciaceae,Palamocladium,SPECIES,PRESERVED_SPECIMEN,1981-03-24,1981,-70.95,19.67,NA,d415c253-4d61-4459-9d25-4015b9084fb0,NY,NY,27,02,ESPERANZA,042702,874c898f3ffffff
523ae8a2-0861-4c55-b7b9-53c0601ba90a,1928930724,Oxalis rugeliana,Oxalis rugeliana Urb.,Oxalidaceae,Oxalis,SPECIES,PRESERVED_SPECIMEN,1969-05-19,1969,-70.964067,19.654327,1106.57,d415c253-4d61-4459-9d25-4015b9084fb0,NY,NY,27,02,ESPERANZA,042702,874c898d0ffffff
539bfa51-209e-4e14-9f70-7ad8df395614,1928950140,Guapira discolor,Guapira discolor (Spreng) Little,Nyctaginaceae,Guapira,SPECIES,PRESERVED_SPECIMEN,1968-05-03,1968,-70.964067,19.654327,1106.57,d415c253-4d61-4459-9d25-4015b9084fb0,NY,NY,27,02,ESPERANZA,042702,874c898d0ffffff
53EE17AB-C371-4158-B6CC-C3F2C400E255,1503218582,Anthurium scandens,Anthurium scandens (Aubl.) Engl.,Araceae,Anthurium,SPECIES,PRESERVED_SPECIMEN,1984-12-18,1984,-70.9667,19.6833,NA,af1b4db0-c8ce-4a95-b700-8a6a02bed9d6,USF,Herb,27,02,ESPERANZA,042702,874c898f2ffffff
53a9b207-6005-4e27-b9cd-0fff598e27ed,1928951424,Scutellaria havanensis,Scutellaria havanensis Jacq.,Lamiaceae,Scutellaria,SPECIES,PRESERVED_SPECIMEN,1969-05-14,1969,-70.964067,19.654327,1106.57,d415c253-4d61-4459-9d25-4015b9084fb0,NY,NY,27,02,ESPERANZA,042702,874c898d0ffffff
53f5b77a-0953-4ebf-af41-ae0fd7c7db14,1928955320,Tradescantia zanonia,Tradescantia zanonia (L.) Sw.,Commelinaceae,Tradescantia,SPECIES,PRESERVED_SPECIMEN,1987-12-22,1987,-70.97,19.67,NA,d415c253-4d61-4459-9d25-4015b9084fb0,NY,NY,27,02,ESPERANZA,042702,874c89889ffffff
54cc11bb-cb39-48a7-822f-0d6eb488186b,1928967715,Pireella cymbifolia,Pireella cymbifolia (Sull.) Cardot,Pterobryaceae,Pireella,SPECIES,PRESERVED_SPECIMEN,1981-03-24,1981,-70.95,19.67,NA,d415c253-4d61-4459-9d25-4015b9084fb0,NY,NY,27,02,ESPERANZA,042702,874c898f3ffffff
553bd2d4-406a-41a2-bf7b-e36386e5c90f,1928973730,Cestrum daphnoides,Cestrum daphnoides Griseb.,Solanaceae,Cestrum,SPECIES,PRESERVED_SPECIMEN,1968-05-04,1968,-70.964067,19.654327,1106.57,d415c253-4d61-4459-9d25-4015b9084fb0,NY,NY,27,02,ESPERANZA,042702,874c898d0ffffff
55bb53f8-7b88-44db-84d9-838d7bdf6f7c,1928980044,Psidium guajava,Psidium guajava L.,Myrtaceae,Psidium,SPECIES,PRESERVED_SPECIMEN,1984-12-18,1984,-70.97,19.68,NA,d415c253-4d61-4459-9d25-4015b9084fb0,NY,NY,27,02,ESPERANZA,042702,874c89889ffffff
5637d962-8761-49c8-96b3-6e55514fe840,1928986711,Pireella papillosula,Pireella papillosula (Renauld & Cardot) Cardot,Pterobryaceae,Pireella,SPECIES,PRESERVED_SPECIMEN,1981-03-24,1981,-70.95,19.67,NA,d415c253-4d61-4459-9d25-4015b9084fb0,NY,NY,27,02,ESPERANZA,042702,874c898f3ffffff
5686b11a-cdd7-409b-b0fe-8c3ad1d76460,1928991905,Tolumnia quadriloba,Tolumnia quadriloba (C.Schweinf.) Braem,Orchidaceae,Tolumnia,SPECIES,PRESERVED_SPECIMEN,1969-05-21,1969,-70.964067,19.654327,1106.57,d415c253-4d61-4459-9d25-4015b9084fb0,NY,NY,27,02,ESPERANZA,042702,874c898d0ffffff
568b5c57-f289-4327-9c7e-95fc8edb3088,1928992311,Lucuma domingensis,Pouteria dominigensis subsp. cuprea (Urb. & Ekman) T.D.Penn.,Sapotaceae,Lucuma,SUBSPECIES,PRESERVED_SPECIMEN,1984-12-18,1984,-70.97,19.68,NA,d415c253-4d61-4459-9d25-4015b9084fb0,NY,NY,27,02,ESPERANZA,042702,874c89889ffffff
5698a4c9-75dd-4ce6-a0e2-afb6fae740ed,1928991886,Bryopteris filicina,Bryopteris filicina (Sw.) Nees,Lejeuneaceae,Bryopteris,SPECIES,PRESERVED_SPECIMEN,1981-03-24,1981,-70.95,19.67,NA,d415c253-4d61-4459-9d25-4015b9084fb0,NY,NY,27,02,ESPERANZA,042702,874c898f3ffffff
56f08b56-d8da-4dc2-80c1-610c51dd94f6,1928997211,Helicodontium capillare,Helicodontium capillare (Hedw.) A. Jaeger,Brachytheciaceae,Helicodontium,SPECIES,PRESERVED_SPECIMEN,1981-03-24,1981,-70.95,19.67,NA,d415c253-4d61-4459-9d25-4015b9084fb0,NY,NY,27,02,ESPERANZA,042702,874c898f3ffffff
57976457-f504-4d01-a89d-51200389d986,1929006234,Racopilum tomentosum,Racopilum tomentosum (Hedw.) Brid.,Racopilaceae,Racopilum,SPECIES,PRESERVED_SPECIMEN,1981-03-24,1981,-70.95,19.67,NA,d415c253-4d61-4459-9d25-4015b9084fb0,NY,NY,27,02,ESPERANZA,042702,874c898f3ffffff
58017ec4-6b8b-4109-ba55-66cabd5aa14e,1929012330,Spondias purpurea,Spondias purpurea L.,Anacardiaceae,Spondias,SPECIES,PRESERVED_SPECIMEN,1933-05-10,1933,-70.942599,19.654223000000002,3391.57,d415c253-4d61-4459-9d25-4015b9084fb0,NY,NY,27,02,ESPERANZA,042702,874c898d5ffffff
59224633-e581-4bc1-8b83-1a3ebef2ffec,1929029008,Chionoloma richardsii,"Chionoloma richardsii (E.B. Bartram) M. Alonso, M.J. Cano & J.A. Jiménez",Pottiaceae,Chionoloma,SPECIES,PRESERVED_SPECIMEN,1981-03-24,1981,-70.95,19.67,NA,d415c253-4d61-4459-9d25-4015b9084fb0,NY,NY,27,02,ESPERANZA,042702,874c898f3ffffff
59876cbd-dc9e-4554-81ca-4526e8a6fc19,1929033591,Aristolochia adiastola,Aristolochia adiastola G.A.Romero & Elad.Fernández,Aristolochiaceae,Aristolochia,SPECIES,PRESERVED_SPECIMEN,1969-05-09,1969,-70.964067,19.654327,1106.57,d415c253-4d61-4459-9d25-4015b9084fb0,NY,NY,27,02,ESPERANZA,042702,874c898d0ffffff
5bcd63da-d5e5-49c0-b052-42cb777b0e6c,1929065578,Jacquinia berteroi,Jacquinia berteroi Spreng.,Primulaceae,Jacquinia,SPECIES,PRESERVED_SPECIMEN,1969-06-22,1969,-70.964067,19.654327,1106.57,d415c253-4d61-4459-9d25-4015b9084fb0,NY,NY,27,02,ESPERANZA,042702,874c898d0ffffff
5c0b3654-2361-451e-8411-3db72ecc5a6e,1929069122,Chionanthus ligustrinus,Chionanthus ligustrinus (Sw.) Pers.,Oleaceae,Chionanthus,SPECIES,PRESERVED_SPECIMEN,1969-05-09,1969,-70.964067,19.654327,1106.57,d415c253-4d61-4459-9d25-4015b9084fb0,NY,NY,27,02,ESPERANZA,042702,874c898d0ffffff
5c14d8aa-66d5-4525-b5a7-4fc811c20145,1929069468,Brittonodoxa subpinnata,Sematophyllum subpinnatum (Brid.) E. Britton,Sematophyllaceae,Brittonodoxa,SPECIES,PRESERVED_SPECIMEN,1981-03-24,1981,-70.95,19.67,NA,d415c253-4d61-4459-9d25-4015b9084fb0,NY,NY,27,02,ESPERANZA,042702,874c898f3ffffff
5ca7f37e-ec96-4076-a1df-3ff3942c8299,1929079043,Croton sidifolius,Croton sidifolius Lam.,Euphorbiaceae,Croton,SPECIES,PRESERVED_SPECIMEN,1969-06-06,1969,-70.964067,19.654327,1106.57,d415c253-4d61-4459-9d25-4015b9084fb0,NY,NY,27,02,ESPERANZA,042702,874c898d0ffffff
5d228bce-cf0c-46de-880c-ad7f234377e8,1929084612,Croton origanifolius,Croton origanifolius Lam.,Euphorbiaceae,Croton,SPECIES,PRESERVED_SPECIMEN,1969-05-26,1969,-70.964067,19.654327,1106.57,d415c253-4d61-4459-9d25-4015b9084fb0,NY,NY,27,02,ESPERANZA,042702,874c898d0ffffff
5d383f59-9768-4587-a1a3-0e7f6023b855,1929085603,Anastraphia microcephala,Anastraphia microcephala Griseb.,Asteraceae,Anastraphia,SPECIES,PRESERVED_SPECIMEN,1969-06-06,1969,-70.964067,19.654327,1106.57,d415c253-4d61-4459-9d25-4015b9084fb0,NY,NY,27,02,ESPERANZA,042702,874c898d0ffffff
5dffde48-0142-47bb-8ca0-4aa19bc4419b,1929097121,Pseudabutilon umbellatum,Pseudabutilon umbellatum (L.) Fryxell,Malvaceae,Pseudabutilon,SPECIES,PRESERVED_SPECIMEN,1969-05-26,1969,-70.964067,19.654327,1106.57,d415c253-4d61-4459-9d25-4015b9084fb0,NY,NY,27,02,ESPERANZA,042702,874c898d0ffffff
5e04b470-0edc-4986-bc10-70b56ffe1b63,1929097408,Asplenium auritum,Asplenium auritum Sw.,Aspleniaceae,Asplenium,SPECIES,PRESERVED_SPECIMEN,1989-09-29,1989,-70.9,19.65,NA,d415c253-4d61-4459-9d25-4015b9084fb0,NY,NY,27,02,ESPERANZA,042702,874c898c0ffffff
5f06bdf7-bde0-4dac-a281-808ef99c7e22,1929111613,Schlotheimia torquata,Schlotheimia torquata (Sw. ex Hedw.) Brid.,Orthotrichaceae,Schlotheimia,SPECIES,PRESERVED_SPECIMEN,1981-03-24,1981,-70.95,19.67,NA,d415c253-4d61-4459-9d25-4015b9084fb0,NY,NY,27,02,ESPERANZA,042702,874c898f3ffffff
62ffcdb7-bd76-4b3c-9569-d31ef6173cba,1929167233,Rhynchostegium serrulatum,Rhynchostegium serrulatum (Hedw.) A.Jaeger,Brachytheciaceae,Rhynchostegium,SPECIES,PRESERVED_SPECIMEN,1981-03-24,1981,-70.95,19.67,NA,d415c253-4d61-4459-9d25-4015b9084fb0,NY,NY,27,02,ESPERANZA,042702,874c898f3ffffff
630404a8-47b6-4382-9c08-020ac8268217,1929167410,Tetramicra canaliculata,Tetramicra canaliculata (Aubl.) Urb.,Orchidaceae,Tetramicra,SPECIES,PRESERVED_SPECIMEN,1969-05-14,1969,-70.964067,19.654327,1106.57,d415c253-4d61-4459-9d25-4015b9084fb0,NY,NY,27,02,ESPERANZA,042702,874c898d0ffffff
651e07f2-1317-466b-a032-8ad9defc08cd,1929197153,Myrcianthes fragrans,Myrcianthes fragrans (Sw.) McVaugh,Myrtaceae,Myrcianthes,SPECIES,PRESERVED_SPECIMEN,1969-04-19,1969,-70.964067,19.654327,1106.57,d415c253-4d61-4459-9d25-4015b9084fb0,NY,NY,27,02,ESPERANZA,042702,874c898d0ffffff
65af98e6-ef5f-424d-bf73-bcd76ce9a774,1929204329,Phoradendron mucronatum,Phoradendron mucronatum (DC.) Krug & Urb.,Viscaceae,Phoradendron,SPECIES,PRESERVED_SPECIMEN,1969-05-04,1969,-70.964067,19.654327,1106.57,d415c253-4d61-4459-9d25-4015b9084fb0,NY,NY,27,02,ESPERANZA,042702,874c898d0ffffff
65f03ff6-d8fe-468d-bce5-da13049489dd,1929207803,Reynosia uncinata,Reynosia uncinata Urb.,Rhamnaceae,Reynosia,SPECIES,PRESERVED_SPECIMEN,1969-05-23,1969,-70.964067,19.654327,1106.57,d415c253-4d61-4459-9d25-4015b9084fb0,NY,NY,27,02,ESPERANZA,042702,874c898d0ffffff
6616fbed-bb4d-4694-8e81-916dec90a856,1929210436,Weissia jamaicensis,Weissia jamaicensis (Mitt.) Grout,Pottiaceae,Weissia,SPECIES,PRESERVED_SPECIMEN,1981-03-24,1981,-70.95,19.67,NA,d415c253-4d61-4459-9d25-4015b9084fb0,NY,NY,27,02,ESPERANZA,042702,874c898f3ffffff
669303a4-4b09-4f42-9c85-948a12409cea,1929217776,Elaphoglossum apodum,Elaphoglossum apodum (Kaulf.) Schott,Dryopteridaceae,Elaphoglossum,SPECIES,PRESERVED_SPECIMEN,1984-12-18,1984,-70.9667,19.6833,NA,d415c253-4d61-4459-9d25-4015b9084fb0,NY,NY,27,02,ESPERANZA,042702,874c898f2ffffff
66e073cc-5bdb-4e89-81b1-3f07149b5196,1929222735,Galactia synandra,Galactia synandra Urb.,Fabaceae,Galactia,SPECIES,PRESERVED_SPECIMEN,1969-05-09,1969,-70.964067,19.654327,1106.57,d415c253-4d61-4459-9d25-4015b9084fb0,NY,NY,27,02,ESPERANZA,042702,874c898d0ffffff
66ec751f-5cea-41bc-bab8-abd46c7259ae,1929223020,Smilax aquifolium,Smilax aquifolium Ferrufino & Greuter,Smilacaceae,Smilax,SPECIES,PRESERVED_SPECIMEN,1984-12-18,1984,-70.97,19.68,NA,d415c253-4d61-4459-9d25-4015b9084fb0,NY,NY,27,02,ESPERANZA,042702,874c89889ffffff
67284e67-fd52-40b3-92ad-90b288ab80d4,1929226344,Rhynchostegium robustum,Rhynchostegium robustum W.R. Buck,Brachytheciaceae,Rhynchostegium,SPECIES,PRESERVED_SPECIMEN,1981-03-24,1981,-70.95,19.67,NA,d415c253-4d61-4459-9d25-4015b9084fb0,NY,NY,27,02,ESPERANZA,042702,874c898f3ffffff
672b6fde-359a-4a73-98ae-39324fcdd2d7,1929226291,Eumachia nutans,Margaritopsis nutans (Sw.) C.M.Taylor,Rubiaceae,Eumachia,SPECIES,PRESERVED_SPECIMEN,1969-05-23,1969,-70.964067,19.654327,1106.57,d415c253-4d61-4459-9d25-4015b9084fb0,NY,NY,27,02,ESPERANZA,042702,874c898d0ffffff
67e6a194-4810-4b1b-b520-5cd2aff85a45,1929236477,Tolumnia quadriloba,Tolumnia quadriloba (C.Schweinf.) Braem,Orchidaceae,Tolumnia,SPECIES,PRESERVED_SPECIMEN,1969-05-19,1969,-70.964067,19.654327,1106.57,d415c253-4d61-4459-9d25-4015b9084fb0,NY,NY,27,02,ESPERANZA,042702,874c898d0ffffff
683c8276-507f-4eae-ba9f-5882258dd842,1929241303,Goniopteris retroflexa,Thelypteris retroflexa (L.) Proctor & Lourteig,Thelypteridaceae,Goniopteris,SPECIES,PRESERVED_SPECIMEN,1989-09-29,1989,-70.9,19.65,NA,d415c253-4d61-4459-9d25-4015b9084fb0,NY,NY,27,02,ESPERANZA,042702,874c898c0ffffff
68484c40-815d-4066-90e3-b3c346cdd459,1929241931,Acroporium pungens,Acroporium pungens (Hedw.) Broth.,Sematophyllaceae,Acroporium,SPECIES,PRESERVED_SPECIMEN,1981-03-24,1981,-70.95,19.67,NA,d415c253-4d61-4459-9d25-4015b9084fb0,NY,NY,27,02,ESPERANZA,042702,874c898f3ffffff
6857099b-65a2-4995-a641-b8cd97c649ac,1929242647,Kalanchoe integra,Kalanchoe integra (Medik.) Kuntze,Crassulaceae,Kalanchoe,SPECIES,PRESERVED_SPECIMEN,1929-12-26,1929,-70.942599,19.654223000000002,3391.57,d415c253-4d61-4459-9d25-4015b9084fb0,NY,NY,27,02,ESPERANZA,042702,874c898d5ffffff
690e856d-92d4-4691-9845-025a23c95112,1929252487,Aristolochia bilobata,Aristolochia bilobata L.,Aristolochiaceae,Aristolochia,SPECIES,PRESERVED_SPECIMEN,1968-05-04,1968,-70.964067,19.654327,1106.57,d415c253-4d61-4459-9d25-4015b9084fb0,NY,NY,27,02,ESPERANZA,042702,874c898d0ffffff
6a7ee27c-c998-4d5a-a1be-79502a8e7cc2,1929273012,Priva domingensis,Priva domingensis Urb.,Verbenaceae,Priva,SPECIES,PRESERVED_SPECIMEN,1969-11-27,1969,-70.964067,19.654327,1106.57,d415c253-4d61-4459-9d25-4015b9084fb0,NY,NY,27,02,ESPERANZA,042702,874c898d0ffffff
6ab056c5-c332-4dfc-9347-22302d454cdd,1929276677,Cenchrus spinifex,Cenchrus incertus M.A.Curtis,Poaceae,Cenchrus,SPECIES,PRESERVED_SPECIMEN,1969-05-21,1969,-70.964067,19.654327,1106.57,d415c253-4d61-4459-9d25-4015b9084fb0,NY,NY,27,02,ESPERANZA,042702,874c898d0ffffff
6b140ca5-3077-4616-9253-dfb94f7b2ce0,4081298490,Vachellia macracantha,Vachellia macracantha (Humb. & Bonpl. ex Willd.) Seigler & Ebinger,Fabaceae,Vachellia,SPECIES,PRESERVED_SPECIMEN,1988-07-18,1988,-70.983333,19.616667,NA,8bd8c361-c96b-40c9-91a0-eb3c0e7e0135,EIU,,27,02,ESPERANZA,042702,874c8912cffffff
6b99a440-cca2-475a-8aa5-a1dcf45e47c6,1929288468,Scolosanthus acanthodes,Scolosanthus acanthodes (Spreng.) Urb.,Rubiaceae,Scolosanthus,SPECIES,PRESERVED_SPECIMEN,1969-05-22,1969,-70.964067,19.654327,1106.57,d415c253-4d61-4459-9d25-4015b9084fb0,NY,NY,27,02,ESPERANZA,042702,874c898d0ffffff
6be3f351-4755-4631-9fc1-68a45695b5b1,1929292993,Liabum subacaule,Liabum subacaule Rydb.,Asteraceae,Liabum,SPECIES,PRESERVED_SPECIMEN,1929-12-11,1929,-70.942599,19.654223000000002,3391.57,d415c253-4d61-4459-9d25-4015b9084fb0,NY,NY,27,02,ESPERANZA,042702,874c898d5ffffff
6cdb4639-caf6-4ca3-a1c4-3e05d6611a1f,1929306469,Myriopus suffruticosus,Myriopus suffruticosus (L.) Feuillet,Heliotropiaceae,Myriopus,SPECIES,PRESERVED_SPECIMEN,1969-05-19,1969,-70.964067,19.654327,1106.57,d415c253-4d61-4459-9d25-4015b9084fb0,NY,NY,27,02,ESPERANZA,042702,874c898d0ffffff
6cf9a31e-9edd-4298-b0ac-8d449417c710,1929307948,Jacquiniella teretifolia,Jacquiniella teretifolia (Sw.) Britton & P.Wilson,Orchidaceae,Jacquiniella,SPECIES,PRESERVED_SPECIMEN,1984-12-18,1984,-70.97,19.68,NA,d415c253-4d61-4459-9d25-4015b9084fb0,NY,NY,27,02,ESPERANZA,042702,874c89889ffffff
6dd048c1-3d00-4e0c-bdc1-a82c2d2c9e04,1929319516,Cissus trifoliata,Cissus trifoliata (L.) L.,Vitaceae,Cissus,SPECIES,PRESERVED_SPECIMEN,1969-05-19,1969,-70.964067,19.654327,1106.57,d415c253-4d61-4459-9d25-4015b9084fb0,NY,NY,27,02,ESPERANZA,042702,874c898d0ffffff
6e1fa099-25b2-42df-9c05-013c690bdc4e,4432718313,Pleopeltis marginata,Neurodium lanceolatum (L.) Fée,Polypodiaceae,Pleopeltis,SPECIES,PRESERVED_SPECIMEN,1989-09-30,1989,-70.9,19.65,NA,b89d52a2-861d-4388-adad-c0da3d55fc78,UF,,27,02,ESPERANZA,042702,874c898c0ffffff
6e317a93-282e-43fb-ae15-9d2c842a826c,1929324810,Pireella angustifolia,Pireella angustifolia (Müll. Hal.) Arzeni,Pterobryaceae,Pireella,SPECIES,PRESERVED_SPECIMEN,1981-03-24,1981,-70.95,19.67,NA,d415c253-4d61-4459-9d25-4015b9084fb0,NY,NY,27,02,ESPERANZA,042702,874c898f3ffffff
6e4680c4-93b2-412a-ab5c-5f2c0fc0e422,1929325931,Sematophyllum adnatum,Sematophyllum adnatum (Michx.) E. Britton,Sematophyllaceae,Sematophyllum,SPECIES,PRESERVED_SPECIMEN,1981-03-24,1981,-70.95,19.67,NA,d415c253-4d61-4459-9d25-4015b9084fb0,NY,NY,27,02,ESPERANZA,042702,874c898f3ffffff
6e894800-ab0c-4415-ac70-364c57f63ff3,1929326822,Dyschoriste diffusa,Dyschoriste diffusa (Nees) Urb.,Acanthaceae,Dyschoriste,SPECIES,PRESERVED_SPECIMEN,1969-05-14,1969,-70.964067,19.654327,1106.57,d415c253-4d61-4459-9d25-4015b9084fb0,NY,NY,27,02,ESPERANZA,042702,874c898d0ffffff
6edda335-f3e4-4199-b840-7b8efbee2c23,1929334980,Palamocladium leskeoides,Palamocladium leskeoides (Hook.) E. Britton,Brachytheciaceae,Palamocladium,SPECIES,PRESERVED_SPECIMEN,1981-03-24,1981,-70.95,19.67,NA,d415c253-4d61-4459-9d25-4015b9084fb0,NY,NY,27,02,ESPERANZA,042702,874c898f3ffffff
6f173c90-5e9f-48be-b6c3-24d127a5bd8d,1929337441,Dianthera sessilis,Justicia sessilis Jacq.,Acanthaceae,Dianthera,SPECIES,PRESERVED_SPECIMEN,1969-05-19,1969,-70.964067,19.654327,1106.57,d415c253-4d61-4459-9d25-4015b9084fb0,NY,NY,27,02,ESPERANZA,042702,874c898d0ffffff
6f294112-29c6-4cbf-a608-1ddbec5437f4,1929339508,Lagascea mollis,Lagascea mollis Cav.,Asteraceae,Lagascea,SPECIES,PRESERVED_SPECIMEN,1969-05-26,1969,-70.964067,19.654327,1106.57,d415c253-4d61-4459-9d25-4015b9084fb0,NY,NY,27,02,ESPERANZA,042702,874c898d0ffffff
6f3de483-135a-469c-8f1b-10304760206a,1929339481,Lantana reticulata,Lantana reticulata Pers.,Verbenaceae,Lantana,SPECIES,PRESERVED_SPECIMEN,1969-05-09,1969,-70.964067,19.654327,1106.57,d415c253-4d61-4459-9d25-4015b9084fb0,NY,NY,27,02,ESPERANZA,042702,874c898d0ffffff
6feab4ce-4d9d-476a-bb5c-bac16649ec1e,1929349186,Campyloneurum angustifolium,Campyloneurum angustifolium (Sw.) Fée,Polypodiaceae,Campyloneurum,SPECIES,PRESERVED_SPECIMEN,1984-12-17,1984,-70.97,19.67,NA,d415c253-4d61-4459-9d25-4015b9084fb0,NY,NY,27,02,ESPERANZA,042702,874c89889ffffff
705f27d1-54c8-425c-b02d-e737702eecab,1929356118,Paspalum L.,Paspalum L.,Poaceae,Paspalum,GENUS,PRESERVED_SPECIMEN,1969-06-06,1969,-70.964067,19.654327,1106.57,d415c253-4d61-4459-9d25-4015b9084fb0,NY,NY,27,02,ESPERANZA,042702,874c898d0ffffff
707a6929-c042-475c-9287-3ecceb0d0466,1929357290,Hypericum hypericoides,Hypericum hypericoides subsp. hypericoides,Hypericaceae,Hypericum,SUBSPECIES,PRESERVED_SPECIMEN,1931-04-22,1931,-70.942599,19.654223000000002,3391.57,d415c253-4d61-4459-9d25-4015b9084fb0,NY,NY,27,02,ESPERANZA,042702,874c898d5ffffff
70c1867d-2137-404e-ab29-e2b30df1dfeb,1929360721,Varronia curassavica,Varronia curassavica Jacq.,Cordiaceae,Varronia,SPECIES,PRESERVED_SPECIMEN,1969-06-06,1969,-70.964067,19.654327,1106.57,d415c253-4d61-4459-9d25-4015b9084fb0,NY,NY,27,02,ESPERANZA,042702,874c898d0ffffff
70d932d0-f293-47a0-a666-8193b39ee51e,1929362129,Baccharis myrsinites,Baccharis myrsinites Pers.,Asteraceae,Baccharis,SPECIES,PRESERVED_SPECIMEN,1987-12-22,1987,-70.97,19.67,NA,d415c253-4d61-4459-9d25-4015b9084fb0,NY,NY,27,02,ESPERANZA,042702,874c89889ffffff
7154b840-fcfa-4099-a33f-6cb5e86e8d28,1929369759,Setaria P.Beauv.,Setaria P.Beauv.,Poaceae,Setaria,GENUS,PRESERVED_SPECIMEN,1969-06-26,1969,-70.964067,19.654327,1106.57,d415c253-4d61-4459-9d25-4015b9084fb0,NY,NY,27,02,ESPERANZA,042702,874c898d0ffffff
71cf2d12-296f-446e-bb0d-887599eee89e,1929375870,Herbertus juniperoideus,Herbertus juniperoideus subsp. juniperoideus,Herbertaceae,Herbertus,SUBSPECIES,PRESERVED_SPECIMEN,1981-03-24,1981,-70.95,19.67,NA,d415c253-4d61-4459-9d25-4015b9084fb0,NY,NY,27,02,ESPERANZA,042702,874c898f3ffffff
7230873f-c80c-4ab7-ab02-2fb07a430b25,1929381633,Wallenia laurifolia,Wallenia laurifolia (Jacq.) Sw.,Primulaceae,Wallenia,SPECIES,PRESERVED_SPECIMEN,1984-12-17,1984,-70.97,19.67,NA,d415c253-4d61-4459-9d25-4015b9084fb0,NY,NY,27,02,ESPERANZA,042702,874c89889ffffff
728cf444-4b61-4eb3-bd09-8c1b0d923c5e,1929386450,Myrsine coriacea,Myrsine coriacea (Sw.) R.Br. ex Roem. & Schult.,Primulaceae,Myrsine,SPECIES,PRESERVED_SPECIMEN,1984-12-18,1984,-70.97,19.68,NA,d415c253-4d61-4459-9d25-4015b9084fb0,NY,NY,27,02,ESPERANZA,042702,874c89889ffffff
72D715A6-AEA0-4C99-A2EE-656E322D27B0,122984082,Peperomia crassicaulis,Peperomia unguiculata Trel.,Piperaceae,Peperomia,SPECIES,PRESERVED_SPECIMEN,1984-12-18,1984,-70.9667,19.6833,NA,832cb04e-f762-11e1-a439-00145eb45e9a,FTG,Herbarium,27,02,ESPERANZA,042702,874c898f2ffffff
72abfd42-580a-403a-adc1-29cd259326e5,3756256378,Porotrichum variabile,Porotrichum insularum Mitt.,Neckeraceae,Porotrichum,SPECIES,PRESERVED_SPECIMEN,1981-03-24,1981,-70.95,19.67,NA,d415c253-4d61-4459-9d25-4015b9084fb0,NY,NY,27,02,ESPERANZA,042702,874c898f3ffffff
7319bb19-947f-4821-8a61-ee810ba34093,1929394216,Govenia utriculata,Govenia utriculata (Sw.) Lindl.,Orchidaceae,Govenia,SPECIES,PRESERVED_SPECIMEN,1984-12-17,1984,-70.97,19.67,NA,d415c253-4d61-4459-9d25-4015b9084fb0,NY,NY,27,02,ESPERANZA,042702,874c89889ffffff
7320266d-4da8-48d9-a3d2-28868f6f3304,1929394660,Trichocolea Dumort.,Trichocolea Dumort.,Trichocoleaceae,Trichocolea,GENUS,PRESERVED_SPECIMEN,1984-12-18,1984,-70.97,19.68,NA,d415c253-4d61-4459-9d25-4015b9084fb0,NY,NY,27,02,ESPERANZA,042702,874c89889ffffff
73379760-36d6-49d8-b6d4-380a41cc6389,1929395572,Croton sidifolius,Croton sidifolius Lam.,Euphorbiaceae,Croton,SPECIES,PRESERVED_SPECIMEN,1969-06-06,1969,-70.964067,19.654327,1106.57,d415c253-4d61-4459-9d25-4015b9084fb0,NY,NY,27,02,ESPERANZA,042702,874c898d0ffffff
73458295-7148-4ce4-b64c-540753f7a41f,1929396778,Cestrum macrophyllum,Cestrum macrophyllum Vent.,Solanaceae,Cestrum,SPECIES,PRESERVED_SPECIMEN,1984-12-17,1984,-70.97,19.67,NA,d415c253-4d61-4459-9d25-4015b9084fb0,NY,NY,27,02,ESPERANZA,042702,874c89889ffffff
73b1ce61-3c3a-4549-b0a6-bafb5834a065,1929402621,Beilschmiedia pendula,Beilschmiedia pendula (Sw.) Hemsl.,Lauraceae,Beilschmiedia,SPECIES,PRESERVED_SPECIMEN,1984-12-18,1984,-70.97,19.68,NA,d415c253-4d61-4459-9d25-4015b9084fb0,NY,NY,27,02,ESPERANZA,042702,874c89889ffffff
73df3b97-8159-45cf-87fa-034d166959d2,1929405094,Ayenia insulicola,Ayenia insulicola Cristóbal,Malvaceae,Ayenia,SPECIES,PRESERVED_SPECIMEN,1969-05-09,1969,-70.964067,19.654327,1106.57,d415c253-4d61-4459-9d25-4015b9084fb0,NY,NY,27,02,ESPERANZA,042702,874c898d0ffffff
74170980-abd8-4648-ad04-87397c570367,1929407851,Erithalis fruticosa,Erithalis fruticosa L.,Rubiaceae,Erithalis,SPECIES,PRESERVED_SPECIMEN,1969-06-26,1969,-70.964067,19.654327,1106.57,d415c253-4d61-4459-9d25-4015b9084fb0,NY,NY,27,02,ESPERANZA,042702,874c898d0ffffff
7454951e-e99d-4b8a-a145-7bd9744301ff,2270482602,Psidium guajava,Psidium guajava L.,Myrtaceae,Psidium,SPECIES,PRESERVED_SPECIMEN,1984-12-18,1984,-70.9667,19.6833,NA,e05fd4c2-4d77-4c50-880e-1b22096af300,ASU,Plants,27,02,ESPERANZA,042702,874c898f2ffffff
75d03a23-33c8-42b4-8d62-dbbf84976881,1929432618,Pseudomacromitrium cirrosum,Macromitrium cirrosum (Hedw.) Brid.,Orthotrichaceae,Pseudomacromitrium,SPECIES,PRESERVED_SPECIMEN,1981-03-24,1981,-70.95,19.67,NA,d415c253-4d61-4459-9d25-4015b9084fb0,NY,NY,27,02,ESPERANZA,042702,874c898f3ffffff
75fd1a46-dede-4694-8f8d-b82a3d05b6ea,1929435203,Crossopetalum orientale,Crossopetalum orientale Mory,Celastraceae,Crossopetalum,SPECIES,PRESERVED_SPECIMEN,1969-05-19,1969,-70.964067,19.654327,1106.57,d415c253-4d61-4459-9d25-4015b9084fb0,NY,NY,27,02,ESPERANZA,042702,874c898d0ffffff
762715d2-b5c2-4c85-8413-8d3ca61de80c,1929437534,Phoradendron mucronatum,Phoradendron mucronatum (DC.) Krug & Urb.,Viscaceae,Phoradendron,SPECIES,PRESERVED_SPECIMEN,1969-05-14,1969,-70.964067,19.654327,1106.57,d415c253-4d61-4459-9d25-4015b9084fb0,NY,NY,27,02,ESPERANZA,042702,874c898d0ffffff
765CE3FE-2FB1-4C0D-BBC0-5F369CC60E9A,1503171881,Rhynchosia reticulata,Rhynchosia reticulata (Sw.) DC.,Fabaceae,Rhynchosia,SPECIES,PRESERVED_SPECIMEN,1970-04-24,1970,-71.0236,19.6644,NA,af1b4db0-c8ce-4a95-b700-8a6a02bed9d6,USF,Herb,27,02,ESPERANZA,042702,874c89124ffffff
7681c26d-f5dc-4d48-8da6-af9aaab9405b,1929442641,Gyminda latifolia,Gyminda latifolia (Sw.) Urb.,Celastraceae,Gyminda,SPECIES,PRESERVED_SPECIMEN,1969-05-09,1969,-70.964067,19.654327,1106.57,d415c253-4d61-4459-9d25-4015b9084fb0,NY,NY,27,02,ESPERANZA,042702,874c898d0ffffff
76c8fad2-009b-4f32-aced-a885c3873aae,1929446055,Lycianthes fugax,Lycianthes fugax (Jacq.) Bitter,Solanaceae,Lycianthes,SPECIES,PRESERVED_SPECIMEN,1969-05-22,1969,-70.964067,19.654327,1106.57,d415c253-4d61-4459-9d25-4015b9084fb0,NY,NY,27,02,ESPERANZA,042702,874c898d0ffffff
77fd5d3a-25a4-4b19-add9-80aa03b60521,1929462998,Eugenia ligustrina,Eugenia ligustrina (Sw.) Willd.,Myrtaceae,Eugenia,SPECIES,PRESERVED_SPECIMEN,1969-05-23,1969,-70.964067,19.654327,1106.57,d415c253-4d61-4459-9d25-4015b9084fb0,NY,NY,27,02,ESPERANZA,042702,874c898d0ffffff
78743efb-fa38-4fd4-bc3c-4dabe5be8a23,1929468946,Acroporium pungens,Acroporium pungens (Hedw.) Broth.,Sematophyllaceae,Acroporium,SPECIES,PRESERVED_SPECIMEN,1981-03-24,1981,-70.95,19.67,NA,d415c253-4d61-4459-9d25-4015b9084fb0,NY,NY,27,02,ESPERANZA,042702,874c898f3ffffff
788e07cb-3693-4d8c-bb8a-a7bee2491d67,1929470553,Groutiella apiculata,Groutiella mucronifolia (Hook. & Grev.) H.A. Crum & Steere,Orthotrichaceae,Groutiella,SPECIES,PRESERVED_SPECIMEN,1981-03-24,1981,-70.95,19.67,NA,d415c253-4d61-4459-9d25-4015b9084fb0,NY,NY,27,02,ESPERANZA,042702,874c898f3ffffff
7ac961ca-7047-47d9-8c1f-5ee87ab1e7ee,1929502870,Rosulabryum truncorum,Bryum truncorum (Brid.) Brid.,Bryaceae,Rosulabryum,SPECIES,PRESERVED_SPECIMEN,1981-03-24,1981,-70.95,19.67,NA,d415c253-4d61-4459-9d25-4015b9084fb0,NY,NY,27,02,ESPERANZA,042702,874c898f3ffffff
7b76144e-e98b-473f-af72-527e91c78182,1929512363,Pilotrichella flexilis,Pilotrichella flexilis (Hedw.) Ångstr.,Lembophyllaceae,Pilotrichella,SPECIES,PRESERVED_SPECIMEN,1981-03-24,1981,-70.95,19.67,NA,d415c253-4d61-4459-9d25-4015b9084fb0,NY,NY,27,02,ESPERANZA,042702,874c898f3ffffff
7b896af9-4142-485d-bec7-d4463422715d,1929513883,Pleopeltis marginata,Pleopeltis marginata A.R.Sm. & Tejero,Polypodiaceae,Pleopeltis,SPECIES,PRESERVED_SPECIMEN,1984-12-17,1984,-70.97,19.67,NA,d415c253-4d61-4459-9d25-4015b9084fb0,NY,NY,27,02,ESPERANZA,042702,874c89889ffffff
7bbfa439-4a56-45ec-af53-af0e2beb0f1d,1929515899,Pombalia oppositifolia,Hybanthus oppositifolius (L.) Taub.,Violaceae,Pombalia,SPECIES,PRESERVED_SPECIMEN,1969-05-19,1969,-70.964067,19.654327,1106.57,d415c253-4d61-4459-9d25-4015b9084fb0,NY,NY,27,02,ESPERANZA,042702,874c898d0ffffff
7bca9663-bf82-4a28-97b2-aa0e57db5299,1929516846,Dolotortula mniifolia,Dolotortula mniifolia (Sull.) R.H. Zander,Pottiaceae,Dolotortula,SPECIES,PRESERVED_SPECIMEN,1981-03-24,1981,-70.95,19.67,NA,d415c253-4d61-4459-9d25-4015b9084fb0,NY,NY,27,02,ESPERANZA,042702,874c898f3ffffff
7c0f1fd6-3d86-475a-b19b-671e07c9b3ee,1929520775,Aristolochia bilobata,Aristolochia bilobata L.,Aristolochiaceae,Aristolochia,SPECIES,PRESERVED_SPECIMEN,1969-06-06,1969,-70.964067,19.654327,1106.57,d415c253-4d61-4459-9d25-4015b9084fb0,NY,NY,27,02,ESPERANZA,042702,874c898d0ffffff
7c3b5542-b158-4580-b049-6be1bf0378c9,1929523020,Trichomanes L.,Trichomanes L.,Hymenophyllaceae,Trichomanes,GENUS,PRESERVED_SPECIMEN,1984-12-17,1984,-70.97,19.67,NA,d415c253-4d61-4459-9d25-4015b9084fb0,NY,NY,27,02,ESPERANZA,042702,874c89889ffffff
7c79cf3d-180b-4870-8d94-21fbc4271a65,1929526086,Foeniculum vulgare,Foeniculum vulgare Mill.,Apiaceae,Foeniculum,SPECIES,PRESERVED_SPECIMEN,1984-12-17,1984,-70.97,19.67,NA,d415c253-4d61-4459-9d25-4015b9084fb0,NY,NY,27,02,ESPERANZA,042702,874c89889ffffff
7d9ebbf6-0e02-491e-ab0b-4c855ae043b3,1929542223,Paspalum fimbriatum,Paspalum fimbriatum Kunth,Poaceae,Paspalum,SPECIES,PRESERVED_SPECIMEN,1984-12-17,1984,-70.97,19.67,NA,d415c253-4d61-4459-9d25-4015b9084fb0,NY,NY,27,02,ESPERANZA,042702,874c89889ffffff
7de3d256-869f-4c48-b54d-bb3c0f17267a,1929546697,Rosulabryum truncorum,Bryum truncorum (Brid.) Brid.,Bryaceae,Rosulabryum,SPECIES,PRESERVED_SPECIMEN,1981-03-24,1981,-70.95,19.67,NA,d415c253-4d61-4459-9d25-4015b9084fb0,NY,NY,27,02,ESPERANZA,042702,874c898f3ffffff
7e5aef7e-788e-4eaf-82e8-a3f5ed81f5e9,1929552955,Wedelia ehrenbergii,Wedelia ehrenbergii Less.,Asteraceae,Wedelia,SPECIES,PRESERVED_SPECIMEN,1969-06-22,1969,-70.964067,19.654327,1106.57,d415c253-4d61-4459-9d25-4015b9084fb0,NY,NY,27,02,ESPERANZA,042702,874c898d0ffffff
7eac0f6a-caa7-4bb0-8d7f-963fb6bce806,1929557448,Tillandsia variabilis,Tillandsia variabilis Schltdl.,Bromeliaceae,Tillandsia,SPECIES,PRESERVED_SPECIMEN,1984-12-18,1984,-70.97,19.68,NA,d415c253-4d61-4459-9d25-4015b9084fb0,NY,NY,27,02,ESPERANZA,042702,874c89889ffffff
7f53ebc5-e93c-40d9-a3a4-49c9638e454e,1929566956,Varronia serrata,Varronia serrata (L.) Borhidi,Cordiaceae,Varronia,SPECIES,PRESERVED_SPECIMEN,1969-05-26,1969,-70.964067,19.654327,1106.57,d415c253-4d61-4459-9d25-4015b9084fb0,NY,NY,27,02,ESPERANZA,042702,874c898d0ffffff
7f85f661-3559-4c6a-adb0-01f84d5e0ff8,1929569087,Karwinskia caloneura,Karwinskia caloneura Urb.,Rhamnaceae,Karwinskia,SPECIES,PRESERVED_SPECIMEN,1968-04-04,1968,-70.964067,19.654327,1106.57,d415c253-4d61-4459-9d25-4015b9084fb0,NY,NY,27,02,ESPERANZA,042702,874c898d0ffffff
807886a2-dc3c-440a-b0d5-ddc44fcb3740,1929582685,Cissus obovata,Cissus obovata Vahl,Vitaceae,Cissus,SPECIES,PRESERVED_SPECIMEN,1969-05-19,1969,-70.964067,19.654327,1106.57,d415c253-4d61-4459-9d25-4015b9084fb0,NY,NY,27,02,ESPERANZA,042702,874c898d0ffffff
8133540d-8cb3-4ebd-b2ab-8b58deec8638,1929592746,Duranta erecta,Duranta erecta L.,Verbenaceae,Duranta,SPECIES,PRESERVED_SPECIMEN,1984-12-17,1984,-70.97,19.67,NA,d415c253-4d61-4459-9d25-4015b9084fb0,NY,NY,27,02,ESPERANZA,042702,874c89889ffffff
81e5b049-5277-431e-973e-632f3de2f870,1929602733,Casearia ilicifolia,Casearia ilicifolia (Sw.) Vent.,Salicaceae,Casearia,SPECIES,PRESERVED_SPECIMEN,1969-05-21,1969,-70.964067,19.654327,1106.57,d415c253-4d61-4459-9d25-4015b9084fb0,NY,NY,27,02,ESPERANZA,042702,874c898d0ffffff
8270d9ba-b23a-4443-bd96-eb4183b071ad,1929610741,Tibisia farcta,Arthrostylidium farctum (Aubl.) Soderstr. & Lourteig,Poaceae,Tibisia,SPECIES,PRESERVED_SPECIMEN,1933-05-19,1933,-70.942599,19.654223000000002,3391.57,d415c253-4d61-4459-9d25-4015b9084fb0,NY,NY,27,02,ESPERANZA,042702,874c898d5ffffff
82887006-11da-488d-8af6-674c0671630b,1929611705,Scolosanthus acanthodes,Scolosanthus acanthodes (Spreng.) Urb.,Rubiaceae,Scolosanthus,SPECIES,PRESERVED_SPECIMEN,1969-05-14,1969,-70.964067,19.654327,1106.57,d415c253-4d61-4459-9d25-4015b9084fb0,NY,NY,27,02,ESPERANZA,042702,874c898d0ffffff
828d2631-abe9-45e5-b6c3-140cc911cc18,1929611784,Chromolaena sinuata,Chromolaena sinuata (Lam.) R.M.King & H.Rob.,Asteraceae,Chromolaena,SPECIES,PRESERVED_SPECIMEN,1969-11-27,1969,-70.964067,19.654327,1106.57,d415c253-4d61-4459-9d25-4015b9084fb0,NY,NY,27,02,ESPERANZA,042702,874c898d0ffffff
82aaef83-fd7c-488b-8378-c87e7f370164,1929613400,Phoradendron Nutt.,Phoradendron Nutt.,Viscaceae,Phoradendron,GENUS,PRESERVED_SPECIMEN,1969-05-21,1969,-70.964067,19.654327,1106.57,d415c253-4d61-4459-9d25-4015b9084fb0,NY,NY,27,02,ESPERANZA,042702,874c898d0ffffff
832b57a2-e78c-4b8c-9751-1d0f26e36454,1929620667,Cyathea arborea,Cyathea arborea (L.) Sm.,Cyatheaceae,Cyathea,SPECIES,PRESERVED_SPECIMEN,1984-12-18,1984,-70.97,19.68,NA,d415c253-4d61-4459-9d25-4015b9084fb0,NY,NY,27,02,ESPERANZA,042702,874c89889ffffff
832f2bcf-d5ac-47d5-8d08-74dd03f67dd5,1929620729,Mesechites repens,Mesechites repens (Jacq.) Miers,Apocynaceae,Mesechites,SPECIES,PRESERVED_SPECIMEN,1969-06-22,1969,-70.964067,19.654327,1106.57,d415c253-4d61-4459-9d25-4015b9084fb0,NY,NY,27,02,ESPERANZA,042702,874c898d0ffffff
83630923-cde7-4f67-b177-11f7178311d7,1929624210,Jacquemontia havanensis,Jacquemontia havanensis (Jacq.) Urb.,Convolvulaceae,Jacquemontia,SPECIES,PRESERVED_SPECIMEN,1969-06-26,1969,-70.964067,19.654327,1106.57,d415c253-4d61-4459-9d25-4015b9084fb0,NY,NY,27,02,ESPERANZA,042702,874c898d0ffffff
8378461c-43ad-43d6-abe5-fecbc77433e0,1929624925,Meteorium nigrescens,Meteorium nigrescens (Sw. ex Hedw.) Dozy & Molk.,Meteoriaceae,Meteorium,SPECIES,PRESERVED_SPECIMEN,1981-03-24,1981,-70.95,19.67,NA,d415c253-4d61-4459-9d25-4015b9084fb0,NY,NY,27,02,ESPERANZA,042702,874c898f3ffffff
846777e3-3da9-4eb8-b8ee-eef864b97a89,1929638081,Notholaena trichomanoides,Notholaena trichomanoides (L.) Desv.,Pteridaceae,Notholaena,SPECIES,PRESERVED_SPECIMEN,1969-05-23,1969,-70.964067,19.654327,1106.57,d415c253-4d61-4459-9d25-4015b9084fb0,NY,NY,27,02,ESPERANZA,042702,874c898d0ffffff
855b939e-3f71-4200-9b11-060a4b3c5acb,1929651800,Rhynchostegium serrulatum,Rhynchostegium serrulatum (Hedw.) A.Jaeger,Brachytheciaceae,Rhynchostegium,SPECIES,PRESERVED_SPECIMEN,1981-03-24,1981,-70.95,19.67,NA,d415c253-4d61-4459-9d25-4015b9084fb0,NY,NY,27,02,ESPERANZA,042702,874c898f3ffffff
85f04c9d-ba87-43cb-acb8-4d63bdee4c1c,1929659944,Brittonodoxa subpinnata,Sematophyllum subpinnatum (Brid.) E. Britton,Sematophyllaceae,Brittonodoxa,SPECIES,PRESERVED_SPECIMEN,1981-03-24,1981,-70.95,19.67,NA,d415c253-4d61-4459-9d25-4015b9084fb0,NY,NY,27,02,ESPERANZA,042702,874c898f3ffffff
85fbf3a6-9db1-4969-a2ac-7295bcea358e,1929660364,Varronia curassavica,Varronia curassavica Jacq.,Cordiaceae,Varronia,SPECIES,PRESERVED_SPECIMEN,1969-05-21,1969,-70.964067,19.654327,1106.57,d415c253-4d61-4459-9d25-4015b9084fb0,NY,NY,27,02,ESPERANZA,042702,874c898d0ffffff
865C9781-0644-4D6B-B6F5-3895155DF025,1503313380,Rhabdadenia biflora,Rhabdadenia biflora (Jacq.) Müll.Arg.,Apocynaceae,Rhabdadenia,SPECIES,PRESERVED_SPECIMEN,1970-04-24,1970,-71.0236,19.6644,NA,af1b4db0-c8ce-4a95-b700-8a6a02bed9d6,USF,Herb,27,02,ESPERANZA,042702,874c89124ffffff
86b725dd-892d-4c0e-96d9-a5790a0fde4a,1929670425,Pseudabutilon umbellatum,Pseudabutilon umbellatum (L.) Fryxell,Malvaceae,Pseudabutilon,SPECIES,PRESERVED_SPECIMEN,1969-05-19,1969,-70.964067,19.654327,1106.57,d415c253-4d61-4459-9d25-4015b9084fb0,NY,NY,27,02,ESPERANZA,042702,874c898d0ffffff
877226fd-3478-4af9-85fc-730b75ec6fb9,1929680823,Triumfetta semitriloba,Triumfetta semitriloba Jacq.,Malvaceae,Triumfetta,SPECIES,PRESERVED_SPECIMEN,1984-12-17,1984,-70.97,19.67,NA,d415c253-4d61-4459-9d25-4015b9084fb0,NY,NY,27,02,ESPERANZA,042702,874c89889ffffff
877dff7e-f7cb-4be5-867d-b98630722475,1929682154,Myrsine nubicola,Myrsine nubicola Alain,Primulaceae,Myrsine,SPECIES,PRESERVED_SPECIMEN,1984-12-18,1984,-70.97,19.68,NA,d415c253-4d61-4459-9d25-4015b9084fb0,NY,NY,27,02,ESPERANZA,042702,874c89889ffffff
882ec583-225f-41a1-a080-a8561b3de39a,1929691164,Stenostomum heteroneurum,Stenostomum heteroneurum (Urb. & Ekman) Borhidi,Rubiaceae,Stenostomum,SPECIES,PRESERVED_SPECIMEN,1969-06-26,1969,-70.964067,19.654327,1106.57,d415c253-4d61-4459-9d25-4015b9084fb0,NY,NY,27,02,ESPERANZA,042702,874c898d0ffffff
889d9046-7232-4ee8-bd6c-03cd3686c60d,1929697132,Desmodium incanum,Desmodium incanum (Sw.) DC.,Fabaceae,Desmodium,SPECIES,PRESERVED_SPECIMEN,1969-05-09,1969,-70.964067,19.654327,1106.57,d415c253-4d61-4459-9d25-4015b9084fb0,NY,NY,27,02,ESPERANZA,042702,874c898d0ffffff
88a58b67-7f5f-4819-bc78-197738c1eb08,1929697836,Mammillaria prolifera,Mammillaria prolifera (Mill.) Haw.,Cactaceae,Mammillaria,SPECIES,PRESERVED_SPECIMEN,1969-05-14,1969,-70.964067,19.654327,1106.57,d415c253-4d61-4459-9d25-4015b9084fb0,NY,NY,27,02,ESPERANZA,042702,874c898d0ffffff
8E9A5708-73D0-43AF-9EE9-A90CA2FC918C,1503313732,Galphimia gracilis,Galphimia gracilis Bartl.,Malpighiaceae,Galphimia,SPECIES,PRESERVED_SPECIMEN,1970-04-24,1970,-71.0236,19.6644,NA,af1b4db0-c8ce-4a95-b700-8a6a02bed9d6,USF,Herb,27,02,ESPERANZA,042702,874c89124ffffff
8ac700c5-ecfe-40fa-9121-3d7ab2468b37,1929727723,Chromolaena sinuata,Chromolaena sinuata (Lam.) R.M.King & H.Rob.,Asteraceae,Chromolaena,SPECIES,PRESERVED_SPECIMEN,1969-05-23,1969,-70.964067,19.654327,1106.57,d415c253-4d61-4459-9d25-4015b9084fb0,NY,NY,27,02,ESPERANZA,042702,874c898d0ffffff
8b9628cf-2492-430d-b2ba-0d13dd36ad25,1929739451,Tabebuia obovata,Tabebuia obovata Urb.,Bignoniaceae,Tabebuia,SPECIES,PRESERVED_SPECIMEN,1969-05-19,1969,-70.964067,19.654327,1106.57,d415c253-4d61-4459-9d25-4015b9084fb0,NY,NY,27,02,ESPERANZA,042702,874c898d0ffffff
8c86725b-55c1-48c0-a795-595d7d28ba73,1929752816,Badiera penaea,Badiera penaea (L.) DC.,Polygalaceae,Badiera,SPECIES,PRESERVED_SPECIMEN,1984-12-18,1984,-70.97,19.68,NA,d415c253-4d61-4459-9d25-4015b9084fb0,NY,NY,27,02,ESPERANZA,042702,874c89889ffffff
8ce4049d-bfd3-47f4-9380-183652f52e4c,1929757769,Acroporium pungens,Acroporium pungens (Hedw.) Broth.,Sematophyllaceae,Acroporium,SPECIES,PRESERVED_SPECIMEN,1981-03-24,1981,-70.95,19.67,NA,d415c253-4d61-4459-9d25-4015b9084fb0,NY,NY,27,02,ESPERANZA,042702,874c898f3ffffff
8d013cd5-2b04-4b80-aa29-c4908a08dfd2,1929759388,Solanum nudum,Solanum nudum Humb. & Bonpl. ex Dunal,Solanaceae,Solanum,SPECIES,PRESERVED_SPECIMEN,1984-12-18,1984,-70.97,19.68,NA,d415c253-4d61-4459-9d25-4015b9084fb0,NY,NY,27,02,ESPERANZA,042702,874c89889ffffff
8d7c49bc-7455-41e8-a024-c24226bd0d11,1929766536,Sidastrum multiflorum,Sidastrum multiflorum (Jacq.) Fryxell,Malvaceae,Sidastrum,SPECIES,PRESERVED_SPECIMEN,1969-05-22,1969,-70.964067,19.654327,1106.57,d415c253-4d61-4459-9d25-4015b9084fb0,NY,NY,27,02,ESPERANZA,042702,874c898d0ffffff
8e406b8e-033c-4793-96e0-4068ba711303,1929777174,Zapoteca portoricensis,Zapoteca portoricensis subsp. portoricensis,Fabaceae,Zapoteca,SUBSPECIES,PRESERVED_SPECIMEN,1969-05-09,1969,-70.964067,19.654327,1106.57,d415c253-4d61-4459-9d25-4015b9084fb0,NY,NY,27,02,ESPERANZA,042702,874c898d0ffffff
8f1b4035-1557-4b28-8044-1c55cf70d930,1929788629,Stelis gelida,Stelis gelida (Lindl.) Pridgeon & M.W.Chase,Orchidaceae,Stelis,SPECIES,PRESERVED_SPECIMEN,1984-12-18,1984,-70.97,19.68,NA,d415c253-4d61-4459-9d25-4015b9084fb0,NY,NY,27,02,ESPERANZA,042702,874c89889ffffff
8f8c458f-61bf-45be-85f3-2558030d1b27,1457792745,Miconia calycina,Miconia calycina Cogn.,Melastomataceae,Miconia,SPECIES,PRESERVED_SPECIMEN,1984-12-18,1984,-70.966667,19.683333,NA,b89d52a2-861d-4388-adad-c0da3d55fc78,UF,,27,02,ESPERANZA,042702,874c898f2ffffff
90097b9b-f551-4870-9479-fc13b6e725bb,1929801833,Chromolaena odorata,Chromolaena odorata (L.) R.M.King & H.Rob.,Asteraceae,Chromolaena,SPECIES,PRESERVED_SPECIMEN,1984-12-17,1984,-70.97,19.67,NA,d415c253-4d61-4459-9d25-4015b9084fb0,NY,NY,27,02,ESPERANZA,042702,874c89889ffffff
90e7cfb2-3ab0-40d2-bff1-98f92ab838e7,1929813791,Schlotheimia rugifolia,Schlotheimia rugifolia (Hook.) Schwägr.,Orthotrichaceae,Schlotheimia,SPECIES,PRESERVED_SPECIMEN,1981-03-24,1981,-70.95,19.67,NA,d415c253-4d61-4459-9d25-4015b9084fb0,NY,NY,27,02,ESPERANZA,042702,874c898f3ffffff
913113c4-05ce-4ea7-bb72-6f7615e4809b,1929817913,Bryopteris filicina,Bryopteris filicina (Sw.) Nees,Lejeuneaceae,Bryopteris,SPECIES,PRESERVED_SPECIMEN,1981-03-24,1981,-70.95,19.67,NA,d415c253-4d61-4459-9d25-4015b9084fb0,NY,NY,27,02,ESPERANZA,042702,874c898f3ffffff
918b4c00-9b0d-4615-ac8f-decb89e3cef5,1929822831,Prosthechea fuertesii,Prosthechea fuertesii (Cogn.) Christenson,Orchidaceae,Prosthechea,SPECIES,PRESERVED_SPECIMEN,1984-12-18,1984,-70.97,19.68,NA,d415c253-4d61-4459-9d25-4015b9084fb0,NY,NY,27,02,ESPERANZA,042702,874c89889ffffff
918f00e6-ad42-4036-b4f4-ee6f25ca33de,1929823097,Scolosanthus subsessilis,Scolosanthus subsessilis Alain,Rubiaceae,Scolosanthus,SPECIES,PRESERVED_SPECIMEN,1969-05-26,1969,-70.964067,19.654327,1106.57,d415c253-4d61-4459-9d25-4015b9084fb0,NY,NY,27,02,ESPERANZA,042702,874c898d0ffffff
91a7df1e-bd4c-476b-907d-53ca2215ac61,1929824447,Pleopeltis squamata,Polypodium squamatum L.,Polypodiaceae,Pleopeltis,SPECIES,PRESERVED_SPECIMEN,1984-12-17,1984,-70.97,19.67,NA,d415c253-4d61-4459-9d25-4015b9084fb0,NY,NY,27,02,ESPERANZA,042702,874c89889ffffff
91ee1afc-91a8-4dbc-b1a5-fbbda6975fa5,1929828628,Swietenia mahagoni,Swietenia mahagoni (L.) Jacq.,Meliaceae,Swietenia,SPECIES,PRESERVED_SPECIMEN,1969-06-06,1969,-70.964067,19.654327,1106.57,d415c253-4d61-4459-9d25-4015b9084fb0,NY,NY,27,02,ESPERANZA,042702,874c898d0ffffff
920cd1d4-8e54-4071-8093-4719eb33d466,1929829971,Catopsis floribunda,Catopsis floribunda L.B.Sm.,Bromeliaceae,Catopsis,SPECIES,PRESERVED_SPECIMEN,1984-12-18,1984,-70.97,19.68,NA,d415c253-4d61-4459-9d25-4015b9084fb0,NY,NY,27,02,ESPERANZA,042702,874c89889ffffff
92685126-bdfa-46e6-a73a-42e7c0da085c,1929835847,Bourreria succulenta,Bourreria succulenta Jacq.,Ehretiaceae,Bourreria,SPECIES,PRESERVED_SPECIMEN,1969-05-22,1969,-70.964067,19.654327,1106.57,d415c253-4d61-4459-9d25-4015b9084fb0,NY,NY,27,02,ESPERANZA,042702,874c898d0ffffff
933f9a51-9939-4afb-858c-d6f677856537,1929847328,Damburneya coriacea,Nectandra coriacea (Sw.) Griseb.,Lauraceae,Damburneya,SPECIES,PRESERVED_SPECIMEN,1969-06-26,1969,-70.964067,19.654327,1106.57,d415c253-4d61-4459-9d25-4015b9084fb0,NY,NY,27,02,ESPERANZA,042702,874c898d0ffffff
93b5d314-a2b9-4506-832b-a15d88bca135,1929853943,Tolumnia quadriloba,Tolumnia quadriloba (C.Schweinf.) Braem,Orchidaceae,Tolumnia,SPECIES,PRESERVED_SPECIMEN,1969-05-14,1969,-70.964067,19.654327,1106.57,d415c253-4d61-4459-9d25-4015b9084fb0,NY,NY,27,02,ESPERANZA,042702,874c898d0ffffff
943f4e14-791e-4357-a33e-3f62ee5681ff,1929860755,Lantana buchii,Lantana buchii Urb.,Verbenaceae,Lantana,SPECIES,PRESERVED_SPECIMEN,1969-06-26,1969,-70.964067,19.654327,1106.57,d415c253-4d61-4459-9d25-4015b9084fb0,NY,NY,27,02,ESPERANZA,042702,874c898d0ffffff
945951ce-9bf4-4a5a-8570-049aeae08256,1929862426,Herissantia crispa,Herissantia crispa (L.) Brizicky,Malvaceae,Herissantia,SPECIES,PRESERVED_SPECIMEN,1969-06-06,1969,-70.964067,19.654327,1106.57,d415c253-4d61-4459-9d25-4015b9084fb0,NY,NY,27,02,ESPERANZA,042702,874c898d0ffffff
952e669f-2169-46d6-967e-70b706450f19,1929874363,Sticherus ferrugineus,Sticherus ferrugineus (Desv.) J.Gonzales,Gleicheniaceae,Sticherus,SPECIES,PRESERVED_SPECIMEN,1984-12-18,1984,-70.97,19.68,NA,d415c253-4d61-4459-9d25-4015b9084fb0,NY,NY,27,02,ESPERANZA,042702,874c89889ffffff
9558624f-0d13-40de-8572-1f1152129489,1929877133,Paspalum L.,Paspalum L.,Poaceae,Paspalum,GENUS,PRESERVED_SPECIMEN,1969-05-14,1969,-70.964067,19.654327,1106.57,d415c253-4d61-4459-9d25-4015b9084fb0,NY,NY,27,02,ESPERANZA,042702,874c898d0ffffff
957a0198-e733-4556-8778-e3a208e62b01,1929878772,Tortella humilis,Tortella humilis (Hedw.) Jenn.,Pottiaceae,Tortella,SPECIES,PRESERVED_SPECIMEN,1981-03-24,1981,-70.95,19.67,NA,d415c253-4d61-4459-9d25-4015b9084fb0,NY,NY,27,02,ESPERANZA,042702,874c898f3ffffff
963f7dbc-eee2-43fb-9252-ff575ba50ef7,5859860394,Peperomia crassicaulis,Peperomia unguiculata Trel.,Piperaceae,Peperomia,SPECIES,PRESERVED_SPECIMEN,1984-12-18,1984,-70.966667,19.683333,NA,b89d52a2-861d-4388-adad-c0da3d55fc78,UF,,27,02,ESPERANZA,042702,874c898f2ffffff
96430c22-31d4-44ee-bc8d-7c69958f35b9,1929889560,Schoepfia obovata,Schoepfia obovata C.Wright,Schoepfiaceae,Schoepfia,SPECIES,PRESERVED_SPECIMEN,1969-05-09,1969,-70.964067,19.654327,1106.57,d415c253-4d61-4459-9d25-4015b9084fb0,NY,NY,27,02,ESPERANZA,042702,874c898d0ffffff
964e5b87-b7c8-48ea-9fca-6464b4f7f1ed,1929889989,Hamelia patens,Hamelia patens Jacq.,Rubiaceae,Hamelia,SPECIES,PRESERVED_SPECIMEN,1984-12-18,1984,-70.97,19.68,NA,d415c253-4d61-4459-9d25-4015b9084fb0,NY,NY,27,02,ESPERANZA,042702,874c89889ffffff
96c368c9-146b-42e5-b824-c94d9d96525b,1929896070,Emilia fosbergii,Emilia fosbergii Nicolson,Asteraceae,Emilia,SPECIES,PRESERVED_SPECIMEN,1969-05-26,1969,-70.964067,19.654327,1106.57,d415c253-4d61-4459-9d25-4015b9084fb0,NY,NY,27,02,ESPERANZA,042702,874c898d0ffffff
97413e1e-b2ba-46a8-a895-ea577f3d4818,1929903080,Ruellia domingensis,Ruellia domingensis Spreng. ex Nees,Acanthaceae,Ruellia,SPECIES,PRESERVED_SPECIMEN,1968-05-04,1968,-70.964067,19.654327,1106.57,d415c253-4d61-4459-9d25-4015b9084fb0,NY,NY,27,02,ESPERANZA,042702,874c898d0ffffff
976cfd92-82e1-4c16-8a08-5260feb7a6b5,1929905832,Dichaea trichocarpa,Dichaea trichocarpa (Sw.) Lindl.,Orchidaceae,Dichaea,SPECIES,PRESERVED_SPECIMEN,1984-12-18,1984,-70.97,19.68,NA,d415c253-4d61-4459-9d25-4015b9084fb0,NY,NY,27,02,ESPERANZA,042702,874c89889ffffff
97d60c3e-e090-40a5-bac0-669b257e29a1,1929911704,Foeniculum vulgare,Foeniculum vulgare Mill.,Apiaceae,Foeniculum,SPECIES,PRESERVED_SPECIMEN,1984-12-17,1984,-70.97,19.67,NA,d415c253-4d61-4459-9d25-4015b9084fb0,NY,NY,27,02,ESPERANZA,042702,874c89889ffffff
984462db-3a5e-4603-9093-c7f6cf49a403,1929917675,Launaea intybacea,Launaea intybacea (Jacq.) Beauverd,Asteraceae,Launaea,SPECIES,PRESERVED_SPECIMEN,1969-05-19,1969,-70.964067,19.654327,1106.57,d415c253-4d61-4459-9d25-4015b9084fb0,NY,NY,27,02,ESPERANZA,042702,874c898d0ffffff
988c43ac-69fe-4a0a-8e23-d3656f9f3635,1929921700,Helicodontium capillare,Helicodontium capillare (Hedw.) A. Jaeger,Brachytheciaceae,Helicodontium,SPECIES,PRESERVED_SPECIMEN,1981-03-24,1981,-70.95,19.67,NA,d415c253-4d61-4459-9d25-4015b9084fb0,NY,NY,27,02,ESPERANZA,042702,874c898f3ffffff
9936f8c1-610a-4c48-8e12-1ed0ca55ac78,1300843779,Cajanus cajan,Cajanus cajan (L.) Huth,Fabaceae,Cajanus,SPECIES,OCCURRENCE,1985-01-06,1985,-70.989998,19.58,NA,07044577-bd82-4089-9f3a-f4a9d2170b2e,Bioversity-SINGER,,27,02,ESPERANZA,042702,874c8912bffffff
9a1dabb5-2155-4bfe-9d8d-d972b70fda96,1929943573,Evolvulus alsinoides,Evolvulus alsinoides (L.) L.,Convolvulaceae,Evolvulus,SPECIES,PRESERVED_SPECIMEN,1969-06-26,1969,-70.964067,19.654327,1106.57,d415c253-4d61-4459-9d25-4015b9084fb0,NY,NY,27,02,ESPERANZA,042702,874c898d0ffffff
9afe4938-2417-4503-846a-d90c63222d7f,1929955785,Myrsine coriacea,Myrsine coriacea (Sw.) R.Br. ex Roem. & Schult.,Primulaceae,Myrsine,SPECIES,PRESERVED_SPECIMEN,1984-12-17,1984,-70.97,19.67,NA,d415c253-4d61-4459-9d25-4015b9084fb0,NY,NY,27,02,ESPERANZA,042702,874c89889ffffff
9b9a34d8-e6f9-4e58-bfa8-573b8bdaafdd,1929964799,Priva domingensis,Priva domingensis Urb.,Verbenaceae,Priva,SPECIES,PRESERVED_SPECIMEN,1969-05-14,1969,-70.964067,19.654327,1106.57,d415c253-4d61-4459-9d25-4015b9084fb0,NY,NY,27,02,ESPERANZA,042702,874c898d0ffffff
9bd6bffe-8d33-4e33-ba61-88839ed0a8ec,1929967695,Stelis antillensis,Stelis antillensis Pridgeon & M.W.Chase,Orchidaceae,Stelis,SPECIES,PRESERVED_SPECIMEN,1984-12-18,1984,-70.97,19.68,NA,d415c253-4d61-4459-9d25-4015b9084fb0,NY,NY,27,02,ESPERANZA,042702,874c89889ffffff
9c225066-ffd1-4266-9fd2-72f64b80e810,1929971747,Peperomia tetraphylla,Peperomia tetraphylla (G.Forst.) Hook. & Arn.,Piperaceae,Peperomia,SPECIES,PRESERVED_SPECIMEN,1984-12-18,1984,-70.97,19.68,NA,d415c253-4d61-4459-9d25-4015b9084fb0,NY,NY,27,02,ESPERANZA,042702,874c89889ffffff
9d3ab5f1-46fa-4076-b153-dd94a380f651,1929988102,Turpinia occidentalis,Turpinia occidentalis (Sw.) G.Don,Staphyleaceae,Turpinia,SPECIES,PRESERVED_SPECIMEN,1987-12-22,1987,-70.97,19.67,NA,d415c253-4d61-4459-9d25-4015b9084fb0,NY,NY,27,02,ESPERANZA,042702,874c89889ffffff
9e362e73-0b3b-4228-ab6b-bee3cb4a1263,1930001542,Eugenia jimenezii,Eugenia jimenezii Alain,Myrtaceae,Eugenia,SPECIES,PRESERVED_SPECIMEN,1969-05-23,1969,-70.964067,19.654327,1106.57,d415c253-4d61-4459-9d25-4015b9084fb0,NY,NY,27,02,ESPERANZA,042702,874c898d0ffffff
9f379aef-7c04-4124-b397-e3093c898363,1930015966,Gyminda latifolia,Gyminda latifolia (Sw.) Urb.,Celastraceae,Gyminda,SPECIES,PRESERVED_SPECIMEN,1969-05-09,1969,-70.964067,19.654327,1106.57,d415c253-4d61-4459-9d25-4015b9084fb0,NY,NY,27,02,ESPERANZA,042702,874c898d0ffffff
9fbf728f-381c-4de3-8767-641cc26d7851,1930023351,Zanthoxylum flavum,Zanthoxylum flavum Vahl,Rutaceae,Zanthoxylum,SPECIES,PRESERVED_SPECIMEN,1969-05-19,1969,-70.964067,19.654327,1106.57,d415c253-4d61-4459-9d25-4015b9084fb0,NY,NY,27,02,ESPERANZA,042702,874c898d0ffffff
9fe65cb1-21d1-459a-84a3-60b63a6f178d,1457798311,Miconia lima,Miconia lima (Desr.) M.Gómez,Melastomataceae,Miconia,SPECIES,PRESERVED_SPECIMEN,1984-12-18,1984,-70.966667,19.683333,NA,b89d52a2-861d-4388-adad-c0da3d55fc78,UF,,27,02,ESPERANZA,042702,874c898f2ffffff
A9E17D59-40A5-4B85-9942-7C4A57CD10F6,1503214442,Stigmaphyllon bannisterioides,Brachypterys ovata (Cav.) Small,Malpighiaceae,Stigmaphyllon,SPECIES,PRESERVED_SPECIMEN,1970-04-24,1970,-71.0236,19.6644,NA,af1b4db0-c8ce-4a95-b700-8a6a02bed9d6,USF,Herb,27,02,ESPERANZA,042702,874c89124ffffff
B3CC2E8A-FDFB-4822-8418-1C7AECF0C073,1503214847,Myrcia splendens,Myrcia splendens (Sw.) DC.,Myrtaceae,Myrcia,SPECIES,PRESERVED_SPECIMEN,1968-05-02,1968,-70.9842,19.7018,NA,af1b4db0-c8ce-4a95-b700-8a6a02bed9d6,USF,Herb,27,02,ESPERANZA,042702,874c8988cffffff
B918489D-8069-425B-89D4-F6F8E978CB08,122939921,Duranta erecta,Duranta erecta L.,Verbenaceae,Duranta,SPECIES,PRESERVED_SPECIMEN,1984-12-17,1984,-70.9667,19.6667,NA,832cb04e-f762-11e1-a439-00145eb45e9a,FTG,Herbarium,27,02,ESPERANZA,042702,874c898d4ffffff
FFD4BB76-A3B1-4100-8282-87FDFC5A80A8,1503215000,Cestrum macrophyllum,Cestrum macrophyllum Vent.,Solanaceae,Cestrum,SPECIES,PRESERVED_SPECIMEN,1968-05-02,1968,-70.9842,19.7018,NA,af1b4db0-c8ce-4a95-b700-8a6a02bed9d6,USF,Herb,27,02,ESPERANZA,042702,874c8988cffffff
S:VascularPlants:S11-35818,1096771341,Coccoloba wrightii,Coccoloba wrightii Lindau,Polygonaceae,Coccoloba,SPECIES,PRESERVED_SPECIMEN,1984-12-18,1984,-70.966667,19.683333,NA,0943f690-fde5-11dd-83f4-b8a03c50a862,S,VascularPlants,27,02,ESPERANZA,042702,874c898f2ffffff
S:VascularPlants:S11-36417,1096771950,Aristolochia bilabiata,Aristolochia bilabiata L.,Aristolochiaceae,Aristolochia,SPECIES,PRESERVED_SPECIMEN,1984-12-17,1984,-70.966667,19.666667,NA,0943f690-fde5-11dd-83f4-b8a03c50a862,S,VascularPlants,27,02,ESPERANZA,042702,874c898d4ffffff
S:VascularPlants:S16-18627,2618397703,Mikania papillosa,Mikania papillosa Klatt,Asteraceae,Mikania,SPECIES,PRESERVED_SPECIMEN,1984-12-18,1984,-70.883333,19.65,NA,0943f690-fde5-11dd-83f4-b8a03c50a862,S,VascularPlants,27,02,ESPERANZA,042702,874c898c5ffffff
S:VascularPlants:S17-46403,2618598255,Verbesina alata,Verbesina alata L.,Asteraceae,Verbesina,SPECIES,PRESERVED_SPECIMEN,1984-12-17,1984,-70.966667,19.666667,NA,0943f690-fde5-11dd-83f4-b8a03c50a862,S,VascularPlants,27,02,ESPERANZA,042702,874c898d4ffffff
S:VascularPlants:S25-701,5922480212,Anemia underwoodiana,Anemia underwoodiana Maxon,Anemiaceae,Anemia,SPECIES,PRESERVED_SPECIMEN,1984-12-17,1984,-70.966667,19.666667,NA,0943f690-fde5-11dd-83f4-b8a03c50a862,S,VascularPlants,27,02,ESPERANZA,042702,874c898d4ffffff
UCJEPS:UC:UC1954513,4856855236,Dendropemon elegans,Dendropemon elegans Kuijt,Loranthaceae,Dendropemon,SPECIES,PRESERVED_SPECIMEN,1984-12-16/1984-12-17,1984,-70.966667,19.666667,NA,83a49751-4282-481e-a847-1c5c224a0551,,UC,27,02,ESPERANZA,042702,874c898d4ffffff
UCJEPS:UC:UC1960974,4856874322,Phoradendron berteroanum,Phoradendron berteroanum (DC.) Griseb.,Viscaceae,Phoradendron,SPECIES,PRESERVED_SPECIMEN,1984-12-17,1984,-70.966667,19.666667,NA,83a49751-4282-481e-a847-1c5c224a0551,,UC,27,02,ESPERANZA,042702,874c898d4ffffff
UCJEPS:UC:UC1960989,4856866049,Phoradendron berteroanum,Phoradendron berteroanum (DC.) Griseb.,Viscaceae,Phoradendron,SPECIES,PRESERVED_SPECIMEN,1984-12-17,1984,-70.966667,19.666667,NA,83a49751-4282-481e-a847-1c5c224a0551,,UC,27,02,ESPERANZA,042702,874c898d4ffffff
UCJEPS:UC:UC1965868,4856574852,Dendropemon elegans,Dendropemon elegans Kuijt,Loranthaceae,Dendropemon,SPECIES,PRESERVED_SPECIMEN,1984-12-17/1984-12-18,1984,-70.966667,19.683333,NA,83a49751-4282-481e-a847-1c5c224a0551,,UC,27,02,ESPERANZA,042702,874c898f2ffffff
a01a33c5-8fa1-4170-a7b9-04a99290b6d7,1930028094,Psychilis cogniauxii,Psychilis cogniauxii (L.O.Williams) Sauleda,Orchidaceae,Psychilis,SPECIES,PRESERVED_SPECIMEN,1969-06-22,1969,-70.964067,19.654327,1106.57,d415c253-4d61-4459-9d25-4015b9084fb0,NY,NY,27,02,ESPERANZA,042702,874c898d0ffffff
a073924a-b95f-4bc6-b630-feba02c1427d,1930033059,Bourreria havanensis,Bourreria urbanii O.E.Schulz,Ehretiaceae,Bourreria,SPECIES,PRESERVED_SPECIMEN,1969-05-09,1969,-70.964067,19.654327,1106.57,d415c253-4d61-4459-9d25-4015b9084fb0,NY,NY,27,02,ESPERANZA,042702,874c898d0ffffff
a07467e0-9d5e-4beb-9dfc-79acbc5bd7e8,1930033042,Pleopeltis squamata,Pleopeltis squamata (L.) J.Sm.,Polypodiaceae,Pleopeltis,SPECIES,PRESERVED_SPECIMEN,1989-09-29,1989,-70.9,19.65,NA,d415c253-4d61-4459-9d25-4015b9084fb0,NY,NY,27,02,ESPERANZA,042702,874c898c0ffffff
a10a934e-44a2-49b6-a64a-646fa062a50a,1930041378,Guapira brevipetiolata,Guapira brevipetiolata (Heimerl) Alain,Nyctaginaceae,Guapira,SPECIES,PRESERVED_SPECIMEN,1969-06-06,1969,-70.964067,19.654327,1106.57,d415c253-4d61-4459-9d25-4015b9084fb0,NY,NY,27,02,ESPERANZA,042702,874c898d0ffffff
a120e58f-8381-491a-987f-7f38da508d81,1930042680,Cantinoa americana,Hyptis americana (Aubl.) Urb.,Lamiaceae,Cantinoa,SPECIES,PRESERVED_SPECIMEN,1984-12-17,1984,-70.97,19.67,NA,d415c253-4d61-4459-9d25-4015b9084fb0,NY,NY,27,02,ESPERANZA,042702,874c89889ffffff
a14c547b-cf0f-4b13-900b-babf6a6e53cf,1930044985,Euphorbia adenoptera,Euphorbia adenoptera subsp. adenoptera,Euphorbiaceae,Euphorbia,SUBSPECIES,PRESERVED_SPECIMEN,1971-02-06,1971,-70.964067,19.654327,1106.57,d415c253-4d61-4459-9d25-4015b9084fb0,NY,NY,27,02,ESPERANZA,042702,874c898d0ffffff
a1a8331a-ae01-430a-8e45-968355bf6d6e,1930049971,Thelypteris Schmidel,Thelypteris Schmidel,Thelypteridaceae,Thelypteris,GENUS,PRESERVED_SPECIMEN,1984-12-17,1984,-70.97,19.67,NA,d415c253-4d61-4459-9d25-4015b9084fb0,NY,NY,27,02,ESPERANZA,042702,874c89889ffffff
a22408af-737f-460f-838e-fd6fdf1b435d,1930056976,Crossopetalum rhacoma,Crossopetalum rhacoma Crantz,Celastraceae,Crossopetalum,SPECIES,PRESERVED_SPECIMEN,1969-05-21,1969,-70.964067,19.654327,1106.57,d415c253-4d61-4459-9d25-4015b9084fb0,NY,NY,27,02,ESPERANZA,042702,874c898d0ffffff
a3876067-e0af-4c32-b566-fc6d6a398607,1930080625,Linnaeosicyos amara,Linnaeosicyos amara (L.) H.Schaef. & Kocyan,Cucurbitaceae,Linnaeosicyos,SPECIES,PRESERVED_SPECIMEN,1969-05-23,1969,-70.964067,19.654327,1106.57,d415c253-4d61-4459-9d25-4015b9084fb0,NY,NY,27,02,ESPERANZA,042702,874c898d0ffffff
a48bd8fd-c4e1-4f0c-8461-15575a783b16,1930094085,Euphorbia tumistyla,Euphorbia tumistyla (D.G.Burch) Radcl.-Sm.,Euphorbiaceae,Euphorbia,SPECIES,PRESERVED_SPECIMEN,1969-05-23,1969,-70.964067,19.654327,1106.57,d415c253-4d61-4459-9d25-4015b9084fb0,NY,NY,27,02,ESPERANZA,042702,874c898d0ffffff
a4c94a55-0c8d-4e0b-bed0-356944d8607c,1930097552,Lejeunea Lib.,Lejeunea Lib.,Lejeuneaceae,Lejeunea,GENUS,PRESERVED_SPECIMEN,1984-12-17,1984,-70.97,19.67,NA,d415c253-4d61-4459-9d25-4015b9084fb0,NY,NY,27,02,ESPERANZA,042702,874c89889ffffff
a5474f87-6f2d-4512-bcf7-9b571cfc724e,1930104438,Bouteloua Lag.,Bouteloua Lag.,Poaceae,Bouteloua,GENUS,PRESERVED_SPECIMEN,1969-05-14,1969,-70.964067,19.654327,1106.57,d415c253-4d61-4459-9d25-4015b9084fb0,NY,NY,27,02,ESPERANZA,042702,874c898d0ffffff
a5695930-485e-4492-ab6a-ce3128a180b1,1930106405,Lejeunea Lib.,Lejeunea Lib.,Lejeuneaceae,Lejeunea,GENUS,PRESERVED_SPECIMEN,1984-12-18,1984,-70.97,19.68,NA,d415c253-4d61-4459-9d25-4015b9084fb0,NY,NY,27,02,ESPERANZA,042702,874c89889ffffff
a67cd554-d946-4709-811d-1eb28f71e365,1930122795,Plagiochila (Dumort.) Dumort.,Plagiochila (Dumort.) Dumort.,Plagiochilaceae,Plagiochila,GENUS,PRESERVED_SPECIMEN,1984-12-18,1984,-70.97,19.68,NA,d415c253-4d61-4459-9d25-4015b9084fb0,NY,NY,27,02,ESPERANZA,042702,874c89889ffffff
a67f32c2-a19a-44e8-8e24-38405626d5e1,1930120966,Wissadula amplissima,Wissadula amplissima (L.) R.E.Fr.,Malvaceae,Wissadula,SPECIES,PRESERVED_SPECIMEN,1969-06-06,1969,-70.964067,19.654327,1106.57,d415c253-4d61-4459-9d25-4015b9084fb0,NY,NY,27,02,ESPERANZA,042702,874c898d0ffffff
a6dc1cff-c2ab-4376-883d-410d4feb9b5f,1930126463,Phlebodium pseudoaureum,Phlebodium areolatum (Humb. & Bonpl. ex Willd.) J.Sm.,Polypodiaceae,Phlebodium,SPECIES,PRESERVED_SPECIMEN,1984-12-18,1984,-70.97,19.68,NA,d415c253-4d61-4459-9d25-4015b9084fb0,NY,NY,27,02,ESPERANZA,042702,874c89889ffffff
a7a31dab-03ae-412b-8c5f-4b78eeebd92e,1930140966,Ilex macfadyenii,Ilex macfadyenii (Walp.) Rehder,Aquifoliaceae,Ilex,SPECIES,PRESERVED_SPECIMEN,1931-05-12,1931,-70.942599,19.654223000000002,3391.57,d415c253-4d61-4459-9d25-4015b9084fb0,NY,NY,27,02,ESPERANZA,042702,874c898d5ffffff
a7a58f53-87dc-42b5-a419-3d9997dd7ba1,1930136805,Leucobryum polakowskyi,Leucobryum polakowskyi (Müll. Hal. ex Besch.) Cardot,Leucobryaceae,Leucobryum,SPECIES,PRESERVED_SPECIMEN,1981-03-24,1981,-70.95,19.67,NA,d415c253-4d61-4459-9d25-4015b9084fb0,NY,NY,27,02,ESPERANZA,042702,874c898f3ffffff
a82b3e08-c087-482e-b818-d3f9d96e70ce,1930144535,Groutiella apiculata,Groutiella mucronifolia (Hook. & Grev.) H.A. Crum & Steere,Orthotrichaceae,Groutiella,SPECIES,PRESERVED_SPECIMEN,1981-03-24,1981,-70.95,19.67,NA,d415c253-4d61-4459-9d25-4015b9084fb0,NY,NY,27,02,ESPERANZA,042702,874c898f3ffffff
a886b291-8b56-4f61-8d47-289b7eb42d38,1930149909,Bernardia carpinifolia,Bernardia carpinifolia Griseb.,Euphorbiaceae,Bernardia,SPECIES,PRESERVED_SPECIMEN,1969-04-26,1969,-70.964067,19.654327,1106.57,d415c253-4d61-4459-9d25-4015b9084fb0,NY,NY,27,02,ESPERANZA,042702,874c898d0ffffff
aafb9b29-47bd-4a16-8f43-ed927dec01ee,1930184743,Pleopeltis astrolepis,Pleopeltis astrolepis (Liebm.) E.Fourn.,Polypodiaceae,Pleopeltis,SPECIES,PRESERVED_SPECIMEN,1984-12-17,1984,-70.97,19.67,NA,d415c253-4d61-4459-9d25-4015b9084fb0,NY,NY,27,02,ESPERANZA,042702,874c89889ffffff
ab6195b9-fdff-4bb1-9c9c-8e6aa387e09f,1930190315,Aristida adscensionis,Aristida adscensionis L.,Poaceae,Aristida,SPECIES,PRESERVED_SPECIMEN,1969-05-21,1969,-70.964067,19.654327,1106.57,d415c253-4d61-4459-9d25-4015b9084fb0,NY,NY,27,02,ESPERANZA,042702,874c898d0ffffff
ab7ad0ea-e7c9-4cf4-bf58-b9f0c6d965a1,1930191534,Helicodontium capillare,Helicodontium capillare (Hedw.) A. Jaeger,Brachytheciaceae,Helicodontium,SPECIES,PRESERVED_SPECIMEN,1981-03-24,1981,-70.95,19.67,NA,d415c253-4d61-4459-9d25-4015b9084fb0,NY,NY,27,02,ESPERANZA,042702,874c898f3ffffff
aba8a738-0468-47e5-b8ab-f044ccfde336,1930194466,Dennstaedtia cicutaria,Dennstaedtia cicutaria (Sw.) T.Moore,Dennstaedtiaceae,Dennstaedtia,SPECIES,PRESERVED_SPECIMEN,1984-12-17,1984,-70.97,19.67,NA,d415c253-4d61-4459-9d25-4015b9084fb0,NY,NY,27,02,ESPERANZA,042702,874c89889ffffff
abeb9661-5885-4cb1-922c-b00b3a33988a,1930198274,Chamaecrista nictitans,Chamaecrista nictitans var. glabrata (Vogel) H.S.Irwin & Barneby,Fabaceae,Chamaecrista,VARIETY,PRESERVED_SPECIMEN,1984-12-17,1984,-70.97,19.67,NA,d415c253-4d61-4459-9d25-4015b9084fb0,NY,NY,27,02,ESPERANZA,042702,874c89889ffffff
ad38b8e6-3ce9-4ae0-9dc7-9695b9320536,1930216519,Paspalum L.,Paspalum L.,Poaceae,Paspalum,GENUS,PRESERVED_SPECIMEN,1969-05-14,1969,-70.964067,19.654327,1106.57,d415c253-4d61-4459-9d25-4015b9084fb0,NY,NY,27,02,ESPERANZA,042702,874c898d0ffffff
ad39a4a8-cddd-4175-896d-d19346201abc,1930216560,Helicodontium capillare,Helicodontium capillare (Hedw.) A. Jaeger,Brachytheciaceae,Helicodontium,SPECIES,PRESERVED_SPECIMEN,1981-03-24,1981,-70.95,19.67,NA,d415c253-4d61-4459-9d25-4015b9084fb0,NY,NY,27,02,ESPERANZA,042702,874c898f3ffffff
ad514fcb-5ac6-4d23-86da-e312d74d7584,1930217620,Brittonodoxa subpinnata,Sematophyllum subpinnatum (Brid.) E. Britton,Sematophyllaceae,Brittonodoxa,SPECIES,PRESERVED_SPECIMEN,1981-03-24,1981,-70.95,19.67,NA,d415c253-4d61-4459-9d25-4015b9084fb0,NY,NY,27,02,ESPERANZA,042702,874c898f3ffffff
ad84ad77-8ed8-45fd-b13c-489d38c9e35f,1930220576,Chionoloma richardsii,"Chionoloma richardsii (E.B. Bartram) M. Alonso, M.J. Cano & J.A. Jiménez",Pottiaceae,Chionoloma,SPECIES,PRESERVED_SPECIMEN,1981-03-24,1981,-70.95,19.67,NA,d415c253-4d61-4459-9d25-4015b9084fb0,NY,NY,27,02,ESPERANZA,042702,874c898f3ffffff
ae12c341-78ca-4547-bd45-8cda2734e310,1930228691,Guettarda elliptica,Guettarda elliptica Sw.,Rubiaceae,Guettarda,SPECIES,PRESERVED_SPECIMEN,1969-05-26,1969,-70.964067,19.654327,1106.57,d415c253-4d61-4459-9d25-4015b9084fb0,NY,NY,27,02,ESPERANZA,042702,874c898d0ffffff
ae1cd49d-8ec6-49ea-9597-df5d313f4c01,1930229430,Chromolaena sinuata,Chromolaena sinuata (Lam.) R.M.King & H.Rob.,Asteraceae,Chromolaena,SPECIES,PRESERVED_SPECIMEN,1969-05-19,1969,-70.964067,19.654327,1106.57,d415c253-4d61-4459-9d25-4015b9084fb0,NY,NY,27,02,ESPERANZA,042702,874c898d0ffffff
ae629a59-520f-482d-ad4b-e3ccf01e11c5,1930232885,Brittonodoxa subpinnata,Sematophyllum subpinnatum (Brid.) E. Britton,Sematophyllaceae,Brittonodoxa,SPECIES,PRESERVED_SPECIMEN,1981-03-24,1981,-70.95,19.67,NA,d415c253-4d61-4459-9d25-4015b9084fb0,NY,NY,27,02,ESPERANZA,042702,874c898f3ffffff
ae9ac653-711b-4e00-98ad-8c0c9e2d2c8b,1930235785,Stachytarpheta strigosa,Stachytarpheta strigosa Vahl,Verbenaceae,Stachytarpheta,SPECIES,PRESERVED_SPECIMEN,1969-05-21,1969,-70.964067,19.654327,1106.57,d415c253-4d61-4459-9d25-4015b9084fb0,NY,NY,27,02,ESPERANZA,042702,874c898d0ffffff
b0167334-f7d8-4d7e-9067-35113f5de46e,1304244667,Solanum nudum,Solanum nudum Humb. & Bonpl. ex Dunal,Solanaceae,Solanum,SPECIES,OCCURRENCE,,NA,-70.966667,19.666667,NA,07044577-bd82-4089-9f3a-f4a9d2170b2e,Bioversity,,27,02,ESPERANZA,042702,874c898d4ffffff
b0c9500e-f172-4774-ae70-719ec68b2d55,1457804160,Miconia lima,Miconia lima (Desr.) M.Gómez,Melastomataceae,Miconia,SPECIES,PRESERVED_SPECIMEN,1984-12-18,1984,-70.966667,19.683333,NA,b89d52a2-861d-4388-adad-c0da3d55fc78,UF,,27,02,ESPERANZA,042702,874c898f2ffffff
b1c4cfb5-8e72-4f2d-b2d1-b08871bd028d,1930281945,Karwinskia caloneura,Karwinskia caloneura Urb.,Rhamnaceae,Karwinskia,SPECIES,PRESERVED_SPECIMEN,1969-05-21,1969,-70.964067,19.654327,1106.57,d415c253-4d61-4459-9d25-4015b9084fb0,NY,NY,27,02,ESPERANZA,042702,874c898d0ffffff
b1e6b5b2-420e-4d24-ba2e-c9f06d16793a,1930282654,Herissantia crispa,Herissantia crispa (L.) Brizicky,Malvaceae,Herissantia,SPECIES,PRESERVED_SPECIMEN,1969-05-19,1969,-70.964067,19.654327,1106.57,d415c253-4d61-4459-9d25-4015b9084fb0,NY,NY,27,02,ESPERANZA,042702,874c898d0ffffff
b37d5122-f3b5-4689-9f8b-029eab7508e1,1930306461,Rhynchostegium robustum,Rhynchostegium robustum W.R. Buck,Brachytheciaceae,Rhynchostegium,SPECIES,PRESERVED_SPECIMEN,1981-03-24,1981,-70.95,19.67,NA,d415c253-4d61-4459-9d25-4015b9084fb0,NY,NY,27,02,ESPERANZA,042702,874c898f3ffffff
b4f538ed-4337-47a3-b357-fd82924c5d73,1930325390,Metopium toxiferum,Metopium toxiferum (L.) Krug & Urb.,Anacardiaceae,Metopium,SPECIES,PRESERVED_SPECIMEN,1969-05-14,1969,-70.964067,19.654327,1106.57,d415c253-4d61-4459-9d25-4015b9084fb0,NY,NY,27,02,ESPERANZA,042702,874c898d0ffffff
b5be3a84-4068-4248-b575-3b83f3bdb841,4079747500,Chamaecrista pedicellaris,Chamaecrista pedicellaris var. adenosperma (Urb.) H.S.Irwin & Barneby,Fabaceae,Chamaecrista,VARIETY,PRESERVED_SPECIMEN,1950-05-11,1950,-70.955423,19.629842,1947,3b040a48-deae-485c-95b1-2ac80b7fdc54,IIBZ,USD,27,02,ESPERANZA,042702,874c898d3ffffff
b654ce90-49f6-4e41-a478-04fcf13d89fc,1930347158,Leucoloma serrulatum,Leucoloma serrulatum Brid.,Dicranaceae,Leucoloma,SPECIES,PRESERVED_SPECIMEN,1981-03-24,1981,-70.95,19.67,NA,d415c253-4d61-4459-9d25-4015b9084fb0,NY,NY,27,02,ESPERANZA,042702,874c898f3ffffff
b74783c7-0604-45f8-adcf-fa8f04a3da2d,1930358388,Scolosanthus acanthodes,Scolosanthus acanthodes (Spreng.) Urb.,Rubiaceae,Scolosanthus,SPECIES,PRESERVED_SPECIMEN,1969-05-14,1969,-70.964067,19.654327,1106.57,d415c253-4d61-4459-9d25-4015b9084fb0,NY,NY,27,02,ESPERANZA,042702,874c898d0ffffff
b748eba2-4c55-4daa-9512-6e6f742e228b,1930358997,Dichanthelium laxiflorum,Dichanthelium laxiflorum (Lam.) Gould,Poaceae,Dichanthelium,SPECIES,PRESERVED_SPECIMEN,1929-12-18,1929,-70.942599,19.654223000000002,3391.57,d415c253-4d61-4459-9d25-4015b9084fb0,NY,NY,27,02,ESPERANZA,042702,874c898d5ffffff
b8010da1-4be2-4109-b6a3-9a1f2280520f,1930368530,Randia parvifolia,Randia parvifolia Lam.,Rubiaceae,Randia,SPECIES,PRESERVED_SPECIMEN,1969-06-06,1969,-70.964067,19.654327,1106.57,d415c253-4d61-4459-9d25-4015b9084fb0,NY,NY,27,02,ESPERANZA,042702,874c898d0ffffff
b8905c8c-6994-48bc-9ede-f32ca06bf2ce,1930376639,Damburneya coriacea,Nectandra coriacea (Sw.) Griseb.,Lauraceae,Damburneya,SPECIES,PRESERVED_SPECIMEN,1969-06-26,1969,-70.964067,19.654327,1106.57,d415c253-4d61-4459-9d25-4015b9084fb0,NY,NY,27,02,ESPERANZA,042702,874c898d0ffffff
ba0e65fc-c255-4c16-a2ba-942e8baf17cf,1930398062,Meteorium nigrescens,Meteorium nigrescens (Sw. ex Hedw.) Dozy & Molk.,Meteoriaceae,Meteorium,SPECIES,PRESERVED_SPECIMEN,1981-03-24,1981,-70.95,19.67,NA,d415c253-4d61-4459-9d25-4015b9084fb0,NY,NY,27,02,ESPERANZA,042702,874c898f3ffffff
ba154a3d-df78-4d5d-bc1c-f399408010a2,1930398602,Dicranopteris flexuosa,Dicranopteris flexuosa (Schrad.) Underw.,Gleicheniaceae,Dicranopteris,SPECIES,PRESERVED_SPECIMEN,1930-01-13,1930,-70.942599,19.654223000000002,3391.57,d415c253-4d61-4459-9d25-4015b9084fb0,NY,NY,27,02,ESPERANZA,042702,874c898d5ffffff
ba54fdef-d26d-4fce-8aee-305046a87767,1930401978,Asemeia violacea,Polygala violacea Aubl.,Polygalaceae,Asemeia,SPECIES,PRESERVED_SPECIMEN,1969-05-21,1969,-70.964067,19.654327,1106.57,d415c253-4d61-4459-9d25-4015b9084fb0,NY,NY,27,02,ESPERANZA,042702,874c898d0ffffff
ba91e004-2d86-4386-a99b-c362147c1b30,1930405367,Piriqueta racemosa,Piriqueta racemosa (Jacq.) Sweet,Passifloraceae,Piriqueta,SPECIES,PRESERVED_SPECIMEN,1969-05-14,1969,-70.964067,19.654327,1106.57,d415c253-4d61-4459-9d25-4015b9084fb0,NY,NY,27,02,ESPERANZA,042702,874c898d0ffffff
bb48a237-2b19-4bcc-877b-996f42d7dd85,1930415628,Varronia curassavica,Varronia curassavica Jacq.,Cordiaceae,Varronia,SPECIES,PRESERVED_SPECIMEN,1969-11-27,1969,-70.964067,19.654327,1106.57,d415c253-4d61-4459-9d25-4015b9084fb0,NY,NY,27,02,ESPERANZA,042702,874c898d0ffffff
bbe7a7c4-2886-49ac-bd9f-c83b8c66f74f,1930425125,Lantana reticulata,Lantana reticulata Pers.,Verbenaceae,Lantana,SPECIES,PRESERVED_SPECIMEN,1969-05-14,1969,-70.964067,19.654327,1106.57,d415c253-4d61-4459-9d25-4015b9084fb0,NY,NY,27,02,ESPERANZA,042702,874c898d0ffffff
bc06154a-60d6-4b2d-bd54-3f730750a6f8,1930425752,Palicourea justiciifolia,Psychotria nervosa Benth.,Rubiaceae,Palicourea,SPECIES,PRESERVED_SPECIMEN,1969-06-06,1969,-70.964067,19.654327,1106.57,d415c253-4d61-4459-9d25-4015b9084fb0,NY,NY,27,02,ESPERANZA,042702,874c898d0ffffff
bc3171c2-c3d0-46bd-9532-147be1075664,1930429795,Rhynchostegium serrulatum,Rhynchostegium serrulatum (Hedw.) A.Jaeger,Brachytheciaceae,Rhynchostegium,SPECIES,PRESERVED_SPECIMEN,1981-03-24,1981,-70.95,19.67,NA,d415c253-4d61-4459-9d25-4015b9084fb0,NY,NY,27,02,ESPERANZA,042702,874c898f3ffffff
bd02339c-87d7-48d6-9285-a3e60de649a4,1930440105,Turpinia occidentalis,Turpinia occidentalis (Sw.) G.Don,Staphyleaceae,Turpinia,SPECIES,PRESERVED_SPECIMEN,1987-12-22,1987,-70.97,19.67,NA,d415c253-4d61-4459-9d25-4015b9084fb0,NY,NY,27,02,ESPERANZA,042702,874c89889ffffff
bd3991a5-1aa0-4c15-933a-97b8beeca1b0,1930442972,Chloris radiata,Chloris radiata (L.) Sw.,Poaceae,Chloris,SPECIES,PRESERVED_SPECIMEN,1969-06-06,1969,-70.964067,19.654327,1106.57,d415c253-4d61-4459-9d25-4015b9084fb0,NY,NY,27,02,ESPERANZA,042702,874c898d0ffffff
be119d16-a2db-4bae-a214-2dab020c34c6,1930454752,Ateleia microcarpa,Ateleia microcarpa (Pers.) D.Dietr.,Fabaceae,Ateleia,SPECIES,PRESERVED_SPECIMEN,1969-06-06,1969,-70.964067,19.654327,1106.57,d415c253-4d61-4459-9d25-4015b9084fb0,NY,NY,27,02,ESPERANZA,042702,874c898d0ffffff
be7fb976-25ae-4926-a516-da433db422de,1930460867,Zanthoxylum taediosum,Zanthoxylum taediosum A.Rich.,Rutaceae,Zanthoxylum,SPECIES,PRESERVED_SPECIMEN,1969-05-26,1969,-70.964067,19.654327,1106.57,d415c253-4d61-4459-9d25-4015b9084fb0,NY,NY,27,02,ESPERANZA,042702,874c898d0ffffff
be9caeaf-faec-4d15-be95-002eb0635802,1930462336,Serjania seriana,Serjania sinuata Schumach.,Sapindaceae,Serjania,SPECIES,PRESERVED_SPECIMEN,1984-12-17,1984,-70.97,19.67,NA,d415c253-4d61-4459-9d25-4015b9084fb0,NY,NY,27,02,ESPERANZA,042702,874c89889ffffff
bed1112d2a59ac063b826c5eef2f78ed,1896043622,Damburneya coriacea,Nectandra coriacea (Sw.) Griseb.,Lauraceae,Damburneya,SPECIES,PRESERVED_SPECIMEN,1969-06-26,1969,-70.933333,19.5925,NA,7fd2f6e2-f762-11e1-a439-00145eb45e9a,ENCB-IPN,ENCB,27,02,ESPERANZA,042702,874c898dbffffff
bee12d7f-d4f6-4e0b-9377-f92b07aabc18,1930466000,Pleurothallis ruscifolia,Pleurothallis ruscifolia (Jacq.) R.Br.,Orchidaceae,Pleurothallis,SPECIES,PRESERVED_SPECIMEN,1984-12-18,1984,-70.97,19.68,NA,d415c253-4d61-4459-9d25-4015b9084fb0,NY,NY,27,02,ESPERANZA,042702,874c89889ffffff
c0232380-fa2f-11e2-a92b-005056000560,2028177132,Rosulabryum pseudocapillare,Bryum pseudocapillare Besch.,Bryaceae,Rosulabryum,SPECIES,PRESERVED_SPECIMEN,1981-03-24,1981,-70.95,19.666667,NA,815b2469-2686-4abd-8406-27ebe778a684,DUKE,,27,02,ESPERANZA,042702,874c898d4ffffff
c07b826d-c7a9-46d4-8982-239960f882fd,1930488959,Mikania micrantha,Mikania micrantha Kunth,Asteraceae,Mikania,SPECIES,PRESERVED_SPECIMEN,1984-12-17,1984,-70.97,19.67,NA,d415c253-4d61-4459-9d25-4015b9084fb0,NY,NY,27,02,ESPERANZA,042702,874c89889ffffff
c1255d4f-cc1f-4802-a853-0d454e4f20be,1930498057,Hyophila involuta,Hyophila involuta (Hook.) A. Jaeger,Pottiaceae,Hyophila,SPECIES,PRESERVED_SPECIMEN,1981-03-24,1981,-70.95,19.67,NA,d415c253-4d61-4459-9d25-4015b9084fb0,NY,NY,27,02,ESPERANZA,042702,874c898f3ffffff
c12afbe1-92c5-4cdc-929a-833bc7f3525e,1930499582,Fissidens taxifolius,Fissidens taxifolius Hedw.,Fissidentaceae,Fissidens,SPECIES,PRESERVED_SPECIMEN,1981-03-24,1981,-70.95,19.67,NA,d415c253-4d61-4459-9d25-4015b9084fb0,NY,NY,27,02,ESPERANZA,042702,874c898f3ffffff
c19967af-1665-4dba-bbe4-146051ace53b,1930504496,Sida cordifolia,Sida cordifolia L.,Malvaceae,Sida,SPECIES,PRESERVED_SPECIMEN,1969-05-21,1969,-70.964067,19.654327,1106.57,d415c253-4d61-4459-9d25-4015b9084fb0,NY,NY,27,02,ESPERANZA,042702,874c898d0ffffff
c20b586e-c987-4878-87cc-4f149602e6c7,1930511268,Goniopteris retroflexa,Thelypteris asplenioides (Sw.) Proctor,Thelypteridaceae,Goniopteris,SPECIES,PRESERVED_SPECIMEN,1984-12-17,1984,-70.97,19.67,NA,d415c253-4d61-4459-9d25-4015b9084fb0,NY,NY,27,02,ESPERANZA,042702,874c89889ffffff
c25f952e-ef55-4a12-a5e5-0b6568bb79d1,1930515992,Gyminda latifolia,Gyminda latifolia (Sw.) Urb.,Celastraceae,Gyminda,SPECIES,PRESERVED_SPECIMEN,1969-05-09,1969,-70.964067,19.654327,1106.57,d415c253-4d61-4459-9d25-4015b9084fb0,NY,NY,27,02,ESPERANZA,042702,874c898d0ffffff
c2c7d19a-d3ee-45be-99f4-836577bba1ad,1930521749,Racopilum tomentosum,Racopilum tomentosum (Hedw.) Brid.,Racopilaceae,Racopilum,SPECIES,PRESERVED_SPECIMEN,1981-03-24,1981,-70.95,19.67,NA,d415c253-4d61-4459-9d25-4015b9084fb0,NY,NY,27,02,ESPERANZA,042702,874c898f3ffffff
c2d4641b-2342-4ca1-a773-46b2785c3b83,1930522368,Chaptalia dentata,Chaptalia dentata (L.) Cass.,Asteraceae,Chaptalia,SPECIES,PRESERVED_SPECIMEN,1969-05-09,1969,-70.964067,19.654327,1106.57,d415c253-4d61-4459-9d25-4015b9084fb0,NY,NY,27,02,ESPERANZA,042702,874c898d0ffffff
c315094e-cb96-41ec-bb66-fefc4330d94c,1930526322,Fissidens zollingeri,Fissidens zollingeri Mont.,Fissidentaceae,Fissidens,SPECIES,PRESERVED_SPECIMEN,1981-03-24,1981,-70.95,19.67,NA,d415c253-4d61-4459-9d25-4015b9084fb0,NY,NY,27,02,ESPERANZA,042702,874c898f3ffffff
c4729593-180f-47e7-8e6b-ade37153c06a,1930545092,Bryum argenteum,Bryum argenteum Hedw.,Bryaceae,Bryum,SPECIES,PRESERVED_SPECIMEN,1981-03-24,1981,-70.95,19.67,NA,d415c253-4d61-4459-9d25-4015b9084fb0,NY,NY,27,02,ESPERANZA,042702,874c898f3ffffff
c4acface-cd92-4148-bfaa-3c8f4562e8e9,1930548419,Lejeunea Lib.,Lejeunea Lib.,Lejeuneaceae,Lejeunea,GENUS,PRESERVED_SPECIMEN,1984-12-18,1984,-70.97,19.68,NA,d415c253-4d61-4459-9d25-4015b9084fb0,NY,NY,27,02,ESPERANZA,042702,874c89889ffffff
c4c668f7-47f2-4307-a42e-3ac94c51b5db,1930549693,Malpighia coccigera,Malpighia coccigera L.,Malpighiaceae,Malpighia,SPECIES,PRESERVED_SPECIMEN,1969-05-09,1969,-70.964067,19.654327,1106.57,d415c253-4d61-4459-9d25-4015b9084fb0,NY,NY,27,02,ESPERANZA,042702,874c898d0ffffff
c4f3f690-3b5f-4a22-9f9f-89f146bae326,1930552157,Linnaeosicyos amara,Linnaeosicyos amara (L.) H.Schaef. & Kocyan,Cucurbitaceae,Linnaeosicyos,SPECIES,PRESERVED_SPECIMEN,1969-11-27,1969,-70.964067,19.654327,1106.57,d415c253-4d61-4459-9d25-4015b9084fb0,NY,NY,27,02,ESPERANZA,042702,874c898d0ffffff
c562bc4f-9a4f-43c4-9c5b-4af75a83a826,1930558491,Chamaecrista glandulosa,Chamaecrista glandulosa var. picardae (Urb.) H.S.Irwin & Barneby,Fabaceae,Chamaecrista,VARIETY,PRESERVED_SPECIMEN,1984-12-18,1984,-70.97,19.68,NA,d415c253-4d61-4459-9d25-4015b9084fb0,NY,NY,27,02,ESPERANZA,042702,874c89889ffffff
c59afd87-a40a-4e50-9c10-a6cebd003914,1930561545,Bernardia carpinifolia,Bernardia carpinifolia Griseb.,Euphorbiaceae,Bernardia,SPECIES,PRESERVED_SPECIMEN,1969-05-23,1969,-70.964067,19.654327,1106.57,d415c253-4d61-4459-9d25-4015b9084fb0,NY,NY,27,02,ESPERANZA,042702,874c898d0ffffff
c5d2a5b7-3a48-4bb2-b8a5-27f433af87c1,1930564802,Blanchardia clypeata,Hibiscus clypeatus subsp. clypeatus,Malvaceae,Blanchardia,SUBSPECIES,PRESERVED_SPECIMEN,1969-04-21,1969,-70.964067,19.654327,1106.57,d415c253-4d61-4459-9d25-4015b9084fb0,NY,NY,27,02,ESPERANZA,042702,874c898d0ffffff
c6072837-7610-4bf5-b73b-8744a0c673dc,1930567245,Pseudomacromitrium cirrosum,Macromitrium cirrosum (Hedw.) Brid.,Orthotrichaceae,Pseudomacromitrium,SPECIES,PRESERVED_SPECIMEN,1981-03-24,1981,-70.95,19.67,NA,d415c253-4d61-4459-9d25-4015b9084fb0,NY,NY,27,02,ESPERANZA,042702,874c898f3ffffff
c67334e1-f1f4-45bc-a6f8-896d262458d9,2830761394,Ptychostomum pseudotriquetrum,Ptychostomum pseudotriquetrum (Hedw.) J.R. Spence & H.P. Ramsay,Bryaceae,Ptychostomum,SPECIES,PRESERVED_SPECIMEN,1981-03-24,1981,-70.95,19.6667,1000,15738fee-78b1-4751-bcc1-cbf7139c68de,CANB,CANB,27,02,ESPERANZA,042702,874c898d4ffffff
c6995c25-9b63-47ef-a710-56a4b3fe45bf,1930575519,Zinnia peruviana,Zinnia peruviana (L.) L.,Asteraceae,Zinnia,SPECIES,PRESERVED_SPECIMEN,1969-05-09,1969,-70.964067,19.654327,1106.57,d415c253-4d61-4459-9d25-4015b9084fb0,NY,NY,27,02,ESPERANZA,042702,874c898d0ffffff
c6c3e997-d3d7-466f-a406-bde817a2228e,1930577671,Thouinia trifoliata,Thouinia trifoliata Poit.,Sapindaceae,Thouinia,SPECIES,PRESERVED_SPECIMEN,1969-06-06,1969,-70.964067,19.654327,1106.57,d415c253-4d61-4459-9d25-4015b9084fb0,NY,NY,27,02,ESPERANZA,042702,874c898d0ffffff
c6c54218-9903-4913-98af-e338b39dc064,1930577883,Thelypteris Schmidel,Thelypteris Schmidel,Thelypteridaceae,Thelypteris,GENUS,PRESERVED_SPECIMEN,1984-12-18,1984,-70.97,19.68,NA,d415c253-4d61-4459-9d25-4015b9084fb0,NY,NY,27,02,ESPERANZA,042702,874c89889ffffff
c6c993d6-d5b5-400b-9f30-c9389ff3cc90,1930577457,Meteorium nigrescens,Meteorium nigrescens (Sw. ex Hedw.) Dozy & Molk.,Meteoriaceae,Meteorium,SPECIES,PRESERVED_SPECIMEN,1981-03-24,1981,-70.95,19.67,NA,d415c253-4d61-4459-9d25-4015b9084fb0,NY,NY,27,02,ESPERANZA,042702,874c898f3ffffff
c6f39975-998f-4555-b692-f583e6e21911,1930580332,Rosulabryum truncorum,Bryum truncorum (Brid.) Brid.,Bryaceae,Rosulabryum,SPECIES,PRESERVED_SPECIMEN,1981-03-24,1981,-70.95,19.67,NA,d415c253-4d61-4459-9d25-4015b9084fb0,NY,NY,27,02,ESPERANZA,042702,874c898f3ffffff
c708c4b7-3220-4d85-9749-0bc63f5412b5,1930581633,Lantana reticulata,Lantana reticulata Pers.,Verbenaceae,Lantana,SPECIES,PRESERVED_SPECIMEN,1969-03-23,1969,-70.964067,19.654327,1106.57,d415c253-4d61-4459-9d25-4015b9084fb0,NY,NY,27,02,ESPERANZA,042702,874c898d0ffffff
c70e7e04-b886-40b9-a533-810f61687bea,1930581677,Isidorea pungens,Isidorea pungens (Lam.) B.L.Rob.,Rubiaceae,Isidorea,SPECIES,PRESERVED_SPECIMEN,1968-05-04,1968,-70.964067,19.654327,1106.57,d415c253-4d61-4459-9d25-4015b9084fb0,NY,NY,27,02,ESPERANZA,042702,874c898d0ffffff
c7311ca5-8d41-4988-818b-bbf324cf7729,1930583762,Euphorbia berteroana,Euphorbia berteroana Balb. ex Spreng.,Euphorbiaceae,Euphorbia,SPECIES,PRESERVED_SPECIMEN,1968-05-04,1968,-70.964067,19.654327,1106.57,d415c253-4d61-4459-9d25-4015b9084fb0,NY,NY,27,02,ESPERANZA,042702,874c898d0ffffff
c7897df0-9720-4859-8afa-5668f0d840de,1930588645,Helicodontium capillare,Helicodontium capillare (Hedw.) A. Jaeger,Brachytheciaceae,Helicodontium,SPECIES,PRESERVED_SPECIMEN,1981-03-24,1981,-70.95,19.67,NA,d415c253-4d61-4459-9d25-4015b9084fb0,NY,NY,27,02,ESPERANZA,042702,874c898f3ffffff
c89ce101-2064-41aa-990c-0b39cca749c9,1930603207,Sideroxylon salicifolium,Sideroxylon salicifolium (L.) Lam.,Sapotaceae,Sideroxylon,SPECIES,PRESERVED_SPECIMEN,1929-05-19,1929,-70.964067,19.654327,1106.57,d415c253-4d61-4459-9d25-4015b9084fb0,NY,NY,27,02,ESPERANZA,042702,874c898d0ffffff
c8b0b136-ebaa-4654-86ae-b18e9a131f92,1930604806,Damburneya coriacea,Nectandra coriacea (Sw.) Griseb.,Lauraceae,Damburneya,SPECIES,PRESERVED_SPECIMEN,1969-05-09,1969,-70.964067,19.654327,1106.57,d415c253-4d61-4459-9d25-4015b9084fb0,NY,NY,27,02,ESPERANZA,042702,874c898d0ffffff
c8bb6787-566a-4248-826e-39349279e3b9,1930605292,Brugmansia suaveolens,Brugmansia suaveolens (Humb. & Bonpl. ex Willd.) Bercht. & J.Presl,Solanaceae,Brugmansia,SPECIES,PRESERVED_SPECIMEN,1930-01-12,1930,-70.942599,19.654223000000002,3391.57,d415c253-4d61-4459-9d25-4015b9084fb0,NY,NY,27,02,ESPERANZA,042702,874c898d5ffffff
cac525b9-7bae-46e1-9bf5-4f0f24f011e8,1930634432,Lejeunea Lib.,Lejeunea Lib.,Lejeuneaceae,Lejeunea,GENUS,PRESERVED_SPECIMEN,1984-12-18,1984,-70.97,19.68,NA,d415c253-4d61-4459-9d25-4015b9084fb0,NY,NY,27,02,ESPERANZA,042702,874c89889ffffff
cbc36262-2f0f-4444-b664-a0e05079eb09,1930647871,Myrsine coriacea,Myrsine coriacea (Sw.) R.Br. ex Roem. & Schult.,Primulaceae,Myrsine,SPECIES,PRESERVED_SPECIMEN,1987-12-22,1987,-70.97,19.67,NA,d415c253-4d61-4459-9d25-4015b9084fb0,NY,NY,27,02,ESPERANZA,042702,874c89889ffffff
cbd2ae77-ac3d-4113-a617-8bbc8220a37b,1930648773,Chromolaena sinuata,Chromolaena sinuata (Lam.) R.M.King & H.Rob.,Asteraceae,Chromolaena,SPECIES,PRESERVED_SPECIMEN,1969-05-19,1969,-70.964067,19.654327,1106.57,d415c253-4d61-4459-9d25-4015b9084fb0,NY,NY,27,02,ESPERANZA,042702,874c898d0ffffff
ccb0cf13-4bc3-4955-bdd5-a909f73161ce,1930661392,Tolumnia quadriloba,Tolumnia quadriloba (C.Schweinf.) Braem,Orchidaceae,Tolumnia,SPECIES,PRESERVED_SPECIMEN,1969-05-21,1969,-70.964067,19.654327,1106.57,d415c253-4d61-4459-9d25-4015b9084fb0,NY,NY,27,02,ESPERANZA,042702,874c898d0ffffff
ccf061fb-96ff-4837-9909-2ae4cf23d34e,1930664429,Randia parvifolia,Randia parvifolia Lam.,Rubiaceae,Randia,SPECIES,PRESERVED_SPECIMEN,1969-05-26,1969,-70.964067,19.654327,1106.57,d415c253-4d61-4459-9d25-4015b9084fb0,NY,NY,27,02,ESPERANZA,042702,874c898d0ffffff
cd6706ca-3f6a-4cde-ac7a-96f7d2a6f21b,1930671936,Brittonodoxa subpinnata,Sematophyllum subpinnatum (Brid.) E. Britton,Sematophyllaceae,Brittonodoxa,SPECIES,PRESERVED_SPECIMEN,1981-03-24,1981,-70.95,19.67,NA,d415c253-4d61-4459-9d25-4015b9084fb0,NY,NY,27,02,ESPERANZA,042702,874c898f3ffffff
cdc03851-9022-451a-b393-db032f1ecbc6,1930677050,Pseudomacromitrium cirrosum,Macromitrium cirrosum (Hedw.) Brid.,Orthotrichaceae,Pseudomacromitrium,SPECIES,PRESERVED_SPECIMEN,1981-03-24,1981,-70.95,19.67,NA,d415c253-4d61-4459-9d25-4015b9084fb0,NY,NY,27,02,ESPERANZA,042702,874c898f3ffffff
cde301d9-59ef-4858-8cd4-7e474f498096,1930677936,Helicodontium capillare,Helicodontium capillare (Hedw.) A. Jaeger,Brachytheciaceae,Helicodontium,SPECIES,PRESERVED_SPECIMEN,1981-03-24,1981,-70.95,19.67,NA,d415c253-4d61-4459-9d25-4015b9084fb0,NY,NY,27,02,ESPERANZA,042702,874c898f3ffffff
ce736d0e-d910-4920-b056-4c3e88506005,1930686109,Asplenium dimidiatum,Asplenium dimidiatum Sw.,Aspleniaceae,Asplenium,SPECIES,PRESERVED_SPECIMEN,1984-12-17,1984,-70.97,19.67,NA,d415c253-4d61-4459-9d25-4015b9084fb0,NY,NY,27,02,ESPERANZA,042702,874c89889ffffff
ce8ce673-84d5-4640-ae14-6c916b17777b,1930687727,Phoradendron anceps,Phoradendron anceps (Spreng.) M.Gómez,Viscaceae,Phoradendron,SPECIES,PRESERVED_SPECIMEN,1969-11-27,1969,-70.964067,19.654327,1106.57,d415c253-4d61-4459-9d25-4015b9084fb0,NY,NY,27,02,ESPERANZA,042702,874c898d0ffffff
cfac0e30-aa74-4976-875b-d406fce00e8b,1930702863,Groutiella apiculata,Groutiella mucronifolia (Hook. & Grev.) H.A. Crum & Steere,Orthotrichaceae,Groutiella,SPECIES,PRESERVED_SPECIMEN,1981-03-24,1981,-70.95,19.67,NA,d415c253-4d61-4459-9d25-4015b9084fb0,NY,NY,27,02,ESPERANZA,042702,874c898f3ffffff
d04bf83d-b97a-4856-8d40-0e5d3fb8ec08,1930711938,Chionoloma richardsii,"Chionoloma richardsii (E.B. Bartram) M. Alonso, M.J. Cano & J.A. Jiménez",Pottiaceae,Chionoloma,SPECIES,PRESERVED_SPECIMEN,1981-03-24,1981,-70.95,19.67,NA,d415c253-4d61-4459-9d25-4015b9084fb0,NY,NY,27,02,ESPERANZA,042702,874c898f3ffffff
d083b049-1944-4484-8388-7e78eeb7f0b8,1930715001,Chaptalia dentata,Chaptalia dentata (L.) Cass.,Asteraceae,Chaptalia,SPECIES,PRESERVED_SPECIMEN,1969-05-19,1969,-70.964067,19.654327,1106.57,d415c253-4d61-4459-9d25-4015b9084fb0,NY,NY,27,02,ESPERANZA,042702,874c898d0ffffff
d10eaa5f-686e-42f9-a58f-afece79870bc,1930723596,Euphorbia tumistyla,Euphorbia tumistyla (D.G.Burch) Radcl.-Sm.,Euphorbiaceae,Euphorbia,SPECIES,PRESERVED_SPECIMEN,1969-05-21,1969,-70.964067,19.654327,1106.57,d415c253-4d61-4459-9d25-4015b9084fb0,NY,NY,27,02,ESPERANZA,042702,874c898d0ffffff
d37c775c-9907-4dab-a6d1-48b9de3143d6,1930756735,Stenostomum lucidum,Stenostomum lucidum (Sw.) C.F.Gaertn.,Rubiaceae,Stenostomum,SPECIES,PRESERVED_SPECIMEN,1969-05-17,1969,-70.964067,19.654327,1106.57,d415c253-4d61-4459-9d25-4015b9084fb0,NY,NY,27,02,ESPERANZA,042702,874c898d0ffffff
d3ab0ecf-ec51-488a-8980-f24f4af47f57,1930759651,Pireella papillosula,Pireella papillosula (Renauld & Cardot) Cardot,Pterobryaceae,Pireella,SPECIES,PRESERVED_SPECIMEN,1981-03-24,1981,-70.95,19.67,NA,d415c253-4d61-4459-9d25-4015b9084fb0,NY,NY,27,02,ESPERANZA,042702,874c898f3ffffff
d3cd1718-de43-4868-86a8-dbc694519a62,1930763336,Cuphea parsonsia,Cuphea parsonsia (L.) R.Br. ex Steud.,Lythraceae,Cuphea,SPECIES,PRESERVED_SPECIMEN,1984-12-18,1984,-70.97,19.68,NA,d415c253-4d61-4459-9d25-4015b9084fb0,NY,NY,27,02,ESPERANZA,042702,874c89889ffffff
d3fd347c-c6cf-46be-bbd4-582828af0f74,1930766080,Chionanthus ligustrinus,Chionanthus ligustrinus (Sw.) Pers.,Oleaceae,Chionanthus,SPECIES,PRESERVED_SPECIMEN,1969-05-19,1969,-70.964067,19.654327,1106.57,d415c253-4d61-4459-9d25-4015b9084fb0,NY,NY,27,02,ESPERANZA,042702,874c898d0ffffff
d4b93c63-cfb2-473b-9f10-17281a7e0a0a,1930774235,Erythrostemon glandulosus,Erythrostemon glandulosus (Bertero ex DC.) Gagnon & G.P.Lewis,Fabaceae,Erythrostemon,SPECIES,PRESERVED_SPECIMEN,1968-05-04,1968,-70.964067,19.654327,1106.57,d415c253-4d61-4459-9d25-4015b9084fb0,NY,NY,27,02,ESPERANZA,042702,874c898d0ffffff
d601a5d2-123a-4dd2-a445-62f6fc57865c,1930794080,Myrcia splendens,Myrcia splendens (Sw.) DC.,Myrtaceae,Myrcia,SPECIES,PRESERVED_SPECIMEN,1984-12-18,1984,-70.97,19.68,NA,d415c253-4d61-4459-9d25-4015b9084fb0,NY,NY,27,02,ESPERANZA,042702,874c89889ffffff
d6e8c4b1-ef75-422a-8a3e-0e8721666190,1930805163,Dodonaea viscosa,Dodonaea viscosa subsp. elaeagnoides (Rudolphi ex Ledeb. & Adlerstam) Acev.-Rodr.,Sapindaceae,Dodonaea,SUBSPECIES,PRESERVED_SPECIMEN,1969-05-14,1969,-70.964067,19.654327,1106.57,d415c253-4d61-4459-9d25-4015b9084fb0,NY,NY,27,02,ESPERANZA,042702,874c898d0ffffff
d85ca3f8-a1de-4520-bc54-6ce35470ce37,1930826211,Helicodontium capillare,Helicodontium capillare (Hedw.) A. Jaeger,Brachytheciaceae,Helicodontium,SPECIES,PRESERVED_SPECIMEN,1981-03-24,1981,-70.95,19.67,NA,d415c253-4d61-4459-9d25-4015b9084fb0,NY,NY,27,02,ESPERANZA,042702,874c898f3ffffff
d9bda06d-30ac-4448-9f98-cc1c84046250,1930845536,Brya buxifolia,Brya buxifolia (Murray) Urb.,Fabaceae,Brya,SPECIES,PRESERVED_SPECIMEN,1969-05-21,1969,-70.964067,19.654327,1106.57,d415c253-4d61-4459-9d25-4015b9084fb0,NY,NY,27,02,ESPERANZA,042702,874c898d0ffffff
da8e1a9b-b3d7-439d-baed-bf78dc89a7d9,1930857537,Meteorium nigrescens,Meteorium nigrescens (Sw. ex Hedw.) Dozy & Molk.,Meteoriaceae,Meteorium,SPECIES,PRESERVED_SPECIMEN,1981-03-24,1981,-70.95,19.67,NA,d415c253-4d61-4459-9d25-4015b9084fb0,NY,NY,27,02,ESPERANZA,042702,874c898f3ffffff
da910f20-5326-4fe5-a032-0480dd9912f2,1930857377,Abutilon viscosum,Bastardia viscosa (L.) Kunth,Malvaceae,Abutilon,SPECIES,PRESERVED_SPECIMEN,1969-05-22,1969,-70.964067,19.654327,1106.57,d415c253-4d61-4459-9d25-4015b9084fb0,NY,NY,27,02,ESPERANZA,042702,874c898d0ffffff
dc08d28c-a363-4e81-a05b-c82c7e25745f,1930877726,Pisonia albida,Pisonia albida (Heimerl) Britton ex Standl.,Nyctaginaceae,Pisonia,SPECIES,PRESERVED_SPECIMEN,1969-05-19,1969,-70.964067,19.654327,1106.57,d415c253-4d61-4459-9d25-4015b9084fb0,NY,NY,27,02,ESPERANZA,042702,874c898d0ffffff
dc2b7501-3d92-4d3e-ad3d-5952c260bd76,1930883325,Lantana pauciflora,Lantana pauciflora Urb.,Verbenaceae,Lantana,SPECIES,PRESERVED_SPECIMEN,1969-05-19,1969,-70.964067,19.654327,1106.57,d415c253-4d61-4459-9d25-4015b9084fb0,NY,NY,27,02,ESPERANZA,042702,874c898d0ffffff
dc4c071a-b69e-48a4-866d-66040cd95b3d,1930884858,Rhynchostegium robustum,Rhynchostegium robustum W.R. Buck,Brachytheciaceae,Rhynchostegium,SPECIES,PRESERVED_SPECIMEN,1981-03-24,1981,-70.95,19.67,NA,d415c253-4d61-4459-9d25-4015b9084fb0,NY,NY,27,02,ESPERANZA,042702,874c898f3ffffff
dc690e74-30f8-4258-9734-13ea632dc94d,1930882565,Thelypteris Schmidel,Thelypteris Schmidel,Thelypteridaceae,Thelypteris,GENUS,PRESERVED_SPECIMEN,1984-12-18,1984,-70.97,19.68,NA,d415c253-4d61-4459-9d25-4015b9084fb0,NY,NY,27,02,ESPERANZA,042702,874c89889ffffff
dc827505-c6db-4ec1-b05c-2ee710ee34cc,1930883941,Baccharis haitiensis,Baccharis haitiensis Heering,Asteraceae,Baccharis,SPECIES,PRESERVED_SPECIMEN,1969-05-26,1969,-70.964067,19.654327,1106.57,d415c253-4d61-4459-9d25-4015b9084fb0,NY,NY,27,02,ESPERANZA,042702,874c898d0ffffff
dc97be67-8382-4cfe-af22-202d62fad5fa,1930885038,Lycopodium L.,Lycopodium L.,Lycopodiaceae,Lycopodium,GENUS,PRESERVED_SPECIMEN,1984-12-18,1984,-70.97,19.68,NA,d415c253-4d61-4459-9d25-4015b9084fb0,NY,NY,27,02,ESPERANZA,042702,874c89889ffffff
dcb62426-3da0-45ac-9b04-d0796e043ab5,1930886677,Euphorbia tithymaloides,Euphorbia tithymaloides subsp. angustifolia (Poit.) V.W.Steinm.,Euphorbiaceae,Euphorbia,SUBSPECIES,PRESERVED_SPECIMEN,1969-05-23,1969,-70.964067,19.654327,1106.57,d415c253-4d61-4459-9d25-4015b9084fb0,NY,NY,27,02,ESPERANZA,042702,874c898d0ffffff
def33ff0-c919-4a6e-80d4-0a381b632800,1930919555,Dendropemon elegans,Dendropemon elegans Kuijt,Loranthaceae,Dendropemon,SPECIES,PRESERVED_SPECIMEN,1969-05-21,1969,-70.964067,19.654327,1106.57,d415c253-4d61-4459-9d25-4015b9084fb0,NY,NY,27,02,ESPERANZA,042702,874c898d0ffffff
def4351d-1a1d-44c5-9fd8-0cbde707f198,1930919716,Tillandsia juncea,Tillandsia juncea (Ruiz & Pav.) Poir.,Bromeliaceae,Tillandsia,SPECIES,PRESERVED_SPECIMEN,1933-06-19,1933,-70.942599,19.654223000000002,3391.57,d415c253-4d61-4459-9d25-4015b9084fb0,NY,NY,27,02,ESPERANZA,042702,874c898d5ffffff
df45c49a-7098-4d05-ac24-98dcf01d13ff,1304607646,Solanum nudum,Solanum nudum Humb. & Bonpl. ex Dunal,Solanaceae,Solanum,SPECIES,OCCURRENCE,1984-12-17,1984,-70.966667,19.666667,NA,07044577-bd82-4089-9f3a-f4a9d2170b2e,Bioversity,,27,02,ESPERANZA,042702,874c898d4ffffff
df62f4d5-374e-44c8-af35-0eb625c06c87,1930925681,Setaria P.Beauv.,Setaria P.Beauv.,Poaceae,Setaria,GENUS,PRESERVED_SPECIMEN,1969-05-21,1969,-70.964067,19.654327,1106.57,d415c253-4d61-4459-9d25-4015b9084fb0,NY,NY,27,02,ESPERANZA,042702,874c898d0ffffff
df9f4c0b-302e-4846-843e-716cec197254,1930929335,Scolosanthus acanthodes,Scolosanthus acanthodes (Spreng.) Urb.,Rubiaceae,Scolosanthus,SPECIES,PRESERVED_SPECIMEN,1969-05-22,1969,-70.964067,19.654327,1106.57,d415c253-4d61-4459-9d25-4015b9084fb0,NY,NY,27,02,ESPERANZA,042702,874c898d0ffffff
e025b090-f0b7-4c08-9b07-e8633a13c32c,1930936750,Berylsimpsonia vanillosma,Berylsimpsonia vanillosma (C.Wright) B.L.Turner,Asteraceae,Berylsimpsonia,SPECIES,PRESERVED_SPECIMEN,1969-06-26,1969,-70.964067,19.654327,1106.57,d415c253-4d61-4459-9d25-4015b9084fb0,NY,NY,27,02,ESPERANZA,042702,874c898d0ffffff
e026aebc-46cd-4e1d-a6d7-313c1fa24a2e,1930936847,Lasiacis maculata,Lasiacis sorghoidea (Ham.) Hitchc. & Chase,Poaceae,Lasiacis,SPECIES,PRESERVED_SPECIMEN,1984-12-18,1984,-70.97,19.68,NA,d415c253-4d61-4459-9d25-4015b9084fb0,NY,NY,27,02,ESPERANZA,042702,874c89889ffffff
e04dbd14-39df-4f31-9a2d-fc0fd7402935,1930938863,Erythrostemon glandulosus,Erythrostemon glandulosus (Bertero ex DC.) Gagnon & G.P.Lewis,Fabaceae,Erythrostemon,SPECIES,PRESERVED_SPECIMEN,1969-05-09,1969,-70.964067,19.654327,1106.57,d415c253-4d61-4459-9d25-4015b9084fb0,NY,NY,27,02,ESPERANZA,042702,874c898d0ffffff
e06d1ccf-dd76-43e8-9019-691295f42c1f,1930940730,Tillandsia recurvata,Tillandsia recurvata (L.) L.,Bromeliaceae,Tillandsia,SPECIES,PRESERVED_SPECIMEN,1984-12-17,1984,-70.97,19.67,NA,d415c253-4d61-4459-9d25-4015b9084fb0,NY,NY,27,02,ESPERANZA,042702,874c89889ffffff
e114b207-6d9d-4066-8f9a-5abc6bc9525b,1302312250,Ipomoea tiliacea,Ipomoea tiliacea (Willd.) Choisy,Convolvulaceae,Ipomoea,SPECIES,OCCURRENCE,,NA,-70.93,19.6,NA,07044577-bd82-4089-9f3a-f4a9d2170b2e,Bioversity,,27,02,ESPERANZA,042702,874c898d8ffffff
e125918d-f0d6-4e94-a8d3-c4db3909b1e4,1930950855,Wijkia flagellifera,Wijkia flagellifera (Broth.) H.A. Crum,Pylaisiadelphaceae,Wijkia,SPECIES,PRESERVED_SPECIMEN,1981-03-24,1981,-70.95,19.67,NA,d415c253-4d61-4459-9d25-4015b9084fb0,NY,NY,27,02,ESPERANZA,042702,874c898f3ffffff
e227b4db-570a-439d-85e8-7f0257a1cb51,1930966180,Bryopteris filicina,Bryopteris filicina (Sw.) Nees,Lejeuneaceae,Bryopteris,SPECIES,PRESERVED_SPECIMEN,1984-12-18,1984,-70.97,19.68,NA,d415c253-4d61-4459-9d25-4015b9084fb0,NY,NY,27,02,ESPERANZA,042702,874c89889ffffff
e2380443-84a8-4590-80a9-cfc023c1c318,1930967156,Syrrhopodon incompletus,Syrrhopodon incompletus Schwägr.,Calymperaceae,Syrrhopodon,SPECIES,PRESERVED_SPECIMEN,1981-03-24,1981,-70.95,19.67,NA,d415c253-4d61-4459-9d25-4015b9084fb0,NY,NY,27,02,ESPERANZA,042702,874c898f3ffffff
e4e5e856-af0e-4956-992c-3954b98732c1,1931003644,Calyptothecium duplicatum,Calyptothecium duplicatum (Schwägr.) Broth.,Pterobryaceae,Calyptothecium,SPECIES,PRESERVED_SPECIMEN,1981-03-24,1981,-70.95,19.67,NA,d415c253-4d61-4459-9d25-4015b9084fb0,NY,NY,27,02,ESPERANZA,042702,874c898f3ffffff
e5ab4e41-dcc1-4807-b401-0e717b39d069,1931014564,Syrrhopodon incompletus,Syrrhopodon incompletus Schwägr.,Calymperaceae,Syrrhopodon,SPECIES,PRESERVED_SPECIMEN,1981-03-24,1981,-70.95,19.67,NA,d415c253-4d61-4459-9d25-4015b9084fb0,NY,NY,27,02,ESPERANZA,042702,874c898f3ffffff
e611f897-fa55-4243-86cd-2b20143856d5,4089038338,Polystichum dissimulans,Polystichum dissimulans Maxon,Dryopteridaceae,Polystichum,SPECIES,PRESERVED_SPECIMEN,1989-09-30,1989,-70.9,19.65,NA,b89d52a2-861d-4388-adad-c0da3d55fc78,UF,,27,02,ESPERANZA,042702,874c898c0ffffff
e627ae3c-65bd-44aa-8526-a9c7368e4b61,1931021339,Palamocladium leskeoides,Palamocladium leskeoides (Hook.) E. Britton,Brachytheciaceae,Palamocladium,SPECIES,PRESERVED_SPECIMEN,1981-03-24,1981,-70.95,19.67,NA,d415c253-4d61-4459-9d25-4015b9084fb0,NY,NY,27,02,ESPERANZA,042702,874c898f3ffffff
e632cd19-0b1a-4bb8-b01b-7f4427de38db,1931021921,Hypelate trifoliata,Hypelate trifoliata Sw.,Sapindaceae,Hypelate,SPECIES,PRESERVED_SPECIMEN,1969-05-14,1969,-70.964067,19.654327,1106.57,d415c253-4d61-4459-9d25-4015b9084fb0,NY,NY,27,02,ESPERANZA,042702,874c898d0ffffff
e694185d-0aee-409b-8e4c-3171884c9d5b,1931027462,Philonotis sphaericarpa,Philonotis sphaericarpa (Hedw.) Brid.,Bartramiaceae,Philonotis,SPECIES,PRESERVED_SPECIMEN,1981-03-24,1981,-70.95,19.67,NA,d415c253-4d61-4459-9d25-4015b9084fb0,NY,NY,27,02,ESPERANZA,042702,874c898f3ffffff
e6afb6bb-b60f-4679-9f12-436c1133cd17,1931029708,Hypelate trifoliata,Hypelate trifoliata Sw.,Sapindaceae,Hypelate,SPECIES,PRESERVED_SPECIMEN,1969-06-26,1969,-70.964067,19.654327,1106.57,d415c253-4d61-4459-9d25-4015b9084fb0,NY,NY,27,02,ESPERANZA,042702,874c898d0ffffff
e6e76a7a-7693-4b59-9682-5e71dac7dae3,1931031795,Croton azuensis,Croton azuensis Urb.,Euphorbiaceae,Croton,SPECIES,PRESERVED_SPECIMEN,1969-06-06,1969,-70.964067,19.654327,1106.57,d415c253-4d61-4459-9d25-4015b9084fb0,NY,NY,27,02,ESPERANZA,042702,874c898d0ffffff
e7c2d6b5-57ab-43f8-bf39-f513b118df95,1931043890,Niphidium crassifolium,Niphidium crassifolium (L.) Lellinger,Polypodiaceae,Niphidium,SPECIES,PRESERVED_SPECIMEN,1987-12-22,1987,-70.97,19.67,NA,d415c253-4d61-4459-9d25-4015b9084fb0,NY,NY,27,02,ESPERANZA,042702,874c89889ffffff
e827e278-e001-4950-9071-0926ec41364d,1931049357,Damburneya coriacea,Nectandra coriacea (Sw.) Griseb.,Lauraceae,Damburneya,SPECIES,PRESERVED_SPECIMEN,1969-05-09,1969,-70.964067,19.654327,1106.57,d415c253-4d61-4459-9d25-4015b9084fb0,NY,NY,27,02,ESPERANZA,042702,874c898d0ffffff
e87c6481-7b53-4e57-a159-84b5dc37eb68,1931054130,Weissia controversa,Weissia controversa Hedw.,Pottiaceae,Weissia,SPECIES,PRESERVED_SPECIMEN,1981-03-24,1981,-70.95,19.67,NA,d415c253-4d61-4459-9d25-4015b9084fb0,NY,NY,27,02,ESPERANZA,042702,874c898f3ffffff
e8a19788-1f14-4802-ace8-c35146074a1d,1931056392,Drypetes glauca,Drypetes glauca Vahl,Putranjivaceae,Drypetes,SPECIES,PRESERVED_SPECIMEN,1984-12-18,1984,-70.97,19.68,NA,d415c253-4d61-4459-9d25-4015b9084fb0,NY,NY,27,02,ESPERANZA,042702,874c89889ffffff
e8b8a2f6-338d-40e9-ac21-4f2a946dca79,1931057439,Chaptalia dentata,Chaptalia dentata (L.) Cass.,Asteraceae,Chaptalia,SPECIES,PRESERVED_SPECIMEN,1969-05-26,1969,-70.964067,19.654327,1106.57,d415c253-4d61-4459-9d25-4015b9084fb0,NY,NY,27,02,ESPERANZA,042702,874c898d0ffffff
e91d741e-443d-464b-986c-2df60b0e9db2,1931063218,Wissadula amplissima,Wissadula amplissima (L.) R.E.Fr.,Malvaceae,Wissadula,SPECIES,PRESERVED_SPECIMEN,1969-05-14,1969,-70.964067,19.654327,1106.57,d415c253-4d61-4459-9d25-4015b9084fb0,NY,NY,27,02,ESPERANZA,042702,874c898d0ffffff
e9907ea5-4ab8-4125-b855-14ba248ed3bb,1931069506,Phoradendron mucronatum,Phoradendron mucronatum (DC.) Krug & Urb.,Viscaceae,Phoradendron,SPECIES,PRESERVED_SPECIMEN,1969-05-23,1969,-70.964067,19.654327,1106.57,d415c253-4d61-4459-9d25-4015b9084fb0,NY,NY,27,02,ESPERANZA,042702,874c898d0ffffff
e9979f69-13ff-461f-a9c8-5ea8be843f19,1931069599,Chionoloma richardsii,"Chionoloma richardsii (E.B. Bartram) M. Alonso, M.J. Cano & J.A. Jiménez",Pottiaceae,Chionoloma,SPECIES,PRESERVED_SPECIMEN,1981-03-24,1981,-70.95,19.67,NA,d415c253-4d61-4459-9d25-4015b9084fb0,NY,NY,27,02,ESPERANZA,042702,874c898f3ffffff
e9f9fde6-72a1-4932-b615-946f89219e6b,1931076421,Eugenia monticola,Eugenia monticola (Sw.) DC.,Myrtaceae,Eugenia,SPECIES,PRESERVED_SPECIMEN,1969-05-22,1969,-70.964067,19.654327,1106.57,d415c253-4d61-4459-9d25-4015b9084fb0,NY,NY,27,02,ESPERANZA,042702,874c898d0ffffff
ea46d181-dc35-4196-ba3f-43ebaf41227b,1931078793,Heliotropium angiospermum,Heliotropium angiospermum Murray,Heliotropiaceae,Heliotropium,SPECIES,PRESERVED_SPECIMEN,1969-05-14,1969,-70.964067,19.654327,1106.57,d415c253-4d61-4459-9d25-4015b9084fb0,NY,NY,27,02,ESPERANZA,042702,874c898d0ffffff
eb1e8412-0695-4f15-95f2-8e75703ee8ca,1931090525,Eugenia rhombea,Eugenia rhombea (O.Berg) Krug & Urb. ex Urb.,Myrtaceae,Eugenia,SPECIES,PRESERVED_SPECIMEN,1969-05-09,1969,-70.964067,19.654327,1106.57,d415c253-4d61-4459-9d25-4015b9084fb0,NY,NY,27,02,ESPERANZA,042702,874c898d0ffffff
eb405e7a-fcbf-4b51-94dc-5e0d803d169a,1931092920,Abutilon abutiloides,Abutilon abutiloides (Jacq.) Garcke,Malvaceae,Abutilon,SPECIES,PRESERVED_SPECIMEN,1969-05-14,1969,-70.964067,19.654327,1106.57,d415c253-4d61-4459-9d25-4015b9084fb0,NY,NY,27,02,ESPERANZA,042702,874c898d0ffffff
ec9ca4bb-a58d-46ac-916f-6c9fe9b17601,1931112919,Elaphoglossum Schott ex J.Sm.,Elaphoglossum Schott ex J.Sm.,Dryopteridaceae,Elaphoglossum,GENUS,PRESERVED_SPECIMEN,1984-12-18,1984,-70.97,19.68,NA,d415c253-4d61-4459-9d25-4015b9084fb0,NY,NY,27,02,ESPERANZA,042702,874c89889ffffff
ed062f5c-2ed5-47f7-bb4c-0a5c65f3b906,1931117193,Senna mexicana,Senna mexicana var. mexicana,Fabaceae,Senna,VARIETY,PRESERVED_SPECIMEN,1969-11-27,1969,-70.964067,19.654327,1106.57,d415c253-4d61-4459-9d25-4015b9084fb0,NY,NY,27,02,ESPERANZA,042702,874c898d0ffffff
ed34f56d-ed67-493a-ad5a-89bce2cced1f,1931120407,Pisonia albida,Pisonia albida (Heimerl) Britton ex Standl.,Nyctaginaceae,Pisonia,SPECIES,PRESERVED_SPECIMEN,1969-05-14,1969,-70.964067,19.654327,1106.57,d415c253-4d61-4459-9d25-4015b9084fb0,NY,NY,27,02,ESPERANZA,042702,874c898d0ffffff
edb440a3-612b-4a2e-9cd3-f369a86f9a1c,1931126563,Niphidium crassifolium,Niphidium crassifolium (L.) Lellinger,Polypodiaceae,Niphidium,SPECIES,PRESERVED_SPECIMEN,1984-12-17,1984,-70.97,19.67,NA,d415c253-4d61-4459-9d25-4015b9084fb0,NY,NY,27,02,ESPERANZA,042702,874c89889ffffff
eea69c9b-7c24-4510-a007-5910a62642bc,4079747558,Lepidaploa sprengeliana,Lepidaploa sprengeliana (Sch.Bip.) H.Rob.,Asteraceae,Lepidaploa,SPECIES,PRESERVED_SPECIMEN,1950-05-11,1950,-70.955423,19.629842,1947,3b040a48-deae-485c-95b1-2ac80b7fdc54,IIBZ,USD,27,02,ESPERANZA,042702,874c898d3ffffff
ef0351e9-27a2-4f65-9f2c-b0155db32105,1931145809,Duranta erecta,Duranta erecta L.,Verbenaceae,Duranta,SPECIES,PRESERVED_SPECIMEN,1969-05-19,1969,-70.964067,19.654327,1106.57,d415c253-4d61-4459-9d25-4015b9084fb0,NY,NY,27,02,ESPERANZA,042702,874c898d0ffffff
efe89e89-115b-4373-894a-3e74d9279ec2,3865221237,Pieris D.Don,Pieris D.Don,Ericaceae,Pieris,GENUS,PRESERVED_SPECIMEN,1931-05,1931,-70.943925,19.627818,3763,f873ef66-231a-4ea3-bd4d-a16f182bf337,ANSP,PH,27,02,ESPERANZA,042702,874c898d1ffffff
f0967c3b-28dc-45fb-b5e6-ac764931b21e,1931168148,Mangifera indica,Mangifera indica L.,Anacardiaceae,Mangifera,SPECIES,PRESERVED_SPECIMEN,1930-01-09,1930,-70.942599,19.654223000000002,3391.57,d415c253-4d61-4459-9d25-4015b9084fb0,NY,NY,27,02,ESPERANZA,042702,874c898d5ffffff
f14b0088-7355-4c9a-b449-d1cb90436a50,1931177713,Paspalum L.,Paspalum L.,Poaceae,Paspalum,GENUS,PRESERVED_SPECIMEN,1969-05-14,1969,-70.964067,19.654327,1106.57,d415c253-4d61-4459-9d25-4015b9084fb0,NY,NY,27,02,ESPERANZA,042702,874c898d0ffffff
f3202943-c7aa-4ebd-a44e-fb73198fec0f,1931204309,Meteorium nigrescens,Meteorium nigrescens (Sw. ex Hedw.) Dozy & Molk.,Meteoriaceae,Meteorium,SPECIES,PRESERVED_SPECIMEN,1981-03-24,1981,-70.95,19.67,NA,d415c253-4d61-4459-9d25-4015b9084fb0,NY,NY,27,02,ESPERANZA,042702,874c898f3ffffff
f3264ea4-d29d-40c2-85c1-2dd358a2adca,1931204400,Phyllogonium fulgens,Phyllogonium fulgens (Hedw.) Brid.,Phyllogoniaceae,Phyllogonium,SPECIES,PRESERVED_SPECIMEN,1981-03-24,1981,-70.95,19.67,NA,d415c253-4d61-4459-9d25-4015b9084fb0,NY,NY,27,02,ESPERANZA,042702,874c898f3ffffff
f3a9a1da-011d-4f35-a798-6cc0e5051fd6,1931211418,Vachellia tortuosa,Vachellia tortuosa (L.) Seigler & Ebinger,Fabaceae,Vachellia,SPECIES,PRESERVED_SPECIMEN,1969-05-22,1969,-70.964067,19.654327,1106.57,d415c253-4d61-4459-9d25-4015b9084fb0,NY,NY,27,02,ESPERANZA,042702,874c898d0ffffff
f41ba5e6-848d-44a3-b98d-babf7f43d893,1931217562,Stelis antillensis,Stelis antillensis Pridgeon & M.W.Chase,Orchidaceae,Stelis,SPECIES,PRESERVED_SPECIMEN,1984-12-18,1984,-70.97,19.68,NA,d415c253-4d61-4459-9d25-4015b9084fb0,NY,NY,27,02,ESPERANZA,042702,874c89889ffffff
f43d0c3e-bc48-44b1-9c23-43704d5fd045,1931221030,Fissidens zollingeri,Fissidens zollingeri Mont.,Fissidentaceae,Fissidens,SPECIES,PRESERVED_SPECIMEN,1981-03-24,1981,-70.95,19.67,NA,d415c253-4d61-4459-9d25-4015b9084fb0,NY,NY,27,02,ESPERANZA,042702,874c898f3ffffff
f53826c0-746d-4843-91ea-653bf59ab451,1931233519,Thouinia trifoliata,Thouinia trifoliata Poit.,Sapindaceae,Thouinia,SPECIES,PRESERVED_SPECIMEN,1969-05-09,1969,-70.964067,19.654327,1106.57,d415c253-4d61-4459-9d25-4015b9084fb0,NY,NY,27,02,ESPERANZA,042702,874c898d0ffffff
f597a87e-c303-4f3a-9e9d-392c966dc208,1931238561,Erigeron bonariensis,Conyza bonariensis (L.) Cronquist,Asteraceae,Erigeron,SPECIES,PRESERVED_SPECIMEN,1969-06-06,1969,-70.964067,19.654327,1106.57,d415c253-4d61-4459-9d25-4015b9084fb0,NY,NY,27,02,ESPERANZA,042702,874c898d0ffffff
f60b8845-3075-4096-ad9a-9d1bf1ecb285,1931244639,Campyloneurum amphostenon,Campyloneurum amphostenon (Kunze ex Klotzsch) Fée,Polypodiaceae,Campyloneurum,SPECIES,PRESERVED_SPECIMEN,1984-12-17,1984,-70.97,19.67,NA,d415c253-4d61-4459-9d25-4015b9084fb0,NY,NY,27,02,ESPERANZA,042702,874c89889ffffff
f6aa9425-1498-4619-889c-230085c71a09,1931253904,Helicodontium capillare,Helicodontium capillare (Hedw.) A. Jaeger,Brachytheciaceae,Helicodontium,SPECIES,PRESERVED_SPECIMEN,1981-03-24,1981,-70.95,19.67,NA,d415c253-4d61-4459-9d25-4015b9084fb0,NY,NY,27,02,ESPERANZA,042702,874c898f3ffffff
f7808864-fef7-4017-8cb9-af38bf3dad43,1931265671,Margaritaria nobilis,Margaritaria nobilis L.fil.,Phyllanthaceae,Margaritaria,SPECIES,PRESERVED_SPECIMEN,1984-12-18,1984,-70.97,19.68,NA,d415c253-4d61-4459-9d25-4015b9084fb0,NY,NY,27,02,ESPERANZA,042702,874c89889ffffff
f9904512-9c19-49cf-8f57-53d741316ee2,1931294492,Spermacoce tenuior,Spermacoce tenuior L.,Rubiaceae,Spermacoce,SPECIES,PRESERVED_SPECIMEN,1969-05-19,1969,-70.964067,19.654327,1106.57,d415c253-4d61-4459-9d25-4015b9084fb0,NY,NY,27,02,ESPERANZA,042702,874c898d0ffffff
fa6550a1-ec72-452d-96e9-153b6d33c5eb,1931306038,Verbesina encelioides,Verbesina encelioides (Cav.) Benth. & Hook.fil. ex A.Gray,Asteraceae,Verbesina,SPECIES,PRESERVED_SPECIMEN,1969-03-23,1969,-70.964067,19.654327,1106.57,d415c253-4d61-4459-9d25-4015b9084fb0,NY,NY,27,02,ESPERANZA,042702,874c898d0ffffff
fb06b6f4-6b5b-4bd3-9e19-c1b2e13cb10b,1931315943,Campyloneurum angustifolium,Campyloneurum angustifolium (Sw.) Fée,Polypodiaceae,Campyloneurum,SPECIES,PRESERVED_SPECIMEN,1987-12-22,1987,-70.97,19.67,NA,d415c253-4d61-4459-9d25-4015b9084fb0,NY,NY,27,02,ESPERANZA,042702,874c89889ffffff
fb2c1d8c-dccd-4ae6-bd58-be09dd404787,1931317252,Herbertus bivittatus,Herbertus juniperoideus subsp. bivittatus (Spruce) K. Feldberg & Heinrichs,Herbertaceae,Herbertus,SUBSPECIES,PRESERVED_SPECIMEN,1981-03-24,1981,-70.95,19.67,NA,d415c253-4d61-4459-9d25-4015b9084fb0,NY,NY,27,02,ESPERANZA,042702,874c898f3ffffff
fb497e09-6530-4c2a-9f3e-073f897ee102,1931318772,Lantana involucrata,Lantana involucrata L.,Verbenaceae,Lantana,SPECIES,PRESERVED_SPECIMEN,1969-05-22,1969,-70.964067,19.654327,1106.57,d415c253-4d61-4459-9d25-4015b9084fb0,NY,NY,27,02,ESPERANZA,042702,874c898d0ffffff
fbe11334-b4c4-44d9-a688-51e88fa6c61e,1931326735,Acroporium pungens,Acroporium pungens (Hedw.) Broth.,Sematophyllaceae,Acroporium,SPECIES,PRESERVED_SPECIMEN,1981-03-24,1981,-70.95,19.67,NA,d415c253-4d61-4459-9d25-4015b9084fb0,NY,NY,27,02,ESPERANZA,042702,874c898f3ffffff
fc545d83-32d8-45c5-8c93-6b8448f81839,1931332912,Schlotheimia rugifolia,Schlotheimia rugifolia (Hook.) Schwägr.,Orthotrichaceae,Schlotheimia,SPECIES,PRESERVED_SPECIMEN,1981-03-24,1981,-70.95,19.67,NA,d415c253-4d61-4459-9d25-4015b9084fb0,NY,NY,27,02,ESPERANZA,042702,874c898f3ffffff
fe021134-bc4e-4515-983e-6ff545c4ae7d,1931356744,Leucobryum polakowskyi,Leucobryum polakowskyi (Müll. Hal. ex Besch.) Cardot,Leucobryaceae,Leucobryum,SPECIES,PRESERVED_SPECIMEN,1981-03-24,1981,-70.95,19.67,NA,d415c253-4d61-4459-9d25-4015b9084fb0,NY,NY,27,02,ESPERANZA,042702,874c898f3ffffff
fe16d449-5705-45b1-b437-ec8b724d38ce,1931357912,Acroporium pungens,Acroporium pungens (Hedw.) Broth.,Sematophyllaceae,Acroporium,SPECIES,PRESERVED_SPECIMEN,1981-03-24,1981,-70.95,19.67,NA,d415c253-4d61-4459-9d25-4015b9084fb0,NY,NY,27,02,ESPERANZA,042702,874c898f3ffffff
fe649d11-70a4-45c4-b780-08653cf8b9d7,1931364599,Leucobryum polakowskyi,Leucobryum polakowskyi (Müll. Hal. ex Besch.) Cardot,Leucobryaceae,Leucobryum,SPECIES,PRESERVED_SPECIMEN,1981-03-24,1981,-70.95,19.67,NA,d415c253-4d61-4459-9d25-4015b9084fb0,NY,NY,27,02,ESPERANZA,042702,874c898f3ffffff
fee0815d-2332-4f1f-a320-9a4a9c5dab9e,1931369010,Jasminum grandiflorum,Jasminum grandiflorum L.,Oleaceae,Jasminum,SPECIES,PRESERVED_SPECIMEN,1929-12-19,1929,-70.942599,19.654223000000002,3391.57,d415c253-4d61-4459-9d25-4015b9084fb0,NY,NY,27,02,ESPERANZA,042702,874c898d5ffffff
feedda29-3aab-443d-b002-6f806a8c92aa,1931370110,Mentzelia aspera,Mentzelia aspera L.,Loasaceae,Mentzelia,SPECIES,PRESERVED_SPECIMEN,1969-06-06,1969,-70.964067,19.654327,1106.57,d415c253-4d61-4459-9d25-4015b9084fb0,NY,NY,27,02,ESPERANZA,042702,874c898d0ffffff
ff90729f-d307-44be-be1c-f44d75e4b8d1,1931378461,Jacquinia berteroi,Jacquinia berteroi Spreng.,Primulaceae,Jacquinia,SPECIES,PRESERVED_SPECIMEN,1968-05-04,1968,-70.964067,19.654327,1106.57,d415c253-4d61-4459-9d25-4015b9084fb0,NY,NY,27,02,ESPERANZA,042702,874c898d0ffffff
http://n2t.net/ark:/65665/301976ce2-1769-458f-8558-e9817bc121a9,1317238449,Trema micranthum,Trema micranthum (L.) Blume,Cannabaceae,Trema,SPECIES,PRESERVED_SPECIMEN,1984-12-17,1984,-70.97,19.67,NA,821cc27a-e3bb-4bc5-ac34-89ada245069d,US,US,27,02,ESPERANZA,042702,874c89889ffffff
http://n2t.net/ark:/65665/3105409ce-ca3a-432e-96e9-1c172bfa9101,1317571392,Pitcairnia L'Hér.,Pitcairnia L'Hér.,Bromeliaceae,Pitcairnia,GENUS,PRESERVED_SPECIMEN,1984-12-18,1984,-70.97,19.68,NA,821cc27a-e3bb-4bc5-ac34-89ada245069d,US,US,27,02,ESPERANZA,042702,874c89889ffffff
http://n2t.net/ark:/65665/315a6273b-254b-4fa7-afe5-c0d1c5c20084,1317692080,Myrsine coriacea,Myrsine coriacea (Sw.) R.Br. ex Roem. & Schult.,Primulaceae,Myrsine,SPECIES,PRESERVED_SPECIMEN,1984-12-18,1984,-70.97,19.68,NA,821cc27a-e3bb-4bc5-ac34-89ada245069d,US,US,27,02,ESPERANZA,042702,874c89889ffffff
http://n2t.net/ark:/65665/317edec18-800b-4529-b956-547a3289df5c,1317743674,Myrsine coriacea,Myrsine coriacea (Sw.) R.Br. ex Roem. & Schult.,Primulaceae,Myrsine,SPECIES,PRESERVED_SPECIMEN,1984-12-17,1984,-70.97,19.67,NA,821cc27a-e3bb-4bc5-ac34-89ada245069d,US,US,27,02,ESPERANZA,042702,874c89889ffffff
http://n2t.net/ark:/65665/32b568340-49a8-4aad-b4b1-a1c42373046b,1318182590,Anthurium scandens,Anthurium scandens (Aubl.) Engl.,Araceae,Anthurium,SPECIES,PRESERVED_SPECIMEN,1984-12-18,1984,-70.97,19.68,NA,821cc27a-e3bb-4bc5-ac34-89ada245069d,US,US,27,02,ESPERANZA,042702,874c89889ffffff
http://n2t.net/ark:/65665/36878dbdf-4765-4a24-9b36-c8a5d0469721,1319564497,Serjania seriana,Serjania seriana (L.) Druce,Sapindaceae,Serjania,SPECIES,PRESERVED_SPECIMEN,1984-12-17,1984,-70.97,19.67,NA,821cc27a-e3bb-4bc5-ac34-89ada245069d,US,US,27,02,ESPERANZA,042702,874c89889ffffff
http://n2t.net/ark:/65665/3991ce761-e616-4e6f-9567-705b6cb40eec,1320663560,Badiera penaea,Badiera penaea (L.) DC.,Polygalaceae,Badiera,SPECIES,PRESERVED_SPECIMEN,1984-12-18,1984,-70.97,19.68,NA,821cc27a-e3bb-4bc5-ac34-89ada245069d,US,US,27,02,ESPERANZA,042702,874c89889ffffff
http://n2t.net/ark:/65665/39c116378-c31a-4ab6-bf31-046a66d094a1,1320730570,Guarea guidonia,Guarea guidonia (L.) Sleumer,Meliaceae,Guarea,SPECIES,PRESERVED_SPECIMEN,1984-12-17,1984,-70.97,19.67,NA,821cc27a-e3bb-4bc5-ac34-89ada245069d,US,US,27,02,ESPERANZA,042702,874c89889ffffff
http://n2t.net/ark:/65665/3b17ec4cd-f452-43ec-9961-b1a938be6492,1321215990,Pleopeltis squamata,Pleopeltis squamata (L.) J.Sm.,Polypodiaceae,Pleopeltis,SPECIES,PRESERVED_SPECIMEN,1984-12-17,1984,-70.97,19.67,NA,821cc27a-e3bb-4bc5-ac34-89ada245069d,US,US,27,02,ESPERANZA,042702,874c89889ffffff
http://n2t.net/ark:/65665/3b8ae4412-7cf0-4b6c-8b18-2c3f389ae7dc,1321378084,Solanum nudum,Solanum nudum Humb. & Bonpl. ex Dunal,Solanaceae,Solanum,SPECIES,PRESERVED_SPECIMEN,1984-12-18,1984,-70.97,19.68,NA,821cc27a-e3bb-4bc5-ac34-89ada245069d,US,US,27,02,ESPERANZA,042702,874c89889ffffff
http://n2t.net/ark:/65665/3de246bfd-bda0-4deb-a9ec-08c408f2fdf7,1322224194,Peperomia crassicaulis,Peperomia unguiculata Trel.,Piperaceae,Peperomia,SPECIES,PRESERVED_SPECIMEN,1984-12-18,1984,-70.97,19.68,NA,821cc27a-e3bb-4bc5-ac34-89ada245069d,US,US,27,02,ESPERANZA,042702,874c89889ffffff
http://n2t.net/ark:/65665/3e311929c-941c-48af-a099-48efbe22e6dc,1322335585,Wallenia laurifolia,Wallenia laurifolia (Jacq.) Sw.,Primulaceae,Wallenia,SPECIES,PRESERVED_SPECIMEN,1984-12-17,1984,-70.97,19.67,NA,821cc27a-e3bb-4bc5-ac34-89ada245069d,US,US,27,02,ESPERANZA,042702,874c89889ffffff
http://specimens.kew.org/herbarium/K000370725,4519376890,Hyptis capitata,Hyptis capitata Jacq.,Lamiaceae,Hyptis,SPECIES,PRESERVED_SPECIMEN,1987-12-22T00:00,1987,-70.883334,19.65,NA,cd6e21c8-9e8a-493a-8a76-fbf7862069e5,K,Herbarium,27,02,ESPERANZA,042702,874c898c5ffffff
https://data.biodiversitydata.nl/naturalis/specimen/U.1014709,2515151222,Pteridium esculentum,Pteridium aquilinum var. arachnoideum (Kaulf.) Brade,Dennstaedtiaceae,Pteridium,VARIETY,PRESERVED_SPECIMEN,1984-12-18,1984,-70.96667,19.68333,NA,15f819bd-6612-4447-854b-14d12ee1022d,,Botany,27,02,ESPERANZA,042702,874c898f2ffffff
https://data.biodiversitydata.nl/naturalis/specimen/U.1029220,2515182824,Phlebodium aureum,Polypodium aureum L.,Polypodiaceae,Phlebodium,SPECIES,PRESERVED_SPECIMEN,1984-12-18,1984,-70.96667,19.68333,NA,15f819bd-6612-4447-854b-14d12ee1022d,,Botany,27,02,ESPERANZA,042702,874c898f2ffffff
https://data.biodiversitydata.nl/naturalis/specimen/U.1037674,2517034128,Anemia adiantifolia,Anemia adiantifolia (L.) Sw.,Anemiaceae,Anemia,SPECIES,PRESERVED_SPECIMEN,1984-12-18,1984,-70.88333,19.61667,NA,15f819bd-6612-4447-854b-14d12ee1022d,,Botany,27,02,ESPERANZA,042702,874c898ceffffff
https://data.biodiversitydata.nl/naturalis/specimen/U.1048973,2517317284,Chamissoa altissima,Chamissoa altissima (Jacq.) Kunth,Amaranthaceae,Chamissoa,SPECIES,PRESERVED_SPECIMEN,1984-12-17,1984,-70.96667,19.66667,NA,15f819bd-6612-4447-854b-14d12ee1022d,,Botany,27,02,ESPERANZA,042702,874c898d4ffffff
https://data.biodiversitydata.nl/naturalis/specimen/U.1093557,2517071910,Anthurium scandens,Anthurium scandens (Aubl.) Engl.,Araceae,Anthurium,SPECIES,PRESERVED_SPECIMEN,1984-12-18,1984,-70.96667,19.68333,NA,15f819bd-6612-4447-854b-14d12ee1022d,,Botany,27,02,ESPERANZA,042702,874c898f2ffffff
https://data.biodiversitydata.nl/naturalis/specimen/U.1126769,2517377399,Chromolaena odorata,Eupatorium odoratum L.,Asteraceae,Chromolaena,SPECIES,PRESERVED_SPECIMEN,1984-12-17,1984,-70.96667,19.66667,NA,15f819bd-6612-4447-854b-14d12ee1022d,,Botany,27,02,ESPERANZA,042702,874c898d4ffffff
https://data.biodiversitydata.nl/naturalis/specimen/U.1195530,2515322216,Hippocratea volubilis,Hippocratea volubilis L.,Celastraceae,Hippocratea,SPECIES,PRESERVED_SPECIMEN,1984-12-17,1984,-70.96667,19.66667,NA,15f819bd-6612-4447-854b-14d12ee1022d,,Botany,27,02,ESPERANZA,042702,874c898d4ffffff
https://data.biodiversitydata.nl/naturalis/specimen/U.1209818,2517381595,Tradescantia zanonia,Campelia zanonia (L.) Kunth,Commelinaceae,Tradescantia,SPECIES,PRESERVED_SPECIMEN,1984-12-17,1984,-70.96667,19.66667,NA,15f819bd-6612-4447-854b-14d12ee1022d,,Botany,27,02,ESPERANZA,042702,874c898d4ffffff
https://data.biodiversitydata.nl/naturalis/specimen/U.1328790,2515314341,Garrya fadyenii,Garrya fadyenii Hook.,Garryaceae,Garrya,SPECIES,PRESERVED_SPECIMEN,1984-12-18,1984,-70.96667,19.68333,NA,15f819bd-6612-4447-854b-14d12ee1022d,,Botany,27,02,ESPERANZA,042702,874c898f2ffffff
https://data.biodiversitydata.nl/naturalis/specimen/U.1472441,2515584643,Margaritaria nobilis,Margaritaria nobilis L.fil.,Phyllanthaceae,Margaritaria,SPECIES,PRESERVED_SPECIMEN,1984-12-18,1984,-70.96667,19.68333,NA,15f819bd-6612-4447-854b-14d12ee1022d,,Botany,27,02,ESPERANZA,042702,874c898f2ffffff
https://data.biodiversitydata.nl/naturalis/specimen/U.1481780,2515479213,Picramnia pentandra,Picramnia pentandra Sw.,Picramniaceae,Picramnia,SPECIES,PRESERVED_SPECIMEN,1984-12-18,1984,-70.88333,19.61667,NA,15f819bd-6612-4447-854b-14d12ee1022d,,Botany,27,02,ESPERANZA,042702,874c898ceffffff
https://data.biodiversitydata.nl/naturalis/specimen/U.1532714,2517069460,Drypetes glauca,Drypetes glauca Vahl,Putranjivaceae,Drypetes,SPECIES,PRESERVED_SPECIMEN,1984-12-17,1984,-70.96667,19.66667,NA,15f819bd-6612-4447-854b-14d12ee1022d,,Botany,27,02,ESPERANZA,042702,874c898d4ffffff
https://data.biodiversitydata.nl/naturalis/specimen/U.1596088,2517557112,Paullinia pinnata,Paullinia pinnata L.,Sapindaceae,Paullinia,SPECIES,PRESERVED_SPECIMEN,1984-12-18,1984,-70.96667,19.68333,NA,15f819bd-6612-4447-854b-14d12ee1022d,,Botany,27,02,ESPERANZA,042702,874c898f2ffffff
https://data.biodiversitydata.nl/naturalis/specimen/U.1741509,2515541735,Solanum nudum,Solanum nudum Humb. & Bonpl. ex Dunal,Solanaceae,Solanum,SPECIES,PRESERVED_SPECIMEN,1984-12-17,1984,-70.96667,19.66667,NA,15f819bd-6612-4447-854b-14d12ee1022d,,Botany,27,02,ESPERANZA,042702,874c898d4ffffff
https://www.inaturalist.org/observations/193085608,4458527467,Artocarpus altilis,Artocarpus camansi Blanco,Moraceae,Artocarpus,SPECIES,HUMAN_OBSERVATION,2023-12-03T11:13,2023,-71.046714,19.602888,1229,50c9509d-22c7-4a22-a47d-8c48425ef4a7,iNaturalist,Observations,27,02,ESPERANZA,042702,874c89100ffffff
https://www.inaturalist.org/observations/199059901,4522719033,Cucumis dipsaceus,Cucumis dipsaceus Ehrenb. ex Spach,Cucurbitaceae,Cucumis,SPECIES,HUMAN_OBSERVATION,2024-02-10,2024,-71.038534,19.597893,3016,50c9509d-22c7-4a22-a47d-8c48425ef4a7,iNaturalist,Observations,27,02,ESPERANZA,042702,874c89100ffffff
https://www.inaturalist.org/observations/243880693,6399312408,Bocconia frutescens,Bocconia frutescens L.,Papaveraceae,Bocconia,SPECIES,HUMAN_OBSERVATION,2024-09-24T11:16:20,2024,-70.948345,19.671638,6,50c9509d-22c7-4a22-a47d-8c48425ef4a7,iNaturalist,Observations,27,02,ESPERANZA,042702,874c898f3ffffff
https://www.inaturalist.org/observations/243881278,4950568797,Elaphoglossum crinitum,Elaphoglossum crinitum (L.) Christ,Dryopteridaceae,Elaphoglossum,SPECIES,HUMAN_OBSERVATION,2024-09-24T11:31:46,2024,-70.947182,19.671823,6,50c9509d-22c7-4a22-a47d-8c48425ef4a7,iNaturalist,Observations,27,02,ESPERANZA,042702,874c898f3ffffff
https://www.inaturalist.org/observations/243881907,4949866778,Microgramma piloselloides,Microgramma piloselloides (L.) Copel.,Polypodiaceae,Microgramma,SPECIES,HUMAN_OBSERVATION,2024-09-24T11:36:41,2024,-70.947275,19.67183,7,50c9509d-22c7-4a22-a47d-8c48425ef4a7,iNaturalist,Observations,27,02,ESPERANZA,042702,874c898f3ffffff
https://www.inaturalist.org/observations/243882168,4950195365,Peperomia alata,Peperomia alata Ruiz & Pav.,Piperaceae,Peperomia,SPECIES,HUMAN_OBSERVATION,2024-09-24T11:58:08,2024,-70.947362,19.672067,7,50c9509d-22c7-4a22-a47d-8c48425ef4a7,iNaturalist,Observations,27,02,ESPERANZA,042702,874c898f3ffffff
https://www.inaturalist.org/observations/243882451,5216063507,Lucuma domingensis,Lucuma dominigensis subsp. cuprea (Urb. & Ekman) J.E.Gut. & García-Beltrán,Sapotaceae,Lucuma,SUBSPECIES,HUMAN_OBSERVATION,2024-09-24T12:11:24,2024,-70.947352,19.672145,7,50c9509d-22c7-4a22-a47d-8c48425ef4a7,iNaturalist,Observations,27,02,ESPERANZA,042702,874c898f3ffffff
https://www.inaturalist.org/observations/243882838,4950168406,Passiflora bicrura,Passiflora bicrura Urb.,Passifloraceae,Passiflora,SPECIES,HUMAN_OBSERVATION,2024-09-24T12:32:42,2024,-70.9468,19.671642,5,50c9509d-22c7-4a22-a47d-8c48425ef4a7,iNaturalist,Observations,27,02,ESPERANZA,042702,874c898f3ffffff
https://www.inaturalist.org/observations/243882932,5216678509,Lucuma domingensis,Lucuma dominigensis subsp. cuprea (Urb. & Ekman) J.E.Gut. & García-Beltrán,Sapotaceae,Lucuma,SUBSPECIES,HUMAN_OBSERVATION,2024-09-24T12:35:11,2024,-70.947288,19.671953,9,50c9509d-22c7-4a22-a47d-8c48425ef4a7,iNaturalist,Observations,27,02,ESPERANZA,042702,874c898f3ffffff
https://www.inaturalist.org/observations/243883149,6398734054,Gonzalagunia hirsuta,Gonzalagunia hirsuta (Jacq.) K.Schum.,Rubiaceae,Gonzalagunia,SPECIES,HUMAN_OBSERVATION,2024-09-24T12:46:44,2024,-70.9468,19.67133,8,50c9509d-22c7-4a22-a47d-8c48425ef4a7,iNaturalist,Observations,27,02,ESPERANZA,042702,874c898f3ffffff
https://www.inaturalist.org/observations/243883714,5062865984,Tabebuia polyantha,Tabebuia polyantha Urb. & Ekman,Bignoniaceae,Tabebuia,SPECIES,HUMAN_OBSERVATION,2024-09-24T13:39:08,2024,-70.948513,19.672637,7,50c9509d-22c7-4a22-a47d-8c48425ef4a7,iNaturalist,Observations,27,02,ESPERANZA,042702,874c898f3ffffff
https://www.inaturalist.org/observations/243883866,6413190459,Rhipsalis baccifera,Rhipsalis baccifera (J.S.Muell.) Stearn,Cactaceae,Rhipsalis,SPECIES,HUMAN_OBSERVATION,2024-09-24T14:21:27,2024,-70.9155,19.654793,5,50c9509d-22c7-4a22-a47d-8c48425ef4a7,iNaturalist,Observations,27,02,ESPERANZA,042702,874c898c6ffffff
https://www.inaturalist.org/observations/243883996,4952606888,Peperomia rotundifolia,Peperomia rotundifolia (L.) Kunth,Piperaceae,Peperomia,SPECIES,HUMAN_OBSERVATION,2024-09-24T14:35:11,2024,-70.915473,19.654253,7,50c9509d-22c7-4a22-a47d-8c48425ef4a7,iNaturalist,Observations,27,02,ESPERANZA,042702,874c898c6ffffff
https://www.inaturalist.org/observations/243884273,4950176160,Niphidium crassifolium,Niphidium crassifolium (L.) Lellinger,Polypodiaceae,Niphidium,SPECIES,HUMAN_OBSERVATION,2024-09-24T14:50:52,2024,-70.916242,19.65382,6,50c9509d-22c7-4a22-a47d-8c48425ef4a7,iNaturalist,Observations,27,02,ESPERANZA,042702,874c898c6ffffff
https://www.inaturalist.org/observations/243884545,5062864935,Tabebuia polyantha,Tabebuia polyantha Urb. & Ekman,Bignoniaceae,Tabebuia,SPECIES,HUMAN_OBSERVATION,2024-09-24T15:01:30,2024,-70.916272,19.653585,4,50c9509d-22c7-4a22-a47d-8c48425ef4a7,iNaturalist,Observations,27,02,ESPERANZA,042702,874c898c6ffffff
https://www.inaturalist.org/observations/243884839,6413196435,Stigmaphyllon angulosum,Stigmaphyllon angulosum (L.) A.Juss.,Malpighiaceae,Stigmaphyllon,SPECIES,HUMAN_OBSERVATION,2024-09-24T15:33:03,2024,-70.916443,19.654515,6,50c9509d-22c7-4a22-a47d-8c48425ef4a7,iNaturalist,Observations,27,02,ESPERANZA,042702,874c898c6ffffff
https://www.inaturalist.org/observations/243884908,4976247379,Tradescantia zanonia,Tradescantia zanonia (L.) Sw.,Commelinaceae,Tradescantia,SPECIES,HUMAN_OBSERVATION,2024-09-24T15:38:31,2024,-70.915928,19.654927,7,50c9509d-22c7-4a22-a47d-8c48425ef4a7,iNaturalist,Observations,27,02,ESPERANZA,042702,874c898c6ffffff
https://www.inaturalist.org/observations/256802271,5007197171,Haematoxylum campechianum,Haematoxylum campechianum L.,Fabaceae,Haematoxylum,SPECIES,HUMAN_OBSERVATION,2024-12-20T08:24:31,2024,-70.985329,19.571624,NA,50c9509d-22c7-4a22-a47d-8c48425ef4a7,iNaturalist,Observations,27,02,ESPERANZA,042702,874c8910dffffff
https://www.inaturalist.org/observations/340773465,6184796711,Cuphea hyssopifolia,Cuphea hyssopifolia Kunth,Lythraceae,Cuphea,SPECIES,HUMAN_OBSERVATION,2026-03-01T10:30:22,2026,-70.949002,19.672184,5,50c9509d-22c7-4a22-a47d-8c48425ef4a7,iNaturalist,Observations,27,02,ESPERANZA,042702,874c898f3ffffff
https://www.inaturalist.org/observations/340773734,6235354231,Lysimachia arvensis,Lysimachia arvensis (L.) U.Manns & Anderb.,Primulaceae,Lysimachia,SPECIES,HUMAN_OBSERVATION,2026-03-01T10:28:48,2026,-70.948976,19.672161,5,50c9509d-22c7-4a22-a47d-8c48425ef4a7,iNaturalist,Observations,27,02,ESPERANZA,042702,874c898f3ffffff
https://www.inaturalist.org/observations/340774173,6185341017,Rubus rosifolius,Rubus rosifolius Sm.,Rosaceae,Rubus,SPECIES,HUMAN_OBSERVATION,2026-03-01T10:34:56,2026,-70.949033,19.671863,4,50c9509d-22c7-4a22-a47d-8c48425ef4a7,iNaturalist,Observations,27,02,ESPERANZA,042702,874c898f3ffffff
https://www.inaturalist.org/observations/340774819,6171194448,Lantana trifolia,Lantana trifolia L.,Verbenaceae,Lantana,SPECIES,HUMAN_OBSERVATION,2026-03-01T10:40:08,2026,-70.948911,19.671213,3,50c9509d-22c7-4a22-a47d-8c48425ef4a7,iNaturalist,Observations,27,02,ESPERANZA,042702,874c898f3ffffff
https://www.inaturalist.org/observations/340774873,6171348505,Urena lobata,Urena lobata L.,Malvaceae,Urena,SPECIES,HUMAN_OBSERVATION,2026-03-01T10:40:33,2026,-70.9489,19.671207,3,50c9509d-22c7-4a22-a47d-8c48425ef4a7,iNaturalist,Observations,27,02,ESPERANZA,042702,874c898f3ffffff
https://www.inaturalist.org/observations/340775085,6171029442,Rhipsalis baccifera,Rhipsalis baccifera (J.S.Muell.) Stearn,Cactaceae,Rhipsalis,SPECIES,HUMAN_OBSERVATION,2026-03-01T10:41:54,2026,-70.948871,19.671039,3,50c9509d-22c7-4a22-a47d-8c48425ef4a7,iNaturalist,Observations,27,02,ESPERANZA,042702,874c898f3ffffff
https://www.inaturalist.org/observations/340777847,6171019431,Chaetogastra longifolia,Chaetogastra longifolia (Vahl) DC.,Melastomataceae,Chaetogastra,SPECIES,HUMAN_OBSERVATION,2026-03-01T11:01:42,2026,-70.948416,19.670507,4,50c9509d-22c7-4a22-a47d-8c48425ef4a7,iNaturalist,Observations,27,02,ESPERANZA,042702,874c898f3ffffff
https://www.inaturalist.org/observations/342638398,6179031663,Prosthechea cochleata,Prosthechea cochleata (L.) W.E.Higgins,Orchidaceae,Prosthechea,SPECIES,HUMAN_OBSERVATION,2026-03-01T14:59:14,2026,-70.949082,19.66913,NA,50c9509d-22c7-4a22-a47d-8c48425ef4a7,iNaturalist,Observations,27,02,ESPERANZA,042702,874c898f3ffffff
https://www.inaturalist.org/observations/65651671,2988563007,Asparagus setaceus,Asparagus setaceus (Kunth) Jessop,Asparagaceae,Asparagus,SPECIES,HUMAN_OBSERVATION,2020-11-26T08:08:39Z,2020,-70.986548,19.583225,5,50c9509d-22c7-4a22-a47d-8c48425ef4a7,iNaturalist,Observations,27,02,ESPERANZA,042702,874c8912bffffff
o-1007413935,2974560499,Helianthus annuus,Helianthus annuus L.,Asteraceae,Helianthus,SPECIES,HUMAN_OBSERVATION,2020-06-23T20:59:42.537Z,2020,-71.013472,19.637131,34,7a3679ef-5582-4aaa-81f0-8c2545cafc81,,,27,02,ESPERANZA,042702,874c89123ffffff
q-10007584745,3951394241,Catharanthus roseus,Catharanthus roseus (L.) G.Don,Apocynaceae,Catharanthus,SPECIES,HUMAN_OBSERVATION,2016-10-07T15:14:46.673Z,2016,-70.99587,19.577721,24,14d5676a-2c54-4f94-9023-1e8dcd822aa0,,,27,02,ESPERANZA,042702,874c8910cffffff
q-10090526018,2645903819,Psidium guajava,Psidium guajava L.,Myrtaceae,Psidium,SPECIES,HUMAN_OBSERVATION,2019-06-27T22:37:14.578Z,2019,-70.98679,19.571383,65,14d5676a-2c54-4f94-9023-1e8dcd822aa0,,,27,02,ESPERANZA,042702,874c8910dffffff
q-10128343025,2647150244,Clitoria ternatea,Clitoria ternatea L.,Fabaceae,Clitoria,SPECIES,HUMAN_OBSERVATION,2020-01-19T14:53:10.547Z,2020,-70.938422,19.593206,5,14d5676a-2c54-4f94-9023-1e8dcd822aa0,,,27,02,ESPERANZA,042702,874c898daffffff
q-10159356036,2975030958,Caladium bicolor,Caladium bicolor (Aiton) Vent.,Araceae,Caladium,SPECIES,HUMAN_OBSERVATION,2020-05-05T18:02:13.594Z,2020,-70.983544,19.588627,30,14d5676a-2c54-4f94-9023-1e8dcd822aa0,,,27,02,ESPERANZA,042702,874c8912bffffff
q-10295391833,3953012651,Mangifera indica,Mangifera indica L.,Anacardiaceae,Mangifera,SPECIES,HUMAN_OBSERVATION,2021-01-23T19:29:37.770Z,2021,-70.982331,19.644311,24,14d5676a-2c54-4f94-9023-1e8dcd822aa0,,,27,02,ESPERANZA,042702,874c898d2ffffff
q-10295820499,3954007160,Coffea arabica,Coffea arabica L.,Rubiaceae,Coffea,SPECIES,HUMAN_OBSERVATION,2021-01-25T15:50:49.551Z,2021,-70.96,19.67,1071,14d5676a-2c54-4f94-9023-1e8dcd822aa0,,,27,02,ESPERANZA,042702,874c898d4ffffff
q-10416815846,3951416523,Ruellia simplex,Ruellia simplex C.Wright,Acanthaceae,Ruellia,SPECIES,HUMAN_OBSERVATION,2021-07-04T13:50:06.816Z,2021,-70.909997,19.575916,NA,14d5676a-2c54-4f94-9023-1e8dcd822aa0,,,27,02,ESPERANZA,042702,874c89166ffffff
q-10628334905,3960244690,Pilea microphylla,Pilea microphylla (L.) Liebm.,Urticaceae,Pilea,SPECIES,HUMAN_OBSERVATION,2022-06-20T14:48:31.106Z,2022,-70.983707,19.590709,NA,14d5676a-2c54-4f94-9023-1e8dcd822aa0,,,27,02,ESPERANZA,042702,874c8912bffffff
urn:catalog:AADC:ADT:ADT-05083,79049010,Bryopteris filicina,Bryopteris trinitensis (Lehm. & Lindenb.) Lehm. & Lindenb.,Lejeuneaceae,Bryopteris,SPECIES,PRESERVED_SPECIMEN,1981-03-24T00:00Z,1981,-70.95,19.6667,1000,82e45d26-f762-11e1-a439-00145eb45e9a,AADC,ADT,27,02,ESPERANZA,042702,874c898d4ffffff
urn:catalog:MO:Tropicos:100138563,1257501695,Paullinia pinnata,Paullinia pinnata L.,Sapindaceae,Paullinia,SPECIES,PRESERVED_SPECIMEN,1984-12-18,1984,-70.966667,19.683333,NA,7bd65a7a-f762-11e1-a439-00145eb45e9a,MO,Tropicos,27,02,ESPERANZA,042702,874c898f2ffffff
urn:catalog:MO:Tropicos:100238080,1257589959,Margaritaria nobilis,Margaritaria nobilis L.fil.,Phyllanthaceae,Margaritaria,SPECIES,PRESERVED_SPECIMEN,1984-12-18,1984,-70.966667,19.683333,NA,7bd65a7a-f762-11e1-a439-00145eb45e9a,MO,Tropicos,27,02,ESPERANZA,042702,874c898f2ffffff
urn:catalog:MO:Tropicos:101396950,3946847283,Anthurium scandens,Anthurium scandens (Aubl.) Engl.,Araceae,Anthurium,SPECIES,PRESERVED_SPECIMEN,1984-12-18,1984,-70.966667,19.683333,NA,7bd65a7a-f762-11e1-a439-00145eb45e9a,MO,Tropicos,27,02,ESPERANZA,042702,874c898f2ffffff
urn:catalog:MO:Tropicos:103282008,4062268391,Philodendron consanguineum,Philodendron consanguineum Schott,Araceae,Philodendron,SPECIES,PRESERVED_SPECIMEN,1984-12-18,1984,-70.966667,19.683333,NA,7bd65a7a-f762-11e1-a439-00145eb45e9a,MO,Tropicos,27,02,ESPERANZA,042702,874c898f2ffffff
urn:catalog:MO:Tropicos:104611905,5831915444,Ampelocissus robinsonii,Ampelocissus robinsonii Planch.,Vitaceae,Ampelocissus,SPECIES,PRESERVED_SPECIMEN,1989-09-29,1989,-70.9,19.65,NA,7bd65a7a-f762-11e1-a439-00145eb45e9a,MO,Tropicos,27,02,ESPERANZA,042702,874c898c0ffffff
urn:catalog:MO:Tropicos:1049222,1258255428,Spirotecoma rubriflora,Spirotecoma domatiata (Urb. & Ekman) Alain,Bignoniaceae,Spirotecoma,SPECIES,PRESERVED_SPECIMEN,1984-12-18,1984,-70.96666,19.68333,NA,e053ff53-c156-4e2e-b9b5-4462e9625424,JBSD,Tropicos,27,02,ESPERANZA,042702,874c898f2ffffff
urn:catalog:MO:Tropicos:2313534,1259614792,Stelis antillensis,Pleurothallis domingensis Cogn.,Orchidaceae,Stelis,SPECIES,PRESERVED_SPECIMEN,1984-12-18,1984,-70.96666,19.68333,NA,7bd65a7a-f762-11e1-a439-00145eb45e9a,MO,Tropicos,27,02,ESPERANZA,042702,874c898f2ffffff
urn:catalog:MO:Tropicos:2315442,1259616967,Lasiacis maculata,Lasiacis sorghoidea (Ham.) Hitchc. & Chase,Poaceae,Lasiacis,SPECIES,PRESERVED_SPECIMEN,1984-12-18,1984,-70.96666,19.68333,NA,7bd65a7a-f762-11e1-a439-00145eb45e9a,MO,Tropicos,27,02,ESPERANZA,042702,874c898f2ffffff
urn:catalog:MO:Tropicos:2318581,1259620656,Peperomia crassicaulis,Peperomia unguiculata Trel.,Piperaceae,Peperomia,SPECIES,PRESERVED_SPECIMEN,1984-12-18,1984,-70.96666,19.68333,NA,7bd65a7a-f762-11e1-a439-00145eb45e9a,MO,Tropicos,27,02,ESPERANZA,042702,874c898f2ffffff
urn:catalog:MO:Tropicos:2349176,1259654530,Smilax ilicifolia,Smilax ilicifolia Desv.,Smilacaceae,Smilax,SPECIES,PRESERVED_SPECIMEN,1984-12-18,1984,-70.966667,19.683333,NA,7bd65a7a-f762-11e1-a439-00145eb45e9a,MO,Tropicos,27,02,ESPERANZA,042702,874c898f2ffffff
urn:catalog:MO:Tropicos:2358687,1259664917,Illicium parviflorum,Illicium parviflorum Michx.,Schisandraceae,Illicium,SPECIES,PRESERVED_SPECIMEN,1984-12-18,1984,-70.96666,19.68333,NA,7bd65a7a-f762-11e1-a439-00145eb45e9a,MO,Tropicos,27,02,ESPERANZA,042702,874c898f2ffffff
urn:catalog:MO:Tropicos:2388006,1259696635,Chamaecrista glandulosa,Chamaecrista glandulosa var. picardae (Urb.) H.S.Irwin & Barneby,Fabaceae,Chamaecrista,VARIETY,PRESERVED_SPECIMEN,1984-12-18,1984,-70.96666,19.68333,NA,7bd65a7a-f762-11e1-a439-00145eb45e9a,MO,Tropicos,27,02,ESPERANZA,042702,874c898f2ffffff
urn:catalog:MO:Tropicos:2398395,1259707762,Phlebodium pseudoaureum,Phlebodium pseudoaureum (Cav.) Lellinger,Polypodiaceae,Phlebodium,SPECIES,PRESERVED_SPECIMEN,1984-12-18,1984,-70.96666,19.68333,NA,7bd65a7a-f762-11e1-a439-00145eb45e9a,MO,Tropicos,27,02,ESPERANZA,042702,874c898f2ffffff
urn:catalog:MO:Tropicos:2575392,1259903705,Hamelia patens,Hamelia patens Jacq.,Rubiaceae,Hamelia,SPECIES,PRESERVED_SPECIMEN,1984-12-18,1984,-70.96666,19.68333,NA,7bd65a7a-f762-11e1-a439-00145eb45e9a,MO,Tropicos,27,02,ESPERANZA,042702,874c898f2ffffff
urn:catalog:MO:Tropicos:2606104,1259937617,Garrya fadyenii,Garrya fadyenii Hook.,Garryaceae,Garrya,SPECIES,PRESERVED_SPECIMEN,1984-12-18,1984,-70.96666,19.68333,NA,7bd65a7a-f762-11e1-a439-00145eb45e9a,MO,Tropicos,27,02,ESPERANZA,042702,874c898f2ffffff
urn:catalog:MO:Tropicos:2900042,1260260880,Solanum nudum,Solanum nudum Humb. & Bonpl. ex Dunal,Solanaceae,Solanum,SPECIES,PRESERVED_SPECIMEN,1984-12-18,1984,-70.96666,19.68333,NA,7bd65a7a-f762-11e1-a439-00145eb45e9a,MO,Tropicos,27,02,ESPERANZA,042702,874c898f2ffffff
urn:uuid:9d1c95ec-34e4-40c6-976e-e2abe585028b,1563578290,Ipomoea tiliacea,Ipomoea tiliacea (Willd.) Choisy,Convolvulaceae,Ipomoea,SPECIES,LIVING_SPECIMEN,1987-11,1987,-70.933333,19.6,NA,33795d9d-3f94-4b0e-a2f6-d3a03cfce7aa,ITAl001|PER0001,,27,02,ESPERANZA,042702,874c898d8ffffff
