occurrenceID,gbifID,especie,scientificName,family,genus,taxonRank,basisOfRecord,eventDate,year,decimalLongitude,decimalLatitude,coordinateUncertaintyInMeters,datasetKey,institutionCode,collectionCode,provincia_codigo,municipio_codigo,municipio,id_municipio,hex_id
00dd0ba3-d13b-49f2-89fd-7e96222ff015,1927781332,Inga vera,Inga vera Willd.,Fabaceae,Inga,SPECIES,PRESERVED_SPECIMEN,1981-03-29,1981,-68.83,18.97,NA,d415c253-4d61-4459-9d25-4015b9084fb0,NY,NY,08,02,MICHES,080802,874cc6d90ffffff
019b121b-99a8-41d1-8563-b65098c40f60,1927790958,Aristolochia L.,Aristolochia L.,Aristolochiaceae,Aristolochia,GENUS,PRESERVED_SPECIMEN,1984-12-26,1984,-69.07,18.97,NA,d415c253-4d61-4459-9d25-4015b9084fb0,NY,NY,08,02,MICHES,080802,874cf331effffff
01eb25ab-087d-45cc-985e-c305ac02820f,1927797360,Microtea debilis,Microtea debilis Sw.,Microteaceae,Microtea,SPECIES,PRESERVED_SPECIMEN,1981-01-13,1981,-68.8,18.97,NA,d415c253-4d61-4459-9d25-4015b9084fb0,NY,NY,08,02,MICHES,080802,874cc6d86ffffff
02612499-c2ce-4831-a3de-a749958701fc,1927801104,Inga laurina,Inga laurina (Sw.) Willd.,Fabaceae,Inga,SPECIES,PRESERVED_SPECIMEN,1981-01-13,1981,-68.87,18.98,NA,d415c253-4d61-4459-9d25-4015b9084fb0,NY,NY,08,02,MICHES,080802,874cf3acbffffff
02c8ed7d-1780-4e2d-b8ce-4ed3f6e32c5a,1927806653,Cissus erosa,Cissus erosa (L.) Rich.,Vitaceae,Cissus,SPECIES,PRESERVED_SPECIMEN,1981-08-05,1981,-68.98,18.97,NA,d415c253-4d61-4459-9d25-4015b9084fb0,NY,NY,08,02,MICHES,080802,874cf330dffffff
030a96f5-a872-4d56-91be-6fc195c91dc2,1927810447,Zinnia elegans,Zinnia elegans Jacq.,Asteraceae,Zinnia,SPECIES,PRESERVED_SPECIMEN,1980-12-18,1980,-69.02,18.97,NA,d415c253-4d61-4459-9d25-4015b9084fb0,NY,NY,08,02,MICHES,080802,874cf331dffffff
036af069-1c53-4ad0-980b-7a32d6ca3887,1927816236,Saccoloma chartaceum,Saccoloma chartaceum G.B.Nair,Saccolomataceae,Saccoloma,SPECIES,PRESERVED_SPECIMEN,1981-08-06,1981,-69.02,18.92,NA,d415c253-4d61-4459-9d25-4015b9084fb0,NY,NY,08,02,MICHES,080802,874cf3220ffffff
0397205e-4f97-481a-bc08-6106c4756eb2,1927818678,Rhizophora mangle,Rhizophora mangle L.,Rhizophoraceae,Rhizophora,SPECIES,PRESERVED_SPECIMEN,1981-08-05,1981,-68.85,18.97,NA,d415c253-4d61-4459-9d25-4015b9084fb0,NY,NY,08,02,MICHES,080802,874cc6d96ffffff
05e6c6a7-d8bb-4f0d-9be7-8e2a34c948c1,1927851622,Solanum torvum,Solanum torvum Sw.,Solanaceae,Solanum,SPECIES,PRESERVED_SPECIMEN,1992-07-05,1992,-69.12,18.92,NA,d415c253-4d61-4459-9d25-4015b9084fb0,NY,NY,08,02,MICHES,080802,874cf3388ffffff
05f5e071-8a1c-4cfa-96a0-3d32e7c5c1fe,1927851779,Dioscorea villosa,Dioscorea villosa L.,Dioscoreaceae,Dioscorea,SPECIES,PRESERVED_SPECIMEN,1980-08-19,1980,-69.08,18.95,NA,d415c253-4d61-4459-9d25-4015b9084fb0,NY,NY,08,02,MICHES,080802,874cf33a9ffffff
07c0b0b5-e524-4f45-bb49-b453d1bd4bd2,4533912381,Mikania micrantha,Mikania micrantha Kunth,Asteraceae,Mikania,SPECIES,PRESERVED_SPECIMEN,1980-12-18,1980,-69.016667,18.966667,250,453e3294-97ef-4e1c-87cb-1ef7c5351d8e,DEK,,08,02,MICHES,080802,874cf330affffff
083e2d9f-362b-4e91-a047-19d202df383f,1927883881,Asplenium serratum,Asplenium serratum L.,Aspleniaceae,Asplenium,SPECIES,PRESERVED_SPECIMEN,1984-12-26,1984,-69.07,18.97,NA,d415c253-4d61-4459-9d25-4015b9084fb0,NY,NY,08,02,MICHES,080802,874cf331effffff
0D7602C6-08DF-40CC-A508-AA42C9695EAA,1503218871,Persicaria acuminata,Persicaria acuminata (Kunth) M.Gómez,Polygonaceae,Persicaria,SPECIES,PRESERVED_SPECIMEN,1981-08-04,1981,-68.85,18.9667,NA,af1b4db0-c8ce-4a95-b700-8a6a02bed9d6,USF,Herb,08,02,MICHES,080802,874cc6d96ffffff
0d8edd64-d010-4372-8ffd-b7376b687ecb,1927959268,Calymperes palisotii,Calymperes palisotii Schwägr.,Calymperaceae,Calymperes,SPECIES,PRESERVED_SPECIMEN,1981-08-05,1981,-68.85,18.97,NA,d415c253-4d61-4459-9d25-4015b9084fb0,NY,NY,08,02,MICHES,080802,874cc6d96ffffff
0fc1746d-633f-4fa2-a282-e6d866a9f791,1927989661,Tectaria incisa,Tectaria incisa Cav.,Tectariaceae,Tectaria,SPECIES,PRESERVED_SPECIMEN,1981-01-13,1981,-68.8,18.97,NA,d415c253-4d61-4459-9d25-4015b9084fb0,NY,NY,08,02,MICHES,080802,874cc6d86ffffff
108a7f87-7594-4a05-9fe7-12c1afbfc81e,1928000958,Didymoglossum krausii,Trichomanes krausii Hook. & Grev.,Hymenophyllaceae,Didymoglossum,SPECIES,PRESERVED_SPECIMEN,1981-08-06,1981,-69.02,18.92,NA,d415c253-4d61-4459-9d25-4015b9084fb0,NY,NY,08,02,MICHES,080802,874cf3220ffffff
11681D2C-91B0-4486-9C41-ACB3628F8B90,122979675,Palicourea crocea,Palicourea crocea (Sw.) Schult.,Rubiaceae,Palicourea,SPECIES,PRESERVED_SPECIMEN,1980-12-18,1980,-69.0167,18.9667,NA,832cb04e-f762-11e1-a439-00145eb45e9a,FTG,Herbarium,08,02,MICHES,080802,874cf330affffff
11733c0b-1abf-498b-bc51-5d565aba70bb,1928013849,Cosmos caudatus,Cosmos caudatus Kunth,Asteraceae,Cosmos,SPECIES,PRESERVED_SPECIMEN,1980-12-18,1980,-69.02,18.97,NA,d415c253-4d61-4459-9d25-4015b9084fb0,NY,NY,08,02,MICHES,080802,874cf331dffffff
1299a2e8-ee49-4106-a53b-003b890472a2,1928030062,Ischaemum rugosum,Ischaemum rugosum Salisb.,Poaceae,Ischaemum,SPECIES,PRESERVED_SPECIMEN,1980-12-18,1980,-68.875,18.9917,NA,d415c253-4d61-4459-9d25-4015b9084fb0,NY,NY,08,02,MICHES,080802,874cf3acaffffff
12ac80b3-f99f-42ce-a74c-db96ef897024,1928031379,Hevea brasiliensis,Hevea brasiliensis (Willd. ex A.Juss.) Müll.Arg.,Euphorbiaceae,Hevea,SPECIES,PRESERVED_SPECIMEN,1986-01-29,1986,-69.13,18.98,NA,d415c253-4d61-4459-9d25-4015b9084fb0,NY,NY,08,02,MICHES,080802,874cf33aeffffff
13C4BBBD-1902-4BE6-973D-B97F905249DD,1503218885,Conocarpus erectus,Conocarpus erectus L.,Combretaceae,Conocarpus,SPECIES,PRESERVED_SPECIMEN,1981-08-05,1981,-68.85,18.9667,NA,af1b4db0-c8ce-4a95-b700-8a6a02bed9d6,USF,Herb,08,02,MICHES,080802,874cc6d96ffffff
14fd0a9d-39e7-42df-b7fd-5ab43c0d8149,1928063927,Ananthacorus angustifolius,Ananthacorus angustifolius (Sw.) Underw. & Maxon,Pteridaceae,Ananthacorus,SPECIES,PRESERVED_SPECIMEN,1981-08-06,1981,-69.02,18.92,NA,d415c253-4d61-4459-9d25-4015b9084fb0,NY,NY,08,02,MICHES,080802,874cf3220ffffff
150e066a-7276-417d-afaf-bece0be2c7af,1928064755,Plaubelia sprengelii,Plaubelia sprengelii (Schwägr.) R.H. Zander,Pottiaceae,Plaubelia,SPECIES,PRESERVED_SPECIMEN,1981-08-05,1981,-68.85,18.97,NA,d415c253-4d61-4459-9d25-4015b9084fb0,NY,NY,08,02,MICHES,080802,874cc6d96ffffff
164be435-d09f-4fb2-9c75-504daf809bd7,1928082259,Echinochloa colona,Echinochloa colona (L.) Link,Poaceae,Echinochloa,SPECIES,PRESERVED_SPECIMEN,1980-12-18,1980,-68.875,18.9917,NA,d415c253-4d61-4459-9d25-4015b9084fb0,NY,NY,08,02,MICHES,080802,874cf3acaffffff
167F90B2-D50F-441E-AAFD-CE4A34334BD0,122966871,Piper peltatum,Lepianthes peltata (L.) Raf.,Piperaceae,Piper,SPECIES,PRESERVED_SPECIMEN,1981-08-06,1981,-69.0167,18.9167,NA,832cb04e-f762-11e1-a439-00145eb45e9a,FTG,Herbarium,08,02,MICHES,080802,874cf3220ffffff
18804dff-6b4d-4ab8-8871-95aefac86539,1928112699,Paspalum virgatum,Paspalum virgatum L.,Poaceae,Paspalum,SPECIES,PRESERVED_SPECIMEN,1980-12-18,1980,-68.875,18.9917,NA,d415c253-4d61-4459-9d25-4015b9084fb0,NY,NY,08,02,MICHES,080802,874cf3acaffffff
1c736aa7-4135-4629-9aa1-bb249fe85648,1928168815,Hevea brasiliensis,Hevea brasiliensis (Willd. ex A.Juss.) Müll.Arg.,Euphorbiaceae,Hevea,SPECIES,PRESERVED_SPECIMEN,1986-01-29,1986,-69.13,18.98,NA,d415c253-4d61-4459-9d25-4015b9084fb0,NY,NY,08,02,MICHES,080802,874cf33aeffffff
1d2acb4b-1272-4c17-87bf-a9fb11e23244,5070726012,Rhipsalis baccifera,Rhipsalis cassutha Gaertn.,Cactaceae,Rhipsalis,SPECIES,PRESERVED_SPECIMEN,1967-08-14,1967,-69.089123,18.929096,500,39c43f87-ad33-48f6-867c-29768e1f06d1,IND,,08,02,MICHES,080802,874cf3236ffffff
1efc2676-057e-4a33-b09e-ba22489dd90c,1928207443,Potamogeton nodosus,Potamogeton nodosus Poir.,Potamogetonaceae,Potamogeton,SPECIES,PRESERVED_SPECIMEN,1981-08-05,1981,-69,18.95,NA,d415c253-4d61-4459-9d25-4015b9084fb0,NY,NY,08,02,MICHES,080802,874cf330bffffff
218115D5-D9DA-4843-81E8-CD9C4A600FCF,1503218837,Thalia geniculata,Thalia geniculata L.,Marantaceae,Thalia,SPECIES,PRESERVED_SPECIMEN,1981-08-04,1981,-68.85,18.9667,NA,af1b4db0-c8ce-4a95-b700-8a6a02bed9d6,USF,Herb,08,02,MICHES,080802,874cc6d96ffffff
21EB0615-9391-4C4B-89BD-07948FC14980,216051084,Ipomoea mauritiana,Ipomoea mauritiana Jacq.,Convolvulaceae,Ipomoea,SPECIES,PRESERVED_SPECIMEN,1982-03-16,1982,-69.0052,19.0032,NA,832cb04e-f762-11e1-a439-00145eb45e9a,FTG,Herbarium,08,02,MICHES,080802,874cf3305ffffff
23c734ed-d8b0-4cf1-aa5d-5beacc7fd495,1928274797,Hippocratea volubilis,Hippocratea volubilis L.,Celastraceae,Hippocratea,SPECIES,PRESERVED_SPECIMEN,1981-08-05,1981,-68.85,18.97,NA,d415c253-4d61-4459-9d25-4015b9084fb0,NY,NY,08,02,MICHES,080802,874cc6d96ffffff
23dd5979-79c2-4bbc-ab9d-9ca893deeb34,1928276226,Blechnum occidentale,Blechnum occidentale L.,Blechnaceae,Blechnum,SPECIES,PRESERVED_SPECIMEN,1981-08-06,1981,-69.02,18.92,NA,d415c253-4d61-4459-9d25-4015b9084fb0,NY,NY,08,02,MICHES,080802,874cf3220ffffff
23e6e48a-fbc1-4ffc-8b7a-43b470e8043d,1928276804,Quararibea turbinata,Quararibea turbinata (Sw.) Poir.,Malvaceae,Quararibea,SPECIES,PRESERVED_SPECIMEN,1981-08-06,1981,-69.02,18.92,NA,d415c253-4d61-4459-9d25-4015b9084fb0,NY,NY,08,02,MICHES,080802,874cf3220ffffff
261fa81a-9812-4719-be16-4cd15427e9e5,1928308437,Christella dentata,Thelypteris dentata (Forssk.) E.P.St.John,Thelypteridaceae,Christella,SPECIES,PRESERVED_SPECIMEN,1980-12-18,1980,-68.95,18.97,NA,d415c253-4d61-4459-9d25-4015b9084fb0,NY,NY,08,02,MICHES,080802,874cf3376ffffff
26e24f81-70b9-4e03-9530-15b9e2345d35,1928318884,Cananga odorata,Cananga odorata (Lam.) Hook.fil. & Thomson,Annonaceae,Cananga,SPECIES,PRESERVED_SPECIMEN,1981-08-05,1981,-68.98,18.95,NA,d415c253-4d61-4459-9d25-4015b9084fb0,NY,NY,08,02,MICHES,080802,874cf3309ffffff
296342ea-245e-4a63-b20c-87e1446d57f9,1928354418,Fleischmannia microstemon,Fleischmannia microstemon (Cass.) R.M.King & H.Rob.,Asteraceae,Fleischmannia,SPECIES,PRESERVED_SPECIMEN,1972-06-13/1972-06-14,1972,-68.96684,18.982434,NA,d415c253-4d61-4459-9d25-4015b9084fb0,NY,NY,08,02,MICHES,080802,874cf332bffffff
2D007298-7F9C-48ED-AFAF-5622B99F4B71,1503210787,Zingiber zerumbet,Zingiber zerumbet (L.) Roscoe ex Sm.,Zingiberaceae,Zingiber,SPECIES,PRESERVED_SPECIMEN,1982-09-15,1982,-69.0833,18.95,NA,af1b4db0-c8ce-4a95-b700-8a6a02bed9d6,USF,Herb,08,02,MICHES,080802,874cf33a9ffffff
2b07982f-ffc3-4f2b-a8b1-5d4db2157607,1928378045,Solanum mammosum,Solanum mammosum L.,Solanaceae,Solanum,SPECIES,PRESERVED_SPECIMEN,1981-08-04,1981,-68.85,18.97,NA,d415c253-4d61-4459-9d25-4015b9084fb0,NY,NY,08,02,MICHES,080802,874cc6d96ffffff
2dd3508a-8234-487f-90db-a91b90c283a5,1928418056,Dumortiera hirsuta,Dumortiera hirsuta (Sw.) Nees,Dumortieraceae,Dumortiera,SPECIES,PRESERVED_SPECIMEN,1981-08-06,1981,-69.02,18.92,NA,d415c253-4d61-4459-9d25-4015b9084fb0,NY,NY,08,02,MICHES,080802,874cf3220ffffff
2e43b3e7-f40f-4226-8782-3a854515b6b5,1928423454,Hamelia patens,Hamelia patens Jacq.,Rubiaceae,Hamelia,SPECIES,PRESERVED_SPECIMEN,1981-08-06,1981,-69.02,18.92,NA,d415c253-4d61-4459-9d25-4015b9084fb0,NY,NY,08,02,MICHES,080802,874cf3220ffffff
2e68423b-8cd1-46a8-a9f7-41932f84e6d4,1928425181,Potamogeton nodosus,Potamogeton nodosus Poir.,Potamogetonaceae,Potamogeton,SPECIES,PRESERVED_SPECIMEN,1981-08-05,1981,-68.85,18.97,NA,d415c253-4d61-4459-9d25-4015b9084fb0,NY,NY,08,02,MICHES,080802,874cc6d96ffffff
2ecaf584-82b8-4b68-8209-14629e64bc12,1928430938,Bactris plumeriana,Bactris plumeriana Mart.,Arecaceae,Bactris,SPECIES,PRESERVED_SPECIMEN,1981-08-05,1981,-68.98,18.97,NA,d415c253-4d61-4459-9d25-4015b9084fb0,NY,NY,08,02,MICHES,080802,874cf330dffffff
2ef9a278-0ef7-4078-bd67-e8e57b25b9ca,1928434799,Calymperes palisotii,Calymperes palisotii Schwägr.,Calymperaceae,Calymperes,SPECIES,PRESERVED_SPECIMEN,1981-03-29,1981,-68.87,18.97,NA,d415c253-4d61-4459-9d25-4015b9084fb0,NY,NY,08,02,MICHES,080802,874cf3365ffffff
2f4c9a9c-bd71-4a77-8a1e-6651a2cf3352,1928438078,Fimbristylis littoralis,Fimbristylis littoralis Gaudich.,Cyperaceae,Fimbristylis,SPECIES,PRESERVED_SPECIMEN,1981-01-14,1981,-69.13,18.98,NA,d415c253-4d61-4459-9d25-4015b9084fb0,NY,NY,08,02,MICHES,080802,874cf33aeffffff
3233b7d3-118c-4b64-b0d4-805503653e27,1928478847,Exostema longiflorum,Solenandra longiflora (Lamb.) Paudyal & Delprete,Rubiaceae,Exostema,SPECIES,PRESERVED_SPECIMEN,1981-04-06,1981,-69,18.93,NA,d415c253-4d61-4459-9d25-4015b9084fb0,NY,NY,08,02,MICHES,080802,874cf3225ffffff
33e03e10-7cb4-4037-9aa4-712fab39fb2f,1928501780,Hura crepitans,Hura crepitans L.,Euphorbiaceae,Hura,SPECIES,PRESERVED_SPECIMEN,1980-12-18,1980,-68.875,18.9917,NA,d415c253-4d61-4459-9d25-4015b9084fb0,NY,NY,08,02,MICHES,080802,874cf3acaffffff
340d8c0a-3c79-4312-93de-4f411c71b0c9,1928505001,Rhynchospora nervosa,Rhynchospora nervosa (Vahl) Boeckeler,Cyperaceae,Rhynchospora,SPECIES,PRESERVED_SPECIMEN,1981-08-05,1981,-68.85,18.97,NA,d415c253-4d61-4459-9d25-4015b9084fb0,NY,NY,08,02,MICHES,080802,874cc6d96ffffff
36908afa-42ce-412b-9112-54e9d8b9951c,1928540031,Ischaemum rugosum,Ischaemum rugosum Salisb.,Poaceae,Ischaemum,SPECIES,PRESERVED_SPECIMEN,1981-01-14,1981,-69.13,18.98,NA,d415c253-4d61-4459-9d25-4015b9084fb0,NY,NY,08,02,MICHES,080802,874cf33aeffffff
36948549-6bb5-42bc-85f4-eced90f95356,1928541633,Pontederia azurea,Eichhornia azurea (Sw.) Kunth,Pontederiaceae,Pontederia,SPECIES,PRESERVED_SPECIMEN,1981-08-05,1981,-68.85,18.97,NA,d415c253-4d61-4459-9d25-4015b9084fb0,NY,NY,08,02,MICHES,080802,874cc6d96ffffff
36d836fe-fe47-439d-93fe-28fea365ffb0,1928544038,Mikania micrantha,Mikania micrantha Kunth,Asteraceae,Mikania,SPECIES,PRESERVED_SPECIMEN,1980-12-18,1980,-69.02,18.97,NA,d415c253-4d61-4459-9d25-4015b9084fb0,NY,NY,08,02,MICHES,080802,874cf331dffffff
3983fa17-cf69-4938-81f7-2d02fa379046,1928581594,Taxithelium planum,Taxithelium planum (Brid.) Mitt.,Pylaisiadelphaceae,Taxithelium,SPECIES,PRESERVED_SPECIMEN,1981-03-29,1981,-68.87,18.97,NA,d415c253-4d61-4459-9d25-4015b9084fb0,NY,NY,08,02,MICHES,080802,874cf3365ffffff
3EEA7C14-147A-4257-B444-3397709225CD,1503218884,Lonchocarpus sericeus,Lonchocarpus domingensis (Turpin ex Pers.) DC.,Fabaceae,Lonchocarpus,SPECIES,PRESERVED_SPECIMEN,1981-08-05,1981,-68.85,18.9667,NA,af1b4db0-c8ce-4a95-b700-8a6a02bed9d6,USF,Herb,08,02,MICHES,080802,874cc6d96ffffff
3a787c96-09ea-4a19-93a5-4258f35db514,1928594964,Paspalum paniculatum,Paspalum paniculatum L.,Poaceae,Paspalum,SPECIES,PRESERVED_SPECIMEN,1981-01-14,1981,-69.13,18.98,NA,d415c253-4d61-4459-9d25-4015b9084fb0,NY,NY,08,02,MICHES,080802,874cf33aeffffff
3a843431-b9be-4782-a7a0-37f5459afb38,1928595711,Isocarpha atriplicifolia,Isocarpha atriplicifolia subsp. wrightii (Griseb.) Borhidi,Asteraceae,Isocarpha,SUBSPECIES,PRESERVED_SPECIMEN,1986-01-29,1986,-69.03,18.98,NA,d415c253-4d61-4459-9d25-4015b9084fb0,NY,NY,08,02,MICHES,080802,874cf3303ffffff
3ba3d816-4c6e-41b6-94ec-806e44382bd9,1928611563,Bixa orellana,Bixa orellana L.,Bixaceae,Bixa,SPECIES,PRESERVED_SPECIMEN,1991-05-12,1991,-69.05,18.95,NA,d415c253-4d61-4459-9d25-4015b9084fb0,NY,NY,08,02,MICHES,080802,874cf331bffffff
3d5a3524-7699-4eb1-8942-196639b036f2,1928635224,Meniscium angustifolium,Thelypteris angustifolia (Willd.) Proctor,Thelypteridaceae,Meniscium,SPECIES,PRESERVED_SPECIMEN,1981-04-06,1981,-69,18.93,NA,d415c253-4d61-4459-9d25-4015b9084fb0,NY,NY,08,02,MICHES,080802,874cf3225ffffff
3e352e85-5c73-4b9e-ad31-dfa67be8f2f3,1928647749,Fuirena umbellata,Fuirena umbellata Rottb.,Cyperaceae,Fuirena,SPECIES,PRESERVED_SPECIMEN,1981-01-14,1981,-69.13,18.98,NA,d415c253-4d61-4459-9d25-4015b9084fb0,NY,NY,08,02,MICHES,080802,874cf33aeffffff
3f2a9e9e-53b8-4086-85ad-c6fab02cb81f,1928661627,Isopterygium subbrevisetum,Isopterygium subbrevisetum (Hampe) Broth.,Pylaisiadelphaceae,Isopterygium,SPECIES,PRESERVED_SPECIMEN,1981-08-06,1981,-69.02,18.92,NA,d415c253-4d61-4459-9d25-4015b9084fb0,NY,NY,08,02,MICHES,080802,874cf3220ffffff
4007bed0-9e3f-4f53-b71f-a94bf5afb887,1928673347,Cyathea arborea,Cyathea arborea (L.) Sm.,Cyatheaceae,Cyathea,SPECIES,PRESERVED_SPECIMEN,1990-06-28,1990,-69.08,18.95,NA,d415c253-4d61-4459-9d25-4015b9084fb0,NY,NY,08,02,MICHES,080802,874cf33a9ffffff
402eca0b-d2bf-4bd3-b4df-4c4dd0dc6b34,1928675249,Lonchocarpus sericeus,Lonchocarpus sericeus (Poir.) Kunth ex DC.,Fabaceae,Lonchocarpus,SPECIES,PRESERVED_SPECIMEN,1984-12-26,1984,-69.07,18.97,NA,d415c253-4d61-4459-9d25-4015b9084fb0,NY,NY,08,02,MICHES,080802,874cf331effffff
405ed05e-f1c7-49fb-be10-a6dc4e3f0b24,5074157524,Miconia crenata,Miconia crenata (Vahl) Michelang.,Melastomataceae,Miconia,SPECIES,PRESERVED_SPECIMEN,1981-01-13,1981,-68.806395,18.952103,250,453e3294-97ef-4e1c-87cb-1ef7c5351d8e,DEK,,08,02,MICHES,080802,874cc6d91ffffff
406e88b5-6207-4075-b90b-e7cd4267bac5,1928680074,Heteranthera reniformis,Heteranthera reniformis Ruiz & Pav.,Pontederiaceae,Heteranthera,SPECIES,PRESERVED_SPECIMEN,1981-01-14,1981,-69.17,18.98,NA,d415c253-4d61-4459-9d25-4015b9084fb0,NY,NY,08,02,MICHES,080802,874cf3386ffffff
4281ae6c-f882-46f0-baa6-ce77b3dff613,1928708810,Diplazium roemerianum,Diplazium roemerianum (Kunze) C.Presl,Athyriaceae,Diplazium,SPECIES,PRESERVED_SPECIMEN,1984-12-26,1984,-69.07,18.97,NA,d415c253-4d61-4459-9d25-4015b9084fb0,NY,NY,08,02,MICHES,080802,874cf331effffff
429162e3-4286-4caa-80a6-4efc92f234ae,1928708906,Chrysophyllum argenteum,Chrysophyllum argenteum Jacq.,Sapotaceae,Chrysophyllum,SPECIES,PRESERVED_SPECIMEN,1981-08-06,1981,-69.02,18.92,NA,d415c253-4d61-4459-9d25-4015b9084fb0,NY,NY,08,02,MICHES,080802,874cf3220ffffff
42932741-d4ed-4bb5-9654-468d82e40069,1928709417,Asplenium abscissum,Asplenium abscissum Willd.,Aspleniaceae,Asplenium,SPECIES,PRESERVED_SPECIMEN,1981-08-06,1981,-69.02,18.92,NA,d415c253-4d61-4459-9d25-4015b9084fb0,NY,NY,08,02,MICHES,080802,874cf3220ffffff
435ea451-425e-452c-9e52-9cbc950235e1,1928720299,Fimbristylis dichotoma,Fimbristylis dichotoma (L.) Vahl,Cyperaceae,Fimbristylis,SPECIES,PRESERVED_SPECIMEN,1981-01-14,1981,-69.13,18.98,NA,d415c253-4d61-4459-9d25-4015b9084fb0,NY,NY,08,02,MICHES,080802,874cf33aeffffff
43abf4fd-3031-4742-b703-f22359656d1e,1928724756,Ambrosia cumanensis,Ambrosia peruviana Willd.,Asteraceae,Ambrosia,SPECIES,PRESERVED_SPECIMEN,1972-06-13/1972-06-14,1972,-68.96684,18.982434,NA,d415c253-4d61-4459-9d25-4015b9084fb0,NY,NY,08,02,MICHES,080802,874cf332bffffff
441b8a4d-a226-41e4-a02e-e1b019dfd063,1928731142,Phlebodium aureum,Phlebodium aureum (L.) J.Sm.,Polypodiaceae,Phlebodium,SPECIES,PRESERVED_SPECIMEN,1980-12-18,1980,-69.02,18.97,NA,d415c253-4d61-4459-9d25-4015b9084fb0,NY,NY,08,02,MICHES,080802,874cf331dffffff
444c26d8-93b6-4f66-bd04-49b97c4f5e97,1928733826,Callisia monandra,Callisia monandra (Sw.) Schult. & Schult.f.,Commelinaceae,Callisia,SPECIES,PRESERVED_SPECIMEN,1981-01-14,1981,-69.05,18.98,NA,d415c253-4d61-4459-9d25-4015b9084fb0,NY,NY,08,02,MICHES,080802,874cf331cffffff
4504c4d9-2756-47e7-99ff-61b930c12ad4,1928743890,Vesicularia vesicularis,Vesicularia vesicularis var. rutilans (Brid.) W.R. Buck,Hypnaceae,Vesicularia,VARIETY,PRESERVED_SPECIMEN,1981-08-06,1981,-69.02,18.92,NA,d415c253-4d61-4459-9d25-4015b9084fb0,NY,NY,08,02,MICHES,080802,874cf3220ffffff
4574f5a7-087f-4b4a-88a6-a43b205a87d9,1928750042,Spermacoce prostrata,Spermacoce prostrata Aubl.,Rubiaceae,Spermacoce,SPECIES,PRESERVED_SPECIMEN,1981-01-14,1981,-69.13,18.98,NA,d415c253-4d61-4459-9d25-4015b9084fb0,NY,NY,08,02,MICHES,080802,874cf33aeffffff
4647CCCE-E2A0-4C23-93E5-E1B1E1463255,122974687,Microtea debilis,Microtea debilis Sw.,Microteaceae,Microtea,SPECIES,PRESERVED_SPECIMEN,1980-12-18,1980,-68.8667,18.9833,NA,832cb04e-f762-11e1-a439-00145eb45e9a,FTG,Herbarium,08,02,MICHES,080802,874cf3acbffffff
48042701-4d9d-46ee-bbb3-e4923b9f09a9,1928786835,Eleocharis elegans,Eleocharis elegans (Kunth) Roem. & Schult.,Cyperaceae,Eleocharis,SPECIES,PRESERVED_SPECIMEN,1981-01-14,1981,-69.13,18.98,NA,d415c253-4d61-4459-9d25-4015b9084fb0,NY,NY,08,02,MICHES,080802,874cf33aeffffff
4824d7f1-f4a9-4530-ad2d-28a5794df3a9,1928788380,Dalbergia monetaria,Dalbergia monetaria L.f.,Fabaceae,Dalbergia,SPECIES,PRESERVED_SPECIMEN,1991-05-12,1991,-69.05,18.97,NA,d415c253-4d61-4459-9d25-4015b9084fb0,NY,NY,08,02,MICHES,080802,874cf3318ffffff
4841C52F-9BE9-47DB-A0A3-BA47B82244CD,1503218822,Pacourina edulis,Pacourina edulis Aubl.,Asteraceae,Pacourina,SPECIES,PRESERVED_SPECIMEN,1981-08-04,1981,-68.85,18.9667,NA,af1b4db0-c8ce-4a95-b700-8a6a02bed9d6,USF,Herb,08,02,MICHES,080802,874cc6d96ffffff
4A042D95-3341-4CA9-9A4D-45D68966373C,1503215027,Thespesia populnea,Thespesia populnea (L.) Sol. ex Corrêa,Malvaceae,Thespesia,SPECIES,PRESERVED_SPECIMEN,1972-06,1972,-69,18.9167,NA,af1b4db0-c8ce-4a95-b700-8a6a02bed9d6,USF,Herb,08,02,MICHES,080802,874cf3221ffffff
4F0BE8B4-E185-4C22-B1A9-3C9D07B8C8C1,1503218849,Bignonia aequinoctialis,Bignonia aequinoctialis L.,Bignoniaceae,Bignonia,SPECIES,PRESERVED_SPECIMEN,1981-08-05,1981,-68.85,18.9667,NA,af1b4db0-c8ce-4a95-b700-8a6a02bed9d6,USF,Herb,08,02,MICHES,080802,874cc6d96ffffff
4FE99D5D-5A1C-489D-97FA-6F608A8D62F4,123009919,Solanum torvum,Solanum torvum Sw.,Solanaceae,Solanum,SPECIES,PRESERVED_SPECIMEN,1981-08-04,1981,-69.047,18.983,301,832cb04e-f762-11e1-a439-00145eb45e9a,FTG,Herbarium,08,02,MICHES,080802,874cf331cffffff
4a7e8e25-d3f4-43a2-9521-f3a99fe4dffb,1928821630,Solanum torvum,Solanum torvum Sw.,Solanaceae,Solanum,SPECIES,PRESERVED_SPECIMEN,1981-08-04,1981,-68.85,18.97,NA,d415c253-4d61-4459-9d25-4015b9084fb0,NY,NY,08,02,MICHES,080802,874cc6d96ffffff
4adad7d3-eadf-4de7-aa0e-0b1af565236c,1457769392,Miconia prasina,Miconia prasina (Sw.) DC.,Melastomataceae,Miconia,SPECIES,PRESERVED_SPECIMEN,1981-08-05,1981,-68.983333,18.966667,NA,b89d52a2-861d-4388-adad-c0da3d55fc78,UF,,08,02,MICHES,080802,874cf330dffffff
4b944a90-e471-43f9-be55-d3b0d8a7bc19,1928836750,Calymperes palisotii,Calymperes palisotii Schwägr.,Calymperaceae,Calymperes,SPECIES,PRESERVED_SPECIMEN,1981-03-29,1981,-68.87,18.97,NA,d415c253-4d61-4459-9d25-4015b9084fb0,NY,NY,08,02,MICHES,080802,874cf3365ffffff
4cb9062e-79c1-4d63-8d95-96d7955adc63,1928853621,Casearia arborea,Casearia arborea (Rich.) Urb.,Salicaceae,Casearia,SPECIES,PRESERVED_SPECIMEN,1972-06-04/1972-06-13,1972,-68.96684,18.982434,NA,d415c253-4d61-4459-9d25-4015b9084fb0,NY,NY,08,02,MICHES,080802,874cf332bffffff
4d8efcf2-173f-45b5-925f-94be2850b996,5074157522,Urena lobata,Urena lobata L.,Malvaceae,Urena,SPECIES,PRESERVED_SPECIMEN,1980-12-18,1980,-69.017525,18.963745,1000,453e3294-97ef-4e1c-87cb-1ef7c5351d8e,DEK,,08,02,MICHES,080802,874cf330affffff
4f4f495c-bed2-4e5b-830c-32b82f744c17,1928889949,Piper jacquemontianum,Piper jacquemontianum (Kunth) Kunth ex Steud.,Piperaceae,Piper,SPECIES,PRESERVED_SPECIMEN,1981-04-06,1981,-69,18.93,NA,d415c253-4d61-4459-9d25-4015b9084fb0,NY,NY,08,02,MICHES,080802,874cf3225ffffff
502f0195-630d-41ae-81fd-03a82ea88ea2,1928902286,Chrysobalanus icaco,Chrysobalanus icaco L.,Chrysobalanaceae,Chrysobalanus,SPECIES,PRESERVED_SPECIMEN,1981-08-05,1981,-68.85,18.97,NA,d415c253-4d61-4459-9d25-4015b9084fb0,NY,NY,08,02,MICHES,080802,874cc6d96ffffff
507cf028-8504-4e20-843f-ae5f522a320e,1928906286,Piper peltatum,Piper peltatum L.,Piperaceae,Piper,SPECIES,PRESERVED_SPECIMEN,1980-12-18,1980,-68.97,18.97,NA,d415c253-4d61-4459-9d25-4015b9084fb0,NY,NY,08,02,MICHES,080802,874cf330dffffff
517896df-0890-4d92-9787-3fa8c371e922,1928919848,Geophila repens,Geophila repens (L.) I.M.Johnst.,Rubiaceae,Geophila,SPECIES,PRESERVED_SPECIMEN,1981-08-06,1981,-69.02,18.92,NA,d415c253-4d61-4459-9d25-4015b9084fb0,NY,NY,08,02,MICHES,080802,874cf3220ffffff
51d75d55-7271-4d37-858a-218020c8d4d4,1928926211,Diplazium grandifolium,Diplazium grandifolium (Sw.) Sw.,Athyriaceae,Diplazium,SPECIES,PRESERVED_SPECIMEN,1981-08-06,1981,-69.02,18.92,NA,d415c253-4d61-4459-9d25-4015b9084fb0,NY,NY,08,02,MICHES,080802,874cf3220ffffff
51fa7c2e-905f-45a5-8017-913561e4620b,1928927135,Laportea aestuans,Laportea aestuans (L.) Chew,Urticaceae,Laportea,SPECIES,PRESERVED_SPECIMEN,1981-01-14,1981,-69.05,18.98,NA,d415c253-4d61-4459-9d25-4015b9084fb0,NY,NY,08,02,MICHES,080802,874cf331cffffff
52b84b47-a1b9-4ad4-adb2-3552a2c56d68,1928937618,Fissidens pellucidus,Fissidens pellucidus Hornsch.,Fissidentaceae,Fissidens,SPECIES,PRESERVED_SPECIMEN,1981-03-29,1981,-68.87,18.97,NA,d415c253-4d61-4459-9d25-4015b9084fb0,NY,NY,08,02,MICHES,080802,874cf3365ffffff
53561414-ecf7-4608-bf56-3390dc4d5077,1928946715,Pistia stratiotes,Pistia stratiotes L.,Araceae,Pistia,SPECIES,PRESERVED_SPECIMEN,1981-08-05,1981,-68.85,18.97,NA,d415c253-4d61-4459-9d25-4015b9084fb0,NY,NY,08,02,MICHES,080802,874cc6d96ffffff
5434c8cf-f624-4447-976b-60ba231f8a09,1928958726,Asplenium cuneatum,Asplenium cuneatum Lam.,Aspleniaceae,Asplenium,SPECIES,PRESERVED_SPECIMEN,1981-08-06,1981,-69.02,18.92,NA,d415c253-4d61-4459-9d25-4015b9084fb0,NY,NY,08,02,MICHES,080802,874cf3220ffffff
579ded25-0da4-43f2-8cb8-d8e3e9860f79,1929006621,Maranta arundinacea,Maranta arundinacea L.,Marantaceae,Maranta,SPECIES,PRESERVED_SPECIMEN,1981-08-05,1981,-68.85,18.97,NA,d415c253-4d61-4459-9d25-4015b9084fb0,NY,NY,08,02,MICHES,080802,874cc6d96ffffff
582bc8a6-22dd-4933-8b62-483b5cdb9c6d,1304608916,Solanum mammosum,Solanum mammosum L.,Solanaceae,Solanum,SPECIES,OCCURRENCE,1981-08-04,1981,-68.85,18.966667,NA,07044577-bd82-4089-9f3a-f4a9d2170b2e,Bioversity,,08,02,MICHES,080802,874cc6d96ffffff
58493f42-f975-4096-93b2-c7441595e570,1929016491,Selaginella tenella,Selaginella tenella (P.Beauv.) Spring,Selaginellaceae,Selaginella,SPECIES,PRESERVED_SPECIMEN,1981-08-06,1981,-69.02,18.92,NA,d415c253-4d61-4459-9d25-4015b9084fb0,NY,NY,08,02,MICHES,080802,874cf3220ffffff
586c9990-c370-442b-a1ed-c416914be3b9,1929018391,Chrysophyllum argenteum,Chrysophyllum argenteum Jacq.,Sapotaceae,Chrysophyllum,SPECIES,PRESERVED_SPECIMEN,1984-12-26,1984,-69.07,18.97,NA,d415c253-4d61-4459-9d25-4015b9084fb0,NY,NY,08,02,MICHES,080802,874cf331effffff
59F0A13E-2629-40A2-A4B1-7AA790D7E9FA,122920574,Cassipourea elliptica,Cassipourea elliptica (Sw.) Poir.,Rhizophoraceae,Cassipourea,SPECIES,PRESERVED_SPECIMEN,1981-08-06,1981,-69.0167,18.9167,NA,832cb04e-f762-11e1-a439-00145eb45e9a,FTG,Herbarium,08,02,MICHES,080802,874cf3220ffffff
59baa515-0980-4469-801a-26341a2ff68f,5074157798,Triumfetta bogotensis,Triumfetta bogotensis DC.,Malvaceae,Triumfetta,SPECIES,PRESERVED_SPECIMEN,1980-12-18,1980,-69.017525,18.963745,1000,453e3294-97ef-4e1c-87cb-1ef7c5351d8e,DEK,,08,02,MICHES,080802,874cf330affffff
5EE81132-01A0-411F-8696-7FD142BCA67C,1503278049,Plumeria magna,Plumeria magna Zanoni & M.M.Mejía,Apocynaceae,Plumeria,SPECIES,PRESERVED_SPECIMEN,2013-10-12,2013,-69,19,NA,af1b4db0-c8ce-4a95-b700-8a6a02bed9d6,USF,Herb,08,02,MICHES,080802,874cf332affffff
5a661c67-8e94-4af9-a478-6c4c84d197f0,1929045857,Hymenophyllum Sm.,Hymenophyllum Sm.,Hymenophyllaceae,Hymenophyllum,GENUS,PRESERVED_SPECIMEN,1981-04-06,1981,-69,18.93,NA,d415c253-4d61-4459-9d25-4015b9084fb0,NY,NY,08,02,MICHES,080802,874cf3225ffffff
5b20e5b1-99c1-4be1-88e5-3e8e562e5ea9,1929056318,Sapium laurifolium,Sapium laurifolium (A.Rich.) Griseb.,Euphorbiaceae,Sapium,SPECIES,PRESERVED_SPECIMEN,1986-01-29,1986,-69.03,18.95,NA,d415c253-4d61-4459-9d25-4015b9084fb0,NY,NY,08,02,MICHES,080802,874cf3319ffffff
5b29c449-a417-4b9b-9831-77a8cb15deaf,1929056923,Solanum capsicoides,Solanum capsicoides All.,Solanaceae,Solanum,SPECIES,PRESERVED_SPECIMEN,1988-06-15,1988,-69.03,18.92,NA,d415c253-4d61-4459-9d25-4015b9084fb0,NY,NY,08,02,MICHES,080802,874cf3222ffffff
5cf88dd1-1d99-48cb-8aa0-09eac7bad974,1929081904,Adiantum petiolatum,Adiantum petiolatum Desv.,Pteridaceae,Adiantum,SPECIES,PRESERVED_SPECIMEN,1981-08-06,1981,-69.02,18.92,NA,d415c253-4d61-4459-9d25-4015b9084fb0,NY,NY,08,02,MICHES,080802,874cf3220ffffff
5d363264-6a13-4bd8-b373-d5e96a6b862b,1929085388,Didymopanax morototoni,"Schefflera morototoni (Aubl.) Maguire, Steyerm. & Frodin",Araliaceae,Didymopanax,SPECIES,PRESERVED_SPECIMEN,1981-08-05,1981,-68.97,18.97,NA,d415c253-4d61-4459-9d25-4015b9084fb0,NY,NY,08,02,MICHES,080802,874cf330dffffff
5fcf6b70-8033-49b4-b43f-d6729d0ded90,1929122393,Nectandra membranacea,Nectandra membranacea (Sw.) Griseb.,Lauraceae,Nectandra,SPECIES,PRESERVED_SPECIMEN,1984-12-26,1984,-69.07,18.97,NA,d415c253-4d61-4459-9d25-4015b9084fb0,NY,NY,08,02,MICHES,080802,874cf331effffff
60970854-a61e-40fe-8741-c58d996683d3,1929133634,Goniopteris poiteana,Thelypteris poiteana (Bory) Proctor,Thelypteridaceae,Goniopteris,SPECIES,PRESERVED_SPECIMEN,1981-03-29,1981,-68.83,18.97,NA,d415c253-4d61-4459-9d25-4015b9084fb0,NY,NY,08,02,MICHES,080802,874cc6d90ffffff
60eb44ba-3217-4ea3-81df-b968e8bf43a5,1929138331,Costus spicatus,Costus spicatus (Jacq.) Sw.,Costaceae,Costus,SPECIES,PRESERVED_SPECIMEN,1981-08-06,1981,-69.02,18.92,NA,d415c253-4d61-4459-9d25-4015b9084fb0,NY,NY,08,02,MICHES,080802,874cf3220ffffff
61aca8d2-2fd7-4a95-a5de-7ff3fbd83371,1929148637,Peperomia rotundifolia,Peperomia rotundifolia (L.) Kunth,Piperaceae,Peperomia,SPECIES,PRESERVED_SPECIMEN,1982-09-16,1982,-69.18,19,NA,d415c253-4d61-4459-9d25-4015b9084fb0,NY,NY,08,02,MICHES,080802,874cf33b1ffffff
61d62cf4-6a39-4ea0-8476-6514ff1a4adf,1929151952,Costus spicatus,Costus spicatus (Jacq.) Sw.,Costaceae,Costus,SPECIES,PRESERVED_SPECIMEN,1980-12-18,1980,-68.95,18.97,NA,d415c253-4d61-4459-9d25-4015b9084fb0,NY,NY,08,02,MICHES,080802,874cf3376ffffff
6373c4aa-da75-4004-aaa3-063daea8b822,1304204616,Solanum torvum,Solanum torvum Sw.,Solanaceae,Solanum,SPECIES,OCCURRENCE,,NA,-68.85,18.966667,NA,07044577-bd82-4089-9f3a-f4a9d2170b2e,PBI_NHM,,08,02,MICHES,080802,874cc6d96ffffff
65faaf20-f3c0-4af3-9492-b9fcd572cf1a,1929208666,Selaginella plana,Selaginella plana (Desv. ex Poir.) Hieron.,Selaginellaceae,Selaginella,SPECIES,PRESERVED_SPECIMEN,1981-04-06,1981,-69,18.93,NA,d415c253-4d61-4459-9d25-4015b9084fb0,NY,NY,08,02,MICHES,080802,874cf3225ffffff
67057ab4-7bb9-4792-bef1-1f3d3c9b98be,1929224257,Christella dentata,Thelypteris dentata (Forssk.) E.P.St.John,Thelypteridaceae,Christella,SPECIES,PRESERVED_SPECIMEN,1980-12-18,1980,-69.02,18.97,NA,d415c253-4d61-4459-9d25-4015b9084fb0,NY,NY,08,02,MICHES,080802,874cf331dffffff
676288cb-57c4-4dba-a69d-acdb0c37f8c2,1929229220,Adiantum L.,Adiantum L.,Pteridaceae,Adiantum,GENUS,PRESERVED_SPECIMEN,1981-08-06,1981,-69.02,18.92,NA,d415c253-4d61-4459-9d25-4015b9084fb0,NY,NY,08,02,MICHES,080802,874cf3220ffffff
67b86d9f-3ad1-4ef7-b8c2-67b5a8a5d071,1929233679,Fissidens crispus,Fissidens crispus Mont.,Fissidentaceae,Fissidens,SPECIES,PRESERVED_SPECIMEN,1981-03-29,1981,-68.87,18.97,NA,d415c253-4d61-4459-9d25-4015b9084fb0,NY,NY,08,02,MICHES,080802,874cf3365ffffff
689fc113-ad38-4287-8e05-d2b80a8a307c,1929246938,Scleria gaertneri,Scleria gaertneri Raddi,Cyperaceae,Scleria,SPECIES,PRESERVED_SPECIMEN,1981-01-14,1981,-69.13,18.98,NA,d415c253-4d61-4459-9d25-4015b9084fb0,NY,NY,08,02,MICHES,080802,874cf33aeffffff
69150ab5-8fee-4c7a-91f5-e61083a82f61,1929253264,Solanum jamaicense,Solanum jamaicense Mill.,Solanaceae,Solanum,SPECIES,PRESERVED_SPECIMEN,1981-08-04,1981,-68.85,18.97,NA,d415c253-4d61-4459-9d25-4015b9084fb0,NY,NY,08,02,MICHES,080802,874cc6d96ffffff
69bbfa65-a71b-4ec9-b094-f5198163de36,1929262527,Sida urens,Sida urens L.,Malvaceae,Sida,SPECIES,PRESERVED_SPECIMEN,1980-12-18,1980,-68.97,18.97,NA,d415c253-4d61-4459-9d25-4015b9084fb0,NY,NY,08,02,MICHES,080802,874cf330dffffff
6F77B8B2-E9D6-4031-8EBF-6EAEC5D2658E,1503218820,Geophila repens,Geophila repens (L.) I.M.Johnst.,Rubiaceae,Geophila,SPECIES,PRESERVED_SPECIMEN,1981-08-06,1981,-69.0167,18.9167,NA,af1b4db0-c8ce-4a95-b700-8a6a02bed9d6,USF,Herb,08,02,MICHES,080802,874cf3220ffffff
6a6abd64-01e8-4fa9-bae6-5a788644139c,1929271628,Calymperes palisotii,Calymperes palisotii Schwägr.,Calymperaceae,Calymperes,SPECIES,PRESERVED_SPECIMEN,1981-03-29,1981,-68.87,18.97,NA,d415c253-4d61-4459-9d25-4015b9084fb0,NY,NY,08,02,MICHES,080802,874cf3365ffffff
6bdd6aa7-c494-4c81-97c6-97e5eb8dcd2f,1929293164,Pilea nummulariifolia,Pilea nummulariifolia (Sw.) Wedd.,Urticaceae,Pilea,SPECIES,PRESERVED_SPECIMEN,1981-08-06,1981,-69.02,18.92,NA,d415c253-4d61-4459-9d25-4015b9084fb0,NY,NY,08,02,MICHES,080802,874cf3220ffffff
6e4b58da-0b1a-490a-a0ed-41b4f41b84a5,1929328594,Palicourea pubescens,Psychotria pubescens Sw.,Rubiaceae,Palicourea,SPECIES,PRESERVED_SPECIMEN,1981-08-06,1981,-69.02,18.92,NA,d415c253-4d61-4459-9d25-4015b9084fb0,NY,NY,08,02,MICHES,080802,874cf3220ffffff
6e9bffb2-4b47-40fa-86d8-cc95c6e086b1,1929329699,Conocarpus erectus,Conocarpus erectus L.,Combretaceae,Conocarpus,SPECIES,PRESERVED_SPECIMEN,1981-08-05,1981,-68.85,18.97,NA,d415c253-4d61-4459-9d25-4015b9084fb0,NY,NY,08,02,MICHES,080802,874cc6d96ffffff
70C16ED6-00C5-4113-AFFD-6C021B87FAF6,122953100,Guaiacum officinale,Guaiacum officinale L.,Zygophyllaceae,Guaiacum,SPECIES,PRESERVED_SPECIMEN,1981-07-19,1981,-69.0904,18.9413,3036,832cb04e-f762-11e1-a439-00145eb45e9a,FTG,Herbarium,08,02,MICHES,080802,874cf3236ffffff
70ac790e-2c2d-4b0d-a2ca-b115cfa76d83,1929359343,Sphagneticola trilobata,Sphagneticola trilobata (L.) Pruski,Asteraceae,Sphagneticola,SPECIES,PRESERVED_SPECIMEN,1981-08-05,1981,-68.98,18.97,NA,d415c253-4d61-4459-9d25-4015b9084fb0,NY,NY,08,02,MICHES,080802,874cf330dffffff
716bbe2a-1d6e-4f84-944d-4e478c05daa2,1929370323,Triumfetta lappula,Triumfetta lappula L.,Malvaceae,Triumfetta,SPECIES,PRESERVED_SPECIMEN,1980-12-18,1980,-69.02,18.97,NA,d415c253-4d61-4459-9d25-4015b9084fb0,NY,NY,08,02,MICHES,080802,874cf331dffffff
71cfae1d-01c0-4fbb-af24-0bb23decde16,1929376059,Entada gigas,Entada gigas (L.) Fawc. & Rendle,Fabaceae,Entada,SPECIES,PRESERVED_SPECIMEN,1981-08-06,1981,-69.02,18.92,NA,d415c253-4d61-4459-9d25-4015b9084fb0,NY,NY,08,02,MICHES,080802,874cf3220ffffff
72ab5743-976c-401a-9ee1-a52963a63462,1929388138,Miconia impetiolaris,Miconia impetiolaris (Sw.) D.Don,Melastomataceae,Miconia,SPECIES,PRESERVED_SPECIMEN,1991-05-12,1991,-69.05,18.93,NA,d415c253-4d61-4459-9d25-4015b9084fb0,NY,NY,08,02,MICHES,080802,874cf3235ffffff
735e249f-01be-466a-818d-99944c21af8f,1929398287,Ceratophyllum demersum,Ceratophyllum demersum L.,Ceratophyllaceae,Ceratophyllum,SPECIES,PRESERVED_SPECIMEN,1981-08-05,1981,-68.85,18.97,NA,d415c253-4d61-4459-9d25-4015b9084fb0,NY,NY,08,02,MICHES,080802,874cc6d96ffffff
73d4b920-1391-431c-9a6c-40c4a4a02c90,1929404124,Euphorbia heterophylla,Euphorbia heterophylla L.,Euphorbiaceae,Euphorbia,SPECIES,PRESERVED_SPECIMEN,1981-01-14,1981,-69.13,18.98,NA,d415c253-4d61-4459-9d25-4015b9084fb0,NY,NY,08,02,MICHES,080802,874cf33aeffffff
746bf206-f80b-446e-863e-7b6680db45a4,1929412451,Calymperes palisotii,Calymperes palisotii Schwägr.,Calymperaceae,Calymperes,SPECIES,PRESERVED_SPECIMEN,1981-03-29,1981,-68.87,18.97,NA,d415c253-4d61-4459-9d25-4015b9084fb0,NY,NY,08,02,MICHES,080802,874cf3365ffffff
74a432a4-db91-4a8c-9d86-d026c3b601ed,1929416190,Asplenium serratum,Asplenium serratum L.,Aspleniaceae,Asplenium,SPECIES,PRESERVED_SPECIMEN,1981-08-06,1981,-69.02,18.92,NA,d415c253-4d61-4459-9d25-4015b9084fb0,NY,NY,08,02,MICHES,080802,874cf3220ffffff
7691A640-BF0B-426D-86AB-08F7C6C63A60,122996985,Rhizophora mangle,Rhizophora mangle L.,Rhizophoraceae,Rhizophora,SPECIES,PRESERVED_SPECIMEN,1981-08-05,1981,-68.85,18.9667,NA,832cb04e-f762-11e1-a439-00145eb45e9a,FTG,Herbarium,08,02,MICHES,080802,874cc6d96ffffff
76CDE10D-0F47-415D-BF93-0E1A98283CFB,1503218883,Pontederia azurea,Eichhornia azurea (Sw.) Kunth,Pontederiaceae,Pontederia,SPECIES,PRESERVED_SPECIMEN,1981-08-05,1981,-68.85,18.9667,NA,af1b4db0-c8ce-4a95-b700-8a6a02bed9d6,USF,Herb,08,02,MICHES,080802,874cc6d96ffffff
7877e25a-adf7-491a-9062-e1a1b8b8d9dd,1929469480,Triumfetta lappula,Triumfetta lappula L.,Malvaceae,Triumfetta,SPECIES,PRESERVED_SPECIMEN,1981-01-13,1981,-68.8,18.97,NA,d415c253-4d61-4459-9d25-4015b9084fb0,NY,NY,08,02,MICHES,080802,874cc6d86ffffff
796633e9-44d7-4819-82a3-bc1f1b5da164,1929483020,Megalastrum martinicense,"Megalastrum martinicense (Spreng.) R.C.Moran, J.Prado & Labiak",Dryopteridaceae,Megalastrum,SPECIES,PRESERVED_SPECIMEN,1967-08-14,1967,-69.03,18.97,NA,d415c253-4d61-4459-9d25-4015b9084fb0,NY,NY,08,02,MICHES,080802,874cf331dffffff
79f93af4-37ed-4d82-bc5c-0a463ddcf5ef,1929490665,Terminalia tetraphylla,Buchenavia tetraphylla (Aubl.) R.A.Howard,Combretaceae,Terminalia,SPECIES,PRESERVED_SPECIMEN,1981-08-05,1981,-68.82,18.97,NA,d415c253-4d61-4459-9d25-4015b9084fb0,NY,NY,08,02,MICHES,080802,874cc6d95ffffff
7bd9706a-4165-457b-a3f5-f410c2f159b8,1929518179,Adiantum petiolatum,Adiantum petiolatum Desv.,Pteridaceae,Adiantum,SPECIES,PRESERVED_SPECIMEN,1981-08-06,1981,-69.02,18.92,NA,d415c253-4d61-4459-9d25-4015b9084fb0,NY,NY,08,02,MICHES,080802,874cf3220ffffff
7c01bd76-324e-4bfc-bf06-40ab569d7966,1929519775,Megalastrum martinicense,"Megalastrum martinicense (Spreng.) R.C.Moran, J.Prado & Labiak",Dryopteridaceae,Megalastrum,SPECIES,PRESERVED_SPECIMEN,1967-08-14,1967,-69.03,18.97,NA,d415c253-4d61-4459-9d25-4015b9084fb0,NY,NY,08,02,MICHES,080802,874cf331dffffff
7c23352c-36e6-4d0b-9739-0ffbdfa3974e,1929521347,Stigmaphyllon bannisterioides,Stigmaphyllon bannisterioides (L.) C.E.Anderson,Malpighiaceae,Stigmaphyllon,SPECIES,PRESERVED_SPECIMEN,1991-10-30,1991,-68.87,18.97,NA,d415c253-4d61-4459-9d25-4015b9084fb0,NY,NY,08,02,MICHES,080802,874cf3365ffffff
7f98b271-4f3f-423d-952a-c7b215c15fe4,1929570525,Calymperes palisotii,Calymperes palisotii Schwägr.,Calymperaceae,Calymperes,SPECIES,PRESERVED_SPECIMEN,1981-03-29,1981,-68.87,18.97,NA,d415c253-4d61-4459-9d25-4015b9084fb0,NY,NY,08,02,MICHES,080802,874cf3365ffffff
81cc8ad1-445d-4940-99d5-863c079ac75b,1929600998,Entada polystachia,Entada polystachia (L.) DC.,Fabaceae,Entada,SPECIES,PRESERVED_SPECIMEN,1991-05-12,1991,-69.05,18.97,NA,d415c253-4d61-4459-9d25-4015b9084fb0,NY,NY,08,02,MICHES,080802,874cf3318ffffff
820F7E8C-2E2D-4F6E-A85A-E2B467131C38,1503218846,Sphenoclea zeylanica,Sphenoclea zeylanica Gaertn.,Sphenocleaceae,Sphenoclea,SPECIES,PRESERVED_SPECIMEN,1981-08-04,1981,-68.85,18.9667,NA,af1b4db0-c8ce-4a95-b700-8a6a02bed9d6,USF,Herb,08,02,MICHES,080802,874cc6d96ffffff
82542838-147d-42c8-8669-cba50c6b6992,1929609386,Hyophila involuta,Hyophila involuta (Hook.) A. Jaeger,Pottiaceae,Hyophila,SPECIES,PRESERVED_SPECIMEN,1981-08-05,1981,-68.85,18.97,NA,d415c253-4d61-4459-9d25-4015b9084fb0,NY,NY,08,02,MICHES,080802,874cc6d96ffffff
8339EBE8-768F-4C10-9A7D-94258CF83945,1655986922,Euphorbia pergamena,Euphorbia adenoptera subsp. pergamena (Small) Oudejans,Euphorbiaceae,Euphorbia,SUBSPECIES,PRESERVED_SPECIMEN,1958-02-02,1958,-69.0904,18.9413,NA,af1b4db0-c8ce-4a95-b700-8a6a02bed9d6,USF,Herb,08,02,MICHES,080802,874cf3236ffffff
841b4130-3342-489f-85f2-799c22f27d0d,1929634065,Cyathea arborea,Cyathea arborea (L.) Sm.,Cyatheaceae,Cyathea,SPECIES,PRESERVED_SPECIMEN,1990-06-28,1990,-69.08,18.95,NA,d415c253-4d61-4459-9d25-4015b9084fb0,NY,NY,08,02,MICHES,080802,874cf33a9ffffff
84408dd3-bad0-4365-b6ae-4c327a451665,1929635757,Saccoloma chartaceum,Saccoloma chartaceum G.B.Nair,Saccolomataceae,Saccoloma,SPECIES,PRESERVED_SPECIMEN,1981-08-06,1981,-69.02,18.92,NA,d415c253-4d61-4459-9d25-4015b9084fb0,NY,NY,08,02,MICHES,080802,874cf3220ffffff
8512B200-84C7-4962-845C-7351269BC3AC,1503207938,Palicourea pubescens,Psychotria pubescens Sw.,Rubiaceae,Palicourea,SPECIES,PRESERVED_SPECIMEN,1981-08-06,1981,-69.0167,18.9167,NA,af1b4db0-c8ce-4a95-b700-8a6a02bed9d6,USF,Herb,08,02,MICHES,080802,874cf3220ffffff
860305c0-4a3c-49e1-8a1f-0baf91241023,1929660367,Dumortiera hirsuta,Dumortiera hirsuta (Sw.) Nees,Dumortieraceae,Dumortiera,SPECIES,PRESERVED_SPECIMEN,1981-08-06,1981,-69.02,18.92,NA,d415c253-4d61-4459-9d25-4015b9084fb0,NY,NY,08,02,MICHES,080802,874cf3220ffffff
872ab7fc-826b-402f-b0d4-0dd92e6b90e6,1929676818,Megalastrum martinicense,"Megalastrum martinicense (Spreng.) R.C.Moran, J.Prado & Labiak",Dryopteridaceae,Megalastrum,SPECIES,PRESERVED_SPECIMEN,1967-08-14,1967,-69.03,18.97,NA,d415c253-4d61-4459-9d25-4015b9084fb0,NY,NY,08,02,MICHES,080802,874cf331dffffff
8781362d-51fa-4623-9143-671ac4c68c72,1929682703,Lepidagathis alopecuroidea,Lepidagathis alopecuroidea (Vahl) R.Br. ex Griseb.,Acanthaceae,Lepidagathis,SPECIES,PRESERVED_SPECIMEN,1981-03-29,1981,-68.83,18.97,NA,d415c253-4d61-4459-9d25-4015b9084fb0,NY,NY,08,02,MICHES,080802,874cc6d90ffffff
87ACCC9A-6532-48A9-90D3-B6A34F10D9EC,122966417,Lantana involucrata,Lantana involucrata L.,Verbenaceae,Lantana,SPECIES,PRESERVED_SPECIMEN,1975-01-03,1975,-69.0904,18.9413,3036,832cb04e-f762-11e1-a439-00145eb45e9a,FTG,Herbarium,08,02,MICHES,080802,874cf3236ffffff
87ab6e61-d133-45d2-a09f-2ef9db83004c,1929683672,Selaginella plana,Selaginella plana (Desv. ex Poir.) Hieron.,Selaginellaceae,Selaginella,SPECIES,PRESERVED_SPECIMEN,1981-04-06,1981,-69,18.93,NA,d415c253-4d61-4459-9d25-4015b9084fb0,NY,NY,08,02,MICHES,080802,874cf3225ffffff
886CDC42-DACD-4C0A-AA82-760F8409802F,1503218847,Annona glabra,Annona glabra L.,Annonaceae,Annona,SPECIES,PRESERVED_SPECIMEN,1981-08-04,1981,-68.85,18.9667,NA,af1b4db0-c8ce-4a95-b700-8a6a02bed9d6,USF,Herb,08,02,MICHES,080802,874cc6d96ffffff
89f9d96c-cd98-4c85-a18f-d7597d8ead86,1929715934,Casearia bicolor,Laetia procera (Poepp.) Eichler,Salicaceae,Casearia,SPECIES,PRESERVED_SPECIMEN,1984-12-26,1984,-69.07,18.97,NA,d415c253-4d61-4459-9d25-4015b9084fb0,NY,NY,08,02,MICHES,080802,874cf331effffff
8B60BE08-FD75-41E9-8CFF-1D9CF5518372,1503218857,Passiflora foetida,Passiflora foetida L.,Passifloraceae,Passiflora,SPECIES,PRESERVED_SPECIMEN,1981-08-04,1981,-68.85,18.9667,NA,af1b4db0-c8ce-4a95-b700-8a6a02bed9d6,USF,Herb,08,02,MICHES,080802,874cc6d96ffffff
8ae7a624-afc3-43c0-b0a7-2717be29c4c0,4533902455,Ageratina altissima,Ageratina altissima var. altissima,Asteraceae,Ageratina,VARIETY,PRESERVED_SPECIMEN,1980-12-18,1980,-68.966667,18.966667,250,453e3294-97ef-4e1c-87cb-1ef7c5351d8e,DEK,,08,02,MICHES,080802,874cf330dffffff
8b803d51-652b-499d-a752-30819117c7bf,1929739307,Lonchocarpus sericeus,Lonchocarpus sericeus (Poir.) Kunth ex DC.,Fabaceae,Lonchocarpus,SPECIES,PRESERVED_SPECIMEN,1981-08-05,1981,-68.85,18.97,NA,d415c253-4d61-4459-9d25-4015b9084fb0,NY,NY,08,02,MICHES,080802,874cc6d96ffffff
8c3e512d-6727-4577-b61e-c73be00bdc10,5833108890,Palicourea crocea,Palicourea crocea (Sw.) Schult.,Rubiaceae,Palicourea,SPECIES,PRESERVED_SPECIMEN,1980-12-18,1980,-69.017525,18.963745,1000,453e3294-97ef-4e1c-87cb-1ef7c5351d8e,DEK,,08,02,MICHES,080802,874cf330affffff
8c474962-250b-49d2-bff3-fa8eaf7db113,1929748949,Asplenium cuneatum,Asplenium cuneatum Lam.,Aspleniaceae,Asplenium,SPECIES,PRESERVED_SPECIMEN,1981-08-06,1981,-69.02,18.92,NA,d415c253-4d61-4459-9d25-4015b9084fb0,NY,NY,08,02,MICHES,080802,874cf3220ffffff
8f15c369-2e2d-4142-b887-0d347e34d676,1929788164,Morinda citrifolia,Morinda citrifolia L.,Rubiaceae,Morinda,SPECIES,PRESERVED_SPECIMEN,1981-08-05,1981,-68.85,18.97,NA,d415c253-4d61-4459-9d25-4015b9084fb0,NY,NY,08,02,MICHES,080802,874cc6d96ffffff
8fa75061-9985-42cd-a3a3-0813211ec6ac,1929797339,Adiantum petiolatum,Adiantum petiolatum Desv.,Pteridaceae,Adiantum,SPECIES,PRESERVED_SPECIMEN,1981-08-06,1981,-69.02,18.92,NA,d415c253-4d61-4459-9d25-4015b9084fb0,NY,NY,08,02,MICHES,080802,874cf3220ffffff
92C72D54-F572-44B9-8128-CDA71C9787C1,1503214886,Physalis pubescens,Physalis pubescens L.,Solanaceae,Physalis,SPECIES,PRESERVED_SPECIMEN,1972-06-13,1972,-69,18.9167,NA,af1b4db0-c8ce-4a95-b700-8a6a02bed9d6,USF,Herb,08,02,MICHES,080802,874cf3221ffffff
92c143a4-0cea-4e68-b011-1ee424f78f62,1304587530,Oryza sativa,Oryza sativa L.,Poaceae,Oryza,SPECIES,OCCURRENCE,1981-01-14,1981,-69.133333,18.983333,NA,07044577-bd82-4089-9f3a-f4a9d2170b2e,Bioversity,,08,02,MICHES,080802,874cf33a3ffffff
935A369E-1BF3-4EC7-AFAA-44C118903516,1503218861,Solanum mammosum,Solanum mammosum L.,Solanaceae,Solanum,SPECIES,PRESERVED_SPECIMEN,1981-08-04,1981,-69.047,18.983,NA,af1b4db0-c8ce-4a95-b700-8a6a02bed9d6,USF,Herb,08,02,MICHES,080802,874cf331cffffff
935a7147-a5be-43e8-be21-4e9516f901db,1929848197,Peperomia rotundifolia,Peperomia rotundifolia (L.) Kunth,Piperaceae,Peperomia,SPECIES,PRESERVED_SPECIMEN,1981-08-06,1981,-69.02,18.92,NA,d415c253-4d61-4459-9d25-4015b9084fb0,NY,NY,08,02,MICHES,080802,874cf3220ffffff
93c9af5c-bae0-43c7-acd1-78ca28a1b5c5,1929854517,Coffea arabica,Coffea arabica L.,Rubiaceae,Coffea,SPECIES,PRESERVED_SPECIMEN,1986-01-29,1986,-69.03,18.95,NA,d415c253-4d61-4459-9d25-4015b9084fb0,NY,NY,08,02,MICHES,080802,874cf3319ffffff
94236da0-ec98-417f-b3d9-6572cd9bf711,4079747415,Werauhia sintenisii,Werauhia sintenisii (Baker) J.R.Grant,Bromeliaceae,Werauhia,SPECIES,PRESERVED_SPECIMEN,,NA,-69.046241,18.983056,918,3b040a48-deae-485c-95b1-2ac80b7fdc54,IIBZ,USD,08,02,MICHES,080802,874cf331cffffff
9453f90d-90e5-44f9-9c14-830ead719bc0,1304608886,Solanum jamaicense,Solanum jamaicense Mill.,Solanaceae,Solanum,SPECIES,OCCURRENCE,1981-08-04,1981,-68.85,18.966667,NA,07044577-bd82-4089-9f3a-f4a9d2170b2e,Bioversity,,08,02,MICHES,080802,874cc6d96ffffff
9562ac49-761e-4969-a855-75faa7097828,1929876964,Hamelia axillaris,Hamelia axillaris Sw.,Rubiaceae,Hamelia,SPECIES,PRESERVED_SPECIMEN,1981-04-06,1981,-69,18.93,NA,d415c253-4d61-4459-9d25-4015b9084fb0,NY,NY,08,02,MICHES,080802,874cf3225ffffff
95705872-67d7-413d-95a5-e41b0e222e7f,1929877757,Calymperes palisotii,Calymperes palisotii Schwägr.,Calymperaceae,Calymperes,SPECIES,PRESERVED_SPECIMEN,1981-03-29,1981,-68.87,18.97,NA,d415c253-4d61-4459-9d25-4015b9084fb0,NY,NY,08,02,MICHES,080802,874cf3365ffffff
95a497db-5603-4abd-a575-1dd11333c7a9,5886630058,Citharexylum spinosum,Citharexylum spinosum L.,Verbenaceae,Citharexylum,SPECIES,PRESERVED_SPECIMEN,1980-12-18,1980,-68.939575,19.011383,2300,453e3294-97ef-4e1c-87cb-1ef7c5351d8e,DEK,,08,02,MICHES,080802,874cf3adeffffff
96831de4-57da-4848-8ccd-5145c3ecd52f,1929892882,Quararibea turbinata,Quararibea turbinata (Sw.) Poir.,Malvaceae,Quararibea,SPECIES,PRESERVED_SPECIMEN,1984-12-26,1984,-69.07,18.97,NA,d415c253-4d61-4459-9d25-4015b9084fb0,NY,NY,08,02,MICHES,080802,874cf331effffff
96c3587e-e92a-47e6-8785-33fb4068b0a2,1929896478,Henicodium geniculatum,Henicodium geniculatum (Mitt.) W.R. Buck,Pterobryaceae,Henicodium,SPECIES,PRESERVED_SPECIMEN,1981-03-29,1981,-68.87,18.97,NA,d415c253-4d61-4459-9d25-4015b9084fb0,NY,NY,08,02,MICHES,080802,874cf3365ffffff
96c98ec5-be82-436c-8467-23929612e779,1929897007,Adenanthera pavonina,Adenanthera pavonina L.,Fabaceae,Adenanthera,SPECIES,PRESERVED_SPECIMEN,1990-06-28,1990,-69.05,18.93,NA,d415c253-4d61-4459-9d25-4015b9084fb0,NY,NY,08,02,MICHES,080802,874cf3235ffffff
977a0ad6-58fd-4358-9566-d067a10d50c1,1929907013,Zingiber zerumbet,Zingiber zerumbet (L.) Roscoe ex Sm.,Zingiberaceae,Zingiber,SPECIES,PRESERVED_SPECIMEN,1982-09-15,1982,-69.08,18.95,NA,d415c253-4d61-4459-9d25-4015b9084fb0,NY,NY,08,02,MICHES,080802,874cf33a9ffffff
97aef0a4-c1c4-49a6-88e0-4cccccb415fd,1929909837,Macrothelypteris torresiana,Thelypteris torresiana (Gaudich.) Alston,Thelypteridaceae,Macrothelypteris,SPECIES,PRESERVED_SPECIMEN,1981-08-06,1981,-69.02,18.92,NA,d415c253-4d61-4459-9d25-4015b9084fb0,NY,NY,08,02,MICHES,080802,874cf3220ffffff
97dae809-f18a-4b6c-b473-5cc584f429b5,1929911731,Adenanthera pavonina,Adenanthera pavonina L.,Fabaceae,Adenanthera,SPECIES,PRESERVED_SPECIMEN,1990-06-28,1990,-69.05,18.93,NA,d415c253-4d61-4459-9d25-4015b9084fb0,NY,NY,08,02,MICHES,080802,874cf3235ffffff
981ad3de-db52-41ea-9357-a6b25ab70521,1304608711,Solanum capsicoides,Solanum capsicoides All.,Solanaceae,Solanum,SPECIES,OCCURRENCE,1988-06-15,1988,-69.033333,18.916667,NA,07044577-bd82-4089-9f3a-f4a9d2170b2e,Bioversity,,08,02,MICHES,080802,874cf3222ffffff
986DDDAB-A688-42F8-A2C5-EB6E3CD98C75,122991987,Cubanola domingensis,Portlandia domingensis Britton,Rubiaceae,Cubanola,SPECIES,PRESERVED_SPECIMEN,1981-08-06,1981,-69.0167,18.9167,NA,832cb04e-f762-11e1-a439-00145eb45e9a,FTG,Herbarium,08,02,MICHES,080802,874cf3220ffffff
99dff8f2-b249-4d13-bab3-e4e656279850,1929940238,Cyathula achyranthoides,Cyathula achyranthoides (Kunth) Moq.,Amaranthaceae,Cyathula,SPECIES,PRESERVED_SPECIMEN,1984-12-26,1984,-69.07,18.97,NA,d415c253-4d61-4459-9d25-4015b9084fb0,NY,NY,08,02,MICHES,080802,874cf331effffff
9E216BE3-02FF-4537-9B76-C2DEF870036A,1503218807,Machaerium lunatum,Machaerium lunatum (L.f.) Ducke,Fabaceae,Machaerium,SPECIES,PRESERVED_SPECIMEN,1981-08-04,1981,-68.85,18.9667,NA,af1b4db0-c8ce-4a95-b700-8a6a02bed9d6,USF,Herb,08,02,MICHES,080802,874cc6d96ffffff
9b37a409-d2df-4579-9365-5f096cafbdf1,1929959075,Didymopanax morototoni,"Schefflera morototoni (Aubl.) Maguire, Steyerm. & Frodin",Araliaceae,Didymopanax,SPECIES,PRESERVED_SPECIMEN,1981-08-05,1981,-68.97,18.97,NA,d415c253-4d61-4459-9d25-4015b9084fb0,NY,NY,08,02,MICHES,080802,874cf330dffffff
9c3fa07f-c72d-4ab1-a4c7-a67f09f86ac1,1929973835,Sabdariffa bifurcata,Hibiscus bifurcatus Cav.,Malvaceae,Sabdariffa,SPECIES,PRESERVED_SPECIMEN,1980-12-18,1980,-69.02,18.97,NA,d415c253-4d61-4459-9d25-4015b9084fb0,NY,NY,08,02,MICHES,080802,874cf331dffffff
9db875fb-27de-4092-b00c-3274081eb178,1929994582,Fissidens yucatanensis,Fissidens yucatanensis Steere,Fissidentaceae,Fissidens,SPECIES,PRESERVED_SPECIMEN,1981-03-29,1981,-68.87,18.97,NA,d415c253-4d61-4459-9d25-4015b9084fb0,NY,NY,08,02,MICHES,080802,874cf3365ffffff
A01BA629-B96D-4D60-95D5-C9A2A5ECCF9F,1503207939,Selaginella plana,Selaginella plana (Desv. ex Poir.) Hieron.,Selaginellaceae,Selaginella,SPECIES,PRESERVED_SPECIMEN,1981-08-06,1981,-69,18.9333,NA,af1b4db0-c8ce-4a95-b700-8a6a02bed9d6,USF,Herb,08,02,MICHES,080802,874cf3225ffffff
A2EE9CF1-2625-4383-9005-AA65CCE83149,1503218880,Acalypha alopecuroidea,Acalypha alopecuroidea Jacq.,Euphorbiaceae,Acalypha,SPECIES,PRESERVED_SPECIMEN,1981-08-04,1981,-68.85,18.9667,NA,af1b4db0-c8ce-4a95-b700-8a6a02bed9d6,USF,Herb,08,02,MICHES,080802,874cc6d96ffffff
A98999C0-5EAF-4E44-ABAF-7D8E2850CE3D,1503218805,Chrysobalanus icaco,Chrysobalanus icaco L.,Chrysobalanaceae,Chrysobalanus,SPECIES,PRESERVED_SPECIMEN,1981-08-05,1981,-68.85,18.9667,NA,af1b4db0-c8ce-4a95-b700-8a6a02bed9d6,USF,Herb,08,02,MICHES,080802,874cc6d96ffffff
B0EC103D-1BA5-4449-A861-4A4F2FB76245,1503218792,Annona montana,Annona montana Macfad.,Annonaceae,Annona,SPECIES,PRESERVED_SPECIMEN,1981-08-06,1981,-69.0167,18.9167,NA,af1b4db0-c8ce-4a95-b700-8a6a02bed9d6,USF,Herb,08,02,MICHES,080802,874cf3220ffffff
B8C63679-12E8-4913-9E45-FAC69EF0D147,122987873,Piper samanense,Piper samanense Urb.,Piperaceae,Piper,SPECIES,PRESERVED_SPECIMEN,1980-05-28,1980,-69.0042,19.0049,NA,832cb04e-f762-11e1-a439-00145eb45e9a,FTG,Herbarium,08,02,MICHES,080802,874cf3305ffffff
B98110FB-2CCE-4E8A-BED9-9794D46577E8,122918407,Casearia arborea,Casearia arborea (Rich.) Urb.,Salicaceae,Casearia,SPECIES,PRESERVED_SPECIMEN,1988-06-15,1988,-69.0333,18.9167,NA,832cb04e-f762-11e1-a439-00145eb45e9a,FTG,Herbarium,08,02,MICHES,080802,874cf3222ffffff
C42088F0-F914-444F-A452-9B1CA01238B9,123009928,Solanum jamaicense,Solanum jamaicense Mill.,Solanaceae,Solanum,SPECIES,PRESERVED_SPECIMEN,1981-08-04,1981,-68.85,18.9667,NA,832cb04e-f762-11e1-a439-00145eb45e9a,FTG,Herbarium,08,02,MICHES,080802,874cc6d96ffffff
CE3987C2-4A86-4B19-9C0B-06E4C7F86708,122974675,Microtea debilis,Microtea debilis Sw.,Microteaceae,Microtea,SPECIES,PRESERVED_SPECIMEN,1981-01-13,1981,-68.8,18.9667,NA,832cb04e-f762-11e1-a439-00145eb45e9a,FTG,Herbarium,08,02,MICHES,080802,874cc6d86ffffff
D92CFB9E-6522-41E1-A8C7-70CE684425E9,122966983,Piper peltatum,Lepianthes peltata (L.) Raf.,Piperaceae,Piper,SPECIES,PRESERVED_SPECIMEN,1980-12-18,1980,-68.9667,18.9667,NA,832cb04e-f762-11e1-a439-00145eb45e9a,FTG,Herbarium,08,02,MICHES,080802,874cf330dffffff
DCBE2961-D4CE-4033-9C2A-86A7267A0396,122993509,Palicourea Aubl.,Palicourea Aubl.,Rubiaceae,Palicourea,GENUS,PRESERVED_SPECIMEN,1981-08-06,1981,-69.0167,18.9167,NA,832cb04e-f762-11e1-a439-00145eb45e9a,FTG,Herbarium,08,02,MICHES,080802,874cf3220ffffff
E979B2C0-602C-4157-979C-343475948692,123009922,Solanum jamaicense,Solanum jamaicense Mill.,Solanaceae,Solanum,SPECIES,PRESERVED_SPECIMEN,1981-08-04,1981,-68.85,18.9667,NA,832cb04e-f762-11e1-a439-00145eb45e9a,FTG,Herbarium,08,02,MICHES,080802,874cc6d96ffffff
EE666306-643F-4238-8280-D7C1C4803A76,1503218804,Cissus erosa,Cissus erosa (L.) Rich.,Vitaceae,Cissus,SPECIES,PRESERVED_SPECIMEN,1981-08-05,1981,-68.9833,18.9667,NA,af1b4db0-c8ce-4a95-b700-8a6a02bed9d6,USF,Herb,08,02,MICHES,080802,874cf330dffffff
S:VascularPlants:S15-65404,2618388055,Cyathea arborea,Cyathea arborea (L.) Sm.,Cyatheaceae,Cyathea,SPECIES,PRESERVED_SPECIMEN,1990-06-28,1990,-69.083333,18.95,NA,0943f690-fde5-11dd-83f4-b8a03c50a862,S,VascularPlants,08,02,MICHES,080802,874cf33a9ffffff
S:VascularPlants:S17-42072,2618425072,Isocarpha oppositifolia,Isocarpha oppositifolia (L.) Cass.,Asteraceae,Isocarpha,SPECIES,PRESERVED_SPECIMEN,1986-01-29,1986,-69.033333,18.983333,NA,0943f690-fde5-11dd-83f4-b8a03c50a862,S,VascularPlants,08,02,MICHES,080802,874cf3303ffffff
S:VascularPlants:S18-21712,2618613488,Tabernaemontana citrifolia,Tabernaemontana citrifolia L.,Apocynaceae,Tabernaemontana,SPECIES,PRESERVED_SPECIMEN,1991-10-30,1991,-68.866667,18.966667,NA,0943f690-fde5-11dd-83f4-b8a03c50a862,S,VascularPlants,08,02,MICHES,080802,874cf3365ffffff
S:VascularPlants:S26-17319,6393625383,Adiantum obliquum,Adiantum obliquum Willd.,Pteridaceae,Adiantum,SPECIES,PRESERVED_SPECIMEN,1988-06-15,1988,-69.033333,18.95,NA,0943f690-fde5-11dd-83f4-b8a03c50a862,S,VascularPlants,08,02,MICHES,080802,874cf3319ffffff
UCJEPS:UC:UC1462573,4856301666,Chondria littoralis,Chondria littoralis,Rhodomelaceae,Chondria,SPECIES,PRESERVED_SPECIMEN,,NA,-69.02874,18.984862,3763,e3dca178-5cef-456e-b3b0-6dc4b02bbd16,,UC,08,02,MICHES,080802,874cf3303ffffff
UCJEPS:UC:UC1462607,4856301675,Liagoropsis schrammii,"Liagoropsis schrammii (P.L.Crouan & H.M.Crouan) Doty & I.A.Abbott, 1964",Liagoraceae,Liagoropsis,SPECIES,PRESERVED_SPECIMEN,,NA,-69.02874,18.984862,3763,e3dca178-5cef-456e-b3b0-6dc4b02bbd16,,UC,08,02,MICHES,080802,874cf3303ffffff
UCJEPS:UC:UC1954442,4856542558,Dendropemon bicolor,Dendropemon bicolor Krug & Urb.,Loranthaceae,Dendropemon,SPECIES,PRESERVED_SPECIMEN,1981-08-05,1981,-68.85,18.966667,NA,83a49751-4282-481e-a847-1c5c224a0551,,UC,08,02,MICHES,080802,874cc6d96ffffff
UCJEPS:UC:UC1954448,4857041768,Dendropemon bicolor,Dendropemon bicolor Krug & Urb.,Loranthaceae,Dendropemon,SPECIES,PRESERVED_SPECIMEN,1981-08-05,1981,-68.85,18.966667,NA,83a49751-4282-481e-a847-1c5c224a0551,,UC,08,02,MICHES,080802,874cc6d96ffffff
a01fae02-5f56-4388-83bc-54fb83d45aab,4079748191,Dalbergia ecastaphyllum,Dalbergia ecastaphyllum (L.) Taub.,Fabaceae,Dalbergia,SPECIES,PRESERVED_SPECIMEN,1973-06-21,1973,-69.046241,18.983056,918,3b040a48-deae-485c-95b1-2ac80b7fdc54,IIBZ,USD,08,02,MICHES,080802,874cf331cffffff
a0322295-0bd9-48a2-a52a-94128c49aabc,1930029600,Lonchocarpus sericeus,Lonchocarpus domingensis (Turpin ex Pers.) DC.,Fabaceae,Lonchocarpus,SPECIES,PRESERVED_SPECIMEN,1991-05-12,1991,-69.05,18.97,NA,d415c253-4d61-4459-9d25-4015b9084fb0,NY,NY,08,02,MICHES,080802,874cf3318ffffff
a34419e7-437b-499b-87e7-c98a7cb8eb61,1930075980,Rhynchospora corymbosa,Rhynchospora corymbosa (L.) Britton,Cyperaceae,Rhynchospora,SPECIES,PRESERVED_SPECIMEN,1981-01-14,1981,-69.13,18.98,NA,d415c253-4d61-4459-9d25-4015b9084fb0,NY,NY,08,02,MICHES,080802,874cf33aeffffff
a3a31f8b-077e-49f3-abc3-b201ed737157,1930081325,Critonia aromatisans,Critonia aromatisans (DC.) R.M.King & H.Rob.,Asteraceae,Critonia,SPECIES,PRESERVED_SPECIMEN,1990-06-28,1990,-69.05,18.92,NA,d415c253-4d61-4459-9d25-4015b9084fb0,NY,NY,08,02,MICHES,080802,874cf3231ffffff
a75ac185-2ec4-4de6-8911-6e2c0985a131,1302550204,Manihot brachyloba,Manihot brachyloba Müll.Arg.,Euphorbiaceae,Manihot,SPECIES,OCCURRENCE,,NA,-69,18.9,NA,07044577-bd82-4089-9f3a-f4a9d2170b2e,CIAT,,08,02,MICHES,080802,874cf322effffff
a776d4ad-a17a-4cf5-9824-d568e5ea6529,1930138491,Thuidium urceolatum,Thuidium urceolatum Lorentz,Thuidiaceae,Thuidium,SPECIES,PRESERVED_SPECIMEN,1981-08-06,1981,-69.02,18.92,NA,d415c253-4d61-4459-9d25-4015b9084fb0,NY,NY,08,02,MICHES,080802,874cf3220ffffff
a77b03b0-7d34-4f3d-8323-ae354de133d1,1930134669,Cochlospermum vitifolium,Cochlospermum vitifolium (Willd.) Spreng.,Bixaceae,Cochlospermum,SPECIES,PRESERVED_SPECIMEN,1980-12-18,1980,-69.02,18.97,NA,d415c253-4d61-4459-9d25-4015b9084fb0,NY,NY,08,02,MICHES,080802,874cf331dffffff
a78f73a0-8128-4712-a8c2-a945d952c353,1930135772,Sauvagesia erecta,Sauvagesia erecta L.,Ochnaceae,Sauvagesia,SPECIES,PRESERVED_SPECIMEN,1992-07-05,1992,-69.12,18.92,NA,d415c253-4d61-4459-9d25-4015b9084fb0,NY,NY,08,02,MICHES,080802,874cf3388ffffff
aa20c473-339e-4233-80c4-1d332cd08a04,1930173374,Miconia crenata,Clidemia hirta (L.) D.Don,Melastomataceae,Miconia,SPECIES,PRESERVED_SPECIMEN,1980-12-18,1980,-68.97,18.97,NA,d415c253-4d61-4459-9d25-4015b9084fb0,NY,NY,08,02,MICHES,080802,874cf330dffffff
aa7418f8-401e-40c4-b317-119437f574ae,1930177512,Manihot brachyloba,Manihot brachyloba Müll.Arg.,Euphorbiaceae,Manihot,SPECIES,PRESERVED_SPECIMEN,1984-12-26,1984,-69.07,18.97,NA,d415c253-4d61-4459-9d25-4015b9084fb0,NY,NY,08,02,MICHES,080802,874cf331effffff
ab2c5b3a-fd5a-4327-8e7a-d5794938471c,4533904219,Iresine diffusa,Iresine diffusa Humb. & Bonpl. ex Willd.,Amaranthaceae,Iresine,SPECIES,PRESERVED_SPECIMEN,1980-12-18,1980,-68.969788,18.973819,2305,453e3294-97ef-4e1c-87cb-1ef7c5351d8e,DEK,,08,02,MICHES,080802,874cf330dffffff
ab62eacc-9393-46fa-99bd-7b4211f79fef,1457802184,Miconia impetiolaris,Miconia impetiolaris (Sw.) D.Don,Melastomataceae,Miconia,SPECIES,PRESERVED_SPECIMEN,1991-05-12,1991,-69.05,18.933333,NA,b89d52a2-861d-4388-adad-c0da3d55fc78,UF,,08,02,MICHES,080802,874cf3235ffffff
ada53850-6e7e-4319-af5d-4382ef46158a,1930222608,Byrsonima spicata,Byrsonima spicata (Cav.) DC.,Malpighiaceae,Byrsonima,SPECIES,PRESERVED_SPECIMEN,1981-08-05,1981,-68.82,18.97,NA,d415c253-4d61-4459-9d25-4015b9084fb0,NY,NY,08,02,MICHES,080802,874cc6d95ffffff
ae1f1e06-731c-4628-8b53-05585f585680,1930229475,Spiracantha cornifolia,Spiracantha cornifolia Kunth,Asteraceae,Spiracantha,SPECIES,PRESERVED_SPECIMEN,1986-01-29,1986,-69.13,18.98,NA,d415c253-4d61-4459-9d25-4015b9084fb0,NY,NY,08,02,MICHES,080802,874cf33aeffffff
afa7e34b-386a-4922-a6c0-344ff82c4826,1930250421,Palicourea brachiata,Psychotria brachiata Sw.,Rubiaceae,Palicourea,SPECIES,PRESERVED_SPECIMEN,1984-12-26,1984,-69.07,18.97,NA,d415c253-4d61-4459-9d25-4015b9084fb0,NY,NY,08,02,MICHES,080802,874cf331effffff
b174def1-f139-4be3-b130-3bf978c8234c,1930275594,Bignonia aequinoctialis,Bignonia aequinoctialis L.,Bignoniaceae,Bignonia,SPECIES,PRESERVED_SPECIMEN,1981-08-05,1981,-68.85,18.97,NA,d415c253-4d61-4459-9d25-4015b9084fb0,NY,NY,08,02,MICHES,080802,874cc6d96ffffff
b218330e-6d29-44e4-a283-439765a1a8bc,1930285740,Epidendrum boricuarum,Epidendrum boricuarum Hágsater & L.Sánchez,Orchidaceae,Epidendrum,SPECIES,PRESERVED_SPECIMEN,1980-12-18,1980,-69.02,18.97,NA,d415c253-4d61-4459-9d25-4015b9084fb0,NY,NY,08,02,MICHES,080802,874cf331dffffff
b2f87389-5138-4e8c-893d-a628a5c0fe83,1930297163,Syngonium podophyllum,Syngonium podophyllum Schott,Araceae,Syngonium,SPECIES,PRESERVED_SPECIMEN,1981-01-13,1981,-68.8,18.97,NA,d415c253-4d61-4459-9d25-4015b9084fb0,NY,NY,08,02,MICHES,080802,874cc6d86ffffff
b2ff104f-f4dc-4119-9eaf-0fb3d96c31e4,1930297881,Asplenium serratum,Asplenium serratum L.,Aspleniaceae,Asplenium,SPECIES,PRESERVED_SPECIMEN,1981-08-06,1981,-69.02,18.92,NA,d415c253-4d61-4459-9d25-4015b9084fb0,NY,NY,08,02,MICHES,080802,874cf3220ffffff
b4f5b6e3-98f8-4523-b3ab-e8407468b1a6,1930325537,Panicum trichoides,Panicum trichoides Sw.,Poaceae,Panicum,SPECIES,PRESERVED_SPECIMEN,1981-01-14,1981,-69.13,18.98,NA,d415c253-4d61-4459-9d25-4015b9084fb0,NY,NY,08,02,MICHES,080802,874cf33aeffffff
b62a8262-c795-41bf-aab5-63c285605810,1930342474,Allamanda cathartica,Allamanda cathartica L.,Apocynaceae,Allamanda,SPECIES,PRESERVED_SPECIMEN,1981-08-06,1981,-69,18.95,NA,d415c253-4d61-4459-9d25-4015b9084fb0,NY,NY,08,02,MICHES,080802,874cf330bffffff
b7126952-053d-4d42-8ee8-546eab9a9d8b,1930356093,Syrrhopodon parasiticus,Syrrhopodon parasiticus (Sw. ex Brid.) Besch.,Calymperaceae,Syrrhopodon,SPECIES,PRESERVED_SPECIMEN,1981-03-29,1981,-68.87,18.97,NA,d415c253-4d61-4459-9d25-4015b9084fb0,NY,NY,08,02,MICHES,080802,874cf3365ffffff
b7f3d4dd-4fa3-43a0-912c-d3d4faded256,1930367690,Fimbristylis dichotoma,Fimbristylis dichotoma (L.) Vahl,Cyperaceae,Fimbristylis,SPECIES,PRESERVED_SPECIMEN,1981-01-14,1981,-69.13,18.98,NA,d415c253-4d61-4459-9d25-4015b9084fb0,NY,NY,08,02,MICHES,080802,874cf33aeffffff
b9c4604c-3427-48d6-932c-bb82e6ac4cd0,1930393937,Adiantum latifolium,Adiantum latifolium Lam.,Pteridaceae,Adiantum,SPECIES,PRESERVED_SPECIMEN,1980-12-18,1980,-69.02,18.97,NA,d415c253-4d61-4459-9d25-4015b9084fb0,NY,NY,08,02,MICHES,080802,874cf331dffffff
bada48ca-a735-46e4-8db3-fcc2a82bd138,1930409088,Cenchrus echinatus,Cenchrus echinatus L.,Poaceae,Cenchrus,SPECIES,PRESERVED_SPECIMEN,1981-08-05,1981,-68.85,18.97,NA,d415c253-4d61-4459-9d25-4015b9084fb0,NY,NY,08,02,MICHES,080802,874cc6d96ffffff
bcee5aac-231f-493a-9cbc-e046b3caac6f,1930438932,Adiantum petiolatum,Adiantum petiolatum Desv.,Pteridaceae,Adiantum,SPECIES,PRESERVED_SPECIMEN,1981-08-06,1981,-69.02,18.92,NA,d415c253-4d61-4459-9d25-4015b9084fb0,NY,NY,08,02,MICHES,080802,874cf3220ffffff
be6ef864-16be-4b4f-9dec-b8d5cf0472c6,1930460139,Dalbergia ecastaphyllum,Dalbergia ecastaphyllum (L.) Taub.,Fabaceae,Dalbergia,SPECIES,PRESERVED_SPECIMEN,1981-08-05,1981,-68.85,18.97,NA,d415c253-4d61-4459-9d25-4015b9084fb0,NY,NY,08,02,MICHES,080802,874cc6d96ffffff
bf1bad7c-bf69-4996-a174-caa650f01dcd,1930469756,Vesicularia vesicularis,Vesicularia vesicularis var. rutilans (Brid.) W.R. Buck,Hypnaceae,Vesicularia,VARIETY,PRESERVED_SPECIMEN,1981-08-06,1981,-69.02,18.92,NA,d415c253-4d61-4459-9d25-4015b9084fb0,NY,NY,08,02,MICHES,080802,874cf3220ffffff
bf42f78e-3b20-4ed5-ab68-03f9165ae05d,1930471619,Danaea nodosa,Danaea nodosa (L.) Sm.,Marattiaceae,Danaea,SPECIES,PRESERVED_SPECIMEN,1981-08-06,1981,-69.02,18.92,NA,d415c253-4d61-4459-9d25-4015b9084fb0,NY,NY,08,02,MICHES,080802,874cf3220ffffff
bf815e36-5523-437e-a2e3-9dc4c4daaf80,5074157321,Triumfetta bogotensis,Triumfetta bogotensis DC.,Malvaceae,Triumfetta,SPECIES,PRESERVED_SPECIMEN,1980-12-18,1980,-68.939575,19.011383,2300,453e3294-97ef-4e1c-87cb-1ef7c5351d8e,DEK,,08,02,MICHES,080802,874cf3adeffffff
bfcc0d8b-e29f-4709-b53d-911bfa03452e,1930479249,Piper peltatum,Piper peltatum L.,Piperaceae,Piper,SPECIES,PRESERVED_SPECIMEN,1981-08-06,1981,-69.02,18.92,NA,d415c253-4d61-4459-9d25-4015b9084fb0,NY,NY,08,02,MICHES,080802,874cf3220ffffff
bfd3e743-3965-487a-befd-3c9c333b793c,1930480624,Calymperes afzelii,Calymperes afzelii Sw.,Calymperaceae,Calymperes,SPECIES,PRESERVED_SPECIMEN,1981-08-06,1981,-69.02,18.92,NA,d415c253-4d61-4459-9d25-4015b9084fb0,NY,NY,08,02,MICHES,080802,874cf3220ffffff
c0d5f67b-f099-4f3f-b477-dc44d6e099ea,1930495218,Thuidium urceolatum,Thuidium urceolatum Lorentz,Thuidiaceae,Thuidium,SPECIES,PRESERVED_SPECIMEN,1981-08-06,1981,-69,18.93,NA,d415c253-4d61-4459-9d25-4015b9084fb0,NY,NY,08,02,MICHES,080802,874cf3225ffffff
c1815354-e0c7-4a6d-9278-9da4cfb80ab3,2028417183,Liagoropsis schrammii,"Liagoropsis schrammii (P.L.Crouan & H.M.Crouan) Doty & I.A.Abbott, 1964",Liagoraceae,Liagoropsis,SPECIES,PRESERVED_SPECIMEN,1977-07-11,1977,-69.047598,18.983643,3000,31b346f9-1a91-4688-af40-5a50a261c572,DUKE,,08,02,MICHES,080802,874cf331cffffff
c2c8330a-4756-40f6-a4bd-6b33109475f5,1930521757,Entada gigas,Entada gigas (L.) Fawc. & Rendle,Fabaceae,Entada,SPECIES,PRESERVED_SPECIMEN,1981-08-06,1981,-69.02,18.92,NA,d415c253-4d61-4459-9d25-4015b9084fb0,NY,NY,08,02,MICHES,080802,874cf3220ffffff
c2d674ea-45ab-40d9-8ecd-11a6a2fb6bf4,1930522363,Adiantum latifolium,Adiantum latifolium Lam.,Pteridaceae,Adiantum,SPECIES,PRESERVED_SPECIMEN,1988-06-15,1988,-69.03,18.95,NA,d415c253-4d61-4459-9d25-4015b9084fb0,NY,NY,08,02,MICHES,080802,874cf3319ffffff
c2f4b0d1-6da5-458a-a53f-85e20d749ef4,1930524515,Ananthacorus angustifolius,Ananthacorus angustifolius (Sw.) Underw. & Maxon,Pteridaceae,Ananthacorus,SPECIES,PRESERVED_SPECIMEN,1981-08-06,1981,-69.02,18.92,NA,d415c253-4d61-4459-9d25-4015b9084fb0,NY,NY,08,02,MICHES,080802,874cf3220ffffff
c309281e-dbdc-4252-a1b0-4af8bfd0076f,1930526181,Paspalum virgatum,Paspalum virgatum L.,Poaceae,Paspalum,SPECIES,PRESERVED_SPECIMEN,1981-01-14,1981,-69.13,18.98,NA,d415c253-4d61-4459-9d25-4015b9084fb0,NY,NY,08,02,MICHES,080802,874cf33aeffffff
c58a0fda-bb57-48e7-be8e-89eb70b1f47a,1930560461,Turnera ulmifolia,Turnera ulmifolia L.,Passifloraceae,Turnera,SPECIES,PRESERVED_SPECIMEN,1980-12-18,1980,-68.97,18.97,NA,d415c253-4d61-4459-9d25-4015b9084fb0,NY,NY,08,02,MICHES,080802,874cf330dffffff
c60ab378-7c96-42dd-b0a7-0246fa4ed93a,1930567731,Asplenium abscissum,Asplenium abscissum Willd.,Aspleniaceae,Asplenium,SPECIES,PRESERVED_SPECIMEN,1981-08-06,1981,-69.02,18.92,NA,d415c253-4d61-4459-9d25-4015b9084fb0,NY,NY,08,02,MICHES,080802,874cf3220ffffff
c76dfd9f-0fcc-42ab-88e2-4fdc20d686d5,5139226782,Microtea debilis,Microtea debilis Sw.,Microteaceae,Microtea,SPECIES,PRESERVED_SPECIMEN,1981-01-13,1981,-68.812016,18.954653,500,453e3294-97ef-4e1c-87cb-1ef7c5351d8e,DEK,,08,02,MICHES,080802,874cc6d91ffffff
c76f17aa-52d7-4bba-aa26-2feb8da5c158,1930587214,Cyperus odoratus,Cyperus odoratus L.,Cyperaceae,Cyperus,SPECIES,PRESERVED_SPECIMEN,1981-01-14,1981,-69.13,18.98,NA,d415c253-4d61-4459-9d25-4015b9084fb0,NY,NY,08,02,MICHES,080802,874cf33aeffffff
ca43bb9e-e79b-49b7-b410-429c5e2d73f8,1930627077,Malvaviscus penduliflorus,Malvaviscus penduliflorus DC.,Malvaceae,Malvaviscus,SPECIES,PRESERVED_SPECIMEN,1980-12-18,1980,-69.02,18.97,NA,d415c253-4d61-4459-9d25-4015b9084fb0,NY,NY,08,02,MICHES,080802,874cf331dffffff
ce4b07d5-1599-401d-b75d-3b8d641a0057,1930684446,Entodontopsis cultelliformis,Eulacophyllum cultelliforme (Sull.) W.R. Buck & Ireland,Stereophyllaceae,Entodontopsis,SPECIES,PRESERVED_SPECIMEN,1981-08-05,1981,-68.85,18.97,NA,d415c253-4d61-4459-9d25-4015b9084fb0,NY,NY,08,02,MICHES,080802,874cc6d96ffffff
ceb6c771-4d51-4fef-bf69-052fc5c2d57c,1930689760,Hura crepitans,Hura crepitans L.,Euphorbiaceae,Hura,SPECIES,PRESERVED_SPECIMEN,1980-12-18,1980,-68.875,18.9917,NA,d415c253-4d61-4459-9d25-4015b9084fb0,NY,NY,08,02,MICHES,080802,874cf3acaffffff
d16dc3ea-dfd3-4517-88a5-7a4c7ea3ff01,1930727500,Megalastrum martinicense,"Megalastrum martinicense (Spreng.) R.C.Moran, J.Prado & Labiak",Dryopteridaceae,Megalastrum,SPECIES,PRESERVED_SPECIMEN,1967-08-14,1967,-69.03,18.97,NA,d415c253-4d61-4459-9d25-4015b9084fb0,NY,NY,08,02,MICHES,080802,874cf331dffffff
d19d0d54-5e1f-4504-bc81-afc014dc3f49,1930730091,Entada gigas,Entada gigas (L.) Fawc. & Rendle,Fabaceae,Entada,SPECIES,PRESERVED_SPECIMEN,1991-05-12,1991,-69.05,18.93,NA,d415c253-4d61-4459-9d25-4015b9084fb0,NY,NY,08,02,MICHES,080802,874cf3235ffffff
d1fc1951-94d3-4688-a563-0eda2791a091,1930735422,Spiracantha cornifolia,Spiracantha cornifolia Kunth,Asteraceae,Spiracantha,SPECIES,PRESERVED_SPECIMEN,1980-12-18,1980,-69.02,18.97,NA,d415c253-4d61-4459-9d25-4015b9084fb0,NY,NY,08,02,MICHES,080802,874cf331dffffff
d35b5b7b-a023-49b0-8bd1-81d91ab672f5,1930754853,Isopterygium tenerum,Isopterygium tenerum (Sw.) Mitt.,Pylaisiadelphaceae,Isopterygium,SPECIES,PRESERVED_SPECIMEN,1981-03-29,1981,-68.87,18.97,NA,d415c253-4d61-4459-9d25-4015b9084fb0,NY,NY,08,02,MICHES,080802,874cf3365ffffff
d410b890-2c1b-4e2d-84f9-cc0cf886a839,1930767374,Frullania nodulosa,"Frullania nodulosa (Reinw., Blume & Nees) Nees",Frullaniaceae,Frullania,SPECIES,PRESERVED_SPECIMEN,1981-08-06,1981,-69,18.93,NA,d415c253-4d61-4459-9d25-4015b9084fb0,NY,NY,08,02,MICHES,080802,874cf3225ffffff
d4a8f130-991a-4f87-8633-40dbe6a8ce99,1930773238,Malachra alceifolia,Malachra alceifolia Jacq.,Malvaceae,Malachra,SPECIES,PRESERVED_SPECIMEN,1980-12-18,1980,-69.02,18.97,NA,d415c253-4d61-4459-9d25-4015b9084fb0,NY,NY,08,02,MICHES,080802,874cf331dffffff
d4dd61a8-6859-4ae2-8009-7159098bb445,4079747340,Tillandsia juncea,Tillandsia juncea (Ruiz & Pav.) Poir.,Bromeliaceae,Tillandsia,SPECIES,PRESERVED_SPECIMEN,1960-04-14,1960,-69.046241,18.983056,918,3b040a48-deae-485c-95b1-2ac80b7fdc54,IIBZ,USD,08,02,MICHES,080802,874cf331cffffff
d4f3d1f7-3cf1-4e21-9bbb-edc4fffc49bb,1930777189,Frullanoides corticalis,Brachiolejeunea corticalis (Lehm. & Lindenb.) Schiffn.,Lejeuneaceae,Frullanoides,SPECIES,PRESERVED_SPECIMEN,1981-08-05,1981,-68.85,18.97,NA,d415c253-4d61-4459-9d25-4015b9084fb0,NY,NY,08,02,MICHES,080802,874cc6d96ffffff
d5d1a42b-3e6b-432d-9176-dc093cf84c19,1930790330,Pecluma M.G.Price,Pecluma M.G.Price,Polypodiaceae,Pecluma,GENUS,PRESERVED_SPECIMEN,1981-08-06,1981,-69.02,18.92,NA,d415c253-4d61-4459-9d25-4015b9084fb0,NY,NY,08,02,MICHES,080802,874cf3220ffffff
d62a59fd-cc5a-4ddc-bbe3-051e4bae8f9f,1930794966,Entada polystachia,Entada polystachia (L.) DC.,Fabaceae,Entada,SPECIES,PRESERVED_SPECIMEN,1991-05-12,1991,-69.05,18.97,NA,d415c253-4d61-4459-9d25-4015b9084fb0,NY,NY,08,02,MICHES,080802,874cf3318ffffff
d67279fb-cc6d-45a9-92a0-afe6e872b7fe,1930799079,Casearia arborea,Casearia arborea (Rich.) Urb.,Salicaceae,Casearia,SPECIES,PRESERVED_SPECIMEN,1991-05-12,1991,-69.05,18.93,NA,d415c253-4d61-4459-9d25-4015b9084fb0,NY,NY,08,02,MICHES,080802,874cf3235ffffff
d88d2f8b-5082-4520-99a3-19118f775756,1930828846,Annona glabra,Annona glabra L.,Annonaceae,Annona,SPECIES,PRESERVED_SPECIMEN,1991-05-12,1991,-69.05,18.97,NA,d415c253-4d61-4459-9d25-4015b9084fb0,NY,NY,08,02,MICHES,080802,874cf3318ffffff
d976d83b-e2ef-4e4a-a11c-c6c37a8cb8c3,1930841730,Calymperes afzelii,Calymperes afzelii Sw.,Calymperaceae,Calymperes,SPECIES,PRESERVED_SPECIMEN,1981-08-06,1981,-69,18.93,NA,d415c253-4d61-4459-9d25-4015b9084fb0,NY,NY,08,02,MICHES,080802,874cf3225ffffff
db4c5293-47bd-4f87-ab8e-00fa126b66a0,1930868089,Neckeropsis undulata,Neckeropsis undulata (Hedw.) Reichardt,Neckeraceae,Neckeropsis,SPECIES,PRESERVED_SPECIMEN,1981-08-06,1981,-69,18.93,NA,d415c253-4d61-4459-9d25-4015b9084fb0,NY,NY,08,02,MICHES,080802,874cf3225ffffff
deba28db-24d5-4aa5-95f1-f9ab051c9c86,1930916263,Adiantum petiolatum,Adiantum petiolatum Desv.,Pteridaceae,Adiantum,SPECIES,PRESERVED_SPECIMEN,1981-08-06,1981,-69.02,18.92,NA,d415c253-4d61-4459-9d25-4015b9084fb0,NY,NY,08,02,MICHES,080802,874cf3220ffffff
e0099c22-6af0-4859-a4a5-e22b7261cdeb,1930935404,Manihot brachyloba,Manihot brachyloba Müll.Arg.,Euphorbiaceae,Manihot,SPECIES,PRESERVED_SPECIMEN,1972-06-13/1972-06-14,1972,-68.96684,18.982434,NA,d415c253-4d61-4459-9d25-4015b9084fb0,NY,NY,08,02,MICHES,080802,874cf332bffffff
e0552c94-f5c7-4312-b1dd-151609101b35,5931655319,Turpinia occidentalis,Turpinia occidentalis (Sw.) G.Don,Staphyleaceae,Turpinia,SPECIES,PRESERVED_SPECIMEN,1990-06-28,1990,-69.05,18.916667,NA,b89d52a2-861d-4388-adad-c0da3d55fc78,UF,,08,02,MICHES,080802,874cf3231ffffff
e08af852-866b-4973-89c0-d61aa983dca1,1930942066,Fissidens zollingeri,Fissidens zollingeri Mont.,Fissidentaceae,Fissidens,SPECIES,PRESERVED_SPECIMEN,1981-03-29,1981,-68.87,18.97,NA,d415c253-4d61-4459-9d25-4015b9084fb0,NY,NY,08,02,MICHES,080802,874cf3365ffffff
e0d0c7b2-34e5-4e89-aeb3-2d8d5c88ea61,1930945992,Cassipourea guianensis,Cassipourea guianensis Aubl.,Rhizophoraceae,Cassipourea,SPECIES,PRESERVED_SPECIMEN,1981-08-06,1981,-69.02,18.92,NA,d415c253-4d61-4459-9d25-4015b9084fb0,NY,NY,08,02,MICHES,080802,874cf3220ffffff
e163fa69-fc7d-4de5-b8b2-2474d390c843,1930954346,Gouania polygama,Gouania polygama (Jacq.) Urb.,Rhamnaceae,Gouania,SPECIES,PRESERVED_SPECIMEN,1980-12-18,1980,-69.02,18.97,NA,d415c253-4d61-4459-9d25-4015b9084fb0,NY,NY,08,02,MICHES,080802,874cf331dffffff
e1b1e4bf-ad71-4dc1-98dd-8e51008271ec,1930958469,Euphorbia berteroana,Euphorbia berteroana Balb. ex Spreng.,Euphorbiaceae,Euphorbia,SPECIES,PRESERVED_SPECIMEN,1930-12-18,1930,-68.87,18.98,NA,d415c253-4d61-4459-9d25-4015b9084fb0,NY,NY,08,02,MICHES,080802,874cf3acbffffff
e1f20e44-86d4-487a-88ca-0307ffa13641,1930961989,Diplazium plantaginifolium,Diplazium plantaginifolium (L.) Urb.,Athyriaceae,Diplazium,SPECIES,PRESERVED_SPECIMEN,1984-12-26,1984,-69.07,18.97,NA,d415c253-4d61-4459-9d25-4015b9084fb0,NY,NY,08,02,MICHES,080802,874cf331effffff
e2077689-bb15-471c-aeae-d6f4f06b9030,1930964016,Adenanthera pavonina,Adenanthera pavonina L.,Fabaceae,Adenanthera,SPECIES,PRESERVED_SPECIMEN,1991-05-12,1991,-69.05,18.95,NA,d415c253-4d61-4459-9d25-4015b9084fb0,NY,NY,08,02,MICHES,080802,874cf331bffffff
e260a1a2-1ca4-446e-88d2-13c02eefb78f,1930967944,Annona montana,Annona montana Macfad.,Annonaceae,Annona,SPECIES,PRESERVED_SPECIMEN,1981-08-06,1981,-69.02,18.92,NA,d415c253-4d61-4459-9d25-4015b9084fb0,NY,NY,08,02,MICHES,080802,874cf3220ffffff
e2a2d220-d91a-4b2f-a6d6-82057d1e0432,1930971106,Peperomia serpens,Peperomia serpens (Sw.) G.Don,Piperaceae,Peperomia,SPECIES,PRESERVED_SPECIMEN,1981-08-06,1981,-69.02,18.92,NA,d415c253-4d61-4459-9d25-4015b9084fb0,NY,NY,08,02,MICHES,080802,874cf3220ffffff
e386aa8b-ec03-4e71-8bb7-61a120a4ce0f,1930984409,Dicranella hilariana,Dicranella hilariana (Mont.) Mitt.,Dicranellaceae,Dicranella,SPECIES,PRESERVED_SPECIMEN,1981-03-29,1981,-68.87,18.97,NA,d415c253-4d61-4459-9d25-4015b9084fb0,NY,NY,08,02,MICHES,080802,874cf3365ffffff
e3bd5bc7-f493-464e-a964-a1538b11cd51,4533905805,Rottboellia cochinchinensis,Rottboellia cochinchinensis (Lour.) Clayton,Poaceae,Rottboellia,SPECIES,PRESERVED_SPECIMEN,1980-12-18,1980,-68.875,18.991667,4841,453e3294-97ef-4e1c-87cb-1ef7c5351d8e,DEK,,08,02,MICHES,080802,874cf3acaffffff
e768d9a6-c17e-41a9-a93b-40796cfa2fad,1931039341,Hura crepitans,Hura crepitans L.,Euphorbiaceae,Hura,SPECIES,PRESERVED_SPECIMEN,1980-12-18,1980,-68.97,18.97,NA,d415c253-4d61-4459-9d25-4015b9084fb0,NY,NY,08,02,MICHES,080802,874cf330dffffff
e7d8fd0e-7872-4258-8a7c-f58390f9a230,1931045274,Calymperes palisotii,Calymperes palisotii Schwägr.,Calymperaceae,Calymperes,SPECIES,PRESERVED_SPECIMEN,1981-03-29,1981,-68.87,18.97,NA,d415c253-4d61-4459-9d25-4015b9084fb0,NY,NY,08,02,MICHES,080802,874cf3365ffffff
e8474b5d-8f05-47e4-b166-76ca34b5fbe6,1304587397,Solanum torvum,Solanum torvum Sw.,Solanaceae,Solanum,SPECIES,OCCURRENCE,1981-08-04,1981,-68.85,18.966667,NA,07044577-bd82-4089-9f3a-f4a9d2170b2e,Bioversity,,08,02,MICHES,080802,874cc6d96ffffff
e871684d-4a60-4d7e-b883-e1d223b9cefc,1931053848,Chromolaena odorata,Chromolaena odorata (L.) R.M.King & H.Rob.,Asteraceae,Chromolaena,SPECIES,PRESERVED_SPECIMEN,1980-12-18,1980,-68.97,18.97,NA,d415c253-4d61-4459-9d25-4015b9084fb0,NY,NY,08,02,MICHES,080802,874cf330dffffff
e8eb1915-8ba8-4ad7-8244-bfe0a0f7c3df,4533903545,Callisia monandra,Callisia monandra (Sw.) Schult. & Schult.f.,Commelinaceae,Callisia,SPECIES,PRESERVED_SPECIMEN,1981-01-14,1981,-69.05,18.983333,250,453e3294-97ef-4e1c-87cb-1ef7c5351d8e,DEK,,08,02,MICHES,080802,874cf331cffffff
e9530cec-6a3e-49b2-b8cd-631ee919f859,3947911360,Byrsonima spicata,Byrsonima spicata (Cav.) DC.,Malpighiaceae,Byrsonima,SPECIES,PRESERVED_SPECIMEN,1981-08-05,1981,-68.816667,18.966667,NA,c8d12f8a-7e39-4e2c-92d7-825d590ad15b,MICH,Angiosperms,08,02,MICHES,080802,874cc6d95ffffff
ea657349-8118-473a-a821-7b7a92360b75,1931080698,Solanum jamaicense,Solanum jamaicense Mill.,Solanaceae,Solanum,SPECIES,PRESERVED_SPECIMEN,1992-07-05,1992,-69.12,18.92,NA,d415c253-4d61-4459-9d25-4015b9084fb0,NY,NY,08,02,MICHES,080802,874cf3388ffffff
ea7bd6e3-2914-4cb3-85b0-0e99884cf166,1931081995,Guilandina bonduc,Guilandina bonduc L.,Fabaceae,Guilandina,SPECIES,PRESERVED_SPECIMEN,1991-10-30,1991,-68.87,18.97,NA,d415c253-4d61-4459-9d25-4015b9084fb0,NY,NY,08,02,MICHES,080802,874cf3365ffffff
eb4e67a9-602a-44ea-af9b-a78d4c3b0a23,3352571497,Syrrhopodon incompletus,Syrrhopodon incompletus Schwägr.,Calymperaceae,Syrrhopodon,SPECIES,PRESERVED_SPECIMEN,1967-08,1967,-69,18.916667,3036,16630817-fd43-49d6-bfff-ae5ffa473724,TENN,,08,02,MICHES,080802,874cf3221ffffff
edb7962b-e4c6-479c-96c3-7c672855977c,1931126984,Cyperus compressus,Cyperus compressus L.,Cyperaceae,Cyperus,SPECIES,PRESERVED_SPECIMEN,1991-10-30,1991,-68.87,18.97,NA,d415c253-4d61-4459-9d25-4015b9084fb0,NY,NY,08,02,MICHES,080802,874cf3365ffffff
ef50c6c7-cbc0-41bd-94af-d8484a3748ef,1931149388,Coffea L.,Coffea L.,Rubiaceae,Coffea,GENUS,PRESERVED_SPECIMEN,1986-01-29,1986,-69.03,18.95,NA,d415c253-4d61-4459-9d25-4015b9084fb0,NY,NY,08,02,MICHES,080802,874cf3319ffffff
f0c2db4c-fbb0-460c-b6e3-4d316a528c8c,1931170649,Adiantum petiolatum,Adiantum petiolatum Desv.,Pteridaceae,Adiantum,SPECIES,PRESERVED_SPECIMEN,1981-08-06,1981,-69.02,18.92,NA,d415c253-4d61-4459-9d25-4015b9084fb0,NY,NY,08,02,MICHES,080802,874cf3220ffffff
f145feee-cb0c-4b48-9ea4-1864049edeac,1931179965,Fissidens pallidinervis,Fissidens pallidinervis Mitt.,Fissidentaceae,Fissidens,SPECIES,PRESERVED_SPECIMEN,1981-08-06,1981,-69,18.93,NA,d415c253-4d61-4459-9d25-4015b9084fb0,NY,NY,08,02,MICHES,080802,874cf3225ffffff
f19e90d4-21da-480a-8d22-e4593a582e34,1931182547,Taxithelium planum,Taxithelium planum (Brid.) Mitt.,Pylaisiadelphaceae,Taxithelium,SPECIES,PRESERVED_SPECIMEN,1981-03-29,1981,-68.87,18.97,NA,d415c253-4d61-4459-9d25-4015b9084fb0,NY,NY,08,02,MICHES,080802,874cf3365ffffff
f297ff13-8378-453e-93ee-dcfe10705040,1931196634,Dioscorea cayenensis,Dioscorea cayenensis subsp. cayenensis,Dioscoreaceae,Dioscorea,SUBSPECIES,PRESERVED_SPECIMEN,1981-08-06,1981,-69.02,18.92,NA,d415c253-4d61-4459-9d25-4015b9084fb0,NY,NY,08,02,MICHES,080802,874cf3220ffffff
f31eb5f7-ccf6-43ff-b9dd-94eeaff622ed,1931204050,Entodontopsis cultelliformis,Eulacophyllum cultelliforme (Sull.) W.R. Buck & Ireland,Stereophyllaceae,Entodontopsis,SPECIES,PRESERVED_SPECIMEN,1981-08-05,1981,-68.85,18.97,NA,d415c253-4d61-4459-9d25-4015b9084fb0,NY,NY,08,02,MICHES,080802,874cc6d96ffffff
f3513da7-9f6a-4d1d-95c5-3024d2b6ae15,1931206673,Emblica urinaria,Phyllanthus urinaria L.,Phyllanthaceae,Emblica,SPECIES,PRESERVED_SPECIMEN,1972-06-13/1972-06-14,1972,-68.96684,18.982434,NA,d415c253-4d61-4459-9d25-4015b9084fb0,NY,NY,08,02,MICHES,080802,874cf332bffffff
f3a6ec96-7686-429b-8e56-5196e314fab3,1931211408,Gardenia jasminoides,Gardenia jasminoides J.Ellis,Rubiaceae,Gardenia,SPECIES,PRESERVED_SPECIMEN,1981-08-05,1981,-68.9583,18.97,NA,d415c253-4d61-4459-9d25-4015b9084fb0,NY,NY,08,02,MICHES,080802,874cf3376ffffff
f43e5d9f-ae8c-4b96-829b-dcc95204cf90,1931219537,Brittonodoxa subpinnata,Sematophyllum subpinnatum (Brid.) E. Britton,Sematophyllaceae,Brittonodoxa,SPECIES,PRESERVED_SPECIMEN,1981-08-06,1981,-69.02,18.92,NA,d415c253-4d61-4459-9d25-4015b9084fb0,NY,NY,08,02,MICHES,080802,874cf3220ffffff
f44cfdb3-2b14-4fa5-bf6b-ace9b243b577,2028417182,Chondria littoralis,Chondria littoralis,Rhodomelaceae,Chondria,SPECIES,PRESERVED_SPECIMEN,1977-07-11,1977,-69.047598,18.983643,3000,31b346f9-1a91-4688-af40-5a50a261c572,DUKE,,08,02,MICHES,080802,874cf331cffffff
f61d13b2-0d1e-49c9-b1f0-073e7c4c55f2,1931246866,Oryza sativa,Oryza sativa L.,Poaceae,Oryza,SPECIES,PRESERVED_SPECIMEN,1981-01-14,1981,-69.13,18.98,NA,d415c253-4d61-4459-9d25-4015b9084fb0,NY,NY,08,02,MICHES,080802,874cf33aeffffff
f6e0e129-f9fc-4dfd-b79c-514ebde705be,1931256727,Pavonia paludicola,Pavonia paludicola Nicolson ex Fryxell,Malvaceae,Pavonia,SPECIES,PRESERVED_SPECIMEN,1981-08-05,1981,-68.85,18.97,NA,d415c253-4d61-4459-9d25-4015b9084fb0,NY,NY,08,02,MICHES,080802,874cc6d96ffffff
f79b5662-2420-4ea6-b9e4-787d86f96972,1304336649,Coffea liberica,Coffea liberica W.Bull,Rubiaceae,Coffea,SPECIES,OCCURRENCE,1986-01-29,1986,-69.033333,18.95,NA,07044577-bd82-4089-9f3a-f4a9d2170b2e,Bioversity,,08,02,MICHES,080802,874cf3319ffffff
fab40f13-a501-4c89-8e13-9dd0fdf56ad4,1931310158,Bidens cynapiifolia,Bidens cynapiifolia Kunth,Asteraceae,Bidens,SPECIES,PRESERVED_SPECIMEN,1981-01-14,1981,-69.13,18.98,NA,d415c253-4d61-4459-9d25-4015b9084fb0,NY,NY,08,02,MICHES,080802,874cf33aeffffff
fd130978-f1a8-4954-b4dd-d71507b3c2e4,1931343610,Megalastrum martinicense,"Megalastrum martinicense (Spreng.) R.C.Moran, J.Prado & Labiak",Dryopteridaceae,Megalastrum,SPECIES,PRESERVED_SPECIMEN,1967-08-14,1967,-69.03,18.97,NA,d415c253-4d61-4459-9d25-4015b9084fb0,NY,NY,08,02,MICHES,080802,874cf331dffffff
fd940f9a-215e-4dcb-b8c7-5deffee49da8,1931348179,Fissidens pellucidus,Fissidens pellucidus Hornsch.,Fissidentaceae,Fissidens,SPECIES,PRESERVED_SPECIMEN,1981-03-29,1981,-68.87,18.97,NA,d415c253-4d61-4459-9d25-4015b9084fb0,NY,NY,08,02,MICHES,080802,874cf3365ffffff
fe0ff103-9e9a-429b-911c-daf520173790,1931357878,Hymenachne amplexicaulis,Hymenachne amplexicaulis (Rudge) Nees,Poaceae,Hymenachne,SPECIES,PRESERVED_SPECIMEN,1980-12-18,1980,-68.875,18.9917,NA,d415c253-4d61-4459-9d25-4015b9084fb0,NY,NY,08,02,MICHES,080802,874cf3acaffffff
fe69d577-6d08-4431-b73e-0259109e464e,1931363020,Urena lobata,Urena lobata L.,Malvaceae,Urena,SPECIES,PRESERVED_SPECIMEN,1980-12-18,1980,-69.02,18.97,NA,d415c253-4d61-4459-9d25-4015b9084fb0,NY,NY,08,02,MICHES,080802,874cf331dffffff
http://id.snsb.info/snsb/collection/444630/544833/227484,2981258005,Frodinia tremula,Frodinia tremula (Krug & Urb.) Lowry & G.M.Plunkett,Araliaceae,Frodinia,SPECIES,PRESERVED_SPECIMEN,1887-05-31,1887,-68.91243,18.980536,NA,7b9a08ea-f762-11e1-a439-00145eb45e9a,M-VascularPlants,BSMvplantscoll,08,02,MICHES,080802,874cf3adbffffff
http://n2t.net/ark:/65665/301d9b25a-4e91-4a40-a185-c5936ce6a2ee,1317244412,Pacourina edulis,Pacourina edulis Aubl.,Asteraceae,Pacourina,SPECIES,PRESERVED_SPECIMEN,1981-08-04,1981,-68.85,18.97,NA,821cc27a-e3bb-4bc5-ac34-89ada245069d,US,US,08,02,MICHES,080802,874cc6d96ffffff
http://n2t.net/ark:/65665/30a5dad7f-89e0-4b46-9324-68e9d7cf4ca1,1317436698,Adenanthera pavonina,Adenanthera pavonina L.,Fabaceae,Adenanthera,SPECIES,PRESERVED_SPECIMEN,1990-06-28,1990,-69.05,18.93,NA,821cc27a-e3bb-4bc5-ac34-89ada245069d,US,US,08,02,MICHES,080802,874cf3235ffffff
http://n2t.net/ark:/65665/31f8ee3fe-06b0-4b2d-b0c1-fe1fa790a410,1317916179,Meniscium angustifolium,Meniscium angustifolium Willd.,Thelypteridaceae,Meniscium,SPECIES,PRESERVED_SPECIMEN,1981-08-06,1981,-69,18.93,NA,821cc27a-e3bb-4bc5-ac34-89ada245069d,US,US,08,02,MICHES,080802,874cf3225ffffff
http://n2t.net/ark:/65665/3240c7387-6dc0-4258-a684-b87d3f432a9d,1318017560,Odontonema cuspidatum,Odontonema cuspidatum (Nees) Kuntze,Acanthaceae,Odontonema,SPECIES,PRESERVED_SPECIMEN,1981-04-06,1981,-69,18.93,NA,821cc27a-e3bb-4bc5-ac34-89ada245069d,US,US,08,02,MICHES,080802,874cf3225ffffff
http://n2t.net/ark:/65665/32fb8b568-475e-497c-a7e1-5bfaf5775d8e,1318281592,Paullinia pinnata,Paullinia pinnata L.,Sapindaceae,Paullinia,SPECIES,PRESERVED_SPECIMEN,1991-10-30,1991,-68.8667,18.9667,NA,821cc27a-e3bb-4bc5-ac34-89ada245069d,US,US,08,02,MICHES,080802,874cf3365ffffff
http://n2t.net/ark:/65665/34861fd70-86d8-4118-9b84-09be6b58eb47,1318839236,Diplazium roemerianum,Diplazium flavescens Christ,Athyriaceae,Diplazium,SPECIES,PRESERVED_SPECIMEN,1984-12-26,1984,-69.07,18.97,NA,821cc27a-e3bb-4bc5-ac34-89ada245069d,US,US,08,02,MICHES,080802,874cf331effffff
http://n2t.net/ark:/65665/348d9eb16-ef0f-44da-9de9-77efeb35505d,1318849644,Christella dentata,Christella dentata (Forssk.) Brownsey & Jermy,Thelypteridaceae,Christella,SPECIES,PRESERVED_SPECIMEN,1980-12-18,1980,-68.97,18.97,NA,821cc27a-e3bb-4bc5-ac34-89ada245069d,US,US,08,02,MICHES,080802,874cf330dffffff
http://n2t.net/ark:/65665/34dfa38a5-363c-46b5-a54c-739814125669,1318965457,Pontederia crassipes,Eichhornia crassipes (Mart.) Solms,Pontederiaceae,Pontederia,SPECIES,PRESERVED_SPECIMEN,1981-08-05,1981,-68.85,18.97,NA,821cc27a-e3bb-4bc5-ac34-89ada245069d,US,US,08,02,MICHES,080802,874cc6d96ffffff
http://n2t.net/ark:/65665/3542f83b4-3f95-4c37-9631-18f9448a1e20,1319105831,Guilandina bonduc,Guilandina bonduc L.,Fabaceae,Guilandina,SPECIES,PRESERVED_SPECIMEN,1991-10-30,1991,-68.87,18.97,NA,821cc27a-e3bb-4bc5-ac34-89ada245069d,US,US,08,02,MICHES,080802,874cf3365ffffff
http://n2t.net/ark:/65665/361ff54f4-3775-4486-9df7-38aafa98973d,1319417630,Phlebodium aureum,Phlebodium aureum (L.) J.Sm.,Polypodiaceae,Phlebodium,SPECIES,PRESERVED_SPECIMEN,1992-07-05,1992,-69.1167,18.92,NA,821cc27a-e3bb-4bc5-ac34-89ada245069d,US,US,08,02,MICHES,080802,874cf3389ffffff
http://n2t.net/ark:/65665/363fa7840-561d-42c4-bd92-33b4defa154b,1319462956,Microgramma lycopodioides,Microgramma lycopodioides (L.) Copel.,Polypodiaceae,Microgramma,SPECIES,PRESERVED_SPECIMEN,1992-07-05,1992,-69.12,18.92,NA,821cc27a-e3bb-4bc5-ac34-89ada245069d,US,US,08,02,MICHES,080802,874cf3388ffffff
http://n2t.net/ark:/65665/3856ceb50-a369-4465-a2b2-0145f75f8584,1320219131,Lonchocarpus sericeus,Lonchocarpus sericeus (Poir.) Kunth ex DC.,Fabaceae,Lonchocarpus,SPECIES,PRESERVED_SPECIMEN,1981-08-05,1981,-68.85,18.97,NA,821cc27a-e3bb-4bc5-ac34-89ada245069d,US,US,08,02,MICHES,080802,874cc6d96ffffff
http://n2t.net/ark:/65665/396bbcdb4-b2ed-401c-9d12-9119fedd2d5e,1320609676,Thunbergia alata,Thunbergia alata Bojer ex Sims,Acanthaceae,Thunbergia,SPECIES,PRESERVED_SPECIMEN,1988-06-15,1988,-69.03,18.92,NA,821cc27a-e3bb-4bc5-ac34-89ada245069d,US,US,08,02,MICHES,080802,874cf3222ffffff
http://n2t.net/ark:/65665/3afd2780d-cb7d-450e-b981-547a2c540566,1321178131,Lepidagathis alopecuroidea,Teliostachya alopecuroidea (Vahl) Nees,Acanthaceae,Lepidagathis,SPECIES,PRESERVED_SPECIMEN,1981-03-29,1981,-68.83,18.97,NA,821cc27a-e3bb-4bc5-ac34-89ada245069d,US,US,08,02,MICHES,080802,874cc6d90ffffff
http://n2t.net/ark:/65665/3bbf4e7c1-c0ec-4af4-83d9-d427adefae40,1321452884,Sphenoclea zeylanica,Sphenoclea zeylanica Gaertn.,Sphenocleaceae,Sphenoclea,SPECIES,PRESERVED_SPECIMEN,1981-08-04,1981,-68.85,18.97,NA,821cc27a-e3bb-4bc5-ac34-89ada245069d,US,US,08,02,MICHES,080802,874cc6d96ffffff
http://n2t.net/ark:/65665/3bcb3261c-cbd7-4a01-becd-c1103f9b64d3,1321469842,Guzmania berteroniana,Guzmania berteroniana (Schult. & Schult.f.) Mez,Bromeliaceae,Guzmania,SPECIES,PRESERVED_SPECIMEN,1970-01-23,1970,-69.12,18.92,NA,821cc27a-e3bb-4bc5-ac34-89ada245069d,US,US,08,02,MICHES,080802,874cf3388ffffff
http://n2t.net/ark:/65665/3c76623f8-fd2d-45a4-836f-a4260b36ba93,4023215341,Nectandra membranacea,Ocotea membranacea (Sw.) R.A.Howard,Lauraceae,Nectandra,SPECIES,PRESERVED_SPECIMEN,1981-08-06,1981,-69.02,18.92,NA,821cc27a-e3bb-4bc5-ac34-89ada245069d,US,US,08,02,MICHES,080802,874cf3220ffffff
http://n2t.net/ark:/65665/3db00ae42-b006-4941-bac2-cd57e4d8af8c,1322152844,Philodendron hederaceum,Philodendron hederaceum (Jacq.) Schott,Araceae,Philodendron,SPECIES,PRESERVED_SPECIMEN,1992-07-04,1992,-69.1,18.92,NA,821cc27a-e3bb-4bc5-ac34-89ada245069d,US,US,08,02,MICHES,080802,874cf3232ffffff
http://n2t.net/ark:/65665/3df95c53b-1c91-48c5-ad9c-ba1b40364c98,1322256630,Paspalum paniculatum,Paspalum paniculatum L.,Poaceae,Paspalum,SPECIES,PRESERVED_SPECIMEN,1981-01-14,1981,-69.13,18.98,NA,821cc27a-e3bb-4bc5-ac34-89ada245069d,US,US,08,02,MICHES,080802,874cf33aeffffff
http://n2t.net/ark:/65665/3ea5d4fc5-9aaa-4a91-919e-0b5575a28518,1322500633,Annona glabra,Annona glabra L.,Annonaceae,Annona,SPECIES,PRESERVED_SPECIMEN,1981-08-04,1981,-68.85,18.97,NA,821cc27a-e3bb-4bc5-ac34-89ada245069d,US,US,08,02,MICHES,080802,874cc6d96ffffff
http://n2t.net/ark:/65665/3f67868df-6599-444c-bd86-eba8adc60137,1322773642,Acalypha alopecuroidea,Acalypha alopecuroidea Jacq.,Euphorbiaceae,Acalypha,SPECIES,PRESERVED_SPECIMEN,1981-08-04,1981,-68.85,18.97,NA,821cc27a-e3bb-4bc5-ac34-89ada245069d,US,US,08,02,MICHES,080802,874cc6d96ffffff
http://specimens.kew.org/herbarium/K000774780,5060681492,Cenchrus gracillimus,Cenchrus gracillimus Nash,Poaceae,Cenchrus,SPECIES,PRESERVED_SPECIMEN,1930-07-28T00:00,1930,-69.047598,18.983643,NA,cd6e21c8-9e8a-493a-8a76-fbf7862069e5,K,Herbarium,08,02,MICHES,080802,874cf331cffffff
http://specimens.kew.org/herbarium/K000774781,5060678516,Cenchrus gracillimus,Cenchrus gracillimus Nash,Poaceae,Cenchrus,SPECIES,PRESERVED_SPECIMEN,1930-07-28T00:00,1930,-69.047598,18.983643,NA,cd6e21c8-9e8a-493a-8a76-fbf7862069e5,K,Herbarium,08,02,MICHES,080802,874cf331cffffff
http://specimens.kew.org/herbarium/K002425077,4607913169,Costus spicatus,Costus spicatus (Jacq.) Sw.,Costaceae,Costus,SPECIES,PRESERVED_SPECIMEN,1988-06-15T00:00,1988,-69.033333,18.916667,NA,cd6e21c8-9e8a-493a-8a76-fbf7862069e5,K,Herbarium,08,02,MICHES,080802,874cf3222ffffff
http://specimens.kew.org/herbarium/K002557712,4519477191,Philodendron schottii,Philodendron lingulatum Schott,Araceae,Philodendron,SPECIES,PRESERVED_SPECIMEN,1988-06-15T00:00,1988,-69.033333,18.916667,NA,cd6e21c8-9e8a-493a-8a76-fbf7862069e5,K,Herbarium,08,02,MICHES,080802,874cf3222ffffff
http://specimens.kew.org/herbarium/K002557713,4519480141,Philodendron schottii,Philodendron lingulatum Schott,Araceae,Philodendron,SPECIES,PRESERVED_SPECIMEN,1988-06-15T00:00,1988,-69.033333,18.916667,NA,cd6e21c8-9e8a-493a-8a76-fbf7862069e5,K,Herbarium,08,02,MICHES,080802,874cf3222ffffff
http://specimens.kew.org/herbarium/K004888219,5132732591,Odontonema cuspidatum,Odontonema cuspidatum (Nees) Kuntze,Acanthaceae,Odontonema,SPECIES,PRESERVED_SPECIMEN,1988-01-15T00:00,1988,-69.033333,18.916667,NA,cd6e21c8-9e8a-493a-8a76-fbf7862069e5,K,Herbarium,08,02,MICHES,080802,874cf3222ffffff
http://specimens.kew.org/herbarium/K004888220,5132750637,Odontonema cuspidatum,Odontonema cuspidatum (Nees) Kuntze,Acanthaceae,Odontonema,SPECIES,PRESERVED_SPECIMEN,1988-06-15T00:00,1988,-69.033333,18.916667,NA,cd6e21c8-9e8a-493a-8a76-fbf7862069e5,K,Herbarium,08,02,MICHES,080802,874cf3222ffffff
http://specimens.kew.org/herbarium/K006402779,5060841348,Macarthuria Hügel ex Endl.,Macarthuria Hügel ex Endl.,Macarthuriaceae,Macarthuria,GENUS,PRESERVED_SPECIMEN,1988-06-15T00:00,1988,-69.033333,18.916667,NA,cd6e21c8-9e8a-493a-8a76-fbf7862069e5,K,Herbarium,08,02,MICHES,080802,874cf3222ffffff
http://specimens.kew.org/herbarium/K006402780,5060840365,Macarthuria Hügel ex Endl.,Macarthuria Hügel ex Endl.,Macarthuriaceae,Macarthuria,GENUS,PRESERVED_SPECIMEN,1988-06-15T00:00,1988,-69.033333,18.916667,NA,cd6e21c8-9e8a-493a-8a76-fbf7862069e5,K,Herbarium,08,02,MICHES,080802,874cf3222ffffff
https://data.biodiversitydata.nl/naturalis/specimen/U.1049884,2517274256,Cyathula achyranthoides,Cyathula achyranthoides (Kunth) Moq.,Amaranthaceae,Cyathula,SPECIES,PRESERVED_SPECIMEN,1984-12-26,1984,-69.06667,18.96667,NA,15f819bd-6612-4447-854b-14d12ee1022d,,Botany,08,02,MICHES,080802,874cf331affffff
https://data.biodiversitydata.nl/naturalis/specimen/U.1138464,2515331850,Spiracantha cornifolia,Spiracantha cornifolia Kunth,Asteraceae,Spiracantha,SPECIES,PRESERVED_SPECIMEN,1986-01-29,1986,-69.13333,18.98333,NA,15f819bd-6612-4447-854b-14d12ee1022d,,Botany,08,02,MICHES,080802,874cf33a3ffffff
https://data.biodiversitydata.nl/naturalis/specimen/U.1161101,2515321672,Bignonia aequinoctialis,Cydista aequinoctialis (L.) Miers,Bignoniaceae,Bignonia,SPECIES,PRESERVED_SPECIMEN,1981-08-05,1981,-68.86333,18.96667,NA,15f819bd-6612-4447-854b-14d12ee1022d,,Botany,08,02,MICHES,080802,874cf3365ffffff
https://data.biodiversitydata.nl/naturalis/specimen/U.1202629,2515251262,Ceratophyllum demersum,Ceratophyllum demersum L.,Ceratophyllaceae,Ceratophyllum,SPECIES,PRESERVED_SPECIMEN,1981-08-05,1981,-68.85,18.96667,NA,15f819bd-6612-4447-854b-14d12ee1022d,,Botany,08,02,MICHES,080802,874cc6d96ffffff
https://data.biodiversitydata.nl/naturalis/specimen/U.1225547,2515502015,Costus spicatus,Costus spicatus (Jacq.) Sw.,Costaceae,Costus,SPECIES,PRESERVED_SPECIMEN,1988-06-15,1988,-69.03333,18.91667,NA,15f819bd-6612-4447-854b-14d12ee1022d,,Botany,08,02,MICHES,080802,874cf3222ffffff
https://data.biodiversitydata.nl/naturalis/specimen/U.1225569,2515333649,Costus spicatus,Costus spicatus (Jacq.) Sw.,Costaceae,Costus,SPECIES,PRESERVED_SPECIMEN,1981-08-06,1981,-69.01667,18.91667,NA,15f819bd-6612-4447-854b-14d12ee1022d,,Botany,08,02,MICHES,080802,874cf3220ffffff
https://data.biodiversitydata.nl/naturalis/specimen/U.1257157,2515285756,Hevea brasiliensis,Hevea brasiliensis (Willd. ex A.Juss.) Müll.Arg.,Euphorbiaceae,Hevea,SPECIES,PRESERVED_SPECIMEN,1986-01-29,1986,-69.13333,18.98333,NA,15f819bd-6612-4447-854b-14d12ee1022d,,Botany,08,02,MICHES,080802,874cf33a3ffffff
https://data.biodiversitydata.nl/naturalis/specimen/U.1261441,2515509139,Sapium glandulosum,Sapium jamaicense Sw.,Euphorbiaceae,Sapium,SPECIES,PRESERVED_SPECIMEN,1986-01-29,1986,-69.03333,18.95,NA,15f819bd-6612-4447-854b-14d12ee1022d,,Botany,08,02,MICHES,080802,874cf3319ffffff
https://data.biodiversitydata.nl/naturalis/specimen/U.1264999,2517380368,Dalbergia ecastaphyllum,Dalbergia ecastaphyllum (L.) Taub.,Fabaceae,Dalbergia,SPECIES,PRESERVED_SPECIMEN,1981-08-05,1981,-68.85,18.96667,NA,15f819bd-6612-4447-854b-14d12ee1022d,,Botany,08,02,MICHES,080802,874cc6d96ffffff
https://data.biodiversitydata.nl/naturalis/specimen/U.1306356,2515573443,Inga vera,Inga vera Willd.,Fabaceae,Inga,SPECIES,PRESERVED_SPECIMEN,1981-03-29,1981,-68.83333,18.96667,NA,15f819bd-6612-4447-854b-14d12ee1022d,,Botany,08,02,MICHES,080802,874cc6d90ffffff
https://data.biodiversitydata.nl/naturalis/specimen/U.1336369,2517176523,Columnea sanguinea,Alloplectus sanguineus (Pers.) Mart. ex Poepp.,Gesneriaceae,Columnea,SPECIES,PRESERVED_SPECIMEN,1981-08-06,1981,-69.01667,18.91667,NA,15f819bd-6612-4447-854b-14d12ee1022d,,Botany,08,02,MICHES,080802,874cf3220ffffff
https://data.biodiversitydata.nl/naturalis/specimen/U.1350977,2515404494,Heliconia caribaea,Heliconia caribaea Lam.,Heliconiaceae,Heliconia,SPECIES,PRESERVED_SPECIMEN,1980-12-18,1980,-68.96667,18.96667,NA,15f819bd-6612-4447-854b-14d12ee1022d,,Botany,08,02,MICHES,080802,874cf330dffffff
https://data.biodiversitydata.nl/naturalis/specimen/U.1350978,2517483656,Heliconia caribaea,Heliconia caribaea Lam.,Heliconiaceae,Heliconia,SPECIES,PRESERVED_SPECIMEN,1980-12-18,1980,-68.96667,18.96667,NA,15f819bd-6612-4447-854b-14d12ee1022d,,Botany,08,02,MICHES,080802,874cf330dffffff
https://data.biodiversitydata.nl/naturalis/specimen/U.1376884,2515542311,Pavonia paludicola,Pavonia paludicola Nicolson ex Fryxell,Malvaceae,Pavonia,SPECIES,PRESERVED_SPECIMEN,1981-08-05,1981,-68.85,18.96667,NA,15f819bd-6612-4447-854b-14d12ee1022d,,Botany,08,02,MICHES,080802,874cc6d96ffffff
https://data.biodiversitydata.nl/naturalis/specimen/U.1376983,2515542313,Quararibea turbinata,Quararibea turbinata (Sw.) Poir.,Malvaceae,Quararibea,SPECIES,PRESERVED_SPECIMEN,1981-08-06,1981,-69.01667,18.91667,NA,15f819bd-6612-4447-854b-14d12ee1022d,,Botany,08,02,MICHES,080802,874cf3220ffffff
https://data.biodiversitydata.nl/naturalis/specimen/U.1565326,2517565677,Exostema longiflorum,Exostema longiflorum (Lamb.) Roem. & Schult.,Rubiaceae,Exostema,SPECIES,PRESERVED_SPECIMEN,1981-08-06,1981,-69,18.93333,NA,15f819bd-6612-4447-854b-14d12ee1022d,,Botany,08,02,MICHES,080802,874cf3225ffffff
https://data.biodiversitydata.nl/naturalis/specimen/U.1570234,2515405705,Coffea liberica,Coffea liberica W.Bull,Rubiaceae,Coffea,SPECIES,PRESERVED_SPECIMEN,1986-01-29,1986,-69.03333,18.95,NA,15f819bd-6612-4447-854b-14d12ee1022d,,Botany,08,02,MICHES,080802,874cf3319ffffff
https://www.inaturalist.org/observations/107145277,3698125850,Chrysothemis pulchella,Chrysothemis pulchella (Donn.Sm. ex Sims) Decne.,Gesneriaceae,Chrysothemis,SPECIES,HUMAN_OBSERVATION,2022-02-16T12:02:16,2022,-69.052685,18.932959,2128,50c9509d-22c7-4a22-a47d-8c48425ef4a7,iNaturalist,Observations,08,02,MICHES,080802,874cf3235ffffff
https://www.inaturalist.org/observations/108676597,4091370379,Ipomoea pes-caprae,Ipomoea pes-caprae (L.) R.Br.,Convolvulaceae,Ipomoea,SPECIES,HUMAN_OBSERVATION,2022-03-13T16:18:20,2022,-68.985794,19.014307,NA,50c9509d-22c7-4a22-a47d-8c48425ef4a7,iNaturalist,Observations,08,02,MICHES,080802,874cf332effffff
https://www.inaturalist.org/observations/108676694,3759130866,Sesuvium portulacastrum,Sesuvium portulacastrum (L.) L.,Aizoaceae,Sesuvium,SPECIES,HUMAN_OBSERVATION,2022-03-13T16:24,2022,-68.98571,19.014227,NA,50c9509d-22c7-4a22-a47d-8c48425ef4a7,iNaturalist,Observations,08,02,MICHES,080802,874cf332effffff
https://www.inaturalist.org/observations/108676807,3925118512,Chrysobalanus icaco,Chrysobalanus icaco L.,Chrysobalanaceae,Chrysobalanus,SPECIES,HUMAN_OBSERVATION,2022-03-13T16:43:17,2022,-68.986682,19.013332,NA,50c9509d-22c7-4a22-a47d-8c48425ef4a7,iNaturalist,Observations,08,02,MICHES,080802,874cf332effffff
https://www.inaturalist.org/observations/110723397,4126806882,Crescentia cujete,Crescentia cujete L.,Bignoniaceae,Crescentia,SPECIES,HUMAN_OBSERVATION,2022-02-18T09:23:36,2022,-68.898178,18.964113,4,50c9509d-22c7-4a22-a47d-8c48425ef4a7,iNaturalist,Observations,08,02,MICHES,080802,874cf3362ffffff
https://www.inaturalist.org/observations/110723626,3966483415,Russelia equisetiformis,Russelia equisetiformis Schltdl. & Cham.,Plantaginaceae,Russelia,SPECIES,HUMAN_OBSERVATION,2022-02-13T10:02,2022,-69.011964,19.014014,4,50c9509d-22c7-4a22-a47d-8c48425ef4a7,iNaturalist,Observations,08,02,MICHES,080802,874cf3305ffffff
https://www.inaturalist.org/observations/110723748,4039170524,Cordia sebestena,Cordia sebestena L.,Cordiaceae,Cordia,SPECIES,HUMAN_OBSERVATION,2022-02-16T09:37:22,2022,-69.011025,19.013792,3,50c9509d-22c7-4a22-a47d-8c48425ef4a7,iNaturalist,Observations,08,02,MICHES,080802,874cf3305ffffff
https://www.inaturalist.org/observations/110723828,3902058874,Scaevola taccada,Scaevola taccada (Gaertn.) Roxb.,Goodeniaceae,Scaevola,SPECIES,HUMAN_OBSERVATION,2022-02-13T10:01:42,2022,-69.011939,19.014125,4,50c9509d-22c7-4a22-a47d-8c48425ef4a7,iNaturalist,Observations,08,02,MICHES,080802,874cf3305ffffff
https://www.inaturalist.org/observations/150944683,4062867192,Bambusa vulgaris,Bambusa vulgaris Schrad. ex J.C.Wendl.,Poaceae,Bambusa,SPECIES,HUMAN_OBSERVATION,2023-03-12T13:17:28,2023,-69.008466,19.014818000000002,8,50c9509d-22c7-4a22-a47d-8c48425ef4a7,iNaturalist,Observations,08,02,MICHES,080802,874cf3305ffffff
https://www.inaturalist.org/observations/150944806,4062666155,Nerium oleander,Nerium oleander L.,Apocynaceae,Nerium,SPECIES,HUMAN_OBSERVATION,2023-03-12T13:18:43,2023,-69.008404,19.014884,5,50c9509d-22c7-4a22-a47d-8c48425ef4a7,iNaturalist,Observations,08,02,MICHES,080802,874cf3305ffffff
https://www.inaturalist.org/observations/150957111,4062587130,Mangifera indica,Mangifera indica L.,Anacardiaceae,Mangifera,SPECIES,HUMAN_OBSERVATION,2023-03-12T15:16:56,2023,-69.008672,19.014759,4,50c9509d-22c7-4a22-a47d-8c48425ef4a7,iNaturalist,Observations,08,02,MICHES,080802,874cf3305ffffff
https://www.inaturalist.org/observations/151271965,4067290904,Carica papaya,Carica papaya L.,Caricaceae,Carica,SPECIES,HUMAN_OBSERVATION,2023-03-15,2023,-69.008644,19.014824,8,50c9509d-22c7-4a22-a47d-8c48425ef4a7,iNaturalist,Observations,08,02,MICHES,080802,874cf3305ffffff
https://www.inaturalist.org/observations/151403670,4067640066,Morinda citrifolia,Morinda citrifolia L.,Rubiaceae,Morinda,SPECIES,HUMAN_OBSERVATION,2023-03-17T12:31:06,2023,-69.012092,19.014775,6,50c9509d-22c7-4a22-a47d-8c48425ef4a7,iNaturalist,Observations,08,02,MICHES,080802,874cf3305ffffff
https://www.inaturalist.org/observations/191362784,4596839484,Stachytarpheta jamaicensis,Stachytarpheta jamaicensis (L.) Vahl,Verbenaceae,Stachytarpheta,SPECIES,HUMAN_OBSERVATION,2023-11-16T11:40:07,2023,-68.868722,18.9785,5,50c9509d-22c7-4a22-a47d-8c48425ef4a7,iNaturalist,Observations,08,02,MICHES,080802,874cf3acbffffff
https://www.inaturalist.org/observations/198409967,4519298630,Morinda citrifolia,Morinda citrifolia L.,Rubiaceae,Morinda,SPECIES,HUMAN_OBSERVATION,2023-12-19T09:56,2023,-69.034606,18.985222,10,50c9509d-22c7-4a22-a47d-8c48425ef4a7,iNaturalist,Observations,08,02,MICHES,080802,874cf3303ffffff
https://www.inaturalist.org/observations/198421416,4519223844,Cecropia schreberiana,Cecropia schreberiana Miq.,Urticaceae,Cecropia,SPECIES,HUMAN_OBSERVATION,2023-12-19T20:39,2023,-69.041261,18.985168,33,50c9509d-22c7-4a22-a47d-8c48425ef4a7,iNaturalist,Observations,08,02,MICHES,080802,874cf331cffffff
https://www.inaturalist.org/observations/198421563,4519313437,Celosia argentea,Celosia argentea L.,Amaranthaceae,Celosia,SPECIES,HUMAN_OBSERVATION,2023-12-20T14:38,2023,-69.066323,18.983667,78,50c9509d-22c7-4a22-a47d-8c48425ef4a7,iNaturalist,Observations,08,02,MICHES,080802,874cf331effffff
https://www.inaturalist.org/observations/198421638,4519230656,Centrosema plumieri,Centrosema plumieri (Turpin ex Pers.) Benth.,Fabaceae,Centrosema,SPECIES,HUMAN_OBSERVATION,2023-12-19T10:13,2023,-69.034583,18.985158,5,50c9509d-22c7-4a22-a47d-8c48425ef4a7,iNaturalist,Observations,08,02,MICHES,080802,874cf3303ffffff
https://www.inaturalist.org/observations/198421784,4519237943,Chromolaena odorata,Chromolaena odorata (L.) R.M.King & H.Rob.,Asteraceae,Chromolaena,SPECIES,HUMAN_OBSERVATION,2023-12-23T23:34,2023,-69.067268,18.983099,65,50c9509d-22c7-4a22-a47d-8c48425ef4a7,iNaturalist,Observations,08,02,MICHES,080802,874cf331effffff
https://www.inaturalist.org/observations/198421882,4519253528,Tarenaya spinosa,Cleome spinosa Jacq.,Cleomaceae,Tarenaya,SPECIES,HUMAN_OBSERVATION,2023-12-20T14:35,2023,-69.066238,18.983626,87,50c9509d-22c7-4a22-a47d-8c48425ef4a7,iNaturalist,Observations,08,02,MICHES,080802,874cf331effffff
https://www.inaturalist.org/observations/198422013,4519294512,Centrosema pubescens,Centrosema pubescens Benth.,Fabaceae,Centrosema,SPECIES,HUMAN_OBSERVATION,2023-12-19T20:49,2023,-69.037828,18.976119,60,50c9509d-22c7-4a22-a47d-8c48425ef4a7,iNaturalist,Observations,08,02,MICHES,080802,874cf331dffffff
https://www.inaturalist.org/observations/198428619,4519250860,Geophila repens,Geophila repens (L.) I.M.Johnst.,Rubiaceae,Geophila,SPECIES,HUMAN_OBSERVATION,2023-12-20T22:11,2023,-69.038021,18.976423,60,50c9509d-22c7-4a22-a47d-8c48425ef4a7,iNaturalist,Observations,08,02,MICHES,080802,874cf331dffffff
https://www.inaturalist.org/observations/198429616,4519293946,Talipariti tiliaceum,Hibiscus tiliaceus L.,Malvaceae,Talipariti,SPECIES,HUMAN_OBSERVATION,2023-12-19T19:08,2023,-69.050101,18.985108,65,50c9509d-22c7-4a22-a47d-8c48425ef4a7,iNaturalist,Observations,08,02,MICHES,080802,874cf331cffffff
https://www.inaturalist.org/observations/198429813,4519313516,Ipomoea pes-caprae,Ipomoea pes-caprae (L.) R.Br.,Convolvulaceae,Ipomoea,SPECIES,HUMAN_OBSERVATION,2023-12-19T09:57,2023,-69.034583,18.985144,30,50c9509d-22c7-4a22-a47d-8c48425ef4a7,iNaturalist,Observations,08,02,MICHES,080802,874cf3303ffffff
https://www.inaturalist.org/observations/198431408,4528183276,Miconia crenata,Miconia crenata (Vahl) Michelang.,Melastomataceae,Miconia,SPECIES,HUMAN_OBSERVATION,2023-12-19T20:44,2023,-69.067482,18.982652,92,50c9509d-22c7-4a22-a47d-8c48425ef4a7,iNaturalist,Observations,08,02,MICHES,080802,874cf331effffff
https://www.inaturalist.org/observations/198431491,4519264564,Mimosa pudica,Mimosa pudica L.,Fabaceae,Mimosa,SPECIES,HUMAN_OBSERVATION,2023-12-19T13:18,2023,-69.064828,18.980164,5,50c9509d-22c7-4a22-a47d-8c48425ef4a7,iNaturalist,Observations,08,02,MICHES,080802,874cf331effffff
https://www.inaturalist.org/observations/198434802,4527955281,Rhynchospora nervosa,Rhynchospora nervosa (Vahl) Boeckeler,Cyperaceae,Rhynchospora,SPECIES,HUMAN_OBSERVATION,2023-12-20T22:12,2023,-69.067139,18.983383,92,50c9509d-22c7-4a22-a47d-8c48425ef4a7,iNaturalist,Observations,08,02,MICHES,080802,874cf331effffff
https://www.inaturalist.org/observations/198435073,4525010698,Didymopanax morototoni,Didymopanax morototoni (Aubl.) Decne. & Planch.,Araliaceae,Didymopanax,SPECIES,HUMAN_OBSERVATION,2023-12-20T23:05,2023,-69.038471,18.976119,51,50c9509d-22c7-4a22-a47d-8c48425ef4a7,iNaturalist,Observations,08,02,MICHES,080802,874cf331dffffff
https://www.inaturalist.org/observations/198435377,4519298892,Spathodea campanulata,Spathodea campanulata Beauverd,Bignoniaceae,Spathodea,SPECIES,HUMAN_OBSERVATION,2023-12-20T14:42,2023,-69.066323,18.983667,123,50c9509d-22c7-4a22-a47d-8c48425ef4a7,iNaturalist,Observations,08,02,MICHES,080802,874cf331effffff
https://www.inaturalist.org/observations/198435644,4519238089,Terminalia catappa,Terminalia catappa L.,Combretaceae,Terminalia,SPECIES,HUMAN_OBSERVATION,2023-12-19T09:59,2023,-69.034606,18.985361,30,50c9509d-22c7-4a22-a47d-8c48425ef4a7,iNaturalist,Observations,08,02,MICHES,080802,874cf3303ffffff
https://www.inaturalist.org/observations/198435859,4519234949,Thunbergia alata,Thunbergia alata Bojer ex Sims,Acanthaceae,Thunbergia,SPECIES,HUMAN_OBSERVATION,2023-12-20T20:30,2023,-69.038385,18.975916,69,50c9509d-22c7-4a22-a47d-8c48425ef4a7,iNaturalist,Observations,08,02,MICHES,080802,874cf331dffffff
https://www.inaturalist.org/observations/198435953,4519256604,Thunbergia fragrans,Thunbergia fragrans Roxb.,Acanthaceae,Thunbergia,SPECIES,HUMAN_OBSERVATION,2023-12-19T11:06,2023,-69.038597,18.985247,5,50c9509d-22c7-4a22-a47d-8c48425ef4a7,iNaturalist,Observations,08,02,MICHES,080802,874cf331cffffff
https://www.inaturalist.org/observations/198436248,5062658376,Tillandsia kuzmae,Tillandsia kuzmae Ehlers,Bromeliaceae,Tillandsia,SPECIES,HUMAN_OBSERVATION,2023-12-20T23:04,2023,-69.038815,18.975388,119,50c9509d-22c7-4a22-a47d-8c48425ef4a7,iNaturalist,Observations,08,02,MICHES,080802,874cf331dffffff
https://www.inaturalist.org/observations/198436354,4519269923,Urena lobata,Urena lobata L.,Malvaceae,Urena,SPECIES,HUMAN_OBSERVATION,2023-12-19T09:55,2023,-69.034561,18.985556,5,50c9509d-22c7-4a22-a47d-8c48425ef4a7,iNaturalist,Observations,08,02,MICHES,080802,874cf3303ffffff
https://www.inaturalist.org/observations/200914363,4535682030,Phyla nodiflora,Phyla nodiflora (L.) Greene,Verbenaceae,Phyla,SPECIES,HUMAN_OBSERVATION,2024-03-01T11:44:32,2024,-69.039461,18.980844,NA,50c9509d-22c7-4a22-a47d-8c48425ef4a7,iNaturalist,Observations,08,02,MICHES,080802,874cf331cffffff
https://www.inaturalist.org/observations/200914478,4535896979,Fimbristylis cymosa,Fimbristylis cymosa R.Br.,Cyperaceae,Fimbristylis,SPECIES,HUMAN_OBSERVATION,2024-03-01T11:40:06,2024,-69.039461,18.980844,NA,50c9509d-22c7-4a22-a47d-8c48425ef4a7,iNaturalist,Observations,08,02,MICHES,080802,874cf331cffffff
https://www.inaturalist.org/observations/200914661,4535904049,Stachytarpheta jamaicensis,Stachytarpheta jamaicensis (L.) Vahl,Verbenaceae,Stachytarpheta,SPECIES,HUMAN_OBSERVATION,2024-03-01T11:44:12,2024,-69.039461,18.980844,NA,50c9509d-22c7-4a22-a47d-8c48425ef4a7,iNaturalist,Observations,08,02,MICHES,080802,874cf331cffffff
https://www.inaturalist.org/observations/200915835,4535932012,Cyperus tibialis,Cyperus tibialis (Poit. ex Ledeb. & Adlerstam) Govaerts,Cyperaceae,Cyperus,SPECIES,HUMAN_OBSERVATION,2024-03-01T11:39:01,2024,-69.036967,18.984892,NA,50c9509d-22c7-4a22-a47d-8c48425ef4a7,iNaturalist,Observations,08,02,MICHES,080802,874cf3303ffffff
https://www.inaturalist.org/observations/200915893,4535678971,Cyperus ligularis,Cyperus ligularis L.,Cyperaceae,Cyperus,SPECIES,HUMAN_OBSERVATION,2024-03-01T11:16:18,2024,-69.036914,18.985008,NA,50c9509d-22c7-4a22-a47d-8c48425ef4a7,iNaturalist,Observations,08,02,MICHES,080802,874cf3303ffffff
https://www.inaturalist.org/observations/200916092,4535670016,Borreria remota,Spermacoce remota Lam.,Rubiaceae,Borreria,SPECIES,HUMAN_OBSERVATION,2024-03-01T11:48:36,2024,-69.036839,18.985119,NA,50c9509d-22c7-4a22-a47d-8c48425ef4a7,iNaturalist,Observations,08,02,MICHES,080802,874cf3303ffffff
https://www.inaturalist.org/observations/201604766,4596898436,Ipomoea pes-caprae,Ipomoea pes-caprae (L.) R.Br.,Convolvulaceae,Ipomoea,SPECIES,HUMAN_OBSERVATION,2024-03-04T11:06:55,2024,-69.00885,19.015456,4,50c9509d-22c7-4a22-a47d-8c48425ef4a7,iNaturalist,Observations,08,02,MICHES,080802,874cf3305ffffff
https://www.inaturalist.org/observations/21882557,3966740313,Morinda citrifolia,Morinda citrifolia L.,Rubiaceae,Morinda,SPECIES,HUMAN_OBSERVATION,2019-03-28T08:47,2019,-69.060264,18.984847,10,50c9509d-22c7-4a22-a47d-8c48425ef4a7,iNaturalist,Observations,08,02,MICHES,080802,874cf331effffff
https://www.inaturalist.org/observations/226587081,4903928420,Morinda citrifolia,Morinda citrifolia L.,Rubiaceae,Morinda,SPECIES,HUMAN_OBSERVATION,2024-07-01T18:35:49,2024,-68.957955,18.967742,4,50c9509d-22c7-4a22-a47d-8c48425ef4a7,iNaturalist,Observations,08,02,MICHES,080802,874cf3376ffffff
https://www.inaturalist.org/observations/247325579,4954297530,Ipomoea imperati,Ipomoea imperati (Vahl) Griseb.,Convolvulaceae,Ipomoea,SPECIES,HUMAN_OBSERVATION,2024-10-14T10:31:56,2024,-68.97293,19.028025,17,50c9509d-22c7-4a22-a47d-8c48425ef4a7,iNaturalist,Observations,08,02,MICHES,080802,874cf332cffffff
https://www.inaturalist.org/observations/247330706,5062924361,Morinda citrifolia,Morinda citrifolia L.,Rubiaceae,Morinda,SPECIES,HUMAN_OBSERVATION,2024-10-14T10:37:22,2024,-68.974463,19.027608,9,50c9509d-22c7-4a22-a47d-8c48425ef4a7,iNaturalist,Observations,08,02,MICHES,080802,874cf332cffffff
https://www.inaturalist.org/observations/247330868,6179519110,Bursera simaruba,Bursera simaruba (L.) Sarg.,Burseraceae,Bursera,SPECIES,HUMAN_OBSERVATION,2024-10-14T09:25:15,2024,-68.970392,19.029389,17,50c9509d-22c7-4a22-a47d-8c48425ef4a7,iNaturalist,Observations,08,02,MICHES,080802,874cf332cffffff
https://www.inaturalist.org/observations/247331397,5215721524,Chrysobalanus icaco,Chrysobalanus icaco L.,Chrysobalanaceae,Chrysobalanus,SPECIES,HUMAN_OBSERVATION,2024-10-14T09:16:22,2024,-68.970567,19.029122,6,50c9509d-22c7-4a22-a47d-8c48425ef4a7,iNaturalist,Observations,08,02,MICHES,080802,874cf332cffffff
https://www.inaturalist.org/observations/247552848,4974293511,Cyperus odoratus,Cyperus odoratus L.,Cyperaceae,Cyperus,SPECIES,HUMAN_OBSERVATION,2024-10-15T16:52:13,2024,-69.123444,18.982487,14,50c9509d-22c7-4a22-a47d-8c48425ef4a7,iNaturalist,Observations,08,02,MICHES,080802,874cf33aeffffff
https://www.inaturalist.org/observations/247553271,4974065918,Miconia crenata,Miconia crenata (Vahl) Michelang.,Melastomataceae,Miconia,SPECIES,HUMAN_OBSERVATION,2024-10-15T16:48:46,2024,-69.123208,18.978003,8,50c9509d-22c7-4a22-a47d-8c48425ef4a7,iNaturalist,Observations,08,02,MICHES,080802,874cf33aeffffff
https://www.inaturalist.org/observations/247623363,4974066063,Cyathea arborea,Cyathea arborea (L.) Sm.,Cyatheaceae,Cyathea,SPECIES,HUMAN_OBSERVATION,2024-10-15T16:31:22,2024,-69.120597,18.959958,27,50c9509d-22c7-4a22-a47d-8c48425ef4a7,iNaturalist,Observations,08,02,MICHES,080802,874cf33aaffffff
https://www.inaturalist.org/observations/261542006,5069976361,Centrosema virginianum,Centrosema virginianum (L.) Benth.,Fabaceae,Centrosema,SPECIES,HUMAN_OBSERVATION,2025-02-13T10:50:32,2025,-69.009755,19.012533,NA,50c9509d-22c7-4a22-a47d-8c48425ef4a7,iNaturalist,Observations,08,02,MICHES,080802,874cf3305ffffff
https://www.inaturalist.org/observations/261943182,5216454532,Chrysobalanus icaco,Chrysobalanus icaco L.,Chrysobalanaceae,Chrysobalanus,SPECIES,HUMAN_OBSERVATION,2025-02-16T10:56:30,2025,-69.008483,19.014467,66,50c9509d-22c7-4a22-a47d-8c48425ef4a7,iNaturalist,Observations,08,02,MICHES,080802,874cf3305ffffff
https://www.inaturalist.org/observations/262410514,5076965496,Turbina corymbosa,Ipomoea corymbosa (L.) Roth,Convolvulaceae,Turbina,SPECIES,HUMAN_OBSERVATION,2025-02-20T14:24:24,2025,-69.010318,19.015369,22,50c9509d-22c7-4a22-a47d-8c48425ef4a7,iNaturalist,Observations,08,02,MICHES,080802,874cf3305ffffff
https://www.inaturalist.org/observations/263168765,5087290050,Asclepias curassavica,Asclepias curassavica L.,Apocynaceae,Asclepias,SPECIES,HUMAN_OBSERVATION,2025-02-11T12:42,2025,-69.022507,18.978404,182,50c9509d-22c7-4a22-a47d-8c48425ef4a7,iNaturalist,Observations,08,02,MICHES,080802,874cf330effffff
https://www.inaturalist.org/observations/264150224,5087684716,Miconia prasina,Miconia prasina (Sw.) DC.,Melastomataceae,Miconia,SPECIES,HUMAN_OBSERVATION,2025-03-06T16:01:29,2025,-69.128639,18.971838,5,50c9509d-22c7-4a22-a47d-8c48425ef4a7,iNaturalist,Observations,08,02,MICHES,080802,874cf33aeffffff
https://www.inaturalist.org/observations/264150316,5087532701,Ceiba pentandra,Ceiba pentandra (L.) Gaertn.,Malvaceae,Ceiba,SPECIES,HUMAN_OBSERVATION,2025-03-06T16:32:09,2025,-69.124344,18.972253,8,50c9509d-22c7-4a22-a47d-8c48425ef4a7,iNaturalist,Observations,08,02,MICHES,080802,874cf33aeffffff
https://www.inaturalist.org/observations/264288667,5087582196,Miconia impetiolaris,Miconia impetiolaris (Sw.) D.Don,Melastomataceae,Miconia,SPECIES,HUMAN_OBSERVATION,2025-03-07T09:07:51,2025,-69.123328,18.97733,4,50c9509d-22c7-4a22-a47d-8c48425ef4a7,iNaturalist,Observations,08,02,MICHES,080802,874cf33aeffffff
https://www.inaturalist.org/observations/264293633,5087561277,Hyptis capitata,Hyptis capitata Jacq.,Lamiaceae,Hyptis,SPECIES,HUMAN_OBSERVATION,2025-03-07T09:11:34,2025,-69.123772,18.97293,4,50c9509d-22c7-4a22-a47d-8c48425ef4a7,iNaturalist,Observations,08,02,MICHES,080802,874cf33aeffffff
https://www.inaturalist.org/observations/264315485,5087569197,Urera baccifera,Urera baccifera (L.) Gaudich.,Urticaceae,Urera,SPECIES,HUMAN_OBSERVATION,2025-03-07T11:39:46,2025,-69.127792,18.966622,4,50c9509d-22c7-4a22-a47d-8c48425ef4a7,iNaturalist,Observations,08,02,MICHES,080802,874cf33aaffffff
https://www.inaturalist.org/observations/264555667,5087740038,Sagittaria lancifolia,Sagittaria lancifolia subsp. lancifolia,Alismataceae,Sagittaria,SUBSPECIES,HUMAN_OBSERVATION,2025-03-08T15:20:48,2025,-68.969437,19.015681,3,50c9509d-22c7-4a22-a47d-8c48425ef4a7,iNaturalist,Observations,08,02,MICHES,080802,874cf332cffffff
https://www.inaturalist.org/observations/294474910,5216165224,Leonotis nepetifolia,Leonotis nepetifolia (L.) R.Br.,Lamiaceae,Leonotis,SPECIES,HUMAN_OBSERVATION,2025-07-01T15:41:04,2025,-68.869155,18.9827,4,50c9509d-22c7-4a22-a47d-8c48425ef4a7,iNaturalist,Observations,08,02,MICHES,080802,874cf3acbffffff
https://www.inaturalist.org/observations/327013449,5897535089,Stachytarpheta cayennensis,Stachytarpheta cayennensis (Rich.) Vahl,Verbenaceae,Stachytarpheta,SPECIES,HUMAN_OBSERVATION,2025-11-17T16:42:21,2025,-68.977325,19.025295,14,50c9509d-22c7-4a22-a47d-8c48425ef4a7,iNaturalist,Observations,08,02,MICHES,080802,874cf332cffffff
https://www.inaturalist.org/observations/327013723,5897735972,Cocos nucifera,Cocos nucifera L.,Arecaceae,Cocos,SPECIES,HUMAN_OBSERVATION,2025-11-17T16:05:23,2025,-68.976813,19.026458,25,50c9509d-22c7-4a22-a47d-8c48425ef4a7,iNaturalist,Observations,08,02,MICHES,080802,874cf332cffffff
https://www.inaturalist.org/observations/327014086,6422086828,Fimbristylis cymosa,Fimbristylis cymosa R.Br.,Cyperaceae,Fimbristylis,SPECIES,HUMAN_OBSERVATION,2025-11-17T16:01:07,2025,-68.976805,19.02637,3,50c9509d-22c7-4a22-a47d-8c48425ef4a7,iNaturalist,Observations,08,02,MICHES,080802,874cf332cffffff
https://www.inaturalist.org/observations/327014306,5897373726,Bacopa monnieri,Bacopa monnieri (L.) Pennell,Plantaginaceae,Bacopa,SPECIES,HUMAN_OBSERVATION,2025-11-17T16:00:35,2025,-68.97683,19.026353,10,50c9509d-22c7-4a22-a47d-8c48425ef4a7,iNaturalist,Observations,08,02,MICHES,080802,874cf332cffffff
https://www.inaturalist.org/observations/327016720,5897813892,Morinda citrifolia,Morinda citrifolia L.,Rubiaceae,Morinda,SPECIES,HUMAN_OBSERVATION,2025-11-17T17:29:24,2025,-68.97625,19.025581,6,50c9509d-22c7-4a22-a47d-8c48425ef4a7,iNaturalist,Observations,08,02,MICHES,080802,874cf332cffffff
https://www.inaturalist.org/observations/327039500,5897667524,Mimosa pudica,Mimosa pudica L.,Fabaceae,Mimosa,SPECIES,HUMAN_OBSERVATION,2025-11-17T17:29:41,2025,-68.976228,19.025578,7,50c9509d-22c7-4a22-a47d-8c48425ef4a7,iNaturalist,Observations,08,02,MICHES,080802,874cf332cffffff
https://www.inaturalist.org/observations/327039642,5897640361,Leucaena leucocephala,Leucaena leucocephala (Lam.) de Wit,Fabaceae,Leucaena,SPECIES,HUMAN_OBSERVATION,2025-11-17T17:29:08,2025,-68.976263,19.0256,6,50c9509d-22c7-4a22-a47d-8c48425ef4a7,iNaturalist,Observations,08,02,MICHES,080802,874cf332cffffff
https://www.inaturalist.org/observations/327097337,5897605761,Mimosa pudica,Mimosa pudica L.,Fabaceae,Mimosa,SPECIES,HUMAN_OBSERVATION,2025-11-18T06:55:24,2025,-68.975113,19.02475,4,50c9509d-22c7-4a22-a47d-8c48425ef4a7,iNaturalist,Observations,08,02,MICHES,080802,874cf332cffffff
https://www.inaturalist.org/observations/327097783,5897558806,Ipomoea indica,Ipomoea indica (Burm.) Merr.,Convolvulaceae,Ipomoea,SPECIES,HUMAN_OBSERVATION,2025-11-18T07:33:44,2025,-68.9758,19.025339,11,50c9509d-22c7-4a22-a47d-8c48425ef4a7,iNaturalist,Observations,08,02,MICHES,080802,874cf332cffffff
https://www.inaturalist.org/observations/327122030,5897435703,Urena lobata,Urena lobata L.,Malvaceae,Urena,SPECIES,HUMAN_OBSERVATION,2025-11-18T09:49:08,2025,-68.973817,19.015217,4,50c9509d-22c7-4a22-a47d-8c48425ef4a7,iNaturalist,Observations,08,02,MICHES,080802,874cf332cffffff
https://www.inaturalist.org/observations/327931698,5903994058,Morinda citrifolia,Morinda citrifolia L.,Rubiaceae,Morinda,SPECIES,HUMAN_OBSERVATION,2025-11-23T16:52:31,2025,-68.986895,19.013841,42,50c9509d-22c7-4a22-a47d-8c48425ef4a7,iNaturalist,Observations,08,02,MICHES,080802,874cf332effffff
https://www.inaturalist.org/observations/328535212,6399951326,Manicaria saccifera,Manicaria saccifera Gaertn.,Arecaceae,Manicaria,SPECIES,HUMAN_OBSERVATION,2025-11-27T17:13:04,2025,-69.001291,19.016563,9,50c9509d-22c7-4a22-a47d-8c48425ef4a7,iNaturalist,Observations,08,02,MICHES,080802,874cf3305ffffff
https://www.inaturalist.org/observations/328538671,5909136198,Ipomoea imperati,Ipomoea imperati (Vahl) Griseb.,Convolvulaceae,Ipomoea,SPECIES,HUMAN_OBSERVATION,2025-11-27T17:40:39,2025,-68.992212,19.01426,5,50c9509d-22c7-4a22-a47d-8c48425ef4a7,iNaturalist,Observations,08,02,MICHES,080802,874cf332effffff
https://www.inaturalist.org/observations/328756269,5908749946,Coccoloba uvifera,Coccoloba uvifera (L.) L.,Polygonaceae,Coccoloba,SPECIES,HUMAN_OBSERVATION,2025-11-29T09:34:15,2025,-69.003352,19.018044,3,50c9509d-22c7-4a22-a47d-8c48425ef4a7,iNaturalist,Observations,08,02,MICHES,080802,874cf3305ffffff
https://www.inaturalist.org/observations/328905240,5909312739,Cocos nucifera,Cocos nucifera L.,Arecaceae,Cocos,SPECIES,HUMAN_OBSERVATION,2025-11-29T16:33:55,2025,-68.992891,19.014196,7,50c9509d-22c7-4a22-a47d-8c48425ef4a7,iNaturalist,Observations,08,02,MICHES,080802,874cf332effffff
https://www.inaturalist.org/observations/328905259,5932291629,Chrysobalanus icaco,Chrysobalanus icaco L.,Chrysobalanaceae,Chrysobalanus,SPECIES,HUMAN_OBSERVATION,2025-11-29T16:29:58,2025,-68.9938,19.014063,98,50c9509d-22c7-4a22-a47d-8c48425ef4a7,iNaturalist,Observations,08,02,MICHES,080802,874cf332effffff
https://www.inaturalist.org/observations/328905266,5909213636,Coccoloba uvifera,Coccoloba uvifera (L.) L.,Polygonaceae,Coccoloba,SPECIES,HUMAN_OBSERVATION,2025-11-29T16:29:14,2025,-68.993795,19.01406,75,50c9509d-22c7-4a22-a47d-8c48425ef4a7,iNaturalist,Observations,08,02,MICHES,080802,874cf332effffff
https://www.inaturalist.org/observations/328962869,5908879511,Cocos nucifera,Cocos nucifera L.,Arecaceae,Cocos,SPECIES,HUMAN_OBSERVATION,2025-11-30T16:04:14,2025,-69.006833,19.017521,129,50c9509d-22c7-4a22-a47d-8c48425ef4a7,iNaturalist,Observations,08,02,MICHES,080802,874cf3305ffffff
https://www.inaturalist.org/observations/328969170,5908975506,Cuphea hyssopifolia,Cuphea hyssopifolia Kunth,Lythraceae,Cuphea,SPECIES,HUMAN_OBSERVATION,2025-11-30T16:10:12,2025,-69.003308,19.016848,5,50c9509d-22c7-4a22-a47d-8c48425ef4a7,iNaturalist,Observations,08,02,MICHES,080802,874cf3305ffffff
https://www.inaturalist.org/observations/329137593,5908868150,Ipomoea pes-caprae,Ipomoea pes-caprae (L.) R.Br.,Convolvulaceae,Ipomoea,SPECIES,HUMAN_OBSERVATION,2025-11-30T16:56:22,2025,-69.001497,19.016351,62,50c9509d-22c7-4a22-a47d-8c48425ef4a7,iNaturalist,Observations,08,02,MICHES,080802,874cf3305ffffff
https://www.inaturalist.org/observations/329137602,6400024169,Manicaria saccifera,Manicaria saccifera Gaertn.,Arecaceae,Manicaria,SPECIES,HUMAN_OBSERVATION,2025-11-30T16:40:49,2025,-69.00092,19.016118,70,50c9509d-22c7-4a22-a47d-8c48425ef4a7,iNaturalist,Observations,08,02,MICHES,080802,874cf3305ffffff
https://www.inaturalist.org/observations/329137639,5909177727,Coccoloba uvifera,Coccoloba uvifera (L.) L.,Polygonaceae,Coccoloba,SPECIES,HUMAN_OBSERVATION,2025-11-30T16:09:54,2025,-69.006533,19.017531,15,50c9509d-22c7-4a22-a47d-8c48425ef4a7,iNaturalist,Observations,08,02,MICHES,080802,874cf3305ffffff
https://www.inaturalist.org/observations/329137663,5909305161,Vigna luteola,Vigna luteola (Jacq.) Benth.,Fabaceae,Vigna,SPECIES,HUMAN_OBSERVATION,2025-11-30T16:06:51,2025,-69.006533,19.017531,15,50c9509d-22c7-4a22-a47d-8c48425ef4a7,iNaturalist,Observations,08,02,MICHES,080802,874cf3305ffffff
https://www.inaturalist.org/observations/329252770,5908674555,Rhizophora mangle,Rhizophora mangle L.,Rhizophoraceae,Rhizophora,SPECIES,HUMAN_OBSERVATION,2025-12-02T17:02:12,2025,-68.986085,19.014362,14,50c9509d-22c7-4a22-a47d-8c48425ef4a7,iNaturalist,Observations,08,02,MICHES,080802,874cf332effffff
https://www.inaturalist.org/observations/330230165,5932271969,Cocos nucifera,Cocos nucifera L.,Arecaceae,Cocos,SPECIES,HUMAN_OBSERVATION,2025-12-10T10:56:49,2025,-68.99884,19.015242,152,50c9509d-22c7-4a22-a47d-8c48425ef4a7,iNaturalist,Observations,08,02,MICHES,080802,874cf332effffff
https://www.inaturalist.org/observations/330986385,5935932229,Canna indica,Canna indica L.,Cannaceae,Canna,SPECIES,HUMAN_OBSERVATION,2022-09-03T10:25,2022,-68.786285,18.96287,NA,50c9509d-22c7-4a22-a47d-8c48425ef4a7,iNaturalist,Observations,08,02,MICHES,080802,874cc6d80ffffff
https://www.inaturalist.org/observations/339934591,6179472150,Ipomoea tiliacea,Ipomoea tiliacea (Willd.) Choisy,Convolvulaceae,Ipomoea,SPECIES,HUMAN_OBSERVATION,2026-02-23T11:09:30,2026,-68.989303,18.989983,6,50c9509d-22c7-4a22-a47d-8c48425ef4a7,iNaturalist,Observations,08,02,MICHES,080802,874cf330cffffff
https://www.inaturalist.org/observations/340439515,6171045668,Ipomoea indica,Ipomoea indica (Burm.) Merr.,Convolvulaceae,Ipomoea,SPECIES,HUMAN_OBSERVATION,2026-02-27T09:27:40,2026,-69.002899,18.988993,5,50c9509d-22c7-4a22-a47d-8c48425ef4a7,iNaturalist,Observations,08,02,MICHES,080802,874cf3301ffffff
https://www.inaturalist.org/observations/340439794,6171255076,Mimosa pudica,Mimosa pudica L.,Fabaceae,Mimosa,SPECIES,HUMAN_OBSERVATION,2026-02-27T09:29:57,2026,-69.002765,18.988816,60,50c9509d-22c7-4a22-a47d-8c48425ef4a7,iNaturalist,Observations,08,02,MICHES,080802,874cf3301ffffff
https://www.inaturalist.org/observations/340440831,6171030807,Urena lobata,Urena lobata L.,Malvaceae,Urena,SPECIES,HUMAN_OBSERVATION,2026-02-27T09:40:29,2026,-69.002472,18.988126,40,50c9509d-22c7-4a22-a47d-8c48425ef4a7,iNaturalist,Observations,08,02,MICHES,080802,874cf3301ffffff
https://www.inaturalist.org/observations/340440941,6171279017,Urena lobata,Urena lobata L.,Malvaceae,Urena,SPECIES,HUMAN_OBSERVATION,2026-02-27T09:41:16,2026,-69.002419,18.988171,2,50c9509d-22c7-4a22-a47d-8c48425ef4a7,iNaturalist,Observations,08,02,MICHES,080802,874cf3301ffffff
https://www.inaturalist.org/observations/340441817,6171096125,Macroptilium lathyroides,Macroptilium lathyroides (L.) Urb.,Fabaceae,Macroptilium,SPECIES,HUMAN_OBSERVATION,2026-02-27T09:49:42,2026,-69.002228,18.986452,3,50c9509d-22c7-4a22-a47d-8c48425ef4a7,iNaturalist,Observations,08,02,MICHES,080802,874cf330cffffff
https://www.inaturalist.org/observations/356255283,6252140492,Cyperus ligularis,Cyperus ligularis L.,Cyperaceae,Cyperus,SPECIES,HUMAN_OBSERVATION,2026-04-28T13:19:57,2026,-69.010208,19.007356,4,50c9509d-22c7-4a22-a47d-8c48425ef4a7,iNaturalist,Observations,08,02,MICHES,080802,874cf3305ffffff
https://www.inaturalist.org/observations/356255704,6252129048,Sphagneticola trilobata,Sphagneticola trilobata (L.) Pruski,Asteraceae,Sphagneticola,SPECIES,HUMAN_OBSERVATION,2026-04-28T14:55:11,2026,-69.003272,19.002169,5,50c9509d-22c7-4a22-a47d-8c48425ef4a7,iNaturalist,Observations,08,02,MICHES,080802,874cf332affffff
https://www.inaturalist.org/observations/356255809,6252638769,Coccoloba uvifera,Coccoloba uvifera (L.) L.,Polygonaceae,Coccoloba,SPECIES,HUMAN_OBSERVATION,2026-04-28T14:59:42,2026,-69.003417,19.001833,3,50c9509d-22c7-4a22-a47d-8c48425ef4a7,iNaturalist,Observations,08,02,MICHES,080802,874cf332affffff
https://www.inaturalist.org/observations/356255915,6252093116,Coccoloba uvifera,Coccoloba uvifera (L.) L.,Polygonaceae,Coccoloba,SPECIES,HUMAN_OBSERVATION,2026-04-28T15:25:46,2026,-69.002831,19.000958,3,50c9509d-22c7-4a22-a47d-8c48425ef4a7,iNaturalist,Observations,08,02,MICHES,080802,874cf332affffff
https://www.inaturalist.org/observations/356256824,6252025743,Cocos nucifera,Cocos nucifera L.,Arecaceae,Cocos,SPECIES,HUMAN_OBSERVATION,2026-04-28T15:37:09,2026,-69.003381,19.001847,3,50c9509d-22c7-4a22-a47d-8c48425ef4a7,iNaturalist,Observations,08,02,MICHES,080802,874cf332affffff
https://www.inaturalist.org/observations/356679845,6251838336,Solanum capsicoides,Solanum capsicoides All.,Solanaceae,Solanum,SPECIES,HUMAN_OBSERVATION,2026-04-14T17:37:18,2026,-68.887992,18.950883,4,50c9509d-22c7-4a22-a47d-8c48425ef4a7,iNaturalist,Observations,08,02,MICHES,080802,874cf3363ffffff
https://www.inaturalist.org/observations/356680046,6252113370,Ipomoea tiliacea,Ipomoea tiliacea (Willd.) Choisy,Convolvulaceae,Ipomoea,SPECIES,HUMAN_OBSERVATION,2026-04-14T18:02:55,2026,-68.889497,18.959403,6,50c9509d-22c7-4a22-a47d-8c48425ef4a7,iNaturalist,Observations,08,02,MICHES,080802,874cf3360ffffff
https://www.inaturalist.org/observations/357351339,6253252201,Rhizophora mangle,Rhizophora mangle L.,Rhizophoraceae,Rhizophora,SPECIES,HUMAN_OBSERVATION,2026-04-29T08:41:36,2026,-69.009292,19.006856,4,50c9509d-22c7-4a22-a47d-8c48425ef4a7,iNaturalist,Observations,08,02,MICHES,080802,874cf3305ffffff
https://www.inaturalist.org/observations/357355475,6252363287,Thunbergia alata,Thunbergia alata Bojer ex Sims,Acanthaceae,Thunbergia,SPECIES,HUMAN_OBSERVATION,2026-04-14T18:06:48,2026,-68.888611,18.960033,NA,50c9509d-22c7-4a22-a47d-8c48425ef4a7,iNaturalist,Observations,08,02,MICHES,080802,874cf3360ffffff
https://www.inaturalist.org/observations/357357320,6252803165,Scaevola taccada,Scaevola taccada (Gaertn.) Roxb.,Goodeniaceae,Scaevola,SPECIES,HUMAN_OBSERVATION,2026-04-29T08:46:32,2026,-69.009742,19.007125,8,50c9509d-22c7-4a22-a47d-8c48425ef4a7,iNaturalist,Observations,08,02,MICHES,080802,874cf3305ffffff
https://www.inaturalist.org/observations/357716353,6252935823,Spathoglottis plicata,Spathoglottis plicata Blume,Orchidaceae,Spathoglottis,SPECIES,HUMAN_OBSERVATION,2026-05-02T18:25:23,2026,-69.014144,19.012356,3,50c9509d-22c7-4a22-a47d-8c48425ef4a7,iNaturalist,Observations,08,02,MICHES,080802,874cf3305ffffff
https://www.inaturalist.org/observations/357716428,6252391049,Bletia patula,Bletia patula Hook.,Orchidaceae,Bletia,SPECIES,HUMAN_OBSERVATION,2026-05-02T17:58:58,2026,-69.014008,19.011672,22,50c9509d-22c7-4a22-a47d-8c48425ef4a7,iNaturalist,Observations,08,02,MICHES,080802,874cf3305ffffff
https://www.inaturalist.org/observations/358169996,6252573958,Bidens alba,Bidens alba (L.) DC.,Asteraceae,Bidens,SPECIES,HUMAN_OBSERVATION,2026-05-03T17:30,2026,-68.990683,19.012697,28,50c9509d-22c7-4a22-a47d-8c48425ef4a7,iNaturalist,Observations,08,02,MICHES,080802,874cf332effffff
https://www.inaturalist.org/observations/358170074,6251470021,Phyla nodiflora,Phyla nodiflora (L.) Greene,Verbenaceae,Phyla,SPECIES,HUMAN_OBSERVATION,2026-05-03T16:31,2026,-68.991347,19.013242,11,50c9509d-22c7-4a22-a47d-8c48425ef4a7,iNaturalist,Observations,08,02,MICHES,080802,874cf332effffff
https://www.inaturalist.org/observations/358171298,6252597750,Sphagneticola trilobata,Sphagneticola trilobata (L.) Pruski,Asteraceae,Sphagneticola,SPECIES,HUMAN_OBSERVATION,2026-05-03T17:35,2026,-68.98867,19.012731,4,50c9509d-22c7-4a22-a47d-8c48425ef4a7,iNaturalist,Observations,08,02,MICHES,080802,874cf332effffff
https://www.inaturalist.org/observations/358171560,6252651063,Centrosema virginianum,Centrosema virginianum (L.) Benth.,Fabaceae,Centrosema,SPECIES,HUMAN_OBSERVATION,2026-05-03T16:36,2026,-68.989747,19.012622,4,50c9509d-22c7-4a22-a47d-8c48425ef4a7,iNaturalist,Observations,08,02,MICHES,080802,874cf332effffff
https://www.inaturalist.org/observations/358828652,6273859995,Ipomoea pes-caprae,Ipomoea pes-caprae (L.) R.Br.,Convolvulaceae,Ipomoea,SPECIES,HUMAN_OBSERVATION,2026-05-05T18:13,2026,-68.99212,19.013772,10,50c9509d-22c7-4a22-a47d-8c48425ef4a7,iNaturalist,Observations,08,02,MICHES,080802,874cf332effffff
https://www.inaturalist.org/observations/359362125,6273869063,Gynandropsis gynandra,Cleome gynandra L.,Cleomaceae,Gynandropsis,SPECIES,HUMAN_OBSERVATION,2026-05-07T18:39:48,2026,-68.88588,18.95792,NA,50c9509d-22c7-4a22-a47d-8c48425ef4a7,iNaturalist,Observations,08,02,MICHES,080802,874cf3360ffffff
https://www.inaturalist.org/observations/363728605,6333998507,Chrysobalanus icaco,Chrysobalanus icaco L.,Chrysobalanaceae,Chrysobalanus,SPECIES,HUMAN_OBSERVATION,2026-01-08T08:06:54,2026,-69.0062,19.005484,4,50c9509d-22c7-4a22-a47d-8c48425ef4a7,iNaturalist,Observations,08,02,MICHES,080802,874cf3305ffffff
https://www.inaturalist.org/observations/363728662,6334350706,Chrysobalanus icaco,Chrysobalanus icaco L.,Chrysobalanaceae,Chrysobalanus,SPECIES,HUMAN_OBSERVATION,2026-01-08T08:06:37,2026,-69.006028,19.005247,14,50c9509d-22c7-4a22-a47d-8c48425ef4a7,iNaturalist,Observations,08,02,MICHES,080802,874cf3305ffffff
https://www.inaturalist.org/observations/363728729,6334090334,Cassytha filiformis,Cassytha filiformis L.,Lauraceae,Cassytha,SPECIES,HUMAN_OBSERVATION,2026-01-08T08:10:45,2026,-69.006078,19.005307,16,50c9509d-22c7-4a22-a47d-8c48425ef4a7,iNaturalist,Observations,08,02,MICHES,080802,874cf3305ffffff
https://www.inaturalist.org/observations/363728801,6334518669,Rhizophora mangle,Rhizophora mangle L.,Rhizophoraceae,Rhizophora,SPECIES,HUMAN_OBSERVATION,2026-01-08T12:22:38,2026,-69.009271,19.006804,9,50c9509d-22c7-4a22-a47d-8c48425ef4a7,iNaturalist,Observations,08,02,MICHES,080802,874cf3305ffffff
https://www.inaturalist.org/observations/363728864,6334594436,Sesuvium portulacastrum,Sesuvium portulacastrum (L.) L.,Aizoaceae,Sesuvium,SPECIES,HUMAN_OBSERVATION,2026-01-08T12:22:52,2026,-69.00934,19.006867,3,50c9509d-22c7-4a22-a47d-8c48425ef4a7,iNaturalist,Observations,08,02,MICHES,080802,874cf3305ffffff
https://www.inaturalist.org/observations/36755875,2529268894,Coccoloba uvifera,Coccoloba uvifera (L.) L.,Polygonaceae,Coccoloba,SPECIES,HUMAN_OBSERVATION,2019-12-17T13:28:26Z,2019,-69.009492,19.015703,65,50c9509d-22c7-4a22-a47d-8c48425ef4a7,iNaturalist,Observations,08,02,MICHES,080802,874cf3305ffffff
https://www.inaturalist.org/observations/36803985,2540767693,Duranta erecta,Duranta erecta L.,Verbenaceae,Duranta,SPECIES,HUMAN_OBSERVATION,2019-12-20T11:13:18Z,2019,-68.916817,18.98237,165,50c9509d-22c7-4a22-a47d-8c48425ef4a7,iNaturalist,Observations,08,02,MICHES,080802,874cf3adbffffff
https://www.inaturalist.org/observations/67933045,3966514341,Solanum mammosum,Solanum mammosum L.,Solanaceae,Solanum,SPECIES,HUMAN_OBSERVATION,2021-01-01T13:10:19Z,2021,-68.880775,18.932638,NA,50c9509d-22c7-4a22-a47d-8c48425ef4a7,iNaturalist,Observations,08,02,MICHES,080802,874cf3345ffffff
https://www.inaturalist.org/observations/68432107,5892847789,Alsidium triquetrum,"Alsidium triquetrum (S.G. Gmelin) Trevisan, 1845",Rhodomelaceae,Alsidium,SPECIES,HUMAN_OBSERVATION,2021-01-17T07:18:29Z,2021,-68.879622,19.001472,10,50c9509d-22c7-4a22-a47d-8c48425ef4a7,iNaturalist,Observations,08,02,MICHES,080802,874cf3acaffffff
https://www.inaturalist.org/observations/99479744,3398883254,Ruellia tuberosa,Ruellia tuberosa L.,Acanthaceae,Ruellia,SPECIES,HUMAN_OBSERVATION,2021-10-11T15:49,2021,-68.87281,18.993776,NA,50c9509d-22c7-4a22-a47d-8c48425ef4a7,iNaturalist,Observations,08,02,MICHES,080802,874cf3acaffffff
o-1012309121,3949472856,Ipomoea imperati,Ipomoea imperati (Vahl) Griseb.,Convolvulaceae,Ipomoea,SPECIES,HUMAN_OBSERVATION,2021-11-14T10:03:07Z,2021,-69.042817,18.981593,NA,7a3679ef-5582-4aaa-81f0-8c2545cafc81,,,08,02,MICHES,080802,874cf331cffffff
o-1012309130,3949344927,Tillandsia utriculata,Tillandsia utriculata L.,Bromeliaceae,Tillandsia,SPECIES,HUMAN_OBSERVATION,2021-11-14T10:14:22Z,2021,-69.005491,18.992142,NA,7a3679ef-5582-4aaa-81f0-8c2545cafc81,,,08,02,MICHES,080802,874cf3301ffffff
o-1012309134,3949833995,Cocos nucifera,Cocos nucifera L.,Arecaceae,Cocos,SPECIES,HUMAN_OBSERVATION,2021-11-14T10:41:58Z,2021,-69.005507,18.99216,NA,7a3679ef-5582-4aaa-81f0-8c2545cafc81,,,08,02,MICHES,080802,874cf3301ffffff
o-1013741971,3948995865,Chrysobalanus icaco,Chrysobalanus icaco L.,Chrysobalanaceae,Chrysobalanus,SPECIES,HUMAN_OBSERVATION,2022-05-29T11:36:55Z,2022,-69.013012,18.971372,NA,7a3679ef-5582-4aaa-81f0-8c2545cafc81,,,08,02,MICHES,080802,874cf330effffff
o-1023988422,5110337786,Ipomoea pes-caprae,Ipomoea pes-caprae (L.) R.Br.,Convolvulaceae,Ipomoea,SPECIES,HUMAN_OBSERVATION,2024-08-04T12:38:44Z,2024,-69.012511,19.014558,NA,7a3679ef-5582-4aaa-81f0-8c2545cafc81,,,08,02,MICHES,080802,874cf3305ffffff
o-1025733153,5110373020,Codiaeum variegatum,Codiaeum variegatum (L.) Rumph. ex A.Juss.,Euphorbiaceae,Codiaeum,SPECIES,HUMAN_OBSERVATION,2025-02-15T21:40:45Z,2025,-69.006408,18.991502,42,7a3679ef-5582-4aaa-81f0-8c2545cafc81,,,08,02,MICHES,080802,874cf3301ffffff
o-1025925631,5110331067,Chrysobalanus icaco,Chrysobalanus icaco L.,Chrysobalanaceae,Chrysobalanus,SPECIES,HUMAN_OBSERVATION,2025-03-08T07:42:09Z,2025,-69.009636,19.014886,5,7a3679ef-5582-4aaa-81f0-8c2545cafc81,,,08,02,MICHES,080802,874cf3305ffffff
pbdb:occ:331775,1698271039,Calyptranthes Sw.,Calyptranthes Sw.,Myrtaceae,Myrcia,GENUS,MATERIAL_CITATION,,NA,-69,19,NA,bb5b30b4-827e-4d5e-a86a-825d65cb6583,PBDB,31230,08,02,MICHES,080802,874cf332affffff
pbdb:occ:331783,1698271137,"Poacites Schlotheim ex A.T. Brongniart, 1822","Poacites Schlotheim ex A.T. Brongniart, 1822",Sigillariaceae,Cyperites,GENUS,MATERIAL_CITATION,,NA,-69,19,NA,bb5b30b4-827e-4d5e-a86a-825d65cb6583,PBDB,31231,08,02,MICHES,080802,874cf332affffff
pbdb:occ:331785,1698271042,Inga Mill.,Inga Mill.,Fabaceae,Inga,GENUS,MATERIAL_CITATION,,NA,-69,19,NA,bb5b30b4-827e-4d5e-a86a-825d65cb6583,PBDB,31231,08,02,MICHES,080802,874cf332affffff
pbdb:occ:331787,1698271138,Sapindus L.,Sapindus L.,Sapindaceae,Sapindus,GENUS,MATERIAL_CITATION,,NA,-69,19,NA,bb5b30b4-827e-4d5e-a86a-825d65cb6583,PBDB,31231,08,02,MICHES,080802,874cf332affffff
pbdb:occ:331791,1698271108,Guettarda L.,Guettarda L.,Rubiaceae,Guettarda,GENUS,MATERIAL_CITATION,,NA,-69,19,NA,bb5b30b4-827e-4d5e-a86a-825d65cb6583,PBDB,31231,08,02,MICHES,080802,874cf332affffff
pbdb:occ:331792,1698271069,Inga Mill.,Inga Mill.,Fabaceae,Inga,GENUS,MATERIAL_CITATION,,NA,-69,19,NA,bb5b30b4-827e-4d5e-a86a-825d65cb6583,PBDB,31232,08,02,MICHES,080802,874cf332affffff
q-10097490361,3952487078,Crescentia cujete,Crescentia cujete L.,Bignoniaceae,Crescentia,SPECIES,HUMAN_OBSERVATION,2019-07-24T16:06:23.329Z,2019,-68.872993,18.99264,6,14d5676a-2c54-4f94-9023-1e8dcd822aa0,,,08,02,MICHES,080802,874cf3acbffffff
q-10119378360,3952686177,Bixa orellana,Bixa orellana L.,Bixaceae,Bixa,SPECIES,HUMAN_OBSERVATION,2019-10-28T23:22:36.368Z,2019,-68.914359,18.970228,NA,14d5676a-2c54-4f94-9023-1e8dcd822aa0,,,08,02,MICHES,080802,874cf3375ffffff
q-10130831733,3956325038,Terminalia catappa,Terminalia catappa L.,Combretaceae,Terminalia,SPECIES,HUMAN_OBSERVATION,2020-02-11T22:09:41.191Z,2020,-69.007622,19.012933,94,14d5676a-2c54-4f94-9023-1e8dcd822aa0,,,08,02,MICHES,080802,874cf3305ffffff
q-10244658081,3952313611,Morinda citrifolia,Morinda citrifolia L.,Rubiaceae,Morinda,SPECIES,HUMAN_OBSERVATION,2020-08-27T18:08:03.188Z,2020,-69.007579,19.013085,18,14d5676a-2c54-4f94-9023-1e8dcd822aa0,,,08,02,MICHES,080802,874cf3305ffffff
q-10251963352,3957664962,Achyranthes aspera,Achyranthes aspera L.,Amaranthaceae,Achyranthes,SPECIES,HUMAN_OBSERVATION,2020-09-10T16:59:18.487Z,2020,-68.872956,18.958708,200,14d5676a-2c54-4f94-9023-1e8dcd822aa0,,,08,02,MICHES,080802,874cf3361ffffff
q-10265141746,3959046196,Mimosa pudica,Mimosa pudica L.,Fabaceae,Mimosa,SPECIES,HUMAN_OBSERVATION,2020-10-07T21:00:57.453Z,2020,-68.997304,18.946278,18,14d5676a-2c54-4f94-9023-1e8dcd822aa0,,,08,02,MICHES,080802,874cf330bffffff
q-10277289042,3953886349,Sphagneticola trilobata,Sphagneticola trilobata (L.) Pruski,Asteraceae,Sphagneticola,SPECIES,HUMAN_OBSERVATION,2020-11-06T15:59:17.384Z,2020,-69.0403,18.987487,32,14d5676a-2c54-4f94-9023-1e8dcd822aa0,,,08,02,MICHES,080802,874cf331cffffff
q-10277290846,3958353223,Thespesia populnea,Thespesia populnea (L.) Sol. ex Corrêa,Malvaceae,Thespesia,SPECIES,HUMAN_OBSERVATION,2020-11-06T16:03:54.692Z,2020,-69.040385,18.987366,6,14d5676a-2c54-4f94-9023-1e8dcd822aa0,,,08,02,MICHES,080802,874cf331cffffff
q-10289437311,3958451398,Ruellia simplex,Ruellia simplex C.Wright,Acanthaceae,Ruellia,SPECIES,HUMAN_OBSERVATION,2020-12-25T18:34:48.854Z,2020,-69.009167,19.015278,NA,14d5676a-2c54-4f94-9023-1e8dcd822aa0,,,08,02,MICHES,080802,874cf3305ffffff
q-10293111819,3953012602,Mimosa pudica,Mimosa pudica L.,Fabaceae,Mimosa,SPECIES,HUMAN_OBSERVATION,2021-01-12T19:01:44.045Z,2021,-69.008848,19.012597,65,14d5676a-2c54-4f94-9023-1e8dcd822aa0,,,08,02,MICHES,080802,874cf3305ffffff
q-10293112094,3952601852,Mimosa pudica,Mimosa pudica L.,Fabaceae,Mimosa,SPECIES,HUMAN_OBSERVATION,2021-01-12T19:03:37.065Z,2021,-69.008596,19.012401,21,14d5676a-2c54-4f94-9023-1e8dcd822aa0,,,08,02,MICHES,080802,874cf3305ffffff
q-10399251128,3959972558,Coccoloba uvifera,Coccoloba uvifera (L.) L.,Polygonaceae,Coccoloba,SPECIES,HUMAN_OBSERVATION,2021-06-20T17:02:00.413Z,2021,-69.011658,19.014609,65,14d5676a-2c54-4f94-9023-1e8dcd822aa0,,,08,02,MICHES,080802,874cf3305ffffff
q-10404447351,3953450060,Citharexylum spinosum,Citharexylum spinosum L.,Verbenaceae,Citharexylum,SPECIES,HUMAN_OBSERVATION,2021-06-24T15:42:50.922Z,2021,-69.0075,19.013056,NA,14d5676a-2c54-4f94-9023-1e8dcd822aa0,,,08,02,MICHES,080802,874cf3305ffffff
q-10407093153,3957400074,Acalypha wilkesiana,Acalypha wilkesiana Müll.Arg.,Euphorbiaceae,Acalypha,SPECIES,HUMAN_OBSERVATION,2021-06-26T17:28:54.274Z,2021,-68.916819,18.982028,NA,14d5676a-2c54-4f94-9023-1e8dcd822aa0,,,08,02,MICHES,080802,874cf3adbffffff
q-10407094185,3959836415,Acalypha wilkesiana,Acalypha wilkesiana Müll.Arg.,Euphorbiaceae,Acalypha,SPECIES,HUMAN_OBSERVATION,2021-06-26T17:29:32.319Z,2021,-68.916819,18.982028,NA,14d5676a-2c54-4f94-9023-1e8dcd822aa0,,,08,02,MICHES,080802,874cf3adbffffff
q-10416904645,3956971170,Russelia equisetiformis,Russelia equisetiformis Schltdl. & Cham.,Plantaginaceae,Russelia,SPECIES,HUMAN_OBSERVATION,2021-07-04T14:41:31.301Z,2021,-69.009096,19.01564,65,14d5676a-2c54-4f94-9023-1e8dcd822aa0,,,08,02,MICHES,080802,874cf3305ffffff
q-10417131026,3953436400,Philodendron giganteum,Philodendron giganteum Schott,Araceae,Philodendron,SPECIES,HUMAN_OBSERVATION,2021-07-04T16:41:40.154Z,2021,-69.010345,19.01426,65,14d5676a-2c54-4f94-9023-1e8dcd822aa0,,,08,02,MICHES,080802,874cf3305ffffff
q-10422443351,3953652904,Morinda citrifolia,Morinda citrifolia L.,Rubiaceae,Morinda,SPECIES,HUMAN_OBSERVATION,2021-07-09T11:54:28.460Z,2021,-69.007728,19.012993,7,14d5676a-2c54-4f94-9023-1e8dcd822aa0,,,08,02,MICHES,080802,874cf3305ffffff
q-10423529829,3960236485,Morinda citrifolia,Morinda citrifolia L.,Rubiaceae,Morinda,SPECIES,HUMAN_OBSERVATION,2021-07-10T13:13:46.723Z,2021,-69.009166,19.014277,70,14d5676a-2c54-4f94-9023-1e8dcd822aa0,,,08,02,MICHES,080802,874cf3305ffffff
q-10446283950,3959186270,Xiphidium caeruleum,Xiphidium caeruleum Aubl.,Haemodoraceae,Xiphidium,SPECIES,HUMAN_OBSERVATION,2021-08-06T14:02:16.222Z,2021,-69.043795,18.979632,8,14d5676a-2c54-4f94-9023-1e8dcd822aa0,,,08,02,MICHES,080802,874cf331cffffff
q-10500576438,3957180573,Coccoloba uvifera,Coccoloba uvifera (L.) L.,Polygonaceae,Coccoloba,SPECIES,HUMAN_OBSERVATION,2021-10-31T13:59:51.714Z,2021,-69.011882,19.014828,16,14d5676a-2c54-4f94-9023-1e8dcd822aa0,,,08,02,MICHES,080802,874cf3305ffffff
q-10508093459,3956077897,Psychotria nervosa,Psychotria nervosa Sw.,Rubiaceae,Psychotria,SPECIES,HUMAN_OBSERVATION,2021-11-20T18:29:35.284Z,2021,-69.040954,18.980667,NA,14d5676a-2c54-4f94-9023-1e8dcd822aa0,,,08,02,MICHES,080802,874cf331cffffff
q-10510029675,3953887534,Coccoloba uvifera,Coccoloba uvifera (L.) L.,Polygonaceae,Coccoloba,SPECIES,HUMAN_OBSERVATION,2021-11-27T14:05:07.427Z,2021,-69.010027,19.015749,9,14d5676a-2c54-4f94-9023-1e8dcd822aa0,,,08,02,MICHES,080802,874cf3305ffffff
q-10510139368,3958259837,Clusia rosea,Clusia rosea Jacq.,Clusiaceae,Clusia,SPECIES,HUMAN_OBSERVATION,2021-11-27T20:37:35.266Z,2021,-69.011416,19.013765,10,14d5676a-2c54-4f94-9023-1e8dcd822aa0,,,08,02,MICHES,080802,874cf3305ffffff
q-10510834531,3957331537,Morinda citrifolia,Morinda citrifolia L.,Rubiaceae,Morinda,SPECIES,HUMAN_OBSERVATION,2021-11-30T13:38:01.031Z,2021,-69.00749,19.013127,29,14d5676a-2c54-4f94-9023-1e8dcd822aa0,,,08,02,MICHES,080802,874cf3305ffffff
q-10511735550,3952244295,Cajanus cajan,Cajanus cajan (L.) Huth,Fabaceae,Cajanus,SPECIES,HUMAN_OBSERVATION,2021-12-04T14:01:58.620Z,2021,-68.921212,18.980367,5,14d5676a-2c54-4f94-9023-1e8dcd822aa0,,,08,02,MICHES,080802,874cf3adbffffff
q-10532557106,3954240168,Coccoloba uvifera,Coccoloba uvifera (L.) L.,Polygonaceae,Coccoloba,SPECIES,HUMAN_OBSERVATION,2022-03-01T22:11:32.117Z,2022,-69.012231,19.014759,16,14d5676a-2c54-4f94-9023-1e8dcd822aa0,,,08,02,MICHES,080802,874cf3305ffffff
q-10536717128,3958504902,Spathodea campanulata,Spathodea campanulata Beauverd,Bignoniaceae,Spathodea,SPECIES,HUMAN_OBSERVATION,2022-03-13T19:44:58.546Z,2022,-69.116119,18.989933,5,14d5676a-2c54-4f94-9023-1e8dcd822aa0,,,08,02,MICHES,080802,874cf33a1ffffff
q-10649388822,3955496994,Coccoloba uvifera,Coccoloba uvifera (L.) L.,Polygonaceae,Coccoloba,SPECIES,HUMAN_OBSERVATION,2022-07-14T14:20:53.335Z,2022,-69.0102,19.015417,NA,14d5676a-2c54-4f94-9023-1e8dcd822aa0,,,08,02,MICHES,080802,874cf3305ffffff
q-10655811738,3954825440,Passiflora edulis,Passiflora edulis Sims,Passifloraceae,Passiflora,SPECIES,HUMAN_OBSERVATION,2022-07-23T02:34:43.739Z,2022,-68.913672,18.969317,5,14d5676a-2c54-4f94-9023-1e8dcd822aa0,,,08,02,MICHES,080802,874cf3375ffffff
q-10695543132,3998982719,Psychotria nervosa,Psychotria nervosa Sw.,Rubiaceae,Psychotria,SPECIES,HUMAN_OBSERVATION,2022-09-20T18:42:26.158Z,2022,-69.00405,18.992047,5,14d5676a-2c54-4f94-9023-1e8dcd822aa0,,,08,02,MICHES,080802,874cf3301ffffff
q-10696605456,3999211798,Hamelia patens,Hamelia patens Jacq.,Rubiaceae,Hamelia,SPECIES,HUMAN_OBSERVATION,2022-09-22T17:58:03.255Z,2022,-69.005203,18.99188,5,14d5676a-2c54-4f94-9023-1e8dcd822aa0,,,08,02,MICHES,080802,874cf3301ffffff
urn:PROECOMAR:HISPABIOTA:Almodóvar_Alvarez17,3909624765,Liagora ceranoides,Liagora ceranoides Lamouroux,Liagoraceae,Liagora,SPECIES,MATERIAL_CITATION,1977-07-11,1977,-69.02874,18.985265,NA,be02c483-3b01-4a78-93d0-9ba41c364828,,,08,02,MICHES,080802,874cf3303ffffff
urn:PROECOMAR:HISPABIOTA:Almodóvar_Alvarez19,3909624770,Liagoropsis schrammii,"Liagoropsis schrammii (P.L.Crouan & H.M.Crouan) Doty & I.A.Abbott, 1964",Liagoraceae,Liagoropsis,SPECIES,MATERIAL_CITATION,1977-07-11,1977,-69.02874,18.985265,NA,be02c483-3b01-4a78-93d0-9ba41c364828,,,08,02,MICHES,080802,874cf3303ffffff
urn:PROECOMAR:HISPABIOTA:Almodóvar_Alvarez30,3909624743,Enteromorpha intestinalis,Ulva intestinalis Linnaeus,Ulvaceae,Ulva,SPECIES,MATERIAL_CITATION,1977-07-11,1977,-69.02874,18.985265,NA,be02c483-3b01-4a78-93d0-9ba41c364828,,,08,02,MICHES,080802,874cf3303ffffff
urn:catalog:AADC:ADT:ADT-09358,79053286,Dicranella hilariana,Dicranella hilariana (Mont.) Mitt.,Dicranellaceae,Dicranella,SPECIES,PRESERVED_SPECIMEN,1981-03-28T00:00Z,1981,-69.083333,18.9,1000,82e45d26-f762-11e1-a439-00145eb45e9a,AADC,ADT,08,02,MICHES,080802,874cf3214ffffff
urn:catalog:JBRJ:RB:239415,1424033389,Miconia prasina,Miconia prasina (Sw.) DC.,Melastomataceae,Miconia,SPECIES,PRESERVED_SPECIMEN,1981-08-05,1981,-68.983333,18.966667,NA,4300f8d5-1ae5-49e5-a101-63894b005868,JBRJ,RB,08,02,MICHES,080802,874cf330dffffff
urn:catalog:MO:Tropicos:100170753,1257526675,Passiflora sexflora,Passiflora sexflora Juss.,Passifloraceae,Passiflora,SPECIES,PRESERVED_SPECIMEN,1982-01-15,1982,-68.983333,18.9,NA,e053ff53-c156-4e2e-b9b5-4462e9625424,K,Tropicos,08,02,MICHES,080802,874cf322cffffff
urn:catalog:MO:Tropicos:100230840,1257582937,Passiflora maliformis,Passiflora maliformis L.,Passifloraceae,Passiflora,SPECIES,PRESERVED_SPECIMEN,,NA,-69.05,18.983333,NA,e053ff53-c156-4e2e-b9b5-4462e9625424,US,Tropicos,08,02,MICHES,080802,874cf331cffffff
urn:catalog:MO:Tropicos:100276295,1257626844,Passiflora suberosa,Passiflora suberosa subsp. suberosa,Passifloraceae,Passiflora,SUBSPECIES,PRESERVED_SPECIMEN,1923-02-01,1923,-69.05,18.983333,NA,e053ff53-c156-4e2e-b9b5-4462e9625424,US,Tropicos,08,02,MICHES,080802,874cf331cffffff
urn:catalog:MO:Tropicos:100362893,1257711526,Gouania polygama,Gouania polygama (Jacq.) Urb.,Rhamnaceae,Gouania,SPECIES,PRESERVED_SPECIMEN,1923-11-16,1923,-69.05,18.98,NA,e053ff53-c156-4e2e-b9b5-4462e9625424,G,Tropicos,08,02,MICHES,080802,874cf331cffffff
urn:catalog:MO:Tropicos:101515100,4061918375,Dieffenbachia seguine,Dieffenbachia seguine (Jacq.) Schott,Araceae,Dieffenbachia,SPECIES,PRESERVED_SPECIMEN,1988-06-15,1988,-69.03333,18.91666,NA,e053ff53-c156-4e2e-b9b5-4462e9625424,JBSD,Tropicos,08,02,MICHES,080802,874cf3222ffffff
urn:catalog:MO:Tropicos:101515101,4031929383,Dieffenbachia seguine,Dieffenbachia seguine (Jacq.) Schott,Araceae,Dieffenbachia,SPECIES,PRESERVED_SPECIMEN,1988-06-15,1988,-69.03333,18.91666,NA,7bd65a7a-f762-11e1-a439-00145eb45e9a,MO,Tropicos,08,02,MICHES,080802,874cf3222ffffff
urn:catalog:MO:Tropicos:103286915,4062267466,Philodendron lingulatum,Philodendron lingulatum (L.) K.Koch,Araceae,Philodendron,SPECIES,PRESERVED_SPECIMEN,1985-08-09,1985,-69.033333,18.95,NA,7bd65a7a-f762-11e1-a439-00145eb45e9a,MO,Tropicos,08,02,MICHES,080802,874cf3319ffffff
urn:catalog:MO:Tropicos:103344922,4161611347,Pistia stratiotes,Pistia stratiotes L.,Araceae,Pistia,SPECIES,PRESERVED_SPECIMEN,1981-08-05,1981,-68.85,18.966667,NA,7bd65a7a-f762-11e1-a439-00145eb45e9a,MO,Tropicos,08,02,MICHES,080802,874cc6d96ffffff
urn:catalog:MO:Tropicos:105196582,6249938554,Callisia monandra,Callisia monandra (Sw.) Schult. & Schult.f.,Commelinaceae,Callisia,SPECIES,PRESERVED_SPECIMEN,1981-01-14,1981,-69.05,18.983333,NA,7bd65a7a-f762-11e1-a439-00145eb45e9a,MO,Tropicos,08,02,MICHES,080802,874cf331cffffff
urn:catalog:MO:Tropicos:155643,1258786292,Alchorneopsis floribunda,Alchorneopsis portoricensis Urb.,Euphorbiaceae,Alchorneopsis,SPECIES,PRESERVED_SPECIMEN,1988-06-15,1988,-69.03333,18.91666,NA,7bd65a7a-f762-11e1-a439-00145eb45e9a,MO,Tropicos,08,02,MICHES,080802,874cf3222ffffff
urn:catalog:MO:Tropicos:155650,1258786387,Manihot esculenta,Manihot utilissima Pohl,Euphorbiaceae,Manihot,SPECIES,PRESERVED_SPECIMEN,1988-06-15,1988,-69.03333,18.91666,NA,7bd65a7a-f762-11e1-a439-00145eb45e9a,MO,Tropicos,08,02,MICHES,080802,874cf3222ffffff
urn:catalog:MO:Tropicos:198896,1259257252,Marcgravia rectiflora,Marcgravia rectiflora Triana & Planch.,Marcgraviaceae,Marcgravia,SPECIES,PRESERVED_SPECIMEN,1988-06-15,1988,-69.03333,18.91666,NA,7bd65a7a-f762-11e1-a439-00145eb45e9a,MO,Tropicos,08,02,MICHES,080802,874cf3222ffffff
urn:catalog:MO:Tropicos:2324291,1259627058,Eleocharis elegans,Eleocharis elegans (Kunth) Roem. & Schult.,Cyperaceae,Eleocharis,SPECIES,PRESERVED_SPECIMEN,1981-01-14,1981,-69.13333,18.98333,NA,7bd65a7a-f762-11e1-a439-00145eb45e9a,MO,Tropicos,08,02,MICHES,080802,874cf33a3ffffff
urn:catalog:MO:Tropicos:2466047,1259782983,Calophyllum calaba,Calophyllum calaba L.,Calophyllaceae,Calophyllum,SPECIES,PRESERVED_SPECIMEN,1984-10-09,1984,-69,18.9,NA,7bd65a7a-f762-11e1-a439-00145eb45e9a,MO,Tropicos,08,02,MICHES,080802,874cf322effffff
urn:catalog:MO:Tropicos:2472840,1259790350,Casearia bicolor,Casearia bicolor Urb.,Salicaceae,Casearia,SPECIES,PRESERVED_SPECIMEN,1984-12-26,1984,-69.06666,18.96666,NA,7bd65a7a-f762-11e1-a439-00145eb45e9a,MO,Tropicos,08,02,MICHES,080802,874cf331affffff
urn:catalog:MO:Tropicos:258562,1259914985,Casearia arborea,Casearia arborea (Rich.) Urb.,Salicaceae,Casearia,SPECIES,PRESERVED_SPECIMEN,1988-06-15,1988,-69.03333,18.91666,NA,7bd65a7a-f762-11e1-a439-00145eb45e9a,MO,Tropicos,08,02,MICHES,080802,874cf3222ffffff
urn:catalog:MO:Tropicos:3115184,1260498780,Hymenachne amplexicaulis,Hymenachne amplexicaulis (Rudge) Nees,Poaceae,Hymenachne,SPECIES,PRESERVED_SPECIMEN,1980-12-18,1980,-68.86805,18.98472,NA,7bd65a7a-f762-11e1-a439-00145eb45e9a,MO,Tropicos,08,02,MICHES,080802,874cf3acbffffff
urn:catalog:MO:Tropicos:3407381,1260821373,Pavonia paludicola,Pavonia paludicola Nicolson ex Fryxell,Malvaceae,Pavonia,SPECIES,PRESERVED_SPECIMEN,1991-10-30,1991,-68.86666,18.96666,NA,7bd65a7a-f762-11e1-a439-00145eb45e9a,MO,Tropicos,08,02,MICHES,080802,874cf3365ffffff
urn:catalog:MO:Tropicos:354969,1260978496,Anthurium scandens,Anthurium scandens (Aubl.) Engl.,Araceae,Anthurium,SPECIES,PRESERVED_SPECIMEN,1988-06-15,1988,-69.033333,18.916667,NA,7bd65a7a-f762-11e1-a439-00145eb45e9a,MO,Tropicos,08,02,MICHES,080802,874cf3222ffffff
urn:catalog:MO:Tropicos:363286,1261061513,Dieffenbachia seguine,Dieffenbachia seguine (Jacq.) Schott,Araceae,Dieffenbachia,SPECIES,PRESERVED_SPECIMEN,1988-06-15,1988,-69.03333,18.91666,NA,e053ff53-c156-4e2e-b9b5-4462e9625424,K,Tropicos,08,02,MICHES,080802,874cf3222ffffff
urn:catalog:MO:Tropicos:363291,1261061519,Syngonium podophyllum,Syngonium podophyllum var. podophyllum,Araceae,Syngonium,VARIETY,PRESERVED_SPECIMEN,1988-06-15,1988,-69.033333,18.916667,NA,7bd65a7a-f762-11e1-a439-00145eb45e9a,MO,Tropicos,08,02,MICHES,080802,874cf3222ffffff
urn:catalog:MO:Tropicos:371108,1261069516,Anthurium crenatum,Anthurium crenatum (L.) Kunth,Araceae,Anthurium,SPECIES,PRESERVED_SPECIMEN,1988-06-15,1988,-69.033333,18.916667,NA,7bd65a7a-f762-11e1-a439-00145eb45e9a,MO,Tropicos,08,02,MICHES,080802,874cf3222ffffff
urn:catalog:MO:Tropicos:375701,1261074392,Anthurium crenatum,Anthurium crenatum (L.) Kunth,Araceae,Anthurium,SPECIES,PRESERVED_SPECIMEN,,NA,-69.01666,18.91666,NA,e053ff53-c156-4e2e-b9b5-4462e9625424,JBSD,Tropicos,08,02,MICHES,080802,874cf3220ffffff
urn:catalog:MO:Tropicos:40961,1261110153,Saccoloma chartaceum,Saccoloma chartaceum G.B.Nair,Saccolomataceae,Saccoloma,SPECIES,PRESERVED_SPECIMEN,1988-06-15,1988,-69.03333,18.91666,NA,7bd65a7a-f762-11e1-a439-00145eb45e9a,MO,Tropicos,08,02,MICHES,080802,874cf3222ffffff
urn:catalog:MO:Tropicos:40971,1261110276,Adiantum latifolium,Adiantum latifolium Lam.,Pteridaceae,Adiantum,SPECIES,PRESERVED_SPECIMEN,1988-06-15,1988,-69.03333,18.91666,NA,7bd65a7a-f762-11e1-a439-00145eb45e9a,MO,Tropicos,08,02,MICHES,080802,874cf3222ffffff
urn:catalog:MO:Tropicos:40981,1261110388,Asplenium serratum,Asplenium serratum L.,Aspleniaceae,Asplenium,SPECIES,PRESERVED_SPECIMEN,1988-06-15,1988,-69.033333,18.916667,NA,7bd65a7a-f762-11e1-a439-00145eb45e9a,MO,Tropicos,08,02,MICHES,080802,874cf3222ffffff
urn:catalog:MO:Tropicos:446263,1261149353,Stachytarpheta cayennensis,Stachytarpheta cayennensis (Rich.) Vahl,Verbenaceae,Stachytarpheta,SPECIES,PRESERVED_SPECIMEN,1988-06-15,1988,-69.03333,18.91666,NA,7bd65a7a-f762-11e1-a439-00145eb45e9a,MO,Tropicos,08,02,MICHES,080802,874cf3222ffffff
urn:catalog:MO:Tropicos:456558,1262239421,Solanum jamaicense,Solanum jamaicense Mill.,Solanaceae,Solanum,SPECIES,PRESERVED_SPECIMEN,1988-06-15,1988,-69.03333,18.91666,NA,7bd65a7a-f762-11e1-a439-00145eb45e9a,MO,Tropicos,08,02,MICHES,080802,874cf3222ffffff
urn:catalog:MO:Tropicos:456567,1262239428,Solanum capsicoides,Solanum capsicoides All.,Solanaceae,Solanum,SPECIES,PRESERVED_SPECIMEN,1988-06-15,1988,-69.03333,18.91666,NA,7bd65a7a-f762-11e1-a439-00145eb45e9a,MO,Tropicos,08,02,MICHES,080802,874cf3222ffffff
urn:catalog:MO:Tropicos:49218,1261198369,Nectandra membranacea,Nectandra membranacea (Sw.) Griseb.,Lauraceae,Nectandra,SPECIES,PRESERVED_SPECIMEN,1988-06-15,1988,-69.033333,18.916667,NA,7bd65a7a-f762-11e1-a439-00145eb45e9a,MO,Tropicos,08,02,MICHES,080802,874cf3222ffffff
urn:catalog:MO:Tropicos:506225,1261213678,Thunbergia alata,Thunbergia alata Bojer ex Sims,Acanthaceae,Thunbergia,SPECIES,PRESERVED_SPECIMEN,1988-06-15,1988,-69.03333,18.91666,NA,7bd65a7a-f762-11e1-a439-00145eb45e9a,MO,Tropicos,08,02,MICHES,080802,874cf3222ffffff
urn:catalog:MO:Tropicos:542897,1261253483,Palicourea brachiata,Palicourea brachiata (Sw.) Borhidi,Rubiaceae,Palicourea,SPECIES,PRESERVED_SPECIMEN,1988-06-15,1988,-69.033333,18.916667,NA,7bd65a7a-f762-11e1-a439-00145eb45e9a,MO,Tropicos,08,02,MICHES,080802,874cf3222ffffff
urn:catalog:MO:Tropicos:542905,1261253462,Palicourea crocea,Palicourea crocea (Sw.) Schult.,Rubiaceae,Palicourea,SPECIES,PRESERVED_SPECIMEN,1988-06-15,1988,-69.033333,18.916667,NA,7bd65a7a-f762-11e1-a439-00145eb45e9a,MO,Tropicos,08,02,MICHES,080802,874cf3222ffffff
urn:catalog:MO:Tropicos:542913,1261253506,Palicourea guianensis,Palicourea guianensis Aubl.,Rubiaceae,Palicourea,SPECIES,PRESERVED_SPECIMEN,1988-06-15,1988,-69.03333,18.91666,NA,7bd65a7a-f762-11e1-a439-00145eb45e9a,MO,Tropicos,08,02,MICHES,080802,874cf3222ffffff
urn:catalog:MO:Tropicos:626353,1261342764,Costus arabicus,Costus arabicus L.,Costaceae,Costus,SPECIES,PRESERVED_SPECIMEN,1988-06-15,1988,-69.03333,18.91666,NA,7bd65a7a-f762-11e1-a439-00145eb45e9a,MO,Tropicos,08,02,MICHES,080802,874cf3222ffffff
urn:catalog:MO:Tropicos:686836,1261403038,Piper L.,Piper L.,Piperaceae,Piper,GENUS,PRESERVED_SPECIMEN,1988-06-15,1988,-69.03333,18.91666,NA,7bd65a7a-f762-11e1-a439-00145eb45e9a,MO,Tropicos,08,02,MICHES,080802,874cf3222ffffff
urn:catalog:MO:Tropicos:69385,1261410668,Hirtella triandra,Hirtella triandra Sw.,Chrysobalanaceae,Hirtella,SPECIES,PRESERVED_SPECIMEN,1988-06-15,1988,-69.03333,18.91666,NA,7bd65a7a-f762-11e1-a439-00145eb45e9a,MO,Tropicos,08,02,MICHES,080802,874cf3222ffffff
urn:catalog:MO:Tropicos:740689,1261461358,Phytolacca rivinoides,Phytolacca rivinoides Kunth & Bouché,Phytolaccaceae,Phytolacca,SPECIES,PRESERVED_SPECIMEN,1988-06-15,1988,-69.03333,18.91666,NA,7bd65a7a-f762-11e1-a439-00145eb45e9a,MO,Tropicos,08,02,MICHES,080802,874cf3222ffffff
urn:catalog:MO:Tropicos:784539,1261507083,Philodendron ligulatum,Philodendron ligulatum Schott,Araceae,Philodendron,SPECIES,PRESERVED_SPECIMEN,1988-06-15,1988,-69.03333,18.91666,NA,7bd65a7a-f762-11e1-a439-00145eb45e9a,MO,Tropicos,08,02,MICHES,080802,874cf3222ffffff
